date,tickers
2020-07-27,"ACC,ACHC,ACIW,ACM,ADNT,AEO,AFG,AGCO,ALE,AM,AMCX,AMED,AMG,AN,ARW,ARWR,ASB,ASGN,ASH,ATGE,ATI,ATR,AVNS,AVNT,AVT,AXON,AYI,AZTA,BC,BCO,BDC,BFH,BHF,BJ,BKH,BLD,BLKB,BOH,BRO,BRX,BYD,CABO,CACI,CADE,CAR,CASY,CATY,CBRL,CBSH,CBT,CC,CCMP,CDAY,CDK,CDP,CFR,CGNX,CHDN,CHE,CHH,CHX,CIEN,CIT,CLGX,CLH,CLI,CMC,CMD,CMP,CNK,CNO,CNX,COHR,COLM,CONE,COR,CPT,CRI,CRL,CRS,CRUS,CSL,CTLT,CUZ,CVLT,CW,CXT,CXW,CZR,DAN,DAR,DCI,DECK,DEI,DINO,DKS,DLPH,DLX,DNKN,DOC,DY,EBS,EGP,EHC,EME,ENOV,ENPH,ENR,ENS,EPC,EPR,EQT,ESNT,ETRN,ETSY,EV,EVR,EWBC,EXE,EXEL,EXP,FAF,FCFS,FCN,FDS,FFIN,FHI,FHN,FICO,FIVE,FL,FLG,FLO,FLR,FNB,FR,FSLR,FULT,GAP,GATX,GBCI,GEF,GEO,GGG,GHC,GMED,GNRC,GNTX,GNW,GO,GRUB,GT,GTM,HAE,HAIN,HCSG,HE,HELE,HIW,HNI,HOG,HOMB,HPP,HQY,HR,HRC,HUBB,HWC,HXL,IART,IBKR,IBOC,ICUI,IDA,IDCC,INGR,INT,ITT,JACK,JBGS,JBL,JBLU,JEF,JHG,JLL,JWN,KAR,KBH,KBR,KEX,KMPR,KMT,KNX,KRC,LAMR,LEA,LECO,LFUS,LGND,LHCG,LII,LITE,LIVN,LM,LNW,LOGM,LOPE,LPX,LSI,LSTR,MAC,MAN,MANH,MASI,MAT,MCY,MD,MDU,MIDD,MKSI,MLKN,MMS,MODG,MOH,MPW,MPWR,MRCY,MSA,MSM,MTX,MTZ,MUR,MUSA,MZTI,NATI,NAVI,NDSN,NEU,NFG,NGVT,NJR,NKTR,NNN,NSP,NTCT,NUS,NUVA,NVT,NWE,NYT,OC,OGE,OGS,OHI,OI,OLED,OLLI,OLN,ORI,OSK,OZK,P,PACW,PB,PBF,PBH,PCH,PCTY,PDCO,PEB,PEN,PENN,PII,PK,PNFP,POOL,POST,PPC,PRAH,PRG,PRI,PRSP,PSB,PTC,PZZA,QDEL,QLYS,R,RAMP,RGA,RGEN,RGLD,RH,RIG,RLI,RNR,RPM,RRX,RS,RYN,SABR,SAFM,SAIC,SAM,SBH,SBNY,SBRA,SCI,SEDG,SEIC,SF,SFM,SGI,SIGI,SIX,SKX,SLAB,SLGN,SLM,SMG,SMTC,SNV,SNX,SON,SR,SRC,SRCL,STL,STLD,STOR,STRA,SVC,SWX,SXT,SYNA,SYNH,TCBI,TCF,TCO,TDC,TDS,TECH,TER,TEX,TGNA,THC,THG,THO,THS,TKO,TKR,TMHC,TNL,TOL,TPH,TR,TREE,TREX,TRIP,TRMB,TRMK,TRN,TTC,TTEK,TXNM,TXRH,UAA/UA,UBSI,UE,UFS,UGI,UMBF,UMPQ,UNVR,URBN,UTHR,VAC,VC,VLY,VMI,VSAT,VSH,VVV,VYX,WAFD,WBS,WEN,WERN,WEX,WH,WLY,WOLF,WOR,WPX,WRI,WSM,WSO,WTFC,WTRG,WW,WWD,X,XEC,XPO,Y,YELP,ZD"
2020-08-03,"ACC,ACHC,ACIW,ACM,ADNT,AEO,AFG,AGCO,ALE,AM,AMCX,AMED,AMG,AN,ARW,ARWR,ASB,ASGN,ASH,ATGE,ATI,ATR,AVNS,AVNT,AVT,AXON,AYI,AZTA,BC,BCO,BDC,BFH,BHF,BJ,BKH,BLD,BLKB,BOH,BRO,BRX,BYD,CABO,CACI,CADE,CAR,CASY,CATY,CBRL,CBSH,CBT,CC,CCMP,CDAY,CDK,CDP,CFR,CGNX,CHDN,CHE,CHH,CHX,CIEN,CIT,CLGX,CLH,CLI,CMC,CMD,CMP,CNK,CNO,CNX,COHR,COLM,CONE,COR,CPT,CRI,CRL,CRUS,CSL,CTLT,CUZ,CVLT,CW,CXT,CXW,CZR,DAN,DAR,DCI,DECK,DEI,DINO,DKS,DLPH,DNKN,DOC,DY,EBS,EGP,EHC,EME,ENOV,ENPH,ENR,ENS,EPC,EPR,EQT,ESNT,ETRN,ETSY,EV,EVR,EWBC,EXE,EXEL,EXP,FAF,FCFS,FCN,FDS,FFIN,FHI,FHN,FICO,FIVE,FL,FLG,FLO,FLR,FNB,FR,FSLR,FULT,GAP,GATX,GBCI,GEF,GEO,GGG,GHC,GMED,GNRC,GNTX,GNW,GO,GRUB,GT,GTM,HAE,HAIN,HCSG,HE,HELE,HIW,HNI,HOG,HOMB,HPP,HQY,HR,HRC,HUBB,HWC,HXL,IAA,IART,IBKR,IBOC,ICUI,IDA,IDCC,INGR,INT,ITT,JACK,JBGS,JBL,JBLU,JEF,JHG,JLL,JWN,KAR,KBH,KBR,KEX,KMPR,KMT,KNX,KRC,LAMR,LEA,LECO,LFUS,LGND,LHCG,LII,LITE,LIVN,LNW,LOGM,LOPE,LPX,LSI,LSTR,MAC,MAN,MANH,MASI,MAT,MCY,MD,MDU,MIDD,MKSI,MLKN,MMS,MODG,MOH,MPW,MPWR,MRCY,MSA,MSM,MTX,MTZ,MUR,MUSA,MZTI,NATI,NAVI,NDSN,NEU,NFG,NGVT,NJR,NKTR,NNN,NSP,NTCT,NUS,NUVA,NVT,NWE,NYT,OC,OGE,OGS,OHI,OI,OLED,OLLI,OLN,ORI,OSK,OZK,P,PACW,PB,PBF,PBH,PCH,PCTY,PDCO,PEB,PEN,PENN,PII,PK,PNFP,POOL,POST,PPC,PRAH,PRG,PRI,PRSP,PSB,PTC,PZZA,QDEL,QLYS,R,RAMP,REXR,RGA,RGEN,RGLD,RH,RIG,RLI,RNR,RPM,RRX,RS,RUN,RYN,SABR,SAFM,SAIC,SAM,SBH,SBNY,SBRA,SCI,SEDG,SEIC,SF,SFM,SGI,SIGI,SIX,SKX,SLAB,SLGN,SLM,SMG,SMTC,SNV,SNX,SON,SR,SRC,SRCL,STL,STLD,STOR,STRA,SVC,SWX,SXT,SYNA,SYNH,TCBI,TCF,TCO,TDC,TDS,TECH,TER,TEX,TGNA,THC,THG,THO,THS,TKO,TKR,TMHC,TNL,TOL,TPH,TR,TREE,TREX,TRIP,TRMB,TRMK,TRN,TTC,TTEK,TXNM,TXRH,UAA/UA,UBSI,UE,UFS,UGI,UMBF,UMPQ,UNVR,URBN,UTHR,VAC,VC,VLY,VMI,VSAT,VSH,VVV,VYX,WAFD,WBS,WEN,WERN,WEX,WH,WLY,WOLF,WOR,WPX,WRI,WSM,WSO,WTFC,WTRG,WW,WWD,X,XEC,XPO,Y,YELP,ZD"
2020-08-17,"ACC,ACHC,ACIW,ACM,ADNT,AEO,AFG,AGCO,ALE,AM,AMCX,AMED,AMG,AN,ARW,ARWR,ASB,ASGN,ASH,ATGE,ATI,ATR,AVNS,AVNT,AVT,AXON,AYI,AZTA,BC,BCO,BDC,BFH,BHF,BJ,BKH,BLD,BLDR,BLKB,BOH,BRO,BRX,BYD,CABO,CACI,CADE,CAR,CASY,CATY,CBRL,CBSH,CBT,CC,CCMP,CDAY,CDK,CDP,CFR,CGNX,CHDN,CHE,CHH,CHX,CIEN,CIT,CLGX,CLH,CLI,CMC,CMD,CMP,CNK,CNO,CNX,COHR,COLM,CONE,COR,CPT,CRI,CRL,CRUS,CSL,CTLT,CUZ,CVLT,CW,CXT,CZR,DAN,DAR,DCI,DECK,DEI,DINO,DKS,DLPH,DNKN,DOC,DY,EBS,EGP,EHC,EME,ENOV,ENPH,ENR,ENS,EPC,EPR,EQT,ESNT,ETRN,ETSY,EV,EVR,EWBC,EXE,EXEL,EXP,FAF,FCFS,FCN,FDS,FFIN,FHI,FHN,FICO,FIVE,FL,FLG,FLO,FLR,FNB,FR,FSLR,FULT,GAP,GATX,GBCI,GEF,GEO,GGG,GHC,GMED,GNRC,GNTX,GNW,GO,GRUB,GT,GTM,HAE,HAIN,HCSG,HE,HELE,HIW,HNI,HOG,HOMB,HPP,HQY,HR,HRC,HUBB,HWC,HXL,IAA,IART,IBKR,IBOC,ICUI,IDA,IDCC,INGR,INT,ITT,JACK,JBGS,JBL,JBLU,JEF,JHG,JLL,JWN,KAR,KBH,KBR,KEX,KMPR,KMT,KNX,KRC,LAMR,LEA,LECO,LFUS,LGND,LHCG,LII,LITE,LIVN,LNW,LOGM,LOPE,LPX,LSI,LSTR,MAC,MAN,MANH,MASI,MAT,MCY,MD,MDU,MIDD,MKSI,MLKN,MMS,MODG,MOH,MPW,MPWR,MRCY,MSA,MSM,MTX,MTZ,MUR,MUSA,MZTI,NATI,NAVI,NDSN,NEU,NFG,NGVT,NJR,NKTR,NNN,NSP,NTCT,NUS,NUVA,NVT,NWE,NYT,OC,OGE,OGS,OHI,OI,OLED,OLLI,OLN,ORI,OSK,OZK,P,PACW,PB,PBF,PBH,PCH,PCTY,PDCO,PEB,PEN,PENN,PII,PK,PNFP,POOL,POST,PPC,PRAH,PRG,PRI,PRSP,PSB,PTC,PZZA,QDEL,QLYS,R,RAMP,REXR,RGA,RGEN,RGLD,RH,RIG,RLI,RNR,RPM,RRX,RS,RUN,RYN,SABR,SAFM,SAIC,SAM,SBH,SBNY,SBRA,SCI,SEDG,SEIC,SF,SFM,SGI,SIGI,SIX,SKX,SLAB,SLGN,SLM,SMG,SMTC,SNV,SNX,SON,SR,SRC,SRCL,STL,STLD,STOR,STRA,SVC,SWX,SXT,SYNA,SYNH,TCBI,TCF,TCO,TDC,TDS,TECH,TER,TEX,TGNA,THC,THG,THO,THS,TKO,TKR,TMHC,TNL,TOL,TPH,TR,TREE,TREX,TRIP,TRMB,TRMK,TRN,TTC,TTEK,TXNM,TXRH,UAA/UA,UBSI,UE,UFS,UGI,UMBF,UMPQ,UNVR,URBN,UTHR,VAC,VC,VLY,VMI,VSAT,VSH,VVV,VYX,WAFD,WBS,WEN,WERN,WEX,WH,WLY,WOLF,WOR,WPX,WRI,WSM,WSO,WTFC,WTRG,WW,WWD,X,XEC,XPO,Y,YELP,ZD"
2020-09-01,"ACC,ACHC,ACIW,ACM,ADNT,AEO,AFG,AGCO,ALE,AM,AMCX,AMED,AMG,AN,ARW,ARWR,ASB,ASGN,ASH,ATGE,ATI,ATR,AVNS,AVNT,AVT,AXON,AYI,AZTA,BC,BCO,BDC,BFH,BHF,BJ,BKH,BLD,BLDR,BLKB,BOH,BRO,BRX,BYD,CABO,CACI,CADE,CAR,CASY,CATY,CBRL,CBSH,CBT,CC,CCMP,CDAY,CDK,CDP,CFR,CGNX,CHDN,CHE,CHH,CHX,CIEN,CIT,CLGX,CLH,CLI,CMC,CMD,CMP,CNK,CNO,CNX,COHR,COLM,CONE,COR,CPT,CRI,CRL,CRUS,CSL,CTLT,CUZ,CVLT,CW,CXT,CZR,DAN,DAR,DCI,DECK,DEI,DINO,DKS,DLPH,DNKN,DOC,DY,EBS,EGP,EHC,EME,ENOV,ENPH,ENR,ENS,EPC,EPR,EQT,ESNT,ETRN,ETSY,EV,EVR,EWBC,EXE,EXEL,EXP,FAF,FCFS,FCN,FDS,FFIN,FHI,FHN,FICO,FIVE,FL,FLG,FLO,FLR,FNB,FR,FSLR,FULT,GAP,GATX,GBCI,GEF,GEO,GGG,GHC,GMED,GNRC,GNTX,GNW,GO,GRUB,GT,GTM,HAE,HAIN,HCSG,HE,HELE,HIW,HNI,HOG,HOMB,HPP,HQY,HR,HRC,HUBB,HWC,HXL,IAA,IART,IBKR,IBOC,ICUI,IDA,IDCC,INGR,INT,ITT,JACK,JBGS,JBL,JBLU,JEF,JHG,JLL,JWN,KAR,KBH,KBR,KEX,KMPR,KMT,KNX,KRC,LAD,LAMR,LEA,LECO,LFUS,LGND,LHCG,LII,LITE,LIVN,LNW,LOPE,LPX,LSI,LSTR,MAC,MAN,MANH,MASI,MAT,MCY,MD,MDU,MIDD,MKSI,MLKN,MMS,MODG,MOH,MPW,MPWR,MRCY,MSA,MSM,MTX,MTZ,MUR,MUSA,MZTI,NATI,NAVI,NDSN,NEU,NFG,NGVT,NJR,NKTR,NNN,NSP,NTCT,NUS,NUVA,NVT,NWE,NYT,OC,OGE,OGS,OHI,OI,OLED,OLLI,OLN,ORI,OSK,OZK,P,PACW,PB,PBF,PBH,PCH,PCTY,PDCO,PEB,PEN,PENN,PII,PK,PNFP,POOL,POST,PPC,PRAH,PRG,PRI,PRSP,PSB,PTC,PZZA,QDEL,QLYS,R,RAMP,REXR,RGA,RGEN,RGLD,RH,RIG,RLI,RNR,RPM,RRX,RS,RUN,RYN,SABR,SAFM,SAIC,SAM,SBH,SBNY,SBRA,SCI,SEDG,SEIC,SF,SFM,SGI,SIGI,SIX,SKX,SLAB,SLGN,SLM,SMG,SMTC,SNV,SNX,SON,SR,SRC,SRCL,STL,STLD,STOR,STRA,SVC,SWX,SXT,SYNA,SYNH,TCBI,TCF,TCO,TDC,TDS,TECH,TER,TEX,TGNA,THC,THG,THO,THS,TKO,TKR,TMHC,TNL,TOL,TPH,TR,TREE,TREX,TRIP,TRMB,TRMK,TRN,TTC,TTEK,TXNM,TXRH,UAA/UA,UBSI,UE,UFS,UGI,UMBF,UMPQ,UNVR,URBN,UTHR,VAC,VC,VLY,VMI,VSAT,VSH,VVV,VYX,WAFD,WBS,WEN,WERN,WEX,WH,WLY,WOLF,WOR,WPX,WRI,WSM,WSO,WTFC,WTRG,WW,WWD,X,XEC,XPO,Y,YELP,ZD"
2020-09-21,"ACC,ACHC,ACIW,ACM,ADNT,AEO,AFG,AGCO,ALE,AM,AMCX,AMED,AMG,AN,ARW,ARWR,ASB,ASGN,ASH,ATGE,ATR,AVNS,AVNT,AVT,AXON,AYI,AZTA,BC,BCO,BDC,BFH,BHF,BJ,BKH,BLD,BLDR,BLKB,BOH,BRO,BRX,BYD,CABO,CACI,CADE,CAR,CASY,CATY,CBRL,CBSH,CBT,CC,CCMP,CDAY,CDK,CDP,CFR,CGNX,CHDN,CHE,CHH,CHX,CIEN,CIT,CLGX,CLH,CMC,CMD,CMP,CNK,CNO,CNX,COHR,COLM,CONE,COR,COTY,CPT,CRI,CRL,CRUS,CSL,CUZ,CVLT,CW,CXT,CZR,DAN,DAR,DCI,DECK,DEI,DINO,DKS,DLPH,DNKN,DOC,DY,EBS,EGP,EHC,EME,ENOV,ENPH,ENR,ENS,EPC,EPR,EQT,ESNT,ETRN,EV,EVR,EWBC,EXE,EXEL,EXP,FAF,FCFS,FCN,FDS,FFIN,FHI,FHN,FICO,FIVE,FL,FLG,FLO,FLR,FNB,FOXF,FR,FSLR,FULT,GAP,GATX,GBCI,GEF,GEO,GGG,GHC,GMED,GNRC,GNTX,GNW,GO,GRUB,GT,GTM,HAE,HAIN,HCSG,HE,HELE,HIW,HNI,HOG,HOMB,HPP,HQY,HR,HRB,HRC,HUBB,HWC,HXL,IAA,IART,IBKR,IBOC,ICUI,IDA,IDCC,INGR,INT,ITT,JACK,JAZZ,JBGS,JBL,JBLU,JEF,JHG,JLL,JWN,KAR,KBH,KBR,KEX,KMPR,KMT,KNX,KRC,KSS,LAD,LAMR,LEA,LECO,LFUS,LGND,LHCG,LII,LITE,LIVN,LNW,LOPE,LPX,LSI,LSTR,MAC,MAN,MANH,MASI,MAT,MCY,MD,MDU,MEDP,MIDD,MKSI,MLKN,MMS,MODG,MOH,MPW,MPWR,MRCY,MSA,MSM,MTX,MTZ,MUR,MUSA,MZTI,NATI,NAVI,NDSN,NEU,NFG,NGVT,NJR,NKTR,NNN,NSP,NTCT,NUS,NUVA,NVT,NWE,NYT,OC,OGE,OGS,OHI,OI,OLED,OLLI,OLN,ORI,OSK,OZK,P,PACW,PB,PBH,PCH,PCTY,PDCO,PEB,PEN,PENN,PII,PK,PNFP,POOL,POST,PPC,PRAH,PRG,PRI,PRSP,PSB,PTC,PZZA,QDEL,QLYS,R,RAMP,REXR,RGA,RGEN,RGLD,RH,RLI,RNR,RPM,RRX,RS,RUN,RYN,SABR,SAFM,SAIC,SAM,SBH,SBNY,SBRA,SCI,SEDG,SEIC,SF,SFM,SGI,SIGI,SIX,SKX,SLAB,SLGN,SLM,SMG,SMTC,SNV,SNX,SON,SR,SRC,SRCL,STL,STLD,STOR,STRA,SVC,SWX,SXT,SYNA,SYNH,TCBI,TCF,TCO,TDC,TDS,TECH,TEX,TGNA,THC,THG,THO,THS,TKO,TKR,TMHC,TNL,TOL,TPH,TR,TREE,TREX,TRIP,TRMB,TRMK,TRN,TTC,TTEK,TXNM,TXRH,UAA/UA,UBSI,UE,UFS,UGI,UMBF,UMPQ,UNVR,URBN,UTHR,VAC,VC,VLY,VMI,VSAT,VSH,VVV,VYX,WAFD,WBS,WEN,WERN,WEX,WH,WING,WLY,WOLF,WOR,WPX,WRI,WSM,WSO,WTFC,WTRG,WW,WWD,X,XEC,XPO,Y,YELP,ZD"
2020-10-05,"ACC,ACHC,ACIW,ACM,ADNT,AEO,AFG,AGCO,ALE,AM,AMCX,AMED,AMG,AN,ARW,ARWR,ASB,ASGN,ASH,ATGE,ATR,AVNS,AVNT,AVT,AXON,AYI,AZTA,BC,BCO,BDC,BFH,BHF,BJ,BKH,BLD,BLDR,BLKB,BOH,BRO,BRX,BYD,CABO,CACI,CADE,CAR,CASY,CATY,CBRL,CBSH,CBT,CC,CCMP,CDAY,CDK,CDP,CFR,CGNX,CHDN,CHE,CHH,CHX,CIEN,CIT,CLGX,CLH,CMC,CMD,CMP,CNK,CNO,CNX,COHR,COLM,CONE,COR,COTY,CPT,CRI,CRL,CRUS,CSL,CUZ,CVLT,CW,CXT,CZR,DAN,DAR,DCI,DECK,DEI,DINO,DKS,DLPH,DNKN,DOC,DY,EBS,EGP,EHC,EME,ENOV,ENPH,ENR,ENS,EPC,EPR,EQT,ESNT,ETRN,EV,EVR,EWBC,EXE,EXEL,EXP,FAF,FCFS,FCN,FDS,FFIN,FHI,FHN,FICO,FIVE,FL,FLG,FLO,FLR,FNB,FOXF,FR,FSLR,FULT,GAP,GATX,GBCI,GEF,GEO,GGG,GHC,GMED,GNRC,GNTX,GNW,GO,GRUB,GT,GTM,HAE,HAIN,HCSG,HE,HELE,HIW,HNI,HOG,HOMB,HPP,HQY,HR,HRB,HRC,HUBB,HWC,HXL,IAA,IART,IBKR,IBOC,ICUI,IDA,IDCC,INGR,INT,ITT,JACK,JAZZ,JBGS,JBL,JBLU,JEF,JHG,JLL,JWN,KAR,KBH,KBR,KEX,KMPR,KMT,KNX,KRC,KSS,LAD,LAMR,LEA,LECO,LFUS,LGND,LHCG,LII,LITE,LIVN,LNW,LOPE,LPX,LSI,LSTR,MAC,MAN,MANH,MASI,MAT,MCY,MD,MDU,MEDP,MIDD,MKSI,MLKN,MMS,MODG,MOH,MPW,MPWR,MRCY,MSA,MSM,MTX,MTZ,MUR,MUSA,MZTI,NATI,NAVI,NDSN,NEU,NFG,NGVT,NJR,NKTR,NNN,NSP,NTCT,NUS,NUVA,NVT,NWE,NYT,OC,OGE,OGS,OHI,OI,OLED,OLLI,OLN,ORI,OSK,OZK,P,PACW,PB,PBH,PCH,PCTY,PDCO,PEB,PEN,PENN,PII,PK,PNFP,POOL,POST,PPC,PRAH,PRG,PRI,PRSP,PSB,PTC,PZZA,QDEL,QLYS,R,RAMP,REXR,RGA,RGEN,RGLD,RH,RLI,RNR,RPM,RRX,RS,RUN,RYN,SABR,SAFM,SAIC,SAIL,SAM,SBNY,SBRA,SCI,SEDG,SEIC,SF,SFM,SGI,SIGI,SIX,SKX,SLAB,SLGN,SLM,SMG,SMTC,SNV,SNX,SON,SR,SRC,SRCL,STL,STLD,STOR,STRA,SVC,SWX,SXT,SYNA,SYNH,TCBI,TCF,TCO,TDC,TDS,TECH,TEX,TGNA,THC,THG,THO,THS,TKO,TKR,TMHC,TNL,TOL,TPH,TR,TREE,TREX,TRIP,TRMB,TRMK,TRN,TTC,TTEK,TXNM,TXRH,UAA/UA,UBSI,UE,UFS,UGI,UMBF,UMPQ,UNVR,URBN,UTHR,VAC,VC,VLY,VMI,VSAT,VSH,VVV,VYX,WAFD,WBS,WEN,WERN,WEX,WH,WING,WLY,WOLF,WOR,WPX,WRI,WSM,WSO,WTFC,WTRG,WW,WWD,X,XEC,XPO,Y,YELP,ZD"
2020-10-07,"ACC,ACHC,ACIW,ACM,ADNT,AEO,AFG,AGCO,ALE,AM,AMCX,AMED,AMG,AN,ARW,ARWR,ASB,ASGN,ASH,ATGE,ATR,AVNS,AVNT,AVT,AXON,AYI,AZTA,BC,BCO,BDC,BFH,BHF,BJ,BKH,BLD,BLDR,BLKB,BOH,BRO,BRX,BYD,CABO,CACI,CADE,CAR,CASY,CATY,CBRL,CBSH,CBT,CC,CCMP,CDAY,CDK,CDP,CFR,CGNX,CHDN,CHE,CHH,CHX,CIEN,CIT,CLGX,CLH,CMC,CMD,CMP,CNK,CNO,CNX,COHR,COLM,CONE,COR,COTY,CPT,CRI,CRL,CRUS,CSL,CUZ,CVLT,CW,CXT,CZR,DAN,DAR,DCI,DECK,DEI,DINO,DKS,DNKN,DOC,DY,EBS,EGP,EHC,EME,ENOV,ENPH,ENR,ENS,EPC,EPR,EQT,ESNT,ETRN,EV,EVR,EWBC,EXE,EXEL,EXP,FAF,FCFS,FCN,FDS,FFIN,FHI,FHN,FICO,FIVE,FL,FLG,FLO,FLR,FNB,FOXF,FR,FSLR,FULT,GAP,GATX,GBCI,GEF,GEO,GGG,GHC,GMED,GNRC,GNTX,GNW,GO,GRUB,GT,GTM,HAE,HAIN,HCSG,HE,HELE,HIW,HNI,HOG,HOMB,HPP,HQY,HR,HRB,HRC,HUBB,HWC,HXL,IAA,IART,IBKR,IBOC,ICUI,IDA,IDCC,INGR,INT,ITT,JACK,JAZZ,JBGS,JBL,JBLU,JEF,JHG,JLL,JWN,KAR,KBH,KBR,KEX,KMPR,KMT,KNX,KRC,KSS,LAD,LAMR,LEA,LECO,LFUS,LGND,LHCG,LII,LITE,LIVN,LNW,LOPE,LPX,LSI,LSTR,MAC,MAN,MANH,MASI,MAT,MCY,MD,MDU,MEDP,MIDD,MKSI,MLKN,MMS,MODG,MOH,MPW,MPWR,MRCY,MSA,MSM,MTX,MTZ,MUR,MUSA,MZTI,NATI,NAVI,NDSN,NEOG,NEU,NFG,NGVT,NJR,NKTR,NNN,NSP,NTCT,NUS,NUVA,NVT,NWE,NYT,OC,OGE,OGS,OHI,OI,OLED,OLLI,OLN,ORI,OSK,OZK,P,PACW,PB,PBH,PCH,PCTY,PDCO,PEB,PEN,PENN,PII,PK,PNFP,POST,PPC,PRAH,PRG,PRI,PRSP,PSB,PTC,PZZA,QDEL,QLYS,R,RAMP,REXR,RGA,RGEN,RGLD,RH,RLI,RNR,RPM,RRX,RS,RUN,RYN,SABR,SAFM,SAIC,SAIL,SAM,SBNY,SBRA,SCI,SEDG,SEIC,SF,SFM,SGI,SIGI,SIX,SKX,SLAB,SLGN,SLM,SMG,SMTC,SNV,SNX,SON,SR,SRC,SRCL,SSD,STL,STLD,STOR,STRA,SVC,SWX,SXT,SYNA,SYNH,TCBI,TCF,TCO,TDC,TDS,TECH,TEX,TGNA,THC,THG,THO,THS,TKO,TKR,TMHC,TNL,TOL,TPH,TR,TREE,TREX,TRIP,TRMB,TRMK,TRN,TTC,TTEK,TXNM,TXRH,UAA/UA,UBSI,UE,UFS,UGI,UMBF,UMPQ,UNVR,URBN,UTHR,VAC,VC,VLY,VMI,VSAT,VSH,VVV,VYX,WAFD,WBS,WEN,WERN,WEX,WH,WING,WLY,WOLF,WOR,WPX,WRI,WSM,WSO,WTFC,WTRG,WW,WWD,X,XEC,XPO,Y,YELP,ZD"
2020-11-13,"ACC,ACHC,ACIW,ACM,ADNT,AEO,AFG,AGCO,ALE,AM,AMCX,AMED,AMG,AN,ARW,ARWR,ASB,ASGN,ASH,ATGE,ATR,AVNS,AVNT,AVT,AXON,AYI,AZTA,BC,BCO,BDC,BFH,BHF,BJ,BKH,BLD,BLDR,BLKB,BOH,BRO,BRX,BYD,CABO,CACI,CADE,CAR,CASY,CATY,CBRL,CBSH,CBT,CC,CCMP,CDAY,CDK,CDP,CFR,CGNX,CHDN,CHE,CHH,CHX,CIEN,CIT,CLGX,CLH,CMC,CMD,CMP,CNK,CNO,CNX,COHR,COLM,CONE,COR,COTY,CPT,CRI,CRL,CRUS,CSL,CUZ,CVLT,CW,CXT,CZR,DAN,DAR,DCI,DECK,DEI,DINO,DKS,DNKN,DOC,DY,EBS,EGP,EHC,EME,ENOV,ENPH,ENR,ENS,EPC,EPR,EQT,ESNT,ETRN,EV,EVR,EWBC,EXE,EXEL,EXP,FAF,FCFS,FCN,FDS,FFIN,FHI,FHN,FICO,FIVE,FL,FLG,FLO,FLR,FNB,FOXF,FR,FSLR,FULT,GAP,GATX,GBCI,GEF,GGG,GHC,GMED,GNRC,GNTX,GNW,GO,GRUB,GT,GTM,HAE,HAIN,HALO,HCSG,HE,HELE,HIW,HNI,HOG,HOMB,HPP,HQY,HR,HRB,HRC,HUBB,HWC,HXL,IAA,IART,IBKR,IBOC,ICUI,IDA,IDCC,INGR,INT,ITT,JACK,JAZZ,JBGS,JBL,JBLU,JEF,JHG,JLL,JWN,KAR,KBH,KBR,KEX,KMPR,KMT,KNX,KRC,KSS,LAD,LAMR,LEA,LECO,LFUS,LGND,LHCG,LII,LITE,LIVN,LNW,LOPE,LPX,LSI,LSTR,MAC,MAN,MANH,MASI,MAT,MCY,MDU,MEDP,MIDD,MKSI,MLKN,MMS,MODG,MOH,MPW,MPWR,MRCY,MSA,MSM,MTG,MTX,MTZ,MUR,MUSA,MZTI,NATI,NAVI,NDSN,NEOG,NEU,NFG,NGVT,NJR,NKTR,NNN,NSP,NTCT,NUS,NUVA,NVT,NWE,NYT,OC,OGE,OGS,OHI,OI,OLED,OLLI,OLN,ORI,OSK,OZK,P,PACW,PB,PBH,PCH,PCTY,PDCO,PEB,PEN,PENN,PII,PK,PNFP,POST,PPC,PRAH,PRG,PRI,PRSP,PSB,PTC,PZZA,QDEL,QLYS,R,RAMP,REXR,RGA,RGEN,RGLD,RH,RLI,RNR,RPM,RRX,RS,RUN,RYN,SABR,SAFM,SAIC,SAIL,SAM,SBNY,SBRA,SCI,SEDG,SEIC,SF,SFM,SGI,SIGI,SIX,SKX,SLAB,SLGN,SLM,SMG,SMTC,SNV,SNX,SON,SR,SRC,SRCL,SSD,STL,STLD,STOR,STRA,SVC,SWX,SXT,SYNA,SYNH,TCBI,TCF,TCO,TDC,TDS,TECH,TEX,TGNA,THC,THG,THO,THS,TKO,TKR,TMHC,TNL,TOL,TPH,TR,TREE,TREX,TRIP,TRMB,TRMK,TRN,TTC,TTEK,TXNM,TXRH,UAA/UA,UBSI,UE,UFS,UGI,UMBF,UMPQ,UNVR,URBN,UTHR,VAC,VC,VLY,VMI,VSAT,VSH,VVV,VYX,WAFD,WBS,WEN,WERN,WEX,WH,WING,WLY,WOLF,WOR,WPX,WRI,WSM,WSO,WTFC,WTRG,WW,WWD,X,XEC,XPO,Y,YELP,ZD"
2020-12-01,"ACC,ACHC,ACIW,ACM,ADNT,AEO,AFG,AGCO,ALE,AM,AMCX,AMED,AMG,AN,ARW,ARWR,ASB,ASGN,ASH,ATGE,ATR,AVNS,AVNT,AVT,AXON,AYI,AZTA,BC,BCO,BDC,BFH,BHF,BJ,BKH,BLD,BLDR,BLKB,BOH,BRO,BRX,BYD,CABO,CACI,CADE,CAR,CASY,CATY,CBRL,CBSH,CBT,CC,CCMP,CDAY,CDK,CDP,CFR,CGNX,CHDN,CHE,CHH,CHX,CIEN,CIT,CLGX,CLH,CMC,CMD,CMP,CNK,CNO,CNX,CNXC,COHR,COLM,CONE,COR,COTY,CPT,CRI,CRL,CRUS,CSL,CUZ,CVLT,CW,CXT,CZR,DAN,DAR,DCI,DECK,DEI,DINO,DKS,DNKN,DOC,DY,EBS,EGP,EHC,EME,ENOV,ENPH,ENR,ENS,EPC,EPR,EQT,ESNT,ETRN,EV,EVR,EWBC,EXE,EXEL,EXP,FAF,FCFS,FCN,FDS,FFIN,FHI,FHN,FICO,FIVE,FL,FLG,FLO,FLR,FNB,FOXF,FR,FSLR,FULT,GAP,GATX,GBCI,GEF,GGG,GHC,GMED,GNRC,GNTX,GNW,GO,GRUB,GT,GTM,HAE,HAIN,HALO,HCSG,HE,HELE,HIW,HNI,HOG,HOMB,HPP,HQY,HR,HRB,HRC,HUBB,HWC,HXL,IAA,IART,IBKR,IBOC,ICUI,IDA,IDCC,INGR,INT,ITT,JACK,JAZZ,JBGS,JBL,JBLU,JEF,JHG,JLL,JWN,KAR,KBH,KBR,KEX,KMPR,KMT,KNX,KRC,KSS,LAD,LAMR,LEA,LECO,LFUS,LGND,LHCG,LII,LITE,LIVN,LNW,LOPE,LPX,LSI,LSTR,MAC,MAN,MANH,MASI,MAT,MCY,MDU,MEDP,MIDD,MKSI,MLKN,MMS,MODG,MOH,MPW,MPWR,MRCY,MSA,MSM,MTG,MTX,MTZ,MUR,MUSA,MZTI,NATI,NAVI,NDSN,NEOG,NEU,NFG,NGVT,NJR,NKTR,NNN,NSP,NTCT,NUS,NUVA,NVT,NWE,NYT,OC,OGE,OGS,OHI,OI,OLED,OLLI,OLN,ORI,OSK,OZK,P,PACW,PB,PBH,PCH,PCTY,PDCO,PEB,PEN,PENN,PII,PK,PNFP,POST,PPC,PRAH,PRG,PRI,PRSP,PSB,PTC,PZZA,QDEL,QLYS,R,RAMP,REXR,RGA,RGEN,RGLD,RH,RLI,RNR,RPM,RRX,RS,RUN,RYN,SABR,SAFM,SAIC,SAIL,SAM,SBNY,SBRA,SCI,SEDG,SEIC,SF,SFM,SGI,SIGI,SIX,SKX,SLAB,SLGN,SLM,SMG,SMTC,SNV,SNX,SON,SR,SRC,SRCL,SSD,STL,STLD,STOR,STRA,SVC,SWX,SXT,SYNA,SYNH,TCBI,TCF,TCO,TDC,TDS,TECH,TEX,TGNA,THC,THG,THO,THS,TKO,TKR,TMHC,TNL,TOL,TPH,TR,TREE,TREX,TRIP,TRMB,TRMK,TRN,TTC,TTEK,TXNM,TXRH,UAA/UA,UBSI,UE,UFS,UGI,UMBF,UMPQ,UNVR,URBN,UTHR,VAC,VC,VLY,VMI,VSAT,VSH,VVV,VYX,WAFD,WBS,WEN,WERN,WEX,WH,WING,WLY,WOLF,WOR,WPX,WRI,WSM,WSO,WTFC,WTRG,WW,WWD,X,XEC,XPO,Y,YELP,ZD"
2020-12-02,"ACC,ACHC,ACIW,ACM,ADNT,AEO,AFG,AGCO,ALE,AM,AMED,AMG,AN,ARW,ARWR,ASB,ASGN,ASH,ATGE,ATR,AVNS,AVNT,AVT,AXON,AYI,AZTA,BC,BCO,BDC,BFH,BHF,BJ,BKH,BLD,BLDR,BLKB,BOH,BRO,BRX,BYD,CABO,CACI,CADE,CAR,CASY,CATY,CBRL,CBSH,CBT,CC,CCMP,CDAY,CDK,CDP,CFR,CGNX,CHDN,CHE,CHH,CHX,CIEN,CIT,CLGX,CLH,CMC,CMD,CMP,CNK,CNO,CNX,CNXC,COHR,COLM,CONE,COR,COTY,CPT,CRI,CRL,CRUS,CSL,CUZ,CVLT,CW,CXT,CZR,DAN,DAR,DCI,DECK,DEI,DINO,DKS,DNKN,DOC,DY,EBS,EGP,EHC,EME,ENOV,ENPH,ENR,ENS,EPC,EPR,EQT,ESNT,ETRN,EV,EVR,EWBC,EXE,EXEL,EXP,FAF,FCFS,FCN,FDS,FFIN,FHI,FHN,FICO,FIVE,FL,FLG,FLO,FLR,FNB,FOXF,FR,FSLR,FULT,GAP,GATX,GBCI,GEF,GGG,GHC,GMED,GNRC,GNTX,GNW,GO,GRUB,GT,GTM,HAE,HAIN,HALO,HCSG,HE,HELE,HIW,HNI,HOG,HOMB,HPP,HQY,HR,HRB,HRC,HUBB,HWC,HXL,IAA,IART,IBKR,IBOC,ICUI,IDA,IDCC,INGR,INT,ITT,JACK,JAZZ,JBGS,JBL,JBLU,JEF,JHG,JLL,JWN,KAR,KBH,KBR,KEX,KMPR,KMT,KNX,KRC,KSS,LAD,LAMR,LEA,LECO,LFUS,LGND,LHCG,LII,LITE,LIVN,LNW,LOPE,LPX,LSI,LSTR,MAC,MAN,MANH,MASI,MAT,MCY,MDU,MEDP,MIDD,MKSI,MLKN,MMS,MODG,MOH,MPW,MPWR,MRCY,MSA,MSM,MTG,MTX,MTZ,MUR,MUSA,MZTI,NATI,NAVI,NDSN,NEOG,NEU,NFG,NGVT,NJR,NKTR,NNN,NSP,NTCT,NUS,NUVA,NVT,NWE,NYT,OC,OGE,OGS,OHI,OI,OLED,OLLI,OLN,ORI,OSK,OZK,P,PACW,PB,PBH,PCH,PCTY,PDCO,PEB,PEN,PENN,PII,PK,PNFP,POST,PPC,PRAH,PRG,PRI,PRSP,PSB,PTC,PZZA,QDEL,QLYS,R,RAMP,REXR,RGA,RGEN,RGLD,RH,RLI,RNR,RPM,RRX,RS,RUN,RYN,SABR,SAFM,SAIC,SAIL,SAM,SBNY,SBRA,SCI,SEDG,SEIC,SF,SFM,SGI,SIGI,SIX,SKX,SLAB,SLGN,SLM,SMG,SMTC,SNV,SNX,SON,SR,SRC,SRCL,SSD,STL,STLD,STOR,STRA,SVC,SWX,SXT,SYNA,SYNH,TCBI,TCF,TCO,TDC,TDS,TECH,TEX,TGNA,THC,THG,THO,THS,TKO,TKR,TMHC,TNL,TOL,TPH,TR,TREE,TREX,TRIP,TRMB,TRMK,TRN,TTC,TTEK,TXNM,TXRH,UAA/UA,UBSI,UE,UFS,UGI,UMBF,UMPQ,UNVR,URBN,UTHR,VAC,VC,VLY,VMI,VSAT,VSH,VVV,VYX,WAFD,WBS,WEN,WERN,WEX,WH,WING,WLY,WOLF,WOR,WPX,WRI,WSM,WSO,WTFC,WTRG,WW,WWD,X,XEC,XPO,Y,YELP,ZD"
2020-12-21,"ACC,ACHC,ACIW,ACM,ADNT,AEO,AFG,AGCO,AIRC,ALE,AM,AMED,AMG,AN,ARW,ARWR,ASB,ASGN,ASH,ATGE,ATR,AVNS,AVNT,AVT,AXON,AYI,AZTA,BC,BCO,BDC,BFH,BHF,BJ,BKH,BLD,BLDR,BLKB,BOH,BRO,BRX,BYD,CABO,CACI,CADE,CAR,CASY,CATY,CBRL,CBSH,CBT,CC,CCMP,CDAY,CDK,CDP,CFR,CGNX,CHDN,CHE,CHH,CHX,CIEN,CIT,CLGX,CLH,CMC,CMD,CMP,CNK,CNO,CNX,CNXC,COHR,COLM,CONE,COR,COTY,CPT,CRI,CRL,CRUS,CSL,CUZ,CVLT,CW,CXT,CZR,DAN,DAR,DCI,DECK,DEI,DINO,DKS,DOC,DY,EBS,EGP,EHC,EME,ENOV,ENPH,ENR,ENS,EPC,EPR,EQT,ESNT,ETRN,EV,EVR,EWBC,EXE,EXEL,EXP,FAF,FCFS,FCN,FDS,FFIN,FHI,FHN,FICO,FIVE,FL,FLG,FLO,FLR,FNB,FOXF,FR,FSLR,FULT,GAP,GATX,GBCI,GEF,GGG,GHC,GMED,GNRC,GNTX,GNW,GO,GRUB,GT,GTM,HAE,HAIN,HALO,HCSG,HE,HELE,HIW,HNI,HOG,HOMB,HPP,HQY,HR,HRB,HRC,HUBB,HWC,HXL,IAA,IART,IBKR,IBOC,ICUI,IDA,IDCC,INGR,INT,ITT,JACK,JAZZ,JBGS,JBL,JBLU,JEF,JHG,JLL,JWN,KAR,KBH,KBR,KEX,KMPR,KMT,KNX,KRC,KSS,LAD,LAMR,LEA,LECO,LFUS,LGND,LHCG,LII,LITE,LIVN,LNW,LOPE,LPX,LSI,LSTR,MAC,MAN,MANH,MASI,MAT,MCY,MDU,MEDP,MIDD,MKSI,MLKN,MMS,MODG,MOH,MPW,MPWR,MRCY,MSA,MSM,MTG,MTX,MTZ,MUR,MUSA,MZTI,NATI,NAVI,NDSN,NEOG,NEU,NFG,NGVT,NJR,NKTR,NNN,NSP,NTCT,NUS,NUVA,NVT,NWE,NYT,OC,OGE,OGS,OHI,OI,OLED,OLLI,OLN,ORI,OSK,OZK,P,PACW,PB,PBH,PCH,PCTY,PDCO,PEB,PEN,PENN,PII,PK,PNFP,POST,PPC,PRAH,PRG,PRI,PRSP,PSB,PTC,PZZA,QDEL,QLYS,R,RAMP,REXR,RGA,RGEN,RGLD,RH,RLI,RNR,RPM,RRX,RS,RUN,RYN,SABR,SAFM,SAIC,SAIL,SAM,SBNY,SBRA,SCI,SEDG,SEIC,SF,SFM,SGI,SIGI,SIX,SKX,SLAB,SLGN,SLM,SMG,SMTC,SNV,SNX,SON,SR,SRC,SRCL,SSD,STL,STLD,STOR,STRA,SVC,SWX,SXT,SYNA,SYNH,TCBI,TCF,TCO,TDC,TDS,TECH,TEX,TGNA,THC,THG,THO,THS,TKO,TKR,TMHC,TNL,TOL,TPH,TR,TREE,TREX,TRIP,TRMB,TRMK,TRN,TTC,TTEK,TXNM,TXRH,UAA/UA,UBSI,UE,UFS,UGI,UMBF,UMPQ,UNVR,URBN,UTHR,VAC,VC,VLY,VMI,VSAT,VSH,VVV,VYX,WAFD,WBS,WEN,WERN,WEX,WH,WING,WLY,WOLF,WOR,WPX,WRI,WSM,WSO,WTFC,WTRG,WW,WWD,X,XEC,XPO,Y,YELP,ZD"
2020-12-29,"ACC,ACHC,ACIW,ACM,ADNT,AEO,AFG,AGCO,AIRC,ALE,AM,AMED,AMG,AN,ARW,ARWR,ASB,ASGN,ASH,ATGE,ATR,AVNS,AVNT,AVT,AXON,AYI,AZTA,BC,BCO,BDC,BFH,BHF,BJ,BKH,BLD,BLDR,BLKB,BOH,BRO,BRX,BYD,CABO,CACI,CADE,CAR,CASY,CATY,CBRL,CBSH,CBT,CC,CCMP,CDAY,CDK,CDP,CFR,CGNX,CHDN,CHE,CHH,CHX,CIEN,CIT,CLGX,CLH,CMC,CMD,CMP,CNK,CNO,CNX,CNXC,COHR,COLM,CONE,COR,COTY,CPT,CRI,CRL,CRUS,CSL,CUZ,CVLT,CW,CXT,CZR,DAN,DAR,DCI,DECK,DEI,DINO,DKS,DOC,DY,EBS,EGP,EHC,EME,ENOV,ENPH,ENR,ENS,EPC,EPR,EQT,ESNT,ETRN,EV,EVR,EWBC,EXE,EXEL,EXP,FAF,FCFS,FCN,FDS,FFIN,FHI,FHN,FICO,FIVE,FL,FLG,FLO,FLR,FNB,FOXF,FR,FSLR,FULT,GAP,GATX,GBCI,GEF,GGG,GHC,GMED,GNRC,GNTX,GNW,GO,GRUB,GT,GTM,HAE,HAIN,HALO,HCSG,HE,HELE,HIW,HNI,HOG,HOMB,HPP,HQY,HR,HRB,HRC,HUBB,HWC,HXL,IAA,IART,IBKR,IBOC,ICUI,IDA,IDCC,INGR,INT,ITT,JACK,JAZZ,JBGS,JBL,JBLU,JEF,JHG,JLL,JWN,KAR,KBH,KBR,KEX,KMPR,KMT,KNSL,KNX,KRC,KSS,LAD,LAMR,LEA,LECO,LFUS,LGND,LHCG,LII,LITE,LIVN,LNW,LOPE,LPX,LSI,LSTR,MAC,MAN,MANH,MASI,MAT,MCY,MDU,MEDP,MIDD,MKSI,MLKN,MMS,MODG,MOH,MPW,MPWR,MRCY,MSA,MSM,MTG,MTX,MTZ,MUR,MUSA,MZTI,NATI,NAVI,NDSN,NEOG,NEU,NFG,NGVT,NJR,NKTR,NNN,NSP,NTCT,NUS,NUVA,NVT,NWE,NYT,OC,OGE,OGS,OHI,OI,OLED,OLLI,OLN,ORI,OSK,OZK,P,PACW,PB,PBH,PCH,PCTY,PDCO,PEB,PEN,PENN,PII,PK,PNFP,POST,PPC,PRAH,PRG,PRI,PRSP,PSB,PTC,PZZA,QDEL,QLYS,R,RAMP,REXR,RGA,RGEN,RGLD,RH,RLI,RNR,RPM,RRX,RS,RUN,RYN,SABR,SAFM,SAIC,SAIL,SAM,SBNY,SBRA,SCI,SEDG,SEIC,SF,SFM,SGI,SIGI,SIX,SKX,SLAB,SLGN,SLM,SMG,SMTC,SNV,SNX,SON,SR,SRC,SRCL,SSD,STL,STLD,STOR,STRA,SVC,SWX,SXT,SYNA,SYNH,TCBI,TCF,TDC,TDS,TECH,TEX,TGNA,THC,THG,THO,THS,TKO,TKR,TMHC,TNL,TOL,TPH,TR,TREE,TREX,TRIP,TRMB,TRMK,TRN,TTC,TTEK,TXNM,TXRH,UAA/UA,UBSI,UE,UFS,UGI,UMBF,UMPQ,UNVR,URBN,UTHR,VAC,VC,VLY,VMI,VSAT,VSH,VVV,VYX,WAFD,WBS,WEN,WERN,WEX,WH,WING,WLY,WOLF,WOR,WPX,WRI,WSM,WSO,WTFC,WTRG,WW,WWD,X,XEC,XPO,Y,YELP,ZD"
2021-01-07,"ACC,ACHC,ACIW,ACM,ADNT,AEO,AFG,AGCO,AIRC,ALE,AM,AMED,AMG,AN,ARW,ARWR,ASB,ASGN,ASH,ATGE,ATR,AVNS,AVNT,AVT,AXON,AYI,AZTA,BC,BCO,BDC,BFH,BHF,BJ,BKH,BLD,BLDR,BLKB,BOH,BRO,BRX,BYD,CABO,CACI,CADE,CAR,CASY,CATY,CBRL,CBSH,CBT,CC,CCMP,CDAY,CDK,CDP,CFR,CGNX,CHDN,CHE,CHH,CHX,CIEN,CIT,CLGX,CLH,CMC,CMD,CMP,CNK,CNO,CNX,CNXC,COHR,COLM,CONE,COR,COTY,CPRI,CPT,CRI,CRL,CRUS,CSL,CUZ,CVLT,CW,CXT,CZR,DAN,DAR,DCI,DECK,DEI,DINO,DKS,DOC,DY,EBS,EGP,EHC,EME,ENOV,ENR,ENS,EPC,EPR,EQT,ESNT,ETRN,EV,EVR,EWBC,EXE,EXEL,EXP,FAF,FCFS,FCN,FDS,FFIN,FHI,FHN,FICO,FIVE,FL,FLG,FLO,FLR,FNB,FOXF,FR,FSLR,FULT,GAP,GATX,GBCI,GEF,GGG,GHC,GMED,GNRC,GNTX,GNW,GO,GRUB,GT,GTM,HAE,HAIN,HALO,HCSG,HE,HELE,HIW,HNI,HOG,HOMB,HPP,HQY,HR,HRB,HRC,HUBB,HWC,HXL,IAA,IART,IBKR,IBOC,ICUI,IDA,IDCC,INGR,INT,ITT,JACK,JAZZ,JBGS,JBL,JBLU,JEF,JHG,JLL,JWN,KAR,KBH,KBR,KEX,KMPR,KMT,KNSL,KNX,KRC,KSS,LAD,LAMR,LEA,LECO,LFUS,LGND,LHCG,LII,LITE,LIVN,LNW,LOPE,LPX,LSI,LSTR,MAC,MAN,MANH,MASI,MAT,MCY,MDU,MEDP,MIDD,MKSI,MLKN,MMS,MODG,MOH,MPW,MPWR,MRCY,MSA,MSM,MTG,MTX,MTZ,MUR,MUSA,MZTI,NATI,NAVI,NDSN,NEOG,NEU,NFG,NGVT,NJR,NKTR,NNN,NSP,NTCT,NUS,NUVA,NVT,NWE,NYT,OC,OGE,OGS,OHI,OI,OLED,OLLI,OLN,ORI,OSK,OZK,P,PACW,PB,PBH,PCH,PCTY,PDCO,PEB,PEN,PENN,PII,PK,PNFP,POST,PPC,PRAH,PRG,PRI,PRSP,PSB,PTC,PZZA,QDEL,QLYS,R,RAMP,REXR,RGA,RGEN,RGLD,RH,RLI,RNR,RPM,RRX,RS,RUN,RYN,SABR,SAFM,SAIC,SAIL,SAM,SBNY,SBRA,SCI,SEDG,SEIC,SF,SFM,SGI,SIGI,SIX,SKX,SLAB,SLGN,SLM,SMG,SMTC,SNV,SNX,SON,SR,SRC,SRCL,SSD,STL,STLD,STOR,STRA,SVC,SWX,SXT,SYNA,SYNH,TCBI,TCF,TDC,TDS,TECH,TEX,TGNA,THC,THG,THO,THS,TKO,TKR,TMHC,TNL,TOL,TPH,TR,TREE,TREX,TRIP,TRMB,TRMK,TRN,TTC,TTEK,TXNM,TXRH,UAA/UA,UBSI,UE,UFS,UGI,UMBF,UMPQ,UNVR,URBN,UTHR,VAC,VC,VLY,VMI,VSAT,VSH,VVV,VYX,WAFD,WBS,WEN,WERN,WEX,WH,WING,WLY,WOLF,WOR,WRI,WSM,WSO,WTFC,WTRG,WW,WWD,X,XEC,XPO,Y,YELP,ZD"
2021-01-21,"ACC,ACHC,ACIW,ACM,ADNT,AEO,AFG,AGCO,AIRC,ALE,AM,AMED,AMG,AN,ARW,ARWR,ASB,ASGN,ASH,ATGE,ATR,AVNS,AVNT,AVT,AXON,AYI,AZTA,BC,BCO,BDC,BFH,BHF,BJ,BKH,BLD,BLDR,BLKB,BOH,BRO,BRX,BYD,CABO,CACI,CADE,CAR,CASY,CATY,CBRL,CBSH,CBT,CC,CCMP,CDAY,CDK,CDP,CFR,CGNX,CHDN,CHE,CHH,CHX,CIEN,CIT,CLGX,CLH,CMC,CMD,CMP,CNK,CNO,CNX,CNXC,COHR,COLM,CONE,COR,COTY,CPRI,CPT,CRI,CRL,CRUS,CSL,CUZ,CVLT,CW,CXT,CZR,DAN,DAR,DCI,DECK,DEI,DINO,DKS,DOC,DY,EBS,EGP,EHC,EME,ENOV,ENR,ENS,EPC,EPR,EQT,ESNT,ETRN,EV,EVR,EWBC,EXE,EXEL,EXP,FAF,FCFS,FCN,FDS,FFIN,FHI,FHN,FICO,FIVE,FL,FLG,FLO,FLR,FNB,FOXF,FR,FSLR,FULT,GAP,GATX,GBCI,GEF,GGG,GHC,GMED,GNRC,GNTX,GNW,GO,GRUB,GT,GTM,HAE,HAIN,HALO,HCSG,HE,HELE,HIW,HNI,HOG,HOMB,HPP,HQY,HR,HRB,HRC,HUBB,HWC,HXL,IAA,IART,IBKR,IBOC,ICUI,IDA,IDCC,INGR,INT,ITT,JACK,JAZZ,JBGS,JBL,JBLU,JEF,JHG,JLL,JWN,KAR,KBH,KBR,KEX,KMPR,KMT,KNSL,KNX,KRC,KSS,LAD,LAMR,LEA,LECO,LFUS,LGND,LHCG,LII,LITE,LIVN,LNW,LOPE,LPX,LSI,LSTR,MAC,MAN,MANH,MASI,MAT,MCY,MDU,MEDP,MIDD,MKSI,MLKN,MMS,MODG,MOH,MPW,MPWR,MRCY,MSA,MSM,MTG,MTX,MTZ,MUR,MUSA,MZTI,NATI,NAVI,NDSN,NEOG,NEU,NFG,NGVT,NJR,NKTR,NNN,NSP,NTCT,NUS,NUVA,NVT,NWE,NYT,OC,OGE,OGS,OHI,OI,OLED,OLLI,OLN,ORI,OSK,OZK,P,PACW,PB,PBH,PCH,PCTY,PDCO,PEB,PEN,PENN,PII,PK,PNFP,POST,PPC,PRAH,PRG,PRI,PRSP,PSB,PTC,PZZA,QDEL,QLYS,R,RAMP,REXR,RGA,RGEN,RGLD,RH,RLI,RNR,RPM,RRX,RS,RUN,RYN,SABR,SAFM,SAIC,SAIL,SAM,SBNY,SBRA,SCI,SEDG,SEIC,SF,SFM,SGI,SIGI,SIX,SKX,SLAB,SLGN,SLM,SMG,SMTC,SNV,SNX,SON,SR,SRC,SRCL,SSD,STL,STLD,STOR,STRA,SVC,SWX,SXT,SYNA,SYNH,TCBI,TCF,TDC,TDS,TECH,TEX,TGNA,THC,THG,THO,THS,TKO,TKR,TMHC,TNL,TOL,TPH,TR,TREE,TREX,TRIP,TRMK,TRN,TTC,TTEK,TXNM,TXRH,UAA/UA,UBSI,UE,UFS,UGI,UMBF,UMPQ,UNVR,URBN,UTHR,VAC,VC,VLY,VMI,VSAT,VSH,VVV,VYX,WAFD,WBS,WEN,WERN,WEX,WH,WING,WLY,WOLF,WOR,WRI,WSM,WSO,WTFC,WTRG,WW,WWD,X,XEC,XPO,Y,YELP,YETI,ZD"
2021-01-29,"ACC,ACHC,ACIW,ACM,ADNT,AEO,AFG,AGCO,AIRC,ALE,AM,AMED,AMG,AN,ARW,ARWR,ASB,ASGN,ASH,ATGE,ATR,AVNS,AVNT,AVT,AXON,AYI,AZTA,BC,BCO,BDC,BFH,BHF,BJ,BKH,BLD,BLDR,BLKB,BOH,BRO,BRX,BYD,CABO,CACI,CADE,CAR,CASY,CATY,CBRL,CBSH,CBT,CC,CCMP,CDAY,CDK,CDP,CFR,CGNX,CHDN,CHE,CHH,CHX,CIEN,CIT,CLGX,CLH,CMC,CMD,CMP,CNK,CNO,CNX,CNXC,COHR,COLM,CONE,COR,COTY,CPRI,CPT,CRI,CRL,CRUS,CSL,CUZ,CVLT,CW,CXT,CZR,DAN,DAR,DCI,DECK,DEI,DINO,DKS,DOC,DY,EBS,EGP,EHC,EME,ENOV,ENR,ENS,EPC,EPR,EQT,ESNT,ETRN,EV,EVR,EWBC,EXE,EXEL,EXP,FAF,FCFS,FCN,FDS,FFIN,FHI,FHN,FICO,FIVE,FL,FLG,FLO,FLR,FNB,FOXF,FR,FSLR,FULT,GAP,GATX,GBCI,GEF,GGG,GHC,GMED,GNRC,GNTX,GNW,GO,GRUB,GT,GTM,HAE,HAIN,HALO,HCSG,HE,HELE,HIW,HNI,HOG,HOMB,HPP,HQY,HR,HRB,HRC,HUBB,HWC,HXL,IAA,IART,IBKR,IBOC,ICUI,IDA,IDCC,INGR,INT,ITT,JACK,JAZZ,JBGS,JBL,JBLU,JEF,JHG,JLL,JWN,KAR,KBH,KBR,KEX,KMPR,KMT,KNSL,KNX,KRC,KSS,LAD,LAMR,LEA,LECO,LFUS,LGND,LHCG,LII,LITE,LIVN,LNW,LOPE,LPX,LSI,LSTR,MAC,MAN,MANH,MASI,MAT,MCY,MDU,MEDP,MIDD,MKSI,MLKN,MMS,MODG,MOH,MPW,MPWR,MRCY,MSA,MSM,MTG,MTX,MTZ,MUR,MUSA,MZTI,NATI,NAVI,NDSN,NEOG,NEU,NFG,NGVT,NJR,NKTR,NNN,NSP,NTCT,NUS,NUVA,NVT,NWE,NYT,OC,OGE,OGS,OHI,OI,OLED,OLLI,OLN,ORI,OSK,OZK,P,PACW,PB,PCH,PCTY,PDCO,PEB,PEN,PENN,PII,PK,PNFP,POST,PPC,PRAH,PRG,PRI,PRSP,PSB,PTC,PZZA,QDEL,QLYS,R,RAMP,REXR,RGA,RGEN,RGLD,RH,RLI,RNR,RPM,RRX,RS,RUN,RYN,SABR,SAFM,SAIC,SAIL,SAM,SBNY,SBRA,SCI,SEDG,SEIC,SF,SFM,SGI,SIGI,SIX,SKX,SLAB,SLGN,SLM,SMG,SMTC,SNV,SNX,SON,SR,SRC,SRCL,SSD,STAA,STL,STLD,STOR,STRA,SVC,SWX,SXT,SYNA,SYNH,TCBI,TCF,TDC,TDS,TECH,TEX,TGNA,THC,THG,THO,THS,TKO,TKR,TMHC,TNL,TOL,TPH,TR,TREE,TREX,TRIP,TRMK,TRN,TTC,TTEK,TXNM,TXRH,UAA/UA,UBSI,UE,UFS,UGI,UMBF,UMPQ,UNVR,URBN,UTHR,VAC,VC,VLY,VMI,VSAT,VSH,VVV,VYX,WAFD,WBS,WEN,WERN,WEX,WH,WING,WLY,WOLF,WOR,WRI,WSM,WSO,WTFC,WTRG,WW,WWD,X,XEC,XPO,Y,YELP,YETI,ZD"
2021-02-12,"ACC,ACHC,ACIW,ACM,ADNT,AEO,AFG,AGCO,AIRC,ALE,AM,AMED,AMG,AN,ARW,ARWR,ASB,ASGN,ASH,ATGE,ATR,AVNS,AVNT,AVT,AXON,AYI,AZTA,BC,BCO,BDC,BFH,BHF,BJ,BKH,BLD,BLDR,BLKB,BOH,BRO,BRX,BYD,CABO,CACI,CADE,CAR,CASY,CATY,CBRL,CBSH,CBT,CC,CCMP,CDAY,CDK,CDP,CFR,CGNX,CHDN,CHE,CHH,CHX,CIEN,CIT,CLGX,CLH,CMC,CMD,CMP,CNK,CNO,CNX,CNXC,COHR,COLM,CONE,COR,COTY,CPRI,CPT,CRI,CRL,CRUS,CSL,CUZ,CVLT,CW,CXT,CZR,DAN,DAR,DCI,DECK,DEI,DINO,DKS,DOC,DY,EBS,EGP,EHC,EME,ENOV,ENR,ENS,EPC,EPR,EQT,ESNT,ETRN,EV,EVR,EWBC,EXE,EXEL,EXP,FAF,FCFS,FCN,FDS,FFIN,FHI,FHN,FICO,FIVE,FL,FLG,FLO,FLR,FNB,FOXF,FR,FSLR,FULT,GAP,GATX,GBCI,GEF,GGG,GHC,GMED,GNRC,GNTX,GNW,GO,GRUB,GT,GTM,HAE,HAIN,HALO,HCSG,HE,HELE,HIW,HNI,HOG,HOMB,HPP,HQY,HR,HRB,HRC,HUBB,HWC,HXL,IAA,IART,IBKR,IBOC,ICUI,IDA,IDCC,INGR,INT,IRDM,ITT,JACK,JAZZ,JBGS,JBL,JBLU,JEF,JHG,JLL,JWN,KAR,KBH,KBR,KEX,KMPR,KMT,KNSL,KNX,KRC,KSS,LAD,LAMR,LEA,LECO,LFUS,LGND,LHCG,LII,LITE,LIVN,LNW,LOPE,LPX,LSI,LSTR,MAC,MAN,MANH,MASI,MAT,MCY,MDU,MEDP,MIDD,MKSI,MLKN,MMS,MODG,MOH,MPW,MRCY,MSA,MSM,MTG,MTX,MTZ,MUR,MUSA,MZTI,NATI,NAVI,NDSN,NEOG,NEU,NFG,NGVT,NJR,NKTR,NNN,NSP,NTCT,NUS,NUVA,NVT,NWE,NYT,OC,OGE,OGS,OHI,OI,OLED,OLLI,OLN,ORI,OSK,OZK,P,PACW,PB,PCH,PCTY,PDCO,PEB,PEN,PENN,PII,PK,PNFP,POST,PPC,PRAH,PRG,PRI,PRSP,PSB,PTC,PZZA,QDEL,QLYS,R,RAMP,REXR,RGA,RGEN,RGLD,RH,RLI,RNR,RPM,RRX,RS,RUN,RYN,SABR,SAFM,SAIC,SAIL,SAM,SBNY,SBRA,SCI,SEDG,SEIC,SF,SFM,SGI,SIGI,SIX,SKX,SLAB,SLGN,SLM,SMG,SMTC,SNV,SNX,SON,SR,SRC,SRCL,SSD,STAA,STL,STLD,STOR,STRA,SVC,SWX,SXT,SYNA,SYNH,TCBI,TCF,TDC,TDS,TECH,TEX,TGNA,THC,THG,THO,THS,TKO,TKR,TMHC,TNL,TOL,TPH,TR,TREE,TREX,TRIP,TRMK,TRN,TTC,TTEK,TXNM,TXRH,UAA/UA,UBSI,UE,UFS,UGI,UMBF,UMPQ,UNVR,URBN,UTHR,VAC,VC,VLY,VMI,VSAT,VSH,VVV,VYX,WAFD,WBS,WEN,WERN,WEX,WH,WING,WLY,WOLF,WOR,WRI,WSM,WSO,WTFC,WTRG,WW,WWD,X,XEC,XPO,Y,YELP,YETI,ZD"
2021-02-16,"ACC,ACHC,ACIW,ACM,ADNT,AEO,AFG,AGCO,AIRC,ALE,AM,AMED,AMG,AMKR,AN,ARW,ARWR,ASB,ASGN,ASH,ATGE,ATR,AVNS,AVNT,AVT,AXON,AYI,AZTA,BC,BCO,BDC,BFH,BHF,BJ,BKH,BLD,BLDR,BLKB,BOH,BRO,BRX,BYD,CABO,CACI,CADE,CAR,CASY,CATY,CBRL,CBSH,CBT,CC,CCMP,CDAY,CDK,CDP,CFR,CGNX,CHDN,CHE,CHH,CHX,CIEN,CIT,CLGX,CLH,CMC,CMD,CMP,CNK,CNO,CNX,CNXC,COHR,COLM,CONE,COR,COTY,CPRI,CPT,CRI,CRL,CRUS,CSL,CUZ,CVLT,CW,CXT,CZR,DAN,DAR,DCI,DECK,DEI,DINO,DKS,DOC,DY,EBS,EGP,EHC,EME,ENOV,ENR,ENS,EPC,EPR,EQT,ESNT,ETRN,EV,EVR,EWBC,EXE,EXEL,EXP,FAF,FCFS,FCN,FDS,FFIN,FHI,FHN,FICO,FIVE,FL,FLG,FLO,FLR,FNB,FOXF,FR,FSLR,FULT,GAP,GATX,GBCI,GEF,GGG,GHC,GMED,GNRC,GNTX,GNW,GO,GRUB,GT,GTM,HAE,HAIN,HALO,HCSG,HE,HELE,HIW,HOG,HOMB,HPP,HQY,HR,HRB,HRC,HUBB,HWC,HXL,IAA,IART,IBKR,IBOC,ICUI,IDA,IDCC,INGR,INT,IRDM,ITT,JACK,JAZZ,JBGS,JBL,JBLU,JEF,JHG,JLL,JWN,KAR,KBH,KBR,KEX,KMPR,KMT,KNSL,KNX,KRC,KSS,LAD,LAMR,LEA,LECO,LFUS,LGND,LHCG,LII,LITE,LIVN,LNW,LOPE,LPX,LSI,LSTR,MAC,MAN,MANH,MASI,MAT,MCY,MDU,MEDP,MIDD,MKSI,MLKN,MMS,MODG,MOH,MPW,MRCY,MSA,MSM,MTG,MTX,MTZ,MUR,MUSA,MZTI,NATI,NAVI,NDSN,NEOG,NEU,NFG,NGVT,NJR,NKTR,NNN,NSP,NTCT,NUS,NUVA,NVT,NWE,NYT,OC,OGE,OGS,OHI,OI,OLED,OLLI,OLN,ORI,OSK,OZK,P,PACW,PB,PCH,PCTY,PDCO,PEB,PEN,PENN,PII,PK,PNFP,POST,PPC,PRAH,PRG,PRI,PRSP,PSB,PTC,PZZA,QDEL,QLYS,R,RAMP,REXR,RGA,RGEN,RGLD,RH,RLI,RNR,RPM,RRX,RS,RUN,RYN,SABR,SAFM,SAIC,SAIL,SAM,SBNY,SBRA,SCI,SEDG,SEIC,SF,SFM,SGI,SIGI,SIX,SKX,SLAB,SLGN,SLM,SMG,SMTC,SNV,SNX,SON,SR,SRC,SRCL,SSD,STAA,STL,STLD,STOR,STRA,SVC,SWX,SXT,SYNA,SYNH,TCBI,TCF,TDC,TDS,TECH,TEX,TGNA,THC,THG,THO,THS,TKO,TKR,TMHC,TNL,TOL,TPH,TR,TREE,TREX,TRIP,TRMK,TRN,TTC,TTEK,TXNM,TXRH,UAA/UA,UBSI,UE,UFS,UGI,UMBF,UMPQ,UNVR,URBN,UTHR,VAC,VC,VLY,VMI,VSAT,VSH,VVV,VYX,WAFD,WBS,WEN,WERN,WEX,WH,WING,WLY,WOLF,WOR,WRI,WSM,WSO,WTFC,WTRG,WW,WWD,X,XEC,XPO,Y,YELP,YETI,ZD"
2021-03-01,"ACC,ACHC,ACIW,ACM,ADNT,AEO,AFG,AGCO,AIRC,ALE,AM,AMED,AMG,AMKR,AN,ARW,ARWR,ASB,ASGN,ASH,ATGE,ATR,AVNS,AVNT,AVT,AXON,AYI,AZTA,BC,BCO,BDC,BFH,BHF,BJ,BKH,BLD,BLDR,BLKB,BOH,BRO,BRX,BYD,CABO,CACI,CADE,CAR,CASY,CATY,CBRL,CBSH,CBT,CC,CCMP,CDAY,CDK,CDP,CFR,CGNX,CHDN,CHE,CHH,CHX,CIEN,CIT,CLF,CLGX,CLH,CMC,CMD,CMP,CNK,CNO,CNX,CNXC,COHR,COLM,CONE,COR,COTY,CPRI,CPT,CRI,CRL,CRUS,CSL,CUZ,CVLT,CW,CXT,CZR,DAN,DAR,DCI,DECK,DEI,DINO,DKS,DOC,DY,EBS,EGP,EHC,EME,ENOV,ENR,ENS,EPC,EPR,EQT,ESNT,ETRN,EVR,EWBC,EXE,EXEL,EXP,FAF,FCFS,FCN,FDS,FFIN,FHI,FHN,FICO,FIVE,FL,FLG,FLO,FLR,FNB,FOXF,FR,FSLR,FULT,GAP,GATX,GBCI,GEF,GGG,GHC,GMED,GNRC,GNTX,GNW,GO,GRUB,GT,GTM,HAE,HAIN,HALO,HCSG,HE,HELE,HIW,HOG,HOMB,HPP,HQY,HR,HRB,HRC,HUBB,HWC,HXL,IAA,IART,IBKR,IBOC,ICUI,IDA,IDCC,INGR,INT,IRDM,ITT,JACK,JAZZ,JBGS,JBL,JBLU,JEF,JHG,JLL,JWN,KAR,KBH,KBR,KEX,KMPR,KMT,KNSL,KNX,KRC,KSS,LAD,LAMR,LEA,LECO,LFUS,LGND,LHCG,LII,LITE,LIVN,LNW,LOPE,LPX,LSI,LSTR,MAC,MAN,MANH,MASI,MAT,MCY,MDU,MEDP,MIDD,MKSI,MLKN,MMS,MODG,MOH,MPW,MRCY,MSA,MSM,MTG,MTX,MTZ,MUR,MUSA,MZTI,NATI,NAVI,NDSN,NEOG,NEU,NFG,NGVT,NJR,NKTR,NNN,NSP,NTCT,NUS,NUVA,NVT,NWE,NYT,OC,OGE,OGS,OHI,OI,OLED,OLLI,OLN,ORI,OSK,OZK,P,PACW,PB,PCH,PCTY,PDCO,PEB,PEN,PENN,PII,PK,PNFP,POST,PPC,PRAH,PRG,PRI,PRSP,PSB,PTC,PZZA,QDEL,QLYS,R,RAMP,REXR,RGA,RGEN,RGLD,RH,RLI,RNR,RPM,RRX,RS,RUN,RYN,SABR,SAFM,SAIC,SAIL,SAM,SBNY,SBRA,SCI,SEDG,SEIC,SF,SFM,SGI,SIGI,SIX,SKX,SLAB,SLGN,SLM,SMG,SMTC,SNV,SNX,SON,SR,SRC,SRCL,SSD,STAA,STL,STLD,STOR,STRA,SVC,SWX,SXT,SYNA,SYNH,TCBI,TCF,TDC,TDS,TECH,TEX,TGNA,THC,THG,THO,THS,TKO,TKR,TMHC,TNL,TOL,TPH,TR,TREE,TREX,TRIP,TRMK,TRN,TTC,TTEK,TXNM,TXRH,UAA/UA,UBSI,UE,UFS,UGI,UMBF,UMPQ,UNVR,URBN,UTHR,VAC,VC,VLY,VMI,VSAT,VSH,VVV,VYX,WAFD,WBS,WEN,WERN,WEX,WH,WING,WLY,WOLF,WOR,WRI,WSM,WSO,WTFC,WTRG,WW,WWD,X,XEC,XPO,Y,YELP,YETI,ZD"
2021-03-22,"ACC,ACHC,ACIW,ACM,ADNT,AEO,AFG,AGCO,AIRC,ALE,AM,AMED,AMG,AMKR,AN,ARW,ARWR,ASB,ASGN,ASH,ATGE,ATR,AVNS,AVNT,AVT,AXON,AYI,AZTA,BC,BCO,BDC,BFH,BHF,BJ,BKH,BLD,BLDR,BLKB,BOH,BRO,BRX,BYD,CABO,CACI,CADE,CAR,CASY,CATY,CBRL,CBSH,CBT,CC,CCMP,CDAY,CDK,CDP,CFR,CGNX,CHDN,CHE,CHH,CHX,CIEN,CIT,CLF,CLGX,CLH,CMC,CMD,CMP,CNK,CNO,CNX,CNXC,COHR,COLM,CONE,COR,COTY,CPRI,CPT,CRI,CRL,CRUS,CSL,CUZ,CVLT,CW,CXT,DAN,DAR,DCI,DECK,DEI,DINO,DKS,DOC,DY,EBS,EGP,EHC,EME,ENOV,ENR,ENS,EPR,EQT,ESNT,ETRN,EVR,EWBC,EXE,EXEL,EXP,FAF,FCFS,FCN,FDS,FFIN,FHI,FHN,FICO,FIVE,FL,FLG,FLO,FLR,FLS,FNB,FOXF,FR,FSLR,FULT,GAP,GATX,GBCI,GEF,GGG,GHC,GMED,GNTX,GNW,GO,GRUB,GT,GTM,HAE,HAIN,HALO,HCSG,HE,HELE,HIW,HOG,HOMB,HPP,HQY,HR,HRB,HRC,HUBB,HWC,HXL,IAA,IART,IBKR,IBOC,ICUI,IDA,IDCC,INGR,INT,IRDM,ITT,JACK,JAZZ,JBGS,JBL,JBLU,JEF,JHG,JLL,JWN,KAR,KBH,KBR,KEX,KMPR,KMT,KNSL,KNX,KRC,KSS,LAD,LAMR,LEA,LECO,LFUS,LGND,LHCG,LII,LITE,LIVN,LNW,LOPE,LPX,LSI,LSTR,MAC,MAN,MANH,MASI,MAT,MCY,MDU,MEDP,MIDD,MKSI,MLKN,MMS,MODG,MOH,MPW,MRCY,MSA,MSM,MTG,MTX,MTZ,MUR,MUSA,MZTI,NATI,NAVI,NDSN,NEOG,NEU,NFG,NGVT,NJR,NKTR,NNN,NSP,NTCT,NUS,NUVA,NVT,NWE,NYT,OC,OGE,OGS,OHI,OI,OLED,OLLI,OLN,ORI,OSK,OZK,P,PACW,PB,PCH,PCTY,PDCO,PEB,PEN,PII,PK,PNFP,POST,PPC,PRAH,PRG,PRI,PRSP,PSB,PTC,PZZA,QDEL,QLYS,R,RAMP,REXR,RGA,RGEN,RGLD,RH,RLI,RNR,RPM,RRX,RS,RUN,RYN,SABR,SAFM,SAIC,SAIL,SAM,SBNY,SBRA,SCI,SEDG,SEIC,SF,SFM,SGI,SIGI,SIX,SKX,SLAB,SLG,SLGN,SLM,SMG,SMTC,SNV,SNX,SON,SR,SRC,SRCL,SSD,STAA,STL,STLD,STOR,STRA,SVC,SWX,SXT,SYNA,SYNH,TCBI,TCF,TDC,TDS,TECH,TEX,TGNA,THC,THG,THO,THS,TKO,TKR,TMHC,TNL,TOL,TPH,TR,TREE,TREX,TRIP,TRMK,TRN,TTC,TTEK,TXNM,TXRH,UAA/UA,UBSI,UE,UFS,UGI,UMBF,UMPQ,UNVR,URBN,UTHR,VAC,VC,VLY,VMI,VNT,VSAT,VSH,VVV,VYX,WAFD,WBS,WEN,WERN,WEX,WH,WING,WLY,WOLF,WOR,WRI,WSM,WSO,WTFC,WTRG,WW,WWD,X,XEC,XPO,XRX,Y,YELP,YETI,ZD"
2021-03-30,"ACC,ACHC,ACIW,ACM,ADNT,AEO,AFG,AGCO,AIRC,ALE,AM,AMED,AMG,AMKR,AN,ARW,ARWR,ASB,ASGN,ASH,ATGE,ATR,AVNS,AVNT,AVT,AXON,AYI,AZTA,BC,BCO,BDC,BFH,BHF,BJ,BKH,BLD,BLDR,BLKB,BOH,BRO,BRX,BYD,CABO,CACI,CADE,CAR,CASY,CATY,CBRL,CBSH,CBT,CC,CCMP,CDAY,CDK,CDP,CFR,CGNX,CHDN,CHE,CHH,CHX,CIEN,CIT,CLF,CLGX,CLH,CMC,CMD,CMP,CNK,CNO,CNX,CNXC,COHR,COLM,CONE,COR,COTY,CPRI,CPT,CRI,CRL,CRUS,CSL,CUZ,CVLT,CW,CXT,DAN,DAR,DCI,DECK,DEI,DINO,DKS,DOC,DY,EBS,EGP,EHC,EME,ENOV,ENR,ENS,EPR,EQT,ESNT,ETRN,EVR,EWBC,EXE,EXEL,EXP,FAF,FCFS,FCN,FDS,FFIN,FHI,FHN,FICO,FIVE,FL,FLG,FLO,FLR,FLS,FNB,FOXF,FR,FSLR,FULT,GAP,GATX,GBCI,GEF,GGG,GHC,GMED,GNTX,GNW,GO,GRUB,GT,GTM,HAE,HAIN,HALO,HCSG,HE,HELE,HIW,HOG,HOMB,HPP,HQY,HR,HRB,HRC,HUBB,HWC,HXL,IAA,IART,IBKR,IBOC,ICUI,IDA,IDCC,INGR,INT,IRDM,ITT,JACK,JAZZ,JBGS,JBL,JBLU,JEF,JHG,JLL,JWN,KAR,KBH,KBR,KEX,KMPR,KMT,KNSL,KNX,KRC,KSS,LAD,LAMR,LEA,LECO,LFUS,LGND,LHCG,LII,LITE,LIVN,LNW,LOPE,LPX,LSI,LSTR,MAC,MAN,MANH,MASI,MAT,MCY,MDU,MEDP,MIDD,MKSI,MLKN,MMS,MODG,MOH,MPW,MRCY,MSA,MSM,MTG,MTX,MTZ,MUR,MUSA,MZTI,NATI,NAVI,NBIX,NDSN,NEOG,NEU,NFG,NGVT,NJR,NKTR,NNN,NSP,NTCT,NUS,NUVA,NVT,NWE,NYT,OC,OGE,OGS,OHI,OLED,OLLI,OLN,ORI,OSK,OZK,P,PACW,PB,PCH,PCTY,PDCO,PEB,PEN,PII,PK,PNFP,POST,PPC,PRAH,PRG,PRI,PRSP,PSB,PTC,PZZA,QDEL,QLYS,R,RAMP,REXR,RGA,RGEN,RGLD,RH,RLI,RNR,RPM,RRX,RS,RUN,RYN,SABR,SAFM,SAIC,SAIL,SAM,SBNY,SBRA,SCI,SEDG,SEIC,SF,SFM,SGI,SIGI,SIX,SKX,SLAB,SLG,SLGN,SLM,SMG,SMTC,SNV,SNX,SON,SR,SRC,SRCL,SSD,STAA,STL,STLD,STOR,STRA,SVC,SWX,SXT,SYNA,SYNH,TCBI,TCF,TDC,TDS,TECH,TEX,TGNA,THC,THG,THO,THS,TKO,TKR,TMHC,TNL,TOL,TPH,TR,TREE,TREX,TRIP,TRMK,TRN,TTC,TTEK,TXNM,TXRH,UAA/UA,UBSI,UE,UFS,UGI,UMBF,UMPQ,UNVR,URBN,UTHR,VAC,VC,VLY,VMI,VNT,VSAT,VSH,VVV,VYX,WAFD,WBS,WEN,WERN,WEX,WH,WING,WLY,WOLF,WOR,WRI,WSM,WSO,WTFC,WTRG,WW,WWD,X,XEC,XPO,XRX,Y,YELP,YETI,ZD"
2021-04-12,"ACC,ACHC,ACIW,ACM,ADNT,AEO,AFG,AGCO,AIRC,ALE,AM,AMED,AMG,AMKR,AN,ARW,ARWR,ASB,ASGN,ASH,ATGE,ATR,AVNS,AVNT,AVT,AXON,AYI,AZTA,BC,BCO,BDC,BFH,BHF,BJ,BKH,BLD,BLDR,BLKB,BOH,BRO,BRX,BYD,CABO,CACI,CADE,CAR,CASY,CATY,CBRL,CBSH,CBT,CC,CCMP,CDAY,CDK,CDP,CFR,CGNX,CHDN,CHE,CHH,CHX,CIEN,CIT,CLF,CLGX,CLH,CMC,CMD,CMP,CNK,CNO,CNX,CNXC,COHR,COLM,CONE,COR,COTY,CPRI,CPT,CRI,CRL,CRUS,CSL,CUZ,CVLT,CW,CXT,DAN,DAR,DCI,DECK,DEI,DINO,DKS,DOC,DY,EBS,EGP,EHC,EME,ENOV,ENR,ENS,EPR,EQT,ESNT,ETRN,EVR,EWBC,EXE,EXEL,EXP,FAF,FCFS,FCN,FDS,FFIN,FHI,FHN,FICO,FIVE,FL,FLG,FLO,FLR,FLS,FNB,FOXF,FR,FSLR,FULT,GAP,GATX,GBCI,GEF,GGG,GHC,GMED,GNTX,GNW,GO,GRUB,GT,GTM,HAE,HAIN,HALO,HCSG,HE,HELE,HIW,HOG,HOMB,HPP,HQY,HR,HRB,HRC,HUBB,HWC,HXL,IAA,IART,IBKR,IBOC,ICUI,IDA,INGR,INT,IRDM,ITT,JACK,JAZZ,JBGS,JBL,JBLU,JEF,JHG,JLL,JWN,KAR,KBH,KBR,KEX,KMPR,KMT,KNSL,KNX,KRC,KSS,LAD,LAMR,LEA,LECO,LFUS,LGND,LHCG,LII,LITE,LIVN,LNW,LOPE,LPX,LSI,LSTR,MAC,MAN,MANH,MASI,MAT,MCY,MDU,MEDP,MIDD,MKSI,MLKN,MMS,MODG,MOH,MPW,MRCY,MSA,MSM,MTG,MTX,MTZ,MUR,MUSA,MZTI,NATI,NAVI,NBIX,NDSN,NEOG,NEU,NFG,NGVT,NJR,NKTR,NNN,NSP,NTCT,NUS,NUVA,NVST,NVT,NWE,NYT,OC,OGE,OGS,OHI,OLED,OLLI,OLN,ORI,OSK,OZK,P,PACW,PB,PCH,PCTY,PDCO,PEB,PEN,PII,PK,PNFP,POST,PPC,PRAH,PRG,PRI,PRSP,PSB,PTC,PZZA,QDEL,QLYS,R,RAMP,REXR,RGA,RGEN,RGLD,RH,RLI,RNR,RPM,RRX,RS,RUN,RYN,SABR,SAFM,SAIC,SAIL,SAM,SBNY,SBRA,SCI,SEDG,SEIC,SF,SFM,SGI,SIGI,SIX,SKX,SLAB,SLG,SLGN,SLM,SMG,SMTC,SNV,SNX,SON,SR,SRC,SRCL,SSD,STAA,STL,STLD,STOR,STRA,SVC,SWX,SXT,SYNA,SYNH,TCBI,TCF,TDC,TDS,TECH,TEX,TGNA,THC,THG,THO,THS,TKO,TKR,TMHC,TNL,TOL,TPH,TR,TREE,TREX,TRIP,TRMK,TRN,TTC,TTEK,TXNM,TXRH,UAA/UA,UBSI,UE,UFS,UGI,UMBF,UMPQ,UNVR,URBN,UTHR,VAC,VC,VLY,VMI,VNT,VSAT,VSH,VVV,VYX,WAFD,WBS,WEN,WERN,WEX,WH,WING,WLY,WOLF,WOR,WRI,WSM,WSO,WTFC,WTRG,WW,WWD,X,XEC,XPO,XRX,Y,YELP,YETI,ZD"
2021-04-20,"ACC,ACHC,ACIW,ACM,ADNT,AEO,AFG,AGCO,AIRC,ALE,AM,AMED,AMG,AMKR,AN,ARW,ARWR,ASB,ASGN,ASH,ATGE,ATR,AVNS,AVNT,AVT,AXON,AYI,AZTA,BC,BCO,BDC,BFH,BHF,BJ,BKH,BLD,BLDR,BLKB,BOH,BRO,BRX,BYD,CABO,CACI,CADE,CAR,CASY,CATY,CBRL,CBSH,CBT,CC,CCMP,CDAY,CDK,CDP,CFR,CGNX,CHDN,CHE,CHH,CHX,CIEN,CIT,CLF,CLGX,CLH,CMC,CMD,CMP,CNK,CNO,CNX,CNXC,COHR,COLM,CONE,COR,COTY,CPRI,CPT,CRI,CRL,CRUS,CSL,CUZ,CVLT,CW,CXT,DAN,DAR,DCI,DECK,DEI,DINO,DKS,DOC,DY,EBS,EGP,EHC,EME,ENOV,ENR,ENS,EPR,EQT,ESNT,ETRN,EVR,EWBC,EXE,EXEL,EXP,FAF,FCFS,FCN,FDS,FFIN,FHI,FHN,FICO,FIVE,FL,FLG,FLO,FLR,FLS,FNB,FOXF,FR,FSLR,FULT,GAP,GATX,GBCI,GEF,GGG,GHC,GMED,GNTX,GNW,GO,GRUB,GT,GTM,HAE,HAIN,HALO,HCSG,HE,HELE,HIW,HOG,HOMB,HPP,HQY,HR,HRB,HRC,HUBB,HWC,HXL,IAA,IART,IBKR,IBOC,ICUI,IDA,INGR,INT,IRDM,ITT,JACK,JAZZ,JBGS,JBL,JBLU,JEF,JHG,JLL,JWN,KAR,KBH,KBR,KEX,KMPR,KMT,KNSL,KNX,KRC,KSS,LAD,LAMR,LEA,LECO,LFUS,LGND,LHCG,LII,LITE,LIVN,LNW,LOPE,LPX,LSCC,LSI,LSTR,MAC,MAN,MANH,MASI,MAT,MCY,MDU,MEDP,MIDD,MKSI,MLKN,MMS,MODG,MOH,MPW,MRCY,MSA,MSM,MTG,MTX,MTZ,MUR,MUSA,MZTI,NATI,NAVI,NBIX,NDSN,NEOG,NEU,NFG,NGVT,NJR,NKTR,NNN,NSP,NTCT,NUS,NUVA,NVST,NVT,NWE,NYT,OC,OGE,OGS,OHI,OLED,OLLI,OLN,ORI,OSK,OZK,P,PACW,PB,PCH,PCTY,PDCO,PEB,PEN,PGNY,PII,PK,PNFP,POST,PPC,PRAH,PRG,PRI,PRSP,PSB,PZZA,QDEL,QLYS,R,RAMP,REXR,RGA,RGEN,RGLD,RH,RLI,RNR,RPM,RRX,RS,RUN,RYN,SABR,SAFM,SAIC,SAIL,SAM,SBNY,SBRA,SCI,SEDG,SEIC,SF,SFM,SGI,SIGI,SIX,SKX,SLAB,SLG,SLGN,SLM,SMG,SMTC,SNV,SNX,SON,SR,SRC,SRCL,SSD,STAA,STL,STLD,STOR,STRA,SVC,SWX,SXT,SYNA,SYNH,TCBI,TCF,TDC,TDS,TECH,TEX,TGNA,THC,THG,THO,THS,TKO,TKR,TMHC,TNL,TOL,TPH,TR,TREE,TREX,TRIP,TRMK,TRN,TTC,TTEK,TXNM,TXRH,UAA/UA,UBSI,UE,UGI,UMBF,UMPQ,UNVR,URBN,UTHR,VAC,VC,VLY,VMI,VNT,VSAT,VSH,VVV,VYX,WAFD,WBS,WEN,WERN,WEX,WH,WING,WLY,WOLF,WOR,WRI,WSM,WSO,WTFC,WTRG,WW,WWD,X,XEC,XPO,XRX,Y,YELP,YETI,ZD"
2021-05-03,"ACC,ACHC,ACIW,ACM,ADNT,AEO,AFG,AGCO,AIRC,ALE,AM,AMED,AMG,AMKR,AN,ARW,ARWR,ASB,ASGN,ASH,ATGE,ATR,AVNS,AVNT,AVT,AXON,AYI,AZTA,BC,BCO,BDC,BFH,BHF,BJ,BKH,BLD,BLDR,BLKB,BOH,BRO,BRX,BYD,CABO,CACI,CADE,CAR,CASY,CATY,CBRL,CBSH,CBT,CC,CCMP,CDAY,CDK,CDP,CFR,CGNX,CHDN,CHE,CHH,CHX,CIEN,CIT,CLF,CLGX,CLH,CMC,CMD,CMP,CNK,CNO,CNX,CNXC,COHR,COLM,CONE,COR,COTY,CPRI,CPT,CRI,CRL,CRUS,CSL,CUZ,CVLT,CW,CXT,DAN,DAR,DCI,DECK,DEI,DINO,DKS,DOC,DY,EBS,EGP,EHC,EME,ENOV,ENR,ENS,EPR,EQT,ESNT,ETRN,EVR,EWBC,EXE,EXEL,EXP,FAF,FCFS,FCN,FDS,FFIN,FHI,FHN,FICO,FIVE,FL,FLG,FLO,FLR,FLS,FNB,FOXF,FR,FSLR,FULT,G,GAP,GATX,GBCI,GEF,GGG,GHC,GMED,GNTX,GO,GRUB,GT,GTM,HAE,HAIN,HALO,HCSG,HE,HELE,HIW,HOG,HOMB,HPP,HQY,HR,HRB,HRC,HUBB,HWC,HXL,IAA,IART,IBKR,IBOC,ICUI,IDA,INGR,INT,IRDM,ITT,JACK,JAZZ,JBGS,JBL,JBLU,JEF,JHG,JLL,JWN,KAR,KBH,KBR,KEX,KMPR,KMT,KNSL,KNX,KRC,KSS,LAD,LAMR,LEA,LECO,LFUS,LGND,LHCG,LII,LITE,LIVN,LNW,LOPE,LPX,LSCC,LSI,LSTR,MAC,MAN,MANH,MASI,MAT,MCY,MDU,MEDP,MIDD,MKSI,MLKN,MMS,MODG,MOH,MPW,MRCY,MSA,MSM,MTG,MTX,MTZ,MUR,MUSA,MZTI,NATI,NAVI,NBIX,NDSN,NEOG,NEU,NFG,NGVT,NJR,NKTR,NNN,NSP,NTCT,NUS,NUVA,NVST,NVT,NWE,NYT,OC,OGE,OGS,OHI,OLED,OLLI,OLN,ORI,OSK,OZK,P,PACW,PB,PCH,PCTY,PDCO,PEB,PEN,PGNY,PII,PK,PNFP,POST,PPC,PRAH,PRG,PRI,PRSP,PSB,PZZA,QDEL,QLYS,R,RAMP,REXR,RGA,RGEN,RGLD,RH,RLI,RNR,RPM,RRX,RS,RUN,RYN,SABR,SAFM,SAIC,SAIL,SAM,SBNY,SBRA,SCI,SEDG,SEIC,SF,SFM,SGI,SIGI,SIX,SKX,SLAB,SLG,SLGN,SLM,SMG,SMTC,SNV,SNX,SON,SR,SRC,SRCL,SSD,STAA,STL,STLD,STOR,STRA,SVC,SWX,SXT,SYNA,SYNH,TCBI,TCF,TDC,TDS,TECH,TEX,TGNA,THC,THG,THO,THS,TKO,TKR,TMHC,TNL,TOL,TPH,TR,TREE,TREX,TRIP,TRMK,TRN,TTC,TTEK,TXNM,TXRH,UAA/UA,UBSI,UE,UGI,UMBF,UMPQ,UNVR,URBN,UTHR,VAC,VC,VLY,VMI,VNT,VSAT,VSH,VVV,VYX,WAFD,WBS,WEN,WERN,WEX,WH,WING,WLY,WOLF,WOR,WRI,WSM,WSO,WTFC,WTRG,WW,WWD,X,XEC,XPO,XRX,Y,YELP,YETI,ZD"
2021-05-07,"ACC,ACHC,ACIW,ACM,ADNT,AEO,AFG,AGCO,AIRC,ALE,AM,AMED,AMG,AMKR,AN,ARW,ARWR,ASB,ASGN,ASH,ATGE,ATR,AVNS,AVNT,AVT,AXON,AYI,AZTA,BC,BCO,BDC,BFH,BHF,BJ,BKH,BLD,BLDR,BLKB,BOH,BRO,BRX,BYD,CABO,CACI,CADE,CAR,CASY,CATY,CBRL,CBSH,CBT,CC,CCMP,CDAY,CDK,CDP,CFR,CGNX,CHDN,CHE,CHH,CHX,CIEN,CIT,CLF,CLGX,CLH,CMC,CMD,CMP,CNK,CNO,CNX,CNXC,COHR,COLM,CONE,COR,COTY,CPRI,CPT,CRI,CRL,CRUS,CSL,CUZ,CVLT,CW,CXT,DAN,DAR,DCI,DECK,DEI,DINO,DKS,DOC,DY,EBS,EGP,EHC,EME,ENOV,ENR,ENS,EPR,EQT,ESNT,ETRN,EVR,EWBC,EXE,EXEL,EXP,FAF,FCFS,FCN,FDS,FFIN,FHI,FHN,FICO,FIVE,FL,FLG,FLO,FLR,FLS,FNB,FOXF,FR,FSLR,FULT,G,GAP,GATX,GBCI,GEF,GGG,GHC,GMED,GNTX,GO,GRUB,GT,GTM,HAE,HAIN,HALO,HCSG,HE,HELE,HIW,HOG,HOMB,HPP,HQY,HR,HRB,HRC,HUBB,HWC,HXL,IAA,IART,IBKR,IBOC,ICUI,IDA,INGR,INT,IRDM,ITT,JACK,JAZZ,JBGS,JBL,JBLU,JEF,JHG,JLL,JWN,KAR,KBH,KBR,KEX,KMPR,KMT,KNSL,KNX,KRC,KSS,LAD,LAMR,LEA,LECO,LFUS,LGND,LHCG,LII,LITE,LIVN,LNW,LOPE,LPX,LSCC,LSI,LSTR,MAC,MAN,MANH,MASI,MAT,MCY,MDU,MEDP,MIDD,MKSI,MLKN,MMS,MODG,MOH,MPW,MRCY,MSA,MSM,MTG,MTX,MTZ,MUR,MUSA,MZTI,NATI,NAVI,NBIX,NDSN,NEOG,NEU,NFG,NGVT,NJR,NKTR,NNN,NSP,NTCT,NUS,NUVA,NVST,NVT,NWE,NYT,OC,OGE,OGS,OHI,OLED,OLLI,OLN,ORI,OSK,OZK,P,PACW,PB,PCH,PCTY,PDCO,PEB,PEN,PGNY,PII,PK,PNFP,POST,PPC,PRAH,PRG,PRI,PSB,PZZA,QDEL,QLYS,R,RAMP,RCM,REXR,RGA,RGEN,RGLD,RH,RLI,RNR,RPM,RRX,RS,RUN,RYN,SABR,SAFM,SAIC,SAIL,SAM,SBNY,SBRA,SCI,SEDG,SEIC,SF,SFM,SGI,SIGI,SIX,SKX,SLAB,SLG,SLGN,SLM,SMG,SMTC,SNV,SNX,SON,SR,SRC,SRCL,SSD,STAA,STL,STLD,STOR,STRA,SVC,SWX,SXT,SYNA,SYNH,TCBI,TCF,TDC,TDS,TECH,TEX,TGNA,THC,THG,THO,THS,TKO,TKR,TMHC,TNL,TOL,TPH,TR,TREE,TREX,TRIP,TRMK,TRN,TTC,TTEK,TXNM,TXRH,UAA/UA,UBSI,UE,UGI,UMBF,UMPQ,UNVR,URBN,UTHR,VAC,VC,VLY,VMI,VNT,VSAT,VSH,VVV,VYX,WAFD,WBS,WEN,WERN,WEX,WH,WING,WLY,WOLF,WOR,WRI,WSM,WSO,WTFC,WTRG,WW,WWD,X,XEC,XPO,XRX,Y,YELP,YETI,ZD"
2021-05-14,"ACC,ACHC,ACIW,ACM,ADNT,AEO,AFG,AGCO,AIRC,ALE,AM,AMED,AMG,AMKR,AN,ARW,ARWR,ASB,ASGN,ASH,ATGE,ATR,AVNS,AVNT,AVT,AXON,AYI,AZTA,BC,BCO,BDC,BFH,BHF,BJ,BKH,BLD,BLDR,BLKB,BOH,BRO,BRX,BYD,CABO,CACI,CADE,CAR,CASY,CATY,CBRL,CBSH,CBT,CC,CCMP,CDAY,CDK,CDP,CFR,CGNX,CHDN,CHE,CHH,CHX,CIEN,CIT,CLF,CLGX,CLH,CMC,CMD,CMP,CNK,CNO,CNX,CNXC,COHR,COLM,CONE,COR,COTY,CPRI,CPT,CRI,CRUS,CSL,CUZ,CVLT,CW,CXT,DAN,DAR,DCI,DECK,DEI,DINO,DKS,DOC,DY,EBS,EGP,EHC,EME,ENOV,ENR,ENS,EPR,EQT,ESNT,ETRN,EVR,EWBC,EXE,EXEL,EXP,FAF,FCFS,FCN,FDS,FFIN,FHI,FHN,FICO,FIVE,FL,FLG,FLO,FLR,FLS,FNB,FOXF,FR,FSLR,FULT,G,GAP,GATX,GBCI,GEF,GGG,GHC,GMED,GNTX,GO,GRUB,GT,GTM,HAE,HAIN,HALO,HCSG,HE,HELE,HIW,HOG,HOMB,HPP,HQY,HR,HRB,HRC,HUBB,HWC,HXL,IAA,IART,IBKR,IBOC,ICUI,IDA,INGR,INT,IRDM,ITT,JACK,JAZZ,JBGS,JBL,JBLU,JEF,JHG,JLL,JWN,KAR,KBH,KBR,KEX,KMPR,KMT,KNSL,KNX,KRC,KSS,LAD,LAMR,LEA,LECO,LFUS,LGND,LHCG,LII,LITE,LIVN,LNW,LOPE,LPX,LSCC,LSI,LSTR,MAC,MAN,MANH,MASI,MAT,MCY,MDU,MEDP,MIDD,MKSI,MLKN,MMS,MODG,MOH,MPW,MRCY,MSA,MSM,MTG,MTX,MTZ,MUR,MUSA,MZTI,NATI,NAVI,NBIX,NDSN,NEOG,NEU,NFG,NGVT,NJR,NKTR,NNN,NSA,NSP,NTCT,NUS,NUVA,NVST,NVT,NWE,NYT,OC,OGE,OGS,OHI,OLED,OLLI,OLN,ORI,OSK,OZK,P,PACW,PB,PCH,PCTY,PDCO,PEB,PEN,PGNY,PII,PK,PNFP,POST,PPC,PRAH,PRG,PRI,PSB,PZZA,QDEL,QLYS,R,RAMP,RCM,REXR,RGA,RGEN,RGLD,RH,RLI,RNR,RPM,RRX,RS,RUN,RYN,SABR,SAFM,SAIC,SAIL,SAM,SBNY,SBRA,SCI,SEDG,SEIC,SF,SFM,SGI,SIGI,SIX,SKX,SLAB,SLG,SLGN,SLM,SMG,SMTC,SNV,SNX,SON,SR,SRC,SRCL,SSD,STAA,STL,STLD,STOR,STRA,SVC,SWX,SXT,SYNA,SYNH,TCBI,TCF,TDC,TDS,TECH,TEX,TGNA,THC,THG,THO,THS,TKO,TKR,TMHC,TNL,TOL,TPH,TR,TREE,TREX,TRIP,TRMK,TRN,TTC,TTEK,TXNM,TXRH,UAA/UA,UBSI,UE,UGI,UMBF,UMPQ,UNVR,URBN,UTHR,VAC,VC,VLY,VMI,VNT,VSAT,VSH,VVV,VYX,WAFD,WBS,WEN,WERN,WEX,WH,WING,WLY,WOLF,WOR,WRI,WSM,WSO,WTFC,WTRG,WW,WWD,X,XEC,XPO,XRX,Y,YELP,YETI,ZD"
2021-05-17,"ACC,ACHC,ACIW,ACM,ADNT,AEO,AFG,AGCO,AIRC,ALE,AM,AMED,AMG,AMKR,AN,ARW,ARWR,ASB,ASGN,ASH,ATGE,ATR,AVNT,AVT,AXON,AYI,AZPN,AZTA,BC,BCO,BDC,BFH,BHF,BJ,BKH,BLD,BLDR,BLKB,BOH,BRO,BRX,BYD,CABO,CACI,CADE,CAR,CASY,CATY,CBRL,CBSH,CBT,CC,CCMP,CDAY,CDK,CDP,CFR,CGNX,CHDN,CHE,CHH,CHX,CIEN,CIT,CLF,CLGX,CLH,CMC,CMD,CMP,CNK,CNO,CNX,CNXC,COHR,COLM,CONE,COR,COTY,CPRI,CPT,CRI,CRUS,CSL,CUZ,CVLT,CW,CXT,DAN,DAR,DCI,DECK,DEI,DINO,DKS,DOC,DY,EBS,EGP,EHC,EME,ENOV,ENR,ENS,EPR,EQT,ESNT,ETRN,EVR,EWBC,EXE,EXEL,EXP,FAF,FCFS,FCN,FDS,FFIN,FHI,FHN,FICO,FIVE,FL,FLG,FLO,FLR,FLS,FNB,FOXF,FR,FSLR,FULT,G,GAP,GATX,GBCI,GEF,GGG,GHC,GMED,GNTX,GO,GRUB,GT,GTM,HAE,HAIN,HALO,HCSG,HE,HELE,HIW,HOG,HOMB,HPP,HQY,HR,HRB,HRC,HUBB,HWC,HXL,IAA,IART,IBKR,IBOC,ICUI,IDA,INGR,INT,IRDM,ITT,JACK,JAZZ,JBGS,JBL,JBLU,JEF,JHG,JLL,JWN,KAR,KBH,KBR,KEX,KMPR,KMT,KNSL,KNX,KRC,KSS,LAD,LAMR,LEA,LECO,LFUS,LGND,LHCG,LII,LITE,LIVN,LNW,LOPE,LPX,LSCC,LSI,LSTR,MAC,MAN,MANH,MASI,MAT,MCY,MDU,MEDP,MIDD,MKSI,MLKN,MMS,MODG,MOH,MPW,MRCY,MSA,MSM,MTG,MTX,MTZ,MUR,MUSA,MZTI,NATI,NAVI,NBIX,NDSN,NEOG,NEU,NFG,NGVT,NJR,NKTR,NNN,NSA,NSP,NTCT,NUS,NUVA,NVST,NVT,NWE,NYT,OC,OGE,OGS,OHI,OLED,OLLI,OLN,ORI,OSK,OZK,P,PACW,PB,PCH,PCTY,PDCO,PEB,PEN,PGNY,PII,PK,PNFP,POST,PPC,PRAH,PRG,PRI,PSB,PZZA,QDEL,QLYS,R,RAMP,RCM,REXR,RGA,RGEN,RGLD,RH,RLI,RNR,RPM,RRX,RS,RUN,RYN,SABR,SAFM,SAIC,SAIL,SAM,SBNY,SBRA,SCI,SEDG,SEIC,SF,SFM,SGI,SIGI,SIX,SKX,SLAB,SLG,SLGN,SLM,SMG,SMTC,SNV,SNX,SON,SR,SRC,SRCL,SSD,STAA,STL,STLD,STOR,STRA,SVC,SWX,SXT,SYNA,SYNH,TCBI,TCF,TDC,TDS,TECH,TEX,TGNA,THC,THG,THO,THS,TKO,TKR,TMHC,TNL,TOL,TPH,TR,TREE,TREX,TRIP,TRMK,TRN,TTC,TTEK,TXNM,TXRH,UAA/UA,UBSI,UE,UGI,UMBF,UMPQ,UNVR,URBN,UTHR,VAC,VC,VLY,VMI,VNT,VSAT,VSH,VVV,VYX,WAFD,WBS,WEN,WERN,WEX,WH,WING,WLY,WOLF,WOR,WRI,WSM,WSO,WTFC,WTRG,WW,WWD,X,XEC,XPO,XRX,Y,YELP,YETI,ZD"
2021-06-02,"ACC,ACHC,ACIW,ACM,ADNT,AEO,AFG,AGCO,AIRC,ALE,AM,AMED,AMG,AMKR,AN,ARW,ARWR,ASB,ASGN,ASH,ATGE,ATR,AVNT,AVT,AXON,AYI,AZPN,AZTA,BC,BCO,BDC,BFH,BHF,BJ,BKH,BLD,BLDR,BLKB,BOH,BRO,BRX,BYD,CABO,CACI,CADE,CAR,CASY,CATY,CBRL,CBSH,CBT,CC,CCMP,CDAY,CDK,CDP,CFR,CGNX,CHDN,CHE,CHH,CHX,CIEN,CIT,CLF,CLGX,CLH,CMC,CMP,CNK,CNO,CNX,CNXC,COHR,COLM,CONE,COR,COTY,CPRI,CPT,CRI,CROX,CRUS,CSL,CUZ,CVLT,CW,CXT,DAN,DAR,DCI,DECK,DEI,DINO,DKS,DOC,DY,EBS,EGP,EHC,EME,ENOV,ENR,ENS,EPR,EQT,ESNT,ETRN,EVR,EWBC,EXE,EXEL,EXP,FAF,FCFS,FCN,FDS,FFIN,FHI,FHN,FICO,FIVE,FL,FLG,FLO,FLR,FLS,FNB,FOXF,FR,FSLR,FULT,G,GAP,GATX,GBCI,GEF,GGG,GHC,GMED,GNTX,GO,GRUB,GT,GTM,HAE,HAIN,HALO,HCSG,HE,HELE,HIW,HOG,HOMB,HPP,HQY,HR,HRB,HRC,HUBB,HWC,HXL,IAA,IART,IBKR,IBOC,ICUI,IDA,INGR,INT,IRDM,ITT,JACK,JAZZ,JBGS,JBL,JBLU,JEF,JHG,JLL,JWN,KAR,KBH,KBR,KEX,KMPR,KMT,KNSL,KNX,KRC,KSS,LAD,LAMR,LEA,LECO,LFUS,LGND,LHCG,LII,LITE,LIVN,LNW,LOPE,LPX,LSCC,LSI,LSTR,MAC,MAN,MANH,MASI,MAT,MCY,MDU,MEDP,MIDD,MKSI,MLKN,MMS,MODG,MOH,MPW,MRCY,MSA,MSM,MTG,MTX,MTZ,MUR,MUSA,MZTI,NATI,NAVI,NBIX,NDSN,NEOG,NEU,NFG,NGVT,NJR,NKTR,NNN,NSA,NSP,NTCT,NUS,NUVA,NVST,NVT,NWE,NYT,OC,OGE,OGS,OHI,OLED,OLLI,OLN,ORI,OSK,OZK,P,PACW,PB,PCH,PCTY,PDCO,PEB,PEN,PGNY,PII,PK,PNFP,POST,PPC,PRAH,PRG,PRI,PSB,PZZA,QDEL,QLYS,R,RAMP,RCM,REXR,RGA,RGEN,RGLD,RH,RLI,RNR,RPM,RRX,RS,RUN,RYN,SABR,SAFM,SAIC,SAIL,SAM,SBNY,SBRA,SCI,SEDG,SEIC,SF,SFM,SGI,SIGI,SIX,SKX,SLAB,SLG,SLGN,SLM,SMG,SMTC,SNV,SNX,SON,SR,SRC,SRCL,SSD,STAA,STL,STLD,STOR,STRA,SVC,SWX,SXT,SYNA,SYNH,TCBI,TCF,TDC,TDS,TECH,TEX,TGNA,THC,THG,THO,THS,TKO,TKR,TMHC,TNL,TOL,TPH,TR,TREE,TREX,TRIP,TRMK,TRN,TTC,TTEK,TXNM,TXRH,UAA/UA,UBSI,UE,UGI,UMBF,UMPQ,UNVR,URBN,UTHR,VAC,VC,VLY,VMI,VNT,VSAT,VSH,VVV,VYX,WAFD,WBS,WEN,WERN,WEX,WH,WING,WLY,WOLF,WOR,WRI,WSM,WSO,WTFC,WTRG,WW,WWD,X,XEC,XPO,XRX,Y,YELP,YETI,ZD"
2021-06-04,"ACC,ACHC,ACIW,ACM,ADNT,AEO,AFG,AGCO,AIRC,ALE,AM,AMED,AMG,AMKR,AN,ARW,ARWR,ASB,ASGN,ASH,ATGE,ATR,AVNT,AVT,AXON,AYI,AZPN,AZTA,BC,BCO,BDC,BFH,BHF,BJ,BKH,BLD,BLDR,BLKB,BOH,BRO,BRX,BYD,CABO,CACI,CADE,CAR,CASY,CATY,CBRL,CBSH,CBT,CC,CCMP,CDAY,CDK,CDP,CFR,CGNX,CHDN,CHE,CHH,CHX,CIEN,CIT,CLF,CLGX,CLH,CMC,CMP,CNK,CNO,CNX,CNXC,COHR,COLM,CONE,COR,COTY,CPRI,CPT,CRI,CROX,CRUS,CSL,CUZ,CVLT,CW,CXT,DAN,DAR,DCI,DECK,DEI,DINO,DKS,DOC,DY,EBS,EGP,EHC,EME,ENOV,ENR,ENS,EPR,EQT,ESNT,ETRN,EVR,EWBC,EXE,EXEL,EXP,FAF,FCFS,FCN,FDS,FFIN,FHI,FHN,FICO,FIVE,FL,FLG,FLO,FLR,FLS,FNB,FOXF,FR,FSLR,FULT,G,GAP,GATX,GBCI,GEF,GGG,GHC,GMED,GNTX,GO,GRUB,GT,GTM,HAE,HAIN,HALO,HCSG,HE,HELE,HIW,HOG,HOMB,HPP,HQY,HR,HRB,HRC,HUBB,HWC,HXL,IAA,IART,IBKR,IBOC,ICUI,IDA,INGR,INT,IRDM,ITT,JACK,JAZZ,JBGS,JBL,JBLU,JEF,JHG,JLL,JWN,KAR,KBH,KBR,KEX,KMPR,KMT,KNSL,KNX,KRC,KSS,LAD,LAMR,LEA,LECO,LFUS,LGND,LHCG,LII,LITE,LIVN,LNW,LOPE,LPX,LSCC,LSI,LSTR,MAC,MAN,MANH,MASI,MAT,MCY,MDU,MEDP,MIDD,MKSI,MLKN,MMS,MODG,MOH,MPW,MRCY,MSA,MSM,MTG,MTX,MTZ,MUR,MUSA,MZTI,NATI,NAVI,NBIX,NDSN,NEOG,NEU,NFG,NGVT,NJR,NKTR,NNN,NSA,NSP,NTCT,NUS,NUVA,NVST,NVT,NWE,NYT,OC,OGE,OGS,OHI,OLED,OLLI,OLN,ORI,OSK,OZK,P,PACW,PB,PCH,PCTY,PDCO,PEB,PEN,PGNY,PII,PK,PNFP,POST,PPC,PRAH,PRG,PRI,PSB,PZZA,QDEL,QLYS,R,RAMP,RCM,REXR,RGA,RGEN,RGLD,RH,RLI,RNR,RPM,RRX,RS,RUN,RYN,SABR,SAFM,SAIC,SAIL,SAM,SBNY,SBRA,SCI,SEDG,SEIC,SF,SFM,SGI,SIGI,SIX,SKX,SLAB,SLG,SLGN,SLM,SMG,SMTC,SNV,SNX,SON,SR,SRC,SRCL,SSD,STAA,STL,STLD,STOR,STRA,SWX,SXT,SYNA,SYNH,TCBI,TCF,TDC,TDS,TECH,TEX,TGNA,THC,THG,THO,THS,TKO,TKR,TMHC,TNL,TOL,TPH,TR,TREE,TREX,TRIP,TRMK,TRN,TTC,TTEK,TXNM,TXRH,UAA/UA,UBSI,UE,UGI,UMBF,UMPQ,UNVR,URBN,UTHR,VAC,VC,VLY,VMI,VNT,VSAT,VSH,VVV,VYX,WAFD,WBS,WEN,WERN,WEX,WH,WING,WLY,WOLF,WOR,WRI,WSM,WSO,WTFC,WTRG,WW,WWD,X,XEC,XPO,XRX,Y,YELP,YETI,ZD"
2021-06-09,"ACC,ACHC,ACIW,ACM,ADNT,AEO,AFG,AGCO,AIRC,ALE,AM,AMED,AMG,AMKR,AN,ARW,ARWR,ASB,ASGN,ASH,ATGE,ATR,AVNT,AVT,AXON,AYI,AZPN,AZTA,BC,BCO,BDC,BFH,BHF,BJ,BKH,BLD,BLDR,BLKB,BOH,BRO,BRX,BYD,CABO,CACI,CADE,CAR,CASY,CATY,CBRL,CBSH,CBT,CC,CCMP,CDAY,CDK,CDP,CFR,CGNX,CHDN,CHE,CHH,CHX,CIEN,CIT,CLF,CLH,CMC,CMP,CNK,CNO,CNX,CNXC,COHR,COLM,CONE,COR,COTY,CPRI,CPT,CRI,CROX,CRUS,CSL,CUZ,CVLT,CW,CXT,DAN,DAR,DCI,DECK,DEI,DINO,DKS,DOC,DY,EBS,EGP,EHC,EME,ENOV,ENR,ENS,ENV,EPR,EQT,ESNT,ETRN,EVR,EWBC,EXE,EXEL,EXP,FAF,FCFS,FCN,FDS,FFIN,FHI,FHN,FICO,FIVE,FL,FLG,FLO,FLR,FLS,FNB,FOXF,FR,FSLR,FULT,G,GAP,GATX,GBCI,GEF,GGG,GHC,GMED,GNTX,GO,GRUB,GT,GTM,HAE,HAIN,HALO,HCSG,HE,HELE,HIW,HOG,HOMB,HPP,HQY,HR,HRB,HRC,HUBB,HWC,HXL,IAA,IART,IBKR,IBOC,ICUI,IDA,INGR,INT,IRDM,ITT,JACK,JAZZ,JBGS,JBL,JBLU,JEF,JHG,JLL,JWN,KAR,KBH,KBR,KEX,KMPR,KMT,KNSL,KNX,KRC,KSS,LAD,LAMR,LEA,LECO,LFUS,LGND,LHCG,LII,LITE,LIVN,LNW,LOPE,LPX,LSCC,LSI,LSTR,MAC,MAN,MANH,MASI,MAT,MCY,MDU,MEDP,MIDD,MKSI,MLKN,MMS,MODG,MOH,MPW,MRCY,MSA,MSM,MTG,MTX,MTZ,MUR,MUSA,MZTI,NATI,NAVI,NBIX,NDSN,NEOG,NEU,NFG,NGVT,NJR,NKTR,NNN,NSA,NSP,NTCT,NUS,NUVA,NVST,NVT,NWE,NYT,OC,OGE,OGS,OHI,OLED,OLLI,OLN,ORI,OSK,OZK,P,PACW,PB,PCH,PCTY,PDCO,PEB,PEN,PGNY,PII,PK,PNFP,POST,PPC,PRAH,PRG,PRI,PSB,PZZA,QDEL,QLYS,R,RAMP,RCM,REXR,RGA,RGEN,RGLD,RH,RLI,RNR,RPM,RRX,RS,RUN,RYN,SABR,SAFM,SAIC,SAIL,SAM,SBNY,SBRA,SCI,SEDG,SEIC,SF,SFM,SGI,SIGI,SIX,SKX,SLAB,SLG,SLGN,SLM,SMG,SMTC,SNV,SNX,SON,SR,SRC,SRCL,SSD,STAA,STL,STLD,STOR,STRA,SWX,SXT,SYNA,SYNH,TCBI,TDC,TDS,TECH,TEX,TGNA,THC,THG,THO,THS,TKO,TKR,TMHC,TNL,TOL,TPH,TR,TREE,TREX,TRGP,TRIP,TRMK,TRN,TTC,TTEK,TXNM,TXRH,UAA/UA,UBSI,UE,UGI,UMBF,UMPQ,UNVR,URBN,UTHR,VAC,VC,VLY,VMI,VNT,VSAT,VSH,VVV,VYX,WAFD,WBS,WEN,WERN,WEX,WH,WING,WLY,WOLF,WOR,WRI,WSM,WSO,WTFC,WTRG,WW,WWD,X,XEC,XPO,XRX,Y,YELP,YETI,ZD"
2021-06-15,"ACC,ACHC,ACIW,ACM,ADNT,AEO,AFG,AGCO,AIRC,ALE,AM,AMED,AMG,AMKR,AN,ARW,ARWR,ASB,ASGN,ASH,ATGE,ATR,AVNT,AVT,AXON,AYI,AZPN,AZTA,BC,BCO,BDC,BFH,BHF,BJ,BKH,BLD,BLDR,BLKB,BOH,BRO,BRX,BYD,CABO,CACI,CADE,CAR,CASY,CATY,CBRL,CBSH,CBT,CC,CCMP,CDAY,CDK,CDP,CFR,CGNX,CHDN,CHE,CHH,CHX,CIEN,CIT,CLF,CLH,CMC,CMP,CNK,CNO,CNX,CNXC,COHR,COLM,CONE,COR,COTY,CPRI,CPT,CRI,CROX,CRUS,CSL,CUZ,CVLT,CW,CXT,DAN,DAR,DCI,DECK,DEI,DINO,DKS,DOC,DY,EBS,EGP,EHC,EME,ENOV,ENR,ENS,ENV,EPR,EQT,ESNT,ETRN,EVR,EWBC,EXE,EXEL,EXP,FAF,FCFS,FCN,FDS,FFIN,FHI,FHN,FICO,FIVE,FL,FLG,FLO,FLR,FLS,FNB,FOXF,FR,FSLR,FULT,G,GAP,GATX,GBCI,GEF,GGG,GHC,GMED,GNTX,GO,GT,GTM,HAE,HAIN,HALO,HCSG,HE,HELE,HIW,HOG,HOMB,HPP,HQY,HR,HRB,HRC,HUBB,HWC,HXL,IAA,IART,IBKR,IBOC,ICUI,IDA,INGR,INT,IRDM,ITT,JACK,JAZZ,JBGS,JBL,JBLU,JEF,JHG,JLL,JWN,KAR,KBH,KBR,KEX,KMPR,KMT,KNSL,KNX,KRC,KSS,LAD,LAMR,LEA,LECO,LFUS,LGND,LHCG,LII,LITE,LIVN,LNW,LOPE,LPX,LSCC,LSI,LSTR,MAC,MAN,MANH,MASI,MAT,MCY,MDU,MEDP,MIDD,MKSI,MLKN,MMS,MODG,MOH,MPW,MRCY,MSA,MSM,MTG,MTX,MTZ,MUR,MUSA,MZTI,NATI,NAVI,NBIX,NDSN,NEOG,NEU,NFG,NGVT,NJR,NKTR,NNN,NSA,NSP,NTCT,NUS,NUVA,NVST,NVT,NWE,NYT,OC,OGE,OGS,OHI,OLED,OLLI,OLN,ORI,OSK,OZK,P,PACW,PB,PCH,PCTY,PDCO,PEB,PEN,PGNY,PII,PK,PNFP,POST,PPC,PRAH,PRG,PRI,PSB,PZZA,QDEL,QLYS,R,RAMP,RCM,REXR,RGA,RGEN,RGLD,RH,RLI,RNR,RPM,RRX,RS,RUN,RYN,SABR,SAFM,SAIC,SAIL,SAM,SBNY,SBRA,SCI,SEDG,SEIC,SF,SFM,SGI,SIGI,SIX,SKX,SLAB,SLG,SLGN,SLM,SMG,SMTC,SNV,SNX,SON,SR,SRC,SRCL,SSD,STAA,STL,STLD,STOR,STRA,SWX,SXT,SYNA,SYNH,TCBI,TDC,TDS,TECH,TEX,TGNA,THC,THG,THO,THS,TKO,TKR,TMHC,TNL,TOL,TPH,TR,TREE,TREX,TRGP,TRIP,TRMK,TRN,TTC,TTEK,TXNM,TXRH,UAA/UA,UBSI,UE,UGI,UMBF,UMPQ,UNVR,URBN,UTHR,VAC,VC,VLY,VMI,VNT,VSAT,VSH,VVV,VYX,WAFD,WBS,WEN,WERN,WEX,WH,WING,WLY,WOLF,WOR,WRI,WSM,WSO,WTFC,WTRG,WW,WWD,X,XEC,XPO,XRX,Y,YELP,YETI,ZD"
2021-07-02,"ACC,ACHC,ACIW,ACM,ADNT,AEO,AFG,AGCO,AIRC,ALE,AM,AMED,AMG,AMKR,AN,ARW,ARWR,ASB,ASGN,ASH,ATGE,ATR,AVNT,AVT,AXON,AYI,AZPN,AZTA,BC,BCO,BDC,BFH,BHF,BJ,BKH,BLD,BLDR,BLKB,BOH,BRO,BRX,BYD,CABO,CACI,CADE,CAR,CASY,CATY,CBRL,CBSH,CBT,CC,CCMP,CDAY,CDK,CDP,CFR,CGNX,CHDN,CHE,CHH,CHX,CIEN,CIT,CLF,CLH,CMC,CMP,CNK,CNO,CNX,CNXC,COHR,COLM,CONE,COR,COTY,CPRI,CPT,CRI,CROX,CRUS,CSL,CUZ,CVLT,CW,CXT,DAN,DAR,DCI,DECK,DEI,DINO,DKS,DOC,DTM,DY,EBS,EGP,EHC,EME,ENOV,ENR,ENS,ENV,EPR,EQT,ESNT,ETRN,EVR,EWBC,EXE,EXEL,EXP,FAF,FCFS,FCN,FDS,FFIN,FHI,FHN,FICO,FIVE,FL,FLG,FLO,FLR,FLS,FNB,FOXF,FR,FSLR,FULT,G,GAP,GATX,GBCI,GEF,GGG,GHC,GMED,GNTX,GO,GT,GTM,HAE,HAIN,HALO,HCSG,HE,HELE,HIW,HOG,HOMB,HPP,HQY,HR,HRB,HRC,HUBB,HWC,HXL,IAA,IART,IBKR,IBOC,ICUI,IDA,INGR,INT,IRDM,ITT,JACK,JAZZ,JBGS,JBL,JBLU,JEF,JHG,JLL,JWN,KAR,KBH,KBR,KEX,KMPR,KMT,KNSL,KNX,KRC,KSS,LAD,LAMR,LEA,LECO,LFUS,LGND,LHCG,LII,LITE,LIVN,LNW,LOPE,LPX,LSCC,LSI,LSTR,MAC,MAN,MANH,MASI,MAT,MCY,MDU,MEDP,MIDD,MKSI,MLKN,MMS,MODG,MOH,MPW,MRCY,MSA,MSM,MTG,MTX,MTZ,MUR,MUSA,MZTI,NATI,NAVI,NBIX,NDSN,NEOG,NEU,NFG,NGVT,NJR,NKTR,NNN,NSA,NSP,NTCT,NUS,NUVA,NVST,NVT,NWE,NYT,OC,OGE,OGS,OHI,OLED,OLLI,OLN,ORI,OSK,OZK,P,PACW,PB,PCH,PCTY,PDCO,PEB,PEN,PGNY,PII,PK,PNFP,POST,PPC,PRG,PRI,PSB,PZZA,QDEL,QLYS,R,RAMP,RCM,REXR,RGA,RGEN,RGLD,RH,RLI,RNR,RPM,RRX,RS,RUN,RYN,SABR,SAFM,SAIC,SAIL,SAM,SBNY,SBRA,SCI,SEDG,SEIC,SF,SFM,SGI,SIGI,SIX,SKX,SLAB,SLG,SLGN,SLM,SMG,SMTC,SNV,SNX,SON,SR,SRC,SRCL,SSD,STAA,STL,STLD,STOR,STRA,SWX,SXT,SYNA,SYNH,TCBI,TDC,TDS,TECH,TEX,TGNA,THC,THG,THO,THS,TKO,TKR,TMHC,TNL,TOL,TPH,TR,TREE,TREX,TRGP,TRIP,TRMK,TRN,TTC,TTEK,TXNM,TXRH,UAA/UA,UBSI,UE,UGI,UMBF,UMPQ,UNVR,URBN,UTHR,VAC,VC,VLY,VMI,VNT,VSAT,VSH,VVV,VYX,WAFD,WBS,WEN,WERN,WEX,WH,WING,WLY,WOLF,WOR,WRI,WSM,WSO,WTFC,WTRG,WW,WWD,X,XEC,XPO,XRX,Y,YELP,YETI,ZD"
2021-07-07,"ACC,ACHC,ACIW,ACM,ADNT,AEO,AFG,AGCO,AIRC,ALE,AM,AMED,AMG,AMKR,AN,ARW,ARWR,ASB,ASGN,ASH,ATR,AVNT,AVT,AXON,AYI,AZPN,AZTA,BC,BCO,BDC,BFH,BHF,BJ,BKH,BLD,BLDR,BLKB,BOH,BRO,BRX,BYD,CABO,CACI,CADE,CAR,CASY,CATY,CBRL,CBSH,CBT,CC,CCMP,CDAY,CDK,CDP,CFR,CGNX,CHDN,CHE,CHH,CHX,CIEN,CIT,CLF,CLH,CMC,CMP,CNK,CNO,CNX,CNXC,COHR,COLM,CONE,COR,COTY,CPRI,CPT,CRI,CRNC,CROX,CRUS,CSL,CUZ,CVLT,CW,CXT,DAN,DAR,DCI,DECK,DEI,DINO,DKS,DOC,DTM,DY,EBS,EGP,EHC,EME,ENOV,ENR,ENS,ENV,EPR,EQT,ESNT,ETRN,EVR,EWBC,EXE,EXEL,EXP,FAF,FCFS,FCN,FDS,FFIN,FHI,FHN,FICO,FIVE,FL,FLG,FLO,FLR,FLS,FNB,FOXF,FR,FSLR,FULT,G,GAP,GATX,GBCI,GEF,GGG,GHC,GMED,GNTX,GO,GT,GTM,HAE,HAIN,HALO,HCSG,HE,HELE,HIW,HOG,HOMB,HPP,HQY,HR,HRB,HRC,HUBB,HWC,HXL,IAA,IART,IBKR,IBOC,ICUI,IDA,INGR,INT,IRDM,ITT,JACK,JAZZ,JBGS,JBL,JBLU,JEF,JHG,JLL,JWN,KAR,KBH,KBR,KEX,KMPR,KMT,KNSL,KNX,KRC,KSS,LAD,LAMR,LEA,LECO,LFUS,LGND,LHCG,LII,LITE,LIVN,LNW,LOPE,LPX,LSCC,LSI,LSTR,MAC,MAN,MANH,MASI,MAT,MCY,MDU,MEDP,MIDD,MKSI,MLKN,MMS,MODG,MOH,MPW,MRCY,MSA,MSM,MTG,MTX,MTZ,MUR,MUSA,MZTI,NATI,NAVI,NBIX,NDSN,NEOG,NEU,NFG,NGVT,NJR,NKTR,NNN,NSA,NSP,NTCT,NUS,NUVA,NVST,NVT,NWE,NYT,OC,OGE,OGS,OHI,OLED,OLLI,OLN,ORI,OSK,OZK,P,PACW,PB,PCH,PCTY,PDCO,PEB,PEN,PGNY,PII,PK,PNFP,POST,PPC,PRG,PRI,PSB,PZZA,QDEL,QLYS,R,RAMP,RCM,REXR,RGA,RGEN,RGLD,RH,RLI,RNR,RPM,RRX,RS,RUN,RYN,SABR,SAFM,SAIC,SAIL,SAM,SBNY,SBRA,SCI,SEDG,SEIC,SF,SFM,SGI,SIGI,SIX,SKX,SLAB,SLG,SLGN,SLM,SMG,SMTC,SNV,SNX,SON,SR,SRC,SRCL,SSD,STAA,STL,STLD,STOR,STRA,SWX,SXT,SYNA,SYNH,TCBI,TDC,TDS,TECH,TEX,TGNA,THC,THG,THO,THS,TKO,TKR,TMHC,TNL,TOL,TPH,TR,TREE,TREX,TRGP,TRIP,TRMK,TRN,TTC,TTEK,TXNM,TXRH,UAA/UA,UBSI,UE,UGI,UMBF,UMPQ,UNVR,URBN,UTHR,VAC,VC,VLY,VMI,VNT,VSAT,VSH,VVV,VYX,WAFD,WBS,WEN,WERN,WEX,WH,WING,WLY,WOLF,WOR,WRI,WSM,WSO,WTFC,WTRG,WW,WWD,X,XEC,XPO,XRX,Y,YELP,YETI,ZD"
2021-08-02,"ACC,ACHC,ACIW,ACM,ADNT,AEO,AFG,AGCO,AIRC,ALE,AM,AMED,AMG,AMKR,AN,ARW,ARWR,ASB,ASGN,ASH,ATR,AVNT,AVT,AXON,AYI,AZPN,AZTA,BC,BCO,BDC,BFH,BHF,BJ,BKH,BLD,BLDR,BLKB,BOH,BRO,BRX,BYD,CABO,CACI,CADE,CAR,CASY,CATY,CBRL,CBSH,CBT,CC,CCMP,CDAY,CDK,CDP,CFR,CGNX,CHDN,CHE,CHH,CHX,CIEN,CIT,CLF,CLH,CMC,CMP,CNK,CNO,CNX,CNXC,COHR,COLM,CONE,COR,COTY,CPRI,CPT,CRI,CRNC,CROX,CRUS,CSL,CUZ,CVLT,CW,CXT,DAN,DAR,DCI,DECK,DEI,DINO,DKS,DOC,DTM,DY,EBS,EGP,EHC,EME,ENOV,ENR,ENS,ENV,EPR,EQT,ESNT,ETRN,EVR,EWBC,EXE,EXEL,EXP,FAF,FCFS,FCN,FDS,FFIN,FHI,FHN,FICO,FIVE,FL,FLG,FLO,FLR,FLS,FNB,FOXF,FR,FSLR,FULT,G,GAP,GATX,GBCI,GEF,GGG,GHC,GMED,GNTX,GO,GT,GTM,GXO,HAE,HAIN,HALO,HCSG,HE,HELE,HIW,HOG,HOMB,HPP,HQY,HR,HRB,HRC,HUBB,HWC,HXL,IAA,IART,IBKR,IBOC,ICUI,IDA,INGR,INT,IRDM,ITT,JACK,JAZZ,JBGS,JBL,JBLU,JEF,JHG,JLL,JWN,KAR,KBH,KBR,KEX,KMPR,KMT,KNSL,KNX,KRC,KSS,LAD,LAMR,LEA,LECO,LFUS,LGND,LHCG,LII,LITE,LIVN,LNW,LOPE,LPX,LSCC,LSI,LSTR,MAC,MAN,MANH,MASI,MAT,MCY,MDU,MEDP,MIDD,MKSI,MLKN,MMS,MODG,MOH,MPW,MRCY,MSA,MSM,MTG,MTX,MTZ,MUR,MUSA,MZTI,NATI,NAVI,NBIX,NDSN,NEOG,NEU,NFG,NGVT,NJR,NKTR,NNN,NSA,NSP,NTCT,NUS,NUVA,NVST,NVT,NWE,NYT,OC,OGE,OGS,OHI,OLED,OLLI,OLN,ORI,OSK,OZK,P,PACW,PB,PCH,PCTY,PDCO,PEB,PEN,PGNY,PII,PK,PNFP,POST,PPC,PRG,PRI,PSB,PZZA,QDEL,QLYS,R,RAMP,RCM,REXR,RGA,RGEN,RGLD,RH,RLI,RNR,RPM,RRX,RS,RUN,RYN,SABR,SAFM,SAIC,SAIL,SAM,SBNY,SBRA,SCI,SEDG,SEIC,SF,SFM,SGI,SIGI,SIX,SKX,SLAB,SLG,SLGN,SLM,SMG,SMTC,SNV,SNX,SON,SR,SRC,SRCL,SSD,STAA,STL,STLD,STOR,STRA,SWX,SXT,SYNA,SYNH,TCBI,TDC,TDS,TECH,TEX,TGNA,THC,THG,THO,THS,TKO,TKR,TMHC,TNL,TOL,TPH,TR,TREE,TREX,TRGP,TRIP,TRMK,TRN,TTC,TTEK,TXNM,TXRH,UAA/UA,UBSI,UE,UGI,UMBF,UMPQ,UNVR,URBN,UTHR,VAC,VC,VLY,VMI,VNT,VSAT,VSH,VVV,VYX,WAFD,WBS,WEN,WERN,WEX,WH,WING,WLY,WOLF,WOR,WRI,WSM,WSO,WTFC,WTRG,WW,WWD,X,XEC,XPO,XRX,Y,YELP,YETI,ZD"
2021-08-03,"ACC,ACHC,ACIW,ACM,ADNT,AEO,AFG,AGCO,AIRC,ALE,AM,AMED,AMG,AMKR,AN,ARW,ARWR,ASB,ASGN,ASH,ATR,AVNT,AVT,AXON,AYI,AZPN,AZTA,BC,BCO,BDC,BFH,BHF,BJ,BKH,BLD,BLDR,BLKB,BOH,BRO,BRX,BYD,CABO,CACI,CADE,CAR,CASY,CATY,CBRL,CBSH,CBT,CC,CCMP,CDAY,CDK,CDP,CFR,CGNX,CHDN,CHE,CHH,CHX,CIEN,CIT,CLF,CLH,CMC,CMP,CNK,CNO,CNX,CNXC,COHR,COLM,CONE,COR,COTY,CPRI,CPT,CRI,CRNC,CROX,CRUS,CSL,CUZ,CVLT,CW,CXT,DAN,DAR,DCI,DECK,DEI,DINO,DKS,DOC,DTM,DY,EBS,EGP,EHC,EME,ENOV,ENR,ENS,ENV,EPR,EQT,ESNT,ETRN,EVR,EWBC,EXE,EXEL,EXP,FAF,FCFS,FCN,FDS,FFIN,FHI,FHN,FICO,FIVE,FL,FLG,FLO,FLR,FLS,FNB,FOXF,FR,FSLR,FULT,G,GAP,GATX,GBCI,GEF,GGG,GHC,GMED,GNTX,GO,GT,GTM,GXO,HAE,HAIN,HALO,HCSG,HE,HELE,HIW,HOG,HOMB,HPP,HQY,HR,HRB,HRC,HUBB,HWC,HXL,IAA,IART,IBKR,IBOC,ICUI,IDA,INGR,INT,IRDM,ITT,JACK,JAZZ,JBGS,JBL,JBLU,JEF,JHG,JLL,JWN,KAR,KBH,KBR,KEX,KMPR,KMT,KNSL,KNX,KRC,KSS,LAD,LAMR,LEA,LECO,LFUS,LGND,LHCG,LII,LITE,LIVN,LNW,LOPE,LPX,LSCC,LSI,LSTR,MAC,MAN,MANH,MASI,MAT,MCY,MDU,MEDP,MIDD,MKSI,MLKN,MMS,MODG,MOH,MPW,MRCY,MSA,MSM,MTG,MTX,MTZ,MUR,MUSA,MZTI,NATI,NAVI,NBIX,NDSN,NEOG,NEU,NFG,NGVT,NJR,NKTR,NNN,NSA,NSP,NTCT,NUS,NUVA,NVST,NVT,NWE,NYT,OC,OGE,OGS,OHI,OLED,OLLI,OLN,ORI,OSK,OZK,P,PACW,PB,PCH,PCTY,PDCO,PEB,PEN,PGNY,PII,PK,PNFP,POST,PPC,PRG,PRI,PSB,PZZA,QDEL,QLYS,R,RAMP,RCM,REXR,RGA,RGEN,RGLD,RH,RLI,RNR,RPM,RRX,RS,RUN,RYN,SABR,SAFM,SAIC,SAIL,SAM,SBNY,SBRA,SCI,SEDG,SEIC,SF,SFM,SGI,SIGI,SIX,SKX,SLAB,SLG,SLGN,SLM,SMG,SMTC,SNV,SNX,SON,SR,SRC,SRCL,SSD,STAA,STL,STLD,STOR,SWX,SXT,SYNA,SYNH,TCBI,TDC,TDS,TECH,TEX,TGNA,THC,THG,THO,THS,TKO,TKR,TMHC,TNL,TOL,TPH,TR,TREE,TREX,TRGP,TRIP,TRMK,TRN,TTC,TTEK,TXNM,TXRH,UAA/UA,UBSI,UE,UGI,UMBF,UMPQ,UNVR,URBN,UTHR,VAC,VC,VLY,VMI,VNT,VSAT,VSH,VVV,VYX,WAFD,WBS,WEN,WERN,WEX,WH,WING,WLY,WOLF,WOR,WRI,WSM,WSO,WTFC,WTRG,WW,WWD,X,XEC,XPO,XRX,Y,YELP,YETI,ZD"
2021-08-04,"ACC,ACHC,ACIW,ACM,ADNT,AEO,AFG,AGCO,AIRC,ALE,AM,AMED,AMG,AMKR,AN,ARW,ARWR,ASB,ASGN,ASH,ATR,AVNT,AVT,AXON,AYI,AZPN,AZTA,BC,BCO,BDC,BFH,BHF,BJ,BKH,BLD,BLDR,BLKB,BOH,BRO,BRX,BYD,CABO,CACI,CADE,CAR,CASY,CATY,CBRL,CBSH,CBT,CC,CCMP,CDAY,CDK,CDP,CFR,CGNX,CHDN,CHE,CHH,CHX,CIEN,CIT,CLF,CLH,CMC,CMP,CNK,CNO,CNX,CNXC,COHR,COLM,CONE,COR,COTY,CPRI,CPT,CRI,CRNC,CROX,CRUS,CSL,CUZ,CVLT,CW,CXT,DAN,DAR,DCI,DECK,DEI,DINO,DKS,DOC,DTM,DY,EBS,EGP,EHC,EME,ENOV,ENR,ENS,ENV,EPR,EQT,ESNT,ETRN,EVR,EWBC,EXE,EXEL,EXP,FAF,FCFS,FCN,FDS,FFIN,FHI,FHN,FICO,FIVE,FL,FLG,FLO,FLR,FLS,FNB,FOXF,FR,FSLR,FULT,G,GAP,GATX,GBCI,GEF,GGG,GHC,GME,GMED,GNTX,GO,GT,GTM,GXO,HAE,HAIN,HALO,HCSG,HE,HELE,HIW,HOG,HOMB,HPP,HQY,HR,HRB,HRC,HUBB,HWC,HXL,IAA,IART,IBKR,IBOC,ICUI,IDA,INGR,IRDM,ITT,JACK,JAZZ,JBGS,JBL,JBLU,JEF,JHG,JLL,JWN,KAR,KBH,KBR,KEX,KMPR,KMT,KNSL,KNX,KRC,KSS,LAD,LAMR,LEA,LECO,LFUS,LGND,LHCG,LII,LITE,LIVN,LNW,LOPE,LPX,LSCC,LSI,LSTR,MAC,MAN,MANH,MASI,MAT,MCY,MDU,MEDP,MIDD,MKSI,MLKN,MMS,MODG,MOH,MPW,MRCY,MSA,MSM,MTG,MTX,MTZ,MUR,MUSA,MZTI,NATI,NAVI,NBIX,NDSN,NEOG,NEU,NFG,NGVT,NJR,NKTR,NNN,NSA,NSP,NTCT,NUS,NUVA,NVST,NVT,NWE,NYT,OC,OGE,OGS,OHI,OLED,OLLI,OLN,ORI,OSK,OZK,P,PACW,PB,PCH,PCTY,PDCO,PEB,PEN,PGNY,PII,PK,PNFP,POST,PPC,PRG,PRI,PSB,PZZA,QDEL,QLYS,R,RAMP,RCM,REXR,RGA,RGEN,RGLD,RH,RLI,RNR,RPM,RRX,RS,RUN,RYN,SABR,SAFM,SAIC,SAIL,SAM,SBNY,SBRA,SCI,SEDG,SEIC,SF,SFM,SGI,SIGI,SIX,SKX,SLAB,SLG,SLGN,SLM,SMG,SMTC,SNV,SNX,SON,SR,SRC,SRCL,SSD,STAA,STL,STLD,STOR,SWX,SXT,SYNA,SYNH,TCBI,TDC,TDS,TECH,TEX,TGNA,THC,THG,THO,THS,TKO,TKR,TMHC,TNL,TOL,TPH,TR,TREE,TREX,TRGP,TRIP,TRMK,TRN,TTC,TTEK,TXNM,TXRH,UAA/UA,UBSI,UE,UGI,UMBF,UMPQ,UNVR,URBN,UTHR,VAC,VC,VLY,VMI,VNT,VSAT,VSCO,VSH,VVV,VYX,WAFD,WBS,WEN,WERN,WEX,WH,WING,WLY,WOLF,WOR,WSM,WSO,WTFC,WTRG,WW,WWD,X,XEC,XPO,XRX,Y,YELP,YETI,ZD"
2021-08-30,"ACC,ACHC,ACIW,ACM,ADNT,AEO,AFG,AGCO,AIRC,ALE,AM,AMED,AMG,AMKR,AN,ARW,ARWR,ASB,ASGN,ASH,ATR,AVNT,AVT,AXON,AYI,AZPN,AZTA,BC,BCO,BDC,BFH,BHF,BJ,BKH,BLD,BLDR,BLKB,BOH,BRO,BRX,BYD,CABO,CACI,CADE,CAR,CASY,CATY,CBRL,CBSH,CBT,CC,CCMP,CDAY,CDK,CDP,CFR,CGNX,CHDN,CHE,CHH,CHX,CIEN,CIT,CLF,CLH,CMC,CMP,CNO,CNX,CNXC,COHR,COLM,CONE,COR,COTY,CPRI,CPT,CRI,CRNC,CROX,CRUS,CSL,CUZ,CVLT,CW,CXT,DAN,DAR,DCI,DECK,DEI,DINO,DKS,DOC,DTM,DY,EBS,EGP,EHC,EME,ENOV,ENR,ENS,ENV,EPR,EQT,ESNT,ETRN,EVR,EWBC,EXE,EXEL,EXP,FAF,FCFS,FCN,FDS,FFIN,FHI,FHN,FICO,FIVE,FL,FLG,FLO,FLR,FLS,FNB,FOXF,FR,FSLR,FULT,G,GAP,GATX,GBCI,GEF,GGG,GHC,GME,GMED,GNTX,GO,GT,GTM,GXO,HAE,HAIN,HALO,HCSG,HE,HELE,HIW,HOG,HOMB,HPP,HQY,HR,HRB,HRC,HUBB,HWC,HXL,IAA,IART,IBKR,IBOC,ICUI,IDA,INGR,IRDM,ITT,JACK,JAZZ,JBGS,JBL,JBLU,JEF,JHG,JLL,JWN,KAR,KBH,KBR,KEX,KMPR,KMT,KNSL,KNX,KRC,KSS,LAD,LAMR,LEA,LECO,LFUS,LGND,LHCG,LII,LITE,LIVN,LNW,LOPE,LPX,LSCC,LSI,LSTR,MAC,MAN,MANH,MASI,MAT,MCY,MDU,MEDP,MIDD,MIME,MKSI,MLKN,MMS,MODG,MOH,MPW,MRCY,MSA,MSM,MTG,MTX,MTZ,MUR,MUSA,MZTI,NATI,NAVI,NBIX,NDSN,NEOG,NEU,NFG,NGVT,NJR,NKTR,NNN,NSA,NSP,NTCT,NUS,NUVA,NVST,NVT,NWE,NYT,OC,OGE,OGS,OHI,OLED,OLLI,OLN,OPCH,ORI,OSK,OZK,P,PACW,PB,PCH,PCTY,PDCO,PEB,PEN,PGNY,PII,PK,PNFP,POST,PPC,PRG,PRI,PSB,PZZA,QDEL,QLYS,R,RAMP,RCM,REXR,RGA,RGEN,RGLD,RH,RLI,RNR,RPM,RRX,RS,RUN,RYN,SABR,SAFM,SAIA,SAIC,SAIL,SAM,SBNY,SBRA,SCI,SEDG,SEIC,SF,SFM,SGI,SIGI,SIX,SKX,SLAB,SLG,SLGN,SLM,SMG,SMTC,SNV,SNX,SON,SR,SRC,SRCL,SSD,STAA,STL,STLD,STOR,SWX,SXT,SYNA,SYNH,TCBI,TDC,TDS,TEX,TGNA,THC,THG,THO,THS,TKO,TKR,TMHC,TNL,TOL,TPH,TR,TREE,TREX,TRGP,TRIP,TRN,TTC,TTEK,TXNM,TXRH,UAA/UA,UBSI,UE,UGI,UMBF,UMPQ,UNVR,URBN,UTHR,VAC,VC,VLY,VMI,VNT,VSAT,VSCO,VSH,VVV,VYX,WAFD,WBS,WEN,WERN,WEX,WH,WING,WLY,WOLF,WOR,WSM,WSO,WTFC,WTRG,WW,WWD,X,XEC,XPO,XRX,Y,YELP,YETI,ZD"
2021-09-03,"ACC,ACHC,ACIW,ACM,ADNT,AEO,AFG,AGCO,AIRC,ALE,AM,AMED,AMG,AMKR,AN,ARW,ARWR,ASB,ASGN,ASH,ATR,AVNT,AVT,AXON,AYI,AZPN,AZTA,BC,BCO,BDC,BFH,BHF,BJ,BKH,BLD,BLDR,BLKB,BOH,BRO,BRX,BYD,CABO,CACI,CADE,CAR,CASY,CATY,CBRL,CBSH,CBT,CC,CCMP,CDAY,CDK,CDP,CFR,CGNX,CHDN,CHE,CHH,CHX,CIEN,CIT,CLF,CLH,CMC,CMP,CNO,CNX,CNXC,COHR,COLM,CONE,COR,COTY,CPRI,CPT,CRI,CRNC,CROX,CRUS,CSL,CUZ,CVLT,CW,CXT,DAN,DAR,DCI,DECK,DEI,DINO,DKS,DOC,DTM,DY,EBS,EGP,EHC,EME,ENOV,ENR,ENS,ENV,EPR,EQT,ESNT,ETRN,EVR,EWBC,EXE,EXEL,EXP,FAF,FCFS,FCN,FDS,FFIN,FHI,FHN,FICO,FIVE,FL,FLG,FLO,FLR,FLS,FNB,FOXF,FR,FSLR,FULT,G,GAP,GATX,GBCI,GEF,GGG,GHC,GME,GMED,GNTX,GO,GT,GTM,GXO,HAE,HAIN,HALO,HCSG,HE,HELE,HIW,HOG,HOMB,HPP,HQY,HR,HRB,HRC,HUBB,HWC,HXL,IAA,IART,IBKR,IBOC,ICUI,IDA,INGR,IRDM,ITT,JACK,JAZZ,JBGS,JBL,JBLU,JEF,JHG,JLL,JWN,KAR,KBH,KBR,KEX,KMPR,KMT,KNSL,KNX,KRC,KSS,LAD,LAMR,LEA,LECO,LFUS,LGND,LHCG,LII,LITE,LIVN,LNW,LOPE,LPX,LSCC,LSI,LSTR,MAC,MAN,MANH,MASI,MAT,MCY,MDU,MEDP,MIDD,MIME,MKSI,MLKN,MMS,MODG,MOH,MPW,MRCY,MSA,MSM,MTG,MTX,MTZ,MUR,MUSA,MZTI,NATI,NAVI,NBIX,NDSN,NEOG,NEU,NFG,NGVT,NJR,NKTR,NNN,NSA,NSP,NTCT,NUS,NUVA,NVST,NVT,NWE,NYT,OC,OGE,OGS,OHI,OLED,OLLI,OLN,OPCH,ORI,OSK,OZK,P,PACW,PB,PCH,PCTY,PDCO,PEB,PEN,PFGC,PGNY,PII,PK,PNFP,POST,PPC,PRG,PRI,PSB,PZZA,QDEL,QLYS,R,RAMP,RCM,REXR,RGA,RGEN,RGLD,RH,RLI,RNR,RPM,RRX,RS,RUN,RYN,SABR,SAFM,SAIA,SAIC,SAIL,SAM,SBNY,SBRA,SCI,SEDG,SEIC,SF,SFM,SGI,SIGI,SIX,SKX,SLAB,SLG,SLGN,SLM,SMG,SMTC,SNV,SNX,SON,SR,SRC,SRCL,SSD,STAA,STL,STLD,STOR,SWX,SXT,SYNA,SYNH,TCBI,TDC,TDS,TEX,TGNA,THC,THG,THO,TKO,TKR,TMHC,TNL,TOL,TPH,TR,TREE,TREX,TRGP,TRIP,TRN,TTC,TTEK,TXNM,TXRH,UAA/UA,UBSI,UE,UGI,UMBF,UMPQ,UNVR,URBN,UTHR,VAC,VC,VLY,VMI,VNT,VSAT,VSCO,VSH,VVV,VYX,WAFD,WBS,WEN,WERN,WEX,WH,WING,WLY,WOLF,WOR,WSM,WSO,WTFC,WTRG,WW,WWD,X,XEC,XPO,XRX,Y,YELP,YETI,ZD"
2021-09-07,"ACC,ACHC,ACIW,ACM,ADNT,AEO,AFG,AGCO,AIRC,ALE,AM,AMED,AMG,AMKR,AN,APPS,ARW,ARWR,ASB,ASGN,ASH,ATR,AVNT,AVT,AXON,AYI,AZPN,AZTA,BC,BCO,BDC,BFH,BHF,BJ,BKH,BLD,BLDR,BLKB,BOH,BRO,BRX,BYD,CABO,CACI,CADE,CAR,CASY,CATY,CBRL,CBSH,CBT,CC,CCMP,CDAY,CDK,CDP,CFR,CGNX,CHDN,CHE,CHH,CHX,CIEN,CIT,CLF,CLH,CMC,CMP,CNO,CNX,CNXC,COHR,COLM,CONE,COR,COTY,CPRI,CPT,CRI,CRNC,CROX,CRUS,CSL,CUZ,CVLT,CW,CXT,DAN,DAR,DCI,DECK,DEI,DINO,DKS,DOC,DTM,DY,EBS,EGP,EHC,EME,ENOV,ENR,ENS,ENV,EPR,EQT,ESNT,ETRN,EVR,EWBC,EXE,EXEL,EXP,FAF,FCFS,FCN,FDS,FFIN,FHI,FHN,FICO,FIVE,FL,FLG,FLO,FLR,FLS,FNB,FOXF,FR,FSLR,FULT,G,GAP,GATX,GBCI,GEF,GGG,GHC,GME,GMED,GNTX,GO,GT,GTM,GXO,HAE,HAIN,HALO,HCSG,HE,HELE,HIW,HOG,HOMB,HPP,HQY,HR,HRB,HRC,HUBB,HWC,HXL,IAA,IART,IBKR,IBOC,ICUI,IDA,INGR,IRDM,ITT,JACK,JAZZ,JBGS,JBL,JBLU,JEF,JHG,JLL,JWN,KAR,KBH,KBR,KEX,KMPR,KMT,KNSL,KNX,KRC,KSS,LAD,LAMR,LEA,LECO,LFUS,LHCG,LII,LITE,LIVN,LNW,LOPE,LPX,LSCC,LSI,LSTR,MAC,MAN,MANH,MASI,MAT,MCY,MDU,MEDP,MIDD,MIME,MKSI,MLKN,MMS,MODG,MOH,MPW,MRCY,MSA,MSM,MTG,MTX,MTZ,MUR,MUSA,MZTI,NATI,NAVI,NBIX,NDSN,NEOG,NEU,NFG,NGVT,NJR,NKTR,NNN,NSA,NSP,NTCT,NUS,NUVA,NVST,NVT,NWE,NYT,OC,OGE,OGS,OHI,OLED,OLLI,OLN,OPCH,ORI,OSK,OZK,P,PACW,PB,PCH,PCTY,PDCO,PEB,PEN,PFGC,PGNY,PII,PK,PNFP,POST,PPC,PRG,PRI,PSB,PZZA,QDEL,QLYS,R,RAMP,RCM,REXR,RGA,RGEN,RGLD,RH,RLI,RNR,RPM,RRX,RS,RUN,RYN,SABR,SAFM,SAIA,SAIC,SAIL,SAM,SBNY,SBRA,SCI,SEDG,SEIC,SF,SFM,SGI,SIGI,SIX,SKX,SLAB,SLG,SLGN,SLM,SMG,SMTC,SNV,SNX,SON,SR,SRC,SRCL,SSD,STAA,STL,STLD,STOR,SWX,SXT,SYNA,SYNH,TCBI,TDC,TDS,TEX,TGNA,THC,THG,THO,TKO,TKR,TMHC,TNL,TOL,TPH,TR,TREE,TREX,TRGP,TRIP,TRN,TTC,TTEK,TXNM,TXRH,UAA/UA,UBSI,UE,UGI,UMBF,UMPQ,UNVR,URBN,UTHR,VAC,VC,VLY,VMI,VNT,VSAT,VSCO,VSH,VVV,VYX,WAFD,WBS,WEN,WERN,WEX,WH,WING,WLY,WOLF,WOR,WSM,WSO,WTFC,WTRG,WW,WWD,X,XEC,XPO,XRX,Y,YELP,YETI,ZD"
2021-09-20,"ACC,ACHC,ACIW,ACM,ADNT,AEO,AFG,AGCO,AIRC,ALE,AM,AMED,AMG,AMKR,AN,APPS,ARW,ARWR,ASB,ASGN,ASH,ATR,AVNT,AVT,AXON,AYI,AZPN,AZTA,BC,BCO,BDC,BFH,BHF,BJ,BKH,BLD,BLDR,BLKB,BOH,BRX,BYD,CABO,CACI,CADE,CAR,CASY,CATY,CBRL,CBSH,CBT,CC,CCMP,CDK,CDP,CFR,CGNX,CHDN,CHE,CHH,CHX,CIEN,CIT,CLF,CLH,CMC,CMP,CNO,CNX,CNXC,COHR,COLM,CONE,COR,COTY,CPRI,CPT,CRI,CRNC,CROX,CRUS,CSL,CUZ,CVLT,CW,CXT,DAN,DAR,DCI,DECK,DEI,DINO,DKS,DOC,DTM,DY,EBS,EGP,EHC,EME,ENOV,ENR,ENS,ENV,EPR,EQT,ESNT,ETRN,EVR,EWBC,EXE,EXEL,EXP,FAF,FCFS,FCN,FDS,FFIN,FHI,FHN,FICO,FIVE,FL,FLG,FLO,FLR,FLS,FNB,FOXF,FR,FSLR,FULT,G,GAP,GATX,GBCI,GEF,GGG,GHC,GME,GMED,GNTX,GO,GT,GTM,GXO,HAE,HAIN,HALO,HE,HELE,HIW,HOG,HOMB,HPP,HQY,HR,HRB,HRC,HUBB,HWC,HXL,IAA,IART,IBKR,IBOC,ICUI,IDA,INGR,IRDM,ITT,JACK,JAZZ,JBGS,JBL,JBLU,JEF,JHG,JLL,JWN,KAR,KBH,KBR,KEX,KMPR,KMT,KNSL,KNX,KRC,KSS,LAD,LAMR,LEA,LECO,LFUS,LHCG,LII,LITE,LIVN,LNW,LOPE,LPX,LSCC,LSI,LSTR,MAC,MAN,MANH,MASI,MAT,MCY,MDU,MEDP,MIDD,MIME,MKSI,MLKN,MMS,MODG,MOH,MPW,MRCY,MSA,MSM,MTG,MTX,MTZ,MUR,MUSA,MZTI,NATI,NAVI,NBIX,NDSN,NEOG,NEU,NFG,NGVT,NJR,NKTR,NNN,NOV,NSA,NSP,NTCT,NUS,NUVA,NVST,NVT,NWE,NYT,OC,OGE,OGS,OHI,OLED,OLLI,OLN,OPCH,ORI,OSK,OZK,P,PACW,PB,PCH,PCTY,PDCO,PEB,PEN,PFGC,PGNY,PII,PK,PNFP,POST,PPC,PRG,PRGO,PRI,PSB,PZZA,QDEL,QLYS,R,RAMP,RCM,REXR,RGA,RGEN,RGLD,RH,RLI,RNR,RPM,RRX,RS,RUN,RYN,SABR,SAFM,SAIA,SAIC,SAIL,SAM,SBNY,SBRA,SCI,SEDG,SEIC,SF,SFM,SGI,SIGI,SIX,SKX,SLAB,SLG,SLGN,SLM,SMG,SMTC,SNV,SNX,SON,SR,SRC,SRCL,SSD,STAA,STL,STLD,STOR,SWX,SXT,SYNA,SYNH,TCBI,TDC,TDS,TEX,TGNA,THC,THG,THO,TKO,TKR,TMHC,TNDM,TNL,TOL,TPH,TR,TREE,TREX,TRGP,TRIP,TRN,TTC,TTEK,TXNM,TXRH,UAA/UA,UBSI,UE,UGI,UMBF,UMPQ,UNM,UNVR,URBN,UTHR,VAC,VC,VLY,VMI,VNT,VSAT,VSCO,VSH,VVV,VYX,WAFD,WBS,WEN,WERN,WEX,WH,WING,WLY,WOLF,WOR,WSM,WSO,WTFC,WTRG,WWD,X,XEC,XPO,XRX,Y,YELP,YETI,ZD"
2021-10-05,"ACC,ACHC,ACIW,ACM,ADNT,AEO,AFG,AGCO,AIRC,ALE,AM,AMED,AMG,AMKR,AN,APPS,ARW,ARWR,ASB,ASGN,ASH,ATR,AVNT,AVT,AXON,AYI,AZPN,AZTA,BC,BCO,BDC,BFH,BHF,BJ,BKH,BLD,BLDR,BLKB,BOH,BRX,BYD,CABO,CACI,CADE,CAR,CASY,CATY,CBRL,CBSH,CBT,CC,CCMP,CDK,CDP,CFR,CGNX,CHDN,CHE,CHH,CHX,CIEN,CIT,CLF,CLH,CMC,CMP,CNO,CNX,CNXC,COHR,COLM,CONE,COR,COTY,CPRI,CPT,CRI,CRNC,CROX,CRUS,CSL,CUZ,CVLT,CW,CXT,DAN,DAR,DCI,DECK,DEI,DINO,DKS,DOC,DTM,DY,EBS,EGP,EHC,EME,ENOV,ENR,ENS,ENV,EPR,EQT,ESNT,ETRN,EVR,EWBC,EXE,EXEL,EXP,FAF,FCFS,FCN,FDS,FFIN,FHI,FHN,FICO,FIVE,FL,FLG,FLO,FLR,FLS,FNB,FOXF,FR,FSLR,FULT,G,GAP,GATX,GBCI,GEF,GGG,GHC,GME,GMED,GNTX,GO,GT,GTM,GXO,HAE,HAIN,HALO,HE,HELE,HIW,HOG,HOMB,HPP,HQY,HR,HRB,HRC,HUBB,HWC,HXL,IAA,IART,IBKR,IBOC,ICUI,IDA,INGR,IRDM,ITT,JACK,JAZZ,JBGS,JBL,JBLU,JEF,JHG,JLL,JWN,KAR,KBH,KBR,KEX,KMPR,KMT,KNSL,KNX,KRC,KSS,LAD,LAMR,LEA,LECO,LFUS,LHCG,LII,LITE,LIVN,LNW,LOPE,LPX,LSCC,LSI,LSTR,MAC,MAN,MANH,MASI,MAT,MCY,MDU,MEDP,MIDD,MIME,MKSI,MLKN,MMS,MODG,MOH,MPW,MRCY,MSA,MSM,MTG,MTX,MTZ,MUR,MUSA,MZTI,NATI,NAVI,NBIX,NDSN,NEOG,NEU,NFG,NGVT,NJR,NKTR,NNN,NOV,NSA,NSP,NTCT,NUS,NUVA,NVST,NVT,NWE,NYT,OC,OGE,OGS,OHI,OLED,OLLI,OLN,OPCH,ORI,OSK,OZK,P,PACW,PB,PCH,PCTY,PDCO,PEB,PEN,PFGC,PGNY,PII,PK,PNFP,POST,PPC,PRG,PRGO,PRI,PSB,PZZA,QDEL,QLYS,R,RAMP,RCM,REXR,RGA,RGEN,RGLD,RH,RLI,RNR,RPM,RRX,RS,RUN,RYN,SABR,SAFM,SAIA,SAIC,SAIL,SAM,SBNY,SBRA,SCI,SEDG,SEIC,SF,SFM,SGI,SIGI,SIX,SKX,SLAB,SLG,SLGN,SLM,SMG,SMTC,SNV,SNX,SON,SPWR,SR,SRC,SRCL,SSD,STAA,STL,STLD,STOR,SWX,SXT,SYNA,SYNH,TCBI,TDC,TDS,TEX,TGNA,THC,THG,THO,TKO,TKR,TMHC,TNDM,TNL,TOL,TPH,TR,TREE,TREX,TRGP,TRIP,TRN,TTC,TTEK,TXNM,TXRH,UAA/UA,UBSI,UE,UGI,UMBF,UMPQ,UNM,UNVR,URBN,UTHR,VAC,VC,VLY,VMI,VNT,VSAT,VSCO,VSH,VVV,VYX,WAFD,WBS,WEN,WERN,WEX,WH,WING,WLY,WOLF,WOR,WSM,WSO,WTFC,WTRG,WWD,X,XPO,XRX,Y,YELP,YETI,ZD"
2021-10-22,"ACC,ACHC,ACIW,ACM,ADNT,AEO,AFG,AGCO,AIRC,ALE,AM,AMED,AMG,AMKR,AN,APPS,ARW,ARWR,ASB,ASGN,ASH,ATR,AVNT,AVT,AXON,AYI,AZPN,AZTA,BC,BCO,BDC,BFH,BHF,BJ,BKH,BLD,BLDR,BLKB,BOH,BRX,BYD,CABO,CACI,CADE,CAR,CASY,CATY,CBRL,CBSH,CBT,CC,CCMP,CDK,CDP,CFR,CGNX,CHDN,CHE,CHH,CHX,CIEN,CIT,CLF,CLH,CMC,CMP,CNO,CNX,CNXC,COHR,COLM,CONE,COR,COTY,CPRI,CPT,CRI,CRNC,CROX,CRUS,CSL,CUZ,CVLT,CW,CXT,DAN,DAR,DCI,DECK,DEI,DINO,DKS,DOC,DTM,DY,EBS,EGP,EHC,EME,ENOV,ENR,ENS,ENV,EPR,EQT,ESNT,ETRN,EVR,EWBC,EXE,EXEL,EXP,FAF,FCFS,FCN,FDS,FFIN,FHI,FHN,FICO,FIVE,FL,FLG,FLO,FLR,FLS,FNB,FOXF,FR,FSLR,FULT,G,GAP,GATX,GBCI,GEF,GGG,GHC,GME,GMED,GNTX,GO,GT,GTM,GXO,HAE,HAIN,HALO,HE,HELE,HIW,HOG,HOMB,HPP,HQY,HR,HRB,HRC,HUBB,HWC,HXL,IAA,IART,IBKR,IBOC,ICUI,IDA,INGR,IRDM,ITT,JACK,JAZZ,JBGS,JBL,JBLU,JEF,JHG,JLL,JWN,KAR,KBH,KBR,KEX,KMPR,KMT,KNSL,KNX,KRC,KRG,KSS,LAD,LAMR,LEA,LECO,LFUS,LHCG,LII,LITE,LIVN,LNW,LOPE,LPX,LSCC,LSI,LSTR,MAC,MAN,MANH,MASI,MAT,MCY,MDU,MEDP,MIDD,MIME,MKSI,MLKN,MMS,MODG,MOH,MPW,MRCY,MSA,MSM,MTG,MTX,MTZ,MUR,MUSA,MZTI,NATI,NAVI,NBIX,NDSN,NEOG,NEU,NFG,NGVT,NJR,NKTR,NNN,NOV,NSA,NSP,NTCT,NUS,NUVA,NVST,NVT,NWE,NYT,OC,OGE,OGS,OHI,OLED,OLLI,OLN,OPCH,ORI,OSK,OZK,P,PACW,PB,PCH,PCTY,PDCO,PEB,PEN,PFGC,PGNY,PII,PK,PNFP,POST,PPC,PRG,PRGO,PRI,PSB,PZZA,QDEL,QLYS,R,RAMP,RCM,REXR,RGA,RGEN,RGLD,RH,RLI,RNR,RPM,RRX,RS,RUN,RYN,SABR,SAFM,SAIA,SAIC,SAIL,SAM,SBNY,SBRA,SCI,SEDG,SEIC,SF,SFM,SGI,SIGI,SIX,SKX,SLAB,SLG,SLGN,SLM,SMG,SMTC,SNV,SNX,SON,SPWR,SR,SRC,SRCL,SSD,STAA,STL,STLD,STOR,SWX,SXT,SYNA,SYNH,TCBI,TDC,TDS,TEX,TGNA,THC,THG,THO,TKO,TKR,TMHC,TNDM,TNL,TOL,TPH,TR,TREX,TRGP,TRIP,TRN,TTC,TTEK,TXNM,TXRH,UAA/UA,UBSI,UE,UGI,UMBF,UMPQ,UNM,UNVR,URBN,UTHR,VAC,VC,VLY,VMI,VNT,VSAT,VSCO,VSH,VVV,VYX,WAFD,WBS,WEN,WERN,WEX,WH,WING,WLY,WOLF,WOR,WSM,WSO,WTFC,WTRG,WWD,X,XPO,XRX,Y,YELP,YETI,ZD"
2021-11-05,"ACC,ACHC,ACIW,ACM,ADNT,AEO,AFG,AGCO,AIRC,ALE,AM,AMED,AMG,AMKR,AN,APPS,ARW,ARWR,ASB,ASGN,ASH,ATR,AVNT,AVT,AXON,AYI,AZPN,AZTA,BC,BCO,BDC,BFH,BHF,BJ,BKH,BLD,BLDR,BLKB,BOH,BRX,BYD,CABO,CACI,CADE,CAR,CASY,CATY,CBRL,CBSH,CBT,CC,CCMP,CDK,CDP,CFR,CGNX,CHDN,CHE,CHH,CHX,CIEN,CIT,CLF,CLH,CMC,CMP,CNO,CNX,CNXC,COHR,COLM,CONE,COR,COTY,CPRI,CPT,CRI,CRNC,CROX,CRUS,CSL,CUZ,CVLT,CW,CXT,DAN,DAR,DCI,DECK,DEI,DINO,DKS,DOC,DTM,DY,EBS,EGP,EHC,EME,ENOV,ENR,ENS,ENV,EPR,EQT,ESNT,ETRN,EVR,EWBC,EXE,EXEL,EXP,FAF,FCFS,FCN,FDS,FFIN,FHI,FHN,FICO,FIVE,FL,FLG,FLO,FLR,FLS,FNB,FOXF,FR,FSLR,FULT,G,GAP,GATX,GBCI,GEF,GGG,GHC,GME,GMED,GNTX,GO,GT,GTM,GXO,HAE,HAIN,HALO,HE,HELE,HIW,HOG,HOMB,HPP,HQY,HR,HRB,HRC,HUBB,HWC,HXL,IAA,IART,IBKR,IBOC,ICUI,IDA,INGR,IRDM,ITT,JACK,JAZZ,JBGS,JBL,JBLU,JEF,JHG,JLL,JWN,KAR,KBH,KBR,KD,KEX,KMPR,KMT,KNSL,KNX,KRC,KRG,KSS,LAD,LAMR,LEA,LECO,LFUS,LHCG,LII,LITE,LIVN,LNW,LOPE,LPX,LSCC,LSI,LSTR,MAC,MAN,MANH,MASI,MAT,MCY,MDU,MEDP,MIDD,MIME,MKSI,MLKN,MMS,MODG,MOH,MPW,MRCY,MSA,MSM,MTG,MTX,MTZ,MUR,MUSA,MZTI,NATI,NAVI,NBIX,NDSN,NEOG,NEU,NFG,NGVT,NJR,NKTR,NNN,NOV,NSA,NSP,NUS,NUVA,NVST,NVT,NWE,NYT,OC,OGE,OGS,OHI,OLED,OLLI,OLN,OPCH,ORI,OSK,OZK,P,PACW,PB,PCH,PCTY,PDCO,PEB,PEN,PFGC,PGNY,PII,PK,PNFP,POST,PPC,PRG,PRGO,PRI,PSB,PZZA,QDEL,QLYS,R,RAMP,RCM,REXR,RGA,RGEN,RGLD,RH,RLI,RNR,RPM,RRX,RS,RUN,RYN,SABR,SAFM,SAIA,SAIC,SAIL,SAM,SBNY,SBRA,SCI,SEDG,SEIC,SF,SFM,SGI,SIGI,SIX,SKX,SLAB,SLG,SLGN,SLM,SMG,SMTC,SNV,SNX,SON,SPWR,SR,SRC,SRCL,SSD,STAA,STL,STLD,STOR,SWX,SXT,SYNA,SYNH,TCBI,TDC,TDS,TEX,TGNA,THC,THG,THO,TKO,TKR,TMHC,TNDM,TNL,TOL,TPH,TR,TREX,TRGP,TRIP,TRN,TTC,TTEK,TXNM,TXRH,UAA/UA,UBSI,UE,UGI,UMBF,UMPQ,UNM,UNVR,URBN,UTHR,VAC,VC,VLY,VMI,VNT,VSAT,VSCO,VSH,VVV,VYX,WAFD,WBS,WEN,WERN,WEX,WH,WING,WLY,WOLF,WOR,WSM,WSO,WTFC,WTRG,WWD,X,XPO,XRX,Y,YELP,YETI,ZD"
2021-11-30,"ACC,ACHC,ACIW,ACM,ADNT,AEO,AFG,AGCO,AIRC,ALE,AM,AMED,AMG,AMKR,AN,APPS,ARW,ARWR,ASB,ASGN,ASH,ATR,AVNT,AVT,AXON,AYI,AZPN,AZTA,BC,BCO,BDC,BFH,BHF,BJ,BKH,BLD,BLDR,BLKB,BOH,BRX,BYD,CABO,CACI,CADE,CAR,CASY,CATY,CBRL,CBSH,CBT,CC,CCMP,CDK,CDP,CFR,CGNX,CHDN,CHE,CHH,CHX,CIEN,CIT,CLF,CLH,CMC,CMP,CNO,CNX,CNXC,COHR,COLM,CONE,COR,COTY,CPRI,CPT,CRI,CRNC,CROX,CRUS,CSL,CUZ,CVLT,CW,CXT,DAN,DAR,DCI,DECK,DEI,DINO,DKS,DOC,DTM,DY,EGP,EHC,EME,ENOV,ENR,ENS,ENV,EPR,EQT,ESNT,ETRN,EVR,EWBC,EXE,EXEL,EXP,FAF,FCFS,FCN,FDS,FFIN,FHI,FHN,FICO,FIVE,FL,FLG,FLO,FLR,FLS,FNB,FOXF,FR,FSLR,FULT,G,GAP,GATX,GBCI,GEF,GGG,GHC,GME,GMED,GNTX,GO,GT,GTM,GXO,HAE,HAIN,HALO,HE,HELE,HIW,HOG,HOMB,HPP,HQY,HR,HRB,HRC,HUBB,HWC,HXL,IAA,IART,IBKR,IBOC,ICUI,IDA,INGR,IRDM,ITT,JACK,JAZZ,JBGS,JBL,JBLU,JEF,JHG,JLL,JWN,KAR,KBH,KBR,KD,KEX,KMPR,KMT,KNSL,KNX,KRC,KRG,KSS,LAD,LAMR,LEA,LECO,LFUS,LHCG,LII,LITE,LIVN,LNW,LOPE,LPX,LSCC,LSI,LSTR,MAC,MAN,MANH,MASI,MAT,MCY,MDU,MEDP,MIDD,MIME,MKSI,MLKN,MMS,MODG,MOH,MPW,MRCY,MSA,MSM,MTG,MTX,MTZ,MUR,MUSA,MZTI,NATI,NAVI,NBIX,NDSN,NEOG,NEU,NFG,NGVT,NJR,NKTR,NNN,NOV,NSA,NSP,NUS,NUVA,NVST,NVT,NWE,NYT,OC,OGE,OGS,OHI,OLED,OLLI,OLN,OPCH,ORI,OSK,OZK,P,PACW,PB,PCH,PCTY,PDCO,PEB,PEN,PFGC,PGNY,PII,PK,PNFP,POST,PPC,PRG,PRGO,PRI,PSB,PZZA,QDEL,QLYS,R,RAMP,RCM,REXR,RGA,RGEN,RGLD,RH,RLI,RNR,RPM,RRX,RS,RUN,RYN,SABR,SAFM,SAIA,SAIC,SAIL,SAM,SBNY,SBRA,SCI,SEDG,SEIC,SF,SFM,SGI,SIGI,SITM,SIX,SKX,SLAB,SLG,SLGN,SLM,SMG,SMTC,SNV,SNX,SON,SPWR,SR,SRC,SRCL,SSD,STAA,STL,STLD,STOR,SWX,SXT,SYNA,SYNH,TCBI,TDC,TDS,TEX,TGNA,THC,THG,THO,TKO,TKR,TMHC,TNDM,TNL,TOL,TPH,TR,TREX,TRGP,TRIP,TRN,TTC,TTEK,TXNM,TXRH,UAA/UA,UBSI,UE,UGI,UMBF,UMPQ,UNM,UNVR,URBN,UTHR,VAC,VC,VLY,VMI,VNT,VSAT,VSCO,VSH,VVV,VYX,WAFD,WBS,WEN,WERN,WEX,WH,WING,WLY,WOLF,WOR,WSM,WSO,WTFC,WTRG,WWD,X,XPO,XRX,Y,YELP,YETI,ZD"
2021-12-02,"ACC,ACHC,ACIW,ACM,ADNT,AEO,AFG,AGCO,AIRC,ALE,AM,AMED,AMG,AMKR,AN,APPS,ARW,ARWR,ASB,ASGN,ASH,ATR,AVNT,AVT,AXON,AYI,AZPN,AZTA,BC,BCO,BDC,BFH,BHF,BJ,BKH,BLD,BLDR,BLKB,BOH,BRKR,BRX,BYD,CABO,CACI,CADE,CAR,CASY,CATY,CBRL,CBSH,CBT,CC,CCMP,CDK,CDP,CFR,CGNX,CHDN,CHE,CHH,CHX,CIEN,CIT,CLF,CLH,CMC,CMP,CNO,CNX,CNXC,COHR,COLM,CONE,COR,COTY,CPRI,CPT,CRI,CRNC,CROX,CRUS,CSL,CUZ,CVLT,CW,CXT,DAN,DAR,DCI,DECK,DEI,DINO,DKS,DOC,DTM,DY,EGP,EHC,EME,ENOV,ENR,ENS,ENV,EPR,EQT,ESNT,ETRN,EVR,EWBC,EXE,EXEL,EXP,FAF,FCFS,FCN,FDS,FFIN,FHI,FHN,FICO,FIVE,FL,FLG,FLO,FLR,FLS,FNB,FOXF,FR,FSLR,FULT,G,GAP,GATX,GBCI,GEF,GGG,GHC,GME,GMED,GNTX,GO,GT,GTM,GXO,HAE,HAIN,HALO,HE,HELE,HIW,HOG,HOMB,HPP,HQY,HR,HRB,HRC,HUBB,HWC,HXL,IAA,IART,IBKR,IBOC,ICUI,IDA,INGR,IRDM,ITT,JACK,JAZZ,JBGS,JBL,JBLU,JEF,JHG,JLL,JWN,KBH,KBR,KD,KEX,KMPR,KMT,KNSL,KNX,KRC,KRG,KSS,LAD,LAMR,LEA,LECO,LFUS,LHCG,LII,LITE,LIVN,LNW,LOPE,LPX,LSCC,LSI,LSTR,MAC,MAN,MANH,MASI,MAT,MCY,MDU,MEDP,MIDD,MIME,MKSI,MLKN,MMS,MODG,MOH,MPW,MRCY,MSA,MSM,MTG,MTX,MTZ,MUR,MUSA,MZTI,NATI,NAVI,NBIX,NDSN,NEOG,NEU,NFG,NGVT,NJR,NKTR,NNN,NOV,NSA,NSP,NUS,NUVA,NVST,NVT,NWE,NYT,OC,OGE,OGS,OHI,OLED,OLLI,OLN,OPCH,ORI,OSK,OZK,P,PACW,PB,PCH,PCTY,PDCO,PEB,PEN,PFGC,PGNY,PII,PK,PNFP,POST,PPC,PRG,PRGO,PRI,PSB,PZZA,QDEL,QLYS,R,RAMP,RCM,REXR,RGA,RGEN,RGLD,RH,RLI,RNR,RPM,RRX,RS,RUN,RYN,SABR,SAFM,SAIA,SAIC,SAIL,SAM,SBNY,SBRA,SCI,SEDG,SEIC,SF,SFM,SGI,SIGI,SITM,SIX,SKX,SLAB,SLG,SLGN,SLM,SMG,SMTC,SNV,SNX,SON,SPWR,SR,SRC,SRCL,SSD,STAA,STL,STLD,STOR,SWX,SXT,SYNA,SYNH,TCBI,TDC,TDS,TEX,TGNA,THC,THG,THO,TKO,TKR,TMHC,TNDM,TNL,TOL,TPH,TR,TREX,TRGP,TRIP,TRN,TTC,TTEK,TXNM,TXRH,UAA/UA,UBSI,UE,UGI,UMBF,UMPQ,UNM,UNVR,URBN,UTHR,VAC,VC,VLY,VMI,VNT,VSAT,VSCO,VSH,VVV,VYX,WAFD,WBS,WEN,WERN,WEX,WH,WING,WLY,WOLF,WOR,WSM,WSO,WTFC,WTRG,WWD,X,XPO,XRX,Y,YELP,YETI,ZD"
2021-12-20,"AA,ACC,ACHC,ACIW,ACM,ADNT,AEO,AFG,AGCO,AIRC,ALE,AM,AMED,AMG,AMKR,AN,APPS,ARW,ARWR,ASB,ASGN,ASH,ATR,AVNT,AVT,AXON,AYI,AZPN,AZTA,BC,BCO,BDC,BFH,BHF,BJ,BKH,BLD,BLDR,BLKB,BOH,BRKR,BRX,BYD,CABO,CACI,CADE,CAR,CASY,CATY,CBRL,CBSH,CBT,CC,CCMP,CDK,CDP,CFR,CGNX,CHDN,CHE,CHH,CHX,CIEN,CIT,CLF,CLH,CMC,CMP,CNO,CNX,CNXC,COHR,COLM,CONE,COR,COTY,CPRI,CPT,CRI,CRNC,CROX,CRUS,CSL,CUZ,CVLT,CW,CXT,DAN,DAR,DCI,DECK,DEI,DINO,DKS,DOC,DTM,DY,EGP,EHC,EME,ENOV,ENR,ENS,ENV,EPR,EQT,ESNT,ETRN,EVR,EWBC,EXE,EXEL,EXP,FAF,FCFS,FCN,FFIN,FHI,FHN,FICO,FIVE,FL,FLG,FLO,FLR,FLS,FNB,FOXF,FR,FSLR,FULT,G,GAP,GATX,GBCI,GEF,GGG,GHC,GME,GMED,GNTX,GO,GT,GTM,GXO,HAE,HAIN,HALO,HBI,HE,HELE,HIW,HOG,HOMB,HPP,HQY,HR,HRB,HUBB,HWC,HXL,IAA,IART,IBKR,IBOC,ICUI,IDA,INGR,IRDM,ITT,JACK,JAZZ,JBGS,JBL,JBLU,JEF,JHG,JLL,JWN,KBH,KBR,KD,KEX,KMPR,KMT,KNSL,KNX,KRC,KRG,KSS,LAD,LAMR,LEA,LECO,LEG,LFUS,LHCG,LII,LITE,LIVN,LNW,LOPE,LPX,LSCC,LSI,LSTR,M,MAC,MAN,MANH,MASI,MAT,MCY,MDU,MEDP,MIDD,MIME,MKSI,MLKN,MMS,MODG,MOH,MPW,MRCY,MSA,MSM,MTG,MTX,MTZ,MUR,MUSA,MZTI,NATI,NAVI,NBIX,NDSN,NEOG,NEU,NFG,NGVT,NJR,NNN,NOV,NSA,NSP,NUS,NUVA,NVST,NVT,NWE,NYT,OC,OGE,OGS,OHI,OLED,OLLI,OLN,OPCH,ORI,OSK,OZK,P,PACW,PB,PCH,PCTY,PDCO,PEB,PEN,PFGC,PGNY,PII,PK,PNFP,POST,POWI,PPC,PRG,PRGO,PRI,PSB,PZZA,QDEL,QLYS,R,RAMP,RCM,REXR,RGA,RGEN,RGLD,RH,RLI,RNR,RPM,RRX,RS,RUN,RYN,SABR,SAFM,SAIA,SAIC,SAIL,SAM,SBRA,SCI,SEIC,SF,SFM,SGI,SIGI,SITM,SIX,SKX,SLAB,SLG,SLGN,SLM,SMG,SMTC,SNV,SNX,SON,SPWR,SR,SRC,SRCL,SSD,STAA,STL,STLD,STOR,SWX,SXT,SYNA,SYNH,TCBI,TDC,TEX,TGNA,THC,THG,THO,TKO,TKR,TMHC,TNDM,TNL,TOL,TPH,TREX,TRGP,TRIP,TRN,TTC,TTEK,TXNM,TXRH,UAA/UA,UBSI,UE,UGI,UMBF,UMPQ,UNM,UNVR,URBN,UTHR,VAC,VC,VICR,VLY,VMI,VNT,VSAT,VSCO,VSH,VVV,VYX,WAFD,WBS,WEN,WERN,WEX,WH,WING,WLY,WOLF,WOR,WSM,WSO,WTFC,WTRG,WU,WWD,X,XPO,XRX,Y,YELP,YETI,ZD"
2021-12-28,"AA,ACC,ACHC,ACIW,ACM,ADNT,AEO,AFG,AGCO,AIRC,ALE,AM,AMED,AMG,AMKR,AN,APPS,ARW,ARWR,ASB,ASGN,ASH,ATR,AVNT,AVT,AXON,AYI,AZPN,AZTA,BC,BCO,BDC,BFH,BHF,BJ,BKH,BLD,BLDR,BLKB,BOH,BRKR,BRX,BYD,CABO,CACI,CADE,CAR,CASY,CATY,CBRL,CBSH,CBT,CC,CCMP,CDK,CDP,CFR,CGNX,CHDN,CHE,CHH,CHX,CIEN,CIT,CLF,CLH,CMC,CMP,CNO,CNX,CNXC,COHR,COLM,CONE,COTY,CPRI,CPT,CRI,CRNC,CROX,CRUS,CSL,CUZ,CVLT,CW,CXT,DAN,DAR,DCI,DECK,DEI,DINO,DKS,DOC,DTM,DY,EGP,EHC,EME,ENOV,ENR,ENS,ENV,EPR,EQT,ESNT,ETRN,EVR,EWBC,EXE,EXEL,EXP,FAF,FCFS,FCN,FFIN,FHI,FHN,FICO,FIVE,FL,FLG,FLO,FLR,FLS,FNB,FOXF,FR,FSLR,FULT,G,GAP,GATX,GBCI,GEF,GGG,GHC,GME,GMED,GNTX,GO,GT,GTM,GXO,HAE,HAIN,HALO,HBI,HE,HELE,HIW,HOG,HOMB,HPP,HQY,HR,HRB,HUBB,HWC,HXL,IAA,IART,IBKR,IBOC,ICUI,IDA,INGR,IRDM,ITT,JACK,JAZZ,JBGS,JBL,JBLU,JEF,JHG,JLL,JWN,KBH,KBR,KD,KEX,KMPR,KMT,KNSL,KNX,KRC,KRG,KSS,LAD,LAMR,LEA,LECO,LEG,LFUS,LHCG,LII,LITE,LIVN,LNW,LOPE,LPX,LSCC,LSI,LSTR,M,MAC,MAN,MANH,MASI,MAT,MCY,MDU,MEDP,MIDD,MIME,MKSI,MLKN,MMS,MODG,MOH,MPW,MRCY,MSA,MSM,MTG,MTX,MTZ,MUR,MUSA,MZTI,NATI,NAVI,NBIX,NDSN,NEOG,NEU,NFG,NGVT,NJR,NNN,NOV,NSA,NSP,NUS,NUVA,NVST,NVT,NWE,NYT,OC,OGE,OGS,OHI,OLED,OLLI,OLN,OPCH,ORI,OSK,OZK,P,PACW,PB,PCH,PCTY,PDCO,PEB,PEN,PFGC,PGNY,PII,PK,PNFP,POST,POWI,PPC,PRG,PRGO,PRI,PSB,PZZA,QDEL,QLYS,R,RAMP,RCM,REXR,RGA,RGEN,RGLD,RH,RLI,RNR,RPM,RRX,RS,RUN,RYN,SABR,SAFM,SAIA,SAIC,SAIL,SAM,SBRA,SCI,SEIC,SF,SFM,SGI,SIGI,SITM,SIX,SKX,SLAB,SLG,SLGN,SLM,SMG,SMTC,SNV,SNX,SON,SPWR,SR,SRC,SRCL,SSD,STAA,STL,STLD,STOR,SWX,SXT,SYNA,SYNH,TCBI,TDC,TEX,TGNA,THC,THG,THO,TKO,TKR,TMHC,TNDM,TNL,TOL,TPH,TREX,TRGP,TRIP,TRN,TTC,TTEK,TXNM,TXRH,UAA/UA,UBSI,UE,UGI,UMBF,UMPQ,UNM,UNVR,URBN,UTHR,VAC,VC,VICR,VLY,VMI,VNT,VOYA,VSAT,VSCO,VSH,VVV,VYX,WAFD,WBS,WEN,WERN,WEX,WH,WING,WLY,WOLF,WOR,WSM,WSO,WTFC,WTRG,WU,WWD,X,XPO,XRX,Y,YELP,YETI,ZD"
2022-01-04,"AA,ACC,ACHC,ACIW,ACM,ADNT,AEO,AFG,AGCO,AIRC,ALE,AM,AMED,AMG,AMKR,AN,APPS,ARW,ARWR,ASB,ASGN,ASH,ATR,AVNT,AVT,AXON,AYI,AZPN,AZTA,BC,BCO,BDC,BFH,BHF,BJ,BKH,BLD,BLDR,BLKB,BOH,BRKR,BRX,BYD,CABO,CACI,CADE,CALX,CAR,CASY,CATY,CBRL,CBSH,CBT,CC,CCMP,CDK,CDP,CFR,CGNX,CHDN,CHE,CHH,CHX,CIEN,CLF,CLH,CMC,CMP,CNO,CNX,CNXC,COHR,COLM,CONE,COTY,CPRI,CPT,CRI,CRNC,CROX,CRUS,CSL,CUZ,CVLT,CW,CXT,DAN,DAR,DCI,DECK,DEI,DINO,DKS,DOC,DTM,DY,EGP,EHC,EME,ENOV,ENR,ENS,ENV,EPR,EQT,ESNT,ETRN,EVR,EWBC,EXE,EXEL,EXP,FAF,FCFS,FCN,FFIN,FHI,FHN,FICO,FIVE,FL,FLG,FLO,FLR,FLS,FNB,FOXF,FR,FSLR,FULT,G,GAP,GATX,GBCI,GEF,GGG,GHC,GME,GMED,GNTX,GO,GT,GTM,GXO,HAE,HAIN,HALO,HBI,HE,HELE,HIW,HOG,HOMB,HPP,HQY,HR,HRB,HUBB,HWC,HXL,IAA,IART,IBKR,IBOC,ICUI,IDA,INGR,IRDM,ITT,JACK,JAZZ,JBGS,JBL,JBLU,JEF,JHG,JLL,JWN,KBH,KBR,KD,KEX,KMPR,KMT,KNSL,KNX,KRC,KRG,KSS,LAD,LAMR,LEA,LECO,LEG,LFUS,LHCG,LII,LITE,LIVN,LNW,LOPE,LPX,LSCC,LSI,LSTR,M,MAC,MAN,MANH,MASI,MAT,MCY,MDU,MEDP,MIDD,MIME,MKSI,MLKN,MMS,MODG,MOH,MPW,MRCY,MSA,MSM,MTG,MTX,MTZ,MUR,MUSA,MZTI,NATI,NAVI,NBIX,NDSN,NEOG,NEU,NFG,NGVT,NJR,NNN,NOV,NSA,NSP,NUS,NUVA,NVST,NVT,NWE,NYT,OC,OGE,OGS,OHI,OLED,OLLI,OLN,OPCH,ORI,OSK,OZK,P,PACW,PB,PCH,PCTY,PDCO,PEB,PEN,PFGC,PGNY,PII,PK,PNFP,POST,POWI,PPC,PRG,PRGO,PRI,PSB,PZZA,QDEL,QLYS,R,RAMP,RCM,REXR,RGA,RGEN,RGLD,RH,RLI,RNR,RPM,RRX,RS,RUN,RYN,SABR,SAFM,SAIA,SAIC,SAIL,SAM,SBRA,SCI,SEIC,SF,SFM,SGI,SIGI,SITM,SIX,SKX,SLAB,SLG,SLGN,SLM,SMG,SMTC,SNV,SNX,SON,SPWR,SR,SRC,SRCL,SSD,STAA,STL,STLD,STOR,SWX,SXT,SYNA,SYNH,TCBI,TDC,TEX,TGNA,THC,THG,THO,TKO,TKR,TMHC,TNDM,TNL,TOL,TPH,TREX,TRGP,TRIP,TRN,TTC,TTEK,TXNM,TXRH,UAA/UA,UBSI,UE,UGI,UMBF,UMPQ,UNM,UNVR,URBN,UTHR,VAC,VC,VICR,VLY,VMI,VNT,VOYA,VSAT,VSCO,VSH,VVV,VYX,WAFD,WBS,WEN,WERN,WEX,WH,WING,WLY,WOLF,WOR,WSM,WSO,WTFC,WTRG,WU,WWD,X,XPO,XRX,Y,YELP,YETI,ZD"
2022-02-01,"AA,ACC,ACHC,ACIW,ACM,ADNT,AEO,AFG,AGCO,AIRC,ALE,AM,AMED,AMG,AMKR,AN,APPS,ARW,ARWR,ASB,ASGN,ASH,ATR,AVNT,AVT,AXON,AYI,AZPN,AZTA,BC,BCO,BDC,BFH,BHF,BJ,BKH,BLD,BLDR,BLKB,BOH,BRKR,BRX,BYD,CABO,CACI,CADE,CALX,CAR,CASY,CATY,CBRL,CBSH,CBT,CC,CCMP,CDK,CDP,CFR,CGNX,CHDN,CHE,CHH,CHX,CIEN,CLF,CLH,CMC,CNO,CNX,CNXC,COHR,COLM,CONE,COTY,CPRI,CPT,CRI,CRNC,CROX,CRUS,CSL,CUZ,CVLT,CW,CXT,DAN,DAR,DCI,DECK,DEI,DINO,DKS,DOC,DTM,DY,EEFT,EGP,EHC,EME,ENOV,ENR,ENS,ENV,EPR,EQT,ESNT,ETRN,EVR,EWBC,EXE,EXEL,EXP,FAF,FCFS,FCN,FFIN,FHI,FHN,FICO,FIVE,FL,FLG,FLO,FLR,FLS,FNB,FOXF,FR,FSLR,FULT,G,GAP,GATX,GBCI,GEF,GGG,GHC,GME,GMED,GNTX,GO,GT,GTM,GXO,HAE,HAIN,HALO,HBI,HE,HELE,HIW,HOG,HOMB,HPP,HQY,HR,HRB,HUBB,HWC,HXL,IAA,IART,IBKR,IBOC,ICUI,IDA,INGR,IRDM,ITT,JACK,JAZZ,JBGS,JBL,JBLU,JEF,JHG,JLL,JWN,KBH,KBR,KD,KEX,KMPR,KMT,KNSL,KNX,KRC,KRG,KSS,LAD,LAMR,LEA,LECO,LEG,LFUS,LHCG,LII,LITE,LIVN,LNW,LOPE,LPX,LSCC,LSI,LSTR,M,MAC,MAN,MANH,MASI,MAT,MCY,MDU,MEDP,MIDD,MIME,MKSI,MLKN,MMS,MODG,MOH,MPW,MRCY,MSA,MSM,MTG,MTX,MTZ,MUR,MUSA,MZTI,NATI,NAVI,NBIX,NDSN,NEOG,NEU,NFG,NGVT,NJR,NNN,NOV,NSA,NSP,NUS,NUVA,NVST,NVT,NWE,NYT,OC,OGE,OGS,OHI,OLED,OLLI,OLN,OPCH,ORI,OSK,OZK,P,PACW,PB,PCH,PCTY,PDCO,PEB,PEN,PFGC,PGNY,PII,PK,PNFP,POST,POWI,PPC,PRG,PRGO,PRI,PSB,PZZA,QDEL,QLYS,R,RAMP,RCM,REXR,RGA,RGEN,RGLD,RH,RLI,RNR,RPM,RRX,RS,RUN,RYN,SABR,SAFM,SAIA,SAIC,SAIL,SAM,SBRA,SCI,SEIC,SF,SFM,SGI,SIGI,SITM,SIX,SKX,SLAB,SLG,SLGN,SLM,SMG,SMTC,SNV,SNX,SON,SPWR,SR,SRC,SRCL,SSD,STAA,STLD,STOR,SWX,SXT,SYNA,SYNH,TCBI,TDC,TEX,TGNA,THC,THG,THO,TKO,TKR,TMHC,TNDM,TNL,TOL,TPH,TREX,TRGP,TRIP,TRN,TTC,TTEK,TXNM,TXRH,UAA/UA,UBSI,UE,UGI,UMBF,UMPQ,UNM,UNVR,URBN,UTHR,VAC,VC,VICR,VLY,VMI,VNT,VOYA,VSAT,VSCO,VSH,VVV,VYX,WAFD,WBS,WEN,WERN,WEX,WH,WING,WLY,WOLF,WOR,WSM,WSO,WTFC,WTRG,WTS,WU,WWD,X,XPO,XRX,Y,YELP,YETI,ZD"
2022-02-03,"AA,ACC,ACHC,ACIW,ACM,ADNT,AEO,AFG,AGCO,AIRC,ALE,AM,AMED,AMG,AMKR,AN,APPS,ARW,ARWR,ASB,ASGN,ASH,ATR,AVNT,AVT,AXON,AYI,AZPN,AZTA,BC,BCO,BDC,BFH,BHF,BJ,BKH,BLD,BLDR,BLKB,BOH,BRKR,BRX,BYD,CABO,CACI,CADE,CALX,CAR,CASY,CATY,CBRL,CBSH,CBT,CC,CCMP,CDK,CDP,CFR,CGNX,CHDN,CHE,CHH,CHX,CIEN,CLF,CLH,CMC,CNO,CNX,CNXC,COHR,COLM,CONE,COTY,CPRI,CPT,CRI,CRNC,CROX,CRUS,CSL,CUZ,CVLT,CW,CXT,DAN,DAR,DCI,DECK,DEI,DINO,DKS,DOC,DTM,DY,EEFT,EGP,EHC,EME,ENOV,ENR,ENS,ENV,EPR,EQT,ESNT,ETRN,EVR,EWBC,EXE,EXEL,EXP,FAF,FCFS,FCN,FFIN,FHI,FHN,FICO,FIVE,FL,FLG,FLO,FLR,FLS,FNB,FOXF,FR,FSLR,FULT,G,GAP,GATX,GBCI,GEF,GGG,GHC,GME,GMED,GNTX,GO,GT,GTM,GXO,HAE,HAIN,HALO,HBI,HE,HELE,HIW,HOG,HOMB,HPP,HQY,HR,HRB,HUBB,HWC,HXL,IAA,IART,IBKR,IBOC,ICUI,IDA,INGR,IRDM,ITT,JAZZ,JBGS,JBL,JBLU,JEF,JHG,JLL,JWN,KBH,KBR,KD,KEX,KMPR,KMT,KNSL,KNX,KRC,KRG,KSS,LAD,LAMR,LEA,LECO,LEG,LFUS,LHCG,LII,LITE,LIVN,LNW,LOPE,LPX,LSCC,LSI,LSTR,M,MAC,MAN,MANH,MASI,MAT,MCY,MDU,MEDP,MIDD,MIME,MKSI,MLKN,MMS,MODG,MOH,MPW,MRCY,MSA,MSM,MTG,MTX,MTZ,MUR,MUSA,MZTI,NATI,NAVI,NBIX,NDSN,NEOG,NEU,NFG,NGVT,NJR,NNN,NOV,NSA,NSP,NUS,NUVA,NVST,NVT,NWE,NYT,OC,OGE,OGS,OHI,OLED,OLLI,OLN,OPCH,ORI,OSK,OZK,P,PACW,PB,PCH,PCTY,PDCO,PEB,PEN,PFGC,PGNY,PII,PK,PNFP,POST,POWI,PPC,PRG,PRGO,PRI,PSB,PZZA,QDEL,QLYS,R,RAMP,RCM,REXR,RGA,RGEN,RGLD,RH,RLI,RNR,RPM,RRX,RS,RUN,RYN,SABR,SAFM,SAIA,SAIC,SAIL,SAM,SBRA,SCI,SEIC,SF,SFM,SGI,SIGI,SITM,SIX,SKX,SLAB,SLG,SLGN,SLM,SMG,SMTC,SNV,SNX,SON,SPWR,SR,SRC,SRCL,SSD,STAA,STLD,STOR,SWX,SXT,SYNA,SYNH,TCBI,TDC,TEX,TGNA,THC,THG,THO,TKO,TKR,TMHC,TNDM,TNL,TOL,TPH,TREX,TRGP,TRIP,TRN,TTC,TTEK,TXNM,TXRH,UAA/UA,UBSI,UE,UGI,UMBF,UMPQ,UNM,UNVR,URBN,UTHR,VAC,VC,VICR,VLY,VMI,VNT,VOYA,VSAT,VSCO,VSH,VVV,VYX,WAFD,WBS,WEN,WERN,WEX,WH,WING,WLY,WOLF,WOR,WSM,WSO,WTFC,WTRG,WTS,WU,WWD,X,XPO,XRX,Y,YELP,YETI,ZD"
2022-02-15,"AA,ACC,ACHC,ACIW,ACM,ADNT,AEO,AFG,AGCO,AIRC,ALE,AM,AMED,AMG,AMKR,AN,APPS,ARW,ARWR,ASB,ASGN,ASH,ATR,AVNT,AVT,AXON,AYI,AZPN,AZTA,BC,BCO,BDC,BFH,BHF,BJ,BKH,BLD,BLDR,BLKB,BOH,BRKR,BRX,BYD,CABO,CACI,CADE,CALX,CAR,CASY,CATY,CBRL,CBSH,CBT,CC,CCMP,CDK,CDP,CFR,CGNX,CHDN,CHE,CHH,CHX,CIEN,CLF,CLH,CMC,CNO,CNX,CNXC,COHR,COLM,CONE,COTY,CPRI,CPT,CRI,CRNC,CROX,CRUS,CSL,CUZ,CVLT,CW,CXT,DAN,DAR,DCI,DECK,DEI,DINO,DKS,DOC,DTM,DY,EEFT,EGP,EHC,EME,ENOV,ENR,ENS,ENV,EPR,EQT,ESNT,ETRN,EVR,EWBC,EXE,EXEL,EXP,FAF,FCFS,FCN,FFIN,FHI,FHN,FICO,FIVE,FL,FLG,FLO,FLR,FLS,FNB,FOXF,FR,FSLR,FULT,G,GAP,GATX,GBCI,GEF,GGG,GHC,GME,GMED,GNTX,GO,GT,GTM,GXO,HAE,HAIN,HALO,HBI,HE,HELE,HIW,HOG,HOMB,HPP,HQY,HR,HRB,HUBB,HWC,HXL,IAA,IART,IBKR,IBOC,ICUI,IDA,INGR,IRDM,ITT,JAZZ,JBGS,JBL,JBLU,JEF,JHG,JLL,JWN,KBH,KBR,KD,KEX,KMPR,KMT,KNSL,KNX,KRC,KRG,KSS,LAD,LAMR,LEA,LECO,LEG,LFUS,LHCG,LII,LITE,LIVN,LNW,LOPE,LPX,LSCC,LSI,LSTR,M,MAC,MAN,MANH,MASI,MAT,MCY,MDU,MEDP,MIDD,MIME,MKSI,MLKN,MMS,MODG,MOH,MPW,MRCY,MSA,MSM,MTG,MTX,MTZ,MUR,MUSA,MZTI,NATI,NAVI,NBIX,NEOG,NEU,NFG,NGVT,NJR,NNN,NOV,NSA,NSP,NUS,NUVA,NVST,NVT,NWE,NYT,OC,OGE,OGS,OHI,OLED,OLLI,OLN,OPCH,ORI,OSK,OZK,P,PACW,PB,PCH,PCTY,PDCE,PDCO,PEB,PEN,PFGC,PGNY,PII,PK,PNFP,POST,POWI,PPC,PRG,PRGO,PRI,PSB,PZZA,QDEL,QLYS,R,RAMP,RCM,REXR,RGA,RGEN,RGLD,RH,RLI,RNR,RPM,RRX,RS,RUN,RYN,SABR,SAFM,SAIA,SAIC,SAIL,SAM,SBRA,SCI,SEIC,SF,SFM,SGI,SIGI,SITM,SIX,SKX,SLAB,SLG,SLGN,SLM,SMG,SMTC,SNV,SNX,SON,SPWR,SR,SRC,SRCL,SSD,STAA,STLD,STOR,SWX,SXT,SYNA,SYNH,TCBI,TDC,TEX,TGNA,THC,THG,THO,TKO,TKR,TMHC,TNDM,TNL,TOL,TPH,TREX,TRGP,TRIP,TRN,TTC,TTEK,TXNM,TXRH,UAA/UA,UBSI,UE,UGI,UMBF,UMPQ,UNM,UNVR,URBN,UTHR,VAC,VC,VICR,VLY,VMI,VNT,VOYA,VSAT,VSCO,VSH,VVV,VYX,WAFD,WBS,WEN,WERN,WEX,WH,WING,WLY,WOLF,WOR,WSM,WSO,WTFC,WTRG,WTS,WU,WWD,X,XPO,XRX,Y,YELP,YETI,ZD"
2022-02-18,"AA,ACC,ACHC,ACIW,ACM,ADNT,AEO,AFG,AGCO,AIRC,ALE,AM,AMED,AMG,AMKR,AN,APPS,ARW,ARWR,ASB,ASGN,ASH,ATR,AVNT,AVT,AXON,AYI,AZPN,AZTA,BC,BCO,BDC,BFH,BHF,BJ,BKH,BLD,BLDR,BLKB,BOH,BRKR,BRX,BYD,CABO,CACI,CADE,CALX,CAR,CASY,CATY,CBRL,CBSH,CBT,CC,CCMP,CDK,CDP,CFR,CGNX,CHDN,CHE,CHH,CHX,CIEN,CLF,CLH,CMC,CNO,CNX,CNXC,COHR,COLM,CONE,COTY,CPRI,CPT,CRI,CRNC,CROX,CRUS,CSL,CUZ,CVLT,CW,CXT,DAN,DAR,DCI,DECK,DEI,DINO,DKS,DOC,DTM,DY,EEFT,EGP,EHC,EME,ENOV,ENR,ENS,ENV,EPR,EQT,ESNT,ETRN,EVR,EWBC,EXE,EXEL,EXP,FAF,FCFS,FCN,FFIN,FHI,FHN,FICO,FIVE,FL,FLG,FLO,FLR,FLS,FNB,FOXF,FR,FSLR,FULT,G,GAP,GATX,GBCI,GEF,GGG,GHC,GME,GMED,GNTX,GO,GT,GTM,GXO,HAE,HAIN,HALO,HBI,HE,HELE,HIW,HOG,HOMB,HPP,HQY,HR,HRB,HUBB,HWC,HXL,IAA,IART,IBKR,IBOC,ICUI,IDA,INGR,IRDM,ITT,JAZZ,JBGS,JBL,JBLU,JEF,JHG,JLL,JWN,KBH,KBR,KD,KEX,KMPR,KMT,KNSL,KNX,KRC,KRG,KSS,LAD,LAMR,LEA,LECO,LEG,LFUS,LHCG,LII,LITE,LIVN,LNW,LOPE,LPX,LSCC,LSI,LSTR,M,MAC,MAN,MANH,MASI,MAT,MCY,MDU,MEDP,MIDD,MIME,MKSI,MLKN,MMS,MODG,MOH,MPW,MRCY,MSA,MSM,MTG,MTX,MTZ,MUR,MUSA,MZTI,NATI,NAVI,NBIX,NEOG,NEU,NFG,NGVT,NJR,NNN,NOV,NSA,NSP,NUS,NUVA,NVST,NVT,NWE,NYT,OC,OGE,OGS,OHI,OLED,OLLI,OLN,ONB,OPCH,ORI,OSK,OZK,P,PACW,PB,PCH,PCTY,PDCE,PDCO,PEB,PEN,PFGC,PGNY,PII,PK,PNFP,POST,POWI,PPC,PRG,PRGO,PRI,PSB,PZZA,QDEL,QLYS,R,RAMP,RCM,REXR,RGA,RGEN,RGLD,RH,RLI,RNR,RPM,RRX,RS,RUN,RYN,SABR,SAFM,SAIA,SAIC,SAIL,SAM,SBRA,SCI,SEIC,SF,SFM,SGI,SIGI,SITM,SIX,SKX,SLAB,SLG,SLGN,SLM,SMG,SMTC,SNV,SNX,SON,SPWR,SR,SRC,SRCL,SSD,STAA,STLD,STOR,SWX,SXT,SYNA,SYNH,TCBI,TDC,TEX,TGNA,THC,THG,THO,TKO,TKR,TMHC,TNDM,TNL,TOL,TPH,TREX,TRGP,TRIP,TRN,TTC,TTEK,TXNM,TXRH,UAA/UA,UBSI,UGI,UMBF,UMPQ,UNM,UNVR,URBN,UTHR,VAC,VC,VICR,VLY,VMI,VNT,VOYA,VSAT,VSCO,VSH,VVV,VYX,WAFD,WBS,WEN,WERN,WEX,WH,WING,WLY,WOLF,WOR,WSM,WSO,WTFC,WTRG,WTS,WU,WWD,X,XPO,XRX,Y,YELP,YETI,ZD"
2022-03-02,"AA,ACC,ACHC,ACIW,ACM,ADNT,AEO,AFG,AGCO,AIRC,ALE,AM,AMED,AMG,AMKR,AN,APPS,ARW,ARWR,ASB,ASGN,ASH,ATR,AVNT,AVT,AXON,AYI,AZPN,AZTA,BC,BCO,BDC,BFH,BHF,BJ,BKH,BLD,BLDR,BLKB,BOH,BRKR,BRX,BYD,CABO,CACI,CADE,CALX,CAR,CASY,CATY,CBRL,CBSH,CBT,CC,CCMP,CDK,CDP,CFR,CGNX,CHDN,CHE,CHH,CHX,CIEN,CLF,CLH,CMC,CNO,CNX,CNXC,COHR,COLM,CONE,COTY,CPRI,CPT,CRI,CRNC,CROX,CRUS,CSL,CUZ,CVLT,CW,CXT,DAN,DAR,DCI,DECK,DEI,DINO,DKS,DOC,DTM,DY,EEFT,EGP,EHC,EME,ENOV,ENR,ENS,ENV,EPR,EQT,ESNT,ETRN,EVR,EWBC,EXE,EXEL,EXP,FAF,FCFS,FCN,FFIN,FHI,FHN,FICO,FIVE,FL,FLG,FLO,FLR,FLS,FNB,FOXF,FR,FSLR,FULT,G,GAP,GATX,GBCI,GEF,GGG,GHC,GME,GMED,GNTX,GO,GT,GTM,GXO,HAE,HAIN,HALO,HBI,HE,HELE,HIW,HOG,HOMB,HPP,HQY,HR,HRB,HUBB,HWC,HXL,IAA,IART,IBKR,IBOC,ICUI,IDA,INGR,IRDM,ITT,JAZZ,JBGS,JBL,JBLU,JEF,JHG,JLL,JWN,KBH,KBR,KD,KEX,KMPR,KMT,KNSL,KNX,KRC,KRG,KSS,LAD,LAMR,LEA,LECO,LEG,LFUS,LHCG,LII,LITE,LIVN,LNW,LOPE,LPX,LSCC,LSI,LSTR,M,MAC,MAN,MANH,MASI,MAT,MCY,MDU,MEDP,MIDD,MIME,MKSI,MLKN,MMS,MODG,MPW,MRCY,MSA,MSM,MTG,MTX,MTZ,MUR,MUSA,MZTI,NATI,NAVI,NBIX,NEOG,NEU,NFG,NGVT,NJR,NNN,NOV,NSA,NSP,NUS,NUVA,NVST,NVT,NWE,NYT,OC,OGE,OGS,OHI,OLED,OLLI,OLN,ONB,OPCH,ORI,OSK,OZK,P,PACW,PB,PCH,PCTY,PDCE,PDCO,PEB,PEN,PFGC,PGNY,PII,PK,PNFP,POST,POWI,PPC,PRG,PRGO,PRI,PSB,PZZA,QDEL,QLYS,R,RAMP,RCM,REXR,RGA,RGEN,RGLD,RH,RLI,RNR,RPM,RRC,RRX,RS,RUN,RYN,SABR,SAFM,SAIA,SAIC,SAIL,SAM,SBRA,SCI,SEIC,SF,SFM,SGI,SIGI,SITM,SIX,SKX,SLAB,SLG,SLGN,SLM,SMG,SMTC,SNV,SNX,SON,SPWR,SR,SRC,SRCL,SSD,STAA,STLD,STOR,SWX,SXT,SYNA,SYNH,TCBI,TDC,TEX,TGNA,THC,THG,THO,TKO,TKR,TMHC,TNDM,TNL,TOL,TPH,TREX,TRGP,TRIP,TRN,TTC,TTEK,TXNM,TXRH,UAA/UA,UBSI,UGI,UMBF,UMPQ,UNM,UNVR,URBN,UTHR,VAC,VC,VICR,VLY,VMI,VNT,VOYA,VSAT,VSCO,VSH,VVV,VYX,WAFD,WBS,WEN,WERN,WEX,WH,WING,WLY,WOLF,WOR,WSM,WSO,WTFC,WTRG,WTS,WU,WWD,X,XPO,XRX,Y,YELP,YETI,ZD"
2022-03-14,"AA,ACC,ACHC,ACIW,ACM,ADNT,AEO,AFG,AGCO,AIRC,ALE,AM,AMED,AMG,AMKR,AN,APPS,ARW,ARWR,ASB,ASGN,ASH,ATR,AVNT,AVT,AXON,AYI,AZPN,AZTA,BC,BCO,BDC,BFH,BHF,BJ,BKH,BLD,BLDR,BLKB,BOH,BRBR,BRKR,BRX,BYD,CABO,CACI,CADE,CALX,CAR,CASY,CATY,CBRL,CBSH,CBT,CC,CCMP,CDK,CDP,CFR,CGNX,CHDN,CHE,CHH,CHX,CIEN,CLF,CLH,CMC,CNO,CNX,CNXC,COHR,COLM,CONE,COTY,CPRI,CPT,CRI,CROX,CRUS,CSL,CUZ,CVLT,CW,CXT,DAN,DAR,DCI,DECK,DEI,DINO,DKS,DOC,DTM,DY,EEFT,EGP,EHC,EME,ENOV,ENR,ENS,ENV,EPR,EQT,ESNT,ETRN,EVR,EWBC,EXE,EXEL,EXP,FAF,FCFS,FCN,FFIN,FHI,FHN,FICO,FIVE,FL,FLG,FLO,FLR,FLS,FNB,FOXF,FR,FSLR,FULT,G,GAP,GATX,GBCI,GEF,GGG,GHC,GME,GMED,GNTX,GO,GT,GTM,GXO,HAE,HAIN,HALO,HBI,HE,HELE,HIW,HOG,HOMB,HPP,HQY,HR,HRB,HUBB,HWC,HXL,IAA,IART,IBKR,IBOC,ICUI,IDA,INGR,IRDM,ITT,JAZZ,JBGS,JBL,JBLU,JEF,JHG,JLL,JWN,KBH,KBR,KD,KEX,KMPR,KMT,KNSL,KNX,KRC,KRG,KSS,LAD,LAMR,LEA,LECO,LEG,LFUS,LHCG,LII,LITE,LIVN,LNW,LOPE,LPX,LSCC,LSI,LSTR,M,MAC,MAN,MANH,MASI,MAT,MCY,MDU,MEDP,MIDD,MIME,MKSI,MLKN,MMS,MODG,MPW,MRCY,MSA,MSM,MTG,MTX,MTZ,MUR,MUSA,MZTI,NATI,NAVI,NBIX,NEOG,NEU,NFG,NGVT,NJR,NNN,NOV,NSA,NSP,NUS,NUVA,NVST,NVT,NWE,NYT,OC,OGE,OGS,OHI,OLED,OLLI,OLN,ONB,OPCH,ORI,OSK,OZK,P,PACW,PB,PCH,PCTY,PDCE,PDCO,PEB,PEN,PFGC,PGNY,PII,PK,PNFP,POST,POWI,PPC,PRG,PRGO,PRI,PSB,PZZA,QDEL,QLYS,R,RAMP,RCM,REXR,RGA,RGEN,RGLD,RH,RLI,RNR,RPM,RRC,RRX,RS,RUN,RYN,SABR,SAFM,SAIA,SAIC,SAIL,SAM,SBRA,SCI,SEIC,SF,SFM,SGI,SIGI,SITM,SIX,SKX,SLAB,SLG,SLGN,SLM,SMG,SMTC,SNV,SNX,SON,SPWR,SR,SRC,SRCL,SSD,STAA,STLD,STOR,SWX,SXT,SYNA,SYNH,TCBI,TDC,TEX,TGNA,THC,THG,THO,TKO,TKR,TMHC,TNDM,TNL,TOL,TPH,TREX,TRGP,TRIP,TRN,TTC,TTEK,TXNM,TXRH,UAA/UA,UBSI,UGI,UMBF,UMPQ,UNM,UNVR,URBN,UTHR,VAC,VC,VICR,VLY,VMI,VNT,VOYA,VSAT,VSCO,VSH,VVV,VYX,WAFD,WBS,WEN,WERN,WEX,WH,WING,WLY,WOLF,WOR,WSM,WSO,WTFC,WTRG,WTS,WU,WWD,X,XPO,XRX,Y,YELP,YETI,ZD"
2022-03-30,"AA,ACC,ACHC,ACIW,ACM,ADNT,AEO,AFG,AGCO,AIRC,ALE,AM,AMED,AMG,AMKR,AN,APPS,ARW,ARWR,ASB,ASGN,ASH,ATR,AVNT,AVT,AXON,AYI,AZPN,AZTA,BC,BCO,BDC,BFH,BHF,BJ,BKH,BLD,BLDR,BLKB,BOH,BRBR,BRKR,BRX,BYD,CABO,CACI,CADE,CALX,CAR,CASY,CATY,CBRL,CBSH,CBT,CC,CCMP,CDK,CDP,CFR,CGNX,CHDN,CHE,CHH,CHX,CIEN,CLF,CLH,CMC,CNO,CNX,CNXC,COHR,COLM,COTY,CPRI,CPT,CRI,CROX,CRUS,CSL,CUZ,CVLT,CW,CXT,DAN,DAR,DCI,DECK,DEI,DINO,DKS,DOC,DTM,DY,EEFT,EGP,EHC,EME,ENOV,ENR,ENS,ENV,EPR,EQT,ESNT,ETRN,EVR,EWBC,EXE,EXEL,EXP,FAF,FCFS,FCN,FFIN,FHI,FHN,FICO,FIVE,FL,FLG,FLO,FLR,FLS,FNB,FOXF,FR,FSLR,FULT,G,GAP,GATX,GBCI,GEF,GGG,GHC,GME,GMED,GNTX,GO,GT,GTLS,GTM,GXO,HAE,HAIN,HALO,HBI,HE,HELE,HIW,HOG,HOMB,HPP,HQY,HR,HRB,HUBB,HWC,HXL,IAA,IART,IBKR,IBOC,ICUI,IDA,INGR,IRDM,ITT,JAZZ,JBGS,JBL,JBLU,JEF,JHG,JLL,JWN,KBH,KBR,KD,KEX,KMPR,KMT,KNSL,KNX,KRC,KRG,KSS,LAD,LAMR,LEA,LECO,LEG,LFUS,LHCG,LII,LITE,LIVN,LNW,LOPE,LPX,LSCC,LSI,LSTR,M,MAC,MAN,MANH,MASI,MAT,MCY,MDU,MEDP,MIDD,MIME,MKSI,MLKN,MMS,MODG,MPW,MRCY,MSA,MSM,MTG,MTX,MTZ,MUR,MUSA,MZTI,NATI,NAVI,NBIX,NEOG,NEU,NFG,NGVT,NJR,NNN,NOV,NSA,NSP,NUS,NUVA,NVST,NVT,NWE,NYT,OC,OGE,OGS,OHI,OLED,OLLI,OLN,ONB,OPCH,ORI,OSK,OZK,P,PACW,PB,PCH,PCTY,PDCE,PDCO,PEB,PEN,PFGC,PGNY,PII,PK,PNFP,POST,POWI,PPC,PRG,PRGO,PRI,PSB,PZZA,QDEL,QLYS,R,RAMP,RCM,REXR,RGA,RGEN,RGLD,RH,RLI,RNR,RPM,RRC,RRX,RS,RUN,RYN,SABR,SAFM,SAIA,SAIC,SAIL,SAM,SBRA,SCI,SEIC,SF,SFM,SGI,SIGI,SITM,SIX,SKX,SLAB,SLG,SLGN,SLM,SMG,SMTC,SNV,SNX,SON,SPWR,SR,SRC,SRCL,SSD,STAA,STLD,STOR,SWX,SXT,SYNA,SYNH,TCBI,TDC,TEX,TGNA,THC,THG,THO,TKO,TKR,TMHC,TNDM,TNL,TOL,TPH,TREX,TRGP,TRIP,TRN,TTC,TTEK,TXNM,TXRH,UAA/UA,UBSI,UGI,UMBF,UMPQ,UNM,UNVR,URBN,UTHR,VAC,VC,VICR,VLY,VMI,VNT,VOYA,VSAT,VSCO,VSH,VVV,VYX,WAFD,WBS,WEN,WERN,WEX,WH,WING,WLY,WOLF,WOR,WSM,WSO,WTFC,WTRG,WTS,WU,WWD,X,XPO,XRX,Y,YELP,YETI,ZD"
2022-04-04,"AA,ACC,ACHC,ACIW,ACM,ADNT,AEO,AFG,AGCO,AIRC,ALE,AM,AMED,AMG,AMKR,AN,APPS,ARW,ARWR,ASB,ASGN,ASH,ATR,AVNT,AVT,AXON,AYI,AZPN,AZTA,BC,BCO,BDC,BFH,BHF,BJ,BKH,BLD,BLDR,BLKB,BOH,BRBR,BRKR,BRX,BYD,CABO,CACI,CADE,CALX,CAR,CASY,CATY,CBRL,CBSH,CBT,CC,CCMP,CDK,CDP,CFR,CGNX,CHDN,CHE,CHH,CHX,CIEN,CLF,CLH,CMC,CNO,CNX,CNXC,COHR,COLM,COTY,CPRI,CRI,CROX,CRUS,CSL,CUZ,CVLT,CW,CXT,DAN,DAR,DCI,DECK,DEI,DINO,DKS,DOC,DTM,DY,EEFT,EGP,EHC,EME,ENOV,ENR,ENS,ENV,EPR,EQT,ESNT,ETRN,EVR,EWBC,EXE,EXEL,EXP,FAF,FCFS,FCN,FFIN,FHI,FHN,FICO,FIVE,FL,FLG,FLO,FLR,FLS,FNB,FOXF,FR,FSLR,FULT,G,GAP,GATX,GBCI,GEF,GGG,GHC,GME,GMED,GNTX,GO,GT,GTLS,GTM,GXO,HAE,HAIN,HALO,HBI,HE,HELE,HIW,HOG,HOMB,HPP,HQY,HR,HRB,HUBB,HWC,HXL,IAA,IART,IBKR,IBOC,ICUI,IDA,INGR,IRDM,ITT,JAZZ,JBGS,JBL,JBLU,JEF,JHG,JLL,JWN,KBH,KBR,KD,KEX,KMPR,KMT,KNSL,KNX,KRC,KRG,KSS,LAD,LAMR,LEA,LECO,LEG,LFUS,LHCG,LII,LITE,LIVN,LNW,LOPE,LPX,LSCC,LSI,LSTR,M,MAC,MAN,MANH,MASI,MAT,MCY,MDU,MEDP,MIDD,MIME,MKSI,MLKN,MMS,MODG,MPW,MRCY,MSA,MSM,MTDR,MTG,MTX,MTZ,MUR,MUSA,MZTI,NATI,NAVI,NBIX,NEOG,NEU,NFG,NGVT,NJR,NNN,NOV,NSA,NSP,NUS,NUVA,NVST,NVT,NWE,NYT,OC,OGE,OGS,OHI,OLED,OLLI,OLN,ONB,OPCH,ORI,OSK,OZK,P,PACW,PB,PCH,PCTY,PDCE,PDCO,PEB,PEN,PFGC,PGNY,PII,PK,PNFP,POST,POWI,PPC,PRG,PRGO,PRI,PSB,PZZA,QDEL,QLYS,R,RAMP,RCM,REXR,RGA,RGEN,RGLD,RH,RLI,RNR,RPM,RRC,RRX,RS,RUN,RYN,SABR,SAFM,SAIA,SAIC,SAIL,SAM,SBRA,SCI,SEIC,SF,SFM,SGI,SIGI,SITM,SIX,SKX,SLAB,SLG,SLGN,SLM,SMG,SMTC,SNV,SNX,SON,SPWR,SR,SRC,SRCL,SSD,STAA,STLD,STOR,SWX,SXT,SYNA,SYNH,TCBI,TDC,TEX,TGNA,THC,THG,THO,TKO,TKR,TMHC,TNDM,TNL,TOL,TPH,TREX,TRGP,TRIP,TRN,TTC,TTEK,TXNM,TXRH,UAA/UA,UBSI,UGI,UMBF,UMPQ,UNM,UNVR,URBN,UTHR,VAC,VC,VICR,VLY,VMI,VNT,VOYA,VSAT,VSCO,VSH,VVV,VYX,WAFD,WBS,WEN,WERN,WEX,WH,WING,WLY,WOLF,WOR,WSM,WSO,WTFC,WTRG,WTS,WU,WWD,X,XPO,XRX,Y,YELP,YETI,ZD"
2022-04-05,"AA,ACC,ACHC,ACIW,ACM,ADNT,AEO,AFG,AGCO,AIRC,ALE,AM,AMED,AMG,AMKR,AN,APPS,ARW,ARWR,ASB,ASGN,ASH,ATR,AVNT,AVT,AXON,AYI,AZPN,AZTA,BC,BCO,BDC,BFH,BHF,BJ,BKH,BLD,BLDR,BLKB,BOH,BRBR,BRKR,BRX,BYD,CABO,CACI,CADE,CALX,CAR,CASY,CATY,CBRL,CBSH,CBT,CC,CCMP,CDK,CDP,CFR,CGNX,CHDN,CHE,CHH,CHX,CIEN,CLF,CLH,CMC,CNO,CNX,CNXC,COHR,COLM,COTY,CPRI,CRI,CROX,CRUS,CSL,CUZ,CVLT,CW,CXT,DAN,DAR,DCI,DECK,DEI,DINO,DKS,DOC,DTM,DY,EEFT,EGP,EHC,EME,ENOV,ENR,ENS,ENV,EPR,EQT,ESAB,ESNT,ETRN,EVR,EWBC,EXE,EXEL,EXP,FAF,FCFS,FCN,FFIN,FHI,FHN,FICO,FIVE,FL,FLG,FLO,FLR,FLS,FNB,FOXF,FR,FSLR,FULT,G,GAP,GATX,GBCI,GEF,GGG,GHC,GME,GMED,GNTX,GO,GT,GTLS,GTM,GXO,HAE,HAIN,HALO,HBI,HE,HELE,HIW,HOG,HOMB,HPP,HQY,HR,HRB,HUBB,HWC,HXL,IAA,IART,IBKR,IBOC,ICUI,IDA,INGR,IRDM,ITT,JAZZ,JBGS,JBL,JBLU,JEF,JHG,JLL,JWN,KBH,KBR,KD,KEX,KMPR,KMT,KNSL,KNX,KRC,KRG,KSS,LAD,LAMR,LEA,LECO,LEG,LFUS,LHCG,LII,LITE,LIVN,LNW,LOPE,LPX,LSCC,LSI,LSTR,M,MAC,MAN,MANH,MASI,MAT,MCY,MDU,MEDP,MIDD,MIME,MKSI,MLKN,MMS,MODG,MPW,MRCY,MSA,MSM,MTDR,MTG,MTX,MTZ,MUR,MUSA,MZTI,NATI,NAVI,NBIX,NEOG,NEU,NFG,NGVT,NJR,NNN,NOV,NSA,NSP,NUS,NUVA,NVST,NVT,NWE,NYT,OC,OGE,OGS,OHI,OLED,OLLI,OLN,ONB,OPCH,ORI,OSK,OZK,P,PACW,PB,PCH,PCTY,PDCE,PDCO,PEB,PEN,PFGC,PGNY,PII,PK,PNFP,POST,POWI,PPC,PRG,PRGO,PRI,PSB,PZZA,QDEL,QLYS,R,RAMP,RCM,REXR,RGA,RGEN,RGLD,RH,RLI,RNR,RPM,RRC,RRX,RS,RUN,RYN,SABR,SAFM,SAIA,SAIC,SAIL,SAM,SBRA,SCI,SEIC,SF,SFM,SGI,SIGI,SITM,SIX,SKX,SLAB,SLG,SLGN,SLM,SMG,SMTC,SNV,SNX,SON,SPWR,SR,SRC,SRCL,SSD,STAA,STLD,STOR,SWX,SXT,SYNA,SYNH,TCBI,TDC,TEX,TGNA,THC,THG,THO,TKO,TKR,TMHC,TNDM,TNL,TOL,TPH,TREX,TRGP,TRIP,TRN,TTC,TTEK,TXNM,TXRH,UAA/UA,UBSI,UGI,UMBF,UMPQ,UNM,UNVR,URBN,UTHR,VAC,VC,VICR,VLY,VMI,VNT,VOYA,VSAT,VSCO,VSH,VVV,VYX,WAFD,WBS,WEN,WERN,WEX,WH,WING,WLY,WOLF,WOR,WSM,WSO,WTFC,WTRG,WTS,WU,WWD,X,XPO,XRX,Y,YELP,YETI,ZD"
2022-04-06,"AA,ACC,ACHC,ACIW,ACM,ADNT,AEO,AFG,AGCO,AIRC,ALE,AM,AMED,AMG,AMKR,AN,APPS,ARW,ARWR,ASB,ASGN,ASH,ATR,AVNT,AVT,AXON,AYI,AZPN,AZTA,BC,BCO,BDC,BFH,BHF,BJ,BKH,BLD,BLDR,BLKB,BOH,BRBR,BRKR,BRX,BYD,CABO,CACI,CADE,CALX,CAR,CASY,CATY,CBRL,CBSH,CBT,CC,CCMP,CDK,CDP,CFR,CGNX,CHDN,CHE,CHH,CHX,CIEN,CLF,CLH,CMC,CNO,CNX,CNXC,COHR,COLM,COTY,CPRI,CRI,CROX,CRUS,CSL,CUZ,CVLT,CW,CXT,DAN,DAR,DCI,DECK,DEI,DINO,DKS,DOC,DTM,DY,EEFT,EGP,EHC,EME,ENOV,ENR,ENS,ENV,EPR,EQT,ESAB,ESNT,ETRN,EVR,EWBC,EXE,EXEL,EXP,FAF,FCFS,FCN,FFIN,FHI,FHN,FICO,FIVE,FL,FLG,FLO,FLR,FLS,FNB,FOXF,FR,FSLR,FULT,G,GAP,GATX,GBCI,GEF,GGG,GHC,GME,GMED,GNTX,GO,GT,GTLS,GTM,GXO,HAE,HAIN,HALO,HBI,HE,HELE,HIW,HOG,HOMB,HPP,HQY,HR,HRB,HUBB,HWC,HXL,IAA,IART,IBKR,IBOC,ICUI,IDA,INGR,IRDM,ITT,JAZZ,JBGS,JBL,JBLU,JEF,JHG,JLL,JWN,KBH,KBR,KD,KEX,KMPR,KMT,KNSL,KNX,KRC,KRG,KSS,LAD,LAMR,LEA,LECO,LEG,LFUS,LHCG,LII,LITE,LIVN,LNW,LOPE,LPX,LSCC,LSI,LSTR,M,MAC,MAN,MANH,MASI,MAT,MCY,MDU,MEDP,MIDD,MIME,MKSI,MLKN,MMS,MODG,MPW,MRCY,MSA,MSM,MTDR,MTG,MTX,MTZ,MUR,MUSA,MZTI,NATI,NAVI,NBIX,NEOG,NEU,NFG,NGVT,NJR,NNN,NOV,NSA,NSP,NUS,NUVA,NVST,NVT,NWE,NYT,OC,OGE,OGS,OHI,OLED,OLLI,OLN,ONB,OPCH,ORI,OSK,OZK,P,PACW,PB,PCH,PCTY,PDCE,PDCO,PEB,PEN,PFGC,PGNY,PII,PK,PNFP,POST,POWI,PPC,PRGO,PRI,PSB,PZZA,QDEL,QLYS,R,RAMP,RCM,REXR,RGA,RGEN,RGLD,RH,RLI,RNR,RPM,RRC,RRX,RS,RUN,RYN,SABR,SAFM,SAIA,SAIC,SAIL,SAM,SBRA,SCI,SEIC,SF,SFM,SGI,SIGI,SITM,SIX,SKX,SLAB,SLG,SLGN,SLM,SMG,SMTC,SNV,SNX,SON,SPWR,SR,SRC,SRCL,SSD,STAA,STLD,STOR,SWX,SXT,SYNA,SYNH,TCBI,TDC,TEX,TGNA,THC,THG,THO,TKO,TKR,TMHC,TNDM,TNL,TOL,TPH,TREX,TRGP,TRIP,TRN,TTC,TTEK,TXNM,TXRH,UAA/UA,UBSI,UGI,UMBF,UMPQ,UNM,UNVR,URBN,UTHR,VAC,VC,VICR,VLY,VMI,VNT,VOYA,VSAT,VSCO,VSH,VVV,VYX,WAFD,WBS,WEN,WERN,WEX,WH,WING,WLY,WOLF,WOR,WSM,WSO,WTFC,WTRG,WTS,WU,WWD,X,XPO,XRX,Y,YELP,YETI,ZD"
2022-05-03,"AA,ACC,ACHC,ACIW,ACM,ADNT,AEO,AFG,AGCO,AIRC,ALE,AM,AMED,AMG,AMKR,AN,APPS,ARW,ARWR,ASB,ASGN,ASH,ATR,AVNT,AVT,AXON,AYI,AZPN,AZTA,BC,BCO,BDC,BFH,BHF,BJ,BKH,BLD,BLDR,BLKB,BOH,BRBR,BRKR,BRX,BYD,CABO,CACI,CADE,CALX,CAR,CASY,CATY,CBRL,CBSH,CBT,CC,CCMP,CDK,CDP,CFR,CGNX,CHDN,CHE,CHH,CHX,CIEN,CLF,CLH,CMC,CNO,CNX,CNXC,COHR,COLM,COTY,CPRI,CRI,CROX,CRUS,CSL,CUZ,CVLT,CW,CXT,DAN,DAR,DCI,DECK,DEI,DINO,DKS,DOC,DTM,DY,EEFT,EGP,EHC,EME,ENOV,ENR,ENS,ENV,EPR,EQT,ESAB,ESNT,ETRN,EVR,EWBC,EXE,EXEL,EXP,FAF,FCFS,FCN,FFIN,FHI,FHN,FICO,FIVE,FL,FLG,FLO,FLR,FLS,FNB,FOXF,FR,FSLR,FULT,G,GAP,GATX,GBCI,GEF,GGG,GHC,GME,GMED,GNTX,GO,GT,GTLS,GTM,GXO,HAE,HAIN,HALO,HBI,HE,HELE,HIW,HOG,HOMB,HPP,HQY,HR,HRB,HUBB,HWC,HXL,IAA,IART,IBKR,IBOC,ICUI,IDA,INGR,IRDM,ITT,JAZZ,JBGS,JBL,JBLU,JEF,JHG,JLL,JWN,KBH,KBR,KD,KEX,KMPR,KMT,KNSL,KNX,KRC,KRG,KSS,LAD,LAMR,LEA,LECO,LEG,LFUS,LHCG,LII,LITE,LIVN,LNW,LOPE,LPX,LSCC,LSI,LSTR,M,MAC,MAN,MANH,MASI,MAT,MCY,MDU,MEDP,MIDD,MIME,MKSI,MLKN,MMS,MODG,MPW,MRCY,MSA,MSM,MTDR,MTG,MTX,MTZ,MUR,MUSA,MZTI,NARI,NATI,NAVI,NBIX,NEOG,NEU,NFG,NGVT,NJR,NNN,NOV,NSA,NSP,NUS,NUVA,NVST,NVT,NWE,NYT,OC,OGE,OGS,OHI,OLED,OLLI,OLN,ONB,OPCH,ORI,OSK,OZK,P,PACW,PB,PCH,PCTY,PDCE,PDCO,PEB,PEN,PFGC,PGNY,PII,PK,PNFP,POST,POWI,PPC,PRGO,PRI,PSB,PZZA,QDEL,QLYS,R,RAMP,RCM,REXR,RGA,RGEN,RGLD,RH,RLI,RNR,RPM,RRC,RRX,RS,RUN,RYN,SABR,SAFM,SAIA,SAIC,SAIL,SAM,SBRA,SCI,SEIC,SF,SFM,SGI,SIGI,SITM,SIX,SKX,SLAB,SLG,SLGN,SLM,SMG,SMTC,SNV,SNX,SON,SPWR,SR,SRC,SRCL,SSD,STAA,STLD,STOR,SWX,SXT,SYNA,SYNH,TCBI,TDC,TEX,TGNA,THC,THG,THO,TKO,TKR,TMHC,TNDM,TNL,TOL,TREX,TRGP,TRIP,TRN,TTC,TTEK,TXNM,TXRH,UAA/UA,UBSI,UGI,UMBF,UMPQ,UNM,UNVR,URBN,UTHR,VAC,VC,VICR,VLY,VMI,VNT,VOYA,VSAT,VSCO,VSH,VVV,VYX,WAFD,WBS,WEN,WERN,WEX,WH,WING,WLY,WOLF,WOR,WSM,WSO,WTFC,WTRG,WTS,WU,WWD,X,XPO,XRX,Y,YELP,YETI,ZD"
2022-05-19,"AA,ACC,ACHC,ACIW,ACM,ADNT,AEO,AFG,AGCO,AIRC,ALE,AM,AMED,AMG,AMKR,AN,APPS,ARW,ARWR,ASB,ASGN,ASH,ATR,AVNT,AVT,AXON,AYI,AZPN,AZTA,BC,BCO,BDC,BFH,BHF,BJ,BKH,BLD,BLDR,BLKB,BOH,BRBR,BRKR,BRX,BYD,CABO,CACI,CADE,CALX,CAR,CASY,CATY,CBRL,CBSH,CBT,CC,CCMP,CDK,CDP,CFR,CGNX,CHDN,CHE,CHH,CHX,CIEN,CLF,CLH,CMC,CNO,CNX,CNXC,COHR,COLM,COTY,CPRI,CRI,CROX,CRUS,CSL,CUZ,CVLT,CW,CXT,DAN,DAR,DCI,DECK,DEI,DINO,DKS,DOC,DTM,DY,EEFT,EGP,EHC,EME,ENOV,ENR,ENS,ENV,EPR,EQT,ESAB,ESNT,ETRN,EVR,EWBC,EXE,EXEL,EXP,FAF,FCFS,FCN,FFIN,FHI,FHN,FICO,FIVE,FL,FLG,FLO,FLR,FLS,FNB,FOXF,FR,FSLR,FULT,G,GAP,GATX,GBCI,GEF,GGG,GHC,GME,GMED,GNTX,GO,GT,GTLS,GTM,GXO,HAE,HAIN,HALO,HBI,HE,HELE,HIW,HOG,HOMB,HPP,HQY,HR,HRB,HUBB,HWC,HXL,IAA,IART,IBKR,IBOC,ICUI,IDA,INGR,IRDM,IRT,ITT,JAZZ,JBGS,JBL,JBLU,JEF,JHG,JLL,JWN,KBH,KBR,KD,KEX,KMPR,KMT,KNSL,KNX,KRC,KRG,KSS,LAD,LAMR,LEA,LECO,LEG,LFUS,LHCG,LII,LITE,LIVN,LNW,LOPE,LPX,LSCC,LSI,LSTR,M,MAC,MAN,MANH,MASI,MAT,MCY,MDU,MEDP,MIDD,MKSI,MLKN,MMS,MODG,MPW,MRCY,MSA,MSM,MTDR,MTG,MTX,MTZ,MUR,MUSA,MZTI,NARI,NATI,NAVI,NBIX,NEOG,NEU,NFG,NGVT,NJR,NNN,NOV,NSA,NSP,NUS,NUVA,NVST,NVT,NWE,NYT,OC,OGE,OGS,OHI,OLED,OLLI,OLN,ONB,OPCH,ORI,OSK,OZK,P,PACW,PB,PCH,PCTY,PDCE,PDCO,PEB,PEN,PFGC,PGNY,PII,PK,PNFP,POST,POWI,PPC,PRGO,PRI,PSB,PZZA,QDEL,QLYS,R,RAMP,RCM,REXR,RGA,RGEN,RGLD,RH,RLI,RNR,RPM,RRC,RRX,RS,RUN,RYN,SABR,SAFM,SAIA,SAIC,SAIL,SAM,SBRA,SCI,SEIC,SF,SFM,SGI,SIGI,SITM,SIX,SKX,SLAB,SLG,SLGN,SLM,SMG,SMTC,SNV,SNX,SON,SPWR,SR,SRC,SRCL,SSD,STAA,STLD,STOR,SWX,SXT,SYNA,SYNH,TCBI,TDC,TEX,TGNA,THC,THG,THO,TKO,TKR,TMHC,TNDM,TNL,TOL,TREX,TRGP,TRIP,TRN,TTC,TTEK,TXNM,TXRH,UAA/UA,UBSI,UGI,UMBF,UMPQ,UNM,UNVR,URBN,UTHR,VAC,VC,VICR,VLY,VMI,VNT,VOYA,VSAT,VSCO,VSH,VVV,VYX,WAFD,WBS,WEN,WERN,WEX,WH,WING,WLY,WOLF,WOR,WSM,WSO,WTFC,WTRG,WTS,WU,WWD,X,XPO,XRX,Y,YELP,YETI,ZD"
2022-06-21,"AA,ACC,ACHC,ACIW,ACM,ADNT,AEO,AFG,AGCO,AIRC,ALE,AM,AMED,AMG,AMKR,AN,APPS,ARW,ARWR,ASB,ASGN,ASH,ATR,AVNT,AVT,AXON,AYI,AZPN,AZTA,BC,BCO,BDC,BFH,BHF,BJ,BKH,BLD,BLDR,BLKB,BOH,BRBR,BRKR,BRX,BYD,CABO,CACI,CADE,CALX,CAR,CASY,CATY,CBRL,CBSH,CBT,CC,CCMP,CDK,CDP,CFR,CGNX,CHDN,CHE,CHH,CHX,CIEN,CLF,CLH,CMC,CNO,CNX,CNXC,COHR,COLM,COTY,CPRI,CRI,CROX,CRUS,CSL,CUZ,CVLT,CW,CXT,DAN,DAR,DCI,DECK,DEI,DINO,DKS,DOC,DTM,DY,EEFT,EGP,EHC,EME,ENOV,ENR,ENS,ENV,EPR,EQT,ESAB,ESNT,ETRN,EVR,EWBC,EXE,EXEL,EXP,FAF,FCFS,FCN,FFIN,FHI,FHN,FICO,FIVE,FL,FLG,FLO,FLR,FLS,FNB,FOXF,FR,FSLR,FULT,G,GAP,GATX,GBCI,GEF,GGG,GHC,GME,GMED,GNTX,GO,GT,GTLS,GTM,GXO,HAE,HAIN,HALO,HBI,HE,HELE,HIW,HOG,HOMB,HPP,HQY,HR,HRB,HUBB,HWC,HXL,IAA,IART,IBKR,IBOC,ICUI,IDA,INGR,IPGP,IRDM,IRT,ITT,JAZZ,JBGS,JBL,JBLU,JEF,JHG,JLL,JWN,KBH,KBR,KD,KEX,KMPR,KMT,KNSL,KNX,KRC,KRG,KSS,LAD,LAMR,LEA,LECO,LEG,LFUS,LHCG,LII,LITE,LIVN,LNW,LOPE,LPX,LSCC,LSI,LSTR,M,MAC,MAN,MANH,MASI,MAT,MCY,MDU,MEDP,MIDD,MKSI,MLKN,MMS,MODG,MPW,MRCY,MSA,MSM,MTDR,MTG,MTX,MTZ,MUR,MUSA,MZTI,NARI,NATI,NAVI,NBIX,NEOG,NEU,NFG,NGVT,NJR,NNN,NOV,NSA,NSP,NUS,NUVA,NVST,NVT,NWE,NYT,OC,OGE,OGS,OHI,OLED,OLLI,OLN,ONB,OPCH,ORI,OSK,OZK,P,PACW,PB,PCH,PCTY,PDCE,PDCO,PEB,PEN,PFGC,PGNY,PII,PK,PNFP,POST,POWI,PPC,PRGO,PRI,PSB,PZZA,QDEL,QLYS,R,RCM,REXR,RGA,RGEN,RGLD,RH,RLI,RNR,RPM,RRC,RRX,RS,RUN,RYN,SABR,SAFM,SAIA,SAIC,SAIL,SAM,SBRA,SCI,SEIC,SF,SFM,SGI,SHC,SIGI,SITM,SIX,SKX,SLAB,SLG,SLGN,SLM,SMG,SMTC,SNV,SNX,SON,SPWR,SR,SRC,SRCL,SSD,STAA,STLD,STOR,SWAV,SWX,SXT,SYNA,SYNH,TCBI,TDC,TEX,TGNA,THC,THG,THO,TKO,TKR,TMHC,TNDM,TNL,TOL,TREX,TRGP,TRIP,TTC,TTEK,TXNM,TXRH,UAA/UA,UBSI,UGI,UMBF,UMPQ,UNM,UNVR,UTHR,VAC,VC,VICR,VLY,VMI,VNT,VOYA,VSAT,VSCO,VSH,VVV,VYX,WAFD,WBS,WEN,WERN,WEX,WH,WING,WLY,WOLF,WOR,WSM,WSO,WTFC,WTRG,WTS,WU,WWD,X,XPO,XRX,Y,YETI,ZD"
2022-06-29,"AA,ACC,ACHC,ACIW,ACM,ADNT,AEO,AFG,AGCO,AIRC,ALE,AM,AMED,AMG,AMKR,AN,ARW,ARWR,ASB,ASGN,ASH,ATR,AVNT,AVT,AXON,AYI,AZPN,AZTA,BC,BCO,BDC,BFH,BHF,BJ,BKH,BLD,BLDR,BLKB,BOH,BRBR,BRKR,BRX,BYD,CABO,CACI,CADE,CALX,CAR,CASY,CATY,CBRL,CBSH,CBT,CC,CCMP,CDK,CDP,CFR,CGNX,CHDN,CHE,CHH,CHX,CIEN,CLF,CLH,CMC,CNO,CNX,CNXC,COHR,COLM,COTY,CPRI,CRI,CROX,CRUS,CSL,CUZ,CVLT,CW,CXT,DAN,DAR,DCI,DECK,DEI,DINO,DKS,DOC,DTM,DY,EEFT,EGP,EHC,EME,ENOV,ENR,ENS,ENV,EPR,EQT,ESAB,ESNT,ETRN,EVR,EWBC,EXE,EXEL,EXP,FAF,FCFS,FCN,FFIN,FHI,FHN,FICO,FIVE,FL,FLG,FLO,FLR,FLS,FNB,FOXF,FR,FSLR,FULT,G,GAP,GATX,GBCI,GEF,GGG,GHC,GME,GMED,GNTX,GO,GT,GTLS,GTM,GXO,HAE,HAIN,HALO,HBI,HE,HELE,HIW,HOG,HOMB,HPP,HQY,HR,HRB,HUBB,HWC,HXL,IAA,IART,IBKR,IBOC,ICUI,IDA,INGR,IPGP,IRDM,IRT,ITT,JAZZ,JBGS,JBL,JBLU,JEF,JHG,JLL,JWN,KBH,KBR,KD,KEX,KMPR,KMT,KNSL,KNX,KRC,KRG,KSS,LAD,LAMR,LEA,LECO,LEG,LFUS,LHCG,LII,LITE,LIVN,LNW,LOPE,LPX,LSCC,LSI,LSTR,M,MAC,MAN,MANH,MASI,MAT,MCY,MDU,MEDP,MIDD,MKSI,MLKN,MMS,MODG,MPW,MRCY,MSA,MSM,MTDR,MTG,MTX,MTZ,MUR,MUSA,MZTI,NARI,NATI,NAVI,NBIX,NEOG,NEU,NFG,NGVT,NJR,NNN,NOV,NSA,NSP,NUS,NUVA,NVST,NVT,NWE,NYT,OC,OGE,OGS,OHI,OLED,OLLI,OLN,ONB,OPCH,ORI,OSK,OZK,P,PACW,PB,PCH,PCTY,PDCE,PDCO,PEB,PEN,PFGC,PGNY,PII,PK,PNFP,POR,POST,POWI,PPC,PRGO,PRI,PSB,PZZA,QDEL,QLYS,R,RCM,REXR,RGA,RGEN,RGLD,RH,RLI,RNR,RPM,RRC,RRX,RS,RUN,RYN,SABR,SAFM,SAIA,SAIC,SAIL,SAM,SBRA,SCI,SEIC,SF,SFM,SGI,SHC,SIGI,SITM,SIX,SKX,SLAB,SLG,SLGN,SLM,SMG,SMTC,SNV,SNX,SON,SPWR,SR,SRC,SRCL,SSD,STAA,STLD,STOR,SWAV,SWX,SXT,SYNA,SYNH,TCBI,TDC,TEX,TGNA,THC,THG,THO,TKO,TKR,TMHC,TNDM,TNL,TOL,TREX,TRGP,TRIP,TTC,TTEK,TXNM,TXRH,UAA/UA,UBSI,UGI,UMBF,UMPQ,UNM,UNVR,UTHR,VAC,VC,VICR,VLY,VMI,VNT,VOYA,VSAT,VSCO,VSH,VVV,VYX,WAFD,WBS,WEN,WERN,WEX,WH,WING,WLY,WOLF,WOR,WSM,WSO,WTFC,WTRG,WTS,WU,WWD,X,XPO,XRX,Y,YETI,ZD"
2022-07-05,"AA,ACC,ACHC,ACIW,ACM,ADNT,AEO,AFG,AGCO,AIRC,ALE,AM,AMED,AMG,AMKR,AN,ARW,ARWR,ASB,ASGN,ASH,ATR,AVNT,AVT,AXON,AYI,AZPN,AZTA,BC,BCO,BDC,BFH,BHF,BJ,BKH,BLD,BLDR,BLKB,BOH,BRBR,BRKR,BRX,BYD,CABO,CACI,CADE,CALX,CAR,CASY,CATY,CBRL,CBSH,CBT,CC,CCMP,CDK,CDP,CFR,CGNX,CHDN,CHE,CHH,CHX,CIEN,CLF,CLH,CMC,CNO,CNX,CNXC,COHR,COLM,COTY,CPRI,CRI,CROX,CRUS,CSL,CUZ,CVLT,CW,CXT,DAN,DAR,DCI,DECK,DEI,DINO,DKS,DOC,DTM,DY,EEFT,EGP,EHC,EME,ENOV,ENR,ENS,ENV,EPR,EQT,ESAB,ESNT,ETRN,EVR,EWBC,EXE,EXEL,EXP,FAF,FCFS,FCN,FFIN,FHI,FHN,FICO,FIVE,FL,FLG,FLO,FLR,FLS,FNB,FOXF,FR,FSLR,FULT,G,GAP,GATX,GBCI,GEF,GGG,GHC,GME,GMED,GNTX,GO,GT,GTLS,GTM,GXO,HAE,HAIN,HALO,HBI,HE,HELE,HIW,HOG,HOMB,HPP,HQY,HR,HRB,HUBB,HWC,HXL,IAA,IART,IBKR,IBOC,ICUI,IDA,INGR,IPGP,IRDM,IRT,ITT,JAZZ,JBGS,JBL,JBLU,JEF,JHG,JLL,JWN,KBH,KBR,KD,KEX,KMPR,KMT,KNSL,KNX,KRC,KRG,KSS,LAD,LAMR,LEA,LECO,LEG,LFUS,LHCG,LII,LITE,LIVN,LNW,LOPE,LPX,LSCC,LSI,LSTR,M,MAC,MAN,MANH,MASI,MAT,MCY,MDU,MEDP,MIDD,MKSI,MLKN,MMS,MODG,MPW,MRCY,MSA,MSM,MTDR,MTG,MTX,MTZ,MUR,MUSA,MZTI,NARI,NATI,NAVI,NBIX,NEOG,NEU,NFG,NGVT,NJR,NNN,NOV,NSA,NSP,NUS,NUVA,NVST,NVT,NWE,NYT,OC,OGE,OGS,OHI,OLED,OLLI,OLN,OMCL,ONB,OPCH,ORI,OSK,OZK,P,PACW,PB,PCH,PCTY,PDCE,PDCO,PEB,PEN,PFGC,PGNY,PII,PK,PNFP,POR,POST,POWI,PPC,PRGO,PRI,PSB,PZZA,QDEL,QLYS,R,RCM,REXR,RGA,RGEN,RGLD,RH,RLI,RNR,RPM,RRC,RRX,RS,RUN,RYN,SABR,SAFM,SAIA,SAIC,SAIL,SAM,SBRA,SCI,SEIC,SF,SFM,SGI,SHC,SIGI,SITM,SIX,SKX,SLAB,SLG,SLGN,SLM,SMG,SMTC,SNV,SNX,SON,SPWR,SR,SRC,SRCL,SSD,STAA,STLD,STOR,SWAV,SWX,SXT,SYNA,SYNH,TCBI,TDC,TEX,TGNA,THC,THG,THO,TKO,TKR,TMHC,TNDM,TNL,TOL,TREX,TRGP,TRIP,TTC,TTEK,TXNM,TXRH,UAA/UA,UBSI,UGI,UMBF,UMPQ,UNM,UNVR,UTHR,VAC,VC,VICR,VLY,VMI,VNT,VOYA,VSAT,VSCO,VSH,VVV,VYX,WAFD,WBS,WEN,WERN,WEX,WH,WING,WLY,WOLF,WOR,WSM,WSO,WTFC,WTRG,WTS,WU,WWD,X,XPO,XRX,Y,YETI,ZD"
2022-07-06,"AA,ACC,ACHC,ACIW,ACM,ADNT,AEO,AFG,AGCO,AIRC,ALE,AM,AMED,AMG,AMKR,AN,ARW,ARWR,ASB,ASGN,ASH,ATR,AVNT,AVT,AXON,AYI,AZPN,AZTA,BC,BCO,BDC,BFH,BHF,BJ,BKH,BLD,BLDR,BLKB,BOH,BRBR,BRKR,BRX,BYD,CABO,CACI,CADE,CALX,CAR,CASY,CATY,CBRL,CBSH,CBT,CC,CCMP,CDP,CFR,CGNX,CHDN,CHE,CHH,CHX,CIEN,CLF,CLH,CMC,CNO,CNX,CNXC,COHR,COLM,COTY,CPRI,CRI,CROX,CRUS,CSL,CUZ,CVLT,CW,CXT,DAN,DAR,DCI,DECK,DEI,DINO,DKS,DOC,DTM,DY,EEFT,EGP,EHC,EME,ENOV,ENR,ENS,ENV,EPR,EQT,ESAB,ESNT,ETRN,EVR,EWBC,EXE,EXEL,EXP,FAF,FCFS,FCN,FFIN,FHI,FHN,FICO,FIVE,FL,FLG,FLO,FLR,FLS,FNB,FOXF,FR,FSLR,FULT,G,GAP,GATX,GBCI,GEF,GGG,GHC,GME,GMED,GNTX,GO,GT,GTLS,GTM,GXO,HAE,HAIN,HALO,HBI,HE,HELE,HIW,HOG,HOMB,HPP,HQY,HR,HRB,HUBB,HWC,HXL,IAA,IART,IBKR,IBOC,ICUI,IDA,INGR,IPGP,IRDM,IRT,ITT,JAZZ,JBGS,JBL,JBLU,JEF,JHG,JLL,JWN,KBH,KBR,KD,KEX,KMPR,KMT,KNSL,KNX,KRC,KRG,KSS,LAD,LAMR,LEA,LECO,LEG,LFUS,LHCG,LII,LITE,LIVN,LNW,LOPE,LPX,LSCC,LSI,LSTR,M,MAC,MAN,MANH,MASI,MAT,MCY,MDU,MEDP,MIDD,MKSI,MLKN,MMS,MODG,MPW,MRCY,MSA,MSM,MTDR,MTG,MTX,MTZ,MUR,MUSA,MZTI,NARI,NATI,NAVI,NBIX,NEOG,NEU,NFG,NGVT,NJR,NNN,NOV,NSA,NSP,NUS,NUVA,NVST,NVT,NWE,NYT,OC,OGE,OGS,OHI,OLED,OLLI,OLN,OMCL,ONB,OPCH,ORI,OSK,OZK,P,PACW,PB,PCH,PCTY,PDCE,PDCO,PEB,PEN,PFGC,PGNY,PII,PK,PNFP,POR,POST,POWI,PPC,PRGO,PRI,PSB,PZZA,QDEL,QLYS,R,RCM,REXR,RGA,RGEN,RGLD,RH,RLI,RNR,RPM,RRC,RRX,RS,RUN,RYN,SABR,SAFM,SAIA,SAIC,SAIL,SAM,SBRA,SCI,SEIC,SF,SFM,SGI,SHC,SIGI,SITM,SIX,SKX,SLAB,SLG,SLGN,SLM,SMG,SMTC,SNV,SNX,SON,SPWR,SR,SRC,SRCL,SSD,STAA,STLD,STOR,SWAV,SWN,SWX,SXT,SYNA,SYNH,TCBI,TDC,TEX,TGNA,THC,THG,THO,TKO,TKR,TMHC,TNDM,TNL,TOL,TREX,TRGP,TRIP,TTC,TTEK,TXNM,TXRH,UAA/UA,UBSI,UGI,UMBF,UMPQ,UNM,UNVR,UTHR,VAC,VC,VICR,VLY,VMI,VNT,VOYA,VSAT,VSCO,VSH,VVV,VYX,WAFD,WBS,WEN,WERN,WEX,WH,WING,WLY,WOLF,WOR,WSM,WSO,WTFC,WTRG,WTS,WU,WWD,X,XPO,XRX,Y,YETI,ZD"
2022-07-07,"AA,ACC,ACHC,ACIW,ACM,ADNT,AEO,AFG,AGCO,AIRC,ALE,AM,AMED,AMG,AMKR,AN,ARW,ARWR,ASB,ASGN,ASH,ATR,AVNT,AVT,AXON,AYI,AZPN,AZTA,BC,BCO,BDC,BFH,BHF,BJ,BKH,BLD,BLDR,BLKB,BOH,BRBR,BRKR,BRX,BYD,CABO,CACI,CADE,CALX,CAR,CASY,CATY,CBRL,CBSH,CBT,CC,CDP,CFR,CGNX,CHDN,CHE,CHH,CHX,CIEN,CLF,CLH,CMC,CNO,CNX,CNXC,COHR,COLM,COTY,CPRI,CRI,CROX,CRUS,CSL,CUZ,CVLT,CW,CXT,DAN,DAR,DCI,DECK,DEI,DINO,DKS,DOC,DTM,DY,EEFT,EGP,EHC,EME,ENOV,ENR,ENS,ENV,EPR,EQT,ESAB,ESNT,ETRN,EVR,EWBC,EXE,EXEL,EXP,FAF,FCFS,FCN,FFIN,FHI,FHN,FICO,FIVE,FL,FLG,FLO,FLR,FLS,FNB,FOXF,FR,FSLR,FULT,G,GAP,GATX,GBCI,GEF,GGG,GHC,GME,GMED,GNTX,GO,GT,GTLS,GTM,GXO,HAE,HAIN,HALO,HBI,HE,HELE,HIW,HOG,HOMB,HPP,HQY,HR,HRB,HUBB,HWC,HXL,IAA,IART,IBKR,IBOC,ICUI,IDA,INGR,IPGP,IRDM,IRT,ITT,JAZZ,JBGS,JBL,JBLU,JEF,JHG,JLL,JWN,KBH,KBR,KD,KEX,KMPR,KMT,KNSL,KNX,KRC,KRG,KSS,LAD,LAMR,LEA,LECO,LEG,LFUS,LHCG,LII,LITE,LIVN,LNW,LOPE,LPX,LSCC,LSI,LSTR,M,MAC,MAN,MANH,MASI,MAT,MCY,MDU,MEDP,MIDD,MKSI,MLKN,MMS,MODG,MPW,MRCY,MSA,MSM,MTDR,MTG,MTX,MTZ,MUR,MUSA,MZTI,NARI,NATI,NAVI,NBIX,NEOG,NEU,NFG,NGVT,NJR,NNN,NOV,NSA,NSP,NUS,NUVA,NVST,NVT,NWE,NYT,OC,OGE,OGS,OHI,OLED,OLLI,OLN,OMCL,ONB,OPCH,ORA,ORI,OSK,OZK,P,PACW,PB,PCH,PCTY,PDCE,PDCO,PEB,PEN,PFGC,PGNY,PII,PK,PNFP,POR,POST,POWI,PPC,PRGO,PRI,PSB,PZZA,QDEL,QLYS,R,RCM,REXR,RGA,RGEN,RGLD,RH,RLI,RNR,RPM,RRC,RRX,RS,RUN,RYN,SABR,SAFM,SAIA,SAIC,SAIL,SAM,SBRA,SCI,SEIC,SF,SFM,SGI,SHC,SIGI,SITM,SIX,SKX,SLAB,SLG,SLGN,SLM,SMG,SMTC,SNV,SNX,SON,SPWR,SR,SRC,SRCL,SSD,STAA,STLD,STOR,SWAV,SWN,SWX,SXT,SYNA,SYNH,TCBI,TDC,TEX,TGNA,THC,THG,THO,TKO,TKR,TMHC,TNDM,TNL,TOL,TREX,TRGP,TRIP,TTC,TTEK,TXNM,TXRH,UAA/UA,UBSI,UGI,UMBF,UMPQ,UNM,UNVR,UTHR,VAC,VC,VICR,VLY,VMI,VNT,VOYA,VSAT,VSCO,VSH,VVV,VYX,WAFD,WBS,WEN,WERN,WEX,WH,WING,WLY,WOLF,WOR,WSM,WSO,WTFC,WTRG,WTS,WU,WWD,X,XPO,XRX,Y,YETI,ZD"
2022-07-20,"AA,ACC,ACHC,ACIW,ACM,ADNT,AEO,AFG,AGCO,AIRC,ALE,AM,AMED,AMG,AMKR,AN,ARW,ARWR,ASB,ASGN,ASH,ATR,AVNT,AVT,AXON,AYI,AZPN,AZTA,BC,BCO,BDC,BFH,BHF,BJ,BKH,BLD,BLDR,BLKB,BOH,BRBR,BRKR,BRX,BYD,CABO,CACI,CADE,CALX,CAR,CASY,CATY,CBRL,CBSH,CBT,CC,CDP,CFR,CGNX,CHDN,CHE,CHH,CHX,CIEN,CLF,CLH,CMC,CNO,CNX,CNXC,COHR,COKE,COLM,COTY,CPRI,CRI,CROX,CRUS,CSL,CUZ,CVLT,CW,CXT,DAN,DAR,DCI,DECK,DEI,DINO,DKS,DOC,DTM,DY,EEFT,EGP,EHC,EME,ENOV,ENR,ENS,ENV,EPR,EQT,ESAB,ESNT,ETRN,EVR,EWBC,EXE,EXEL,EXP,FAF,FCFS,FCN,FFIN,FHI,FHN,FICO,FIVE,FL,FLG,FLO,FLR,FLS,FNB,FOXF,FR,FSLR,FULT,G,GAP,GATX,GBCI,GEF,GGG,GHC,GME,GMED,GNTX,GO,GT,GTLS,GTM,GXO,HAE,HAIN,HALO,HBI,HE,HELE,HIW,HOG,HOMB,HPP,HQY,HR,HRB,HUBB,HWC,HXL,IAA,IART,IBKR,IBOC,ICUI,IDA,INGR,IPGP,IRDM,IRT,ITT,JAZZ,JBGS,JBL,JBLU,JEF,JHG,JLL,JWN,KBH,KBR,KD,KEX,KMPR,KMT,KNSL,KNX,KRC,KRG,KSS,LAD,LAMR,LEA,LECO,LEG,LFUS,LHCG,LII,LITE,LIVN,LNW,LOPE,LPX,LSCC,LSI,LSTR,M,MAC,MAN,MANH,MASI,MAT,MCY,MDU,MEDP,MIDD,MKSI,MLKN,MMS,MODG,MPW,MRCY,MSA,MSM,MTDR,MTG,MTX,MTZ,MUR,MUSA,MZTI,NARI,NATI,NAVI,NBIX,NEOG,NEU,NFG,NGVT,NJR,NNN,NOV,NSA,NSP,NUS,NUVA,NVST,NVT,NWE,NYT,OC,OGE,OGS,OHI,OLED,OLLI,OLN,OMCL,ONB,OPCH,ORA,ORI,OSK,OZK,P,PACW,PB,PCH,PCTY,PDCE,PDCO,PEB,PEN,PFGC,PGNY,PII,PK,PNFP,POR,POST,POWI,PPC,PRGO,PRI,PZZA,QDEL,QLYS,R,RCM,REXR,RGA,RGEN,RGLD,RH,RLI,RNR,RPM,RRC,RRX,RS,RUN,RYN,SABR,SAFM,SAIA,SAIC,SAIL,SAM,SBRA,SCI,SEIC,SF,SFM,SGI,SHC,SIGI,SITM,SIX,SKX,SLAB,SLG,SLGN,SLM,SMG,SMTC,SNV,SNX,SON,SPWR,SR,SRC,SRCL,SSD,STAA,STLD,STOR,SWAV,SWN,SWX,SXT,SYNA,SYNH,TCBI,TDC,TEX,TGNA,THC,THG,THO,TKO,TKR,TMHC,TNDM,TNL,TOL,TREX,TRGP,TRIP,TTC,TTEK,TXNM,TXRH,UAA/UA,UBSI,UGI,UMBF,UMPQ,UNM,UNVR,UTHR,VAC,VC,VICR,VLY,VMI,VNT,VOYA,VSAT,VSCO,VSH,VVV,VYX,WAFD,WBS,WEN,WERN,WEX,WH,WING,WLY,WOLF,WOR,WSM,WSO,WTFC,WTRG,WTS,WU,WWD,X,XPO,XRX,Y,YETI,ZD"
2022-07-26,"AA,ACC,ACHC,ACIW,ACM,ADNT,AEO,AFG,AGCO,AIRC,ALE,AM,AMED,AMG,AMKR,AN,ARW,ARWR,ASB,ASGN,ASH,ATR,AVNT,AVT,AXON,AYI,AZPN,AZTA,BC,BCO,BDC,BFH,BHF,BJ,BKH,BLD,BLDR,BLKB,BOH,BRBR,BRKR,BRX,BYD,CABO,CACI,CADE,CALX,CAR,CASY,CATY,CBRL,CBSH,CBT,CC,CDP,CFR,CGNX,CHDN,CHE,CHH,CHX,CIEN,CLF,CLH,CMC,CNO,CNX,CNXC,COHR,COKE,COLM,COTY,CPRI,CRI,CROX,CRUS,CSL,CUZ,CVLT,CW,CXT,DAN,DAR,DCI,DECK,DEI,DINO,DKS,DOC,DTM,DY,EEFT,EGP,EHC,EME,ENOV,ENR,ENS,ENV,EPR,EQT,ESAB,ESNT,ETRN,EVR,EWBC,EXE,EXEL,EXP,FAF,FCFS,FCN,FFIN,FHI,FHN,FICO,FIVE,FL,FLG,FLO,FLR,FLS,FNB,FOXF,FR,FSLR,FULT,G,GAP,GATX,GBCI,GEF,GGG,GHC,GME,GMED,GNTX,GO,GT,GTLS,GTM,GXO,HAE,HAIN,HALO,HBI,HE,HELE,HIW,HOG,HOMB,HPP,HQY,HR,HRB,HUBB,HWC,HXL,IAA,IART,IBKR,IBOC,ICUI,IDA,INGR,IPGP,IRDM,IRT,ITT,JAZZ,JBGS,JBL,JBLU,JEF,JHG,JLL,JWN,KBH,KBR,KD,KEX,KMPR,KMT,KNSL,KNX,KRC,KRG,KSS,LAD,LAMR,LEA,LECO,LEG,LFUS,LHCG,LII,LITE,LIVN,LNW,LOPE,LPX,LSCC,LSI,LSTR,M,MAC,MAN,MANH,MASI,MAT,MCY,MDU,MEDP,MIDD,MKSI,MLKN,MMS,MODG,MPW,MRCY,MSA,MSM,MTDR,MTG,MTX,MTZ,MUR,MUSA,MZTI,NARI,NATI,NAVI,NBIX,NEOG,NEU,NFG,NGVT,NJR,NNN,NOV,NOVT,NSA,NSP,NUS,NUVA,NVST,NVT,NWE,NYT,OC,OGE,OGS,OHI,OLED,OLLI,OLN,OMCL,ONB,OPCH,ORA,ORI,OSK,OZK,P,PACW,PB,PCH,PCTY,PDCE,PDCO,PEB,PEN,PFGC,PGNY,PII,PK,PNFP,POR,POST,POWI,PPC,PRGO,PRI,PZZA,QDEL,QLYS,R,RCM,REXR,RGA,RGEN,RGLD,RH,RLI,RNR,RPM,RRC,RRX,RS,RUN,RYN,SABR,SAFM,SAIA,SAIC,SAIL,SAM,SBRA,SCI,SEIC,SF,SFM,SGI,SHC,SIGI,SITM,SKX,SLAB,SLG,SLGN,SLM,SMG,SMTC,SNV,SNX,SON,SPWR,SR,SRC,SRCL,SSD,STAA,STLD,STOR,SWAV,SWN,SWX,SXT,SYNA,SYNH,TCBI,TDC,TEX,TGNA,THC,THG,THO,TKO,TKR,TMHC,TNDM,TNL,TOL,TREX,TRGP,TRIP,TTC,TTEK,TXNM,TXRH,UAA/UA,UBSI,UGI,UMBF,UMPQ,UNM,UNVR,UTHR,VAC,VC,VICR,VLY,VMI,VNT,VOYA,VSAT,VSCO,VSH,VVV,VYX,WAFD,WBS,WEN,WERN,WEX,WH,WING,WLY,WOLF,WOR,WSM,WSO,WTFC,WTRG,WTS,WU,WWD,X,XPO,XRX,Y,YETI,ZD"
2022-07-27,"AA,ACC,ACHC,ACIW,ACM,ADNT,AEO,AFG,AGCO,AIRC,ALE,AM,AMED,AMG,AMKR,AN,ARW,ARWR,ASB,ASGN,ASH,ATR,AVNT,AVT,AXON,AYI,AZPN,AZTA,BC,BCO,BDC,BFH,BHF,BJ,BKH,BLD,BLDR,BLKB,BOH,BRBR,BRKR,BRX,BYD,CABO,CACI,CADE,CALX,CAR,CASY,CATY,CBRL,CBSH,CBT,CC,CDP,CFR,CGNX,CHDN,CHE,CHH,CHX,CIEN,CLF,CLH,CMC,CNO,CNX,CNXC,COHR,COKE,COLM,COTY,CPRI,CRI,CROX,CRUS,CSL,CUZ,CVLT,CW,CXT,DAN,DAR,DCI,DECK,DEI,DINO,DKS,DOC,DTM,DY,EEFT,EGP,EHC,EME,ENOV,ENR,ENS,ENV,EPR,EQT,ESAB,ESNT,ETRN,EVR,EWBC,EXE,EXEL,EXP,FAF,FCFS,FCN,FFIN,FHI,FHN,FICO,FIVE,FL,FLG,FLO,FLR,FLS,FNB,FOXF,FR,FSLR,FULT,G,GAP,GATX,GBCI,GEF,GGG,GHC,GME,GMED,GNTX,GO,GT,GTLS,GTM,GXO,HAE,HAIN,HALO,HBI,HE,HELE,HIW,HOG,HOMB,HPP,HQY,HR,HRB,HUBB,HWC,HXL,IAA,IART,IBKR,IBOC,ICUI,IDA,INGR,IPGP,IRDM,IRT,ITT,JAZZ,JBGS,JBL,JBLU,JEF,JHG,JLL,JWN,KBH,KBR,KD,KEX,KMPR,KMT,KNSL,KNX,KRC,KRG,KSS,LAD,LAMR,LEA,LECO,LEG,LFUS,LHCG,LII,LITE,LIVN,LNW,LOPE,LPX,LSCC,LSI,LSTR,M,MAC,MAN,MANH,MASI,MAT,MCY,MDU,MEDP,MIDD,MKSI,MLKN,MMS,MODG,MP,MPW,MRCY,MSA,MSM,MTDR,MTG,MTX,MTZ,MUR,MUSA,MZTI,NARI,NATI,NAVI,NBIX,NEOG,NEU,NFG,NGVT,NJR,NNN,NOV,NOVT,NSA,NSP,NUS,NUVA,NVST,NVT,NWE,NYT,OC,OGE,OGS,OHI,OLED,OLLI,OLN,OMCL,ONB,OPCH,ORA,ORI,OSK,OZK,P,PACW,PB,PCH,PCTY,PDCE,PDCO,PEB,PEN,PFGC,PGNY,PII,PK,PNFP,POR,POST,POWI,PPC,PRGO,PRI,PZZA,QDEL,QLYS,R,RCM,REXR,RGA,RGEN,RGLD,RH,RLI,RNR,RPM,RRC,RRX,RS,RUN,RYN,SABR,SAIA,SAIC,SAIL,SAM,SBRA,SCI,SEIC,SF,SFM,SGI,SHC,SIGI,SITM,SKX,SLAB,SLG,SLGN,SLM,SMG,SMTC,SNV,SNX,SON,SPWR,SR,SRC,SRCL,SSD,STAA,STLD,STOR,SWAV,SWN,SWX,SXT,SYNA,SYNH,TCBI,TDC,TEX,TGNA,THC,THG,THO,TKO,TKR,TMHC,TNDM,TNL,TOL,TREX,TRGP,TRIP,TTC,TTEK,TXNM,TXRH,UAA/UA,UBSI,UGI,UMBF,UMPQ,UNM,UNVR,UTHR,VAC,VC,VICR,VLY,VMI,VNT,VOYA,VSAT,VSCO,VSH,VVV,VYX,WAFD,WBS,WEN,WERN,WEX,WH,WING,WLY,WOLF,WOR,WSM,WSO,WTFC,WTRG,WTS,WU,WWD,X,XPO,XRX,Y,YETI,ZD"
2022-08-10,"AA,ACHC,ACIW,ACM,ADNT,AEO,AFG,AGCO,AIRC,ALE,AM,AMED,AMG,AMKR,AN,ARW,ARWR,ASB,ASGN,ASH,ATR,AVNT,AVT,AXON,AYI,AZPN,AZTA,BC,BCO,BDC,BFH,BHF,BJ,BKH,BLD,BLDR,BLKB,BOH,BRBR,BRKR,BRX,BYD,CABO,CACI,CADE,CALX,CAR,CASY,CATY,CBRL,CBSH,CBT,CC,CDP,CELH,CFR,CGNX,CHDN,CHE,CHH,CHX,CIEN,CLF,CLH,CMC,CNO,CNX,CNXC,COHR,COKE,COLM,COTY,CPRI,CRI,CROX,CRUS,CSL,CUZ,CVLT,CW,CXT,DAN,DAR,DCI,DECK,DEI,DINO,DKS,DOC,DTM,DY,EEFT,EGP,EHC,EME,ENOV,ENR,ENS,ENV,EPR,EQT,ESAB,ESNT,ETRN,EVR,EWBC,EXE,EXEL,EXP,FAF,FCFS,FCN,FFIN,FHI,FHN,FICO,FIVE,FL,FLG,FLO,FLR,FLS,FNB,FOXF,FR,FSLR,FULT,G,GAP,GATX,GBCI,GEF,GGG,GHC,GME,GMED,GNTX,GO,GT,GTLS,GTM,GXO,HAE,HAIN,HALO,HBI,HE,HELE,HIW,HOG,HOMB,HPP,HQY,HR,HRB,HUBB,HWC,HXL,IAA,IART,IBKR,IBOC,ICUI,IDA,INGR,IPGP,IRDM,IRT,ITT,JAZZ,JBGS,JBL,JBLU,JEF,JHG,JLL,JWN,KBH,KBR,KD,KEX,KMPR,KMT,KNSL,KNX,KRC,KRG,KSS,LAD,LAMR,LEA,LECO,LEG,LFUS,LHCG,LII,LITE,LIVN,LNW,LOPE,LPX,LSCC,LSI,LSTR,M,MAC,MAN,MANH,MASI,MAT,MCY,MDU,MEDP,MIDD,MKSI,MLKN,MMS,MODG,MP,MPW,MRCY,MSA,MSM,MTDR,MTG,MTX,MTZ,MUR,MUSA,MZTI,NARI,NATI,NAVI,NBIX,NEOG,NEU,NFG,NGVT,NJR,NNN,NOV,NOVT,NSA,NSP,NUS,NUVA,NVST,NVT,NWE,NYT,OC,OGE,OGS,OHI,OLED,OLLI,OLN,OMCL,ONB,OPCH,ORA,ORI,OSK,OZK,P,PACW,PB,PCH,PCTY,PDCE,PDCO,PEB,PEN,PFGC,PGNY,PII,PK,PNFP,POR,POST,POWI,PPC,PRGO,PRI,PZZA,QDEL,QLYS,R,RCM,REXR,RGA,RGEN,RGLD,RH,RLI,RNR,RPM,RRC,RRX,RS,RUN,RYN,SABR,SAIA,SAIC,SAIL,SAM,SBRA,SCI,SEIC,SF,SFM,SGI,SHC,SIGI,SITM,SKX,SLAB,SLG,SLGN,SLM,SMG,SMTC,SNV,SNX,SON,SPWR,SR,SRC,SRCL,SSD,STAA,STLD,STOR,SWAV,SWN,SWX,SXT,SYNA,SYNH,TCBI,TDC,TEX,TGNA,THC,THG,THO,TKO,TKR,TMHC,TNDM,TNL,TOL,TREX,TRGP,TRIP,TTC,TTEK,TXNM,TXRH,UAA/UA,UBSI,UGI,UMBF,UMPQ,UNM,UNVR,UTHR,VAC,VC,VICR,VLY,VMI,VNT,VOYA,VSAT,VSCO,VSH,VVV,VYX,WAFD,WBS,WEN,WERN,WEX,WH,WING,WLY,WOLF,WOR,WSM,WSO,WTFC,WTRG,WTS,WU,WWD,X,XPO,XRX,Y,YETI,ZD"
2022-08-17,"AA,ACHC,ACIW,ACM,ADNT,AEO,AFG,AGCO,AIRC,ALE,AM,AMED,AMG,AMKR,AN,ARW,ARWR,ASB,ASGN,ASH,ATR,AVNT,AVT,AXON,AYI,AZPN,AZTA,BC,BCO,BDC,BFH,BHF,BJ,BKH,BLD,BLDR,BLKB,BOH,BRBR,BRKR,BRX,BYD,CABO,CACI,CADE,CALX,CAR,CASY,CATY,CBRL,CBSH,CBT,CC,CDP,CELH,CFR,CGNX,CHDN,CHE,CHH,CHX,CIEN,CLF,CLH,CMC,CNO,CNX,CNXC,COHR,COKE,COLM,COTY,CPRI,CRI,CROX,CRUS,CSL,CUZ,CVLT,CW,CXT,DAN,DAR,DCI,DECK,DEI,DINO,DKS,DOC,DTM,DY,EEFT,EGP,EHC,EME,ENOV,ENR,ENS,ENV,EPR,EQT,ESAB,ESNT,ETRN,EVR,EWBC,EXE,EXEL,EXP,FAF,FCFS,FCN,FFIN,FHI,FHN,FICO,FIVE,FL,FLG,FLO,FLR,FLS,FNB,FOXF,FR,FSLR,FULT,G,GAP,GATX,GBCI,GEF,GGG,GHC,GME,GMED,GNTX,GO,GT,GTLS,GTM,GXO,HAE,HAIN,HALO,HBI,HE,HELE,HIW,HOG,HOMB,HPP,HQY,HR,HRB,HUBB,HWC,HXL,IAA,IART,IBKR,IBOC,ICUI,IDA,INGR,IPGP,IRDM,IRT,ITT,JAZZ,JBGS,JBL,JBLU,JEF,JHG,JLL,JWN,KBH,KBR,KD,KEX,KMPR,KMT,KNSL,KNX,KRC,KRG,KSS,LAD,LAMR,LEA,LECO,LEG,LFUS,LHCG,LII,LITE,LIVN,LNW,LOPE,LPX,LSCC,LSI,LSTR,M,MAC,MAN,MANH,MASI,MAT,MCY,MDU,MEDP,MIDD,MKSI,MLKN,MMS,MODG,MP,MPW,MRCY,MSA,MSM,MTDR,MTG,MTSI,MTX,MTZ,MUR,MUSA,MZTI,NARI,NATI,NAVI,NBIX,NEOG,NEU,NFG,NGVT,NJR,NNN,NOV,NOVT,NSA,NSP,NUS,NUVA,NVST,NVT,NWE,NYT,OC,OGE,OGS,OHI,OLED,OLLI,OLN,OMCL,ONB,OPCH,ORA,ORI,OSK,OZK,P,PACW,PB,PCH,PCTY,PDCE,PDCO,PEB,PEN,PFGC,PGNY,PII,PK,PNFP,POR,POST,POWI,PPC,PRGO,PRI,PZZA,QDEL,QLYS,R,RCM,REXR,RGA,RGEN,RGLD,RH,RLI,RNR,RPM,RRC,RRX,RS,RUN,RYN,SABR,SAIA,SAIC,SAM,SBRA,SCI,SEIC,SF,SFM,SGI,SHC,SIGI,SITM,SKX,SLAB,SLG,SLGN,SLM,SMG,SMTC,SNV,SNX,SON,SPWR,SR,SRC,SRCL,SSD,STAA,STLD,STOR,SWAV,SWN,SWX,SXT,SYNA,SYNH,TCBI,TDC,TEX,TGNA,THC,THG,THO,TKO,TKR,TMHC,TNDM,TNL,TOL,TREX,TRGP,TRIP,TTC,TTEK,TXNM,TXRH,UAA/UA,UBSI,UGI,UMBF,UMPQ,UNM,UNVR,UTHR,VAC,VC,VICR,VLY,VMI,VNT,VOYA,VSAT,VSCO,VSH,VVV,VYX,WAFD,WBS,WEN,WERN,WEX,WH,WING,WLY,WOLF,WOR,WSM,WSO,WTFC,WTRG,WTS,WU,WWD,X,XPO,XRX,Y,YETI,ZD"
2022-09-19,"AA,ACHC,ACIW,ACM,ADNT,AFG,AGCO,AIRC,ALE,AM,AMED,AMG,AMKR,AN,ARW,ARWR,ASB,ASGN,ASH,ATR,AVNT,AVT,AXON,AYI,AZPN,AZTA,BC,BCO,BDC,BFH,BHF,BJ,BKH,BLD,BLDR,BLKB,BOH,BRBR,BRKR,BRX,BYD,CABO,CACI,CADE,CALX,CAR,CASY,CATY,CBRL,CBSH,CBT,CC,CDP,CELH,CFR,CGNX,CHDN,CHE,CHH,CHX,CIEN,CLF,CLH,CMC,CNO,CNX,CNXC,COHR,COKE,COLM,COTY,CPRI,CRI,CROX,CRUS,CSL,CUZ,CVLT,CW,CXT,DAN,DAR,DCI,DECK,DEI,DINO,DKS,DOC,DT,DTM,DY,EEFT,EGP,EHC,EME,ENOV,ENR,ENS,ENV,EPR,EQT,ESAB,ESNT,ETRN,EVR,EWBC,EXE,EXEL,EXP,FAF,FCFS,FCN,FFIN,FHI,FHN,FICO,FIVE,FL,FLG,FLO,FLR,FLS,FNB,FOXF,FR,FSLR,FULT,G,GAP,GATX,GBCI,GEF,GGG,GHC,GME,GMED,GNTX,GO,GT,GTLS,GTM,GXO,HAE,HAIN,HALO,HBI,HE,HELE,HIW,HOG,HOMB,HQY,HR,HRB,HUBB,HWC,HXL,IAA,IART,IBKR,IBOC,ICUI,IDA,INGR,IPGP,IRDM,IRT,ITT,JAZZ,JBGS,JBL,JBLU,JEF,JHG,JLL,JWN,KBH,KBR,KD,KEX,KMPR,KMT,KNSL,KNX,KRC,KRG,KSS,LAD,LAMR,LEA,LECO,LEG,LFUS,LHCG,LII,LITE,LIVN,LNW,LOPE,LPX,LSCC,LSI,LSTR,M,MAC,MAN,MANH,MASI,MAT,MDU,MEDP,MIDD,MKSI,MLKN,MMS,MODG,MP,MPW,MRCY,MSA,MSM,MTDR,MTG,MTSI,MTZ,MUR,MUSA,MZTI,NARI,NATI,NAVI,NBIX,NEOG,NEU,NFG,NGVT,NJR,NLY,NNN,NOV,NOVT,NSA,NSP,NUS,NUVA,NVST,NVT,NWE,NYT,OC,OGE,OGS,OHI,OLED,OLLI,OLN,OMCL,ONB,OPCH,ORA,ORI,OSK,OZK,P,PACW,PB,PCH,PCTY,PDCE,PDCO,PEB,PEN,PENN,PFGC,PGNY,PII,PK,PNFP,POR,POST,POWI,PPC,PRGO,PRI,PVH,PZZA,QDEL,QLYS,R,RCM,REXR,RGA,RGEN,RGLD,RH,RLI,RNR,RPM,RRC,RRX,RS,RUN,RYN,SABR,SAIA,SAIC,SAM,SBRA,SCI,SEIC,SF,SFM,SGI,SHC,SIGI,SITM,SKX,SLAB,SLG,SLGN,SLM,SMG,SMTC,SNV,SNX,SON,SPWR,SR,SRC,SRCL,SSD,STAA,STLD,STOR,SWAV,SWN,SWX,SXT,SYNA,SYNH,TCBI,TDC,TEX,TGNA,THC,THG,THO,TKO,TKR,TMHC,TNDM,TNL,TOL,TREX,TRGP,TRIP,TTC,TTEK,TXNM,TXRH,UAA/UA,UBSI,UGI,UMBF,UMPQ,UNM,UNVR,UTHR,VAC,VC,VICR,VLY,VMI,VNT,VOYA,VSAT,VSCO,VSH,VVV,VYX,WAFD,WBS,WEN,WERN,WEX,WH,WING,WLY,WOLF,WOR,WSM,WSO,WTFC,WTRG,WTS,WU,WWD,X,XPO,XRX,Y,YETI,ZD"
2022-10-03,"AA,ACHC,ACIW,ACM,ADNT,AFG,AGCO,AIRC,ALE,AM,AMED,AMG,AMKR,AN,ARW,ARWR,ASB,ASGN,ASH,ATR,AVNT,AVT,AXON,AYI,AZPN,AZTA,BC,BCO,BDC,BFH,BHF,BJ,BKH,BLD,BLDR,BLKB,BOH,BRBR,BRKR,BRX,BYD,CABO,CACI,CADE,CALX,CAR,CASY,CATY,CBRL,CBSH,CBT,CC,CDP,CELH,CFR,CGNX,CHDN,CHE,CHH,CHX,CIEN,CLF,CLH,CMC,CNO,CNX,CNXC,COHR,COKE,COLM,COTY,CPRI,CRI,CROX,CRUS,CSL,CUZ,CVLT,CW,CXT,DAN,DAR,DCI,DECK,DEI,DINO,DKS,DOC,DT,DTM,DY,EEFT,EGP,EHC,EME,ENOV,ENR,ENS,ENV,EPR,ESAB,ESNT,ETRN,EVR,EWBC,EXE,EXEL,EXLS,EXP,FAF,FCFS,FCN,FFIN,FHI,FHN,FICO,FIVE,FL,FLG,FLO,FLR,FLS,FNB,FOXF,FR,FSLR,FULT,FYBR,G,GAP,GATX,GBCI,GEF,GGG,GHC,GME,GMED,GNTX,GO,GT,GTLS,GTM,GXO,HAE,HALO,HBI,HE,HELE,HIW,HOG,HOMB,HQY,HR,HRB,HUBB,HWC,HXL,IAA,IART,IBKR,IBOC,ICUI,IDA,INGR,IPGP,IRDM,IRT,ITT,JAZZ,JBGS,JBL,JBLU,JEF,JHG,JLL,JWN,KBH,KBR,KD,KEX,KMPR,KMT,KNSL,KNX,KRC,KRG,KSS,LAD,LAMR,LEA,LECO,LEG,LFUS,LHCG,LII,LITE,LIVN,LNW,LOPE,LPX,LSCC,LSI,LSTR,M,MAC,MAN,MANH,MASI,MAT,MDU,MEDP,MIDD,MKSI,MLKN,MMS,MODG,MP,MPW,MRCY,MSA,MSM,MTDR,MTG,MTSI,MTZ,MUR,MUSA,MZTI,NARI,NATI,NAVI,NBIX,NEOG,NEU,NFG,NGVT,NJR,NLY,NNN,NOV,NOVT,NSA,NSP,NUS,NUVA,NVST,NVT,NWE,NYT,OC,OGE,OGS,OHI,OLED,OLLI,OLN,OMCL,ONB,OPCH,ORA,ORI,OSK,OZK,P,PACW,PB,PCH,PCTY,PDCE,PDCO,PEB,PEN,PENN,PFGC,PGNY,PII,PK,PNFP,POR,POST,POWI,PPC,PRGO,PRI,PVH,PZZA,QDEL,QLYS,R,RCM,REXR,RGA,RGEN,RGLD,RH,RLI,RNR,RPM,RRC,RRX,RS,RUN,RYN,SABR,SAIA,SAIC,SAM,SBRA,SCI,SEIC,SF,SFM,SGI,SHC,SIGI,SITM,SKX,SLAB,SLG,SLGN,SLM,SMG,SMTC,SNV,SNX,SON,SPWR,SR,SRC,SRCL,SSD,STAA,STLD,STOR,SWAV,SWN,SWX,SXT,SYNA,SYNH,TCBI,TDC,TEX,TGNA,THC,THG,THO,TKO,TKR,TMHC,TNDM,TNL,TOL,TREX,TRGP,TRIP,TTC,TTEK,TXNM,TXRH,UAA/UA,UBSI,UGI,UMBF,UMPQ,UNM,UNVR,UTHR,VAC,VC,VICR,VLY,VMI,VNT,VOYA,VSAT,VSCO,VSH,VVV,VYX,WAFD,WBS,WEN,WERN,WEX,WH,WING,WLY,WOLF,WOR,WSM,WSO,WTFC,WTRG,WTS,WU,WWD,X,XPO,XRX,Y,YETI,ZD"
2022-10-12,"AA,ACHC,ACIW,ACM,ADNT,AFG,AGCO,AIRC,ALE,AM,AMED,AMG,AMKR,AN,ARW,ARWR,ASB,ASGN,ASH,ATR,AVNT,AVT,AXON,AYI,AZPN,AZTA,BC,BCO,BDC,BFH,BHF,BJ,BKH,BLD,BLDR,BLKB,BOH,BRBR,BRKR,BRX,BYD,CABO,CACI,CADE,CALX,CAR,CASY,CATY,CBRL,CBSH,CBT,CC,CDP,CELH,CFR,CGNX,CHDN,CHE,CHH,CHX,CIEN,CLF,CLH,CMC,CNO,CNX,CNXC,COHR,COKE,COLM,COTY,CPRI,CRI,CROX,CRUS,CSL,CUZ,CVLT,CW,CXT,DAN,DAR,DCI,DECK,DEI,DINO,DKS,DOC,DT,DTM,DY,EEFT,EGP,EHC,EME,ENOV,ENR,ENS,ENV,EPR,ESAB,ESNT,ETRN,EVR,EWBC,EXE,EXEL,EXLS,EXP,FAF,FCFS,FCN,FFIN,FHI,FHN,FICO,FIVE,FL,FLG,FLO,FLR,FLS,FNB,FOXF,FR,FSLR,FULT,FYBR,G,GAP,GATX,GBCI,GEF,GGG,GHC,GME,GMED,GNTX,GO,GT,GTLS,GTM,GXO,HAE,HALO,HBI,HE,HELE,HIW,HOG,HOMB,HQY,HR,HRB,HUBB,HWC,HXL,IAA,IART,IBKR,IBOC,ICUI,IDA,INGR,IPGP,IRDM,IRT,ITT,JAZZ,JBGS,JBL,JBLU,JEF,JHG,JLL,JWN,KBH,KBR,KD,KEX,KMPR,KMT,KNSL,KNX,KRC,KRG,KSS,LAD,LAMR,LEA,LECO,LEG,LFUS,LHCG,LII,LITE,LIVN,LNTH,LNW,LOPE,LPX,LSCC,LSI,LSTR,M,MAC,MAN,MANH,MASI,MAT,MDU,MEDP,MIDD,MKSI,MLKN,MMS,MODG,MP,MPW,MRCY,MSA,MSM,MTDR,MTG,MTSI,MTZ,MUR,MUSA,MZTI,NARI,NATI,NAVI,NBIX,NEOG,NEU,NFG,NGVT,NJR,NLY,NNN,NOV,NOVT,NSA,NSP,NUS,NUVA,NVST,NVT,NWE,NYT,OC,OGE,OGS,OHI,OLED,OLLI,OLN,OMCL,ONB,OPCH,ORA,ORI,OSK,OZK,P,PACW,PB,PCH,PCTY,PDCE,PDCO,PEB,PEN,PENN,PFGC,PGNY,PII,PK,PNFP,POR,POST,POWI,PPC,PRGO,PRI,PVH,PZZA,QDEL,QLYS,R,RCM,REXR,RGA,RGEN,RGLD,RH,RLI,RNR,RPM,RRC,RRX,RS,RUN,RYN,SABR,SAIA,SAIC,SAM,SBRA,SCI,SEIC,SF,SFM,SGI,SHC,SIGI,SITM,SKX,SLAB,SLG,SLGN,SLM,SMG,SMTC,SNV,SNX,SON,SPWR,SR,SRC,SRCL,SSD,STAA,STLD,STOR,SWAV,SWN,SWX,SXT,SYNA,SYNH,TCBI,TDC,TEX,TGNA,THC,THG,THO,TKO,TKR,TMHC,TNDM,TNL,TOL,TREX,TRIP,TTC,TTEK,TXNM,TXRH,UAA/UA,UBSI,UGI,UMBF,UMPQ,UNM,UNVR,UTHR,VAC,VC,VICR,VLY,VMI,VNT,VOYA,VSAT,VSCO,VSH,VVV,VYX,WAFD,WBS,WEN,WERN,WEX,WH,WING,WLY,WOLF,WOR,WSM,WSO,WTFC,WTRG,WTS,WU,WWD,X,XPO,XRX,Y,YETI,ZD"
2022-10-18,"AA,ACHC,ACIW,ACM,ADNT,AFG,AGCO,AIRC,ALE,AM,AMED,AMG,AMKR,AN,ARW,ARWR,ASB,ASGN,ASH,ATR,AVNT,AVT,AXON,AYI,AZPN,AZTA,BC,BCO,BDC,BFH,BHF,BJ,BKH,BLD,BLDR,BLKB,BOH,BRBR,BRKR,BRX,BYD,CABO,CACI,CADE,CALX,CAR,CASY,CATY,CBRL,CBSH,CBT,CC,CDP,CELH,CFR,CGNX,CHDN,CHE,CHH,CHX,CIEN,CLF,CLH,CMC,CNO,CNX,CNXC,COHR,COKE,COLM,COTY,CPRI,CRI,CROX,CRUS,CSL,CUZ,CVLT,CW,CXT,DAN,DAR,DCI,DECK,DEI,DINO,DKS,DOC,DT,DTM,DY,EEFT,EGP,EHC,EME,ENOV,ENR,ENS,ENV,EPR,ESAB,ESNT,ETRN,EVR,EWBC,EXE,EXEL,EXLS,EXP,FAF,FCFS,FCN,FFIN,FHI,FHN,FICO,FIVE,FL,FLG,FLO,FLR,FLS,FNB,FOXF,FR,FSLR,FULT,FYBR,G,GAP,GATX,GBCI,GEF,GGG,GHC,GME,GMED,GNTX,GO,GT,GTLS,GTM,GXO,HAE,HALO,HBI,HE,HELE,HIW,HOG,HOMB,HQY,HR,HRB,HUBB,HWC,HXL,IAA,IART,IBKR,IBOC,ICUI,IDA,INGR,IPGP,IRDM,IRT,ITT,JAZZ,JBGS,JBL,JBLU,JEF,JHG,JLL,JWN,KBH,KBR,KD,KEX,KMPR,KMT,KNSL,KNX,KRC,KRG,KSS,LAD,LAMR,LEA,LECO,LEG,LFUS,LHCG,LII,LITE,LIVN,LNTH,LNW,LOPE,LPX,LSCC,LSI,LSTR,M,MAC,MAN,MANH,MASI,MAT,MDU,MEDP,MIDD,MKSI,MMS,MODG,MP,MPW,MRCY,MSA,MSM,MTDR,MTG,MTSI,MTZ,MUR,MUSA,MZTI,NARI,NATI,NAVI,NBIX,NEOG,NEU,NFG,NGVT,NJR,NLY,NNN,NOV,NOVT,NSA,NSP,NUS,NUVA,NVST,NVT,NWE,NYT,OC,OGE,OGS,OHI,OLED,OLLI,OLN,OMCL,ONB,OPCH,ORA,ORI,OSK,OZK,P,PACW,PB,PCH,PCTY,PDCE,PDCO,PEB,PEN,PENN,PFGC,PGNY,PII,PK,PNFP,POR,POST,POWI,PPC,PRGO,PRI,PVH,PZZA,QDEL,QLYS,R,RCM,REXR,RGA,RGEN,RGLD,RH,RLI,RNR,RPM,RRC,RRX,RS,RUN,RYN,SABR,SAIA,SAIC,SAM,SBRA,SCI,SEIC,SF,SFM,SGI,SHC,SIGI,SITM,SKX,SLAB,SLG,SLGN,SLM,SMG,SMTC,SNV,SNX,SON,SPWR,SR,SRC,SRCL,SSD,STAA,STLD,STOR,SWAV,SWN,SWX,SXT,SYNA,SYNH,TCBI,TDC,TEX,TGNA,THC,THG,THO,TKO,TKR,TMHC,TNDM,TNL,TOL,TREX,TRIP,TTC,TTEK,TXNM,TXRH,UAA/UA,UBSI,UGI,UMBF,UMPQ,UNM,UNVR,UTHR,VAC,VC,VICR,VLY,VMI,VNT,VOYA,VSAT,VSCO,VSH,VVV,VYX,WAFD,WBS,WEN,WERN,WEX,WH,WING,WLK,WLY,WOLF,WOR,WSM,WSO,WTFC,WTRG,WTS,WU,WWD,X,XPO,XRX,Y,YETI,ZD"
2022-10-20,"AA,ACHC,ACIW,ACM,ADNT,AFG,AGCO,AIRC,ALE,AM,AMED,AMG,AMKR,AN,AR,ARW,ARWR,ASB,ASGN,ASH,ATR,AVNT,AVT,AXON,AYI,AZPN,AZTA,BC,BCO,BDC,BFH,BHF,BJ,BKH,BLD,BLDR,BLKB,BOH,BRBR,BRKR,BRX,BYD,CABO,CACI,CADE,CALX,CAR,CASY,CATY,CBRL,CBSH,CBT,CC,CDP,CELH,CFR,CGNX,CHDN,CHE,CHH,CHX,CIEN,CLF,CLH,CMC,CNO,CNX,CNXC,COHR,COKE,COLM,COTY,CPRI,CRI,CROX,CRUS,CSL,CUZ,CVLT,CW,CXT,DAN,DAR,DCI,DECK,DEI,DINO,DKS,DOC,DT,DTM,DY,EEFT,EGP,EHC,EME,ENOV,ENR,ENS,ENV,EPR,ESAB,ESNT,ETRN,EVR,EWBC,EXE,EXEL,EXLS,EXP,FAF,FCFS,FCN,FFIN,FHI,FHN,FICO,FIVE,FL,FLG,FLO,FLR,FLS,FNB,FOXF,FR,FSLR,FULT,FYBR,G,GAP,GATX,GBCI,GEF,GGG,GHC,GME,GMED,GNTX,GO,GT,GTLS,GTM,GXO,HAE,HALO,HBI,HE,HELE,HIW,HOG,HOMB,HQY,HR,HRB,HUBB,HWC,HXL,IAA,IART,IBKR,IBOC,ICUI,IDA,INGR,IPGP,IRDM,IRT,ITT,JAZZ,JBGS,JBL,JBLU,JEF,JHG,JLL,JWN,KBH,KBR,KD,KEX,KMPR,KMT,KNSL,KNX,KRC,KRG,KSS,LAD,LAMR,LEA,LECO,LEG,LFUS,LHCG,LII,LITE,LIVN,LNTH,LNW,LOPE,LPX,LSCC,LSI,LSTR,M,MAC,MAN,MANH,MASI,MAT,MDU,MEDP,MIDD,MKSI,MMS,MODG,MP,MPW,MRCY,MSA,MSM,MTDR,MTG,MTSI,MTZ,MUR,MUSA,MZTI,NARI,NATI,NAVI,NBIX,NEOG,NEU,NFG,NGVT,NJR,NLY,NNN,NOV,NOVT,NSA,NSP,NUS,NUVA,NVST,NVT,NWE,NYT,OC,OGE,OGS,OHI,OLED,OLLI,OLN,OMCL,ONB,OPCH,ORA,ORI,OSK,OZK,P,PACW,PB,PCH,PCTY,PDCE,PDCO,PEB,PEN,PENN,PFGC,PGNY,PII,PK,PNFP,POR,POST,POWI,PPC,PRGO,PRI,PVH,PZZA,QDEL,QLYS,R,RCM,REXR,RGA,RGEN,RGLD,RH,RLI,RNR,RPM,RRC,RRX,RS,RUN,RYN,SABR,SAIA,SAIC,SAM,SBRA,SCI,SEIC,SF,SFM,SGI,SHC,SIGI,SITM,SKX,SLAB,SLG,SLGN,SLM,SMG,SMTC,SNV,SNX,SON,SPWR,SR,SRC,SRCL,SSD,STAA,STLD,STOR,SWAV,SWN,SWX,SXT,SYNA,SYNH,TCBI,TDC,TEX,TGNA,THC,THG,THO,TKO,TKR,TMHC,TNDM,TNL,TOL,TREX,TRIP,TTC,TTEK,TXNM,TXRH,UAA/UA,UBSI,UGI,UMBF,UMPQ,UNM,UNVR,UTHR,VAC,VC,VICR,VLY,VMI,VNT,VOYA,VSAT,VSCO,VSH,VVV,VYX,WAFD,WBS,WEN,WERN,WEX,WH,WING,WLK,WLY,WOLF,WOR,WSM,WSO,WTFC,WTRG,WTS,WU,WWD,X,XPO,XRX,YETI,ZD"
2022-11-01,"AA,ACHC,ACIW,ACM,ADNT,AFG,AGCO,AIRC,ALE,AM,AMED,AMG,AMKR,AN,AR,ARW,ARWR,ASB,ASGN,ASH,ATR,AVNT,AVT,AXON,AYI,AZPN,AZTA,BC,BCO,BDC,BFH,BHF,BJ,BKH,BLD,BLDR,BLKB,BOH,BRBR,BRKR,BRX,BYD,CABO,CACI,CADE,CALX,CAR,CASY,CATY,CBRL,CBSH,CBT,CC,CDP,CELH,CFR,CGNX,CHDN,CHE,CHH,CHX,CIEN,CLF,CLH,CMC,CNO,CNX,CNXC,COHR,COKE,COLM,COTY,CPRI,CRI,CROX,CRUS,CSL,CUZ,CVLT,CW,CXT,DAN,DAR,DCI,DECK,DEI,DINO,DKS,DOC,DT,DTM,DY,EEFT,EGP,EHC,EME,ENOV,ENR,ENS,ENV,EPR,ESAB,ESNT,ETRN,EVR,EWBC,EXE,EXEL,EXLS,EXP,FAF,FCFS,FCN,FFIN,FHI,FHN,FICO,FIVE,FL,FLG,FLO,FLR,FLS,FNB,FOXF,FR,FSLR,FULT,FYBR,G,GAP,GATX,GBCI,GEF,GGG,GHC,GME,GMED,GNTX,GO,GT,GTLS,GTM,GXO,HAE,HALO,HBI,HE,HELE,HIW,HOG,HOMB,HQY,HR,HRB,HUBB,HWC,HXL,IAA,IART,IBKR,IBOC,ICUI,IDA,INGR,IPGP,IRDM,IRT,ITT,JAZZ,JBGS,JBL,JBLU,JEF,JHG,JLL,JWN,KBH,KBR,KD,KEX,KMPR,KMT,KNSL,KNX,KRC,KRG,KSS,LAD,LAMR,LEA,LECO,LEG,LFUS,LHCG,LII,LITE,LIVN,LNTH,LNW,LOPE,LPX,LSCC,LSI,LSTR,M,MAC,MAN,MANH,MASI,MAT,MDU,MEDP,MIDD,MKSI,MMS,MODG,MP,MPW,MRCY,MSA,MSM,MTDR,MTG,MTSI,MTZ,MUR,MUSA,MZTI,NARI,NATI,NAVI,NBIX,NEOG,NEU,NFG,NGVT,NJR,NLY,NNN,NOV,NOVT,NSA,NSP,NUS,NUVA,NVST,NVT,NWE,NYT,OC,OGE,OGS,OHI,OLED,OLLI,OLN,OMCL,ONB,OPCH,ORA,ORI,OSK,OZK,P,PACW,PB,PCH,PCTY,PDCE,PDCO,PEB,PEN,PENN,PFGC,PGNY,PII,PK,PNFP,POR,POST,POWI,PPC,PRGO,PRI,PVH,PZZA,QDEL,QLYS,R,RCM,REXR,RGA,RGEN,RGLD,RH,RLI,RNR,RPM,RRC,RRX,RS,RUN,RXO,RYN,SABR,SAIA,SAIC,SAM,SBRA,SCI,SEIC,SF,SFM,SGI,SHC,SIGI,SITM,SKX,SLAB,SLG,SLGN,SLM,SMG,SMTC,SNV,SNX,SON,SPWR,SR,SRC,SRCL,SSD,STAA,STLD,STOR,SWAV,SWN,SWX,SXT,SYNA,SYNH,TCBI,TDC,TEX,TGNA,THC,THG,THO,TKO,TKR,TMHC,TNDM,TNL,TOL,TREX,TRIP,TTC,TTEK,TXNM,TXRH,UAA/UA,UBSI,UGI,UMBF,UMPQ,UNM,UNVR,UTHR,VAC,VC,VICR,VLY,VMI,VNT,VOYA,VSAT,VSCO,VSH,VVV,VYX,WAFD,WBS,WEN,WERN,WEX,WH,WING,WLK,WLY,WOLF,WOR,WSM,WSO,WTFC,WTRG,WTS,WU,WWD,X,XPO,XRX,YETI,ZD"
2022-11-02,"AA,ACHC,ACIW,ACM,ADNT,AFG,AGCO,AIRC,ALE,AM,AMED,AMG,AMKR,AN,AR,ARW,ARWR,ASB,ASGN,ASH,ATR,AVNT,AVT,AXON,AYI,AZPN,AZTA,BC,BCO,BDC,BHF,BJ,BKH,BLD,BLDR,BLKB,BOH,BRBR,BRKR,BRX,BYD,CABO,CACI,CADE,CALX,CAR,CASY,CATY,CBRL,CBSH,CBT,CC,CDP,CELH,CFR,CGNX,CHDN,CHE,CHH,CHX,CIEN,CLF,CLH,CMC,CNO,CNX,CNXC,COHR,COKE,COLM,COTY,CPRI,CRI,CROX,CRUS,CSL,CUZ,CVLT,CW,CXT,DAN,DAR,DCI,DECK,DEI,DINO,DKS,DOC,DT,DTM,DY,EEFT,EGP,EHC,EME,ENOV,ENR,ENS,ENV,EPR,ESAB,ESNT,ETRN,EVR,EWBC,EXE,EXEL,EXLS,EXP,FAF,FCFS,FCN,FFIN,FHI,FHN,FICO,FIVE,FL,FLG,FLO,FLR,FLS,FNB,FOXF,FR,FSLR,FULT,FYBR,G,GAP,GATX,GBCI,GEF,GGG,GHC,GME,GMED,GNTX,GO,GT,GTLS,GTM,GXO,HAE,HALO,HBI,HE,HELE,HIW,HOG,HOMB,HQY,HR,HRB,HUBB,HWC,HXL,IAA,IART,IBKR,IBOC,ICUI,IDA,INGR,IPGP,IRDM,IRT,ITT,JAZZ,JBGS,JBL,JBLU,JEF,JHG,JLL,JWN,KBH,KBR,KD,KEX,KMPR,KMT,KNSL,KNX,KRC,KRG,KSS,LAD,LAMR,LEA,LECO,LEG,LFUS,LHCG,LII,LITE,LIVN,LNTH,LNW,LOPE,LPX,LSCC,LSI,LSTR,M,MAC,MAN,MANH,MASI,MAT,MDU,MEDP,MIDD,MKSI,MMS,MODG,MP,MPW,MRCY,MSA,MSM,MTDR,MTG,MTSI,MTZ,MUR,MUSA,MZTI,NARI,NATI,NAVI,NBIX,NEOG,NEU,NFG,NGVT,NJR,NLY,NNN,NOV,NOVT,NSA,NSP,NUS,NUVA,NVST,NVT,NWE,NYT,OC,OGE,OGS,OHI,OLED,OLLI,OLN,OMCL,ONB,OPCH,ORA,ORI,OSK,OZK,P,PACW,PB,PCH,PCTY,PDCE,PDCO,PEB,PEN,PENN,PFGC,PGNY,PII,PK,PNFP,POR,POST,POWI,PPC,PRGO,PRI,PVH,PZZA,QDEL,QLYS,R,RCM,REXR,RGA,RGEN,RGLD,RH,RLI,RNR,RPM,RRC,RRX,RS,RUN,RXO,RYN,SABR,SAIA,SAIC,SAM,SBRA,SCI,SEIC,SF,SFM,SGI,SHC,SIGI,SITM,SKX,SLAB,SLG,SLGN,SLM,SMG,SMTC,SNV,SNX,SON,SPWR,SR,SRC,SRCL,SSD,STAA,STLD,STOR,SWAV,SWN,SWX,SXT,SYNA,SYNH,TCBI,TDC,TEX,TGNA,THC,THG,THO,TKO,TKR,TMHC,TNDM,TNL,TOL,TREX,TRIP,TTC,TTEK,TXNM,TXRH,UAA/UA,UBSI,UGI,UMBF,UMPQ,UNM,UNVR,UTHR,VAC,VC,VICR,VLY,VMI,VNT,VOYA,VSAT,VSCO,VSH,VVV,VYX,WAFD,WBS,WEN,WERN,WEX,WH,WING,WLK,WLY,WOLF,WOR,WSM,WSO,WTFC,WTRG,WTS,WU,WWD,X,XPO,XRX,YETI,ZD"
2022-12-01,"AA,ACHC,ACIW,ACM,ADNT,AFG,AGCO,AIRC,ALE,AM,AMED,AMG,AMKR,AN,AR,ARW,ARWR,ASB,ASGN,ASH,ATR,AVNT,AVT,AXON,AYI,AZPN,AZTA,BC,BCO,BDC,BHF,BJ,BKH,BLD,BLDR,BLKB,BOH,BRBR,BRKR,BRX,BYD,CABO,CACI,CADE,CALX,CAR,CASY,CATY,CBRL,CBSH,CBT,CC,CDP,CELH,CFR,CGNX,CHDN,CHE,CHH,CHX,CIEN,CLF,CLH,CMC,CNO,CNX,CNXC,COHR,COKE,COLM,COTY,CPRI,CRI,CROX,CRUS,CSL,CUZ,CVLT,CW,CXT,DAN,DAR,DCI,DECK,DEI,DINO,DKS,DOC,DT,DTM,DY,EEFT,EGP,EHC,EME,ENOV,ENR,ENS,ENV,EPR,ESAB,ESNT,ETRN,EVR,EWBC,EXE,EXEL,EXLS,EXP,FAF,FCFS,FCN,FFIN,FHI,FHN,FICO,FIVE,FL,FLG,FLO,FLR,FLS,FNB,FOXF,FR,FSLR,FULT,FYBR,G,GAP,GATX,GBCI,GEF,GGG,GHC,GME,GMED,GNTX,GO,GT,GTLS,GTM,GXO,HAE,HALO,HBI,HE,HELE,HIW,HOG,HOMB,HQY,HR,HRB,HUBB,HWC,HXL,IAA,IART,IBKR,IBOC,ICUI,IDA,INGR,IPGP,IRDM,IRT,ITT,JAZZ,JBGS,JBL,JBLU,JEF,JHG,JLL,JWN,KBH,KBR,KD,KEX,KMPR,KMT,KNSL,KNX,KRC,KRG,KSS,LAD,LAMR,LEA,LECO,LEG,LFUS,LHCG,LII,LITE,LIVN,LNTH,LNW,LOPE,LPX,LSCC,LSI,LSTR,M,MAC,MAN,MANH,MASI,MAT,MDU,MEDP,MIDD,MKSI,MMS,MODG,MP,MPW,MRCY,MSA,MSM,MTDR,MTG,MTSI,MTZ,MUR,MUSA,MZTI,NARI,NATI,NAVI,NBIX,NEOG,NEU,NFG,NGVT,NJR,NLY,NNN,NOV,NOVT,NSA,NSP,NUVA,NVST,NVT,NWE,NXST,NYT,OC,OGE,OGS,OHI,OLED,OLLI,OLN,OMCL,ONB,OPCH,ORA,ORI,OSK,OZK,P,PACW,PB,PBF,PCH,PCTY,PDCE,PDCO,PEB,PEN,PENN,PFGC,PGNY,PII,PK,PNFP,POR,POST,POWI,PPC,PRGO,PRI,PVH,PZZA,QDEL,QLYS,R,RCM,REXR,RGA,RGEN,RGLD,RH,RLI,RNR,RPM,RRC,RRX,RS,RUN,RXO,RYN,SAIA,SAIC,SAM,SBRA,SCI,SEIC,SF,SFM,SGI,SHC,SIGI,SITM,SKX,SLAB,SLG,SLGN,SLM,SMG,SMTC,SNV,SNX,SON,SPWR,SR,SRC,SRCL,SSD,STAA,STLD,STOR,SWAV,SWN,SWX,SXT,SYNA,SYNH,TCBI,TDC,TEX,TGNA,THC,THG,THO,TKO,TKR,TMHC,TNDM,TNL,TOL,TREX,TRIP,TTC,TTEK,TXNM,TXRH,UAA/UA,UBSI,UGI,UMBF,UMPQ,UNM,UNVR,UTHR,VAC,VC,VICR,VLY,VMI,VNT,VOYA,VSAT,VSCO,VSH,VVV,VYX,WAFD,WBS,WEN,WERN,WEX,WH,WING,WLK,WLY,WOLF,WOR,WSM,WSO,WTFC,WTRG,WTS,WU,WWD,X,XPO,XRX,YETI,ZD"
2022-12-19,"AA,ACHC,ACIW,ACM,ADNT,AFG,AGCO,AIRC,ALE,ALGM,AM,AMED,AMG,AMKR,AN,AR,ARW,ARWR,ASB,ASGN,ASH,ATR,AVNT,AVT,AXON,AYI,AZPN,AZTA,BC,BCO,BDC,BHF,BJ,BKH,BLD,BLDR,BLKB,BOH,BRBR,BRKR,BRX,BYD,CABO,CACI,CADE,CALX,CAR,CASY,CATY,CBRL,CBSH,CBT,CC,CDP,CELH,CFR,CGNX,CHDN,CHE,CHH,CHX,CIEN,CLF,CLH,CMC,CNO,CNX,CNXC,COHR,COKE,COLM,COTY,CPRI,CRI,CROX,CRUS,CSL,CUBE,CUZ,CVLT,CW,CXT,DAN,DAR,DCI,DECK,DEI,DINO,DKS,DOC,DT,DTM,DY,EEFT,EGP,EHC,EME,ENOV,ENR,ENS,ENV,EPR,ESAB,ESNT,ETRN,EVR,EWBC,EXE,EXEL,EXLS,EXP,FAF,FBIN,FCFS,FCN,FFIN,FHI,FHN,FICO,FIVE,FL,FLG,FLO,FLR,FLS,FNB,FOXF,FR,FULT,FYBR,G,GAP,GATX,GBCI,GEF,GGG,GHC,GME,GMED,GNTX,GO,GT,GTLS,GTM,GXO,HAE,HALO,HBI,HE,HELE,HIW,HOG,HOMB,HQY,HR,HRB,HUBB,HWC,HXL,IAA,IART,IBKR,IBOC,ICUI,IDA,INGR,IPGP,IRDM,IRT,ITT,JAZZ,JBGS,JBL,JBLU,JEF,JHG,JLL,JWN,KBH,KBR,KD,KEX,KMPR,KMT,KNSL,KNX,KRC,KRG,KSS,LAD,LAMR,LEA,LECO,LEG,LFUS,LHCG,LII,LITE,LIVN,LNTH,LNW,LOPE,LPX,LSCC,LSI,LSTR,M,MAC,MAN,MANH,MASI,MAT,MDU,MEDP,MIDD,MKSI,MMS,MODG,MP,MPW,MRCY,MSA,MSM,MTDR,MTG,MTSI,MTZ,MUR,MUSA,MZTI,NARI,NATI,NAVI,NBIX,NEOG,NEU,NFG,NGVT,NJR,NLY,NNN,NOV,NOVT,NSA,NSP,NVST,NVT,NWE,NXST,NYT,OC,OGE,OGS,OHI,OLED,OLLI,OLN,OMCL,ONB,OPCH,ORA,ORI,OSK,OZK,P,PACW,PB,PBF,PCH,PCTY,PDCE,PDCO,PEB,PEN,PENN,PFGC,PGNY,PII,PK,PNFP,POR,POST,POWI,PPC,PRGO,PRI,PVH,PZZA,QDEL,QLYS,R,RCM,REXR,RGA,RGEN,RGLD,RH,RLI,RNR,RPM,RRC,RRX,RS,RUN,RXO,RYN,SAIA,SAIC,SAM,SBRA,SCI,SEIC,SF,SFM,SGI,SHC,SIGI,SITM,SKX,SLAB,SLG,SLGN,SLM,SMG,SNV,SNX,SON,SPWR,SR,SRC,SRCL,SSD,STAA,STLD,STOR,SWAV,SWN,SWX,SXT,SYNA,SYNH,TCBI,TDC,TEX,TGNA,THC,THG,THO,TKO,TKR,TMHC,TNDM,TNL,TOL,TREX,TRIP,TTC,TTEK,TXNM,TXRH,UAA/UA,UBSI,UGI,UMBF,UMPQ,UNM,UNVR,UTHR,VAC,VC,VICR,VLY,VMI,VNT,VOYA,VSAT,VSCO,VSH,VVV,VYX,WAFD,WBS,WEN,WERN,WEX,WH,WING,WLK,WLY,WOLF,WOR,WSM,WSO,WTFC,WTRG,WTS,WU,WWD,X,XPO,XRX,YETI,ZD"
2022-12-22,"AA,ACHC,ACIW,ACM,ADNT,AFG,AGCO,AIRC,ALE,ALGM,AM,AMED,AMG,AMKR,AN,AR,ARW,ARWR,ASB,ASGN,ASH,ATR,AVNT,AVT,AXON,AYI,AZPN,AZTA,BC,BCO,BDC,BHF,BJ,BKH,BLD,BLDR,BLKB,BOH,BRBR,BRKR,BRX,BYD,CABO,CACI,CADE,CALX,CAR,CASY,CATY,CBRL,CBSH,CBT,CC,CDP,CELH,CFR,CGNX,CHDN,CHE,CHH,CHX,CIEN,CLF,CLH,CMC,CNO,CNX,CNXC,COHR,COKE,COLM,COTY,CPRI,CRI,CROX,CRUS,CSL,CUBE,CUZ,CVLT,CW,CXT,DAN,DAR,DCI,DECK,DEI,DINO,DKS,DOC,DT,DTM,DY,EEFT,EGP,EHC,EME,ENOV,ENR,ENS,ENV,EPR,ESAB,ESNT,ETRN,EVR,EWBC,EXE,EXEL,EXLS,EXP,FAF,FBIN,FCFS,FCN,FFIN,FHI,FHN,FICO,FIVE,FL,FLG,FLO,FLR,FLS,FNB,FOXF,FR,FULT,FYBR,G,GAP,GATX,GBCI,GEF,GGG,GHC,GME,GMED,GNTX,GO,GT,GTLS,GTM,GXO,HAE,HALO,HBI,HE,HELE,HIW,HOG,HOMB,HQY,HR,HRB,HUBB,HWC,HXL,IAA,IART,IBKR,IBOC,ICUI,IDA,INGR,IPGP,IRDM,IRT,ITT,JAZZ,JBGS,JBL,JBLU,JEF,JHG,JLL,JWN,KBH,KBR,KD,KEX,KMPR,KMT,KNSL,KNX,KRC,KRG,KSS,LAD,LAMR,LEA,LECO,LEG,LFUS,LHCG,LII,LITE,LIVN,LNTH,LNW,LOPE,LPX,LSCC,LSI,LSTR,M,MAC,MAN,MANH,MASI,MAT,MDU,MEDP,MIDD,MKSI,MMS,MODG,MP,MPW,MRCY,MSA,MSM,MTDR,MTG,MTSI,MTZ,MUR,MUSA,MZTI,NARI,NATI,NAVI,NBIX,NEOG,NEU,NFG,NGVT,NJR,NLY,NNN,NOV,NOVT,NSA,NSP,NVST,NVT,NWE,NXST,NYT,OC,OGE,OGS,OHI,OLED,OLLI,OLN,OMCL,ONB,OPCH,ORA,ORI,OSK,OZK,P,PACW,PB,PBF,PCH,PCTY,PDCE,PDCO,PEB,PEN,PENN,PFGC,PGNY,PII,PK,PNFP,POR,POST,POWI,PPC,PRGO,PRI,PVH,PZZA,QDEL,QLYS,R,RCM,REXR,RGA,RGEN,RGLD,RH,RLI,RNR,RPM,RRC,RRX,RS,RUN,RXO,RYN,SAIA,SAIC,SAM,SBRA,SCI,SEIC,SF,SFM,SGI,SHC,SIGI,SITM,SKX,SLAB,SLG,SLGN,SLM,SMCI,SMG,SNV,SNX,SON,SPWR,SR,SRC,SRCL,SSD,STAA,STOR,SWAV,SWN,SWX,SXT,SYNA,SYNH,TCBI,TDC,TEX,TGNA,THC,THG,THO,TKO,TKR,TMHC,TNDM,TNL,TOL,TREX,TRIP,TTC,TTEK,TXNM,TXRH,UAA/UA,UBSI,UGI,UMBF,UMPQ,UNM,UNVR,UTHR,VAC,VC,VICR,VLY,VMI,VNT,VOYA,VSAT,VSCO,VSH,VVV,VYX,WAFD,WBS,WEN,WERN,WEX,WH,WING,WLK,WLY,WOLF,WOR,WSM,WSO,WTFC,WTRG,WTS,WU,WWD,X,XPO,XRX,YETI,ZD"
2023-01-05,"AA,ACHC,ACIW,ACM,ADNT,AFG,AGCO,AIRC,ALE,ALGM,AM,AMED,AMG,AMKR,AN,AR,ARW,ARWR,ASB,ASGN,ASH,ATR,AVNT,AVT,AXON,AYI,AZPN,AZTA,BC,BCO,BDC,BHF,BJ,BKH,BLD,BLDR,BLKB,BOH,BRBR,BRKR,BRX,BYD,CABO,CACI,CADE,CALX,CAR,CASY,CATY,CBRL,CBSH,CBT,CC,CDP,CELH,CFR,CGNX,CHDN,CHE,CHH,CHX,CIEN,CLF,CLH,CMC,CNO,CNX,CNXC,COHR,COKE,COLM,COTY,CPRI,CRI,CROX,CRUS,CSL,CUBE,CUZ,CVLT,CW,CXT,DAN,DAR,DCI,DECK,DEI,DINO,DKS,DOC,DT,DTM,DY,EEFT,EGP,EHC,EME,ENOV,ENR,ENS,ENV,EPR,ESAB,ESNT,ETRN,EVR,EWBC,EXE,EXEL,EXLS,EXP,FAF,FBIN,FCFS,FCN,FFIN,FHI,FHN,FICO,FIVE,FL,FLG,FLO,FLR,FLS,FNB,FOXF,FR,FULT,FYBR,G,GAP,GATX,GBCI,GEF,GGG,GHC,GME,GMED,GNTX,GO,GT,GTLS,GTM,GXO,HAE,HALO,HBI,HE,HELE,HIW,HOG,HOMB,HQY,HR,HRB,HUBB,HWC,HXL,IAA,IART,IBKR,IBOC,ICUI,IDA,INGR,IPGP,IRDM,IRT,ITT,JAZZ,JBGS,JBL,JBLU,JEF,JHG,JLL,JWN,KBH,KBR,KD,KEX,KMPR,KMT,KNSL,KNX,KRC,KRG,KSS,LAD,LAMR,LEA,LECO,LEG,LFUS,LHCG,LII,LITE,LIVN,LNTH,LNW,LOPE,LPX,LSCC,LSI,LSTR,M,MAC,MAN,MANH,MASI,MAT,MDU,MEDP,MIDD,MKSI,MMS,MODG,MP,MPW,MRCY,MSA,MSM,MTDR,MTG,MTSI,MTZ,MUR,MUSA,MZTI,NARI,NATI,NAVI,NBIX,NEOG,NEU,NFG,NGVT,NJR,NLY,NNN,NOV,NOVT,NSA,NSP,NVST,NVT,NWE,NXST,NYT,OC,OGE,OGS,OHI,OLED,OLLI,OLN,OMCL,ONB,OPCH,ORA,ORI,OSK,OZK,P,PACW,PB,PBF,PCH,PCTY,PDCE,PDCO,PEB,PEN,PENN,PFGC,PGNY,PII,PK,PNFP,POR,POST,POWI,PPC,PRGO,PRI,PVH,PZZA,QDEL,QLYS,R,RCM,REXR,RGA,RGEN,RGLD,RH,RLI,RNR,RPM,RRC,RRX,RS,RUN,RYN,SAIA,SAIC,SAM,SBRA,SCI,SEIC,SF,SFM,SGI,SHC,SIGI,SITM,SKX,SLAB,SLG,SLGN,SLM,SMCI,SMG,SNV,SNX,SON,SPWR,SR,SRC,SRCL,SSD,STAA,STOR,SWAV,SWN,SWX,SXT,SYNA,SYNH,TCBI,TDC,TEX,TGNA,THC,THG,THO,TKO,TKR,TMHC,TNDM,TNL,TOL,TREX,TRIP,TTC,TTEK,TXNM,TXRH,UAA/UA,UBSI,UGI,UMBF,UMPQ,UNM,UNVR,UTHR,VAC,VC,VICR,VLY,VMI,VNO,VNT,VOYA,VSAT,VSCO,VSH,VVV,VYX,WAFD,WBS,WEN,WERN,WEX,WH,WING,WLK,WLY,WOLF,WOR,WSM,WSO,WTFC,WTRG,WTS,WU,WWD,X,XPO,XRX,YETI,ZD"
2023-02-06,"AA,ACHC,ACIW,ACM,ADC,ADNT,AFG,AGCO,AIRC,ALE,ALGM,AM,AMED,AMG,AMKR,AN,AR,ARW,ARWR,ASB,ASGN,ASH,ATR,AVNT,AVT,AXON,AYI,AZPN,AZTA,BC,BCO,BDC,BHF,BJ,BKH,BLD,BLDR,BLKB,BOH,BRBR,BRKR,BRX,BYD,CABO,CACI,CADE,CALX,CAR,CASY,CATY,CBRL,CBSH,CBT,CC,CDP,CELH,CFR,CGNX,CHDN,CHE,CHH,CHX,CIEN,CLF,CLH,CMC,CNO,CNX,CNXC,COHR,COKE,COLM,COTY,CPRI,CRI,CROX,CRUS,CSL,CUBE,CUZ,CVLT,CW,CXT,DAN,DAR,DCI,DECK,DEI,DINO,DKS,DOC,DT,DTM,DY,EEFT,EGP,EHC,EME,ENOV,ENR,ENS,ENV,EPR,ESAB,ESNT,ETRN,EVR,EWBC,EXE,EXEL,EXLS,EXP,FAF,FBIN,FCFS,FCN,FFIN,FHI,FHN,FICO,FIVE,FL,FLG,FLO,FLR,FLS,FNB,FOXF,FR,FULT,FYBR,G,GAP,GATX,GBCI,GEF,GGG,GHC,GME,GMED,GNTX,GO,GT,GTLS,GTM,GXO,HAE,HALO,HBI,HE,HELE,HIW,HOG,HOMB,HQY,HR,HRB,HUBB,HWC,HXL,IAA,IART,IBKR,IBOC,ICUI,IDA,INGR,IPGP,IRDM,IRT,ITT,JAZZ,JBGS,JBL,JBLU,JEF,JHG,JLL,JWN,KBH,KBR,KD,KEX,KMPR,KMT,KNSL,KNX,KRC,KRG,KSS,LAD,LAMR,LEA,LECO,LEG,LFUS,LHCG,LII,LITE,LIVN,LNTH,LNW,LOPE,LPX,LSCC,LSI,LSTR,M,MAC,MAN,MANH,MASI,MAT,MDU,MEDP,MIDD,MKSI,MMS,MODG,MP,MPW,MRCY,MSA,MSM,MTDR,MTG,MTSI,MTZ,MUR,MUSA,MZTI,NARI,NATI,NAVI,NBIX,NEOG,NEU,NFG,NGVT,NJR,NLY,NNN,NOV,NOVT,NSA,NSP,NVST,NVT,NWE,NXST,NYT,OC,OGE,OGS,OHI,OLED,OLLI,OLN,OMCL,ONB,OPCH,ORA,ORI,OSK,OZK,P,PACW,PB,PBF,PCH,PCTY,PDCE,PDCO,PEB,PEN,PENN,PFGC,PGNY,PII,PK,PNFP,POR,POST,POWI,PPC,PRGO,PRI,PVH,PZZA,QDEL,QLYS,R,RCM,REXR,RGA,RGEN,RGLD,RH,RLI,RNR,RPM,RRC,RRX,RS,RUN,RYN,SAIA,SAIC,SAM,SBRA,SCI,SEIC,SF,SFM,SGI,SHC,SIGI,SITM,SKX,SLAB,SLG,SLGN,SLM,SMCI,SMG,SNV,SNX,SON,SPWR,SR,SRC,SRCL,SSD,STAA,SWAV,SWN,SWX,SXT,SYNA,SYNH,TCBI,TDC,TEX,TGNA,THC,THG,THO,TKO,TKR,TMHC,TNDM,TNL,TOL,TREX,TRIP,TTC,TTEK,TXNM,TXRH,UAA/UA,UBSI,UGI,UMBF,UMPQ,UNM,UNVR,UTHR,VAC,VC,VICR,VLY,VMI,VNO,VNT,VOYA,VSAT,VSCO,VSH,VVV,VYX,WAFD,WBS,WEN,WERN,WEX,WH,WING,WLK,WLY,WOLF,WOR,WSM,WSO,WTFC,WTRG,WTS,WU,WWD,X,XPO,XRX,YETI,ZD"
2023-02-23,"AA,ACHC,ACIW,ACM,ADC,ADNT,AFG,AGCO,AIRC,ALE,ALGM,AM,AMED,AMG,AMKR,AN,AR,ARW,ARWR,ASB,ASGN,ASH,ATR,AVNT,AVT,AXON,AYI,AZPN,AZTA,BC,BCO,BDC,BHF,BJ,BKH,BLD,BLDR,BLKB,BOH,BRBR,BRKR,BRX,BYD,CABO,CACI,CADE,CALX,CAR,CASY,CATY,CBRL,CBSH,CBT,CC,CDP,CELH,CFR,CGNX,CHDN,CHE,CHH,CHX,CIEN,CLF,CLH,CMC,CNO,CNX,CNXC,COHR,COKE,COLM,COTY,CPRI,CRI,CROX,CRUS,CSL,CUBE,CUZ,CVLT,CW,CXT,DAN,DAR,DCI,DECK,DEI,DINO,DKS,DOC,DT,DTM,DY,EEFT,EGP,EHC,EME,ENOV,ENR,ENS,ENV,EPR,ESAB,ESNT,ETRN,EVR,EWBC,EXE,EXEL,EXLS,EXP,FAF,FBIN,FCFS,FCN,FFIN,FHI,FHN,FICO,FIVE,FL,FLG,FLO,FLR,FLS,FNB,FOXF,FR,FULT,FYBR,G,GAP,GATX,GBCI,GEF,GGG,GHC,GME,GMED,GNTX,GO,GT,GTLS,GTM,GXO,HAE,HALO,HBI,HE,HELE,HIW,HOG,HOMB,HQY,HR,HRB,HUBB,HWC,HXL,IAA,IART,IBKR,IBOC,ICUI,IDA,INGR,IPGP,IRDM,IRT,ITT,JAZZ,JBGS,JBL,JBLU,JEF,JHG,JLL,JWN,KBH,KBR,KD,KEX,KMPR,KMT,KNSL,KNX,KRC,KRG,KSS,LAD,LAMR,LEA,LECO,LEG,LFUS,LII,LITE,LIVN,LNTH,LNW,LOPE,LPX,LSCC,LSI,LSTR,M,MAC,MAN,MANH,MASI,MAT,MDU,MEDP,MIDD,MKSI,MMS,MODG,MP,MPW,MRCY,MSA,MSM,MTDR,MTG,MTSI,MTZ,MUR,MUSA,MZTI,NARI,NATI,NAVI,NBIX,NEOG,NEU,NFG,NGVT,NJR,NLY,NNN,NOV,NOVT,NSA,NSP,NVST,NVT,NWE,NXST,NYT,OC,OGE,OGS,OHI,OLED,OLLI,OLN,OMCL,ONB,OPCH,ORA,ORI,OSK,OZK,P,PACW,PB,PBF,PCH,PCTY,PDCE,PDCO,PEB,PEN,PENN,PFGC,PGNY,PII,PK,PNFP,POR,POST,POWI,PPC,PRGO,PRI,PVH,PZZA,QDEL,QLYS,R,RCM,REXR,RGA,RGEN,RGLD,RH,RLI,RNR,RPM,RRC,RRX,RS,RUN,RYN,SAIA,SAIC,SAM,SBRA,SCI,SEIC,SF,SFM,SGI,SHC,SIGI,SITM,SKX,SLAB,SLG,SLGN,SLM,SMCI,SMG,SNV,SNX,SON,SPWR,SR,SRC,SRCL,SSD,STAA,SWAV,SWN,SWX,SXT,SYNA,SYNH,TCBI,TDC,TEX,TGNA,THC,THG,THO,TKO,TKR,TMHC,TNDM,TNL,TOL,TREX,TRIP,TTC,TTEK,TXNM,TXRH,UAA/UA,UBSI,UFPI,UGI,UMBF,UMPQ,UNM,UNVR,UTHR,VAC,VC,VICR,VLY,VMI,VNO,VNT,VOYA,VSAT,VSCO,VSH,VVV,VYX,WAFD,WBS,WEN,WERN,WEX,WH,WING,WLK,WLY,WOLF,WOR,WSM,WSO,WTFC,WTRG,WTS,WU,WWD,X,XPO,XRX,YETI,ZD"
2023-03-01,"AA,ACHC,ACIW,ACM,ADC,ADNT,AFG,AGCO,AIRC,ALE,ALGM,AM,AMED,AMG,AMKR,AN,AR,ARW,ARWR,ASB,ASGN,ASH,ATR,AVNT,AVT,AXON,AYI,AZPN,AZTA,BC,BCO,BDC,BHF,BJ,BKH,BLD,BLDR,BLKB,BOH,BRBR,BRKR,BRX,BYD,CABO,CACI,CADE,CALX,CAR,CASY,CATY,CBRL,CBSH,CBT,CC,CDP,CELH,CFR,CGNX,CHDN,CHE,CHH,CHX,CIEN,CLF,CLH,CMC,CNO,CNX,CNXC,COHR,COKE,COLB,COLM,COTY,CPRI,CRI,CROX,CRUS,CSL,CUBE,CUZ,CVLT,CW,CXT,DAN,DAR,DCI,DECK,DEI,DINO,DKS,DOC,DT,DTM,DY,EEFT,EGP,EHC,EME,ENOV,ENR,ENS,ENV,EPR,ESAB,ESNT,ETRN,EVR,EWBC,EXE,EXEL,EXLS,EXP,FAF,FBIN,FCFS,FCN,FFIN,FHI,FHN,FICO,FIVE,FL,FLG,FLO,FLR,FLS,FNB,FOXF,FR,FULT,FYBR,G,GAP,GATX,GBCI,GEF,GGG,GHC,GME,GMED,GNTX,GO,GT,GTLS,GTM,GXO,HAE,HALO,HBI,HE,HELE,HIW,HOG,HOMB,HQY,HR,HRB,HUBB,HWC,HXL,IAA,IART,IBKR,IBOC,ICUI,IDA,INGR,IPGP,IRDM,IRT,ITT,JAZZ,JBGS,JBL,JBLU,JEF,JHG,JLL,JWN,KBH,KBR,KD,KEX,KMPR,KMT,KNSL,KNX,KRC,KRG,KSS,LAD,LAMR,LEA,LECO,LEG,LFUS,LII,LITE,LIVN,LNTH,LNW,LOPE,LPX,LSCC,LSI,LSTR,M,MAC,MAN,MANH,MASI,MAT,MDU,MEDP,MIDD,MKSI,MMS,MODG,MP,MPW,MRCY,MSA,MSM,MTDR,MTG,MTSI,MTZ,MUR,MUSA,MZTI,NARI,NATI,NAVI,NBIX,NEOG,NEU,NFG,NGVT,NJR,NLY,NNN,NOV,NOVT,NSA,NSP,NVST,NVT,NWE,NXST,NYT,OC,OGE,OGS,OHI,OLED,OLLI,OLN,OMCL,ONB,OPCH,ORA,ORI,OSK,OZK,P,PACW,PB,PBF,PCH,PCTY,PDCE,PDCO,PEB,PEN,PENN,PFGC,PGNY,PII,PK,PNFP,POR,POST,POWI,PPC,PRGO,PRI,PVH,PZZA,QDEL,QLYS,R,RCM,REXR,RGA,RGEN,RGLD,RH,RLI,RNR,RPM,RRC,RRX,RS,RUN,RYN,SAIA,SAIC,SAM,SBRA,SCI,SEIC,SF,SFM,SGI,SHC,SIGI,SITM,SKX,SLAB,SLG,SLGN,SLM,SMCI,SMG,SNV,SNX,SON,SPWR,SR,SRC,SRCL,SSD,STAA,SWAV,SWN,SWX,SXT,SYNA,SYNH,TCBI,TDC,TEX,TGNA,THC,THG,THO,TKO,TKR,TMHC,TNDM,TNL,TOL,TREX,TRIP,TTC,TTEK,TXNM,TXRH,UAA/UA,UBSI,UFPI,UGI,UMBF,UNM,UNVR,UTHR,VAC,VC,VICR,VLY,VMI,VNO,VNT,VOYA,VSAT,VSCO,VSH,VVV,VYX,WAFD,WBS,WEN,WERN,WEX,WH,WING,WLK,WLY,WOLF,WOR,WSM,WSO,WTFC,WTRG,WTS,WU,WWD,X,XPO,XRX,YETI,ZD"
2023-03-20,"AA,ACHC,ACIW,ACM,ADC,ADNT,AFG,AGCO,AIRC,ALE,ALGM,ALV,AM,AMED,AMG,AMKR,AN,AR,ARMK,ARW,ARWR,ASB,ASGN,ASH,ATR,AVNT,AVT,AXON,AXTA,AYI,AZPN,AZTA,BC,BCO,BDC,BHF,BJ,BKH,BLD,BLDR,BLKB,BOH,BRBR,BRKR,BRX,BYD,CABO,CACI,CADE,CALX,CAR,CASY,CATY,CBSH,CBT,CC,CDP,CELH,CFR,CGNX,CHDN,CHE,CHH,CHRD,CHX,CIEN,CLF,CLH,CMC,CNO,CNX,CNXC,COHR,COKE,COLB,COLM,COTY,CPRI,CRI,CROX,CRUS,CSL,CUBE,CUZ,CVLT,CW,CXT,DAN,DAR,DCI,DECK,DEI,DINO,DKS,DOC,DT,DTM,EEFT,EGP,EHC,EME,ENOV,ENR,ENS,ENV,EPR,ESAB,ESNT,ETRN,EVR,EWBC,EXE,EXEL,EXLS,EXP,FAF,FBIN,FCFS,FCN,FFIN,FHI,FHN,FIVE,FL,FLG,FLO,FLR,FLS,FNB,FOXF,FR,FULT,FYBR,G,GAP,GATX,GBCI,GEF,GGG,GHC,GME,GMED,GNTX,GO,GT,GTLS,GTM,GXO,HAE,HALO,HE,HELE,HGV,HIW,HOG,HOMB,HQY,HR,HRB,HTZ,HUBB,HWC,HXL,IAA,IART,IBKR,IBOC,ICUI,IDA,INGR,IPGP,IRDM,IRT,ITT,JAZZ,JBL,JBLU,JEF,JHG,JLL,JWN,KBH,KBR,KD,KEX,KMPR,KNSL,KNX,KRC,KRG,KSS,LAD,LAMR,LEA,LECO,LEG,LFUS,LII,LITE,LIVN,LNTH,LNW,LOPE,LPX,LSCC,LSI,LSTR,M,MAC,MAN,MANH,MASI,MAT,MDU,MEDP,MIDD,MKSI,MMS,MODG,MP,MPW,MRCY,MSA,MSM,MTDR,MTG,MTSI,MTZ,MUR,MUSA,MZTI,NARI,NATI,NAVI,NBIX,NEOG,NEU,NFG,NGVT,NJR,NLY,NNN,NOV,NOVT,NSA,NSP,NVST,NVT,NWE,NXST,NYT,OC,OGE,OGS,OHI,OLED,OLLI,OLN,OMCL,ONB,OPCH,ORA,ORI,OSK,OZK,P,PACW,PB,PBF,PCH,PCTY,PDCE,PDCO,PEN,PENN,PFGC,PGNY,PII,PK,PNFP,POR,POST,POWI,PPC,PRGO,PRI,PVH,PZZA,QDEL,QLYS,R,RCM,REXR,RGA,RGEN,RGLD,RH,RLI,RNR,RPM,RRC,RRX,RS,RUN,RYN,SAIA,SAIC,SAM,SBRA,SCI,SEIC,SF,SFM,SGI,SHC,SIGI,SITM,SKX,SLAB,SLGN,SLM,SMCI,SMG,SNV,SNX,SON,SPWR,SR,SRC,SRCL,SSB,SSD,STAA,STWD,SWAV,SWN,SWX,SXT,SYNA,SYNH,TCBI,TDC,TEX,TGNA,THC,THG,THO,TKO,TKR,TMHC,TNL,TOL,TREX,TRIP,TTC,TTEK,TXNM,TXRH,UAA/UA,UBSI,UFPI,UGI,UMBF,UNM,UNVR,USFD,UTHR,VAC,VAL,VC,VICR,VLY,VMI,VNO,VNT,VOYA,VSCO,VSH,VVV,VYX,WBS,WEN,WERN,WEX,WH,WING,WLK,WLY,WMS,WOLF,WOR,WSM,WSO,WTFC,WTRG,WTS,WU,WWD,X,XPO,XRX,YETI,ZD"
2023-03-22,"AA,ACHC,ACIW,ACM,ADC,ADNT,AFG,AGCO,AIRC,ALE,ALGM,ALV,AM,AMED,AMG,AMKR,AN,AR,ARMK,ARW,ARWR,ASB,ASGN,ASH,ATR,AVNT,AVT,AXON,AXTA,AYI,AZPN,AZTA,BC,BCO,BDC,BHF,BJ,BKH,BLD,BLDR,BLKB,BOH,BRBR,BRKR,BRX,BYD,CABO,CACI,CADE,CALX,CAR,CASY,CATY,CBSH,CBT,CC,CDP,CELH,CFR,CGNX,CHDN,CHE,CHH,CHRD,CHX,CIEN,CLF,CLH,CMC,CNO,CNX,CNXC,COHR,COKE,COLB,COLM,COTY,CPRI,CRI,CROX,CRUS,CSL,CUBE,CUZ,CVLT,CW,CXT,DAN,DAR,DCI,DECK,DEI,DINO,DKS,DOC,DT,DTM,EEFT,EGP,EHC,EME,ENOV,ENR,ENS,ENV,EPR,ESAB,ESNT,ETRN,EVR,EWBC,EXE,EXEL,EXLS,EXP,EXPO,FAF,FBIN,FCFS,FCN,FFIN,FHI,FHN,FIVE,FL,FLG,FLO,FLR,FLS,FNB,FOXF,FR,FULT,FYBR,G,GAP,GATX,GBCI,GEF,GGG,GHC,GME,GMED,GNTX,GO,GT,GTLS,GTM,GXO,HAE,HALO,HE,HELE,HGV,HIW,HOG,HOMB,HQY,HR,HRB,HTZ,HUBB,HWC,HXL,IART,IBKR,IBOC,ICUI,IDA,INGR,IPGP,IRDM,IRT,ITT,JAZZ,JBL,JBLU,JEF,JHG,JLL,JWN,KBH,KBR,KD,KEX,KMPR,KNSL,KNX,KRC,KRG,KSS,LAD,LAMR,LEA,LECO,LEG,LFUS,LII,LITE,LIVN,LNTH,LNW,LOPE,LPX,LSCC,LSI,LSTR,M,MAC,MAN,MANH,MASI,MAT,MDU,MEDP,MIDD,MKSI,MMS,MODG,MP,MPW,MRCY,MSA,MSM,MTDR,MTG,MTSI,MTZ,MUR,MUSA,MZTI,NARI,NATI,NAVI,NBIX,NEOG,NEU,NFG,NGVT,NJR,NLY,NNN,NOV,NOVT,NSA,NSP,NVST,NVT,NWE,NXST,NYT,OC,OGE,OGS,OHI,OLED,OLLI,OLN,OMCL,ONB,OPCH,ORA,ORI,OSK,OZK,P,PACW,PB,PBF,PCH,PCTY,PDCE,PDCO,PEN,PENN,PFGC,PGNY,PII,PK,PNFP,POR,POST,POWI,PPC,PRGO,PRI,PVH,PZZA,QDEL,QLYS,R,RCM,REXR,RGA,RGEN,RGLD,RH,RLI,RNR,RPM,RRC,RRX,RS,RUN,RYN,SAIA,SAIC,SAM,SBRA,SCI,SEIC,SF,SFM,SGI,SHC,SIGI,SITM,SKX,SLAB,SLGN,SLM,SMCI,SMG,SNV,SNX,SON,SPWR,SR,SRC,SRCL,SSB,SSD,STAA,STWD,SWAV,SWN,SWX,SXT,SYNA,SYNH,TCBI,TDC,TEX,TGNA,THC,THG,THO,TKO,TKR,TMHC,TNL,TOL,TREX,TRIP,TTC,TTEK,TXNM,TXRH,UAA/UA,UBSI,UFPI,UGI,UMBF,UNM,UNVR,USFD,UTHR,VAC,VAL,VC,VICR,VLY,VMI,VNO,VNT,VOYA,VSCO,VSH,VVV,VYX,WBS,WEN,WERN,WEX,WH,WING,WLK,WLY,WMS,WOLF,WOR,WSM,WSO,WTFC,WTRG,WTS,WU,WWD,X,XPO,XRX,YETI,ZD"
2023-04-04,"AA,ACHC,ACIW,ACM,ADC,ADNT,AFG,AGCO,AIRC,ALE,ALGM,ALV,AM,AMED,AMG,AMKR,AN,AR,ARMK,ARW,ARWR,ASB,ASGN,ASH,ATR,AVNT,AVT,AXON,AXTA,AYI,AZPN,AZTA,BC,BCO,BDC,BHF,BJ,BKH,BLD,BLDR,BLKB,BOH,BRBR,BRKR,BRX,BYD,CABO,CACI,CADE,CALX,CAR,CASY,CATY,CBSH,CBT,CC,CDP,CELH,CFR,CGNX,CHDN,CHE,CHH,CHRD,CHX,CIEN,CLF,CLH,CMC,CNO,CNX,CNXC,COHR,COKE,COLB,COLM,COTY,CPRI,CR,CRI,CROX,CRUS,CSL,CUBE,CUZ,CVLT,CW,CXT,DAN,DAR,DCI,DECK,DEI,DINO,DKS,DOC,DT,DTM,EEFT,EGP,EHC,EME,ENOV,ENR,ENS,ENV,EPR,ESAB,ESNT,ETRN,EVR,EWBC,EXE,EXEL,EXLS,EXP,EXPO,FAF,FBIN,FCFS,FCN,FFIN,FHI,FHN,FIVE,FL,FLG,FLO,FLR,FLS,FNB,FOXF,FR,FULT,FYBR,G,GAP,GATX,GBCI,GEF,GGG,GHC,GME,GMED,GNTX,GO,GT,GTLS,GTM,GXO,HAE,HALO,HE,HELE,HGV,HIW,HOG,HOMB,HQY,HR,HRB,HTZ,HUBB,HWC,HXL,IART,IBKR,IBOC,ICUI,IDA,INGR,IPGP,IRDM,IRT,ITT,JAZZ,JBL,JBLU,JEF,JHG,JLL,JWN,KBH,KBR,KD,KEX,KMPR,KNSL,KNX,KRC,KRG,KSS,LAD,LAMR,LEA,LECO,LEG,LFUS,LII,LITE,LIVN,LNTH,LNW,LOPE,LPX,LSCC,LSI,LSTR,M,MAC,MAN,MANH,MASI,MAT,MDU,MEDP,MIDD,MKSI,MMS,MODG,MP,MPW,MRCY,MSA,MSM,MTDR,MTG,MTSI,MTZ,MUR,MUSA,MZTI,NARI,NATI,NAVI,NBIX,NEOG,NEU,NFG,NGVT,NJR,NLY,NNN,NOV,NOVT,NSA,NSP,NVST,NVT,NWE,NXST,NYT,OC,OGE,OGS,OHI,OLED,OLLI,OLN,OMCL,ONB,OPCH,ORA,ORI,OSK,OZK,P,PACW,PB,PBF,PCH,PCTY,PDCE,PDCO,PEN,PENN,PFGC,PGNY,PII,PK,PNFP,POR,POST,POWI,PPC,PRGO,PRI,PVH,PZZA,QDEL,QLYS,R,RCM,REXR,RGA,RGEN,RGLD,RH,RLI,RNR,RPM,RRC,RRX,RS,RUN,RYN,SAIA,SAIC,SAM,SBRA,SCI,SEIC,SF,SFM,SGI,SHC,SIGI,SITM,SKX,SLAB,SLGN,SLM,SMCI,SMG,SNV,SNX,SON,SPWR,SR,SRC,SRCL,SSB,SSD,STAA,STWD,SWAV,SWN,SWX,SXT,SYNA,SYNH,TCBI,TDC,TEX,TGNA,THC,THG,THO,TKO,TKR,TMHC,TNL,TOL,TREX,TRIP,TTC,TTEK,TXNM,TXRH,UAA/UA,UBSI,UFPI,UGI,UMBF,UNM,UNVR,USFD,UTHR,VAC,VAL,VC,VICR,VLY,VMI,VNO,VNT,VOYA,VSCO,VSH,VVV,VYX,WBS,WEN,WERN,WEX,WH,WING,WLK,WLY,WMS,WOLF,WOR,WSM,WSO,WTFC,WTRG,WTS,WU,WWD,X,XPO,XRX,YETI,ZD"
2023-04-05,"AA,ACHC,ACIW,ACM,ADC,ADNT,AFG,AGCO,AIRC,ALE,ALGM,ALV,AM,AMED,AMG,AMKR,AN,AR,ARMK,ARW,ARWR,ASB,ASGN,ASH,ATR,AVNT,AVT,AXON,AXTA,AYI,AZPN,AZTA,BC,BCO,BDC,BHF,BJ,BKH,BLD,BLDR,BLKB,BOH,BRBR,BRKR,BRX,BYD,CABO,CACI,CADE,CALX,CAR,CASY,CATY,CBSH,CBT,CC,CDP,CELH,CFR,CGNX,CHDN,CHE,CHH,CHRD,CHX,CIEN,CLF,CLH,CMC,CNO,CNX,CNXC,COHR,COKE,COLB,COLM,COTY,CPRI,CR,CRI,CROX,CRUS,CSL,CUBE,CUZ,CVLT,CW,CXT,DAN,DAR,DCI,DECK,DEI,DINO,DKS,DOC,DT,DTM,EEFT,EGP,EHC,EME,ENOV,ENR,ENS,ENV,EPR,ESAB,ESNT,ETRN,EVR,EWBC,EXE,EXEL,EXLS,EXP,EXPO,FAF,FBIN,FCFS,FCN,FFIN,FHI,FHN,FIVE,FL,FLG,FLO,FLR,FLS,FNB,FOXF,FR,FULT,FYBR,G,GAP,GATX,GBCI,GEF,GGG,GHC,GME,GMED,GNTX,GO,GT,GTLS,GTM,GXO,HAE,HALO,HE,HELE,HGV,HIW,HOG,HOMB,HQY,HR,HRB,HTZ,HUBB,HWC,HXL,IART,IBKR,IBOC,ICUI,IDA,INGR,IPGP,IRDM,IRT,ITT,JAZZ,JBL,JBLU,JEF,JHG,JLL,JWN,KBH,KBR,KD,KEX,KMPR,KNSL,KNX,KRC,KRG,KSS,LAD,LAMR,LEA,LECO,LEG,LFUS,LII,LITE,LIVN,LNTH,LNW,LOPE,LPX,LSCC,LSI,LSTR,M,MAC,MAN,MANH,MASI,MAT,MDU,MEDP,MIDD,MKSI,MMS,MODG,MP,MPW,MRCY,MSA,MSM,MTDR,MTG,MTSI,MTZ,MUR,MUSA,MZTI,NARI,NATI,NAVI,NBIX,NEOG,NEU,NFG,NGVT,NJR,NLY,NNN,NOV,NOVT,NSA,NSP,NVST,NVT,NWE,NXST,NYT,OC,OGE,OGS,OHI,OLED,OLLI,OLN,OMCL,ONB,OPCH,ORA,ORI,OSK,OZK,P,PB,PBF,PCH,PCTY,PDCE,PDCO,PEN,PENN,PFGC,PGNY,PII,PK,PNFP,POR,POST,POWI,PPC,PRGO,PRI,PVH,PZZA,QDEL,QLYS,R,RCM,REXR,RGA,RGEN,RGLD,RH,RLI,RNR,RPM,RRC,RRX,RS,RUN,RYN,SAIA,SAIC,SAM,SBRA,SCI,SEIC,SF,SFM,SGI,SHC,SIGI,SITM,SKX,SLAB,SLGN,SLM,SMCI,SMG,SNV,SNX,SON,SPWR,SR,SRC,SRCL,SSB,SSD,STAA,STWD,SWAV,SWN,SWX,SXT,SYNA,SYNH,TCBI,TDC,TEX,TGNA,THC,THG,THO,TKO,TKR,TMHC,TNL,TOL,TREX,TRIP,TTC,TTEK,TXNM,TXRH,UAA/UA,UBSI,UFPI,UGI,UMBF,UNM,UNVR,USFD,UTHR,VAC,VAL,VC,VICR,VLY,VMI,VNO,VNT,VOYA,VSCO,VSH,VVV,VYX,WBS,WEN,WERN,WEX,WH,WING,WLK,WLY,WMS,WOLF,WOR,WSM,WSO,WTFC,WTRG,WTS,WU,WWD,X,XPO,XRX,YETI,ZD"
2023-05-04,"AA,ACHC,ACIW,ACM,ADC,ADNT,AFG,AGCO,AIRC,ALE,ALGM,ALV,AM,AMED,AMG,AMKR,AN,AR,ARMK,ARW,ARWR,ASB,ASGN,ASH,ATR,AVNT,AVT,AXTA,AYI,AZPN,AZTA,BC,BCO,BDC,BHF,BJ,BKH,BLD,BLDR,BLKB,BOH,BRBR,BRKR,BRX,BYD,CABO,CACI,CADE,CALX,CAR,CASY,CATY,CBSH,CBT,CC,CDP,CELH,CFR,CGNX,CHDN,CHE,CHH,CHRD,CHX,CIEN,CLF,CLH,CMC,CNO,CNX,CNXC,COHR,COKE,COLB,COLM,COTY,CPRI,CR,CRI,CROX,CRUS,CSL,CUBE,CUZ,CVLT,CW,CXT,DAN,DAR,DCI,DECK,DEI,DINO,DKS,DOC,DT,DTM,EEFT,EGP,EHC,EME,ENOV,ENR,ENS,ENV,EPR,ESAB,ESNT,ETRN,EVR,EWBC,EXE,EXEL,EXLS,EXP,EXPO,FAF,FBIN,FCFS,FCN,FFIN,FHI,FHN,FIVE,FL,FLG,FLO,FLR,FLS,FNB,FOXF,FR,FULT,FYBR,G,GAP,GATX,GBCI,GEF,GGG,GHC,GME,GMED,GNTX,GO,GT,GTLS,GTM,GXO,HAE,HALO,HE,HELE,HGV,HIW,HOG,HOMB,HQY,HR,HRB,HTZ,HUBB,HWC,HXL,IART,IBKR,IBOC,ICUI,IDA,INGR,IPGP,IRDM,IRT,ITT,JAZZ,JBL,JBLU,JEF,JHG,JLL,JWN,KBH,KBR,KD,KEX,KMPR,KNSL,KNX,KRC,KRG,KSS,LAD,LAMR,LEA,LECO,LEG,LFUS,LII,LITE,LIVN,LNTH,LNW,LOPE,LPX,LSCC,LSI,LSTR,M,MAC,MAN,MANH,MASI,MAT,MDU,MEDP,MIDD,MKSI,MMS,MODG,MP,MPW,MRCY,MSA,MSM,MTDR,MTG,MTSI,MTZ,MUR,MUSA,MZTI,NARI,NATI,NAVI,NBIX,NEOG,NEU,NFG,NGVT,NJR,NLY,NNN,NOV,NOVT,NSA,NSP,NVST,NVT,NWE,NXST,NYT,OC,OGE,OGS,OHI,OLED,OLLI,OLN,OMCL,ONB,OPCH,ORA,ORI,OSK,OZK,P,PB,PBF,PCH,PCTY,PDCE,PDCO,PEN,PENN,PFGC,PGNY,PII,PK,PNFP,POR,POST,POWI,PPC,PRGO,PRI,PVH,PZZA,QDEL,QLYS,R,RCM,REXR,RGA,RGEN,RGLD,RH,RLI,RNR,RPM,RRC,RRX,RS,RUN,RYN,SAIA,SAIC,SAM,SBRA,SCI,SEIC,SF,SFM,SGI,SHC,SIGI,SITM,SKX,SLAB,SLGN,SLM,SMCI,SMG,SNV,SNX,SON,SPWR,SR,SRC,SRCL,SSB,SSD,STAA,STAG,STWD,SWAV,SWN,SWX,SXT,SYNA,SYNH,TCBI,TDC,TEX,TGNA,THC,THG,THO,TKO,TKR,TMHC,TNL,TOL,TREX,TRIP,TTC,TTEK,TXNM,TXRH,UAA/UA,UBSI,UFPI,UGI,UMBF,UNM,UNVR,USFD,UTHR,VAC,VAL,VC,VICR,VLY,VMI,VNO,VNT,VOYA,VSCO,VSH,VVV,VYX,WBS,WEN,WERN,WEX,WH,WING,WLK,WLY,WMS,WOLF,WOR,WSM,WSO,WTFC,WTRG,WTS,WU,WWD,X,XPO,XRX,YETI,ZD"
2023-06-01,"AA,ACHC,ACIW,ACM,ADC,ADNT,AFG,AGCO,AIRC,ALE,ALGM,ALV,AM,AMED,AMG,AMKR,AN,AR,ARMK,ARW,ARWR,ASB,ASGN,ASH,ATR,AVNT,AVT,AXTA,AYI,AZPN,AZTA,BC,BCO,BDC,BHF,BJ,BKH,BLD,BLDR,BLKB,BRBR,BRKR,BRX,BYD,CABO,CACI,CADE,CALX,CAR,CASY,CATY,CBSH,CBT,CC,CDP,CELH,CFR,CGNX,CHDN,CHE,CHH,CHRD,CHX,CIEN,CLF,CLH,CMC,CNO,CNX,CNXC,COHR,COKE,COLB,COLM,COTY,CPRI,CR,CRI,CROX,CRUS,CSL,CUBE,CUZ,CVLT,CW,CXT,DAN,DAR,DCI,DECK,DEI,DINO,DKS,DOC,DT,DTM,EEFT,EGP,EHC,EME,ENOV,ENR,ENS,ENV,EPR,ESAB,ESNT,ETRN,EVR,EWBC,EXE,EXEL,EXLS,EXP,EXPO,FAF,FBIN,FCFS,FCN,FFIN,FHI,FHN,FIVE,FL,FLG,FLO,FLR,FLS,FNB,FOXF,FR,FULT,FYBR,G,GAP,GATX,GBCI,GEF,GGG,GHC,GME,GMED,GNTX,GO,GT,GTLS,GTM,GXO,HAE,HALO,HE,HELE,HGV,HIW,HOG,HOMB,HQY,HR,HRB,HTZ,HUBB,HWC,HXL,IART,IBKR,IBOC,ICUI,IDA,INGR,IPGP,IRDM,IRT,ITT,JAZZ,JBL,JBLU,JEF,JHG,JLL,JWN,KBH,KBR,KD,KEX,KMPR,KNF,KNSL,KNX,KRC,KRG,KSS,LAD,LAMR,LEA,LECO,LEG,LFUS,LII,LITE,LIVN,LNTH,LNW,LOPE,LPX,LSCC,LSI,LSTR,M,MAC,MAN,MANH,MASI,MAT,MDU,MEDP,MIDD,MKSI,MMS,MODG,MP,MPW,MRCY,MSA,MSM,MTDR,MTG,MTSI,MTZ,MUR,MUSA,MZTI,NARI,NATI,NAVI,NBIX,NEOG,NEU,NFG,NGVT,NJR,NLY,NNN,NOV,NOVT,NSA,NSP,NVST,NVT,NWE,NXST,NYT,OC,OGE,OGS,OHI,OLED,OLLI,OLN,OMCL,ONB,OPCH,ORA,ORI,OSK,OZK,P,PB,PBF,PCH,PCTY,PDCE,PDCO,PEN,PENN,PFGC,PGNY,PII,PK,PNFP,POR,POST,POWI,PPC,PRGO,PRI,PVH,PZZA,QDEL,QLYS,R,RCM,REXR,RGA,RGEN,RGLD,RH,RLI,RNR,RPM,RRC,RRX,RS,RUN,RYN,SAIA,SAIC,SAM,SBRA,SCI,SEIC,SF,SFM,SGI,SHC,SIGI,SITM,SKX,SLAB,SLGN,SLM,SMCI,SMG,SNV,SNX,SON,SPWR,SR,SRC,SRCL,SSB,SSD,STAA,STAG,STWD,SWAV,SWN,SWX,SXT,SYNA,SYNH,TCBI,TDC,TEX,TGNA,THC,THG,THO,TKO,TKR,TMHC,TNL,TOL,TREX,TRIP,TTC,TTEK,TXNM,TXRH,UAA/UA,UBSI,UFPI,UGI,UMBF,UNM,UNVR,USFD,UTHR,VAC,VAL,VC,VICR,VLY,VMI,VNO,VNT,VOYA,VSCO,VSH,VVV,VYX,WBS,WEN,WERN,WEX,WH,WING,WLK,WLY,WMS,WOLF,WOR,WSM,WSO,WTFC,WTRG,WTS,WU,WWD,X,XPO,XRX,YETI,ZD"
2023-06-19,"AA,ACHC,ACIW,ACM,ADC,ADNT,AFG,AGCO,AIRC,ALE,ALGM,ALV,AM,AMED,AMG,AMKR,AN,AR,ARMK,ARW,ARWR,ASB,ASGN,ASH,ATR,AVNT,AVT,AXTA,AYI,AZPN,AZTA,BC,BCO,BDC,BERY,BHF,BJ,BKH,BLD,BLDR,BLKB,BRBR,BRKR,BRX,BWXT,BYD,CABO,CACI,CADE,CALX,CAR,CASY,CATY,CBSH,CBT,CC,CCK,CDP,CELH,CFR,CGNX,CHDN,CHE,CHH,CHRD,CHX,CIEN,CLF,CLH,CMC,CNO,CNX,CNXC,COHR,COKE,COLB,COLM,COTY,CPRI,CR,CRI,CROX,CRUS,CSL,CUBE,CUZ,CVLT,CW,CXT,DAR,DBX,DCI,DECK,DINO,DKS,DOC,DOCS,DT,DTM,EEFT,EGP,EHC,EME,ENOV,ENR,ENS,ENV,EPR,ESAB,ESNT,ETRN,EVR,EWBC,EXE,EXEL,EXLS,EXP,EXPO,FAF,FBIN,FCFS,FCN,FFIN,FHI,FHN,FIVE,FL,FLG,FLO,FLR,FLS,FNB,FOXF,FR,FYBR,G,GAP,GATX,GBCI,GEF,GGG,GHC,GME,GMED,GNTX,GO,GPK,GT,GTLS,GTM,GXO,HAE,HALO,HE,HELE,HGV,HIW,HOG,HOMB,HQY,HR,HRB,HTZ,HUBB,HWC,HXL,IART,IBKR,IBOC,ICUI,IDA,INGR,IPGP,IRDM,IRT,ITT,JAZZ,JBL,JBLU,JEF,JHG,JLL,JWN,KBH,KBR,KD,KEX,KMPR,KNF,KNSL,KNX,KRC,KRG,KSS,LAD,LAMR,LEA,LECO,LEG,LFUS,LII,LITE,LIVN,LNTH,LNW,LOPE,LPX,LSCC,LSI,LSTR,M,MAN,MANH,MASI,MAT,MDU,MEDP,MIDD,MKSI,MMS,MODG,MP,MPW,MRCY,MSA,MSM,MTDR,MTG,MTSI,MTZ,MUR,MUSA,MZTI,NARI,NATI,NBIX,NEOG,NEU,NFG,NJR,NLY,NNN,NOV,NOVT,NSA,NSP,NVST,NVT,NWE,NXST,NYT,OC,OGE,OGS,OHI,OLED,OLLI,OLN,OMCL,ONB,OPCH,ORA,ORI,OSK,OVV,OZK,P,PB,PBF,PCH,PCTY,PDCE,PDCO,PEN,PENN,PFGC,PGNY,PII,PK,PLNT,PNFP,POR,POST,POWI,PPC,PRGO,PRI,PVH,PZZA,QDEL,QLYS,R,RCM,REXR,RGA,RGEN,RGLD,RH,RLI,RNR,RPM,RRC,RRX,RS,RUN,RYN,SAIA,SAIC,SAM,SBRA,SCI,SEIC,SF,SFM,SGI,SHC,SIGI,SKX,SLAB,SLGN,SLM,SMCI,SMG,SNV,SNX,SON,SR,SRC,SRCL,SSB,SSD,STAA,STAG,STWD,SWAV,SWN,SWX,SXT,SYNA,SYNH,TCBI,TDC,TEX,TGNA,THC,THG,THO,TKO,TKR,TMHC,TNL,TOL,TREX,TRIP,TTC,TTEK,TXNM,TXRH,UAA/UA,UBSI,UFPI,UGI,UMBF,UNM,UNVR,USFD,UTHR,VAC,VAL,VC,VICR,VLY,VMI,VNO,VNT,VOYA,VSH,VVV,VYX,WBS,WCC,WEN,WERN,WEX,WH,WING,WLK,WMS,WOLF,WOR,WSM,WSO,WTFC,WTRG,WTS,WU,WWD,X,XPO,XRX,YETI,ZD"
2023-07-24,"AA,ACHC,ACIW,ACM,ADC,ADNT,AFG,AGCO,AIRC,ALE,ALGM,ALV,AM,AMED,AMG,AMKR,AN,AR,ARMK,ARW,ARWR,ASB,ASGN,ASH,ATR,AVNT,AVT,AXTA,AYI,AZPN,AZTA,BC,BCO,BDC,BERY,BHF,BJ,BKH,BLD,BLDR,BLKB,BRBR,BRKR,BRX,BWXT,BYD,CABO,CACI,CADE,CALX,CAR,CASY,CATY,CBSH,CBT,CC,CCK,CDP,CELH,CFR,CGNX,CHDN,CHE,CHH,CHRD,CHX,CIEN,CLF,CLH,CMC,CNO,CNX,CNXC,COHR,COKE,COLB,COLM,COTY,CPRI,CR,CRI,CROX,CRUS,CSL,CUBE,CUZ,CVLT,CW,CXT,DAR,DBX,DCI,DECK,DINO,DKS,DOC,DOCS,DT,DTM,EEFT,EGP,EHC,ELS,EME,ENOV,ENR,ENS,ENV,EPR,ESAB,ESNT,ETRN,EVR,EWBC,EXE,EXEL,EXLS,EXP,EXPO,FAF,FBIN,FCFS,FCN,FFIN,FHI,FHN,FIVE,FL,FLG,FLO,FLR,FLS,FNB,FOXF,FR,FYBR,G,GAP,GATX,GBCI,GEF,GGG,GHC,GME,GMED,GNTX,GO,GPK,GT,GTLS,GTM,GXO,HAE,HALO,HE,HELE,HGV,HIW,HOG,HOMB,HQY,HR,HRB,HTZ,HUBB,HWC,HXL,IART,IBKR,IBOC,ICUI,IDA,INGR,IPGP,IRDM,IRT,ITT,JAZZ,JBL,JBLU,JEF,JHG,JLL,JWN,KBH,KBR,KD,KEX,KMPR,KNF,KNSL,KNX,KRC,KRG,KSS,LAD,LAMR,LEA,LECO,LEG,LFUS,LII,LITE,LIVN,LNTH,LNW,LOPE,LPX,LSCC,LSTR,M,MAN,MANH,MASI,MAT,MDU,MEDP,MIDD,MKSI,MMS,MODG,MP,MPW,MRCY,MSA,MSM,MTDR,MTG,MTSI,MTZ,MUR,MUSA,MZTI,NARI,NATI,NBIX,NEOG,NEU,NFG,NJR,NLY,NNN,NOV,NOVT,NSA,NSP,NVST,NVT,NWE,NXST,NYT,OC,OGE,OGS,OHI,OLED,OLLI,OLN,OMCL,ONB,OPCH,ORA,ORI,OSK,OVV,OZK,P,PB,PBF,PCH,PCTY,PDCE,PDCO,PEN,PENN,PFGC,PGNY,PII,PK,PLNT,PNFP,POR,POST,POWI,PPC,PRGO,PRI,PVH,PZZA,QDEL,QLYS,R,RCM,REXR,RGA,RGEN,RGLD,RH,RLI,RNR,RPM,RRC,RRX,RS,RUN,RYN,SAIA,SAIC,SAM,SBRA,SCI,SEIC,SF,SFM,SGI,SHC,SIGI,SKX,SLAB,SLGN,SLM,SMCI,SMG,SNV,SNX,SON,SR,SRC,SRCL,SSB,SSD,STAA,STAG,STWD,SWAV,SWN,SWX,SXT,SYNA,SYNH,TCBI,TDC,TEX,TGNA,THC,THG,THO,TKO,TKR,TMHC,TNL,TOL,TREX,TRIP,TTC,TTEK,TXNM,TXRH,UAA/UA,UBSI,UFPI,UGI,UMBF,UNM,UNVR,USFD,UTHR,VAC,VAL,VC,VICR,VLY,VMI,VNO,VNT,VOYA,VSH,VVV,VYX,WBS,WCC,WEN,WERN,WEX,WH,WING,WLK,WMS,WOLF,WOR,WSM,WSO,WTFC,WTRG,WTS,WU,WWD,X,XPO,XRX,YETI,ZD"
2023-08-04,"AA,ACHC,ACIW,ACM,ADC,ADNT,AFG,AGCO,AIRC,ALE,ALGM,ALV,AM,AMED,AMG,AMKR,AN,AR,ARMK,ARW,ARWR,ASB,ASGN,ASH,ATR,AVNT,AVT,AXTA,AYI,AZPN,AZTA,BC,BCO,BDC,BERY,BHF,BJ,BKH,BLD,BLDR,BLKB,BRBR,BRKR,BRX,BWXT,BYD,CABO,CACI,CADE,CALX,CAR,CASY,CATY,CBSH,CBT,CC,CCK,CDP,CELH,CFR,CGNX,CHDN,CHE,CHH,CHRD,CHX,CIEN,CLF,CLH,CMC,CNO,CNX,CNXC,COHR,COKE,COLB,COLM,COTY,CPRI,CR,CRI,CROX,CRUS,CSL,CUBE,CUZ,CVLT,CW,CXT,DAR,DBX,DCI,DECK,DINO,DKS,DOC,DOCS,DT,DTM,EEFT,EGP,EHC,ELS,EME,ENOV,ENR,ENS,ENV,EPR,ESAB,ESNT,ETRN,EVR,EWBC,EXE,EXEL,EXLS,EXP,EXPO,FAF,FBIN,FCFS,FCN,FFIN,FHI,FHN,FIVE,FL,FLG,FLO,FLR,FLS,FNB,FOXF,FR,FYBR,G,GAP,GATX,GBCI,GEF,GGG,GHC,GME,GMED,GNTX,GO,GPK,GT,GTLS,GTM,GXO,HAE,HALO,HE,HELE,HGV,HIW,HOG,HOMB,HQY,HR,HRB,HTZ,HUBB,HWC,HXL,IART,IBKR,IBOC,ICUI,IDA,INGR,IPGP,IRDM,IRT,ITT,JAZZ,JBL,JBLU,JEF,JHG,JLL,JWN,KBH,KBR,KD,KEX,KMPR,KNF,KNSL,KNX,KRC,KRG,KSS,LAD,LAMR,LEA,LECO,LEG,LFUS,LII,LITE,LIVN,LNTH,LNW,LOPE,LPX,LSCC,LSTR,M,MAN,MANH,MASI,MAT,MDU,MEDP,MIDD,MKSI,MMS,MODG,MP,MPW,MRCY,MSA,MSM,MTDR,MTG,MTSI,MTZ,MUR,MUSA,MZTI,NARI,NATI,NBIX,NEOG,NEU,NFG,NJR,NLY,NNN,NOV,NOVT,NSA,NSP,NVST,NVT,NWE,NXST,NYT,OC,OGE,OGS,OHI,OLED,OLLI,OLN,OMCL,ONB,OPCH,ORA,ORI,OSK,OVV,OZK,P,PAG,PB,PBF,PCH,PCTY,PDCE,PDCO,PEN,PENN,PFGC,PGNY,PII,PK,PLNT,PNFP,POR,POST,POWI,PPC,PRGO,PRI,PVH,PZZA,QDEL,QLYS,R,RCM,REXR,RGA,RGEN,RGLD,RH,RLI,RNR,RPM,RRC,RRX,RS,RUN,RYN,SAIA,SAIC,SAM,SBRA,SCI,SEIC,SF,SFM,SGI,SHC,SIGI,SKX,SLAB,SLGN,SLM,SMCI,SMG,SNV,SNX,SON,SR,SRC,SRCL,SSB,SSD,STAA,STAG,STWD,SWAV,SWN,SWX,SXT,SYNA,SYNH,TCBI,TDC,TEX,TGNA,THC,THG,THO,TKO,TKR,TMHC,TNL,TOL,TREX,TRIP,TTC,TTEK,TXNM,TXRH,UAA/UA,UBSI,UFPI,UGI,UMBF,UNM,USFD,UTHR,VAC,VAL,VC,VICR,VLY,VMI,VNO,VNT,VOYA,VSH,VVV,VYX,WBS,WCC,WEN,WERN,WEX,WH,WING,WLK,WMS,WOLF,WOR,WSM,WSO,WTFC,WTRG,WTS,WU,WWD,X,XPO,XRX,YETI,ZD"
2023-08-08,"AA,ACHC,ACIW,ACM,ADC,ADNT,AFG,AGCO,AIRC,ALE,ALGM,ALV,AM,AMED,AMG,AMKR,AN,AR,ARMK,ARW,ARWR,ASB,ASGN,ASH,ATR,AVNT,AVT,AXTA,AYI,AZPN,AZTA,BC,BCO,BDC,BERY,BHF,BJ,BKH,BLD,BLDR,BLKB,BRBR,BRKR,BRX,BWXT,BYD,CABO,CACI,CADE,CALX,CAR,CASY,CATY,CBSH,CBT,CC,CCK,CDP,CELH,CFR,CGNX,CHDN,CHE,CHH,CHRD,CHX,CIEN,CLF,CLH,CMC,CNO,CNX,CNXC,COHR,COKE,COLB,COLM,COTY,CPRI,CR,CRI,CROX,CRUS,CSL,CUBE,CUZ,CVLT,CW,CXT,DAR,DBX,DCI,DECK,DINO,DKS,DOC,DOCS,DT,DTM,EEFT,EGP,EHC,ELS,EME,ENOV,ENR,ENS,ENV,EPR,ERIE,ESAB,ESNT,ETRN,EVR,EWBC,EXE,EXEL,EXLS,EXP,EXPO,FAF,FBIN,FCFS,FCN,FFIN,FHI,FHN,FIVE,FL,FLG,FLO,FLR,FLS,FNB,FOXF,FR,FYBR,G,GAP,GATX,GBCI,GEF,GGG,GHC,GME,GMED,GNTX,GO,GPK,GT,GTLS,GTM,GXO,HAE,HALO,HE,HELE,HGV,HIW,HOG,HOMB,HQY,HR,HRB,HTZ,HUBB,HWC,HXL,IART,IBKR,IBOC,ICUI,IDA,INGR,IPGP,IRDM,IRT,ITT,JAZZ,JBL,JBLU,JEF,JHG,JLL,JWN,KBH,KBR,KD,KEX,KMPR,KNF,KNSL,KNX,KRC,KRG,KSS,LAD,LAMR,LEA,LECO,LEG,LFUS,LII,LITE,LIVN,LNTH,LNW,LOPE,LPX,LSCC,LSTR,M,MAN,MANH,MASI,MAT,MDU,MEDP,MIDD,MKSI,MMS,MODG,MP,MPW,MRCY,MSA,MSM,MTDR,MTG,MTSI,MTZ,MUR,MUSA,MZTI,NARI,NATI,NBIX,NEOG,NEU,NFG,NJR,NLY,NNN,NOV,NOVT,NSA,NSP,NVST,NVT,NWE,NXST,NYT,OC,OGE,OGS,OHI,OLED,OLLI,OLN,OMCL,ONB,OPCH,ORA,ORI,OSK,OVV,OZK,P,PAG,PB,PBF,PCH,PCTY,PDCO,PEN,PENN,PFGC,PGNY,PII,PK,PLNT,PNFP,POR,POST,POWI,PPC,PRGO,PRI,PVH,PZZA,QDEL,QLYS,R,RCM,REXR,RGA,RGEN,RGLD,RH,RLI,RNR,RPM,RRC,RRX,RS,RUN,RYN,SAIA,SAIC,SAM,SBRA,SCI,SEIC,SF,SFM,SGI,SHC,SIGI,SKX,SLAB,SLGN,SLM,SMCI,SMG,SNV,SNX,SON,SR,SRC,SRCL,SSB,SSD,STAA,STAG,STWD,SWAV,SWN,SWX,SXT,SYNA,SYNH,TCBI,TDC,TEX,TGNA,THC,THG,THO,TKO,TKR,TMHC,TNL,TOL,TREX,TRIP,TTC,TTEK,TXNM,TXRH,UAA/UA,UBSI,UFPI,UGI,UMBF,UNM,USFD,UTHR,VAC,VAL,VC,VICR,VLY,VMI,VNO,VNT,VOYA,VSH,VVV,VYX,WBS,WCC,WEN,WERN,WEX,WH,WING,WLK,WMS,WOLF,WOR,WSM,WSO,WTFC,WTRG,WTS,WU,WWD,X,XPO,XRX,YETI,ZD"
2023-08-21,"AA,ACHC,ACIW,ACM,ADC,ADNT,AFG,AGCO,AIRC,ALE,ALGM,ALV,AM,AMED,AMG,AMKR,AN,AR,ARMK,ARW,ARWR,ASB,ASGN,ASH,ATR,AVNT,AVT,AXTA,AYI,AZPN,AZTA,BC,BCO,BDC,BERY,BHF,BJ,BKH,BLD,BLDR,BLKB,BRBR,BRKR,BRX,BWXT,BYD,CABO,CACI,CADE,CALX,CAR,CASY,CATY,CBSH,CBT,CC,CCK,CDP,CELH,CFR,CGNX,CHDN,CHE,CHH,CHRD,CHX,CIEN,CLF,CLH,CMC,CNO,CNX,CNXC,COHR,COKE,COLB,COLM,COTY,CPRI,CR,CRI,CROX,CRUS,CSL,CUBE,CUZ,CVLT,CW,CXT,DAR,DBX,DCI,DECK,DINO,DKS,DOC,DOCS,DT,DTM,EEFT,EGP,EHC,ELS,EME,ENOV,ENR,ENS,ENV,EPR,ERIE,ESAB,ESNT,ETRN,EVR,EWBC,EXE,EXEL,EXLS,EXP,EXPO,FAF,FBIN,FCFS,FCN,FFIN,FHI,FHN,FIVE,FL,FLG,FLO,FLR,FLS,FNB,FOXF,FR,FYBR,G,GAP,GATX,GBCI,GEF,GGG,GHC,GME,GMED,GNTX,GO,GPK,GT,GTLS,GTM,GXO,HAE,HALO,HE,HELE,HGV,HIW,HOG,HOMB,HQY,HR,HRB,HTZ,HUBB,HWC,HXL,IART,IBKR,IBOC,ICUI,IDA,INGR,IPGP,IRDM,IRT,ITT,JAZZ,JBL,JBLU,JEF,JHG,JLL,JWN,KBH,KBR,KD,KEX,KMPR,KNF,KNSL,KNX,KRC,KRG,KSS,LAD,LAMR,LEA,LECO,LEG,LFUS,LII,LITE,LIVN,LNTH,LNW,LOPE,LPX,LSCC,LSTR,M,MAN,MANH,MASI,MAT,MDU,MEDP,MIDD,MKSI,MMS,MODG,MP,MPW,MSA,MSM,MTDR,MTG,MTSI,MTZ,MUR,MUSA,MZTI,NARI,NATI,NBIX,NEOG,NEU,NFG,NJR,NLY,NNN,NOV,NOVT,NSA,NSP,NVST,NVT,NWE,NXST,NYT,OC,OGE,OGS,OHI,OLED,OLLI,OLN,OMCL,ONB,OPCH,ORA,ORI,OSK,OVV,OZK,P,PAG,PB,PBF,PCH,PCTY,PDCO,PEN,PENN,PFGC,PGNY,PII,PK,PLNT,PNFP,POR,POST,POWI,PPC,PRGO,PRI,PVH,PZZA,QDEL,QLYS,R,RCM,REXR,RGA,RGEN,RGLD,RH,RLI,RNR,RPM,RRC,RRX,RS,RUN,RYN,SAIA,SAIC,SAM,SBRA,SCI,SEIC,SF,SFM,SGI,SHC,SIGI,SKX,SLAB,SLGN,SLM,SMCI,SMG,SNV,SNX,SON,SR,SRC,SRCL,SSB,SSD,STAA,STAG,STWD,SWAV,SWN,SWX,SXT,SYNA,SYNH,TCBI,TDC,TEX,TGNA,THC,THG,THO,TKO,TKR,TMHC,TNL,TOL,TREX,TRIP,TTC,TTEK,TXNM,TXRH,UAA/UA,UBSI,UFPI,UGI,UMBF,UNM,USFD,UTHR,VAC,VAL,VC,VICR,VLY,VMI,VNO,VNT,VOYA,VSH,VVV,VYX,WBS,WCC,WEN,WERN,WEX,WH,WING,WLK,WMS,WOLF,WOR,WSM,WSO,WTFC,WTRG,WTS,WU,WWD,X,XPO,XRX,YETI,ZD"
2023-08-22,"AA,ACHC,ACIW,ACM,ADC,ADNT,AFG,AGCO,AIRC,ALE,ALGM,ALV,AM,AMED,AMG,AMKR,AN,AR,ARMK,ARW,ARWR,ASB,ASGN,ASH,ATR,AVNT,AVT,AXTA,AYI,AZPN,AZTA,BC,BCO,BDC,BERY,BHF,BJ,BKH,BLD,BLDR,BLKB,BRBR,BRKR,BRX,BWXT,BYD,CABO,CACI,CADE,CALX,CAR,CASY,CATY,CBSH,CBT,CC,CCK,CDP,CELH,CFR,CGNX,CHDN,CHE,CHH,CHRD,CHX,CIEN,CLF,CLH,CMC,CNO,CNX,CNXC,COHR,COKE,COLB,COLM,COTY,CPRI,CR,CRI,CROX,CRUS,CSL,CUBE,CUZ,CVLT,CW,CXT,DAR,DBX,DCI,DECK,DINO,DKS,DLB,DOC,DOCS,DT,DTM,EEFT,EGP,EHC,ELS,EME,ENOV,ENR,ENS,ENV,EPR,ERIE,ESAB,ESNT,ETRN,EVR,EWBC,EXE,EXEL,EXLS,EXP,EXPO,FAF,FBIN,FCFS,FCN,FFIN,FHI,FHN,FIVE,FL,FLG,FLO,FLR,FLS,FNB,FOXF,FR,FYBR,G,GAP,GATX,GBCI,GEF,GGG,GHC,GME,GMED,GNTX,GO,GPK,GT,GTLS,GTM,GXO,HAE,HALO,HE,HELE,HGV,HIW,HOG,HOMB,HQY,HR,HRB,HTZ,HUBB,HWC,HXL,IART,IBKR,IBOC,ICUI,IDA,INGR,IPGP,IRDM,IRT,ITT,JAZZ,JBL,JBLU,JEF,JHG,JLL,JWN,KBH,KBR,KD,KEX,KMPR,KNF,KNSL,KNX,KRC,KRG,KSS,LAD,LAMR,LEA,LECO,LEG,LFUS,LII,LITE,LIVN,LNTH,LNW,LOPE,LPX,LSCC,LSTR,M,MAN,MANH,MASI,MAT,MDU,MEDP,MIDD,MKSI,MMS,MODG,MP,MPW,MSA,MSM,MTDR,MTG,MTSI,MTZ,MUR,MUSA,MZTI,NARI,NATI,NBIX,NEOG,NEU,NFG,NJR,NLY,NNN,NOV,NOVT,NSA,NSP,NVST,NVT,NWE,NXST,NYT,OC,OGE,OGS,OHI,OLED,OLLI,OLN,OMCL,ONB,OPCH,ORA,ORI,OSK,OVV,OZK,P,PAG,PB,PBF,PCH,PCTY,PDCO,PEN,PENN,PFGC,PGNY,PII,PK,PLNT,PNFP,POR,POST,POWI,PPC,PRGO,PRI,PVH,PZZA,QDEL,QLYS,R,RCM,REXR,RGA,RGEN,RGLD,RH,RLI,RNR,RPM,RRC,RRX,RS,RUN,RYN,SAIA,SAIC,SAM,SBRA,SCI,SEIC,SF,SFM,SGI,SHC,SIGI,SKX,SLAB,SLGN,SLM,SMCI,SMG,SNV,SNX,SON,SR,SRC,SRCL,SSB,SSD,STAG,STWD,SWAV,SWN,SWX,SXT,SYNA,SYNH,TCBI,TDC,TEX,TGNA,THC,THG,THO,TKO,TKR,TMHC,TNL,TOL,TREX,TRIP,TTC,TTEK,TXNM,TXRH,UAA/UA,UBSI,UFPI,UGI,UMBF,UNM,USFD,UTHR,VAC,VAL,VC,VICR,VLY,VMI,VNO,VNT,VOYA,VSH,VVV,VYX,WBS,WCC,WEN,WERN,WEX,WH,WING,WLK,WMS,WOLF,WOR,WSM,WSO,WTFC,WTRG,WTS,WU,WWD,X,XPO,XRX,YETI,ZD"
2023-09-18,"AA,ACHC,ACIW,ACM,ADC,ADNT,AFG,AGCO,AIRC,ALE,ALGM,ALLY,ALV,AM,AMED,AMG,AMKR,AN,AR,ARMK,ARW,ARWR,ASB,ASGN,ASH,ATR,AVNT,AVT,AXTA,AYI,AZPN,AZTA,BC,BCO,BDC,BERY,BHF,BJ,BKH,BLD,BLDR,BLKB,BRBR,BRKR,BRX,BWXT,BYD,CABO,CACI,CADE,CALX,CAR,CASY,CBSH,CBT,CC,CCK,CDP,CELH,CFR,CGNX,CHDN,CHE,CHH,CHRD,CHX,CIEN,CLF,CLH,CMC,CNO,CNX,CNXC,COHR,COKE,COLB,COLM,COTY,CPRI,CR,CRI,CROX,CRUS,CSL,CUBE,CUZ,CVLT,CW,CXT,DAR,DBX,DCI,DECK,DINO,DKS,DLB,DOC,DOCS,DT,DTM,EEFT,EGP,EHC,ELS,EME,ENOV,ENS,ENV,EPR,ERIE,ESAB,ESNT,ETRN,EVR,EWBC,EXE,EXEL,EXLS,EXP,EXPO,FAF,FBIN,FCFS,FCN,FFIN,FHI,FHN,FIVE,FLG,FLO,FLR,FLS,FNB,FNF,FOXF,FR,FYBR,G,GAP,GATX,GBCI,GDDY,GEF,GGG,GHC,GLPI,GME,GMED,GNTX,GO,GPK,GT,GTLS,GTM,GXO,HAE,HALO,HELE,HGV,HOG,HOMB,HQY,HR,HRB,HTZ,HUBB,HWC,HXL,IART,IBKR,IBOC,ICUI,IDA,INGR,IPGP,IRDM,IRT,ITT,JAZZ,JBL,JEF,JHG,JLL,JWN,KBH,KBR,KD,KEX,KMPR,KNF,KNSL,KNX,KRC,KRG,KSS,LAD,LAMR,LEA,LECO,LEG,LFUS,LII,LITE,LIVN,LNTH,LNW,LOPE,LPX,LSCC,LSTR,M,MAN,MANH,MASI,MAT,MDU,MEDP,MIDD,MKSI,MMS,MODG,MORN,MP,MPW,MSA,MSM,MTDR,MTG,MTN,MTSI,MTZ,MUR,MUSA,MZTI,NARI,NATI,NBIX,NEOG,NEU,NFG,NJR,NLY,NNN,NOV,NOVT,NSA,NSP,NVST,NVT,NWE,NXST,NYT,OC,OGE,OGS,OHI,OLED,OLLI,OLN,ONB,OPCH,ORA,ORI,OSK,OVV,OZK,P,PAG,PB,PBF,PCH,PCTY,PDCO,PEN,PENN,PFGC,PGNY,PII,PK,PLNT,PNFP,POR,POST,POWI,PPC,PR,PRGO,PRI,PVH,QDEL,QLYS,R,RBC,RCM,REXR,RGA,RGEN,RGLD,RH,RLI,RNR,RPM,RRC,RRX,RS,RUN,RYN,SAIA,SAIC,SAM,SBRA,SCI,SEIC,SF,SFM,SGI,SHC,SIGI,SKX,SLAB,SLGN,SLM,SMCI,SMG,SNV,SNX,SON,SR,SRC,SRCL,SSB,SSD,ST,STAG,STWD,SWAV,SWN,SWX,SYNA,SYNH,TCBI,TDC,TEX,TGNA,THC,THG,THO,TKO,TKR,TMHC,TNL,TOL,TREX,TTC,TTEK,TXNM,TXRH,UAA/UA,UBSI,UFPI,UGI,UMBF,UNM,USFD,UTHR,VAC,VAL,VC,VICR,VLY,VMI,VNO,VNT,VOYA,VSH,VST,VVV,VYX,WBS,WCC,WEN,WERN,WEX,WFRD,WH,WING,WLK,WMS,WOLF,WOR,WSM,WSO,WTFC,WTRG,WTS,WU,WWD,X,XPO,YETI,ZD"
2023-09-29,"AA,ACHC,ACIW,ACM,ADC,ADNT,AFG,AGCO,AIRC,ALE,ALGM,ALLY,ALV,AM,AMED,AMG,AMKR,AN,AR,ARMK,ARW,ARWR,ASB,ASGN,ASH,ATR,AVNT,AVT,AXTA,AYI,AZPN,AZTA,BC,BCO,BDC,BERY,BHF,BJ,BKH,BLD,BLDR,BLKB,BRBR,BRKR,BRX,BWXT,BYD,CABO,CACI,CADE,CALX,CAR,CASY,CBSH,CBT,CC,CCK,CDP,CELH,CFR,CGNX,CHDN,CHE,CHH,CHRD,CHX,CIEN,CIVI,CLF,CLH,CMC,CNO,CNX,CNXC,COHR,COKE,COLB,COLM,COTY,CPRI,CR,CRI,CROX,CRUS,CSL,CUBE,CUZ,CVLT,CW,CXT,DAR,DBX,DCI,DECK,DINO,DKS,DLB,DOC,DOCS,DT,DTM,EEFT,EGP,EHC,ELS,EME,ENOV,ENS,ENV,EPR,ERIE,ESAB,ESNT,ETRN,EVR,EWBC,EXE,EXEL,EXLS,EXP,EXPO,FAF,FBIN,FCFS,FCN,FFIN,FHI,FHN,FIVE,FLG,FLO,FLR,FLS,FNB,FNF,FOXF,FR,FYBR,G,GAP,GATX,GBCI,GDDY,GEF,GGG,GHC,GLPI,GME,GMED,GNTX,GO,GPK,GT,GTLS,GTM,GXO,HAE,HALO,HELE,HGV,HOG,HOMB,HQY,HR,HRB,HTZ,HUBB,HWC,HXL,IART,IBKR,IBOC,ICUI,IDA,INGR,IPGP,IRDM,IRT,ITT,JAZZ,JBL,JEF,JHG,JLL,JWN,KBH,KBR,KD,KEX,KMPR,KNF,KNSL,KNX,KRC,KRG,KSS,LAD,LAMR,LEA,LECO,LEG,LFUS,LII,LITE,LIVN,LNTH,LNW,LOPE,LPX,LSCC,LSTR,M,MAN,MANH,MASI,MAT,MDU,MEDP,MIDD,MKSI,MMS,MODG,MORN,MP,MPW,MSA,MSM,MTDR,MTG,MTN,MTSI,MTZ,MUR,MUSA,MZTI,NARI,NATI,NBIX,NEOG,NEU,NFG,NJR,NLY,NNN,NOV,NOVT,NSA,NSP,NVST,NVT,NWE,NXST,NYT,OC,OGE,OGS,OHI,OLED,OLLI,OLN,ONB,OPCH,ORA,ORI,OSK,OVV,OZK,P,PAG,PB,PBF,PCH,PCTY,PDCO,PEN,PENN,PFGC,PGNY,PII,PK,PLNT,PNFP,POR,POST,POWI,PPC,PR,PRGO,PRI,PVH,QDEL,QLYS,R,RBC,RCM,REXR,RGA,RGEN,RGLD,RH,RLI,RNR,RPM,RRC,RRX,RS,RUN,RYN,SAIA,SAIC,SAM,SBRA,SCI,SEIC,SF,SFM,SGI,SHC,SIGI,SKX,SLAB,SLGN,SLM,SMCI,SMG,SNV,SNX,SON,SR,SRC,SRCL,SSB,SSD,ST,STAG,STWD,SWAV,SWN,SWX,SYNA,TCBI,TDC,TEX,TGNA,THC,THG,THO,TKO,TKR,TMHC,TNL,TOL,TREX,TTC,TTEK,TXNM,TXRH,UAA/UA,UBSI,UFPI,UGI,UMBF,UNM,USFD,UTHR,VAC,VAL,VC,VICR,VLY,VMI,VNO,VNT,VOYA,VSH,VST,VVV,VYX,WBS,WCC,WEN,WERN,WEX,WFRD,WH,WING,WLK,WMS,WOLF,WOR,WSM,WSO,WTFC,WTRG,WTS,WU,WWD,X,XPO,YETI,ZD"
2023-10-02,"AA,ACHC,ACIW,ACM,ADC,ADNT,AFG,AGCO,AIRC,ALE,ALGM,ALLY,ALV,AM,AMED,AMG,AMKR,AN,AR,ARMK,ARW,ARWR,ASB,ASGN,ASH,ATR,AVNT,AVT,AXTA,AYI,AZPN,AZTA,BC,BCO,BDC,BERY,BHF,BJ,BKH,BLD,BLDR,BLKB,BRBR,BRKR,BRX,BWXT,BYD,CABO,CACI,CADE,CALX,CAR,CASY,CBSH,CBT,CC,CCK,CDP,CELH,CFR,CGNX,CHDN,CHE,CHH,CHRD,CHX,CIEN,CIVI,CLF,CLH,CMC,CNO,CNX,CNXC,COHR,COKE,COLB,COLM,COTY,CPRI,CR,CRI,CROX,CRUS,CSL,CUBE,CUZ,CVLT,CW,CXT,DAR,DBX,DCI,DECK,DINO,DKS,DLB,DOC,DOCS,DT,DTM,EEFT,EGP,EHC,ELS,EME,ENOV,ENS,ENV,EPR,ERIE,ESAB,ESNT,ETRN,EVR,EWBC,EXE,EXEL,EXLS,EXP,EXPO,FAF,FBIN,FCFS,FCN,FFIN,FHI,FHN,FIVE,FLG,FLO,FLR,FLS,FNB,FNF,FOXF,FR,FYBR,G,GAP,GATX,GBCI,GDDY,GEF,GGG,GHC,GLPI,GME,GMED,GNTX,GO,GPK,GT,GTLS,GTM,GXO,HAE,HALO,HELE,HGV,HOG,HOMB,HQY,HR,HRB,HTZ,HUBB,HWC,HXL,IART,IBKR,IBOC,ICUI,IDA,INGR,IPGP,IRDM,IRT,ITT,JAZZ,JBL,JEF,JHG,JLL,JWN,KBH,KBR,KD,KEX,KMPR,KNF,KNSL,KNX,KRC,KRG,KSS,LAD,LAMR,LEA,LECO,LEG,LFUS,LII,LITE,LIVN,LNTH,LNW,LOPE,LPX,LSCC,LSTR,M,MAN,MANH,MASI,MAT,MDU,MEDP,MIDD,MKSI,MMS,MODG,MORN,MP,MPW,MSA,MSM,MTDR,MTG,MTN,MTSI,MTZ,MUR,MUSA,MZTI,NARI,NATI,NBIX,NEOG,NEU,NFG,NJR,NLY,NNN,NOV,NOVT,NSA,NSP,NVST,NVT,NWE,NXST,NYT,OC,OGE,OGS,OHI,OLED,OLLI,OLN,ONB,OPCH,ORA,ORI,OSK,OVV,OZK,P,PAG,PB,PBF,PCH,PCTY,PDCO,PEN,PENN,PFGC,PGNY,PII,PK,PLNT,PNFP,POR,POST,POWI,PPC,PR,PRGO,PRI,PVH,QDEL,QLYS,R,RBC,RCM,REXR,RGA,RGEN,RGLD,RH,RLI,RNR,RPM,RRC,RRX,RS,RUN,RYN,SAIA,SAIC,SAM,SBRA,SCI,SEIC,SF,SFM,SGI,SHC,SIGI,SKX,SLAB,SLGN,SLM,SMCI,SMG,SNV,SNX,SON,SR,SRC,SRCL,SSB,SSD,ST,STAG,STWD,SWAV,SWN,SWX,SYNA,TCBI,TDC,TEX,TGNA,THC,THG,THO,TKO,TKR,TMHC,TNL,TOL,TREX,TTC,TTEK,TXNM,TXRH,UAA/UA,UBSI,UFPI,UGI,UMBF,UNM,USFD,UTHR,VAC,VAL,VC,VICR,VLY,VMI,VNO,VNT,VOYA,VSH,VST,VSTS,VVV,VYX,WBS,WCC,WEN,WERN,WEX,WFRD,WH,WING,WLK,WMS,WOLF,WOR,WSM,WSO,WTFC,WTRG,WTS,WU,WWD,X,XPO,YETI,ZD"
2023-10-03,"AA,ACHC,ACIW,ACM,ADC,ADNT,AFG,AGCO,AIRC,ALE,ALGM,ALLY,ALV,AM,AMED,AMG,AMKR,AN,AR,ARMK,ARW,ARWR,ASB,ASGN,ASH,ATR,AVNT,AVT,AXTA,AYI,AZPN,AZTA,BC,BCO,BDC,BERY,BHF,BJ,BKH,BLD,BLDR,BLKB,BRBR,BRKR,BRX,BWXT,BYD,CABO,CACI,CADE,CALX,CAR,CASY,CBSH,CBT,CC,CCK,CDP,CELH,CFR,CGNX,CHDN,CHE,CHH,CHRD,CHX,CIEN,CIVI,CLF,CLH,CMC,CNO,CNX,CNXC,COHR,COKE,COLB,COLM,COTY,CPRI,CR,CRI,CROX,CRUS,CSL,CUBE,CUZ,CVLT,CW,CXT,DAR,DBX,DCI,DECK,DINO,DKS,DLB,DOC,DOCS,DT,DTM,EEFT,EGP,EHC,ELS,EME,ENOV,ENS,ENV,EPR,ERIE,ESAB,ESNT,ETRN,EVR,EWBC,EXE,EXEL,EXLS,EXP,EXPO,FAF,FBIN,FCFS,FCN,FFIN,FHI,FHN,FIVE,FLG,FLO,FLR,FLS,FNB,FNF,FOXF,FR,FYBR,G,GAP,GATX,GBCI,GDDY,GEF,GGG,GHC,GLPI,GME,GMED,GNTX,GO,GPK,GT,GTLS,GTM,GXO,HAE,HALO,HELE,HGV,HOG,HOMB,HQY,HR,HRB,HTZ,HUBB,HWC,HXL,IART,IBKR,IBOC,ICUI,IDA,INGR,IPGP,IRDM,IRT,ITT,JAZZ,JBL,JEF,JHG,JLL,JWN,KBH,KBR,KD,KEX,KMPR,KNF,KNSL,KNX,KRC,KRG,LAD,LAMR,LEA,LECO,LEG,LFUS,LII,LITE,LIVN,LNTH,LNW,LOPE,LPX,LSCC,LSTR,M,MAN,MANH,MASI,MAT,MDU,MEDP,MIDD,MKSI,MMS,MODG,MORN,MP,MPW,MSA,MSM,MTDR,MTG,MTN,MTSI,MTZ,MUR,MUSA,MZTI,NARI,NATI,NBIX,NEOG,NEU,NFG,NJR,NLY,NNN,NOV,NOVT,NSA,NSP,NVST,NVT,NWE,NXST,NYT,OC,OGE,OGS,OHI,OLED,OLLI,OLN,ONB,OPCH,ORA,ORI,OSK,OVV,OZK,P,PAG,PB,PBF,PCH,PCTY,PDCO,PEN,PENN,PFGC,PGNY,PII,PK,PLNT,PNFP,POR,POST,POWI,PPC,PR,PRGO,PRI,PVH,QDEL,QLYS,R,RBC,RCM,REXR,RGA,RGEN,RGLD,RH,RLI,RNR,RPM,RRC,RRX,RS,RUN,RYN,SAIA,SAIC,SAM,SBRA,SCI,SEIC,SF,SFM,SGI,SHC,SIGI,SKX,SLAB,SLGN,SLM,SMCI,SMG,SNV,SNX,SON,SR,SRC,SRCL,SSB,SSD,ST,STAG,STWD,SWAV,SWN,SWX,SYNA,TCBI,TDC,TEX,TGNA,THC,THG,THO,TKO,TKR,TMHC,TNL,TOL,TREX,TTC,TTEK,TXNM,TXRH,UAA/UA,UBSI,UFPI,UGI,UMBF,UNM,USFD,UTHR,VAC,VAL,VC,VICR,VLY,VMI,VNO,VNT,VOYA,VSH,VST,VSTS,VVV,VYX,WBS,WCC,WEN,WERN,WEX,WFRD,WH,WING,WLK,WMS,WOLF,WOR,WSM,WSO,WTFC,WTRG,WTS,WU,WWD,X,XPO,YETI,ZD"
2023-10-12,"AA,ACHC,ACIW,ACM,ADC,ADNT,AFG,AGCO,AIRC,ALE,ALGM,ALLY,ALV,AM,AMED,AMG,AMKR,AN,AR,ARMK,ARW,ARWR,ASB,ASGN,ASH,ATR,AVNT,AVT,AXTA,AYI,AZPN,AZTA,BC,BCO,BDC,BERY,BHF,BJ,BKH,BLD,BLDR,BLKB,BRBR,BRKR,BRX,BWXT,BYD,CABO,CACI,CADE,CALX,CAR,CASY,CBSH,CBT,CC,CCK,CDP,CELH,CFR,CGNX,CHDN,CHE,CHH,CHRD,CHX,CIEN,CIVI,CLF,CLH,CMC,CNO,CNX,CNXC,COHR,COKE,COLB,COLM,COTY,CPRI,CR,CRI,CROX,CRUS,CSL,CUBE,CUZ,CVLT,CW,CXT,DAR,DBX,DCI,DECK,DINO,DKS,DLB,DOC,DOCS,DT,DTM,EEFT,EGP,EHC,ELS,EME,ENOV,ENS,ENV,EPR,ERIE,ESAB,ESNT,ETRN,EVR,EWBC,EXE,EXEL,EXLS,EXP,EXPO,FAF,FBIN,FCFS,FCN,FFIN,FHI,FHN,FIVE,FLG,FLO,FLR,FLS,FNB,FNF,FOXF,FR,FYBR,G,GAP,GATX,GBCI,GDDY,GEF,GGG,GHC,GLPI,GME,GMED,GNTX,GO,GPK,GT,GTLS,GTM,GXO,H,HAE,HALO,HELE,HGV,HOG,HOMB,HQY,HR,HRB,HTZ,HUBB,HWC,HXL,IART,IBKR,IBOC,ICUI,IDA,INGR,IPGP,IRDM,IRT,ITT,JAZZ,JBL,JEF,JHG,JLL,JWN,KBH,KBR,KD,KEX,KMPR,KNF,KNSL,KNX,KRC,KRG,LAD,LAMR,LEA,LECO,LEG,LFUS,LII,LITE,LIVN,LNTH,LNW,LOPE,LPX,LSCC,LSTR,M,MAN,MANH,MASI,MAT,MDU,MEDP,MIDD,MKSI,MMS,MODG,MORN,MP,MPW,MSA,MSM,MTDR,MTG,MTN,MTSI,MTZ,MUR,MUSA,MZTI,NARI,NBIX,NEOG,NEU,NFG,NJR,NLY,NNN,NOV,NOVT,NSA,NSP,NVST,NVT,NWE,NXST,NYT,OC,OGE,OGS,OHI,OLED,OLLI,OLN,ONB,OPCH,ORA,ORI,OSK,OVV,OZK,P,PAG,PB,PBF,PCH,PCTY,PDCO,PEN,PENN,PFGC,PGNY,PII,PK,PLNT,PNFP,POR,POST,POWI,PPC,PR,PRGO,PRI,PVH,QDEL,QLYS,R,RBC,RCM,REXR,RGA,RGEN,RGLD,RH,RLI,RNR,RPM,RRC,RRX,RS,RUN,RYN,SAIA,SAIC,SAM,SBRA,SCI,SEIC,SF,SFM,SGI,SHC,SIGI,SKX,SLAB,SLGN,SLM,SMCI,SMG,SNV,SNX,SON,SR,SRC,SRCL,SSB,SSD,ST,STAG,STWD,SWAV,SWN,SWX,SYNA,TCBI,TDC,TEX,TGNA,THC,THG,THO,TKO,TKR,TMHC,TNL,TOL,TREX,TTC,TTEK,TXNM,TXRH,UAA/UA,UBSI,UFPI,UGI,UMBF,UNM,USFD,UTHR,VAC,VAL,VC,VICR,VLY,VMI,VNO,VNT,VOYA,VSH,VST,VSTS,VVV,VYX,WBS,WCC,WEN,WERN,WEX,WFRD,WH,WING,WLK,WMS,WOLF,WOR,WSM,WSO,WTFC,WTRG,WTS,WU,WWD,X,XPO,YETI,ZD"
2023-10-18,"AA,ACHC,ACIW,ACM,ADC,ADNT,AFG,AGCO,AIRC,ALE,ALGM,ALLY,ALV,AM,AMED,AMG,AMKR,AN,AR,ARMK,ARW,ARWR,ASB,ASGN,ASH,ATR,AVNT,AVT,AXTA,AYI,AZPN,AZTA,BC,BCO,BDC,BERY,BHF,BJ,BKH,BLD,BLDR,BLKB,BRBR,BRKR,BRX,BWXT,BYD,CABO,CACI,CADE,CALX,CAR,CASY,CBSH,CBT,CC,CCK,CDP,CELH,CFR,CGNX,CHDN,CHE,CHH,CHRD,CHX,CIEN,CIVI,CLF,CLH,CMC,CNO,CNX,CNXC,COHR,COKE,COLB,COLM,COTY,CPRI,CR,CRI,CROX,CRUS,CSL,CUBE,CUZ,CVLT,CW,CXT,DAR,DBX,DCI,DECK,DINO,DKS,DLB,DOC,DOCS,DT,DTM,EEFT,EGP,EHC,ELS,EME,ENOV,ENS,ENV,EPR,ERIE,ESAB,ESNT,ETRN,EVR,EWBC,EXE,EXEL,EXLS,EXP,EXPO,FAF,FBIN,FCFS,FCN,FFIN,FHI,FHN,FIVE,FLG,FLO,FLR,FLS,FNB,FNF,FOXF,FR,FYBR,G,GAP,GATX,GBCI,GDDY,GEF,GGG,GHC,GLPI,GME,GMED,GNTX,GO,GPK,GT,GTLS,GTM,GXO,H,HAE,HALO,HELE,HGV,HOG,HOMB,HQY,HR,HRB,HTZ,HWC,HXL,IART,IBKR,IBOC,ICUI,IDA,INGR,IPGP,IRDM,IRT,ITT,JAZZ,JBL,JEF,JHG,JLL,JWN,KBH,KBR,KD,KEX,KMPR,KNF,KNSL,KNX,KRC,KRG,LAD,LAMR,LEA,LECO,LEG,LFUS,LII,LITE,LIVN,LNTH,LNW,LOPE,LPX,LSCC,LSTR,M,MAN,MANH,MASI,MAT,MDU,MEDP,MIDD,MKSI,MMS,MODG,MORN,MP,MPW,MSA,MSM,MTDR,MTG,MTN,MTSI,MTZ,MUR,MUSA,MZTI,NARI,NBIX,NEOG,NEU,NFG,NJR,NLY,NNN,NOV,NOVT,NSA,NSP,NVST,NVT,NWE,NXST,NYT,OC,OGE,OGS,OHI,OLED,OLLI,OLN,ONB,ONTO,OPCH,ORA,ORI,OSK,OVV,OZK,P,PAG,PB,PBF,PCH,PCTY,PDCO,PEN,PENN,PFGC,PGNY,PII,PK,PLNT,PNFP,POR,POST,POWI,PPC,PR,PRGO,PRI,PVH,QDEL,QLYS,R,RBC,RCM,REXR,RGA,RGEN,RGLD,RH,RLI,RNR,RPM,RRC,RRX,RS,RUN,RYN,SAIA,SAIC,SAM,SBRA,SCI,SEIC,SF,SFM,SGI,SHC,SIGI,SKX,SLAB,SLGN,SLM,SMCI,SMG,SNV,SNX,SON,SR,SRC,SRCL,SSB,SSD,ST,STAG,STWD,SWAV,SWN,SWX,SYNA,TCBI,TDC,TEX,TGNA,THC,THG,THO,TKO,TKR,TMHC,TNL,TOL,TREX,TTC,TTEK,TXNM,TXRH,UAA/UA,UBSI,UFPI,UGI,UMBF,UNM,USFD,UTHR,VAC,VAL,VC,VICR,VLY,VMI,VNO,VNT,VOYA,VSH,VST,VSTS,VVV,VYX,WBS,WCC,WEN,WERN,WEX,WFRD,WH,WING,WLK,WMS,WOLF,WOR,WSM,WSO,WTFC,WTRG,WTS,WU,WWD,X,XPO,YETI,ZD"
2023-10-20,"AA,ACHC,ACIW,ACM,ADC,ADNT,AFG,AGCO,AIRC,ALE,ALGM,ALLY,ALV,AM,AMED,AMG,AMKR,AN,AR,ARMK,ARW,ARWR,ASB,ASGN,ASH,ATR,AVNT,AVT,AXTA,AYI,AZPN,AZTA,BC,BCO,BDC,BERY,BHF,BJ,BKH,BLD,BLDR,BLKB,BRBR,BRKR,BRX,BWXT,BYD,CABO,CACI,CADE,CALX,CAR,CASY,CBSH,CBT,CC,CCK,CDP,CELH,CFR,CGNX,CHDN,CHE,CHH,CHRD,CHX,CIEN,CIVI,CLF,CLH,CMC,CNO,CNX,CNXC,COHR,COKE,COLB,COLM,COTY,CPRI,CR,CRI,CROX,CRUS,CSL,CUBE,CUZ,CVLT,CW,CXT,DAR,DBX,DCI,DECK,DINO,DKS,DLB,DOC,DOCS,DT,DTM,EEFT,EGP,EHC,ELS,EME,ENOV,ENS,ENV,EPR,ERIE,ESAB,ESNT,ETRN,EVR,EWBC,EXE,EXEL,EXLS,EXP,EXPO,FAF,FBIN,FCFS,FCN,FFIN,FHI,FHN,FIVE,FLG,FLO,FLR,FLS,FNB,FND,FNF,FOXF,FR,FYBR,G,GAP,GATX,GBCI,GDDY,GEF,GGG,GHC,GLPI,GME,GMED,GNTX,GO,GPK,GT,GTLS,GTM,GXO,H,HAE,HALO,HELE,HGV,HOG,HOMB,HQY,HR,HRB,HTZ,HWC,HXL,IART,IBKR,IBOC,ICUI,IDA,INGR,IPGP,IRDM,IRT,ITT,JAZZ,JBL,JEF,JHG,JLL,JWN,KBH,KBR,KD,KEX,KMPR,KNF,KNSL,KNX,KRC,KRG,LAD,LAMR,LEA,LECO,LEG,LFUS,LII,LITE,LIVN,LNTH,LNW,LOPE,LPX,LSCC,LSTR,M,MAN,MANH,MASI,MAT,MDU,MEDP,MIDD,MKSI,MMS,MODG,MORN,MP,MPW,MSA,MSM,MTDR,MTG,MTN,MTSI,MTZ,MUR,MUSA,MZTI,NARI,NBIX,NEOG,NEU,NFG,NJR,NLY,NNN,NOV,NOVT,NSA,NSP,NVST,NVT,NWE,NXST,NYT,OC,OGE,OGS,OHI,OLED,OLLI,OLN,ONB,ONTO,OPCH,ORA,ORI,OSK,OVV,OZK,P,PAG,PB,PBF,PCH,PCTY,PDCO,PEN,PENN,PFGC,PGNY,PII,PK,PLNT,PNFP,POR,POST,POWI,PPC,PR,PRGO,PRI,PVH,QDEL,QLYS,R,RBC,RCM,REXR,RGA,RGEN,RGLD,RH,RLI,RNR,RPM,RRC,RRX,RS,RUN,RYN,SAIA,SAIC,SAM,SBRA,SCI,SEIC,SF,SFM,SGI,SHC,SIGI,SKX,SLAB,SLGN,SLM,SMCI,SMG,SNV,SNX,SON,SR,SRC,SRCL,SSB,SSD,ST,STAG,STWD,SWAV,SWN,SWX,SYNA,TCBI,TDC,TEX,TGNA,THC,THG,THO,TKO,TKR,TMHC,TNL,TOL,TREX,TTC,TTEK,TXNM,TXRH,UAA/UA,UBSI,UFPI,UGI,UMBF,UNM,USFD,UTHR,VAC,VAL,VC,VLY,VMI,VNO,VNT,VOYA,VSH,VST,VSTS,VVV,VYX,WBS,WCC,WEN,WERN,WEX,WFRD,WH,WING,WLK,WMS,WOLF,WOR,WSM,WSO,WTFC,WTRG,WTS,WU,WWD,X,XPO,YETI,ZD"
2023-11-07,"AA,ACHC,ACIW,ACM,ADC,ADNT,AFG,AGCO,AIRC,ALE,ALGM,ALLY,ALV,AM,AMED,AMG,AMKR,AN,AR,ARMK,ARW,ARWR,ASB,ASGN,ASH,ATR,AVNT,AVT,AXTA,AYI,AZPN,AZTA,BC,BCO,BDC,BERY,BHF,BJ,BKH,BLD,BLDR,BLKB,BRBR,BRKR,BRX,BURL,BWXT,BYD,CABO,CACI,CADE,CALX,CAR,CASY,CBSH,CBT,CC,CCK,CDP,CELH,CFR,CGNX,CHDN,CHE,CHH,CHRD,CHX,CIEN,CIVI,CLF,CLH,CMC,CNO,CNX,CNXC,COHR,COKE,COLB,COLM,COTY,CPRI,CR,CRI,CROX,CRUS,CSL,CUBE,CUZ,CVLT,CW,CXT,DAR,DBX,DCI,DECK,DINO,DKS,DLB,DOC,DOCS,DT,DTM,EEFT,EGP,EHC,ELS,EME,ENOV,ENS,EPR,ERIE,ESAB,ESNT,ETRN,EVR,EWBC,EXE,EXEL,EXLS,EXP,EXPO,FAF,FBIN,FCFS,FCN,FFIN,FHI,FHN,FIVE,FLG,FLO,FLR,FLS,FNB,FND,FNF,FOXF,FR,FYBR,G,GAP,GATX,GBCI,GDDY,GEF,GGG,GHC,GLPI,GME,GMED,GNTX,GO,GPK,GT,GTLS,GTM,GXO,H,HAE,HALO,HELE,HGV,HOG,HOMB,HQY,HR,HRB,HTZ,HWC,HXL,IART,IBKR,IBOC,ICUI,IDA,INGR,IPGP,IRDM,IRT,ITT,JAZZ,JBL,JEF,JHG,JLL,JWN,KBH,KBR,KD,KEX,KMPR,KNF,KNSL,KNX,KRC,KRG,LAD,LAMR,LEA,LECO,LEG,LFUS,LII,LITE,LIVN,LNTH,LNW,LOPE,LPX,LSCC,LSTR,M,MAN,MANH,MASI,MAT,MDU,MEDP,MIDD,MKSI,MMS,MODG,MORN,MP,MPW,MSA,MSM,MTDR,MTG,MTN,MTSI,MTZ,MUR,MUSA,MZTI,NARI,NBIX,NEOG,NEU,NFG,NJR,NLY,NNN,NOV,NOVT,NSA,NSP,NVST,NVT,NWE,NXST,NYT,OC,OGE,OGS,OHI,OLED,OLLI,OLN,ONB,ONTO,OPCH,ORA,ORI,OSK,OVV,OZK,P,PAG,PB,PBF,PCH,PCTY,PDCO,PEN,PENN,PFGC,PGNY,PII,PK,PLNT,PNFP,POR,POST,POWI,PPC,PR,PRGO,PRI,PVH,QDEL,QLYS,R,RBC,RCM,REXR,RGA,RGEN,RGLD,RH,RLI,RNR,RPM,RRC,RRX,RS,RUN,RYN,SAIA,SAIC,SAM,SBRA,SCI,SEIC,SF,SFM,SGI,SHC,SIGI,SKX,SLAB,SLGN,SLM,SMCI,SMG,SNV,SNX,SON,SR,SRC,SRCL,SSB,SSD,ST,STAG,STWD,SWAV,SWN,SWX,SYNA,TCBI,TDC,TEX,TGNA,THC,THG,THO,TKO,TKR,TMHC,TNL,TOL,TREX,TTC,TTEK,TXNM,TXRH,UAA/UA,UBSI,UFPI,UGI,UMBF,UNM,USFD,UTHR,VAC,VAL,VC,VLY,VMI,VNO,VNT,VOYA,VSH,VST,VSTS,VVV,VYX,WBS,WCC,WEN,WERN,WEX,WFRD,WH,WING,WLK,WMS,WOLF,WOR,WSM,WSO,WTFC,WTRG,WTS,WU,WWD,X,XPO,YETI,ZD"
2023-11-13,"AA,ACHC,ACM,ADC,ADNT,AFG,AGCO,AIRC,ALE,ALGM,ALLY,ALV,AM,AMED,AMG,AMKR,AN,AR,ARMK,ARW,ARWR,ASB,ASGN,ASH,ATR,AVNT,AVT,AXTA,AYI,AZPN,AZTA,BC,BCO,BDC,BERY,BHF,BJ,BKH,BLD,BLDR,BLKB,BRBR,BRKR,BRX,BURL,BWXT,BYD,CABO,CACI,CADE,CALX,CAR,CASY,CBSH,CBT,CC,CCK,CDP,CELH,CFR,CGNX,CHDN,CHE,CHH,CHRD,CHX,CIEN,CIVI,CLF,CLH,CMC,CNM,CNO,CNX,CNXC,COHR,COKE,COLB,COLM,COTY,CPRI,CR,CRI,CROX,CRUS,CSL,CUBE,CUZ,CVLT,CW,CXT,DAR,DBX,DCI,DECK,DINO,DKS,DLB,DOC,DOCS,DT,DTM,EEFT,EGP,EHC,ELS,EME,ENOV,ENS,EPR,ERIE,ESAB,ESNT,ETRN,EVR,EWBC,EXE,EXEL,EXLS,EXP,EXPO,FAF,FBIN,FCFS,FCN,FFIN,FHI,FHN,FIVE,FLG,FLO,FLR,FLS,FNB,FND,FNF,FOXF,FR,FYBR,G,GAP,GATX,GBCI,GDDY,GEF,GGG,GHC,GLPI,GME,GMED,GNTX,GO,GPK,GT,GTLS,GTM,GXO,H,HAE,HALO,HELE,HGV,HOG,HOMB,HQY,HR,HRB,HTZ,HWC,HXL,IART,IBKR,IBOC,ICUI,IDA,INGR,IPGP,IRDM,IRT,ITT,JAZZ,JBL,JEF,JHG,JLL,JWN,KBH,KBR,KD,KEX,KMPR,KNF,KNSL,KNX,KRC,KRG,LAD,LAMR,LEA,LECO,LEG,LFUS,LII,LITE,LIVN,LNTH,LNW,LOPE,LPX,LSCC,LSTR,M,MAN,MANH,MASI,MAT,MDU,MEDP,MIDD,MKSI,MMS,MODG,MORN,MP,MPW,MSA,MSM,MTDR,MTG,MTN,MTSI,MTZ,MUR,MUSA,MZTI,NARI,NBIX,NEOG,NEU,NFG,NJR,NLY,NNN,NOV,NOVT,NSA,NSP,NVST,NVT,NWE,NXST,NYT,OC,OGE,OGS,OHI,OLED,OLLI,OLN,ONB,ONTO,OPCH,ORA,ORI,OSK,OVV,OZK,P,PAG,PB,PBF,PCH,PCTY,PDCO,PEN,PENN,PFGC,PGNY,PII,PK,PLNT,PNFP,POR,POST,POWI,PPC,PR,PRGO,PRI,PVH,QDEL,QLYS,R,RBC,RCM,REXR,RGA,RGEN,RGLD,RH,RLI,RNR,RPM,RRC,RRX,RS,RUN,RYN,SAIA,SAIC,SAM,SBRA,SCI,SEIC,SF,SFM,SGI,SHC,SIGI,SKX,SLAB,SLGN,SLM,SMCI,SMG,SNV,SNX,SON,SR,SRC,SRCL,SSB,SSD,ST,STAG,STWD,SWAV,SWN,SWX,SYNA,TCBI,TDC,TEX,TGNA,THC,THG,THO,TKO,TKR,TMHC,TNL,TOL,TREX,TTC,TTEK,TXNM,TXRH,UAA/UA,UBSI,UFPI,UGI,UMBF,UNM,USFD,UTHR,VAC,VAL,VC,VLY,VMI,VNO,VNT,VOYA,VSH,VST,VSTS,VVV,VYX,WBS,WCC,WEN,WERN,WEX,WFRD,WH,WING,WLK,WMS,WOLF,WOR,WSM,WSO,WTFC,WTRG,WTS,WU,WWD,X,XPO,YETI,ZD"
2023-11-30,"AA,ACHC,ACM,ADC,ADNT,AFG,AGCO,AIRC,ALE,ALGM,ALLY,ALV,AM,AMED,AMG,AMKR,AN,AR,ARMK,ARW,ARWR,ASB,ASGN,ASH,ATR,AVNT,AVT,AXTA,AYI,AZPN,AZTA,BC,BCO,BDC,BERY,BHF,BJ,BKH,BLD,BLDR,BLKB,BRBR,BRKR,BRX,BURL,BWXT,BYD,CABO,CACI,CADE,CALX,CAR,CASY,CBSH,CBT,CC,CCK,CDP,CELH,CFR,CG,CGNX,CHDN,CHE,CHH,CHRD,CHX,CIEN,CIVI,CLF,CLH,CMC,CNM,CNO,CNX,CNXC,COHR,COKE,COLB,COLM,COTY,CPRI,CR,CRI,CROX,CRUS,CSL,CUBE,CUZ,CVLT,CW,CXT,DAR,DBX,DCI,DECK,DINO,DKS,DLB,DOC,DOCS,DT,DTM,EEFT,EGP,EHC,ELS,EME,ENOV,ENS,EPR,ERIE,ESAB,ESNT,ETRN,EVR,EWBC,EXE,EXEL,EXLS,EXP,EXPO,FAF,FBIN,FCFS,FCN,FFIN,FHI,FHN,FIVE,FLG,FLO,FLR,FLS,FNB,FND,FNF,FOXF,FR,FYBR,G,GAP,GATX,GBCI,GDDY,GEF,GGG,GHC,GLPI,GME,GMED,GNTX,GO,GPK,GT,GTLS,GTM,GXO,H,HAE,HALO,HELE,HGV,HOG,HOMB,HQY,HR,HRB,HTZ,HWC,HXL,IART,IBKR,IBOC,IDA,INGR,IPGP,IRDM,IRT,ITT,JAZZ,JBL,JEF,JHG,JLL,JWN,KBH,KBR,KD,KEX,KMPR,KNF,KNSL,KNX,KRC,KRG,LAD,LAMR,LEA,LECO,LEG,LFUS,LII,LITE,LIVN,LNTH,LNW,LOPE,LPX,LSCC,LSTR,M,MAN,MANH,MASI,MAT,MDU,MEDP,MIDD,MKSI,MMS,MODG,MORN,MP,MPW,MSA,MSM,MTDR,MTG,MTN,MTSI,MTZ,MUR,MUSA,MZTI,NARI,NBIX,NEOG,NEU,NFG,NJR,NLY,NNN,NOV,NOVT,NSA,NSP,NVST,NVT,NWE,NXST,NYT,OC,OGE,OGS,OHI,OLED,OLLI,OLN,ONB,ONTO,OPCH,ORA,ORI,OSK,OVV,OZK,P,PAG,PB,PBF,PCH,PCTY,PDCO,PEN,PENN,PFGC,PGNY,PII,PK,PLNT,PNFP,POR,POST,POWI,PPC,PR,PRGO,PRI,PVH,QDEL,QLYS,R,RBC,RCM,REXR,RGA,RGEN,RGLD,RH,RLI,RNR,RPM,RRC,RRX,RS,RUN,RYN,SAIA,SAIC,SAM,SBRA,SCI,SEIC,SF,SFM,SGI,SHC,SIGI,SKX,SLAB,SLGN,SLM,SMCI,SMG,SNV,SNX,SON,SR,SRC,SRCL,SSB,SSD,ST,STAG,STWD,SWAV,SWN,SWX,SYNA,TCBI,TDC,TEX,TGNA,THC,THG,THO,TKO,TKR,TMHC,TNL,TOL,TREX,TTC,TTEK,TXNM,TXRH,UAA/UA,UBSI,UFPI,UGI,UMBF,UNM,USFD,UTHR,VAC,VAL,VC,VLY,VMI,VNO,VNT,VOYA,VSH,VST,VSTS,VVV,VYX,WBS,WCC,WEN,WERN,WEX,WFRD,WH,WING,WLK,WMS,WOLF,WPC,WSM,WSO,WTFC,WTRG,WTS,WU,WWD,X,XPO,YETI,ZD"
2023-12-18,"AA,ACHC,ACM,ADC,ADNT,AFG,AGCO,AIRC,ALE,ALGM,ALLY,ALV,AM,AMED,AMG,AMKR,AN,AR,ARMK,ARW,ARWR,ASB,ASGN,ASH,ATR,AVNT,AVT,AXTA,AYI,AZPN,AZTA,BC,BCO,BDC,BERY,BHF,BJ,BKH,BLD,BLKB,BRBR,BRKR,BRX,BURL,BWXT,BYD,CABO,CACI,CADE,CALX,CAR,CASY,CBSH,CBT,CC,CCK,CDP,CELH,CFR,CG,CGNX,CHDN,CHE,CHH,CHRD,CHX,CIEN,CIVI,CLF,CLH,CMC,CNM,CNO,CNX,CNXC,COHR,COKE,COLB,COLM,COTY,CPRI,CR,CRI,CROX,CRUS,CSL,CUBE,CUZ,CVLT,CW,CXT,DAR,DBX,DCI,DECK,DINO,DKS,DLB,DOC,DOCS,DT,DTM,EEFT,EGP,EHC,ELS,EME,ENOV,ENS,EPR,EQH,ERIE,ESAB,ESNT,ETRN,EVR,EWBC,EXE,EXEL,EXLS,EXP,EXPO,FAF,FBIN,FCFS,FCN,FFIN,FHI,FHN,FIVE,FIX,FLG,FLO,FLR,FLS,FNB,FND,FNF,FOXF,FR,FYBR,G,GAP,GATX,GBCI,GDDY,GEF,GGG,GHC,GLPI,GME,GMED,GNTX,GO,GPK,GT,GTLS,GTM,GXO,H,HAE,HALO,HELE,HGV,HLI,HOG,HOMB,HQY,HR,HRB,HTZ,HWC,HXL,IART,IBKR,IBOC,IDA,INGR,IPGP,IRDM,IRT,ITT,JAZZ,JEF,JHG,JLL,JWN,KBH,KBR,KD,KEX,KMPR,KNF,KNSL,KNX,KRC,KRG,LAD,LAMR,LEA,LECO,LEG,LFUS,LII,LITE,LIVN,LNTH,LNW,LOPE,LPX,LSCC,LSTR,M,MAN,MANH,MASI,MAT,MDU,MEDP,MIDD,MKSI,MMS,MORN,MP,MPW,MSA,MSM,MTDR,MTG,MTN,MTSI,MTZ,MUR,MUSA,MZTI,NARI,NBIX,NEOG,NEU,NFG,NJR,NLY,NNN,NOV,NOVT,NSA,NSP,NVST,NVT,NWE,NXST,NYT,OC,OGE,OGS,OHI,OLED,OLLI,OLN,ONB,ONTO,OPCH,ORA,ORI,OSK,OVV,OZK,P,PAG,PB,PBF,PCH,PCTY,PDCO,PEN,PENN,PFGC,PGNY,PII,PK,PLNT,PNFP,POR,POST,POWI,PPC,PR,PRGO,PRI,PVH,QDEL,QLYS,R,RBC,RCM,REXR,RGA,RGEN,RGLD,RH,RLI,RMBS,RNR,RPM,RRC,RRX,RS,RUN,RYN,SAIA,SAIC,SAM,SBRA,SCI,SEIC,SF,SFM,SGI,SHC,SIGI,SKX,SLAB,SLGN,SLM,SMCI,SMG,SNV,SNX,SON,SR,SRC,SRCL,SSB,SSD,ST,STAG,STWD,SWAV,SWN,SWX,SYNA,TCBI,TDC,TEX,TGNA,THC,THG,THO,TKO,TKR,TMHC,TNL,TOL,TREX,TTC,TTEK,TXNM,TXRH,UAA/UA,UBSI,UFPI,UGI,UMBF,UNM,USFD,UTHR,VAC,VAL,VC,VLY,VMI,VNO,VNT,VOYA,VSH,VST,VVV,VYX,WBS,WCC,WEN,WERN,WEX,WFRD,WH,WING,WLK,WMS,WOLF,WPC,WSM,WSO,WTFC,WTRG,WTS,WU,WWD,X,XPO,YETI,ZD"
2024-01-02,"AA,ACHC,ACM,ADC,ADNT,AFG,AGCO,AIRC,ALE,ALGM,ALLY,ALTM,ALV,AM,AMED,AMG,AMKR,AN,AR,ARMK,ARW,ARWR,ASB,ASGN,ASH,ATR,AVNT,AVT,AXTA,AYI,AZPN,AZTA,BC,BCO,BDC,BERY,BHF,BJ,BKH,BLD,BLKB,BRBR,BRKR,BRX,BURL,BWXT,BYD,CABO,CACI,CADE,CALX,CAR,CASY,CBSH,CBT,CC,CCK,CDP,CELH,CFR,CG,CGNX,CHDN,CHE,CHH,CHRD,CHX,CIEN,CIVI,CLF,CLH,CMC,CNM,CNO,CNX,CNXC,COHR,COKE,COLB,COLM,COTY,CPRI,CR,CRI,CROX,CRUS,CSL,CUBE,CUZ,CVLT,CW,CXT,DAR,DBX,DCI,DECK,DINO,DKS,DLB,DOC,DOCS,DT,DTM,EEFT,EGP,EHC,ELS,EME,ENOV,ENS,EPR,EQH,ERIE,ESAB,ESNT,ETRN,EVR,EWBC,EXE,EXEL,EXLS,EXP,EXPO,FAF,FBIN,FCFS,FCN,FFIN,FHI,FHN,FIVE,FIX,FLG,FLO,FLR,FLS,FNB,FND,FNF,FOXF,FR,FYBR,G,GAP,GATX,GBCI,GDDY,GEF,GGG,GHC,GLPI,GME,GMED,GNTX,GO,GPK,GT,GTLS,GTM,GXO,H,HAE,HALO,HELE,HGV,HLI,HOG,HOMB,HQY,HR,HRB,HTZ,HWC,HXL,IART,IBKR,IBOC,IDA,INGR,IPGP,IRDM,IRT,ITT,JAZZ,JEF,JHG,JLL,JWN,KBH,KBR,KD,KEX,KMPR,KNF,KNSL,KNX,KRC,KRG,LAD,LAMR,LEA,LECO,LEG,LFUS,LII,LITE,LIVN,LNTH,LNW,LOPE,LPX,LSCC,LSTR,M,MAN,MANH,MASI,MAT,MDU,MEDP,MIDD,MKSI,MMS,MORN,MP,MPW,MSA,MSM,MTDR,MTG,MTN,MTSI,MTZ,MUR,MUSA,MZTI,NARI,NBIX,NEOG,NEU,NFG,NJR,NLY,NNN,NOV,NOVT,NSA,NSP,NVST,NVT,NWE,NXST,NYT,OC,OGE,OGS,OHI,OLED,OLLI,OLN,ONB,ONTO,OPCH,ORA,ORI,OSK,OVV,OZK,P,PAG,PB,PBF,PCH,PCTY,PDCO,PEN,PENN,PFGC,PGNY,PII,PK,PLNT,PNFP,POR,POST,POWI,PPC,PR,PRGO,PRI,PVH,QDEL,QLYS,R,RBC,RCM,REXR,RGA,RGEN,RGLD,RH,RLI,RMBS,RNR,RPM,RRC,RRX,RS,RUN,RYN,SAIA,SAIC,SAM,SBRA,SCI,SEIC,SF,SFM,SGI,SHC,SIGI,SKX,SLAB,SLGN,SLM,SMCI,SMG,SNV,SNX,SON,SR,SRC,SRCL,SSB,SSD,ST,STAG,STWD,SWAV,SWN,SWX,SYNA,TCBI,TDC,TEX,TGNA,THC,THG,THO,TKO,TKR,TMHC,TNL,TOL,TREX,TTC,TTEK,TXNM,TXRH,UAA/UA,UBSI,UFPI,UGI,UMBF,UNM,USFD,UTHR,VAC,VAL,VC,VLY,VMI,VNO,VNT,VOYA,VSH,VST,VVV,WBS,WCC,WEN,WERN,WEX,WFRD,WH,WING,WLK,WMS,WOLF,WPC,WSM,WSO,WTFC,WTRG,WTS,WU,WWD,X,XPO,YETI,ZD"
2024-01-05,"AA,ACHC,ACM,ADC,ADNT,AFG,AGCO,AIRC,ALE,ALGM,ALLY,ALTM,ALV,AM,AMED,AMG,AMKR,AN,AR,ARMK,ARW,ARWR,ASB,ASGN,ASH,ATR,AVNT,AVT,AXTA,AYI,AZPN,AZTA,BC,BCO,BDC,BERY,BHF,BJ,BKH,BLD,BLKB,BRBR,BRKR,BRX,BURL,BWXT,BYD,CABO,CACI,CADE,CALX,CAR,CASY,CBSH,CBT,CC,CCK,CDP,CELH,CFR,CG,CGNX,CHDN,CHE,CHH,CHRD,CHX,CIEN,CIVI,CLF,CLH,CMC,CNM,CNO,CNX,CNXC,COHR,COKE,COLB,COLM,COTY,CPRI,CR,CRI,CROX,CRUS,CSL,CUBE,CUZ,CVLT,CW,CXT,DAR,DBX,DCI,DECK,DINO,DKS,DLB,DOC,DOCS,DT,DTM,EEFT,EGP,EHC,ELS,EME,ENOV,ENS,EPR,EQH,ERIE,ESAB,ESNT,ETRN,EVR,EWBC,EXE,EXEL,EXLS,EXP,EXPO,FAF,FBIN,FCFS,FCN,FFIN,FHI,FHN,FIVE,FIX,FLG,FLO,FLR,FLS,FNB,FND,FNF,FOXF,FR,FYBR,G,GAP,GATX,GBCI,GDDY,GEF,GGG,GHC,GLPI,GME,GMED,GNTX,GO,GPK,GT,GTLS,GTM,GXO,H,HAE,HALO,HELE,HGV,HLI,HOG,HOMB,HQY,HR,HRB,HTZ,HWC,HXL,IART,IBKR,IBOC,IDA,INGR,IPGP,IRDM,IRT,ITT,JAZZ,JEF,JHG,JLL,JWN,KBH,KBR,KD,KEX,KMPR,KNF,KNSL,KNX,KRC,KRG,LAD,LAMR,LEA,LECO,LEG,LFUS,LII,LITE,LIVN,LNTH,LNW,LOPE,LPX,LSCC,LSTR,M,MAN,MANH,MASI,MAT,MDU,MEDP,MIDD,MKSI,MMS,MORN,MP,MPW,MSA,MSM,MTDR,MTG,MTN,MTSI,MTZ,MUR,MUSA,MZTI,NARI,NBIX,NEOG,NEU,NFG,NJR,NLY,NNN,NOV,NOVT,NSA,NSP,NVST,NVT,NWE,NXST,NYT,OC,OGE,OGS,OHI,OLED,OLLI,OLN,ONB,ONTO,OPCH,ORA,ORI,OSK,OVV,OZK,P,PAG,PB,PBF,PCH,PCTY,PEN,PENN,PFGC,PGNY,PII,PK,PLNT,PNFP,POR,POST,POWI,PPC,PR,PRGO,PRI,PVH,QDEL,QLYS,R,RBC,RCM,REXR,RGA,RGEN,RGLD,RH,RLI,RMBS,RNR,RPM,RRC,RRX,RS,RUN,RYN,SAIA,SAIC,SAM,SBRA,SCI,SEIC,SF,SFM,SGI,SHC,SIGI,SKX,SLAB,SLGN,SLM,SMCI,SMG,SNV,SNX,SON,SR,SRC,SRCL,SSB,SSD,ST,STAG,STWD,SWAV,SWN,SWX,SYNA,TCBI,TDC,TEX,TGNA,THC,THG,THO,TKO,TKR,TMHC,TNL,TOL,TREX,TTC,TTEK,TXNM,TXRH,UAA/UA,UBSI,UFPI,UGI,UMBF,UNM,USFD,UTHR,VAC,VAL,VC,VLY,VMI,VNO,VNT,VOYA,VSH,VST,VVV,WBS,WCC,WEN,WERN,WEX,WFRD,WH,WING,WLK,WMS,WOLF,WPC,WSM,WSO,WTFC,WTRG,WTS,WU,WWD,X,XPO,YETI,ZD"
2024-01-23,"AA,ACHC,ACM,ADC,ADNT,AFG,AGCO,AIRC,ALE,ALGM,ALLY,ALTM,ALV,AM,AMED,AMG,AMKR,AN,AR,ARMK,ARW,ARWR,ASB,ASGN,ASH,ATR,AVNT,AVT,AXTA,AYI,AZPN,AZTA,BC,BCO,BDC,BERY,BHF,BJ,BKH,BLD,BLKB,BRBR,BRKR,BRX,BURL,BWXT,BYD,CABO,CACI,CADE,CALX,CAR,CASY,CBSH,CBT,CC,CCK,CDP,CELH,CFR,CG,CGNX,CHDN,CHE,CHH,CHRD,CHX,CIEN,CIVI,CLF,CLH,CMC,CNM,CNO,CNX,CNXC,COHR,COKE,COLB,COLM,COTY,CPRI,CR,CRI,CROX,CRUS,CSL,CUBE,CUZ,CVLT,CW,CXT,DAR,DBX,DCI,DECK,DINO,DKS,DLB,DOC,DOCS,DT,DTM,EEFT,EGP,EHC,ELF,ELS,EME,ENOV,ENS,EPR,EQH,ERIE,ESAB,ESNT,ETRN,EVR,EWBC,EXE,EXEL,EXLS,EXP,EXPO,FAF,FBIN,FCFS,FCN,FFIN,FHI,FHN,FIVE,FIX,FLG,FLO,FLR,FLS,FNB,FND,FNF,FOXF,FR,FYBR,G,GAP,GATX,GBCI,GDDY,GEF,GGG,GHC,GLPI,GME,GMED,GNTX,GO,GPK,GT,GTLS,GTM,GXO,H,HAE,HALO,HELE,HGV,HLI,HOG,HOMB,HQY,HR,HRB,HTZ,HWC,HXL,IART,IBKR,IBOC,IDA,INGR,IPGP,IRDM,IRT,ITT,JAZZ,JEF,JHG,JLL,JWN,KBH,KBR,KD,KEX,KMPR,KNF,KNSL,KNX,KRC,KRG,LAD,LAMR,LEA,LECO,LEG,LFUS,LII,LITE,LIVN,LNTH,LNW,LOPE,LPX,LSCC,LSTR,M,MAN,MANH,MASI,MAT,MDU,MEDP,MIDD,MKSI,MMS,MORN,MP,MPW,MSA,MSM,MTDR,MTG,MTN,MTSI,MTZ,MUR,MUSA,MZTI,NARI,NBIX,NEOG,NEU,NFG,NJR,NLY,NNN,NOV,NOVT,NSA,NSP,NVST,NVT,NWE,NXST,NYT,OC,OGE,OGS,OHI,OLED,OLLI,OLN,ONB,ONTO,OPCH,ORA,ORI,OSK,OVV,OZK,P,PAG,PB,PBF,PCH,PCTY,PEN,PENN,PFGC,PGNY,PII,PK,PLNT,PNFP,POR,POST,POWI,PPC,PR,PRGO,PRI,PVH,QDEL,QLYS,R,RBC,RCM,REXR,RGA,RGEN,RGLD,RH,RLI,RMBS,RNR,RPM,RRC,RRX,RS,RUN,RYN,SAIA,SAIC,SAM,SBRA,SCI,SEIC,SF,SFM,SGI,SHC,SIGI,SKX,SLAB,SLGN,SLM,SMCI,SMG,SNV,SNX,SON,SR,SRCL,SSB,SSD,ST,STAG,STWD,SWAV,SWN,SWX,SYNA,TCBI,TDC,TEX,TGNA,THC,THG,THO,TKO,TKR,TMHC,TNL,TOL,TREX,TTC,TTEK,TXNM,TXRH,UAA/UA,UBSI,UFPI,UGI,UMBF,UNM,USFD,UTHR,VAC,VAL,VC,VLY,VMI,VNO,VNT,VOYA,VSH,VST,VVV,WBS,WCC,WEN,WERN,WEX,WFRD,WH,WING,WLK,WMS,WOLF,WPC,WSM,WSO,WTFC,WTRG,WTS,WU,WWD,X,XPO,YETI,ZD"
2024-03-01,"AA,ACHC,ACM,ADC,ADNT,AFG,AGCO,AIRC,ALE,ALGM,ALLY,ALTM,ALV,AM,AMED,AMG,AMH,AMKR,AN,AR,ARMK,ARW,ARWR,ASB,ASGN,ASH,ATR,AVNT,AVT,AXTA,AYI,AZPN,AZTA,BC,BCO,BDC,BERY,BHF,BJ,BKH,BLD,BLKB,BRBR,BRKR,BRX,BURL,BWXT,BYD,CABO,CACI,CADE,CALX,CAR,CASY,CBSH,CBT,CC,CCK,CDP,CELH,CFR,CG,CGNX,CHDN,CHE,CHH,CHRD,CHX,CIEN,CIVI,CLF,CLH,CMC,CNM,CNO,CNX,CNXC,COHR,COKE,COLB,COLM,COTY,CPRI,CR,CRI,CROX,CRUS,CSL,CUBE,CUZ,CVLT,CW,CXT,DAR,DBX,DCI,DECK,DINO,DKS,DLB,DOCS,DT,DTM,EEFT,EGP,EHC,ELF,ELS,EME,ENOV,ENS,EPR,EQH,ERIE,ESAB,ESNT,ETRN,EVR,EWBC,EXE,EXEL,EXLS,EXP,EXPO,FAF,FBIN,FCFS,FCN,FFIN,FHI,FHN,FIVE,FIX,FLG,FLO,FLR,FLS,FNB,FND,FNF,FOXF,FR,FYBR,G,GAP,GATX,GBCI,GDDY,GEF,GGG,GHC,GLPI,GME,GMED,GNTX,GO,GPK,GT,GTLS,GTM,GXO,H,HAE,HALO,HELE,HGV,HLI,HOG,HOMB,HQY,HR,HRB,HTZ,HWC,HXL,IART,IBKR,IBOC,IDA,INGR,IPGP,IRDM,IRT,ITT,JAZZ,JEF,JHG,JLL,JWN,KBH,KBR,KD,KEX,KMPR,KNF,KNSL,KNX,KRC,KRG,LAD,LAMR,LEA,LECO,LEG,LFUS,LII,LITE,LIVN,LNTH,LNW,LOPE,LPX,LSCC,LSTR,M,MAN,MANH,MASI,MAT,MDU,MEDP,MIDD,MKSI,MMS,MORN,MP,MPW,MSA,MSM,MTDR,MTG,MTN,MTSI,MTZ,MUR,MUSA,MZTI,NARI,NBIX,NEOG,NEU,NFG,NJR,NLY,NNN,NOV,NOVT,NSA,NSP,NVST,NVT,NWE,NXST,NYT,OC,OGE,OGS,OHI,OLED,OLLI,OLN,ONB,ONTO,OPCH,ORA,ORI,OSK,OVV,OZK,P,PAG,PB,PBF,PCH,PCTY,PEN,PENN,PFGC,PGNY,PII,PK,PLNT,PNFP,POR,POST,POWI,PPC,PR,PRGO,PRI,PVH,QDEL,QLYS,R,RBC,RCM,REXR,RGA,RGEN,RGLD,RH,RLI,RMBS,RNR,RPM,RRC,RRX,RS,RUN,RYN,SAIA,SAIC,SAM,SBRA,SCI,SEIC,SF,SFM,SGI,SHC,SIGI,SKX,SLAB,SLGN,SLM,SMCI,SMG,SNV,SNX,SON,SR,SRCL,SSB,SSD,ST,STAG,STWD,SWAV,SWN,SWX,SYNA,TCBI,TDC,TEX,TGNA,THC,THG,THO,TKO,TKR,TMHC,TNL,TOL,TREX,TTC,TTEK,TXNM,TXRH,UAA/UA,UBSI,UFPI,UGI,UMBF,UNM,USFD,UTHR,VAC,VAL,VC,VLY,VMI,VNO,VNT,VOYA,VSH,VST,VVV,WBS,WCC,WEN,WERN,WEX,WFRD,WH,WING,WLK,WMS,WOLF,WPC,WSM,WSO,WTFC,WTRG,WTS,WU,WWD,X,XPO,YETI,ZD"
2024-03-18,"AA,ACHC,ACM,ADC,ADNT,AFG,AGCO,AIRC,AIT,ALE,ALGM,ALLY,ALTM,ALV,AM,AMED,AMG,AMH,AMKR,AN,AR,ARMK,ARW,ARWR,ASB,ASGN,ASH,ATR,AVNT,AVT,AXTA,AYI,AZPN,AZTA,BC,BCO,BDC,BERY,BHF,BJ,BKH,BLD,BLKB,BRBR,BRKR,BRX,BURL,BWXT,BYD,CABO,CACI,CADE,CAR,CASY,CBSH,CBT,CC,CCK,CDP,CELH,CFR,CG,CGNX,CHDN,CHE,CHH,CHRD,CHX,CIEN,CIVI,CLF,CLH,CMC,CNM,CNO,CNX,CNXC,COHR,COKE,COLB,COLM,COTY,CPRI,CR,CRI,CROX,CRUS,CSL,CUBE,CUZ,CVLT,CW,CXT,CYTK,DAR,DBX,DCI,DINO,DKS,DLB,DOCS,DT,DTM,EEFT,EGP,EHC,ELF,ELS,EME,ENOV,ENS,EPR,EQH,ERIE,ESAB,ESNT,ETRN,EVR,EWBC,EXE,EXEL,EXLS,EXP,EXPO,FAF,FBIN,FCFS,FCN,FFIN,FHI,FHN,FIVE,FIX,FLG,FLO,FLR,FLS,FNB,FND,FNF,FOXF,FR,FYBR,G,GAP,GATX,GBCI,GDDY,GEF,GGG,GHC,GLPI,GME,GMED,GNTX,GO,GPK,GT,GTLS,GTM,GXO,H,HAE,HALO,HELE,HGV,HLI,HOG,HOMB,HQY,HR,HRB,HTZ,HWC,HXL,IART,IBKR,IBOC,IDA,INGR,IPGP,IRDM,IRT,ITT,JAZZ,JEF,JHG,JLL,JWN,KBH,KBR,KD,KEX,KMPR,KNF,KNSL,KNX,KRC,KRG,LAD,LAMR,LEA,LECO,LEG,LFUS,LII,LITE,LIVN,LNTH,LNW,LOPE,LPX,LSCC,LSTR,M,MAN,MANH,MASI,MAT,MDU,MEDP,MIDD,MKSI,MMS,MORN,MP,MSA,MSM,MTDR,MTG,MTN,MTSI,MTZ,MUR,MUSA,MZTI,NARI,NBIX,NEOG,NEU,NFG,NJR,NLY,NNN,NOV,NOVT,NSA,NSP,NVST,NVT,NWE,NXST,NYT,OC,OGE,OGS,OHI,OLED,OLLI,OLN,ONB,ONTO,OPCH,ORA,ORI,OSK,OVV,OZK,P,PAG,PB,PBF,PCH,PCTY,PEN,PENN,PFGC,PGNY,PII,PK,PLNT,PNFP,POR,POST,POWI,PPC,PR,PRGO,PRI,PVH,QDEL,QLYS,R,RBC,RCM,REXR,RGA,RGEN,RGLD,RH,RLI,RMBS,RNR,RPM,RRC,RRX,RS,RUN,RYN,SAIA,SAIC,SAM,SBRA,SCI,SEIC,SF,SFM,SGI,SHC,SIGI,SKX,SLAB,SLGN,SLM,SMG,SNV,SNX,SON,SR,SRCL,SSB,SSD,ST,STAG,STWD,SWAV,SWN,SWX,SYNA,TCBI,TDC,TEX,TGNA,THC,THG,THO,TKO,TKR,TMHC,TNL,TOL,TREX,TTC,TTEK,TXNM,TXRH,UAA/UA,UBSI,UFPI,UGI,UMBF,UNM,USFD,UTHR,VAC,VAL,VC,VLY,VMI,VNO,VNT,VOYA,VSH,VST,VVV,WBS,WCC,WEN,WERN,WEX,WFRD,WH,WHR,WING,WLK,WMS,WOLF,WPC,WSM,WSO,WTFC,WTRG,WTS,WU,WWD,X,XPO,YETI,ZD,ZION"
2024-04-01,"AA,ACHC,ACM,ADC,ADNT,AFG,AGCO,AIRC,AIT,ALE,ALGM,ALLY,ALTM,ALV,AM,AMED,AMG,AMH,AMKR,AN,APPF,AR,ARMK,ARW,ARWR,ASB,ASGN,ASH,ATR,AVNT,AVT,AXTA,AYI,AZPN,AZTA,BC,BCO,BDC,BERY,BHF,BJ,BKH,BLD,BLKB,BRBR,BRKR,BRX,BURL,BWXT,BYD,CABO,CACI,CADE,CAR,CASY,CBSH,CBT,CC,CCK,CDP,CELH,CFR,CG,CGNX,CHDN,CHE,CHH,CHRD,CHX,CIEN,CIVI,CLF,CLH,CMC,CNM,CNO,CNX,CNXC,COHR,COKE,COLB,COLM,COTY,CPRI,CR,CRI,CROX,CRUS,CSL,CUBE,CUZ,CVLT,CW,CXT,CYTK,DAR,DBX,DCI,DINO,DKS,DLB,DOCS,DT,DTM,EEFT,EGP,EHC,ELF,ELS,EME,ENOV,ENS,EPR,EQH,ERIE,ESAB,ESNT,ETRN,EVR,EWBC,EXE,EXEL,EXLS,EXP,EXPO,FAF,FBIN,FCFS,FCN,FFIN,FHI,FHN,FIVE,FIX,FLG,FLO,FLR,FLS,FNB,FND,FNF,FOXF,FR,FYBR,G,GAP,GATX,GBCI,GDDY,GEF,GGG,GHC,GLPI,GME,GMED,GNTX,GO,GPK,GT,GTLS,GTM,GXO,H,HAE,HALO,HELE,HGV,HLI,HOG,HOMB,HQY,HR,HRB,HTZ,HWC,HXL,IART,IBKR,IBOC,IDA,INGR,IPGP,IRDM,IRT,ITT,JAZZ,JEF,JHG,JLL,JWN,KBH,KBR,KD,KEX,KMPR,KNF,KNSL,KNX,KRC,KRG,LAD,LAMR,LEA,LECO,LEG,LFUS,LII,LITE,LIVN,LNTH,LNW,LOPE,LPX,LSCC,LSTR,M,MAN,MANH,MASI,MAT,MDU,MEDP,MIDD,MKSI,MMS,MORN,MP,MSA,MSM,MTDR,MTG,MTN,MTSI,MTZ,MUR,MUSA,MZTI,NBIX,NEOG,NEU,NFG,NJR,NLY,NNN,NOV,NOVT,NSA,NSP,NVST,NVT,NWE,NXST,NYT,OC,OGE,OGS,OHI,OLED,OLLI,OLN,ONB,ONTO,OPCH,ORA,ORI,OSK,OVV,OZK,P,PAG,PB,PBF,PCH,PCTY,PEN,PENN,PFGC,PGNY,PII,PK,PLNT,PNFP,POR,POST,POWI,PPC,PR,PRGO,PRI,PVH,QDEL,QLYS,R,RBC,RCM,REXR,RGA,RGEN,RGLD,RH,RLI,RMBS,RNR,ROIV,RPM,RRC,RRX,RS,RYN,SAIA,SAIC,SAM,SBRA,SCI,SEIC,SF,SFM,SGI,SHC,SIGI,SKX,SLAB,SLGN,SLM,SMG,SNV,SNX,SON,SR,SRCL,SSB,SSD,ST,STAG,STWD,SWAV,SWN,SWX,SYNA,TCBI,TDC,TEX,TGNA,THC,THG,THO,TKO,TKR,TMHC,TNL,TOL,TREX,TTC,TTEK,TXNM,TXRH,UAA/UA,UBSI,UFPI,UGI,UMBF,UNM,USFD,UTHR,VAC,VAL,VC,VLY,VMI,VNO,VNT,VOYA,VSH,VST,VVV,WBS,WCC,WEN,WERN,WEX,WFRD,WH,WHR,WING,WLK,WMS,WOLF,WPC,WSM,WSO,WTFC,WTRG,WTS,WU,WWD,X,XPO,YETI,ZD,ZION"
2024-04-03,"AA,ACHC,ACM,ADC,ADNT,AFG,AGCO,AIRC,AIT,ALE,ALGM,ALLY,ALTM,ALV,AM,AMED,AMG,AMH,AMKR,AN,APPF,AR,ARMK,ARW,ARWR,ASB,ASGN,ASH,ATR,AVNT,AVT,AXTA,AYI,AZPN,AZTA,BC,BCO,BDC,BERY,BHF,BJ,BKH,BLD,BLKB,BRBR,BRKR,BRX,BURL,BWXT,BYD,CABO,CACI,CADE,CAR,CASY,CBSH,CBT,CC,CCK,CDP,CELH,CFR,CG,CGNX,CHDN,CHE,CHH,CHRD,CHX,CIEN,CIVI,CLF,CLH,CMC,CNM,CNO,CNX,CNXC,COHR,COKE,COLB,COLM,COTY,CPRI,CR,CRI,CROX,CRUS,CSL,CUBE,CUZ,CVLT,CW,CXT,CYTK,DAR,DBX,DCI,DINO,DKS,DLB,DOCS,DT,DTM,EEFT,EGP,EHC,ELF,ELS,EME,ENOV,ENS,EPR,EQH,ERIE,ESAB,ESNT,ETRN,EVR,EWBC,EXE,EXEL,EXLS,EXP,EXPO,FAF,FBIN,FCFS,FCN,FFIN,FHI,FHN,FIVE,FIX,FLG,FLO,FLR,FLS,FNB,FND,FNF,FR,FYBR,G,GAP,GATX,GBCI,GDDY,GEF,GGG,GHC,GLPI,GME,GMED,GNTX,GO,GPK,GT,GTLS,GTM,GXO,H,HAE,HALO,HELE,HGV,HLI,HOG,HOMB,HQY,HR,HRB,HTZ,HWC,HXL,IART,IBKR,IBOC,IDA,INGR,IPGP,IRDM,IRT,ITT,JAZZ,JEF,JHG,JLL,JWN,KBH,KBR,KD,KEX,KMPR,KNF,KNSL,KNX,KRC,KRG,LAD,LAMR,LEA,LECO,LEG,LFUS,LII,LITE,LIVN,LNTH,LNW,LOPE,LPX,LSCC,LSTR,M,MAN,MANH,MASI,MAT,MDU,MEDP,MIDD,MKSI,MMS,MORN,MP,MSA,MSM,MTDR,MTG,MTN,MTSI,MTZ,MUR,MUSA,MZTI,NBIX,NEOG,NEU,NFG,NJR,NLY,NNN,NOV,NOVT,NSA,NSP,NVST,NVT,NWE,NXST,NYT,OC,OGE,OGS,OHI,OLED,OLLI,OLN,ONB,ONTO,OPCH,ORA,ORI,OSK,OVV,OZK,P,PAG,PB,PBF,PCH,PCTY,PEN,PENN,PFGC,PGNY,PII,PK,PLNT,PNFP,POR,POST,POWI,PPC,PR,PRGO,PRI,PVH,QDEL,QLYS,R,RBC,RCM,REXR,RGA,RGEN,RGLD,RH,RLI,RMBS,RNR,ROIV,RPM,RRC,RRX,RS,RYN,SAIA,SAIC,SAM,SBRA,SCI,SEIC,SF,SFM,SGI,SHC,SIGI,SKX,SLAB,SLGN,SLM,SMG,SNV,SNX,SON,SR,SRCL,SSB,SSD,ST,STAG,STWD,SWAV,SWN,SWX,SYNA,TCBI,TDC,TEX,TGNA,THC,THG,THO,TKO,TKR,TMHC,TNL,TOL,TREX,TTC,TTEK,TXNM,TXRH,UAA/UA,UBSI,UFPI,UGI,UMBF,UNM,USFD,UTHR,VAC,VAL,VC,VLY,VMI,VNO,VNT,VOYA,VSH,VST,VVV,WBS,WCC,WEN,WERN,WEX,WFRD,WH,WHR,WING,WLK,WMS,WOLF,WPC,WSM,WSO,WTFC,WTRG,WTS,WU,WWD,X,XPO,XRAY,YETI,ZD,ZION"
2024-04-22,"AA,ACHC,ACM,ADC,ADNT,AFG,AGCO,AIRC,AIT,ALE,ALGM,ALLY,ALTM,ALV,AM,AMED,AMG,AMH,AMKR,AN,APPF,AR,ARMK,ARW,ARWR,ASB,ASGN,ASH,ATR,AVNT,AVT,AXTA,AYI,AZPN,AZTA,BC,BCO,BDC,BERY,BHF,BJ,BKH,BLD,BLKB,BRBR,BRKR,BRX,BURL,BWXT,BYD,CACI,CADE,CAR,CASY,CBSH,CBT,CC,CCK,CDP,CELH,CFR,CG,CGNX,CHDN,CHE,CHH,CHRD,CHX,CIEN,CIVI,CLF,CLH,CMC,CNM,CNO,CNX,CNXC,COHR,COKE,COLB,COLM,COTY,CPRI,CR,CRI,CROX,CRUS,CSL,CUBE,CUZ,CVLT,CW,CXT,CYTK,DAR,DBX,DCI,DINO,DKS,DLB,DOCS,DT,DTM,DUOL,EEFT,EGP,EHC,ELF,ELS,EME,ENOV,ENS,EPR,EQH,ERIE,ESAB,ESNT,ETRN,EVR,EWBC,EXE,EXEL,EXLS,EXP,EXPO,FAF,FBIN,FCFS,FCN,FFIN,FHI,FHN,FIVE,FIX,FLG,FLO,FLR,FLS,FNB,FND,FNF,FR,FYBR,G,GAP,GATX,GBCI,GDDY,GEF,GGG,GHC,GLPI,GME,GMED,GNTX,GO,GPK,GT,GTLS,GTM,GXO,H,HAE,HALO,HELE,HGV,HLI,HOG,HOMB,HQY,HR,HRB,HTZ,HWC,HXL,IART,IBKR,IBOC,IDA,INGR,IPGP,IRDM,IRT,ITT,JAZZ,JEF,JHG,JLL,JWN,KBH,KBR,KD,KEX,KMPR,KNF,KNSL,KNX,KRC,KRG,LAD,LAMR,LEA,LECO,LEG,LFUS,LII,LITE,LIVN,LNTH,LNW,LOPE,LPX,LSCC,LSTR,M,MAN,MANH,MASI,MAT,MDU,MEDP,MIDD,MKSI,MMS,MORN,MP,MSA,MSM,MTDR,MTG,MTN,MTSI,MTZ,MUR,MUSA,MZTI,NBIX,NEOG,NEU,NFG,NJR,NLY,NNN,NOV,NOVT,NSA,NSP,NVST,NVT,NWE,NXST,NYT,OC,OGE,OGS,OHI,OLED,OLLI,OLN,ONB,ONTO,OPCH,ORA,ORI,OSK,OVV,OZK,P,PAG,PB,PBF,PCH,PCTY,PEN,PENN,PFGC,PGNY,PII,PK,PLNT,PNFP,POR,POST,POWI,PPC,PR,PRGO,PRI,PVH,QDEL,QLYS,R,RBC,RCM,REXR,RGA,RGEN,RGLD,RH,RLI,RMBS,RNR,ROIV,RPM,RRC,RRX,RS,RYN,SAIA,SAIC,SAM,SBRA,SCI,SEIC,SF,SFM,SGI,SHC,SIGI,SKX,SLAB,SLGN,SLM,SMG,SNV,SNX,SON,SR,SRCL,SSB,SSD,ST,STAG,STWD,SWAV,SWN,SWX,SYNA,TCBI,TDC,TEX,TGNA,THC,THG,THO,TKO,TKR,TMHC,TNL,TOL,TREX,TTC,TTEK,TXNM,TXRH,UAA/UA,UBSI,UFPI,UGI,UMBF,UNM,USFD,UTHR,VAC,VAL,VC,VLY,VMI,VNO,VNT,VOYA,VSH,VST,VVV,WBS,WCC,WEN,WERN,WEX,WFRD,WH,WHR,WING,WLK,WMS,WOLF,WPC,WSM,WSO,WTFC,WTRG,WTS,WU,WWD,X,XPO,XRAY,YETI,ZD,ZION"
2024-05-03,"AA,AAON,ACHC,ACM,ADC,ADNT,AFG,AGCO,AIRC,AIT,ALE,ALGM,ALLY,ALTM,ALV,AM,AMED,AMG,AMH,AMKR,AN,APPF,AR,ARMK,ARW,ARWR,ASB,ASGN,ASH,ATR,AVNT,AVT,AXTA,AYI,AZPN,AZTA,BC,BCO,BDC,BERY,BHF,BJ,BKH,BLD,BLKB,BRBR,BRKR,BRX,BURL,BWXT,BYD,CACI,CADE,CAR,CASY,CBSH,CBT,CC,CCK,CDP,CELH,CFR,CG,CGNX,CHDN,CHE,CHH,CHRD,CHX,CIEN,CIVI,CLF,CLH,CMC,CNM,CNO,CNX,CNXC,COHR,COKE,COLB,COLM,COTY,CPRI,CR,CRI,CROX,CRUS,CSL,CUBE,CUZ,CVLT,CW,CXT,CYTK,DAR,DBX,DCI,DINO,DKS,DLB,DOCS,DT,DTM,DUOL,EEFT,EGP,EHC,ELF,ELS,EME,ENOV,ENS,EPR,EQH,ERIE,ESAB,ESNT,ETRN,EVR,EWBC,EXE,EXEL,EXLS,EXP,EXPO,FAF,FBIN,FCFS,FCN,FFIN,FHI,FHN,FIVE,FIX,FLG,FLO,FLR,FLS,FNB,FND,FNF,FR,FYBR,G,GAP,GATX,GBCI,GDDY,GEF,GGG,GHC,GLPI,GME,GMED,GNTX,GO,GPK,GT,GTLS,GTM,GXO,H,HAE,HALO,HELE,HGV,HLI,HOG,HOMB,HQY,HR,HRB,HTZ,HWC,HXL,IART,IBKR,IBOC,IDA,INGR,IPGP,IRDM,IRT,ITT,JAZZ,JEF,JHG,JLL,JWN,KBH,KBR,KD,KEX,KMPR,KNF,KNSL,KNX,KRC,KRG,LAD,LAMR,LEA,LECO,LEG,LFUS,LII,LITE,LIVN,LNTH,LNW,LOPE,LPX,LSCC,LSTR,M,MAN,MANH,MASI,MAT,MDU,MEDP,MIDD,MKSI,MMS,MORN,MP,MSA,MSM,MTDR,MTG,MTN,MTSI,MTZ,MUR,MUSA,MZTI,NBIX,NEOG,NEU,NFG,NJR,NLY,NNN,NOV,NOVT,NSA,NSP,NVST,NVT,NWE,NXST,NYT,OC,OGE,OGS,OHI,OLED,OLLI,OLN,ONB,ONTO,OPCH,ORA,ORI,OSK,OVV,OZK,P,PAG,PB,PBF,PCH,PCTY,PEN,PENN,PFGC,PGNY,PII,PK,PLNT,PNFP,POR,POST,POWI,PPC,PR,PRGO,PRI,PVH,QDEL,QLYS,R,RBC,RCM,REXR,RGA,RGEN,RGLD,RH,RLI,RMBS,RNR,ROIV,RPM,RRC,RRX,RS,RYN,SAIA,SAIC,SAM,SBRA,SCI,SEIC,SF,SFM,SGI,SHC,SIGI,SKX,SLAB,SLGN,SLM,SMG,SNV,SNX,SON,SR,SRCL,SSB,SSD,ST,STAG,STWD,SWAV,SWN,SWX,SYNA,TCBI,TDC,TEX,TGNA,THC,THG,THO,TKO,TKR,TMHC,TNL,TOL,TREX,TTC,TTEK,TXNM,TXRH,UAA/UA,UBSI,UFPI,UGI,UMBF,UNM,USFD,UTHR,VAC,VAL,VC,VLY,VMI,VNO,VNT,VOYA,VSH,VVV,WBS,WCC,WEN,WERN,WEX,WFRD,WH,WHR,WING,WLK,WMS,WOLF,WPC,WSM,WSO,WTFC,WTRG,WTS,WU,WWD,X,XPO,XRAY,YETI,ZD,ZION"
2024-06-03,"AA,AAON,ACHC,ACM,ADC,ADNT,AFG,AGCO,AIRC,AIT,ALE,ALGM,ALLY,ALTM,ALV,AM,AMED,AMG,AMH,AMKR,AN,APPF,AR,ARMK,ARW,ARWR,ASB,ASGN,ASH,ATR,AVNT,AVT,AXTA,AYI,AZPN,AZTA,BC,BCO,BDC,BERY,BHF,BJ,BKH,BLD,BLKB,BRBR,BRKR,BRX,BURL,BWXT,BYD,CACI,CADE,CAR,CASY,CBSH,CBT,CC,CCK,CDP,CELH,CFR,CG,CGNX,CHDN,CHE,CHH,CHRD,CHX,CIEN,CIVI,CLF,CLH,CMC,CNM,CNO,CNX,CNXC,COHR,COKE,COLB,COLM,COTY,CPRI,CR,CRI,CROX,CRUS,CSL,CUBE,CUZ,CVLT,CW,CXT,CYTK,DAR,DBX,DCI,DINO,DKS,DLB,DOCS,DT,DTM,DUOL,EEFT,EGP,EHC,ELF,ELS,EME,ENOV,ENS,EPR,EQH,ERIE,ESAB,ESNT,ETRN,EVR,EWBC,EXE,EXEL,EXLS,EXP,EXPO,FAF,FBIN,FCFS,FCN,FFIN,FHI,FHN,FIVE,FIX,FLG,FLO,FLR,FLS,FNB,FND,FNF,FR,FYBR,G,GAP,GATX,GBCI,GDDY,GEF,GGG,GHC,GLPI,GME,GMED,GNTX,GO,GPK,GT,GTLS,GTM,GXO,H,HAE,HALO,HELE,HGV,HLI,HOG,HOMB,HQY,HR,HRB,HTZ,HWC,HXL,IART,IBKR,IBOC,IDA,INGR,IPGP,IRDM,IRT,ITT,JAZZ,JEF,JHG,JLL,JWN,KBH,KBR,KD,KEX,KMPR,KNF,KNSL,KNX,KRC,KRG,LAD,LAMR,LEA,LECO,LEG,LFUS,LII,LITE,LIVN,LNTH,LNW,LOPE,LPX,LSCC,LSTR,M,MAN,MANH,MASI,MAT,MDU,MEDP,MIDD,MKSI,MMS,MORN,MP,MSA,MSM,MTDR,MTG,MTN,MTSI,MTZ,MUR,MUSA,MZTI,NBIX,NEOG,NEU,NFG,NJR,NLY,NNN,NOV,NOVT,NSA,NSP,NVST,NVT,NWE,NXST,NYT,OC,OGE,OGS,OHI,OLED,OLLI,OLN,ONB,ONTO,OPCH,ORA,ORI,OSK,OVV,OZK,P,PAG,PB,PBF,PCH,PCTY,PEN,PENN,PFGC,PGNY,PII,PK,PLNT,PNFP,POR,POST,POWI,PPC,PR,PRGO,PRI,PVH,QDEL,QLYS,R,RBC,RCM,REXR,RGA,RGEN,RGLD,RH,RLI,RMBS,RNR,ROIV,RPM,RRC,RRX,RS,RYN,SAIA,SAIC,SAM,SBRA,SCI,SEIC,SF,SFM,SGI,SHC,SIGI,SKX,SLAB,SLGN,SLM,SMG,SNV,SNX,SON,SR,SRCL,SRPT,SSB,SSD,ST,STAG,STWD,SWN,SWX,SYNA,TCBI,TDC,TEX,TGNA,THC,THG,THO,TKO,TKR,TMHC,TNL,TOL,TREX,TTC,TTEK,TXNM,TXRH,UAA/UA,UBSI,UFPI,UGI,UMBF,UNM,USFD,UTHR,VAC,VAL,VC,VLY,VMI,VNO,VNT,VOYA,VSH,VVV,WBS,WCC,WEN,WERN,WEX,WFRD,WH,WHR,WING,WLK,WMS,WOLF,WPC,WSM,WSO,WTFC,WTRG,WTS,WU,WWD,X,XPO,XRAY,YETI,ZD,ZION"
2024-06-24,"AA,AAON,ACHC,ACM,ADC,ADNT,AFG,AGCO,AIRC,AIT,ALE,ALGM,ALLY,ALTM,ALTR,ALV,AM,AMED,AMG,AMH,AMKR,AN,APPF,AR,ARMK,ARW,ARWR,ASB,ASGN,ASH,ATR,AVNT,AVT,AXTA,AYI,AZPN,AZTA,BC,BCO,BDC,BERY,BHF,BJ,BKH,BLD,BLKB,BMRN,BRBR,BRKR,BRX,BURL,BWXT,BYD,CACI,CADE,CAR,CASY,CBSH,CBT,CC,CCK,CDP,CELH,CFR,CG,CGNX,CHDN,CHE,CHH,CHRD,CHX,CIEN,CIVI,CLF,CLH,CMC,CNM,CNO,CNX,CNXC,COHR,COKE,COLB,COLM,COTY,CPRI,CR,CRI,CROX,CRUS,CSL,CUBE,CUZ,CVLT,CW,CXT,CYTK,DAR,DBX,DCI,DINO,DKS,DLB,DOCS,DT,DTM,DUOL,EEFT,EGP,EHC,ELF,ELS,EME,ENOV,ENS,EPR,EQH,ERIE,ESAB,ESNT,ETRN,EVR,EWBC,EXE,EXEL,EXLS,EXP,EXPO,FAF,FBIN,FCFS,FCN,FFIN,FHI,FHN,FIVE,FIX,FLG,FLO,FLR,FLS,FNB,FND,FNF,FR,FYBR,G,GAP,GATX,GBCI,GEF,GGG,GHC,GLPI,GME,GMED,GNTX,GPK,GT,GTLS,GTM,GXO,H,HAE,HALO,HELE,HGV,HLI,HOG,HOMB,HQY,HR,HRB,HWC,HXL,IBKR,IBOC,IDA,ILMN,INGR,IPGP,IRDM,IRT,ITT,JAZZ,JEF,JHG,JLL,JWN,KBH,KBR,KD,KEX,KMPR,KNF,KNSL,KNX,KRC,KRG,LAD,LAMR,LEA,LECO,LFUS,LII,LITE,LIVN,LNTH,LNW,LOPE,LPX,LSCC,LSTR,M,MAN,MANH,MASI,MAT,MDU,MEDP,MIDD,MKSI,MMS,MORN,MP,MSA,MSM,MTDR,MTG,MTN,MTSI,MTZ,MUR,MUSA,MZTI,NBIX,NEOG,NEU,NFG,NJR,NLY,NNN,NOV,NOVT,NSA,NSP,NVST,NVT,NWE,NXST,NXT,NYT,OC,OGE,OGS,OHI,OLED,OLLI,OLN,ONB,ONTO,OPCH,ORA,ORI,OSK,OVV,OZK,P,PAG,PB,PBF,PCH,PCTY,PEN,PFGC,PGNY,PII,PK,PLNT,PNFP,POR,POST,POWI,PPC,PR,PRGO,PRI,PVH,QDEL,QLYS,R,RBA,RBC,RCM,REXR,RGA,RGEN,RGLD,RH,RLI,RMBS,RNR,ROIV,RPM,RRC,RRX,RS,RYN,SAIA,SAIC,SAM,SBRA,SCI,SEIC,SF,SFM,SGI,SHC,SIGI,SKX,SLAB,SLGN,SLM,SMG,SNV,SNX,SON,SR,SRCL,SRPT,SSB,SSD,ST,STAG,STWD,SWN,SWX,SYNA,TCBI,TDC,TEX,TGNA,THC,THG,THO,TKO,TKR,TMHC,TNL,TOL,TPL,TREX,TTC,TTEK,TXNM,TXRH,UAA/UA,UBSI,UFPI,UGI,UMBF,UNM,USFD,UTHR,VAC,VAL,VC,VLY,VMI,VNO,VNT,VOYA,VSH,VVV,WBS,WCC,WEN,WEX,WFRD,WH,WHR,WING,WLK,WMG,WMS,WOLF,WPC,WSM,WSO,WTFC,WTRG,WTS,WU,WWD,X,XPO,XRAY,YETI,ZD,ZION"
2024-06-28,"AA,AAON,ACHC,ACM,ADC,ADNT,AFG,AGCO,AIT,ALE,ALGM,ALLY,ALTM,ALTR,ALV,AM,AMED,AMG,AMH,AMKR,AN,APPF,AR,ARMK,ARW,ARWR,ASB,ASGN,ASH,ATR,AVNT,AVT,AXTA,AYI,AZPN,AZTA,BC,BCO,BDC,BERY,BHF,BJ,BKH,BLD,BLKB,BMRN,BRBR,BRKR,BRX,BURL,BWXT,BYD,CACI,CADE,CAR,CASY,CBSH,CBT,CC,CCK,CDP,CELH,CFR,CG,CGNX,CHDN,CHE,CHH,CHRD,CHX,CIEN,CIVI,CLF,CLH,CMC,CNM,CNO,CNX,CNXC,COHR,COKE,COLB,COLM,COTY,CPRI,CR,CRI,CROX,CRUS,CSL,CUBE,CUZ,CVLT,CW,CXT,CYTK,DAR,DBX,DCI,DINO,DKS,DLB,DOCS,DT,DTM,DUOL,EEFT,EGP,EHC,ELF,ELS,EME,ENOV,ENS,EPR,EQH,ERIE,ESAB,ESNT,ETRN,EVR,EWBC,EXE,EXEL,EXLS,EXP,EXPO,FAF,FBIN,FCFS,FCN,FFIN,FHI,FHN,FIVE,FIX,FLG,FLO,FLR,FLS,FNB,FND,FNF,FR,FYBR,G,GAP,GATX,GBCI,GEF,GGG,GHC,GLPI,GME,GMED,GNTX,GPK,GT,GTLS,GTM,GXO,H,HAE,HALO,HELE,HGV,HLI,HOG,HOMB,HQY,HR,HRB,HWC,HXL,IBKR,IBOC,IDA,ILMN,INGR,IPGP,IRDM,IRT,ITT,JAZZ,JEF,JHG,JLL,JWN,KBH,KBR,KD,KEX,KMPR,KNF,KNSL,KNX,KRC,KRG,LAD,LAMR,LEA,LECO,LFUS,LII,LITE,LIVN,LNTH,LNW,LOPE,LPX,LSCC,LSTR,M,MAN,MANH,MASI,MAT,MDU,MEDP,MIDD,MKSI,MMS,MORN,MP,MSA,MSM,MTDR,MTG,MTN,MTSI,MTZ,MUR,MUSA,MZTI,NBIX,NEOG,NEU,NFG,NJR,NLY,NNN,NOV,NOVT,NSA,NSP,NVST,NVT,NWE,NXST,NXT,NYT,OC,OGE,OGS,OHI,OLED,OLLI,OLN,ONB,ONTO,OPCH,ORA,ORI,OSK,OVV,OZK,P,PAG,PB,PBF,PCH,PCTY,PEN,PFGC,PGNY,PII,PK,PLNT,PNFP,POR,POST,POWI,PPC,PR,PRGO,PRI,PVH,QDEL,QLYS,R,RBA,RBC,RCM,REXR,RGA,RGEN,RGLD,RH,RLI,RMBS,RNR,ROIV,RPM,RRC,RRX,RS,RYAN,RYN,SAIA,SAIC,SAM,SBRA,SCI,SEIC,SF,SFM,SGI,SHC,SIGI,SKX,SLAB,SLGN,SLM,SMG,SNV,SNX,SON,SR,SRCL,SRPT,SSB,SSD,ST,STAG,STWD,SWN,SWX,SYNA,TCBI,TDC,TEX,TGNA,THC,THG,THO,TKO,TKR,TMHC,TNL,TOL,TPL,TREX,TTC,TTEK,TXNM,TXRH,UAA/UA,UBSI,UFPI,UGI,UMBF,UNM,USFD,UTHR,VAC,VAL,VC,VLY,VMI,VNO,VNT,VOYA,VSH,VVV,WBS,WCC,WEN,WEX,WFRD,WH,WHR,WING,WLK,WMG,WMS,WOLF,WPC,WSM,WSO,WTFC,WTRG,WTS,WU,WWD,X,XPO,XRAY,YETI,ZD,ZION"
2024-07-22,"AA,AAON,ACHC,ACM,ADC,ADNT,AFG,AGCO,AIT,ALE,ALGM,ALLY,ALTM,ALTR,ALV,AM,AMED,AMG,AMH,AMKR,AN,ANF,APPF,AR,ARMK,ARW,ARWR,ASB,ASGN,ASH,ATR,AVNT,AVT,AXTA,AYI,AZPN,AZTA,BC,BCO,BDC,BERY,BHF,BJ,BKH,BLD,BLKB,BMRN,BRBR,BRKR,BRX,BURL,BWXT,BYD,CACI,CADE,CAR,CASY,CBSH,CBT,CC,CCK,CDP,CELH,CFR,CG,CGNX,CHDN,CHE,CHH,CHRD,CHX,CIEN,CIVI,CLF,CLH,CMC,CNM,CNO,CNX,CNXC,COHR,COKE,COLB,COLM,COTY,CPRI,CR,CRI,CROX,CRUS,CSL,CUBE,CUZ,CVLT,CW,CXT,CYTK,DAR,DBX,DCI,DINO,DKS,DLB,DOCS,DT,DTM,DUOL,EEFT,EGP,EHC,ELF,ELS,EME,ENOV,ENS,EPR,EQH,ERIE,ESAB,ESNT,EVR,EWBC,EXE,EXEL,EXLS,EXP,EXPO,FAF,FBIN,FCFS,FCN,FFIN,FHI,FHN,FIVE,FIX,FLG,FLO,FLR,FLS,FNB,FND,FNF,FR,FYBR,G,GAP,GATX,GBCI,GEF,GGG,GHC,GLPI,GME,GMED,GNTX,GPK,GT,GTLS,GTM,GXO,H,HAE,HALO,HELE,HGV,HLI,HOG,HOMB,HQY,HR,HRB,HWC,HXL,IBKR,IBOC,IDA,ILMN,INGR,IPGP,IRDM,IRT,ITT,JAZZ,JEF,JHG,JLL,JWN,KBH,KBR,KD,KEX,KMPR,KNF,KNSL,KNX,KRC,KRG,LAD,LAMR,LEA,LECO,LFUS,LII,LITE,LIVN,LNTH,LNW,LOPE,LPX,LSCC,LSTR,M,MAN,MANH,MASI,MAT,MDU,MEDP,MIDD,MKSI,MMS,MORN,MP,MSA,MSM,MTDR,MTG,MTN,MTSI,MTZ,MUR,MUSA,MZTI,NBIX,NEOG,NEU,NFG,NJR,NLY,NNN,NOV,NOVT,NSA,NSP,NVST,NVT,NWE,NXST,NXT,NYT,OC,OGE,OGS,OHI,OLED,OLLI,OLN,ONB,ONTO,OPCH,ORA,ORI,OSK,OVV,OZK,P,PAG,PB,PBF,PCH,PCTY,PEN,PFGC,PGNY,PII,PK,PLNT,PNFP,POR,POST,POWI,PPC,PR,PRGO,PRI,PVH,QDEL,QLYS,R,RBA,RBC,RCM,REXR,RGA,RGEN,RGLD,RH,RLI,RMBS,RNR,ROIV,RPM,RRC,RRX,RS,RYAN,RYN,SAIA,SAIC,SAM,SBRA,SCI,SEIC,SF,SFM,SGI,SHC,SIGI,SKX,SLAB,SLGN,SLM,SMG,SNV,SNX,SON,SR,SRCL,SRPT,SSB,SSD,ST,STAG,STWD,SWN,SWX,SYNA,TCBI,TDC,TEX,TGNA,THC,THG,THO,TKO,TKR,TMHC,TNL,TOL,TPL,TREX,TTC,TTEK,TXNM,TXRH,UAA/UA,UBSI,UFPI,UGI,UMBF,UNM,USFD,UTHR,VAC,VAL,VC,VLY,VMI,VNO,VNT,VOYA,VSH,VVV,WBS,WCC,WEN,WEX,WFRD,WH,WHR,WING,WLK,WMG,WMS,WOLF,WPC,WSM,WSO,WTFC,WTRG,WTS,WU,WWD,X,XPO,XRAY,YETI,ZD,ZION"
2024-07-26,"AA,AAON,ACHC,ACM,ADC,ADNT,AFG,AGCO,AIT,ALE,ALGM,ALLY,ALTM,ALTR,ALV,AM,AMED,AMG,AMH,AMKR,AN,ANF,APPF,AR,ARMK,ARW,ARWR,ASB,ASGN,ASH,ATR,AVNT,AVT,AVTR,AXTA,AYI,AZPN,AZTA,BC,BCO,BDC,BERY,BHF,BJ,BKH,BLD,BLKB,BMRN,BRBR,BRKR,BRX,BURL,BWXT,BYD,CACI,CADE,CAR,CASY,CBSH,CBT,CC,CCK,CDP,CELH,CFR,CG,CGNX,CHDN,CHE,CHH,CHRD,CHX,CIEN,CIVI,CLF,CLH,CMC,CNM,CNO,CNX,CNXC,COHR,COKE,COLB,COLM,COTY,CPRI,CR,CRI,CROX,CRUS,CSL,CUBE,CUZ,CVLT,CW,CXT,CYTK,DAR,DBX,DCI,DINO,DKS,DLB,DOCS,DT,DTM,DUOL,EEFT,EGP,EHC,ELF,ELS,EME,ENOV,ENS,EPR,EQH,ERIE,ESAB,ESNT,EVR,EWBC,EXE,EXEL,EXLS,EXP,EXPO,FAF,FBIN,FCFS,FCN,FFIN,FHI,FHN,FIVE,FIX,FLG,FLO,FLR,FLS,FNB,FND,FNF,FR,FYBR,G,GAP,GATX,GBCI,GEF,GGG,GHC,GLPI,GME,GMED,GNTX,GPK,GT,GTLS,GTM,GXO,H,HAE,HALO,HELE,HGV,HLI,HOG,HOMB,HQY,HR,HRB,HWC,HXL,IBKR,IBOC,IDA,ILMN,INGR,IPGP,IRDM,IRT,ITT,JAZZ,JEF,JHG,JLL,JWN,KBH,KBR,KD,KEX,KMPR,KNF,KNSL,KNX,KRC,KRG,LAD,LAMR,LEA,LECO,LFUS,LII,LITE,LIVN,LNTH,LNW,LOPE,LPX,LSCC,LSTR,M,MAN,MANH,MASI,MAT,MDU,MEDP,MIDD,MKSI,MMS,MORN,MP,MSA,MSM,MTDR,MTG,MTN,MTSI,MTZ,MUR,MUSA,MZTI,NBIX,NEOG,NEU,NFG,NJR,NLY,NNN,NOV,NOVT,NSA,NSP,NVST,NVT,NWE,NXST,NXT,NYT,OC,OGE,OGS,OHI,OLED,OLLI,OLN,ONB,ONTO,OPCH,ORA,ORI,OSK,OVV,OZK,P,PAG,PB,PBF,PCH,PCTY,PEN,PFGC,PGNY,PII,PK,PLNT,PNFP,POR,POST,POWI,PPC,PR,PRGO,PRI,PVH,QLYS,R,RBA,RBC,RCM,REXR,RGA,RGEN,RGLD,RH,RLI,RMBS,RNR,ROIV,RPM,RRC,RRX,RS,RYAN,RYN,SAIA,SAIC,SAM,SBRA,SCI,SEIC,SF,SFM,SGI,SHC,SIGI,SKX,SLAB,SLGN,SLM,SMG,SNV,SNX,SON,SR,SRCL,SRPT,SSB,SSD,ST,STAG,STWD,SWN,SWX,SYNA,TCBI,TDC,TEX,TGNA,THC,THG,THO,TKO,TKR,TMHC,TNL,TOL,TPL,TREX,TTC,TTEK,TXNM,TXRH,UAA/UA,UBSI,UFPI,UGI,UMBF,UNM,USFD,UTHR,VAC,VAL,VC,VLY,VMI,VNO,VNT,VOYA,VSH,VVV,WBS,WCC,WEN,WEX,WFRD,WH,WHR,WING,WLK,WMG,WMS,WOLF,WPC,WSM,WSO,WTFC,WTRG,WTS,WU,WWD,X,XPO,XRAY,YETI,ZD,ZION"
2024-09-23,"AA,AAL,AAON,ACHC,ACM,ADC,AFG,AGCO,AIT,ALE,ALGM,ALLY,ALTM,ALTR,ALV,AM,AMED,AMG,AMH,AMKR,AN,ANF,APPF,AR,ARMK,ARW,ARWR,ASB,ASGN,ASH,ATR,AVNT,AVT,AVTR,AXTA,AYI,AZPN,AZTA,BC,BCO,BDC,BERY,BHF,BIO,BJ,BKH,BLD,BLKB,BMRN,BRBR,BRKR,BRX,BURL,BWXT,BYD,CACI,CADE,CAR,CASY,CBSH,CBT,CC,CCK,CDP,CELH,CFR,CG,CGNX,CHDN,CHE,CHH,CHRD,CHX,CIEN,CIVI,CLF,CLH,CMC,CNH,CNM,CNO,CNX,CNXC,COHR,COKE,COLB,COLM,COTY,CPRI,CR,CRI,CROX,CRUS,CSL,CUBE,CUZ,CVLT,CW,CXT,CYTK,DAR,DBX,DCI,DINO,DKS,DLB,DOCS,DT,DTM,DUOL,EEFT,EGP,EHC,ELF,ELS,EME,ENOV,ENS,EPR,EQH,ESAB,ESNT,EVR,EWBC,EXE,EXEL,EXLS,EXP,EXPO,FAF,FBIN,FCFS,FCN,FFIN,FHI,FHN,FIVE,FIX,FLG,FLO,FLR,FLS,FN,FNB,FND,FNF,FR,FYBR,G,GAP,GATX,GBCI,GEF,GGG,GHC,GLPI,GME,GMED,GNTX,GPK,GT,GTLS,GTM,GXO,H,HAE,HALO,HGV,HLI,HLNE,HOG,HOMB,HQY,HR,HRB,HWC,HXL,IBKR,IBOC,IDA,ILMN,INGR,IPGP,IRDM,IRT,ITT,JAZZ,JEF,JHG,JLL,JWN,KBH,KBR,KD,KEX,KMPR,KNF,KNSL,KNX,KRC,KRG,LAD,LAMR,LEA,LECO,LFUS,LII,LITE,LIVN,LNTH,LNW,LOPE,LPX,LSCC,LSTR,M,MAN,MANH,MASI,MAT,MDU,MEDP,MIDD,MKSI,MMS,MORN,MSA,MSM,MTDR,MTG,MTN,MTSI,MTZ,MUR,MUSA,MZTI,NBIX,NEOG,NEU,NFG,NJR,NLY,NNN,NOV,NOVT,NSA,NSP,NVST,NVT,NWE,NXST,NXT,NYT,OC,OGE,OGS,OHI,OLED,OLLI,OLN,ONB,ONTO,OPCH,ORA,ORI,OSK,OVV,OZK,P,PAG,PB,PBF,PCH,PCTY,PEN,PFGC,PII,PK,PLNT,PNFP,POR,POST,POWI,PPC,PR,PRGO,PRI,PSN,PVH,QLYS,R,RBA,RBC,RCM,REXR,RGA,RGEN,RGLD,RH,RLI,RMBS,RNR,ROIV,RPM,RRC,RRX,RS,RYAN,RYN,SAIA,SAIC,SAM,SBRA,SCI,SEIC,SF,SFM,SGI,SHC,SIGI,SKX,SLAB,SLGN,SLM,SMG,SNV,SNX,SON,SR,SRCL,SRPT,SSB,SSD,ST,STAG,STWD,SWN,SWX,SYNA,TCBI,TDC,TEX,THC,THG,THO,TKO,TKR,TMHC,TNL,TOL,TPL,TREX,TTC,TTEK,TXNM,TXRH,UAA/UA,UBSI,UFPI,UGI,UMBF,UNM,USFD,UTHR,VAC,VAL,VC,VLY,VMI,VNO,VNOM,VNT,VOYA,VSH,VVV,WAL,WBS,WCC,WEN,WEX,WFRD,WH,WHR,WING,WLK,WMG,WMS,WPC,WSM,WSO,WTFC,WTRG,WTS,WU,WWD,X,XPO,XRAY,YETI,ZION"
2024-10-01,"AA,AAL,AAON,ACHC,ACM,ADC,AFG,AGCO,AIT,ALE,ALGM,ALLY,ALTM,ALTR,ALV,AM,AMED,AMG,AMH,AMKR,AN,ANF,APPF,AR,ARMK,ARW,ARWR,ASB,ASGN,ASH,ATR,AVNT,AVT,AVTR,AXTA,AYI,AZPN,AZTA,BC,BCO,BDC,BERY,BHF,BIO,BJ,BKH,BLD,BLKB,BMRN,BRBR,BRKR,BRX,BURL,BWXT,BYD,CACI,CADE,CAR,CASY,CBSH,CBT,CC,CCK,CDP,CELH,CFR,CG,CGNX,CHDN,CHE,CHH,CHRD,CHX,CIEN,CIVI,CLF,CLH,CMC,CNH,CNM,CNO,CNX,CNXC,COHR,COKE,COLB,COLM,COTY,CPRI,CR,CRI,CROX,CRUS,CSL,CUBE,CUZ,CVLT,CW,CXT,CYTK,DAR,DBX,DCI,DINO,DKS,DLB,DOCS,DT,DTM,DUOL,EEFT,EGP,EHC,ELF,ELS,EME,ENOV,ENS,ENSG,EPR,EQH,ESAB,ESNT,EVR,EWBC,EXE,EXEL,EXLS,EXP,EXPO,FAF,FBIN,FCFS,FCN,FFIN,FHI,FHN,FIVE,FIX,FLG,FLO,FLR,FLS,FN,FNB,FND,FNF,FR,FYBR,G,GAP,GATX,GBCI,GEF,GGG,GHC,GLPI,GME,GMED,GNTX,GPK,GT,GTLS,GTM,GXO,H,HAE,HALO,HGV,HLI,HLNE,HOG,HOMB,HQY,HR,HRB,HWC,HXL,IBKR,IBOC,IDA,ILMN,INGR,IPGP,IRDM,IRT,ITT,JAZZ,JEF,JHG,JLL,JWN,KBH,KBR,KD,KEX,KMPR,KNF,KNSL,KNX,KRC,KRG,LAD,LAMR,LEA,LECO,LFUS,LII,LITE,LIVN,LNTH,LNW,LOPE,LPX,LSCC,LSTR,M,MAN,MANH,MASI,MAT,MDU,MEDP,MIDD,MKSI,MMS,MORN,MSA,MSM,MTDR,MTG,MTN,MTSI,MTZ,MUR,MUSA,MZTI,NBIX,NEOG,NEU,NFG,NJR,NLY,NNN,NOV,NOVT,NSA,NSP,NVST,NVT,NWE,NXST,NXT,NYT,OC,OGE,OGS,OHI,OLED,OLLI,OLN,ONB,ONTO,OPCH,ORA,ORI,OSK,OVV,OZK,P,PAG,PB,PBF,PCH,PCTY,PEN,PFGC,PII,PK,PLNT,PNFP,POR,POST,POWI,PPC,PR,PRGO,PRI,PSN,PVH,QLYS,R,RBA,RBC,RCM,REXR,RGA,RGEN,RGLD,RH,RLI,RMBS,RNR,ROIV,RPM,RRC,RRX,RS,RYAN,RYN,SAIA,SAIC,SAM,SBRA,SCI,SEIC,SF,SFM,SGI,SHC,SIGI,SKX,SLAB,SLGN,SLM,SMG,SNV,SNX,SON,SR,SRCL,SRPT,SSB,SSD,ST,STAG,STWD,SWX,SYNA,TCBI,TDC,TEX,THC,THG,THO,TKO,TKR,TMHC,TNL,TOL,TPL,TREX,TTC,TTEK,TXNM,TXRH,UAA/UA,UBSI,UFPI,UGI,UMBF,UNM,USFD,UTHR,VAC,VAL,VC,VLY,VMI,VNO,VNOM,VNT,VOYA,VSH,VVV,WAL,WBS,WCC,WEN,WEX,WFRD,WH,WHR,WING,WLK,WMG,WMS,WPC,WSM,WSO,WTFC,WTRG,WTS,WU,WWD,X,XPO,XRAY,YETI,ZION"
2024-10-11,"AA,AAL,AAON,ACHC,ACM,ADC,AFG,AGCO,AIT,ALE,ALGM,ALLY,ALTM,ALTR,ALV,AM,AMED,AMG,AMH,AMKR,AN,ANF,APPF,AR,ARMK,ARW,ARWR,ASB,ASGN,ASH,ATR,AVNT,AVT,AVTR,AXTA,AYI,AZPN,AZTA,BC,BCO,BDC,BERY,BHF,BIO,BJ,BKH,BLD,BLKB,BMRN,BRBR,BRKR,BRX,BURL,BWXT,BYD,CACI,CADE,CAR,CASY,CBSH,CBT,CC,CCK,CDP,CELH,CFR,CG,CGNX,CHDN,CHE,CHH,CHRD,CHX,CIEN,CIVI,CLF,CLH,CMC,CNH,CNM,CNO,CNX,CNXC,COHR,COKE,COLB,COLM,COTY,CPRI,CR,CRI,CROX,CRUS,CSL,CUBE,CUZ,CVLT,CW,CXT,CYTK,DAR,DBX,DCI,DINO,DKS,DLB,DOCS,DOCU,DT,DTM,DUOL,EEFT,EGP,EHC,ELF,ELS,EME,ENOV,ENS,ENSG,EPR,EQH,ESAB,ESNT,EVR,EWBC,EXE,EXEL,EXLS,EXP,EXPO,FAF,FBIN,FCFS,FCN,FFIN,FHI,FHN,FIVE,FIX,FLG,FLO,FLR,FLS,FN,FNB,FND,FNF,FR,FYBR,G,GAP,GATX,GBCI,GEF,GGG,GHC,GLPI,GME,GMED,GNTX,GPK,GT,GTLS,GTM,GXO,H,HAE,HALO,HGV,HLI,HLNE,HOG,HOMB,HQY,HR,HRB,HWC,HXL,IBKR,IBOC,IDA,ILMN,INGR,IPGP,IRDM,IRT,ITT,JAZZ,JEF,JHG,JLL,JWN,KBH,KBR,KD,KEX,KMPR,KNF,KNSL,KNX,KRC,KRG,LAD,LAMR,LEA,LECO,LFUS,LII,LITE,LIVN,LNTH,LNW,LOPE,LPX,LSCC,LSTR,M,MAN,MANH,MASI,MAT,MEDP,MIDD,MKSI,MMS,MORN,MSA,MSM,MTDR,MTG,MTN,MTSI,MTZ,MUR,MUSA,MZTI,NBIX,NEOG,NEU,NFG,NJR,NLY,NNN,NOV,NOVT,NSA,NSP,NVST,NVT,NWE,NXST,NXT,NYT,OC,OGE,OGS,OHI,OLED,OLLI,OLN,ONB,ONTO,OPCH,ORA,ORI,OSK,OVV,OZK,P,PAG,PB,PBF,PCH,PCTY,PEN,PFGC,PII,PK,PLNT,PNFP,POR,POST,POWI,PPC,PR,PRGO,PRI,PSN,PVH,QLYS,R,RBA,RBC,RCM,REXR,RGA,RGEN,RGLD,RH,RLI,RMBS,RNR,ROIV,RPM,RRC,RRX,RS,RYAN,RYN,SAIA,SAIC,SAM,SBRA,SCI,SEIC,SF,SFM,SGI,SHC,SIGI,SKX,SLAB,SLGN,SLM,SMG,SNV,SNX,SON,SR,SRCL,SRPT,SSB,SSD,ST,STAG,STWD,SWX,SYNA,TCBI,TDC,TEX,THC,THG,THO,TKO,TKR,TMHC,TNL,TOL,TPL,TREX,TTC,TTEK,TXNM,TXRH,UAA/UA,UBSI,UFPI,UGI,UMBF,UNM,USFD,UTHR,VAC,VAL,VC,VLY,VMI,VNO,VNOM,VNT,VOYA,VSH,VVV,WAL,WBS,WCC,WEN,WEX,WFRD,WH,WHR,WING,WLK,WMG,WMS,WPC,WSM,WSO,WTFC,WTRG,WTS,WU,WWD,X,XPO,XRAY,YETI,ZION"
2024-11-06,"AA,AAL,AAON,ACHC,ACM,ADC,AFG,AGCO,AIT,ALE,ALGM,ALLY,ALTM,ALTR,ALV,AM,AMED,AMG,AMH,AMKR,AN,ANF,APPF,AR,ARMK,ARW,ARWR,ASB,ASGN,ASH,ATR,AVNT,AVT,AVTR,AXTA,AYI,AZPN,AZTA,BC,BCO,BDC,BERY,BHF,BIO,BJ,BKH,BLD,BLKB,BMRN,BRBR,BRKR,BRX,BURL,BWXT,BYD,CACI,CADE,CAR,CASY,CBSH,CBT,CC,CCK,CDP,CELH,CFR,CG,CGNX,CHDN,CHE,CHH,CHRD,CHWY,CHX,CIEN,CIVI,CLF,CLH,CMC,CNH,CNM,CNO,CNX,CNXC,COHR,COKE,COLB,COLM,COTY,CPRI,CR,CRI,CROX,CRUS,CSL,CUBE,CUZ,CVLT,CW,CXT,CYTK,DAR,DBX,DCI,DINO,DKS,DLB,DOCS,DOCU,DT,DTM,DUOL,EEFT,EGP,EHC,ELF,ELS,EME,ENOV,ENS,ENSG,EPR,EQH,ESAB,ESNT,EVR,EWBC,EXE,EXEL,EXLS,EXP,EXPO,FAF,FBIN,FCFS,FCN,FFIN,FHI,FHN,FIVE,FIX,FLG,FLO,FLR,FLS,FN,FNB,FND,FNF,FR,FYBR,G,GAP,GATX,GBCI,GEF,GGG,GHC,GLPI,GME,GMED,GNTX,GPK,GT,GTLS,GTM,GXO,H,HAE,HALO,HGV,HLI,HLNE,HOG,HOMB,HQY,HR,HRB,HWC,HXL,IBKR,IBOC,IDA,ILMN,INGR,IPGP,IRDM,IRT,ITT,JAZZ,JEF,JHG,JLL,JWN,KBH,KBR,KD,KEX,KMPR,KNF,KNSL,KNX,KRC,KRG,LAD,LAMR,LEA,LECO,LFUS,LII,LITE,LIVN,LNTH,LNW,LOPE,LPX,LSCC,LSTR,M,MAN,MANH,MASI,MAT,MEDP,MIDD,MKSI,MMS,MORN,MSA,MSM,MTDR,MTG,MTN,MTSI,MTZ,MUR,MUSA,MZTI,NBIX,NEOG,NEU,NFG,NJR,NLY,NNN,NOV,NOVT,NSA,NSP,NVST,NVT,NWE,NXST,NXT,NYT,OC,OGE,OGS,OHI,OLED,OLLI,OLN,ONB,ONTO,OPCH,ORA,ORI,OSK,OVV,OZK,P,PAG,PB,PBF,PCH,PCTY,PEN,PFGC,PII,PK,PLNT,PNFP,POR,POST,POWI,PPC,PR,PRGO,PRI,PSN,PVH,QLYS,R,RBA,RBC,RCM,REXR,RGA,RGEN,RGLD,RH,RLI,RMBS,RNR,ROIV,RPM,RRC,RRX,RS,RYAN,RYN,SAIA,SAIC,SAM,SBRA,SCI,SEIC,SF,SFM,SGI,SHC,SIGI,SKX,SLAB,SLGN,SLM,SMG,SNV,SNX,SON,SR,SRPT,SSB,SSD,ST,STAG,STWD,SWX,SYNA,TCBI,TDC,TEX,THC,THG,THO,TKO,TKR,TMHC,TNL,TOL,TPL,TREX,TTC,TTEK,TXNM,TXRH,UAA/UA,UBSI,UFPI,UGI,UMBF,UNM,USFD,UTHR,VAC,VAL,VC,VLY,VMI,VNO,VNOM,VNT,VOYA,VSH,VVV,WAL,WBS,WCC,WEN,WEX,WFRD,WH,WHR,WING,WLK,WMG,WMS,WPC,WSM,WSO,WTFC,WTRG,WTS,WU,WWD,X,XPO,XRAY,YETI,ZION"
2024-11-20,"AA,AAL,AAON,ACHC,ACM,ADC,AFG,AGCO,AIT,ALE,ALGM,ALLY,ALTM,ALTR,ALV,AM,AMED,AMG,AMH,AMKR,AN,ANF,APPF,AR,ARMK,ARW,ARWR,ASB,ASGN,ASH,ATR,AVNT,AVT,AVTR,AXTA,AYI,AZPN,AZTA,BC,BCO,BDC,BERY,BHF,BIO,BJ,BKH,BLD,BLKB,BMRN,BRBR,BRKR,BRX,BURL,BWXT,BYD,CACI,CADE,CAR,CASY,CBSH,CBT,CC,CCK,CDP,CELH,CFR,CG,CGNX,CHDN,CHE,CHH,CHRD,CHWY,CHX,CIEN,CIVI,CLF,CLH,CMC,CNH,CNM,CNO,CNX,CNXC,COHR,COKE,COLB,COLM,COTY,CPRI,CR,CRI,CROX,CRUS,CSL,CUBE,CUZ,CVLT,CW,CXT,CYTK,DAR,DBX,DCI,DINO,DKS,DLB,DOCS,DOCU,DT,DTM,DUOL,EEFT,EGP,EHC,ELF,ELS,EME,ENOV,ENS,ENSG,EPR,EQH,ESAB,ESNT,EVR,EWBC,EXE,EXEL,EXLS,EXP,EXPO,FAF,FBIN,FCFS,FCN,FFIN,FHI,FHN,FIVE,FIX,FLG,FLO,FLR,FLS,FN,FNB,FND,FNF,FOUR,FR,FYBR,G,GAP,GATX,GBCI,GEF,GGG,GHC,GLPI,GME,GMED,GNTX,GPK,GT,GTLS,GTM,GXO,H,HAE,HALO,HGV,HLI,HLNE,HOG,HOMB,HQY,HR,HRB,HWC,HXL,IBKR,IBOC,IDA,ILMN,INGR,IPGP,IRDM,IRT,ITT,JAZZ,JEF,JHG,JLL,JWN,KBH,KBR,KD,KEX,KMPR,KNF,KNSL,KNX,KRC,KRG,LAD,LAMR,LEA,LECO,LFUS,LII,LITE,LIVN,LNTH,LNW,LOPE,LPX,LSCC,LSTR,M,MAN,MANH,MASI,MAT,MEDP,MIDD,MKSI,MMS,MORN,MSA,MSM,MTDR,MTG,MTN,MTSI,MTZ,MUR,MUSA,MZTI,NBIX,NEOG,NEU,NFG,NJR,NLY,NNN,NOV,NOVT,NSA,NSP,NVST,NVT,NWE,NXST,NXT,NYT,OC,OGE,OGS,OHI,OLED,OLLI,OLN,ONB,ONTO,OPCH,ORA,ORI,OSK,OVV,OZK,P,PAG,PB,PBF,PCH,PCTY,PEN,PFGC,PII,PK,PLNT,PNFP,POR,POST,POWI,PPC,PR,PRGO,PRI,PSN,PVH,QLYS,R,RBA,RBC,REXR,RGA,RGEN,RGLD,RH,RLI,RMBS,RNR,ROIV,RPM,RRC,RRX,RS,RYAN,RYN,SAIA,SAIC,SAM,SBRA,SCI,SEIC,SF,SFM,SGI,SHC,SIGI,SKX,SLAB,SLGN,SLM,SMG,SNV,SNX,SON,SR,SRPT,SSB,SSD,ST,STAG,STWD,SWX,SYNA,TCBI,TDC,TEX,THC,THG,THO,TKO,TKR,TMHC,TNL,TOL,TPL,TREX,TTC,TTEK,TXNM,TXRH,UAA/UA,UBSI,UFPI,UGI,UMBF,UNM,USFD,UTHR,VAC,VAL,VC,VLY,VMI,VNO,VNOM,VNT,VOYA,VSH,VVV,WAL,WBS,WCC,WEN,WEX,WFRD,WH,WHR,WING,WLK,WMG,WMS,WPC,WSM,WSO,WTFC,WTRG,WTS,WU,WWD,X,XPO,XRAY,YETI,ZION"
2024-11-25,"AA,AAL,AAON,ACHC,ACM,ADC,AFG,AGCO,AIT,ALE,ALGM,ALLY,ALTM,ALTR,ALV,AM,AMED,AMG,AMH,AMKR,AN,ANF,APPF,AR,ARMK,ARW,ARWR,ASB,ASGN,ASH,ATR,AVNT,AVT,AVTR,AXTA,AYI,AZPN,BC,BCO,BDC,BERY,BHF,BIO,BJ,BKH,BLD,BLKB,BMRN,BRBR,BRKR,BRX,BURL,BWXT,BYD,CACI,CADE,CAR,CASY,CBSH,CBT,CC,CCK,CDP,CELH,CFR,CG,CGNX,CHDN,CHE,CHH,CHRD,CHWY,CHX,CIEN,CIVI,CLF,CLH,CMC,CNH,CNM,CNO,CNX,CNXC,COHR,COKE,COLB,COLM,COTY,CPRI,CR,CRI,CROX,CRUS,CSL,CUBE,CUZ,CVLT,CW,CXT,CYTK,DAR,DBX,DCI,DINO,DKS,DLB,DOCS,DOCU,DT,DTM,DUOL,EEFT,EGP,EHC,ELF,ELS,EME,ENOV,ENS,ENSG,EPR,EQH,ESAB,ESNT,EVR,EWBC,EXE,EXEL,EXLS,EXP,EXPO,FAF,FBIN,FCFS,FCN,FFIN,FHI,FHN,FIVE,FIX,FLEX,FLG,FLO,FLR,FLS,FN,FNB,FND,FNF,FOUR,FR,FYBR,G,GAP,GATX,GBCI,GEF,GGG,GHC,GLPI,GME,GMED,GNTX,GPK,GT,GTLS,GTM,GXO,H,HAE,HALO,HGV,HLI,HLNE,HOG,HOMB,HQY,HR,HRB,HWC,HXL,IBKR,IBOC,IDA,ILMN,INGR,IPGP,IRDM,IRT,ITT,JAZZ,JEF,JHG,JLL,JWN,KBH,KBR,KD,KEX,KMPR,KNF,KNSL,KNX,KRC,KRG,LAD,LAMR,LEA,LECO,LFUS,LII,LITE,LIVN,LNTH,LNW,LOPE,LPX,LSCC,LSTR,M,MAN,MANH,MASI,MAT,MEDP,MIDD,MKSI,MMS,MORN,MSA,MSM,MTDR,MTG,MTN,MTSI,MTZ,MUR,MUSA,MZTI,NBIX,NEOG,NEU,NFG,NJR,NLY,NNN,NOV,NOVT,NSA,NSP,NVST,NVT,NWE,NXST,NXT,NYT,OC,OGE,OGS,OHI,OLED,OLLI,OLN,ONB,ONTO,OPCH,ORA,ORI,OSK,OVV,OZK,P,PAG,PB,PBF,PCH,PCTY,PEN,PFGC,PII,PK,PLNT,PNFP,POR,POST,POWI,PPC,PR,PRGO,PRI,PSN,PVH,QLYS,R,RBA,RBC,REXR,RGA,RGEN,RGLD,RH,RLI,RMBS,RNR,ROIV,RPM,RRC,RRX,RS,RYAN,RYN,SAIA,SAIC,SAM,SBRA,SCI,SEIC,SF,SFM,SGI,SHC,SIGI,SKX,SLAB,SLGN,SLM,SMG,SNV,SNX,SON,SR,SRPT,SSB,SSD,ST,STAG,STWD,SWX,SYNA,TCBI,TDC,TEX,THC,THG,THO,TKO,TKR,TMHC,TNL,TOL,TPL,TREX,TTC,TTEK,TXNM,TXRH,UAA/UA,UBSI,UFPI,UGI,UMBF,UNM,USFD,UTHR,VAC,VAL,VC,VLY,VMI,VNO,VNOM,VNT,VOYA,VSH,VVV,WAL,WBS,WCC,WEN,WEX,WFRD,WH,WHR,WING,WLK,WMG,WMS,WPC,WSM,WSO,WTFC,WTRG,WTS,WU,WWD,X,XPO,XRAY,YETI,ZION"
2024-11-26,"AA,AAL,AAON,ACHC,ACM,ADC,AFG,AGCO,AIT,ALE,ALGM,ALLY,ALTM,ALTR,ALV,AM,AMED,AMG,AMH,AMKR,AN,ANF,APPF,AR,ARMK,ARW,ARWR,ASB,ASGN,ASH,ATR,AVNT,AVT,AVTR,AXTA,AYI,AZPN,BC,BCO,BDC,BERY,BHF,BIO,BJ,BKH,BLD,BLKB,BMRN,BRBR,BRKR,BRX,BURL,BWXT,BYD,CACI,CADE,CAR,CASY,CBSH,CBT,CC,CCK,CDP,CELH,CFR,CG,CGNX,CHDN,CHE,CHH,CHRD,CHWY,CHX,CIEN,CIVI,CLF,CLH,CMC,CNH,CNM,CNO,CNX,CNXC,COHR,COKE,COLB,COLM,COTY,CPRI,CR,CRI,CROX,CRUS,CSL,CUBE,CUZ,CVLT,CW,CXT,CYTK,DAR,DBX,DCI,DINO,DKS,DLB,DOCS,DOCU,DT,DTM,DUOL,EEFT,EGP,EHC,ELF,ELS,EME,ENOV,ENS,ENSG,EPR,EQH,ESAB,ESNT,EVR,EWBC,EXE,EXEL,EXLS,EXP,EXPO,FAF,FBIN,FCFS,FCN,FFIN,FHI,FHN,FIVE,FIX,FLEX,FLG,FLO,FLR,FLS,FN,FNB,FND,FNF,FOUR,FR,FYBR,G,GAP,GATX,GBCI,GEF,GGG,GHC,GLPI,GME,GMED,GNTX,GPK,GT,GTLS,GTM,GXO,H,HAE,HALO,HGV,HLI,HLNE,HOG,HOMB,HQY,HR,HRB,HWC,HXL,IBKR,IBOC,IDA,ILMN,INGR,IPGP,IRDM,IRT,ITT,JAZZ,JEF,JHG,JLL,JWN,KBH,KBR,KD,KEX,KMPR,KNF,KNSL,KNX,KRC,KRG,LAD,LAMR,LEA,LECO,LFUS,LII,LITE,LIVN,LNTH,LNW,LOPE,LPX,LSCC,LSTR,M,MAN,MANH,MASI,MAT,MEDP,MIDD,MKSI,MLI,MMS,MORN,MSA,MSM,MTDR,MTG,MTN,MTSI,MTZ,MUR,MUSA,MZTI,NBIX,NEOG,NEU,NFG,NJR,NLY,NNN,NOV,NOVT,NSA,NSP,NVST,NVT,NWE,NXST,NXT,NYT,OC,OGE,OGS,OHI,OLED,OLLI,OLN,ONB,ONTO,OPCH,ORA,ORI,OSK,OVV,OZK,P,PAG,PB,PBF,PCH,PCTY,PEN,PFGC,PII,PK,PLNT,PNFP,POR,POST,POWI,PPC,PR,PRGO,PRI,PSN,PVH,QLYS,R,RBA,RBC,REXR,RGA,RGEN,RGLD,RH,RLI,RMBS,RNR,ROIV,RPM,RRC,RRX,RS,RYAN,RYN,SAIA,SAIC,SAM,SBRA,SCI,SEIC,SF,SFM,SGI,SHC,SIGI,SKX,SLAB,SLGN,SLM,SMG,SNV,SNX,SON,SR,SRPT,SSB,SSD,ST,STAG,STWD,SWX,SYNA,TCBI,TDC,TEX,THC,THG,THO,TKO,TKR,TMHC,TNL,TOL,TREX,TTC,TTEK,TXNM,TXRH,UAA/UA,UBSI,UFPI,UGI,UMBF,UNM,USFD,UTHR,VAC,VAL,VC,VLY,VMI,VNO,VNOM,VNT,VOYA,VSH,VVV,WAL,WBS,WCC,WEN,WEX,WFRD,WH,WHR,WING,WLK,WMG,WMS,WPC,WSM,WSO,WTFC,WTRG,WTS,WU,WWD,X,XPO,XRAY,YETI,ZION"
2024-12-23,"AA,AAL,AAON,ACHC,ACM,ADC,AFG,AGCO,AIT,ALE,ALGM,ALLY,ALTM,ALTR,ALV,AM,AMED,AMG,AMH,AMKR,AN,ANF,APPF,AR,ARMK,ARW,ARWR,ASB,ASGN,ASH,ATR,AVNT,AVT,AVTR,AXTA,AYI,AZPN,BC,BCO,BDC,BERY,BHF,BILL,BIO,BJ,BKH,BLD,BLKB,BMRN,BRBR,BRKR,BRX,BURL,BWXT,BYD,CACI,CADE,CAR,CASY,CBSH,CBT,CC,CCK,CDP,CELH,CFR,CG,CGNX,CHDN,CHE,CHH,CHRD,CHWY,CHX,CIEN,CIVI,CLF,CLH,CMA,CMC,CNH,CNM,CNO,CNX,CNXC,COHR,COKE,COLB,COLM,COTY,CPRI,CR,CROX,CRS,CRUS,CSL,CUBE,CUZ,CVLT,CW,CXT,CYTK,DAR,DBX,DCI,DINO,DKS,DLB,DOCS,DOCU,DT,DTM,DUOL,EEFT,EGP,EHC,ELF,ELS,EME,ENOV,ENS,ENSG,EPR,EQH,ESAB,ESNT,EVR,EWBC,EXE,EXEL,EXLS,EXP,EXPO,FAF,FBIN,FCFS,FCN,FFIN,FHI,FHN,FIVE,FIX,FLEX,FLG,FLO,FLR,FLS,FN,FNB,FND,FNF,FOUR,FR,FYBR,G,GAP,GATX,GBCI,GEF,GGG,GHC,GLPI,GME,GMED,GNTX,GPK,GT,GTLS,GTM,GXO,H,HAE,HALO,HGV,HLI,HLNE,HOG,HOMB,HQY,HR,HRB,HWC,HXL,IBKR,IBOC,IDA,ILMN,INGR,IPGP,IRDM,IRT,ITT,JAZZ,JEF,JHG,JLL,JWN,KBH,KBR,KD,KEX,KMPR,KNF,KNSL,KNX,KRC,KRG,LAD,LAMR,LEA,LECO,LFUS,LITE,LIVN,LNTH,LNW,LOPE,LPX,LSCC,LSTR,M,MAN,MANH,MASI,MAT,MEDP,MIDD,MKSI,MLI,MMS,MORN,MSA,MSM,MTDR,MTG,MTN,MTSI,MTZ,MUR,MUSA,MZTI,NBIX,NEOG,NEU,NFG,NJR,NLY,NNN,NOV,NOVT,NSA,NSP,NVST,NVT,NWE,NXST,NXT,NYT,OC,OGE,OGS,OHI,OLED,OLLI,OLN,ONB,ONTO,OPCH,ORA,ORI,OSK,OVV,OZK,P,PAG,PB,PBF,PCH,PCTY,PEN,PFGC,PII,PK,PLNT,PNFP,POR,POST,POWI,PPC,PR,PRGO,PRI,PSN,PVH,QLYS,R,RBA,RBC,REXR,RGA,RGEN,RGLD,RH,RLI,RMBS,RNR,ROIV,RPM,RRC,RRX,RS,RYAN,RYN,SAIA,SAIC,SAM,SBRA,SCI,SEIC,SF,SFM,SGI,SHC,SIGI,SKX,SLAB,SLGN,SLM,SMG,SNV,SNX,SON,SR,SRPT,SSB,SSD,ST,STAG,STWD,SWX,SYNA,TCBI,TDC,TEX,THC,THG,THO,TKO,TKR,TMHC,TNL,TOL,TREX,TTC,TTEK,TXNM,TXRH,UAA/UA,UBSI,UFPI,UGI,UMBF,UNM,USFD,UTHR,VAC,VAL,VC,VLY,VMI,VNO,VNOM,VNT,VOYA,VVV,WAL,WBS,WCC,WEN,WEX,WFRD,WH,WHR,WING,WLK,WMG,WMS,WPC,WSM,WSO,WTFC,WTRG,WTS,WU,WWD,X,XPO,XRAY,YETI,ZION"
2025-01-14,"AA,AAL,AAON,ACHC,ACM,ADC,AFG,AGCO,AIT,ALE,ALGM,ALLY,ALTM,ALTR,ALV,AM,AMED,AMG,AMH,AMKR,AN,ANF,APPF,AR,ARMK,ARW,ARWR,ASB,ASGN,ASH,ATR,AVNT,AVT,AVTR,AXTA,AYI,AZPN,BC,BCO,BDC,BERY,BHF,BILL,BIO,BJ,BKH,BLD,BLKB,BMRN,BRBR,BRKR,BRX,BURL,BWXT,BYD,CACI,CADE,CAR,CART,CASY,CBSH,CBT,CC,CCK,CDP,CELH,CFR,CG,CGNX,CHDN,CHE,CHH,CHRD,CHWY,CHX,CIEN,CIVI,CLF,CLH,CMA,CMC,CNH,CNM,CNO,CNX,CNXC,COHR,COKE,COLB,COLM,COTY,CPRI,CR,CROX,CRS,CRUS,CSL,CUBE,CUZ,CVLT,CW,CXT,CYTK,DAR,DBX,DCI,DINO,DKS,DLB,DOCS,DOCU,DT,DTM,DUOL,EEFT,EGP,EHC,ELF,ELS,EME,ENS,ENSG,EPR,EQH,ESAB,ESNT,EVR,EWBC,EXE,EXEL,EXLS,EXP,EXPO,FAF,FBIN,FCFS,FCN,FFIN,FHI,FHN,FIVE,FIX,FLEX,FLG,FLO,FLR,FLS,FN,FNB,FND,FNF,FOUR,FR,FYBR,G,GAP,GATX,GBCI,GEF,GGG,GHC,GLPI,GME,GMED,GNTX,GPK,GT,GTLS,GTM,GXO,H,HAE,HALO,HGV,HLI,HLNE,HOG,HOMB,HQY,HR,HRB,HWC,HXL,IBKR,IBOC,IDA,ILMN,INGR,IPGP,IRDM,IRT,ITT,JAZZ,JEF,JHG,JLL,JWN,KBH,KBR,KD,KEX,KMPR,KNF,KNSL,KNX,KRC,KRG,LAD,LAMR,LEA,LECO,LFUS,LITE,LIVN,LNTH,LNW,LOPE,LPX,LSCC,LSTR,M,MAN,MANH,MASI,MAT,MEDP,MIDD,MKSI,MLI,MMS,MORN,MSA,MSM,MTDR,MTG,MTN,MTSI,MTZ,MUR,MUSA,MZTI,NBIX,NEOG,NEU,NFG,NJR,NLY,NNN,NOV,NOVT,NSA,NSP,NVST,NVT,NWE,NXST,NXT,NYT,OC,OGE,OGS,OHI,OLED,OLLI,OLN,ONB,ONTO,OPCH,ORA,ORI,OSK,OVV,OZK,P,PAG,PB,PBF,PCH,PCTY,PEN,PFGC,PII,PK,PLNT,PNFP,POR,POST,POWI,PPC,PR,PRGO,PRI,PSN,PVH,QLYS,R,RBA,RBC,REXR,RGA,RGEN,RGLD,RH,RLI,RMBS,RNR,ROIV,RPM,RRC,RRX,RS,RYAN,RYN,SAIA,SAIC,SAM,SBRA,SCI,SEIC,SF,SFM,SGI,SHC,SIGI,SKX,SLAB,SLGN,SLM,SMG,SNV,SNX,SON,SR,SRPT,SSB,SSD,ST,STAG,STWD,SWX,SYNA,TCBI,TDC,TEX,THC,THG,THO,TKO,TKR,TMHC,TNL,TOL,TREX,TTC,TTEK,TXNM,TXRH,UAA/UA,UBSI,UFPI,UGI,UMBF,UNM,USFD,UTHR,VAC,VAL,VC,VLY,VMI,VNO,VNOM,VNT,VOYA,VVV,WAL,WBS,WCC,WEN,WEX,WFRD,WH,WHR,WING,WLK,WMG,WMS,WPC,WSM,WSO,WTFC,WTRG,WTS,WU,WWD,X,XPO,XRAY,YETI,ZION"
2025-01-27,"AA,AAL,AAON,ACHC,ACM,ADC,AFG,AGCO,AIT,ALE,ALGM,ALLY,ALTM,ALTR,ALV,AM,AMED,AMG,AMH,AMKR,AN,ANF,APPF,AR,ARMK,ARW,ASB,ASGN,ASH,ATR,AVNT,AVT,AVTR,AXTA,AYI,AZPN,BC,BCO,BDC,BERY,BHF,BILL,BIO,BJ,BKH,BLD,BLKB,BMRN,BRBR,BRKR,BRX,BURL,BWXT,BYD,CACI,CADE,CAR,CART,CASY,CBSH,CBT,CC,CCK,CDP,CELH,CFR,CG,CGNX,CHDN,CHE,CHH,CHRD,CHWY,CHX,CIEN,CIVI,CLF,CLH,CMA,CMC,CNH,CNM,CNO,CNX,CNXC,COHR,COKE,COLB,COLM,COTY,CPRI,CR,CROX,CRS,CRUS,CSL,CUBE,CUZ,CVLT,CW,CXT,CYTK,DAR,DBX,DCI,DINO,DKS,DLB,DOCS,DOCU,DT,DTM,DUOL,EEFT,EGP,EHC,ELF,ELS,EME,ENS,ENSG,EPR,EQH,ESAB,ESNT,EVR,EWBC,EXE,EXEL,EXLS,EXP,EXPO,FAF,FBIN,FCFS,FCN,FFIN,FHI,FHN,FIVE,FIX,FLEX,FLG,FLO,FLR,FLS,FN,FNB,FND,FNF,FOUR,FR,FYBR,G,GAP,GATX,GBCI,GEF,GGG,GHC,GLPI,GME,GMED,GNTX,GPK,GT,GTLS,GTM,GWRE,GXO,H,HAE,HALO,HGV,HLI,HLNE,HOG,HOMB,HQY,HR,HRB,HWC,HXL,IBKR,IBOC,IDA,ILMN,INGR,IPGP,IRDM,IRT,ITT,JAZZ,JEF,JHG,JLL,JWN,KBH,KBR,KD,KEX,KMPR,KNF,KNSL,KNX,KRC,KRG,LAD,LAMR,LEA,LECO,LFUS,LITE,LIVN,LNTH,LNW,LOPE,LPX,LSCC,LSTR,M,MAN,MANH,MASI,MAT,MEDP,MIDD,MKSI,MLI,MMS,MORN,MSA,MSM,MTDR,MTG,MTN,MTSI,MTZ,MUR,MUSA,MZTI,NBIX,NEOG,NEU,NFG,NJR,NLY,NNN,NOV,NOVT,NSA,NSP,NVST,NVT,NWE,NXST,NXT,NYT,OC,OGE,OGS,OHI,OLED,OLLI,OLN,ONB,ONTO,OPCH,ORA,ORI,OSK,OVV,OZK,P,PAG,PB,PBF,PCH,PCTY,PEN,PFGC,PII,PK,PLNT,PNFP,POR,POST,POWI,PPC,PR,PRGO,PRI,PSN,PVH,QLYS,R,RBA,RBC,REXR,RGA,RGEN,RGLD,RH,RLI,RMBS,RNR,ROIV,RPM,RRC,RRX,RS,RYAN,RYN,SAIA,SAIC,SAM,SBRA,SCI,SEIC,SF,SFM,SGI,SHC,SIGI,SKX,SLAB,SLGN,SLM,SMG,SNV,SNX,SON,SR,SRPT,SSB,SSD,ST,STAG,STWD,SWX,SYNA,TCBI,TDC,TEX,THC,THG,THO,TKO,TKR,TMHC,TNL,TOL,TREX,TTC,TTEK,TXNM,TXRH,UAA/UA,UBSI,UFPI,UGI,UMBF,UNM,USFD,UTHR,VAC,VAL,VC,VLY,VMI,VNO,VNOM,VNT,VOYA,VVV,WAL,WBS,WCC,WEN,WEX,WFRD,WH,WHR,WING,WLK,WMG,WMS,WPC,WSM,WSO,WTFC,WTRG,WTS,WU,WWD,X,XPO,XRAY,YETI,ZION"
2025-03-06,"AA,AAL,AAON,ACHC,ACM,ADC,AFG,AGCO,AIT,ALE,ALGM,ALLY,ALTR,ALV,AM,AMED,AMG,AMH,AMKR,AN,ANF,APPF,AR,ARMK,ARW,ASB,ASGN,ASH,ATR,AVNT,AVT,AVTR,AXTA,AYI,AZPN,BC,BCO,BDC,BERY,BHF,BILL,BIO,BJ,BKH,BLD,BLKB,BMRN,BRBR,BRKR,BRX,BURL,BWXT,BYD,CACI,CADE,CAR,CART,CASY,CBSH,CBT,CC,CCK,CDP,CELH,CFR,CG,CGNX,CHDN,CHE,CHH,CHRD,CHWY,CHX,CIEN,CIVI,CLF,CLH,CMA,CMC,CNH,CNM,CNO,CNX,CNXC,COHR,COKE,COLB,COLM,COTY,CPRI,CR,CROX,CRS,CRUS,CSL,CUBE,CUZ,CVLT,CW,CXT,CYTK,DAR,DBX,DCI,DINO,DKS,DLB,DOCS,DOCU,DT,DTM,DUOL,EEFT,EGP,EHC,ELF,ELS,EME,ENS,ENSG,ENTG,EPR,EQH,ESAB,ESNT,EVR,EWBC,EXE,EXEL,EXLS,EXP,EXPO,FAF,FBIN,FCFS,FCN,FFIN,FHI,FHN,FIVE,FIX,FLEX,FLG,FLO,FLR,FLS,FN,FNB,FND,FNF,FOUR,FR,FYBR,G,GAP,GATX,GBCI,GEF,GGG,GHC,GLPI,GME,GMED,GNTX,GPK,GT,GTLS,GTM,GWRE,GXO,H,HAE,HALO,HGV,HLI,HLNE,HOG,HOMB,HQY,HR,HRB,HWC,HXL,IBKR,IBOC,IDA,ILMN,INGR,IPGP,IRDM,IRT,ITT,JAZZ,JEF,JHG,JLL,JWN,KBH,KBR,KD,KEX,KMPR,KNF,KNSL,KNX,KRC,KRG,LAD,LAMR,LEA,LECO,LFUS,LITE,LIVN,LNTH,LNW,LOPE,LPX,LSCC,LSTR,M,MAN,MANH,MASI,MAT,MEDP,MIDD,MKSI,MLI,MMS,MORN,MSA,MSM,MTDR,MTG,MTN,MTSI,MTZ,MUR,MUSA,MZTI,NBIX,NEOG,NEU,NFG,NJR,NLY,NNN,NOV,NOVT,NSA,NSP,NVST,NVT,NWE,NXST,NXT,NYT,OC,OGE,OGS,OHI,OLED,OLLI,OLN,ONB,ONTO,OPCH,ORA,ORI,OSK,OVV,OZK,P,PAG,PB,PBF,PCH,PCTY,PEN,PFGC,PII,PK,PLNT,PNFP,POR,POST,POWI,PPC,PR,PRGO,PRI,PSN,PVH,QLYS,R,RBA,RBC,REXR,RGA,RGEN,RGLD,RH,RLI,RMBS,RNR,ROIV,RPM,RRC,RRX,RS,RYAN,RYN,SAIA,SAIC,SAM,SBRA,SCI,SEIC,SF,SFM,SGI,SHC,SIGI,SKX,SLAB,SLGN,SLM,SMG,SNV,SNX,SON,SR,SRPT,SSB,SSD,ST,STAG,STWD,SWX,SYNA,TCBI,TDC,TEX,THC,THG,THO,TKO,TKR,TMHC,TNL,TOL,TREX,TTC,TTEK,TXNM,TXRH,UAA/UA,UBSI,UFPI,UGI,UMBF,UNM,USFD,UTHR,VAC,VAL,VC,VLY,VMI,VNO,VNOM,VNT,VOYA,VVV,WAL,WBS,WCC,WEN,WEX,WFRD,WH,WHR,WING,WLK,WMG,WMS,WPC,WSM,WSO,WTFC,WTRG,WTS,WU,WWD,X,XPO,XRAY,YETI,ZION"
2025-03-11,"AA,AAL,AAON,ACHC,ACI,ACM,ADC,AFG,AGCO,AIT,ALE,ALGM,ALLY,ALTR,ALV,AM,AMED,AMG,AMH,AMKR,AN,ANF,APPF,AR,ARMK,ARW,ASB,ASGN,ASH,ATR,AVNT,AVT,AVTR,AXTA,AYI,BC,BCO,BDC,BERY,BHF,BILL,BIO,BJ,BKH,BLD,BLKB,BMRN,BRBR,BRKR,BRX,BURL,BWXT,BYD,CACI,CADE,CAR,CART,CASY,CBSH,CBT,CC,CCK,CDP,CELH,CFR,CG,CGNX,CHDN,CHE,CHH,CHRD,CHWY,CHX,CIEN,CIVI,CLF,CLH,CMA,CMC,CNH,CNM,CNO,CNX,CNXC,COHR,COKE,COLB,COLM,COTY,CPRI,CR,CROX,CRS,CRUS,CSL,CUBE,CUZ,CVLT,CW,CXT,CYTK,DAR,DBX,DCI,DINO,DKS,DLB,DOCS,DOCU,DT,DTM,DUOL,EEFT,EGP,EHC,ELF,ELS,EME,ENS,ENSG,ENTG,EPR,EQH,ESAB,ESNT,EVR,EWBC,EXE,EXEL,EXLS,EXP,EXPO,FAF,FBIN,FCFS,FCN,FFIN,FHI,FHN,FIVE,FIX,FLEX,FLG,FLO,FLR,FLS,FN,FNB,FND,FNF,FOUR,FR,FYBR,G,GAP,GATX,GBCI,GEF,GGG,GHC,GLPI,GME,GMED,GNTX,GPK,GT,GTLS,GTM,GWRE,GXO,H,HAE,HALO,HGV,HLI,HLNE,HOG,HOMB,HQY,HR,HRB,HWC,HXL,IBKR,IBOC,IDA,ILMN,INGR,IPGP,IRDM,IRT,ITT,JAZZ,JEF,JHG,JLL,JWN,KBH,KBR,KD,KEX,KMPR,KNF,KNSL,KNX,KRC,KRG,LAD,LAMR,LEA,LECO,LFUS,LITE,LIVN,LNTH,LNW,LOPE,LPX,LSCC,LSTR,M,MAN,MANH,MASI,MAT,MEDP,MIDD,MKSI,MLI,MMS,MORN,MSA,MSM,MTDR,MTG,MTN,MTSI,MTZ,MUR,MUSA,MZTI,NBIX,NEOG,NEU,NFG,NJR,NLY,NNN,NOV,NOVT,NSA,NSP,NVST,NVT,NWE,NXST,NXT,NYT,OC,OGE,OGS,OHI,OLED,OLLI,OLN,ONB,ONTO,OPCH,ORA,ORI,OSK,OVV,OZK,P,PAG,PB,PBF,PCH,PCTY,PEN,PFGC,PII,PK,PLNT,PNFP,POR,POST,POWI,PPC,PR,PRGO,PRI,PSN,PVH,QLYS,R,RBA,RBC,REXR,RGA,RGEN,RGLD,RH,RLI,RMBS,RNR,ROIV,RPM,RRC,RRX,RS,RYAN,RYN,SAIA,SAIC,SAM,SBRA,SCI,SEIC,SF,SFM,SGI,SHC,SIGI,SKX,SLAB,SLGN,SLM,SMG,SNV,SNX,SON,SR,SRPT,SSB,SSD,ST,STAG,STWD,SWX,SYNA,TCBI,TDC,TEX,THC,THG,THO,TKO,TKR,TMHC,TNL,TOL,TREX,TTC,TTEK,TXNM,TXRH,UAA/UA,UBSI,UFPI,UGI,UMBF,UNM,USFD,UTHR,VAC,VAL,VC,VLY,VMI,VNO,VNOM,VNT,VOYA,VVV,WAL,WBS,WCC,WEN,WEX,WFRD,WH,WHR,WING,WLK,WMG,WMS,WPC,WSM,WSO,WTFC,WTRG,WTS,WU,WWD,X,XPO,XRAY,YETI,ZION"
2025-03-24,"AA,AAL,AAON,ACHC,ACI,ACM,ADC,AFG,AGCO,AIT,ALE,ALGM,ALK,ALLY,ALTR,ALV,AM,AMED,AMG,AMH,AMKR,AN,ANF,APPF,AR,ARMK,ARW,ASB,ASGN,ASH,ATI,ATR,AVNT,AVT,AVTR,AXTA,AYI,BBWI,BC,BCO,BDC,BERY,BHF,BILL,BIO,BJ,BKH,BLD,BLKB,BMRN,BRBR,BRKR,BRX,BURL,BWXT,BYD,CACI,CADE,CAR,CART,CASY,CBSH,CBT,CCK,CDP,CELH,CFR,CG,CGNX,CHDN,CHE,CHH,CHRD,CHWY,CHX,CIEN,CIVI,CLF,CLH,CMA,CMC,CNH,CNM,CNO,CNX,CNXC,COHR,COKE,COLB,COLM,COTY,CPRI,CR,CROX,CRS,CRUS,CSL,CUBE,CUZ,CVLT,CW,CXT,CYTK,DAR,DBX,DCI,DINO,DKS,DLB,DOCS,DOCU,DT,DTM,DUOL,EEFT,EGP,EHC,ELF,ELS,EME,ENS,ENSG,ENTG,EPR,EQH,ESAB,ESNT,EVR,EWBC,EXEL,EXLS,EXP,EXPO,FAF,FBIN,FCFS,FCN,FFIN,FHI,FHN,FIVE,FIX,FLEX,FLG,FLO,FLR,FLS,FN,FNB,FND,FNF,FOUR,FR,FYBR,G,GAP,GATX,GBCI,GEF,GGG,GHC,GLPI,GME,GMED,GNTX,GPK,GT,GTLS,GTM,GWRE,GXO,H,HAE,HALO,HGV,HIMS,HLI,HLNE,HOG,HOMB,HQY,HR,HRB,HWC,HXL,IBKR,IBOC,IDA,ILMN,INGR,IPGP,IRDM,IRT,ITT,JAZZ,JEF,JHG,JLL,JWN,KBH,KBR,KD,KEX,KMPR,KNF,KNSL,KNX,KRC,KRG,LAD,LAMR,LEA,LECO,LFUS,LITE,LIVN,LNTH,LNW,LOPE,LPX,LSCC,LSTR,M,MAN,MANH,MASI,MAT,MEDP,MIDD,MKSI,MLI,MMS,MORN,MSA,MSM,MTDR,MTG,MTN,MTSI,MTZ,MUR,MUSA,MZTI,NBIX,NEU,NFG,NJR,NLY,NNN,NOV,NOVT,NSA,NSP,NVST,NVT,NWE,NXST,NXT,NYT,OC,OGE,OGS,OHI,OLED,OLLI,OLN,ONB,ONTO,OPCH,ORA,ORI,OSK,OVV,OZK,P,PAG,PB,PBF,PCH,PCTY,PEN,PFGC,PII,PK,PLNT,PNFP,POR,POST,POWI,PPC,PR,PRGO,PRI,PSN,PVH,QLYS,R,RBA,RBC,REXR,RGA,RGEN,RGLD,RH,RLI,RMBS,RNR,ROIV,RPM,RRC,RRX,RS,RYAN,RYN,SAIA,SAIC,SAM,SATS,SBRA,SCI,SEIC,SF,SFM,SGI,SHC,SIGI,SKX,SLAB,SLGN,SLM,SMG,SNV,SNX,SON,SR,SRPT,SSB,SSD,ST,STAG,STWD,SWX,SYNA,TCBI,TEX,THC,THG,THO,TKR,TMHC,TNL,TOL,TREX,TTC,TTEK,TXNM,TXRH,UAA/UA,UBSI,UFPI,UGI,UMBF,UNM,USFD,UTHR,VAC,VAL,VC,VFC,VLY,VMI,VNO,VNOM,VNT,VOYA,VVV,WAL,WBS,WCC,WEN,WEX,WFRD,WH,WHR,WING,WLK,WMG,WMS,WPC,WSO,WTFC,WTRG,WTS,WU,WWD,X,XPO,XRAY,YETI,ZION"
2025-03-31,"AA,AAL,AAON,ACHC,ACI,ACM,ADC,AFG,AGCO,AIT,ALE,ALGM,ALK,ALLY,ALV,AM,AMED,AMG,AMH,AMKR,AN,ANF,APPF,AR,ARMK,ARW,ASB,ASGN,ASH,ATI,ATR,AVNT,AVT,AVTR,AXTA,AYI,BBWI,BC,BCO,BDC,BERY,BHF,BILL,BIO,BJ,BKH,BLD,BLKB,BMRN,BRBR,BRKR,BRX,BURL,BWXT,BYD,CACI,CADE,CAR,CART,CASY,CAVA,CBSH,CBT,CCK,CDP,CELH,CFR,CG,CGNX,CHDN,CHE,CHH,CHRD,CHWY,CHX,CIEN,CIVI,CLF,CLH,CMA,CMC,CNH,CNM,CNO,CNX,CNXC,COHR,COKE,COLB,COLM,COTY,CPRI,CR,CROX,CRS,CRUS,CSL,CUBE,CUZ,CVLT,CW,CXT,CYTK,DAR,DBX,DCI,DINO,DKS,DLB,DOCS,DOCU,DT,DTM,DUOL,EEFT,EGP,EHC,ELF,ELS,EME,ENS,ENSG,ENTG,EPR,EQH,ESAB,ESNT,EVR,EWBC,EXEL,EXLS,EXP,EXPO,FAF,FBIN,FCFS,FCN,FFIN,FHI,FHN,FIVE,FIX,FLEX,FLG,FLO,FLR,FLS,FN,FNB,FND,FNF,FOUR,FR,FYBR,G,GAP,GATX,GBCI,GEF,GGG,GHC,GLPI,GME,GMED,GNTX,GPK,GT,GTLS,GTM,GWRE,GXO,H,HAE,HALO,HGV,HIMS,HLI,HLNE,HOG,HOMB,HQY,HR,HRB,HWC,HXL,IBKR,IBOC,IDA,ILMN,INGR,IPGP,IRDM,IRT,ITT,JAZZ,JEF,JHG,JLL,JWN,KBH,KBR,KD,KEX,KMPR,KNF,KNSL,KNX,KRC,KRG,LAD,LAMR,LEA,LECO,LFUS,LITE,LIVN,LNTH,LNW,LOPE,LPX,LSCC,LSTR,M,MAN,MANH,MASI,MAT,MEDP,MIDD,MKSI,MLI,MMS,MORN,MSA,MSM,MTDR,MTG,MTN,MTSI,MTZ,MUR,MUSA,MZTI,NBIX,NEU,NFG,NJR,NLY,NNN,NOV,NOVT,NSA,NSP,NVST,NVT,NWE,NXST,NXT,NYT,OC,OGE,OGS,OHI,OLED,OLLI,OLN,ONB,ONTO,OPCH,ORA,ORI,OSK,OVV,OZK,P,PAG,PB,PBF,PCH,PCTY,PEN,PFGC,PII,PK,PLNT,PNFP,POR,POST,POWI,PPC,PR,PRGO,PRI,PSN,PVH,QLYS,R,RBA,RBC,REXR,RGA,RGEN,RGLD,RH,RLI,RMBS,RNR,ROIV,RPM,RRC,RRX,RS,RYAN,RYN,SAIA,SAIC,SAM,SATS,SBRA,SCI,SEIC,SF,SFM,SGI,SHC,SIGI,SKX,SLAB,SLGN,SLM,SMG,SNV,SNX,SON,SR,SRPT,SSB,SSD,ST,STAG,STWD,SWX,SYNA,TCBI,TEX,THC,THG,THO,TKR,TMHC,TNL,TOL,TREX,TTC,TTEK,TXNM,TXRH,UAA/UA,UBSI,UFPI,UGI,UMBF,UNM,USFD,UTHR,VAC,VAL,VC,VFC,VLY,VMI,VNO,VNOM,VNT,VOYA,VVV,WAL,WBS,WCC,WEN,WEX,WFRD,WH,WHR,WING,WLK,WMG,WMS,WPC,WSO,WTFC,WTRG,WTS,WU,WWD,X,XPO,XRAY,YETI,ZION"
2025-05-01,"AA,AAL,AAON,ACHC,ACI,ACM,ADC,AFG,AGCO,AIT,ALE,ALGM,ALK,ALLY,ALV,AM,AMED,AMG,AMH,AMKR,AN,ANF,APPF,AR,ARMK,ARW,ASB,ASGN,ASH,ATI,ATR,AVNT,AVT,AVTR,AXTA,AYI,BBWI,BC,BCO,BDC,BHF,BILL,BIO,BJ,BKH,BLD,BLKB,BMRN,BRBR,BRKR,BRX,BURL,BWXT,BYD,CACI,CADE,CAR,CART,CASY,CAVA,CBSH,CBT,CCK,CDP,CELH,CFR,CG,CGNX,CHDN,CHE,CHH,CHRD,CHWY,CHX,CIEN,CIVI,CLF,CLH,CMA,CMC,CNH,CNM,CNO,CNX,CNXC,COHR,COKE,COLB,COLM,COTY,CPRI,CR,CROX,CRS,CRUS,CSL,CUBE,CUZ,CVLT,CW,CXT,CYTK,DAR,DBX,DCI,DINO,DKS,DLB,DOCS,DOCU,DT,DTM,DUOL,EEFT,EGP,EHC,ELF,ELS,EME,ENS,ENSG,ENTG,EPR,EQH,ESAB,ESNT,EVR,EWBC,EXEL,EXLS,EXP,EXPO,FAF,FBIN,FCFS,FCN,FFIN,FHI,FHN,FIVE,FIX,FLEX,FLG,FLO,FLR,FLS,FN,FNB,FND,FNF,FOUR,FR,FYBR,G,GAP,GATX,GBCI,GEF,GGG,GHC,GLPI,GME,GMED,GNTX,GPK,GT,GTLS,GTM,GWRE,GXO,H,HAE,HALO,HGV,HIMS,HLI,HLNE,HOG,HOMB,HQY,HR,HRB,HWC,HXL,IBKR,IBOC,IDA,ILMN,INGR,IPGP,IRDM,IRT,ITT,JAZZ,JEF,JHG,JLL,JWN,KBH,KBR,KD,KEX,KMPR,KNF,KNSL,KNX,KRC,KRG,LAD,LAMR,LEA,LECO,LFUS,LITE,LIVN,LNTH,LNW,LOPE,LPX,LSCC,LSTR,M,MAN,MANH,MASI,MAT,MEDP,MIDD,MKSI,MLI,MMS,MORN,MSA,MSM,MTDR,MTG,MTN,MTSI,MTZ,MUR,MUSA,MZTI,NBIX,NEU,NFG,NJR,NLY,NNN,NOV,NOVT,NSA,NSP,NVST,NVT,NWE,NXST,NXT,NYT,OC,OGE,OGS,OHI,OKTA,OLED,OLLI,OLN,ONB,ONTO,OPCH,ORA,ORI,OSK,OVV,OZK,P,PAG,PB,PBF,PCH,PCTY,PEN,PFGC,PII,PK,PLNT,PNFP,POR,POST,POWI,PPC,PR,PRGO,PRI,PSN,PVH,QLYS,R,RBA,RBC,REXR,RGA,RGEN,RGLD,RH,RLI,RMBS,RNR,ROIV,RPM,RRC,RRX,RS,RYAN,RYN,SAIA,SAIC,SAM,SATS,SBRA,SCI,SEIC,SF,SFM,SGI,SHC,SIGI,SKX,SLAB,SLGN,SLM,SMG,SNV,SNX,SON,SR,SRPT,SSB,SSD,ST,STAG,STWD,SWX,SYNA,TCBI,TEX,THC,THG,THO,TKR,TMHC,TNL,TOL,TREX,TTC,TTEK,TXNM,TXRH,UAA/UA,UBSI,UFPI,UGI,UMBF,UNM,USFD,UTHR,VAC,VAL,VC,VFC,VLY,VMI,VNO,VNOM,VNT,VOYA,VVV,WAL,WBS,WCC,WEN,WEX,WFRD,WH,WHR,WING,WLK,WMG,WMS,WPC,WSO,WTFC,WTRG,WTS,WU,WWD,X,XPO,XRAY,YETI,ZION"
2025-05-22,"AA,AAL,AAON,ACHC,ACI,ACM,ADC,AFG,AGCO,AIT,ALE,ALGM,ALK,ALLY,ALV,AM,AMED,AMG,AMH,AMKR,AN,ANF,APPF,AR,ARMK,ARW,ASB,ASGN,ASH,ATI,ATR,AVNT,AVT,AVTR,AXTA,AYI,BBWI,BC,BCO,BDC,BHF,BILL,BIO,BJ,BKH,BLD,BLKB,BMRN,BRBR,BRKR,BRX,BURL,BWXT,BYD,CACI,CADE,CAR,CART,CASY,CAVA,CBSH,CBT,CCK,CDP,CELH,CFR,CG,CGNX,CHDN,CHE,CHH,CHRD,CHWY,CHX,CIEN,CIVI,CLF,CLH,CMA,CMC,CNH,CNM,CNO,CNX,CNXC,COHR,COKE,COLB,COLM,COTY,CPRI,CR,CROX,CRS,CRUS,CSL,CUBE,CUZ,CVLT,CW,CXT,CYTK,DAR,DBX,DCI,DINO,DKS,DLB,DOCS,DOCU,DT,DTM,DUOL,EEFT,EGP,EHC,ELF,ELS,EME,ENS,ENSG,ENTG,EPR,EQH,ESAB,ESNT,EVR,EWBC,EXEL,EXLS,EXP,EXPO,FAF,FBIN,FCFS,FCN,FFIN,FHI,FHN,FIVE,FIX,FLEX,FLG,FLO,FLR,FLS,FN,FNB,FND,FNF,FOUR,FR,FYBR,G,GAP,GATX,GBCI,GEF,GGG,GHC,GLPI,GME,GMED,GNTX,GPK,GT,GTLS,GTM,GWRE,GXO,H,HAE,HALO,HGV,HIMS,HLI,HLNE,HOG,HOMB,HQY,HR,HRB,HWC,HXL,IBKR,IBOC,IDA,ILMN,INGR,IPGP,IRDM,IRT,ITT,JAZZ,JEF,JHG,JLL,KBH,KBR,KD,KEX,KMPR,KNF,KNSL,KNX,KRC,KRG,LAD,LAMR,LEA,LECO,LFUS,LITE,LIVN,LNTH,LNW,LOPE,LPX,LSCC,LSTR,M,MAN,MANH,MASI,MAT,MEDP,MIDD,MKSI,MLI,MMS,MORN,MSA,MSM,MTDR,MTG,MTN,MTSI,MTZ,MUR,MUSA,MZTI,NBIX,NEU,NFG,NJR,NLY,NNN,NOV,NOVT,NSA,NSP,NVST,NVT,NWE,NXST,NXT,NYT,OC,OGE,OGS,OHI,OKTA,OLED,OLLI,OLN,ONB,ONTO,OPCH,ORA,ORI,OSK,OVV,OZK,P,PAG,PB,PBF,PCH,PCTY,PEGA,PEN,PFGC,PII,PK,PLNT,PNFP,POR,POST,POWI,PPC,PR,PRGO,PRI,PSN,PVH,QLYS,R,RBA,RBC,REXR,RGA,RGEN,RGLD,RH,RLI,RMBS,RNR,ROIV,RPM,RRC,RRX,RS,RYAN,RYN,SAIA,SAIC,SAM,SATS,SBRA,SCI,SEIC,SF,SFM,SGI,SHC,SIGI,SKX,SLAB,SLGN,SLM,SMG,SNV,SNX,SON,SR,SRPT,SSB,SSD,ST,STAG,STWD,SWX,SYNA,TCBI,TEX,THC,THG,THO,TKR,TMHC,TNL,TOL,TREX,TTC,TTEK,TXNM,TXRH,UAA/UA,UBSI,UFPI,UGI,UMBF,UNM,USFD,UTHR,VAC,VAL,VC,VFC,VLY,VMI,VNO,VNOM,VNT,VOYA,VVV,WAL,WBS,WCC,WEN,WEX,WFRD,WH,WHR,WING,WLK,WMG,WMS,WPC,WSO,WTFC,WTRG,WTS,WU,WWD,X,XPO,XRAY,YETI,ZION"
2025-06-24,"AA,AAL,AAON,ACHC,ACI,ACM,ADC,AFG,AGCO,AIT,ALE,ALGM,ALK,ALLY,ALV,AM,AMED,AMG,AMH,AMKR,AN,ANF,APG,APPF,AR,ARMK,ARW,ASB,ASGN,ASH,ATI,ATR,AVNT,AVT,AVTR,AXTA,AYI,BBWI,BC,BCO,BDC,BHF,BILL,BIO,BJ,BKH,BLD,BLKB,BMRN,BRBR,BRKR,BRX,BURL,BWXT,BYD,CACI,CADE,CAR,CART,CASY,CAVA,CBSH,CBT,CCK,CDP,CELH,CFR,CG,CGNX,CHDN,CHE,CHH,CHRD,CHWY,CHX,CIEN,CIVI,CLF,CLH,CMA,CMC,CNH,CNM,CNO,CNX,CNXC,COHR,COKE,COLB,COLM,COTY,CPRI,CR,CROX,CRS,CRUS,CSL,CUBE,CUZ,CVLT,CW,CXT,CYTK,DAR,DBX,DCI,DINO,DKS,DLB,DOCS,DOCU,DT,DTM,DUOL,EEFT,EGP,EHC,ELF,ELS,EME,ENS,ENSG,ENTG,EPR,EQH,ESAB,ESNT,EVR,EWBC,EXEL,EXLS,EXP,EXPO,FAF,FBIN,FCFS,FCN,FFIN,FHI,FHN,FIVE,FIX,FLEX,FLG,FLO,FLR,FLS,FN,FNB,FND,FNF,FOUR,FR,FYBR,G,GAP,GATX,GBCI,GEF,GGG,GHC,GLPI,GME,GMED,GNTX,GPK,GT,GTLS,GTM,GWRE,GXO,H,HAE,HALO,HGV,HIMS,HLI,HLNE,HOG,HOMB,HQY,HR,HRB,HWC,HXL,IBKR,IBOC,IDA,ILMN,INGR,IPGP,IRDM,IRT,ITT,JAZZ,JEF,JHG,JLL,KBH,KBR,KD,KEX,KMPR,KNF,KNSL,KNX,KRC,KRG,LAD,LAMR,LEA,LECO,LFUS,LITE,LIVN,LNTH,LNW,LOPE,LPX,LSCC,LSTR,M,MAN,MANH,MASI,MAT,MEDP,MIDD,MKSI,MLI,MMS,MORN,MSA,MSM,MTDR,MTG,MTN,MTSI,MTZ,MUR,MUSA,MZTI,NBIX,NEU,NFG,NJR,NLY,NNN,NOV,NOVT,NSA,NSP,NVST,NVT,NWE,NXST,NXT,NYT,OC,OGE,OGS,OHI,OKTA,OLED,OLLI,OLN,ONB,ONTO,OPCH,ORA,ORI,OSK,OVV,OZK,P,PAG,PB,PBF,PCH,PCTY,PEGA,PEN,PFGC,PII,PK,PLNT,PNFP,POR,POST,POWI,PPC,PR,PRGO,PRI,PSN,PVH,QLYS,R,RBA,RBC,REXR,RGA,RGEN,RGLD,RH,RLI,RMBS,RNR,ROIV,RPM,RRC,RRX,RS,RYAN,RYN,SAIA,SAIC,SAM,SATS,SBRA,SCI,SEIC,SF,SFM,SGI,SHC,SIGI,SKX,SLAB,SLGN,SLM,SMG,SNV,SNX,SON,SR,SRPT,SSB,SSD,ST,STAG,STWD,SWX,SYNA,TCBI,TEX,THC,THG,THO,TKR,TMHC,TNL,TOL,TREX,TTC,TTEK,TXNM,TXRH,UAA/UA,UBSI,UFPI,UGI,UMBF,UNM,USFD,UTHR,VAC,VAL,VC,VFC,VLY,VMI,VNO,VNOM,VNT,VOYA,VVV,WAL,WBS,WCC,WEN,WEX,WFRD,WH,WHR,WING,WLK,WMG,WMS,WPC,WSO,WTFC,WTRG,WTS,WU,WWD,XPO,XRAY,YETI,ZION"
2025-07-18,"AA,AAL,AAON,ACHC,ACI,ACM,ADC,AFG,AGCO,AIT,ALE,ALGM,ALK,ALLY,ALV,AM,AMED,AMG,AMH,AMKR,AN,ANF,APG,APPF,AR,ARMK,ARW,ASB,ASGN,ASH,ATI,ATR,AVAV,AVNT,AVT,AVTR,AXTA,AYI,BBWI,BC,BCO,BDC,BHF,BILL,BIO,BJ,BKH,BLD,BLKB,BMRN,BRBR,BRKR,BRX,BURL,BWXT,BYD,CACI,CADE,CAR,CART,CASY,CAVA,CBSH,CBT,CCK,CDP,CELH,CFR,CG,CGNX,CHDN,CHE,CHH,CHRD,CHWY,CIEN,CIVI,CLF,CLH,CMA,CMC,CNH,CNM,CNO,CNX,CNXC,COHR,COKE,COLB,COLM,COTY,CPRI,CR,CROX,CRS,CRUS,CSL,CUBE,CUZ,CVLT,CW,CXT,CYTK,DAR,DBX,DCI,DINO,DKS,DLB,DOCS,DOCU,DT,DTM,DUOL,EEFT,EGP,EHC,ELF,ELS,EME,ENS,ENSG,ENTG,EPR,EQH,ESAB,ESNT,EVR,EWBC,EXEL,EXLS,EXP,EXPO,FAF,FBIN,FCFS,FCN,FFIN,FHI,FHN,FIVE,FIX,FLEX,FLG,FLO,FLR,FLS,FN,FNB,FND,FNF,FOUR,FR,FYBR,G,GAP,GATX,GBCI,GEF,GGG,GHC,GLPI,GME,GMED,GNTX,GPK,GT,GTLS,GTM,GWRE,GXO,H,HAE,HALO,HGV,HIMS,HLI,HLNE,HOG,HOMB,HQY,HR,HRB,HWC,HXL,IBKR,IBOC,IDA,ILMN,INGR,IPGP,IRDM,IRT,ITT,JAZZ,JEF,JHG,JLL,KBH,KBR,KD,KEX,KMPR,KNF,KNSL,KNX,KRC,KRG,LAD,LAMR,LEA,LECO,LFUS,LITE,LIVN,LNTH,LNW,LOPE,LPX,LSCC,LSTR,M,MAN,MANH,MASI,MAT,MEDP,MIDD,MKSI,MLI,MMS,MORN,MSA,MSM,MTDR,MTG,MTN,MTSI,MTZ,MUR,MUSA,MZTI,NBIX,NEU,NFG,NJR,NLY,NNN,NOV,NOVT,NSA,NSP,NVST,NVT,NWE,NXST,NXT,NYT,OC,OGE,OGS,OHI,OKTA,OLED,OLLI,OLN,ONB,ONTO,OPCH,ORA,ORI,OSK,OVV,OZK,P,PAG,PB,PBF,PCH,PCTY,PEGA,PEN,PFGC,PII,PK,PLNT,PNFP,POR,POST,POWI,PPC,PR,PRGO,PRI,PSN,PVH,QLYS,R,RBA,RBC,REXR,RGA,RGEN,RGLD,RH,RLI,RMBS,RNR,ROIV,RPM,RRC,RRX,RS,RYAN,RYN,SAIA,SAIC,SAM,SATS,SBRA,SCI,SEIC,SF,SFM,SGI,SHC,SIGI,SKX,SLAB,SLGN,SLM,SMG,SNV,SNX,SON,SR,SRPT,SSB,SSD,ST,STAG,STWD,SWX,SYNA,TCBI,TEX,THC,THG,THO,TKR,TMHC,TNL,TOL,TREX,TTC,TTEK,TXNM,TXRH,UAA/UA,UBSI,UFPI,UGI,UMBF,UNM,USFD,UTHR,VAC,VAL,VC,VFC,VLY,VMI,VNO,VNOM,VNT,VOYA,VVV,WAL,WBS,WCC,WEN,WEX,WFRD,WH,WHR,WING,WLK,WMG,WMS,WPC,WSO,WTFC,WTRG,WTS,WU,WWD,XPO,XRAY,YETI,ZION"
2025-08-19,"AA,AAL,AAON,ACHC,ACI,ACM,ADC,AFG,AGCO,AIT,ALE,ALGM,ALK,ALLY,ALV,AM,AMG,AMH,AMKR,AN,ANF,APG,APPF,AR,ARMK,ARW,ASB,ASGN,ASH,ATI,ATR,AVAV,AVNT,AVT,AVTR,AXTA,AYI,BBWI,BC,BCO,BDC,BHF,BILL,BIO,BJ,BKH,BLD,BLKB,BMRN,BRBR,BRKR,BRX,BURL,BWXT,BYD,CACI,CADE,CAR,CART,CASY,CAVA,CBSH,CBT,CCK,CDP,CELH,CFR,CG,CGNX,CHDN,CHE,CHH,CHRD,CHWY,CIEN,CIVI,CLF,CLH,CMA,CMC,CNH,CNM,CNO,CNX,CNXC,COHR,COKE,COLB,COLM,COTY,CPRI,CR,CROX,CRS,CRUS,CSL,CUBE,CUZ,CVLT,CW,CXT,CYTK,DAR,DBX,DCI,DINO,DKS,DLB,DOCS,DOCU,DT,DTM,DUOL,EEFT,EGP,EHC,ELF,ELS,EME,ENS,ENSG,ENTG,EPR,EQH,ESAB,ESNT,EVR,EWBC,EXEL,EXLS,EXP,EXPO,FAF,FBIN,FCFS,FCN,FFIN,FHI,FHN,FIVE,FIX,FLEX,FLG,FLO,FLR,FLS,FN,FNB,FND,FNF,FOUR,FR,FYBR,G,GAP,GATX,GBCI,GEF,GGG,GHC,GLPI,GME,GMED,GNTX,GPK,GT,GTLS,GTM,GWRE,GXO,H,HAE,HALO,HGV,HIMS,HLI,HLNE,HOG,HOMB,HQY,HR,HRB,HWC,HXL,IBKR,IBOC,IDA,ILMN,INGR,IPGP,IRDM,IRT,ITT,JAZZ,JEF,JHG,JLL,KBH,KBR,KD,KEX,KMPR,KNF,KNSL,KNX,KRC,KRG,LAD,LAMR,LEA,LECO,LFUS,LITE,LIVN,LNTH,LNW,LOPE,LPX,LSCC,LSTR,M,MAN,MANH,MASI,MAT,MEDP,MIDD,MKSI,MLI,MMS,MORN,MSA,MSM,MTDR,MTG,MTN,MTSI,MTZ,MUR,MUSA,MZTI,NBIX,NEU,NFG,NJR,NLY,NNN,NOV,NOVT,NSA,NSP,NVST,NVT,NWE,NXST,NXT,NYT,OC,OGE,OGS,OHI,OKTA,OLED,OLLI,OLN,ONB,ONTO,OPCH,ORA,ORI,OSK,OVV,OZK,P,PAG,PB,PBF,PCH,PCTY,PEGA,PEN,PFGC,PII,PK,PLNT,PNFP,POR,POST,POWI,PPC,PR,PRGO,PRI,PSN,PVH,QLYS,R,RBA,RBC,REXR,RGA,RGEN,RGLD,RH,RLI,RMBS,RNR,ROIV,RPM,RRC,RRX,RS,RYAN,RYN,SAIA,SAIC,SAM,SATS,SBRA,SCI,SEIC,SF,SFM,SGI,SHC,SIGI,SKX,SLAB,SLGN,SLM,SMG,SNV,SNX,SON,SR,SRPT,SSB,SSD,ST,STAG,STWD,SWX,SYNA,TCBI,TEX,THC,THG,THO,TKR,TMHC,TNL,TOL,TREX,TTC,TTEK,TWLO,TXNM,TXRH,UAA/UA,UBSI,UFPI,UGI,UMBF,UNM,USFD,UTHR,VAC,VAL,VC,VFC,VLY,VMI,VNO,VNOM,VNT,VOYA,VVV,WAL,WBS,WCC,WEN,WEX,WFRD,WH,WHR,WING,WLK,WMG,WMS,WPC,WSO,WTFC,WTRG,WTS,WU,WWD,XPO,XRAY,YETI,ZION"
2025-08-28,"AA,AAL,AAON,ACHC,ACI,ACM,ADC,AFG,AGCO,AIT,ALE,ALGM,ALK,ALLY,ALV,AM,AMG,AMH,AMKR,AN,ANF,APG,APPF,AR,ARMK,ARW,ASB,ASGN,ASH,ATI,ATR,AVAV,AVNT,AVT,AVTR,AXTA,AYI,BBWI,BC,BCO,BDC,BHF,BILL,BIO,BJ,BKH,BLD,BLKB,BMRN,BRBR,BRKR,BRX,BURL,BWXT,BYD,CACI,CADE,CAR,CART,CASY,CAVA,CBSH,CBT,CCK,CDP,CELH,CFR,CG,CGNX,CHDN,CHE,CHH,CHRD,CHWY,CIEN,CIVI,CLF,CLH,CMA,CMC,CNH,CNM,CNO,CNX,CNXC,COHR,COKE,COLB,COLM,COTY,CPRI,CR,CROX,CRS,CRUS,CSL,CUBE,CUZ,CVLT,CW,CXT,CYTK,DAR,DBX,DCI,DINO,DKS,DLB,DOCS,DOCU,DT,DTM,DUOL,EEFT,EGP,EHC,ELF,ELS,EME,ENS,ENSG,ENTG,EPR,EQH,ESAB,ESNT,EVR,EWBC,EXEL,EXLS,EXP,EXPO,FAF,FBIN,FCFS,FCN,FFIN,FHI,FHN,FIVE,FIX,FLEX,FLG,FLO,FLR,FLS,FN,FNB,FND,FNF,FOUR,FR,FYBR,G,GAP,GATX,GBCI,GEF,GGG,GHC,GLPI,GME,GMED,GNTX,GPK,GT,GTLS,GTM,GWRE,GXO,H,HAE,HALO,HGV,HIMS,HLI,HLNE,HOG,HOMB,HQY,HR,HRB,HWC,HXL,IBOC,IDA,ILMN,INGR,IPGP,IRDM,IRT,ITT,JAZZ,JEF,JHG,JLL,KBH,KBR,KD,KEX,KMPR,KNF,KNSL,KNX,KRC,KRG,LAD,LAMR,LEA,LECO,LFUS,LITE,LIVN,LNTH,LNW,LOPE,LPX,LSCC,LSTR,M,MAN,MANH,MASI,MAT,MEDP,MIDD,MKSI,MLI,MMS,MORN,MSA,MSM,MTDR,MTG,MTN,MTSI,MTZ,MUR,MUSA,MZTI,NBIX,NEU,NFG,NJR,NLY,NNN,NOV,NOVT,NSA,NSP,NVST,NVT,NWE,NXST,NXT,NYT,OC,OGE,OGS,OHI,OKTA,OLED,OLLI,OLN,ONB,ONTO,OPCH,ORA,ORI,OSK,OVV,OZK,P,PAG,PB,PBF,PCH,PCTY,PEGA,PEN,PFGC,PII,PK,PLNT,PNFP,POR,POST,POWI,PPC,PR,PRGO,PRI,PSN,PVH,QLYS,R,RBA,RBC,REXR,RGA,RGEN,RGLD,RH,RLI,RMBS,RNR,ROIV,RPM,RRC,RRX,RS,RYAN,RYN,SAIA,SAIC,SAM,SATS,SBRA,SCI,SEIC,SF,SFM,SGI,SHC,SIGI,SKX,SLAB,SLGN,SLM,SMG,SNV,SNX,SON,SR,SRPT,SSB,SSD,ST,STAG,STWD,SWX,SYNA,TCBI,TEX,THC,THG,THO,TKR,TLN,TMHC,TNL,TOL,TREX,TTC,TTEK,TWLO,TXNM,TXRH,UAA/UA,UBSI,UFPI,UGI,UMBF,UNM,USFD,UTHR,VAC,VAL,VC,VFC,VLY,VMI,VNO,VNOM,VNT,VOYA,VVV,WAL,WBS,WCC,WEN,WEX,WFRD,WH,WHR,WING,WLK,WMG,WMS,WPC,WSO,WTFC,WTRG,WTS,WU,WWD,XPO,XRAY,YETI,ZION"
2025-09-02,"AA,AAL,AAON,ACHC,ACI,ACM,ADC,AFG,AGCO,AIT,ALE,ALGM,ALK,ALLY,ALV,AM,AMG,AMH,AMKR,AN,ANF,APG,APPF,AR,ARMK,ARW,ASB,ASGN,ASH,ATI,ATR,AVAV,AVNT,AVT,AVTR,AXTA,AYI,BBWI,BC,BCO,BDC,BHF,BILL,BIO,BJ,BKH,BLD,BLKB,BMRN,BRBR,BRKR,BRX,BURL,BWXT,BYD,CACI,CADE,CAR,CART,CASY,CAVA,CBSH,CBT,CCK,CDP,CELH,CFR,CG,CGNX,CHDN,CHE,CHH,CHRD,CHWY,CIEN,CIVI,CLF,CLH,CMA,CMC,CNH,CNM,CNO,CNX,CNXC,COHR,COKE,COLB,COLM,COTY,CPRI,CR,CROX,CRS,CRUS,CSL,CUBE,CUZ,CVLT,CW,CXT,CYTK,DAR,DBX,DCI,DINO,DKS,DLB,DOCS,DOCU,DT,DTM,DUOL,EEFT,EGP,EHC,ELAN,ELF,ELS,EME,ENS,ENSG,ENTG,EPR,EQH,ESAB,ESNT,EVR,EWBC,EXEL,EXLS,EXP,EXPO,FAF,FBIN,FCFS,FCN,FFIN,FHI,FHN,FIVE,FIX,FLEX,FLG,FLO,FLR,FLS,FN,FNB,FND,FNF,FOUR,FR,FYBR,G,GAP,GATX,GBCI,GEF,GGG,GHC,GLPI,GME,GMED,GNTX,GPK,GT,GTLS,GTM,GWRE,GXO,H,HAE,HALO,HGV,HIMS,HLI,HLNE,HOG,HOMB,HQY,HR,HRB,HWC,HXL,IBOC,IDA,ILMN,INGR,IPGP,IRDM,IRT,ITT,JAZZ,JEF,JHG,JLL,KBH,KBR,KD,KEX,KMPR,KNF,KNSL,KNX,KRC,KRG,LAD,LAMR,LEA,LECO,LFUS,LITE,LIVN,LNTH,LNW,LOPE,LPX,LSCC,LSTR,M,MAN,MANH,MASI,MAT,MEDP,MIDD,MKSI,MLI,MMS,MORN,MSA,MSM,MTDR,MTG,MTN,MTSI,MTZ,MUR,MUSA,MZTI,NBIX,NEU,NFG,NJR,NLY,NNN,NOV,NOVT,NSA,NSP,NVST,NVT,NWE,NXST,NXT,NYT,OC,OGE,OGS,OHI,OKTA,OLED,OLLI,OLN,ONB,ONTO,OPCH,ORA,ORI,OSK,OVV,OZK,P,PAG,PB,PBF,PCH,PCTY,PEGA,PEN,PFGC,PII,PK,PLNT,PNFP,POR,POST,POWI,PPC,PR,PRGO,PRI,PSN,PVH,QLYS,R,RBA,RBC,REXR,RGA,RGEN,RGLD,RH,RLI,RMBS,RNR,ROIV,RPM,RRC,RRX,RS,RYAN,RYN,SAIA,SAIC,SAM,SATS,SBRA,SCI,SEIC,SF,SFM,SGI,SHC,SIGI,SKX,SLAB,SLGN,SLM,SMG,SNV,SNX,SON,SR,SSB,SSD,ST,STAG,STWD,SWX,SYNA,TCBI,TEX,THC,THG,THO,TKR,TLN,TMHC,TNL,TOL,TREX,TTC,TTEK,TWLO,TXNM,TXRH,UAA/UA,UBSI,UFPI,UGI,UMBF,UNM,USFD,UTHR,VAC,VAL,VC,VFC,VLY,VMI,VNO,VNOM,VNT,VOYA,VVV,WAL,WBS,WCC,WEN,WEX,WFRD,WH,WHR,WING,WLK,WMG,WMS,WPC,WSO,WTFC,WTRG,WTS,WU,WWD,XPO,XRAY,YETI,ZION"
2025-09-12,"AA,AAL,AAON,ACHC,ACI,ACM,ADC,AFG,AGCO,AIT,ALE,ALGM,ALK,ALLY,ALV,AM,AMG,AMH,AMKR,AN,ANF,APG,APPF,AR,ARMK,ARW,ASB,ASGN,ASH,ATI,ATR,AVAV,AVNT,AVT,AVTR,AXTA,AYI,BBWI,BC,BCO,BDC,BHF,BILL,BIO,BJ,BKH,BLD,BLKB,BMRN,BRBR,BRKR,BRX,BURL,BWXT,BYD,CACI,CADE,CAR,CART,CASY,CAVA,CBSH,CBT,CCK,CDP,CELH,CFR,CG,CGNX,CHDN,CHE,CHH,CHRD,CHWY,CIEN,CIVI,CLF,CLH,CMA,CMC,CNH,CNM,CNO,CNX,CNXC,COHR,COKE,COLB,COLM,COTY,CPRI,CR,CROX,CRS,CRUS,CSL,CUBE,CUZ,CVLT,CW,CXT,CYTK,DAR,DBX,DCI,DINO,DKS,DLB,DOCS,DOCU,DT,DTM,DUOL,EEFT,EGP,EHC,ELAN,ELF,ELS,EME,ENS,ENSG,ENTG,EPR,EQH,ESAB,ESNT,EVR,EWBC,EXEL,EXLS,EXP,EXPO,FAF,FBIN,FCFS,FCN,FFIN,FHI,FHN,FIVE,FIX,FLEX,FLG,FLO,FLR,FLS,FN,FNB,FND,FNF,FOUR,FR,FTI,FYBR,G,GAP,GATX,GBCI,GEF,GGG,GHC,GLPI,GME,GMED,GNTX,GPK,GT,GTLS,GTM,GWRE,GXO,H,HAE,HALO,HGV,HIMS,HLI,HLNE,HOG,HOMB,HQY,HR,HRB,HWC,HXL,IBOC,IDA,ILMN,INGR,IPGP,IRDM,IRT,ITT,JAZZ,JEF,JHG,JLL,KBH,KBR,KD,KEX,KMPR,KNF,KNSL,KNX,KRC,KRG,LAD,LAMR,LEA,LECO,LFUS,LITE,LIVN,LNTH,LNW,LOPE,LPX,LSCC,LSTR,M,MAN,MANH,MASI,MAT,MEDP,MIDD,MKSI,MLI,MMS,MORN,MSA,MSM,MTDR,MTG,MTN,MTSI,MTZ,MUR,MUSA,MZTI,NBIX,NEU,NFG,NJR,NLY,NNN,NOV,NOVT,NSA,NSP,NVST,NVT,NWE,NXST,NXT,NYT,OC,OGE,OGS,OHI,OKTA,OLED,OLLI,OLN,ONB,ONTO,OPCH,ORA,ORI,OSK,OVV,OZK,P,PAG,PB,PBF,PCH,PCTY,PEGA,PEN,PFGC,PII,PK,PLNT,PNFP,POR,POST,POWI,PPC,PR,PRGO,PRI,PSN,PVH,QLYS,R,RBA,RBC,REXR,RGA,RGEN,RGLD,RH,RLI,RMBS,RNR,ROIV,RPM,RRC,RRX,RS,RYAN,RYN,SAIA,SAIC,SAM,SATS,SBRA,SCI,SEIC,SF,SFM,SGI,SHC,SIGI,SLAB,SLGN,SLM,SMG,SNV,SNX,SON,SR,SSB,SSD,ST,STAG,STWD,SWX,SYNA,TCBI,TEX,THC,THG,THO,TKR,TLN,TMHC,TNL,TOL,TREX,TTC,TTEK,TWLO,TXNM,TXRH,UAA/UA,UBSI,UFPI,UGI,UMBF,UNM,USFD,UTHR,VAC,VAL,VC,VFC,VLY,VMI,VNO,VNOM,VNT,VOYA,VVV,WAL,WBS,WCC,WEN,WEX,WFRD,WH,WHR,WING,WLK,WMG,WMS,WPC,WSO,WTFC,WTRG,WTS,WU,WWD,XPO,XRAY,YETI,ZION"
2025-09-22,"AA,AAL,AAON,ACI,ACM,ADC,AFG,AGCO,AIT,ALE,ALGM,ALK,ALLY,ALV,AM,AMG,AMH,AMKR,AN,ANF,APG,APPF,AR,ARMK,ARW,ASB,ASGN,ASH,ATI,ATR,AVAV,AVNT,AVT,AVTR,AXTA,AYI,BBWI,BC,BCO,BDC,BHF,BILL,BIO,BJ,BKH,BLD,BLKB,BMRN,BRBR,BRKR,BRX,BURL,BWXT,BYD,CACI,CADE,CAR,CART,CASY,CAVA,CBSH,CBT,CCK,CDP,CELH,CFR,CG,CGNX,CHDN,CHE,CHH,CHRD,CHWY,CIEN,CIVI,CLF,CLH,CMA,CMC,CNH,CNM,CNO,CNX,CNXC,COHR,COKE,COLB,COLM,COTY,CPRI,CR,CROX,CRS,CRUS,CSL,CUBE,CUZ,CVLT,CW,CXT,CYTK,DAR,DBX,DCI,DINO,DKS,DLB,DOCS,DOCU,DT,DTM,DUOL,EEFT,EGP,EHC,ELAN,ELF,ELS,ENS,ENSG,ENTG,EPR,EQH,ESAB,ESNT,EVR,EWBC,EXEL,EXLS,EXP,EXPO,FAF,FBIN,FCFS,FCN,FFIN,FHI,FHN,FIVE,FIX,FLEX,FLG,FLO,FLR,FLS,FN,FNB,FND,FNF,FOUR,FR,FTI,FYBR,G,GAP,GATX,GBCI,GEF,GGG,GHC,GLPI,GME,GMED,GNTX,GPK,GT,GTLS,GTM,GWRE,GXO,H,HAE,HALO,HGV,HIMS,HLI,HLNE,HOG,HOMB,HQY,HR,HRB,HWC,HXL,IBOC,IDA,ILMN,INGR,IPGP,IRDM,IRT,ITT,JAZZ,JEF,JHG,JLL,KBH,KBR,KD,KEX,KMPR,KNF,KNSL,KNX,KRC,KRG,KTOS,LAD,LAMR,LEA,LECO,LFUS,LITE,LIVN,LNTH,LNW,LOPE,LPX,LSCC,LSTR,M,MANH,MASI,MAT,MEDP,MIDD,MKSI,MLI,MMS,MORN,MP,MSA,MSM,MTDR,MTG,MTN,MTSI,MTZ,MUR,MUSA,MZTI,NBIX,NEU,NFG,NJR,NLY,NNN,NOV,NOVT,NSA,NSP,NTNX,NVST,NVT,NWE,NXST,NXT,NYT,OC,OGE,OGS,OHI,OKTA,OLED,OLLI,OLN,ONB,ONTO,OPCH,ORA,ORI,OSK,OVV,OZK,P,PAG,PB,PBF,PCH,PCTY,PEGA,PEN,PFGC,PII,PK,PLNT,PNFP,POR,POST,POWI,PPC,PR,PRGO,PRI,PSN,PVH,QLYS,R,RBA,RBC,REXR,RGA,RGEN,RGLD,RH,RLI,RMBS,RNR,ROIV,RPM,RRC,RRX,RS,RYAN,RYN,SAIA,SAIC,SAM,SATS,SBRA,SCI,SEIC,SF,SFM,SGI,SHC,SIGI,SLAB,SLGN,SLM,SMG,SNV,SNX,SON,SR,SSB,SSD,ST,STAG,STWD,SWX,SYNA,TCBI,TEX,THC,THG,THO,TKR,TLN,TMHC,TNL,TOL,TREX,TRU,TTC,TTEK,TWLO,TXNM,TXRH,UAA/UA,UBSI,UFPI,UGI,UMBF,UNM,USFD,UTHR,VAC,VAL,VC,VFC,VLY,VMI,VNO,VNOM,VNT,VOYA,VVV,WAL,WBS,WCC,WEX,WFRD,WH,WHR,WING,WLK,WMG,WMS,WPC,WSO,WTFC,WTRG,WTS,WU,WWD,XPO,XRAY,YETI,ZION"
2025-10-06,"AA,AAL,AAON,ACI,ACM,ADC,AFG,AGCO,AIT,ALE,ALGM,ALK,ALLY,ALV,AM,AMG,AMH,AMKR,AN,ANF,APG,APPF,AR,ARMK,ARW,ASB,ASGN,ASH,ATI,ATR,AVAV,AVNT,AVT,AVTR,AXTA,AYI,BBWI,BC,BCO,BDC,BHF,BILL,BIO,BJ,BKH,BLD,BLKB,BMRN,BRBR,BRKR,BRX,BSY,BURL,BWXT,BYD,CACI,CADE,CAR,CART,CASY,CAVA,CBSH,CBT,CCK,CDP,CELH,CFR,CG,CGNX,CHDN,CHE,CHH,CHRD,CHWY,CIEN,CIVI,CLF,CLH,CMA,CMC,CNH,CNM,CNO,CNX,CNXC,COHR,COKE,COLB,COLM,COTY,CPRI,CR,CROX,CRS,CRUS,CSL,CUBE,CUZ,CVLT,CW,CXT,CYTK,DAR,DBX,DCI,DINO,DKS,DLB,DOCS,DOCU,DT,DTM,DUOL,EEFT,EGP,EHC,ELAN,ELF,ELS,ENS,ENSG,ENTG,EPR,EQH,ESAB,ESNT,EVR,EWBC,EXEL,EXLS,EXP,EXPO,FAF,FBIN,FCFS,FCN,FFIN,FHI,FHN,FIVE,FIX,FLEX,FLG,FLO,FLR,FLS,FN,FNB,FND,FNF,FOUR,FR,FTI,FYBR,G,GAP,GATX,GBCI,GEF,GGG,GHC,GLPI,GME,GMED,GNTX,GPK,GT,GTLS,GTM,GWRE,GXO,H,HAE,HALO,HGV,HIMS,HLI,HLNE,HOG,HOMB,HQY,HR,HRB,HWC,HXL,IBOC,IDA,ILMN,INGR,IPGP,IRDM,IRT,ITT,JAZZ,JEF,JHG,JLL,KBH,KBR,KD,KEX,KMPR,KNF,KNSL,KNX,KRC,KRG,KTOS,LAD,LAMR,LEA,LECO,LFUS,LITE,LIVN,LNTH,LNW,LOPE,LPX,LSCC,LSTR,M,MANH,MASI,MAT,MEDP,MIDD,MKSI,MLI,MMS,MORN,MP,MSA,MSM,MTDR,MTG,MTN,MTSI,MTZ,MUR,MUSA,MZTI,NBIX,NEU,NFG,NJR,NLY,NNN,NOV,NOVT,NSA,NSP,NTNX,NVST,NVT,NWE,NXST,NXT,NYT,OC,OGE,OGS,OHI,OKTA,OLED,OLLI,OLN,ONB,ONTO,OPCH,ORA,ORI,OSK,OVV,OZK,P,PAG,PB,PBF,PCH,PCTY,PEGA,PEN,PFGC,PII,PK,PLNT,PNFP,POR,POST,POWI,PPC,PR,PRGO,PRI,PSN,PVH,QLYS,R,RBA,RBC,REXR,RGA,RGEN,RGLD,RH,RLI,RMBS,RNR,ROIV,RPM,RRC,RRX,RS,RYAN,RYN,SAIA,SAIC,SAM,SATS,SBRA,SCI,SEIC,SF,SFM,SGI,SHC,SIGI,SLAB,SLGN,SLM,SMG,SNV,SNX,SON,SR,SSB,SSD,ST,STAG,STWD,SWX,SYNA,TCBI,TEX,THC,THG,THO,TKR,TLN,TMHC,TNL,TOL,TREX,TRU,TTC,TTEK,TWLO,TXNM,TXRH,UAA/UA,UBSI,UFPI,UGI,UMBF,UNM,USFD,UTHR,VAC,VAL,VC,VFC,VLY,VMI,VNO,VNOM,VNT,VOYA,VVV,WAL,WBS,WCC,WEX,WFRD,WH,WHR,WING,WLK,WMG,WMS,WPC,WSO,WTFC,WTRG,WTS,WWD,XPO,XRAY,YETI,ZION"
2025-11-13,"AA,AAL,AAON,ACI,ACM,ADC,AFG,AGCO,AIT,ALE,ALGM,ALK,ALLY,ALV,AM,AMG,AMH,AMKR,AN,ANF,APG,APPF,AR,ARMK,ARW,ASB,ASGN,ASH,ATI,ATR,AVAV,AVNT,AVT,AVTR,AXTA,AYI,BBWI,BC,BCO,BDC,BHF,BILL,BIO,BJ,BKH,BLD,BLKB,BMRN,BRBR,BRKR,BRX,BSY,BURL,BWXT,BYD,CACI,CADE,CAR,CART,CASY,CAVA,CBSH,CBT,CCK,CDP,CELH,CFR,CG,CGNX,CHDN,CHE,CHH,CHRD,CHWY,CIEN,CIVI,CLF,CLH,CMA,CMC,CNH,CNM,CNO,CNX,CNXC,COHR,COKE,COLB,COLM,COTY,CPRI,CR,CROX,CRS,CRUS,CSL,CUBE,CUZ,CVLT,CW,CXT,CYTK,DAR,DBX,DCI,DINO,DKS,DLB,DOCS,DOCU,DT,DTM,DUOL,EEFT,EGP,EHC,ELAN,ELF,ELS,ENS,ENSG,ENTG,EPR,EQH,ESAB,ESNT,EVR,EWBC,EXEL,EXLS,EXP,EXPO,FAF,FBIN,FCFS,FCN,FFIN,FHI,FHN,FIVE,FIX,FLEX,FLG,FLO,FLR,FLS,FN,FNB,FND,FNF,FOUR,FR,FTI,FYBR,G,GAP,GATX,GBCI,GEF,GGG,GHC,GLPI,GME,GMED,GNTX,GPK,GT,GTLS,GTM,GWRE,GXO,H,HAE,HALO,HGV,HIMS,HLI,HLNE,HOG,HOMB,HQY,HR,HRB,HWC,HXL,IBOC,IDA,ILMN,INGR,IPGP,IRDM,IRT,ITT,JAZZ,JEF,JHG,JLL,KBH,KBR,KD,KEX,KMPR,KNF,KNSL,KNX,KRC,KRG,KTOS,LAD,LAMR,LEA,LECO,LFUS,LITE,LIVN,LNTH,LOPE,LPX,LSCC,LSTR,M,MANH,MASI,MAT,MEDP,MIDD,MKSI,MLI,MMS,MORN,MP,MSA,MSM,MTDR,MTG,MTN,MTSI,MTZ,MUR,MUSA,MZTI,NBIX,NEU,NFG,NJR,NLY,NNN,NOV,NOVT,NSA,NSP,NTNX,NVST,NVT,NWE,NXST,NXT,NYT,OC,OGE,OGS,OHI,OKTA,OLED,OLLI,OLN,ONB,ONTO,OPCH,ORA,ORI,OSK,OVV,OZK,P,PAG,PB,PBF,PCH,PCTY,PEGA,PEN,PFGC,PII,PK,PLNT,PNFP,POR,POST,POWI,PPC,PR,PRGO,PRI,PSN,PVH,QLYS,R,RBA,RBC,REXR,RGA,RGEN,RGLD,RH,RLI,RMBS,RNR,ROIV,RPM,RRC,RRX,RS,RYAN,RYN,SAIA,SAIC,SAM,SATS,SBRA,SCI,SEIC,SF,SFM,SGI,SHC,SIGI,SLAB,SLGN,SLM,SMG,SNV,SNX,SON,SR,SSB,SSD,ST,STAG,STRL,STWD,SWX,SYNA,TCBI,TEX,THC,THG,THO,TKR,TLN,TMHC,TNL,TOL,TREX,TRU,TTC,TTEK,TWLO,TXNM,TXRH,UAA/UA,UBSI,UFPI,UGI,UMBF,UNM,USFD,UTHR,VAC,VAL,VC,VFC,VLY,VMI,VNO,VNOM,VNT,VOYA,VVV,WAL,WBS,WCC,WEX,WFRD,WH,WHR,WING,WLK,WMG,WMS,WPC,WSO,WTFC,WTRG,WTS,WWD,XPO,XRAY,YETI,ZION"
2025-12-17,"AA,AAL,AAON,ACI,ACM,ADC,AFG,AGCO,AIT,ALGM,ALK,ALLY,ALV,AM,AMG,AMH,AMKR,AN,ANF,APG,APPF,AR,ARMK,ARW,ASB,ASGN,ASH,ATI,ATR,AVAV,AVNT,AVT,AVTR,AXTA,AYI,BBWI,BC,BCO,BDC,BHF,BILL,BIO,BJ,BKH,BLD,BLKB,BMRN,BRBR,BRKR,BRX,BSY,BURL,BWXT,BYD,CACI,CADE,CAR,CART,CASY,CAVA,CBSH,CBT,CCK,CDP,CELH,CFR,CG,CGNX,CHDN,CHE,CHH,CHRD,CHWY,CIEN,CIVI,CLF,CLH,CMA,CMC,CNH,CNM,CNO,CNX,CNXC,COHR,COKE,COLB,COLM,COTY,CPRI,CR,CRBG,CROX,CRS,CRUS,CSL,CUBE,CUZ,CVLT,CW,CXT,CYTK,DAR,DBX,DCI,DINO,DKS,DLB,DOCS,DOCU,DT,DTM,DUOL,EEFT,EGP,EHC,ELAN,ELF,ELS,ENS,ENSG,ENTG,EPR,EQH,ESAB,ESNT,EVR,EWBC,EXEL,EXLS,EXP,EXPO,FAF,FBIN,FCFS,FCN,FFIN,FHI,FHN,FIVE,FIX,FLEX,FLG,FLO,FLR,FLS,FN,FNB,FND,FNF,FOUR,FR,FTI,FYBR,G,GAP,GATX,GBCI,GEF,GGG,GHC,GLPI,GME,GMED,GNTX,GPK,GT,GTLS,GTM,GWRE,GXO,H,HAE,HALO,HGV,HIMS,HLI,HLNE,HOG,HOMB,HQY,HR,HRB,HWC,HXL,IBOC,IDA,ILMN,INGR,IPGP,IRDM,IRT,ITT,JAZZ,JEF,JHG,JLL,KBH,KBR,KD,KEX,KMPR,KNF,KNSL,KNX,KRC,KRG,KTOS,LAD,LAMR,LEA,LECO,LFUS,LITE,LIVN,LNTH,LOPE,LPX,LSCC,LSTR,M,MANH,MASI,MAT,MEDP,MIDD,MKSI,MLI,MMS,MORN,MP,MSA,MSM,MTDR,MTG,MTN,MTSI,MTZ,MUR,MUSA,MZTI,NBIX,NEU,NFG,NJR,NLY,NNN,NOV,NOVT,NSA,NSP,NTNX,NVST,NVT,NWE,NXST,NXT,NYT,OC,OGE,OGS,OHI,OKTA,OLED,OLLI,OLN,ONB,ONTO,OPCH,ORA,ORI,OSK,OVV,OZK,P,PAG,PB,PBF,PCH,PCTY,PEGA,PEN,PFGC,PII,PK,PLNT,PNFP,POR,POST,POWI,PPC,PR,PRGO,PRI,PSN,PVH,QLYS,R,RBA,RBC,REXR,RGA,RGEN,RGLD,RH,RLI,RMBS,RNR,ROIV,RPM,RRC,RRX,RS,RYAN,RYN,SAIA,SAIC,SAM,SATS,SBRA,SCI,SEIC,SF,SFM,SGI,SHC,SIGI,SLAB,SLGN,SLM,SMG,SNV,SNX,SON,SR,SSB,SSD,ST,STAG,STRL,STWD,SWX,SYNA,TCBI,TEX,THC,THG,THO,TKR,TLN,TMHC,TNL,TOL,TREX,TRU,TTC,TTEK,TWLO,TXNM,TXRH,UAA/UA,UBSI,UFPI,UGI,UMBF,UNM,USFD,UTHR,VAC,VAL,VC,VFC,VLY,VMI,VNO,VNOM,VNT,VOYA,VVV,WAL,WBS,WCC,WEX,WFRD,WH,WHR,WING,WLK,WMG,WMS,WPC,WSO,WTFC,WTRG,WTS,WWD,XPO,XRAY,YETI,ZION"
2025-12-22,"AA,AAL,AAON,ACI,ACM,ADC,AFG,AGCO,AIT,ALGM,ALK,ALLY,ALV,AM,AMG,AMH,AMKR,AN,ANF,APG,APPF,AR,ARMK,ARW,ASB,ASGN,ASH,ATI,ATR,AVAV,AVNT,AVT,AVTR,AXTA,AYI,BAH,BBWI,BC,BCO,BDC,BHF,BILL,BIO,BJ,BKH,BLD,BLKB,BMRN,BRBR,BRKR,BRX,BSY,BURL,BWA,BWXT,BYD,CACI,CADE,CAR,CART,CASY,CAVA,CBSH,CBT,CCK,CDP,CELH,CFR,CG,CGNX,CHDN,CHE,CHH,CHRD,CHWY,CIEN,CIVI,CLF,CLH,CMA,CMC,CNH,CNM,CNO,CNX,CNXC,COHR,COKE,COLB,COLM,COTY,CPRI,CR,CRBG,CROX,CRS,CRUS,CSL,CUBE,CUZ,CVLT,CW,CXT,CYTK,DAR,DBX,DCI,DINO,DKS,DLB,DOCS,DOCU,DT,DTM,DUOL,DY,EEFT,EGP,EHC,ELAN,ELF,ELS,ENS,ENSG,ENTG,EPR,EQH,ESAB,ESNT,EVR,EWBC,EXEL,EXLS,EXP,EXPO,FAF,FBIN,FCFS,FCN,FFIN,FHI,FHN,FIVE,FLEX,FLG,FLO,FLR,FLS,FN,FNB,FND,FNF,FOUR,FR,FTI,FYBR,G,GAP,GATX,GBCI,GEF,GGG,GHC,GLPI,GME,GMED,GNTX,GPK,GT,GTLS,GTM,GWRE,GXO,H,HAE,HALO,HGV,HIMS,HL,HLI,HLNE,HOG,HOMB,HQY,HR,HRB,HWC,HXL,IBOC,IDA,ILMN,INGR,IPGP,IRT,ITT,JAZZ,JEF,JHG,JLL,KBH,KBR,KD,KEX,KMPR,KNF,KNSL,KNX,KRC,KRG,KTOS,LAD,LAMR,LEA,LECO,LFUS,LITE,LIVN,LNTH,LOPE,LPX,LSCC,LSTR,M,MANH,MASI,MAT,MEDP,MIDD,MKSI,MLI,MMS,MORN,MP,MSA,MSM,MTDR,MTG,MTN,MTSI,MTZ,MUR,MUSA,MZTI,NBIX,NEU,NFG,NJR,NLY,NNN,NOV,NOVT,NSA,NTNX,NVST,NVT,NWE,NXST,NXT,NYT,OC,OGE,OGS,OHI,OKTA,OLED,OLLI,OLN,ONB,ONTO,OPCH,ORA,ORI,OSK,OVV,OZK,P,PAG,PB,PBF,PCH,PCTY,PEGA,PEN,PFGC,PII,PINS,PK,PLNT,PNFP,POR,POST,PPC,PR,PRI,PSN,PVH,QLYS,R,RBA,RBC,REXR,RGA,RGEN,RGLD,RH,RLI,RMBS,RNR,ROIV,RPM,RRC,RRX,RS,RYAN,RYN,SAIA,SAIC,SAM,SATS,SBRA,SCI,SEIC,SF,SFM,SGI,SHC,SIGI,SLAB,SLGN,SLM,SMG,SNV,SNX,SON,SPXC,SR,SSB,SSD,ST,STAG,STRL,STWD,SWX,SYNA,TCBI,TEX,THC,THG,THO,TKR,TLN,TMHC,TNL,TOL,TREX,TRU,TTC,TTEK,TWLO,TXNM,TXRH,UBSI,UFPI,UGI,ULS,UMBF,UNM,USFD,UTHR,VAL,VC,VFC,VLY,VMI,VNO,VNOM,VNT,VOYA,VVV,WAL,WBS,WCC,WEX,WFRD,WH,WHR,WING,WLK,WMG,WMS,WPC,WSO,WTFC,WTRG,WTS,WWD,XPO,XRAY,YETI,ZION"
2026-01-02,"AA,AAL,AAON,ACI,ACM,ADC,AFG,AGCO,AIT,ALGM,ALK,ALLY,ALV,AM,AMG,AMH,AMKR,AN,ANF,APG,APPF,AR,ARMK,ARW,ASB,ASGN,ASH,ATI,ATR,AVAV,AVNT,AVT,AVTR,AXTA,AYI,BAH,BBWI,BC,BCO,BDC,BHF,BILL,BIO,BJ,BKH,BLD,BLKB,BMRN,BRBR,BRKR,BRX,BSY,BURL,BWA,BWXT,BYD,CACI,CADE,CAR,CART,CASY,CAVA,CBSH,CBT,CCK,CDP,CELH,CFR,CG,CGNX,CHDN,CHE,CHH,CHRD,CHWY,CIEN,CIVI,CLF,CLH,CMA,CMC,CNH,CNM,CNO,CNX,CNXC,COHR,COKE,COLB,COLM,COTY,CPRI,CR,CRBG,CROX,CRS,CRUS,CSL,CUBE,CUZ,CVLT,CW,CXT,CYTK,DAR,DBX,DCI,DINO,DKS,DLB,DOCS,DOCU,DT,DTM,DUOL,DY,EEFT,EGP,EHC,ELAN,ELF,ELS,ENS,ENSG,ENTG,EPR,EQH,ESAB,ESNT,EVR,EWBC,EXEL,EXLS,EXP,EXPO,FAF,FBIN,FCFS,FCN,FFIN,FHI,FHN,FIVE,FLEX,FLG,FLO,FLR,FLS,FN,FNB,FND,FNF,FOUR,FR,FTI,FYBR,G,GAP,GATX,GBCI,GEF,GGG,GHC,GLPI,GME,GMED,GNTX,GPK,GT,GTLS,GTM,GWRE,GXO,H,HAE,HALO,HGV,HIMS,HL,HLI,HLNE,HOG,HOMB,HQY,HR,HRB,HWC,HXL,IBOC,IDA,ILMN,INGR,IPGP,IRT,ITT,JAZZ,JEF,JHG,JLL,KBH,KBR,KD,KEX,KMPR,KNF,KNSL,KNX,KRC,KRG,KTOS,LAD,LAMR,LEA,LECO,LFUS,LITE,LIVN,LNTH,LOPE,LPX,LSCC,LSTR,M,MANH,MASI,MAT,MEDP,MIDD,MKSI,MLI,MMS,MORN,MP,MSA,MSM,MTDR,MTG,MTN,MTSI,MTZ,MUR,MUSA,MZTI,NBIX,NEU,NFG,NJR,NLY,NNN,NOV,NOVT,NSA,NTNX,NVST,NVT,NWE,NXST,NXT,NYT,OC,OGE,OGS,OHI,OKTA,OLED,OLLI,OLN,ONB,ONTO,OPCH,ORA,ORI,OSK,OVV,OZK,P,PAG,PATH,PB,PBF,PCH,PCTY,PEGA,PEN,PFGC,PII,PINS,PK,PLNT,PNFP,POR,POST,PPC,PR,PRI,PSN,PVH,QLYS,R,RBA,RBC,REXR,RGA,RGEN,RGLD,RH,RLI,RMBS,RNR,ROIV,RPM,RRC,RRX,RS,RYAN,RYN,SAIA,SAIC,SAM,SATS,SBRA,SCI,SEIC,SF,SFM,SGI,SHC,SIGI,SLAB,SLGN,SLM,SMG,SNX,SON,SPXC,SR,SSB,SSD,ST,STAG,STRL,STWD,SWX,SYNA,TCBI,TEX,THC,THG,THO,TKR,TLN,TMHC,TNL,TOL,TREX,TRU,TTC,TTEK,TWLO,TXNM,TXRH,UBSI,UFPI,UGI,ULS,UMBF,UNM,USFD,UTHR,VAL,VC,VFC,VLY,VMI,VNO,VNOM,VNT,VOYA,VVV,WAL,WBS,WCC,WEX,WFRD,WH,WHR,WING,WLK,WMG,WMS,WPC,WSO,WTFC,WTRG,WTS,WWD,XPO,XRAY,YETI,ZION"
2026-01-22,"AA,AAL,AAON,ACI,ACM,ADC,AFG,AGCO,AIT,ALGM,ALK,ALLY,ALV,AM,AMG,AMH,AMKR,AN,ANF,APG,APPF,AR,ARMK,ARW,ASB,ASGN,ASH,ATI,ATR,AVAV,AVNT,AVT,AVTR,AXTA,AYI,BAH,BBWI,BC,BCO,BDC,BHF,BILL,BIO,BJ,BKH,BLD,BLKB,BMRN,BRBR,BRKR,BRX,BSY,BURL,BWA,BWXT,BYD,CACI,CADE,CAR,CART,CASY,CAVA,CBSH,CBT,CCK,CDP,CELH,CFR,CG,CGNX,CHDN,CHE,CHH,CHRD,CHWY,CIEN,CIVI,CLF,CLH,CMA,CMC,CNH,CNM,CNO,CNX,CNXC,COHR,COKE,COLB,COLM,COTY,CPRI,CR,CRBG,CROX,CRS,CRUS,CSL,CUBE,CUZ,CVLT,CW,CXT,CYTK,DAR,DBX,DCI,DINO,DKS,DLB,DOCS,DOCU,DT,DTM,DUOL,DY,EEFT,EGP,EHC,ELAN,ELF,ELS,ENS,ENSG,ENTG,EPR,EQH,ESAB,ESNT,EVR,EWBC,EXEL,EXLS,EXP,EXPO,FAF,FBIN,FCFS,FCN,FFIN,FHI,FHN,FIVE,FLEX,FLG,FLO,FLR,FLS,FN,FNB,FND,FNF,FOUR,FR,FTI,G,GAP,GATX,GBCI,GEF,GGG,GHC,GLPI,GME,GMED,GNTX,GPK,GT,GTLS,GTM,GWRE,GXO,H,HAE,HALO,HGV,HIMS,HL,HLI,HLNE,HOG,HOMB,HQY,HR,HRB,HWC,HXL,IBOC,IDA,ILMN,INGR,IPGP,IRT,ITT,JAZZ,JEF,JHG,JLL,KBH,KBR,KD,KEX,KMPR,KNF,KNSL,KNX,KRC,KRG,KTOS,LAD,LAMR,LEA,LECO,LFUS,LITE,LIVN,LNTH,LOPE,LPX,LSCC,LSTR,M,MANH,MASI,MAT,MEDP,MIDD,MKSI,MLI,MMS,MORN,MP,MSA,MSM,MTDR,MTG,MTN,MTSI,MTZ,MUR,MUSA,MZTI,NBIX,NEU,NFG,NJR,NLY,NNN,NOV,NOVT,NSA,NTNX,NVST,NVT,NWE,NXST,NXT,NYT,OC,OGE,OGS,OHI,OKTA,OLED,OLLI,OLN,ONB,ONTO,OPCH,ORA,ORI,OSK,OVV,OZK,P,PAG,PATH,PB,PBF,PCH,PCTY,PEGA,PEN,PFGC,PII,PINS,PK,PLNT,PNFP,POR,POST,PPC,PR,PRI,PSN,PVH,QLYS,R,RBA,RBC,REXR,RGA,RGEN,RGLD,RH,RLI,RMBS,RNR,ROIV,RPM,RRC,RRX,RS,RYAN,RYN,SAIA,SAIC,SAM,SARO,SATS,SBRA,SCI,SEIC,SF,SFM,SGI,SHC,SIGI,SLAB,SLGN,SLM,SMG,SNX,SON,SPXC,SR,SSB,SSD,ST,STAG,STRL,STWD,SWX,SYNA,TCBI,TEX,THC,THG,THO,TKR,TLN,TMHC,TNL,TOL,TREX,TRU,TTC,TTEK,TWLO,TXNM,TXRH,UBSI,UFPI,UGI,ULS,UMBF,UNM,USFD,UTHR,VAL,VC,VFC,VLY,VMI,VNO,VNOM,VNT,VOYA,VVV,WAL,WBS,WCC,WEX,WFRD,WH,WHR,WING,WLK,WMG,WMS,WPC,WSO,WTFC,WTRG,WTS,WWD,XPO,XRAY,YETI,ZION"
2026-01-30,"AA,AAL,AAON,ACI,ACM,ADC,AFG,AGCO,AIT,ALGM,ALK,ALLY,ALV,AM,AMG,AMH,AMKR,AN,ANF,APG,APPF,AR,ARMK,ARW,ASB,ASGN,ASH,ATI,ATR,AVAV,AVNT,AVT,AVTR,AXTA,AYI,BAH,BBWI,BC,BCO,BDC,BHF,BILL,BIO,BJ,BKH,BLD,BLKB,BMRN,BRBR,BRKR,BRX,BSY,BURL,BWA,BWXT,BYD,CACI,CADE,CAR,CART,CASY,CAVA,CBSH,CBT,CCK,CDP,CELH,CFR,CG,CGNX,CHDN,CHE,CHH,CHRD,CHWY,CIEN,CLF,CLH,CMA,CMC,CNH,CNM,CNO,CNX,CNXC,COHR,COKE,COLB,COLM,COTY,CPRI,CR,CRBG,CROX,CRS,CRUS,CSL,CUBE,CUZ,CVLT,CW,CXT,CYTK,DAR,DBX,DCI,DINO,DKS,DLB,DOCS,DOCU,DT,DTM,DUOL,DY,EEFT,EGP,EHC,ELAN,ELF,ELS,ENS,ENSG,ENTG,EPR,EQH,ESAB,ESNT,EVR,EWBC,EXEL,EXLS,EXP,EXPO,FAF,FBIN,FCFS,FCN,FFIN,FHI,FHN,FIVE,FLEX,FLG,FLO,FLR,FLS,FN,FNB,FND,FNF,FOUR,FR,FTI,G,GAP,GATX,GBCI,GEF,GGG,GHC,GLPI,GME,GMED,GNTX,GPK,GT,GTLS,GTM,GWRE,GXO,H,HAE,HALO,HGV,HIMS,HL,HLI,HLNE,HOG,HOMB,HQY,HR,HRB,HWC,HXL,IBOC,IDA,ILMN,INGR,IPGP,IRT,ITT,JAZZ,JEF,JHG,JLL,KBH,KBR,KD,KEX,KMPR,KNF,KNSL,KNX,KRC,KRG,KTOS,LAD,LAMR,LEA,LECO,LFUS,LITE,LIVN,LNTH,LOPE,LPX,LSCC,LSTR,M,MANH,MASI,MAT,MEDP,MIDD,MKSI,MLI,MMS,MORN,MP,MSA,MSM,MTDR,MTG,MTN,MTSI,MTZ,MUR,MUSA,MZTI,NBIX,NEU,NFG,NJR,NLY,NNN,NOV,NOVT,NSA,NTNX,NVST,NVT,NWE,NXST,NXT,NYT,OC,OGE,OGS,OHI,OKTA,OLED,OLLI,OLN,ONB,ONTO,OPCH,ORA,ORI,OSK,OVV,OZK,P,PAG,PATH,PB,PBF,PCH,PCTY,PEGA,PEN,PFGC,PII,PINS,PK,PLNT,PNFP,POR,POST,PPC,PR,PRI,PSN,PVH,QLYS,R,RBA,RBC,REXR,RGA,RGEN,RGLD,RH,RLI,RMBS,RNR,ROIV,RPM,RRC,RRX,RS,RYAN,RYN,SAIA,SAIC,SAM,SARO,SATS,SBRA,SCI,SEIC,SF,SFM,SGI,SHC,SIGI,SLAB,SLGN,SLM,SMG,SNX,SON,SPXC,SR,SSB,SSD,ST,STAG,STRL,STWD,SWX,SYNA,TCBI,TEX,THC,THG,THO,TKR,TLN,TMHC,TNL,TOL,TREX,TRU,TTC,TTEK,TTMI,TWLO,TXNM,TXRH,UBSI,UFPI,UGI,ULS,UMBF,UNM,USFD,UTHR,VAL,VC,VFC,VLY,VMI,VNO,VNOM,VNT,VOYA,VVV,WAL,WBS,WCC,WEX,WFRD,WH,WHR,WING,WLK,WMG,WMS,WPC,WSO,WTFC,WTRG,WTS,WWD,XPO,XRAY,YETI,ZION"
2026-02-02,"AA,AAL,AAON,ACI,ACM,ADC,AEIS,AFG,AGCO,AHR,AIT,ALGM,ALK,ALLY,ALV,AM,AMG,AMH,AMKR,AN,ANF,APG,APPF,AR,ARMK,ARW,ASB,ASGN,ASH,ATI,ATR,AVAV,AVNT,AVT,AVTR,AXTA,AYI,BAH,BBWI,BC,BCO,BDC,BHF,BILL,BIO,BJ,BKH,BLD,BLKB,BMRN,BRBR,BRKR,BROS,BRX,BSY,BURL,BWA,BWXT,BYD,CACI,CAR,CART,CASY,CAVA,CBSH,CBT,CCK,CDP,CELH,CFR,CG,CGNX,CHDN,CHE,CHH,CHRD,CHWY,CIEN,CLF,CLH,CMC,CNH,CNM,CNO,CNX,CNXC,COHR,COKE,COLB,COLM,COTY,CPRI,CR,CRBG,CROX,CRS,CRUS,CSL,CUBE,CUZ,CVLT,CW,CXT,CYTK,DAR,DBX,DCI,DINO,DKS,DLB,DOCS,DOCU,DT,DTM,DUOL,DY,EEFT,EGP,EHC,ELAN,ELF,ELS,ENS,ENSG,ENTG,EPR,EQH,ESAB,ESNT,EVR,EWBC,EXEL,EXLS,EXP,EXPO,FAF,FBIN,FCFS,FCN,FFIN,FHI,FHN,FIVE,FLEX,FLG,FLO,FLR,FLS,FN,FNB,FND,FNF,FOUR,FR,FTI,G,GAP,GATX,GBCI,GEF,GGG,GHC,GLPI,GME,GMED,GNTX,GPK,GT,GTLS,GTM,GWRE,GXO,H,HAE,HALO,HGV,HIMS,HL,HLI,HLNE,HOG,HOMB,HQY,HR,HRB,HWC,HXL,IBOC,IDA,ILMN,INGR,IPGP,IRT,ITT,JAZZ,JEF,JHG,JLL,KBH,KBR,KD,KEX,KMPR,KNF,KNSL,KNX,KRC,KRG,KTOS,LAD,LAMR,LEA,LECO,LFUS,LITE,LIVN,LNTH,LOPE,LPX,LSCC,LSTR,M,MANH,MASI,MAT,MEDP,MIDD,MKSI,MLI,MMS,MORN,MP,MSA,MSM,MTDR,MTG,MTN,MTSI,MTZ,MUR,MUSA,MZTI,NBIX,NEU,NFG,NJR,NLY,NNN,NOV,NOVT,NSA,NTNX,NVST,NVT,NWE,NXST,NXT,NYT,OC,OGE,OGS,OHI,OKTA,OLED,OLLI,OLN,ONB,ONTO,OPCH,ORA,ORI,OSK,OVV,OZK,P,PAG,PATH,PB,PBF,PCTY,PEGA,PEN,PFGC,PII,PINS,PK,PLNT,PNFP,POR,POST,PPC,PR,PRI,PSN,PVH,QLYS,R,RBA,RBC,REXR,RGA,RGEN,RGLD,RH,RLI,RMBS,RNR,ROIV,RPM,RRC,RRX,RS,RYAN,RYN,SAIA,SAIC,SAM,SARO,SATS,SBRA,SCI,SEIC,SF,SFM,SGI,SHC,SIGI,SLAB,SLGN,SLM,SMG,SNX,SON,SPXC,SR,SSB,SSD,ST,STAG,STRL,STWD,SWX,SYNA,TCBI,TEX,THC,THG,THO,TKR,TLN,TMHC,TNL,TOL,TREX,TRU,TTC,TTEK,TTMI,TWLO,TXNM,TXRH,UBSI,UFPI,UGI,ULS,UMBF,UNM,USFD,UTHR,VAL,VC,VFC,VLY,VMI,VNO,VNOM,VNT,VOYA,VVV,WAL,WBS,WCC,WEX,WFRD,WH,WHR,WING,WLK,WMG,WMS,WPC,WSO,WTFC,WTRG,WTS,WWD,XPO,XRAY,YETI,ZION"
2026-02-09,"AA,AAL,AAON,ACI,ACM,ADC,AEIS,AFG,AGCO,AHR,AIT,ALGM,ALK,ALLY,ALV,AM,AMG,AMH,AMKR,AN,ANF,APG,APPF,AR,ARMK,ARW,ARWR,ASB,ASGN,ASH,ATI,ATR,AVAV,AVNT,AVT,AVTR,AXTA,AYI,BAH,BBWI,BC,BCO,BDC,BHF,BILL,BIO,BJ,BKH,BLD,BLKB,BMRN,BRBR,BRKR,BROS,BRX,BSY,BURL,BWA,BWXT,BYD,CACI,CAR,CART,CASY,CAVA,CBSH,CBT,CCK,CDP,CELH,CFR,CG,CGNX,CHDN,CHE,CHH,CHRD,CHWY,CLF,CLH,CMC,CNH,CNM,CNO,CNX,CNXC,COHR,COKE,COLB,COLM,COTY,CPRI,CR,CRBG,CROX,CRS,CRUS,CSL,CUBE,CUZ,CVLT,CW,CXT,CYTK,DAR,DBX,DCI,DINO,DKS,DLB,DOCS,DOCU,DT,DTM,DUOL,DY,EEFT,EGP,EHC,ELAN,ELF,ELS,ENS,ENSG,ENTG,EPR,EQH,ESAB,ESNT,EVR,EWBC,EXEL,EXLS,EXP,EXPO,FAF,FBIN,FCFS,FCN,FFIN,FHI,FHN,FIVE,FLEX,FLG,FLO,FLR,FLS,FN,FNB,FND,FNF,FOUR,FR,FTI,G,GAP,GATX,GBCI,GEF,GGG,GHC,GLPI,GME,GMED,GNTX,GPK,GT,GTLS,GTM,GWRE,GXO,H,HAE,HALO,HGV,HIMS,HL,HLI,HLNE,HOG,HOMB,HQY,HR,HRB,HWC,HXL,IBOC,IDA,ILMN,INGR,IPGP,IRT,ITT,JAZZ,JEF,JHG,JLL,KBH,KBR,KD,KEX,KMPR,KNF,KNSL,KNX,KRC,KRG,KTOS,LAD,LAMR,LEA,LECO,LFUS,LITE,LIVN,LNTH,LOPE,LPX,LSCC,LSTR,M,MANH,MASI,MAT,MEDP,MIDD,MKSI,MLI,MMS,MORN,MP,MSA,MSM,MTDR,MTG,MTN,MTSI,MTZ,MUR,MUSA,MZTI,NBIX,NEU,NFG,NJR,NLY,NNN,NOV,NOVT,NSA,NTNX,NVST,NVT,NWE,NXST,NXT,NYT,OC,OGE,OGS,OHI,OKTA,OLED,OLLI,OLN,ONB,ONTO,OPCH,ORA,ORI,OSK,OVV,OZK,P,PAG,PATH,PB,PBF,PCTY,PEGA,PEN,PFGC,PII,PINS,PK,PLNT,PNFP,POR,POST,PPC,PR,PRI,PSN,PVH,QLYS,R,RBA,RBC,REXR,RGA,RGEN,RGLD,RH,RLI,RMBS,RNR,ROIV,RPM,RRC,RRX,RS,RYAN,RYN,SAIA,SAIC,SAM,SARO,SATS,SBRA,SCI,SEIC,SF,SFM,SGI,SHC,SIGI,SLAB,SLGN,SLM,SMG,SNX,SON,SPXC,SR,SSB,SSD,ST,STAG,STRL,STWD,SWX,SYNA,TCBI,TEX,THC,THG,THO,TKR,TLN,TMHC,TNL,TOL,TREX,TRU,TTC,TTEK,TTMI,TWLO,TXNM,TXRH,UBSI,UFPI,UGI,ULS,UMBF,UNM,USFD,UTHR,VAL,VC,VFC,VLY,VMI,VNO,VNOM,VNT,VOYA,VVV,WAL,WBS,WCC,WEX,WFRD,WH,WHR,WING,WLK,WMG,WMS,WPC,WSO,WTFC,WTRG,WTS,WWD,XPO,XRAY,YETI,ZION"
2026-03-23,"AA,AAL,AAON,ACI,ACM,ADC,AEIS,AFG,AGCO,AHR,AIT,ALGM,ALK,ALLY,ALV,AM,AMG,AMH,AMKR,AN,ANF,APG,APPF,AR,ARMK,ARW,ARWR,ASB,ASH,ATI,ATR,AVAV,AVNT,AVT,AVTR,AXTA,AYI,BAH,BBWI,BC,BCO,BDC,BHF,BILL,BIO,BJ,BKH,BLD,BLKB,BMRN,BRBR,BRKR,BROS,BRX,BSY,BURL,BWA,BWXT,BYD,CACI,CAR,CART,CASY,CAVA,CBSH,CBT,CCK,CDP,CELH,CFR,CG,CGNX,CHDN,CHE,CHH,CHRD,CHWY,CLF,CLH,CMC,CNH,CNM,CNO,CNX,CNXC,COKE,COLB,COLM,COTY,CPRI,CR,CRBG,CROX,CRS,CRUS,CSL,CTRE,CUBE,CUZ,CVLT,CW,CXT,CYTK,DAR,DBX,DCI,DINO,DKS,DLB,DOCS,DOCU,DT,DTM,DUOL,DY,EEFT,EGP,EHC,ELAN,ELF,ELS,ENS,ENSG,ENTG,EPR,EQH,ESAB,ESNT,EVR,EWBC,EXEL,EXLS,EXP,EXPO,FAF,FBIN,FCFS,FCN,FFIN,FHI,FHN,FIVE,FLEX,FLG,FLO,FLR,FLS,FN,FNB,FND,FNF,FOUR,FR,FTI,G,GAP,GATX,GBCI,GEF,GGG,GHC,GLPI,GME,GMED,GNTX,GPK,GT,GTLS,GWRE,GXO,H,HAE,HALO,HGV,HIMS,HL,HLI,HLNE,HOG,HOMB,HQY,HR,HRB,HWC,HXL,IBOC,IDA,IDCC,ILMN,INGR,IPGP,IRT,ITT,JAZZ,JEF,JHG,JLL,KBH,KBR,KD,KEX,KNF,KNSL,KNX,KRC,KRG,KTOS,LAD,LAMR,LEA,LECO,LFUS,LIVN,LNTH,LOPE,LPX,LSCC,LSTR,M,MANH,MASI,MAT,MEDP,MIDD,MKSI,MLI,MMS,MOG-A,MORN,MP,MSA,MSM,MTDR,MTG,MTN,MTSI,MTZ,MUR,MUSA,MZTI,NBIX,NEU,NFG,NJR,NLY,NNN,NOV,NOVT,NSA,NTNX,NVST,NVT,NWE,NXST,NXT,NYT,OC,OGE,OGS,OHI,OKTA,OLED,OLLI,OLN,ONB,ONTO,OPCH,ORA,ORI,OSK,OVV,OZK,P,PAG,PATH,PB,PBF,PCTY,PEGA,PEN,PFGC,PII,PINS,PK,PLNT,PNFP,POR,POST,PPC,PR,PRI,PSN,PVH,QLYS,R,RBA,RBC,REXR,RGA,RGEN,RGLD,RH,RLI,RMBS,RNR,ROIV,RPM,RRC,RRX,RS,RYAN,RYN,SAIA,SAIC,SAM,SARO,SBRA,SCI,SEIC,SF,SFM,SGI,SHC,SIGI,SITM,SLAB,SLGN,SLM,SMG,SNX,SOLS,SON,SPXC,SR,SSB,SSD,ST,STAG,STRL,STWD,SWX,SYNA,TCBI,TEX,THC,THG,THO,TKR,TLN,TMHC,TNL,TOL,TREX,TRU,TTC,TTEK,TTMI,TWLO,TXNM,TXRH,UBSI,UFPI,UGI,ULS,UMBF,UNM,USFD,UTHR,VAL,VC,VFC,VICR,VLY,VMI,VNO,VNOM,VNT,VOYA,VVV,WAL,WBS,WCC,WEX,WFRD,WH,WHR,WING,WLK,WMG,WMS,WPC,WSO,WTFC,WTRG,WTS,WWD,XPO,XRAY,YETI,ZION"
2026-04-09,"AA,AAL,AAON,ACI,ACM,ADC,AEIS,AFG,AGCO,AHR,AIT,ALGM,ALK,ALLY,ALV,AM,AMG,AMH,AMKR,AN,ANF,APG,APPF,AR,ARMK,ARW,ARWR,ASB,ASH,ATI,ATR,AVAV,AVNT,AVT,AVTR,AXTA,AYI,BAH,BBWI,BC,BCO,BDC,BHF,BILL,BIO,BJ,BKH,BLD,BLKB,BMRN,BRBR,BRKR,BROS,BRX,BSY,BURL,BWA,BWXT,BYD,CACI,CAR,CART,CAVA,CBSH,CBT,CCK,CDP,CELH,CFR,CG,CGNX,CHDN,CHE,CHH,CHRD,CHWY,CLF,CLH,CMC,CNH,CNM,CNO,CNX,CNXC,COKE,COLB,COLM,COTY,CPRI,CR,CRBG,CROX,CRS,CRUS,CSL,CTRE,CUBE,CUZ,CVLT,CW,CXT,CYTK,DAR,DBX,DCI,DINO,DKS,DLB,DOCN,DOCS,DOCU,DT,DTM,DUOL,DY,EEFT,EGP,EHC,ELAN,ELF,ELS,ENS,ENSG,ENTG,EPR,EQH,ESAB,ESNT,EVR,EWBC,EXEL,EXLS,EXP,EXPO,FAF,FBIN,FCFS,FCN,FFIN,FHI,FHN,FIVE,FLEX,FLG,FLO,FLR,FLS,FN,FNB,FND,FNF,FOUR,FR,FTI,G,GAP,GATX,GBCI,GEF,GGG,GHC,GLPI,GME,GMED,GNTX,GPK,GT,GTLS,GWRE,GXO,H,HAE,HALO,HGV,HIMS,HL,HLI,HLNE,HOG,HOMB,HQY,HR,HRB,HWC,HXL,IBOC,IDA,IDCC,ILMN,INGR,IPGP,IRT,ITT,JAZZ,JEF,JHG,JLL,KBH,KBR,KD,KEX,KNF,KNSL,KNX,KRC,KRG,KTOS,LAD,LAMR,LEA,LECO,LFUS,LIVN,LNTH,LOPE,LPX,LSCC,LSTR,M,MANH,MASI,MAT,MEDP,MIDD,MKSI,MLI,MMS,MOG-A,MORN,MP,MSA,MSM,MTDR,MTG,MTN,MTSI,MTZ,MUR,MUSA,MZTI,NBIX,NEU,NFG,NJR,NLY,NNN,NOV,NOVT,NSA,NTNX,NVST,NVT,NWE,NXST,NXT,NYT,OC,OGE,OGS,OHI,OKTA,OLED,OLLI,OLN,ONB,ONTO,OPCH,ORA,ORI,OSK,OVV,OZK,P,PAG,PATH,PB,PBF,PCTY,PEGA,PEN,PFGC,PII,PINS,PK,PLNT,PNFP,POR,POST,PPC,PR,PRI,PSN,PVH,QLYS,R,RBA,RBC,REXR,RGA,RGEN,RGLD,RH,RLI,RMBS,RNR,ROIV,RPM,RRC,RRX,RS,RYAN,RYN,SAIA,SAIC,SAM,SARO,SBRA,SCI,SEIC,SF,SFM,SGI,SHC,SIGI,SITM,SLAB,SLGN,SLM,SMG,SNX,SOLS,SON,SPXC,SR,SSB,SSD,ST,STAG,STRL,STWD,SWX,SYNA,TCBI,TEX,THC,THG,THO,TKR,TLN,TMHC,TNL,TOL,TREX,TRU,TTC,TTEK,TTMI,TWLO,TXNM,TXRH,UBSI,UFPI,UGI,ULS,UMBF,UNM,USFD,UTHR,VAL,VC,VFC,VICR,VLY,VMI,VNO,VNOM,VNT,VOYA,VVV,WAL,WBS,WCC,WEX,WFRD,WH,WHR,WING,WLK,WMG,WMS,WPC,WSO,WTFC,WTRG,WTS,WWD,XPO,XRAY,YETI,ZION"
2026-05-18,"AA,AAL,AAON,ACI,ACM,ADC,AEIS,AFG,AGCO,AHR,AIT,ALGM,ALK,ALLY,ALV,AM,AMG,AMH,AMKR,AN,ANF,APG,APPF,AR,ARMK,ARW,ARWR,ASB,ASH,ATI,ATR,AVAV,AVNT,AVT,AVTR,AXTA,AYI,BAH,BBWI,BC,BCO,BDC,BHF,BILL,BIO,BJ,BKH,BLD,BLKB,BMRN,BRBR,BRKR,BROS,BRX,BSY,BURL,BWA,BWXT,BYD,CACI,CAR,CART,CAVA,CBSH,CBT,CCK,CDP,CELH,CFR,CG,CGNX,CHDN,CHE,CHH,CHRD,CHWY,CLF,CLH,CMC,CNH,CNM,CNO,CNX,CNXC,COKE,COLB,COLM,COTY,CPRI,CR,CRBG,CROX,CRS,CRUS,CSL,CTRE,CUBE,CUZ,CVLT,CW,CXT,CYTK,DAR,DBX,DCI,DINO,DKS,DLB,DOCN,DOCS,DOCU,DT,DTM,DUOL,DY,EEFT,EGP,EHC,ELAN,ELF,ELS,ENS,ENSG,ENTG,EPR,EQH,ESAB,ESNT,EVR,EWBC,EXEL,EXLS,EXP,EXPO,FAF,FBIN,FCFS,FCN,FFIN,FHI,FHN,FIVE,FLEX,FLG,FLR,FLS,FN,FNB,FND,FNF,FOUR,FR,FTI,G,GAP,GATX,GBCI,GEF,GGG,GHC,GLPI,GME,GMED,GNTX,GPK,GT,GTLS,GWRE,GXO,H,HAE,HALO,HGV,HIMS,HL,HLI,HLNE,HOG,HOMB,HQY,HR,HRB,HWC,HXL,IBOC,IDA,IDCC,ILMN,INGR,IPGP,IRT,ITT,JAZZ,JEF,JHG,JLL,KBH,KBR,KD,KEX,KNF,KNSL,KNX,KRC,KRG,KTOS,LAD,LAMR,LEA,LECO,LFUS,LIVN,LNTH,LOPE,LPX,LSCC,LSTR,M,MANH,MASI,MAT,MEDP,MIDD,MKSI,MLI,MMS,MOG-A,MORN,MP,MSA,MSM,MTDR,MTG,MTN,MTSI,MTZ,MUR,MUSA,MZTI,NBIX,NEU,NFG,NJR,NLY,NNN,NOV,NOVT,NSA,NTNX,NVST,NVT,NWE,NXST,NXT,NYT,OC,OGE,OGS,OHI,OKTA,OLED,OLLI,OLN,ONB,ONTO,OPCH,ORA,ORI,OSK,OVV,OZK,P,PAG,PATH,PB,PBF,PCTY,PEGA,PEN,PFGC,PII,PINS,PK,PLNT,PNFP,POR,POST,PPC,PR,PRI,PSN,PVH,QLYS,R,RBA,RBC,REXR,RGA,RGEN,RGLD,RH,RLI,RMBS,RNR,ROIV,RPM,RRC,RRX,RS,RYAN,RYN,SAIA,SAIC,SAM,SARO,SBRA,SCI,SEIC,SF,SFM,SGI,SHC,SIGI,SITM,SLAB,SLGN,SLM,SMG,SN,SNX,SOLS,SON,SPXC,SR,SSB,SSD,ST,STAG,STRL,STWD,SWX,SYNA,TCBI,TEX,THC,THG,THO,TKR,TLN,TMHC,TNL,TOL,TREX,TRU,TTC,TTEK,TTMI,TWLO,TXNM,TXRH,UBSI,UFPI,UGI,ULS,UMBF,UNM,USFD,UTHR,VAL,VC,VFC,VICR,VLY,VMI,VNO,VNOM,VNT,VOYA,VVV,WAL,WBS,WCC,WEX,WFRD,WH,WHR,WING,WLK,WMG,WMS,WPC,WSO,WTFC,WTRG,WTS,WWD,XPO,XRAY,YETI,ZION"
2026-06-11,"AA,AAL,AAON,ACI,ACM,ADC,AEIS,AFG,AGCO,AHR,AIT,ALGM,ALK,ALLY,ALV,AM,AMG,AMH,AMKR,AN,ANF,APG,APPF,AR,ARMK,ARW,ARWR,ASB,ASH,ATI,ATR,AVAV,AVNT,AVT,AVTR,AXTA,AYI,BAH,BBWI,BC,BCO,BDC,BHF,BILL,BIO,BJ,BKH,BLD,BLKB,BMRN,BRBR,BRKR,BROS,BRX,BSY,BURL,BWA,BWXT,BYD,CACI,CAR,CART,CAVA,CBSH,CBT,CCK,CDP,CELH,CFR,CG,CGNX,CHDN,CHE,CHH,CHRD,CHWY,CLF,CLH,CMC,CNH,CNM,CNO,CNX,CNXC,COKE,COLB,COLM,COTY,CPRI,CR,CRBG,CROX,CRS,CRUS,CSL,CTRE,CUBE,CUZ,CVLT,CW,CXT,CYTK,DAR,DBX,DCI,DINO,DKS,DLB,DOCN,DOCS,DOCU,DT,DTM,DUOL,DY,EEFT,EGP,EHC,ELAN,ELF,ELS,ENS,ENSG,ENTG,EPR,EQH,ESAB,ESNT,EVR,EWBC,EXEL,EXLS,EXP,EXPO,FAF,FBIN,FCFS,FCN,FFIN,FHI,FHN,FIVE,FLEX,FLG,FLR,FLS,FN,FNB,FND,FNF,FOUR,FR,FTI,G,GAP,GATX,GBCI,GEF,GGG,GHC,GLPI,GME,GMED,GNTX,GPK,GT,GTLS,GWRE,GXO,H,HAE,HALO,HGV,HIMS,HL,HLI,HLNE,HOG,HOMB,HQY,HR,HRB,HWC,HXL,IBOC,IDA,IDCC,ILMN,INGR,IPGP,IRT,ITT,JAZZ,JEF,JHG,JLL,KBH,KBR,KD,KEX,KNF,KNSL,KNX,KRC,KRG,KTOS,LAD,LAMR,LEA,LECO,LFUS,LIVN,LNTH,LOPE,LPX,LSCC,LSTR,M,MANH,MAT,MEDP,MIDD,MKSI,MLI,MMS,MOG-A,MORN,MP,MSA,MSM,MTDR,MTG,MTN,MTSI,MTZ,MUR,MUSA,MZTI,NBIX,NEU,NFG,NJR,NLY,NNN,NOV,NOVT,NSA,NTNX,NVST,NVT,NWE,NXST,NXT,NYT,OC,OGE,OGS,OHI,OKTA,OLED,OLLI,OLN,ONB,ONTO,OPCH,ORA,ORI,OSK,OVV,OZK,P,PAG,PATH,PB,PBF,PCTY,PEGA,PEN,PFGC,PII,PINS,PK,PLNT,PNFP,POR,POST,PPC,PR,PRI,PSN,PVH,QLYS,R,RBA,RBC,REXR,RGA,RGEN,RGLD,RH,RLI,RMBS,RNR,ROIV,RPM,RRC,RRX,RS,RYAN,RYN,SAIA,SAIC,SAM,SARO,SBRA,SCI,SEIC,SF,SFM,SGI,SHC,SIGI,SIRI,SITM,SLAB,SLGN,SLM,SMG,SN,SNX,SOLS,SON,SPXC,SR,SSB,SSD,ST,STAG,STRL,STWD,SWX,SYNA,TCBI,TEX,THC,THG,THO,TKR,TLN,TMHC,TNL,TOL,TREX,TRU,TTC,TTEK,TTMI,TWLO,TXNM,TXRH,UBSI,UFPI,UGI,ULS,UMBF,UNM,USFD,UTHR,VAL,VC,VFC,VICR,VLY,VMI,VNO,VNOM,VNT,VOYA,VVV,WAL,WBS,WCC,WEX,WFRD,WH,WHR,WING,WLK,WMG,WMS,WPC,WSO,WTFC,WTRG,WTS,WWD,XPO,XRAY,YETI,ZION"
2026-06-22,"AA,AAL,AAON,ACI,ACM,ADC,AEIS,AFG,AGCO,AHR,AIT,ALGM,ALK,ALLY,ALV,AM,AMG,AMH,AMKR,AN,ANF,APG,APPF,AR,ARMK,ARW,ARWR,ASB,ASH,ATI,ATR,AVAV,AVNT,AVT,AVTR,AXTA,AYI,BAH,BBWI,BC,BCO,BDC,BHF,BILL,BIO,BJ,BKH,BLD,BMRN,BRKR,BROS,BRX,BSY,BURL,BWA,BWXT,BYD,CACI,CAR,CART,CAVA,CBSH,CBT,CCK,CDE,CDP,CELH,CFR,CG,CGNX,CHDN,CHE,CHH,CHRD,CHWY,CLF,CLH,CMC,CNH,CNM,CNO,CNX,COKE,COLB,COLM,CPRI,CR,CRBG,CROX,CRS,CRUS,CSL,CTRE,CUBE,CUZ,CVLT,CW,CXT,CYTK,DAR,DBX,DCI,DINO,DKS,DLB,DOCN,DOCS,DOCU,DT,DTM,DUOL,DY,EEFT,EGP,EHC,ELAN,ELF,ELS,ENS,ENSG,ENTG,EPR,EQH,ESAB,ESNT,EVR,EWBC,EXEL,EXLS,EXP,EXPO,FAF,FBIN,FCFS,FCN,FFIN,FHI,FHN,FIVE,FLG,FLR,FLS,FN,FNB,FND,FNF,FOUR,FR,FTI,G,GAP,GATX,GBCI,GEF,GGG,GHC,GLPI,GME,GMED,GNTX,GPK,GT,GTLS,GWRE,GXO,H,HAE,HALO,HGV,HIMS,HL,HLI,HLNE,HOG,HOMB,HQY,HR,HRB,HWC,HXL,IBOC,IDA,IDCC,ILMN,INGR,IPGP,IRT,ITT,JAZZ,JEF,JHG,JLL,KBH,KBR,KD,KEX,KNF,KNSL,KNX,KRC,KRG,KTOS,LAD,LAMR,LEA,LECO,LFUS,LIVN,LNTH,LOPE,LPX,LSCC,LSTR,M,MANH,MAT,MEDP,MIDD,MKSI,MLI,MMS,MOG-A,MORN,MP,MSA,MSM,MTDR,MTG,MTN,MTSI,MTZ,MUR,MUSA,MZTI,NBIX,NEU,NFG,NJR,NLY,NNN,NOV,NOVT,NSA,NTNX,NVST,NVT,NWE,NXST,NXT,NYT,OC,OGE,OGS,OHI,OKTA,OLED,OLLI,OLN,ONB,ONTO,OPCH,ORA,ORI,OSK,OVV,OZK,P,PAG,PATH,PB,PBF,PCTY,PEGA,PEN,PFGC,PII,PINS,PK,PLNT,PNFP,POR,POST,PPC,PR,PRI,PSN,PVH,QLYS,R,RBA,RBC,REXR,RGA,RGEN,RGLD,RH,RLI,RMBS,RNR,ROIV,ROKU,RPM,RRC,RRX,RS,RYAN,RYN,SAIA,SAIC,SAM,SANM,SARO,SBRA,SCI,SEIC,SF,SFM,SGI,SHC,SIGI,SIRI,SITM,SLAB,SLGN,SLM,SMG,SMTC,SN,SNX,SOLS,SON,SPXC,SR,SSB,SSD,ST,STAG,STRL,STWD,SWX,SYNA,TCBI,TEX,THC,THG,THO,TKR,TLN,TMHC,TNL,TOL,TREX,TRU,TTC,TTEK,TTMI,TWLO,TXNM,TXRH,UBSI,UFPI,UGI,ULS,UMBF,UNM,USFD,UTHR,VAL,VC,VFC,VIAV,VICR,VLY,VMI,VNO,VNOM,VNT,VOYA,VVV,WAL,WBS,WCC,WEX,WFRD,WH,WHR,WING,WLK,WMG,WMS,WPC,WSO,WTFC,WTRG,WTS,WWD,XPO,XRAY,YETI,ZION"
2026-07-01,"AA,AAL,AAON,ACI,ACM,ADC,AEIS,AFG,AGCO,AHR,AIT,ALGM,ALK,ALLY,ALV,AM,AMG,AMH,AMKR,AN,ANF,APG,APPF,AR,ARMK,ARW,ARWR,ASB,ASH,ATI,ATR,AVAV,AVNT,AVT,AVTR,AXTA,AYI,BAH,BBWI,BC,BCO,BDC,BHF,BILL,BIO,BJ,BKH,BMRN,BRKR,BROS,BRX,BSY,BURL,BWA,BWXT,BYD,CACI,CAR,CART,CAVA,CBSH,CBT,CCK,CDE,CDP,CELH,CFR,CG,CGNX,CHDN,CHE,CHH,CHRD,CHWY,CLF,CLH,CMC,CNH,CNM,CNO,CNX,COKE,COLB,COLM,CPRI,CR,CRBG,CROX,CRS,CRUS,CSL,CTRE,CUBE,CUZ,CVLT,CW,CXT,CYTK,DAR,DBX,DCI,DINO,DKS,DLB,DOCN,DOCS,DOCU,DT,DTM,DUOL,DY,EEFT,EGP,EHC,ELAN,ELF,ELS,ENS,ENSG,ENTG,EPR,EQH,ESAB,ESNT,EVR,EWBC,EXEL,EXLS,EXP,EXPO,FAF,FBIN,FCFS,FCN,FFIN,FHI,FHN,FIVE,FLG,FLR,FLS,FN,FNB,FND,FNF,FOUR,FR,FTI,G,GAP,GATX,GBCI,GEF,GGG,GHC,GLPI,GME,GMED,GNTX,GPK,GT,GTLS,GWRE,GXO,H,HAE,HALO,HGV,HIMS,HL,HLI,HLNE,HOG,HOMB,HQY,HR,HRB,HWC,HXL,IBOC,IDA,IDCC,IESC,ILMN,INGR,IPGP,IRT,ITT,JAZZ,JEF,JLL,KBH,KBR,KD,KEX,KNF,KNSL,KNX,KRC,KRG,KTOS,LAD,LAMR,LEA,LECO,LFUS,LIVN,LNTH,LOPE,LPX,LSCC,LSTR,M,MANH,MAT,MEDP,MIDD,MKSI,MLI,MMS,MOG-A,MORN,MP,MSA,MSM,MTDR,MTG,MTN,MTSI,MTZ,MUR,MUSA,MZTI,NBIX,NEU,NFG,NJR,NLY,NNN,NOV,NOVT,NSA,NTNX,NVST,NVT,NWE,NXST,NXT,NYT,OC,OGE,OGS,OHI,OKTA,OLED,OLLI,OLN,ONB,ONTO,OPCH,ORA,ORI,OSK,OVV,OZK,P,PAG,PATH,PB,PBF,PCTY,PEGA,PEN,PFGC,PII,PINS,PK,PLNT,PNFP,POR,POST,PPC,PR,PRI,PSN,PVH,QLYS,R,RBA,RBC,REXR,RGA,RGEN,RGLD,RH,RLI,RMBS,RNR,ROIV,ROKU,RPM,RRC,RRX,RS,RYAN,RYN,SAIA,SAIC,SAM,SANM,SARO,SBRA,SCI,SEIC,SF,SFM,SGI,SHC,SIGI,SIRI,SITM,SLAB,SLGN,SLM,SMG,SMTC,SN,SNX,SOLS,SON,SPXC,SR,SSB,SSD,ST,STAG,STRL,STWD,SWX,SYNA,TCBI,TEX,THC,THG,THO,TKR,TLN,TMHC,TNL,TOL,TOST,TREX,TRU,TTC,TTEK,TTMI,TWLO,TXNM,TXRH,UBSI,UFPI,UGI,ULS,UMBF,UNM,USFD,UTHR,VAL,VC,VFC,VIAV,VICR,VLY,VMI,VNO,VNOM,VNT,VOYA,VVV,WAL,WBS,WCC,WEX,WFRD,WH,WHR,WING,WLK,WMG,WMS,WPC,WSO,WTFC,WTRG,WTS,WWD,XPO,XRAY,YETI,ZION"
2026-07-06,"AA,AAL,AAON,ACI,ACM,ADC,AEIS,AFG,AGCO,AHR,AIT,ALGM,ALK,ALLY,ALSN,ALV,AM,AMG,AMH,AMKR,AN,ANF,APG,APPF,AR,ARMK,ARW,ARWR,ASB,ASH,ATI,ATR,AVAV,AVNT,AVT,AVTR,AXTA,AYI,BAH,BBWI,BC,BCO,BDC,BHF,BILL,BIO,BJ,BKH,BMRN,BRKR,BROS,BRX,BSY,BURL,BWA,BWXT,BYD,CACI,CAR,CART,CAVA,CBSH,CBT,CCK,CDE,CDP,CELH,CFR,CG,CGNX,CHDN,CHE,CHH,CHRD,CHWY,CLF,CLH,CMC,CNH,CNM,CNO,CNX,COKE,COLB,COLM,CPRI,CR,CRBG,CROX,CRS,CRUS,CSL,CTRE,CUBE,CUZ,CVLT,CW,CXT,CYTK,DAR,DBX,DCI,DINO,DKS,DLB,DOCN,DOCS,DOCU,DT,DTM,DUOL,DY,EEFT,EGP,EHC,ELAN,ELF,ELS,ENS,ENSG,ENTG,EPR,EQH,ESAB,ESNT,EVR,EWBC,EXEL,EXLS,EXP,EXPO,FAF,FBIN,FCFS,FCN,FFIN,FHI,FHN,FIVE,FLG,FLR,FLS,FN,FNB,FND,FNF,FOUR,FR,FTI,G,GAP,GATX,GBCI,GEF,GGG,GHC,GLPI,GME,GMED,GNTX,GPK,GTLS,GWRE,GXO,H,HAE,HALO,HGV,HIMS,HL,HLI,HLNE,HOG,HOMB,HQY,HR,HRB,HWC,HXL,IBOC,IDA,IDCC,IESC,ILMN,INGR,IPGP,IRT,ITT,JAZZ,JEF,JLL,KBH,KBR,KD,KEX,KNF,KNSL,KNX,KRC,KRG,KTOS,LAD,LAMR,LEA,LECO,LFUS,LIVN,LNTH,LOPE,LPX,LSCC,LSTR,M,MANH,MAT,MEDP,MIDD,MKSI,MLI,MMS,MOG-A,MORN,MP,MSA,MSM,MTDR,MTG,MTN,MTSI,MTZ,MUR,MUSA,MZTI,NBIX,NEU,NFG,NJR,NLY,NNN,NOV,NOVT,NSA,NTNX,NVST,NVT,NWE,NXST,NXT,NYT,OC,OGE,OGS,OHI,OKTA,OLED,OLLI,OLN,ONB,ONTO,OPCH,ORA,ORI,OSK,OVV,OZK,P,PAG,PATH,PB,PBF,PCTY,PEGA,PEN,PFGC,PII,PINS,PK,PLNT,PNFP,POR,POST,PPC,PR,PRI,PSN,PVH,QLYS,R,RBA,RBC,REXR,RGA,RGEN,RGLD,RH,RLI,RMBS,RNR,ROIV,ROKU,RPM,RRC,RRX,RS,RYAN,RYN,SAIA,SAIC,SAM,SANM,SARO,SBRA,SCI,SEIC,SF,SFM,SGI,SHC,SIGI,SIRI,SITM,SLAB,SLGN,SLM,SMG,SMTC,SN,SNX,SOLS,SON,SPXC,SR,SSB,SSD,ST,STAG,STRL,STWD,SWX,SYNA,TCBI,TEX,THC,THG,THO,TKR,TLN,TMHC,TNL,TOL,TOST,TREX,TRU,TTC,TTEK,TTMI,TWLO,TXNM,TXRH,UBSI,UFPI,UGI,ULS,UMBF,UNM,USFD,UTHR,VAL,VC,VFC,VIAV,VICR,VLY,VMI,VNO,VNOM,VNT,VOYA,VVV,WAL,WBS,WCC,WEX,WFRD,WH,WHR,WING,WLK,WMG,WMS,WPC,WSO,WTFC,WTRG,WTS,WWD,XPO,XRAY,YETI,ZION"
2026-07-17,"AA,AAL,AAON,ACI,ACM,ADC,AEIS,AFG,AGCO,AHR,AIT,ALGM,ALK,ALLY,ALSN,ALV,AM,AMG,AMH,AMKR,AN,ANF,APG,APPF,AR,ARMK,ARW,ARWR,ASB,ASH,ATI,ATR,AVAV,AVNT,AVT,AVTR,AXTA,AYI,BAH,BBWI,BC,BCO,BDC,BHF,BILL,BIO,BJ,BKH,BMRN,BRKR,BROS,BRX,BSY,BTSG,BURL,BWA,BWXT,BYD,CACI,CAR,CART,CAVA,CBSH,CBT,CCK,CDE,CDP,CELH,CFR,CG,CGNX,CHDN,CHE,CHH,CHRD,CHWY,CLF,CLH,CMC,CNH,CNM,CNO,CNX,COKE,COLB,COLM,CPRI,CR,CRBG,CROX,CRS,CRUS,CSL,CTRE,CUBE,CUZ,CVLT,CW,CXT,CYTK,DAR,DBX,DCI,DINO,DKS,DLB,DOCN,DOCS,DOCU,DT,DTM,DUOL,DY,EEFT,EGP,EHC,ELAN,ELF,ELS,ENS,ENSG,ENTG,EPR,EQH,ESAB,ESNT,EVR,EWBC,EXEL,EXLS,EXP,EXPO,FAF,FBIN,FCFS,FCN,FFIN,FHI,FHN,FIVE,FLG,FLR,FLS,FN,FNB,FND,FNF,FOUR,FR,FTI,G,GAP,GATX,GBCI,GEF,GGG,GHC,GLPI,GME,GMED,GNTX,GPK,GWRE,GXO,H,HAE,HALO,HGV,HIMS,HL,HLI,HLNE,HOG,HOMB,HQY,HR,HRB,HWC,HXL,IBOC,IDA,IDCC,IESC,ILMN,INGR,IPGP,IRT,ITT,JAZZ,JEF,JLL,KBH,KBR,KD,KEX,KNF,KNSL,KNX,KRC,KRG,KTOS,LAD,LAMR,LEA,LECO,LFUS,LIVN,LNTH,LOPE,LPX,LSCC,LSTR,M,MANH,MAT,MEDP,MIDD,MKSI,MLI,MMS,MOG-A,MORN,MP,MSA,MSM,MTDR,MTG,MTN,MTSI,MTZ,MUR,MUSA,MZTI,NBIX,NEU,NFG,NJR,NLY,NNN,NOV,NOVT,NSA,NTNX,NVST,NVT,NWE,NXST,NXT,NYT,OC,OGE,OGS,OHI,OKTA,OLED,OLLI,OLN,ONB,ONTO,OPCH,ORA,ORI,OSK,OVV,OZK,P,PAG,PATH,PB,PBF,PCTY,PEGA,PEN,PFGC,PII,PINS,PK,PLNT,PNFP,POR,POST,PPC,PR,PRI,PSN,PVH,QLYS,R,RBA,RBC,REXR,RGA,RGEN,RGLD,RH,RLI,RMBS,RNR,ROIV,ROKU,RPM,RRC,RRX,RS,RYAN,RYN,SAIA,SAIC,SAM,SANM,SARO,SBRA,SCI,SEIC,SF,SFM,SGI,SHC,SIGI,SIRI,SITM,SLAB,SLGN,SLM,SMG,SMTC,SN,SNX,SOLS,SON,SPXC,SR,SSB,SSD,ST,STAG,STRL,STWD,SWX,SYNA,TCBI,TEX,THC,THG,THO,TKR,TLN,TMHC,TNL,TOL,TOST,TREX,TRU,TTC,TTEK,TTMI,TWLO,TXNM,TXRH,UBSI,UFPI,UGI,ULS,UMBF,UNM,USFD,UTHR,VAL,VC,VFC,VIAV,VICR,VLY,VMI,VNO,VNOM,VNT,VOYA,VVV,WAL,WBS,WCC,WEX,WFRD,WH,WHR,WING,WLK,WMG,WMS,WPC,WSO,WTFC,WTRG,WTS,WWD,XPO,XRAY,YETI,ZION"
2026-07-22,"AA,AAL,AAON,ACI,ACM,ADC,AEIS,AFG,AGCO,AHR,AIT,ALGM,ALK,ALLY,ALSN,ALV,AM,AMG,AMH,AMKR,AN,ANF,APG,APPF,AR,ARMK,ARW,ARWR,ASB,ASH,ATI,ATR,AVAV,AVNT,AVT,AVTR,AXTA,AYI,BAH,BBWI,BC,BCO,BDC,BHF,BILL,BIO,BJ,BKH,BMRN,BRKR,BROS,BRX,BSY,BTSG,BURL,BWA,BWXT,BYD,CACI,CAR,CART,CAVA,CBSH,CBT,CCK,CDE,CDP,CELH,CFR,CG,CGNX,CHDN,CHE,CHH,CHRD,CHWY,CLF,CLH,CMC,CNH,CNM,CNO,CNX,COKE,COLB,COLM,CPRI,CR,CRBG,CROX,CRS,CRUS,CSL,CTRE,CUBE,CUZ,CVLT,CW,CXT,CYTK,DAR,DBX,DCI,DINO,DKS,DLB,DOCN,DOCS,DOCU,DT,DTM,DUOL,DY,EEFT,EGP,EHC,ELAN,ELF,ELS,ENS,ENSG,ENTG,EPR,EQH,ESAB,ESNT,EVR,EWBC,EXEL,EXLS,EXP,EXPO,FAF,FBIN,FCFS,FCN,FFIN,FHI,FHN,FIVE,FLG,FLR,FLS,FN,FNB,FND,FNF,FOUR,FR,FTI,G,GAP,GATX,GBCI,GEF,GGG,GHC,GLPI,GME,GMED,GNTX,GPK,GWRE,GXO,H,HAE,HALO,HGV,HIMS,HL,HLI,HLNE,HOG,HOMB,HQY,HR,HRB,HWC,HXL,IBOC,IDA,IDCC,IESC,ILMN,INGR,IPGP,IRT,ITT,JAZZ,JEF,JLL,KBH,KBR,KD,KEX,KNF,KNSL,KNX,KRC,KRG,KTOS,LAD,LAMR,LEA,LECO,LFUS,LIVN,LNTH,LOPE,LPX,LSCC,LSTR,M,MANH,MAT,MEDP,MIDD,MKSI,MLI,MMS,MOG-A,MOH,MORN,MP,MSA,MSM,MTDR,MTG,MTN,MTSI,MTZ,MUR,MUSA,MZTI,NBIX,NEU,NFG,NJR,NLY,NNN,NOV,NOVT,NTNX,NVST,NVT,NWE,NXST,NXT,NYT,OC,OGE,OGS,OHI,OKTA,OLED,OLLI,OLN,ONB,ONTO,OPCH,ORA,ORI,OSK,OVV,OZK,P,PAG,PATH,PB,PBF,PCTY,PEGA,PEN,PFGC,PII,PINS,PK,PLNT,PNFP,POR,POST,PPC,PR,PRI,PSN,PVH,QLYS,R,RBA,RBC,REXR,RGA,RGEN,RGLD,RH,RLI,RMBS,RNR,ROIV,ROKU,RPM,RRC,RRX,RS,RYAN,RYN,SAIA,SAIC,SAM,SANM,SARO,SBRA,SCI,SEIC,SF,SFM,SGI,SHC,SIGI,SIRI,SITM,SLAB,SLGN,SLM,SMG,SMTC,SN,SNX,SOLS,SON,SPXC,SR,SSB,SSD,ST,STAG,STRL,STWD,SWX,SYNA,TCBI,TEX,THC,THG,THO,TKR,TLN,TMHC,TNL,TOL,TOST,TREX,TRU,TTC,TTEK,TTMI,TWLO,TXNM,TXRH,UBSI,UFPI,UGI,ULS,UMBF,UNM,USFD,UTHR,VAL,VC,VFC,VIAV,VICR,VLY,VMI,VNO,VNOM,VNT,VOYA,VVV,WAL,WBS,WCC,WEX,WFRD,WH,WHR,WING,WLK,WMG,WMS,WPC,WSO,WTFC,WTRG,WTS,WWD,XPO,XRAY,YETI,ZION"
2026-07-24,"AA,AAL,AAON,ACI,ACM,ADC,AEIS,AFG,AGCO,AHR,AIT,ALGM,ALK,ALLY,ALSN,ALV,AM,AMG,AMH,AMKR,AN,ANF,APG,APPF,AR,ARMK,ARW,ARWR,ASB,ASH,ATI,ATR,AVAV,AVNT,AVT,AVTR,AXTA,AYI,BAH,BBWI,BC,BCO,BDC,BHF,BILL,BIO,BJ,BKH,BMRN,BRKR,BROS,BRX,BSY,BTSG,BURL,BWA,BWXT,BYD,CACI,CAR,CART,CAVA,CBSH,CBT,CCK,CDE,CDP,CELH,CFR,CG,CGNX,CHDN,CHE,CHH,CHRD,CHWY,CLF,CLH,CMC,CNH,CNM,CNO,CNX,COKE,COLB,COLM,CPRI,CR,CRBG,CROX,CRS,CRUS,CSL,CTRE,CUBE,CUZ,CVLT,CW,CXT,CYTK,DAR,DBX,DCI,DINO,DKS,DLB,DOCN,DOCS,DOCU,DT,DTM,DUOL,DY,EEFT,EGP,EHC,ELAN,ELF,ELS,ENS,ENSG,ENTG,EPR,EQH,ESAB,ESNT,EVR,EWBC,EXEL,EXLS,EXP,EXPO,FAF,FBIN,FCFS,FCN,FFIN,FHI,FHN,FIVE,FLG,FLR,FLS,FN,FNB,FND,FNF,FOUR,FR,FTI,G,GAP,GATX,GBCI,GEF,GGG,GHC,GLPI,GME,GMED,GNTX,GPK,GWRE,GXO,H,HAE,HALO,HGV,HIMS,HL,HLI,HLNE,HOG,HOMB,HQY,HR,HRB,HWC,HXL,IBOC,IDA,IDCC,IESC,ILMN,INGR,IPGP,IRT,ITT,JAZZ,JEF,JLL,KBH,KBR,KD,KEX,KNF,KNSL,KNX,KRC,KRG,KRYS,KTOS,LAD,LAMR,LEA,LECO,LFUS,LIVN,LNTH,LOPE,LPX,LSCC,LSTR,M,MANH,MAT,MEDP,MIDD,MKSI,MLI,MMS,MOG-A,MOH,MORN,MP,MSA,MSM,MTDR,MTG,MTN,MTSI,MTZ,MUR,MUSA,MZTI,NBIX,NEU,NFG,NJR,NLY,NNN,NOV,NOVT,NTNX,NVST,NVT,NWE,NXST,NXT,NYT,OC,OGE,OGS,OHI,OKTA,OLED,OLLI,OLN,ONB,ONTO,OPCH,ORA,ORI,OSK,OVV,OZK,P,PAG,PATH,PB,PBF,PCTY,PEGA,PEN,PFGC,PII,PINS,PK,PLNT,PNFP,POR,POST,PPC,PR,PRI,PSN,PVH,QLYS,R,RBA,RBC,REXR,RGA,RGEN,RGLD,RH,RLI,RMBS,RNR,ROIV,ROKU,RPM,RRC,RRX,RS,RYAN,RYN,SAIA,SAIC,SAM,SANM,SARO,SBRA,SCI,SEIC,SF,SFM,SGI,SHC,SIGI,SIRI,SITM,SLAB,SLGN,SLM,SMG,SMTC,SN,SNX,SOLS,SON,SPXC,SR,SSB,SSD,ST,STAG,STRL,STWD,SWX,SYNA,TCBI,TEX,THC,THG,THO,TKR,TLN,TNL,TOL,TOST,TREX,TRU,TTC,TTEK,TTMI,TWLO,TXNM,TXRH,UBSI,UFPI,UGI,ULS,UMBF,UNM,USFD,UTHR,VAL,VC,VFC,VIAV,VICR,VLY,VMI,VNO,VNOM,VNT,VOYA,VVV,WAL,WBS,WCC,WEX,WFRD,WH,WHR,WING,WLK,WMG,WMS,WPC,WSO,WTFC,WTRG,WTS,WWD,XPO,XRAY,YETI,ZION"
2026-08-20,"AA,AAL,AAON,ACI,ACM,ADC,AEIS,AFG,AGCO,AHR,AIT,ALGM,ALK,ALLY,ALSN,ALV,AM,AMG,AMH,AMKR,AN,ANF,APG,APPF,AR,ARMK,ARW,ARWR,ASB,ASH,ATI,ATR,AVAV,AVNT,AVT,AVTR,AXTA,AYI,BAH,BBWI,BC,BCO,BDC,BHF,BILL,BIO,BJ,BKH,BMRN,BRKR,BROS,BRX,BSY,BTSG,BURL,BWA,BWXT,BYD,CACI,CAR,CART,CAVA,CBSH,CBT,CCK,CDE,CDP,CELH,CFR,CG,CGNX,CHDN,CHE,CHH,CHRD,CHWY,CLF,CLH,CMC,CNH,CNM,CNO,CNX,COKE,COLB,COLM,CPRI,CR,CRBG,CROX,CRS,CRUS,CSL,CTRE,CUBE,CUZ,CVLT,CW,CXT,CYTK,DAR,DBX,DCI,DINO,DKS,DLB,DOCN,DOCS,DOCU,DT,DTM,DUOL,DY,EEFT,EGP,EHC,ELAN,ELF,ELS,ENS,ENSG,ENTG,EPR,EQH,ESAB,ESNT,EVR,EWBC,EXEL,EXLS,EXP,EXPO,FAF,FBIN,FCFS,FCN,FFIN,FHI,FHN,FIVE,FLG,FLR,FLS,FN,FNB,FND,FNF,FOUR,FR,FTI,G,GAP,GATX,GBCI,GEF,GGG,GHC,GLPI,GME,GMED,GNTX,GPK,GWRE,GXO,H,HAE,HALO,HGV,HIMS,HL,HLI,HLNE,HOG,HOMB,HQY,HR,HRB,HWC,HXL,IBOC,IDA,IDCC,IESC,ILMN,INGR,IPGP,IRT,ITT,JAZZ,JEF,JLL,KBH,KBR,KD,KEX,KNF,KNSL,KNX,KRC,KRG,KRYS,KTOS,LAD,LAMR,LEA,LECO,LFUS,LIVN,LNTH,LOPE,LPX,LSCC,LSTR,M,MANH,MAT,MEDP,MIDD,MKSI,MLI,MMS,MOG-A,MOH,MORN,MP,MSA,MSM,MTDR,MTG,MTN,MTSI,MTZ,MUR,MUSA,MZTI,NBIX,NEU,NFG,NJR,NLY,NNN,NOV,NOVT,NTNX,NVST,NVT,NWE,NXST,NXT,NYT,OC,OGE,OGS,OHI,OKTA,OLED,OLLI,OLN,ONB,ONTO,OPCH,ORA,ORI,OSK,OVV,OZK,P,PAG,PATH,PB,PBF,PCTY,PEGA,PEN,PFGC,PII,PINS,PK,PLNT,PNFP,POR,POST,PPC,PR,PRI,PSN,PVH,QLYS,R,RBA,RBC,REXR,RGA,RGEN,RGLD,RH,RLI,RMBS,RNR,ROIV,ROKU,RPM,RRC,RRX,RS,RYAN,RYN,SAIA,SAIC,SAM,SANM,SARO,SBRA,SCI,SEIC,SF,SFM,SGI,SHC,SIGI,SIRI,SITM,SLAB,SLGN,SLM,SMG,SMTC,SN,SNX,SOLS,SON,SPXC,SR,SSB,SSD,ST,STAG,STRL,STWD,SUI,SWX,SYNA,TCBI,TEX,THC,THG,THO,TKR,TLN,TNL,TOL,TOST,TREX,TRU,TTC,TTEK,TTMI,TWLO,TXNM,TXRH,UBSI,UFPI,UGI,ULS,UMBF,UNM,USFD,UTHR,VAL,VC,VFC,VIAV,VICR,VLY,VMI,VNO,VNOM,VNT,VOYA,VVV,WAL,WCC,WEX,WFRD,WH,WHR,WING,WLK,WMG,WMS,WPC,WSO,WTFC,WTRG,WTS,WWD,XPO,XRAY,YETI,ZION"
