date,regime,raw_branch,m1_c_sma50,m2_sma50_sma200,m3_sma200_slope,atr_pct,hi_vol_thresh,atr_pct_rank,high_vol_flag
2022-01-03,trend_up,trend_up,0.02708462423937763,0.0627718766326879,0.018784284864103773,0.011389851972210076,0.013657485042833106,0.5916666666666667,False
2022-01-04,trend_up,trend_up,0.025663164098374436,0.06285664586728235,0.018922121509596934,0.011237955698487548,0.013651360194931593,0.5850622406639004,False
2022-01-05,trend_up,trend_up,0.0054140984652397695,0.06248582397150049,0.01888228588664309,0.012118809920755055,0.013619833544611179,0.6611570247933884,False
2022-01-06,trend_up,trend_up,0.003953250972865252,0.062058296866887686,0.018896238025665424,0.012086516964763839,0.013588306894290764,0.6502057613168725,False
2022-01-07,chop,chop,-0.0005369468311130499,0.061687994585245765,0.01878934015921363,0.011965031543630553,0.013556780243970347,0.639344262295082,False
2022-01-10,chop,chop,-0.00208838798827482,0.06117548330900968,0.01852812113570268,0.012580389584728867,0.013525253593649932,0.7061224489795919,False
2022-01-11,trend_up,trend_up,0.006547756539507121,0.060760729681531345,0.018476654893365918,0.012762390788813619,0.013493726943329513,0.7317073170731707,False
2022-01-12,trend_up,trend_up,0.00879434276733737,0.06034054115738097,0.018454111676876384,0.012464852864844618,0.013477513741579208,0.6963562753036437,False
2022-01-13,chop,chop,-0.005217506013280859,0.05963941302644704,0.018192729954985998,0.01318775889504114,0.013461300539828901,0.7862903225806451,False
2022-01-14,chop,chop,-0.00481062449032732,0.05886920051663824,0.017877989839795605,0.013038484819380485,0.013445087338078593,0.7630522088353414,False
2022-01-18,high_vol,chop,-0.02199855171202214,0.057795433461501844,0.017561217802223972,0.013797858292688701,0.013525253593649932,0.824,True
2022-01-19,high_vol,chop,-0.03145732280439362,0.056488621547889695,0.017228082989540594,0.014235369802574603,0.013651360194931593,0.8406374501992032,True
2022-01-20,high_vol,chop,-0.04126539662319406,0.055003980217549264,0.016801763500867928,0.01564325973428252,0.013675859586537638,0.9285714285714286,True
2022-01-21,high_vol,chop,-0.05889845695273732,0.0533214343832733,0.0162271879919913,0.016465549914506748,0.013698011993407866,0.9407114624505929,True
2022-01-24,high_vol,chop,-0.053934997177980115,0.05190752973962587,0.015653026569310002,0.018411006627446293,0.013716393224162056,0.9960629921259843,True
2022-01-25,high_vol,chop,-0.06430610006865822,0.05031039097228707,0.014945089609125217,0.019393524296467565,0.013736863202321597,1.0,True
2022-01-26,high_vol,chop,-0.06528913748561949,0.04853386619603972,0.014243882433638166,0.02055549377882186,0.013772565966309476,1.0,True
2022-01-27,high_vol,chop,-0.06845044451875415,0.04666279966397546,0.013522713731816571,0.02119277608429108,0.013792799827412857,1.0,True
2022-01-28,high_vol,chop,-0.04418650420324388,0.045118824428079796,0.012905851310434757,0.02149390620491425,0.013826844890503119,1.0,True
2022-01-31,high_vol,chop,-0.02620339884038736,0.04390952382243496,0.012312216905813633,0.021267747837568154,0.013867509705836509,0.9961389961389961,True
2022-02-01,high_vol,chop,-0.018910901211399822,0.04270667827536334,0.011722963373751227,0.020671067696655852,0.013929507961503128,0.9884615384615385,True
2022-02-02,high_vol,chop,-0.008885036298623805,0.04165396907521335,0.011257554086902655,0.019817345495260506,0.01404945848342691,0.9808429118773946,True
2022-02-03,high_vol,chop,-0.03130074229346158,0.04034874869132943,0.0106960665191429,0.02070645168404871,0.014138534327743967,0.9885496183206107,True
2022-02-04,high_vol,chop,-0.02592215018730437,0.03904205469397448,0.010185084229713537,0.02056218236608138,0.014205543197074056,0.9809885931558935,True
2022-02-07,high_vol,chop,-0.028112296206930454,0.037684267871187505,0.009654080883918281,0.019975799624313964,0.014243708460672931,0.9734848484848485,True
2022-02-08,high_vol,chop,-0.01977364409701321,0.03693248382260439,0.009234700498951476,0.019458858926372623,0.014257753739211542,0.9660377358490566,True
2022-02-09,high_vol,chop,-0.00512159938977419,0.03614688289361623,0.008841108478054194,0.018891730305447163,0.014263902904776025,0.9586466165413534,True
2022-02-10,high_vol,chop,-0.02273003101981741,0.03549336542562043,0.008329638299213071,0.019534024381510764,0.014280738907368955,0.9662921348314607,True
2022-02-11,high_vol,chop,-0.04158193162387969,0.03480340539342297,0.007780854432623663,0.020556652113100177,0.014374914230798364,0.9776119402985075,True
2022-02-14,high_vol,chop,-0.04395057340753161,0.03372290978548431,0.007294591804896555,0.020169432382932343,0.014452973757026857,0.9702602230483272,True
2022-02-15,high_vol,chop,-0.02822271279439237,0.033068927589883446,0.007038553291523142,0.01959397230951011,0.014487811165625412,0.9592592592592593,True
2022-02-16,high_vol,chop,-0.02661656626243436,0.03216047380955689,0.006868998078297661,0.019152857081207533,0.014518668933773361,0.9446494464944649,True
2022-02-17,high_vol,chop,-0.04611124351684759,0.030508788687577226,0.006652487613327596,0.019836710494485016,0.014522714579806664,0.9632352941176471,True
2022-02-18,high_vol,chop,-0.050825628473089024,0.02874599307171022,0.0064884434503005295,0.019664994021166386,0.014552646011508883,0.9560439560439561,True
2022-02-22,high_vol,chop,-0.05949956452839689,0.0270058118781773,0.006249922930890994,0.020395594032494958,0.01457503949723468,0.9708029197080292,True
2022-02-23,high_vol,chop,-0.07420490668108326,0.02476550052860471,0.006035455416528279,0.021296930792579542,0.014589719810033373,0.9963636363636363,True
2022-02-24,high_vol,chop,-0.058691662728980964,0.022882529976592014,0.0059613487589731395,0.022504439365444148,0.014629760227648931,1.0,True
2022-02-25,high_vol,chop,-0.03683842736342591,0.02135979187751058,0.006101890584473857,0.022074319644750987,0.014642684084705405,0.9963898916967509,True
2022-02-28,high_vol,chop,-0.03786446147249056,0.019531150834258604,0.00610314349806651,0.021777090527508855,0.01465507971277415,0.9928057553956835,True
2022-03-01,high_vol,chop,-0.05099275189589558,0.017739299040155476,0.005883418876648561,0.022205501830872613,0.014705914729051204,0.996415770609319,True
2022-03-02,high_vol,chop,-0.03259600693171072,0.01649646063298449,0.0057073456624918695,0.021835715721838476,0.01479754513710705,0.9892857142857143,True
2022-03-03,high_vol,chop,-0.036591864396286256,0.015359974711360636,0.0054627860118365845,0.02157584177002824,0.014895715326886612,0.9822064056939501,True
2022-03-04,high_vol,chop,-0.04311209871907162,0.013730462750655592,0.005356876299573932,0.021492952546624682,0.014908436424413791,0.975177304964539,True
2022-03-07,high_vol,chop,-0.06933140437919916,0.011516914015585744,0.0049906142617206495,0.022767620159156857,0.014980929182274533,1.0,True
2022-03-08,high_vol,chop,-0.0741543943468368,0.00906236936828253,0.004659573450995325,0.023377520034940723,0.015059532230091351,1.0,True
2022-03-09,high_vol,chop,-0.04721885365766654,0.006731599693845736,0.004375056139228173,0.023356898075296215,0.015125721585741714,0.9964912280701754,True
2022-03-10,high_vol,chop,-0.04934308865633119,0.004343414634584208,0.004003816140779604,0.022957035664377484,0.015196110655358017,0.993006993006993,True
2022-03-11,high_vol,chop,-0.05901670191032582,0.0017555900457697504,0.003654187513083773,0.023162954804850776,0.015201219185136245,0.9930313588850174,True
2022-03-14,high_vol,trend_down,-0.0634113209988123,-0.0008738343825779316,0.0033978953336555318,0.023167319548365477,0.015284896147851878,0.9930555555555556,True
2022-03-15,high_vol,trend_down,-0.04071292067429444,-0.0031321464678167876,0.003221589217547338,0.02269886250485038,0.015380112714183814,0.9792387543252595,True
2022-03-16,high_vol,trend_down,-0.0175799115591887,-0.0051990812428796,0.0030861151821854893,0.022404268634851662,0.015478234904540594,0.9724137931034482,True
2022-03-17,high_vol,trend_down,-0.00364954270028206,-0.007066943629309819,0.0029698583504784715,0.02182302088999204,0.015629023589060355,0.9587628865979382,True
2022-03-18,high_vol,chop,0.005227399569976532,-0.008423642166577983,0.0030190766238431532,0.021334607748861412,0.015640412505238087,0.9417808219178082,True
2022-03-21,high_vol,chop,0.006004925098033409,-0.009721705367271016,0.0030931069027666513,0.020745544916275338,0.015807970955533684,0.9283276450511946,True
2022-03-22,high_vol,chop,0.01853752338542569,-0.01076531058176522,0.0033171383231502816,0.020024349990223914,0.015960235098952995,0.9013605442176871,True
2022-03-23,high_vol,chop,0.006410366888509378,-0.011976646279137748,0.0035138383805226603,0.0197829971121744,0.016046274269114102,0.888135593220339,True
2022-03-24,high_vol,chop,0.022474511334852565,-0.013158543108182763,0.003679076942963766,0.019159458674995,0.016135690974247295,0.8682432432432432,True
2022-03-25,high_vol,chop,0.02832347541487068,-0.014300677864848899,0.003641109832300149,0.018422395489893825,0.016399578126454862,0.8552188552188552,True
2022-03-28,high_vol,chop,0.036043713313744785,-0.015035157091114137,0.0036990050092142734,0.01790222455969701,0.016601064302752797,0.8422818791946308,True
2022-03-29,high_vol,chop,0.04901160401613147,-0.015576880200622978,0.00395553146578731,0.01737366971341118,0.016703147293316654,0.822742474916388,True
2022-03-30,high_vol,chop,0.04242939909978838,-0.01585473657725156,0.00408759471594955,0.017025541799950812,0.01672572447278419,0.8166666666666667,True
2022-03-31,high_vol,chop,0.026390162798878958,-0.01618453789508889,0.004151162482650905,0.017258532128510484,0.016745592800255376,0.8172757475083057,True
2022-04-01,chop,chop,0.029010498669774787,-0.016249008344822236,0.004258356930081808,0.016661782726808606,0.01674062571838758,0.7913907284768212,False
2022-04-04,chop,chop,0.03693890550281331,-0.015868331596223806,0.004681572915130605,0.01606734898426008,0.016735658636519785,0.7821782178217822,False
2022-04-05,chop,chop,0.023321093623794864,-0.015700071508106372,0.005005372558151366,0.016379072853584344,0.016730691554651986,0.7861842105263158,False
2022-04-06,chop,chop,0.012534915583541029,-0.01541923174773241,0.00517513256788793,0.01657210874876471,0.01672572447278419,0.7901639344262295,False
2022-04-07,chop,chop,0.01692726036709713,-0.01501977660836018,0.0053871087507502136,0.016450856783220082,0.016720757390916396,0.7843137254901961,False
2022-04-08,chop,chop,0.013457975583898385,-0.014537925675955576,0.005627941247255519,0.01606523847536599,0.016714887358383147,0.7719869706840391,False
2022-04-11,trend_down,trend_down,-0.0037727645351075534,-0.014774830090123259,0.005803122016811546,0.01650529709905928,0.016709017325849902,0.788961038961039,False
2022-04-12,high_vol,trend_down,-0.006941373084982216,-0.015412181662388225,0.00585534233652929,0.01686638231986586,0.016730691554651986,0.8058252427184466,True
2022-04-13,chop,chop,0.004871693042536984,-0.016013615548991167,0.005850480759092225,0.01649454705843736,0.01672572447278419,0.7838709677419354,False
2022-04-14,trend_down,trend_down,-0.006759994337177444,-0.016992834346962193,0.005725644143377284,0.01665974383252673,0.016720757390916396,0.7909967845659164,False
2022-04-18,trend_down,trend_down,-0.005962364700622169,-0.017460378697343293,0.005519827170312963,0.01613859727537509,0.016714887358383147,0.7692307692307693,False
2022-04-19,chop,chop,0.010251886504202501,-0.017747595060952914,0.005401121786967833,0.016051025723698733,0.016709017325849902,0.7571884984025559,False
2022-04-20,chop,chop,0.009619663234596842,-0.01799028051318252,0.005224434180242099,0.015572512800472454,0.016703147293316654,0.7420382165605095,False
2022-04-21,high_vol,trend_down,-0.004895787333104362,-0.018603968876418353,0.00502242120314933,0.016784764999164387,0.01672572447278419,0.8063492063492064,True
2022-04-22,high_vol,trend_down,-0.030813594270234668,-0.019955151851870023,0.004643163999329847,0.018144765753373485,0.016745592800255376,0.8544303797468354,True
2022-04-25,high_vol,trend_down,-0.02427083878871239,-0.020806542686940932,0.004237606922577797,0.018393494404260302,0.016776930559382584,0.8580441640378549,True
2022-04-26,high_vol,trend_down,-0.05147649161647461,-0.02166400514188538,0.0036476573205403984,0.01972454281821069,0.016833735391585274,0.8930817610062893,True
2022-04-27,high_vol,trend_down,-0.04786526678574732,-0.02243442929662154,0.003035254799974796,0.019618330280590356,0.01687483068236285,0.8871473354231975,True
2022-04-28,high_vol,trend_down,-0.022999399380197127,-0.023158549429005637,0.002557150645102757,0.019833542392044063,0.01690181991519407,0.9,True
2022-04-29,high_vol,trend_down,-0.05761581375560687,-0.024454736919147346,0.0019718673256028385,0.02200153277039266,0.016959086671536998,0.9657320872274143,True
2022-05-02,high_vol,trend_down,-0.050962889828075175,-0.025279086773420056,0.0014369012282948734,0.022186183293045867,0.016984254106812615,0.968944099378882,True
2022-05-03,high_vol,trend_down,-0.045832489268537335,-0.02598248162865535,0.000872482899122895,0.021462963135823986,0.017011543466223095,0.9411764705882353,True
2022-05-04,high_vol,trend_down,-0.016752289684309196,-0.02598350799790461,0.0005129735178817096,0.021996212929997656,0.017118737931374688,0.9598765432098766,True
2022-05-05,high_vol,trend_down,-0.05134575892110049,-0.026121470643262423,1.9982208020685732e-05,0.02456441992989922,0.01727769028996721,1.0,True
2022-05-06,high_vol,trend_down,-0.05627435082440069,-0.026616684547199787,-0.0005412592435359853,0.024521777942732595,0.017354322935794107,0.9969325153374233,True
2022-05-09,high_vol,trend_down,-0.0848278211239124,-0.02793111233473411,-0.0012578612141943557,0.02618555710348543,0.017369800357887766,1.0,True
2022-05-10,high_vol,trend_down,-0.08112757750057686,-0.029153831418095577,-0.0018739059213997988,0.026274406871101812,0.01745101748327206,1.0,True
2022-05-11,high_vol,trend_down,-0.09417197978141123,-0.03031688274510924,-0.0025103605634470005,0.026988467672355066,0.017503593372101178,1.0,True
2022-05-12,high_vol,trend_down,-0.09321233586228028,-0.03185098473488357,-0.0032024777604783283,0.027025824688886264,0.017511467284061367,1.0,True
2022-05-13,high_vol,trend_down,-0.07007192752431535,-0.03295091512411075,-0.0037447395007460527,0.02643686732046651,0.017536898678370938,0.9939577039274925,True
2022-05-16,high_vol,trend_down,-0.07246757148739036,-0.03397176999438778,-0.0042568830089732,0.025785776489524053,0.01759206442542726,0.9849397590361446,True
2022-05-17,high_vol,trend_down,-0.05290000663378236,-0.034152833923405956,-0.0047088709880611646,0.02494475745633989,0.01762112245243304,0.9819819819819819,True
2022-05-18,high_vol,trend_down,-0.09004947998183177,-0.03471269263098897,-0.005389013564387146,0.027375076328179364,0.017739669931435314,1.0,True
2022-05-19,high_vol,trend_down,-0.09402581837992863,-0.03587892097693235,-0.005980914044536045,0.026865690650329895,0.01793273798500393,0.991044776119403,True
2022-05-20,high_vol,trend_down,-0.09211609207508198,-0.0369239935437794,-0.006507953211315587,0.027958842720531056,0.018054791686231617,1.0,True
2022-05-23,high_vol,trend_down,-0.07413066206235697,-0.037470848510144594,-0.006938338453168824,0.026942609982509375,0.01812677093994511,0.9881305637982196,True
2022-05-24,high_vol,trend_down,-0.08020687580913033,-0.03798761624512492,-0.007243934126509033,0.027016750471551002,0.01823154731272052,0.9911242603550295,True
2022-05-25,high_vol,trend_down,-0.07083076900053675,-0.03879237927889023,-0.007546437491948832,0.026226216293937985,0.018331038773075247,0.9734513274336283,True
2022-05-26,high_vol,trend_down,-0.050919388913007624,-0.03973972452424934,-0.007882218907197314,0.02558000584973544,0.0183969968488975,0.9647058823529412,True
2022-05-27,high_vol,trend_down,-0.02644352500309466,-0.04057845215777456,-0.00796343442969294,0.02491585619722438,0.018411006627446293,0.9589442815249267,True
2022-05-31,high_vol,trend_down,-0.030470003573546678,-0.041643996394357896,-0.008144929279642166,0.024378960767818165,0.01842011771740432,0.9502923976608187,True
2022-06-01,high_vol,trend_down,-0.03673796139990604,-0.04280755117251811,-0.008467011933143365,0.024445779491707217,0.018476748906636847,0.9504373177842566,True
2022-06-02,high_vol,trend_down,-0.016905207512399878,-0.04397048871022802,-0.008742305715193188,0.024055218772115947,0.018664482832858195,0.9447674418604651,True
2022-06-03,high_vol,trend_down,-0.031521893493357656,-0.04516047651628419,-0.008832517614131952,0.024080705712130918,0.018943955660599233,0.9449275362318841,True
2022-06-06,high_vol,trend_down,-0.026796134126725546,-0.04660250570682234,-0.00887900223945881,0.023345673418794764,0.019152857081207533,0.9335260115606936,True
2022-06-07,high_vol,trend_down,-0.015741879763971345,-0.04797138792371314,-0.008725072358904074,0.022951448560335007,0.019158138356237506,0.9221902017291066,True
2022-06-08,high_vol,trend_down,-0.02437843924275329,-0.04959992568083438,-0.008663331755960346,0.02249123825240535,0.019299898047878544,0.9109195402298851,True
2022-06-09,high_vol,trend_down,-0.04485725679121155,-0.05181327570875727,-0.008670832429434339,0.02322620902678993,0.01941965814842959,0.9312320916905444,True
2022-06-10,high_vol,trend_down,-0.06950141699322443,-0.054291496111199766,-0.008816535879977105,0.024353346326374172,0.01947389201740025,0.9457142857142857,True
2022-06-13,high_vol,trend_down,-0.10154333292443563,-0.056993308527340636,-0.009182245569216207,0.026649170890336856,0.019534024381510764,0.98005698005698,True
2022-06-14,high_vol,trend_down,-0.10084477830040972,-0.05975403537827473,-0.009611262977646251,0.026224682393496634,0.019581982723910242,0.96875,True
2022-06-15,high_vol,trend_down,-0.08460941645298714,-0.06248944096792419,-0.010104588902359102,0.026228165702971595,0.019608587092158257,0.9716713881019831,True
2022-06-16,high_vol,trend_down,-0.11128466086777788,-0.06541076689399272,-0.010509386382740238,0.028133947448787045,0.01963699577682077,1.0,True
2022-06-17,high_vol,trend_down,-0.10971834433795369,-0.06815813270906479,-0.01092363057647705,0.027588432307688145,0.019676903780575246,0.9943661971830986,True
2022-06-21,high_vol,trend_down,-0.08402132879548574,-0.0706773831738371,-0.011221638324860783,0.02701887075806424,0.01972454281821069,0.9859550561797753,True
2022-06-22,high_vol,trend_down,-0.08240219013703087,-0.07317147966569182,-0.011599188933536397,0.026763837197642075,0.01977130625338166,0.9719887955182073,True
2022-06-23,high_vol,trend_down,-0.070589108738075,-0.07521090721219414,-0.011888076699037131,0.025733154433069547,0.019803606142026062,0.946927374301676,True
2022-06-24,high_vol,trend_down,-0.0387610347315589,-0.0767645937359801,-0.012068542931708115,0.025361609476547215,0.01982382425397393,0.9415041782729805,True
2022-06-27,high_vol,trend_down,-0.03984332686293979,-0.07862146276041426,-0.012320205032819831,0.024360919536924708,0.019834176012532255,0.9222222222222223,True
2022-06-28,high_vol,trend_down,-0.0567987305375689,-0.08054506719474397,-0.012717296600799344,0.02546270972530005,0.019836710494485016,0.9418282548476454,True
2022-06-29,high_vol,trend_down,-0.05486757858335989,-0.08247869045325484,-0.01309610440341058,0.02438625326590513,0.019947981798348176,0.9226519337016574,True
2022-06-30,high_vol,trend_down,-0.05937705702830465,-0.08487178498420711,-0.013434101475436777,0.02436351005831803,0.020004929843859934,0.9173553719008265,True
2022-07-01,high_vol,trend_down,-0.04641033170533071,-0.08707416104110566,-0.013888374421252125,0.023866620239876297,0.02008238294730729,0.9038461538461539,True
2022-07-05,high_vol,trend_down,-0.041920613556086006,-0.08895793459173329,-0.014304723773162054,0.023818094995597103,0.020214664712844863,0.9013698630136986,True
2022-07-06,high_vol,trend_down,-0.03661685479346277,-0.09030918348749939,-0.014648130543886917,0.02321093548387615,0.020395594032494958,0.8879781420765027,True
2022-07-07,high_vol,trend_down,-0.020241475126087205,-0.09164872296476212,-0.014849118539608686,0.0224432290427117,0.02052351382955648,0.8637602179836512,True
2022-07-08,high_vol,trend_down,-0.019692905882750522,-0.09243708251055804,-0.014955717412195924,0.021772508380083266,0.020556188779388848,0.8369565217391305,True
2022-07-11,high_vol,trend_down,-0.02927362897500596,-0.09339320926165118,-0.015043655534410338,0.021412058033902785,0.020558864214292656,0.8238482384823849,True
2022-07-12,high_vol,trend_down,-0.035574079448456586,-0.09489904360720691,-0.015090264590111313,0.02140494179231905,0.02058395943219627,0.8216216216216217,True
2022-07-13,high_vol,trend_down,-0.039024489236810345,-0.09574518719898695,-0.015032598815972742,0.021349827434091286,0.020671067696655852,0.8194070080862533,True
2022-07-14,high_vol,trend_down,-0.03957633704768626,-0.09675231945208662,-0.014913860825071068,0.021387068094281408,0.02069937488657014,0.8198924731182796,True
2022-07-15,high_vol,trend_down,-0.01967023165645787,-0.0976838013086948,-0.014649627976939916,0.020848438884389413,0.020729907623384686,0.8042895442359249,True
2022-07-18,high_vol,trend_down,-0.025427426429275424,-0.09930480968189737,-0.014296620238698043,0.02109694060144065,0.020786702503520972,0.8048128342245989,True
2022-07-19,high_vol,chop,0.0020062091842181218,-0.09991352852144808,-0.01375420968565566,0.021063060431292465,0.02089136319377002,0.8026666666666666,True
2022-07-20,chop,chop,0.009246504949978807,-0.10026722638335805,-0.013327812277442508,0.020380997126713974,0.020848438884389413,0.7792553191489362,False
2022-07-21,chop,chop,0.01949148902664244,-0.09992970458668948,-0.012785004864014904,0.020025842649777605,0.0208278600907666,0.7745358090185677,False
2022-07-22,chop,chop,0.010239190601750492,-0.0997200880423762,-0.012393381239190537,0.02011284504325643,0.020807281297143786,0.7751322751322751,False
2022-07-25,chop,chop,0.011320696831329746,-0.09918246516990248,-0.012157389485102699,0.019242213104023926,0.020786702503520972,0.7361477572559367,False
2022-07-26,trend_down,trend_down,-0.000570167700894797,-0.09875349376954268,-0.012022092675543328,0.019108654807575332,0.02076612370989815,0.7289473684210527,False
2022-07-27,chop,chop,0.025417067886067013,-0.0984023531481103,-0.011712346759371828,0.019430189900995015,0.020745544916275338,0.7401574803149606,False
2022-07-28,chop,chop,0.03796083523550764,-0.09782902591828413,-0.011292321267138639,0.019340381787206918,0.020737726269830014,0.7356020942408377,False
2022-07-29,chop,chop,0.052895481742042616,-0.09743466250366739,-0.010784240127833189,0.01890755580411183,0.020729907623384686,0.7232375979112271,False
2022-08-01,chop,chop,0.04876393581749561,-0.09630788565740811,-0.010310287086857217,0.01848034717109131,0.020722088976939362,0.7161458333333334,False
2022-08-02,chop,chop,0.040856274292640826,-0.09509004664511678,-0.009966392874416474,0.01835606085538879,0.02071427033049404,0.7064935064935065,False
2022-08-03,chop,chop,0.05581865750919013,-0.09361558918658075,-0.009667400623676659,0.018095387088645772,0.02070645168404871,0.6994818652849741,False
2022-08-04,chop,chop,0.05417884159192021,-0.09247300551618254,-0.009534766320436816,0.017271243230964527,0.02069937488657014,0.6744186046511628,False
2022-08-05,chop,chop,0.051349231938111695,-0.09117829008440115,-0.009450513705940189,0.016854219949727137,0.02069229808909157,0.6572164948453608,False
2022-08-08,chop,chop,0.04929520208949456,-0.09004189726500234,-0.009293580249006173,0.016669944653446792,0.020685221291612998,0.6452442159383034,False
2022-08-09,chop,chop,0.04480773607295552,-0.08931794052132325,-0.009069749824625273,0.01602194268897721,0.020678144494134427,0.6076923076923076,False
2022-08-10,chop,chop,0.06649663258367,-0.08874996572428984,-0.008710082278072573,0.016066392673709927,0.020671067696655852,0.6163682864450127,False
2022-08-11,chop,chop,0.06611437242698592,-0.08804803375530157,-0.008381751615874622,0.015895006916390633,0.02064929063054096,0.6020408163265306,False
2022-08-12,chop,chop,0.08319967699295039,-0.08693234283213336,-0.008159849164406041,0.015721422118037544,0.020627513564426065,0.6005089058524173,False
2022-08-15,chop,chop,0.08703090963748239,-0.08613574603405505,-0.007849690244502994,0.015321358955966301,0.020605736498311173,0.5862944162436549,False
2022-08-16,chop,chop,0.08810318570885212,-0.0849447970678926,-0.007758176911770387,0.015005374850248386,0.020583959432196278,0.5746835443037974,False
2022-08-17,chop,chop,0.07956739369936483,-0.08391014218119341,-0.007682686640118397,0.014897042482291017,0.02056218236608138,0.5707070707070707,False
2022-08-18,chop,chop,0.0820396937546215,-0.08300517341730762,-0.007711786504431273,0.01431203968908949,0.02056107631548514,0.5415617128463476,False
2022-08-19,chop,chop,0.06690996951974637,-0.08207557368826679,-0.007735302895723106,0.014599375057248863,0.0205599702648889,0.5577889447236181,False
2022-08-22,chop,chop,0.044065710846209916,-0.0809753350463982,-0.00787744946083413,0.015527958393383582,0.020558864214292656,0.5964912280701754,False
2022-08-23,chop,chop,0.04035471213699249,-0.07934540191498773,-0.007960016494267697,0.015086050481519927,0.020557758163696416,0.58,False
2022-08-24,chop,chop,0.041652502489118115,-0.076960837578539,-0.00817133194024644,0.014606109063593076,0.020556652113100177,0.5561097256857855,False
2022-08-25,chop,chop,0.053935595644071244,-0.07430757908585284,-0.008413857752395781,0.0143768782580315,0.020556420446244512,0.5373134328358209,False
2022-08-26,chop,chop,0.01692678408163717,-0.07242365763768055,-0.008882356523231216,0.01641004496987285,0.020556188779388848,0.6377171215880894,False
2022-08-29,chop,chop,0.008382020580880889,-0.07008896709506562,-0.009306858573565835,0.016162485097556627,0.020555957112533187,0.6336633663366337,False
2022-08-30,trend_down,trend_down,-0.00430125056822428,-0.06787052000110472,-0.009669712596512725,0.016627536417034072,0.020555725445677523,0.6518518518518519,False
2022-08-31,trend_down,trend_down,-0.012870304776730679,-0.06614856063688024,-0.010142761565499536,0.016678885317387517,0.02055549377882186,0.6600985221674877,False
2022-09-01,trend_down,trend_down,-0.010861510131670471,-0.06434584835615076,-0.010585397229007976,0.016653532093743924,0.02052351382955648,0.6511056511056511,False
2022-09-02,trend_down,trend_down,-0.021983430767627432,-0.06284096470762246,-0.011050621944841965,0.01767199956000437,0.020491533880291103,0.7083333333333334,False
2022-09-06,trend_down,trend_down,-0.025706721666182042,-0.061961124041646,-0.011494466795920366,0.017513791146266156,0.020459553931025724,0.6992665036674817,False
2022-09-07,trend_down,trend_down,-0.008657857616372833,-0.06074095505482524,-0.011843690944039587,0.017482376720817414,0.020427573981760344,0.6926829268292682,False
2022-09-08,trend_down,trend_down,-0.003158482315138156,-0.059062786723005134,-0.01225757238653924,0.017330646164017,0.020395594032494958,0.6861313868613139,False
2022-09-09,chop,chop,0.011005689579977496,-0.05715906003277882,-0.012556728669215977,0.017099109943949586,0.02039267465133876,0.6796116504854369,False
2022-09-12,chop,chop,0.020160943998260406,-0.054944152662214196,-0.012889290533832254,0.016600529642714402,0.020389755270182563,0.639225181598063,False
2022-09-13,trend_down,trend_down,-0.024772417954110892,-0.05354019547415689,-0.01348672030531628,0.01957701705753941,0.02038683588902637,0.7657004830917874,False
2022-09-14,trend_down,trend_down,-0.021664697268941935,-0.052230366807095474,-0.01390538080146353,0.019029112712537766,0.02038391650787017,0.7421686746987952,False
2022-09-15,trend_down,trend_down,-0.03310138209101121,-0.051077127870680084,-0.014396026923734317,0.01918741896134088,0.020380997126713974,0.75,False
2022-09-16,trend_down,trend_down,-0.0442406800080315,-0.05045684496576086,-0.014840240885069411,0.01951153544891622,0.02033868417795765,0.762589928057554,False
2022-09-19,trend_down,trend_down,-0.036823080351587434,-0.04976968837559337,-0.015104483484524311,0.019149452892603232,0.020296371229201325,0.7416267942583732,False
2022-09-20,trend_down,trend_down,-0.0478723694341473,-0.04895513429323051,-0.015368139291926819,0.019354979855627744,0.020254058280445002,0.7541766109785203,False
2022-09-21,high_vol,trend_down,-0.0643215407616039,-0.04826436311843607,-0.015627230252729052,0.02054954608641398,0.02038391650787017,0.8047619047619048,True
2022-09-22,trend_down,trend_down,-0.07196890790812838,-0.0475315623826732,-0.015982465610783758,0.020048846661660645,0.020380997126713974,0.7933491686460807,False
2022-09-23,high_vol,trend_down,-0.08706694296568895,-0.04687270537004584,-0.016583636274205893,0.021055817399578052,0.02039267465133876,0.8222748815165877,True
2022-09-26,high_vol,trend_down,-0.09516344232800145,-0.04667146142439804,-0.01709761247133923,0.021154931663040444,0.020487965264846374,0.8274231678486997,True
2022-09-27,high_vol,trend_down,-0.09663998202130086,-0.04638835298541044,-0.017598602256730378,0.021567424695932123,0.02055192516337713,0.8537735849056604,True
2022-09-28,high_vol,trend_down,-0.07786839348064689,-0.04628627598927981,-0.018015846869147367,0.021510350081177465,0.020555725445677523,0.851764705882353,True
2022-09-29,high_vol,trend_down,-0.0956913540426052,-0.04663018627906368,-0.018400609671892942,0.022532317043414116,0.020556652113100177,0.8873239436619719,True
2022-09-30,high_vol,trend_down,-0.10782440841349705,-0.04740601024744662,-0.018826405668186275,0.02302530354889945,0.02056107631548514,0.8969555035128806,True
2022-10-03,high_vol,trend_down,-0.08296512861150795,-0.0475830171535192,-0.0191582251497755,0.02304596028102008,0.020627513564426065,0.897196261682243,True
2022-10-04,high_vol,trend_down,-0.053716136371829926,-0.04741762741582434,-0.019305366970368887,0.022916677718587273,0.020685221291612998,0.8881118881118881,True
2022-10-05,high_vol,trend_down,-0.055266496571711454,-0.047135279711373546,-0.019448378954533774,0.02294140027292227,0.02071427033049404,0.8883720930232558,True
2022-10-06,high_vol,trend_down,-0.06370611812355886,-0.047534752705829075,-0.0196194233638346,0.02268080006429172,0.020745544916275338,0.8793503480278422,True
2022-10-07,high_vol,trend_down,-0.08784211891970173,-0.048463212890539564,-0.02009411206471945,0.02409661819153893,0.0208278600907666,0.9236111111111112,True
2022-10-10,high_vol,trend_down,-0.09243490724947934,-0.049725988314168856,-0.020699360873363437,0.02384513508737794,0.0209728659935026,0.9145496535796767,True
2022-10-11,high_vol,trend_down,-0.09576490190765452,-0.050983804986262204,-0.02114666431862877,0.023744585441951353,0.02105871461226382,0.9101382488479263,True
2022-10-12,high_vol,trend_down,-0.09639500736447193,-0.05208227484572203,-0.021824482309603765,0.02282666190183335,0.021069836465322102,0.8781609195402299,True
2022-10-13,high_vol,trend_down,-0.07026336567862623,-0.05315024364757903,-0.022271872848404928,0.024437594295459438,0.02109694060144065,0.9357798165137615,True
2022-10-14,high_vol,trend_down,-0.08883333571127205,-0.05450742868127523,-0.022876908130233797,0.025877611537067597,0.021143333450720486,0.9588100686498856,True
2022-10-17,high_vol,trend_down,-0.0631922562810967,-0.05551109931328846,-0.02345174173534026,0.0255107473463083,0.021177638315790826,0.9497716894977168,True
2022-10-18,high_vol,trend_down,-0.05015425107991123,-0.05634882817226461,-0.02383177190019159,0.025074402200316127,0.02122276478560191,0.9430523917995444,True
2022-10-19,high_vol,trend_down,-0.05481217309582498,-0.057175210649744845,-0.024244620172218734,0.024670714780353407,0.021273584428570434,0.9363636363636364,True
2022-10-20,high_vol,trend_down,-0.06010628173404875,-0.058538465347811375,-0.024594441732698313,0.02467777079274611,0.021296930792579542,0.9365079365079365,True
2022-10-21,high_vol,trend_down,-0.03499680300311425,-0.05968055263623018,-0.02454983572666547,0.024520244983818055,0.02132707235760504,0.9276018099547512,True
2022-10-24,high_vol,trend_down,-0.020753198376632254,-0.061005264713074214,-0.024389334327801437,0.02380384384295261,0.021343739559999336,0.8961625282167043,True
2022-10-25,high_vol,trend_down,-0.0028511431773330376,-0.06221438238573063,-0.024160699291216337,0.02297718823171659,0.021364723698167335,0.8716216216216216,True
2022-10-26,high_vol,trend_down,-0.007912908662648266,-0.06358136773339451,-0.023991008267224445,0.022662787068736215,0.02139064283388894,0.851685393258427,True
2022-10-27,high_vol,trend_down,-0.010812904676914425,-0.06483047670241471,-0.023854124076806427,0.022222841222466955,0.02140494179231905,0.8385650224215246,True
2022-10-28,high_vol,chop,0.014774249118704619,-0.06579057671237687,-0.02359658558040767,0.021962708068676035,0.02141063478558604,0.825503355704698,True
2022-10-31,chop,chop,0.00933624923426235,-0.066651055463677,-0.02332003813693173,0.021237728735179703,0.021409211537269292,0.7857142857142857,False
2022-11-01,chop,chop,0.006436145013492656,-0.06714506508188034,-0.023245908379564306,0.02112632108910901,0.021407788288952543,0.779510022271715,False
2022-11-02,high_vol,trend_down,-0.016892754845514668,-0.06804668865844532,-0.023255031161799056,0.022765112630930066,0.021422239054287025,0.8577777777777778,True
2022-11-03,high_vol,trend_down,-0.0248337399483044,-0.06921359112140157,-0.023265327774875888,0.02252951422861875,0.021462963135823986,0.8470066518847007,True
2022-11-04,high_vol,trend_down,-0.008548584675772908,-0.07052496931908436,-0.02293592303342673,0.022306890615019826,0.02148695466446454,0.8362831858407079,True
2022-11-07,chop,chop,0.0022744071426197277,-0.07110695588326643,-0.022370933513029434,0.021464775003950762,0.021481681529555114,0.7991169977924945,False
2022-11-08,chop,chop,0.008780083829097007,-0.0714599667474094,-0.02174131539569768,0.02120830897826555,0.02147604602102033,0.7775330396475771,False
2022-11-09,high_vol,trend_down,-0.01074476141320213,-0.07195432622731635,-0.021047838475210967,0.02170950173661308,0.021493143278282594,0.810989010989011,True
2022-11-10,high_vol,chop,0.04364597320139052,-0.07153762851910805,-0.020207426380136173,0.022892882750901733,0.02149390620491425,0.8640350877192983,True
2022-11-11,high_vol,chop,0.05363042586223665,-0.0710617877706512,-0.019187272048614923,0.02208273938427684,0.02150706130592482,0.8271334792122538,True
2022-11-14,high_vol,chop,0.044508452926273145,-0.07038571490709944,-0.018458674006509468,0.021648486921941643,0.02154459485003026,0.8056768558951966,True
2022-11-15,chop,chop,0.052986778804865686,-0.06941783932733303,-0.017848935765808926,0.0213338839805567,0.02153317992707933,0.7777777777777778,False
2022-11-16,chop,chop,0.04508244377776238,-0.06887415556315113,-0.017247252046342032,0.020630640058587234,0.0215217650041284,0.7456521739130435,False
2022-11-17,chop,chop,0.04222292953891982,-0.06845299918301195,-0.016677016952715173,0.020177887643710174,0.021510350081177465,0.7310195227765727,False
2022-11-18,chop,chop,0.04754045024956555,-0.0683935094066982,-0.01616849838695633,0.019512247542670266,0.02150706130592482,0.6948051948051948,False
2022-11-21,chop,chop,0.04463671612535314,-0.0685798131312626,-0.015761739120938145,0.018794672974517514,0.02150377253067218,0.6609071274298056,False
2022-11-22,chop,chop,0.05831335708429508,-0.0677000788666201,-0.015366595089423951,0.018199276625798108,0.021500483755419537,0.6443965517241379,False
2022-11-23,chop,chop,0.06454178039467573,-0.06675559133609077,-0.014956988777941937,0.017436043968727877,0.021497194980166893,0.6172043010752688,False
2022-11-25,chop,chop,0.06361660841841421,-0.06551586900630668,-0.014552652669321153,0.01643746011281449,0.02149390620491425,0.555793991416309,False
2022-11-28,chop,chop,0.04607197871446589,-0.0643872343649744,-0.014218834683063841,0.016813468294282697,0.021493715473256337,0.5910064239828694,False
2022-11-29,chop,chop,0.04390678873532572,-0.06353342516449101,-0.013828842673223263,0.016362274231110096,0.02149352474159842,0.5491452991452992,False
2022-11-30,chop,chop,0.07545035538822575,-0.062002890116198306,-0.013245890111607372,0.01721749575589772,0.02149333400994051,0.6076759061833689,False
2022-12-01,chop,chop,0.07296126035152928,-0.06006846520692055,-0.01273484802380731,0.016919964635850167,0.021493143278282594,0.597872340425532,False
2022-12-02,chop,chop,0.06988105129202915,-0.05798712277917739,-0.012245283905142679,0.01673362616401387,0.021492952546624682,0.583864118895966,False
2022-12-05,chop,chop,0.048889556200467865,-0.055981738373254375,-0.011852676756843428,0.017385326690426528,0.021487317038089898,0.6207627118644068,False
2022-12-06,chop,chop,0.032170443490221245,-0.05404524951494305,-0.011645106351385048,0.01789405780575339,0.021481681529555114,0.6405919661733616,False
2022-12-07,chop,chop,0.02880852270883638,-0.05214082655180774,-0.011390624515331793,0.01731098538823127,0.02147604602102033,0.6118143459915611,False
2022-12-08,chop,chop,0.035474893183332634,-0.050562717718164785,-0.010974166299912103,0.016706655273514084,0.021470410512485546,0.5768421052631579,False
2022-12-09,chop,chop,0.026104507783970998,-0.04863641745490899,-0.010934327991049986,0.016441936336253325,0.021464775003950762,0.5483193277310925,False
2022-12-12,chop,chop,0.0386342252822236,-0.04610344473916794,-0.011013263735633494,0.016065690543065225,0.021464412630325405,0.5283018867924528,False
2022-12-13,chop,chop,0.04457334829454185,-0.0439357259697849,-0.010870064722016348,0.016856676253029963,0.021464050256700052,0.5920502092050209,False
2022-12-14,chop,chop,0.03674016083229925,-0.042507158591540195,-0.010620708106223287,0.01739688389630802,0.021463687883074695,0.6242171189979123,False
2022-12-15,chop,chop,0.010721749181834994,-0.04130886424870561,-0.010514535276439307,0.01866937874511175,0.021463325509449342,0.6708333333333333,False
2022-12-16,trend_down,trend_down,-0.006295595882998661,-0.04018213978915264,-0.010391323058699498,0.0192244092239996,0.021462963135823986,0.6902286902286903,False
2022-12-19,trend_down,trend_down,-0.015601378914462338,-0.038700826189858706,-0.010417264747534571,0.019045202734192614,0.021452782115439745,0.6784232365145229,False
2022-12-20,trend_down,trend_down,-0.015301205941624874,-0.037212685916440336,-0.010236564039647233,0.018482805122724544,0.021442601095055507,0.6645962732919255,False
2022-12-21,trend_down,trend_down,-0.002048973833596368,-0.03543241836118505,-0.010028631556196377,0.018180286098627537,0.021432420074671266,0.6487603305785123,False
2022-12-22,trend_down,trend_down,-0.017512493993644518,-0.033665917343723484,-0.010012048774267757,0.019276077413162264,0.021422239054287025,0.6948453608247422,False
2022-12-23,trend_down,trend_down,-0.0127241552682128,-0.032307402114205463,-0.009862744725050998,0.018735145988353998,0.021412058033902785,0.668724279835391,False
2022-12-27,trend_down,trend_down,-0.01782136606781415,-0.030653625403379126,-0.00968706402680597,0.01812127720338756,0.02141063478558604,0.6427104722792608,False
2022-12-28,trend_down,trend_down,-0.030519112152563532,-0.02967380875879777,-0.009632006711969066,0.01836042293349746,0.021409211537269292,0.6536885245901639,False
2022-12-29,trend_down,trend_down,-0.013693161444724433,-0.028540557127467836,-0.009776659342399574,0.018180024389680076,0.021407788288952543,0.6441717791411042,False
2022-12-30,trend_down,trend_down,-0.016995594306013162,-0.027197885971645186,-0.009960454757905857,0.017861780713506123,0.021406365040635797,0.6306122448979592,False
2023-01-03,trend_down,trend_down,-0.021908811142256956,-0.02569330637757028,-0.010219967382793183,0.018269120465135374,0.02140494179231905,0.6496945010183299,False
2023-01-04,trend_down,trend_down,-0.014837002451098757,-0.024477735435706083,-0.01051327124869239,0.017928654054976154,0.021401367052711524,0.6341463414634146,False
2023-01-05,trend_down,trend_down,-0.02610654658274747,-0.02365742802085824,-0.010823602854659553,0.017781625592468434,0.021397792313103993,0.6267748478701826,False
2023-01-06,trend_down,trend_down,-0.003934673637686847,-0.02274573700848248,-0.011139771296433953,0.017957989244581158,0.021394217573496466,0.6356275303643725,False
2023-01-09,trend_down,trend_down,-0.004797682907491274,-0.021766478849482462,-0.011518345391570262,0.01779522325037784,0.02139064283388894,0.6262626262626263,False
2023-01-10,chop,chop,0.0016366544956194495,-0.02049788490162263,-0.011832261065572336,0.017210068317555238,0.021387068094281408,0.5866935483870968,False
2023-01-11,chop,chop,0.013967172197528743,-0.019467281624026445,-0.012066061232026026,0.01668776191291021,0.021379619962243385,0.5533199195171026,False
2023-01-12,chop,chop,0.017098195480861555,-0.01819939527791503,-0.012372994293687212,0.01652999702980603,0.021372171830205358,0.536144578313253,False
2023-01-13,chop,chop,0.020313063284501665,-0.016716254680818166,-0.012781201977289935,0.016322408867605928,0.021364723698167335,0.5170340681362725,False
2023-01-17,chop,chop,0.017251097373974567,-0.01480757633725538,-0.012946416803072958,0.015753583215467756,0.021357275566129312,0.492,False
2023-01-18,chop,chop,0.00014306370933536705,-0.013027709475119442,-0.01305079667493847,0.016475869907827595,0.021349827434091286,0.5329341317365269,False
2023-01-19,trend_down,trend_down,-0.007760931250475722,-0.011606962158517309,-0.01321029736086643,0.016188650170705268,0.021346783497045312,0.5159362549800797,False
2023-01-20,chop,chop,0.00990208123298486,-0.010042053181162025,-0.013491118363686216,0.01613949411626497,0.021343739559999336,0.5129224652087475,False
2023-01-23,chop,chop,0.021048956217457393,-0.008470070463465929,-0.013750128040606158,0.016042757317886944,0.021340695622953362,0.498015873015873,False
2023-01-24,chop,chop,0.018599494416283058,-0.006571069090791304,-0.013753519425934613,0.01553932466542543,0.02133765168590739,0.4792079207920792,False
2023-01-25,chop,chop,0.018687774423570724,-0.00567616725756015,-0.013833803733392824,0.01569785196958774,0.021334607748861412,0.48616600790513836,False
2023-01-26,chop,chop,0.029556605136616287,-0.00482134494411901,-0.013892277900475536,0.015281082761549089,0.02133446299520047,0.46942800788954636,False
2023-01-27,chop,chop,0.03136815429641837,-0.0038550001291584035,-0.013823102006737975,0.014988104139184465,0.021334318241539526,0.4566929133858268,False
2023-01-30,chop,chop,0.01831901482420717,-0.0032728169206435176,-0.01376763591030028,0.015057230430364613,0.021334173487878586,0.46168958742632615,False
2023-01-31,chop,chop,0.03271255743714119,-0.0022483394114164446,-0.013572250077171999,0.014822919981179336,0.021334028734217643,0.44901960784313727,False
2023-02-01,chop,chop,0.04281057249488107,-0.001067055621288504,-0.013166333723456103,0.0155876802547898,0.0213338839805567,0.48532289628180036,False
2023-02-02,chop,chop,0.05687733548640983,0.00025402647176520077,-0.012680875872340014,0.015553674708938502,0.02132649334296127,0.482421875,False
2023-02-03,chop,chop,0.044702684735154596,0.0015702124506580262,-0.012286182934685974,0.015616412390217759,0.021319102705365838,0.4873294346978557,False
2023-02-06,chop,chop,0.037796002169640186,0.002517818682529427,-0.011961684683981844,0.015330844398615073,0.021311712067770407,0.4727626459143969,False
2023-02-07,chop,chop,0.05068939233666603,0.0034574828392370804,-0.011555048975706916,0.015586585053744313,0.021304321430174977,0.4854368932038835,False
2023-02-08,chop,chop,0.038762945012470684,0.0040762356906958175,-0.011004590405902404,0.015548194540020753,0.021296930792579542,0.4806201550387597,False
2023-02-09,chop,chop,0.029175607812522042,0.004917508015466865,-0.010563169624565272,0.01610090768664244,0.021291094201577265,0.5203094777562862,False
2023-02-10,chop,chop,0.03090960263846565,0.005671364727876993,-0.009930910646456792,0.01551646558320937,0.02128525761057499,0.4749034749034749,False
2023-02-13,chop,chop,0.04274014621549216,0.0059898132772964185,-0.009201014485675008,0.015093968464266819,0.02127942101957271,0.45857418111753373,False
2023-02-14,chop,chop,0.04198336422449711,0.006451098053970927,-0.008631611541955353,0.015154364754878438,0.021273584428570434,0.46153846153846156,False
2023-02-15,chop,chop,0.044993959441168796,0.006785128450079059,-0.007854875733987465,0.014818324891797649,0.021267747837568154,0.43953934740882916,False
2023-02-16,chop,chop,0.030153720694816144,0.007306180599513157,-0.007128430092505633,0.014973682592335637,0.021261744017090464,0.4482758620689655,False
2023-02-17,chop,chop,0.026884163250527227,0.008105687478640045,-0.006479831544835446,0.014680849137157781,0.021255740196612773,0.4359464627151052,False
2023-02-21,chop,chop,0.005983115394271543,0.008791404954138216,-0.006225822722370156,0.015421869405537853,0.021249736376135083,0.4770992366412214,False
2023-02-22,chop,chop,0.0044802632507516815,0.009104290562085948,-0.005836918748128861,0.015076687085313059,0.021243732555657393,0.45714285714285713,False
2023-02-23,chop,chop,0.009447985689450933,0.009616809327515297,-0.005363073565506027,0.01498645401565072,0.021237728735179703,0.44866920152091255,False
2023-02-24,chop,chop,-0.0012059710939866797,0.009509046083591599,-0.004846659156783617,0.01533127386001133,0.02123184478379687,0.476280834914611,False
2023-02-27,chop,chop,0.002409937349693969,0.009310794640531528,-0.004432414417325559,0.015069651401023452,0.021225960832414043,0.4564393939393939,False
2023-02-28,chop,chop,-0.0011368477304637414,0.009105994271886075,-0.003912456644740603,0.014609362156246215,0.02122007688103121,0.42533081285444235,False
2023-03-01,chop,chop,-0.005224624584061144,0.009335149296127776,-0.0034170601799303757,0.014217020973017252,0.021214192929648382,0.39811320754716983,False
2023-03-02,chop,chop,0.0017778717917726894,0.010125059904823708,-0.003125600662548189,0.014241606575564574,0.02120830897826555,0.4011299435028249,False
2023-03-03,chop,chop,0.016606663088417628,0.011301962817196198,-0.002805705259540159,0.014189029850482173,0.021205202399470657,0.3966165413533835,False
2023-03-06,chop,chop,0.016087784437756714,0.012568907816435493,-0.002440959707353807,0.013773903711464218,0.021202095820675764,0.38649155722326456,False
2023-03-07,chop,chop,-9.239109149039582e-05,0.013098841709251463,-0.0019179391153971714,0.014253557501244157,0.02119898924188087,0.4044943820224719,False
2023-03-08,chop,chop,0.0006250771313072168,0.013902699920296024,-0.0015080064515302638,0.013772531638686353,0.021195882663085974,0.38317757009345793,False
2023-03-09,chop,chop,-0.018262287140980993,0.01431778153287322,-0.0012883485289456598,0.01502666954470797,0.02119277608429108,0.458955223880597,False
2023-03-10,chop,chop,-0.032647004266369684,0.01468922989896182,-0.0011564629306883845,0.01579382969567962,0.021185207200040954,0.5176908752327747,False
2023-03-13,chop,chop,-0.03444681640057312,0.01524193295035059,-0.0011625522741992578,0.016491992391562696,0.021177638315790826,0.5650557620817844,False
2023-03-14,chop,chop,-0.01889380169698085,0.01573655463109458,-0.0011778636341115423,0.016540110433965773,0.0211700694315407,0.5714285714285714,False
2023-03-15,chop,chop,-0.025364361704791172,0.01629229750656358,-0.001189018939291575,0.01692691763986745,0.02116250054729057,0.6111111111111112,False
2023-03-16,chop,chop,-0.009022892719491749,0.017318252265360767,-0.001457486812412756,0.017282543536791515,0.021154931663040444,0.6266173752310537,False
2023-03-17,chop,chop,-0.024637781199136066,0.01793252933096423,-0.0016703326978934063,0.017684564835849334,0.021149209548254156,0.6549815498154982,False
2023-03-20,chop,chop,-0.015965874954139814,0.01886926016397017,-0.0017560607098543457,0.0170232794527802,0.02114348743346787,0.6132596685082873,False
2023-03-21,chop,chop,-0.003584408447713905,0.019660709933150056,-0.0016106429577854575,0.016617729504433475,0.021137765318681584,0.5716911764705882,False
2023-03-22,chop,chop,-0.02077766401118797,0.02011662442611617,-0.0016511405955628167,0.017596505389518298,0.021132043203895296,0.6495412844036698,False
2023-03-23,chop,chop,-0.0182575088306135,0.02049062475593444,-0.0017523494493606462,0.017919721107135092,0.02112632108910901,0.6666666666666666,False
2023-03-24,chop,chop,-0.011826618831500935,0.020762322523420362,-0.0019838705902823772,0.017693612078332272,0.021120444991575338,0.6563071297989032,False
2023-03-27,chop,chop,-0.009955627913712961,0.02093001231177216,-0.002153957532886275,0.017004430077501503,0.021114568894041664,0.6094890510948905,False
2023-03-28,chop,chop,-0.012034893449112127,0.02085814556557719,-0.002272778435389755,0.01633091222348899,0.021108692796507993,0.5391621129326047,False
2023-03-29,chop,chop,0.0021458680927843865,0.02089038005543764,-0.002156339236738636,0.016014987877157303,0.021102816698974323,0.5109090909090909,False
2023-03-30,chop,chop,0.007399407288810611,0.02113934169115228,-0.0017416914171523024,0.015315297780965728,0.02109694060144065,0.46823956442831216,False
2023-03-31,chop,chop,0.020541453591650827,0.021734440605527316,-0.0013420015714341593,0.01507054298281524,0.021090164567411012,0.4528985507246377,False
2023-04-03,chop,chop,0.023661157321238413,0.02208884088292229,-0.0008892849180099915,0.01445022590383806,0.021083388533381375,0.4050632911392405,False
2023-04-04,chop,chop,0.01757417607043621,0.02195158165565192,-0.00043633979207780005,0.01431091176558265,0.02107661249935174,0.3989169675090253,False
2023-04-05,chop,chop,0.014536041417761991,0.021785553469082286,-2.5813559468512715e-05,0.013817770230991271,0.021069836465322102,0.37657657657657656,False
2023-04-06,trend_up,trend_up,0.018045623092983742,0.021791866656040382,0.0003835063286807827,0.01344426111865193,0.021063060431292465,0.3597122302158273,False
2023-04-10,trend_up,trend_up,0.01884417735813404,0.021581627823802352,0.0009714904003164104,0.013119856813769778,0.021061611824949582,0.3464991023339318,False
2023-04-11,trend_up,trend_up,0.018913006932348653,0.02137609933272655,0.001482767879162461,0.012573450709081306,0.0210601632186067,0.3118279569892473,False
2023-04-12,trend_up,trend_up,0.014383588886900167,0.021521937261309354,0.0017831887240502553,0.012551109793761676,0.02105871461226382,0.3094812164579606,False
2023-04-13,trend_up,trend_up,0.027500237323802468,0.021554235411701095,0.002304025518068631,0.012512437345165453,0.021057266005920935,0.30892857142857144,False
2023-04-14,trend_up,trend_up,0.024905761647164626,0.021226178390846062,0.0029530781761466507,0.01251822290964531,0.021055817399578052,0.31016042780748665,False
2023-04-17,trend_up,trend_up,0.028728550758710503,0.02064692261966572,0.0036736500386267412,0.012079469915767633,0.021014341696540328,0.28113879003558717,False
2023-04-18,trend_up,trend_up,0.029304398865456438,0.02026303342979041,0.004346756617533032,0.011716328346236926,0.0209728659935026,0.26465364120781526,False
2023-04-19,trend_up,trend_up,0.02891005198462815,0.02005615200500044,0.005002092323554086,0.011384912061454776,0.020931390290464875,0.25354609929078015,False
2023-04-20,trend_up,trend_up,0.02346352501034943,0.019501861038647705,0.005619137523404039,0.01130084997965799,0.02088991458742715,0.25309734513274335,False
2023-04-21,trend_up,trend_up,0.02417978653727859,0.019206653093060133,0.006226549786088498,0.010920448320004144,0.020848438884389413,0.24028268551236748,False
2023-04-24,trend_up,trend_up,0.024966019108786597,0.01918217164360092,0.006784158148343211,0.010557419889761874,0.0208278600907666,0.2345679012345679,False
2023-04-25,trend_up,trend_up,0.008794157102399724,0.01885839718494009,0.007195102007727439,0.011124128637295564,0.020807281297143786,0.25,False
2023-04-26,trend_up,trend_up,0.004944198209312578,0.018170251820706973,0.007526686946038641,0.011090668859684577,0.020786702503520972,0.24956063268892795,False
2023-04-27,trend_up,trend_up,0.0249623477132761,0.017751964219858918,0.007780871251612975,0.011540197026767172,0.02076612370989816,0.2649122807017544,False
2023-04-28,trend_up,trend_up,0.03361041736558956,0.017373252770373604,0.007885049112103637,0.011399721197165327,0.020745544916275338,0.2626970227670753,False
2023-05-01,trend_up,trend_up,0.03219578407232304,0.017255325907399977,0.007907971264580427,0.011000133826585006,0.020737726269830014,0.2465034965034965,False
2023-05-02,trend_up,trend_up,0.020413232090113365,0.01710585465675951,0.007827886303935827,0.011667498797184926,0.020729907623384686,0.27399650959860383,False
2023-05-03,trend_up,trend_up,0.012959787964144986,0.017222073224873347,0.007620767542606766,0.011976859971125528,0.020722088976939362,0.2926829268292683,False
2023-05-04,trend_up,trend_up,0.0054560128815910325,0.017389712519678913,0.007249473892089631,0.011955312275502795,0.02071427033049404,0.29043478260869565,False
2023-05-05,trend_up,trend_up,0.02346150888828813,0.017764704753797878,0.007039651376909317,0.012386559319533558,0.02070645168404871,0.3159722222222222,False
2023-05-08,trend_up,trend_up,0.022904191394162332,0.018411369610393358,0.006766262451855631,0.011837936306538318,0.02069937488657014,0.28422876949740034,False
2023-05-09,trend_up,trend_up,0.01775252859232479,0.018874023661135775,0.0065626269608727306,0.011397121477952125,0.02069229808909157,0.26124567474048443,False
2023-05-10,trend_up,trend_up,0.021668225709859712,0.019489029355589382,0.006552368540606368,0.011514809715765548,0.020685221291612998,0.2659758203799655,False
2023-05-11,trend_up,trend_up,0.01900941000658185,0.02009317855448023,0.006504096205941723,0.011210152047204157,0.020678144494134427,0.25,False
2023-05-12,trend_up,trend_up,0.016981231842267963,0.020652508611621823,0.0062317236923625785,0.011216175514778097,0.020671067696655852,0.2512908777969019,False
2023-05-15,trend_up,trend_up,0.020045256311655102,0.02100802193246576,0.005890949518485344,0.010932639791090791,0.02066298216904213,0.23883161512027493,False
2023-05-16,trend_up,trend_up,0.012939452763318426,0.021321933123374492,0.005397602054534545,0.010702318147739058,0.020654896641428406,0.23156089193825044,False
2023-05-17,trend_up,trend_up,0.024377535780313542,0.022119823569935138,0.005034977475967484,0.010783720255113231,0.020646811113814684,0.2345890410958904,False
2023-05-18,trend_up,trend_up,0.03321020478377612,0.023000020800123755,0.00479557074701864,0.0107698150861441,0.02063872558620096,0.2341880341880342,False
2023-05-19,trend_up,trend_up,0.03033256542028462,0.024310663398319665,0.004480049837420452,0.010590133657072984,0.020630640058587234,0.23037542662116042,False
2023-05-22,trend_up,trend_up,0.02908537975828218,0.02590878908288441,0.004237951079765878,0.010348204311368223,0.020616948520086064,0.21635434412265758,False
2023-05-23,trend_up,trend_up,0.01610146242640398,0.02734929702659028,0.004024533697133181,0.010599562256350878,0.020603256981584894,0.23299319727891157,False
2023-05-24,trend_up,trend_up,0.0077824960763921425,0.028350028159441543,0.003744781939012176,0.010645782388896475,0.020589565443083723,0.23429541595925296,False
2023-05-25,trend_up,trend_up,0.015246945077503016,0.02958635072600191,0.0033856265293494836,0.010673867955637099,0.020575873904582553,0.23559322033898306,False
2023-05-26,trend_up,trend_up,0.027192401094641383,0.030791447502177105,0.0029154308878673874,0.01082549666367316,0.02056218236608138,0.24534686971235195,False
2023-05-30,trend_up,trend_up,0.0260685589033387,0.03231108424416829,0.0024413646675069955,0.010702900527798966,0.02056107631548514,0.23817567567567569,False
2023-05-31,trend_up,trend_up,0.019178656884242917,0.03364716444574656,0.0019989902737109766,0.01067076046924176,0.0205599702648889,0.23440134907251264,False
2023-06-01,trend_up,trend_up,0.02771332202203869,0.034894206705673225,0.0015802557804658335,0.010853326809496383,0.020558864214292656,0.24915824915824916,False
2023-06-02,trend_up,trend_up,0.04075917632345849,0.0367232938318629,0.0013951715021924826,0.011089515078279476,0.020557758163696416,0.26218487394957984,False
2023-06-05,trend_up,trend_up,0.037053224553224684,0.038428459152600514,0.0011751080064363872,0.010860709903981268,0.020556652113100177,0.25,False
2023-06-06,trend_up,trend_up,0.037684709478343015,0.040054462934946855,0.001000622028752618,0.010495245593579085,0.020556420446244512,0.22110552763819097,False
2023-06-07,trend_up,trend_up,0.03259169743501866,0.04151244238690199,0.0008562068371635867,0.010367171764900365,0.020556188779388848,0.2157190635451505,False
2023-06-08,trend_up,trend_up,0.03715365574126306,0.0429957377213237,0.000837098447243001,0.010197962407684866,0.020555957112533187,0.20868113522537562,False
2023-06-09,trend_up,trend_up,0.037582748370615926,0.04420413182129446,0.000790339172410226,0.009970968481727892,0.020555725445677523,0.19666666666666666,False
2023-06-12,trend_up,trend_up,0.04547654257195899,0.0454561202007564,0.0009110325346424197,0.009830855488676923,0.02055549377882186,0.18801996672212978,False
2023-06-13,trend_up,trend_up,0.05098780723209395,0.04660418247895137,0.0010396840046520417,0.009646296635310345,0.02055430424034028,0.18106312292358803,False
2023-06-14,trend_up,trend_up,0.050912451045720175,0.04750519628805816,0.00146348253617834,0.009840336205758665,0.020553114701858707,0.19237147595356552,False
2023-06-15,trend_up,trend_up,0.06220855862666497,0.048686207055368635,0.0019111071662358814,0.010263374922799757,0.02055192516337713,0.2152317880794702,False
2023-06-16,trend_up,trend_up,0.05306240208264135,0.049744988278554336,0.0022900306266067094,0.010352544133840434,0.020550735624895556,0.22148760330578512,False
2023-06-20,trend_up,trend_up,0.0461955221166086,0.050598170134522835,0.0027667753006341833,0.010387005938343102,0.02054954608641398,0.22772277227722773,False
2023-06-21,trend_up,trend_up,0.03957478155162275,0.05136273862233853,0.003193914835324385,0.01016279525084296,0.020518755675630176,0.21087314662273476,False
2023-06-22,trend_up,trend_up,0.041992903629919365,0.05212393370076929,0.0037440824363659253,0.009897119058509748,0.020487965264846374,0.19572368421052633,False
2023-06-23,trend_up,trend_up,0.03287479710153218,0.052826501546588744,0.004303201302443549,0.009926312333343965,0.020457174854062572,0.19704433497536947,False
2023-06-26,trend_up,trend_up,0.027774005969779525,0.053283687753743036,0.004685692447659706,0.009821314494494054,0.02042638444327877,0.18688524590163935,False
2023-06-27,trend_up,trend_up,0.03786937080136066,0.05400026083205445,0.005136424498492387,0.009900301493120097,0.020395594032494958,0.19803600654664485,False
2023-06-28,trend_up,trend_up,0.03728462896258211,0.05473234021008455,0.005509501940319073,0.012306617692775544,0.02039267465133876,0.3545751633986928,False
2023-06-29,trend_up,trend_up,0.040191157176157954,0.0555716022697752,0.0059688713589098885,0.011829433513819768,0.020389755270182563,0.32300163132137033,False
2023-06-30,trend_up,trend_up,0.05101181937808974,0.05636796915690567,0.006690772037081016,0.01185379613620777,0.02038683588902637,0.3257328990228013,False
2023-07-03,trend_up,trend_up,0.05063124521783946,0.057315105799544686,0.007333513953267978,0.011227826508412333,0.02038391650787017,0.2894308943089431,False
2023-07-05,trend_up,trend_up,0.04753466606212742,0.05816148788348707,0.007996105893278038,0.010762137302531028,0.020380997126713974,0.25811688311688313,False
2023-07-06,trend_up,trend_up,0.03800526203459054,0.058797340922887686,0.008676374180534685,0.011058437483724022,0.020340375230113217,0.2787682333873582,False
2023-07-07,trend_up,trend_up,0.03379962556439975,0.05975839329907573,0.009250620332379444,0.011001414419796298,0.020299753333512457,0.2783171521035599,False
2023-07-10,trend_up,trend_up,0.03469423968588736,0.06078579739964862,0.009750291749994533,0.010556974840854565,0.0202591314369117,0.2407108239095315,False
2023-07-11,trend_up,trend_up,0.039813047038109506,0.06142405384961247,0.010346942843886708,0.010310735798698765,0.020218509540310944,0.22096774193548388,False
2023-07-12,trend_up,trend_up,0.04669898615556245,0.061974202078114216,0.010995255982555241,0.010301771557233077,0.020177887643710174,0.22061191626409019,False
2023-07-13,trend_up,trend_up,0.05332313655806353,0.06259079478157314,0.011804770626671734,0.010183345930217845,0.020176196591554608,0.21382636655948553,False
2023-07-14,trend_up,trend_up,0.05077432862518072,0.06338007414580171,0.01246857330055362,0.009918142830600956,0.02017450553939904,0.1958266452648475,False
2023-07-17,trend_up,trend_up,0.052315121276260035,0.06435239984154961,0.01305990950189817,0.009629374650196013,0.020172814487243475,0.17307692307692307,False
2023-07-18,trend_up,trend_up,0.057712012817646485,0.06568257074378625,0.01358653853047187,0.009632059974086806,0.02017112343508791,0.1744,False
2023-07-19,trend_up,trend_up,0.05796642676487718,0.0665725013001861,0.014213053885155036,0.009288257776047628,0.020169432382932343,0.1501597444089457,False
2023-07-20,trend_up,trend_up,0.0490242158533547,0.06727117145044526,0.014915824031648706,0.009276361849506745,0.020158114914997163,0.14832535885167464,False
2023-07-21,trend_up,trend_up,0.04702028280523085,0.06818228193872145,0.015426161799959592,0.008929694387574716,0.02014679744706198,0.12738853503184713,False
2023-07-24,trend_up,trend_up,0.0496875203662952,0.0692197788023261,0.01584191346508046,0.008704752422824428,0.0201354799791268,0.11605723370429252,False
2023-07-25,trend_up,trend_up,0.05045040390583777,0.07032408819452862,0.016395887993088776,0.008509523154345111,0.020124162511191614,0.10317460317460317,False
2023-07-26,trend_up,trend_up,0.048487632951297766,0.07140403328211131,0.016971890330153228,0.00846657026980656,0.02011284504325643,0.10301109350237718,False
2023-07-27,trend_up,trend_up,0.03964668233944724,0.07216541574165247,0.017716543576093313,0.009159775670937417,0.020100045366937273,0.14082278481012658,False
2023-07-28,trend_up,trend_up,0.0475784778243602,0.07318389829736982,0.018584684818236052,0.009250007755882883,0.02008724569061812,0.15323854660347552,False
2023-07-31,trend_up,trend_up,0.047528825977817935,0.07395637542948696,0.019197537040754664,0.008902190971785894,0.02007444601429896,0.12933753943217666,False
2023-08-01,trend_up,trend_up,0.042753629809669125,0.07446800807856269,0.019820628251676187,0.008649939610037719,0.020061646337979806,0.11653543307086614,False
2023-08-02,trend_up,trend_up,0.026769970953082867,0.07490460524501041,0.020197085553200322,0.009276814893391152,0.020048846661660645,0.16037735849056603,False
2023-08-03,trend_up,trend_up,0.022425757730380358,0.07517594871232203,0.020647256075345233,0.009183203200553188,0.02004424585928404,0.14913657770800628,False
2023-08-04,trend_up,trend_up,0.01628660642475288,0.07572496502636694,0.021008963353040366,0.009624297962856026,0.02003964505690743,0.18808777429467086,False
2023-08-07,trend_up,trend_up,0.02331294472370926,0.07661562803983846,0.021294089481235234,0.009501361890317202,0.020035044254530822,0.1752738654147105,False
2023-08-08,trend_up,trend_up,0.017287656078562863,0.07722614828477381,0.021466134772449186,0.009727125289073341,0.020030443452154215,0.1984375,False
2023-08-09,trend_up,trend_up,0.009309421776085625,0.07742589928900023,0.02155334567383571,0.009772553025419696,0.020025842649777605,0.20124804992199688,False
2023-08-10,trend_up,trend_up,0.008496602535049025,0.07773978287411598,0.021407090999307155,0.010192559940675213,0.02002554411786687,0.2383177570093458,False
2023-08-11,trend_up,trend_up,0.006642735231162877,0.07821748804657469,0.021158276652901264,0.010006978128400613,0.020025245585956128,0.2255054432348367,False
2023-08-14,trend_up,trend_up,0.010998680158381013,0.07866804263858063,0.02083381725959077,0.009835743047463243,0.02002494705404539,0.2096273291925466,False
2023-08-15,chop,chop,-0.0014528749066587965,0.07859778086295233,0.02052939413699373,0.0101778630329014,0.02002464852213465,0.23875968992248062,False
2023-08-16,chop,chop,-0.009340554845001514,0.07842537839704389,0.02009995939552378,0.010276225818257495,0.020024349990223914,0.24922600619195046,False
2023-08-17,chop,chop,-0.017255080747759166,0.0782075613866764,0.019485424835371523,0.010545397220001675,0.020014639917041926,0.27202472952086554,False
2023-08-18,chop,chop,-0.017222583211865095,0.07803252427184448,0.019028502251941637,0.01053363894460627,0.020004929843859934,0.2716049382716049,False
2023-08-21,chop,chop,-0.011282906226032674,0.07781109703471567,0.018746055601379652,0.010496773437943977,0.019995219770677943,0.26810477657935283,False
2023-08-22,chop,chop,-0.014326959546799634,0.07738447686022809,0.0185419135574727,0.010361989819034904,0.019985509697495955,0.25846153846153846,False
2023-08-23,chop,chop,-0.0037625094669883064,0.07689200596875256,0.01839621140883252,0.010405837706851826,0.019975799624313964,0.2642089093701997,False
2023-08-24,chop,chop,-0.017579633188354205,0.07611433471916595,0.018016719728747965,0.01116516377618187,0.019947981798348183,0.3236196319018405,False
2023-08-25,chop,chop,-0.010777860418433427,0.07546836756752562,0.017541528664269723,0.011317870573689971,0.019920163972382388,0.33537519142419603,False
2023-08-28,chop,chop,-0.004512027426507581,0.0746866310408516,0.017037196225784923,0.010996574363405981,0.019892346146416592,0.3119266055045872,False
2023-08-29,trend_up,trend_up,0.009437235819425238,0.07418167605692783,0.016710848736310124,0.011177207365946787,0.01986452832045081,0.3251908396946565,False
2023-08-30,trend_up,trend_up,0.01296521810611595,0.07411921842437397,0.01635230072227234,0.010793965288440328,0.019836710494485016,0.29878048780487804,False
2023-08-31,trend_up,trend_up,0.010783183584351486,0.07419103671488836,0.01585191603837166,0.010461136846201065,0.019836076873996824,0.2633181126331811,False
2023-09-01,trend_up,trend_up,0.012001636464447074,0.07417284759675558,0.015543768882244624,0.010327490908633117,0.019835443253508635,0.24924012158054712,False
2023-09-05,trend_up,trend_up,0.0069038044216445105,0.07428849363934753,0.015176290608634568,0.009952616498317838,0.019834809633020443,0.21699544764795145,False
2023-09-06,chop,chop,-0.0005272643135237898,0.07434358028217747,0.01480146881598765,0.010173468990977541,0.019834176012532255,0.23484848484848486,False
2023-09-07,chop,chop,-0.003983171715226552,0.0741072664314093,0.014424315494255158,0.010033055978901717,0.019833542392044063,0.2254160363086233,False
2023-09-08,chop,chop,-0.002890703822371554,0.0739073252614515,0.0141420178486944,0.009716040385999606,0.01983030301268735,0.19184290030211482,False
2023-09-11,trend_up,trend_up,0.0032025527360841632,0.0737093979812693,0.013973184189914445,0.009480747028019858,0.01982706363333064,0.167420814479638,False
2023-09-12,chop,chop,-0.0024215306417794125,0.0732455135360015,0.01375436516381745,0.009355003645389479,0.01982382425397393,0.16114457831325302,False
2023-09-13,chop,chop,-0.0013799211409732948,0.07280836159352444,0.01354015513580653,0.009097395832679208,0.019820584874617218,0.13383458646616542,False
2023-09-14,trend_up,trend_up,0.006904976752380332,0.07253730888745791,0.013389031965516551,0.009100182833454616,0.019817345495260506,0.13513513513513514,False
2023-09-15,chop,chop,-0.008887531748369981,0.07210517202434685,0.013383653688640917,0.009782003813546583,0.019810475818643286,0.20239880059970014,False
2023-09-18,chop,chop,-0.008531505602669687,0.07172709063745297,0.013352548543689391,0.009465998274069761,0.019803606142026062,0.1691616766467066,False
2023-09-19,chop,chop,-0.010722480293107295,0.07142371462692165,0.013103660889684843,0.009403480928539546,0.019796736465408842,0.16591928251121077,False
2023-09-20,chop,chop,-0.019649913282912213,0.07084007546561089,0.012705576109968586,0.009789869262193314,0.019789866788791622,0.20746268656716418,False
2023-09-21,chop,chop,-0.03522257264736672,0.06982640001282436,0.012118882985034718,0.010470301532122101,0.0197829971121744,0.2786885245901639,False
2023-09-22,chop,chop,-0.036567115068921296,0.06851642244222078,0.01175054137498699,0.010426391483608704,0.019771306253381662,0.2767857142857143,False
2023-09-25,chop,chop,-0.03177666730284512,0.06721077214089122,0.011480621365946853,0.010227765060743636,0.01975961539458892,0.2540861812778603,False
2023-09-26,chop,chop,-0.044933086112105336,0.06560061137751494,0.011133429598421785,0.01084807752664532,0.01974792453579617,0.3189910979228487,False
2023-09-27,chop,chop,-0.04334443462453208,0.06387676090067718,0.010577517666111813,0.010971168766513021,0.019736233677003435,0.33037037037037037,False
2023-09-28,chop,chop,-0.03664403578975772,0.06215500318656053,0.010316058120601213,0.011025567049487163,0.01972454281821069,0.33579881656804733,False
2023-09-29,chop,chop,-0.0379136039754594,0.06061414391689346,0.0100286144365902,0.011255461892386125,0.019712633058801835,0.3559822747415066,False
2023-10-02,chop,chop,-0.03721842170603695,0.05910653011165845,0.009651647317755252,0.011147695224083539,0.019700723299392972,0.34365781710914456,False
2023-10-03,chop,chop,-0.04870836985001914,0.05727026526682222,0.009301908406366577,0.011710053674463813,0.019688813539984105,0.3784977908689249,False
2023-10-04,chop,chop,-0.04044822767854728,0.05536066854650068,0.009106843734892456,0.011614155168172113,0.01967690378057525,0.3720588235294118,False
2023-10-05,chop,chop,-0.0394636745300162,0.053363864334240896,0.008988510852745213,0.01149535129367451,0.019664994021166386,0.3671071953010279,False
2023-10-06,chop,chop,-0.02704891891304173,0.051649204750936706,0.008983525516413904,0.012298388328069024,0.019655661273051184,0.41935483870967744,False
2023-10-09,chop,chop,-0.019726115617396345,0.0498287081987836,0.008952374181210088,0.012317202141370704,0.019646328524935974,0.4216691068814056,False
2023-10-10,chop,chop,-0.013583822901816922,0.04811900844064576,0.008974068285499959,0.012188561151367103,0.01963699577682077,0.4137426900584795,False
2023-10-11,chop,chop,-0.008635810895554208,0.04646752466132287,0.009107403442280892,0.011828380499779943,0.019627663028705566,0.38686131386861317,False
2023-10-12,chop,chop,-0.013941609590364834,0.0450537964911597,0.00913477096349502,0.01205560424816541,0.019618330280590356,0.40233236151603496,False
2023-10-13,chop,chop,-0.018078729377946523,0.043608505092299854,0.009161210925821228,0.012338095248695969,0.01961345868637431,0.42503639010189226,False
2023-10-16,chop,chop,-0.007260901597616942,0.042362008050951916,0.009287397343121784,0.0122614152858781,0.019608587092158257,0.42005813953488375,False
2023-10-17,chop,chop,-0.006641979662611042,0.04101527920688097,0.00949359360500135,0.012318255023738383,0.01960371549794221,0.42525399129172714,False
2023-10-18,chop,chop,-0.019049873154376784,0.03954685751689646,0.009687729083913243,0.01274345622251846,0.01959884390372616,0.45362318840579713,False
2023-10-19,chop,chop,-0.02681146620256325,0.03806982373730361,0.009937670338273419,0.01312570308296549,0.01959397230951011,0.4732272069464544,False
2023-10-20,chop,chop,-0.03768428258025536,0.03643903591262743,0.010012933222596887,0.013265732864655025,0.01959058125911597,0.48121387283236994,False
2023-10-23,chop,chop,-0.03824511642801598,0.03474274567063307,0.010040371622126676,0.013469282338464783,0.01958719020872183,0.4862914862914863,False
2023-10-24,chop,chop,-0.029907687460040355,0.03314927714631599,0.010070260381487284,0.013148742986029206,0.01958379915832769,0.47406340057636887,False
2023-10-25,chop,chop,-0.04271962540544849,0.03158795191465269,0.010065241502969835,0.013518077541651163,0.01958040810793355,0.4892086330935252,False
2023-10-26,chop,chop,-0.05300639194861456,0.03003897505350661,0.00990257410573947,0.013734811816353644,0.01957701705753941,0.4956896551724138,False
2023-10-27,chop,chop,-0.05618923649413865,0.02864356414578273,0.009739630048020809,0.01374929663569778,0.019568418522333684,0.4964131994261119,False
2023-10-30,chop,chop,-0.04398642409653852,0.027428696084894844,0.009656625092215654,0.013647601662787286,0.01955981998712795,0.4885386819484241,False
2023-10-31,chop,chop,-0.03704587226098044,0.026190520354632207,0.009624367560304714,0.013331537896339922,0.019551221451922222,0.48068669527896996,False
2023-11-01,chop,chop,-0.02608145835695186,0.025157023223775443,0.00949944502809208,0.013144344141397278,0.019542622916716497,0.47,False
2023-11-02,chop,chop,-0.006855363225428346,0.02410232962387515,0.009471419136187542,0.013345623421799123,0.019534024381510764,0.48216833095577744,False
2023-11-03,trend_up,trend_up,0.002307181130089875,0.023442044555388897,0.009424503566346942,0.013189019709820216,0.019529669013742666,0.4757834757834758,False
2023-11-06,trend_up,trend_up,0.004811304697975416,0.02275962234177098,0.009276574987671538,0.01262377816298002,0.019525313645974565,0.43812233285917496,False
2023-11-07,trend_up,trend_up,0.007942103019420221,0.02204704266612434,0.009128369382221724,0.01219069102304291,0.019520958278206466,0.40625,False
2023-11-08,trend_up,trend_up,0.009234874171665686,0.021039471249983732,0.008901805516984274,0.011837657791893453,0.019516602910438368,0.37872340425531914,False
2023-11-09,trend_up,trend_up,0.0021584382368811106,0.019827724608614705,0.008691367693970387,0.011913247527655097,0.019512247542670266,0.38526912181303113,False
2023-11-10,trend_up,trend_up,0.01825514870440026,0.01893843017461294,0.008517108965869546,0.012043330025609391,0.019512105123919456,0.3932107496463932,False
2023-11-13,trend_up,trend_up,0.017801997175431516,0.018006745114875766,0.00821600519722443,0.011665961022284009,0.019511962705168646,0.3629943502824859,False
2023-11-14,trend_up,trend_up,0.037572552387320934,0.01740630914307051,0.008158231047620479,0.012197616761461645,0.01951182028641784,0.4104372355430183,False
2023-11-15,trend_up,trend_up,0.03960283879451576,0.01705229868503788,0.008099330485844769,0.01172336445628302,0.01951167786766703,0.36901408450704226,False
2023-11-16,trend_up,trend_up,0.04061550778976608,0.01683393668992106,0.008021750800623284,0.011259786723788402,0.01951153544891622,0.34177215189873417,False
2023-11-17,trend_up,trend_up,0.041656075799491266,0.016675331546167405,0.00797770283030319,0.010780030469757264,0.019501000144407504,0.29634831460674155,False
2023-11-20,trend_up,trend_up,0.049392555425419093,0.016447930345635964,0.007983646908416686,0.010656875100006357,0.01949046483989878,0.2861150070126227,False
2023-11-21,trend_up,trend_up,0.04675346389096613,0.01627150697344404,0.008073622790255364,0.010279728745414362,0.019479929535390062,0.24509803921568626,False
2023-11-22,trend_up,trend_up,0.05038195287662717,0.01619599400033711,0.008190695327537245,0.009996955303321299,0.019469394230881346,0.21818181818181817,False
2023-11-24,trend_up,trend_up,0.05078865692915846,0.015895732342572133,0.008456692861257054,0.009397977758389183,0.019458858926372623,0.15502793296089384,False
2023-11-27,trend_up,trend_up,0.048358560403104045,0.015852342866141234,0.008836135059679062,0.00896404219486788,0.019453125121297103,0.12133891213389121,False
2023-11-28,trend_up,trend_up,0.048849799581225595,0.015823848716085553,0.009168148465816373,0.008750437690163666,0.01944739131622158,0.10724233983286909,False
2023-11-29,trend_up,trend_up,0.04753723560405354,0.01588422968807035,0.009426881297263767,0.008778462550163884,0.019441657511146057,0.10987482614742698,False
2023-11-30,trend_up,trend_up,0.05080180045356686,0.016195227589618,0.009646986233641686,0.008654704391368796,0.01943592370607054,0.10416666666666667,False
2023-12-01,trend_up,trend_up,0.055671191650654706,0.016955089759798536,0.009711576954820611,0.008687819661895834,0.019430189900995015,0.10679611650485436,False
2023-12-04,trend_up,trend_up,0.048862394600456716,0.017607715797350876,0.009734146348945982,0.008857448486171137,0.019422856780089526,0.11772853185595568,False
2023-12-05,trend_up,trend_up,0.04748314988231317,0.018159785652538618,0.009841970163088964,0.008651900059280305,0.019415523659184034,0.1037344398340249,False
2023-12-06,trend_up,trend_up,0.04188145333710902,0.018846506809609087,0.010066104936798048,0.00877793441625033,0.019408190538278546,0.1132596685082873,False
2023-12-07,trend_up,trend_up,0.04828570069033167,0.019638487245631664,0.010328489129115548,0.0087345554660233,0.019400857417373057,0.1103448275862069,False
2023-12-08,trend_up,trend_up,0.051268649624631735,0.020407839780625547,0.010631254358917985,0.008623837394540599,0.019393524296467565,0.09917355371900827,False
2023-12-11,trend_up,trend_up,0.05369634186116001,0.021235770119407915,0.010977039135843247,0.008394270994823415,0.019385815408299603,0.08528198074277854,False
2023-12-12,trend_up,trend_up,0.056735373061058025,0.02215952690221168,0.011347544774419127,0.008313309991639744,0.019378106520131638,0.08516483516483517,False
2023-12-13,trend_up,trend_up,0.06892705169244873,0.023551918934574756,0.011648119243015786,0.008625579652734179,0.01937039763196367,0.102880658436214,False
2023-12-14,trend_up,trend_up,0.07005540593233417,0.024833345627547798,0.012042746548004635,0.008661795595424526,0.01936268874379571,0.11095890410958904,False
2023-12-15,trend_up,trend_up,0.06182152855422762,0.026063958636588724,0.01241425714753408,0.00878606643010131,0.019354979855627744,0.12448700410396717,False
2023-12-18,trend_up,trend_up,0.06574819827428136,0.02722575085693335,0.012805971460635668,0.008665251007072614,0.01935206024194358,0.11202185792349727,False
2023-12-19,trend_up,trend_up,0.07017242568359738,0.028360414547928814,0.013133806516829827,0.008441430005220523,0.019349140628259414,0.08867667121418826,False
2023-12-20,trend_up,trend_up,0.05374111174570517,0.029088789929913705,0.01343866439939112,0.009179618177298612,0.019346221014575248,0.1553133514986376,False
2023-12-21,trend_up,trend_up,0.061993744414254426,0.029893926568035578,0.013830588804913724,0.009157095122264808,0.019343301400891084,0.14965986394557823,False
2023-12-22,trend_up,trend_up,0.06221939153095035,0.030765592633696714,0.014262256665287465,0.009040923110167165,0.019340381787206918,0.14402173913043478,False
2023-12-26,trend_up,trend_up,0.06459648737994894,0.031736611571622,0.014750528880086433,0.008799842622080884,0.01932752091239799,0.12754409769335143,False
2023-12-27,trend_up,trend_up,0.06459272419204365,0.032519045211739206,0.015260714509458984,0.008421856963203604,0.019314660037589058,0.08807588075880758,False
2023-12-28,trend_up,trend_up,0.06306301484483678,0.03338275418524561,0.01575864276231309,0.008010640008626444,0.019301799162780124,0.06089309878213803,False
2023-12-29,trend_up,trend_up,0.057857559683232695,0.034436014856927155,0.016245062298650748,0.008020584432754831,0.019288938287971197,0.06351351351351352,False
2024-01-02,trend_up,trend_up,0.049777651030054715,0.035651735869107526,0.016603858562330265,0.008218015721014505,0.019276077413162264,0.08367071524966262,False
2024-01-03,trend_up,trend_up,0.039007496173454115,0.036901820822599296,0.01694958827298998,0.008376456515251656,0.019269304551334597,0.0889487870619946,False
2024-01-04,trend_up,trend_up,0.033515833839459885,0.03817651728229143,0.017222447622471382,0.008400956851689212,0.01926253168950693,0.09152086137281291,False
2024-01-05,trend_up,trend_up,0.03290770848656699,0.03938698495970172,0.017366951159491162,0.008402350299432343,0.01925575882767926,0.09274193548387097,False
2024-01-08,trend_up,trend_up,0.04502135181636868,0.041019744729153595,0.017620778527660308,0.008720299918342505,0.019248985965851596,0.1261744966442953,False
2024-01-09,trend_up,trend_up,0.04062541174403789,0.04286670403349957,0.017855286388075875,0.008649342575605274,0.019242213104023926,0.11528150134048257,False
2024-01-10,trend_up,trend_up,0.04349136058520986,0.04491726417395281,0.018018663272539648,0.008522949587589292,0.019238652328019062,0.10441767068273092,False
2024-01-11,trend_up,trend_up,0.040263561097221956,0.046741328622557754,0.018161730496341733,0.008796362086850933,0.019235091552014198,0.13903743315508021,False
2024-01-12,trend_up,trend_up,0.03833211641308831,0.04844331828702786,0.018225582275216645,0.008667376742847666,0.01923153077600933,0.12416555407209613,False
2024-01-16,trend_up,trend_up,0.032169758054175546,0.049948612444733254,0.01816635756881224,0.008622375462120455,0.019227970000004466,0.11066666666666666,False
2024-01-17,trend_up,trend_up,0.024582695531744303,0.05102143536199133,0.01811726883652187,0.008816514386881438,0.0192244092239996,0.14513981358189082,False
2024-01-18,trend_up,trend_up,0.031822819852297846,0.05212274261058769,0.018095140342240024,0.008829651729633516,0.01921701117146786,0.14627659574468085,False
2024-01-19,trend_up,trend_up,0.0425752254234224,0.053394775587233045,0.018093247326102624,0.009020424840982108,0.019209613118936115,0.16201859229747675,False
2024-01-22,trend_up,trend_up,0.042683037297189586,0.054615150774545596,0.01813404758560644,0.008770652339354788,0.019202215066404366,0.13527851458885942,False
2024-01-23,trend_up,trend_up,0.04358089915064567,0.055853240581504426,0.01815882936635327,0.008447539253598087,0.019194817013872625,0.09668874172185431,False
2024-01-24,trend_up,trend_up,0.042408472760665505,0.057280801570426254,0.01807352294942466,0.008410962682805043,0.01918741896134088,0.09391534391534391,False
2024-01-25,trend_up,trend_up,0.04594771611637749,0.05849185205652674,0.01792409390604588,0.008193841024979092,0.019181826904071705,0.07926023778071334,False
2024-01-26,trend_up,trend_up,0.042508848524048126,0.05970045059338713,0.01775000239330282,0.007996336768468183,0.019176234846802528,0.059366754617414245,False
2024-01-29,trend_up,trend_up,0.04885624347760742,0.06062854708917609,0.017712576206803776,0.007984760861229642,0.019170642789533354,0.05665349143610013,False
2024-01-30,trend_up,trend_up,0.04620398601395603,0.061564364822380035,0.017595922978439482,0.007639877873112643,0.01916505073226418,0.03684210526315789,False
2024-01-31,trend_up,trend_up,0.027702507706491852,0.06219558979480788,0.017510046257639633,0.008399663838208756,0.019159458674995,0.09461235216819974,False
2024-02-01,trend_up,trend_up,0.03945377256700455,0.06302792055430917,0.01745351421289576,0.008626093003814565,0.01915813835623751,0.1220472440944882,False
2024-02-02,trend_up,trend_up,0.04861002694759131,0.0638760828410192,0.01751455278946734,0.00891625382060991,0.019156818037480015,0.16382699868938402,False
2024-02-05,trend_up,trend_up,0.04305373436742932,0.06470695200344267,0.017608523198860748,0.008911459458915062,0.01915549771872252,0.16361256544502617,False
2024-02-06,trend_up,trend_up,0.044358712418477664,0.06547765265693939,0.017587405806928302,0.008579209631730604,0.019154177399965028,0.11372549019607843,False
2024-02-07,trend_up,trend_up,0.05116677190293073,0.06637417132289136,0.017630580191646983,0.008552994760155684,0.019152857081207533,0.11357702349869452,False
2024-02-08,trend_up,trend_up,0.04968875018115515,0.06731824182623303,0.01767010825372295,0.008146401476165072,0.01915217624348667,0.07822685788787484,False
2024-02-09,trend_up,trend_up,0.053701346727870636,0.06825652353972145,0.017828393625000105,0.007995623672733085,0.01915149540576581,0.061197916666666664,False
2024-02-12,trend_up,trend_up,0.05118929716482312,0.06917929993998828,0.017989337030012376,0.007892571360427801,0.019150814568044953,0.05071521456436931,False
2024-02-13,trend_up,trend_up,0.03507454681969313,0.069889815408674,0.01806653638750033,0.008915887710768731,0.019150133730324093,0.17012987012987013,False
2024-02-14,trend_up,trend_up,0.04275642245679512,0.07066757089413134,0.018212584734850212,0.008919381345186663,0.019149452892603232,0.17380025940337224,False
2024-02-15,trend_up,trend_up,0.04796450518899098,0.0716593712035225,0.018419661947359556,0.008742023841942006,0.019141293275597656,0.14637305699481865,False
2024-02-16,trend_up,trend_up,0.040880898936342946,0.0725155209054793,0.018600339082019968,0.0087473701449725,0.019133133658592073,0.14747736093143596,False
2024-02-20,trend_up,trend_up,0.03334168172011176,0.07332850177477157,0.018743283691743162,0.008895095244972822,0.019124974041586494,0.16925064599483206,False
2024-02-21,trend_up,trend_up,0.03260318763094183,0.07396514768628903,0.01889522513521391,0.008799595698369056,0.019116814424580915,0.15870967741935485,False
2024-02-22,trend_up,trend_up,0.05190678053928921,0.0749378346737084,0.019090837980366038,0.009592992357975939,0.019108654807575332,0.23582474226804123,False
2024-02-23,trend_up,trend_up,0.05063487019585633,0.07584149438157994,0.019263168246551166,0.009327805887810832,0.019095964392898793,0.21621621621621623,False
2024-02-26,trend_up,trend_up,0.04497573584473913,0.0765673086628802,0.019443059320574108,0.009101343174712867,0.019083273978222248,0.19023136246786632,False
2024-02-27,trend_up,trend_up,0.04534409148498142,0.07706077985166271,0.01954769808164225,0.00877515523820541,0.019070583563545705,0.1514762516046213,False
2024-02-28,trend_up,trend_up,0.042489917133727184,0.07745588816886051,0.019719605827341002,0.008437090877040188,0.01905789314886916,0.10384615384615385,False
2024-02-29,trend_up,trend_up,0.044570650377219856,0.07802145268027738,0.019998584835174915,0.008423547073061434,0.019045202734192614,0.10371318822023047,False
2024-03-01,trend_up,trend_up,0.05260802958180566,0.07864012349874439,0.02025918420265649,0.008474751091164735,0.019041984729861645,0.11253196930946291,False
2024-03-04,trend_up,trend_up,0.04986478610465106,0.07907979783159114,0.02048808437646632,0.008184600159274684,0.019038766725530676,0.0842911877394636,False
2024-03-05,trend_up,trend_up,0.03771693272170018,0.07970341988778062,0.020622616301597008,0.00871747683278878,0.019035548721199707,0.14668367346938777,False
2024-03-06,trend_up,trend_up,0.04139640072157191,0.08026028453862621,0.02069838129068957,0.008739198304589031,0.019032330716868735,0.1503184713375796,False
2024-03-07,trend_up,trend_up,0.04996795905938711,0.08092970366321306,0.020794159514907262,0.008887118182982259,0.019029112712537766,0.17557251908396945,False
2024-03-08,trend_up,trend_up,0.04213252263194489,0.08141233492730438,0.020855516146089936,0.009291814867108446,0.019004801330852587,0.22363405336721728,False
2024-03-11,trend_up,trend_up,0.03976393405283818,0.08178608321331571,0.020856484371982065,0.009107743247948783,0.018980489949167394,0.19923857868020303,False
2024-03-12,trend_up,trend_up,0.04923813592220383,0.08229177539309074,0.020935619380927584,0.009268366558517064,0.018956178567482215,0.21926489226869456,False
2024-03-13,trend_up,trend_up,0.045866761800130496,0.0828732483278134,0.02113667230856664,0.009007470549427816,0.01893186718579702,0.19240506329113924,False
2024-03-14,trend_up,trend_up,0.04201235157470462,0.08360125268398999,0.021254719734831395,0.00911580868212552,0.01890755580411183,0.202275600505689,False
2024-03-15,trend_up,trend_up,0.02994128589229117,0.08433524859312724,0.02126938933433231,0.009506588169612144,0.018904390704378896,0.24494949494949494,False
2024-03-18,trend_up,trend_up,0.03415790114703898,0.08520286430128166,0.021319161309023782,0.009562296310977892,0.018901225604645962,0.2484237074401009,False
2024-03-19,trend_up,trend_up,0.03790441160192426,0.08617859520147975,0.02135553349649877,0.009504725900578893,0.01889806050491303,0.24433249370277077,False
2024-03-20,trend_up,trend_up,0.045573488460483036,0.08708469211513115,0.021338956928642627,0.009505218880983213,0.018894895405180096,0.24528301886792453,False
2024-03-21,trend_up,trend_up,0.04699613160793503,0.08806527516417195,0.021318966582286825,0.0092937287576276,0.018891730305447163,0.22738693467336685,False
2024-03-22,trend_up,trend_up,0.04314352434848834,0.08890664796515324,0.02127492410954046,0.00886966413921873,0.01887231883926124,0.17314930991217065,False
2024-03-25,trend_up,trend_up,0.03845668198934882,0.08969228243779215,0.021231987072624525,0.008478811974256272,0.018852907373075305,0.11278195488721804,False
2024-03-26,trend_up,trend_up,0.03479666079069843,0.09046218975396947,0.021160942296698293,0.008325566102945676,0.018833495906889382,0.09261576971214018,False
2024-03-27,trend_up,trend_up,0.041488745423815754,0.09145355164186042,0.02112930503239019,0.008267188533131855,0.018814084440703448,0.09,False
2024-03-28,trend_up,trend_up,0.03918865922074066,0.09260060401371972,0.021026702928671925,0.007928040951009251,0.018794672974517514,0.052434456928838954,False
2024-04-01,trend_up,trend_up,0.03550166779704034,0.09356850954344331,0.020844730171935888,0.007841051038430653,0.018782767577284816,0.046134663341645885,False
2024-04-02,trend_up,trend_up,0.027434017008781897,0.09417887431701333,0.02059576015107223,0.008109530289127158,0.018770862180052108,0.07721046077210461,False
2024-04-03,trend_up,trend_up,0.027099967688697824,0.09482615192850918,0.020407610982821955,0.007974450824388612,0.01875895678281941,0.05721393034825871,False
2024-04-04,trend_up,trend_up,0.013432368840633702,0.0951749702772906,0.020200631400767666,0.009043060614820584,0.018747051385586702,0.20248447204968945,False
2024-04-05,trend_up,trend_up,0.022684770927132947,0.09564156838309423,0.02001453040886525,0.009325739034254241,0.018735145988353998,0.23821339950372208,False
2024-04-08,trend_up,trend_up,0.02201936304266705,0.09597591611018808,0.019893292834000986,0.00897011015272064,0.01872199253970555,0.1970260223048327,False
2024-04-09,trend_up,trend_up,0.021916540202888024,0.09637377241581646,0.019713847322539557,0.009200036586229551,0.0187088390910571,0.22153465346534654,False
2024-04-10,trend_up,trend_up,0.010775020574497418,0.09640279054498047,0.019418694975273487,0.009633787414762746,0.018695685642408654,0.27564894932014833,False
2024-04-11,trend_up,trend_up,0.01731877192734399,0.09654853613986969,0.019235112748172023,0.00989906180554491,0.018682532193760204,0.3,False
2024-04-12,trend_up,trend_up,0.002175614674903681,0.09687119901059282,0.018993083706501768,0.01056786059628063,0.01866937874511175,0.36744759556103573,False
2024-04-15,chop,chop,-0.010971559427973232,0.09672441188350711,0.01873796573561526,0.01159702796722448,0.018638099899649183,0.437192118226601,False
2024-04-16,chop,chop,-0.01313055926194806,0.09634808557937902,0.018394733908109195,0.01139690497301382,0.0186068210541866,0.4280442804428044,False
2024-04-17,chop,chop,-0.019278605990404096,0.09601751430445793,0.017975597519747977,0.011659015981534807,0.01857554220872403,0.44226044226044225,False
2024-04-18,chop,chop,-0.02150909186359118,0.09559986621029948,0.01755528248284688,0.011645031493697408,0.018544263363261444,0.44171779141104295,False
2024-04-19,chop,chop,-0.029937998783798214,0.0948623951208809,0.017067277381489054,0.011859087353079589,0.01851298451779886,0.46200980392156865,False
2024-04-22,chop,chop,-0.021058256946153042,0.09421764245397157,0.016689051965347756,0.011943530379692846,0.018506948638783997,0.4675642594859241,False
2024-04-23,chop,chop,-0.009614175532446256,0.09362192784808676,0.016387785697148605,0.011887029850888027,0.018500912759769134,0.4633251833740831,False
2024-04-24,chop,chop,-0.010256004536987495,0.09304200512928795,0.01611156568404959,0.011642428406544036,0.018494876880754272,0.43956043956043955,False
2024-04-25,chop,chop,-0.014379191418605664,0.0927311036717755,0.015744987029009172,0.011975638136148043,0.01848884100173941,0.4719512195121951,False
2024-04-26,chop,chop,-0.005418868432567114,0.0924184505987864,0.015436364421755666,0.011913894264914935,0.018482805122724544,0.46650426309378806,False
2024-04-29,chop,chop,-0.002210918753919877,0.09205644023365189,0.015150969698494166,0.011513999289735332,0.018482313532397897,0.42944038929440387,False
2024-04-30,chop,chop,-0.018112055482400025,0.0915475245440387,0.014823820470024618,0.01201339783178488,0.01848182194207125,0.47509113001215064,False
2024-05-01,chop,chop,-0.021437816563448342,0.09112411766934003,0.01451597975556651,0.012380806402203006,0.018481330351744603,0.5036407766990292,False
2024-05-02,chop,chop,-0.01258691162962755,0.09086612438426966,0.014258139349751842,0.012286621485491605,0.018480838761417956,0.49696969696969695,False
2024-05-03,chop,chop,-0.0004957544185871798,0.09037558585373717,0.013973725415058258,0.012319883017833282,0.01848034717109131,0.5024213075060533,False
2024-05-06,trend_up,trend_up,0.0094817848893336,0.08999931517988458,0.01375173437930366,0.01205858269055552,0.018468756834851816,0.47762998790810157,False
2024-05-07,trend_up,trend_up,0.010155467133908136,0.089720400224653,0.013546898462175605,0.011477732858466547,0.018457166498612315,0.4251207729468599,False
2024-05-08,trend_up,trend_up,0.009848359706661869,0.08942683364457515,0.013341946951450856,0.011015947719621704,0.018445576162372825,0.3944511459589867,False
2024-05-09,trend_up,trend_up,0.015115595588344188,0.0892686952727797,0.013094451408190988,0.010651104997877747,0.018433985826133325,0.363855421686747,False
2024-05-10,trend_up,trend_up,0.015917153715497845,0.08905497620425362,0.012983332535366543,0.010295869409813108,0.018422395489893825,0.32731648616125153,False
2024-05-13,trend_up,trend_up,0.015734317550397448,0.08860631056987023,0.01297770270074139,0.00996093486183406,0.01842011771740432,0.3004807692307692,False
2024-05-14,trend_up,trend_up,0.019957088906422005,0.08830656656846902,0.012978895234460941,0.009653539014142917,0.01841783994491481,0.27130852340936373,False
2024-05-15,trend_up,trend_up,0.03167827559507774,0.08843430137983965,0.013128963991096754,0.00976848348901066,0.018415562172425307,0.27697841726618705,False
2024-05-16,trend_up,trend_up,0.028796734564254356,0.08840427032515441,0.01329795367644282,0.009492048186015688,0.018413284399935802,0.24550898203592814,False
2024-05-17,trend_up,trend_up,0.029688959836198903,0.08811041418014676,0.013583209302654886,0.009098196568007255,0.018411006627446293,0.19856459330143542,False
2024-05-20,trend_up,trend_up,0.030140440834653504,0.08795166380839081,0.013801253377164757,0.008760668906499633,0.018407504182809096,0.15531660692951016,False
2024-05-21,trend_up,trend_up,0.03186156090422276,0.08782843943467045,0.01397822560555162,0.008444347938380418,0.0184040017381719,0.10859188544152745,False
2024-05-22,trend_up,trend_up,0.02836919352703693,0.0874710000549841,0.0141114819057373,0.008373420769329194,0.0184004992935347,0.09535160905840286,False
2024-05-23,trend_up,trend_up,0.02046201341990206,0.08700698184256939,0.014275324341957552,0.008966510739651297,0.0183969968488975,0.19166666666666668,False
2024-05-24,trend_up,trend_up,0.026636628728839318,0.08665918140356377,0.014495094231205874,0.008852795656347258,0.018393494404260302,0.17360285374554102,False
2024-05-28,trend_up,trend_up,0.026558652052012688,0.0865407520414101,0.014735674335348614,0.008673097595614384,0.018386880110107737,0.14370546318289787,False
2024-05-29,trend_up,trend_up,0.018847418448632913,0.08617840141338218,0.015023629148551931,0.00871320225415074,0.018380265815955168,0.14827995255041518,False
2024-05-30,trend_up,trend_up,0.011818260317696394,0.0856180449762407,0.015282332473876226,0.008796808898306188,0.0183736515218026,0.16824644549763032,False
2024-05-31,trend_up,trend_up,0.020761701103042762,0.08494444276445545,0.0156327864405017,0.009332686441136386,0.01836703722765003,0.24260355029585798,False
2024-06-03,trend_up,trend_up,0.021372579223137622,0.0841760477212723,0.015965233731874306,0.009567087780816216,0.01836042293349746,0.2647754137115839,False
2024-06-04,trend_up,trend_up,0.022230253016448875,0.08343057115051944,0.016249407438893027,0.009440215438717117,0.018359550517875727,0.24793388429752067,False
2024-06-05,trend_up,trend_up,0.03378363223930814,0.08294102158617611,0.016591628003209458,0.009504594377790927,0.018358678102253993,0.25825471698113206,False
2024-06-06,trend_up,trend_up,0.033131071572528814,0.08252448660723855,0.01692437090265364,0.009191913577608091,0.01835780568663226,0.22143698468786807,False
2024-06-07,trend_up,trend_up,0.03144296941848168,0.0818932897481337,0.01724359481941784,0.009128926247268144,0.018356933271010525,0.21176470588235294,False
2024-06-10,trend_up,trend_up,0.03412700190044915,0.08137287977072472,0.017521588660292187,0.008906794924412015,0.01835606085538879,0.1844888366627497,False
2024-06-11,trend_up,trend_up,0.03602579770802827,0.08086149657219477,0.01784467579497706,0.008910536894860793,0.018342729021434745,0.18544600938967137,False
2024-06-12,trend_up,trend_up,0.04362779023343588,0.0806582876409041,0.018203429392758874,0.009152698259151755,0.01832939718748069,0.21570926143024619,False
2024-06-13,trend_up,trend_up,0.044800957183673606,0.08049626386936382,0.018483103776921306,0.008974330943532272,0.018316065353526645,0.1990632318501171,False
2024-06-14,trend_up,trend_up,0.04424145414248981,0.08068009678601085,0.0186956980324533,0.008717769849419126,0.01830273351957259,0.14853801169590644,False
2024-06-17,trend_up,trend_up,0.05139275428772594,0.08079264477425463,0.018857449401965543,0.008934616881907227,0.018289401685618538,0.1939252336448598,False
2024-06-18,trend_up,trend_up,0.05285929934535338,0.08092762782841989,0.019020133243373927,0.00852153518220006,0.018285345441521907,0.11668611435239207,False
2024-06-20,trend_up,trend_up,0.04888453909673984,0.0810017975709576,0.019122080008771025,0.00857948535088847,0.018281289197425273,0.12354312354312354,False
2024-06-21,trend_up,trend_up,0.04289444723012692,0.08119410198876542,0.019276553543795094,0.008525190450413863,0.018277232953328643,0.119906868451688,False
2024-06-24,trend_up,trend_up,0.0385201938734312,0.0811382787420658,0.019464482868070343,0.00851192479403623,0.01827317670923201,0.11627906976744186,False
2024-06-25,trend_up,trend_up,0.041165429554551825,0.0814258227090523,0.019618946937899118,0.00823545310533271,0.018269120465135374,0.08710801393728224,False
2024-06-26,trend_up,trend_up,0.04083152041804983,0.0820049893927921,0.019770989867397892,0.008057988317605742,0.018255151697267925,0.06728538283062645,False
2024-06-27,trend_up,trend_up,0.04077097476296587,0.08267949080715686,0.0199380015132562,0.007777862684991389,0.018241182929400468,0.038238702201622246,False
2024-06-28,trend_up,trend_up,0.034953598052639645,0.08338337264883444,0.02017177584519647,0.008212891957767029,0.01822721416153302,0.08796296296296297,False
2024-07-01,trend_up,trend_up,0.035279305576543685,0.08416764002161092,0.02030455680210741,0.008050686700869138,0.018213245393665565,0.06820809248554913,False
2024-07-02,trend_up,trend_up,0.04011985600001822,0.08528253238498773,0.020395821199644892,0.008123023951017766,0.018199276625798108,0.07967667436489607,False
2024-07-03,trend_up,trend_up,0.04271725923396419,0.08620317841872649,0.02054371153412049,0.007921190752279338,0.018195478520363996,0.05074971164936563,False
2024-07-05,trend_up,trend_up,0.046790777732481637,0.0869763899466871,0.020657023372242733,0.007819339453039744,0.01819168041492988,0.04262672811059908,False
2024-07-08,trend_up,trend_up,0.046029597317787774,0.087766521500096,0.020816845334086675,0.00751743517363717,0.018187882309495768,0.028768699654775604,False
2024-07-09,trend_up,trend_up,0.04498657622224078,0.08860417519443287,0.021018755629734764,0.007217863213916144,0.018184084204061653,0.014942528735632184,False
2024-07-10,trend_up,trend_up,0.053225686608129985,0.08932770825691949,0.021387781500310954,0.007381048944613364,0.018180286098627537,0.021814006888633754,False
2024-07-11,trend_up,trend_up,0.042328486316067115,0.08982129193080879,0.021636579047855653,0.007747768513908196,0.018180233756838044,0.040137614678899085,False
2024-07-12,trend_up,trend_up,0.04662850640828453,0.09076727444159882,0.02188840884306953,0.00806637068698359,0.01818018141504855,0.07903780068728522,False
2024-07-15,trend_up,trend_up,0.04711212023002043,0.0917521890402424,0.022239888618458936,0.00813238956486885,0.018180129073259062,0.08810068649885583,False
2024-07-16,trend_up,trend_up,0.05097662718480578,0.09264439757543874,0.022688015641444403,0.007966012976754096,0.01818007673146957,0.05942857142857143,False
2024-07-17,trend_up,trend_up,0.03448339911771536,0.09307363372394328,0.02300112543320143,0.008560279277408845,0.018180024389680076,0.13926940639269406,False
2024-07-18,trend_up,trend_up,0.02515911799142545,0.09314996855476965,0.023258233871892298,0.009185226932327432,0.01817297266241876,0.2451539338654504,False
2024-07-19,trend_up,trend_up,0.01714956521159139,0.09309311498763218,0.023503260999343523,0.009388929503459742,0.01816592093515744,0.26993166287015946,False
2024-07-22,trend_up,trend_up,0.02621174023974837,0.09313753993844487,0.02387135444714139,0.009438071538725414,0.018158869207896125,0.27303754266211605,False
2024-07-23,trend_up,trend_up,0.023329351727563674,0.09306981410114146,0.02418472540936345,0.009222685507705832,0.018151817480634803,0.25113636363636366,False
2024-07-24,chop,chop,-0.0006148869106640253,0.09260544483942668,0.02433281775221996,0.01054283815778681,0.018144765753373485,0.3904653802497162,False
2024-07-25,chop,chop,-0.006464137232360279,0.09211218276428745,0.02439936530167186,0.011169037914521649,0.0181400680433763,0.4399092970521542,False
2024-07-26,trend_up,trend_up,0.003879884012820023,0.09173051113892217,0.02452146646614839,0.011408286121814406,0.018135370333379114,0.45866364665911663,False
2024-07-29,trend_up,trend_up,0.003915336153888838,0.09112314811724165,0.024620167343008426,0.011154932558779251,0.01813067262338193,0.43778280542986425,False
2024-07-30,chop,chop,-0.0016607061021738367,0.09049976438525409,0.02466562041729925,0.011573259592694738,0.018125974913384746,0.4666666666666667,False
2024-07-31,trend_up,trend_up,0.013769194638679094,0.09007531312925421,0.02483079515354758,0.012066020573613292,0.01812127720338756,0.5124153498871332,False
2024-08-01,chop,chop,-0.0010629377627681125,0.0893763581186715,0.024838353636770893,0.01339610981881092,0.018116099180439202,0.5907553551296505,False
2024-08-02,chop,chop,-0.0197171325631611,0.08838174224013962,0.024664928031264743,0.014606718052872784,0.018110921157490845,0.6373873873873874,False
2024-08-05,chop,chop,-0.04783042702425766,0.08699790550150954,0.02431671543916436,0.017094503715821857,0.01810574313454249,0.7615298087739033,False
2024-08-06,chop,chop,-0.038917093415822945,0.0858469039196692,0.024029267294310097,0.01742063806547036,0.018100565111594132,0.7752808988764045,False
2024-08-07,high_vol,chop,-0.044961882072881765,0.0844165212249115,0.02361207616602279,0.01814985046032215,0.01812127720338756,0.8024691358024691,True
2024-08-08,high_vol,chop,-0.022914239986919438,0.08326622275115048,0.023412266617566235,0.01817270176963009,0.0181400680433763,0.8026905829596412,True
2024-08-09,chop,chop,-0.018854545494708996,0.08232641671305596,0.023226533134564242,0.01759795473550894,0.018135370333379114,0.7816349384098544,False
2024-08-12,chop,chop,-0.018724229251281144,0.08156987620905154,0.02292970030354402,0.01697263254853824,0.01813067262338193,0.7527964205816555,False
2024-08-13,chop,chop,-0.00312466091268071,0.08081488431965766,0.022751786193304424,0.016692619531118794,0.018125974913384746,0.7374301675977654,False
2024-08-14,chop,chop,-0.0005661161126203629,0.08004064410806833,0.022750346854825798,0.016087340213913857,0.01812127720338756,0.7008928571428571,False
2024-08-15,trend_up,trend_up,0.01564296202600457,0.07949483239581134,0.022895960238385582,0.015927638472152013,0.018116099180439202,0.6900780379041248,False
2024-08-16,trend_up,trend_up,0.017186340478037687,0.07879020635699918,0.023040299639030204,0.01524137951781887,0.018110921157490845,0.6614699331848553,False
2024-08-19,trend_up,trend_up,0.02597263070742084,0.0782687907833739,0.02309373721704322,0.014752600413909215,0.01810574313454249,0.6362625139043382,False
2024-08-20,trend_up,trend_up,0.023377780448007757,0.07779569375038542,0.02313351007976805,0.01416990147142097,0.018100565111594132,0.6066666666666667,False
2024-08-21,trend_up,trend_up,0.025956543158544898,0.07740014872415757,0.023238719127147034,0.014052988703460665,0.018095387088645772,0.6048834628190899,False
2024-08-22,trend_up,trend_up,0.017186951946685403,0.07686984455330004,0.02334079360330632,0.014205456326394935,0.018087268008162943,0.6086474501108647,False
2024-08-23,trend_up,trend_up,0.02721452415881087,0.07634784127466188,0.02345827652435095,0.013925053677501657,0.01807914892768011,0.602436323366556,False
2024-08-26,trend_up,trend_up,0.024079444269946793,0.07575892410749097,0.023569416924617004,0.013580328708294434,0.018071029847197283,0.5862831858407079,False
2024-08-27,trend_up,trend_up,0.02478267439152826,0.07518395797208433,0.02373150685371761,0.013068729835791312,0.01806291076671445,0.5624309392265193,False
2024-08-28,trend_up,trend_up,0.018417244979784808,0.0743117233545938,0.02377694786464013,0.013051788214942123,0.018054791686231617,0.5618101545253863,False
2024-08-29,trend_up,trend_up,0.018142205481830098,0.07345975437107799,0.02381280663195784,0.012949964011977693,0.018035431197901533,0.5567805953693495,False
2024-08-30,trend_up,trend_up,0.02723649182555321,0.07281612904424084,0.024056297602558896,0.012805893069920719,0.018016070709571435,0.551762114537445,False
2024-09-03,trend_up,trend_up,0.0058194254615442365,0.07202907307124717,0.024256673088195235,0.013974363895694179,0.01799671022124135,0.605060506050605,False
2024-09-04,trend_up,trend_up,0.0034605227210637857,0.07129031704183775,0.024327623157580414,0.013647150850343286,0.017977349732911253,0.5879120879120879,False
2024-09-05,trend_up,trend_up,0.0008456773576990262,0.07043901898930938,0.024376607234977365,0.013573998041852556,0.017957989244581158,0.5861690450054885,False
2024-09-06,chop,chop,-0.015814073443481402,0.06930475557326998,0.02415163165231249,0.014427586084035715,0.01795212220666016,0.6239035087719298,False
2024-09-09,chop,chop,-0.00479634214708724,0.06834763424458701,0.023921533624035263,0.014209525475742188,0.017946255168739156,0.6122672508214677,False
2024-09-10,chop,chop,-0.0006278968297038778,0.06753339208185771,0.02375492576523497,0.013888339879892093,0.01794038813081816,0.6017505470459519,False
2024-09-11,trend_up,trend_up,0.009290820372375386,0.06685565095187762,0.023476171748785912,0.014749412069616863,0.017934521092897157,0.6415300546448087,False
2024-09-12,trend_up,trend_up,0.01741890165563298,0.06617261516202988,0.023173533805092905,0.014432355321693761,0.017928654054976154,0.6244541484716157,False
2024-09-13,trend_up,trend_up,0.022340098484889825,0.06547055477328678,0.022795303562054947,0.013832597282010094,0.017926867465407944,0.5986913849509269,False
2024-09-16,trend_up,trend_up,0.02354458049111363,0.06467504006135272,0.022459041382259404,0.013232986027494802,0.01792508087583973,0.5697167755991286,False
2024-09-17,trend_up,trend_up,0.023672808667158263,0.06385966731030934,0.02210196064632064,0.013017247300424122,0.017923294286271516,0.5527747551686616,False
2024-09-18,trend_up,trend_up,0.02042967832653897,0.06299613558987338,0.021765883151335874,0.01312345140806753,0.017921507696703306,0.5608695652173913,False
2024-09-19,trend_up,trend_up,0.037478450218187076,0.06222132795615676,0.021560763716195197,0.013417729550992337,0.017919721107135092,0.5787187839305103,False
2024-09-20,trend_up,trend_up,0.03207655801332776,0.06153282734390442,0.02143679195381054,0.013249490019148127,0.017916221797647475,0.5704989154013015,False
2024-09-23,trend_up,trend_up,0.0342919329695599,0.060749878331535,0.02127865050261568,0.012552040798551545,0.01791272248815986,0.5276273022751896,False
2024-09-24,trend_up,trend_up,0.036883505330521205,0.05993671675051604,0.02118086271070796,0.01209231752922422,0.017909223178672242,0.49567099567099565,False
2024-09-25,trend_up,trend_up,0.03440216476108082,0.05899710144871828,0.021032401423494607,0.0116268072739,0.017905723869184625,0.4518918918918919,False
2024-09-26,trend_up,trend_up,0.037924600572227796,0.05844738892291379,0.02088564289403405,0.01135402109774862,0.01790222455969701,0.4330453563714903,False
2024-09-27,trend_up,trend_up,0.035712667530561015,0.05805774642607209,0.02078073334380548,0.01103329778155334,0.017900591208908287,0.4110032362459547,False
2024-09-30,trend_up,trend_up,0.03893018583262542,0.057895434010070135,0.020620454331729432,0.010988614313839,0.01789895785811956,0.4051724137931034,False
2024-10-01,trend_up,trend_up,0.029102337967328307,0.05743688680853021,0.020548569261187977,0.011308425352257269,0.017897324507330836,0.4327233584499462,False
2024-10-02,trend_up,trend_up,0.028975036963584833,0.057034479343387456,0.020485146907550433,0.011077613712312704,0.017895691156542114,0.41397849462365593,False
2024-10-03,trend_up,trend_up,0.0261067937514865,0.05705599468504685,0.020456630742069715,0.01084736956040151,0.01789405780575339,0.3941997851772288,False
2024-10-04,trend_up,trend_up,0.03413934043070066,0.05735662656304519,0.020550189592109414,0.010672473483147428,0.017887602387303938,0.38197424892703863,False
2024-10-07,trend_up,trend_up,0.02392685144476836,0.05731037191548083,0.020539646087714747,0.01079938611845967,0.017881146968854483,0.3933547695605573,False
2024-10-08,trend_up,trend_up,0.032552693208430794,0.05733625359536698,0.02061184780049774,0.010679278485664715,0.017874691550405032,0.38329764453961457,False
2024-10-09,trend_up,trend_up,0.038389874970043536,0.057622938770733434,0.020640894446204205,0.010486876995080404,0.017868236131955578,0.36149732620320857,False
2024-10-10,trend_up,trend_up,0.03562910697863697,0.05755540311480378,0.02060740357444235,0.010137983547392478,0.017861780713506123,0.327991452991453,False
2024-10-11,trend_up,trend_up,0.04046275980601788,0.057900746135999936,0.020551042301620415,0.009902534593408778,0.017848469220880472,0.3127001067235859,False
2024-10-14,trend_up,trend_up,0.047038986218550294,0.05876992785982171,0.020528605591928706,0.009816177412012758,0.01783515772825481,0.3017057569296375,False
2024-10-15,trend_up,trend_up,0.03658569290759983,0.060100950081623195,0.020455142613692745,0.009969946015241602,0.017821846235629157,0.32055378061767836,False
2024-10-16,trend_up,trend_up,0.03885677585099545,0.0613049798610128,0.020453618238864157,0.009692460797001801,0.0178085347430035,0.29148936170212764,False
2024-10-17,trend_up,trend_up,0.03659029344930498,0.06261325737210255,0.020410497075219247,0.009485086164091792,0.01779522325037784,0.2635494155154091,False
2024-10-18,trend_up,trend_up,0.03858315363014664,0.06348908094596362,0.020429420393617725,0.009145276305929319,0.017792503718795958,0.21868365180467092,False
2024-10-21,trend_up,trend_up,0.035015270833399725,0.06423290299263096,0.020438761425617402,0.009026154288539201,0.017789784187214077,0.20784729586426298,False
2024-10-22,trend_up,trend_up,0.03263240184221128,0.06496238418561595,0.020404885060566924,0.008890384542233832,0.017787064655632196,0.1864406779661017,False
2024-10-23,trend_up,trend_up,0.021896184159486465,0.06527968174508336,0.02030206157742387,0.00943259132576268,0.017784345124050315,0.2582010582010582,False
2024-10-24,trend_up,trend_up,0.02282262598637641,0.06555930248474873,0.02021552722414044,0.00917030012046676,0.017781625592468434,0.226215644820296,False
2024-10-25,trend_up,trend_up,0.021532559939001494,0.0655093149774153,0.020127191670843203,0.009305236788863483,0.01776402288964121,0.249208025343189,False
2024-10-28,trend_up,trend_up,0.023732517867686598,0.06546007231265771,0.020056438544520105,0.009065273098460787,0.017746420186813973,0.2109704641350211,False
2024-10-29,trend_up,trend_up,0.024588936898058078,0.06524123763560397,0.020104302654339046,0.008954198082591153,0.017728817483986744,0.19915700737618547,False
2024-10-30,trend_up,trend_up,0.020723138197898505,0.06499107219666356,0.0201643672598526,0.00883613948042987,0.017711214781159508,0.17789473684210527,False
2024-10-31,trend_up,trend_up,0.0004313902942110204,0.06433071027591275,0.020124959849888713,0.009822388302487842,0.017693612078332272,0.31125131440588855,False
2024-11-01,trend_up,trend_up,0.004130185239370698,0.06394388605390633,0.020043922892956756,0.00994679350661536,0.017691802629835687,0.3245798319327731,False
2024-11-04,trend_up,trend_up,0.0016967721248395407,0.06336207935967009,0.01997296338808008,0.009834132747536055,0.017689993181339098,0.31374606505771246,False
2024-11-05,trend_up,trend_up,0.013242252219487272,0.06303038826571239,0.019841959563507316,0.009880927611701529,0.01768818373284251,0.31865828092243187,False
2024-11-06,trend_up,trend_up,0.03736253243951837,0.06307747723676504,0.01983879799227717,0.010793117990284372,0.017686374284345923,0.40523560209424087,False
2024-11-07,trend_up,trend_up,0.04401621878959272,0.06337633787889607,0.01989304286241289,0.010618062387505461,0.017684564835849334,0.3891213389121339,False
2024-11-08,trend_up,trend_up,0.047076154621180644,0.0637693980439562,0.01993256896554363,0.010298318236452301,0.01768205178068034,0.3563218390804598,False
2024-11-11,trend_up,trend_up,0.0467883409219485,0.06397279341286022,0.019945764670806332,0.009931783163326137,0.017679538725511347,0.3246346555323591,False
2024-11-12,trend_up,trend_up,0.04190376712185295,0.0645943174854926,0.019950349436029358,0.009839864098957832,0.017677025670342357,0.31386861313868614,False
2024-11-13,trend_up,trend_up,0.04072995916478117,0.06526072107001624,0.019923609595710268,0.009643304888451755,0.017674512615173364,0.2916666666666667,False
2024-11-14,trend_up,trend_up,0.032463930319690526,0.06579186750568566,0.01991022161821432,0.009633618823188977,0.01767199956000437,0.2903225806451613,False
2024-11-15,trend_up,trend_up,0.01763200550381261,0.06652058546986828,0.019706586291772688,0.010218815983611896,0.017663859683855667,0.3523908523908524,False
2024-11-18,trend_up,trend_up,0.020321777377463324,0.06714002482742187,0.01947215399031621,0.009954181879162104,0.017655719807706957,0.3291796469366563,False
2024-11-19,trend_up,trend_up,0.02257884580072278,0.06771087653257801,0.019284597264287218,0.010057740245756333,0.01764757993155825,0.3392116182572614,False
2024-11-20,trend_up,trend_up,0.021648215290431816,0.06809215061087692,0.019201125087332516,0.010081298278929415,0.017639440055409544,0.3398963730569948,False
2024-11-21,trend_up,trend_up,0.025905199288310143,0.06842672617723866,0.019089990117075795,0.010234050932360406,0.017631300179260834,0.35610766045548653,False
2024-11-22,trend_up,trend_up,0.027894748107013756,0.06870489795316037,0.019021883432162934,0.009833520514371502,0.017626211315846938,0.3112719751809721,False
2024-11-25,trend_up,trend_up,0.030147764907084484,0.06903490720773764,0.018926697777992052,0.009776852497504467,0.01762112245243304,0.30165289256198347,False
2024-11-26,trend_up,trend_up,0.034186612616577516,0.06943787701350046,0.01885719913888928,0.009483240150175412,0.01761603358901914,0.26522187822497423,False
2024-11-27,trend_up,trend_up,0.02972573662627309,0.06978460112093687,0.018835537811360492,0.009258459537841318,0.01761094472560524,0.23917525773195877,False
2024-11-29,trend_up,trend_up,0.03499877871690038,0.06992283887797268,0.01888998316885271,0.009079882312741292,0.01760585586219134,0.2090628218331617,False
2024-12-02,trend_up,trend_up,0.035595185442272914,0.07022390652835431,0.01893941094724827,0.008635147848143667,0.01760427563685486,0.13580246913580246,False
2024-12-03,trend_up,trend_up,0.03485975046567047,0.07045529482062762,0.01908302338184198,0.008229897766516114,0.01760269541151838,0.09146968139773895,False
2024-12-04,trend_up,trend_up,0.03998978596741165,0.07070017211451618,0.019231230770193397,0.00806507495760055,0.0176011151861819,0.07084188911704312,False
2024-12-05,trend_up,trend_up,0.03697848952509175,0.07096828521975351,0.019242687399086078,0.007758017533186654,0.01759953496084542,0.036923076923076927,False
2024-12-06,trend_up,trend_up,0.037684502663995145,0.07128479616461325,0.019130562665197637,0.007473461621803722,0.01759795473550894,0.02663934426229508,False
2024-12-09,trend_up,trend_up,0.03117150209498276,0.0715507417881418,0.018986837963471892,0.007422081716011626,0.017597664866310814,0.02456499488229273,False
2024-12-10,trend_up,trend_up,0.026948365349658054,0.07166414793440379,0.0188319456046826,0.007348302781838657,0.017597374997112683,0.017382413087934562,False
2024-12-11,trend_up,trend_up,0.03351954356771647,0.07209850430082598,0.018766076989295888,0.007433086707602198,0.017597085127914556,0.027579162410623085,False
2024-12-12,trend_up,trend_up,0.02695473670615889,0.07243327566906577,0.018671167920306653,0.007307849432807572,0.017596795258716425,0.017346938775510204,False
2024-12-13,trend_up,trend_up,0.025482530595092534,0.0728198995307563,0.01851907144636189,0.007297910189748579,0.017596505389518298,0.017329255861365953,False
2024-12-16,trend_up,trend_up,0.02868079854612504,0.07313335247199904,0.018478326425326985,0.007168061685817853,0.01758458404728883,0.012219959266802444,False
2024-12-17,trend_up,trend_up,0.023176698750325686,0.07356272592850566,0.018445528652753396,0.007144583602762435,0.017572662705059354,0.012207527975584944,False
2024-12-18,chop,chop,-0.007758130466571034,0.0732677472110641,0.018256378898585668,0.009338079017470082,0.01756074136282989,0.2621951219512195,False
2024-12-19,chop,chop,-0.00836351725220752,0.07284931217415247,0.01805373173162894,0.00954511377418659,0.017548820020600413,0.2862944162436548,False
2024-12-20,chop,chop,-0.0003273900317853906,0.07265140130040093,0.017860279951896096,0.010580718621048552,0.017536898678370938,0.40466531440162273,False
2024-12-23,trend_up,trend_up,0.005145308223264644,0.07239258710725371,0.017713114088809823,0.010684113159416437,0.017532277171949984,0.4154002026342452,False
2024-12-24,trend_up,trend_up,0.015734509668650754,0.07213345058271048,0.017639242762870877,0.010601857678845084,0.017527655665529027,0.4068825910931174,False
2024-12-26,trend_up,trend_up,0.015062710936864399,0.07209345989738125,0.017483943552010217,0.01036656957672675,0.01752303415910807,0.3822042467138524,False
2024-12-27,trend_up,trend_up,0.003946879110629409,0.07178695145860714,0.01723062263185171,0.010998594062104032,0.017518412652687113,0.4414141414141414,False
2024-12-30,chop,chop,-0.007706293748762083,0.0712895199486463,0.016931964402103095,0.011618048019885998,0.017513791146266156,0.4863773965691221,False
2024-12-31,chop,chop,-0.01136605163810811,0.07060573079941457,0.016683260325823346,0.011585642462431442,0.017512054804109722,0.48286290322580644,False
2025-01-02,chop,chop,-0.013828731009574047,0.069948714172541,0.01636810629583829,0.012083317859459748,0.017510318461953285,0.5287009063444109,False
2025-01-03,chop,chop,-0.0017888375726040628,0.06952440306340124,0.016033907979892126,0.012042170838947442,0.017508582119796848,0.5221327967806841,False
2025-01-06,trend_up,trend_up,0.003373678833460181,0.06942882548022489,0.015701420295665347,0.012047778938732653,0.017506845777640414,0.5236180904522613,False
2025-01-07,chop,chop,-0.008282424614098893,0.06912727608743041,0.015377192651159,0.012646308704295247,0.017505109435483977,0.5682730923694779,False
2025-01-08,chop,chop,-0.007183097405495498,0.06884645301678582,0.015102736396774175,0.012377764436076832,0.017504604081023042,0.5506519558676028,False
2025-01-10,chop,chop,-0.022329667694150457,0.06825038677528106,0.014759938418479557,0.013017990791830815,0.01750409872656211,0.5851703406813628,False
2025-01-13,chop,chop,-0.020801339844369715,0.06763567863864095,0.014400293014689591,0.012855714650818148,0.017503593372101178,0.5805805805805806,False
2025-01-14,chop,chop,-0.019525948989548514,0.06714781253139468,0.014031597953245045,0.012736930657260772,0.017503088017640243,0.572,False
2025-01-15,chop,chop,-0.002502242258109466,0.06734689937186822,0.013778787402615844,0.013031705037710745,0.01750258266317931,0.5874125874125874,False
2025-01-16,chop,chop,-0.005110320021389669,0.06742085805394948,0.013544517227163988,0.012537081364548947,0.017498541474706933,0.5578842315369261,False
2025-01-17,trend_up,trend_up,0.003940632463446336,0.06766328613758277,0.013412767523027114,0.012448626680083794,0.017494500286234553,0.5543369890329013,False
2025-01-21,trend_up,trend_up,0.012234092373221817,0.06780757534710236,0.01344436491473977,0.012103669952657098,0.017490459097762173,0.5278884462151394,False
2025-01-22,trend_up,trend_up,0.017398309659915512,0.06746640916739444,0.013589520462333304,0.011738122266759202,0.017486417909289793,0.4935323383084577,False
2025-01-23,trend_up,trend_up,0.022466254002248887,0.06710029292139441,0.013715974216907068,0.0113360357613653,0.017482376720817414,0.46222664015904574,False
2025-01-24,trend_up,trend_up,0.019147166413152616,0.06659860530833872,0.013762574964018448,0.011024735885864011,0.01747311017039951,0.43793445878848064,False
2025-01-27,trend_up,trend_up,0.004710339278530373,0.06585766111994018,0.013661073777187394,0.011972715731860562,0.0174638436199816,0.5138888888888888,False
2025-01-28,trend_up,trend_up,0.01308436023786319,0.06526966365349374,0.01370346425422242,0.011982248745955286,0.017454577069563697,0.5163528245787908,False
2025-01-29,trend_up,trend_up,0.008386661769476333,0.06463816195838334,0.013736801040264979,0.011805531545879874,0.017445310519145787,0.49504950495049505,False
2025-01-30,trend_up,trend_up,0.013401813551083608,0.0641612073260176,0.013916739918690135,0.011597926254596812,0.017436043968727877,0.47873392680514343,False
2025-01-31,trend_up,trend_up,0.007466184545332766,0.0638109367051547,0.014097867332536484,0.011884631013788697,0.017432962788076375,0.5049407114624506,False
2025-02-03,trend_up,trend_up,0.0003641521647306245,0.06326134958648999,0.014291413556087651,0.012464339160228627,0.017429881607424872,0.558736426456071,False
2025-02-04,trend_up,trend_up,0.0066880568501561655,0.0627127867326498,0.014506941546866825,0.012092756282258851,0.01742680042677337,0.5305719921104537,False
2025-02-05,trend_up,trend_up,0.010306051402509953,0.0622120486823774,0.014765880149748556,0.011868113953525735,0.017423719246121863,0.503448275862069,False
2025-02-06,trend_up,trend_up,0.013388724964040533,0.061613421223063014,0.015159896442288545,0.01143224388453424,0.01742063806547036,0.46653543307086615,False
2025-02-07,trend_up,trend_up,0.0039360670678825205,0.060849039670513694,0.015445533753571716,0.011674395889194635,0.017415887231637894,0.48770894788593905,False
2025-02-10,trend_up,trend_up,0.010506865632742501,0.06017636809256355,0.015783256152196445,0.011325966135472668,0.017411136397805425,0.4577603143418468,False
2025-02-11,trend_up,trend_up,0.011117937533888567,0.059404170075072704,0.016109910944738237,0.010913727561264764,0.01740638556397296,0.4210009813542689,False
2025-02-12,trend_up,trend_up,0.007708125398333321,0.058629019753172695,0.016468444706595475,0.010971943969889951,0.01740163473014049,0.42745098039215684,False
2025-02-13,trend_up,trend_up,0.018102871920711694,0.057933911678207384,0.016743351499114656,0.010871371342086595,0.01739688389630802,0.4201762977473066,False
2025-02-14,trend_up,trend_up,0.01784645259560036,0.05721794032428895,0.017003589816262155,0.010320276509446792,0.01739457245513172,0.3639921722113503,False
2025-02-18,trend_up,trend_up,0.020576425650918218,0.056464544268046035,0.017267540831231498,0.009918342741444928,0.017392261013955423,0.32453567937438904,False
2025-02-19,trend_up,trend_up,0.022799861430668145,0.055602675421978276,0.017513949565854503,0.00961594032394286,0.017389949572779125,0.2841796875,False
2025-02-20,trend_up,trend_up,0.018418223209083484,0.05475505996406205,0.017606578409173235,0.00965799735244623,0.017387638131602826,0.29560975609756096,False
2025-02-21,trend_up,trend_up,0.0012620501422102581,0.05365614676040331,0.017568305082016122,0.010423141065513652,0.017385326690426528,0.37719298245614036,False
2025-02-24,chop,chop,-0.003045568000769161,0.052647079651989115,0.01747731648129336,0.010505083191719514,0.01738299529502346,0.38558909444985395,False
2025-02-25,chop,chop,-0.007719960084373145,0.051633846673636796,0.017438464747601357,0.010804752953117619,0.01738066389962039,0.4182879377431907,False
2025-02-26,chop,chop,-0.006790456742077788,0.05046665633055092,0.017307906878763823,0.010955410080925472,0.01737833250421732,0.4295432458697765,False
2025-02-27,chop,chop,-0.022014004231225015,0.049192702644706765,0.017126122661991428,0.011970232534908443,0.017376001108814248,0.5203883495145631,False
2025-02-28,chop,chop,-0.006418863894868898,0.04816675989744068,0.01692593150417565,0.012420646831302489,0.01737366971341118,0.562560620756547,False
2025-03-03,chop,chop,-0.02307423778972484,0.04678314578762488,0.016603970218066255,0.013873039424149816,0.017369800357887766,0.6443798449612403,False
2025-03-04,chop,chop,-0.03375088105785917,0.045331736470328954,0.016228126873055304,0.014663453241968487,0.01736593100236435,0.68054211035818,False
2025-03-05,chop,chop,-0.023260426585220983,0.044731658266480734,0.01578730668862538,0.014916851890163866,0.017362061646840937,0.6895551257253385,False
2025-03-06,chop,chop,-0.040168104238571756,0.04386087450933229,0.015233756970331358,0.015715564798442768,0.017358192291317524,0.7256038647342995,False
2025-03-07,chop,chop,-0.03429532668156565,0.042904064188741264,0.014644818439099705,0.015970223357449208,0.017354322935794107,0.7316602316602316,False
2025-03-10,high_vol,chop,-0.058941000579831204,0.0414331549156699,0.014006535301753775,0.01782572430955284,0.017369800357887766,0.8187078109932497,True
2025-03-11,high_vol,chop,-0.06533979619457864,0.039623221945276565,0.013333215252762765,0.018233054978984482,0.01738066389962039,0.8333333333333334,True
2025-03-12,high_vol,chop,-0.059036228965662074,0.03787514468967901,0.012694445046614655,0.01804528513031674,0.017389949572779125,0.8238691049085659,True
2025-03-13,high_vol,chop,-0.07021494218646351,0.03612122228599035,0.012025422876239311,0.018202950111937184,0.01740163473014049,0.8326923076923077,True
2025-03-14,high_vol,chop,-0.05019562787231402,0.03493167929241858,0.01141315345223215,0.018135671231272837,0.01742063806547036,0.8261287223823247,True
2025-03-17,high_vol,chop,-0.04225946721830531,0.033933282647162555,0.010853338296352044,0.01763833989921344,0.017432962788076375,0.8099808061420346,True
2025-03-18,high_vol,chop,-0.05185476622884555,0.03279362816084386,0.01018525995956554,0.017587429803865635,0.0174638436199816,0.8053691275167785,True
2025-03-19,chop,chop,-0.04072386250347171,0.03152639267470403,0.009575725676769009,0.017405898155290814,0.017454577069563697,0.7978927203065134,False
2025-03-20,chop,chop,-0.0425303517319755,0.0301414801321791,0.008975272859294003,0.017216205827882653,0.017445310519145787,0.7875598086124402,False
2025-03-21,chop,chop,-0.04428927339345945,0.028956925243076137,0.008506938369120531,0.016974094704082936,0.017436043968727877,0.780114722753346,False
2025-03-24,chop,chop,-0.026665644864528604,0.028010036650926606,0.00819383338871571,0.016874160035648712,0.017432962788076375,0.7745940783190067,False
2025-03-25,chop,chop,-0.0241594554583886,0.027469453967536417,0.007869475597750641,0.015968905783751593,0.017429881607424872,0.7232824427480916,False
2025-03-26,chop,chop,-0.035390558333093014,0.026719929323747227,0.007483154894944999,0.01615563622169753,0.01742680042677337,0.7378455672068637,False
2025-03-27,chop,chop,-0.03745878800058644,0.025898080566291837,0.007199945910958849,0.015792321011753808,0.017423719246121863,0.7180952380952381,False
2025-03-28,chop,chop,-0.055652691745025185,0.024426936947155475,0.0067278644976367374,0.016509533346636632,0.01742063806547036,0.7526165556612749,False
2025-03-31,chop,chop,-0.048270267492897645,0.02310412386952665,0.006370128016554899,0.0169952901364621,0.017417690083434453,0.782319391634981,False
2025-04-01,chop,chop,-0.0443916588817046,0.021655228874195354,0.006069917911261324,0.016915972020742392,0.017414742101398543,0.7758784425451092,False
2025-04-02,chop,chop,-0.03708022364192187,0.020118175368139868,0.005793980130599952,0.017204450141989937,0.017411794119362636,0.7874762808349146,False
2025-04-03,high_vol,chop,-0.0823504549264289,0.017744992376880875,0.0053535103928621375,0.020506179366502963,0.017423719246121863,0.8843601895734597,True
2025-04-04,high_vol,chop,-0.1329749556603721,0.01447827492820375,0.00457935158626932,0.024698281017883704,0.017436043968727877,0.9734848484848485,True
2025-04-07,high_vol,chop,-0.13143147628407392,0.011259990871360426,0.003925759697002151,0.028833718996633995,0.01747311017039951,1.0,True
2025-04-08,high_vol,chop,-0.14199522746942494,0.008119911335522811,0.003268754129421625,0.03235362170218183,0.017494500286234553,1.0,True
2025-04-09,high_vol,chop,-0.05005274214114386,0.006136100116958865,0.003050103869016274,0.03442247813150529,0.017503593372101178,1.0,True
2025-04-10,high_vol,chop,-0.08924268840252358,0.003603938117193062,0.002668389278922767,0.038779755693341564,0.017506845777640414,1.0,True
2025-04-11,high_vol,chop,-0.07069790075957216,0.0012212050547573128,0.0022810974732747624,0.037567101592604096,0.017513791146266156,0.9990574929311969,True
2025-04-14,high_vol,trend_down,-0.05962991504365378,-0.0009083741114163102,0.0018985925639389833,0.035929122182791984,0.017532277171949984,0.9981167608286252,True
2025-04-15,high_vol,trend_down,-0.060291590849899435,-0.002929065685297716,0.0015168053391545477,0.0343094447867717,0.017567217353667758,0.9962370649106302,True
2025-04-16,high_vol,trend_down,-0.07872787823490679,-0.005421473952390787,0.0009659117427804897,0.03497457725982742,0.017591060038126702,0.9971804511278195,True
2025-04-17,high_vol,trend_down,-0.07489028589986657,-0.007970415424648825,0.0004680568020547504,0.03341387507174086,0.017596795258716425,0.9943661971830986,True
2025-04-21,high_vol,trend_down,-0.09396666570282652,-0.01089069793539843,-0.0001537901557734367,0.034278732902441975,0.01759795473550894,0.9943714821763602,True
2025-04-22,high_vol,trend_down,-0.06797745539549571,-0.013246653799628305,-0.0007628928366507637,0.03311210708267824,0.01760427563685486,0.9925023430178069,True
2025-04-23,high_vol,trend_down,-0.05120636181887972,-0.015503746139677421,-0.0012854105338153676,0.03270311957654702,0.01762112245243304,0.9915730337078652,True
2025-04-24,high_vol,trend_down,-0.029218448844895994,-0.0174754730547092,-0.0016553424878962275,0.0313103476882658,0.017634116067241877,0.9897100093545369,True
2025-04-25,high_vol,trend_down,-0.020370054749258903,-0.019270780308044633,-0.0019878938033558446,0.029820066741826953,0.017645071831371626,0.9887850467289719,True
2025-04-28,high_vol,trend_down,-0.017938992947559296,-0.021236046068086045,-0.00225279200746753,0.028785588526738504,0.01767199956000437,0.9869281045751634,True
2025-04-29,high_vol,trend_down,-0.00979734714577174,-0.023150343918750926,-0.0024664555860879345,0.02745127089038318,0.01768205178068034,0.9832089552238806,True
2025-04-30,high_vol,trend_down,-0.007384739636734472,-0.025091522180271775,-0.0026841046011530922,0.027412456429710557,0.017689993181339098,0.9822926374650512,True
2025-05-01,high_vol,chop,0.001602650327381161,-0.026966268801300264,-0.0029022262610670646,0.026494190332632277,0.017728817483986744,0.972998137802607,True
2025-05-02,high_vol,chop,0.01806345921710628,-0.02850481123994575,-0.0028329481968101256,0.025490852285150543,0.017784345124050315,0.9618604651162791,True
2025-05-05,high_vol,chop,0.013552038453499948,-0.029831895233960348,-0.0024127992117778385,0.024447980481359807,0.01779522325037784,0.9507434944237918,True
2025-05-06,high_vol,chop,0.0064710976370621065,-0.03122429013060324,-0.0019761885647502364,0.023730296969739214,0.01781962409771784,0.935933147632312,True
2025-05-07,high_vol,chop,0.011909935597698595,-0.03248170196699818,-0.0014310500935479364,0.022933309060090074,0.01784735815192481,0.9230055658627088,True
2025-05-08,high_vol,chop,0.020045281591058117,-0.03359814101085157,-0.0013761212561604896,0.022305765623865995,0.017874691550405032,0.9082483781278962,True
2025-05-09,high_vol,chop,0.019507838254613663,-0.03440967485426305,-0.0011261272053287863,0.021338864489553203,0.017895691156542114,0.8842592592592593,True
2025-05-12,high_vol,chop,0.053625963234871454,-0.03515149316968347,-0.0006674979968961381,0.021467027395526004,0.01790222455969701,0.8899167437557817,True
2025-05-13,high_vol,chop,0.06046631315380124,-0.03545170671679576,-0.00018986543777232967,0.020562408093363262,0.017916221797647475,0.866913123844732,True
2025-05-14,high_vol,chop,0.06141000856584755,-0.035440383632794226,0.0002624682665670619,0.019488682141291538,0.01792508087583973,0.8421052631578947,True
2025-05-15,high_vol,chop,0.06630924376667968,-0.035566483544952954,0.0008225684617420015,0.01871877272589161,0.01794038813081816,0.8238007380073801,True
2025-05-16,chop,chop,0.07223105622879267,-0.03525646354281142,0.0014427396834220119,0.017899808273848333,0.017934521092897157,0.7972350230414746,False
2025-05-19,chop,chop,0.07267114861738388,-0.03496730453700936,0.0021335126548918115,0.017496470778007513,0.017928654054976154,0.7799263351749539,False
2025-05-20,chop,chop,0.0678218631415668,-0.03426297565034475,0.0027797861327283346,0.01693406948877348,0.017926867465407944,0.7543698252069917,False
2025-05-21,chop,chop,0.04881036696666596,-0.03374561054777747,0.0033837028880148168,0.017345714022658176,0.01792508087583973,0.7720588235294118,False
2025-05-22,chop,chop,0.04831048501057489,-0.03345552299288479,0.004032117010167147,0.01673860655892439,0.017923294286271516,0.7428833792470156,False
2025-05-23,chop,chop,0.040119431164536756,-0.032971762532168714,0.004574405783074775,0.016573644197840763,0.017921507696703306,0.7293577981651376,False
2025-05-27,chop,chop,0.06066429181213451,-0.03259631803339136,0.005298629062288063,0.016632655500580025,0.017919721107135092,0.7323556370302475,False
2025-05-28,chop,chop,0.05374979157365933,-0.032361234734343935,0.005815592961016636,0.01623815672030918,0.017916221797647475,0.7124542124542125,False
2025-05-29,chop,chop,0.05680925098991341,-0.031833164279318815,0.006361289963434658,0.015882125490570425,0.01791272248815986,0.6916742909423604,False
2025-05-30,chop,chop,0.054786097060579575,-0.031532399298715874,0.006877838698697181,0.01572160876914437,0.017909223178672242,0.6882998171846435,False
2025-06-02,chop,chop,0.05969521627286811,-0.03101433517767993,0.007303263385425973,0.01544842056001827,0.017905723869184625,0.6748858447488585,False
2025-06-03,chop,chop,0.06451600229586418,-0.030341388894708943,0.00770218430100833,0.014890324993070268,0.01790222455969701,0.6478102189781022,False
2025-06-04,chop,chop,0.0634003830118608,-0.029944639028532838,0.008022133585667612,0.014125299918560711,0.017901741302527273,0.6125797629899726,False
2025-06-05,chop,chop,0.057597277371359334,-0.029661022081765576,0.008253153947387126,0.014137566062375196,0.017901258045357537,0.6129326047358834,False
2025-06-06,chop,chop,0.06729475676353558,-0.02893585479442473,0.008506410555555233,0.013921822015459186,0.017900774788187804,0.607825295723385,False
2025-06-09,chop,chop,0.0670174045114793,-0.028152468378414897,0.008770948224785968,0.013244512043381328,0.01790029153101807,0.5772727272727273,False
2025-06-10,chop,chop,0.0712593141013027,-0.026869725817942558,0.008773857893180637,0.012747905604595681,0.017899808273848333,0.5485921889191644,False
2025-06-11,chop,chop,0.06661369308073928,-0.025798828182878264,0.008741482103157061,0.012558924753446271,0.017898658180229343,0.5362976406533575,False
2025-06-12,chop,chop,0.06923015074949723,-0.024671134876695477,0.008724867003494063,0.012116137813253105,0.017897508086610354,0.5058930190389845,False
2025-06-13,chop,chop,0.056061100829600585,-0.023854353515351256,0.008638752688153284,0.012367376963600176,0.017896357992991368,0.5217391304347826,False
2025-06-16,chop,chop,0.06362589339951197,-0.021922971495959787,0.0085383830316903,0.012258722066970037,0.01789520789937238,0.5131221719457013,False
2025-06-17,chop,chop,0.05111449483598851,-0.019070374154123382,0.00849325917378918,0.012188883044626508,0.01789405780575339,0.5090415913200723,False
2025-06-18,chop,chop,0.04752653708178012,-0.016190574760229004,0.008396081950185152,0.011887852780616798,0.017887602387303938,0.4778681120144535,False
2025-06-20,chop,chop,0.038424574953257906,-0.013077001343397732,0.00822412932297989,0.011890694135072467,0.017881146968854483,0.47833935018050544,False
2025-06-23,chop,chop,0.046796504433993746,-0.01170934956073666,0.008066168350647995,0.011962869072931915,0.017874691550405032,0.4842200180342651,False
2025-06-24,chop,chop,0.05533453711758951,-0.00935211947087533,0.008052365210767132,0.011893426467060455,0.017868236131955578,0.4783783783783784,False
2025-06-25,chop,chop,0.05324479267322468,-0.007322190593597955,0.007917291357033562,0.011398901258856606,0.017861780713506123,0.43564356435643564,False
2025-06-26,chop,chop,0.05881257665908968,-0.005428908559446111,0.00803854378911062,0.011108395121232713,0.01785456943271547,0.4136690647482014,False
2025-06-27,chop,chop,0.061234055860491576,-0.0033556360116211437,0.008133753790710019,0.010909798460259287,0.01784735815192481,0.3926325247079964,False
2025-06-30,chop,chop,0.06292568208053728,-0.0007776865166969626,0.008241935608269468,0.01058059332773495,0.017840146871134156,0.3644524236983842,False
2025-07-01,trend_up,trend_up,0.05925626884546631,0.0018147329859869998,0.008347114825906221,0.010210805314849322,0.017832935590343497,0.32645739910313903,False
2025-07-02,trend_up,trend_up,0.06018291636849282,0.004946953142393351,0.008421429401382019,0.009885354032823743,0.01782572430955284,0.2948028673835125,False
2025-07-03,trend_up,trend_up,0.06496863882450521,0.007767756772759871,0.0085954737013747,0.009773401306906335,0.01781962409771784,0.2784243509400179,False
2025-07-07,trend_up,trend_up,0.05397182050079463,0.010192910523673993,0.008757848121045297,0.010003093847806385,0.01781352388588284,0.3112701252236136,False
2025-07-08,trend_up,trend_up,0.05076619850764574,0.012222486930992593,0.008908289918148515,0.009591901648742636,0.01780742367404784,0.257372654155496,False
2025-07-09,trend_up,trend_up,0.05444466522573066,0.014195348038574362,0.009092580931570282,0.009354998316800249,0.017801323462212842,0.23125,False
2025-07-10,trend_up,trend_up,0.05474629089370797,0.01628724416375693,0.009196243543412086,0.009102919055293254,0.01779522325037784,0.19625334522747548,False
2025-07-11,trend_up,trend_up,0.048589006983082994,0.018178412815917033,0.009281039732180751,0.008973900594385225,0.017792503718795958,0.18449197860962566,False
2025-07-14,trend_up,trend_up,0.04811312462214512,0.020102994521036255,0.009394468441773274,0.00870115378534694,0.017789784187214077,0.13891362422083706,False
2025-07-15,trend_up,trend_up,0.041409650925055885,0.021837564236682372,0.009517843193188158,0.008780222028125749,0.017787064655632196,0.15391459074733096,False
2025-07-16,trend_up,trend_up,0.042885234508003744,0.023329059709966682,0.009627182095681919,0.008890278533154067,0.017784345124050315,0.16977777777777778,False
2025-07-17,trend_up,trend_up,0.04700974390572421,0.025047147531615854,0.009766367964912037,0.008684997959360034,0.017781625592468434,0.13676731793960922,False
2025-07-18,trend_up,trend_up,0.04384904490423769,0.026905538922526562,0.009909870282205135,0.008413137942476789,0.01776402288964121,0.10115350488021295,False
2025-07-21,trend_up,trend_up,0.043481118197798097,0.028732202000887774,0.010117732675947844,0.008247272160523665,0.017746420186813973,0.08953900709219859,False
2025-07-22,trend_up,trend_up,0.04142515901415855,0.030380799165655947,0.01021843403534839,0.008059173415027874,0.017728817483986744,0.06820194862710363,False
2025-07-23,trend_up,trend_up,0.04786011568907034,0.032189770945018514,0.010295532764465376,0.00802293892278443,0.017711214781159508,0.06460176991150443,False
2025-07-24,trend_up,trend_up,0.04642869631366531,0.03335711319369805,0.010368704762631298,0.0076905976240219925,0.017693612078332272,0.03713527851458886,False
2025-07-25,trend_up,trend_up,0.04910973052156775,0.03450512166035491,0.010298731097608815,0.007465512958295008,0.017691802629835687,0.029151943462897525,False
2025-07-28,trend_up,trend_up,0.047144347567618095,0.03557663455018978,0.010298168100353111,0.007214361744601055,0.017689993181339098,0.01235657546337158,False
2025-07-29,trend_up,trend_up,0.042846228526570496,0.03655422011078535,0.010232147332744912,0.007203631179683514,0.01768818373284251,0.012345679012345678,False
2025-07-30,trend_up,trend_up,0.040158041854860604,0.03741842829573172,0.010175819922134233,0.007388771965999739,0.017686374284345923,0.02378854625550661,False
2025-07-31,trend_up,trend_up,0.034992736318538276,0.03819086652895165,0.010124009108980925,0.00791292731934097,0.017684564835849334,0.05457746478873239,False
2025-08-01,trend_up,trend_up,0.01706726954769211,0.038800349559587666,0.009936670299400374,0.008939582391259915,0.01768205178068034,0.18909410729991205,False
2025-08-04,trend_up,trend_up,0.0308970210363948,0.04002826619828137,0.009837479513827851,0.00925185688436028,0.017679538725511347,0.23022847100175747,False
2025-08-05,trend_up,trend_up,0.02416893201476733,0.04112687765327583,0.009754808714860674,0.009268348650199607,0.017677025670342357,0.2317822651448639,False
2025-08-06,trend_up,trend_up,0.030210141508588917,0.04250271584001131,0.009645210977530239,0.00915836058167994,0.017674512615173364,0.2149122807017544,False
2025-08-07,trend_up,trend_up,0.027971557258625435,0.04345599919651422,0.009598374041809299,0.009400435668008883,0.01767199956000437,0.24890446976336547,False
2025-08-08,trend_up,trend_up,0.03432401265382223,0.04466785191254874,0.009570027575526163,0.00926678387182384,0.017665267627846187,0.23204903677758318,False
2025-08-11,trend_up,trend_up,0.030743690844320826,0.04575991863803486,0.009541127819780337,0.009103786810204491,0.017658535695688,0.2073490813648294,False
2025-08-12,trend_up,trend_up,0.039920157742825424,0.04703999013304605,0.009609930849138637,0.009134668503642966,0.017651803763529813,0.21153846153846154,False
2025-08-13,trend_up,trend_up,0.04172084808279375,0.04821401600710873,0.00971421547097262,0.008842026359742634,0.017645071831371626,0.1703056768558952,False
2025-08-14,trend_up,trend_up,0.04017583398732416,0.04928491123486811,0.009794775800585409,0.008572951051437822,0.01763833989921344,0.1256544502617801,False
2025-08-15,trend_up,trend_up,0.036152618336925624,0.0503205857064537,0.009860880655622184,0.008375586373701482,0.01763693195522292,0.1011333914559721,False
2025-08-18,trend_up,trend_up,0.034253352038747575,0.051464921422600396,0.009919930344521433,0.007981105777334315,0.017635524011232397,0.06184668989547038,False
2025-08-19,trend_up,trend_up,0.027298942852371777,0.05232370805184572,0.009896061915100729,0.008078870457665909,0.017634116067241877,0.07919930374238468,False
2025-08-20,trend_up,trend_up,0.023306519199084885,0.053105460411476235,0.00982872614371244,0.008289686663713358,0.017632708123251354,0.09913043478260869,False
2025-08-21,trend_up,trend_up,0.0181408656480182,0.053606896263624026,0.009825789441793242,0.00821184299771489,0.017631300179260834,0.09296264118158123,False
2025-08-22,trend_up,trend_up,0.032322569808272084,0.05442962324726319,0.009906876502234097,0.008721996141784583,0.017626211315846938,0.15538194444444445,False
2025-08-25,trend_up,trend_up,0.026507662658333153,0.055089308773224044,0.009931009943097813,0.008463884616437349,0.01762112245243304,0.11882046834345186,False
2025-08-26,trend_up,trend_up,0.029221689783049065,0.05610362994945439,0.009979960103982277,0.008262767081454046,0.01761603358901914,0.09878682842287695,False
2025-08-27,trend_up,trend_up,0.030122270764619152,0.05708954378733733,0.009960383649143312,0.007980992501068356,0.01761094472560524,0.06147186147186147,False
2025-08-28,trend_up,trend_up,0.03208050775078286,0.058345306884241666,0.009933207144211753,0.007840471129234047,0.01760585586219134,0.04930795847750865,False
2025-08-29,trend_up,trend_up,0.024374084487001513,0.059530237422001475,0.009969755533453917,0.007964155694173566,0.01760427563685486,0.058772687986171135,False
2025-09-02,trend_up,trend_up,0.015300146807577297,0.060707462486484065,0.009920433369742021,0.008580601286159025,0.01760269541151838,0.13557858376511225,False
2025-09-03,trend_up,trend_up,0.01939339964389175,0.061755580897104645,0.009904913139499927,0.008361929684495246,0.0176011151861819,0.10612597066436583,False
2025-09-04,trend_up,trend_up,0.026536357023120516,0.06271540137362774,0.009912975159557913,0.008320914908564186,0.01759953496084542,0.10517241379310345,False
2025-09-05,trend_up,trend_up,0.02226608105854222,0.06358228860155846,0.009942625258543503,0.0087289920840595,0.01759795473550894,0.16192937123169682,False
2025-09-08,trend_up,trend_up,0.023582321998304012,0.06426016115471955,0.010027136071065978,0.008372959995500332,0.017597664866310814,0.10757314974182444,False
2025-09-09,trend_up,trend_up,0.024803416379079346,0.06489367298707638,0.010106512135433787,0.008156755497807294,0.017597374997112683,0.08942390369733448,False
2025-09-10,trend_up,trend_up,0.02665419127272317,0.06549337988374249,0.01012294556352189,0.008014462523853749,0.017597085127914556,0.06958762886597938,False
2025-09-11,trend_up,trend_up,0.033884587521506804,0.06623423460875144,0.010119159291525737,0.008045390681568065,0.017596795258716425,0.07467811158798283,False
2025-09-12,trend_up,trend_up,0.03233901158262342,0.06690336314908207,0.01009686399669385,0.007713339746771957,0.017596505389518298,0.04030874785591767,False
2025-09-15,trend_up,trend_up,0.03667701184294203,0.06751039061582298,0.010099821873808645,0.007516773072412019,0.017594690272387765,0.033419023136246784,False
2025-09-16,trend_up,trend_up,0.033974198897156915,0.06826846011836563,0.010094488974313975,0.007267622985578105,0.01759287515525723,0.017123287671232876,False
2025-09-17,trend_up,trend_up,0.031434353752034516,0.06904490698662302,0.010093678924075533,0.007560931245341638,0.017591060038126702,0.036783575705731396,False
2025-09-18,trend_up,trend_up,0.035016392786736183,0.06975537327314374,0.010133733875195228,0.007604069027481217,0.01758924492099617,0.039316239316239315,False
2025-09-19,trend_up,trend_up,0.03604021278395897,0.07047478395611795,0.010079401214331707,0.007495460492457456,0.017587429803865635,0.034158838599487616,False
2025-09-22,trend_up,trend_up,0.03953908840946019,0.07135340336215168,0.009979807269147045,0.007475725883588715,0.0175773235787667,0.033276450511945395,False
2025-09-23,trend_up,trend_up,0.0326439490499415,0.07210516651364673,0.009861085730892727,0.007557019175865424,0.017567217353667758,0.03836317135549872,False
2025-09-24,trend_up,trend_up,0.028111245649072414,0.07292732462876095,0.009728870391295885,0.007573371106503691,0.017557111128568823,0.041737649063032366,False
2025-09-25,trend_up,trend_up,0.02229235837044663,0.07359598475017659,0.009688952379813598,0.00779118209652162,0.01754700490346988,0.05361702127659575,False
2025-09-26,trend_up,trend_up,0.027071151005003458,0.07423894404580378,0.009690496613965038,0.007678051857217184,0.017536898678370938,0.04591836734693878,False
2025-09-29,trend_up,trend_up,0.02880492576321725,0.0749139532961689,0.009788809592114811,0.007482020987079094,0.017532277171949984,0.034834324553950725,False
2025-09-30,trend_up,trend_up,0.031483966306529165,0.07559270361313697,0.009969319413408062,0.007461912905688344,0.017527655665529027,0.031409168081494056,False
2025-10-01,trend_up,trend_up,0.03373139221635624,0.07636472104841019,0.01008434868832242,0.00757965686221312,0.01752303415910807,0.04410517387616624,False
2025-10-02,trend_up,trend_up,0.033802732482031805,0.07694862045416162,0.010188851555124945,0.007434676743511931,0.017518412652687113,0.030508474576271188,False
2025-10-03,trend_up,trend_up,0.0326772977961034,0.07752358829784312,0.010277555221396728,0.007385109394852534,0.017513791146266156,0.023708721422523286,False
2025-10-06,trend_up,trend_up,0.03527816597561806,0.07809024111294227,0.01028671974130635,0.007184064918168963,0.017512054804109722,0.011844331641285956,False
2025-10-07,trend_up,trend_up,0.030417584610755277,0.078578793182559,0.01030358757860661,0.007263652037216152,0.017510318461953285,0.01775147928994083,False
2025-10-08,trend_up,trend_up,0.035355057982713545,0.0790580270738459,0.010507218544845598,0.00713885790953792,0.017508582119796848,0.010135135135135136,False
2025-10-09,trend_up,trend_up,0.031191404341463835,0.0795142690998547,0.01065158406765665,0.0071515921706297335,0.017506845777640414,0.01181434599156118,False
2025-10-10,trend_up,trend_up,0.0026753568677935213,0.0796549328690308,0.010630232028059794,0.009134287488035598,0.017505109435483977,0.23861720067453626,False
2025-10-13,trend_up,trend_up,0.01677033111282844,0.0804128042960437,0.010649109680178404,0.009658256063055998,0.017504604081023042,0.3133951137320977,False
2025-10-14,trend_up,trend_up,0.014561717549743891,0.0808964354233197,0.010630656382636383,0.010344866295981815,0.01750409872656211,0.37962962962962965,False
2025-10-15,trend_up,trend_up,0.017905664107811026,0.08155687312549587,0.010669780452817523,0.0107769281852163,0.017503593372101178,0.41968040370058873,False
2025-10-16,trend_up,trend_up,0.010112130030225153,0.08189149678361174,0.010682513566828256,0.011329961549458995,0.017503088017640243,0.4672268907563025,False
2025-10-17,trend_up,trend_up,0.014848415046866403,0.0822729826859585,0.010802549205435108,0.011280523205437609,0.01750258266317931,0.4634760705289673,False
2025-10-20,trend_up,trend_up,0.02433563906763947,0.08263847611923558,0.010980645624618424,0.011199024128236158,0.017501360286144952,0.4563758389261745,False
2025-10-21,trend_up,trend_up,0.02321589978950067,0.08303194268965108,0.011203488857357558,0.010719527611518134,0.01750013790911059,0.4157585917854149,False
2025-10-22,trend_up,trend_up,0.017117673112574838,0.08318283197284071,0.011385456649667391,0.010936427926920823,0.01749891553207623,0.43467336683417085,False
2025-10-23,trend_up,trend_up,0.0223123287737943,0.08338665642687415,0.011589142060244084,0.010617472375845384,0.017497693155041873,0.40585774058577406,False
2025-10-24,trend_up,trend_up,0.029654975502649394,0.08366006783248747,0.01187241620407442,0.01048685462865292,0.017496470778007513,0.3896321070234114,False
2025-10-27,trend_up,trend_up,0.04048008702351691,0.08418225169688331,0.012172759253186616,0.010488388829807016,0.017493651966569494,0.39097744360902253,False
2025-10-28,trend_up,trend_up,0.041859060152325434,0.08467156838395651,0.012525978168928642,0.010137586892242766,0.017490833155131474,0.3555926544240401,False
2025-10-29,trend_up,trend_up,0.04085750704792224,0.08529066367968574,0.012894228079533443,0.010118678297867518,0.017488014343693455,0.35446205170975814,False
2025-10-30,trend_up,trend_up,0.028111048031143726,0.08579076761802584,0.013159691924027328,0.010294718383085785,0.017485195532255433,0.37166666666666665,False
2025-10-31,trend_up,trend_up,0.03003449254876367,0.08652176909369547,0.013354439272343921,0.0101397195029817,0.017482376720817414,0.3572023313905079,False
2025-11-03,trend_up,trend_up,0.030783521582737228,0.08695205201504153,0.01357060072663252,0.010010354821762851,0.01747311017039951,0.34941763727121466,False
2025-11-04,trend_up,trend_up,0.01755908786777316,0.08733438988229869,0.013669845343166065,0.010333488434878661,0.0174638436199816,0.3782211138819618,False
2025-11-05,trend_up,trend_up,0.020088631095796616,0.08773265448473966,0.013557919105768645,0.010267485705428259,0.017454577069563697,0.3696013289036545,False
2025-11-06,trend_up,trend_up,0.00842472657249016,0.08793926093913274,0.013372626668095133,0.010581624124412912,0.017445310519145787,0.4074688796680498,False
2025-11-07,trend_up,trend_up,0.008748389463445028,0.08811590760410559,0.013360381169593483,0.010866846300223967,0.017436043968727877,0.43449419568822556,False
2025-11-10,trend_up,trend_up,0.023369417978166496,0.0886522900805482,0.013395230671937597,0.011110637788757892,0.017432962788076375,0.45733222866611434,False
2025-11-11,trend_up,trend_up,0.02439745781447278,0.0893047946615464,0.013576426007447573,0.01079962656264645,0.017429881607424872,0.4288079470198676,False
2025-11-12,trend_up,trend_up,0.023750079023115545,0.08989794873745782,0.01369363536260182,0.010441783514060136,0.01742680042677337,0.38875103391232424,False
2025-11-13,trend_up,trend_up,0.00607109804627215,0.09002144764549569,0.013724248734018785,0.01122639152345305,0.017423719246121863,0.4669421487603306,False
2025-11-14,trend_up,trend_up,0.005163368031038784,0.09023223104602218,0.01363890123707634,0.011743314468607277,0.01742063806547036,0.5070189925681255,False
2025-11-17,chop,chop,-0.004702644317892246,0.09021388196404523,0.013452784786831318,0.012245332713290672,0.017417690083434453,0.5544554455445545,False
2025-11-18,chop,chop,-0.013348376452257393,0.08997820239755705,0.013242258978348964,0.012528520152787818,0.017414742101398543,0.5754328112118714,False
2025-11-19,chop,chop,-0.009845213507215789,0.08977753734871774,0.013110239916243716,0.012515897966315873,0.017411794119362636,0.5741350906095551,False
2025-11-20,chop,chop,-0.024788803625556577,0.08918300929681156,0.012870416886293201,0.014392805487044765,0.017408846137326725,0.6625514403292181,False
2025-11-21,chop,chop,-0.01512219251616631,0.0887686628756994,0.01256520548604212,0.01471779799076967,0.017405898155290814,0.6776315789473685,False
2025-11-24,chop,chop,-0.0008596972323844376,0.08842136674406009,0.012326557214152434,0.014646431650627751,0.017404095303494255,0.6746096959737058,False
2025-11-25,trend_up,trend_up,0.008085652782577446,0.08828895186622221,0.012016400609628164,0.014714760524599893,0.017402292451697696,0.6773399014778325,False
2025-11-26,trend_up,trend_up,0.014423838960215374,0.0882975926694003,0.011746036284850492,0.01427203657194778,0.017400489599901137,0.6570959803117309,False
2025-11-28,trend_up,trend_up,0.01931810588414984,0.08827668174486325,0.01159203777498563,0.013596652781812421,0.01739868674810458,0.6270491803278688,False
2025-12-01,trend_up,trend_up,0.014163130182664796,0.08819161600485903,0.011429799718430944,0.013171620415351495,0.01739688389630802,0.6109746109746109,False
2025-12-02,trend_up,trend_up,0.015596733305159205,0.0880343053401289,0.011258311806597643,0.012678758178485497,0.01739457245513172,0.5834697217675942,False
2025-12-03,trend_up,trend_up,0.01848581009154171,0.08806627853060522,0.01120805428511873,0.012277705771185194,0.017392261013955423,0.553556827473426,False
2025-12-04,trend_up,trend_up,0.01852389265160892,0.08819103259384287,0.011176078005251666,0.011813001630036122,0.017389949572779125,0.5040849673202614,False
2025-12-05,trend_up,trend_up,0.01961975078506062,0.08842254299821906,0.011263856409235773,0.011365100681955974,0.017387638131602826,0.4726530612244898,False
2025-12-08,trend_up,trend_up,0.015897594407755733,0.08839140763204467,0.01144200865420153,0.011114843506192263,0.017385326690426528,0.4526916802610114,False
2025-12-09,trend_up,trend_up,0.014437134720055367,0.08826229525154261,0.011536174235689645,0.010622649798777396,0.01738299529502346,0.4058679706601467,False
2025-12-10,trend_up,trend_up,0.02051660341344763,0.08813303077043977,0.011607532050129876,0.010594664786467449,0.01738066389962039,0.4022801302931596,False
2025-12-11,trend_up,trend_up,0.022262621384137482,0.0879709229497545,0.011728800929095673,0.010549901400443241,0.01737833250421732,0.3954434499593165,False
2025-12-12,trend_up,trend_up,0.010895117259148268,0.0875270052629773,0.011938131371336702,0.010950521143371054,0.017376001108814248,0.4373983739837398,False
2025-12-15,trend_up,trend_up,0.00902314796012016,0.08713989556316659,0.012091938658633339,0.010866816802881827,0.01737366971341118,0.429731925264013,False
2025-12-16,trend_up,trend_up,0.006049605520431767,0.08654132892783406,0.012340344063225261,0.010760085207659652,0.017369800357887766,0.4163961038961039,False
2025-12-17,chop,chop,-0.005087774256579469,0.0857883168330531,0.012596632263090823,0.011084629939998588,0.01736593100236435,0.45174371451743717,False
2025-12-18,trend_up,trend_up,0.0023253794706954434,0.08508103332613848,0.012855500117369578,0.011201939801183844,0.017362061646840937,0.4619124797406807,False
2025-12-19,trend_up,trend_up,0.0081482565563189,0.084443797612338,0.013335283428795197,0.010823706618520995,0.017358192291317524,0.4251012145748988,False
2025-12-22,trend_up,trend_up,0.013473816434900865,0.08451709025228005,0.013786778539176758,0.010485874944719299,0.017354322935794107,0.38349514563106796,False
2025-12-23,trend_up,trend_up,0.017355496804460246,0.08420872383729039,0.014262302879707756,0.0101421534681312,0.017352601153166922,0.34842360549717055,False
2025-12-24,trend_up,trend_up,0.020084907093341764,0.08394299642730663,0.01477661258695373,0.009698193820707655,0.017350879370539734,0.30290791599353795,False
2025-12-26,trend_up,trend_up,0.01922427274831917,0.08360770590822453,0.01523117778879235,0.009253679780432183,0.01734915758791255,0.24858757062146894,False
2025-12-29,trend_up,trend_up,0.014776778614462804,0.08329608922922893,0.015679035852474765,0.009063728591157926,0.017347435805285364,0.21854838709677418,False
2025-12-30,trend_up,trend_up,0.0128615324917416,0.08294431775953859,0.016105328323230195,0.008631431258909066,0.017345714022658176,0.15390813859790492,False
2025-12-31,trend_up,trend_up,0.005042604362043068,0.08229183465354062,0.016444055570746796,0.008666541808358387,0.017342700450929942,0.16183574879227053,False
2026-01-02,trend_up,trend_up,0.006532434839927381,0.0816170994431491,0.016837485909549477,0.00876988853113581,0.017339686879201704,0.17860016090104586,False
2026-01-05,trend_up,trend_up,0.012641676627873188,0.0812131003682719,0.017225565751464167,0.008739771763592395,0.01733667330747347,0.17443729903536978,False
2026-01-06,trend_up,trend_up,0.01806292414996369,0.08076476283903533,0.017627861719462734,0.008542467882836424,0.017333659735745237,0.14216867469879518,False
2026-01-07,trend_up,trend_up,0.014413145857599785,0.08007818458221894,0.017954854687894928,0.008438567283017596,0.017330646164017,0.13001605136436598,False
2026-01-08,trend_up,trend_up,0.014182761467085747,0.07922421368165611,0.01818160806736069,0.008159818872543294,0.017326714008859854,0.10184442662389735,False
2026-01-09,trend_up,trend_up,0.02067946867668291,0.07843152181118596,0.01837204721977348,0.008158048821804226,0.017322781853702708,0.10176282051282051,False
2026-01-12,trend_up,trend_up,0.022048825928835836,0.07759644966467483,0.018615744818608837,0.008124474971306259,0.017318849698545566,0.09847878302642114,False
2026-01-13,trend_up,trend_up,0.01958726827562085,0.0769573369837464,0.01884295121818491,0.008047287210633039,0.017314917543388417,0.0864,False
2026-01-14,trend_up,trend_up,0.014328365226385698,0.07607300894050284,0.019217763124499854,0.008309180699259547,0.01731098538823127,0.11830535571542766,False
2026-01-15,trend_up,trend_up,0.0168246703075563,0.0752252226996275,0.01950697376344923,0.008219923502793283,0.01730529701794332,0.11182108626198083,False
2026-01-16,trend_up,trend_up,0.015482861616198385,0.07463481569637365,0.019782959276747336,0.008067762235827789,0.017299608647655368,0.09257781324820431,False
2026-01-20,chop,chop,-0.005189142969228122,0.07367719492275393,0.019926066962575595,0.009237910712116687,0.01729392027736742,0.2535885167464115,False
2026-01-21,trend_up,trend_up,0.005846353520799541,0.07289548460925999,0.020236661838718195,0.009642180376850672,0.017288231907079468,0.3051792828685259,False
2026-01-22,trend_up,trend_up,0.010565927480036041,0.07191243785349744,0.020819152779554262,0.009499939412901772,0.017282543536791515,0.28503184713375795,False
2026-01-23,trend_up,trend_up,0.010701650398676099,0.07060166024124048,0.021258609471885848,0.009211986806924694,0.01728028347562612,0.25139220365950676,False
2026-01-26,trend_up,trend_up,0.015544324017177091,0.069259960413385,0.021730534010896196,0.009016016307134419,0.01727802341446072,0.22257551669316375,False
2026-01-27,trend_up,trend_up,0.01922859918900155,0.06840974842927339,0.021831118753740775,0.008729060980001344,0.017275763353295323,0.17791898332009531,False
2026-01-28,trend_up,trend_up,0.018428127607688083,0.06771387083465585,0.02208228436542714,0.008506952640414091,0.017273503292129927,0.14206349206349206,False
2026-01-29,trend_up,trend_up,0.015749354436285667,0.06706966597559294,0.022346977916379407,0.009173695738775646,0.017271243230964527,0.24742268041237114,False
2026-01-30,trend_up,trend_up,0.011940834577352843,0.06661808321434459,0.022630234590629072,0.009275779222160545,0.01726870101047372,0.26386687797147385,False
2026-02-02,trend_up,trend_up,0.015921721683524792,0.06640782495062991,0.022892263886154174,0.009342000949969866,0.01726615878998291,0.273950910530483,False
2026-02-03,trend_up,trend_up,0.0065405502143349725,0.0658854056657916,0.023214807677734095,0.010088110892102608,0.017263616569492102,0.3560126582278481,False
2026-02-04,trend_up,trend_up,0.0006816167353973501,0.06560827296263905,0.0234575694420589,0.01042180282685238,0.017261074349001294,0.39209486166007906,False
2026-02-05,chop,chop,-0.01235165306698327,0.06483131147982424,0.023737158840158257,0.010896054200505547,0.017258532128510484,0.44549763033175355,False
2026-02-06,trend_up,trend_up,0.005954272793031512,0.06416167678593299,0.02409591218991758,0.011446649926929564,0.017250324853987933,0.4964483030781373,False
2026-02-09,trend_up,trend_up,0.010247618759233523,0.06344192918863789,0.02438979713984213,0.01135309355789005,0.01724211757946538,0.4881703470031546,False
2026-02-10,trend_up,trend_up,0.007218701448688192,0.0626308649940277,0.024514744438421276,0.01107366090195666,0.01723391030494283,0.46335697399527187,False
2026-02-11,trend_up,trend_up,0.006734746432214056,0.06173576777504608,0.024605943253676044,0.011106745268616807,0.017225703030420272,0.46692913385826773,False
2026-02-12,chop,chop,-0.00884700829707108,0.06069820645275792,0.024545907587190108,0.012045832985132508,0.01721749575589772,0.5483870967741935,False
2026-02-13,chop,chop,-0.008155024314932313,0.05966310424198751,0.024477354853652766,0.012095347089020473,0.017217237770294706,0.5566037735849056,False
2026-02-17,chop,chop,-0.006524624251419864,0.05858404838962561,0.02443334367817762,0.012171470142283527,0.017216979784691694,0.5624509033778476,False
2026-02-18,chop,chop,-0.0015749827677157269,0.05760157972647417,0.024527905716394294,0.011903209287468847,0.017216721799088678,0.5345368916797488,False
2026-02-19,chop,chop,-0.004173138396772247,0.05660745131731515,0.024255300857839446,0.011576848277384809,0.017216463813485666,0.5019607843137255,False
2026-02-20,trend_up,trend_up,0.0028592026001639237,0.055763963489407375,0.023766055266561503,0.011535779496494676,0.017216205827882653,0.5,False
2026-02-23,chop,chop,-0.007362556829471956,0.05474303914355261,0.023250693350219676,0.011830317179062686,0.01721497832581717,0.5254502740798747,False
2026-02-24,chop,chop,-0.00014110178675608154,0.05371615327318291,0.022665900035881092,0.01177374510985957,0.01721375082375169,0.5187793427230047,False
2026-02-25,trend_up,trend_up,0.008179174449395976,0.05280464729040002,0.02249281620724708,0.011493583961047972,0.017212523321686206,0.49648162627052383,False
2026-02-26,trend_up,trend_up,0.0023595366082991287,0.0520290355481845,0.022104073224233245,0.01165966616171739,0.01721129581962072,0.51171875,False
2026-02-27,chop,chop,-0.0026063468311061655,0.051361645607564954,0.02163057770270549,0.011676669850303245,0.017210068317555238,0.5144418423106948,False
2026-03-02,chop,chop,-0.002257197214611706,0.05079180620039958,0.021189019682225307,0.01193955698820768,0.017208944682442176,0.5390015600624025,False
2026-03-03,chop,chop,-0.01130834338742237,0.05032068517445243,0.020656185872489408,0.01294077355656791,0.017207821047329118,0.6134060795011691,False
2026-03-04,chop,chop,-0.004583278486835374,0.049826541377140154,0.0200915023862831,0.012711034418767038,0.017206697412216056,0.6035825545171339,False
2026-03-05,chop,chop,-0.01015401736745225,0.049151516721972044,0.01950191564629522,0.01290929481935936,0.017205573777103,0.6132295719844358,False
2026-03-06,chop,chop,-0.022774507666593946,0.04815263954174687,0.01880813813400639,0.01337339126832089,0.017204450141989937,0.6384136858475894,False
2026-03-09,chop,chop,-0.01393634309031444,0.04717608681504015,0.018180190625585846,0.014156394806210419,0.01718338210238186,0.6658896658896659,False
2026-03-10,chop,chop,-0.015142987369548555,0.046023184219840196,0.017660846933262864,0.014073505753662086,0.017162314062773812,0.6638198757763976,False
2026-03-11,chop,chop,-0.015979046506640615,0.0448567969668241,0.01723745196075588,0.013796504257372626,0.017141246023165736,0.6539953452288596,False
2026-03-12,chop,chop,-0.030306453792004584,0.0435046289326253,0.016798704410214027,0.01413030855404005,0.017120177983557663,0.6651162790697674,False
2026-03-13,chop,chop,-0.03510055036376236,0.04219035645524749,0.016324404819314076,0.01437989326013323,0.017099109943949586,0.6793183578621224,False
2026-03-16,chop,chop,-0.024914716656420866,0.04115629303378987,0.01595278782014442,0.014262394126496289,0.01709818869832404,0.6741486068111455,False
2026-03-17,chop,chop,-0.021996655376984475,0.04014338961326125,0.015570705634808668,0.013784983170360709,0.017097267452698496,0.6519721577726219,False
2026-03-18,chop,chop,-0.034903564770879525,0.038778573749739254,0.015126274876899215,0.014018195985645958,0.01709634620707295,0.660741885625966,False
2026-03-19,chop,chop,-0.03638177274791843,0.03728083779798519,0.014723440599184734,0.013894548112005321,0.017095424961447402,0.6571428571428571,False
2026-03-20,chop,chop,-0.05164684186422719,0.035626625759950015,0.0141452821800081,0.014786276729234465,0.017094503715821857,0.6998456790123457,False
2026-03-23,chop,chop,-0.040731653981904814,0.03412746164261149,0.013639827273808969,0.015117637475056428,0.017080711332647644,0.7154973014649191,False
2026-03-24,chop,chop,-0.042805994926071844,0.03241978379548671,0.013120275682594329,0.014866976531215662,0.017066918949473448,0.7010785824345146,False
2026-03-25,chop,chop,-0.03638899826825237,0.030809879855676625,0.012568316721612183,0.014566999493074077,0.017053126566299235,0.6851424172440339,False
2026-03-26,chop,chop,-0.05224417835892159,0.0289842014302526,0.011947813850982758,0.015101177010907883,0.017039334183125025,0.7146153846153847,False
2026-03-27,chop,chop,-0.06686233287212862,0.027042120729682928,0.011388179479524752,0.015616421915497053,0.017025541799950812,0.7332820906994619,False
2026-03-30,chop,chop,-0.06832948263885208,0.02498316297858949,0.01085308190072598,0.01580305808381138,0.01702508933051669,0.7403993855606759,False
2026-03-31,chop,chop,-0.040078359504337135,0.023374190440103026,0.010493187681916316,0.01640919277651927,0.01702463686108257,0.7620874904067536,False
2026-04-01,chop,chop,-0.03220756049071982,0.022249631347019738,0.010207781992379816,0.01601487433106953,0.017024184391648444,0.7446319018404908,False
2026-04-02,chop,chop,-0.030489259737460417,0.020947043627927098,0.009942184549114108,0.01628325081379648,0.017023731922214323,0.7586206896551724,False
2026-04-06,chop,chop,-0.025040334178881407,0.019567567469714664,0.009813453813380058,0.015504310771766127,0.0170232794527802,0.723583460949464,False
2026-04-07,chop,chop,-0.023744271409814277,0.018187657712741778,0.009627128139568786,0.015316946159196602,0.01701950957772446,0.7176740627390972,False
2026-04-08,trend_up,trend_up,0.0016164902751292232,0.01705673213003367,0.0095244564318262,0.015756749605548164,0.017015739702668724,0.7370030581039755,False
2026-04-09,trend_up,trend_up,0.00786027547281587,0.015976606589513276,0.009415244368187414,0.015323705018837156,0.017011969827612983,0.7181054239877769,False
2026-04-10,trend_up,trend_up,0.007670014097829414,0.014940416174998639,0.009300630787874908,0.014614927782109356,0.017008199952557243,0.684732824427481,False
2026-04-13,trend_up,trend_up,0.01775712496740245,0.01409860516752559,0.009355128181768535,0.014451596477066673,0.017004430077501503,0.6765827612509535,False
2026-04-14,trend_up,trend_up,0.030082209596498988,0.013543901996812213,0.009359145071528463,0.014130004860703774,0.01700260208929362,0.65625,False
2026-04-15,trend_up,trend_up,0.03807111040713984,0.013032618091457504,0.009385944505829746,0.013638454855552557,0.017000774101085744,0.6336633663366337,False
2026-04-16,trend_up,trend_up,0.04024774044183599,0.012759483879027478,0.009470018479267761,0.01306588266098975,0.01699894611287786,0.60882800608828,False
2026-04-17,trend_up,trend_up,0.0520726634443045,0.012775462493558543,0.00965760056573095,0.013066990207447114,0.01699711812466998,0.6091254752851711,False
2026-04-20,trend_up,trend_up,0.04900228444255261,0.013037880807571067,0.009924749863428062,0.012561086136869931,0.0169952901364621,0.5805471124620061,False
2026-04-21,trend_up,trend_up,0.04171937552468408,0.012843619303057663,0.010066274483983229,0.012617256213781706,0.016994341302295983,0.5831435079726651,False
2026-04-22,trend_up,trend_up,0.0517313840099447,0.012674003134787615,0.010291663448504407,0.012338755763818253,0.016993392468129868,0.5644916540212443,False
2026-04-23,trend_up,trend_up,0.047144176432819096,0.01249511564637884,0.010517269134974416,0.012518355396409402,0.016992443633963752,0.576194086429113,False
2026-04-24,trend_up,trend_up,0.05457360035687153,0.012472061430828907,0.010849800507228169,0.012137091897240375,0.016991494799797634,0.5477272727272727,False
2026-04-27,trend_up,trend_up,0.05533355369559301,0.012809346866412108,0.011288137004726195,0.01158436056746801,0.01699054596563152,0.4867524602573808,False
2026-04-28,trend_up,trend_up,0.04927117605534548,0.013037576754006075,0.011719654867127005,0.011403664206874704,0.0169872557133218,0.47655068078668683,False
2026-04-29,trend_up,trend_up,0.04822099405844127,0.013239216451886193,0.012018996745786437,0.010975210008720895,0.016983965461012086,0.436130007558579,False
2026-04-30,trend_up,trend_up,0.05764181754390929,0.013475488884054698,0.012302700918610965,0.01101918045828078,0.016980675208702372,0.44108761329305135,False
2026-05-01,trend_up,trend_up,0.05944257134716868,0.01382537519737248,0.012624370713319344,0.010819357025495326,0.016977384956392654,0.4188679245283019,False
2026-05-04,trend_up,trend_up,0.05467518659999504,0.013997452002751487,0.012834022193371819,0.010792786941437513,0.016974094704082936,0.41478129713423834,False
2026-05-05,trend_up,trend_up,0.06184514023597454,0.014503379368956626,0.013087471718198573,0.01063590410269246,0.016973802272973997,0.40015071590052753,False
2026-05-06,trend_up,trend_up,0.07513790299540712,0.015093331120352715,0.013255195918807416,0.010793987714289067,0.016973509841865058,0.4171686746987952,False
2026-05-07,trend_up,trend_up,0.07063579592152136,0.015460762280358642,0.013420126643272745,0.01067673255701922,0.01697321741075612,0.40481565086531224,False
2026-05-08,trend_up,trend_up,0.07795054655988776,0.016116150385725003,0.013644060353510401,0.010462364676046278,0.01697292497964718,0.37669172932330824,False
2026-05-11,trend_up,trend_up,0.07872488386161614,0.016907526040269794,0.013830763034175408,0.010112291803104119,0.01697263254853824,0.3395942900075131,False
2026-05-12,trend_up,trend_up,0.07546495232539518,0.017681563717762305,0.013961163623986916,0.010127052373061671,0.01696992337313799,0.34234234234234234,False
2026-05-13,trend_up,trend_up,0.07953238248118333,0.018723714176166695,0.014105041448982503,0.010163508677516957,0.016967214197737744,0.3480870217554389,False
2026-05-14,trend_up,trend_up,0.08606314051189567,0.019738711444920787,0.014314630434417053,0.010052925676106748,0.016964505022337498,0.335832083958021,False
2026-05-15,trend_up,trend_up,0.07119908156022303,0.020660678445792113,0.014396374007589197,0.010435146973749141,0.016961795846937248,0.3767790262172285,False
2026-05-18,trend_up,trend_up,0.06839337588874872,0.02181577111770827,0.014524045077792147,0.01047214693326822,0.016959086671536998,0.38023952095808383,False
2026-05-19,trend_up,trend_up,0.059577076062306444,0.022608683324556456,0.014764759927104576,0.010482472855854082,0.016954083234984294,0.381451009723261,False
2026-05-20,trend_up,trend_up,0.06845953576171904,0.023668946386017797,0.01490113543763294,0.01041936521424578,0.016949079798431594,0.37369207772795215,False
2026-05-21,trend_up,trend_up,0.06853333901130743,0.024760620016180512,0.015090651059083804,0.010409961074138297,0.01694407636187889,0.37341299477221807,False
2026-05-22,trend_up,trend_up,0.07028354102456924,0.026253325369901548,0.01525234631637118,0.01022438267382881,0.016939072925326183,0.3537313432835821,False
2026-05-26,trend_up,trend_up,0.07466455300746877,0.027958785464160307,0.015458796407867847,0.010049067406009965,0.01693406948877348,0.3340790454884415,False
2026-05-27,trend_up,trend_up,0.07197882268310973,0.029497531033130686,0.01563689246493416,0.009633661216891853,0.016932639118992274,0.2906110283159464,False
2026-05-28,trend_up,trend_up,0.07531785004830804,0.031062751490568363,0.01586490967691434,0.009456836749722893,0.016931208749211068,0.26582278481012656,False
2026-05-29,trend_up,trend_up,0.07508452391611153,0.032992328679844585,0.015982282560407457,0.009088114608584842,0.016929778379429862,0.21577380952380953,False
2026-06-01,trend_up,trend_up,0.07499513195312257,0.03502799997213035,0.016099124780420082,0.008942432662777867,0.016928348009648656,0.20223048327137547,False
2026-06-02,trend_up,trend_up,0.07307875855876267,0.03741227382050982,0.016271912281094814,0.00863566673402675,0.01692691763986745,0.15081723625557206,False
2026-06-03,trend_up,trend_up,0.06258074241461564,0.03946607024174553,0.016368990475850387,0.008643716470992662,0.016925527039063994,0.15219005196733482,False
2026-06-04,trend_up,trend_up,0.06348219939620492,0.04164153636219714,0.016421119509432147,0.008641421877004575,0.01692413643826054,0.1513353115727003,False
2026-06-05,trend_up,trend_up,0.03368998242215482,0.04325801091199133,0.01637158258483007,0.01032475698065973,0.016922745837457082,0.36767976278724984,False
2026-06-08,trend_up,trend_up,0.03330414663575776,0.04523801888003365,0.01634193582540755,0.01031833927693212,0.016921355236653623,0.36666666666666664,False
2026-06-09,trend_up,trend_up,0.027313822106405095,0.04746995556031175,0.01630414420862869,0.011965440984214955,0.016919964635850167,0.5381199111769059,False
2026-06-10,trend_up,trend_up,0.008490207734274335,0.04958508559581687,0.016136542484006533,0.012573692017778932,0.01691916611282861,0.5924556213017751,False
2026-06-11,trend_up,trend_up,0.02314445508293783,0.05140528823595103,0.01604927882692264,0.012989835467781416,0.016918367589807057,0.6127124907612712,False
2026-06-12,trend_up,trend_up,0.02621549985929761,0.05318646937769356,0.01591507577957274,0.012903264788024027,0.0169175690667855,0.6093057607090103,False
2026-06-15,trend_up,trend_up,0.041458845384277465,0.055239676807084415,0.015928562014945857,0.01318678723636151,0.016916770543763948,0.6287822878228783,False
2026-06-16,trend_up,trend_up,0.03264560023583507,0.05712073483634761,0.015877886130089003,0.012847601714778443,0.016915972020742392,0.6076696165191741,False
2026-06-17,trend_up,trend_up,0.017460901164746634,0.0587604749245505,0.015745876261103797,0.01332723117215178,0.01691027826181558,0.6352247605011054,False
2026-06-18,trend_up,trend_up,0.023409845807383034,0.05999670230453691,0.01570645477818844,0.012974901162876406,0.016904584502888773,0.6119293078055965,False
2026-06-22,trend_up,trend_up,0.01838925976170147,0.06109439071861544,0.015589230987540503,0.012762646503154281,0.01689889074396196,0.6019131714495953,False
2026-06-23,trend_up,trend_up,0.0021163043959353534,0.06201461935087682,0.015367096015846071,0.01320286652894798,0.016893196985035146,0.6308823529411764,False
2026-06-24,trend_up,trend_up,0.00036345101651669154,0.06271945204037532,0.01511572500928171,0.013152940059381609,0.016887503226108335,0.6274797942689199,False
2026-06-25,trend_up,trend_up,0.0007217516541959679,0.0632159392032714,0.014898652764737896,0.013146184218092317,0.01688483458801641,0.6248164464023495,False
2026-06-26,chop,chop,-0.007300864409055419,0.06345175202382736,0.014591659723697026,0.014250848035098206,0.016882165949924487,0.6771826852531181,False
2026-06-29,trend_up,trend_up,0.007973738815368447,0.06390716427032239,0.014395965198293892,0.014230136323345004,0.016879497311832563,0.6752199413489736,False
2026-06-30,trend_up,trend_up,0.014811295678534897,0.06428090899473093,0.01420420562478375,0.01379358563286673,0.016876828673740636,0.654945054945055,False
2026-07-01,trend_up,trend_up,0.012419570910911393,0.06467210248904753,0.0139997685819091,0.013500922094787914,0.016874160035648712,0.6420204978038068,False
2026-07-02,trend_up,trend_up,0.009973073893827289,0.06520299508967731,0.013791227993486643,0.013634881594787093,0.01687260449249214,0.6452084857351865,False
2026-07-06,trend_up,trend_up,0.01768155323498055,0.06565805767609167,0.01361506489690778,0.013276848700517964,0.01687104894933557,0.6330409356725146,False
2026-07-07,trend_up,trend_up,0.01176949446842701,0.06611029803710555,0.01353800444930875,0.012967231527160712,0.016869493406179,0.6077428780131483,False
2026-07-08,trend_up,trend_up,0.007785664782961055,0.06637848954125225,0.013396727987825985,0.012864087633413835,0.01686793786302243,0.6036496350364964,False
2026-07-09,trend_up,trend_up,0.015313648999786933,0.06675532614235835,0.01328832595518814,0.012469244597109713,0.01686638231986586,0.5754923413566739,False
2026-07-10,trend_up,trend_up,0.018499606199039897,0.06732444248358971,0.013338850788181755,0.012221464631452735,0.01686444110649868,0.5561224489795918,False
2026-07-13,trend_up,trend_up,0.00967776889474914,0.06774617087986479,0.013261562930964255,0.012098696977578826,0.016862499893131502,0.5455207574654042,False
2026-07-14,trend_up,trend_up,0.01235759492392563,0.06800361392807575,0.013209538021699219,0.011639385669538281,0.016860558679764322,0.4963609898107715,False
2026-07-15,trend_up,trend_up,0.015436092274850655,0.06824288974742432,0.013115853453905979,0.011274446668989222,0.016858617466397142,0.4669090909090909,False
2026-07-16,trend_up,trend_up,0.00904582050834013,0.06850049092081911,0.013015176018654984,0.011185532952447246,0.016856676253029963,0.4585755813953488,False
2026-07-17,chop,chop,-0.0014648424380866443,0.0684503731636783,0.012887612825402295,0.011443682130873321,0.016856184992369398,0.48148148148148145,False
2026-07-20,chop,chop,-0.003298119013798284,0.06810560155875023,0.012655669021783167,0.011338407969743643,0.016855693731708834,0.47242380261248185,False
2026-07-21,trend_up,trend_up,0.004565033060376367,0.06797321692407565,0.012495304761361847,0.011104852768393776,0.016855202471048266,0.4503263234227701,False
2026-07-22,trend_up,trend_up,0.0031333741524681713,0.06765549742158639,0.012442167431311768,0.010672475614258192,0.0168547112103877,0.4043478260869565,False
2026-07-23,chop,chop,-0.009224847091414912,0.06709609096798186,0.012310953632228117,0.011214579388794567,0.016854219949727137,0.46125995655322233,False
2026-07-24,chop,chop,-0.008238174233761053,0.06660337299351893,0.01217183584141468,0.011024523565141964,0.016846069618638247,0.44283646888567296,False
2026-07-27,chop,chop,-0.007937679764231986,0.06597730938754465,0.012101981114083005,0.011168421937196372,0.016837919287549366,0.4569775849602314,False
2026-07-28,chop,chop,-0.005366664813963196,0.06525179865375019,0.011941958059112245,0.011002473631446854,0.016829768956460475,0.4407514450867052,False
2026-07-29,chop,chop,-0.020416209636786142,0.06453027692592728,0.011711242580272785,0.01170599817376829,0.016821618625371588,0.5068592057761733,False
2026-07-30,chop,chop,-0.004073992512662383,0.06394287780916263,0.01170607765566567,0.011941622372254218,0.016813468294282697,0.5295815295815296,False
2026-07-31,trend_up,trend_up,0.0027382917891514147,0.06368473046509626,0.011699853434947505,0.012082204067593772,0.016807727635259034,0.5457822638788753,False
2026-08-03,trend_up,trend_up,0.016572246170227345,0.06342905956125833,0.011722170788193598,0.01215050236344786,0.01680198697623538,0.5547550432276657,False
2026-08-04,trend_up,trend_up,0.034106074000664455,0.06344008311447147,0.011841851856393415,0.012540391701372585,0.016796246317211713,0.5853131749460043,False
2026-08-05,trend_up,trend_up,0.03137356412391856,0.06330136406987008,0.012022254286757406,0.012349021375333936,0.01679050565818805,0.5712230215827339,False
2026-08-06,trend_up,trend_up,0.02922999251405778,0.06302459340430011,0.012131051288378103,0.011890510559519292,0.016784764999164387,0.5226455787203451,False
2026-08-07,trend_up,trend_up,0.03489210895770678,0.0629023550774892,0.01222307049659177,0.011468275348442579,0.016776930559382584,0.4834770114942529,False
2026-08-10,trend_up,trend_up,0.034074163649730815,0.06265771610589188,0.012329050198615299,0.010969215919099164,0.01676909611960079,0.4321608040201005,False
2026-08-11,trend_up,trend_up,0.03038193237262754,0.062282153373684146,0.01240750814050573,0.010719840928789815,0.016761261679818985,0.406025824964132,False
2026-08-12,trend_up,trend_up,0.03257747238337494,0.06191874723605828,0.01242740792704966,0.010330568138574856,0.01675342724003718,0.35770609318996416,False
