date,open,high,low,close,volume
2004-01-02,41.0,41.38,40.9,41.03,811200.0
2004-01-05,41.53,41.93,41.2,41.65,889300.0
2004-01-06,41.4,41.92,41.35,41.9,866200.0
2004-01-07,41.95,42.55,41.93,42.33,2007200.0
2004-01-08,42.7,42.71,42.25,42.55,827900.0
2004-01-09,42.55,42.6,41.99,42.12,493400.0
2004-01-12,42.11,42.51,41.86,42.34,613000.0
2004-01-13,42.45,42.7,41.93,42.18,437900.0
2004-01-14,42.38,42.61,42.34,42.55,566100.0
2004-01-15,42.52,43.06,42.19,42.9,614900.0
2004-01-16,43.05,43.64,43.04,43.64,685600.0
2004-01-20,43.78,43.78,43.14,43.39,977400.0
2004-01-21,43.38,43.89,42.8,43.75,936600.0
2004-01-22,43.76,44.8,43.76,44.47,950300.0
2004-01-23,44.42,44.46,44.0,44.27,590100.0
2004-01-26,44.02,44.86,44.02,44.7,798200.0
2004-01-27,44.7,44.7,43.87,44.15,907300.0
2004-01-28,44.13,44.47,43.21,43.37,1042600.0
2004-01-29,43.35,45.35,43.15,44.86,1105200.0
2004-01-30,44.65,45.1,44.4,45.06,1025500.0
2004-02-02,45.0,46.95,44.94,46.2,1937100.0
2004-02-03,44.1,46.15,44.1,46.06,1701900.0
2004-02-04,45.56,46.51,45.4,46.31,1795500.0
2004-02-05,46.3,46.58,45.88,46.38,1165900.0
2004-02-06,46.46,47.7,46.46,47.62,1256600.0
2004-02-09,47.45,48.25,47.15,48.05,1404200.0
2004-02-10,48.05,48.19,47.7,48.0,1070700.0
2004-02-11,48.2,50.0,48.1,49.86,2753200.0
2004-02-12,49.06,49.15,48.25,48.77,2135300.0
2004-02-13,48.77,49.2,48.31,48.8,911500.0
2004-02-17,48.0,48.8,47.75,48.67,2315000.0
2004-02-18,48.5,49.01,48.38,48.95,787100.0
2004-02-19,49.0,49.45,48.88,48.88,1400100.0
2004-02-20,48.88,48.93,48.04,48.29,998800.0
2004-02-23,48.28,48.55,47.98,48.16,1461900.0
2004-02-24,48.05,48.95,47.78,48.83,2046900.0
2004-02-25,48.66,49.04,48.5,48.75,1171800.0
2004-02-26,49.05,49.05,48.25,48.54,1161500.0
2004-02-27,48.3,48.85,48.1,48.65,976700.0
2004-03-01,48.9,49.72,48.65,49.55,1101700.0
2004-03-02,49.25,49.55,49.0,49.23,1133400.0
2004-03-03,49.1,49.4,48.89,48.91,1400700.0
2004-03-04,48.91,49.29,48.65,48.92,1261100.0
2004-03-05,48.63,49.09,48.47,48.82,1926400.0
2004-03-08,48.95,50.25,48.9,49.89,1816400.0
2004-03-09,49.95,49.98,49.24,49.4,1458600.0
2004-03-10,49.4,49.45,48.68,48.7,1494900.0
2004-03-11,48.5,48.5,46.95,47.02,2152700.0
2004-03-12,47.5,47.65,47.2,47.4,1256200.0
2004-03-15,47.3,47.84,46.97,47.0,850100.0
2004-03-16,47.05,47.31,46.87,47.16,1398700.0
2004-03-17,47.4,47.99,47.31,47.5,822600.0
2004-03-18,47.4,47.77,47.02,47.65,951400.0
2004-03-19,47.55,47.97,47.55,47.82,1024000.0
2004-03-22,47.8,48.15,46.83,47.31,1175600.0
2004-03-23,47.56,48.03,47.28,47.62,1279900.0
2004-03-24,47.47,48.7,47.36,48.1,1597400.0
2004-03-25,48.1,48.31,47.52,48.2,994000.0
2004-03-26,47.88,48.0,47.36,47.75,1461300.0
2004-03-29,48.0,48.92,47.79,48.7,757300.0
2004-03-30,48.45,48.87,48.27,48.74,1050800.0
2004-03-31,48.8,48.85,48.2,48.48,698400.0
2004-04-01,48.7,49.9,48.62,49.78,1147700.0
2004-04-02,50.0,50.21,49.58,49.84,1277500.0
2004-04-05,49.25,50.56,49.09,50.52,1266800.0
2004-04-06,49.75,49.86,49.35,49.5,1816500.0
2004-04-07,49.25,49.97,49.24,49.44,1107200.0
2004-04-08,49.69,49.81,48.83,48.99,978000.0
2004-04-12,49.02,49.77,49.0,49.59,665200.0
2004-04-13,49.75,49.75,48.49,48.53,653500.0
2004-04-14,48.43,49.61,48.43,49.15,869600.0
2004-04-15,49.05,49.48,48.8,48.89,794800.0
2004-04-16,49.0,49.84,48.92,49.65,765000.0
2004-04-19,49.65,50.7,49.54,50.35,748300.0
2004-04-20,50.85,51.2,50.21,50.6,1195600.0
2004-04-21,50.6,52.25,50.6,52.07,1564900.0
2004-04-22,52.08,54.1,51.57,53.25,2220500.0
2004-04-23,53.26,53.26,52.49,52.81,1057800.0
2004-04-26,52.51,52.73,51.21,51.34,1251500.0
2004-04-27,51.05,51.35,50.31,50.6,1743500.0
2004-04-28,50.25,50.58,49.61,49.65,1443600.0
2004-04-29,50.0,50.78,49.9,50.13,1457100.0
2004-04-30,50.3,51.09,50.05,50.55,814800.0
2004-05-03,50.35,50.65,50.01,50.64,933500.0
2004-05-04,50.8,50.89,50.18,50.6,1118000.0
2004-05-05,50.35,51.99,50.35,51.79,1295400.0
2004-05-06,51.25,51.5,50.75,51.44,835800.0
2004-05-07,51.3,51.7,50.58,50.68,837100.0
2004-05-10,50.45,50.47,48.92,49.62,1128400.0
2004-05-11,49.5,50.04,49.45,49.77,1046100.0
2004-05-12,49.25,49.4,48.53,49.0,1096000.0
2004-05-13,48.85,49.54,48.85,48.99,1292100.0
2004-05-14,48.85,49.05,48.26,48.41,1371700.0
2004-05-17,47.95,48.0,47.72,47.75,1307900.0
2004-05-18,47.75,48.05,47.59,47.74,815800.0
2004-05-19,48.2,49.05,47.94,48.15,1075500.0
2004-05-20,48.4,48.62,47.91,48.15,665600.0
2004-05-21,48.45,49.0,48.31,48.76,823500.0
2004-05-24,49.05,49.1,48.62,48.78,824500.0
2004-05-25,48.8,49.13,48.25,49.04,932200.0
2004-05-26,49.0,49.4,48.63,49.15,1178600.0
2004-05-27,49.18,49.48,48.79,49.48,878400.0
2004-05-28,49.3,50.38,49.29,50.32,1356400.0
2004-06-01,50.01,50.6,49.9,50.58,851200.0
2004-06-02,50.59,50.99,50.38,50.92,750100.0
2004-06-03,50.87,51.05,50.36,50.85,685800.0
2004-06-04,50.98,50.99,50.2,50.38,502200.0
2004-06-07,50.2,51.41,50.07,51.4,738900.0
2004-06-08,51.15,51.5,51.06,51.48,696000.0
2004-06-09,51.48,51.67,51.28,51.28,722300.0
2004-06-10,51.35,52.15,51.28,52.08,1207700.0
2004-06-14,51.9,52.2,51.0,51.35,603100.0
2004-06-15,51.43,51.66,50.91,51.39,850400.0
2004-06-16,51.4,51.83,51.38,51.72,561000.0
2004-06-17,51.73,52.47,51.66,52.4,1061000.0
2004-06-18,52.35,53.33,52.2,52.94,1535200.0
2004-06-21,53.0,53.62,52.83,53.21,1248800.0
2004-06-22,53.06,53.35,52.11,52.44,1261900.0
2004-06-23,51.0,52.1,50.24,51.99,1814000.0
2004-06-24,51.75,51.96,50.94,51.5,1136700.0
2004-06-25,51.51,51.55,50.6,50.61,1117500.0
2004-06-28,50.76,51.22,50.48,50.5,1208800.0
2004-06-29,50.58,50.73,50.33,50.45,1006200.0
2004-06-30,50.22,51.84,50.2,51.8,878500.0
2004-07-01,51.48,51.48,48.91,49.25,1767600.0
2004-07-02,49.0,49.69,48.76,49.49,1321700.0
2004-07-06,49.05,49.47,48.85,49.15,970700.0
2004-07-07,49.2,50.01,49.2,49.87,1038200.0
2004-07-08,49.8,49.99,49.16,49.75,1065700.0
2004-07-09,49.85,49.9,47.95,48.14,1720400.0
2004-07-12,48.0,48.48,47.95,48.2,1298300.0
2004-07-13,48.13,48.72,48.1,48.54,840400.0
2004-07-14,48.29,49.34,48.29,48.45,1346300.0
2004-07-15,48.7,49.51,48.55,49.07,942000.0
2004-07-16,49.5,49.55,47.79,47.93,855800.0
2004-07-19,47.93,48.55,47.67,48.02,815300.0
2004-07-20,48.1,48.61,47.86,48.41,611200.0
2004-07-21,48.5,49.05,47.7,47.7,992400.0
2004-07-22,47.71,48.1,46.6,46.91,1564200.0
2004-07-23,47.0,47.03,45.74,46.5,1227200.0
2004-07-26,46.65,47.15,46.63,46.93,1055300.0
2004-07-27,46.95,47.68,46.93,47.33,1106900.0
2004-07-28,47.34,47.66,46.16,47.0,973400.0
2004-07-29,47.1,47.2,46.55,47.09,1037400.0
2004-07-30,46.68,47.4,46.68,47.23,965700.0
2004-08-02,46.8,47.75,46.8,47.57,1121800.0
2004-08-03,47.62,48.16,47.62,48.07,831100.0
2004-08-04,48.05,48.41,47.82,48.14,1381900.0
2004-08-05,48.24,48.27,47.38,47.49,928200.0
2004-08-06,47.0,47.24,45.64,46.62,1190300.0
2004-08-09,46.47,46.92,46.36,46.41,588000.0
2004-08-10,46.6,47.37,46.4,47.35,977900.0
2004-08-11,47.15,48.25,46.82,48.2,1191700.0
2004-08-12,48.25,48.45,47.73,48.03,1352900.0
2004-08-13,48.05,48.26,47.38,47.68,684800.0
2004-08-16,47.5,48.08,47.14,47.58,1264700.0
2004-08-17,47.7,47.77,47.04,47.4,1733500.0
2004-08-18,47.2,47.94,46.85,47.85,1619100.0
2004-08-19,47.82,48.0,47.56,47.92,1366900.0
2004-08-20,48.05,48.4,47.91,48.4,776300.0
2004-08-23,48.13,48.17,47.56,47.83,952600.0
2004-08-24,47.83,48.2,47.55,47.83,884200.0
2004-08-25,47.8,48.11,47.62,47.88,1124600.0
2004-08-26,48.0,48.07,47.38,47.38,910700.0
2004-08-27,47.39,47.58,47.11,47.34,738200.0
2004-08-30,47.34,47.51,46.95,47.0,534800.0
2004-08-31,46.9,48.22,46.9,48.12,992100.0
2004-09-01,47.99,48.85,47.88,48.75,817500.0
2004-09-02,48.7,49.97,48.45,49.83,645600.0
2004-09-03,49.99,50.3,49.4,49.47,736200.0
2004-09-07,49.85,50.61,49.7,50.56,808000.0
2004-09-08,50.5,51.15,50.17,50.62,1029100.0
2004-09-09,50.65,50.91,50.01,50.37,707600.0
2004-09-10,50.3,50.46,49.82,50.21,626900.0
2004-09-13,50.1,50.45,49.85,50.24,968200.0
2004-09-14,50.25,51.42,50.24,51.41,1208300.0
2004-09-15,51.1,51.55,51.03,51.37,850900.0
2004-09-16,51.37,51.42,50.8,51.0,570300.0
2004-09-17,51.0,51.4,50.79,50.9,1175200.0
2004-09-20,51.15,51.26,50.52,50.93,578600.0
2004-09-21,50.9,51.83,50.74,51.81,669800.0
2004-09-22,51.31,51.48,50.56,50.56,633300.0
2004-09-23,50.62,51.03,50.56,50.61,732400.0
2004-09-24,50.51,51.82,50.51,51.57,688500.0
2004-09-27,51.17,51.47,51.03,51.23,578400.0
2004-09-28,51.35,51.6,51.13,51.35,957500.0
2004-09-29,51.3,51.31,50.6,50.88,1046900.0
2004-09-30,50.75,52.51,50.69,51.7,2152200.0
2004-10-01,51.6,52.85,51.6,52.85,1216300.0
2004-10-04,52.7,52.85,52.39,52.5,854000.0
2004-10-05,52.05,52.45,51.78,51.85,1170900.0
2004-10-06,52.0,52.65,51.97,52.63,716300.0
2004-10-07,52.4,52.4,51.2,51.32,710500.0
2004-10-08,51.33,51.33,50.61,50.8,872300.0
2004-10-11,50.8,51.08,50.73,50.91,467000.0
2004-10-12,50.84,51.6,50.65,51.58,518800.0
2004-10-13,51.58,51.58,49.9,50.08,928700.0
2004-10-14,50.25,50.81,49.9,49.96,897300.0
2004-10-15,50.4,50.6,49.69,50.32,886800.0
2004-10-18,49.75,51.02,49.65,50.82,525200.0
2004-10-19,50.82,50.95,49.96,50.13,757800.0
2004-10-20,50.14,51.06,49.61,51.01,938800.0
2004-10-21,50.76,50.77,50.11,50.43,558600.0
2004-10-22,50.63,50.88,50.2,50.41,587100.0
2004-10-25,50.25,50.27,49.44,49.52,646500.0
2004-10-26,49.8,51.6,49.67,51.6,880800.0
2004-10-27,51.35,51.99,51.15,51.38,1178500.0
2004-10-28,51.15,52.29,51.0,51.92,826100.0
2004-10-29,51.52,52.55,51.42,52.5,831600.0
2004-11-01,52.25,52.31,51.29,51.61,767300.0
2004-11-02,51.5,52.15,50.84,51.05,1108000.0
2004-11-03,51.35,52.1,51.16,51.7,1380900.0
2004-11-04,50.25,52.0,50.25,51.78,2127900.0
2004-11-05,51.98,52.7,51.84,52.32,1529100.0
2004-11-08,52.34,53.54,52.2,53.54,1234300.0
2004-11-09,53.29,54.18,53.22,53.69,1035600.0
2004-11-10,53.75,54.0,53.01,53.21,1214200.0
2004-11-11,53.28,54.02,53.27,53.95,1277700.0
2004-11-12,53.8,54.44,53.7,54.44,970300.0
2004-11-15,53.9,54.99,53.86,54.99,1172300.0
2004-11-16,54.99,54.99,54.46,54.53,917900.0
2004-11-17,54.53,55.2,54.32,54.64,864700.0
2004-11-18,54.45,54.74,54.08,54.25,710200.0
2004-11-19,54.45,54.48,53.86,53.86,471400.0
2004-11-22,53.89,54.74,53.63,54.72,518300.0
2004-11-23,54.75,54.85,53.97,54.25,1006100.0
2004-11-24,54.3,54.92,54.18,54.2,792700.0
2004-11-26,54.05,54.35,53.92,54.09,627500.0
2004-11-29,53.82,55.25,53.6,54.99,1430300.0
2004-11-30,54.65,55.25,54.56,54.78,1343600.0
2004-12-01,54.78,55.46,54.78,55.46,1031800.0
2004-12-02,55.5,56.52,55.49,56.05,1170400.0
2004-12-03,55.85,56.33,55.66,56.17,938700.0
2004-12-06,55.8,56.1,55.45,55.86,1215100.0
2004-12-07,56.0,56.35,55.62,55.7,905900.0
2004-12-08,55.55,56.17,55.31,56.05,833800.0
2004-12-09,55.67,56.68,55.48,56.65,857300.0
2004-12-10,55.7,56.46,55.64,56.3,882400.0
2004-12-13,56.31,57.0,56.14,57.0,664200.0
2004-12-14,56.7,57.69,56.63,57.49,659000.0
2004-12-15,57.2,57.2,56.13,56.85,1196300.0
2004-12-16,56.75,58.08,56.56,57.7,1182600.0
2004-12-17,57.3,57.99,57.14,57.83,1219700.0
2004-12-20,57.83,58.18,56.79,56.89,1028600.0
2004-12-21,56.79,57.12,56.56,57.08,1196300.0
2004-12-22,57.0,57.22,56.65,57.08,1258900.0
2004-12-23,56.9,57.13,56.74,56.94,996900.0
2004-12-27,56.95,57.21,56.41,56.69,664100.0
2004-12-28,56.9,57.25,56.83,57.15,610600.0
2004-12-29,57.15,57.2,56.9,57.03,485200.0
2004-12-30,56.95,57.1,56.56,56.73,708600.0
2004-12-31,56.63,57.1,56.58,56.8,590600.0
2005-01-03,56.0,56.53,55.71,56.01,810300.0
2005-01-04,56.26,56.38,55.36,55.36,773800.0
2005-01-05,55.46,55.63,54.75,55.05,1105300.0
2005-01-06,55.03,55.48,55.02,55.06,572700.0
2005-01-07,55.26,55.26,54.75,54.86,497400.0
2005-01-10,54.75,54.83,54.13,54.3,1394500.0
2005-01-11,54.25,54.26,53.95,53.95,754200.0
2005-01-12,54.05,54.87,54.0,54.86,742700.0
2005-01-13,54.66,54.77,53.79,53.9,715100.0
2005-01-14,53.9,54.22,53.75,54.16,604100.0
2005-01-18,54.15,55.18,54.15,55.01,1101200.0
2005-01-19,54.8,55.12,54.52,54.6,864900.0
2005-01-20,54.8,54.95,54.1,54.45,1327400.0
2005-01-21,54.41,54.74,54.08,54.08,844500.0
2005-01-24,54.25,54.32,53.89,54.11,703800.0
2005-01-25,54.09,54.76,54.09,54.29,758600.0
2005-01-26,56.38,56.9,55.6,55.94,2683100.0
2005-01-27,55.5,56.64,55.25,56.42,1346700.0
2005-01-28,56.29,56.6,56.24,56.4,1123400.0
2005-01-31,56.3,56.72,55.57,56.65,1513400.0
2005-02-01,56.65,57.73,56.59,57.6,1897300.0
2005-02-02,57.75,59.65,57.7,59.42,2441900.0
2005-02-03,59.42,59.87,59.2,59.43,1485900.0
2005-02-04,58.98,59.38,58.59,59.28,1063800.0
2005-02-07,59.18,59.75,59.11,59.73,715200.0
2005-02-08,59.83,59.94,59.19,59.4,741400.0
2005-02-09,59.2,59.4,58.2,58.62,1511800.0
2005-02-10,58.83,59.0,58.48,58.83,962900.0
2005-02-11,58.85,59.38,58.51,58.96,809000.0
2005-02-14,58.83,59.08,58.57,58.83,461300.0
2005-02-15,58.95,59.5,58.61,59.39,1071700.0
2005-02-16,59.29,59.3,58.26,58.39,1151200.0
2005-02-17,58.14,58.25,57.78,58.07,1273100.0
2005-02-18,58.2,58.85,57.93,58.7,979300.0
2005-02-22,58.86,59.14,58.44,58.67,1638600.0
2005-02-23,58.57,58.95,58.2,58.75,673700.0
2005-02-24,58.76,59.67,58.27,59.66,1130200.0
2005-02-25,59.5,59.96,58.85,59.96,837700.0
2005-02-28,59.95,59.95,59.0,59.87,1107300.0
2005-03-01,59.87,60.18,59.6,59.88,1277800.0
2005-03-02,59.86,60.17,59.41,59.7,1072800.0
2005-03-03,59.76,60.17,59.6,59.98,1019400.0
2005-03-04,60.03,60.37,59.4,59.4,987700.0
2005-03-07,59.5,59.73,59.11,59.35,1210300.0
2005-03-08,59.3,59.54,58.73,58.85,1036700.0
2005-03-09,58.6,58.66,57.71,58.05,1310500.0
2005-03-10,58.17,58.71,57.83,58.5,709100.0
2005-03-11,58.59,59.32,58.52,58.89,937400.0
2005-03-14,58.95,59.14,58.59,59.14,582900.0
2005-03-15,59.14,59.29,58.82,58.85,1099600.0
2005-03-16,58.6,58.97,58.03,58.3,778500.0
2005-03-17,58.1,58.95,57.9,58.76,814000.0
2005-03-18,59.0,59.3,58.44,59.15,1528000.0
2005-03-21,59.15,59.25,58.83,59.09,616500.0
2005-03-22,59.09,59.25,58.55,58.62,1170900.0
2005-03-23,58.63,58.93,58.3,58.8,921000.0
2005-03-24,58.8,59.13,58.42,58.43,646700.0
2005-03-28,58.63,59.13,58.45,58.85,523700.0
2005-03-29,58.76,59.41,58.48,58.9,817500.0
2005-03-30,58.94,59.19,58.38,59.13,792100.0
2005-03-31,59.18,59.23,58.29,58.42,1512100.0
2005-04-01,58.5,58.55,57.26,57.56,1033400.0
2005-04-04,57.65,57.65,56.87,57.2,1159300.0
2005-04-05,57.2,58.23,57.08,58.09,671400.0
2005-04-06,58.29,58.96,58.15,58.48,674300.0
2005-04-07,58.58,59.34,58.2,59.27,668100.0
2005-04-08,59.27,59.5,58.35,58.44,706400.0
2005-04-11,58.3,58.65,58.14,58.37,451100.0
2005-04-12,58.05,58.62,57.43,58.51,1107300.0
2005-04-13,58.52,59.18,58.4,58.63,846400.0
2005-04-14,58.83,58.95,57.76,57.98,768500.0
2005-04-15,57.75,57.85,56.95,57.08,939300.0
2005-04-18,56.95,57.18,56.35,57.11,816300.0
2005-04-19,57.1,57.45,56.44,56.71,887000.0
2005-04-20,56.71,57.07,56.04,56.04,1029800.0
2005-04-21,56.5,57.61,56.46,57.61,1184900.0
2005-04-22,57.5,57.76,56.71,57.15,681000.0
2005-04-25,57.25,57.73,56.86,57.2,714700.0
2005-04-26,57.2,57.5,56.3,56.55,1462000.0
2005-04-27,57.25,58.85,56.77,58.73,1664600.0
2005-04-28,58.6,58.64,57.78,58.18,1266300.0
2005-04-29,58.33,58.59,57.19,58.52,1304300.0
2005-05-02,58.52,59.12,58.3,59.05,1127800.0
2005-05-03,58.85,59.6,58.83,59.17,923100.0
2005-05-04,59.2,59.85,58.87,59.65,1299000.0
2005-05-05,59.55,59.78,59.26,59.61,871300.0
2005-05-06,59.61,59.89,59.36,59.5,745100.0
2005-05-09,59.3,59.73,59.05,59.6,924800.0
2005-05-10,59.1,59.43,59.01,59.17,1130700.0
2005-05-11,58.95,59.28,58.49,59.13,1141200.0
2005-05-12,59.15,59.41,58.7,58.88,1035000.0
2005-05-13,58.9,59.07,58.15,58.64,807800.0
2005-05-16,58.7,59.29,58.6,59.05,794900.0
2005-05-17,59.05,59.13,58.65,59.06,1210400.0
2005-05-18,59.2,59.52,58.87,59.0,1533900.0
2005-05-19,59.04,59.18,58.83,59.0,793600.0
2005-05-20,59.0,59.07,58.59,58.72,566600.0
2005-05-23,58.8,58.99,58.51,58.9,1159700.0
2005-05-24,58.7,58.91,58.1,58.27,1063900.0
2005-05-25,58.2,58.35,57.68,57.75,1054000.0
2005-05-26,58.0,58.0,57.4,57.64,1174500.0
2005-05-27,57.6,57.71,57.34,57.4,585400.0
2005-05-31,57.35,57.76,57.28,57.45,864900.0
2005-06-01,57.4,58.0,57.35,57.51,852100.0
2005-06-02,57.36,57.36,56.85,57.04,812700.0
2005-06-03,56.8,57.15,56.38,56.4,848000.0
2005-06-06,56.26,56.3,55.8,56.18,1207200.0
2005-06-07,56.2,57.2,56.17,56.71,991200.0
2005-06-08,57.0,57.0,56.01,56.31,1082900.0
2005-06-09,56.15,56.62,55.96,56.02,1023900.0
2005-06-10,56.03,56.25,55.27,55.67,697700.0
2005-06-13,55.4,55.91,55.3,55.9,753300.0
2005-06-14,55.9,56.15,55.71,55.95,678400.0
2005-06-15,56.03,56.08,54.88,55.0,868700.0
2005-06-16,55.0,55.0,54.15,54.31,1497600.0
2005-06-17,54.74,54.75,53.58,53.73,1982900.0
2005-06-20,53.43,53.95,53.3,53.9,1113200.0
2005-06-21,53.7,53.8,52.66,52.7,2136300.0
2005-06-22,52.9,53.1,52.04,52.15,1655500.0
2005-06-23,52.19,52.3,51.33,51.55,1208600.0
2005-06-24,51.3,51.68,51.0,51.27,1318300.0
2005-06-27,51.37,52.12,51.29,51.57,1250100.0
2005-06-28,51.57,52.04,51.39,51.95,958000.0
2005-06-29,51.9,52.08,51.69,51.92,818100.0
2005-06-30,52.1,53.03,52.03,52.47,1776900.0
2005-07-01,52.49,52.78,52.11,52.58,1017600.0
2005-07-05,52.35,52.58,52.15,52.36,1010800.0
2005-07-06,52.2,52.52,51.83,52.1,1285000.0
2005-07-07,51.95,52.29,51.64,52.25,1331500.0
2005-07-08,52.15,52.38,51.72,52.33,1017700.0
2005-07-11,52.0,52.46,52.0,52.27,868200.0
2005-07-12,52.07,52.24,51.58,51.61,1451000.0
2005-07-13,51.61,51.62,51.26,51.3,1212600.0
2005-07-14,51.8,52.17,51.61,52.11,1933200.0
2005-07-15,52.25,52.59,52.22,52.53,897200.0
2005-07-18,52.53,52.53,52.02,52.02,691400.0
2005-07-19,52.35,52.86,52.29,52.67,1278000.0
2005-07-20,52.44,53.48,52.44,53.35,889500.0
2005-07-21,53.4,53.4,52.68,53.28,1035300.0
2005-07-22,55.5,56.15,54.3,54.91,2154200.0
2005-07-25,54.91,54.97,54.04,54.18,1201900.0
2005-07-26,54.65,55.43,54.5,54.59,1062000.0
2005-07-27,54.95,55.71,54.88,55.57,1043500.0
2005-07-28,55.57,55.82,55.33,55.65,988700.0
2005-07-29,55.42,55.48,55.1,55.37,1008600.0
2005-08-01,55.47,55.78,55.21,55.6,792600.0
2005-08-02,55.7,55.7,55.27,55.65,837400.0
2005-08-03,55.37,55.42,54.91,55.22,725400.0
2005-08-04,55.05,55.24,53.98,54.12,1167200.0
2005-08-05,54.01,54.14,53.67,54.06,848700.0
2005-08-08,54.05,54.42,53.95,54.2,675300.0
2005-08-09,54.4,54.77,54.02,54.56,566600.0
2005-08-10,54.81,54.87,54.1,54.2,665300.0
2005-08-11,54.19,54.7,54.08,54.43,552400.0
2005-08-12,54.25,54.55,54.03,54.31,391200.0
2005-08-15,54.3,54.76,54.16,54.43,647000.0
2005-08-16,54.44,54.6,53.71,53.71,713800.0
2005-08-17,53.71,54.0,53.47,53.66,627800.0
2005-08-18,53.52,53.98,53.44,53.86,583700.0
2005-08-19,54.15,54.18,53.5,53.54,501200.0
2005-08-22,53.58,54.11,53.5,53.75,456000.0
2005-08-23,53.65,53.89,53.41,53.5,791700.0
2005-08-24,53.4,53.74,52.92,52.94,709400.0
2005-08-25,52.95,53.09,52.43,52.49,829200.0
2005-08-26,52.4,52.65,51.94,52.44,887600.0
2005-08-29,52.24,52.57,51.8,52.5,727000.0
2005-08-30,52.5,52.5,51.73,51.89,830200.0
2005-08-31,51.89,52.63,51.21,52.63,1032300.0
2005-09-01,52.43,53.27,52.43,53.19,957500.0
2005-09-02,53.23,53.73,53.21,53.65,653800.0
2005-09-06,53.75,54.07,53.52,53.94,799000.0
2005-09-07,53.65,53.83,53.46,53.7,874000.0
2005-09-08,53.55,53.83,53.45,53.74,1002800.0
2005-09-09,53.9,54.04,53.5,54.0,622300.0
2005-09-12,54.01,54.45,54.0,54.33,638800.0
2005-09-13,53.8,54.34,53.8,53.95,1166400.0
2005-09-14,54.12,54.23,53.79,53.81,698700.0
2005-09-15,53.83,53.95,53.4,53.51,688800.0
2005-09-16,53.53,53.84,53.23,53.83,1331000.0
2005-09-19,53.63,53.63,53.24,53.4,492500.0
2005-09-20,53.43,53.81,53.09,53.33,568600.0
2005-09-21,52.85,53.0,52.03,52.05,996800.0
2005-09-22,52.01,52.43,51.66,52.39,1041600.0
2005-09-23,52.2,52.88,52.12,52.75,841900.0
2005-09-26,52.97,53.2,52.43,52.73,763900.0
2005-09-27,52.73,53.1,52.32,52.7,564200.0
2005-09-28,52.41,53.4,52.26,53.01,776500.0
2005-09-29,52.91,53.0,52.11,52.32,1004900.0
2005-09-30,52.2,52.43,51.93,52.43,646000.0
2005-10-03,52.43,52.89,52.18,52.76,699200.0
2005-10-04,53.0,53.69,52.93,53.09,748200.0
2005-10-05,53.09,53.09,51.65,51.68,779000.0
2005-10-06,51.85,52.44,51.43,52.02,924000.0
2005-10-07,52.07,52.13,51.26,51.83,1321400.0
2005-10-10,51.77,51.88,51.23,51.46,746600.0
2005-10-11,51.4,51.66,50.45,50.56,965100.0
2005-10-12,50.43,50.69,49.71,50.51,911300.0
2005-10-13,50.55,51.1,50.3,50.87,953700.0
2005-10-14,50.92,51.42,50.38,51.42,713700.0
2005-10-17,51.25,51.26,50.51,50.87,839100.0
2005-10-18,50.87,51.5,50.85,51.34,584600.0
2005-10-19,51.5,51.89,50.84,51.89,803700.0
2005-10-20,51.89,51.9,50.97,51.25,688600.0
2005-10-21,51.44,51.7,50.76,50.82,770600.0
2005-10-24,50.85,51.93,50.79,51.93,515900.0
2005-10-25,51.8,51.8,50.87,51.08,700700.0
2005-10-26,51.06,51.28,50.44,50.55,985100.0
2005-10-27,50.56,50.74,50.07,50.07,757000.0
2005-10-28,50.4,50.58,49.77,50.53,1168500.0
2005-10-31,50.54,50.83,50.51,50.75,1462000.0
2005-11-01,50.65,50.92,50.48,50.8,1112800.0
2005-11-02,50.75,51.98,50.75,51.75,1202100.0
2005-11-03,54.6,56.94,54.5,56.1,2915400.0
2005-11-04,57.0,57.5,56.48,57.5,2842800.0
2005-11-07,57.9,58.67,57.55,58.24,1662700.0
2005-11-08,58.24,58.24,57.66,57.78,971300.0
2005-11-09,57.78,58.4,57.41,58.07,1442400.0
2005-11-10,58.25,58.7,57.75,58.63,1094000.0
2005-11-11,58.7,58.7,58.01,58.48,922800.0
2005-11-14,58.33,58.34,57.7,57.98,1015100.0
2005-11-15,58.09,58.88,58.09,58.45,726700.0
2005-11-16,58.95,59.38,58.8,59.25,932700.0
2005-11-17,59.12,59.29,58.92,59.29,1072100.0
2005-11-18,59.4,59.4,59.0,59.29,1046000.0
2005-11-21,59.3,59.45,58.86,58.94,1221800.0
2005-11-22,59.0,59.24,58.74,58.99,923300.0
2005-11-23,59.05,59.44,58.87,59.12,664600.0
2005-11-25,59.37,59.38,59.0,59.1,355800.0
2005-11-28,58.89,59.28,58.71,59.07,1029300.0
2005-11-29,59.32,59.38,58.93,59.12,893100.0
2005-11-30,59.5,59.77,58.23,58.23,1348000.0
2005-12-01,58.3,58.69,58.19,58.48,974300.0
2005-12-02,58.08,58.74,57.82,58.68,690500.0
2005-12-05,58.22,58.24,57.73,58.05,1134700.0
2005-12-06,58.25,58.71,57.81,57.81,1531800.0
2005-12-07,57.85,57.88,57.08,57.38,699500.0
2005-12-08,57.61,58.44,57.6,58.36,1089400.0
2005-12-09,58.3,58.34,57.87,58.13,820000.0
2005-12-12,58.18,58.25,57.21,57.54,822900.0
2005-12-13,57.6,58.36,57.5,58.09,1494800.0
2005-12-14,58.09,58.74,57.95,58.43,1051500.0
2005-12-15,58.6,59.18,58.54,59.18,1064700.0
2005-12-16,59.58,59.75,59.14,59.42,1204700.0
2005-12-19,59.2,59.56,58.63,59.29,934000.0
2005-12-20,59.43,59.63,59.06,59.36,774100.0
2005-12-21,59.61,60.15,59.54,60.14,898900.0
2005-12-22,60.04,60.68,60.03,60.65,943300.0
2005-12-23,60.65,61.17,60.4,60.72,508200.0
2005-12-27,60.75,61.02,60.36,60.5,602200.0
2005-12-28,60.6,60.65,60.24,60.38,708700.0
2005-12-29,60.53,61.1,60.29,60.32,482000.0
2005-12-30,60.33,60.33,59.91,60.08,461700.0
2006-01-03,59.99,60.61,59.35,60.45,1397100.0
2006-01-04,60.45,61.57,60.44,61.35,1233100.0
2006-01-05,61.35,61.62,60.76,60.92,711300.0
2006-01-06,61.0,62.13,61.0,62.05,713000.0
2006-01-09,62.0,62.23,61.91,62.2,492500.0
2006-01-10,61.8,62.38,61.8,62.3,732500.0
2006-01-11,62.3,62.35,60.96,61.11,1086100.0
2006-01-12,60.9,61.03,60.4,60.9,813800.0
2006-01-13,61.1,61.45,61.05,61.43,542400.0
2006-01-17,61.18,61.26,60.7,60.84,773800.0
2006-01-18,60.6,60.99,60.37,60.72,970300.0
2006-01-19,60.81,60.82,60.1,60.5,1052700.0
2006-01-20,60.23,60.3,58.7,58.97,1364300.0
2006-01-23,59.18,59.4,58.9,59.21,975400.0
2006-01-24,59.01,59.52,58.88,59.46,1192100.0
2006-01-25,59.46,59.46,58.69,59.11,1097400.0
2006-01-26,62.5,64.5,62.5,64.41,2879400.0
2006-01-27,63.15,64.7,61.87,64.2,2002500.0
2006-01-30,64.0,64.6,63.75,63.84,1101000.0
2006-01-31,63.7,64.8,63.69,64.8,1786300.0
2006-02-01,64.14,64.57,63.73,63.85,1065500.0
2006-02-02,63.43,63.94,63.1,63.64,978800.0
2006-02-03,63.6,63.88,63.08,63.27,693600.0
2006-02-06,62.87,63.18,62.35,63.07,1019100.0
2006-02-07,63.06,63.49,62.95,63.49,787800.0
2006-02-08,63.49,63.66,62.97,63.52,643500.0
2006-02-09,63.48,64.26,63.25,63.93,780400.0
2006-02-10,63.85,64.46,63.83,64.33,669800.0
2006-02-13,64.1,64.52,63.9,64.4,533200.0
2006-02-14,64.45,65.54,64.4,65.24,917200.0
2006-02-15,65.15,65.49,64.9,65.29,773100.0
2006-02-16,65.04,65.66,64.8,65.52,619700.0
2006-02-17,65.42,65.49,65.1,65.36,562500.0
2006-02-21,65.55,65.55,64.1,64.44,924300.0
2006-02-22,64.8,65.77,64.8,65.76,1026000.0
2006-02-23,65.31,65.6,65.05,65.46,647100.0
2006-02-24,65.46,65.77,65.25,65.45,692000.0
2006-02-27,65.47,65.7,65.32,65.45,898300.0
2006-02-28,64.76,65.0,63.85,63.85,1094800.0
2006-03-01,63.65,65.46,63.65,65.31,986500.0
2006-03-02,64.8,65.19,64.38,64.99,913000.0
2006-03-03,64.98,65.06,64.39,64.43,581200.0
2006-03-06,64.53,64.6,63.18,63.46,698800.0
2006-03-07,63.46,63.59,62.38,62.69,1356900.0
2006-03-08,62.5,63.0,62.15,62.8,951100.0
2006-03-09,62.79,63.42,62.39,62.86,833100.0
2006-03-10,62.39,63.27,62.11,62.88,998200.0
2006-03-13,62.85,63.74,62.79,63.6,749100.0
2006-03-14,63.56,64.27,63.39,64.23,792500.0
2006-03-15,64.0,64.24,63.7,64.01,612000.0
2006-03-16,64.26,64.43,63.8,64.07,629500.0
2006-03-17,64.07,64.07,63.61,64.0,969700.0
2006-03-20,63.63,64.24,63.38,64.1,733200.0
2006-03-21,64.1,64.5,63.05,63.35,768600.0
2006-03-22,63.35,64.6,63.01,64.6,774100.0
2006-03-23,64.7,64.7,63.1,63.5,603600.0
2006-03-24,63.45,63.64,62.76,63.13,484000.0
2006-03-27,63.3,63.3,62.71,62.94,738900.0
2006-03-28,62.94,63.75,62.94,63.56,869300.0
2006-03-29,63.81,63.91,63.18,63.19,668400.0
2006-03-30,62.94,63.15,61.64,61.86,1103400.0
2006-03-31,61.5,61.98,61.18,61.58,1179600.0
2006-04-03,61.48,62.48,61.16,62.07,1220400.0
2006-04-04,62.3,63.17,61.89,62.66,1388100.0
2006-04-05,62.66,63.55,62.56,63.38,1160300.0
2006-04-06,63.3,63.3,62.58,63.12,889400.0
2006-04-07,63.26,63.94,63.26,63.56,1095200.0
2006-04-10,63.4,63.41,62.88,62.96,979100.0
2006-04-11,62.98,63.0,62.35,62.81,1132400.0
2006-04-12,63.0,63.55,62.7,62.85,848200.0
2006-04-13,62.86,62.99,62.35,62.49,573400.0
2006-04-17,62.62,62.98,62.0,62.16,530800.0
2006-04-18,62.5,63.62,62.45,63.3,1041300.0
2006-04-19,63.1,64.3,63.1,64.19,1249300.0
2006-04-20,64.3,64.95,64.25,64.46,637100.0
2006-04-21,64.95,64.99,64.51,64.78,830400.0
2006-04-24,64.65,65.56,64.59,65.28,1251800.0
2006-04-25,65.49,65.49,63.47,63.79,1108800.0
2006-04-26,64.25,64.25,61.89,61.95,2036400.0
2006-04-27,61.95,63.04,61.6,62.57,1206400.0
2006-04-28,62.5,63.05,62.37,63.04,966200.0
2006-05-01,62.27,62.81,61.9,62.12,1322000.0
2006-05-02,62.26,62.27,61.74,62.0,897400.0
2006-05-03,61.79,62.12,61.57,62.04,815600.0
2006-05-04,62.0,62.36,61.45,62.23,803000.0
2006-05-05,62.4,62.75,61.57,62.63,760000.0
2006-05-08,62.45,63.16,62.16,63.03,621500.0
2006-05-09,62.71,62.84,61.75,61.92,1040400.0
2006-05-10,61.92,62.03,61.24,61.31,1162700.0
2006-05-11,61.05,61.46,60.79,61.15,752000.0
2006-05-12,61.1,61.82,60.66,61.41,1012500.0
2006-05-15,61.45,62.17,61.45,62.15,711800.0
2006-05-16,62.15,62.16,61.37,61.37,589800.0
2006-05-17,60.94,61.45,60.6,60.73,848700.0
2006-05-18,60.3,60.51,59.32,60.2,1351400.0
2006-05-19,60.25,60.35,59.16,60.09,1229000.0
2006-05-22,60.02,60.98,59.9,60.37,854800.0
2006-05-23,60.5,60.5,59.91,59.97,800300.0
2006-05-24,60.14,60.28,59.13,59.85,870100.0
2006-05-25,60.15,60.82,59.64,60.71,646400.0
2006-05-26,60.98,61.21,60.56,61.2,557600.0
2006-05-30,60.95,61.08,59.86,59.86,714700.0
2006-05-31,59.87,60.64,59.68,60.43,796400.0
2006-06-01,60.47,61.33,60.22,61.3,550000.0
2006-06-02,61.19,61.28,60.6,60.87,599600.0
2006-06-05,60.72,61.07,60.12,60.2,858500.0
2006-06-06,60.46,60.64,60.0,60.64,756800.0
2006-06-07,60.32,61.1,60.11,60.16,706700.0
2006-06-08,60.63,60.63,59.5,59.77,951200.0
2006-06-09,59.67,60.11,59.4,59.52,461300.0
2006-06-12,59.3,59.53,58.31,58.31,831200.0
2006-06-13,58.29,60.19,58.08,59.06,1624300.0
2006-06-14,58.87,59.55,58.35,59.54,1163800.0
2006-06-15,59.66,60.96,59.23,60.78,694000.0
2006-06-16,60.95,61.46,60.6,61.06,1023100.0
2006-06-19,61.04,61.26,60.09,60.18,516700.0
2006-06-20,60.36,60.86,59.78,60.32,645700.0
2006-06-21,60.3,61.28,60.19,61.04,627300.0
2006-06-22,60.75,60.76,59.22,59.64,904300.0
2006-06-23,59.39,60.55,59.0,60.05,614200.0
2006-06-26,59.99,60.12,59.33,59.72,458700.0
2006-06-27,59.61,59.92,59.28,59.51,812600.0
2006-06-28,59.7,59.89,59.07,59.5,648100.0
2006-06-29,59.74,61.0,59.41,60.91,652600.0
2006-06-30,60.85,61.28,60.65,61.13,749200.0
2006-07-03,61.24,61.74,60.8,61.71,186600.0
2006-07-05,61.1,61.5,60.4,60.93,520700.0
2006-07-06,60.83,61.39,60.66,60.9,464900.0
2006-07-07,60.67,60.74,59.89,60.07,554800.0
2006-07-10,60.1,60.76,59.74,59.86,737300.0
2006-07-11,60.0,60.92,59.86,60.77,738000.0
2006-07-12,60.85,60.85,59.86,59.94,403100.0
2006-07-13,59.94,60.03,58.79,58.84,668500.0
2006-07-14,58.9,58.96,58.44,58.86,722800.0
2006-07-17,58.7,60.12,58.7,59.75,699800.0
2006-07-18,59.8,59.93,58.56,58.94,824700.0
2006-07-19,59.1,61.8,59.1,61.7,1127400.0
2006-07-20,62.9,62.97,61.41,61.43,1326300.0
2006-07-21,61.73,61.88,61.16,61.62,812800.0
2006-07-24,62.0,63.25,62.0,62.77,809300.0
2006-07-25,62.76,62.77,61.71,62.6,925900.0
2006-07-26,62.25,63.52,62.17,63.26,706300.0
2006-07-27,63.5,63.68,62.33,62.49,756500.0
2006-07-28,64.2,66.08,64.14,65.41,2192600.0
2006-07-31,65.0,66.2,65.0,65.92,1157100.0
2006-08-01,65.6,66.25,65.07,65.41,1121700.0
2006-08-02,65.37,65.78,64.6,65.55,839400.0
2006-08-03,65.5,65.87,64.82,65.74,747100.0
2006-08-04,65.89,66.75,65.72,66.0,849400.0
2006-08-07,65.7,66.13,65.44,65.68,563500.0
2006-08-08,66.15,66.96,66.15,66.56,1017200.0
2006-08-09,66.69,67.23,66.21,66.31,950800.0
2006-08-10,66.25,67.05,66.25,66.57,829400.0
2006-08-11,66.57,66.64,66.04,66.32,535000.0
2006-08-14,66.6,67.64,66.22,66.52,642400.0
2006-08-15,66.8,67.12,65.7,66.21,892400.0
2006-08-16,66.29,66.95,66.01,66.86,678300.0
2006-08-17,66.99,67.82,66.94,67.82,1277400.0
2006-08-18,67.83,68.68,67.47,68.51,1009300.0
2006-08-21,68.88,69.29,68.52,68.81,956000.0
2006-08-22,69.19,69.19,68.72,68.93,1070600.0
2006-08-23,69.0,69.26,68.29,68.82,1206600.0
2006-08-24,68.9,69.74,68.6,69.64,1139500.0
2006-08-25,69.3,69.6,68.75,68.95,1081000.0
2006-08-28,68.85,69.2,68.83,68.85,881100.0
2006-08-29,68.79,69.18,68.61,69.14,1054100.0
2006-08-30,69.29,69.37,68.7,69.27,565700.0
2006-08-31,69.27,69.86,69.0,69.7,801100.0
2006-09-01,69.95,70.24,69.6,70.2,648100.0
2006-09-05,70.2,70.71,69.74,69.75,1110000.0
2006-09-06,69.05,69.18,68.56,68.6,1058400.0
2006-09-07,68.61,68.74,68.01,68.18,1040400.0
2006-09-08,68.6,68.79,68.25,68.6,995400.0
2006-09-11,68.61,70.05,68.37,69.91,1374500.0
2006-09-12,70.0,70.21,69.05,69.77,1038800.0
2006-09-13,69.32,69.77,68.89,69.41,930100.0
2006-09-14,69.11,69.4,68.35,68.63,926000.0
2006-09-15,68.93,69.3,68.69,69.08,893100.0
2006-09-18,68.8,69.14,68.22,68.38,833700.0
2006-09-19,68.48,68.73,67.97,68.45,754200.0
2006-09-20,68.7,69.64,68.7,69.09,937000.0
2006-09-21,69.11,69.25,68.51,68.93,672900.0
2006-09-22,68.83,69.06,68.41,68.91,646100.0
2006-09-25,69.28,69.43,68.66,69.27,522800.0
2006-09-26,69.27,69.29,68.38,68.89,835100.0
2006-09-27,68.7,69.28,68.44,69.08,521800.0
2006-09-28,68.97,69.85,68.97,69.4,683000.0
2006-09-29,69.4,70.93,69.4,70.67,1429400.0
2006-10-02,70.6,70.6,70.0,70.08,791000.0
2006-10-03,70.27,70.73,70.01,70.54,663200.0
2006-10-04,70.44,71.48,70.12,71.15,675600.0
2006-10-05,70.95,71.6,70.88,71.29,637400.0
2006-10-06,71.53,71.98,71.53,71.82,815700.0
2006-10-09,71.75,72.53,71.73,72.32,612500.0
2006-10-10,72.33,73.1,72.09,72.82,923100.0
2006-10-11,72.95,73.29,72.6,72.7,1412800.0
2006-10-12,73.25,74.04,72.93,73.79,1285900.0
2006-10-13,73.72,74.25,73.33,73.58,1016400.0
2006-10-16,73.49,73.64,72.56,72.64,827800.0
2006-10-17,72.45,72.45,71.64,71.89,842700.0
2006-10-18,72.2,72.84,71.81,72.73,926000.0
2006-10-19,72.73,72.73,72.2,72.31,1081100.0
2006-10-20,72.6,72.6,71.51,72.19,868000.0
2006-10-23,71.94,72.24,71.54,72.02,821800.0
2006-10-24,72.05,72.37,70.87,71.28,869700.0
2006-10-25,71.48,71.52,70.35,70.86,752600.0
2006-10-26,70.8,71.06,69.9,70.87,964800.0
2006-10-27,70.88,71.23,70.54,70.69,578100.0
2006-10-30,70.35,70.84,70.29,70.54,600500.0
2006-10-31,70.55,70.85,69.8,70.03,1185500.0
2006-11-01,70.1,70.32,68.79,68.81,1544200.0
2006-11-02,70.25,70.55,69.4,70.38,1858300.0
2006-11-03,70.69,70.85,70.38,70.52,1067000.0
2006-11-06,71.55,72.45,71.49,72.41,1079500.0
2006-11-07,72.7,74.0,72.61,73.57,1208900.0
2006-11-08,73.57,73.57,72.1,72.26,1101100.0
2006-11-09,72.3,72.48,71.3,71.38,1001700.0
2006-11-10,71.6,71.88,70.78,71.18,774400.0
2006-11-13,71.12,71.21,70.86,71.02,858400.0
2006-11-14,71.09,71.49,70.67,71.15,886300.0
2006-11-15,71.46,71.66,70.67,70.68,795000.0
2006-11-16,70.93,71.8,70.9,71.38,1106400.0
2006-11-17,71.07,71.38,70.85,71.24,857700.0
2006-11-20,70.93,71.35,70.49,71.25,778400.0
2006-11-21,71.25,71.99,71.11,71.72,994300.0
2006-11-22,71.65,72.25,71.49,71.99,1221400.0
2006-11-24,71.8,71.84,70.97,71.02,257600.0
2006-11-27,70.75,71.28,70.16,70.16,982900.0
2006-11-28,70.16,71.31,69.88,70.96,1410200.0
2006-11-29,71.45,72.42,71.28,72.0,1093400.0
2006-11-30,71.9,72.05,71.31,71.72,1044900.0
2006-12-01,72.1,72.29,71.18,71.7,887000.0
2006-12-04,72.04,73.2,71.95,72.45,875400.0
2006-12-05,72.39,72.5,71.98,72.13,1074900.0
2006-12-06,72.41,72.63,72.0,72.5,861100.0
2006-12-07,72.48,73.21,72.44,73.03,668100.0
2006-12-08,72.72,73.3,72.4,72.88,658700.0
2006-12-11,72.75,72.88,72.47,72.67,701100.0
2006-12-12,72.6,72.87,72.39,72.55,708500.0
2006-12-13,72.75,72.87,72.4,72.49,867300.0
2006-12-14,72.47,72.87,71.98,72.83,1020400.0
2006-12-15,72.87,72.87,71.96,71.98,1544400.0
2006-12-18,72.09,72.53,71.73,72.05,887900.0
2006-12-19,72.05,72.2,71.38,71.67,1230400.0
2006-12-20,71.92,71.93,71.18,71.35,1043800.0
2006-12-21,71.54,71.99,71.06,71.31,962500.0
2006-12-22,71.5,71.5,70.71,70.89,490100.0
2006-12-26,70.83,70.86,70.45,70.54,987900.0
2006-12-27,71.23,71.45,70.38,70.63,944300.0
2006-12-28,70.5,70.64,70.03,70.47,783400.0
2006-12-29,70.55,70.67,69.98,70.15,876700.0
2007-01-03,70.54,71.11,70.11,70.43,1491000.0
2007-01-04,70.25,70.58,69.75,69.85,1493600.0
2007-01-05,69.65,70.22,69.3,70.0,1519300.0
2007-01-08,70.16,70.71,69.84,70.45,1102200.0
2007-01-09,70.58,71.38,70.52,71.23,1379500.0
2007-01-10,71.23,71.92,70.82,71.76,1365600.0
2007-01-11,71.76,72.44,71.76,72.23,1259700.0
2007-01-12,71.9,72.1,71.57,71.97,789700.0
2007-01-16,71.9,72.56,71.76,72.54,1028600.0
2007-01-17,72.55,73.31,72.12,72.75,863600.0
2007-01-18,74.65,74.65,72.66,73.88,996100.0
2007-01-19,74.2,74.69,73.61,73.99,1162100.0
2007-01-22,73.99,74.23,73.28,73.46,1378200.0
2007-01-23,73.45,74.0,73.15,73.91,811300.0
2007-01-24,74.14,75.25,73.96,75.15,1269800.0
2007-01-25,75.15,75.5,73.79,74.61,1547200.0
2007-01-26,74.2,74.69,74.05,74.48,1370800.0
2007-01-29,74.17,74.99,74.07,74.71,1910000.0
2007-01-30,75.0,77.1,74.27,76.85,2256400.0
2007-01-31,76.6,77.3,76.08,76.94,1703800.0
2007-02-01,77.48,77.51,76.94,77.41,1717600.0
2007-02-02,76.98,77.52,76.96,77.13,1113500.0
2007-02-05,77.22,77.53,76.95,77.35,1315300.0
2007-02-06,77.56,78.0,77.28,77.63,1274000.0
2007-02-07,77.53,78.22,77.2,77.95,1000900.0
2007-02-08,78.18,78.83,77.95,78.14,1481800.0
2007-02-09,78.32,78.33,77.33,77.5,996500.0
2007-02-12,77.51,77.66,76.79,76.8,1220927.0
2007-02-13,76.9,77.06,76.6,76.81,834134.0
2007-02-14,77.01,77.71,76.93,77.36,904138.0
2007-02-15,77.4,77.53,77.01,77.46,643900.0
2007-02-16,77.86,78.2,77.24,77.93,952700.0
2007-02-20,78.11,78.5,77.34,77.5,1186700.0
2007-02-21,77.1,77.55,77.06,77.41,1113600.0
2007-02-22,77.43,77.57,77.28,77.45,1324000.0
2007-02-23,77.5,77.74,77.38,77.58,977000.0
2007-02-26,77.59,77.78,77.08,77.21,1065858.0
2007-02-27,77.08,77.25,74.6,74.79,1958000.0
2007-02-28,74.79,76.47,74.79,75.95,1770200.0
2007-03-01,75.19,76.11,74.83,75.82,1335153.0
2007-03-02,75.82,75.82,74.86,74.87,1059000.0
2007-03-05,74.45,75.13,73.96,73.98,1163000.0
2007-03-06,74.22,74.61,74.14,74.52,772300.0
2007-03-07,74.26,74.57,74.02,74.15,774600.0
2007-03-08,74.65,75.39,74.42,74.92,720800.0
2007-03-09,75.2,75.37,74.7,75.0,782000.0
2007-03-12,74.5,74.89,74.39,74.51,1103300.0
2007-03-13,74.15,74.18,73.4,73.48,1291900.0
2007-03-14,73.65,74.66,73.29,74.55,1278300.0
2007-03-15,74.38,74.96,74.3,74.54,1276460.0
2007-03-16,74.8,74.87,74.21,74.4,1577800.0
2007-03-19,75.16,75.16,74.53,74.86,679800.0
2007-03-20,74.89,75.19,74.51,75.12,632000.0
2007-03-21,75.05,75.94,74.25,75.93,872000.0
2007-03-22,75.85,76.0,75.42,75.86,753960.0
2007-03-23,75.7,75.86,75.25,75.37,529000.0
2007-03-26,75.29,75.5,74.69,75.34,662300.0
2007-03-27,75.0,75.72,74.7,75.33,603700.0
2007-03-28,75.2,75.63,74.6,75.16,656050.0
2007-03-29,75.6,76.23,75.51,76.11,1019785.0
2007-03-30,76.2,77.02,76.03,76.89,1413600.0
2007-04-02,77.0,78.13,76.89,77.9,1575066.0
2007-04-03,78.03,79.14,78.03,78.89,1547400.0
2007-04-04,79.05,79.25,78.63,78.9,995400.0
2007-04-05,78.06,79.0,77.4,78.42,1311300.0
2007-04-09,78.42,78.51,77.8,77.9,608400.0
2007-04-10,78.05,78.17,77.72,77.93,690000.0
2007-04-11,77.81,78.49,77.25,78.27,995920.0
2007-04-12,78.34,78.78,78.08,78.46,674595.0
2007-04-13,78.46,78.85,78.13,78.28,688323.0
2007-04-16,78.41,78.86,78.29,78.75,485800.0
2007-04-17,78.9,78.9,78.59,78.61,624200.0
2007-04-18,78.5,78.58,77.71,78.05,859540.0
2007-04-19,77.7,78.38,77.41,78.02,636406.0
2007-04-20,78.8,79.25,78.39,79.05,1158024.0
2007-04-23,78.88,79.1,78.32,78.49,714300.0
2007-04-24,78.45,78.47,77.87,78.11,717100.0
2007-04-25,79.77,80.0,78.53,78.53,1122027.0
2007-04-26,78.1,79.0,77.5,77.91,1142300.0
2007-04-27,77.55,78.96,77.4,78.66,1311327.0
2007-04-30,78.5,78.99,78.31,78.69,963568.0
2007-05-01,79.0,79.83,78.9,79.63,1482603.0
2007-05-02,79.7,80.88,79.46,80.87,1089800.0
2007-05-03,81.0,81.08,80.16,80.33,689698.0
2007-05-04,80.33,80.49,79.53,79.78,725500.0
2007-05-07,79.82,80.25,79.68,79.77,697994.0
2007-05-08,79.35,79.5,78.82,79.28,661600.0
2007-05-09,79.29,79.62,79.08,79.46,785492.0
2007-05-10,79.21,79.24,78.07,78.07,927500.0
2007-05-11,78.32,78.69,77.9,78.28,735800.0
2007-05-14,78.03,78.14,77.45,77.59,979500.0
2007-05-15,78.0,78.53,77.8,78.05,1168138.0
2007-05-16,78.05,78.7,77.71,78.7,924800.0
2007-05-17,78.5,78.58,77.26,77.44,1249200.0
2007-05-18,77.45,77.79,77.26,77.79,996600.0
2007-05-21,77.54,77.75,76.72,76.98,1209800.0
2007-05-22,77.14,77.35,76.29,76.91,1013700.0
2007-05-23,76.75,77.38,76.54,77.04,987504.0
2007-05-24,77.7,78.2,77.08,77.16,1284508.0
2007-05-25,77.26,77.39,76.94,77.13,661200.0
2007-05-29,77.5,78.0,76.52,76.58,876400.0
2007-05-30,76.49,76.7,75.9,76.44,1145916.0
2007-05-31,76.5,76.67,75.9,76.25,956000.0
2007-06-01,76.12,76.34,75.74,76.02,981050.0
2007-06-04,76.27,76.31,75.93,76.09,823400.0
2007-06-05,75.8,76.35,75.4,75.54,1101200.0
2007-06-06,75.54,75.55,74.77,74.77,1167762.0
2007-06-07,74.5,75.02,74.34,74.47,1289777.0
2007-06-08,74.33,75.38,74.3,75.38,1071506.0
2007-06-11,75.38,75.38,74.79,75.0,1388500.0
2007-06-12,74.5,75.13,74.0,74.44,1044600.0
2007-06-13,74.65,74.68,73.63,74.33,2136100.0
2007-06-14,74.46,76.37,74.41,76.1,1664985.0
2007-06-15,76.8,76.96,75.99,76.24,1205600.0
2007-06-18,75.85,76.16,75.3,75.38,591100.0
2007-06-19,75.45,75.45,74.74,75.34,1474200.0
2007-06-20,75.35,75.7,74.95,74.95,993800.0
2007-06-21,74.96,75.3,74.81,75.04,835913.0
2007-06-22,74.84,75.48,74.45,75.19,1962667.0
2007-06-25,75.25,75.5,74.0,74.22,1177000.0
2007-06-26,74.97,75.32,73.79,73.9,1259100.0
2007-06-27,73.7,73.86,72.4,73.65,1837562.0
2007-06-28,73.48,74.16,73.37,73.72,714500.0
2007-06-29,73.75,74.59,73.75,74.5,1122300.0
2007-07-02,74.9,75.26,74.47,75.04,1217545.0
2007-07-03,75.14,75.25,74.92,75.06,340800.0
2007-07-05,75.15,75.22,74.37,74.9,486900.0
2007-07-06,74.6,75.33,74.26,75.16,579500.0
2007-07-09,75.3,75.56,74.95,75.44,668400.0
2007-07-10,74.84,75.47,74.26,74.27,1013100.0
2007-07-11,74.07,74.89,73.92,74.89,682900.0
2007-07-12,74.93,75.57,74.6,75.57,611100.0
2007-07-13,75.57,76.16,75.42,76.09,418600.0
2007-07-16,75.85,75.95,75.25,75.34,930100.0
2007-07-17,72.97,75.73,72.97,75.3,937700.0
2007-07-18,75.31,75.44,74.3,74.48,1003300.0
2007-07-19,74.66,75.08,74.13,74.79,1263884.0
2007-07-20,74.82,75.04,74.24,74.24,1444600.0
2007-07-23,74.78,75.4,74.37,74.45,837179.0
2007-07-24,74.23,74.91,73.8,74.48,1770370.0
2007-07-25,74.85,76.09,74.85,75.8,1466897.0
2007-07-26,75.66,79.42,75.36,77.15,2638097.0
2007-07-27,76.9,77.72,76.65,76.73,2190500.0
2007-07-30,77.12,78.27,76.58,78.02,1714300.0
2007-07-31,78.18,78.48,76.36,76.36,1614815.0
2007-08-01,76.46,79.06,76.3,78.97,1947320.0
2007-08-02,79.3,79.3,78.18,78.48,2184600.0
2007-08-03,76.32,78.27,73.48,76.2,1600315.0
2007-08-06,76.48,77.9,74.04,77.32,1834038.0
2007-08-07,76.75,78.08,76.57,77.6,1573607.0
2007-08-08,77.72,79.49,77.07,78.17,1954000.0
2007-08-09,77.75,78.18,73.7,75.08,2687700.0
2007-08-10,72.15,78.16,72.15,77.74,2138300.0
2007-08-13,77.63,77.73,76.88,77.1,1108700.0
2007-08-14,77.08,77.36,75.74,75.74,1041196.0
2007-08-15,75.83,76.37,74.72,74.89,785700.0
2007-08-16,74.1,75.61,73.96,75.0,1457500.0
2007-08-17,76.9,77.99,75.42,76.89,2061491.0
2007-08-20,77.1,77.68,76.25,77.27,1088600.0
2007-08-21,78.0,78.0,76.74,77.06,941600.0
2007-08-22,77.9,77.94,76.61,76.95,1128200.0
2007-08-23,77.0,77.46,76.36,77.05,1759800.0
2007-08-24,77.11,77.5,77.0,77.49,1396000.0
2007-08-27,77.8,78.27,77.72,78.08,1680400.0
2007-08-28,78.24,78.89,77.26,77.3,1983600.0
2007-08-29,77.9,78.07,76.83,77.55,1695700.0
2007-08-30,77.31,77.4,76.49,76.69,1569500.0
2007-08-31,77.9,77.92,76.5,76.94,1551300.0
2007-09-04,77.07,77.37,76.83,77.02,1195500.0
2007-09-05,76.52,76.84,76.0,76.38,1356200.0
2007-09-06,76.28,77.24,76.16,77.06,1701900.0
2007-09-07,76.51,77.14,76.09,76.77,1374400.0
2007-09-10,76.9,77.54,76.67,77.04,1564400.0
2007-09-11,77.21,77.71,76.76,77.71,2415500.0
2007-09-12,77.62,78.99,77.48,78.75,1277000.0
2007-09-13,79.0,79.15,78.35,78.82,1280600.0
2007-09-14,78.6,78.97,78.36,78.8,713100.0
2007-09-17,78.61,78.65,78.14,78.54,915100.0
2007-09-18,78.6,79.43,78.07,79.25,1029900.0
2007-09-19,79.8,81.32,79.58,81.06,1761096.0
2007-09-20,81.06,81.36,80.48,80.58,983980.0
2007-09-21,81.63,84.9,80.58,81.86,2116600.0
2007-09-24,81.78,81.8,80.8,81.13,1107500.0
2007-09-25,80.9,82.17,80.72,81.98,857400.0
2007-09-26,82.21,83.0,82.21,82.61,973600.0
2007-09-27,82.6,82.7,81.66,82.05,863706.0
2007-09-28,82.05,82.36,81.97,82.05,1248660.0
2007-10-01,82.43,82.99,82.27,82.76,1384000.0
2007-10-02,82.87,83.14,82.52,82.86,1009800.0
2007-10-03,82.74,82.79,81.7,82.13,1007400.0
2007-10-04,82.42,82.76,81.85,82.29,688700.0
2007-10-05,82.8,83.54,82.26,83.31,759900.0
2007-10-08,83.35,83.4,83.05,83.23,456300.0
2007-10-09,83.45,83.62,82.99,83.61,591100.0
2007-10-10,83.4,83.89,83.01,83.68,430900.0
2007-10-11,83.83,84.11,83.35,83.42,1110400.0
2007-10-12,83.62,84.11,83.49,83.7,512597.0
2007-10-15,83.95,84.0,82.53,82.74,945600.0
2007-10-16,82.4,83.21,82.4,82.53,698200.0
2007-10-17,83.04,83.53,81.91,82.3,676100.0
2007-10-18,82.26,84.12,82.26,83.99,809800.0
2007-10-19,83.5,84.44,81.65,81.74,1239300.0
2007-10-22,81.46,81.77,80.86,81.42,828600.0
2007-10-23,81.7,81.92,81.09,81.77,876200.0
2007-10-24,81.55,81.87,80.63,81.71,942600.0
2007-10-25,81.98,83.81,81.88,83.6,1076300.0
2007-10-26,84.0,84.53,83.79,84.33,965800.0
2007-10-29,84.55,84.7,83.42,84.24,780600.0
2007-10-30,84.05,84.45,83.4,83.44,773100.0
2007-10-31,83.24,84.26,83.05,83.46,1210400.0
2007-11-01,84.03,84.43,80.56,80.58,1793900.0
2007-11-02,81.0,83.44,80.96,82.78,1773200.0
2007-11-05,82.14,82.17,79.54,80.37,1889912.0
2007-11-06,80.31,80.44,78.95,80.3,1649225.0
2007-11-07,79.26,82.09,79.26,80.43,2574979.0
2007-11-08,80.5,81.24,78.91,80.99,2131964.0
2007-11-09,80.25,81.97,80.23,81.45,1613500.0
2007-11-12,81.14,82.19,81.14,81.6,1746210.0
2007-11-13,82.12,83.2,81.15,83.02,1318761.0
2007-11-14,83.29,84.23,82.21,83.43,1508500.0
2007-11-15,83.26,84.2,82.91,83.42,1876850.0
2007-11-16,84.15,84.15,82.59,83.48,1282020.0
2007-11-19,83.12,85.5,83.04,85.3,1954831.0
2007-11-20,85.1,85.89,83.52,84.33,1596550.0
2007-11-21,83.71,84.17,82.22,82.31,1053800.0
2007-11-23,82.59,83.52,82.33,83.52,496200.0
2007-11-26,83.36,83.68,80.56,80.74,1713502.0
2007-11-27,81.26,82.0,80.1,81.8,2308665.0
2007-11-28,81.8,82.85,80.47,82.85,1743679.0
2007-11-29,82.48,82.48,81.13,81.28,1499121.0
2007-11-30,81.32,82.79,80.92,82.73,1658179.0
2007-12-03,83.0,83.05,81.04,81.27,1600875.0
2007-12-04,81.2,81.33,80.16,80.38,1524700.0
2007-12-05,80.96,82.33,80.73,82.1,1251001.0
2007-12-06,82.07,82.2,81.5,82.16,1141349.0
2007-12-07,82.18,82.87,81.4,82.68,1058450.0
2007-12-10,82.74,84.3,82.18,84.3,1203504.0
2007-12-11,84.6,84.6,82.36,82.39,1119868.0
2007-12-12,83.66,83.95,81.8,82.61,1270207.0
2007-12-13,82.1,83.21,81.86,83.13,823095.0
2007-12-14,82.9,83.79,82.46,82.46,764968.0
2007-12-17,81.94,82.1,80.86,80.86,707425.0
2007-12-18,81.99,82.52,81.59,82.37,1127505.0
2007-12-19,82.55,82.7,81.85,82.06,732122.0
2007-12-20,82.55,82.57,81.79,82.23,928700.0
2007-12-21,83.02,84.55,82.92,84.32,1467300.0
2007-12-24,84.05,84.66,83.7,84.55,380100.0
2007-12-26,83.56,84.49,83.56,84.41,303500.0
2007-12-27,84.2,84.89,83.78,84.68,836800.0
2007-12-28,85.0,85.54,84.6,84.95,880203.0
2007-12-31,84.79,85.16,83.58,83.58,1040416.0
2008-01-02,84.95,88.17,84.95,86.78,2501109.0
2008-01-03,87.02,88.2,86.46,88.19,2849471.0
2008-01-04,88.14,88.63,87.56,87.76,1665200.0
2008-01-07,88.12,90.4,87.89,90.35,2495392.0
2008-01-08,90.62,91.2,88.51,88.68,2931300.0
2008-01-09,88.52,91.06,88.04,91.06,2471889.0
2008-01-10,90.28,90.77,89.4,89.52,1998493.0
2008-01-11,88.87,91.87,88.69,91.21,1807079.0
2008-01-14,91.4,91.95,90.58,91.59,1519768.0
2008-01-15,91.0,92.33,91.0,91.3,2174300.0
2008-01-16,91.07,93.24,91.07,92.34,1615985.0
2008-01-17,91.75,92.73,89.49,89.59,2127507.0
2008-01-18,90.0,90.17,87.36,87.62,2309319.0
2008-01-22,83.56,86.37,81.06,85.36,2848094.0
2008-01-23,84.5,85.29,83.09,84.64,2359172.0
2008-01-24,90.02,90.25,86.36,87.17,3177370.0
2008-01-25,87.83,87.83,85.56,86.6,2542999.0
2008-01-28,86.55,86.8,85.53,86.25,2164451.0
2008-01-29,86.73,86.85,85.58,85.72,1262930.0
2008-01-30,85.25,86.5,84.69,84.92,1623356.0
2008-01-31,83.76,86.95,83.57,86.44,2048367.0
2008-02-01,86.88,87.59,86.4,87.17,1588271.0
2008-02-04,87.19,88.65,87.03,88.2,1648083.0
2008-02-05,86.82,88.55,86.82,87.06,1650608.0
2008-02-06,87.48,88.21,86.85,87.26,1420421.0
2008-02-07,87.26,89.6,86.91,89.59,2661180.0
2008-02-08,88.75,90.0,87.88,89.95,1974834.0
2008-02-11,90.1,90.1,88.46,89.32,1543565.0
2008-02-12,90.0,90.47,89.1,90.47,1483652.0
2008-02-13,91.01,91.39,89.71,90.92,1290713.0
2008-02-14,91.26,91.5,90.67,91.0,1626864.0
2008-02-15,90.83,91.19,89.84,90.36,1944041.0
2008-02-19,91.21,91.21,89.45,89.87,1494090.0
2008-02-20,89.65,90.03,88.46,90.03,1770098.0
2008-02-21,90.02,90.47,88.76,88.96,1245808.0
2008-02-22,89.15,90.03,88.46,89.91,1101834.0
2008-02-25,90.0,91.82,90.0,91.63,1531279.0
2008-02-26,91.37,92.0,91.0,91.74,1408866.0
2008-02-27,91.37,91.6,90.63,91.43,1627150.0
2008-02-28,90.95,92.12,90.95,91.67,2125976.0
2008-02-29,91.04,91.28,90.28,90.42,1175000.0
2008-03-03,90.25,90.61,89.41,90.19,1233128.0
2008-03-04,89.65,90.76,89.35,90.52,1760261.0
2008-03-05,90.5,90.5,88.6,89.33,1802400.0
2008-03-06,88.97,88.97,86.69,86.69,1615039.0
2008-03-07,85.95,87.0,85.92,86.1,1867218.0
2008-03-10,85.86,86.23,83.96,84.03,2204119.0
2008-03-11,85.75,85.75,84.09,84.9,1686822.0
2008-03-12,85.3,87.05,85.25,86.39,1262648.0
2008-03-13,86.2,86.45,84.69,85.77,1892414.0
2008-03-14,86.22,86.26,83.85,85.5,1504943.0
2008-03-17,83.72,85.69,83.72,84.98,1255946.0
2008-03-18,86.42,88.41,85.73,88.37,1890808.0
2008-03-19,90.0,91.0,88.17,88.25,1779500.0
2008-03-20,88.68,88.68,87.5,88.31,1818840.0
2008-03-24,88.49,89.24,88.38,89.07,896480.0
2008-03-25,89.0,89.57,88.82,88.97,1249400.0
2008-03-26,88.9,88.96,87.02,87.02,1889126.0
2008-03-27,87.36,88.55,87.23,87.79,1057032.0
2008-03-28,87.95,88.71,87.04,87.23,696557.0
2008-03-31,87.0,87.0,85.17,85.85,1779290.0
2008-04-01,86.31,87.86,86.31,87.25,2251645.0
2008-04-02,87.67,87.74,85.02,85.06,1712386.0
2008-04-03,85.0,85.48,83.94,84.19,1735975.0
2008-04-04,84.15,86.89,84.15,86.07,1757884.0
2008-04-07,86.5,86.8,83.91,84.5,2010204.0
2008-04-08,84.07,86.25,84.07,86.05,1077300.0
2008-04-09,86.2,86.81,85.42,85.71,814200.0
2008-04-10,85.72,86.1,85.34,85.63,638200.0
2008-04-11,84.79,85.54,84.79,85.05,750461.0
2008-04-14,85.0,85.12,84.17,84.46,549489.0
2008-04-15,84.83,84.9,83.56,83.84,822084.0
2008-04-16,84.15,84.15,83.38,83.89,1353592.0
2008-04-17,83.82,84.0,81.56,81.63,1823728.0
2008-04-18,82.5,84.83,81.95,84.32,1827652.0
2008-04-21,84.0,86.01,84.0,85.81,1404986.0
2008-04-22,85.78,86.15,84.33,84.58,960836.0
2008-04-23,87.84,87.87,84.62,86.14,2579433.0
2008-04-24,86.5,87.45,86.31,86.85,1433898.0
2008-04-25,86.8,88.54,86.8,88.2,1363628.0
2008-04-28,88.91,89.02,88.32,88.56,1344190.0
2008-04-29,88.0,89.02,87.94,88.85,986127.0
2008-04-30,88.97,89.91,88.89,89.4,1342482.0
2008-05-01,89.99,89.99,88.39,89.24,1316927.0
2008-05-02,89.76,89.76,87.94,88.27,977366.0
2008-05-05,87.63,89.17,87.6,89.17,863390.0
2008-05-06,88.57,89.22,87.76,88.71,819304.0
2008-05-07,88.96,89.26,86.66,86.76,1038424.0
2008-05-08,87.31,88.4,86.61,88.0,894727.0
2008-05-09,87.45,88.15,86.45,86.99,867966.0
2008-05-12,86.9,88.29,85.86,88.2,1171903.0
2008-05-13,88.22,88.3,85.93,86.0,1633766.0
2008-05-14,85.5,86.89,85.5,86.31,1476039.0
2008-05-15,86.53,86.53,85.15,85.65,1078543.0
2008-05-16,85.22,85.52,83.76,84.65,1934439.0
2008-05-19,84.72,84.73,83.57,83.73,1630366.0
2008-05-20,83.59,84.81,83.3,84.12,1958283.0
2008-05-21,84.1,85.05,83.29,84.45,1963824.0
2008-05-22,84.22,84.75,83.73,84.4,960676.0
2008-05-23,83.84,84.22,83.4,83.58,1094609.0
2008-05-27,83.9,84.87,83.42,84.68,1034009.0
2008-05-28,84.94,85.54,84.09,84.48,1178860.0
2008-05-29,84.49,85.88,84.49,85.64,989806.0
2008-05-30,85.25,85.42,84.0,84.45,1058564.0
2008-06-02,84.29,84.86,83.27,84.08,858324.0
2008-06-03,84.49,84.49,82.3,82.52,1351534.0
2008-06-04,82.12,84.82,82.12,84.13,1203654.0
2008-06-05,84.26,84.57,83.25,84.53,880702.0
2008-06-06,83.61,84.09,82.53,82.53,988987.0
2008-06-09,82.8,83.22,81.74,82.58,883037.0
2008-06-10,82.4,83.2,81.65,83.2,1103089.0
2008-06-11,82.62,82.77,81.38,81.39,1121059.0
2008-06-12,81.63,82.21,80.87,81.33,1005766.0
2008-06-13,81.95,82.63,81.33,82.56,950473.0
2008-06-16,82.19,82.35,81.54,81.82,1079180.0
2008-06-17,81.9,82.19,79.93,80.16,1442784.0
2008-06-18,79.81,79.87,78.79,78.89,1799702.0
2008-06-19,78.54,79.73,78.23,79.68,1655935.0
2008-06-20,79.69,80.06,78.66,79.04,1287818.0
2008-06-23,79.3,79.37,78.38,78.94,1064484.0
2008-06-24,78.81,79.0,77.42,77.93,1801047.0
2008-06-25,78.25,79.72,78.04,79.27,1613046.0
2008-06-26,78.34,79.67,78.09,78.79,1574387.0
2008-06-27,78.85,80.03,78.85,79.8,2544443.0
2008-06-30,79.37,81.77,79.16,81.3,1978813.0
2008-07-01,81.26,83.0,80.29,82.96,2991573.0
2008-07-02,83.29,83.31,81.84,82.29,1195789.0
2008-07-03,83.0,83.0,81.76,82.35,599388.0
2008-07-07,82.56,82.65,80.55,81.21,1447478.0
2008-07-08,81.21,81.64,80.45,81.54,3646300.0
2008-07-09,81.92,82.12,80.16,81.3,1905703.0
2008-07-10,82.05,83.41,82.0,82.98,3357683.0
2008-07-11,82.2,82.32,80.93,81.17,2518011.0
2008-07-14,81.68,81.68,79.74,79.79,2317676.0
2008-07-15,79.7,80.3,79.3,79.9,4973119.0
2008-07-16,80.15,82.04,79.78,82.01,3214322.0
2008-07-17,82.47,84.22,81.66,83.59,2019372.0
2008-07-18,83.0,85.15,83.0,84.63,1728758.0
2008-07-21,84.8,85.21,83.71,83.95,1440150.0
2008-07-22,83.52,85.47,83.5,85.47,1928817.0
2008-07-23,85.43,85.75,84.72,85.6,2311021.0
2008-07-24,85.9,87.96,84.8,86.28,3082002.0
2008-07-25,86.82,86.82,84.79,85.01,2205173.0
2008-07-28,84.99,85.59,84.65,84.98,1799430.0
2008-07-29,84.98,85.28,84.38,84.75,1804546.0
2008-07-30,84.94,85.87,84.83,85.74,1087460.0
2008-07-31,85.82,86.0,84.63,84.91,1501310.0
2008-08-01,85.0,85.84,83.71,83.86,1102872.0
2008-08-04,83.96,85.06,83.3,84.67,1108242.0
2008-08-05,85.02,85.58,83.23,84.61,1827874.0
2008-08-06,84.55,85.83,83.65,85.32,1682267.0
2008-08-07,84.41,85.77,84.32,85.35,1653416.0
2008-08-08,85.41,87.91,85.22,87.41,1851740.0
2008-08-11,87.22,87.33,86.22,87.16,1340347.0
2008-08-12,86.87,86.98,85.86,86.35,1418530.0
2008-08-13,86.4,87.49,86.34,87.18,1100972.0
2008-08-14,86.49,87.28,85.74,86.63,948554.0
2008-08-15,86.62,87.55,86.54,87.55,1079103.0
2008-08-18,87.51,88.12,87.11,87.41,1066856.0
2008-08-19,87.32,87.64,86.95,87.47,1390470.0
2008-08-20,87.83,87.83,86.5,87.07,1309505.0
2008-08-21,86.72,88.19,86.72,87.98,1178754.0
2008-08-22,88.43,88.62,88.06,88.49,702641.0
2008-08-25,88.32,88.32,87.27,87.53,736110.0
2008-08-26,87.48,88.23,87.03,88.02,654396.0
2008-08-27,88.0,88.16,87.03,87.64,580878.0
2008-08-28,87.99,88.06,87.38,87.54,1138547.0
2008-08-29,87.61,88.14,86.88,87.38,855256.0
2008-09-02,88.05,89.24,87.39,87.63,1255206.0
2008-09-03,87.41,87.93,86.78,87.66,989179.0
2008-09-04,87.16,87.41,85.56,85.78,929340.0
2008-09-05,85.07,85.85,84.66,85.04,1003908.0
2008-09-08,86.5,87.43,85.95,87.36,1011640.0
2008-09-09,87.92,88.36,86.51,86.51,1099429.0
2008-09-10,86.8,86.86,83.86,84.11,2165503.0
2008-09-11,82.8,83.51,81.16,83.39,2797819.0
2008-09-12,83.32,83.32,81.38,81.96,1632320.0
2008-09-15,80.63,83.28,80.61,81.71,1348842.0
2008-09-16,80.65,82.58,79.5,81.0,1814974.0
2008-09-17,80.0,80.44,78.71,78.71,2172157.0
2008-09-18,78.94,80.46,76.02,80.46,3351155.0
2008-09-19,82.05,84.81,80.51,82.5,2151304.0
2008-09-22,81.67,82.7,80.23,80.23,1369593.0
2008-09-23,80.03,81.54,79.77,80.66,1844485.0
2008-09-24,80.59,82.05,80.22,81.77,925911.0
2008-09-25,82.28,83.57,81.48,82.7,1234010.0
2008-09-26,82.62,82.7,81.47,82.36,934513.0
2008-09-29,81.81,82.97,79.42,79.48,1763287.0
2008-09-30,80.39,81.28,79.46,80.26,1548890.0
2008-10-01,79.81,80.65,79.51,80.18,1322180.0
2008-10-02,79.88,80.45,79.15,79.8,1425715.0
2008-10-03,81.03,81.88,79.91,80.24,1940197.0
2008-10-06,79.23,80.2,76.43,78.0,2455146.0
2008-10-07,78.8,79.17,75.9,75.9,2656820.0
2008-10-08,75.38,77.92,74.7,77.52,3111629.0
2008-10-09,77.0,78.04,72.0,72.29,3330417.0
2008-10-10,70.26,71.1,65.04,67.5,4197509.0
2008-10-13,69.24,74.13,68.12,74.0,1818596.0
2008-10-14,76.65,77.45,73.39,74.82,2017302.0
2008-10-15,73.5,73.75,70.28,70.41,1682539.0
2008-10-16,70.34,71.58,66.92,71.35,1946339.0
2008-10-17,73.7,73.7,68.58,71.34,1811991.0
2008-10-20,72.06,72.66,70.25,72.36,1413404.0
2008-10-21,72.65,73.43,71.36,71.52,1227971.0
2008-10-22,70.49,71.48,68.82,70.13,2317269.0
2008-10-23,70.28,72.89,67.5,70.06,2709756.0
2008-10-24,67.0,68.43,64.02,66.94,2669126.0
2008-10-27,66.15,66.79,63.92,63.92,1876965.0
2008-10-28,65.23,65.75,63.13,65.53,3247629.0
2008-10-29,65.55,68.51,65.03,66.17,2644067.0
2008-10-30,67.5,68.6,66.53,68.24,1846687.0
2008-10-31,68.27,70.27,66.9,69.4,1993194.0
2008-11-03,69.37,69.76,68.36,69.39,1438411.0
2008-11-04,70.54,71.43,68.88,70.27,2660738.0
2008-11-05,67.93,71.65,67.66,70.0,2058845.0
2008-11-06,69.7,70.35,67.82,68.37,2211020.0
2008-11-07,68.96,71.18,68.36,70.73,1724090.0
2008-11-10,71.99,72.56,69.89,70.77,1277704.0
2008-11-11,69.94,70.36,67.85,68.27,1469668.0
2008-11-12,67.34,68.16,66.29,67.07,1582235.0
2008-11-13,67.27,70.53,65.99,70.21,3293003.0
2008-11-14,69.07,70.47,67.36,67.69,2392559.0
2008-11-17,67.05,68.02,64.98,64.98,1938861.0
2008-11-18,64.74,66.35,64.02,66.03,2067280.0
2008-11-19,66.05,67.0,61.92,61.92,2506717.0
2008-11-20,61.64,63.25,59.62,60.26,3699365.0
2008-11-21,60.24,61.36,58.14,61.13,3194414.0
2008-11-24,61.94,63.69,61.46,62.72,2278740.0
2008-11-25,63.66,64.77,62.01,62.5,2206810.0
2008-11-26,61.57,63.69,61.26,63.59,2029260.0
2008-11-28,63.45,64.3,62.43,63.53,632111.0
2008-12-01,62.5,63.31,61.93,62.03,2190264.0
2008-12-02,62.3,63.42,61.87,63.25,2227653.0
2008-12-03,63.22,65.04,61.8,64.94,1768802.0
2008-12-04,63.99,65.24,61.89,62.72,1318396.0
2008-12-05,61.88,65.48,61.15,65.25,1719787.0
2008-12-08,66.5,66.98,64.39,64.96,1989099.0
2008-12-09,64.97,64.97,62.44,62.93,1871967.0
2008-12-10,63.4,63.97,62.38,63.29,1532196.0
2008-12-11,62.93,65.55,62.53,64.48,1423606.0
2008-12-12,63.23,64.51,62.86,63.99,1433571.0
2008-12-15,63.86,66.46,63.19,65.72,2170743.0
2008-12-16,66.48,68.31,65.7,68.24,2143500.0
2008-12-17,67.21,68.67,66.31,67.4,1415758.0
2008-12-18,67.99,69.55,66.74,67.52,1561049.0
2008-12-19,67.28,68.24,65.91,66.74,2140143.0
2008-12-22,66.63,67.43,66.18,67.43,1123057.0
2008-12-23,67.6,67.97,66.11,66.27,1013405.0
2008-12-24,66.13,66.5,65.5,65.74,693342.0
2008-12-26,66.25,66.52,65.73,66.41,433751.0
2008-12-29,66.41,66.41,65.13,65.67,721598.0
2008-12-30,65.91,67.72,65.8,67.71,731705.0
2008-12-31,67.72,68.99,67.37,68.39,1258418.0
2009-01-02,68.59,70.04,67.7,69.86,1115352.0
2009-01-05,69.68,69.98,68.46,69.11,1042591.0
2009-01-06,69.31,70.59,68.1,68.38,1503389.0
2009-01-07,67.62,68.45,67.27,67.66,1853618.0
2009-01-08,67.3,69.29,66.91,69.11,1540104.0
2009-01-09,70.45,72.99,70.45,71.28,2288697.0
2009-01-12,71.01,72.43,70.53,71.0,1760834.0
2009-01-13,71.0,72.86,70.8,72.04,1807594.0
2009-01-14,71.17,71.64,70.34,71.02,1748473.0
2009-01-15,70.6,71.41,69.52,71.35,1912655.0
2009-01-16,72.0,72.89,71.57,72.52,1589500.0
2009-01-20,72.47,73.39,70.84,70.96,1620889.0
2009-01-21,71.86,72.48,70.2,72.28,1988207.0
2009-01-22,71.46,73.87,71.35,73.65,1815336.0
2009-01-23,72.96,72.96,70.74,71.43,2467933.0
2009-01-26,71.8,73.49,71.56,72.49,2115124.0
2009-01-27,73.49,74.62,72.75,74.15,1847339.0
2009-01-28,76.98,77.11,69.21,70.05,5897840.0
2009-01-29,69.57,72.17,69.27,71.33,3392005.0
2009-01-30,71.48,73.23,71.12,72.67,2388985.0
2009-02-02,72.09,73.54,71.55,72.82,1937305.0
2009-02-03,72.63,74.06,72.39,73.8,1866535.0
2009-02-04,74.0,75.61,73.28,73.87,1713326.0
2009-02-05,73.55,74.61,73.41,74.05,1510233.0
2009-02-06,74.52,74.81,73.58,74.09,1303165.0
2009-02-09,74.2,74.23,71.8,72.82,1563868.0
2009-02-10,72.15,72.82,70.27,70.69,1758928.0
2009-02-11,70.5,71.31,70.08,70.89,1503124.0
2009-02-12,70.17,71.27,69.6,71.27,1547574.0
2009-02-13,71.35,71.44,70.35,70.64,1203956.0
2009-02-17,69.9,70.45,69.01,69.59,1483298.0
2009-02-18,70.13,70.19,69.12,69.53,1026414.0
2009-02-19,68.64,70.58,68.64,69.78,1258119.0
2009-02-20,69.33,70.32,69.07,69.61,2235084.0
2009-02-23,70.31,70.31,68.27,68.65,1816166.0
2009-02-24,68.16,69.98,67.51,68.64,2036385.0
2009-02-25,68.8,68.8,66.85,67.63,1824213.0
2009-02-26,67.67,68.37,65.06,65.1,1287944.0
2009-02-27,64.19,64.92,61.82,61.89,2937757.0
2009-03-02,63.42,64.7,62.06,63.71,3705041.0
2009-03-03,64.3,65.89,63.66,64.65,2616932.0
2009-03-04,65.16,66.07,64.34,65.01,1836551.0
2009-03-05,64.04,64.71,63.43,63.95,2347088.0
2009-03-06,63.67,65.04,62.95,64.15,2157906.0
2009-03-09,63.69,64.07,61.94,62.34,2439291.0
2009-03-10,63.31,63.34,62.13,62.78,2021630.0
2009-03-11,63.47,63.47,61.5,61.57,1693632.0
2009-03-12,61.94,64.05,61.17,63.95,1965513.0
2009-03-13,64.05,65.49,63.69,65.18,1893529.0
2009-03-16,65.49,66.57,65.01,65.07,1169240.0
2009-03-17,65.24,65.68,64.48,65.66,1266715.0
2009-03-18,65.46,66.74,64.64,65.77,1183775.0
2009-03-19,66.32,66.32,63.0,63.9,2035644.0
2009-03-20,64.18,66.19,63.6,64.57,2385380.0
2009-03-23,65.58,66.48,64.29,66.42,1435801.0
2009-03-24,65.78,67.03,65.78,66.05,1223272.0
2009-03-25,66.54,67.6,65.56,66.41,1635334.0
2009-03-26,66.99,67.08,64.31,66.27,1905766.0
2009-03-27,67.41,68.66,65.55,68.2,1739113.0
2009-03-30,68.24,68.38,66.0,66.38,1571747.0
2009-03-31,67.29,68.36,65.86,67.24,1451858.0
2009-04-01,65.21,66.72,64.96,66.4,1880240.0
2009-04-02,67.53,68.2,66.46,66.8,1529200.0
2009-04-03,66.81,67.26,65.32,65.97,1330734.0
2009-04-06,65.62,66.84,64.96,65.46,1110012.0
2009-04-07,64.78,66.06,64.28,65.39,988329.0
2009-04-08,65.5,66.72,65.33,66.42,1236593.0
2009-04-09,67.19,67.52,66.68,67.24,1190666.0
2009-04-13,67.1,67.77,66.62,67.25,1354728.0
2009-04-14,67.05,68.96,67.02,68.3,2296603.0
2009-04-15,68.31,68.91,66.75,67.48,1432497.0
2009-04-16,67.86,68.19,66.77,67.9,1215572.0
2009-04-17,68.0,68.8,67.36,68.28,1745504.0
2009-04-20,68.03,69.55,67.94,68.41,1562879.0
2009-04-21,67.76,69.99,67.05,67.71,1410140.0
2009-04-22,67.39,68.44,66.69,66.97,1968255.0
2009-04-23,66.5,66.8,63.08,64.03,3321631.0
2009-04-24,64.18,64.26,62.26,62.47,3070024.0
2009-04-27,62.48,65.55,62.47,64.89,2971314.0
2009-04-28,64.1,64.8,61.76,62.16,3465419.0
2009-04-29,62.72,62.72,60.56,60.92,4393145.0
2009-04-30,61.45,62.29,60.48,60.48,3847887.0
2009-05-01,60.61,61.45,60.52,61.18,3349111.0
2009-05-04,61.14,61.93,60.45,60.87,4258398.0
2009-05-05,60.81,62.25,60.4,62.16,3568459.0
2009-05-06,62.3,62.53,60.92,61.46,2767865.0
2009-05-07,62.0,62.29,61.01,61.6,3764682.0
2009-05-08,62.1,63.25,61.6,62.82,4167718.0
2009-05-11,62.23,63.17,61.81,62.54,2967266.0
2009-05-12,63.09,64.2,62.66,64.08,3977100.0
2009-05-13,63.36,65.62,63.36,65.33,2778767.0
2009-05-14,65.28,66.63,65.04,65.89,2594941.0
2009-05-15,65.9,66.25,64.96,65.16,2358755.0
2009-05-18,65.49,65.49,64.45,64.93,2813454.0
2009-05-19,64.87,65.44,64.36,64.57,1780928.0
2009-05-20,65.08,65.91,64.77,65.06,1158453.0
2009-05-21,64.97,65.25,64.41,65.03,1690271.0
2009-05-22,65.01,66.28,64.88,65.9,1182953.0
2009-05-26,65.2,67.31,64.95,67.13,1821809.0
2009-05-27,67.22,67.71,66.77,67.13,3886270.0
2009-05-28,67.25,67.71,66.73,67.0,2181336.0
2009-05-29,66.96,67.74,66.0,67.68,2117246.0
2009-06-01,67.79,68.42,67.7,68.01,1845281.0
2009-06-02,68.02,69.14,67.7,68.81,1337836.0
2009-06-03,68.52,69.07,68.08,68.94,1449343.0
2009-06-04,69.06,69.18,67.0,67.52,2616988.0
2009-06-05,67.54,67.8,67.1,67.32,1863830.0
2009-06-08,66.98,67.85,66.58,67.24,1789334.0
2009-06-09,67.6,68.5,67.2,68.01,1818361.0
2009-06-10,68.47,68.67,67.2,67.59,1589681.0
2009-06-11,67.57,69.21,67.52,68.28,1398970.0
2009-06-12,67.72,68.87,67.72,68.35,1323767.0
2009-06-15,67.96,68.21,67.0,67.13,1125372.0
2009-06-16,67.13,67.45,66.91,66.96,1608007.0
2009-06-17,66.92,68.97,66.92,68.07,1311808.0
2009-06-18,68.03,69.78,67.85,69.31,1176339.0
2009-06-19,69.36,70.31,67.45,69.15,1821577.0
2009-06-22,68.44,68.87,67.81,68.23,1227905.0
2009-06-23,68.59,69.09,67.95,68.25,1003663.0
2009-06-24,68.5,69.19,68.01,68.5,1051300.0
2009-06-25,68.26,71.15,67.98,70.91,1797953.0
2009-06-26,70.88,71.24,70.33,70.94,1257107.0
2009-06-29,71.19,71.94,70.01,71.71,1079177.0
2009-06-30,71.76,71.76,70.65,71.31,1632613.0
2009-07-01,71.5,71.55,70.2,70.7,1202732.0
2009-07-02,70.4,70.4,69.05,69.05,1232693.0
2009-07-06,68.94,70.43,68.75,70.33,984916.0
2009-07-07,70.22,70.62,69.28,69.41,1075843.0
2009-07-08,69.45,69.78,68.2,68.67,1370200.0
2009-07-09,68.81,68.89,67.75,68.15,1282807.0
2009-07-10,67.72,68.29,67.5,67.73,1157905.0
2009-07-13,68.01,69.21,67.55,69.08,1273184.0
2009-07-14,69.01,69.81,68.71,69.73,1133205.0
2009-07-15,70.05,70.86,69.5,70.83,1475609.0
2009-07-16,70.82,71.41,70.4,70.89,1801966.0
2009-07-17,70.77,71.06,69.08,69.49,1357912.0
2009-07-20,69.7,69.75,68.95,69.66,939836.0
2009-07-21,69.91,70.46,69.39,69.98,1419294.0
2009-07-22,70.07,70.82,69.74,69.91,1818937.0
2009-07-23,69.73,71.82,69.73,71.42,2035790.0
2009-07-24,71.09,71.87,71.0,71.74,1025566.0
2009-07-27,71.89,72.59,71.19,72.3,893326.0
2009-07-28,72.12,72.93,71.64,72.05,1478834.0
2009-07-29,71.79,74.1,71.64,73.6,2462168.0
2009-07-30,74.67,75.25,65.69,67.39,11608763.0
2009-07-31,66.16,66.55,65.0,65.15,6812289.0
2009-08-03,65.24,65.7,64.1,65.49,3619742.0
2009-08-04,65.44,65.98,64.91,65.55,2206356.0
2009-08-05,65.45,65.88,64.45,65.16,2391595.0
2009-08-06,65.26,65.33,63.41,63.75,3095618.0
2009-08-07,64.27,64.98,63.87,64.42,2149007.0
2009-08-10,64.5,65.77,64.5,65.71,1581123.0
2009-08-11,65.52,66.49,65.27,66.0,2078003.0
2009-08-12,66.05,67.79,66.05,67.27,2231564.0
2009-08-13,67.31,67.31,65.62,65.79,2005799.0
2009-08-14,66.0,66.47,65.47,66.39,1644717.0
2009-08-17,67.5,67.53,66.23,66.3,2821530.0
2009-08-18,66.69,67.25,65.23,65.65,2412543.0
2009-08-19,65.4,66.0,64.42,65.66,3291804.0
2009-08-20,66.1,68.0,65.9,67.74,2480605.0
2009-08-21,68.29,68.95,67.5,68.85,2157162.0
2009-08-24,69.9,69.9,68.41,68.66,1744766.0
2009-08-25,68.96,69.49,68.68,68.92,1536124.0
2009-08-26,68.95,70.2,68.63,69.83,2433168.0
2009-08-27,70.16,70.2,69.06,69.9,2001551.0
2009-08-28,70.67,71.59,70.0,70.51,2598751.0
2009-08-31,69.92,70.93,69.15,69.62,2690098.0
2009-09-01,68.9,69.71,68.03,68.28,2424235.0
2009-09-02,68.1,69.35,68.01,68.34,2148549.0
2009-09-03,69.02,69.85,68.5,69.0,1152933.0
2009-09-04,69.08,70.3,68.8,70.3,1834066.0
2009-09-08,70.1,70.25,68.99,69.18,2192023.0
2009-09-09,69.43,70.6,69.25,70.35,1668209.0
2009-09-10,70.87,71.06,70.18,70.95,1456018.0
2009-09-11,70.96,71.58,70.91,71.34,1553761.0
2009-09-14,71.15,71.49,70.66,70.76,1181994.0
2009-09-15,71.0,71.02,69.81,70.5,1026193.0
2009-09-16,70.7,71.0,69.75,70.43,1678357.0
2009-09-17,69.98,70.68,69.51,69.95,1400715.0
2009-09-18,70.2,70.66,69.71,70.26,1441801.0
2009-09-21,70.12,71.0,69.99,70.54,1170219.0
2009-09-22,71.09,71.25,69.88,70.22,1013896.0
2009-09-23,70.21,70.45,69.29,69.34,1046512.0
2009-09-24,69.5,69.57,68.34,68.71,1009945.0
2009-09-25,68.41,69.0,68.12,68.5,1001982.0
2009-09-28,68.85,71.11,68.54,70.5,1556202.0
2009-09-29,70.51,70.58,69.99,70.37,1746483.0
2009-09-30,69.9,69.92,68.64,69.75,3236433.0
2009-10-01,69.41,69.81,68.29,68.29,1851990.0
2009-10-02,68.0,68.52,66.86,67.3,2064917.0
2009-10-05,67.3,67.6,66.76,67.26,1458375.0
2009-10-06,67.5,67.91,67.2,67.56,2110234.0
2009-10-07,67.51,67.79,67.29,67.72,1211994.0
2009-10-08,68.08,69.41,67.82,68.46,1385707.0
2009-10-09,68.53,69.16,68.4,68.75,1086857.0
2009-10-12,68.99,68.99,68.4,68.61,678521.0
2009-10-13,68.54,69.21,68.46,68.81,1484943.0
2009-10-14,69.0,69.0,68.31,68.56,1602040.0
2009-10-15,68.37,68.74,67.98,68.35,1752739.0
2009-10-16,68.24,69.46,68.2,69.26,1586000.0
2009-10-19,69.35,69.47,68.8,68.9,1333288.0
2009-10-20,68.73,68.8,67.42,67.52,2343820.0
2009-10-21,67.7,68.54,67.35,67.48,2272653.0
2009-10-22,67.47,68.52,67.2,68.04,1670047.0
2009-10-23,68.03,68.62,67.47,67.5,1971705.0
2009-10-26,67.37,67.73,67.04,67.5,2582088.0
2009-10-27,67.67,67.97,67.18,67.44,1805172.0
2009-10-28,67.2,67.6,66.55,66.6,2630906.0
2009-10-29,66.65,68.13,66.2,68.07,2615302.0
2009-10-30,67.77,68.72,67.53,68.36,2523026.0
2009-11-02,68.86,69.24,67.89,68.95,2270804.0
2009-11-03,68.54,69.91,67.67,69.91,3071687.0
2009-11-04,70.1,70.97,68.34,68.51,3282216.0
2009-11-05,68.91,69.0,68.14,68.85,2863015.0
2009-11-06,69.07,70.97,68.72,70.54,2629948.0
2009-11-09,70.93,71.8,70.68,71.64,1688796.0
2009-11-10,71.85,72.0,71.29,71.87,1878694.0
2009-11-11,71.91,73.17,71.79,72.82,1989123.0
2009-11-12,71.82,72.64,71.39,72.2,1712752.0
2009-11-13,72.26,72.8,72.0,72.72,1123777.0
2009-11-16,72.71,73.4,72.58,73.29,1508559.0
2009-11-17,73.29,73.9,73.12,73.81,1435441.0
2009-11-18,74.0,74.42,73.28,73.57,1590841.0
2009-11-19,73.65,73.74,72.7,73.46,1640657.0
2009-11-20,74.98,74.98,73.25,73.7,1649489.0
2009-11-23,74.37,75.27,74.1,75.25,2321179.0
2009-11-24,75.94,76.09,75.25,75.63,1739825.0
2009-11-25,75.57,76.0,75.2,75.53,966223.0
2009-11-27,74.31,75.0,73.52,74.72,615515.0
2009-11-30,74.84,74.96,74.26,74.8,1211739.0
2009-12-01,75.26,76.37,75.16,76.0,1332116.0
2009-12-02,76.23,76.9,75.25,76.5,1419264.0
2009-12-03,76.8,77.99,75.14,77.31,1969235.0
2009-12-04,77.5,78.81,77.44,78.05,2034738.0
2009-12-07,77.77,78.63,77.69,78.0,1048606.0
2009-12-08,77.32,77.98,76.9,77.37,1014596.0
2009-12-09,77.17,77.47,76.61,76.98,1130543.0
2009-12-10,76.89,78.15,76.77,77.66,1075367.0
2009-12-11,77.69,78.25,77.33,77.45,1042813.0
2009-12-14,77.46,78.2,77.46,77.56,1185988.0
2009-12-15,77.56,78.1,77.06,77.65,912235.0
2009-12-16,77.48,77.83,77.11,77.14,1310311.0
2009-12-17,76.61,77.1,75.48,75.48,1810787.0
2009-12-18,75.2,76.01,73.49,74.86,3495314.0
2009-12-21,75.15,76.34,74.9,76.19,1601313.0
2009-12-22,76.47,78.47,76.28,78.38,1646669.0
2009-12-23,78.5,79.32,78.36,79.15,1616774.0
2009-12-24,79.34,79.35,78.76,79.21,399227.0
2009-12-28,79.22,79.67,79.18,79.56,674894.0
2009-12-29,79.67,79.97,79.13,79.72,660208.0
2009-12-30,79.25,79.7,79.11,79.69,572424.0
2009-12-31,79.66,79.66,78.86,78.86,839063.0
2010-01-04,79.17,79.68,78.26,78.6,1793104.0
2010-01-05,78.5,78.72,77.77,77.87,1122171.0
2010-01-06,77.5,78.08,77.28,77.66,1207997.0
2010-01-07,77.41,77.89,77.02,77.64,2266836.0
2010-01-08,77.7,78.31,77.38,77.91,1184993.0
2010-01-11,78.25,78.6,77.77,78.41,1535513.0
2010-01-12,77.9,78.28,77.14,77.25,1412745.0
2010-01-13,77.51,77.99,77.32,77.5,1392986.0
2010-01-14,76.56,77.25,76.11,77.04,2099858.0
2010-01-15,76.84,76.94,75.68,76.29,1382360.0
2010-01-19,76.54,77.67,76.36,77.29,1692288.0
2010-01-20,77.26,77.6,76.01,76.79,1382028.0
2010-01-21,77.08,77.31,76.08,76.15,1203567.0
2010-01-22,75.25,76.4,74.76,75.08,1535146.0
2010-01-25,75.78,76.39,75.12,75.78,863997.0
2010-01-26,75.38,75.8,75.03,75.57,745478.0
2010-01-27,75.3,76.34,74.75,76.0,1179913.0
2010-01-28,77.95,78.63,75.6,76.48,1577647.0
2010-01-29,76.21,76.82,75.11,75.37,1090273.0
2010-02-01,75.74,76.12,74.81,75.71,806281.0
2010-02-02,75.54,77.06,75.38,77.02,1388528.0
2010-02-03,76.62,76.94,76.12,76.64,1458695.0
2010-02-04,76.11,76.38,74.68,74.71,1470376.0
2010-02-05,74.55,74.93,73.85,74.89,1913076.0
2010-02-08,74.56,75.14,74.07,74.68,1284608.0
2010-02-09,75.47,75.66,74.33,75.26,1185830.0
2010-02-10,75.11,75.25,74.28,74.64,1249350.0
2010-02-11,74.71,75.29,74.27,75.22,1832457.0
2010-02-12,74.9,75.93,74.14,75.84,1726557.0
2010-02-16,76.0,76.96,75.33,76.91,1384251.0
2010-02-17,77.25,77.74,76.93,77.36,1282610.0
2010-02-18,77.36,78.0,76.96,77.96,1155932.0
2010-02-19,77.04,77.9,76.68,77.54,1618655.0
2010-02-22,77.89,77.9,77.1,77.5,949666.0
2010-02-23,77.62,78.06,76.75,77.87,1560228.0
2010-02-24,77.8,78.86,77.58,78.82,1888190.0
2010-02-25,78.35,78.62,77.73,78.52,1494334.0
2010-02-26,78.89,78.9,77.75,77.87,1357021.0
2010-03-01,77.95,79.02,77.88,79.02,1680451.0
2010-03-02,78.8,79.63,78.73,79.14,1354295.0
2010-03-03,79.21,79.21,78.62,78.68,1055661.0
2010-03-04,79.0,79.02,78.21,78.5,1667562.0
2010-03-05,78.36,78.68,78.24,78.6,1601348.0
2010-03-08,78.34,78.66,77.77,77.95,1061671.0
2010-03-09,77.75,78.64,77.75,78.47,1079610.0
2010-03-10,78.53,79.1,78.29,78.92,1266862.0
2010-03-11,78.78,79.02,77.55,78.46,1088433.0
2010-03-12,78.49,78.69,77.79,78.37,908215.0
2010-03-15,78.2,79.01,78.06,79.0,701572.0
2010-03-16,79.08,79.57,78.77,79.03,849497.0
2010-03-17,79.25,79.56,78.85,79.24,842273.0
2010-03-18,79.01,79.58,78.92,79.39,691306.0
2010-03-19,79.55,79.67,78.71,79.1,1370730.0
2010-03-22,79.05,80.56,79.0,80.14,1433170.0
2010-03-23,80.45,80.45,79.31,79.71,872312.0
2010-03-24,79.5,79.67,78.79,79.01,1488851.0
2010-03-25,79.1,79.66,78.74,78.87,934601.0
2010-03-26,78.98,78.99,78.24,78.51,999528.0
2010-03-29,78.51,79.16,78.4,79.0,864221.0
2010-03-30,79.15,79.17,78.9,79.05,1099329.0
2010-03-31,78.99,79.4,78.4,78.73,910701.0
2010-04-01,79.23,79.24,78.42,78.96,908183.0
2010-04-05,78.83,79.22,78.42,78.51,1168723.0
2010-04-06,78.25,78.84,78.11,78.43,1051559.0
2010-04-07,78.64,79.19,78.01,78.5,1166095.0
2010-04-08,78.65,78.93,78.21,78.63,771067.0
2010-04-09,78.67,78.97,78.37,78.91,768993.0
2010-04-12,79.26,79.27,78.72,79.0,639701.0
2010-04-13,78.99,79.0,78.21,78.72,905530.0
2010-04-14,78.6,78.78,78.13,78.49,1271450.0
2010-04-15,78.16,78.75,77.97,78.05,1542252.0
2010-04-16,78.02,78.4,77.46,77.74,2440271.0
2010-04-19,77.94,78.67,77.82,78.46,1721730.0
2010-04-20,78.76,79.85,78.6,79.66,1485099.0
2010-04-21,79.84,79.92,78.36,78.56,1764213.0
2010-04-22,77.57,77.83,76.03,77.27,2543564.0
2010-04-23,77.63,78.36,77.14,77.55,1622506.0
2010-04-26,77.69,78.08,76.38,76.4,1510658.0
2010-04-27,76.43,76.7,75.61,76.04,1530802.0
2010-04-28,76.32,77.04,76.0,76.7,1682000.0
2010-04-29,76.5,78.37,75.28,76.6,2795036.0
2010-04-30,76.71,77.15,76.05,76.37,2131758.0
2010-05-03,76.29,76.53,75.15,76.22,1831695.0
2010-05-04,75.83,75.9,74.97,75.44,1382397.0
2010-05-05,75.59,76.18,74.76,75.61,1512577.0
2010-05-06,75.59,75.89,74.88,74.88,2771722.0
2010-05-07,75.0,75.05,73.12,73.66,2663107.0
2010-05-10,75.27,76.7,74.7,75.57,1611165.0
2010-05-11,75.04,75.34,74.24,74.75,1505741.0
2010-05-12,75.03,75.3,74.26,75.1,1331868.0
2010-05-13,75.26,75.69,74.4,74.47,1482524.0
2010-05-14,74.2,74.3,72.82,73.26,1993393.0
2010-05-17,73.62,74.05,73.11,73.78,1439098.0
2010-05-18,74.35,75.11,74.14,74.3,2087991.0
2010-05-19,74.35,74.56,73.27,73.73,2228701.0
2010-05-20,72.48,72.81,71.65,71.65,2292990.0
2010-05-21,70.47,71.81,69.95,71.49,2279067.0
2010-05-24,71.36,72.14,71.25,71.33,1034787.0
2010-05-25,70.94,71.54,69.58,71.44,1946907.0
2010-05-26,71.29,72.29,70.62,70.66,1450905.0
2010-05-27,71.55,72.25,71.09,72.21,1489048.0
2010-05-28,72.04,72.23,71.17,71.3,1512781.0
2010-06-01,71.09,71.87,70.68,70.71,1267341.0
2010-06-02,70.69,72.47,70.25,72.4,1245245.0
2010-06-03,72.48,72.88,71.74,72.39,991706.0
2010-06-04,71.44,71.59,69.95,70.08,1705183.0
2010-06-07,69.96,70.55,69.27,69.29,1543119.0
2010-06-08,69.01,69.38,68.11,68.92,2638330.0
2010-06-09,68.83,69.68,68.5,68.64,1673062.0
2010-06-10,69.4,69.8,69.21,69.76,1421200.0
2010-06-11,69.19,69.82,69.17,69.69,1467952.0
2010-06-14,70.5,71.04,70.1,70.19,1657927.0
2010-06-15,70.26,71.11,70.2,71.11,1376787.0
2010-06-16,70.68,72.05,70.48,72.05,1334603.0
2010-06-17,72.2,72.22,71.47,71.92,1317942.0
2010-06-18,72.02,72.03,71.27,71.32,1937918.0
2010-06-21,71.82,72.15,71.25,71.48,1682359.0
2010-06-22,71.58,72.56,71.15,71.16,1507472.0
2010-06-23,71.11,71.26,69.9,70.05,2171731.0
2010-06-24,69.98,70.3,69.33,69.42,1551009.0
2010-06-25,69.35,69.92,68.74,69.05,2632404.0
2010-06-28,69.13,69.61,68.5,69.16,1150815.0
2010-06-29,68.14,68.32,67.0,67.45,2213167.0
2010-06-30,67.06,68.14,67.05,67.62,2027189.0
2010-07-01,67.69,67.73,66.63,67.29,2283236.0
2010-07-02,67.36,68.36,67.29,67.97,1487290.0
2010-07-06,68.31,68.83,67.59,68.18,1490094.0
2010-07-07,68.07,70.3,67.9,70.28,2113933.0
2010-07-08,70.7,71.02,69.44,69.96,1791109.0
2010-07-09,69.72,70.09,69.05,69.46,1012338.0
2010-07-12,69.39,69.46,68.83,69.08,1246115.0
2010-07-13,69.61,70.08,69.4,69.52,1252798.0
2010-07-14,69.21,69.59,68.52,69.59,1375151.0
2010-07-15,69.36,69.69,68.87,69.36,955088.0
2010-07-16,68.93,69.33,67.62,67.75,1221083.0
2010-07-19,68.08,68.38,67.81,68.06,765688.0
2010-07-20,67.46,68.17,67.14,68.13,1734544.0
2010-07-21,68.1,68.26,66.64,66.92,1876679.0
2010-07-22,67.22,68.24,67.1,67.4,2360420.0
2010-07-23,66.97,67.07,66.47,66.89,2771900.0
2010-07-26,66.72,68.64,66.72,68.55,1918213.0
2010-07-27,68.9,69.26,68.09,68.27,1736677.0
2010-07-28,68.25,68.8,67.39,68.33,2236021.0
2010-07-29,69.43,69.93,67.13,67.54,2089040.0
2010-07-30,67.2,69.15,66.87,68.8,2115552.0
2010-08-02,69.54,70.5,69.2,70.4,2255789.0
2010-08-03,70.18,70.89,70.11,70.46,1311642.0
2010-08-04,70.37,71.27,70.25,71.19,1226174.0
2010-08-05,70.78,71.78,70.74,71.61,1371155.0
2010-08-06,71.11,71.8,70.49,71.68,1214621.0
2010-08-09,71.59,72.0,71.5,71.88,661512.0
2010-08-10,71.58,72.69,71.06,72.39,1251771.0
2010-08-11,71.78,71.78,70.53,71.1,1745126.0
2010-08-12,70.46,71.22,70.22,71.06,1041845.0
2010-08-13,70.79,71.26,70.64,70.96,668417.0
2010-08-16,70.5,70.8,70.14,70.63,688510.0
2010-08-17,70.67,72.31,70.67,71.98,1048763.0
2010-08-18,71.88,72.68,71.57,72.33,941186.0
2010-08-19,72.0,72.04,70.71,71.31,1013803.0
2010-08-20,71.35,71.47,69.95,70.82,1213653.0
2010-08-23,71.24,71.8,70.99,71.01,1362282.0
2010-08-24,70.1,70.35,69.06,69.3,1289764.0
2010-08-25,69.29,70.08,68.94,69.76,975460.0
2010-08-26,69.8,69.95,68.82,68.83,1429512.0
2010-08-27,69.13,69.79,68.68,69.72,915865.0
2010-08-30,69.62,69.91,69.25,69.26,748196.0
2010-08-31,69.08,69.28,68.07,68.19,1627448.0
2010-09-01,68.83,69.79,68.83,69.52,1580716.0
2010-09-02,69.63,70.27,69.54,70.27,718879.0
2010-09-03,70.59,70.69,69.97,70.62,982156.0
2010-09-07,69.81,70.38,69.61,69.83,767220.0
2010-09-08,69.85,70.05,69.54,69.71,820570.0
2010-09-09,70.29,71.0,69.92,70.83,1283779.0
2010-09-10,70.68,71.39,70.6,71.27,716487.0
2010-09-13,71.77,72.05,70.95,71.19,815862.0
2010-09-14,71.14,71.94,70.86,71.59,693665.0
2010-09-15,71.33,72.78,71.24,72.55,950242.0
2010-09-16,72.13,73.06,71.89,72.75,811553.0
2010-09-17,73.1,73.5,72.87,73.48,1417378.0
2010-09-20,73.46,73.69,72.75,73.58,1074054.0
2010-09-21,73.6,74.0,73.33,73.71,882811.0
2010-09-22,73.85,74.29,73.03,73.48,1027520.0
2010-09-23,73.05,73.62,72.91,73.11,689855.0
2010-09-24,73.76,74.3,73.56,74.28,728680.0
2010-09-27,74.86,74.9,74.2,74.22,823554.0
2010-09-28,74.45,74.86,73.97,74.82,1230108.0
2010-09-29,74.67,74.7,73.85,74.17,1171158.0
2010-09-30,74.35,74.83,73.97,74.1,1021236.0
2010-10-01,74.58,74.72,73.69,74.3,1128813.0
2010-10-04,73.95,74.29,73.39,73.67,831218.0
2010-10-05,74.37,75.09,74.04,74.87,1066534.0
2010-10-06,74.96,75.39,74.7,75.13,642493.0
2010-10-07,75.28,75.49,74.25,74.52,1047587.0
2010-10-08,74.7,75.0,74.45,74.75,911202.0
2010-10-11,74.91,75.48,74.79,74.92,387620.0
2010-10-12,74.83,75.66,74.39,75.55,906090.0
2010-10-13,75.76,76.16,75.48,76.02,903752.0
2010-10-14,76.0,76.36,75.73,76.08,937346.0
2010-10-15,76.4,76.5,75.6,76.13,997032.0
2010-10-18,76.15,76.86,76.11,76.82,781533.0
2010-10-19,76.5,76.63,75.88,76.35,1478380.0
2010-10-20,76.55,77.01,76.42,76.9,1097346.0
2010-10-21,76.96,77.64,76.73,77.0,1644768.0
2010-10-22,77.09,77.27,76.31,76.4,980193.0
2010-10-25,77.0,77.24,76.68,76.91,1166285.0
2010-10-26,76.58,77.01,76.58,76.73,912404.0
2010-10-27,76.32,76.61,75.63,76.15,1132270.0
2010-10-28,77.21,77.21,76.1,76.39,870571.0
2010-10-29,75.96,76.14,75.52,75.52,1278358.0
2010-11-01,76.0,76.06,74.92,75.29,1519888.0
2010-11-02,75.88,76.22,75.24,75.38,1430848.0
2010-11-03,75.37,76.0,74.65,75.54,1832271.0
2010-11-04,77.0,78.76,76.31,78.25,2374784.0
2010-11-05,77.87,78.16,77.34,77.54,1813461.0
2010-11-08,76.68,77.98,76.63,77.56,1139350.0
2010-11-09,77.49,78.19,77.27,77.78,1353587.0
2010-11-10,77.41,78.24,77.16,78.18,1191800.0
2010-11-11,77.62,78.35,77.22,78.27,1036282.0
2010-11-12,77.75,77.82,77.13,77.27,1136773.0
2010-11-15,77.33,78.12,76.8,77.39,922362.0
2010-11-16,76.92,77.15,76.4,76.61,1620935.0
2010-11-17,76.78,76.91,76.25,76.78,1276775.0
2010-11-18,77.18,78.06,76.88,77.69,955749.0
2010-11-19,77.6,77.88,77.27,77.84,1056048.0
2010-11-22,77.5,77.81,76.84,77.62,1264246.0
2010-11-23,76.75,76.9,76.36,76.64,1087348.0
2010-11-24,76.9,78.15,76.55,78.12,1304619.0
2010-11-26,77.26,78.42,77.2,78.16,825079.0
2010-11-29,77.54,78.31,77.16,78.05,1595337.0
2010-11-30,77.03,78.19,76.62,77.93,1873749.0
2010-12-01,78.5,79.96,78.34,79.82,1588637.0
2010-12-02,79.88,81.16,79.8,80.76,2106310.0
2010-12-03,80.65,81.65,80.37,81.53,1831254.0
2010-12-06,81.39,81.59,80.85,80.85,2069159.0
2010-12-07,81.32,81.87,81.05,81.38,2351448.0
2010-12-08,81.06,81.61,80.8,81.05,1380810.0
2010-12-09,81.27,81.79,81.1,81.46,1064362.0
2010-12-10,81.7,82.45,81.55,82.03,1516860.0
2010-12-13,82.17,82.75,81.76,82.42,1459401.0
2010-12-14,82.17,83.8,82.04,83.39,1632265.0
2010-12-15,83.26,83.5,82.81,83.04,1552160.0
2010-12-16,82.9,84.93,82.63,84.78,1955136.0
2010-12-17,84.74,85.31,83.97,85.21,1913167.0
2010-12-20,85.49,85.5,83.82,83.85,1641170.0
2010-12-21,84.04,84.26,83.4,83.81,1595443.0
2010-12-22,84.04,84.66,83.65,84.38,1014808.0
2010-12-23,84.4,84.79,84.13,84.64,908435.0
2010-12-27,84.42,84.5,84.02,84.11,568411.0
2010-12-28,84.34,85.33,84.28,85.32,1251369.0
2010-12-29,85.3,85.5,84.83,84.98,845527.0
2010-12-30,84.81,85.34,84.65,85.14,659263.0
2010-12-31,84.99,85.27,84.43,84.52,645099.0
2011-01-03,85.2,85.69,84.63,84.73,1579406.0
2011-01-04,84.73,84.86,83.08,83.35,1652519.0
2011-01-05,83.0,83.63,82.73,83.37,1048347.0
2011-01-06,83.36,83.58,82.99,83.25,952181.0
2011-01-07,83.34,83.85,82.67,83.23,973256.0
2011-01-10,82.79,83.22,82.59,83.06,886186.0
2011-01-11,83.25,84.22,83.25,83.98,698702.0
2011-01-12,84.31,84.33,83.48,83.64,1457614.0
2011-01-13,83.72,83.89,82.91,83.13,1271350.0
2011-01-14,82.94,83.13,82.36,82.7,1313526.0
2011-01-18,82.57,84.18,82.45,83.97,1432593.0
2011-01-19,84.02,84.27,82.68,83.0,1281467.0
2011-01-20,82.92,83.37,82.71,83.09,801995.0
2011-01-21,83.51,84.38,83.08,83.2,1397544.0
2011-01-24,83.2,83.87,83.15,83.66,1246016.0
2011-01-25,83.78,84.76,83.65,84.61,1815876.0
2011-01-26,84.83,85.0,84.13,84.13,1213535.0
2011-01-27,83.81,84.32,83.41,83.55,1159779.0
2011-01-28,83.74,83.95,82.41,82.56,1070108.0
2011-01-31,82.44,82.97,81.56,82.95,1097243.0
2011-02-01,83.53,83.95,83.09,83.82,795619.0
2011-02-02,83.55,84.07,83.34,83.72,793011.0
2011-02-03,83.64,84.43,83.51,84.16,805745.0
2011-02-04,84.29,84.52,83.82,84.5,911584.0
2011-02-07,84.64,85.9,84.58,85.64,1289757.0
2011-02-08,83.4,83.99,80.15,81.03,4390043.0
2011-02-09,81.27,81.72,80.97,81.38,1723126.0
2011-02-10,81.5,81.73,81.05,81.2,1580779.0
2011-02-11,80.96,81.53,80.5,81.29,1287978.0
2011-02-14,81.21,81.62,80.76,81.59,1229697.0
2011-02-15,80.66,81.05,80.29,80.44,1968091.0
2011-02-16,80.44,80.91,79.97,80.0,2949020.0
2011-02-17,79.64,80.39,78.62,80.26,2688097.0
2011-02-18,80.36,81.74,80.09,81.28,1984653.0
2011-02-22,80.15,81.13,79.58,79.68,1664972.0
2011-02-23,79.89,80.15,79.03,79.09,1626995.0
2011-02-24,78.99,79.7,78.57,79.08,1286491.0
2011-02-25,79.38,80.23,79.18,80.17,1172059.0
2011-02-28,80.07,80.33,79.55,80.0,1700020.0
2011-03-01,80.05,80.18,79.2,79.2,1254078.0
2011-03-02,79.02,79.99,79.0,79.47,1230656.0
2011-03-03,79.91,81.27,79.66,81.07,1187283.0
2011-03-04,80.98,81.05,79.5,80.21,1388855.0
2011-03-07,80.52,80.75,79.2,79.41,1278505.0
2011-03-08,79.26,80.13,78.68,79.94,966940.0
2011-03-09,79.89,79.97,79.13,79.65,1090836.0
2011-03-10,78.88,79.04,77.93,78.33,1527354.0
2011-03-11,78.0,79.07,77.96,78.87,1179205.0
2011-03-14,78.43,78.55,77.22,77.67,1522940.0
2011-03-15,75.96,77.39,75.7,76.96,2101672.0
2011-03-16,76.7,77.21,75.44,76.53,2446646.0
2011-03-17,77.31,77.96,76.39,76.51,1389179.0
2011-03-18,76.91,77.48,76.5,76.9,2143758.0
2011-03-21,78.3,78.36,77.76,77.91,1106719.0
2011-03-22,77.95,78.31,77.89,78.05,775743.0
2011-03-23,77.79,77.86,77.03,77.62,899724.0
2011-03-24,77.84,78.06,77.2,77.98,806584.0
2011-03-25,78.15,78.93,78.06,78.65,997865.0
2011-03-28,78.67,79.0,78.25,78.62,987096.0
2011-03-29,78.58,79.5,78.47,79.49,825386.0
2011-03-30,79.79,80.19,79.38,79.49,937159.0
2011-03-31,79.31,80.35,79.26,79.62,1420823.0
2011-04-01,79.95,80.79,79.3,80.57,1781868.0
2011-04-04,80.75,81.08,80.61,81.02,798330.0
2011-04-05,80.83,81.05,80.2,80.39,1041238.0
2011-04-06,80.6,81.14,80.42,80.99,1316779.0
2011-04-07,80.85,81.25,80.56,80.96,723813.0
2011-04-08,80.99,81.19,80.5,80.76,778340.0
2011-04-11,80.97,81.95,80.81,81.5,1107016.0
2011-04-12,81.22,81.75,81.14,81.37,829542.0
2011-04-13,81.54,82.02,81.49,81.87,1318761.0
2011-04-14,81.41,82.01,81.19,81.81,1209322.0
2011-04-15,82.32,83.59,82.19,83.45,1301971.0
2011-04-18,82.56,83.89,82.27,83.07,1498844.0
2011-04-19,83.13,83.71,82.94,83.35,1115312.0
2011-04-20,84.0,84.38,83.66,83.98,2161150.0
2011-04-21,84.27,84.37,83.84,84.0,1774125.0
2011-04-25,83.84,84.13,83.39,83.92,1219687.0
2011-04-26,84.0,84.95,83.86,84.89,2086870.0
2011-04-27,84.81,85.62,82.73,85.5,1893149.0
2011-04-28,84.4,85.93,84.4,85.56,1488589.0
2011-04-29,85.33,86.34,85.04,85.94,1004755.0
2011-05-02,86.21,87.25,85.63,86.85,1729704.0
2011-05-03,87.02,87.09,86.52,86.83,1265628.0
2011-05-04,86.47,86.83,86.05,86.42,1210055.0
2011-05-05,86.24,86.58,85.46,85.94,1341869.0
2011-05-06,86.6,87.0,86.18,86.42,847666.0
2011-05-09,86.38,87.08,85.99,86.95,765536.0
2011-05-10,87.0,87.76,86.8,87.75,732442.0
2011-05-11,88.49,89.17,87.74,88.07,1367584.0
2011-05-12,87.92,88.71,87.24,88.71,995223.0
2011-05-13,88.8,88.86,87.64,88.11,1000101.0
2011-05-16,87.93,88.42,87.73,87.92,861935.0
2011-05-17,87.65,88.09,86.99,88.0,1066914.0
2011-05-18,88.21,89.48,87.99,89.47,1512231.0
2011-05-19,89.53,89.73,89.0,89.58,1180769.0
2011-05-20,89.31,89.4,88.4,88.9,1194317.0
2011-05-23,88.06,88.16,87.1,87.47,1111173.0
2011-05-24,87.49,87.73,86.67,86.74,1214541.0
2011-05-25,86.43,86.98,86.43,86.75,1208533.0
2011-05-26,86.62,86.77,86.31,86.63,1140713.0
2011-05-27,86.95,87.1,86.54,87.04,681148.0
2011-05-31,87.55,87.65,87.08,87.55,1247867.0
2011-06-01,87.3,87.67,87.04,87.14,1276040.0
2011-06-02,87.01,87.04,85.93,86.34,906901.0
2011-06-03,85.67,86.13,85.0,85.76,846587.0
2011-06-06,85.52,85.65,85.03,85.21,734354.0
2011-06-07,85.22,85.67,84.7,84.97,917845.0
2011-06-08,85.05,85.72,84.53,85.51,1028569.0
2011-06-09,85.44,86.66,85.26,86.3,794224.0
2011-06-10,85.84,86.17,84.87,84.92,796063.0
2011-06-13,84.95,85.51,84.87,85.06,551673.0
2011-06-14,85.75,86.55,85.66,86.25,776096.0
2011-06-15,85.91,86.38,84.78,84.91,1231235.0
2011-06-16,85.11,85.29,84.51,84.88,860081.0
2011-06-17,85.61,86.08,85.04,85.13,1357182.0
2011-06-20,84.99,86.13,84.88,85.96,834351.0
2011-06-21,86.39,86.74,85.87,86.53,735707.0
2011-06-22,86.14,86.91,86.14,86.39,787738.0
2011-06-23,85.52,85.71,84.19,85.68,1092855.0
2011-06-24,85.61,85.69,84.75,84.84,904031.0
2011-06-27,85.05,85.59,84.54,85.25,692706.0
2011-06-28,85.59,86.49,85.21,86.11,787901.0
2011-06-29,86.39,86.52,85.59,85.84,959391.0
2011-06-30,86.18,86.66,85.86,86.17,1338406.0
2011-07-01,86.33,89.5,85.96,89.3,2433137.0
2011-07-05,89.2,89.5,88.86,89.17,1424592.0
2011-07-06,88.83,89.5,88.76,89.28,1042108.0
2011-07-07,89.73,89.75,89.09,89.74,1089406.0
2011-07-08,89.01,89.37,88.51,89.3,1229048.0
2011-07-11,88.57,88.95,87.2,87.37,1275435.0
2011-07-12,87.17,88.57,87.15,87.57,1012267.0
2011-07-13,88.02,88.68,87.64,87.77,937010.0
2011-07-14,88.08,88.13,86.8,87.54,1043857.0
2011-07-15,87.61,88.05,86.62,87.09,1302196.0
2011-07-18,86.95,87.08,86.03,86.67,964116.0
2011-07-19,86.84,87.99,86.81,87.89,1025712.0
2011-07-20,88.0,88.07,87.24,87.68,900080.0
2011-07-21,88.3,89.08,87.99,88.97,952719.0
2011-07-22,88.68,88.84,86.39,87.16,1660457.0
2011-07-25,86.56,86.95,86.08,86.62,1070511.0
2011-07-26,86.78,86.78,84.83,84.96,1213855.0
2011-07-27,84.82,85.17,83.18,83.49,1716136.0
2011-07-28,83.36,83.92,82.73,82.94,972797.0
2011-07-29,82.33,83.85,82.21,83.61,1675913.0
2011-08-01,84.16,84.16,81.21,82.3,1940192.0
2011-08-02,81.55,82.45,79.92,79.98,1731427.0
2011-08-03,80.07,80.46,78.15,80.18,2000238.0
2011-08-04,79.49,79.88,77.59,77.61,1948835.0
2011-08-05,78.41,80.45,77.05,79.23,3643288.0
2011-08-08,78.03,79.16,76.14,76.42,3867243.0
2011-08-09,75.99,78.83,75.0,78.81,3309944.0
2011-08-10,77.41,78.42,76.18,76.42,3215717.0
2011-08-11,76.62,79.37,76.19,78.67,2977997.0
2011-08-12,79.1,80.66,78.81,80.28,2097914.0
2011-08-15,80.75,81.28,79.89,81.1,1613496.0
2011-08-16,80.15,80.99,79.42,80.28,1538337.0
2011-08-17,80.42,81.62,79.62,79.81,1568607.0
2011-08-18,78.97,78.98,76.55,77.47,1804726.0
2011-08-19,77.03,78.09,76.69,76.92,1777934.0
2011-08-22,78.32,78.44,76.5,76.85,1155627.0
2011-08-23,77.16,79.2,76.93,79.08,1554788.0
2011-08-24,78.8,79.83,78.53,79.64,1236117.0
2011-08-25,79.81,80.0,77.81,78.16,1133119.0
2011-08-26,77.93,79.94,76.31,79.73,992687.0
2011-08-29,80.46,81.23,80.42,80.84,1029392.0
2011-08-30,80.51,81.2,79.72,80.73,1125283.0
2011-08-31,81.16,81.99,80.88,81.38,1014756.0
2011-09-01,81.21,82.18,80.37,80.44,1290394.0
2011-09-02,80.03,80.03,78.23,78.49,1242362.0
2011-09-06,76.64,78.58,76.11,78.43,1360925.0
2011-09-07,78.73,80.09,78.54,80.04,1154482.0
2011-09-08,79.66,80.43,78.45,78.53,1523939.0
2011-09-09,77.86,77.98,75.67,76.02,2182458.0
2011-09-12,75.36,76.54,74.07,76.38,2090871.0
2011-09-13,76.63,76.92,75.78,76.44,1085833.0
2011-09-14,76.48,78.07,75.17,77.26,2458683.0
2011-09-15,77.84,77.92,75.99,77.5,1326227.0
2011-09-16,77.64,78.0,76.96,77.25,1713404.0
2011-09-19,76.45,76.84,75.04,75.56,1982205.0
2011-09-20,76.04,76.96,75.37,75.44,2013139.0
2011-09-21,75.3,75.65,73.67,73.7,2165890.0
2011-09-22,72.18,73.74,71.71,73.4,3061673.0
2011-09-23,73.0,74.11,72.67,73.74,1618377.0
2011-09-26,74.04,74.41,73.29,74.09,1282488.0
2011-09-27,75.04,77.4,75.01,76.15,1325790.0
2011-09-28,76.36,76.48,73.2,73.25,2323300.0
2011-09-29,74.47,74.59,73.18,74.34,1837542.0
2011-09-30,73.74,74.59,73.29,73.32,1331957.0
2011-10-03,72.8,73.37,70.45,70.84,2110187.0
2011-10-04,70.12,72.38,69.59,72.34,1882560.0
2011-10-05,72.33,73.37,71.91,72.92,1922137.0
2011-10-06,72.03,73.46,71.71,73.21,2121499.0
2011-10-07,71.7,73.9,71.7,72.86,1680470.0
2011-10-10,73.94,74.71,73.6,74.45,853636.0
2011-10-11,74.32,74.69,73.35,73.42,1105851.0
2011-10-12,74.04,74.9,73.81,74.2,1610331.0
2011-10-13,74.17,74.17,73.31,73.87,1189413.0
2011-10-14,74.3,74.46,73.54,74.29,1015022.0
2011-10-17,74.0,74.25,72.65,72.79,734186.0
2011-10-18,72.71,74.27,72.17,73.49,1343761.0
2011-10-19,73.71,74.84,73.59,73.86,1203814.0
2011-10-20,74.04,74.31,72.51,73.47,1462791.0
2011-10-21,74.2,76.43,74.11,76.43,1562558.0
2011-10-24,76.55,78.5,76.15,78.23,1620864.0
2011-10-25,77.56,78.67,76.58,76.72,1380416.0
2011-10-26,77.14,77.87,75.98,76.72,1348075.0
2011-10-27,79.34,79.56,77.77,78.67,1243856.0
2011-10-28,78.79,79.81,78.7,79.64,981260.0
2011-10-31,79.11,79.54,78.21,78.23,1443088.0
2011-11-01,76.87,77.18,75.5,76.11,1587497.0
2011-11-02,71.0,73.87,70.76,72.6,6287660.0
2011-11-03,73.22,73.3,71.93,72.38,2666409.0
2011-11-04,72.25,73.21,71.47,72.68,3195704.0
2011-11-07,73.86,75.06,72.89,74.43,2947829.0
2011-11-08,74.52,74.79,73.59,74.71,1674644.0
2011-11-09,73.22,73.46,72.2,72.61,1875638.0
2011-11-10,73.36,73.88,72.64,73.56,1506614.0
2011-11-11,74.35,74.63,73.35,74.12,1763362.0
2011-11-14,74.05,74.54,73.96,74.31,1185528.0
2011-11-15,73.93,75.9,73.92,75.64,1676206.0
2011-11-16,74.47,75.49,74.11,74.37,1599324.0
2011-11-17,74.25,74.52,73.47,73.73,1922957.0
2011-11-18,73.95,74.06,72.97,73.15,1495499.0
2011-11-21,72.33,72.33,71.61,71.84,1285707.0
2011-11-22,72.0,72.62,71.32,72.12,1396117.0
2011-11-23,71.46,71.78,70.61,70.77,1973085.0
2011-11-25,70.81,71.38,70.81,71.11,902412.0
2011-11-28,72.34,72.85,71.52,71.99,1837075.0
2011-11-29,72.16,72.6,71.62,71.77,1806331.0
2011-11-30,73.39,73.99,72.94,73.78,2138539.0
2011-12-01,73.77,75.1,73.77,74.14,1903435.0
2011-12-02,74.42,75.02,73.12,73.64,2227039.0
2011-12-05,74.66,74.88,73.79,74.41,1916702.0
2011-12-06,74.64,74.78,73.66,73.87,1213439.0
2011-12-07,73.68,74.31,72.69,74.12,2316021.0
2011-12-08,73.07,73.52,72.41,72.53,2026205.0
2011-12-09,72.82,73.2,72.55,72.92,1446861.0
2011-12-12,72.87,73.0,71.97,72.52,1343957.0
2011-12-13,72.68,72.76,71.51,71.8,1428701.0
2011-12-14,71.73,71.98,71.39,71.52,1277927.0
2011-12-15,71.87,72.1,71.0,71.15,1751489.0
2011-12-16,71.38,71.45,70.05,70.65,2815440.0
2011-12-19,70.78,71.28,70.5,70.66,1310212.0
2011-12-20,71.37,73.14,71.25,73.02,1553712.0
2011-12-21,73.07,73.84,72.75,73.63,1473159.0
2011-12-22,73.63,74.1,73.5,73.76,1419371.0
2011-12-23,74.0,74.48,73.83,74.44,1190583.0
2011-12-27,74.35,75.08,74.32,74.8,932164.0
2011-12-28,74.92,74.93,73.75,73.8,1124851.0
2011-12-29,74.0,74.73,73.86,74.55,940983.0
2011-12-30,74.68,75.39,74.55,74.72,1033655.0
2012-01-03,75.59,75.87,74.13,74.45,2146300.0
2012-01-04,74.07,74.33,72.82,73.18,2119950.0
2012-01-05,73.17,73.24,72.3,72.69,2057879.0
2012-01-06,72.85,73.3,72.4,73.03,1384873.0
2012-01-09,73.21,73.49,72.56,73.35,1417684.0
2012-01-10,73.67,74.46,73.67,74.22,1579762.0
2012-01-11,74.02,75.08,74.02,74.74,1770072.0
2012-01-12,74.8,74.99,74.0,74.69,1354549.0
2012-01-13,74.32,75.08,73.91,74.91,1441168.0
2012-01-17,75.51,76.51,75.22,75.25,1629208.0
2012-01-18,75.32,76.63,75.1,76.48,1457328.0
2012-01-19,76.57,78.19,76.53,77.91,1476249.0
2012-01-20,77.79,78.38,77.7,78.15,1408126.0
2012-01-23,78.21,78.27,77.43,77.59,1433213.0
2012-01-24,77.4,78.7,77.34,78.29,1511530.0
2012-01-25,78.04,79.74,78.01,79.25,2135836.0
2012-01-26,79.47,80.25,78.93,79.37,1904316.0
2012-01-27,79.18,79.7,78.92,79.09,1216685.0
2012-01-30,78.74,79.12,77.96,78.99,1315994.0
2012-01-31,79.09,79.65,78.25,78.41,1359999.0
2012-02-01,78.61,79.95,78.29,79.5,1297197.0
2012-02-02,79.73,79.82,78.99,79.38,638430.0
2012-02-03,79.87,80.09,79.55,79.91,981151.0
2012-02-06,79.51,80.56,79.33,80.53,1345185.0
2012-02-07,77.55,79.61,76.77,77.51,3145432.0
2012-02-08,77.37,77.45,76.64,76.81,1487446.0
2012-02-09,77.0,77.14,76.5,76.85,1126932.0
2012-02-10,76.51,76.75,76.04,76.42,1718148.0
2012-02-13,76.49,77.04,76.25,76.86,1359032.0
2012-02-14,76.94,76.94,76.34,76.7,1759342.0
2012-02-15,76.85,77.52,76.62,77.26,1147319.0
2012-02-16,77.25,77.72,77.2,77.61,995015.0
2012-02-17,77.68,77.99,77.16,77.4,1109679.0
2012-02-21,77.5,77.61,76.97,77.11,1234482.0
2012-02-22,77.25,77.38,76.76,76.83,1075375.0
2012-02-23,76.75,76.91,76.34,76.45,996311.0
2012-02-24,76.81,77.41,76.74,77.28,1118521.0
2012-02-27,76.88,77.27,76.51,77.12,1049055.0
2012-02-28,77.15,77.55,77.01,77.22,1222783.0
2012-02-29,76.94,77.25,76.16,76.22,1366021.0
2012-03-01,76.22,76.44,75.85,76.38,1320051.0
2012-03-02,76.37,76.83,76.07,76.67,929432.0
2012-03-05,76.48,76.71,75.57,76.01,1059176.0
2012-03-06,75.68,75.86,75.21,75.44,1147374.0
2012-03-07,75.07,75.58,74.95,75.45,1069228.0
2012-03-08,76.01,76.67,75.49,76.6,1194996.0
2012-03-09,76.54,77.54,76.47,76.82,1232279.0
2012-03-12,76.83,77.32,76.47,76.71,1298921.0
2012-03-13,77.0,77.88,76.93,77.8,1201257.0
2012-03-14,77.83,77.9,77.36,77.6,1323211.0
2012-03-15,77.55,78.19,77.22,78.09,993862.0
2012-03-16,78.2,78.24,77.7,78.11,1772586.0
2012-03-19,77.78,78.0,77.42,77.85,993500.0
2012-03-20,77.4,77.52,76.75,77.09,831191.0
2012-03-21,77.0,77.24,76.62,76.83,851605.0
2012-03-22,76.68,77.08,76.31,76.88,576513.0
2012-03-23,76.87,77.01,76.34,76.4,665307.0
2012-03-26,76.49,77.67,76.38,77.67,957578.0
2012-03-27,77.74,78.0,77.67,77.76,730152.0
2012-03-28,77.67,78.0,77.11,77.54,931136.0
2012-03-29,77.3,77.3,76.625,77.1,930937.0
2012-03-30,77.5,78.03,77.31,77.65,1008157.0
2012-04-02,77.42,78.25,77.33,77.91,911050.0
2012-04-03,77.99,78.25,77.51,78.13,973443.0
2012-04-04,77.72,77.98,77.47,77.76,1056895.0
2012-04-05,77.51,77.7,77.35,77.65,929386.0
2012-04-09,76.68,76.96,76.55,76.69,839711.0
2012-04-10,76.4,76.59,75.91,76.01,1161600.0
2012-04-11,76.42,76.81,75.98,76.05,1244797.0
2012-04-12,76.02,76.45,75.6,76.28,1474925.0
2012-04-13,76.28,76.59,74.79,74.79,1685918.0
2012-04-16,75.16,75.49,74.63,75.02,1394363.0
2012-04-17,75.31,76.75,75.31,76.59,1178471.0
2012-04-18,76.39,76.94,76.24,76.27,878153.0
2012-04-19,76.45,76.68,75.91,76.2,903032.0
2012-04-20,76.33,76.65,76.25,76.43,1029142.0
2012-04-23,76.0,76.14,75.35,75.65,633769.0
2012-04-24,75.77,76.1,75.51,76.06,814524.0
2012-04-25,76.4,76.93,76.23,76.89,739308.0
2012-04-26,76.47,77.55,76.32,77.32,747183.0
2012-04-27,77.94,78.16,77.35,78.0,847680.0
2012-04-30,77.91,78.57,77.79,78.45,1081507.0
2012-05-01,78.15,78.35,77.0,77.49,1262818.0
2012-05-02,77.3,78.18,76.86,77.5,1225648.0
2012-05-03,77.37,78.09,77.24,77.65,1086915.0
2012-05-04,77.36,77.47,76.65,76.69,673773.0
2012-05-07,76.47,76.98,76.38,76.72,562050.0
2012-05-08,76.36,76.8,76.26,76.73,1357743.0
2012-05-09,76.23,76.65,75.62,76.02,760122.0
2012-05-10,76.41,77.0,76.27,76.62,1088489.0
2012-05-11,76.33,77.25,76.14,76.76,927057.0
2012-05-14,76.31,76.94,76.0,76.48,632868.0
2012-05-15,76.3,76.68,75.78,75.99,715325.0
2012-05-16,76.18,76.24,75.84,75.96,754339.0
2012-05-17,75.77,75.89,74.59,74.79,1302094.0
2012-05-18,75.16,75.29,73.98,74.19,1378509.0
2012-05-21,74.39,75.39,74.31,75.39,1255863.0
2012-05-22,75.39,75.57,74.57,74.78,922729.0
2012-05-23,74.73,74.77,73.6,74.41,796829.0
2012-05-24,74.28,74.96,74.28,74.72,870917.0
2012-05-25,74.75,74.93,74.17,74.42,925395.0
2012-05-29,74.9,74.95,73.55,74.29,1469012.0
2012-05-30,73.89,73.95,73.35,73.44,1099663.0
2012-05-31,73.47,73.77,72.8,73.13,2042940.0
2012-06-01,72.48,72.72,72.02,72.2,1448964.0
2012-06-04,72.09,72.26,71.56,72.18,1273600.0
2012-06-05,71.9,72.77,71.64,72.59,969469.0
2012-06-06,72.39,72.9,72.06,72.73,1232083.0
2012-06-07,73.49,73.67,72.72,72.9,1138160.0
2012-06-08,72.77,73.28,72.63,73.26,827231.0
2012-06-11,73.74,73.74,72.49,72.53,959087.0
2012-06-12,72.5,72.94,72.0,72.84,925907.0
2012-06-13,72.74,73.51,72.65,72.99,1078636.0
2012-06-14,73.02,73.57,72.87,73.14,1168787.0
2012-06-15,73.13,73.61,72.99,73.59,2885205.0
2012-06-18,73.46,73.67,73.1,73.43,1331689.0
2012-06-19,73.84,74.88,73.74,74.75,1385473.0
2012-06-20,74.76,74.89,74.13,74.67,1093251.0
2012-06-21,74.89,75.04,73.66,73.73,956357.0
2012-06-22,74.07,74.22,73.64,73.99,1008635.0
2012-06-25,73.62,73.69,73.02,73.04,964456.0
2012-06-26,73.37,73.37,72.67,72.77,921147.0
2012-06-27,73.19,73.81,73.03,73.48,781372.0
2012-06-28,73.17,73.32,72.4,73.14,1135338.0
2012-06-29,73.68,74.75,73.68,74.75,1006799.0
2012-07-02,75.12,75.4,74.23,75.37,748507.0
2012-07-03,75.19,76.0,75.14,75.69,698056.0
2012-07-05,75.51,75.78,75.19,75.34,1048771.0
2012-07-06,74.86,75.16,74.53,75.14,673329.0
2012-07-09,75.08,75.19,74.57,74.96,557642.0
2012-07-10,75.3,75.5,74.65,74.81,643235.0
2012-07-11,74.8,75.33,74.61,75.01,708603.0
2012-07-12,74.23,74.89,74.17,74.35,823810.0
2012-07-13,74.48,74.78,74.3,74.42,1003606.0
2012-07-16,74.29,74.73,74.29,74.49,486588.0
2012-07-17,74.73,75.32,74.0,75.21,695554.0
2012-07-18,74.97,75.76,74.56,75.42,787374.0
2012-07-19,75.5,76.12,75.37,75.95,759805.0
2012-07-20,75.56,75.85,74.79,74.79,1592488.0
2012-07-23,74.22,74.42,73.66,74.03,663217.0
2012-07-24,73.95,74.02,72.68,73.17,1020923.0
2012-07-25,73.49,74.25,73.23,73.72,756550.0
2012-07-26,74.16,74.63,74.06,74.49,1132129.0
2012-07-27,74.92,76.1,74.78,75.94,1025765.0
2012-07-30,75.8,76.21,75.27,76.21,1730562.0
2012-07-31,76.06,76.44,75.7,75.71,968639.0
2012-08-01,74.63,75.36,74.33,75.18,1697082.0
2012-08-02,76.45,77.0,74.1,74.42,1744314.0
2012-08-03,74.57,75.36,74.2,74.35,1307324.0
2012-08-06,74.5,75.43,74.4,74.77,1005964.0
2012-08-07,74.85,75.97,74.85,75.47,1141638.0
2012-08-08,75.36,76.0,75.1,75.55,1186272.0
2012-08-09,75.59,75.89,75.26,75.5,1071599.0
2012-08-10,75.42,75.96,75.01,75.89,920857.0
2012-08-13,75.8,76.23,75.58,76.21,739578.0
2012-08-14,76.4,76.4,75.79,76.06,610793.0
2012-08-15,75.92,76.36,75.83,76.17,588102.0
2012-08-16,75.96,76.37,75.82,75.89,1010352.0
2012-08-17,76.05,76.69,75.75,76.55,1193151.0
2012-08-20,76.46,76.89,76.25,76.58,1223158.0
2012-08-21,76.61,77.25,76.12,76.16,1517526.0
2012-08-22,76.05,76.23,75.75,75.99,815406.0
2012-08-23,75.98,76.01,75.14,75.27,1057832.0
2012-08-24,75.23,76.06,75.23,75.93,739197.0
2012-08-27,75.64,76.23,75.55,75.81,818577.0
2012-08-28,75.54,76.12,75.52,75.65,859258.0
2012-08-29,75.65,76.06,75.49,75.52,1136697.0
2012-08-30,75.35,76.03,75.3,75.81,1094223.0
2012-08-31,76.0,76.3,75.62,75.98,1459870.0
2012-09-04,76.08,76.88,75.85,76.58,1269892.0
2012-09-05,76.16,76.79,75.81,76.49,1266457.0
2012-09-06,76.82,77.24,76.75,77.2,1044104.0
2012-09-07,77.24,77.89,77.13,77.88,951056.0
2012-09-10,77.88,78.0,77.36,77.66,1071307.0
2012-09-11,77.75,78.64,77.62,78.25,1201268.0
2012-09-12,78.3,78.42,77.95,78.01,1540659.0
2012-09-13,78.04,78.88,77.81,78.62,991289.0
2012-09-14,78.55,79.34,78.1,79.16,1313360.0
2012-09-17,79.02,79.49,78.87,79.41,891253.0
2012-09-18,79.44,79.58,79.18,79.49,805592.0
2012-09-19,79.49,79.68,79.0,79.19,848915.0
2012-09-20,78.98,79.32,78.67,79.22,1073685.0
2012-09-21,79.53,79.64,79.16,79.32,891162.0
2012-09-24,78.57,79.19,78.53,79.11,1166695.0
2012-09-25,79.41,79.68,78.7,79.0,1255728.0
2012-09-26,78.92,79.0,78.31,78.34,710405.0
2012-09-27,78.93,79.07,78.28,78.74,718880.0
2012-09-28,78.61,78.85,78.11,78.56,993002.0
2012-10-01,78.65,79.48,78.6,78.95,968015.0
2012-10-02,79.03,79.27,78.84,79.2,606808.0
2012-10-03,78.98,79.19,78.47,78.77,796404.0
2012-10-04,78.99,79.27,78.7,79.2,712453.0
2012-10-05,79.44,79.65,79.16,79.45,721877.0
2012-10-08,79.45,79.66,79.16,79.46,459961.0
2012-10-09,79.13,79.13,77.15,77.23,1192752.0
2012-10-10,76.88,77.0,76.24,76.4,1303686.0
2012-10-11,77.0,77.55,76.81,77.03,890226.0
2012-10-12,77.09,77.48,76.49,76.62,943872.0
2012-10-15,77.33,77.33,76.26,76.51,801269.0
2012-10-16,76.78,77.49,76.78,77.26,826309.0
2012-10-17,77.1,77.3,76.45,77.08,830217.0
2012-10-18,77.03,77.11,76.33,76.89,665416.0
2012-10-19,76.4,76.5,75.51,75.65,787540.0
2012-10-22,75.39,75.98,75.32,75.9,601997.0
2012-10-23,75.27,75.93,74.85,75.4,761869.0
2012-10-24,75.53,75.89,75.2,75.26,717133.0
2012-10-25,75.49,75.85,74.99,75.29,942924.0
2012-10-26,75.34,75.73,74.97,75.34,725494.0
2012-10-31,75.15,75.86,74.85,75.68,941198.0
2012-11-01,75.49,76.56,75.03,76.28,725353.0
2012-11-02,76.73,76.83,75.58,75.67,813105.0
2012-11-05,75.44,76.79,75.4,76.59,775516.0
2012-11-06,76.86,78.51,76.75,78.47,1721355.0
2012-11-07,75.75,77.21,74.7,75.53,1607549.0
2012-11-08,75.52,75.54,74.81,75.08,1732726.0
2012-11-09,75.0,75.99,74.92,75.23,740981.0
2012-11-12,75.53,75.53,74.26,74.63,1116318.0
2012-11-13,74.41,75.6,74.41,74.88,847276.0
2012-11-14,75.19,75.36,74.18,74.63,958726.0
2012-11-15,74.73,75.55,74.65,75.45,1180085.0
2012-11-16,75.51,76.28,75.34,75.59,1321109.0
2012-11-19,76.17,76.67,75.61,75.79,1270417.0
2012-11-20,75.82,76.28,75.39,76.18,969734.0
2012-11-21,76.27,77.03,76.06,76.82,1214980.0
2012-11-23,77.0,77.73,76.75,77.73,464496.0
2012-11-26,77.33,77.96,77.04,77.76,1460836.0
2012-11-27,77.36,77.89,76.98,77.15,1162777.0
2012-11-28,77.02,77.73,76.34,77.61,1131169.0
2012-11-29,77.84,78.22,76.85,76.97,1109393.0
2012-11-30,77.1,77.15,76.31,76.67,1668612.0
2012-12-03,76.72,76.72,76.03,76.24,902083.0
2012-12-04,76.33,77.12,76.22,76.97,871789.0
2012-12-05,76.98,77.78,76.73,77.39,1136248.0
2012-12-06,76.9,77.22,76.32,77.1,864578.0
2012-12-07,77.32,77.7,76.84,77.63,775060.0
2012-12-10,77.4,77.83,77.13,77.48,1107837.0
2012-12-11,77.65,78.47,77.5,78.22,1362940.0
2012-12-12,78.43,79.1,78.25,78.61,1330304.0
2012-12-13,78.46,79.09,78.31,78.47,1099377.0
2012-12-14,78.15,78.645,77.6,77.72,1211852.0
2012-12-17,77.82,78.74,77.69,78.73,929300.0
2012-12-18,78.86,78.92,78.38,78.84,1163023.0
2012-12-19,78.93,79.34,78.52,78.53,902623.0
2012-12-20,78.65,79.17,78.57,79.13,1034430.0
2012-12-21,78.78,79.05,78.32,78.86,1621474.0
2012-12-24,78.64,79.01,78.26,78.56,240442.0
2012-12-26,78.63,78.75,77.57,78.02,539569.0
2012-12-27,78.07,78.48,77.54,78.28,520320.0
2012-12-28,77.99,78.03,77.25,77.34,566734.0
2012-12-31,77.41,78.23,76.76,78.19,758872.0
2013-01-02,79.26,79.45,78.73,79.45,1011297.0
2013-01-03,79.9,80.75,79.66,80.39,1174109.0
2013-01-04,80.59,80.6,80.17,80.35,884371.0
2013-01-07,80.16,80.99,80.15,80.62,813079.0
2013-01-08,80.65,81.35,79.87,81.34,1173181.0
2013-01-09,81.5,81.94,81.09,81.55,825145.0
2013-01-10,81.84,81.88,81.08,81.68,747512.0
2013-01-11,81.95,81.95,81.24,81.76,862563.0
2013-01-14,81.84,82.31,81.68,82.3,1248661.0
2013-01-15,81.94,82.82,81.23,82.7,1159067.0
2013-01-16,82.67,83.11,82.44,83.0,1116813.0
2013-01-17,83.22,83.3,82.84,82.86,1235045.0
2013-01-18,83.43,83.96,82.87,83.94,1155425.0
2013-01-22,83.56,83.87,82.72,83.74,1426011.0
2013-01-23,83.5,83.75,83.24,83.68,792748.0
2013-01-24,83.84,84.38,83.31,83.82,768966.0
2013-01-25,83.92,84.63,83.77,84.59,738604.0
2013-01-28,84.47,84.55,83.69,84.06,664058.0
2013-01-29,84.0,84.52,83.73,84.28,613370.0
2013-01-30,84.44,85.0,83.81,84.12,782761.0
2013-01-31,83.84,84.4,83.63,84.04,1049185.0
2013-02-01,84.86,85.31,84.46,85.15,863716.0
2013-02-04,84.71,85.89,84.53,85.16,2039217.0
2013-02-05,86.51,88.17,86.5,87.67,2534755.0
2013-02-06,87.45,87.98,87.13,87.88,1789262.0
2013-02-07,87.9,88.0,87.06,87.9,1847932.0
2013-02-08,87.96,88.67,87.8,88.25,1429840.0
2013-02-11,87.81,88.36,87.78,88.31,914059.0
2013-02-12,88.25,88.95,88.22,88.55,978327.0
2013-02-13,88.89,89.16,88.24,88.47,1095045.0
2013-02-14,88.32,88.41,87.62,88.39,1221136.0
2013-02-15,88.41,88.66,88.04,88.49,1099357.0
2013-02-19,88.46,88.76,88.13,88.57,1188552.0
2013-02-20,88.37,88.56,87.31,87.42,1417597.0
2013-02-21,87.4,87.62,86.41,86.83,1324822.0
2013-02-22,86.98,88.12,86.65,87.91,1141554.0
2013-02-25,88.19,88.57,86.85,86.85,1137447.0
2013-02-26,87.27,87.76,86.38,86.86,1110013.0
2013-02-27,86.97,88.33,86.61,88.17,1052464.0
2013-02-28,88.25,88.58,87.89,88.06,1285667.0
2013-03-01,88.0,88.77,87.71,88.75,1127824.0
2013-03-04,88.5,88.66,87.54,88.66,1245135.0
2013-03-05,88.9,89.3,88.9,89.19,1038923.0
2013-03-06,88.71,88.95,88.04,88.12,1093100.0
2013-03-07,88.12,88.72,87.87,88.24,1091344.0
2013-03-08,88.45,88.89,87.97,88.84,992140.0
2013-03-11,88.78,89.75,88.41,89.61,967903.0
2013-03-12,89.39,90.17,88.99,90.14,970980.0
2013-03-13,89.98,91.07,89.66,91.07,1548429.0
2013-03-14,91.09,92.52,90.71,92.5,2112207.0
2013-03-15,92.49,92.6,91.7,92.3,2206577.0
2013-03-18,91.78,92.1,91.34,91.85,928979.0
2013-03-19,92.06,92.08,91.26,91.74,1076556.0
2013-03-20,92.22,93.14,92.05,92.99,990873.0
2013-03-21,92.54,93.0,91.79,91.93,1024608.0
2013-03-22,92.19,92.78,91.91,92.72,816731.0
2013-03-25,93.04,93.22,91.89,92.43,803567.0
2013-03-26,92.85,93.94,92.42,93.91,769539.0
2013-03-27,93.71,95.2,93.09,95.16,1386468.0
2013-03-28,95.45,95.73,94.81,95.61,998746.0
2013-04-01,95.65,96.24,95.34,95.71,676247.0
2013-04-02,96.13,96.93,95.94,96.58,1551214.0
2013-04-03,96.82,97.14,95.97,96.41,1757014.0
2013-04-04,96.55,96.99,96.41,96.56,1405944.0
2013-04-05,95.6,96.53,95.19,96.11,1091196.0
2013-04-08,95.93,95.99,95.26,95.46,1008361.0
2013-04-09,95.86,96.42,95.29,96.04,1158502.0
2013-04-10,96.23,96.81,96.02,96.41,957518.0
2013-04-11,96.4,97.1,96.34,96.65,891275.0
2013-04-12,96.19,96.59,95.85,96.36,738445.0
2013-04-15,96.12,96.38,94.84,94.84,898720.0
2013-04-16,95.26,95.49,94.43,95.42,1280263.0
2013-04-17,94.97,95.05,93.53,94.55,1032902.0
2013-04-18,94.68,94.68,93.06,93.65,1266736.0
2013-04-19,93.6,94.76,93.5,94.56,1612540.0
2013-04-22,94.57,95.48,94.4,95.16,719415.0
2013-04-23,95.43,96.35,94.94,95.84,554932.0
2013-04-24,96.07,96.16,94.94,94.96,694097.0
2013-04-25,95.4,96.75,95.17,96.39,812535.0
2013-04-26,96.09,96.3,94.61,94.62,1257355.0
2013-04-29,94.84,95.21,94.65,94.81,1036810.0
2013-04-30,94.59,94.62,93.87,94.3,1470253.0
2013-05-01,94.31,94.93,93.31,93.58,1141930.0
2013-05-02,94.61,97.98,94.2,96.16,2585880.0
2013-05-03,96.87,97.49,96.56,97.43,1416843.0
2013-05-06,97.17,97.62,96.83,96.91,778319.0
2013-05-07,97.19,97.58,97.1,97.47,756655.0
2013-05-08,97.3,97.64,96.97,97.58,844127.0
2013-05-09,97.46,97.86,97.34,97.75,931828.0
2013-05-10,98.25,99.61,98.16,99.61,1176025.0
2013-05-13,99.21,100.36,99.2,100.33,1048064.0
2013-05-14,100.71,102.42,100.41,101.77,1677998.0
2013-05-15,101.5,101.84,101.05,101.34,1128109.0
2013-05-16,100.98,101.21,100.39,100.5,690216.0
2013-05-17,100.78,101.91,100.69,101.78,927042.0
2013-05-20,101.61,102.02,100.96,101.12,798981.0
2013-05-21,101.22,101.89,100.93,101.01,742410.0
2013-05-22,101.05,102.72,99.74,100.02,858668.0
2013-05-23,99.55,100.57,99.24,100.17,626924.0
2013-05-24,99.57,100.85,99.02,100.83,835051.0
2013-05-28,101.65,102.12,101.3,101.92,1118941.0
2013-05-29,101.5,101.52,100.38,100.81,987912.0
2013-05-30,101.07,101.47,100.56,100.82,651642.0
2013-05-31,100.42,100.95,98.58,98.62,1307241.0
2013-06-03,98.96,99.23,98.25,99.2,924197.0
2013-06-04,99.15,99.42,97.72,98.37,944979.0
2013-06-05,97.47,98.17,96.75,96.92,653465.0
2013-06-06,97.11,97.75,95.95,97.75,809552.0
2013-06-07,98.16,98.85,97.74,98.69,886156.0
2013-06-10,98.81,98.92,97.7,98.52,686922.0
2013-06-11,97.43,99.0,97.21,98.31,670034.0
2013-06-12,98.89,98.98,97.64,97.67,705114.0
2013-06-13,97.26,98.83,96.81,98.6,827599.0
2013-06-14,98.42,99.22,98.34,98.64,675741.0
2013-06-17,99.58,100.66,99.1,100.17,943325.0
2013-06-18,100.27,100.56,99.43,100.4,478148.0
2013-06-19,100.31,100.42,98.74,98.79,851813.0
2013-06-20,98.07,98.07,96.05,96.25,1128289.0
2013-06-21,96.74,97.55,95.8,96.03,1621212.0
2013-06-24,94.85,97.76,94.25,97.69,1650379.0
2013-06-25,98.6,98.6,97.43,98.0,1196076.0
2013-06-26,98.88,99.87,98.86,99.16,834845.0
2013-06-27,99.64,99.66,98.71,98.75,787188.0
2013-06-28,98.62,99.19,98.12,98.83,1381062.0
2013-07-01,99.43,99.83,98.8,99.25,1216858.0
2013-07-02,99.13,99.15,96.82,97.14,1234858.0
2013-07-03,97.0,98.15,96.78,97.8,577811.0
2013-07-05,98.34,98.69,97.7,98.67,423435.0
2013-07-08,99.33,100.31,99.19,99.36,825836.0
2013-07-09,99.75,99.81,98.68,98.76,822048.0
2013-07-10,98.87,99.53,98.58,99.1,740324.0
2013-07-11,100.13,100.22,99.2,100.01,760205.0
2013-07-12,100.32,102.06,100.06,102.01,1107694.0
2013-07-15,101.9,102.32,101.53,102.17,401411.0
2013-07-16,102.11,102.61,101.72,101.9,585162.0
2013-07-17,102.14,102.64,101.85,101.96,500320.0
2013-07-18,101.99,103.16,101.9,102.98,685446.0
2013-07-19,102.72,103.99,102.33,103.64,854651.0
2013-07-22,103.43,104.86,103.32,104.5,692251.0
2013-07-23,104.56,104.98,103.89,104.31,1142761.0
2013-07-24,104.69,104.85,103.47,103.73,591850.0
2013-07-25,103.56,104.06,103.17,103.52,973450.0
2013-07-26,103.2,103.52,102.13,103.25,888306.0
2013-07-29,102.91,103.3,102.51,103.11,435402.0
2013-07-30,103.52,103.8,102.94,102.99,782462.0
2013-07-31,103.36,104.26,102.94,103.72,1716378.0
2013-08-01,104.0,104.0,102.03,103.11,2117434.0
2013-08-02,103.33,103.48,101.32,101.51,1573868.0
2013-08-05,101.55,101.55,100.69,100.77,1480388.0
2013-08-06,101.19,101.19,100.0,100.17,2286576.0
2013-08-07,100.1,100.15,99.54,100.0,911161.0
2013-08-08,100.54,100.63,99.84,100.31,1196608.0
2013-08-09,100.1,100.57,99.75,99.94,856238.0
2013-08-12,99.79,100.07,99.34,100.0,695371.0
2013-08-13,99.98,100.04,99.12,99.86,563864.0
2013-08-14,99.66,99.89,99.25,99.53,636637.0
2013-08-15,99.21,99.21,97.75,97.83,739516.0
2013-08-16,97.44,97.87,97.13,97.35,790924.0
2013-08-19,97.12,98.12,97.12,97.72,558700.0
2013-08-20,97.72,98.37,97.41,98.18,711182.0
2013-08-21,97.86,98.79,97.78,98.23,769600.0
2013-08-22,98.2,99.15,97.9,98.85,463581.0
2013-08-23,98.96,99.04,98.54,99.02,549901.0
2013-08-26,99.17,99.52,98.8,99.1,665721.0
2013-08-27,98.31,98.36,97.19,97.25,686901.0
2013-08-28,97.38,97.98,97.17,97.59,507664.0
2013-08-29,97.31,98.09,97.05,97.58,394849.0
2013-08-30,97.6,97.61,96.95,97.38,494164.0
2013-09-03,98.45,98.6,96.73,97.31,611543.0
2013-09-04,97.29,98.9,97.15,98.72,636742.0
2013-09-05,98.56,98.92,97.97,98.82,529430.0
2013-09-06,98.88,100.06,97.94,99.38,792306.0
2013-09-09,99.2,100.14,98.9,99.72,694409.0
2013-09-10,100.22,100.51,99.59,99.69,584986.0
2013-09-11,99.77,100.54,99.45,100.36,714967.0
2013-09-12,100.21,100.43,99.51,99.65,546198.0
2013-09-13,99.71,100.09,99.32,99.99,379037.0
2013-09-16,101.02,101.17,99.96,100.73,771714.0
2013-09-17,100.73,101.22,100.57,100.8,484451.0
2013-09-18,101.65,102.89,101.65,102.32,1050391.0
2013-09-19,102.62,102.99,102.39,102.87,625078.0
2013-09-20,102.93,102.97,101.88,102.06,1054839.0
2013-09-23,102.04,102.33,101.57,101.88,577718.0
2013-09-24,101.77,102.0,100.94,101.09,765639.0
2013-09-25,101.1,101.19,100.25,100.25,532228.0
2013-09-26,100.43,101.1,100.3,100.92,413663.0
2013-09-27,100.48,100.76,99.53,99.89,781666.0
2013-09-30,99.41,100.47,98.85,100.02,795621.0
2013-10-01,100.11,101.05,99.93,100.92,528488.0
2013-10-02,100.56,100.72,99.2,100.65,679912.0
2013-10-03,100.28,100.53,99.09,99.5,702061.0
2013-10-04,99.5,100.66,99.32,100.42,526655.0
2013-10-07,99.73,100.07,99.43,99.43,380139.0
2013-10-08,99.48,99.7,98.3,98.33,635438.0
2013-10-09,98.83,99.43,98.44,99.1,641339.0
2013-10-10,99.95,101.16,99.65,101.16,499168.0
2013-10-11,101.31,102.85,101.12,102.81,693711.0
2013-10-14,102.17,102.99,101.59,102.76,491225.0
2013-10-15,102.3,102.73,101.05,101.06,801443.0
2013-10-16,101.55,102.88,101.29,102.88,669160.0
2013-10-17,102.6,104.22,102.34,104.09,465390.0
2013-10-18,104.42,105.02,103.81,104.81,736700.0
2013-10-21,104.35,105.26,103.8,105.02,571401.0
2013-10-22,105.0,106.26,104.99,105.44,765748.0
2013-10-23,105.75,106.86,105.25,106.57,671820.0
2013-10-24,106.77,106.9,105.59,106.01,691005.0
2013-10-25,105.99,106.18,105.16,105.55,614786.0
2013-10-28,105.24,106.57,105.14,106.35,564552.0
2013-10-29,106.57,106.99,105.95,106.5,399458.0
2013-10-30,106.5,106.74,105.39,105.65,419889.0
2013-10-31,105.67,105.99,105.13,105.13,548397.0
2013-11-01,105.56,106.06,104.6,105.17,727933.0
2013-11-04,105.64,106.77,105.22,106.56,732628.0
2013-11-05,107.55,107.88,105.48,107.01,1094633.0
2013-11-06,106.77,107.71,106.45,107.06,904747.0
2013-11-07,107.16,107.6,106.18,106.3,919894.0
2013-11-08,105.96,107.73,105.92,107.71,812406.0
2013-11-11,107.51,108.25,107.17,108.0,811131.0
2013-11-12,108.18,109.03,107.7,108.92,819791.0
2013-11-13,108.07,108.35,107.17,108.03,1279147.0
2013-11-14,108.45,109.46,108.15,108.66,973920.0
2013-11-15,108.67,109.33,108.67,109.12,789058.0
2013-11-18,109.47,109.58,107.89,108.12,691419.0
2013-11-19,108.06,108.61,107.43,108.44,715994.0
2013-11-20,108.28,109.24,108.12,108.68,542451.0
2013-11-21,108.89,109.81,108.8,109.16,499877.0
2013-11-22,109.26,109.45,108.74,109.11,533680.0
2013-11-25,109.61,110.13,109.17,109.24,522765.0
2013-11-26,109.19,109.48,108.86,108.89,699836.0
2013-11-27,109.24,109.53,108.83,108.94,648047.0
2013-11-29,109.2,109.44,108.44,108.59,411828.0
2013-12-02,108.76,108.88,107.76,108.12,1167605.0
2013-12-03,106.89,108.51,106.01,108.41,1167018.0
2013-12-04,107.77,108.13,106.66,107.41,1072061.0
2013-12-05,107.41,107.87,106.92,107.0,833095.0
2013-12-06,107.17,108.39,107.01,108.35,720040.0
2013-12-09,108.39,108.94,107.9,108.61,662478.0
2013-12-10,108.49,108.77,107.24,107.32,744595.0
2013-12-11,107.55,107.68,105.56,105.64,763756.0
2013-12-12,105.4,105.7,104.94,105.0,620301.0
2013-12-13,105.06,105.84,105.06,105.45,651405.0
2013-12-16,105.92,106.56,105.75,105.88,736931.0
2013-12-17,106.21,106.75,105.25,105.75,846534.0
2013-12-18,106.06,108.72,105.53,108.55,1158258.0
2013-12-19,108.36,108.57,107.21,108.02,1205662.0
2013-12-20,107.88,108.97,107.65,108.88,1389940.0
2013-12-23,109.25,109.59,108.98,109.43,471520.0
2013-12-24,109.26,109.95,109.1,109.68,358854.0
2013-12-26,109.96,110.13,109.37,110.1,313454.0
2013-12-27,110.07,110.7,110.07,110.35,295884.0
2013-12-30,110.35,110.61,109.5,110.6,606572.0
2013-12-31,110.98,110.98,110.1,110.49,473033.0
2014-01-02,110.41,110.41,108.79,109.14,665048.0
2014-01-03,109.33,110.14,109.25,109.37,419876.0
2014-01-06,109.95,110.45,109.08,109.45,510658.0
2014-01-07,110.28,111.45,110.28,111.03,1214211.0
2014-01-08,110.52,111.47,109.98,111.08,1162103.0
2014-01-09,111.45,112.4,111.11,112.15,650074.0
2014-01-10,112.15,112.71,111.38,112.54,932513.0
2014-01-13,112.03,112.54,110.78,111.06,650583.0
2014-01-14,111.64,111.71,110.62,111.7,817660.0
2014-01-15,111.89,111.95,111.27,111.82,726866.0
2014-01-16,111.39,112.39,111.39,111.99,665102.0
2014-01-17,111.59,112.05,111.13,111.31,960549.0
2014-01-21,112.0,112.52,111.09,111.45,813230.0
2014-01-22,111.88,112.11,111.08,111.56,611516.0
2014-01-23,111.34,111.39,109.94,110.4,771738.0
2014-01-24,108.85,110.02,107.74,107.75,1072187.0
2014-01-27,108.25,108.34,106.65,106.9,989830.0
2014-01-28,107.02,108.35,106.91,108.21,709215.0
2014-01-29,107.83,108.47,107.23,107.74,869504.0
2014-01-30,108.37,108.66,107.64,107.98,1070557.0
2014-01-31,106.56,108.5,106.33,108.12,1474984.0
2014-02-03,108.32,108.46,105.21,105.4,1911718.0
2014-02-04,107.29,108.35,105.57,106.01,1426444.0
2014-02-05,106.25,107.57,105.89,107.25,1416850.0
2014-02-06,107.33,107.75,106.86,107.17,1081016.0
2014-02-07,107.59,110.16,107.5,110.12,1327390.0
2014-02-10,109.81,111.09,109.58,110.94,1393895.0
2014-02-11,110.51,113.0,110.48,112.99,1398568.0
2014-02-12,112.84,113.37,112.48,113.31,1251682.0
2014-02-13,112.81,114.38,112.43,114.34,964324.0
2014-02-14,114.0,114.49,113.68,114.4,725159.0
2014-02-18,114.5,115.52,114.13,115.37,1074374.0
2014-02-19,114.79,115.91,113.89,113.99,944553.0
2014-02-20,113.88,115.83,113.88,115.52,1074422.0
2014-02-21,115.68,115.85,114.88,114.98,628485.0
2014-02-24,115.04,115.95,114.99,115.0,825247.0
2014-02-25,114.95,115.63,113.99,114.53,881395.0
2014-02-26,114.46,115.62,114.2,114.89,932082.0
2014-02-27,115.0,115.33,114.5,115.1,763841.0
2014-02-28,115.07,116.36,114.46,115.22,1023064.0
2014-03-03,114.75,116.34,114.15,114.94,971373.0
2014-03-04,116.25,116.85,115.97,116.7,1160734.0
2014-03-05,116.62,116.7,115.36,116.28,740213.0
2014-03-06,116.22,116.36,115.1,115.16,791933.0
2014-03-07,115.83,115.83,114.95,115.57,894424.0
2014-03-10,115.37,116.0,115.18,115.61,672198.0
2014-03-11,115.62,115.62,115.06,115.34,909447.0
2014-03-12,114.9,115.52,114.52,115.47,678277.0
2014-03-13,115.74,115.98,114.88,115.19,1021297.0
2014-03-14,115.24,116.13,114.84,115.35,1011127.0
2014-03-17,115.55,116.25,115.47,115.62,605038.0
2014-03-18,115.62,116.86,115.46,116.81,595022.0
2014-03-19,116.72,117.03,115.05,115.66,657228.0
2014-03-20,115.61,115.81,115.0,115.66,600842.0
2014-03-21,116.5,117.07,114.51,114.57,1295012.0
2014-03-24,115.16,115.75,113.17,113.56,906322.0
2014-03-25,114.0,114.56,113.14,114.31,552762.0
2014-03-26,114.92,115.94,114.52,114.53,630067.0
2014-03-27,114.78,115.39,114.03,115.14,713152.0
2014-03-28,115.69,116.71,115.22,115.54,809594.0
2014-03-31,116.53,117.26,115.65,117.08,723792.0
2014-04-01,118.01,118.01,116.43,117.26,697078.0
2014-04-02,117.06,117.28,116.62,117.16,631541.0
2014-04-03,117.54,117.67,115.99,117.41,861397.0
2014-04-04,117.87,118.77,116.3,116.34,824600.0
2014-04-07,116.32,116.86,115.13,115.44,726956.0
2014-04-08,115.14,115.51,113.47,113.75,1157949.0
2014-04-09,114.36,115.51,113.54,115.48,736210.0
2014-04-10,115.34,115.44,112.25,112.64,872753.0
2014-04-11,110.65,112.82,110.65,111.18,840916.0
2014-04-14,111.62,113.39,111.52,112.73,1120659.0
2014-04-15,112.99,113.93,111.5,113.76,762046.0
2014-04-16,114.17,114.72,112.61,112.93,747400.0
2014-04-17,112.65,113.63,112.43,113.16,763780.0
2014-04-21,113.16,114.15,113.14,114.13,433500.0
2014-04-22,114.61,114.86,114.17,114.19,734079.0
2014-04-23,114.3,114.3,113.2,113.7,789170.0
2014-04-24,113.98,114.3,113.48,114.04,699655.0
2014-04-25,113.72,113.89,112.34,112.56,661900.0
2014-04-28,113.24,113.49,111.44,112.81,673403.0
2014-04-29,113.05,113.58,112.07,112.18,812527.0
2014-04-30,112.26,113.05,111.93,113.03,1344811.0
2014-05-01,112.93,113.06,111.07,111.59,1077113.0
2014-05-02,111.77,113.65,111.53,112.6,1084104.0
2014-05-05,112.34,113.62,111.94,113.49,658477.0
2014-05-06,113.07,114.83,112.81,114.34,1082526.0
2014-05-07,114.47,115.43,113.31,115.34,926359.0
2014-05-08,115.51,117.49,115.21,116.5,1265176.0
2014-05-09,116.73,117.47,115.61,117.37,917287.0
2014-05-12,117.8,118.53,117.55,118.0,739008.0
2014-05-13,117.99,118.21,117.53,117.6,815759.0
2014-05-14,117.6,117.65,117.05,117.21,582198.0
2014-05-15,116.79,117.19,115.42,115.78,892716.0
2014-05-16,115.59,116.45,114.99,116.35,940116.0
2014-05-19,116.03,116.25,115.58,116.11,709427.0
2014-05-20,116.3,116.3,115.16,115.39,722892.0
2014-05-21,115.67,116.32,115.67,116.0,520551.0
2014-05-22,116.11,116.11,115.2,115.54,420038.0
2014-05-23,115.63,116.09,115.3,115.7,408272.0
2014-05-27,116.0,116.68,115.54,116.56,795498.0
2014-05-28,116.88,117.34,116.28,116.94,807048.0
2014-05-29,116.98,117.36,116.87,117.0,723711.0
2014-05-30,116.94,117.91,116.77,117.7,634422.0
2014-06-02,117.68,118.34,117.38,118.05,514958.0
2014-06-03,117.5,118.6,117.44,118.27,744480.0
2014-06-04,117.87,119.37,117.76,119.22,806901.0
2014-06-05,118.63,118.96,117.74,118.77,604705.0
2014-06-06,118.77,119.33,118.61,119.26,827346.0
2014-06-09,119.26,120.66,119.03,120.33,1124441.0
2014-06-10,119.85,120.08,118.75,119.45,740582.0
2014-06-11,119.64,119.64,118.81,119.06,585993.0
2014-06-12,118.67,119.28,117.77,118.2,700822.0
2014-06-13,118.6,118.6,117.37,117.64,471217.0
2014-06-16,117.91,119.79,117.91,118.22,1442673.0
2014-06-17,117.81,118.39,117.28,117.73,661686.0
2014-06-18,117.76,118.52,116.98,118.48,629996.0
2014-06-19,118.52,118.82,117.71,118.3,672362.0
2014-06-20,118.95,119.01,118.42,118.46,878550.0
2014-06-23,118.7,119.0,118.11,118.49,505029.0
2014-06-24,118.02,119.15,117.82,117.9,570353.0
2014-06-25,118.05,119.36,118.05,119.24,692506.0
2014-06-26,119.28,119.79,118.36,119.67,792071.0
2014-06-27,119.24,120.04,119.22,119.6,495338.0
2014-06-30,119.69,119.89,118.07,118.3,750366.0
2014-07-01,118.8,119.98,118.6,119.78,542559.0
2014-07-02,119.78,119.95,119.09,119.87,437902.0
2014-07-03,119.86,120.25,119.43,120.12,316368.0
2014-07-07,119.66,120.3,119.44,120.21,364226.0
2014-07-08,120.23,120.23,119.09,119.78,718375.0
2014-07-09,119.65,120.41,119.02,119.47,638978.0
2014-07-10,118.41,119.12,118.03,118.87,764269.0
2014-07-11,118.97,119.45,118.73,119.36,481849.0
2014-07-14,120.37,120.37,118.92,119.48,380218.0
2014-07-15,119.02,119.85,118.51,119.03,479149.0
2014-07-16,119.18,119.65,118.53,119.03,546264.0
2014-07-17,118.6,118.9,117.49,117.6,565072.0
2014-07-18,117.82,119.15,117.23,118.61,854515.0
2014-07-21,117.97,118.35,117.13,117.84,587447.0
2014-07-22,118.66,118.95,118.17,118.24,492122.0
2014-07-23,118.28,118.73,118.12,118.61,506871.0
2014-07-24,118.5,119.03,118.11,118.49,609136.0
2014-07-25,118.49,118.65,117.96,118.37,465044.0
2014-07-28,118.55,119.03,117.68,118.82,418288.0
2014-07-29,118.79,119.33,118.33,118.86,560796.0
2014-07-30,119.1,119.51,118.26,119.38,968384.0
2014-07-31,118.37,119.5,115.94,116.24,937767.0
2014-08-01,115.84,116.75,114.99,116.08,762285.0
2014-08-04,115.97,117.08,114.98,116.88,684069.0
2014-08-05,116.75,117.37,115.59,115.83,845241.0
2014-08-06,115.43,116.51,115.13,115.82,649037.0
2014-08-07,116.49,116.49,114.36,114.78,633350.0
2014-08-08,115.13,116.4,114.4,116.35,699839.0
2014-08-11,116.55,117.0,116.14,116.62,759969.0
2014-08-12,116.97,117.53,116.37,116.77,763537.0
2014-08-13,116.59,117.74,116.59,117.74,559407.0
2014-08-14,117.88,118.47,117.73,118.06,257555.0
2014-08-15,118.27,118.81,116.39,117.27,633738.0
2014-08-18,117.25,118.2,117.25,117.9,447654.0
2014-08-19,117.91,118.3,117.38,118.22,392350.0
2014-08-20,117.86,118.18,116.8,117.64,752980.0
2014-08-21,117.97,118.09,117.26,117.53,637345.0
2014-08-22,117.63,117.63,116.71,116.97,407570.0
2014-08-25,117.55,117.97,117.22,117.46,306799.0
2014-08-26,117.43,117.85,117.22,117.73,419635.0
2014-08-27,117.62,117.77,116.65,116.84,660004.0
2014-08-28,116.72,116.87,116.21,116.48,493797.0
2014-08-29,116.83,117.23,116.22,117.17,659690.0
2014-09-02,116.93,117.54,116.62,116.85,774989.0
2014-09-03,117.41,117.45,116.9,117.07,692420.0
2014-09-04,117.5,117.83,116.25,116.42,515848.0
2014-09-05,115.98,116.23,114.84,116.22,801490.0
2014-09-08,116.4,116.6,115.02,115.14,843960.0
2014-09-09,115.22,115.75,114.53,115.55,1378439.0
2014-09-10,115.88,115.98,114.9,115.03,706588.0
2014-09-11,114.62,115.24,113.87,115.19,769629.0
2014-09-12,114.78,115.37,113.16,113.71,1027200.0
2014-09-15,113.77,114.27,113.02,114.06,663752.0
2014-09-16,113.88,114.43,113.41,114.29,977301.0
2014-09-17,114.4,114.89,113.95,114.52,691097.0
2014-09-18,114.74,115.21,114.65,115.01,828254.0
2014-09-19,115.73,115.74,113.6,113.7,1404099.0
2014-09-22,113.5,113.54,112.15,112.75,974138.0
2014-09-23,112.36,112.9,112.17,112.63,714762.0
2014-09-24,112.79,113.87,112.48,113.72,838673.0
2014-09-25,113.61,114.11,113.34,113.77,1774719.0
2014-09-26,113.59,114.51,113.59,114.12,1016506.0
2014-09-29,113.38,114.49,113.38,114.35,774914.0
2014-09-30,114.79,114.79,113.74,113.81,1676041.0
2014-10-01,114.03,114.07,112.98,113.6,1478908.0
2014-10-02,113.67,114.42,113.05,114.12,786024.0
2014-10-03,114.62,116.14,114.61,115.84,1021544.0
2014-10-06,124.55,125.56,122.05,124.98,12966348.0
2014-10-07,124.87,129.09,124.06,128.0,5753633.0
2014-10-08,127.23,129.92,127.2,129.9,2845783.0
2014-10-09,129.46,130.21,127.59,127.94,2846633.0
2014-10-10,127.76,128.86,127.11,127.87,2268924.0
2014-10-13,127.53,128.02,125.83,125.83,1763906.0
2014-10-14,126.33,127.59,125.02,125.07,1853953.0
2014-10-15,123.41,125.1,121.11,124.53,2987840.0
2014-10-16,122.91,123.64,120.29,120.78,2742571.0
2014-10-17,122.45,122.48,120.76,121.73,1938303.0
2014-10-20,121.51,123.02,121.51,122.66,1908264.0
2014-10-21,123.36,124.18,122.56,123.31,2124673.0
2014-10-22,123.75,124.86,123.26,123.72,1931334.0
2014-10-23,124.98,125.53,124.68,125.0,1130793.0
2014-10-24,125.14,125.87,124.98,125.73,902495.0
2014-10-27,125.61,126.23,125.43,125.8,854037.0
2014-10-28,126.57,126.71,125.77,126.52,939086.0
2014-10-29,126.45,127.13,126.01,126.77,776878.0
2014-10-30,126.53,127.56,125.56,127.52,1150213.0
2014-10-31,129.45,129.45,127.87,128.7,1320892.0
2014-11-03,128.54,128.68,126.87,127.42,1090071.0
2014-11-04,129.19,131.15,125.94,126.34,1563527.0
2014-11-05,127.01,128.36,126.81,127.22,1360106.0
2014-11-06,127.51,127.98,126.49,127.93,942145.0
2014-11-07,128.04,128.2,125.35,125.54,1293594.0
2014-11-10,125.8,128.33,125.58,128.3,986285.0
2014-11-11,128.3,128.93,127.74,128.76,740725.0
2014-11-12,127.8,129.43,127.8,129.35,1000951.0
2014-11-13,129.75,129.78,128.99,129.31,763886.0
2014-11-14,129.08,129.69,128.71,129.2,795565.0
2014-11-17,129.2,130.12,128.89,129.54,813515.0
2014-11-18,129.54,131.15,129.25,130.94,1072330.0
2014-11-19,131.01,131.07,129.39,130.11,1094347.0
2014-11-20,129.72,130.42,129.04,130.4,970573.0
2014-11-21,131.57,131.79,129.99,130.38,1280236.0
2014-11-24,130.83,131.14,129.96,131.11,697536.0
2014-11-25,131.03,135.27,131.03,134.73,2154710.0
2014-11-26,136.85,141.68,136.79,141.26,2971055.0
2014-11-28,141.52,142.33,139.97,140.33,868773.0
2014-12-01,140.03,141.56,138.81,141.15,1317250.0
2014-12-02,141.12,141.64,140.22,141.02,1307423.0
2014-12-03,140.77,140.8,139.9,140.37,868450.0
2014-12-04,140.54,142.56,139.88,140.68,1194729.0
2014-12-05,140.6,140.74,138.71,139.15,852846.0
2014-12-08,138.86,140.81,138.56,139.78,1248262.0
2014-12-09,138.41,139.54,137.45,139.45,1190485.0
2014-12-10,139.17,139.32,136.52,136.65,986642.0
2014-12-11,137.0,139.26,137.0,138.02,1134267.0
2014-12-12,136.73,138.59,136.65,136.99,1534487.0
2014-12-15,137.74,137.9,135.03,135.75,1329044.0
2014-12-16,135.56,136.11,134.0,134.04,1273398.0
2014-12-17,135.05,137.1,134.48,136.8,1617299.0
2014-12-18,137.8,140.44,137.56,140.43,1612076.0
2014-12-19,141.18,141.44,139.49,139.81,1545345.0
2014-12-22,139.32,140.38,138.99,140.0,818690.0
2014-12-23,138.79,141.3,137.83,138.46,1176026.0
2014-12-24,138.94,141.08,138.55,139.9,351745.0
2014-12-26,140.17,140.98,139.2,139.34,555382.0
2014-12-29,138.93,139.78,138.66,139.61,680163.0
2014-12-30,139.54,141.16,139.54,139.93,703159.0
2014-12-31,140.74,141.69,138.97,139.16,903006.0
2015-01-02,140.27,140.88,139.38,139.86,1412272.0
2015-01-05,140.0,142.44,139.63,140.72,1390486.0
2015-01-06,141.95,141.95,139.25,140.45,2315162.0
2015-01-07,140.92,143.97,140.92,143.74,1376918.0
2015-01-08,144.91,146.74,144.69,146.36,1341982.0
2015-01-09,145.11,145.85,144.35,144.63,903867.0
2015-01-12,144.8,145.02,142.98,143.56,886084.0
2015-01-13,144.63,145.65,140.73,141.72,1691249.0
2015-01-14,140.37,141.64,138.98,140.81,1691580.0
2015-01-15,141.78,142.1,140.47,140.67,1194335.0
2015-01-16,139.95,140.9,139.09,140.38,1338442.0
2015-01-20,141.31,142.04,139.09,140.28,1221900.0
2015-01-21,140.78,143.12,140.28,142.85,1272406.0
2015-01-22,142.85,145.54,142.38,145.17,1027160.0
2015-01-23,144.71,144.71,143.14,143.4,821334.0
2015-01-26,142.76,143.57,141.67,143.49,727180.0
2015-01-27,143.04,143.04,141.04,142.22,780196.0
2015-01-28,142.88,143.59,140.54,140.82,1111894.0
2015-01-29,140.6,140.65,138.75,140.31,1205013.0
2015-01-30,139.16,139.99,138.01,138.08,1601203.0
2015-02-02,137.51,139.8,136.02,139.52,1464550.0
2015-02-03,138.7,141.84,138.7,141.23,973353.0
2015-02-04,140.64,141.12,139.1,139.92,1509077.0
2015-02-05,143.76,146.23,143.07,145.29,1785511.0
2015-02-06,145.4,146.52,142.61,143.32,1666522.0
2015-02-09,143.22,143.22,140.33,140.95,1136695.0
2015-02-10,141.81,142.43,141.07,141.81,973251.0
2015-02-11,142.08,142.65,140.57,141.83,973434.0
2015-02-12,144.27,144.71,142.18,142.99,1344512.0
2015-02-13,143.13,143.84,142.09,143.71,809592.0
2015-02-17,143.47,144.27,143.27,143.82,950434.0
2015-02-18,143.82,144.0,142.94,143.89,705969.0
2015-02-19,143.44,143.6,142.68,143.39,1240975.0
2015-02-20,143.19,145.52,143.01,145.51,1572492.0
2015-02-23,145.17,147.5,145.17,146.88,1111467.0
2015-02-24,147.12,149.14,146.9,148.7,1328029.0
2015-02-25,148.7,148.84,147.65,148.11,1052948.0
2015-02-26,147.78,148.75,147.47,148.54,994643.0
2015-02-27,148.9,148.9,146.47,146.72,1193546.0
2015-03-02,146.93,148.41,146.73,148.04,834111.0
2015-03-03,147.35,147.43,145.63,146.26,743302.0
2015-03-04,146.26,148.7,145.65,148.36,1565613.0
2015-03-05,148.79,149.98,148.49,149.5,991025.0
2015-03-06,147.46,147.99,144.51,144.88,1409929.0
2015-03-09,145.17,145.83,144.27,145.21,1174018.0
2015-03-10,144.11,144.27,142.39,142.39,1442016.0
2015-03-11,142.65,143.01,140.84,140.99,1685939.0
2015-03-12,141.52,143.34,141.3,143.04,1089719.0
2015-03-13,143.04,143.3,140.83,141.85,921520.0
2015-03-16,142.66,144.5,142.29,142.29,2343547.0
2015-03-17,142.24,142.38,140.76,141.55,1849943.0
2015-03-18,140.86,145.09,140.17,144.51,1963869.0
2015-03-19,144.56,145.21,143.94,144.93,1542010.0
2015-03-20,145.81,146.48,144.68,144.72,2087305.0
2015-03-23,144.73,145.97,144.37,145.5,916145.0
2015-03-24,146.17,147.94,144.14,144.2,1301701.0
2015-03-25,144.51,145.28,142.6,142.61,3360034.0
2015-03-26,142.25,144.21,142.0,143.21,1027906.0
2015-03-27,143.59,145.19,143.53,144.59,997875.0
2015-03-30,145.17,146.01,144.91,145.64,650582.0
2015-03-31,143.59,146.07,143.55,143.59,1059655.0
2015-04-01,143.59,143.63,140.87,141.95,1198158.0
2015-04-02,142.2,142.91,141.03,141.23,1081821.0
2015-04-06,140.12,142.48,139.8,141.46,1595122.0
2015-04-07,142.27,143.0,140.65,140.71,886782.0
2015-04-08,141.58,142.07,140.66,141.36,690079.0
2015-04-09,141.15,142.62,140.73,142.51,672764.0
2015-04-10,142.47,144.06,142.19,143.21,760758.0
2015-04-13,143.21,144.48,142.28,142.45,868779.0
2015-04-14,142.25,142.71,140.42,141.31,1046249.0
2015-04-15,141.77,142.33,140.58,140.81,1066697.0
2015-04-16,141.31,143.18,140.8,142.39,1251766.0
2015-04-17,141.15,141.96,140.25,141.53,1110920.0
2015-04-20,142.41,144.29,142.41,144.22,1313619.0
2015-04-21,144.62,146.09,144.28,145.57,1606432.0
2015-04-22,145.38,145.7,143.88,144.33,1099406.0
2015-04-23,143.44,144.97,143.23,144.35,807905.0
2015-04-24,144.19,145.17,143.37,144.33,561829.0
2015-04-27,144.53,144.59,141.67,142.04,831651.0
2015-04-28,142.03,143.32,140.02,143.27,932367.0
2015-04-29,142.11,143.15,140.97,142.18,1175231.0
2015-04-30,142.18,142.18,140.05,140.87,1313043.0
2015-05-01,141.72,142.34,141.05,142.19,778649.0
2015-05-04,142.86,144.56,142.7,143.94,1023145.0
2015-05-05,144.0,144.0,141.55,142.0,1074194.0
2015-05-06,142.18,142.53,140.52,141.08,1321220.0
2015-05-07,141.5,144.75,141.5,142.8,1169197.0
2015-05-08,143.16,143.51,141.28,142.01,1538995.0
2015-05-11,141.43,143.2,141.11,141.58,1444505.0
2015-05-12,140.23,141.26,139.04,139.16,1721624.0
2015-05-13,139.12,140.01,138.12,138.86,1385664.0
2015-05-14,139.53,141.12,139.12,141.04,810286.0
2015-05-15,140.94,141.48,140.55,141.48,807050.0
2015-05-18,141.35,142.11,140.88,141.61,733405.0
2015-05-19,141.35,142.13,141.09,141.42,842692.0
2015-05-20,140.95,142.06,140.95,141.38,641985.0
2015-05-21,141.48,142.68,140.95,142.41,872881.0
2015-05-22,142.39,143.0,141.61,141.94,808468.0
2015-05-26,141.57,141.93,139.93,140.28,1040541.0
2015-05-27,140.34,141.91,139.9,141.55,589330.0
2015-05-28,141.05,142.34,140.38,141.43,944281.0
2015-05-29,141.68,142.06,140.18,140.51,1203615.0
2015-06-01,141.4,141.92,139.79,140.82,943375.0
2015-06-02,140.01,141.22,139.11,140.51,1080423.0
2015-06-03,140.56,141.04,139.81,140.58,930410.0
2015-06-04,139.89,140.79,139.5,140.19,819152.0
2015-06-05,139.45,140.17,139.0,140.03,996355.0
2015-06-08,140.33,140.94,139.47,139.57,1048557.0
2015-06-09,139.3,139.73,137.82,137.93,1305946.0
2015-06-10,138.89,140.28,137.87,140.05,1498045.0
2015-06-11,140.62,141.29,140.14,140.86,986369.0
2015-06-12,140.28,140.55,139.54,139.6,991632.0
2015-06-15,138.53,139.74,137.7,138.58,1332155.0
2015-06-16,138.42,139.48,137.81,139.24,901198.0
2015-06-17,139.75,140.15,139.08,139.76,650779.0
2015-06-18,140.06,141.27,140.06,140.81,942303.0
2015-06-19,140.69,142.39,140.69,141.83,1950244.0
2015-06-22,142.95,143.53,142.43,142.97,1210185.0
2015-06-23,143.08,143.84,142.76,143.17,936501.0
2015-06-24,142.81,142.99,141.7,141.7,1024366.0
2015-06-25,141.79,142.36,141.09,141.91,908867.0
2015-06-26,142.3,142.51,141.28,142.04,831288.0
2015-06-29,140.84,143.75,140.84,141.78,1168175.0
2015-06-30,143.2,143.2,141.33,141.65,1029697.0
2015-07-01,143.06,143.66,142.16,143.22,995446.0
2015-07-02,143.86,143.98,142.15,143.18,1116947.0
2015-07-06,141.81,143.54,141.6,142.65,1410697.0
2015-07-07,143.03,143.49,141.39,143.24,976921.0
2015-07-08,142.54,142.99,140.77,141.14,1153245.0
2015-07-09,142.74,143.32,141.79,141.83,699094.0
2015-07-10,143.2,144.92,142.7,144.27,1129165.0
2015-07-13,144.61,146.07,144.27,145.95,950834.0
2015-07-14,146.3,147.35,145.79,147.23,827167.0
2015-07-15,147.33,147.99,146.59,146.75,766504.0
2015-07-16,147.39,148.33,146.9,148.0,624834.0
2015-07-17,148.0,148.23,147.28,148.05,576273.0
2015-07-20,148.54,148.54,147.38,148.16,456692.0
2015-07-21,148.24,148.93,146.8,147.51,862866.0
2015-07-22,147.6,148.31,147.47,148.01,626427.0
2015-07-23,148.18,148.93,147.53,148.17,714802.0
2015-07-24,147.51,148.65,147.12,147.3,720438.0
2015-07-27,147.07,147.15,146.0,146.33,902877.0
2015-07-28,147.18,149.96,146.59,149.88,1170389.0
2015-07-29,149.99,152.08,149.61,151.99,1455373.0
2015-07-30,151.77,152.49,151.42,152.0,1043087.0
2015-07-31,152.61,152.88,151.88,152.15,1016612.0
2015-08-03,152.54,152.76,151.05,152.43,1386433.0
2015-08-04,152.52,153.04,151.46,152.35,993678.0
2015-08-05,153.82,154.98,152.07,153.86,1305982.0
2015-08-06,153.11,153.36,148.68,150.19,1930290.0
2015-08-07,149.95,149.95,146.71,148.92,1482752.0
2015-08-10,150.4,150.84,149.6,150.3,1215169.0
2015-08-11,149.15,149.89,147.26,148.6,1155191.0
2015-08-12,148.29,148.3,145.71,147.93,1660372.0
2015-08-13,147.78,148.29,146.75,147.6,734433.0
2015-08-14,147.41,148.49,146.91,148.27,663671.0
2015-08-17,147.65,148.65,147.0,148.6,616886.0
2015-08-18,148.1,148.47,146.71,147.08,946144.0
2015-08-19,145.88,147.39,145.16,146.51,1018487.0
2015-08-20,145.66,145.79,143.52,143.58,1572749.0
2015-08-21,142.78,143.92,141.88,141.92,1798955.0
2015-08-24,135.69,140.9,133.5,138.2,2918579.0
2015-08-25,141.07,141.88,137.62,137.62,2213156.0
2015-08-26,139.76,140.33,136.75,139.94,1531038.0
2015-08-27,141.16,143.04,140.49,142.95,1193259.0
2015-08-28,142.43,143.11,141.53,142.83,842218.0
2015-08-31,142.72,143.63,140.39,141.02,1009095.0
2015-09-01,139.08,139.23,134.29,134.89,1791734.0
2015-09-02,136.23,137.0,134.73,136.72,1170967.0
2015-09-03,137.0,138.23,136.02,136.53,1026048.0
2015-09-04,135.42,135.98,133.18,134.32,1176597.0
2015-09-08,135.75,138.03,135.26,138.02,1382759.0
2015-09-09,139.22,139.98,135.63,135.9,838790.0
2015-09-10,136.09,136.54,134.8,135.2,1116812.0
2015-09-11,134.36,136.78,134.32,135.98,968793.0
2015-09-14,136.21,136.39,135.24,136.26,1148260.0
2015-09-15,136.4,137.82,135.98,137.18,564406.0
2015-09-16,137.5,139.16,137.14,138.87,943816.0
2015-09-17,138.81,141.33,138.65,139.8,1080537.0
2015-09-18,137.7,139.39,137.7,138.33,2085408.0
2015-09-21,139.07,140.28,138.5,139.11,1045308.0
2015-09-22,137.64,138.5,137.05,138.26,778257.0
2015-09-23,138.06,139.45,137.47,139.28,1035743.0
2015-09-24,138.23,139.11,137.69,138.84,1237054.0
2015-09-25,139.23,140.46,135.41,136.15,1111535.0
2015-09-28,135.28,135.44,128.87,130.4,2084256.0
2015-09-29,129.9,131.8,128.95,130.89,1451291.0
2015-09-30,132.28,133.67,131.4,132.66,1004396.0
2015-10-01,129.23,132.83,129.23,132.19,1314800.0
2015-10-02,130.95,135.45,130.2,135.37,1464831.0
2015-10-05,136.32,137.3,135.85,136.99,1359674.0
2015-10-06,136.79,136.9,132.93,134.59,1442520.0
2015-10-07,135.5,137.27,134.17,137.24,1060493.0
2015-10-08,136.89,137.32,135.12,137.12,683044.0
2015-10-09,137.1,138.25,136.85,137.76,693639.0
2015-10-12,137.51,138.95,137.27,138.46,428696.0
2015-10-13,137.58,138.49,136.62,136.91,523045.0
2015-10-14,137.37,137.81,135.58,135.76,568242.0
2015-10-15,136.58,137.09,135.49,137.07,971821.0
2015-10-16,137.85,139.65,137.19,139.56,718060.0
2015-10-19,139.4,140.09,138.83,139.95,465227.0
2015-10-20,139.3,140.54,139.3,139.76,611288.0
2015-10-21,140.52,140.76,138.11,139.76,737952.0
2015-10-22,140.32,141.16,137.64,138.45,923498.0
2015-10-23,138.94,141.24,137.9,140.22,1252365.0
2015-10-26,140.14,140.47,139.28,139.9,748002.0
2015-10-27,139.84,141.07,139.82,140.75,506965.0
2015-10-28,141.06,141.98,139.33,141.97,749929.0
2015-10-29,142.0,143.76,142.0,143.23,805846.0
2015-10-30,144.05,144.05,142.52,142.52,1097786.0
2015-11-02,143.47,145.05,143.06,144.81,1064171.0
2015-11-03,144.51,146.7,143.83,146.63,1272223.0
2015-11-04,150.6,151.89,149.01,151.01,1481673.0
2015-11-05,151.5,152.58,151.1,152.24,1156337.0
2015-11-06,151.66,152.85,151.53,152.5,950529.0
2015-11-09,152.52,152.77,151.33,152.41,811137.0
2015-11-10,152.26,152.75,151.75,152.11,715026.0
2015-11-11,152.29,153.25,151.88,151.96,674398.0
2015-11-12,150.81,151.93,148.36,148.43,924817.0
2015-11-13,148.52,149.76,148.0,148.68,696705.0
2015-11-16,148.79,150.86,148.58,150.79,849539.0
2015-11-17,150.8,151.8,149.69,150.96,735303.0
2015-11-18,151.22,151.69,150.47,151.54,1131909.0
2015-11-19,151.13,151.41,149.52,149.96,932652.0
2015-11-20,150.72,152.46,149.96,151.22,1302260.0
2015-11-23,151.31,152.05,150.44,150.92,585980.0
2015-11-24,147.84,150.72,147.84,150.55,659857.0
2015-11-25,150.53,150.95,149.63,150.12,747085.0
2015-11-27,150.84,152.2,150.1,151.29,645674.0
2015-11-30,151.58,151.99,150.23,150.25,1028389.0
2015-12-01,151.16,152.82,151.1,152.67,1093689.0
2015-12-02,152.89,153.0,151.57,151.78,798082.0
2015-12-03,152.06,152.43,149.36,149.93,1127396.0
2015-12-04,150.18,154.88,150.11,154.81,1066374.0
2015-12-07,154.32,154.81,152.8,153.62,1223988.0
2015-12-08,154.0,154.76,152.43,154.7,1555068.0
2015-12-09,154.1,155.53,151.61,152.87,1367745.0
2015-12-10,152.73,154.79,152.05,154.35,935915.0
2015-12-11,152.57,153.9,150.95,151.68,874780.0
2015-12-14,152.48,153.68,150.95,153.19,1290218.0
2015-12-15,154.09,155.5,152.97,153.29,1536078.0
2015-12-16,154.6,156.11,153.13,155.89,1156384.0
2015-12-17,156.11,157.5,155.35,155.91,1229556.0
2015-12-18,155.05,155.59,153.11,153.12,1776131.0
2015-12-21,153.8,154.6,152.66,153.59,800330.0
2015-12-22,154.6,155.37,152.31,154.37,1105818.0
2015-12-23,155.28,156.04,154.59,155.87,654571.0
2015-12-24,155.84,156.56,155.48,155.91,269596.0
2015-12-28,155.59,155.78,154.82,155.37,598616.0
2015-12-29,156.66,156.77,155.81,156.53,967397.0
2015-12-30,156.69,156.89,155.01,155.43,1134707.0
2015-12-31,154.73,155.45,154.08,154.09,1087662.0
2016-01-04,150.6,151.45,146.02,147.95,2813897.0
2016-01-05,148.65,149.7,147.8,148.42,1080429.0
2016-01-06,145.84,147.73,144.93,146.94,1774040.0
2016-01-07,144.53,145.51,143.43,144.53,1586592.0
2016-01-08,145.19,146.01,142.03,142.36,1272703.0
2016-01-11,143.09,143.45,139.24,141.15,1282608.0
2016-01-12,142.4,143.53,140.38,142.45,972452.0
2016-01-13,143.46,144.41,140.92,141.38,1318542.0
2016-01-14,141.67,145.78,141.39,145.41,1738947.0
2016-01-15,142.35,144.51,141.71,142.43,1804832.0
2016-01-19,143.83,144.35,141.38,142.5,1258430.0
2016-01-20,140.85,141.96,137.69,140.86,1323759.0
2016-01-21,140.9,142.11,139.13,141.65,1118661.0
2016-01-22,143.37,144.99,143.07,144.76,867155.0
2016-01-25,145.12,146.7,144.69,144.9,974621.0
2016-01-26,144.77,145.86,143.67,145.51,775817.0
2016-01-27,145.63,148.18,144.92,146.04,982039.0
2016-01-28,146.61,146.95,141.76,142.28,1447719.0
2016-01-29,143.31,145.37,143.0,145.37,1679342.0
2016-02-01,144.11,146.46,140.53,146.02,1571582.0
2016-02-02,144.92,145.9,143.91,145.05,1505061.0
2016-02-03,147.0,147.0,139.57,141.08,2324348.0
2016-02-04,140.47,140.99,137.41,137.91,1812656.0
2016-02-05,137.5,137.95,134.71,135.25,1227482.0
2016-02-08,134.24,134.96,129.79,132.88,1854401.0
2016-02-09,129.58,135.38,129.5,134.34,1701011.0
2016-02-10,136.22,139.22,135.89,136.14,1124714.0
2016-02-11,135.63,136.36,134.21,135.33,1589178.0
2016-02-12,136.87,139.95,136.39,139.81,1625444.0
2016-02-16,140.68,142.49,140.49,142.12,1394283.0
2016-02-17,143.31,144.21,142.06,144.11,764619.0
2016-02-18,144.5,144.8,142.73,143.18,753212.0
2016-02-19,143.36,145.0,142.38,144.9,913330.0
2016-02-22,145.63,146.3,144.98,145.68,652130.0
2016-02-23,145.98,147.07,145.5,146.46,1026668.0
2016-02-24,145.0,147.9,144.73,147.47,938864.0
2016-02-25,147.74,148.98,146.89,148.67,826456.0
2016-02-26,149.0,150.17,148.92,149.64,1228704.0
2016-02-29,149.67,150.12,147.23,147.45,1490372.0
2016-03-01,148.6,150.12,147.23,150.12,1418620.0
2016-03-02,149.82,151.2,149.24,150.72,1151824.0
2016-03-03,150.11,150.65,148.03,149.5,951927.0
2016-03-04,149.85,149.85,148.31,149.15,1081986.0
2016-03-07,148.88,149.38,147.9,148.68,967152.0
2016-03-08,147.58,148.13,146.55,147.19,869925.0
2016-03-09,147.69,147.91,145.78,147.11,1203654.0
2016-03-10,147.69,148.96,147.24,148.51,1219323.0
2016-03-11,149.13,150.13,148.23,149.78,1320256.0
2016-03-14,149.1,151.23,149.1,150.76,735883.0
2016-03-15,149.7,150.54,149.0,149.29,977647.0
2016-03-16,149.36,150.08,148.2,149.78,905379.0
2016-03-17,149.52,149.7,146.12,147.71,1137841.0
2016-03-18,148.54,150.45,146.57,150.24,2110488.0
2016-03-21,150.18,150.46,149.03,149.17,884058.0
2016-03-22,148.92,150.13,148.34,149.55,1002162.0
2016-03-23,149.65,150.15,149.06,149.24,541619.0
2016-03-24,148.49,149.28,147.74,149.13,642882.0
2016-03-28,149.56,149.56,148.26,149.03,702763.0
2016-03-29,149.21,151.72,148.59,151.52,708233.0
2016-03-30,152.47,152.82,151.38,152.54,713707.0
2016-03-31,152.2,152.76,151.37,151.82,895028.0
2016-04-01,151.24,153.75,150.71,153.49,882424.0
2016-04-04,153.99,155.98,153.55,154.92,888318.0
2016-04-05,154.03,155.96,152.56,152.86,1087604.0
2016-04-06,152.86,155.47,152.54,155.42,818330.0
2016-04-07,154.84,155.57,153.71,155.03,936586.0
2016-04-08,156.0,156.36,154.05,154.64,838047.0
2016-04-11,154.63,155.6,153.55,153.91,1080324.0
2016-04-12,154.4,157.93,154.27,157.67,1120413.0
2016-04-13,158.62,159.22,157.51,158.98,768703.0
2016-04-14,158.92,159.37,157.78,158.19,723768.0
2016-04-15,158.21,159.25,157.1,159.15,716753.0
2016-04-18,158.66,159.49,158.17,159.48,791204.0
2016-04-19,159.5,159.5,157.62,157.99,718485.0
2016-04-20,158.35,159.86,158.04,158.72,886650.0
2016-04-21,158.7,159.96,157.88,158.73,871933.0
2016-04-22,159.05,159.99,158.19,159.88,444700.0
2016-04-25,159.56,160.26,159.1,160.26,540561.0
2016-04-26,160.5,160.89,159.43,159.55,757144.0
2016-04-27,159.72,161.85,159.43,161.45,660915.0
2016-04-28,160.6,162.98,159.92,161.93,1275951.0
2016-04-29,161.01,161.32,159.81,161.26,1344251.0
2016-05-02,160.36,162.24,157.6,160.9,1277475.0
2016-05-03,160.87,161.37,159.45,160.43,1320522.0
2016-05-04,159.94,162.25,159.26,161.6,1603085.0
2016-05-05,164.48,165.96,160.93,165.21,1823358.0
2016-05-06,163.0,165.0,162.47,164.84,1545913.0
2016-05-09,165.17,167.0,164.72,165.98,1438456.0
2016-05-10,166.17,168.32,165.07,167.64,1228904.0
2016-05-11,167.78,169.08,167.03,167.05,812267.0
2016-05-12,167.64,167.91,166.18,167.15,808801.0
2016-05-13,167.1,167.58,165.82,166.29,790182.0
2016-05-16,166.29,168.86,166.18,168.57,1000764.0
2016-05-17,167.74,168.55,164.72,165.43,1181205.0
2016-05-18,165.37,166.3,163.84,165.45,973618.0
2016-05-19,164.58,165.37,162.25,163.94,1127633.0
2016-05-20,164.92,165.61,163.89,165.0,1110456.0
2016-05-23,165.04,165.54,164.12,164.15,902522.0
2016-05-24,165.0,166.43,164.15,166.07,873721.0
2016-05-25,166.5,167.3,166.02,167.0,779074.0
2016-05-26,167.18,167.48,166.72,167.19,635703.0
2016-05-27,167.07,167.38,166.4,166.99,648605.0
2016-05-31,167.0,167.0,165.3,166.45,1166616.0
2016-06-01,165.96,167.5,165.76,167.04,658180.0
2016-06-02,166.9,168.79,166.68,168.75,876599.0
2016-06-03,168.77,169.67,167.69,169.23,845550.0
2016-06-06,168.93,170.38,168.63,169.98,726576.0
2016-06-07,169.49,169.78,168.44,168.62,709647.0
2016-06-08,168.52,170.24,168.2,170.14,583869.0
2016-06-09,170.25,171.64,169.7,170.23,760403.0
2016-06-10,169.37,169.92,168.07,169.29,803579.0
2016-06-13,169.32,170.47,168.26,168.35,716943.0
2016-06-14,167.63,169.26,167.22,169.01,680072.0
2016-06-15,169.3,169.4,166.51,166.76,1093220.0
2016-06-16,166.34,167.66,165.11,167.3,652081.0
2016-06-17,167.37,167.37,164.63,165.79,909715.0
2016-06-20,167.52,169.12,167.3,168.03,793462.0
2016-06-21,168.55,170.68,168.55,170.02,1368310.0
2016-06-22,170.15,170.77,169.63,169.97,704167.0
2016-06-23,171.0,172.2,170.25,172.19,769451.0
2016-06-24,168.91,169.73,166.25,166.71,1464129.0
2016-06-27,166.61,166.61,162.39,163.01,1387195.0
2016-06-28,163.98,164.68,162.88,164.08,1400435.0
2016-06-29,165.44,168.34,164.73,168.17,775637.0
2016-06-30,168.43,169.62,168.06,169.59,836345.0
2016-07-01,169.34,170.28,169.21,169.64,779066.0
2016-07-05,169.29,171.57,169.25,171.21,808546.0
2016-07-06,170.21,172.38,169.72,172.07,1146264.0
2016-07-07,171.89,173.24,171.61,173.17,859443.0
2016-07-08,174.08,176.24,172.9,175.64,891802.0
2016-07-11,175.97,177.01,175.83,176.35,717600.0
2016-07-12,176.46,176.91,175.61,175.7,843642.0
2016-07-13,176.61,176.93,174.91,175.94,657450.0
2016-07-14,177.1,177.41,175.78,176.53,668450.0
2016-07-15,177.39,177.5,174.77,175.08,944280.0
2016-07-18,175.5,176.01,173.51,174.4,876567.0
2016-07-19,174.34,175.56,173.84,174.52,601281.0
2016-07-20,175.19,176.33,174.54,175.78,508577.0
2016-07-21,175.41,175.81,174.07,174.86,443697.0
2016-07-22,174.95,174.95,172.02,173.67,638856.0
2016-07-25,173.67,174.0,171.87,172.78,697155.0
2016-07-26,172.54,175.12,172.4,175.03,782447.0
2016-07-27,174.66,175.02,172.53,174.53,760911.0
2016-07-28,174.07,176.17,173.98,175.96,518195.0
2016-07-29,175.65,176.98,175.37,176.0,775782.0
2016-08-01,174.99,177.78,174.3,176.78,783409.0
2016-08-02,176.38,176.6,174.88,176.43,728257.0
2016-08-03,176.64,176.75,175.09,175.78,1273184.0
2016-08-04,168.36,171.63,166.35,171.53,2999768.0
2016-08-05,171.6,173.78,171.6,173.73,1189518.0
2016-08-08,173.73,173.85,172.76,173.52,751750.0
2016-08-09,173.57,175.09,172.83,174.15,587540.0
2016-08-10,174.09,174.99,173.29,174.97,695565.0
2016-08-11,175.0,177.27,174.09,176.71,936744.0
2016-08-12,176.22,176.49,173.66,173.98,598850.0
2016-08-15,174.32,175.29,173.91,174.21,526567.0
2016-08-16,173.38,174.15,172.73,172.78,844735.0
2016-08-17,172.54,173.34,172.03,173.11,525170.0
2016-08-18,172.66,173.91,172.03,173.7,688959.0
2016-08-19,173.28,174.0,172.37,173.85,713720.0
2016-08-22,173.98,174.78,173.74,174.46,708810.0
2016-08-23,174.75,176.0,174.71,174.91,688449.0
2016-08-24,174.84,175.26,172.91,173.25,501837.0
2016-08-25,173.04,175.42,173.04,174.14,805503.0
2016-08-26,174.2,176.45,174.13,175.47,977497.0
2016-08-29,175.39,177.85,175.25,177.25,970214.0
2016-08-30,181.62,181.62,176.51,177.73,747316.0
2016-08-31,177.8,178.79,176.58,177.21,864625.0
2016-09-01,177.71,177.78,175.71,177.02,609017.0
2016-09-02,177.5,177.95,176.84,177.32,476848.0
2016-09-06,177.42,177.96,176.67,177.88,588803.0
2016-09-07,176.76,177.76,176.01,177.76,728570.0
2016-09-08,177.02,177.84,176.14,176.65,743513.0
2016-09-09,175.75,175.89,170.99,171.0,966982.0
2016-09-12,170.43,173.45,170.26,173.29,894691.0
2016-09-13,172.37,172.78,170.62,171.1,800954.0
2016-09-14,171.7,172.93,171.44,172.8,767217.0
2016-09-15,172.75,176.61,172.4,176.02,822875.0
2016-09-16,176.06,176.36,174.09,175.2,998066.0
2016-09-19,175.81,176.96,175.23,175.66,529109.0
2016-09-20,177.0,177.08,175.78,175.89,498376.0
2016-09-21,176.5,179.62,176.5,179.38,767907.0
2016-09-22,180.0,181.76,179.14,181.55,682201.0
2016-09-23,179.2,180.4,177.48,179.5,1175868.0
2016-09-26,178.21,178.6,176.26,177.01,690751.0
2016-09-27,177.33,178.99,176.65,178.97,675452.0
2016-09-28,180.57,180.57,178.24,179.17,592686.0
2016-09-29,179.08,179.35,175.76,176.44,599919.0
2016-09-30,177.02,180.58,177.02,179.73,1156117.0
2016-10-03,178.67,179.33,177.51,178.41,720467.0
2016-10-04,178.0,179.01,175.04,176.08,747801.0
2016-10-05,176.08,177.19,175.8,176.65,701290.0
2016-10-06,176.54,177.3,175.51,177.11,600343.0
2016-10-07,177.39,177.81,176.2,177.4,617071.0
2016-10-10,178.55,180.03,178.27,179.19,431974.0
2016-10-11,178.7,178.7,173.27,173.97,985936.0
2016-10-12,175.15,175.15,173.28,173.47,973214.0
2016-10-13,172.73,173.28,171.06,172.86,1385884.0
2016-10-14,173.9,174.05,171.9,171.93,866534.0
2016-10-17,172.86,172.86,171.02,171.54,803993.0
2016-10-18,172.73,173.26,171.82,172.79,649111.0
2016-10-19,173.98,173.98,172.1,172.22,676869.0
2016-10-20,172.94,173.76,171.68,173.03,700885.0
2016-10-21,172.2,172.61,171.13,172.32,628177.0
2016-10-24,173.38,173.85,172.1,172.16,1016192.0
2016-10-25,172.49,172.69,170.69,170.98,1026153.0
2016-10-26,169.89,169.89,166.82,167.55,1448045.0
2016-10-27,168.31,168.81,167.08,167.25,1210081.0
2016-10-28,167.97,169.67,166.75,167.79,1021736.0
2016-10-31,167.26,168.22,166.58,167.91,1764177.0
2016-11-01,167.64,168.22,165.49,166.37,1468048.0
2016-11-02,166.67,169.21,165.73,166.87,2047252.0
2016-11-03,168.56,174.99,168.46,173.18,2108574.0
2016-11-04,173.23,176.42,172.82,174.99,1303641.0
2016-11-07,176.62,178.53,176.48,177.89,1402785.0
2016-11-08,177.4,179.83,176.32,178.71,876644.0
2016-11-09,178.0,178.99,172.04,174.81,1690527.0
2016-11-10,176.14,178.26,174.68,175.61,1654885.0
2016-11-11,174.75,175.83,169.95,170.36,1400498.0
2016-11-14,170.59,170.59,162.44,162.8,2611707.0
2016-11-15,162.84,167.11,162.51,166.78,1921108.0
2016-11-16,167.94,169.39,165.94,169.26,1258857.0
2016-11-17,169.65,173.46,168.9,173.42,1652093.0
2016-11-18,173.5,174.09,171.21,171.86,1182371.0
2016-11-21,171.69,172.94,171.34,172.07,896767.0
2016-11-22,170.49,171.16,164.67,167.67,2290416.0
2016-11-23,165.57,169.54,165.57,168.48,1102220.0
2016-11-25,169.65,171.41,168.55,170.69,489615.0
2016-11-28,170.29,171.52,170.06,170.31,643310.0
2016-11-29,170.76,173.54,170.76,172.73,1328488.0
2016-11-30,172.18,172.75,168.31,169.1,1352527.0
2016-12-01,168.38,169.79,164.37,164.62,1059386.0
2016-12-02,165.49,167.32,164.75,165.53,909819.0
2016-12-05,166.47,167.08,163.93,164.41,1599617.0
2016-12-06,165.58,165.58,162.07,164.75,1516231.0
2016-12-07,163.5,164.05,161.29,163.99,1118546.0
2016-12-08,163.69,165.45,162.59,163.64,1394348.0
2016-12-09,163.67,166.79,163.67,166.51,778110.0
2016-12-12,166.51,169.65,166.51,169.4,966728.0
2016-12-13,169.53,171.94,167.16,168.12,1464357.0
2016-12-14,168.63,169.3,167.23,167.75,862726.0
2016-12-15,167.85,169.41,167.01,169.19,1084363.0
2016-12-16,169.31,169.97,167.11,167.75,1470395.0
2016-12-19,167.83,168.5,166.29,166.74,974910.0
2016-12-20,167.24,167.82,165.58,166.15,664158.0
2016-12-21,166.04,166.83,164.89,165.97,668300.0
2016-12-22,166.1,166.36,164.53,165.91,675841.0
2016-12-23,166.21,167.14,165.61,166.48,416439.0
2016-12-27,167.53,168.47,166.92,167.06,412884.0
2016-12-28,167.22,167.27,165.25,165.87,463184.0
2016-12-29,165.87,166.88,165.59,166.15,712499.0
2016-12-30,166.96,166.96,165.03,165.55,900374.0
2017-01-03,161.93,165.29,161.5,165.15,1696651.0
2017-01-04,165.46,165.9,164.43,164.94,1182777.0
2017-01-05,163.81,165.32,163.36,164.8,1128673.0
2017-01-06,165.29,168.58,164.94,167.89,1051745.0
2017-01-09,168.23,169.67,168.03,168.87,1165422.0
2017-01-10,168.56,172.9,168.37,170.94,1271745.0
2017-01-11,170.51,173.74,168.86,173.71,1641096.0
2017-01-12,172.87,173.69,170.57,173.49,1040606.0
2017-01-13,173.4,174.16,172.26,173.35,646651.0
2017-01-17,172.53,173.87,171.31,173.42,609898.0
2017-01-18,173.92,174.09,172.69,173.98,909925.0
2017-01-19,173.3,174.21,172.68,173.52,1796962.0
2017-01-20,173.69,174.34,172.03,172.29,1466632.0
2017-01-23,173.67,173.68,170.8,170.88,801629.0
2017-01-24,171.38,171.79,169.19,170.36,784096.0
2017-01-25,170.89,172.11,170.45,171.57,949795.0
2017-01-26,171.6,172.44,170.53,171.09,751196.0
2017-01-27,172.31,175.9,171.86,175.28,898053.0
2017-01-30,175.4,175.4,173.53,174.82,984338.0
2017-01-31,173.84,177.54,173.84,177.29,1545738.0
2017-02-01,175.88,179.14,174.35,178.97,1716115.0
2017-02-02,181.0,181.44,176.74,177.97,1285417.0
2017-02-03,178.75,179.45,177.58,179.37,1170296.0
2017-02-06,178.63,178.94,177.65,178.36,723980.0
2017-02-07,179.0,180.0,178.48,178.81,857215.0
2017-02-08,178.04,179.02,177.44,178.06,536752.0
2017-02-09,178.06,179.04,176.65,177.81,1439343.0
2017-02-10,177.81,178.68,177.54,178.03,598005.0
2017-02-13,178.6,178.91,177.72,178.55,441790.0
2017-02-14,178.26,179.0,177.72,178.77,655829.0
2017-02-15,177.92,180.49,177.92,180.09,855048.0
2017-02-16,180.24,180.9,178.92,180.62,920987.0
2017-02-17,180.2,180.9,179.32,180.9,810321.0
2017-02-21,181.5,182.65,179.91,182.02,943721.0
2017-02-22,181.33,182.58,181.13,181.95,649887.0
2017-02-23,182.54,182.85,181.55,182.3,612708.0
2017-02-24,181.98,183.42,181.14,183.42,657562.0
2017-02-27,183.16,183.88,182.33,182.82,698358.0
2017-02-28,182.95,183.88,182.45,183.05,642469.0
2017-03-01,183.66,186.11,182.79,185.34,759100.0
2017-03-02,185.0,185.32,183.85,184.73,507442.0
2017-03-03,184.18,184.94,183.82,184.69,606571.0
2017-03-06,183.72,184.92,183.22,184.49,812859.0
2017-03-07,183.76,184.52,182.8,183.94,622243.0
2017-03-08,182.29,184.62,182.27,184.06,822446.0
2017-03-09,183.89,185.54,183.44,185.07,870684.0
2017-03-10,185.22,185.7,184.32,185.31,737911.0
2017-03-13,185.09,185.44,183.92,184.9,832077.0
2017-03-14,184.36,184.65,182.07,182.98,1035605.0
2017-03-15,183.6,184.76,182.86,184.54,1227802.0
2017-03-16,183.53,183.95,180.1,181.37,1609762.0
2017-03-17,181.69,184.22,181.23,183.79,1842549.0
2017-03-20,184.01,184.2,182.09,182.63,788798.0
2017-03-21,183.28,183.99,180.4,181.32,1180851.0
2017-03-22,181.6,183.88,180.51,182.64,1331002.0
2017-03-23,182.15,185.0,181.76,183.71,1088911.0
2017-03-24,183.67,185.09,183.42,183.87,658057.0
2017-03-27,183.1,184.4,182.09,183.76,818512.0
2017-03-28,183.47,184.32,182.31,183.92,660815.0
2017-03-29,183.21,184.47,182.58,183.87,454533.0
2017-03-30,183.59,184.39,182.67,183.71,548452.0
2017-03-31,183.17,183.89,182.6,183.44,716559.0
2017-04-03,184.0,185.21,182.63,184.28,617086.0
2017-04-04,184.4,184.4,182.31,183.07,754741.0
2017-04-05,183.57,184.93,182.95,183.31,703319.0
2017-04-06,183.08,183.8,182.34,183.4,713464.0
2017-04-07,182.74,184.6,182.74,184.11,635743.0
2017-04-10,185.07,185.07,183.35,184.04,1041686.0
2017-04-11,183.42,184.43,182.71,183.78,514763.0
2017-04-12,182.91,183.94,182.46,183.22,715887.0
2017-04-13,182.8,183.77,182.59,182.59,582790.0
2017-04-17,183.23,184.1,182.77,183.96,423884.0
2017-04-18,183.31,183.88,182.19,183.38,543967.0
2017-04-19,184.27,184.89,183.8,184.16,545381.0
2017-04-20,184.14,186.4,183.33,186.05,627168.0
2017-04-21,185.99,186.14,184.25,185.29,577681.0
2017-04-24,179.0,180.26,175.66,177.07,9752090.0
2017-04-25,178.07,180.79,177.3,179.07,4023521.0
2017-04-26,179.7,180.13,178.28,179.81,2552552.0
2017-04-27,179.97,182.85,179.43,182.55,2207018.0
2017-04-28,182.09,187.2,181.67,186.97,3770920.0
2017-05-01,186.43,187.63,184.84,186.38,2404223.0
2017-05-02,185.52,186.38,183.01,185.28,3292009.0
2017-05-03,184.8,185.33,182.5,183.76,2572333.0
2017-05-04,183.76,184.86,182.78,184.86,1969607.0
2017-05-05,184.78,186.09,184.11,185.4,1426032.0
2017-05-08,184.29,184.8,182.35,182.62,2460047.0
2017-05-09,182.22,182.44,179.51,180.66,3214490.0
2017-05-10,181.14,181.55,177.64,179.76,5007596.0
2017-05-11,181.7,184.95,181.56,184.86,11111550.0
2017-05-12,184.24,187.69,184.12,184.62,3134728.0
2017-05-15,184.05,185.22,183.54,185.13,2852198.0
2017-05-16,185.67,185.81,182.64,182.75,1866353.0
2017-05-17,181.34,182.49,180.44,181.48,2269090.0
2017-05-18,181.19,183.45,180.9,182.61,1576485.0
2017-05-19,183.0,185.1,182.96,184.13,2427291.0
2017-05-22,184.08,185.78,183.17,184.77,1819651.0
2017-05-23,185.13,187.19,185.03,186.62,1788741.0
2017-05-24,186.56,187.25,185.71,187.0,1465509.0
2017-05-25,187.14,187.42,185.33,186.77,1205879.0
2017-05-26,187.39,187.41,185.65,186.48,1248845.0
2017-05-30,185.76,188.48,185.33,188.07,1581465.0
2017-05-31,189.29,190.71,188.1,189.23,2351669.0
2017-06-01,188.37,193.35,188.3,192.83,2024231.0
2017-06-02,192.96,194.11,192.36,193.06,1397713.0
2017-06-05,193.2,193.95,192.42,193.07,1312523.0
2017-06-06,193.38,193.89,191.33,191.9,1375675.0
2017-06-07,190.9,193.15,190.9,192.59,1214035.0
2017-06-08,192.52,193.7,190.74,191.83,1569728.0
2017-06-09,192.0,192.95,190.98,192.0,1677123.0
2017-06-12,192.2,192.58,187.27,191.0,1806978.0
2017-06-13,191.03,192.89,190.06,192.36,1162094.0
2017-06-14,193.0,193.71,191.77,192.52,907600.0
2017-06-15,191.77,192.92,190.94,191.85,1158997.0
2017-06-16,191.95,192.39,190.6,191.29,1538311.0
2017-06-19,191.87,194.04,191.6,193.48,1188060.0
2017-06-20,193.21,195.88,193.01,194.46,1793260.0
2017-06-21,194.76,195.52,193.1,193.49,1581210.0
2017-06-22,193.32,195.39,192.94,195.06,1285900.0
2017-06-23,195.39,195.45,193.84,195.15,1694042.0
2017-06-26,195.47,195.47,194.15,194.72,1255801.0
2017-06-27,194.5,196.01,193.92,194.99,1941135.0
2017-06-28,195.98,195.98,194.63,194.91,1192109.0
2017-06-29,194.5,195.56,192.02,193.23,937156.0
2017-06-30,195.07,196.59,195.01,195.11,1259308.0
2017-07-03,195.79,196.22,194.63,194.63,681642.0
2017-07-05,194.53,197.27,194.22,196.98,1064385.0
2017-07-06,196.38,196.66,194.88,195.34,1314178.0
2017-07-07,196.0,197.85,195.39,197.79,1052121.0
2017-07-10,197.84,198.15,196.67,197.5,1317876.0
2017-07-11,197.45,198.15,196.2,196.38,1184835.0
2017-07-12,197.48,199.24,196.79,198.15,1075717.0
2017-07-13,198.16,198.49,197.02,197.89,578063.0
2017-07-14,198.24,200.62,197.6,200.62,835726.0
2017-07-17,200.67,201.3,199.45,199.99,865410.0
2017-07-18,200.15,201.44,199.13,201.01,1040525.0
2017-07-19,201.5,202.57,200.74,202.02,1257052.0
2017-07-20,201.93,204.01,201.77,203.33,988229.0
2017-07-21,202.83,205.73,202.83,205.3,1722831.0
2017-07-24,205.19,205.94,204.4,205.63,1627597.0
2017-07-25,206.33,206.63,203.27,204.27,956256.0
2017-07-26,203.74,204.4,202.41,202.72,1033015.0
2017-07-27,203.0,203.4,200.5,201.67,1348973.0
2017-07-28,201.83,203.19,200.49,201.98,1502867.0
2017-07-31,202.34,202.89,200.84,201.4,1051473.0
2017-08-01,201.7,202.34,200.54,201.2,827518.0
2017-08-02,200.96,201.76,199.06,200.93,1326943.0
2017-08-03,192.95,199.52,192.34,198.9,2570424.0
2017-08-04,199.85,200.27,195.42,197.05,2176468.0
2017-08-07,197.17,197.84,196.01,197.84,957775.0
2017-08-08,198.87,199.01,196.44,196.63,1150010.0
2017-08-09,196.23,197.89,196.23,197.84,1093335.0
2017-08-10,197.69,199.01,197.3,198.22,1254359.0
2017-08-11,198.45,201.12,197.55,200.36,1251199.0
2017-08-14,201.49,202.3,200.59,201.77,1558912.0
2017-08-15,201.94,202.9,201.41,201.48,992142.0
2017-08-16,201.97,202.67,200.82,201.39,1090283.0
2017-08-17,201.13,202.27,199.31,199.31,985933.0
2017-08-18,199.56,199.56,196.69,197.69,989225.0
2017-08-21,197.96,199.25,196.73,199.17,659764.0
2017-08-22,199.15,200.89,198.84,200.36,855489.0
2017-08-23,199.59,200.14,197.3,197.58,1158730.0
2017-08-24,198.68,198.68,196.84,197.86,814613.0
2017-08-25,198.09,198.79,197.69,198.57,789306.0
2017-08-28,199.17,199.82,198.62,199.05,457529.0
2017-08-29,198.11,199.38,198.08,198.9,805037.0
2017-08-30,199.18,199.18,197.38,197.9,813853.0
2017-08-31,198.28,199.69,197.55,199.44,1150999.0
2017-09-01,199.44,199.87,197.56,199.15,757084.0
2017-09-05,198.39,200.41,198.31,200.07,896570.0
2017-09-06,200.57,201.0,199.15,199.23,772529.0
2017-09-07,199.12,200.78,198.45,199.57,968319.0
2017-09-08,199.21,204.29,199.21,203.7,1202165.0
2017-09-11,204.79,204.86,202.84,203.87,1614296.0
2017-09-12,203.45,203.79,201.41,202.2,1129041.0
2017-09-13,201.64,202.4,195.81,196.62,1952236.0
2017-09-14,196.29,197.91,195.52,197.6,1408527.0
2017-09-15,197.51,198.24,195.08,195.34,1579400.0
2017-09-18,195.92,196.93,195.46,195.61,1060466.0
2017-09-19,195.76,196.6,192.69,193.0,1412455.0
2017-09-20,193.11,194.4,192.65,194.0,1109261.0
2017-09-21,193.79,193.89,191.53,191.56,1061757.0
2017-09-22,192.5,193.22,191.6,193.06,1056748.0
2017-09-25,192.91,193.62,192.04,193.2,1198324.0
2017-09-26,194.06,194.55,192.98,194.32,991200.0
2017-09-27,194.53,194.68,192.59,194.05,864704.0
2017-09-28,194.35,195.39,192.66,193.6,948663.0
2017-09-29,192.99,195.99,192.99,195.95,1102653.0
2017-10-02,196.91,197.84,195.3,196.29,1066087.0
2017-10-03,196.08,196.79,193.05,193.73,1051670.0
2017-10-04,193.73,195.13,193.67,195.0,889275.0
2017-10-05,195.0,197.25,194.19,197.25,1244423.0
2017-10-06,197.25,198.17,196.57,198.08,1132897.0
2017-10-09,197.53,197.69,196.41,197.14,1068865.0
2017-10-10,197.1,197.52,195.72,196.29,1061161.0
2017-10-11,196.27,197.65,196.18,197.51,774516.0
2017-10-12,196.77,198.89,196.77,198.83,754867.0
2017-10-13,198.68,201.47,197.44,201.43,1340057.0
2017-10-16,200.94,201.42,200.18,200.82,1078292.0
2017-10-17,200.85,203.28,200.08,203.07,956454.0
2017-10-18,203.08,207.73,202.73,207.72,2149551.0
2017-10-19,207.36,209.5,206.7,209.36,1066612.0
2017-10-20,210.0,212.54,209.72,211.83,1249552.0
2017-10-23,212.06,214.72,210.47,211.03,1004910.0
2017-10-24,211.58,211.58,209.81,210.97,953737.0
2017-10-25,210.92,211.66,209.98,210.39,1179449.0
2017-10-26,210.91,211.55,209.47,209.84,1936360.0
2017-10-27,210.1,211.19,209.23,210.1,1571834.0
2017-10-30,209.73,210.16,207.79,208.65,1112519.0
2017-10-31,208.5,209.55,208.0,208.67,1323983.0
2017-11-01,207.53,210.1,203.99,208.06,2077033.0
2017-11-02,217.39,224.73,210.0,224.02,2706465.0
2017-11-03,218.41,224.89,217.5,224.41,1405516.0
2017-11-06,224.66,225.23,222.05,222.2,992754.0
2017-11-07,222.75,223.11,219.72,221.27,2236386.0
2017-11-08,221.43,222.32,220.27,221.43,1224973.0
2017-11-09,220.97,224.58,220.52,224.48,988370.0
2017-11-10,223.68,224.3,217.56,219.23,1773109.0
2017-11-13,218.67,220.71,217.5,220.0,867167.0
2017-11-14,219.04,221.15,218.7,220.46,868931.0
2017-11-15,220.08,220.44,218.83,219.1,811592.0
2017-11-16,219.82,221.59,219.14,221.52,897724.0
2017-11-17,220.77,221.42,219.92,220.31,719688.0
2017-11-20,221.15,222.31,220.48,221.5,807948.0
2017-11-21,223.28,227.5,222.52,226.83,1476576.0
2017-11-22,226.23,226.23,222.96,224.23,1161293.0
2017-11-24,225.0,226.4,224.23,226.28,374011.0
2017-11-27,226.3,227.84,224.85,225.4,1044347.0
2017-11-28,226.37,227.33,224.89,227.15,1133687.0
2017-11-29,227.11,227.8,225.13,226.88,931595.0
2017-11-30,227.0,228.8,224.75,228.21,2090852.0
2017-12-01,228.27,229.68,224.52,226.33,1566682.0
2017-12-04,227.94,228.54,218.87,218.92,1695385.0
2017-12-05,218.93,220.75,218.51,219.07,963727.0
2017-12-06,219.0,220.42,218.0,218.92,1306940.0
2017-12-07,218.4,219.36,216.88,217.81,1351579.0
2017-12-08,218.56,220.44,217.44,219.68,1159994.0
2017-12-11,219.53,220.66,217.5,218.31,1149193.0
2017-12-12,219.25,220.89,218.67,218.99,1296617.0
2017-12-13,218.76,220.61,218.39,218.94,994178.0
2017-12-14,219.5,220.55,218.45,218.77,1368691.0
2017-12-15,220.29,222.1,218.68,221.46,2197020.0
2017-12-18,221.63,222.69,220.66,221.73,1124294.0
2017-12-19,222.33,222.89,220.43,221.33,983763.0
2017-12-20,220.96,222.2,218.86,218.99,888554.0
2017-12-21,219.85,220.62,217.53,217.78,656559.0
2017-12-22,218.3,218.66,216.87,217.23,1339894.0
2017-12-26,217.69,217.79,216.41,217.02,469912.0
2017-12-27,217.13,217.78,216.5,217.32,641283.0
2017-12-28,217.32,218.88,214.18,214.32,2213980.0
2017-12-29,216.64,218.25,213.95,214.06,1649421.0
2018-01-02,215.09,220.04,215.09,217.84,2689274.0
2018-01-03,219.43,221.28,218.78,219.99,1749103.0
2018-01-04,219.16,221.77,219.16,220.99,1332304.0
2018-01-05,222.37,223.55,221.26,222.08,1424748.0
2018-01-08,222.03,222.68,220.26,221.4,1736643.0
2018-01-09,222.34,226.85,221.6,226.42,1387268.0
2018-01-10,226.0,226.09,222.84,224.56,1275268.0
2018-01-11,224.56,225.94,221.86,225.82,1554993.0
2018-01-12,226.77,227.78,223.94,227.71,1870458.0
2018-01-16,227.98,230.12,226.62,228.54,1746180.0
2018-01-17,230.28,231.38,226.74,231.37,1666027.0
2018-01-18,231.11,232.35,229.1,232.12,1104769.0
2018-01-19,235.56,235.56,232.55,234.51,1468532.0
2018-01-22,234.07,236.74,233.26,236.71,1324309.0
2018-01-23,236.03,236.86,234.34,234.71,1205194.0
2018-01-24,236.13,239.4,235.08,238.64,1029260.0
2018-01-25,239.65,244.34,239.26,242.35,1498604.0
2018-01-26,244.41,246.32,240.31,246.28,1601293.0
2018-01-29,246.3,248.39,244.29,244.93,1286997.0
2018-01-30,243.1,244.68,241.12,243.5,1243380.0
2018-01-31,243.77,244.83,241.65,242.94,1524867.0
2018-02-01,241.08,243.51,240.2,241.52,1117976.0
2018-02-02,240.56,241.43,236.69,237.11,1346496.0
2018-02-05,237.75,237.76,224.82,224.82,1840676.0
2018-02-06,217.0,234.44,215.0,227.52,3057432.0
2018-02-07,227.66,227.93,220.93,221.92,2612475.0
2018-02-08,221.89,222.59,211.24,211.44,3003676.0
2018-02-09,212.59,218.82,209.91,217.14,2030319.0
2018-02-12,219.17,220.25,217.66,218.89,2318086.0
2018-02-13,216.99,216.99,213.37,215.4,1830064.0
2018-02-14,214.42,220.46,214.03,219.95,1322920.0
2018-02-15,221.65,223.15,218.85,222.51,982991.0
2018-02-16,221.66,224.85,221.28,222.87,981599.0
2018-02-20,223.27,223.27,218.72,219.82,1120081.0
2018-02-21,220.12,223.35,218.67,218.7,1033473.0
2018-02-22,219.83,221.42,217.72,218.32,793230.0
2018-02-23,219.42,220.39,217.48,220.34,729187.0
2018-02-26,221.59,225.27,221.12,225.03,1205803.0
2018-02-27,225.61,228.34,225.05,225.05,1319277.0
2018-02-28,225.31,227.9,221.9,222.02,1304853.0
2018-03-01,221.6,221.81,215.46,218.12,1542365.0
2018-03-02,216.62,218.73,216.19,217.65,1014101.0
2018-03-05,217.0,218.41,215.26,217.27,1777742.0
2018-03-06,217.92,219.42,215.26,216.96,1461847.0
2018-03-07,214.82,219.5,214.82,219.1,1012316.0
2018-03-08,218.92,224.0,218.91,223.44,1131152.0
2018-03-09,224.46,227.24,222.49,226.12,1461864.0
2018-03-12,226.61,227.8,225.24,225.5,1063089.0
2018-03-13,226.98,227.08,223.6,223.85,955712.0
2018-03-14,224.56,224.93,222.17,223.52,1314467.0
2018-03-15,223.97,226.02,222.96,224.15,895359.0
2018-03-16,224.39,225.0,223.2,223.27,1451411.0
2018-03-19,223.27,223.55,218.07,219.53,1161893.0
2018-03-20,220.25,221.08,218.95,219.9,716451.0
2018-03-21,220.4,220.66,217.91,218.5,754032.0
2018-03-22,217.45,219.31,213.15,213.25,1019208.0
2018-03-23,214.14,215.21,210.39,210.6,1762589.0
2018-03-26,212.97,215.6,211.08,215.25,1149321.0
2018-03-27,215.81,217.0,211.72,213.02,1361799.0
2018-03-28,213.81,214.87,211.8,212.43,961944.0
2018-03-29,213.03,219.13,212.02,216.7,1443004.0
2018-04-02,215.99,216.57,210.21,213.3,1498022.0
2018-04-03,213.88,217.01,211.84,216.82,1462957.0
2018-04-04,214.52,219.1,213.36,218.78,1583640.0
2018-04-05,219.82,220.59,218.06,220.13,1043375.0
2018-04-06,218.56,219.77,212.2,215.5,1320605.0
2018-04-09,216.22,220.28,215.69,217.4,1178147.0
2018-04-10,221.46,226.64,221.19,223.65,1701052.0
2018-04-11,222.16,223.3,221.05,222.11,867328.0
2018-04-12,223.83,224.64,222.58,223.45,929850.0
2018-04-13,224.54,226.45,223.64,225.37,962181.0
2018-04-16,226.86,231.3,226.23,229.57,1176843.0
2018-04-17,230.93,234.0,229.39,233.43,1109860.0
2018-04-18,233.92,235.0,232.65,234.39,754383.0
2018-04-19,234.4,236.12,233.81,235.24,1043562.0
2018-04-20,235.82,235.87,232.05,232.88,1002420.0
2018-04-23,233.86,234.0,231.82,233.02,748398.0
2018-04-24,233.76,234.87,228.72,230.88,1044085.0
2018-04-25,230.01,230.89,227.72,229.49,1122352.0
2018-04-26,230.21,233.19,229.34,232.89,888132.0
2018-04-27,232.85,234.59,231.61,234.26,937598.0
2018-04-30,235.25,235.95,231.82,231.87,1354546.0
2018-05-01,230.77,233.8,230.68,233.71,1010002.0
2018-05-02,232.82,234.1,230.19,230.19,1408214.0
2018-05-03,229.88,230.39,222.36,227.13,1685889.0
2018-05-04,226.04,226.89,222.87,224.66,1442574.0
2018-05-07,225.07,226.8,224.59,225.18,998931.0
2018-05-08,224.45,225.0,219.8,221.35,1466975.0
2018-05-09,222.46,224.44,218.73,223.39,1039197.0
2018-05-10,224.01,226.25,223.09,225.49,962061.0
2018-05-11,225.86,226.69,223.57,225.24,931194.0
2018-05-14,225.51,227.82,225.35,227.18,1081968.0
2018-05-15,225.98,227.39,223.57,224.75,1289712.0
2018-05-16,224.46,225.97,223.67,224.87,1200752.0
2018-05-17,225.05,225.56,223.33,224.22,1221463.0
2018-05-18,223.9,225.37,223.18,225.01,1011008.0
2018-05-21,225.82,229.16,225.32,228.76,1308601.0
2018-05-22,230.0,230.5,224.83,225.54,1179089.0
2018-05-23,224.24,227.08,224.24,226.25,1415089.0
2018-05-24,226.53,227.36,225.1,225.6,1014228.0
2018-05-25,225.11,225.8,223.14,223.73,1027711.0
2018-05-29,221.97,221.97,218.6,219.91,1380740.0
2018-05-30,221.45,223.84,220.16,223.52,1205451.0
2018-05-31,223.46,224.81,221.08,221.59,3019237.0
2018-06-01,223.32,225.25,223.04,224.94,966659.0
2018-06-04,226.02,228.82,225.04,228.33,896904.0
2018-06-05,228.53,228.9,227.03,227.72,1000254.0
2018-06-06,228.03,232.15,227.23,231.61,1031010.0
2018-06-07,231.56,231.75,227.81,229.79,908156.0
2018-06-08,230.1,231.93,228.84,231.84,713813.0
2018-06-11,231.81,234.21,230.47,232.57,1204227.0
2018-06-12,232.73,234.47,232.5,233.64,1006818.0
2018-06-13,234.0,235.19,231.99,232.26,694718.0
2018-06-14,233.33,233.65,231.46,232.82,785104.0
2018-06-15,232.41,232.97,231.37,232.16,1543152.0
2018-06-18,230.26,231.63,227.06,231.09,1039815.0
2018-06-19,229.64,230.24,228.6,230.02,1151685.0
2018-06-20,229.77,231.49,229.68,230.12,736959.0
2018-06-21,232.3,235.56,230.91,233.24,1188915.0
2018-06-22,234.12,239.16,233.65,237.6,3608616.0
2018-06-25,237.71,237.71,232.95,234.75,1028796.0
2018-06-26,234.75,241.2,234.75,239.5,1930337.0
2018-06-27,239.79,242.34,236.7,236.7,1644864.0
2018-06-28,235.11,240.24,235.02,239.7,1242423.0
2018-06-29,239.42,242.64,239.32,239.56,1271404.0
2018-07-02,237.45,239.22,235.33,238.9,807722.0
2018-07-03,239.61,241.24,238.33,240.48,679790.0
2018-07-05,241.13,242.6,240.31,242.18,955369.0
2018-07-06,242.68,244.94,241.87,242.86,817327.0
2018-07-09,244.15,245.54,243.72,244.66,925149.0
2018-07-10,245.0,245.74,243.66,244.55,1020693.0
2018-07-11,243.28,245.54,242.27,244.63,971657.0
2018-07-12,245.48,247.14,244.75,246.74,636192.0
2018-07-13,247.28,247.87,246.46,247.1,517286.0
2018-07-16,246.56,246.99,244.67,245.13,601505.0
2018-07-17,245.35,248.39,244.7,247.75,726478.0
2018-07-18,247.75,248.57,245.63,246.15,602534.0
2018-07-19,246.05,248.54,244.76,246.98,1009049.0
2018-07-20,247.34,248.35,246.01,247.03,714820.0
2018-07-23,246.46,248.63,246.1,248.21,465014.0
2018-07-24,248.56,249.93,247.21,248.48,830356.0
2018-07-25,246.66,251.54,246.0,251.16,793295.0
2018-07-26,251.6,252.74,249.04,251.37,961945.0
2018-07-27,252.68,252.68,248.81,250.2,1108461.0
2018-07-30,249.83,250.63,246.14,247.26,1100381.0
2018-07-31,248.23,250.97,247.17,250.37,1215246.0
2018-08-01,250.05,252.49,249.23,250.0,1309511.0
2018-08-02,245.92,247.06,239.8,245.1,1962175.0
2018-08-03,246.63,248.46,244.74,247.12,1055299.0
2018-08-06,247.0,248.91,246.56,248.32,947409.0
2018-08-07,248.23,248.78,247.17,247.98,757845.0
2018-08-08,248.98,252.17,248.36,251.4,1192939.0
2018-08-09,252.55,253.77,251.18,251.5,720335.0
2018-08-10,250.53,251.78,248.67,249.33,1345504.0
2018-08-13,249.52,251.05,247.6,248.23,739436.0
2018-08-14,247.91,251.33,247.73,250.4,624283.0
2018-08-15,249.82,251.73,248.42,251.03,832565.0
2018-08-16,251.88,253.42,250.77,252.63,466644.0
2018-08-17,253.26,253.9,251.46,253.12,528086.0
2018-08-20,254.0,254.35,252.44,252.81,531062.0
2018-08-21,253.99,254.99,251.32,251.35,845115.0
2018-08-22,250.61,253.4,249.04,252.86,491588.0
2018-08-23,253.14,254.66,252.74,253.84,482181.0
2018-08-24,254.0,255.8,253.85,255.4,447745.0
2018-08-27,256.41,256.92,254.66,256.3,474148.0
2018-08-28,256.87,257.99,256.36,257.65,648532.0
2018-08-29,257.5,259.99,257.5,259.35,905434.0
2018-08-30,258.9,261.12,258.9,260.32,780649.0
2018-08-31,259.76,262.67,259.76,261.87,887560.0
2018-09-04,262.49,263.37,261.43,261.93,1139637.0
2018-09-05,260.97,261.53,256.64,257.58,935841.0
2018-09-06,257.89,258.04,254.65,255.66,1375362.0
2018-09-07,254.5,255.99,253.77,254.37,1063035.0
2018-09-10,255.72,256.61,254.52,254.57,805475.0
2018-09-11,253.76,256.06,253.21,255.18,1079881.0
2018-09-12,255.68,258.97,255.25,258.35,1302566.0
2018-09-13,259.57,261.7,259.25,261.0,893254.0
2018-09-14,260.98,261.7,259.96,260.63,601198.0
2018-09-17,260.0,260.42,256.42,257.23,918095.0
2018-09-18,256.79,260.5,256.61,259.75,926252.0
2018-09-19,260.31,261.01,259.16,260.04,858830.0
2018-09-20,261.17,262.35,260.41,261.89,903408.0
2018-09-21,261.28,262.7,260.55,261.52,1720525.0
2018-09-24,260.73,262.76,260.57,262.4,867873.0
2018-09-25,263.32,263.8,261.79,262.17,533455.0
2018-09-26,262.17,264.47,260.8,261.66,824544.0
2018-09-27,262.16,262.16,259.85,259.99,503827.0
2018-09-28,259.66,261.93,258.76,261.0,955492.0
2018-10-01,262.0,265.87,262.0,264.38,1016959.0
2018-10-02,264.15,264.68,261.79,263.9,711244.0
2018-10-03,263.05,263.44,258.31,258.7,1061253.0
2018-10-04,258.44,258.77,252.24,253.38,1069731.0
2018-10-05,253.42,254.89,251.41,253.77,1045185.0
2018-10-08,253.77,254.08,248.16,250.37,885092.0
2018-10-09,249.71,252.26,248.59,250.5,601798.0
2018-10-10,249.42,249.99,242.19,242.77,1010719.0
2018-10-11,242.23,244.7,237.09,238.49,1665491.0
2018-10-12,242.66,245.41,239.93,242.62,1211087.0
2018-10-15,243.39,243.39,238.31,238.31,1124998.0
2018-10-16,239.9,244.58,238.72,244.3,1684342.0
2018-10-17,243.93,245.6,242.65,244.98,809346.0
2018-10-18,245.33,245.33,238.16,239.8,827041.0
2018-10-19,239.16,240.92,237.28,238.09,1245976.0
2018-10-22,238.87,239.48,235.12,235.34,951654.0
2018-10-23,232.0,232.84,227.12,231.37,1809220.0
2018-10-24,231.62,233.96,226.69,227.36,1364938.0
2018-10-25,228.88,233.1,226.67,231.45,1236951.0
2018-10-26,228.8,232.01,226.25,229.0,1289193.0
2018-10-29,231.89,232.94,225.34,228.5,795584.0
2018-10-30,229.22,231.38,226.96,230.6,1203712.0
2018-10-31,232.0,234.09,230.2,230.5,1571860.0
2018-11-01,230.08,234.31,229.76,234.16,1083070.0
2018-11-02,235.59,237.84,232.03,235.58,1211942.0
2018-11-05,235.72,238.36,234.61,237.32,1836851.0
2018-11-06,229.74,241.05,225.0,240.69,2683926.0
2018-11-07,242.82,243.05,236.0,236.86,2827549.0
2018-11-08,236.8,244.54,236.29,244.48,1543430.0
2018-11-09,243.25,244.12,240.0,243.26,1005799.0
2018-11-12,243.1,243.1,236.11,236.22,1009281.0
2018-11-13,236.48,239.16,233.3,234.5,934293.0
2018-11-14,236.0,237.24,233.56,235.24,891832.0
2018-11-15,233.91,240.2,232.42,240.04,1033503.0
2018-11-16,238.76,248.13,238.29,246.07,1244767.0
2018-11-19,245.92,247.66,242.19,243.4,927902.0
2018-11-20,241.9,242.85,238.04,239.36,1752416.0
2018-11-21,241.13,244.4,240.54,242.04,998332.0
2018-11-23,240.8,243.63,240.19,242.02,357423.0
2018-11-26,243.31,244.33,241.99,242.1,1128248.0
2018-11-27,241.33,243.84,239.44,243.51,903109.0
2018-11-28,243.53,249.66,243.53,249.64,1065962.0
2018-11-29,248.67,251.41,248.14,250.1,962612.0
2018-11-30,250.38,253.32,249.32,252.75,1345586.0
2018-12-03,253.94,256.04,251.47,252.56,1397960.0
2018-12-04,252.76,253.29,244.55,244.92,1452711.0
2018-12-06,242.54,243.29,234.82,241.23,1931671.0
2018-12-07,240.97,241.93,233.59,234.44,1180129.0
2018-12-10,234.11,237.3,230.0,236.43,881518.0
2018-12-11,238.87,241.58,235.0,236.66,1067317.0
2018-12-12,238.45,241.75,235.39,235.56,1009699.0
2018-12-13,236.65,238.39,234.72,236.89,1119985.0
2018-12-14,234.32,234.62,230.52,231.45,1128314.0
2018-12-17,230.0,230.29,224.4,225.85,1174330.0
2018-12-18,227.85,228.0,221.12,223.16,1283554.0
2018-12-19,224.28,228.68,220.64,222.24,1657325.0
2018-12-20,220.93,223.11,215.75,217.48,1943621.0
2018-12-21,216.74,220.05,213.93,214.26,2818348.0
2018-12-24,213.46,213.77,209.8,209.85,907762.0
2018-12-26,210.42,217.89,208.62,217.86,980217.0
2018-12-27,215.43,222.25,214.04,222.22,1189246.0
2018-12-28,223.88,224.37,221.02,221.99,815535.0
2018-12-31,223.73,225.91,222.82,225.32,665510.0
2019-01-02,221.97,223.01,218.22,220.08,1176777.0
2019-01-03,218.09,218.74,210.72,211.2,1889961.0
2019-01-04,213.3,218.59,213.3,216.99,1974950.0
2019-01-07,216.82,222.74,216.34,218.64,1660542.0
2019-01-08,220.22,223.01,219.85,222.7,1132035.0
2019-01-09,224.26,229.01,223.82,227.45,1185908.0
2019-01-10,226.33,229.69,225.34,229.45,841094.0
2019-01-11,228.38,229.53,226.58,228.87,937367.0
2019-01-14,227.4,229.18,226.35,226.38,946600.0
2019-01-15,227.01,231.14,227.01,230.78,845676.0
2019-01-16,231.6,232.97,230.15,231.27,775966.0
2019-01-17,233.01,237.11,232.0,236.11,1651400.0
2019-01-18,237.31,242.25,236.3,242.08,1351408.0
2019-01-22,240.72,241.71,237.55,239.19,1060626.0
2019-01-23,239.05,240.92,236.03,239.14,723428.0
2019-01-24,238.64,241.02,237.59,240.72,818805.0
2019-01-25,242.0,244.78,240.92,243.06,1232675.0
2019-01-28,241.12,242.2,239.7,241.84,740893.0
2019-01-29,241.88,244.78,241.73,242.45,994158.0
2019-01-30,242.95,246.4,241.82,245.48,858748.0
2019-01-31,244.76,249.87,243.38,249.46,1555130.0
2019-02-01,249.27,250.11,245.5,247.42,1002174.0
2019-02-04,246.99,248.0,244.17,247.16,981987.0
2019-02-05,248.0,254.0,241.39,242.41,2125021.0
2019-02-06,242.24,245.44,241.88,243.07,1250878.0
2019-02-07,241.25,243.22,239.95,241.56,961065.0
2019-02-08,240.67,242.26,237.75,242.21,981908.0
2019-02-11,242.97,244.81,241.74,242.78,766356.0
2019-02-12,243.71,246.52,242.37,246.26,1095547.0
2019-02-13,247.25,247.73,244.73,245.05,874601.0
2019-02-14,244.3,245.95,243.0,244.51,867124.0
2019-02-15,246.91,248.39,245.0,248.34,1477561.0
2019-02-19,247.65,248.6,246.99,248.04,730290.0
2019-02-20,247.88,249.19,246.92,249.06,861302.0
2019-02-21,249.05,249.05,246.39,247.69,696989.0
2019-02-22,248.18,249.85,247.87,249.66,671561.0
2019-02-25,250.58,252.0,249.98,250.28,1043698.0
2019-02-26,250.22,250.59,248.07,249.11,786795.0
2019-02-27,247.95,250.32,247.79,250.29,704599.0
2019-02-28,250.21,251.83,248.62,248.79,1214936.0
2019-03-01,250.53,254.47,249.9,254.37,978621.0
2019-03-04,255.44,255.62,249.86,252.86,822377.0
2019-03-05,252.85,252.87,250.13,252.23,574134.0
2019-03-06,252.51,252.69,247.42,248.58,845251.0
2019-03-07,247.94,248.28,245.47,246.67,719167.0
2019-03-08,245.62,247.01,243.58,246.72,804858.0
2019-03-11,247.9,249.97,247.73,249.94,639514.0
2019-03-12,250.8,252.35,250.06,250.58,825306.0
2019-03-13,251.79,254.94,251.29,253.63,801480.0
2019-03-14,255.42,255.42,251.32,252.26,875157.0
2019-03-15,252.06,257.16,252.06,253.92,2015212.0
2019-03-18,249.25,249.25,242.04,244.67,1953432.0
2019-03-19,244.69,247.65,242.62,247.57,1360444.0
2019-03-20,247.63,247.63,242.19,243.15,1346429.0
2019-03-21,242.95,245.68,242.6,245.42,1112377.0
2019-03-22,244.43,244.74,240.04,240.12,1094249.0
2019-03-25,240.73,241.52,238.21,241.25,1143920.0
2019-03-26,243.34,248.03,243.34,247.0,1380882.0
2019-03-27,247.22,247.9,244.16,245.6,1075925.0
2019-03-28,246.12,247.39,244.67,247.0,990019.0
2019-03-29,248.26,249.99,247.19,249.73,1483562.0
2019-04-01,250.68,252.75,250.19,251.39,1121986.0
2019-04-02,252.16,252.16,250.41,250.74,981854.0
2019-04-03,251.53,251.55,248.36,249.39,1374059.0
2019-04-04,249.88,251.88,248.42,251.59,1155697.0
2019-04-05,252.52,253.65,250.94,251.28,1475013.0
2019-04-08,251.57,251.83,249.11,250.99,1245056.0
2019-04-09,249.33,250.47,247.65,249.77,1341120.0
2019-04-10,249.94,253.83,249.39,252.23,835092.0
2019-04-11,253.21,253.34,251.24,251.73,959443.0
2019-04-12,252.61,253.6,246.37,246.71,1338350.0
2019-04-15,246.79,247.69,245.18,246.2,1102275.0
2019-04-16,247.5,249.07,239.64,240.02,1559350.0
2019-04-17,240.71,240.71,221.51,225.87,4695280.0
2019-04-18,226.0,230.88,223.63,227.89,2542740.0
2019-04-22,227.12,229.52,224.61,225.04,1489639.0
2019-04-23,224.86,231.24,224.28,228.04,2557261.0
2019-04-24,227.87,233.28,226.09,232.5,1768790.0
2019-04-25,231.77,238.36,230.7,237.43,1816947.0
2019-04-26,238.51,239.0,236.06,238.12,806910.0
2019-04-29,237.31,238.94,235.7,236.71,1103239.0
2019-04-30,237.43,240.95,233.91,240.74,1807930.0
2019-05-01,240.29,240.73,235.1,235.65,937510.0
2019-05-02,235.63,237.69,234.31,236.67,954634.0
2019-05-03,237.9,238.1,235.91,237.89,925377.0
2019-05-06,234.12,238.9,232.64,238.52,1403740.0
2019-05-07,236.8,237.52,231.0,232.55,1487852.0
2019-05-08,233.05,234.01,230.69,232.33,1560231.0
2019-05-09,224.96,231.51,222.5,229.8,2916925.0
2019-05-10,228.27,229.79,223.57,225.4,2487174.0
2019-05-13,223.97,228.35,222.5,223.69,1609310.0
2019-05-14,223.82,227.09,222.78,222.84,1409186.0
2019-05-15,222.07,227.19,221.47,225.41,1439058.0
2019-05-16,225.5,228.03,224.52,225.93,1531761.0
2019-05-17,223.93,229.79,223.9,228.36,2490054.0
2019-05-20,227.63,230.75,227.24,229.36,1567963.0
2019-05-21,230.54,235.24,230.54,233.97,1724266.0
2019-05-22,233.29,236.42,232.43,235.68,1278206.0
2019-05-23,235.04,235.04,231.92,234.0,1131299.0
2019-05-24,234.89,238.33,234.12,235.19,1300146.0
2019-05-28,236.5,239.46,234.15,234.16,2259827.0
2019-05-29,233.56,236.88,232.49,234.0,1135011.0
2019-05-30,234.16,237.61,233.88,237.2,721827.0
2019-05-31,235.59,235.74,233.22,233.44,1038962.0
2019-06-03,233.97,236.05,231.25,232.66,1127479.0
2019-06-04,234.73,236.49,233.06,235.22,1005055.0
2019-06-05,237.34,241.16,235.34,239.36,1470954.0
2019-06-06,237.71,238.02,233.09,236.63,1673078.0
2019-06-07,238.18,239.54,237.15,238.38,1270044.0
2019-06-10,239.33,241.46,238.35,240.21,1280669.0
2019-06-11,241.33,241.84,236.18,237.02,954151.0
2019-06-12,236.27,239.24,236.02,236.97,1006064.0
2019-06-13,237.82,237.82,234.65,237.04,1232457.0
2019-06-14,238.06,238.06,234.03,234.16,984241.0
2019-06-17,234.42,235.6,233.11,234.19,948355.0
2019-06-18,235.22,237.53,235.22,236.56,875249.0
2019-06-19,236.36,239.09,236.06,238.24,1529130.0
2019-06-20,240.0,245.34,239.36,245.12,1565878.0
2019-06-21,245.45,248.4,244.25,247.3,2411638.0
2019-06-24,247.41,250.08,246.6,249.98,1106497.0
2019-06-25,248.77,252.41,247.96,248.22,1358457.0
2019-06-26,248.29,248.8,244.12,248.11,1216999.0
2019-06-27,249.26,251.33,248.36,249.15,897299.0
2019-06-28,250.38,252.11,249.45,252.01,1552150.0
2019-07-01,253.16,254.95,251.3,254.55,1038415.0
2019-07-02,254.8,255.0,251.5,253.86,836703.0
2019-07-03,254.17,255.24,252.64,255.24,607926.0
2019-07-05,253.39,255.02,251.31,254.2,574967.0
2019-07-08,253.18,254.0,250.73,250.97,1065868.0
2019-07-09,249.97,252.12,249.59,251.72,922510.0
2019-07-10,252.3,254.73,252.3,253.47,712136.0
2019-07-11,254.59,256.27,252.92,256.17,1025980.0
2019-07-12,256.7,256.7,251.25,252.88,645233.0
2019-07-15,253.37,254.3,251.79,253.24,674304.0
2019-07-16,254.0,254.07,250.74,251.38,593128.0
2019-07-17,252.59,252.66,250.32,251.85,705661.0
2019-07-18,250.99,254.04,250.9,253.83,540497.0
2019-07-19,254.12,254.16,250.71,250.84,758995.0
2019-07-22,251.48,252.81,251.14,252.51,1034758.0
2019-07-23,253.03,255.85,252.28,255.79,751243.0
2019-07-24,255.62,256.62,252.85,256.25,741845.0
2019-07-25,255.08,257.34,253.84,254.15,871271.0
2019-07-26,255.36,256.46,253.51,254.39,662855.0
2019-07-29,254.88,255.69,252.88,254.79,758990.0
2019-07-30,253.49,258.06,253.38,258.03,600925.0
2019-07-31,257.42,258.04,251.7,252.8,1682134.0
2019-08-01,252.9,257.73,251.64,252.35,1000186.0
2019-08-02,252.38,252.67,247.05,248.69,1166959.0
2019-08-05,245.0,245.45,236.0,236.34,2174770.0
2019-08-06,239.99,245.0,229.0,242.14,2625424.0
2019-08-07,240.44,245.44,237.2,244.69,1523098.0
2019-08-08,246.53,252.04,245.51,251.57,1306342.0
2019-08-09,252.57,255.13,251.9,254.35,1153160.0
2019-08-12,252.78,254.76,248.46,249.16,470288.0
2019-08-13,249.27,254.56,248.72,253.34,932600.0
2019-08-14,250.45,251.61,244.53,244.71,1028960.0
2019-08-15,244.65,247.74,244.47,246.35,975027.0
2019-08-16,248.13,248.94,247.07,248.33,784498.0
2019-08-19,251.05,252.69,249.43,251.48,672903.0
2019-08-20,251.74,254.37,249.15,249.28,902091.0
2019-08-21,250.77,253.5,250.71,253.37,1007951.0
2019-08-22,254.0,257.09,253.96,255.18,1154172.0
2019-08-23,254.65,255.81,247.24,248.31,1106023.0
2019-08-26,250.34,251.2,247.55,248.81,721637.0
2019-08-27,251.01,253.36,248.19,250.32,905625.0
2019-08-28,249.02,253.94,248.91,253.01,569589.0
2019-08-29,255.2,255.56,253.72,255.04,521731.0
2019-08-30,256.72,256.72,252.82,253.92,799885.0
2019-09-03,251.16,252.7,245.91,248.03,861192.0
2019-09-04,250.08,255.09,249.27,254.71,1027146.0
2019-09-05,257.6,258.94,256.22,258.48,1027197.0
2019-09-06,258.92,264.74,257.42,262.48,1351305.0
2019-09-09,263.42,263.51,256.95,257.8,867598.0
2019-09-10,257.08,260.51,253.22,260.51,1713257.0
2019-09-11,260.05,261.47,255.29,261.0,1183333.0
2019-09-12,263.61,263.84,258.99,262.15,1097064.0
2019-09-13,262.82,262.87,259.82,260.7,674709.0
2019-09-16,259.28,259.86,257.95,258.73,852994.0
2019-09-17,259.81,259.93,257.57,258.15,857462.0
2019-09-18,258.0,259.3,255.19,257.52,760533.0
2019-09-19,252.82,259.07,252.82,256.38,847759.0
2019-09-20,255.6,256.63,253.28,253.55,1927741.0
2019-09-23,253.39,255.54,253.08,253.43,967252.0
2019-09-24,254.64,256.11,249.5,251.02,1252871.0
2019-09-25,250.9,254.66,250.5,253.95,878556.0
2019-09-26,254.83,254.83,248.2,250.54,1069216.0
2019-09-27,252.29,252.31,247.48,248.03,907225.0
2019-09-30,249.05,254.41,248.76,252.96,1666556.0
2019-10-01,254.22,256.34,250.1,250.64,873630.0
2019-10-02,249.25,250.21,245.08,247.87,1071170.0
2019-10-03,247.57,251.25,245.08,250.91,822739.0
2019-10-04,251.88,253.3,250.36,253.11,613232.0
2019-10-07,251.8,253.0,249.48,249.58,896372.0
2019-10-08,247.8,248.23,244.08,244.48,898915.0
2019-10-09,246.37,248.63,245.35,247.81,595980.0
2019-10-10,246.58,249.61,245.71,248.54,594463.0
2019-10-11,252.06,254.98,251.38,252.86,851194.0
2019-10-14,252.86,252.86,250.46,250.72,623350.0
2019-10-15,252.41,254.54,251.02,253.28,904578.0
2019-10-16,252.44,254.02,250.92,252.94,1016323.0
2019-10-17,254.0,258.07,253.68,256.8,1008409.0
2019-10-18,256.66,259.12,255.74,258.59,842894.0
2019-10-21,257.11,259.14,253.98,254.1,954592.0
2019-10-22,254.39,256.51,249.88,250.28,711988.0
2019-10-23,252.28,253.02,250.55,251.6,969126.0
2019-10-24,252.89,252.89,244.76,245.9,1388232.0
2019-10-25,246.49,248.07,244.22,244.3,1715914.0
2019-10-28,245.75,249.15,244.59,246.08,1907296.0
2019-10-29,246.92,257.27,246.05,254.28,1623652.0
2019-10-30,254.09,256.17,253.95,255.95,721465.0
2019-10-31,255.58,257.03,254.01,256.0,1629644.0
2019-11-01,257.7,260.1,256.92,258.15,1385026.0
2019-11-04,260.66,261.69,257.6,260.7,1272521.0
2019-11-05,254.96,258.77,246.3,246.68,2887816.0
2019-11-06,246.68,250.81,246.48,250.79,1785686.0
2019-11-07,251.19,252.07,243.94,244.57,1458982.0
2019-11-08,244.0,247.08,244.0,244.79,1495820.0
2019-11-11,243.39,244.44,241.75,242.44,1085020.0
2019-11-12,241.76,245.0,241.28,242.36,1035783.0
2019-11-13,242.06,247.03,240.61,247.01,1389052.0
2019-11-14,247.22,250.21,247.22,248.8,1004041.0
2019-11-15,250.11,250.46,247.34,248.3,1157139.0
2019-11-18,248.69,249.52,242.79,243.51,1793544.0
2019-11-19,244.62,247.19,243.66,245.78,1079415.0
2019-11-20,246.7,247.74,245.38,246.78,1277316.0
2019-11-21,247.11,249.94,246.47,248.96,1009300.0
2019-11-22,249.12,250.26,247.09,249.89,974791.0
2019-11-25,250.31,254.22,248.87,253.86,1236358.0
2019-11-26,254.07,256.15,253.9,255.22,1487895.0
2019-11-27,255.22,261.64,255.0,260.4,1446410.0
2019-11-29,258.96,260.33,257.42,258.5,583213.0
2019-12-02,258.09,259.59,255.7,259.03,1419808.0
2019-12-03,256.16,258.02,253.58,255.73,1672907.0
2019-12-04,256.38,258.0,254.77,257.23,1096617.0
2019-12-05,257.95,260.19,256.1,258.91,834643.0
2019-12-06,260.0,261.92,259.41,260.69,1045980.0
2019-12-09,259.14,259.76,257.32,257.9,917143.0
2019-12-10,258.37,258.59,255.68,257.24,974548.0
2019-12-11,257.94,261.31,256.47,261.06,1076560.0
2019-12-12,261.5,266.57,260.81,265.44,1400891.0
2019-12-13,265.13,269.41,264.17,268.72,1688843.0
2019-12-16,269.79,270.08,268.28,269.88,1441552.0
2019-12-17,270.84,272.94,268.2,269.03,1402079.0
2019-12-18,268.76,269.3,266.06,267.18,1170673.0
2019-12-19,266.97,269.09,266.22,267.87,1152548.0
2019-12-20,270.75,275.48,269.95,271.66,2398345.0
2019-12-23,272.29,274.17,271.1,273.49,831881.0
2019-12-24,273.56,273.86,271.3,273.01,210521.0
2019-12-26,273.03,273.78,270.39,271.06,502230.0
2019-12-27,271.58,272.92,270.96,272.85,546591.0
2019-12-30,272.68,273.71,270.0,270.52,443855.0
2019-12-31,270.06,272.01,268.74,271.97,829007.0
2020-01-02,272.09,273.45,269.86,272.54,1598406.0
2020-01-03,268.46,271.03,268.41,269.59,1562931.0
2020-01-06,268.96,273.7,266.65,273.38,1564290.0
2020-01-07,271.58,273.52,270.13,272.73,1336402.0
2020-01-08,272.91,275.54,271.56,273.4,1408520.0
2020-01-09,274.79,275.2,272.94,273.54,936608.0
2020-01-10,275.13,276.29,273.59,274.46,972931.0
2020-01-13,276.08,276.48,273.4,276.2,1276642.0
2020-01-14,275.12,277.45,273.27,275.96,1441453.0
2020-01-15,275.92,279.62,275.79,277.3,1128745.0
2020-01-16,278.68,278.99,274.38,276.87,904365.0
2020-01-17,277.72,278.43,275.3,277.08,1170937.0
2020-01-21,276.84,278.06,275.31,277.53,1290714.0
2020-01-22,278.22,279.5,277.66,278.83,1049668.0
2020-01-23,278.71,280.29,276.68,278.73,1134522.0
2020-01-24,279.58,280.56,277.57,278.25,1237096.0
2020-01-27,274.0,280.47,273.1,279.75,1588788.0
2020-01-28,280.26,283.69,279.83,282.26,1194787.0
2020-01-29,283.05,283.94,281.39,282.2,927607.0
2020-01-30,280.0,282.01,279.55,281.15,1372061.0
2020-01-31,279.54,280.98,274.49,275.18,1736446.0
2020-02-03,277.23,281.75,276.86,279.31,1782125.0
2020-02-04,283.28,286.41,282.49,284.45,1268598.0
2020-02-05,286.33,286.72,283.55,285.99,1402108.0
2020-02-06,253.0,262.7,241.75,252.25,10053873.0
2020-02-07,252.9,252.9,246.48,246.91,3712590.0
2020-02-10,247.85,252.86,246.54,252.0,2603914.0
2020-02-11,254.74,259.25,253.08,256.41,2605004.0
2020-02-12,256.76,257.38,250.07,252.23,2383449.0
2020-02-13,252.06,256.44,250.86,254.35,1897088.0
2020-02-14,255.03,260.34,253.63,260.22,2320526.0
2020-02-18,260.02,261.79,255.67,256.0,1842135.0
2020-02-19,257.2,258.41,255.62,256.07,1540229.0
2020-02-20,255.31,257.75,252.03,253.46,1131959.0
2020-02-21,252.56,258.79,252.38,257.35,1867706.0
2020-02-24,250.62,252.86,249.31,250.53,1637869.0
2020-02-25,251.31,252.2,243.15,245.43,2223517.0
2020-02-26,246.58,249.82,245.11,246.15,2056019.0
2020-02-27,244.62,250.41,242.41,242.69,2637558.0
2020-02-28,237.01,238.89,231.62,237.82,3588387.0
2020-03-02,238.84,245.32,234.05,245.32,2234243.0
2020-03-03,246.53,249.36,235.35,239.5,1948620.0
2020-03-04,244.3,247.88,243.2,247.11,1954917.0
2020-03-05,241.64,244.82,239.77,244.14,2274659.0
2020-03-06,237.49,239.89,230.59,239.12,4223955.0
2020-03-09,225.74,234.66,223.0,230.78,2589771.0
2020-03-10,236.77,239.12,229.93,237.31,2627647.0
2020-03-11,231.17,234.4,229.16,231.91,1983197.0
2020-03-12,223.3,234.88,220.54,220.57,3731536.0
2020-03-13,227.99,239.02,216.09,236.5,3459320.0
2020-03-16,216.0,234.54,208.65,223.14,2908621.0
2020-03-17,229.51,248.94,223.34,248.52,3872919.0
2020-03-18,239.1,251.97,228.0,234.72,3687975.0
2020-03-19,233.76,237.66,220.56,220.96,2641842.0
2020-03-20,217.81,224.72,216.22,220.12,3699647.0
2020-03-23,219.26,223.39,197.75,200.58,4464382.0
2020-03-24,209.41,211.77,199.5,202.85,3490633.0
2020-03-25,205.54,209.27,199.15,203.6,3489286.0
2020-03-26,204.8,219.55,204.37,219.35,2664864.0
2020-03-27,216.21,221.51,211.44,216.58,2251523.0
2020-03-30,220.05,223.71,217.33,222.87,1925918.0
2020-03-31,222.06,231.05,219.0,229.77,2698755.0
2020-04-01,218.52,229.77,218.52,225.4,2003239.0
2020-04-02,225.06,233.61,224.42,233.28,1557462.0
2020-04-03,231.01,232.86,222.79,226.73,1263705.0
2020-04-06,231.09,239.18,229.42,237.69,2254331.0
2020-04-07,240.0,243.0,235.06,237.55,2351975.0
2020-04-08,239.15,251.71,235.32,250.0,2504362.0
2020-04-09,250.0,250.58,243.53,247.45,2389842.0
2020-04-13,245.52,248.84,241.6,248.06,1308978.0
2020-04-14,251.99,251.99,247.56,249.53,2150915.0
2020-04-15,247.55,253.77,245.59,252.53,1832250.0
2020-04-16,254.76,262.62,252.56,261.61,1649535.0
2020-04-17,265.69,266.04,255.79,261.4,2030815.0
2020-04-20,261.9,266.77,259.55,263.44,1370670.0
2020-04-21,259.87,261.34,254.46,256.5,2455576.0
2020-04-22,258.87,267.9,257.99,266.76,2008020.0
2020-04-23,268.19,270.69,264.31,265.08,1221128.0
2020-04-24,266.66,268.67,262.49,268.17,1836444.0
2020-04-27,269.36,271.45,267.55,270.0,1490357.0
2020-04-28,270.59,271.95,261.15,261.92,2163586.0
2020-04-29,263.0,263.0,257.13,257.85,1726694.0
2020-04-30,254.55,263.77,251.63,252.53,2858533.0
2020-05-01,250.8,253.89,247.79,251.87,1423157.0
2020-05-04,252.39,256.38,249.23,255.27,1126565.0
2020-05-05,256.28,263.6,256.2,261.7,940688.0
2020-05-06,260.79,262.5,258.43,259.13,1045366.0
2020-05-07,266.02,266.02,255.51,256.25,1265979.0
2020-05-08,259.22,259.76,254.01,254.48,1417379.0
2020-05-11,253.53,263.76,253.14,262.05,1490310.0
2020-05-12,262.99,266.74,261.83,262.09,1222522.0
2020-05-13,262.68,264.35,258.34,261.92,1208900.0
2020-05-14,259.44,259.97,255.04,258.7,1279860.0
2020-05-15,257.64,262.48,255.97,258.25,1988144.0
2020-05-18,264.0,268.42,262.36,264.77,1025507.0
2020-05-19,265.78,265.78,262.35,263.2,828639.0
2020-05-20,255.74,258.46,242.56,242.99,3981264.0
2020-05-21,243.26,243.6,234.51,238.94,8333175.0
2020-05-22,241.6,244.66,238.56,239.25,11783282.0
2020-05-26,242.35,243.0,231.84,233.14,3585790.0
2020-05-27,231.13,234.9,227.41,234.8,3733094.0
2020-05-28,239.41,244.28,237.35,241.5,1788389.0
2020-05-29,243.86,247.06,239.6,246.93,1925313.0
2020-06-01,246.63,249.4,242.78,244.85,1163983.0
2020-06-02,245.06,245.06,241.47,244.5,1268081.0
2020-06-03,243.21,243.9,239.61,243.04,1785909.0
2020-06-04,242.0,245.34,240.0,243.55,1824743.0
2020-06-05,243.78,244.4,240.84,242.01,3480887.0
2020-06-08,240.01,247.24,239.49,247.24,3554388.0
2020-06-09,247.35,250.32,237.19,237.28,2360399.0
2020-06-10,238.44,241.05,236.6,237.14,2375660.0
2020-06-11,235.93,236.57,229.41,230.19,2378077.0
2020-06-12,234.55,236.65,229.0,230.88,2011464.0
2020-06-15,227.68,236.1,227.06,234.15,2004482.0
2020-06-16,237.81,240.5,235.18,236.46,1482956.0
2020-06-17,237.19,240.12,235.73,237.27,1310828.0
2020-06-18,236.38,238.35,235.0,236.23,1129112.0
2020-06-19,238.63,239.37,235.14,237.59,2392995.0
2020-06-22,236.93,236.93,232.06,235.19,1445900.0
2020-06-23,236.81,240.0,236.42,237.83,1482560.0
2020-06-24,236.07,236.99,227.79,232.81,2201671.0
2020-06-25,231.8,231.8,225.3,228.94,2480259.0
2020-06-26,229.65,234.81,228.98,233.57,2569760.0
2020-06-29,234.04,234.54,228.72,232.97,2087788.0
2020-06-30,232.59,240.82,231.06,239.27,2312877.0
2020-07-01,239.04,242.96,238.76,241.53,1439630.0
2020-07-02,242.18,246.08,240.52,245.03,1884460.0
2020-07-06,248.42,253.72,247.59,250.47,3197452.0
2020-07-07,248.38,252.27,247.56,251.38,1826452.0
2020-07-08,251.94,256.93,251.23,252.73,2346793.0
2020-07-09,255.26,260.34,253.96,258.61,1769441.0
2020-07-10,258.02,259.79,254.77,257.37,887139.0
2020-07-13,257.32,262.23,255.86,257.41,1342238.0
2020-07-14,257.04,263.8,256.78,263.4,1263514.0
2020-07-15,265.0,268.15,264.11,266.96,1356994.0
2020-07-16,266.9,268.38,264.87,265.05,1286904.0
2020-07-17,266.73,269.09,264.14,266.98,1280065.0
2020-07-20,267.98,268.53,265.04,267.85,1003461.0
2020-07-21,269.73,276.42,269.0,271.31,1446208.0
2020-07-22,271.71,274.76,270.91,273.44,1110906.0
2020-07-23,274.1,276.16,271.71,272.71,841412.0
2020-07-24,272.54,272.98,269.0,271.89,618628.0
2020-07-27,270.26,275.68,269.05,275.18,933218.0
2020-07-28,274.55,275.36,272.19,273.0,812642.0
2020-07-29,273.72,277.91,273.72,276.4,843287.0
2020-07-30,273.34,275.14,270.03,273.84,917880.0
2020-07-31,274.07,281.35,273.25,281.34,1491504.0
2020-08-03,282.97,284.56,280.0,283.68,1215314.0
2020-08-04,282.96,283.9,281.5,282.86,829018.0
2020-08-05,280.3,284.97,280.3,283.43,1072159.0
2020-08-06,267.31,267.95,256.37,259.61,2591057.0
2020-08-07,260.2,261.82,255.0,256.41,2228028.0
2020-08-10,259.5,259.5,255.05,256.75,2501623.0
2020-08-11,259.29,260.56,254.95,255.0,1625902.0
2020-08-12,255.89,259.54,255.89,257.22,1224426.0
2020-08-13,256.92,262.86,256.48,262.33,1049469.0
2020-08-14,261.54,262.3,256.66,258.17,1126289.0
2020-08-17,258.89,260.65,258.0,260.04,987076.0
2020-08-18,261.52,264.9,259.16,263.86,1781165.0
2020-08-19,265.0,266.19,260.55,262.0,1014737.0
2020-08-20,260.27,261.98,258.1,258.93,768245.0
2020-08-21,258.11,259.36,255.46,257.72,1166123.0
2020-08-24,258.86,259.58,254.39,254.95,903853.0
2020-08-25,256.11,257.33,254.17,255.79,1095759.0
2020-08-26,254.68,255.1,250.05,253.98,1158599.0
2020-08-27,238.52,248.26,232.0,246.57,3851306.0
2020-08-28,247.13,247.38,240.9,242.8,1914485.0
2020-08-31,243.85,244.48,241.83,242.77,2324541.0
2020-09-01,243.97,245.87,238.72,240.84,1412500.0
2020-09-02,240.58,246.27,240.02,246.19,1301419.0
2020-09-03,246.0,246.68,234.08,235.06,1770133.0
2020-09-04,236.87,238.16,232.43,234.08,1545664.0
2020-09-08,234.75,235.54,230.51,234.06,1502588.0
2020-09-09,236.16,239.05,234.59,235.57,1402853.0
2020-09-10,235.0,235.72,231.3,234.18,2075501.0
2020-09-11,234.83,236.74,233.76,235.78,1171561.0
2020-09-14,236.91,238.48,235.86,235.9,1126714.0
2020-09-15,235.27,236.45,226.05,226.15,2480486.0
2020-09-16,226.12,229.87,224.21,227.03,2434029.0
2020-09-17,226.35,229.18,224.41,227.8,1909444.0
2020-09-18,226.16,233.94,226.16,231.9,4018832.0
2020-09-21,231.39,231.39,225.36,228.44,1219720.0
2020-09-22,227.58,228.08,222.75,223.8,1880475.0
2020-09-23,225.92,229.72,224.51,225.59,1691680.0
2020-09-24,226.0,226.47,220.04,221.16,1520316.0
2020-09-25,220.05,224.57,219.5,224.08,1492671.0
2020-09-28,226.41,227.91,224.71,225.0,1046586.0
2020-09-29,226.1,226.98,224.93,225.43,845651.0
2020-09-30,227.31,235.57,226.8,232.68,2311324.0
2020-10-01,234.41,236.82,228.65,230.85,1214213.0
2020-10-02,231.9,235.0,231.0,232.66,1008100.0
2020-10-05,234.17,238.51,234.13,238.14,975993.0
2020-10-06,238.0,240.32,235.03,235.45,994051.0
2020-10-07,236.27,237.73,234.05,235.7,1037089.0
2020-10-08,235.77,237.38,234.44,236.21,1010292.0
2020-10-09,237.15,238.12,234.42,237.31,1572659.0
2020-10-12,238.08,240.5,236.71,238.36,865022.0
2020-10-13,237.43,239.74,235.4,236.71,886064.0
2020-10-14,236.78,238.86,233.1,233.69,921569.0
2020-10-15,232.17,236.48,231.5,235.01,1144140.0
2020-10-16,235.81,239.17,234.64,236.99,1055055.0
2020-10-19,237.52,240.75,236.48,237.38,1121642.0
2020-10-20,237.92,238.48,236.0,236.26,830544.0
2020-10-21,238.03,239.0,233.04,236.4,1174490.0
2020-10-22,235.62,241.42,235.48,241.09,1096113.0
2020-10-23,240.84,242.62,239.23,240.28,985368.0
2020-10-26,239.29,242.88,238.57,242.0,975116.0
2020-10-27,242.96,245.87,242.41,244.24,997974.0
2020-10-28,240.1,241.36,235.36,235.89,1059761.0
2020-10-29,235.84,236.75,230.87,232.47,1076363.0
2020-10-30,232.36,233.96,227.82,231.13,1413146.0
2020-11-02,233.61,237.15,232.04,234.79,1036787.0
2020-11-03,236.48,239.69,234.94,237.72,1131294.0
2020-11-04,240.57,245.21,236.66,236.79,1482826.0
2020-11-05,240.0,244.47,232.44,234.65,2171781.0
2020-11-06,235.75,241.63,234.72,236.62,1333734.0
2020-11-09,246.82,247.83,239.89,240.31,1929157.0
2020-11-10,241.04,243.39,239.62,240.3,2166113.0
2020-11-11,243.61,243.92,240.81,243.16,1556311.0
2020-11-12,242.9,243.68,239.13,240.21,1305888.0
2020-11-13,241.47,244.22,240.06,242.81,1873193.0
2020-11-16,246.41,246.5,241.76,242.57,1575182.0
2020-11-17,241.75,245.22,240.47,242.41,1128959.0
2020-11-18,242.18,242.26,233.31,233.47,1860237.0
2020-11-19,234.25,235.49,231.88,232.9,1439467.0
2020-11-20,232.62,234.73,231.06,231.87,1255875.0
2020-11-23,231.78,233.4,227.69,228.48,1496456.0
2020-11-24,229.0,229.76,226.87,229.29,2314373.0
2020-11-25,230.48,230.99,226.77,227.47,1628132.0
2020-11-27,228.3,229.5,226.15,228.96,849129.0
2020-11-30,230.08,234.89,229.97,234.84,4174643.0
2020-12-01,236.12,238.73,235.58,238.65,1682128.0
2020-12-02,238.65,246.5,238.43,241.87,2235471.0
2020-12-03,241.26,241.33,237.49,238.51,2347908.0
2020-12-04,238.49,242.8,238.39,242.76,2360880.0
2020-12-07,242.43,243.58,235.86,236.45,1298340.0
2020-12-08,235.11,240.36,234.61,240.24,1194947.0
2020-12-09,240.4,240.78,237.6,239.96,1315769.0
2020-12-10,240.43,243.31,240.03,242.33,1351229.0
2020-12-11,241.25,242.94,240.05,242.69,1274140.0
2020-12-14,243.46,246.74,239.88,240.0,1236637.0
2020-12-15,240.44,245.59,239.84,244.13,1261695.0
2020-12-16,244.95,247.06,242.25,245.29,1210735.0
2020-12-17,246.45,249.63,246.01,248.7,1172739.0
2020-12-18,248.45,253.23,247.0,252.09,2750686.0
2020-12-21,249.36,250.4,245.27,247.86,938607.0
2020-12-22,247.6,248.48,245.23,245.9,941191.0
2020-12-23,247.08,247.23,244.18,244.25,919508.0
2020-12-24,244.9,249.25,244.9,247.99,439981.0
2020-12-28,248.8,249.86,247.29,248.15,644520.0
2020-12-29,249.41,250.75,247.28,248.35,817030.0
2020-12-30,248.61,249.34,246.59,246.68,667324.0
2020-12-31,247.23,250.78,246.76,250.22,697594.0
2021-01-04,251.0,251.71,246.75,250.7,1120021.0
2021-01-05,251.25,252.7,247.42,251.03,1180859.0
2021-01-06,250.29,254.62,250.0,253.64,1473197.0
2021-01-07,254.46,255.87,251.21,253.5,1227443.0
2021-01-08,254.56,256.67,253.62,255.06,1457224.0
2021-01-11,255.63,257.8,255.0,257.11,870112.0
2021-01-12,261.74,267.37,259.6,263.08,2171090.0
2021-01-13,262.44,266.19,262.0,263.01,1091759.0
2021-01-14,262.61,262.99,257.42,257.77,1369454.0
2021-01-15,257.86,262.07,257.58,261.74,1462158.0
2021-01-19,263.98,265.23,259.3,260.77,1221627.0
2021-01-20,260.16,263.58,259.0,263.3,1189089.0
2021-01-21,262.29,264.0,260.17,261.9,1274071.0
2021-01-22,261.58,262.36,258.69,258.75,1589748.0
2021-01-25,258.5,261.24,257.34,260.24,843626.0
2021-01-26,260.0,260.23,255.47,258.35,1188615.0
2021-01-27,256.25,257.67,250.5,250.89,1323321.0
2021-01-28,252.67,258.99,251.83,256.21,1583952.0
2021-01-29,256.45,264.59,254.92,261.79,2023965.0
2021-02-01,262.45,265.02,260.85,261.37,1115165.0
2021-02-02,262.44,264.05,258.1,258.24,1555512.0
2021-02-03,258.49,263.63,257.07,260.93,1652662.0
2021-02-04,259.91,261.92,252.49,254.89,2532166.0
2021-02-05,255.29,258.19,252.14,254.68,1520344.0
2021-02-08,255.03,258.37,255.03,256.82,1341510.0
2021-02-09,256.7,257.24,253.04,254.17,1238904.0
2021-02-10,256.23,256.8,252.08,252.9,941821.0
2021-02-11,254.26,254.26,250.72,253.39,1230778.0
2021-02-12,253.76,257.02,252.38,256.32,1136776.0
2021-02-16,256.44,257.81,255.07,257.34,1026841.0
2021-02-17,256.71,257.3,254.28,256.82,1151524.0
2021-02-18,256.71,257.98,254.0,255.82,1417324.0
2021-02-19,255.85,256.05,247.78,247.93,2064264.0
2021-02-22,248.13,248.26,241.85,246.02,1330442.0
2021-02-23,246.78,248.86,243.26,247.7,1711778.0
2021-02-24,247.4,248.14,244.68,246.71,1566365.0
2021-02-25,246.74,250.2,245.4,247.15,1223922.0
2021-02-26,246.11,247.5,241.01,241.15,1540891.0
2021-03-01,244.28,246.14,241.85,246.06,1316390.0
2021-03-02,247.12,247.12,243.37,244.73,829793.0
2021-03-03,243.99,244.53,241.23,241.66,1373326.0
2021-03-04,241.82,243.88,238.46,240.88,1394474.0
2021-03-05,241.84,247.61,240.95,246.45,1105590.0
2021-03-08,245.81,249.64,244.02,246.1,977059.0
2021-03-09,247.1,248.09,242.71,242.85,1218708.0
2021-03-10,245.17,245.17,236.82,237.89,2111499.0
2021-03-11,238.0,239.73,236.03,238.2,2479717.0
2021-03-12,239.37,240.12,236.31,238.24,1201171.0
2021-03-15,238.39,241.0,237.92,240.76,1099059.0
2021-03-16,241.24,241.52,238.66,239.55,925758.0
2021-03-17,239.25,240.97,238.63,239.36,1162906.0
2021-03-18,238.62,240.99,238.03,239.2,862134.0
2021-03-19,239.94,241.32,237.87,239.02,2564087.0
2021-03-22,238.5,241.69,238.0,241.62,1006277.0
2021-03-23,241.96,241.99,239.46,240.26,907777.0
2021-03-24,239.33,242.32,238.76,241.77,965255.0
2021-03-25,243.65,243.65,238.56,241.73,1202628.0
2021-03-26,242.19,245.34,239.27,245.12,1123340.0
2021-03-29,245.67,248.41,243.54,247.14,895758.0
2021-03-30,246.13,248.37,244.12,245.19,900811.0
2021-03-31,245.17,245.79,242.34,243.15,1176331.0
2021-04-01,243.55,244.58,240.57,241.58,958128.0
2021-04-05,242.38,247.12,242.38,245.09,1223724.0
2021-04-06,245.14,247.22,243.38,244.62,911977.0
2021-04-07,244.69,245.11,242.35,244.02,772491.0
2021-04-08,244.02,244.48,242.43,242.87,1345086.0
2021-04-09,243.08,247.99,243.08,247.93,1226106.0
2021-04-12,247.36,247.72,245.88,247.41,1013225.0
2021-04-13,246.76,251.46,246.5,250.7,974751.0
2021-04-14,250.67,251.0,248.54,249.82,1103969.0
2021-04-15,250.82,258.95,250.77,257.85,2068821.0
2021-04-16,258.99,262.01,257.96,260.94,1904293.0
2021-04-19,260.29,260.83,257.28,258.96,1441740.0
2021-04-20,258.72,260.6,256.18,256.44,1495754.0
2021-04-21,257.55,259.69,257.17,258.14,1378718.0
2021-04-22,257.03,258.48,256.09,257.13,976501.0
2021-04-23,257.55,257.55,252.13,255.85,1532027.0
2021-04-26,255.99,258.36,255.85,257.45,1067163.0
2021-04-27,257.14,259.44,253.28,258.21,1053653.0
2021-04-28,258.53,259.9,256.72,257.51,834055.0
2021-04-29,258.16,258.27,251.08,251.42,1179484.0
2021-04-30,250.34,251.71,247.35,248.81,1723270.0
2021-05-03,249.71,253.76,249.08,253.12,978876.0
2021-05-04,252.71,252.78,249.32,251.52,996666.0
2021-05-05,251.67,251.67,246.89,249.77,1307576.0
2021-05-06,243.94,244.89,238.2,240.81,2813939.0
2021-05-07,239.39,244.95,238.94,239.39,2548304.0
2021-05-10,239.04,248.85,239.04,246.63,1860524.0
2021-05-11,247.32,248.63,240.58,241.2,1582072.0
2021-05-12,240.04,243.56,240.04,241.64,1636885.0
2021-05-13,242.35,245.93,241.66,244.08,1792713.0
2021-05-14,244.68,246.5,242.15,242.38,1344797.0
2021-05-17,242.86,245.29,241.04,241.09,979264.0
2021-05-18,239.88,243.3,239.2,242.18,1684212.0
2021-05-19,241.8,242.89,240.49,242.64,1059469.0
2021-05-20,241.64,245.28,241.45,244.79,1113223.0
2021-05-21,245.83,249.12,244.1,244.48,1021549.0
2021-05-24,245.03,246.12,242.3,243.72,1287325.0
2021-05-25,243.44,244.45,241.0,242.49,1587207.0
2021-05-26,240.3,243.25,239.36,242.02,1617292.0
2021-05-27,242.0,242.97,240.27,240.94,3236341.0
2021-05-28,242.98,244.3,241.62,241.89,1534240.0
2021-06-01,241.13,241.55,238.3,238.47,1915754.0
2021-06-02,238.43,239.51,238.15,238.68,1575863.0
2021-06-03,238.41,241.24,238.12,240.72,1402848.0
2021-06-04,242.0,242.41,240.09,240.66,883968.0
2021-06-07,241.2,242.12,239.3,239.56,1187302.0
2021-06-08,239.12,241.68,237.34,239.25,1501366.0
2021-06-09,239.56,243.6,239.56,243.35,1239225.0
2021-06-10,242.92,245.53,242.88,245.41,1115415.0
2021-06-11,246.73,246.74,242.06,242.64,1131258.0
2021-06-14,242.78,243.5,239.62,242.72,1251218.0
2021-06-15,242.77,243.42,240.87,241.44,1991863.0
2021-06-16,242.58,242.64,239.44,240.28,1992367.0
2021-06-17,239.8,241.61,239.8,240.25,1667905.0
2021-06-18,239.34,242.61,238.79,240.54,2561604.0
2021-06-21,240.72,241.63,239.5,240.83,1563540.0
2021-06-22,241.12,241.12,238.94,240.32,1429997.0
2021-06-23,239.79,241.48,238.85,240.22,1399167.0
2021-06-24,240.05,241.45,239.71,239.82,772503.0
2021-06-25,239.86,241.81,239.8,241.2,1711307.0
2021-06-28,241.78,244.38,241.62,243.7,1198031.0
2021-06-29,244.27,247.66,243.98,246.89,1755844.0
2021-06-30,247.04,247.38,241.42,243.19,1303358.0
2021-07-01,243.01,247.04,242.69,246.77,1213503.0
2021-07-02,247.59,248.94,246.48,248.45,989190.0
2021-07-06,248.0,249.5,246.47,249.35,1052524.0
2021-07-07,250.0,252.05,247.78,251.98,1217735.0
2021-07-08,250.3,251.7,249.06,251.0,895396.0
2021-07-09,251.65,252.04,247.79,249.8,1320360.0
2021-07-12,250.37,251.11,249.14,249.58,891918.0
2021-07-13,248.72,250.05,247.97,248.62,524403.0
2021-07-14,248.37,249.06,245.05,246.0,1387215.0
2021-07-15,244.34,247.14,243.0,246.62,959126.0
2021-07-16,247.26,249.3,246.05,248.07,1176359.0
2021-07-19,247.39,249.14,245.7,247.25,1222426.0
2021-07-20,248.59,250.18,246.48,247.0,947679.0
2021-07-21,247.41,247.74,244.0,246.35,1080356.0
2021-07-22,247.22,249.69,245.68,249.35,1345338.0
2021-07-23,250.0,251.58,249.59,251.08,1208925.0
2021-07-26,250.05,251.36,248.65,249.43,694501.0
2021-07-27,249.75,256.46,249.69,254.69,914539.0
2021-07-28,253.84,255.0,252.59,253.48,657433.0
2021-07-29,254.79,256.09,253.35,255.31,925314.0
2021-07-30,255.22,256.82,253.85,255.75,996156.0
2021-08-02,256.36,257.92,254.65,256.13,752622.0
2021-08-03,256.84,257.78,254.99,255.77,607260.0
2021-08-04,254.91,256.49,253.58,254.74,1037870.0
2021-08-05,240.8,245.04,239.99,243.08,2497046.0
2021-08-06,242.3,242.78,239.86,241.04,1400380.0
2021-08-09,241.14,242.3,237.54,238.54,1489133.0
2021-08-10,239.51,240.01,237.58,238.63,1714277.0
2021-08-11,238.86,242.3,238.79,240.66,1164291.0
2021-08-12,241.56,247.38,241.12,246.1,3831891.0
2021-08-13,246.79,247.39,245.0,246.79,1146545.0
2021-08-16,247.97,249.84,246.7,249.61,1251746.0
2021-08-17,249.7,254.14,248.96,253.48,2387583.0
2021-08-18,253.67,254.44,248.26,248.31,1520946.0
2021-08-19,248.88,250.2,247.14,247.88,1288211.0
2021-08-20,247.12,249.84,246.18,249.3,1184464.0
2021-08-23,250.0,250.95,249.07,249.85,1286302.0
2021-08-24,249.65,249.79,247.67,247.87,893652.0
2021-08-25,246.77,247.92,244.57,247.0,1119609.0
2021-08-26,246.29,248.43,246.13,247.53,1134955.0
2021-08-27,248.19,250.02,247.45,248.5,1129924.0
2021-08-30,248.95,252.03,248.27,250.47,997208.0
2021-08-31,250.37,252.21,249.37,251.7,1442129.0
2021-09-01,251.98,253.09,249.4,252.47,1169978.0
2021-09-02,253.58,255.39,252.63,255.13,1205951.0
2021-09-03,255.5,258.79,254.5,257.83,1381799.0
2021-09-07,257.83,258.84,254.91,257.83,1601033.0
2021-09-08,257.74,264.0,257.39,262.88,1864207.0
2021-09-09,261.48,263.27,259.87,260.15,1458624.0
2021-09-10,260.64,261.35,256.92,258.33,1208032.0
2021-09-13,259.47,260.55,258.24,258.6,1230733.0
2021-09-14,258.36,261.27,258.36,260.45,1298393.0
2021-09-15,261.19,263.74,259.74,261.68,1928683.0
2021-09-16,263.17,263.48,260.12,262.67,1165140.0
2021-09-17,262.0,262.93,260.41,261.95,2887689.0
2021-09-20,259.4,261.91,257.68,259.27,1393587.0
2021-09-21,260.0,262.22,258.99,259.0,1117980.0
2021-09-22,259.68,260.37,256.05,256.8,1593762.0
2021-09-23,257.38,258.36,253.46,253.82,1597192.0
2021-09-24,253.22,254.61,252.44,253.18,928277.0
2021-09-27,252.17,252.58,249.56,251.43,1103907.0
2021-09-28,250.69,251.06,247.74,249.73,1395176.0
2021-09-29,249.92,252.43,249.92,251.79,843136.0
2021-09-30,251.86,252.78,245.79,245.82,2045214.0
2021-10-01,246.43,246.43,240.92,244.68,1697940.0
2021-10-04,243.61,247.29,240.11,240.55,2243081.0
2021-10-05,240.55,245.13,240.55,243.06,1538061.0
2021-10-06,242.03,245.34,241.46,245.25,1241052.0
2021-10-07,246.16,248.21,241.11,241.75,1316174.0
2021-10-08,241.98,242.59,238.51,238.58,1562484.0
2021-10-11,238.4,238.59,235.67,235.83,883554.0
2021-10-12,235.83,238.59,235.13,238.39,1580376.0
2021-10-13,238.55,241.67,237.83,239.84,1171926.0
2021-10-14,240.2,243.4,240.2,242.68,1008272.0
2021-10-15,242.91,243.98,240.19,241.16,1281097.0
2021-10-18,240.84,240.93,238.18,238.45,871614.0
2021-10-19,239.5,242.96,239.16,242.73,836549.0
2021-10-20,244.47,248.07,243.31,246.9,1019389.0
2021-10-21,248.01,248.48,245.4,246.47,619057.0
2021-10-22,246.6,247.36,245.64,247.09,1041927.0
2021-10-25,247.12,247.36,245.19,246.41,809842.0
2021-10-26,247.29,247.3,245.86,246.35,1247328.0
2021-10-27,247.41,247.6,244.95,245.0,1178951.0
2021-10-28,245.0,246.94,238.1,238.66,1470471.0
2021-10-29,238.17,240.33,237.05,239.59,1836183.0
2021-11-01,239.93,243.56,239.29,243.05,963397.0
2021-11-02,243.05,243.5,241.22,242.9,1764588.0
2021-11-03,242.56,247.35,242.3,247.03,1621383.0
2021-11-04,250.02,252.29,242.39,244.08,2075760.0
2021-11-05,240.91,245.34,239.41,243.71,1990458.0
2021-11-08,242.48,245.61,241.34,245.27,1021935.0
2021-11-09,244.28,245.42,242.81,243.66,1537843.0
2021-11-10,244.0,246.68,241.38,245.88,1060161.0
2021-11-11,245.63,246.73,241.91,245.0,1281042.0
2021-11-12,245.19,245.79,242.77,244.0,1511588.0
2021-11-15,244.7,245.0,242.85,243.68,1359677.0
2021-11-16,244.22,245.89,243.18,244.11,1319095.0
2021-11-17,245.05,250.11,244.0,249.86,1894095.0
2021-11-18,250.64,251.55,247.3,249.36,1611108.0
2021-11-19,250.97,252.41,248.57,248.61,1304355.0
2021-11-22,247.37,247.59,244.21,245.29,1267841.0
2021-11-23,244.76,247.14,244.0,246.58,1255721.0
2021-11-24,246.27,247.35,244.43,244.46,911617.0
2021-11-26,245.03,248.78,244.32,245.09,1227088.0
2021-11-29,245.15,246.88,243.25,243.61,1270629.0
2021-11-30,244.33,244.93,236.0,237.14,4252489.0
2021-12-01,237.66,243.53,236.62,241.67,2364974.0
2021-12-02,244.42,246.02,240.95,241.94,1757974.0
2021-12-03,243.72,244.25,240.56,244.12,1275915.0
2021-12-06,245.31,249.28,244.79,246.14,1446243.0
2021-12-07,247.21,252.68,247.07,250.36,1743531.0
2021-12-08,242.6,247.88,240.09,246.45,1446371.0
2021-12-09,246.11,247.16,244.66,245.11,1185128.0
2021-12-10,245.68,246.84,243.88,244.97,951588.0
2021-12-13,245.49,254.0,245.19,252.81,1526592.0
2021-12-14,252.06,252.32,247.69,247.94,1196960.0
2021-12-15,249.43,250.72,246.9,249.42,1356190.0
2021-12-16,248.96,257.46,247.62,257.21,1788693.0
2021-12-17,256.98,259.4,255.21,256.9,2536857.0
2021-12-20,256.28,256.28,251.92,252.41,1668078.0
2021-12-21,253.86,255.45,250.12,251.83,1125571.0
2021-12-22,252.08,252.28,246.0,247.84,1209120.0
2021-12-23,248.0,249.59,246.12,248.91,964888.0
2021-12-27,250.0,251.42,248.32,251.32,606901.0
2021-12-28,251.11,251.36,248.74,250.21,561793.0
2021-12-29,250.8,253.51,249.62,252.79,837508.0
2021-12-30,253.7,255.05,252.53,253.26,503353.0
2021-12-31,253.26,254.79,251.33,251.48,664524.0
2022-01-03,250.23,253.57,246.92,253.21,997415.0
2022-01-04,252.52,253.17,249.22,251.78,908961.0
2022-01-05,251.75,255.38,251.5,252.95,924963.0
2022-01-06,251.68,253.15,249.65,249.73,767955.0
2022-01-07,250.27,255.92,249.61,254.15,1384130.0
2022-01-10,252.85,259.88,252.48,259.17,1678731.0
2022-01-11,259.3,262.33,257.08,261.74,1494150.0
2022-01-12,261.0,264.5,259.53,261.91,1419802.0
2022-01-13,261.11,263.85,259.29,263.69,1481842.0
2022-01-14,263.23,263.7,260.76,262.62,1502340.0
2022-01-18,261.67,262.37,258.04,260.42,1492113.0
2022-01-19,260.97,264.96,260.03,263.87,1669575.0
2022-01-20,264.79,268.55,263.85,263.97,1607614.0
2022-01-21,266.17,266.65,262.87,264.63,1694821.0
2022-01-24,262.72,263.84,254.11,259.96,1759702.0
2022-01-25,258.73,259.94,253.36,258.1,1474799.0
2022-01-26,257.23,259.85,253.06,253.89,1970197.0
2022-01-27,254.37,259.04,250.7,251.19,1810535.0
2022-01-28,252.53,255.83,249.02,255.73,1478054.0
2022-01-31,254.49,255.35,252.0,254.14,1635268.0
2022-02-01,254.36,255.52,250.93,253.23,1129692.0
2022-02-02,253.1,256.88,252.05,256.67,1471537.0
2022-02-03,261.68,272.36,259.46,270.58,3060024.0
2022-02-04,267.0,271.38,265.57,268.85,1678770.0
2022-02-07,269.59,272.21,267.42,269.27,1592533.0
2022-02-08,268.95,276.92,268.64,276.49,1615395.0
2022-02-09,276.65,280.62,275.37,277.24,1859565.0
2022-02-10,275.63,275.63,270.44,271.94,1366710.0
2022-02-11,270.98,274.96,268.73,269.98,1104601.0
2022-02-14,269.1,270.53,266.66,268.9,1128766.0
2022-02-15,271.87,272.82,269.61,271.15,963996.0
2022-02-16,270.07,271.95,267.15,271.13,1075556.0
2022-02-17,270.69,270.69,264.84,266.15,1297284.0
2022-02-18,267.87,268.14,262.78,264.04,1315001.0
2022-02-22,267.87,267.87,263.06,264.16,1439306.0
2022-02-23,264.73,269.77,264.08,268.66,1551844.0
2022-02-24,265.56,267.96,263.69,266.29,1581811.0
2022-02-25,267.67,273.24,266.54,272.72,1324633.0
2022-02-28,268.54,271.65,268.23,271.28,1151403.0
2022-03-01,271.0,273.45,269.35,271.39,970510.0
2022-03-02,270.59,274.4,269.84,272.52,933757.0
2022-03-03,273.25,274.87,271.23,272.84,1028677.0
2022-03-04,271.39,275.67,269.16,275.42,1334058.0
2022-03-07,273.66,276.49,269.76,276.05,1784835.0
2022-03-08,274.13,275.84,264.75,265.13,1682093.0
2022-03-09,266.13,268.3,263.47,264.84,1231563.0
2022-03-10,263.07,263.07,256.57,257.72,1990474.0
2022-03-11,257.95,258.99,254.17,254.51,1304420.0
2022-03-14,253.36,262.3,253.36,256.8,1330156.0
2022-03-15,256.82,259.17,255.47,258.69,1160509.0
2022-03-16,259.85,261.33,257.28,260.79,1177915.0
2022-03-17,261.41,263.75,257.59,262.29,1193564.0
2022-03-18,261.41,262.84,257.74,262.04,2739061.0
2022-03-21,261.38,268.1,261.02,267.6,1209876.0
2022-03-22,268.85,268.85,263.42,264.87,1207480.0
2022-03-23,265.72,266.45,260.91,261.97,1159936.0
2022-03-24,262.58,263.87,261.94,263.09,652865.0
2022-03-25,264.61,265.8,262.75,265.67,722780.0
2022-03-28,265.94,268.16,263.54,268.14,687765.0
2022-03-29,268.29,271.82,268.29,269.77,1397145.0
2022-03-30,268.98,272.18,267.86,269.59,900272.0
2022-03-31,269.32,270.25,265.49,266.0,1170747.0
2022-04-01,261.9,263.7,258.14,262.5,1354625.0
2022-04-04,262.6,262.6,256.94,258.31,1058395.0
2022-04-05,256.87,266.6,256.87,262.94,1085117.0
2022-04-06,261.94,270.97,261.15,270.65,1593534.0
2022-04-07,269.65,274.47,268.83,273.52,1003331.0
2022-04-08,274.07,277.29,274.01,275.42,1397616.0
2022-04-11,275.61,275.99,268.56,270.01,1073377.0
2022-04-12,269.32,271.44,267.02,269.18,788092.0
2022-04-13,269.07,271.44,267.7,270.94,664587.0
2022-04-14,272.22,274.13,270.14,271.68,921740.0
2022-04-18,270.86,272.17,258.98,260.1,1004661.0
2022-04-19,259.42,263.88,259.22,263.49,983474.0
2022-04-20,264.31,269.26,263.67,267.65,1426435.0
2022-04-21,268.46,271.37,264.53,264.89,1497978.0
2022-04-22,262.39,262.66,254.94,255.04,1153142.0
2022-04-25,254.7,259.18,252.65,258.46,924052.0
2022-04-26,257.9,260.0,254.0,254.98,1320723.0
2022-04-27,255.62,256.9,252.29,252.95,1392734.0
2022-04-28,254.21,255.46,250.36,253.16,959689.0
2022-04-29,251.86,252.91,246.31,247.19,1180032.0
2022-05-02,248.12,250.79,243.6,245.58,997352.0
2022-05-03,246.76,250.74,246.22,248.83,1057963.0
2022-05-04,248.01,254.49,246.32,253.54,1308919.0
2022-05-05,251.01,260.88,248.83,259.64,2461750.0
2022-05-06,256.0,259.36,250.31,257.97,2098874.0
2022-05-09,255.01,255.55,251.56,252.2,1492149.0
2022-05-10,253.22,256.18,249.0,250.1,1818816.0
2022-05-11,250.89,255.74,248.62,248.99,969130.0
2022-05-12,248.65,250.26,246.1,249.72,1167995.0
2022-05-13,251.03,251.31,245.93,248.44,1192134.0
2022-05-16,248.73,254.42,247.62,252.89,1126314.0
2022-05-17,254.14,256.27,252.62,256.26,1000617.0
2022-05-18,255.8,256.43,250.55,251.1,899245.0
2022-05-19,249.58,252.5,246.07,251.14,1234586.0
2022-05-20,252.4,253.47,247.82,252.3,910923.0
2022-05-23,255.83,257.79,253.31,257.0,858037.0
2022-05-24,256.91,258.99,255.49,257.45,964390.0
2022-05-25,259.48,259.54,248.31,252.16,1377826.0
2022-05-26,253.54,255.53,251.8,252.5,786990.0
2022-05-27,254.04,256.46,252.54,256.46,704629.0
2022-05-31,253.42,257.37,250.93,255.8,1401005.0
2022-06-01,256.86,259.05,248.19,251.4,752012.0
2022-06-02,251.96,253.95,245.91,253.68,667898.0
2022-06-03,253.15,255.31,251.98,252.34,530965.0
2022-06-06,254.06,259.13,253.05,258.72,1166971.0
2022-06-07,258.14,260.0,254.75,257.92,953987.0
2022-06-08,256.9,258.47,254.68,254.85,897953.0
2022-06-09,253.78,254.66,248.03,248.37,721862.0
2022-06-10,245.92,251.25,243.74,249.33,1372661.0
2022-06-13,244.8,247.61,240.58,241.85,1138194.0
2022-06-14,241.85,242.14,233.05,236.32,1186915.0
2022-06-15,237.3,238.97,233.7,236.79,912131.0
2022-06-16,234.01,235.26,231.46,234.74,1707140.0
2022-06-17,233.39,240.77,233.39,235.33,2228491.0
2022-06-21,238.0,238.0,234.51,236.53,1344941.0
2022-06-22,235.64,239.13,234.03,237.27,1395928.0
2022-06-23,238.01,242.76,238.01,242.54,721430.0
2022-06-24,246.57,251.26,243.23,250.92,1555424.0
2022-06-27,250.69,251.15,247.41,250.1,765742.0
2022-06-28,250.53,251.7,244.39,244.53,873835.0
2022-06-29,244.58,251.17,243.65,249.34,1144394.0
2022-06-30,248.0,249.66,245.48,246.53,1403209.0
2022-07-01,246.5,252.16,244.32,251.8,774915.0
2022-07-05,248.92,250.49,243.81,247.93,777657.0
2022-07-06,247.76,250.18,245.55,246.28,1063637.0
2022-07-07,245.8,248.35,245.55,246.39,977775.0
2022-07-08,246.26,249.55,245.5,245.66,870067.0
2022-07-11,243.24,245.0,242.65,243.7,562795.0
2022-07-12,241.37,242.69,235.6,236.92,969421.0
2022-07-13,235.0,236.85,233.21,235.46,695787.0
2022-07-14,232.2,234.75,231.91,234.16,685371.0
2022-07-15,236.81,240.07,235.62,239.24,775185.0
2022-07-18,238.08,239.11,233.93,234.31,818899.0
2022-07-19,236.67,238.81,235.63,238.46,763954.0
2022-07-20,236.45,237.71,235.18,237.19,1093205.0
2022-07-21,238.61,242.11,237.45,241.08,991715.0
2022-07-22,241.9,243.11,240.33,242.13,597982.0
2022-07-25,242.45,243.67,241.58,242.63,634085.0
2022-07-26,244.45,245.6,241.95,244.15,548879.0
2022-07-27,243.54,245.88,240.11,244.34,617349.0
2022-07-28,244.04,245.66,239.8,243.91,1004860.0
2022-07-29,243.61,245.32,242.02,244.31,1097635.0
2022-08-01,243.13,245.4,243.13,244.77,724171.0
2022-08-02,243.13,246.74,242.64,243.02,953489.0
2022-08-03,243.01,246.41,242.93,244.93,899945.0
2022-08-04,245.56,256.41,245.46,252.51,1807644.0
2022-08-05,251.45,255.4,248.3,254.23,1040260.0
2022-08-08,254.58,257.19,253.26,255.97,722169.0
2022-08-09,256.99,261.89,254.81,255.3,1126901.0
2022-08-10,257.7,259.04,256.24,258.56,727700.0
2022-08-11,258.95,262.46,258.7,259.4,850292.0
2022-08-12,259.98,263.97,259.86,263.69,830905.0
2022-08-15,263.08,267.5,262.61,266.81,774252.0
2022-08-16,266.8,269.06,264.88,267.78,988965.0
2022-08-17,265.8,267.4,263.57,264.23,637581.0
2022-08-18,264.58,264.8,261.38,263.71,619288.0
2022-08-19,264.36,265.73,261.63,264.53,709461.0
2022-08-22,263.97,265.69,259.89,260.75,761355.0
2022-08-23,259.35,260.16,256.49,257.4,880986.0
2022-08-24,257.42,260.78,256.14,258.35,880517.0
2022-08-25,259.58,260.58,258.08,260.01,676324.0
2022-08-26,260.27,260.63,253.53,253.73,727643.0
2022-08-29,252.12,256.11,251.51,254.44,534139.0
2022-08-30,254.39,254.88,252.38,253.17,696287.0
2022-08-31,253.86,257.73,252.33,252.42,1186920.0
2022-09-01,251.91,255.32,251.15,255.25,967417.0
2022-09-02,256.52,256.8,251.79,252.84,932188.0
2022-09-06,253.56,253.57,250.77,252.07,862197.0
2022-09-07,253.04,259.58,252.8,258.97,1339339.0
2022-09-08,257.5,260.7,256.42,260.5,1303901.0
2022-09-09,260.0,263.92,259.59,262.85,945288.0
2022-09-12,263.23,266.3,262.64,264.23,911018.0
2022-09-13,261.64,262.87,256.46,256.78,1010307.0
2022-09-14,257.69,262.0,256.71,258.95,1091875.0
2022-09-15,258.95,260.04,256.4,256.7,635136.0
2022-09-16,255.84,256.14,253.36,254.32,1315833.0
2022-09-19,252.61,252.61,248.62,251.26,1721838.0
2022-09-20,250.13,250.34,241.35,244.11,1431552.0
2022-09-21,244.21,246.18,237.84,238.01,1079119.0
2022-09-22,237.5,238.93,235.78,237.19,979830.0
2022-09-23,235.77,237.33,230.62,233.92,1440064.0
2022-09-26,232.84,234.44,230.2,231.64,1050635.0
2022-09-27,233.4,234.82,227.25,228.34,1103316.0
2022-09-28,229.18,232.02,227.68,230.37,1184264.0
2022-09-29,229.63,230.0,224.61,226.12,1401502.0
2022-09-30,227.13,228.63,222.61,222.83,1619755.0
2022-10-03,225.1,231.96,222.81,230.78,1020875.0
2022-10-04,231.36,237.22,230.64,236.97,1081072.0
2022-10-05,235.05,238.3,233.65,236.83,828353.0
2022-10-06,235.36,235.62,228.18,228.4,1196137.0
2022-10-07,226.93,227.55,221.64,222.67,1436813.0
2022-10-10,224.4,224.9,219.6,219.81,1099555.0
2022-10-11,220.08,224.46,217.68,222.65,935205.0
2022-10-12,222.86,224.26,220.69,220.79,746011.0
2022-10-13,217.23,227.38,215.9,226.53,955001.0
2022-10-14,228.13,229.74,223.59,224.7,892712.0
2022-10-17,226.36,230.18,225.39,229.02,990565.0
2022-10-18,234.71,236.12,230.27,230.63,1480290.0
2022-10-19,228.88,229.82,223.89,225.47,1310909.0
2022-10-20,225.75,226.44,222.22,222.58,878871.0
2022-10-21,222.87,224.4,220.59,223.6,1728829.0
2022-10-24,225.69,227.26,224.19,225.21,1636339.0
2022-10-25,225.37,226.44,224.29,225.7,1979175.0
2022-10-26,227.2,233.61,225.8,232.88,1845808.0
2022-10-27,233.75,233.75,230.07,231.17,901656.0
2022-10-28,232.19,235.64,232.19,235.26,1253934.0
2022-10-31,234.65,237.3,234.34,235.97,1313902.0
2022-11-01,236.96,237.6,232.89,233.88,2185365.0
2022-11-02,233.81,235.1,227.96,228.0,2044525.0
2022-11-03,225.99,226.13,220.98,221.0,2297543.0
2022-11-04,224.07,224.07,218.18,220.84,2382616.0
2022-11-07,220.84,222.18,219.04,220.94,1932672.0
2022-11-08,220.86,222.1,217.8,219.49,2899564.0
2022-11-09,220.02,221.18,217.7,218.29,2091436.0
2022-11-10,225.55,230.14,219.81,229.28,4010733.0
2022-11-11,230.42,230.42,224.45,227.67,1792654.0
2022-11-14,228.8,229.39,224.14,224.16,1929098.0
2022-11-15,226.23,226.23,221.12,222.37,2027392.0
2022-11-16,223.75,225.22,221.34,222.08,1458725.0
2022-11-17,220.0,222.38,218.82,219.91,1204124.0
2022-11-18,221.29,226.3,219.79,225.59,1405021.0
2022-11-21,225.61,237.37,225.61,234.69,2435708.0
2022-11-22,234.05,235.85,231.32,235.61,1401645.0
2022-11-23,235.18,237.51,234.85,237.34,983777.0
2022-11-25,237.84,238.79,236.5,238.06,374999.0
2022-11-28,237.39,239.35,236.01,237.34,1709789.0
2022-11-29,236.72,241.12,235.57,241.02,1890972.0
2022-11-30,241.52,249.68,240.04,249.34,2429126.0
2022-12-01,251.81,254.3,249.57,250.83,1658234.0
2022-12-02,248.24,252.59,247.76,252.38,1342753.0
2022-12-05,249.37,250.48,246.12,246.21,1224195.0
2022-12-06,245.48,246.99,242.76,244.39,908526.0
2022-12-07,245.25,247.24,243.52,246.48,1648596.0
2022-12-08,245.0,248.15,244.62,247.97,1224737.0
2022-12-09,247.24,249.59,246.23,247.6,856007.0
2022-12-12,249.15,254.92,248.4,254.06,1567351.0
2022-12-13,259.37,259.44,253.6,254.05,2638906.0
2022-12-14,253.81,255.48,250.57,254.04,1752924.0
2022-12-15,252.22,254.0,249.43,250.51,1149789.0
2022-12-16,248.56,250.0,246.76,249.51,2239670.0
2022-12-19,250.62,250.81,247.62,248.46,1215761.0
2022-12-20,248.76,251.22,248.07,249.24,1185178.0
2022-12-21,250.95,254.49,250.65,253.36,820318.0
2022-12-22,252.75,253.85,250.3,253.59,816724.0
2022-12-23,253.51,255.35,252.34,254.47,619363.0
2022-12-27,254.68,255.59,252.89,255.3,558076.0
2022-12-28,256.34,257.55,253.02,253.12,512996.0
2022-12-29,255.25,258.66,252.94,256.9,643905.0
2022-12-30,255.81,256.64,252.4,254.3,639897.0
2023-01-03,262.66,262.66,253.72,256.18,1001997.0
2023-01-04,258.0,258.52,256.23,258.09,1443175.0
2023-01-05,257.65,258.38,254.81,255.31,1575185.0
2023-01-06,256.88,259.52,254.62,259.34,1141196.0
2023-01-09,259.95,259.95,252.3,252.45,1337610.0
2023-01-10,254.44,256.46,254.07,255.37,1219134.0
2023-01-11,256.1,256.75,253.63,256.15,1413255.0
2023-01-12,256.6,258.0,254.08,254.6,692970.0
2023-01-13,253.77,256.22,253.2,255.85,663797.0
2023-01-17,255.12,257.27,254.89,256.0,1439903.0
2023-01-18,255.79,255.79,253.15,253.57,1090802.0
2023-01-19,252.65,255.2,251.91,253.96,913544.0
2023-01-20,255.11,255.11,250.09,253.81,902883.0
2023-01-23,253.64,253.64,249.2,249.58,1193780.0
2023-01-24,250.44,250.68,245.53,245.75,893955.0
2023-01-25,244.46,246.78,242.72,246.78,1228745.0
2023-01-26,247.21,249.2,245.29,249.14,573137.0
2023-01-27,249.29,253.38,248.13,251.82,1231433.0
2023-01-30,251.82,252.97,249.56,250.13,1044263.0
2023-01-31,249.88,252.43,248.56,252.22,1201530.0
2023-02-01,251.44,255.03,250.93,254.17,1096395.0
2023-02-02,239.74,257.69,236.11,248.47,3033954.0
2023-02-03,248.6,250.37,244.04,245.84,2117947.0
2023-02-06,246.06,250.73,246.06,250.16,1549937.0
2023-02-07,248.52,254.12,248.22,253.19,1541852.0
2023-02-08,252.38,253.11,249.29,250.23,1069818.0
2023-02-09,249.42,250.18,244.47,245.23,917523.0
2023-02-10,245.68,247.99,244.28,247.83,1155076.0
2023-02-13,247.75,248.91,245.65,247.25,1079984.0
2023-02-14,247.61,247.61,241.7,243.41,1826756.0
2023-02-15,242.66,243.82,241.55,243.55,697035.0
2023-02-16,241.11,244.25,240.16,241.94,845508.0
2023-02-17,240.34,245.1,240.34,244.52,1314209.0
2023-02-21,242.59,242.59,239.35,239.5,1179088.0
2023-02-22,239.55,241.96,239.34,240.4,1101794.0
2023-02-23,239.41,241.46,238.6,239.72,752908.0
2023-02-24,237.04,238.32,235.2,237.92,832193.0
2023-02-27,239.38,239.91,236.29,236.89,593793.0
2023-02-28,236.45,238.12,234.17,234.55,1538234.0
2023-03-01,233.37,233.49,230.6,232.16,872619.0
2023-03-02,230.78,234.25,230.35,233.96,977312.0
2023-03-03,235.01,237.31,234.67,237.22,766845.0
2023-03-06,238.04,238.04,236.07,236.22,786090.0
2023-03-07,237.19,238.23,234.92,236.13,1229796.0
2023-03-08,235.36,236.79,234.74,235.23,832213.0
2023-03-09,234.39,236.21,231.52,232.23,1038731.0
2023-03-10,232.43,232.87,228.97,229.71,1009291.0
2023-03-13,229.0,233.77,228.62,231.39,794149.0
2023-03-14,233.93,234.45,230.27,232.89,928708.0
2023-03-15,230.54,234.64,229.37,234.48,1231311.0
2023-03-16,232.67,238.42,232.35,238.0,1225988.0
2023-03-17,239.01,239.01,234.49,235.58,1542765.0
2023-03-20,235.87,239.43,235.79,238.49,951493.0
2023-03-21,239.54,240.78,237.85,240.25,1096256.0
2023-03-22,240.92,244.04,238.92,238.92,1176729.0
2023-03-23,239.07,239.85,235.27,236.38,934434.0
2023-03-24,236.83,240.77,236.04,240.5,910624.0
2023-03-27,242.93,243.77,241.94,242.18,880724.0
2023-03-28,240.74,243.37,240.74,241.23,563108.0
2023-03-29,241.49,243.85,241.49,242.93,757778.0
2023-03-30,244.05,245.2,243.29,245.17,684393.0
2023-03-31,246.49,247.64,244.25,247.54,1107476.0
2023-04-03,246.57,248.47,244.72,246.95,1027345.0
2023-04-04,247.84,250.48,247.84,248.25,1000464.0
2023-04-05,249.41,252.88,248.6,251.67,853932.0
2023-04-06,252.62,255.16,251.98,254.69,1369835.0
2023-04-10,253.46,255.55,252.21,253.53,814014.0
2023-04-11,254.03,255.52,252.92,252.98,908439.0
2023-04-12,255.68,256.32,253.52,253.85,1199755.0
2023-04-13,254.22,256.35,253.77,256.3,776165.0
2023-04-14,256.72,257.38,254.84,255.5,746832.0
2023-04-17,255.95,256.67,254.88,256.28,741920.0
2023-04-18,256.76,256.76,253.47,253.59,836331.0
2023-04-19,255.06,259.04,254.43,258.85,1379883.0
2023-04-20,257.96,262.62,257.24,261.91,1552480.0
2023-04-21,263.24,264.44,261.04,261.21,948248.0
2023-04-24,261.59,264.02,260.01,262.02,1046532.0
2023-04-25,261.77,262.7,259.76,260.93,765010.0
2023-04-26,258.43,259.28,256.68,258.51,945132.0
2023-04-27,258.66,263.86,258.06,263.3,1134766.0
2023-04-28,262.94,265.07,261.95,264.31,1414165.0
2023-05-01,263.95,266.13,263.95,265.32,1094746.0
2023-05-02,264.43,265.0,262.43,263.79,1209026.0
2023-05-03,265.04,266.7,262.75,263.61,1262940.0
2023-05-04,256.93,260.0,251.82,252.46,2405721.0
2023-05-05,254.37,256.71,252.47,253.66,1467486.0
2023-05-08,251.67,253.39,250.77,251.5,1497129.0
2023-05-09,250.69,250.77,248.03,249.65,1096874.0
2023-05-10,251.18,251.43,247.96,251.05,805905.0
2023-05-11,250.47,251.62,249.43,251.4,983398.0
2023-05-12,251.67,252.74,250.4,252.51,862177.0
2023-05-15,253.27,253.27,249.35,251.08,939053.0
2023-05-16,250.34,251.64,249.54,250.37,698467.0
2023-05-17,251.4,251.62,248.48,251.28,1079176.0
2023-05-18,250.87,252.06,249.49,251.57,1394553.0
2023-05-19,251.91,253.4,251.08,251.88,1236976.0
2023-05-22,251.51,253.9,250.71,251.04,958294.0
2023-05-23,250.2,251.15,245.6,246.48,1047530.0
2023-05-24,246.3,246.3,243.76,245.25,965217.0
2023-05-25,243.6,244.8,239.82,241.77,1422458.0
2023-05-26,241.65,243.32,240.64,241.12,840252.0
2023-05-30,241.23,242.68,238.25,238.39,1039484.0
2023-05-31,238.5,242.26,237.62,241.76,2214420.0
2023-06-01,243.73,248.56,243.08,248.11,2030118.0
2023-06-02,249.49,253.5,249.3,251.79,1738793.0
2023-06-05,252.12,255.36,252.12,253.99,1327168.0
2023-06-06,255.04,255.82,248.08,250.46,1483534.0
2023-06-07,250.67,252.94,249.21,252.23,1249087.0
2023-06-08,250.29,251.32,248.17,249.5,1231300.0
2023-06-09,250.76,252.71,249.4,251.5,1326924.0
2023-06-12,251.42,251.45,249.12,250.71,1220618.0
2023-06-13,249.79,252.17,249.21,251.5,635361.0
2023-06-14,255.51,257.63,252.71,253.33,1147981.0
2023-06-15,253.23,256.78,252.56,256.16,695586.0
2023-06-16,257.38,259.88,256.63,258.63,1483531.0
2023-06-20,257.06,259.51,255.08,256.47,933931.0
2023-06-21,256.28,257.93,254.53,257.31,766844.0
2023-06-22,258.1,259.12,257.1,258.07,714851.0
2023-06-23,258.0,259.75,256.29,256.55,816889.0
2023-06-26,256.55,257.06,252.64,256.49,653929.0
2023-06-27,256.48,258.73,254.01,258.25,910618.0
2023-06-28,258.0,259.37,257.31,259.02,1158850.0
2023-06-29,258.73,260.61,257.28,260.52,1139872.0
2023-06-30,262.19,265.09,262.03,264.01,1372128.0
2023-07-03,261.8,263.23,259.41,261.92,602455.0
2023-07-05,259.35,260.54,258.35,260.3,1155133.0
2023-07-06,259.19,260.52,258.11,258.87,745277.0
2023-07-07,257.02,258.64,256.18,256.92,920576.0
2023-07-10,257.44,259.67,256.57,257.56,799957.0
2023-07-11,257.21,259.38,256.34,259.33,704766.0
2023-07-12,261.05,261.41,257.96,258.66,774550.0
2023-07-13,257.84,260.98,257.64,259.95,1172008.0
2023-07-14,260.21,261.12,258.2,259.39,906074.0
2023-07-17,258.78,259.32,256.16,256.64,708011.0
2023-07-18,255.86,256.79,253.52,256.32,761817.0
2023-07-19,255.11,257.88,254.46,254.9,1439557.0
2023-07-20,256.31,263.48,255.97,263.41,1447132.0
2023-07-21,263.36,266.08,262.94,264.84,1148953.0
2023-07-24,282.2,287.32,278.84,279.97,3866587.0
2023-07-25,277.41,283.82,274.94,283.31,1666748.0
2023-07-26,282.97,285.01,282.0,282.8,1854955.0
2023-07-27,283.94,286.46,283.12,283.59,1947042.0
2023-07-28,285.1,285.49,280.11,280.32,1641510.0
2023-07-31,280.47,280.47,276.64,278.62,1625549.0
2023-08-01,276.29,278.65,275.11,278.54,1133118.0
2023-08-02,277.67,278.91,275.27,276.24,1396436.0
2023-08-03,275.34,277.26,265.71,268.7,2143116.0
2023-08-04,268.25,274.7,267.15,270.79,1521591.0
2023-08-07,271.4,277.19,271.05,275.22,1477042.0
2023-08-08,277.45,282.49,274.33,281.1,2522895.0
2023-08-09,280.0,284.48,279.06,281.53,2048619.0
2023-08-10,282.0,283.19,277.07,277.23,1282114.0
2023-08-11,277.41,282.53,276.11,282.31,1325365.0
2023-08-14,282.8,283.78,280.48,282.65,1077845.0
2023-08-15,283.44,283.44,279.53,279.66,811859.0
2023-08-16,278.29,279.08,276.29,276.75,814712.0
2023-08-17,277.13,277.13,274.8,275.54,924812.0
2023-08-18,274.61,275.85,272.59,273.69,974402.0
2023-08-21,273.45,276.25,272.45,275.62,1070322.0
2023-08-22,275.92,277.32,272.58,275.7,1032759.0
2023-08-23,277.18,277.49,275.33,277.08,868682.0
2023-08-24,277.19,279.68,276.96,277.0,859648.0
2023-08-25,277.78,281.85,277.15,280.01,1342984.0
2023-08-28,281.31,282.62,280.56,281.55,838479.0
2023-08-29,282.12,282.41,280.36,281.47,878194.0
2023-08-30,282.2,283.5,279.59,280.3,931912.0
2023-08-31,280.8,281.86,278.61,279.45,1103337.0
2023-09-01,281.0,281.0,277.66,278.46,834520.0
2023-09-05,278.45,278.45,272.36,272.88,1211166.0
2023-09-06,271.88,272.14,261.1,266.64,2460599.0
2023-09-07,266.98,269.44,265.9,267.06,1045320.0
2023-09-08,266.53,267.52,263.21,266.76,1182936.0
2023-09-11,268.24,268.63,263.99,267.18,1205458.0
2023-09-12,266.99,267.32,262.74,263.7,1111716.0
2023-09-13,263.35,265.33,262.71,265.01,986990.0
2023-09-14,266.35,267.0,263.49,264.62,1215361.0
2023-09-15,262.24,265.67,261.73,263.74,3003648.0
2023-09-18,264.24,266.5,262.22,264.57,818398.0
2023-09-19,264.21,266.85,263.68,265.96,867172.0
2023-09-20,267.29,268.97,266.84,267.13,1256462.0
2023-09-21,266.74,267.82,264.76,265.04,988958.0
2023-09-22,265.04,266.82,264.03,265.2,633332.0
2023-09-25,265.0,266.86,263.56,266.77,961801.0
2023-09-26,265.85,266.3,260.77,260.94,953846.0
2023-09-27,261.42,263.0,255.88,258.8,1188610.0
2023-09-28,259.62,264.04,259.62,262.74,1007574.0
2023-09-29,263.36,263.99,257.89,258.53,1244039.0
2023-10-02,256.37,258.01,255.15,257.76,749175.0
2023-10-03,257.1,259.87,256.54,258.9,1004884.0
2023-10-04,260.13,260.13,256.11,259.72,670375.0
2023-10-05,259.83,261.59,258.87,261.05,821505.0
2023-10-06,260.2,264.05,258.04,262.42,799110.0
2023-10-09,261.34,265.9,261.27,265.8,690136.0
2023-10-10,265.04,269.52,263.83,267.23,987466.0
2023-10-11,266.29,266.29,258.13,261.3,1693456.0
2023-10-12,261.69,262.55,256.66,257.07,1100125.0
2023-10-13,256.86,259.85,256.38,258.7,1032042.0
2023-10-16,259.88,261.54,257.43,259.75,750191.0
2023-10-17,258.06,261.39,256.89,259.3,842709.0
2023-10-18,260.36,261.72,257.92,259.4,940512.0
2023-10-19,259.39,261.76,256.99,257.48,809533.0
2023-10-20,257.55,261.63,257.04,258.64,1049609.0
2023-10-23,258.57,260.73,255.59,255.93,699320.0
2023-10-24,255.58,260.14,255.52,259.21,813707.0
2023-10-25,258.3,262.23,255.0,255.57,1080462.0
2023-10-26,254.48,256.38,253.31,254.18,634197.0
2023-10-27,254.07,254.88,250.36,251.6,1060968.0
2023-10-30,253.0,253.0,248.57,251.09,1070791.0
2023-10-31,252.32,253.88,250.32,252.78,1969189.0
2023-11-01,253.76,254.51,251.37,253.78,941292.0
2023-11-02,253.79,257.46,252.94,255.92,1133877.0
2023-11-03,258.73,259.59,256.17,258.91,978608.0
2023-11-06,259.05,259.92,256.93,259.1,952390.0
2023-11-07,259.33,259.33,255.71,256.11,927515.0
2023-11-08,257.58,257.58,253.98,255.92,1187056.0
2023-11-09,239.82,239.82,229.85,232.24,5003062.0
2023-11-10,233.83,235.7,231.06,234.65,2227494.0
2023-11-13,236.0,237.92,232.07,235.86,2209617.0
2023-11-14,236.43,237.73,232.62,233.34,2564992.0
2023-11-15,233.02,235.27,231.88,233.76,2510843.0
2023-11-16,234.28,236.62,233.96,235.07,1563419.0
2023-11-17,236.19,236.19,232.64,233.27,1812401.0
2023-11-20,232.54,234.61,230.83,233.67,2367817.0
2023-11-21,235.52,237.18,234.76,236.16,1599221.0
2023-11-22,237.37,238.05,235.74,236.8,1929714.0
2023-11-24,236.65,238.9,236.41,238.89,780792.0
2023-11-27,238.66,240.4,237.41,238.86,1746311.0
2023-11-28,238.72,239.95,237.19,237.28,1475259.0
2023-11-29,237.1,238.83,235.63,235.69,2722742.0
2023-11-30,236.0,237.0,234.8,236.18,3275829.0
2023-12-01,236.07,238.5,235.34,238.25,1512379.0
2023-12-04,237.32,238.56,237.1,237.57,1574436.0
2023-12-05,237.19,237.19,233.48,233.6,2431234.0
2023-12-06,233.74,234.9,232.26,233.45,1730802.0
2023-12-07,233.24,233.87,232.0,233.54,2230098.0
2023-12-08,234.6,234.6,232.14,232.3,1648193.0
2023-12-11,232.46,234.59,232.34,233.39,1681068.0
2023-12-12,232.91,236.91,231.57,236.67,1774958.0
2023-12-13,236.45,240.52,235.56,240.47,1623892.0
2023-12-14,242.18,243.35,238.19,238.51,2240812.0
2023-12-15,237.57,237.64,233.93,237.01,2943153.0
2023-12-18,239.15,240.35,237.08,237.72,1709812.0
2023-12-19,238.08,240.96,237.61,240.62,1701411.0
2023-12-20,240.25,242.53,238.01,239.82,1518991.0
2023-12-21,240.68,243.89,240.17,243.13,1444879.0
2023-12-22,244.12,245.37,242.56,243.0,1974939.0
2023-12-26,243.0,244.48,242.52,243.3,2093688.0
2023-12-27,242.56,243.27,241.57,242.5,1496253.0
2023-12-28,242.97,244.09,242.63,243.03,1119880.0
2023-12-29,242.71,244.13,242.37,243.83,851869.0
2024-01-02,243.22,248.85,240.05,245.42,1952172.0
2024-01-03,245.82,246.26,240.1,240.47,1842136.0
2024-01-04,240.75,243.44,240.51,242.91,1302308.0
2024-01-05,241.82,243.87,241.03,242.09,989807.0
2024-01-08,242.69,248.65,242.24,247.73,1610701.0
2024-01-09,247.18,249.89,237.53,237.84,2693777.0
2024-01-10,238.01,239.72,232.7,238.41,2204281.0
2024-01-11,238.22,238.9,234.28,235.01,1887623.0
2024-01-12,236.54,238.06,234.97,236.27,1363340.0
2024-01-16,235.06,237.58,232.74,235.0,1585905.0
2024-01-17,233.87,236.78,233.0,234.3,1018001.0
2024-01-18,234.18,236.33,233.28,235.0,1210792.0
2024-01-19,235.22,236.12,233.38,235.89,1255512.0
2024-01-22,237.0,239.12,235.46,235.89,909712.0
2024-01-23,236.18,238.33,235.9,238.3,1219230.0
2024-01-24,238.23,239.21,234.51,234.57,1317917.0
2024-01-25,235.7,236.75,233.86,236.57,841044.0
2024-01-26,238.06,238.76,235.47,236.65,892234.0
2024-01-29,236.32,237.98,235.81,237.85,1084037.0
2024-01-30,238.5,238.93,236.11,236.21,1485734.0
2024-01-31,237.26,241.15,236.8,238.81,2355735.0
2024-02-01,237.5,242.35,233.14,242.35,3146318.0
2024-02-02,244.67,246.3,236.71,237.19,1724345.0
2024-02-05,236.98,238.59,234.74,235.07,1688102.0
2024-02-06,235.46,240.69,235.13,238.68,1671164.0
2024-02-07,239.04,242.34,238.8,239.48,1612546.0
2024-02-08,238.47,243.69,238.47,240.71,1643615.0
2024-02-09,240.96,244.05,240.32,243.75,2095531.0
2024-02-12,243.36,246.0,241.31,243.37,1453397.0
2024-02-13,243.47,245.22,237.36,239.07,1908562.0
2024-02-14,239.01,239.55,236.93,238.61,1599886.0
2024-02-15,238.88,242.3,238.48,239.96,1226359.0
2024-02-16,239.81,243.98,238.27,240.76,1582401.0
2024-02-20,240.76,243.4,239.5,240.66,1193936.0
2024-02-21,240.73,245.51,240.1,245.32,1623811.0
2024-02-22,245.2,245.52,240.76,243.62,1305790.0
2024-02-23,243.95,246.6,242.9,246.2,992662.0
2024-02-26,245.87,246.24,241.55,241.72,939380.0
2024-02-27,241.25,243.43,240.51,241.24,919001.0
2024-02-28,240.93,242.34,238.84,239.15,829179.0
2024-02-29,239.58,239.58,235.06,235.55,1812904.0
2024-03-01,235.41,236.34,233.41,235.31,1735034.0
2024-03-04,234.37,236.53,233.55,235.65,1930672.0
2024-03-05,237.27,238.61,233.12,233.45,1335710.0
2024-03-06,233.36,236.67,233.06,235.6,1335318.0
2024-03-07,237.07,238.77,235.93,237.62,1854812.0
2024-03-08,237.61,241.47,236.37,239.9,1692698.0
2024-03-11,239.68,242.38,238.54,239.5,964208.0
2024-03-12,238.46,239.45,237.24,237.82,1219859.0
2024-03-13,238.13,241.45,237.32,238.8,961420.0
2024-03-14,238.29,239.72,235.19,237.17,1121629.0
2024-03-15,232.51,237.76,232.18,236.71,2686011.0
2024-03-18,237.61,239.46,236.42,237.72,1141814.0
2024-03-19,238.19,240.34,237.93,240.24,1070412.0
2024-03-20,239.86,240.6,236.34,237.87,784009.0
2024-03-21,238.96,241.98,237.69,241.62,1357005.0
2024-03-22,242.9,246.66,242.05,246.25,2230130.0
2024-03-25,245.35,245.76,240.55,241.67,1755344.0
2024-03-26,242.28,242.86,240.59,241.88,879020.0
2024-03-27,243.27,246.59,242.69,246.53,839551.0
2024-03-28,246.73,248.42,245.33,247.45,1093920.0
2024-04-01,247.48,247.81,242.73,244.05,667345.0
2024-04-02,242.92,243.13,240.24,241.02,1227646.0
2024-04-03,241.53,245.25,240.32,243.59,1215777.0
2024-04-04,245.79,246.92,242.94,243.05,952551.0
2024-04-05,243.05,246.28,242.25,246.17,1234621.0
2024-04-08,245.61,245.61,241.56,241.72,2085999.0
2024-04-09,242.67,246.1,241.02,245.81,945000.0
2024-04-10,244.48,244.48,239.22,240.99,831375.0
2024-04-11,240.93,243.3,239.64,240.61,1010452.0
2024-04-12,239.13,240.02,233.74,235.17,1028446.0
2024-04-15,237.11,238.07,234.63,234.72,872266.0
2024-04-16,234.82,235.1,230.71,231.01,1064142.0
2024-04-17,230.74,232.64,229.4,232.21,1510566.0
2024-04-18,232.61,233.25,230.47,233.15,891659.0
2024-04-19,234.7,235.63,233.07,234.12,1265166.0
2024-04-22,234.72,236.07,233.33,233.88,768416.0
2024-04-23,234.58,236.18,233.4,234.36,800506.0
2024-04-24,232.33,234.57,230.02,233.83,779855.0
2024-04-25,233.91,234.69,230.4,230.48,885117.0
2024-04-26,230.0,233.16,230.0,231.55,738143.0
2024-04-29,232.31,234.5,231.84,233.44,918580.0
2024-04-30,232.81,234.83,232.06,234.6,1685938.0
2024-05-01,234.03,236.09,232.46,233.72,2721601.0
2024-05-02,243.0,243.28,230.25,240.35,3789533.0
2024-05-03,238.77,242.29,234.13,234.68,1722353.0
2024-05-06,236.81,238.0,235.56,236.58,1255426.0
2024-05-07,237.86,239.57,236.11,237.15,1120070.0
2024-05-08,237.01,237.01,233.18,233.58,1749644.0
2024-05-09,234.14,236.45,233.92,235.0,1921786.0
2024-05-10,235.0,236.32,233.73,235.67,2034395.0
2024-05-13,236.6,238.47,235.29,236.95,1073151.0
2024-05-14,238.03,238.95,234.37,235.0,1049398.0
2024-05-15,236.04,237.72,234.58,237.29,1167984.0
2024-05-16,236.65,238.34,235.56,236.62,1291452.0
2024-05-17,237.09,237.09,234.73,236.3,1785043.0
2024-05-20,236.41,237.32,234.9,237.13,967074.0
2024-05-21,237.67,238.17,234.26,234.86,1557650.0
2024-05-22,234.43,236.05,234.03,234.45,1364183.0
2024-05-23,233.77,234.57,229.55,230.35,1302586.0
2024-05-24,230.03,230.71,228.09,228.79,1373364.0
2024-05-28,227.38,228.4,225.6,226.8,1452766.0
2024-05-29,225.2,226.43,224.0,225.07,2680534.0
2024-05-30,225.37,226.94,224.0,226.78,1691719.0
2024-05-31,227.21,232.21,226.32,231.97,4733921.0
2024-06-03,235.0,241.69,233.82,238.84,2081153.0
2024-06-04,239.12,239.75,237.19,238.5,2104735.0
2024-06-05,238.23,239.19,235.19,236.3,1166668.0
2024-06-06,236.0,240.8,234.67,240.17,1749841.0
2024-06-07,239.22,243.22,238.05,240.63,1571040.0
2024-06-10,239.1,240.39,237.48,239.51,777027.0
2024-06-11,238.65,239.2,234.62,234.94,1132883.0
2024-06-12,234.4,235.4,233.15,233.99,1101507.0
2024-06-13,233.15,233.67,229.33,231.97,868961.0
2024-06-14,232.6,233.97,230.75,233.73,1053942.0
2024-06-17,233.0,234.16,230.5,232.75,1288582.0
2024-06-18,232.41,234.76,231.94,233.73,1035775.0
2024-06-20,233.25,239.26,232.08,238.4,1655716.0
2024-06-21,239.58,239.58,237.27,238.29,2014700.0
2024-06-24,238.73,239.56,235.33,235.91,895747.0
2024-06-25,235.28,235.51,233.18,233.87,1028885.0
2024-06-26,232.89,234.61,230.69,231.62,1695358.0
2024-06-27,232.28,232.98,229.07,230.94,1471771.0
2024-06-28,232.27,234.84,230.51,233.71,2404001.0
2024-07-01,233.76,237.71,229.12,229.27,1057772.0
2024-07-02,229.06,231.14,227.69,229.24,662985.0
2024-07-03,227.99,229.32,227.5,228.84,509817.0
2024-07-05,228.68,228.68,225.97,227.76,617155.0
2024-07-08,227.76,228.59,225.19,225.54,826412.0
2024-07-09,225.35,225.74,220.65,221.47,1603050.0
2024-07-10,221.41,226.62,218.75,223.87,2109933.0
2024-07-11,224.58,227.46,224.17,224.94,1849425.0
2024-07-12,225.42,230.34,224.63,229.11,2220555.0
2024-07-15,229.0,230.77,225.81,226.08,1260815.0
2024-07-16,226.71,230.97,225.4,230.7,1147605.0
2024-07-17,230.0,235.3,229.76,234.05,1228449.0
2024-07-18,231.5,235.55,231.49,231.74,1063275.0
2024-07-19,235.05,235.05,229.45,230.74,1074776.0
2024-07-22,231.27,232.22,229.04,231.09,866736.0
2024-07-23,232.0,234.45,230.37,234.33,1353854.0
2024-07-24,235.25,238.17,234.46,237.34,1226363.0
2024-07-25,237.34,241.6,231.82,232.78,2070430.0
2024-07-26,234.78,239.22,232.38,237.3,1384408.0
2024-07-29,237.3,238.87,233.87,237.84,1032669.0
2024-07-30,236.99,242.25,236.99,241.74,1719174.0
2024-07-31,240.05,242.82,237.24,241.06,3515198.0
2024-08-01,227.55,237.73,226.0,236.01,3769892.0
2024-08-02,237.0,242.55,236.21,241.87,1803024.0
2024-08-05,241.17,243.78,234.89,235.78,1474246.0
2024-08-06,235.0,238.92,233.59,235.51,1277594.0
2024-08-07,235.92,238.77,232.21,232.62,1104432.0
2024-08-08,232.56,236.08,231.76,234.39,1127474.0
2024-08-09,234.51,236.47,233.04,235.9,801153.0
2024-08-12,235.08,236.17,233.8,234.13,1330618.0
2024-08-13,233.89,236.82,233.5,236.28,1255870.0
2024-08-14,235.71,236.72,233.62,234.08,1075030.0
2024-08-15,234.0,234.56,232.03,234.02,2135502.0
2024-08-16,234.76,237.13,234.5,236.33,917471.0
2024-08-19,236.33,237.25,235.43,235.9,1025224.0
2024-08-20,235.69,236.24,233.96,234.74,791382.0
2024-08-21,235.49,235.69,234.03,234.85,1310030.0
2024-08-22,235.79,235.85,234.17,235.3,1031387.0
2024-08-23,236.04,236.49,234.28,236.38,822080.0
2024-08-26,237.0,239.47,235.62,236.27,778169.0
2024-08-27,236.78,238.39,236.24,237.97,923934.0
2024-08-28,238.22,239.67,237.11,238.9,980706.0
2024-08-29,239.79,241.46,239.28,240.97,707390.0
2024-08-30,241.34,242.61,240.29,242.41,893412.0
2024-09-03,242.09,244.98,241.7,242.18,2125185.0
2024-09-04,241.98,242.47,235.83,236.34,2258170.0
2024-09-05,236.33,237.84,232.92,233.25,2413648.0
2024-09-06,233.25,235.74,231.0,232.67,1487106.0
2024-09-09,232.68,238.98,232.38,237.22,1429257.0
2024-09-10,236.94,237.88,233.88,235.69,1235055.0
2024-09-11,234.15,234.97,229.31,233.69,1402110.0
2024-09-12,233.42,235.56,231.48,235.5,1020393.0
2024-09-13,235.66,237.49,233.79,234.18,772554.0
2024-09-16,235.78,236.99,232.85,234.04,950943.0
2024-09-17,233.5,234.72,229.6,231.27,965625.0
2024-09-18,231.58,235.04,229.64,231.59,1119131.0
2024-09-19,234.3,235.66,232.55,234.63,2218078.0
2024-09-20,233.31,234.19,231.53,233.5,2231966.0
2024-09-23,233.95,235.22,232.21,234.73,1495753.0
2024-09-24,235.22,238.7,233.22,236.95,1370881.0
2024-09-25,236.54,237.0,232.87,235.2,1777621.0
2024-09-26,235.14,237.82,233.59,237.27,1041981.0
2024-09-27,238.37,243.81,237.84,241.51,1284525.0
2024-09-30,241.55,242.4,238.02,241.1,1250199.0
2024-10-01,244.0,244.0,240.04,241.67,1279165.0
2024-10-02,241.44,242.08,239.18,239.76,1235210.0
2024-10-03,239.16,239.78,237.29,237.36,904919.0
2024-10-04,238.0,238.91,236.58,238.22,712852.0
2024-10-07,238.22,239.32,236.13,237.46,1276871.0
2024-10-08,238.75,238.75,235.4,237.17,841902.0
2024-10-09,236.95,238.97,235.34,238.21,763127.0
2024-10-10,238.61,238.61,234.92,235.54,850745.0
2024-10-11,236.13,237.43,235.26,236.5,896619.0
2024-10-14,236.62,240.47,235.45,240.02,737046.0
2024-10-15,240.46,244.5,239.93,241.82,1127275.0
2024-10-16,241.4,242.94,239.23,240.24,1125732.0
2024-10-17,240.42,241.06,238.99,240.33,964407.0
2024-10-18,241.76,244.13,240.21,243.75,1082870.0
2024-10-21,243.34,243.34,239.95,240.52,586799.0
2024-10-22,240.13,240.45,238.67,239.71,697731.0
2024-10-23,239.31,240.64,237.51,240.52,943889.0
2024-10-24,240.5,241.87,238.51,238.62,836766.0
2024-10-25,238.75,239.41,236.89,238.13,1001980.0
2024-10-28,239.06,240.9,237.87,238.91,925156.0
2024-10-29,239.05,240.08,237.44,237.51,625301.0
2024-10-30,236.0,237.63,235.77,236.61,849458.0
2024-10-31,235.23,236.74,233.45,233.59,1429875.0
2024-11-01,234.5,236.72,232.68,235.24,1278381.0
2024-11-04,235.21,237.42,232.98,234.33,1620500.0
2024-11-05,233.23,238.32,231.06,237.3,1877849.0
2024-11-06,240.47,244.33,236.0,240.06,2225530.0
2024-11-07,238.65,243.0,226.82,227.11,4041114.0
2024-11-08,228.68,233.82,226.25,231.64,3891342.0
2024-11-11,232.89,236.0,231.96,234.61,1439652.0
2024-11-12,235.28,235.87,231.07,231.27,1186861.0
2024-11-13,230.53,232.0,229.07,231.22,1215237.0
2024-11-14,231.04,231.04,225.49,227.17,2820219.0
2024-11-15,227.18,228.31,223.49,225.15,1965683.0
2024-11-18,225.2,228.08,223.98,224.1,1319485.0
2024-11-19,222.8,223.0,220.54,222.64,1379180.0
2024-11-20,222.18,222.91,220.81,222.39,1421005.0
2024-11-21,221.75,225.8,221.03,225.45,1618783.0
2024-11-22,225.97,226.24,223.13,224.0,1677603.0
2024-11-25,224.6,226.13,223.91,225.48,1914590.0
2024-11-26,225.5,225.58,222.7,224.25,2176561.0
2024-11-27,224.25,226.67,220.38,221.98,2373189.0
2024-11-29,221.0,223.18,220.29,221.9,1210254.0
2024-12-02,222.0,223.84,220.73,222.82,1886319.0
2024-12-03,222.76,222.82,221.0,221.26,2493582.0
2024-12-04,220.31,222.37,219.24,221.43,1780202.0
2024-12-05,220.25,223.19,220.17,222.24,2362000.0
2024-12-06,221.02,222.08,219.35,220.02,2794929.0
2024-12-09,219.03,223.88,218.96,223.01,2269225.0
2024-12-10,223.68,223.68,220.91,221.44,1804078.0
2024-12-11,221.44,222.93,218.84,221.04,1951198.0
2024-12-12,221.38,228.66,220.97,227.17,3489588.0
2024-12-13,227.1,227.1,222.53,225.56,2747946.0
2024-12-16,224.3,231.74,223.8,227.56,3053365.0
2024-12-17,226.1,229.14,223.41,225.64,2526168.0
2024-12-18,227.32,228.93,223.94,224.09,3387434.0
2024-12-19,223.33,225.8,222.82,223.83,2748977.0
2024-12-20,223.96,229.31,223.51,227.68,3104556.0
2024-12-23,226.34,227.87,225.3,226.44,1783653.0
2024-12-24,226.72,227.13,224.18,226.95,492253.0
2024-12-26,226.33,229.2,225.26,228.12,1154562.0
2024-12-27,226.75,230.09,226.72,228.49,1420943.0
2024-12-30,227.42,228.47,224.77,226.51,1695389.0
2024-12-31,227.38,229.24,225.85,226.87,1364182.0
2025-01-02,228.01,229.0,226.18,226.49,1701936.0
2025-01-03,227.12,229.32,225.9,228.46,1244386.0
2025-01-06,227.56,232.46,227.5,230.7,1752277.0
2025-01-07,230.95,235.37,230.95,232.15,1912229.0
2025-01-08,232.58,234.55,230.0,234.43,2192833.0
2025-01-10,232.25,236.25,231.65,233.67,2597939.0
2025-01-13,234.27,238.11,231.36,236.19,2267776.0
2025-01-14,236.5,237.4,233.01,235.8,2588553.0
2025-01-15,237.0,238.0,227.66,232.59,3098146.0
2025-01-16,232.48,236.76,230.94,236.3,2257699.0
2025-01-17,236.51,238.49,235.44,237.38,2110687.0
2025-01-21,238.31,241.27,238.16,240.37,1917998.0
2025-01-22,238.85,239.96,236.11,237.92,1346115.0
2025-01-23,238.48,240.85,237.24,240.47,1357387.0
2025-01-24,239.0,243.78,238.62,243.45,1716524.0
2025-01-27,245.0,249.49,244.14,248.7,1912476.0
2025-01-28,248.68,250.91,247.96,249.08,1741452.0
2025-01-29,249.3,250.75,246.42,246.9,2116423.0
2025-01-30,247.74,250.16,245.76,248.49,1401885.0
2025-01-31,247.86,249.36,246.92,247.6,2158692.0
2025-02-03,248.32,251.99,245.55,247.61,2575266.0
2025-02-04,246.02,246.75,241.77,242.42,3037701.0
2025-02-05,243.7,245.23,242.58,245.06,2061447.0
2025-02-06,233.55,239.24,224.35,227.21,5810758.0
2025-02-07,229.15,230.85,226.55,229.85,3783105.0
2025-02-10,230.0,234.41,228.63,229.55,2748338.0
2025-02-11,229.39,230.55,227.09,229.52,1919333.0
2025-02-12,227.5,228.42,225.62,225.85,1269943.0
2025-02-13,225.43,226.19,223.76,225.01,1487031.0
2025-02-14,227.25,227.45,224.78,224.8,1131453.0
2025-02-18,223.21,225.2,221.71,225.13,1335249.0
2025-02-19,225.0,228.26,224.5,227.56,1072173.0
2025-02-20,227.74,228.31,225.96,227.93,1425825.0
2025-02-21,226.47,229.59,226.11,227.43,1920649.0
2025-02-24,227.4,231.87,226.81,230.31,1503883.0
2025-02-25,230.45,230.93,227.78,230.05,1701195.0
2025-02-26,229.12,229.88,225.82,227.59,1612688.0
2025-02-27,227.0,227.15,223.82,224.16,1528626.0
2025-02-28,225.15,226.9,221.64,225.53,2568537.0
2025-03-03,226.5,229.92,225.41,228.45,1623029.0
2025-03-04,229.0,230.08,224.03,224.27,1394873.0
2025-03-05,223.31,226.12,222.31,224.12,1885885.0
2025-03-06,224.05,226.07,222.53,225.34,1961267.0
2025-03-07,223.74,230.53,223.03,229.54,1813628.0
2025-03-10,228.49,235.34,226.83,227.45,2607298.0
2025-03-11,226.63,227.32,223.3,224.92,1982142.0
2025-03-12,224.91,227.31,223.51,223.82,2206489.0
2025-03-13,222.64,224.68,222.01,222.79,2650478.0
2025-03-14,222.79,226.47,221.98,225.98,1157172.0
2025-03-17,225.75,228.79,225.0,227.83,2032237.0
2025-03-18,228.41,232.77,226.41,232.12,2638313.0
2025-03-19,231.19,233.51,230.06,231.79,2325055.0
2025-03-20,231.75,233.07,230.51,231.85,1643640.0
2025-03-21,231.09,231.27,227.93,230.23,4373029.0
2025-03-24,230.16,230.82,228.02,229.19,1214685.0
2025-03-25,229.93,231.82,226.48,228.08,1675002.0
2025-03-26,228.15,229.71,226.57,228.0,1369658.0
2025-03-27,229.17,230.95,227.5,228.71,1602262.0
2025-03-28,228.62,229.0,226.25,227.5,1656303.0
2025-03-31,226.99,229.8,225.12,229.06,1963718.0
2025-04-01,228.75,229.0,225.54,226.04,1713622.0
2025-04-02,224.77,226.8,223.54,226.42,1634107.0
2025-04-03,226.2,226.68,220.24,221.59,2687610.0
2025-04-04,219.88,220.45,204.95,207.34,6623789.0
2025-04-07,204.78,209.57,199.37,205.08,3818474.0
2025-04-08,210.14,211.79,197.73,200.83,2799944.0
2025-04-09,198.01,209.95,193.03,209.35,3130535.0
2025-04-10,206.44,207.26,194.14,199.12,2927459.0
2025-04-11,199.59,203.35,196.57,201.78,1850653.0
2025-04-14,204.62,206.34,202.39,205.71,1549736.0
2025-04-15,206.4,206.78,201.46,202.04,2567846.0
2025-04-16,203.07,205.11,199.06,200.4,1639727.0
2025-04-17,199.5,201.28,198.4,198.71,4064232.0
2025-04-21,198.71,198.71,193.82,196.61,2502009.0
2025-04-22,198.0,200.35,197.4,199.88,1562342.0
2025-04-23,202.57,208.04,201.05,202.32,3079350.0
2025-04-24,202.64,204.92,201.0,204.45,1345688.0
2025-04-25,204.42,205.38,201.99,205.08,1690556.0
2025-04-28,205.08,206.99,203.38,204.63,1400355.0
2025-04-29,205.0,207.16,204.06,206.44,1158257.0
2025-04-30,206.13,207.32,203.51,207.09,2752511.0
2025-05-01,187.98,188.0,169.52,169.54,13148494.0
2025-05-02,171.26,171.26,166.11,168.78,10530815.0
2025-05-05,168.53,170.04,165.5,167.0,4345047.0
2025-05-06,166.68,167.04,163.33,165.15,3683196.0
2025-05-07,166.76,167.69,163.97,167.14,3409947.0
2025-05-08,167.14,170.49,166.13,167.95,4311318.0
2025-05-09,168.5,170.33,166.87,167.22,4133684.0
2025-05-12,171.33,175.43,170.6,175.34,4736226.0
2025-05-13,175.0,177.8,172.3,175.34,3772523.0
2025-05-14,174.8,174.8,170.52,171.02,3927829.0
2025-05-15,171.0,172.43,169.03,172.27,4158077.0
2025-05-16,172.25,175.69,171.56,175.41,2253045.0
2025-05-19,174.8,177.2,173.06,177.05,3208003.0
2025-05-20,176.58,177.1,175.62,176.67,2745768.0
2025-05-21,176.0,176.74,172.93,173.14,2633253.0
2025-05-22,171.03,173.52,170.82,172.31,2097896.0
2025-05-23,170.5,172.16,169.6,171.38,1950801.0
2025-05-27,172.95,175.53,172.03,174.51,2010640.0
2025-05-28,175.1,176.43,172.92,173.01,1673695.0
2025-05-29,173.47,174.47,171.9,173.82,2675255.0
2025-05-30,173.54,173.8,171.65,172.59,3358682.0
2025-06-02,171.19,171.85,167.97,169.4,3262710.0
2025-06-03,168.72,171.41,167.93,170.66,2029093.0
2025-06-04,171.21,172.06,169.84,170.94,2463139.0
2025-06-05,171.79,173.13,170.62,171.03,2857545.0
2025-06-06,171.91,174.07,171.58,173.45,2036194.0
2025-06-09,173.99,174.68,172.1,172.51,3447524.0
2025-06-10,173.41,174.68,171.83,174.39,2922219.0
2025-06-11,174.5,175.86,171.91,172.72,2360773.0
2025-06-12,172.41,175.23,171.7,174.46,1664320.0
2025-06-13,173.03,176.33,171.87,172.21,2276369.0
2025-06-16,172.37,173.44,170.85,172.1,2376416.0
2025-06-17,171.91,171.95,169.81,169.94,3781899.0
2025-06-18,169.7,170.6,168.43,168.59,2839945.0
2025-06-20,169.31,169.96,168.08,168.42,5093508.0
2025-06-23,168.16,170.63,167.5,169.72,3083598.0
2025-06-24,170.35,171.93,169.2,171.57,2915308.0
2025-06-25,171.08,172.14,169.94,170.9,2118106.0
2025-06-26,170.74,170.87,168.89,169.97,2879249.0
2025-06-27,170.38,172.27,169.79,170.86,3070304.0
2025-06-30,170.61,172.66,170.09,172.25,2524987.0
2025-07-01,172.25,179.12,171.32,177.67,3218381.0
2025-07-02,178.0,178.08,175.59,177.27,3277460.0
2025-07-03,178.18,178.3,175.93,176.16,1057606.0
2025-07-07,176.28,177.79,172.34,172.95,2499600.0
2025-07-08,172.8,175.65,172.5,174.63,1908133.0
2025-07-09,175.0,175.63,173.02,175.5,2208348.0
2025-07-10,175.59,179.76,174.63,177.5,3014067.0
2025-07-11,175.55,176.49,173.87,175.97,2428738.0
2025-07-14,174.96,177.3,172.57,177.09,6386653.0
2025-07-15,176.03,180.67,176.03,178.31,6013579.0
2025-07-16,178.31,179.11,175.96,178.27,4159484.0
2025-07-17,178.27,181.04,177.1,180.9,3946208.0
2025-07-18,181.5,181.6,177.96,178.85,3470597.0
2025-07-21,178.84,179.58,175.31,175.33,3133917.0
2025-07-22,176.0,181.63,176.0,181.28,1892029.0
2025-07-23,183.6,184.38,180.14,182.58,2623773.0
2025-07-24,182.28,185.35,181.33,183.63,1801451.0
2025-07-25,184.35,185.92,183.42,185.32,1875856.0
2025-07-28,185.78,185.78,182.82,182.94,1850212.0
2025-07-29,182.63,183.53,181.68,182.38,1500792.0
2025-07-30,182.94,182.94,180.33,181.54,1846758.0
2025-07-31,180.5,182.26,178.25,178.25,3733891.0
2025-08-01,177.37,177.45,174.49,176.37,4688991.0
2025-08-04,176.3,179.53,176.3,178.9,2049626.0
2025-08-05,178.9,179.68,176.11,176.89,2859465.0
2025-08-06,176.88,177.39,172.2,172.41,4225336.0
2025-08-07,187.5,190.12,184.21,187.68,4838103.0
2025-08-08,186.87,193.88,186.87,193.5,3955405.0
2025-08-11,193.25,194.41,190.51,192.5,2770580.0
2025-08-12,193.5,194.99,192.39,194.96,3171305.0
2025-08-13,195.21,196.27,193.94,195.96,2671775.0
2025-08-14,195.35,195.57,193.4,195.0,2284276.0
2025-08-15,196.59,196.99,194.64,195.94,2616851.0
2025-08-18,195.82,197.42,194.96,195.0,1763400.0
2025-08-19,194.82,198.26,194.27,198.03,1902176.0
2025-08-20,198.06,200.22,197.46,199.2,2493478.0
2025-08-21,198.46,198.85,196.37,196.63,1304292.0
2025-08-22,197.99,200.21,197.24,199.66,1619789.0
2025-08-25,199.3,199.48,194.03,194.65,1227457.0
2025-08-26,194.08,195.23,193.5,194.07,2245160.0
2025-08-27,193.64,195.65,193.64,195.4,1330696.0
2025-08-28,195.3,195.3,190.74,191.25,1793876.0
2025-08-29,191.3,193.04,191.0,192.98,1329462.0
2025-09-02,192.74,193.99,188.03,188.15,1630532.0
2025-09-03,184.89,189.62,183.73,189.61,3623454.0
2025-09-04,189.13,191.6,187.32,191.26,1279823.0
2025-09-05,191.0,192.98,190.83,192.39,1244196.0
2025-09-08,190.98,191.89,187.81,191.58,2601764.0
2025-09-09,191.08,192.31,190.18,190.49,1508558.0
2025-09-10,189.25,189.96,186.96,188.43,1865749.0
2025-09-11,188.91,191.32,188.15,190.56,1567423.0
2025-09-12,189.9,189.9,186.84,186.84,1118116.0
2025-09-15,187.14,188.98,185.49,185.74,1334801.0
2025-09-16,185.5,188.04,185.16,186.21,1211488.0
2025-09-17,186.81,190.02,186.71,187.57,1060910.0
2025-09-18,187.81,189.04,187.04,188.37,1123254.0
2025-09-19,188.17,188.85,185.6,187.04,2750943.0
2025-09-22,186.3,187.28,184.85,186.55,1227725.0
2025-09-23,186.65,188.15,185.81,186.52,1256335.0
2025-09-24,185.81,187.21,185.02,186.05,1037427.0
2025-09-25,185.16,185.6,178.11,180.59,1873163.0
2025-09-26,181.03,184.71,180.81,184.6,1265908.0
2025-09-29,184.6,184.6,182.51,184.0,1348680.0
2025-09-30,183.9,187.24,182.95,187.17,1604038.0
2025-10-01,187.75,191.64,186.42,190.94,2351529.0
2025-10-02,189.67,191.68,188.95,191.6,1273622.0
2025-10-03,191.77,195.33,191.45,193.61,977141.0
2025-10-06,194.3,194.3,190.7,191.99,1093114.0
2025-10-07,192.55,193.62,191.51,192.53,831328.0
2025-10-08,192.51,194.1,191.86,193.93,1111883.0
2025-10-09,194.13,194.68,188.05,189.08,1231653.0
2025-10-10,189.4,190.03,186.11,186.56,1079395.0
2025-10-13,186.88,189.25,186.0,186.66,852842.0
2025-10-14,185.5,188.79,185.5,188.36,1180110.0
2025-10-15,188.0,189.57,185.97,186.77,1144592.0
2025-10-16,182.81,185.37,178.91,185.27,3423499.0
2025-10-17,185.29,189.52,184.54,189.1,1943761.0
2025-10-20,189.28,193.43,189.28,191.0,1734425.0
2025-10-21,192.04,192.66,187.57,189.03,2280150.0
2025-10-22,188.78,190.16,187.38,188.11,2158778.0
2025-10-23,188.58,188.91,185.85,186.53,1679342.0
2025-10-24,187.93,188.52,185.71,185.83,1540369.0
2025-10-27,186.01,187.6,185.02,187.04,2561335.0
2025-10-28,186.74,187.1,184.16,184.21,1330929.0
2025-10-29,183.32,183.32,181.08,181.52,1610537.0
2025-10-30,181.02,181.8,178.79,179.38,2722551.0
2025-10-31,178.27,179.31,175.6,178.71,2692202.0
2025-11-03,178.58,178.58,175.04,177.3,3444485.0
2025-11-04,177.1,180.19,175.0,179.04,3330879.0
2025-11-05,177.59,178.55,174.14,176.39,4418567.0
2025-11-06,164.5,177.64,162.29,177.39,6595432.0
2025-11-07,176.96,179.06,174.71,177.84,3068585.0
2025-11-10,176.82,182.0,175.93,181.64,2479963.0
2025-11-11,182.64,189.07,182.38,189.02,2983866.0
2025-11-12,189.99,192.61,189.06,192.12,2845150.0
2025-11-13,191.69,195.74,191.11,193.04,3976382.0
2025-11-14,193.04,194.5,191.76,193.04,3347124.0
2025-11-17,192.25,195.28,190.17,190.98,3027674.0
2025-11-18,191.21,194.14,189.76,192.33,2106335.0
2025-11-19,192.3,193.25,188.51,191.22,1642618.0
2025-11-20,189.39,192.04,188.04,189.58,2588774.0
2025-11-21,189.92,196.36,189.63,192.72,3000610.0
2025-11-24,192.87,193.56,190.78,190.96,2100213.0
2025-11-25,191.97,195.56,191.21,195.49,2016294.0
2025-11-26,195.08,195.78,193.33,193.9,1243803.0
2025-11-28,193.58,194.74,193.1,194.02,592843.0
2025-12-01,193.36,194.77,191.47,191.82,1931462.0
2025-12-02,192.61,192.61,189.44,190.47,1539240.0
2025-12-03,191.35,193.72,190.71,193.57,1161461.0
2025-12-04,193.82,194.1,192.09,193.76,1253148.0
2025-12-05,193.71,196.12,193.68,193.96,1784746.0
2025-12-08,192.0,193.15,189.43,189.5,1740474.0
2025-12-09,189.9,191.32,188.52,188.82,1493782.0
2025-12-10,189.43,199.69,188.85,198.4,2788415.0
2025-12-11,199.0,200.51,197.89,200.43,1652604.0
2025-12-12,200.55,202.75,198.4,200.89,2473931.0
2025-12-15,201.19,202.44,198.51,200.09,3711236.0
2025-12-16,200.22,200.81,195.12,196.39,2378757.0
2025-12-17,196.03,198.48,194.96,195.36,3310256.0
2025-12-18,195.1,196.98,194.27,194.7,3319352.0
2025-12-19,194.3,196.8,194.09,195.59,4982978.0
2025-12-22,196.08,198.1,195.88,196.74,1512125.0
2025-12-23,196.36,196.36,194.82,195.67,1040380.0
2025-12-24,196.0,196.71,195.25,196.12,428229.0
2025-12-26,196.08,197.24,194.87,196.33,1016225.0
2025-12-29,196.21,196.49,194.56,195.16,1212272.0
2025-12-30,194.81,196.18,194.56,195.64,765997.0
2025-12-31,195.53,196.04,194.04,194.07,786101.0
2026-01-02,194.29,195.79,192.48,194.94,1363817.0
2026-01-05,193.87,200.79,193.6,198.96,2313333.0
2026-01-06,198.27,206.12,198.18,205.36,2043116.0
2026-01-07,205.4,206.87,202.02,202.71,2052905.0
2026-01-08,201.29,206.99,201.29,205.18,1430092.0
2026-01-09,205.97,206.37,201.4,202.75,1321253.0
2026-01-12,202.2,203.57,201.35,202.74,1381355.0
2026-01-13,202.66,203.65,198.44,201.52,1158393.0
2026-01-14,201.81,207.64,200.81,207.42,1442810.0
2026-01-15,206.54,209.27,205.57,208.35,2170974.0
2026-01-16,207.41,209.12,206.65,207.11,1590430.0
2026-01-20,205.2,206.34,203.13,203.39,1572618.0
2026-01-21,205.07,207.54,204.12,206.18,1742618.0
2026-01-22,206.05,207.6,204.28,206.04,2023062.0
2026-01-23,205.5,205.52,195.63,201.79,3433280.0
2026-01-26,202.73,205.49,202.25,203.42,1238026.0
2026-01-27,202.99,205.18,201.18,203.4,1884869.0
2026-01-28,204.05,208.0,200.38,201.92,1691188.0
2026-01-29,200.46,202.06,199.0,201.09,1456546.0
2026-01-30,201.74,204.05,200.11,203.48,2767378.0
2026-02-02,203.0,203.61,201.19,201.91,1946125.0
2026-02-03,202.69,208.63,201.91,206.5,2887205.0
2026-02-04,207.1,213.08,205.65,207.87,3137758.0
2026-02-05,208.71,209.99,205.87,206.51,2888221.0
2026-02-06,206.76,210.7,204.9,210.02,2243673.0
2026-02-09,204.0,211.47,200.37,207.39,3676428.0
2026-02-10,165.89,172.57,164.41,171.68,4604633.0
2026-02-11,170.67,182.0,170.67,180.62,5938627.0
2026-02-12,180.87,182.74,176.63,177.81,8302802.0
2026-02-13,178.48,180.23,175.72,175.89,3167457.0
2026-02-17,176.16,178.43,175.51,177.38,2085605.0
2026-02-18,177.39,182.88,177.03,182.68,2696164.0
2026-02-19,182.16,183.04,180.74,182.47,1985054.0
2026-02-20,181.79,185.5,181.59,185.39,2740025.0
2026-02-23,184.75,186.3,182.13,184.34,3261835.0
2026-02-24,185.0,187.35,182.32,182.49,2986910.0
2026-02-25,183.0,183.73,179.35,180.96,2506123.0
2026-02-26,181.84,182.27,175.92,176.66,3326929.0
2026-02-27,175.32,178.01,174.03,176.48,4624940.0
2026-03-02,174.08,176.8,172.24,176.54,2124353.0
2026-03-03,173.23,174.99,171.57,174.21,2109598.0
2026-03-04,174.55,174.8,170.85,171.49,2137404.0
2026-03-05,169.55,170.11,167.82,169.94,2856548.0
2026-03-06,168.26,169.42,164.32,167.12,2651198.0
2026-03-09,165.0,167.05,161.75,165.46,2765223.0
2026-03-10,164.47,166.35,163.3,163.88,2528555.0
2026-03-11,163.56,164.1,160.3,163.17,4098439.0
2026-03-12,161.9,163.14,158.2,159.63,2885613.0
2026-03-13,161.37,162.41,158.93,159.36,2559936.0
2026-03-16,159.66,161.66,159.41,160.27,2187394.0
2026-03-17,161.6,163.44,161.24,161.64,2196496.0
2026-03-18,159.84,160.03,156.35,158.08,2083338.0
2026-03-19,157.51,159.11,156.45,156.53,2424163.0
2026-03-20,156.46,158.11,153.74,154.13,3723722.0
2026-03-23,156.68,158.1,155.41,156.23,2284888.0
2026-03-24,154.67,157.04,154.09,155.92,2220109.0
2026-03-25,157.47,158.79,155.02,158.27,1853284.0
2026-03-26,156.83,160.19,156.31,157.38,2370009.0
2026-03-27,158.15,158.15,154.38,154.51,2032057.0
2026-03-30,154.68,155.26,153.18,154.69,1855940.0
2026-03-31,156.75,157.93,154.01,157.23,1949161.0
2026-04-01,157.7,158.96,155.82,156.34,2459505.0
2026-04-02,154.56,157.57,153.25,154.51,2368150.0
2026-04-06,153.59,155.94,152.99,155.32,1875908.0
2026-04-07,155.46,155.74,154.01,154.96,1807136.0
2026-04-08,157.94,159.23,156.16,157.09,2629304.0
2026-04-09,155.1,157.18,154.87,155.46,2709914.0
2026-04-10,155.4,155.92,153.05,154.22,2051884.0
2026-04-13,153.93,155.55,152.79,155.43,3061268.0
2026-04-14,155.02,156.18,154.4,155.73,2889714.0
2026-04-15,155.27,157.04,154.55,155.52,2660140.0
2026-04-16,155.35,155.77,153.01,154.82,4071481.0
2026-04-17,155.41,159.95,155.19,158.54,3591699.0
2026-04-20,157.65,159.07,157.02,158.64,3302546.0
2026-04-21,159.6,159.61,156.69,156.69,3214263.0
2026-04-22,157.34,157.65,154.65,155.65,2690797.0
2026-04-23,155.91,156.75,153.46,154.85,2846638.0
2026-04-24,154.99,155.38,152.06,152.14,2008780.0
2026-04-27,152.0,153.5,149.87,150.22,2681315.0
2026-04-28,150.84,151.85,147.85,149.52,3111453.0
2026-04-29,148.3,148.58,144.51,145.31,3104225.0
2026-04-30,146.13,149.31,145.45,149.04,3597577.0
2026-05-01,149.4,150.19,147.19,149.31,2472376.0
2026-05-04,148.4,150.49,146.19,146.31,2454063.0
2026-05-05,147.0,147.44,143.0,144.17,3533219.0
2026-05-06,144.5,146.4,144.3,144.76,3421356.0
2026-05-07,151.0,154.45,149.27,153.26,6340804.0
2026-05-08,154.25,155.28,146.49,149.43,4481840.0
2026-05-11,148.71,149.63,142.96,143.15,3588517.0
2026-05-12,144.85,148.75,144.17,147.51,3465308.0
2026-05-13,146.59,146.59,142.83,144.18,3830150.0
2026-05-14,145.19,146.24,143.64,144.47,2777957.0
2026-05-15,144.83,145.5,142.02,143.47,4277333.0
2026-05-18,143.95,145.58,142.01,142.35,3814083.0
2026-05-19,142.0,148.21,141.82,146.95,4219451.0
2026-05-20,147.66,148.88,144.63,146.95,2479087.0
2026-05-21,145.16,147.03,142.67,146.25,1986167.0
2026-05-22,146.68,148.25,145.64,147.63,1291274.0
2026-05-26,147.63,149.3,146.25,147.75,3243491.0
2026-05-27,147.6,150.74,146.12,147.24,2878162.0
2026-05-28,146.2,148.46,143.96,148.41,3214461.0
2026-05-29,148.26,149.23,146.64,147.12,3728409.0
2026-06-01,146.15,147.92,145.13,145.33,2387010.0
2026-06-02,145.0,146.02,143.13,144.43,2693014.0
2026-06-03,144.46,146.71,144.21,145.61,1609092.0
2026-06-04,148.88,151.67,148.11,149.56,2241643.0
2026-06-05,151.81,153.24,150.7,151.16,2077423.0
2026-06-08,150.05,151.02,149.04,149.99,1925468.0
2026-06-09,149.72,152.55,148.7,152.04,2214894.0
2026-06-10,151.48,151.62,147.74,147.79,1747849.0
2026-06-11,147.33,148.09,145.9,147.35,1639932.0
2026-06-12,147.94,149.0,144.4,146.24,1966413.0
2026-06-15,146.6,147.94,145.44,145.52,1760184.0
2026-06-16,146.57,146.89,144.26,145.16,1509925.0
2026-06-17,144.5,145.6,140.63,141.61,2921193.0
2026-06-18,142.02,144.7,141.74,143.98,6231895.0
2026-06-22,142.44,143.43,140.11,140.71,3642623.0
2026-06-23,142.55,145.59,141.25,143.92,2908125.0
2026-06-24,145.66,149.2,144.61,147.77,2292392.0
2026-06-25,148.42,152.83,147.2,151.38,2548942.0
2026-06-26,152.8,156.89,151.63,155.92,12180672.0
2026-06-29,154.73,155.25,152.97,155.19,2396586.0
2026-06-30,155.02,155.11,149.69,151.33,2109070.0
2026-07-01,151.76,154.04,151.56,152.9,2131644.0
2026-07-02,154.94,158.72,153.93,158.08,2040521.0
2026-07-06,157.95,158.01,154.32,155.54,1485576.0
2026-07-07,158.0,159.49,156.26,156.3,1757578.0
2026-07-08,155.5,156.29,150.35,150.56,2287619.0
2026-07-09,149.82,151.72,148.23,150.85,1788618.0
2026-07-10,150.72,152.9,150.15,151.94,1048169.0
2026-07-13,152.56,154.93,152.0,153.83,1403825.0
2026-07-14,152.5,152.5,148.34,150.65,1908089.0
2026-07-15,150.41,156.87,150.38,154.88,1992797.0
2026-07-16,156.83,160.18,156.14,159.93,1683115.0
2026-07-17,158.84,163.14,157.02,158.17,2108790.0
2026-07-20,157.76,158.27,154.31,154.48,1730127.0
2026-07-21,152.56,154.2,151.97,153.84,1332504.0
2026-07-22,154.87,155.33,152.53,153.16,1162411.0
2026-07-23,153.77,154.28,152.13,152.97,1607854.0
2026-07-24,154.0,156.8,153.32,156.36,1115713.0
2026-07-27,156.96,160.55,156.96,158.92,1341829.0
2026-07-28,162.0,168.21,161.62,166.34,2693295.0
2026-07-29,166.07,169.1,165.01,168.4,2126594.0
2026-07-30,165.91,168.16,164.43,165.45,2041037.0
2026-07-31,163.8,166.29,162.45,165.62,2025129.0
2026-08-03,167.75,171.21,167.15,170.21,1726942.0
2026-08-04,168.0,170.76,166.8,170.12,2104791.0
2026-08-05,169.73,170.91,168.01,170.66,2537955.0
2026-08-06,175.88,179.4,172.76,177.07,3296115.0
2026-08-07,175.26,177.54,173.29,176.86,1851937.0
2026-08-10,176.49,179.79,175.63,179.63,1765858.0
2026-08-11,178.35,181.79,178.35,181.41,1515551.0
2026-08-12,177.61,183.75,177.13,183.58,1551514.0
2026-08-13,184.75,185.32,181.41,181.97,2155337.0
2026-08-14,182.3,183.82,181.22,183.4,1008999.0
2026-08-17,181.89,183.46,181.62,182.09,1300681.0
2026-08-18,184.05,185.8,180.72,180.77,1616420.0
2026-08-19,182.48,187.96,181.52,187.6,2164452.0
2026-08-20,187.11,190.01,185.36,187.62,1972636.0
2026-08-21,188.02,192.29,186.95,192.0,2524366.0
2026-08-24,191.73,193.07,190.35,190.74,1310991.0
2026-08-25,189.31,190.07,187.03,189.78,1207510.0
2026-08-26,188.49,191.52,188.02,190.21,1403099.0
2026-08-27,189.29,190.41,187.73,188.13,1353626.0
2026-08-28,189.1,190.32,187.54,189.52,1693780.0
2026-08-31,187.88,188.97,186.62,188.11,2629615.0
2026-09-01,190.3,191.57,186.48,187.12,1279736.0
2026-09-02,187.43,191.76,187.43,187.52,1474458.0
2026-09-03,188.97,189.47,184.91,187.62,1206505.0
2026-09-04,185.42,187.13,184.05,184.74,1439096.0
2026-09-08,181.75,182.2,178.47,179.1,1804181.0
2026-09-09,177.15,182.1,176.55,179.8,1529001.0
2026-09-10,178.94,178.94,175.67,176.42,1704923.0
2026-09-11,177.34,178.0,175.295,177.85,1820433.0
