date,open,high,low,close,volume
2005-08-11,3.25,3.31,3.2,3.24,76671500.0
2005-08-12,3.25,3.6,3.25,3.59,29113500.0
2005-08-15,3.55,3.57,3.45,3.46,10596500.0
2005-08-16,3.38,3.46,3.38,3.43,5141000.0
2005-08-17,3.43,3.44,3.36,3.37,6423500.0
2005-08-18,3.39,3.4,3.25,3.27,12727000.0
2005-08-19,3.3,3.34,3.25,3.32,3029500.0
2005-08-22,3.33,3.4,3.28,3.4,2909500.0
2005-08-23,3.5,3.59,3.46,3.51,13466000.0
2005-08-24,3.5,3.55,3.47,3.5,3083000.0
2005-08-25,3.54,3.55,3.48,3.49,4667000.0
2005-08-26,3.51,3.52,3.48,3.49,2704000.0
2005-08-29,3.38,3.44,3.37,3.4,5458000.0
2005-08-30,3.42,3.48,3.39,3.41,2581000.0
2005-08-31,3.41,3.41,3.32,3.36,3004500.0
2005-09-01,3.37,3.37,3.11,3.25,12468500.0
2005-09-02,3.28,3.32,3.2,3.21,5748500.0
2005-09-06,3.24,3.29,3.23,3.28,2726500.0
2005-09-07,3.28,3.29,3.2,3.24,3643500.0
2005-09-08,3.25,3.3,3.25,3.26,2558500.0
2005-09-09,3.31,3.32,3.28,3.31,2468500.0
2005-09-12,3.29,3.3,3.2,3.22,3300500.0
2005-09-13,3.22,3.22,3.14,3.18,3798500.0
2005-09-14,3.15,3.17,3.13,3.14,2055500.0
2005-09-15,3.15,3.16,3.01,3.02,6004000.0
2005-09-16,3.01,3.07,2.91,3.06,9555000.0
2005-09-19,3.05,3.19,3.04,3.1,5559000.0
2005-09-20,3.1,3.21,3.09,3.16,4178000.0
2005-09-21,3.14,3.14,2.94,3.0,8313500.0
2005-09-22,3.0,3.01,2.9,2.9,7184000.0
2005-09-23,2.9,3.14,2.9,3.12,4830500.0
2005-09-26,3.12,3.16,3.05,3.1,7826500.0
2005-09-27,3.09,3.11,3.07,3.09,4505000.0
2005-09-28,3.08,3.08,3.0,3.03,3055000.0
2005-09-29,3.04,3.1,2.96,3.0,6141000.0
2005-09-30,3.01,3.02,2.93,2.96,12109000.0
2005-10-03,2.97,2.97,2.87,2.9,4279000.0
2005-10-04,2.89,2.9,2.81,2.81,2002000.0
2005-10-05,2.8,2.8,2.57,2.63,10826000.0
2005-10-06,2.64,2.7,2.62,2.68,4121000.0
2005-10-07,2.76,2.76,2.69,2.7,2174500.0
2005-10-10,2.71,2.73,2.49,2.51,2443000.0
2005-10-11,2.53,2.53,2.4,2.43,3256500.0
2005-10-12,2.42,2.44,2.36,2.39,2545500.0
2005-10-13,2.39,2.39,2.24,2.26,3555000.0
2005-10-14,2.27,2.5,2.26,2.47,7229500.0
2005-10-17,2.47,2.48,2.42,2.44,3007000.0
2005-10-18,2.44,2.44,2.39,2.4,2575000.0
2005-10-19,2.42,2.45,2.39,2.43,5052000.0
2005-10-20,2.44,2.62,2.44,2.56,7568500.0
2005-10-21,2.57,2.61,2.55,2.59,4029500.0
2005-10-24,2.59,2.64,2.59,2.63,2160000.0
2005-10-25,2.65,2.68,2.62,2.64,2629500.0
2005-10-26,2.63,2.67,2.59,2.62,2839500.0
2005-10-27,2.61,2.64,2.59,2.6,810000.0
2005-10-28,2.64,2.69,2.64,2.67,1664500.0
2005-10-31,2.7,2.8,2.7,2.76,3915000.0
2005-11-01,2.83,2.85,2.71,2.72,2830000.0
2005-11-02,2.72,2.75,2.65,2.71,3455000.0
2005-11-03,2.68,2.7,2.64,2.66,1815000.0
2005-11-04,2.66,2.76,2.64,2.68,2600500.0
2005-11-07,2.68,2.76,2.67,2.71,1783500.0
2005-11-08,2.69,2.71,2.66,2.7,1599500.0
2005-11-09,2.71,2.76,2.69,2.71,2294000.0
2005-11-10,2.72,2.88,2.66,2.75,4019000.0
2005-11-11,2.76,2.83,2.76,2.81,1347500.0
2005-11-14,2.8,2.84,2.78,2.81,1282500.0
2005-11-15,2.83,3.01,2.81,2.95,7032000.0
2005-11-16,3.02,3.1,3.0,3.03,4794000.0
2005-11-17,3.05,3.18,3.02,3.16,8077500.0
2005-11-18,3.16,3.16,3.03,3.12,3764000.0
2005-11-21,3.18,3.19,3.13,3.16,4266000.0
2005-11-22,3.16,3.18,3.1,3.15,1920000.0
2005-11-23,3.15,3.15,3.09,3.1,1068000.0
2005-11-25,3.11,3.13,3.11,3.12,154000.0
2005-11-28,3.13,3.14,3.07,3.1,1477000.0
2005-11-29,3.12,3.12,3.09,3.1,792000.0
2005-11-30,3.1,3.12,3.08,3.09,1513500.0
2005-12-01,3.08,3.1,3.02,3.05,3586000.0
2005-12-02,3.05,3.11,3.03,3.11,3127500.0
2005-12-05,3.09,3.16,3.06,3.13,3232000.0
2005-12-06,3.15,3.17,3.13,3.16,1503000.0
2005-12-07,3.17,3.2,3.12,3.12,1762000.0
2005-12-08,3.12,3.12,3.02,3.02,5745000.0
2005-12-09,3.04,3.06,2.98,3.03,5531500.0
2005-12-12,3.04,3.07,3.01,3.02,2333500.0
2005-12-13,3.02,3.05,2.95,2.98,3260500.0
2005-12-14,2.97,2.99,2.94,2.96,1973500.0
2005-12-15,2.95,3.0,2.92,2.99,1495500.0
2005-12-16,3.02,3.04,3.0,3.02,3498000.0
2005-12-19,3.02,3.06,2.96,3.05,2893500.0
2005-12-20,2.96,3.01,2.93,2.99,3497000.0
2005-12-21,3.0,3.0,2.92,2.95,1900500.0
2005-12-22,2.95,3.07,2.95,3.07,2252000.0
2005-12-23,3.03,3.08,3.03,3.05,1622000.0
2005-12-27,3.06,3.1,3.05,3.06,2007500.0
2005-12-28,3.06,3.06,2.99,3.05,4846500.0
2005-12-29,3.06,3.09,3.05,3.07,1294000.0
2005-12-30,3.07,3.09,3.04,3.05,741000.0
2006-01-03,3.05,3.08,3.02,3.06,2273000.0
2006-01-04,3.06,3.14,3.06,3.11,2567500.0
2006-01-05,3.12,3.25,3.11,3.23,5253000.0
2006-01-06,3.22,3.22,3.16,3.2,5087000.0
2006-01-09,3.2,3.32,3.2,3.28,3454500.0
2006-01-10,3.25,3.3,3.22,3.29,2359500.0
2006-01-11,3.29,3.29,3.24,3.26,2560500.0
2006-01-12,3.25,3.32,3.23,3.26,2819000.0
2006-01-13,3.26,3.28,3.25,3.27,1849500.0
2006-01-17,3.24,3.27,3.17,3.26,2442500.0
2006-01-18,3.24,3.32,3.21,3.32,1538500.0
2006-01-19,3.32,3.32,3.27,3.31,1172500.0
2006-01-20,3.31,3.32,3.18,3.19,1944000.0
2006-01-23,3.19,3.28,3.19,3.25,1171000.0
2006-01-24,3.25,3.32,3.24,3.3,3657000.0
2006-01-25,3.3,3.31,3.22,3.26,11327500.0
2006-01-26,3.27,3.37,3.27,3.35,2149500.0
2006-01-27,3.35,3.42,3.34,3.4,1289500.0
2006-01-30,3.4,3.45,3.35,3.38,1613500.0
2006-01-31,3.38,3.42,3.37,3.4,2094500.0
2006-02-01,3.38,3.38,3.35,3.36,2454500.0
2006-02-02,3.34,3.36,3.27,3.3,7376500.0
2006-02-03,3.3,3.38,3.28,3.38,2558500.0
2006-02-06,3.38,3.42,3.37,3.42,2714000.0
2006-02-07,3.42,3.42,3.38,3.39,2797000.0
2006-02-08,3.39,3.46,3.37,3.45,2350000.0
2006-02-09,3.45,3.56,3.44,3.5,1597500.0
2006-02-10,3.5,3.52,3.47,3.47,2953000.0
2006-02-13,3.47,3.47,3.41,3.41,1087500.0
2006-02-14,3.4,3.48,3.36,3.48,1291000.0
2006-02-15,3.47,3.52,3.42,3.5,956000.0
2006-02-16,3.49,3.52,3.45,3.47,1903500.0
2006-02-17,3.49,3.51,3.44,3.46,1560000.0
2006-02-21,3.46,3.46,3.37,3.41,2890000.0
2006-02-22,3.42,3.55,3.41,3.54,2074000.0
2006-02-23,3.53,3.58,3.5,3.57,906000.0
2006-02-24,3.38,3.84,3.38,3.69,4643000.0
2006-02-27,3.68,3.68,3.49,3.59,3970000.0
2006-02-28,3.58,3.59,3.5,3.52,1864000.0
2006-03-01,3.53,3.59,3.49,3.55,2943000.0
2006-03-02,3.56,3.6,3.47,3.48,4221000.0
2006-03-03,3.47,3.48,3.44,3.46,5298500.0
2006-03-06,3.44,3.45,3.35,3.4,2579500.0
2006-03-07,3.38,3.4,3.37,3.39,1487000.0
2006-03-08,3.38,3.39,3.35,3.38,1639000.0
2006-03-09,3.38,3.39,3.34,3.34,563500.0
2006-03-10,3.34,3.39,3.33,3.37,2066000.0
2006-03-13,3.38,3.38,3.34,3.36,1571000.0
2006-03-14,3.35,3.38,3.34,3.37,1970000.0
2006-03-15,3.37,3.4,3.33,3.34,2505500.0
2006-03-16,3.35,3.36,3.3,3.32,1293000.0
2006-03-17,3.33,3.38,3.33,3.37,3243000.0
2006-03-20,3.37,3.37,3.32,3.34,1892500.0
2006-03-21,3.34,3.34,3.23,3.26,1888000.0
2006-03-22,3.25,3.37,3.24,3.36,1547000.0
2006-03-23,3.36,3.41,3.34,3.37,806000.0
2006-03-24,3.38,3.41,3.35,3.4,978500.0
2006-03-27,3.4,3.41,3.37,3.37,414500.0
2006-03-28,3.36,3.36,3.3,3.31,2245000.0
2006-03-29,3.32,3.38,3.31,3.34,960000.0
2006-03-30,3.33,3.41,3.33,3.39,958000.0
2006-03-31,3.38,3.4,3.32,3.4,1156500.0
2006-04-03,3.4,3.44,3.4,3.41,1725500.0
2006-04-04,3.41,3.43,3.36,3.36,1048500.0
2006-04-05,3.37,3.41,3.26,3.38,1519000.0
2006-04-06,3.37,3.41,3.32,3.4,1093500.0
2006-04-07,3.4,3.4,3.28,3.37,767000.0
2006-04-10,3.37,3.4,3.3,3.3,661000.0
2006-04-11,3.31,3.33,3.23,3.23,940000.0
2006-04-12,3.22,3.35,3.22,3.31,1701000.0
2006-04-13,3.29,3.35,3.28,3.32,892500.0
2006-04-17,3.32,3.37,3.28,3.28,1075500.0
2006-04-18,3.28,3.4,3.27,3.4,2208000.0
2006-04-19,3.4,3.51,3.37,3.47,1862000.0
2006-04-20,3.48,3.6,3.48,3.58,1691000.0
2006-04-21,3.61,3.63,3.45,3.55,7823500.0
2006-04-24,3.55,3.56,3.46,3.48,1505500.0
2006-04-25,3.48,3.56,3.45,3.56,1388500.0
2006-04-26,3.58,3.67,3.52,3.54,1692500.0
2006-04-27,3.52,3.59,3.49,3.54,1275500.0
2006-04-28,3.5,3.5,3.32,3.46,3941500.0
2006-05-01,3.4,3.57,3.37,3.54,2382500.0
2006-05-02,3.59,3.75,3.58,3.75,4408000.0
2006-05-03,3.74,3.74,3.64,3.67,3149000.0
2006-05-04,3.67,3.67,3.57,3.58,2255500.0
2006-05-05,3.58,3.61,3.53,3.59,1963000.0
2006-05-08,3.59,3.59,3.49,3.52,1486500.0
2006-05-09,3.52,3.54,3.5,3.5,1416500.0
2006-05-10,3.5,3.6,3.46,3.5,2660000.0
2006-05-11,3.49,3.56,3.41,3.41,1813000.0
2006-05-12,3.41,3.43,3.35,3.37,1245500.0
2006-05-15,3.34,3.39,3.32,3.34,1129500.0
2006-05-16,3.34,3.51,3.33,3.46,2124500.0
2006-05-17,3.46,3.51,3.34,3.37,3121500.0
2006-05-18,3.39,3.47,3.34,3.39,1314500.0
2006-05-19,3.39,3.47,3.36,3.4,3128000.0
2006-05-22,3.37,3.48,3.23,3.31,7404500.0
2006-05-23,3.35,3.43,3.25,3.28,2404500.0
2006-05-24,3.27,3.32,3.22,3.3,3430500.0
2006-05-25,3.35,3.47,3.32,3.39,2160500.0
2006-05-26,3.42,3.46,3.35,3.43,2737500.0
2006-05-30,3.43,3.47,3.31,3.35,1526500.0
2006-05-31,3.37,3.44,3.3,3.42,3197000.0
2006-06-01,3.42,3.42,3.3,3.33,1909500.0
2006-06-02,3.36,3.37,3.26,3.28,2036000.0
2006-06-05,3.26,3.26,3.2,3.2,1756500.0
2006-06-06,3.2,3.25,3.11,3.14,1874000.0
2006-06-07,3.14,3.19,3.06,3.14,2106000.0
2006-06-08,3.12,3.12,3.0,3.06,2604000.0
2006-06-09,3.06,3.07,2.96,2.98,2787500.0
2006-06-12,2.98,2.98,2.83,2.84,2690000.0
2006-06-13,2.81,2.83,2.64,2.7,7450000.0
2006-06-14,2.68,2.84,2.68,2.82,4068000.0
2006-06-15,2.85,2.93,2.83,2.88,4515000.0
2006-06-16,2.88,2.89,2.83,2.85,4185500.0
2006-06-19,2.86,2.86,2.75,2.77,1352000.0
2006-06-20,2.75,2.75,2.69,2.75,3152500.0
2006-06-21,2.74,2.81,2.73,2.78,1470500.0
2006-06-22,2.78,2.78,2.7,2.72,2478500.0
2006-06-23,2.71,2.84,2.68,2.83,1949000.0
2006-06-26,2.85,2.85,2.8,2.8,1196500.0
2006-06-27,2.81,2.81,2.7,2.7,1904000.0
2006-06-28,2.72,2.74,2.66,2.68,2147500.0
2006-06-29,2.71,2.89,2.71,2.88,1920500.0
2006-06-30,2.91,2.94,2.83,2.85,6341500.0
2006-07-03,2.81,2.85,2.77,2.81,737000.0
2006-07-05,2.81,2.83,2.75,2.81,1311000.0
2006-07-06,2.82,2.85,2.77,2.8,1026000.0
2006-07-07,2.79,2.79,2.73,2.75,1394000.0
2006-07-10,2.75,2.77,2.73,2.73,1176500.0
2006-07-11,2.72,2.78,2.67,2.76,1637000.0
2006-07-12,2.75,2.86,2.75,2.75,1696000.0
2006-07-13,2.72,2.76,2.67,2.67,1276000.0
2006-07-14,2.68,2.69,2.61,2.64,1326000.0
2006-07-17,2.64,2.66,2.58,2.61,1248500.0
2006-07-18,2.62,2.67,2.6,2.66,1095500.0
2006-07-19,2.67,2.84,2.67,2.83,1852000.0
2006-07-20,2.84,2.85,2.74,2.74,1747000.0
2006-07-21,2.74,2.81,2.71,2.77,3119000.0
2006-07-24,2.77,2.86,2.74,2.86,1791500.0
2006-07-25,2.87,2.97,2.84,2.97,2109500.0
2006-07-26,2.96,2.99,2.87,2.97,1543000.0
2006-07-27,2.99,3.05,2.91,3.02,1927500.0
2006-07-28,3.18,3.2,3.13,3.17,3939000.0
2006-07-31,3.15,3.27,3.1,3.24,3384000.0
2006-08-01,3.24,3.24,3.12,3.16,1699000.0
2006-08-02,3.18,3.18,3.04,3.06,2220500.0
2006-08-03,3.04,3.1,3.02,3.04,1370500.0
2006-08-04,3.11,3.17,3.04,3.08,1243000.0
2006-08-07,3.05,3.08,3.02,3.07,2593500.0
2006-08-08,3.09,3.11,2.98,2.98,1822000.0
2006-08-09,3.02,3.05,3.0,3.01,1462000.0
2006-08-10,2.99,3.04,2.96,2.97,1754500.0
2006-08-11,2.95,3.04,2.9,2.91,1429500.0
2006-08-14,2.93,3.04,2.92,2.99,1387500.0
2006-08-15,3.04,3.1,2.99,3.06,993500.0
2006-08-16,3.1,3.12,3.08,3.09,812000.0
2006-08-17,3.1,3.11,3.07,3.1,857000.0
2006-08-18,3.11,3.12,3.01,3.05,842000.0
2006-08-21,3.04,3.1,3.03,3.09,590500.0
2006-08-22,3.08,3.12,3.05,3.1,1062000.0
2006-08-23,3.12,3.13,3.08,3.1,1155500.0
2006-08-24,3.11,3.13,3.08,3.1,1384500.0
2006-08-25,3.1,3.14,3.07,3.11,532000.0
2006-08-28,3.12,3.22,3.12,3.2,1246000.0
2006-08-29,3.21,3.24,3.13,3.2,846500.0
2006-08-30,3.22,3.24,3.17,3.19,1064000.0
2006-08-31,3.18,3.25,3.16,3.17,1435500.0
2006-09-01,3.2,3.24,3.16,3.18,1119500.0
2006-09-05,3.2,3.32,3.2,3.31,1521500.0
2006-09-06,3.31,3.37,3.3,3.32,2025000.0
2006-09-07,3.29,3.34,3.29,3.3,1298500.0
2006-09-08,3.3,3.33,3.29,3.31,1306500.0
2006-09-11,3.3,3.33,3.27,3.28,2082500.0
2006-09-12,3.28,3.35,3.28,3.34,2312500.0
2006-09-13,3.34,3.4,3.31,3.37,2280500.0
2006-09-14,3.36,3.38,3.32,3.37,2771500.0
2006-09-15,3.39,3.39,3.32,3.34,3330000.0
2006-09-18,3.33,3.39,3.31,3.36,1172500.0
2006-09-19,3.36,3.42,3.33,3.4,3310500.0
2006-09-20,3.41,3.43,3.36,3.39,2954500.0
2006-09-21,3.41,3.41,3.35,3.38,1711000.0
2006-09-22,3.38,3.38,3.31,3.34,1409000.0
2006-09-25,3.33,3.37,3.29,3.32,1187000.0
2006-09-26,3.33,3.41,3.33,3.39,1819500.0
2006-09-27,3.37,3.44,3.35,3.4,1265000.0
2006-09-28,3.41,3.46,3.37,3.46,1762500.0
2006-09-29,3.44,3.45,3.4,3.41,2043500.0
2006-10-02,3.46,3.51,3.44,3.5,4113500.0
2006-10-03,3.48,3.57,3.47,3.5,2504500.0
2006-10-04,3.51,3.54,3.47,3.54,3664000.0
2006-10-05,3.54,3.66,3.54,3.65,5614000.0
2006-10-06,3.65,3.65,3.6,3.64,3330500.0
2006-10-09,3.64,3.69,3.6,3.68,2013000.0
2006-10-10,3.68,3.75,3.67,3.72,4898000.0
2006-10-11,3.72,3.72,3.57,3.64,1732500.0
2006-10-12,3.65,3.84,3.65,3.81,3881000.0
2006-10-13,3.83,3.83,3.75,3.75,1977500.0
2006-10-16,3.74,3.8,3.72,3.79,2952000.0
2006-10-17,3.79,3.8,3.63,3.7,2820000.0
2006-10-18,3.73,3.78,3.72,3.77,2322000.0
2006-10-19,3.77,3.82,3.77,3.8,4306500.0
2006-10-20,3.8,3.8,3.69,3.72,3648000.0
2006-10-23,3.7,3.78,3.68,3.76,2145000.0
2006-10-24,3.75,3.79,3.72,3.76,1744500.0
2006-10-25,3.78,3.88,3.78,3.85,6620000.0
2006-10-26,3.88,3.91,3.85,3.89,3232500.0
2006-10-27,3.89,4.17,3.8,4.0,5276000.0
2006-10-30,4.0,4.05,3.98,4.01,4697500.0
2006-10-31,4.05,4.07,3.95,3.96,1803500.0
2006-11-01,4.1,4.21,3.99,3.99,7737500.0
2006-11-02,3.98,4.13,3.93,4.04,6495500.0
2006-11-03,4.04,4.06,4.0,4.04,2933000.0
2006-11-06,4.06,4.14,4.04,4.13,3994000.0
2006-11-07,4.15,4.19,4.11,4.13,3996500.0
2006-11-08,4.12,4.24,4.1,4.2,2548500.0
2006-11-09,4.21,4.23,4.13,4.14,1729000.0
2006-11-10,4.16,4.36,4.1,4.27,4266000.0
2006-11-13,4.25,4.27,4.19,4.24,1932500.0
2006-11-14,4.26,4.37,4.24,4.33,4026000.0
2006-11-15,4.24,4.35,4.16,4.3,4592000.0
2006-11-16,4.32,4.38,4.31,4.34,1247500.0
2006-11-17,4.34,4.35,4.31,4.34,1823000.0
2006-11-20,4.43,4.55,4.41,4.52,3702000.0
2006-11-21,4.52,4.6,4.5,4.6,2315500.0
2006-11-22,4.59,4.61,4.54,4.56,1246500.0
2006-11-24,4.53,4.57,4.5,4.57,615000.0
2006-11-27,4.55,4.55,4.41,4.43,1609500.0
2006-11-28,4.41,4.45,4.34,4.43,1549000.0
2006-11-29,4.49,4.54,4.46,4.51,1901500.0
2006-11-30,4.52,4.58,4.51,4.55,5455500.0
2006-12-01,4.55,4.55,4.37,4.51,3873500.0
2006-12-04,4.5,4.57,4.5,4.55,3113000.0
2006-12-05,4.57,4.64,4.55,4.63,2876500.0
2006-12-06,4.64,4.68,4.64,4.66,1482500.0
2006-12-07,4.67,4.7,4.63,4.64,2998000.0
2006-12-08,4.64,4.68,4.61,4.67,2918500.0
2006-12-11,4.69,4.8,4.69,4.74,2453500.0
2006-12-12,4.73,4.77,4.69,4.7,1949000.0
2006-12-13,4.74,4.76,4.68,4.72,1775000.0
2006-12-14,4.74,4.79,4.73,4.75,2886000.0
2006-12-15,4.76,4.82,4.74,4.8,3205500.0
2006-12-18,4.79,4.81,4.66,4.72,3313500.0
2006-12-19,4.69,4.79,4.65,4.78,2302000.0
2006-12-20,4.8,4.93,4.8,4.91,4663500.0
2006-12-21,4.91,4.93,4.84,4.9,1396500.0
2006-12-22,4.9,4.99,4.84,4.99,2583000.0
2006-12-26,4.99,5.2,4.95,5.2,3516000.0
2006-12-27,5.23,5.32,5.22,5.28,3396000.0
2006-12-28,5.3,5.32,5.19,5.2,2121000.0
2006-12-29,5.18,5.24,5.11,5.13,1887000.0
2007-01-03,5.18,5.35,5.14,5.29,3847500.0
2007-01-04,5.29,5.38,5.26,5.35,2147000.0
2007-01-05,5.17,5.33,5.17,5.32,2168000.0
2007-01-08,5.32,5.35,5.22,5.28,2545000.0
2007-01-09,5.3,5.42,5.29,5.4,3017500.0
2007-01-10,5.4,5.45,5.39,5.43,3484500.0
2007-01-11,5.44,5.56,5.42,5.54,2695000.0
2007-01-12,5.64,5.86,5.63,5.81,5354500.0
2007-01-16,5.84,5.95,5.84,5.88,4931000.0
2007-01-17,5.88,5.92,5.84,5.88,3700500.0
2007-01-18,5.88,5.9,5.77,5.77,2779000.0
2007-01-19,5.76,5.87,5.74,5.86,3209500.0
2007-01-22,5.86,5.87,5.72,5.73,2494500.0
2007-01-23,5.72,5.86,5.67,5.79,4711500.0
2007-01-24,5.79,5.82,5.56,5.76,2612000.0
2007-01-25,5.76,5.79,5.64,5.66,1836000.0
2007-01-26,5.66,5.78,5.64,5.74,3164000.0
2007-01-29,5.77,6.44,5.73,6.3,10060000.0
2007-01-30,6.31,6.35,6.14,6.15,6355500.0
2007-01-31,6.16,6.26,6.08,6.1,5907000.0
2007-02-01,6.28,6.58,6.28,6.36,5335000.0
2007-02-02,6.4,6.4,6.28,6.31,1697500.0
2007-02-05,6.32,6.42,6.31,6.33,1866000.0
2007-02-06,6.33,6.41,6.2,6.3,3465500.0
2007-02-07,6.3,6.44,6.27,6.42,1866000.0
2007-02-08,6.46,6.5,6.31,6.48,3057000.0
2007-02-09,6.75,6.8,6.48,6.57,5475500.0
2007-02-12,6.61,6.83,6.59,6.67,6464080.0
2007-02-13,6.68,7.1,6.58,6.79,4262725.0
2007-02-14,6.82,6.91,6.78,6.86,3989530.0
2007-02-15,6.87,6.96,6.8,6.92,3981000.0
2007-02-16,6.92,6.98,6.8,6.87,3365000.0
2007-02-20,6.98,7.53,6.91,7.44,8702000.0
2007-02-21,7.45,7.75,7.43,7.69,9029500.0
2007-02-22,7.68,7.92,7.48,7.75,13223000.0
2007-02-23,7.75,8.09,7.72,7.92,10375000.0
2007-02-26,8.02,8.07,7.82,7.91,5270175.0
2007-02-27,7.48,7.68,7.35,7.45,8891500.0
2007-02-28,7.48,7.8,7.25,7.73,6345000.0
2007-03-01,7.63,7.79,7.25,7.6,8317180.0
2007-03-02,7.52,7.69,7.24,7.31,8337000.0
2007-03-05,7.2,7.66,7.0,7.44,7949500.0
2007-03-06,7.57,7.84,7.46,7.74,7747805.0
2007-03-07,7.77,7.95,7.72,7.79,6386000.0
2007-03-08,7.92,8.26,7.92,8.11,6083000.0
2007-03-09,8.21,8.39,8.04,8.16,3704500.0
2007-03-12,8.16,8.46,8.16,8.24,5138000.0
2007-03-13,8.24,8.54,8.03,8.13,8033500.0
2007-03-14,8.14,8.27,7.81,8.14,8086500.0
2007-03-15,8.15,8.29,8.02,8.1,4298930.0
2007-03-16,8.1,8.17,8.01,8.05,6652500.0
2007-03-19,8.13,8.4,8.13,8.34,4151705.0
2007-03-20,8.35,8.54,8.29,8.46,3929500.0
2007-03-21,8.51,8.74,8.5,8.64,5576000.0
2007-03-22,8.71,8.73,8.52,8.59,3689500.0
2007-03-23,8.6,8.62,8.32,8.36,4662630.0
2007-03-26,8.37,8.42,7.86,8.2,8827030.0
2007-03-27,8.18,8.18,7.57,7.69,16275000.0
2007-03-28,7.59,7.72,7.34,7.54,12562000.0
2007-03-29,7.76,7.8,7.53,7.76,7187500.0
2007-03-30,7.94,7.94,7.44,7.71,11734045.0
2007-04-02,7.67,7.81,7.59,7.8,7573500.0
2007-04-03,7.86,8.02,7.77,7.9,7176500.0
2007-04-04,8.0,8.06,7.85,8.03,4082500.0
2007-04-05,8.11,8.3,8.06,8.22,4823000.0
2007-04-09,8.28,8.47,8.24,8.26,6567500.0
2007-04-10,8.02,8.24,7.83,8.13,7651500.0
2007-04-11,8.16,8.4,8.16,8.34,8333500.0
2007-04-12,8.34,8.67,8.25,8.65,10102025.0
2007-04-13,8.86,9.06,8.82,8.86,18173000.0
2007-04-16,9.0,9.07,8.82,8.85,5929250.0
2007-04-17,8.84,8.97,8.78,8.8,5856000.0
2007-04-18,8.8,8.99,8.42,8.91,6286085.0
2007-04-19,8.79,8.83,8.64,8.7,4388500.0
2007-04-20,8.86,8.98,8.72,8.8,2951000.0
2007-04-23,8.8,8.9,8.74,8.84,2278500.0
2007-04-24,8.88,8.93,8.66,8.83,3061000.0
2007-04-25,8.88,8.99,8.77,8.88,3622750.0
2007-04-26,9.12,9.34,8.88,9.14,7929360.0
2007-04-27,8.51,9.33,8.2,8.62,12396500.0
2007-04-30,8.37,8.37,7.9,7.94,17923950.0
2007-05-01,7.94,8.02,7.64,7.7,10794815.0
2007-05-02,7.76,8.1,7.76,8.0,10192555.0
2007-05-03,8.01,8.22,7.92,8.21,7282300.0
2007-05-04,8.19,8.27,7.87,8.05,8303000.0
2007-05-07,8.08,8.3,8.05,8.23,5919500.0
2007-05-08,8.23,8.23,8.01,8.12,4642000.0
2007-05-09,8.11,8.11,7.96,8.05,5352000.0
2007-05-10,8.03,8.19,7.81,7.99,5872365.0
2007-05-11,8.0,8.11,7.97,8.05,5840000.0
2007-05-14,8.07,8.29,8.07,8.16,5044000.0
2007-05-15,8.16,8.4,8.1,8.21,4545995.0
2007-05-16,8.26,8.41,8.18,8.38,3903500.0
2007-05-17,8.34,8.62,8.3,8.45,5665700.0
2007-05-18,8.48,8.52,8.29,8.42,3236000.0
2007-05-21,8.44,8.63,8.43,8.59,3024500.0
2007-05-22,8.6,8.7,8.52,8.59,4742000.0
2007-05-23,8.61,8.62,8.3,8.31,3060080.0
2007-05-24,8.31,8.45,8.11,8.18,5335460.0
2007-05-25,8.22,8.51,8.22,8.48,3310200.0
2007-05-29,8.44,8.6,8.42,8.48,2453000.0
2007-05-30,8.44,8.96,8.32,8.88,7783500.0
2007-05-31,8.94,9.25,8.92,8.95,9295500.0
2007-06-01,9.02,9.3,8.96,9.26,7025000.0
2007-06-04,9.3,9.73,9.29,9.7,7459475.0
2007-06-05,9.63,9.88,9.63,9.77,7526500.0
2007-06-06,9.77,9.83,9.38,9.5,6413150.0
2007-06-07,9.45,9.53,9.17,9.26,5746500.0
2007-06-08,9.31,9.67,9.27,9.57,3823010.0
2007-06-11,9.57,9.88,9.5,9.75,4917500.0
2007-06-12,9.73,10.1,9.61,9.92,10468800.0
2007-06-13,10.08,10.52,9.86,10.43,9699500.0
2007-06-14,10.59,10.8,10.38,10.57,8350515.0
2007-06-15,10.79,11.02,10.78,10.99,7434000.0
2007-06-18,11.07,11.36,11.05,11.15,5045500.0
2007-06-19,11.11,11.5,10.92,11.47,5739500.0
2007-06-20,11.53,11.83,11.32,11.32,8358500.0
2007-06-21,11.38,12.27,11.23,12.11,12492970.0
2007-06-22,12.08,12.3,11.95,12.01,7793550.0
2007-06-25,12.02,12.28,11.66,11.77,7145605.0
2007-06-26,11.92,12.14,11.53,11.7,8268000.0
2007-06-27,11.65,11.65,11.03,11.41,11004500.0
2007-06-28,11.46,12.13,11.46,12.02,7776810.0
2007-06-29,12.18,12.4,11.87,11.98,7621500.0
2007-07-02,12.23,12.52,12.11,12.39,7135250.0
2007-07-03,12.44,12.64,12.41,12.55,4312000.0
2007-07-05,12.55,12.7,12.43,12.5,8020000.0
2007-07-06,12.52,12.64,12.31,12.6,4325500.0
2007-07-09,12.67,12.85,12.4,12.59,5255500.0
2007-07-10,12.22,12.5,12.04,12.15,7770000.0
2007-07-11,12.1,12.48,12.03,12.3,8698500.0
2007-07-12,12.37,12.4,12.03,12.15,7256000.0
2007-07-13,12.15,13.46,12.15,13.42,13659860.0
2007-07-16,13.61,13.61,13.11,13.16,9968500.0
2007-07-17,13.2,13.45,13.14,13.21,5393700.0
2007-07-18,13.19,13.2,12.96,13.15,6107000.0
2007-07-19,13.3,13.34,12.97,13.09,3864000.0
2007-07-20,13.06,13.06,12.52,12.74,5791000.0
2007-07-23,12.88,12.88,12.47,12.52,4425500.0
2007-07-24,12.15,12.54,11.45,11.62,7208300.0
2007-07-25,11.88,12.0,10.82,11.56,8401000.0
2007-07-26,11.51,11.51,10.11,10.93,10946300.0
2007-07-27,10.92,11.78,10.65,10.74,8520155.0
2007-07-30,10.87,11.63,10.73,11.54,9463865.0
2007-07-31,12.0,12.66,11.35,11.5,13260755.0
2007-08-01,11.66,11.75,10.86,11.68,10017000.0
2007-08-02,11.7,11.85,11.18,11.63,8848745.0
2007-08-03,11.6,11.62,11.0,11.05,5745500.0
2007-08-06,11.07,11.22,10.39,10.99,6826000.0
2007-08-07,10.89,11.56,10.7,11.44,10596500.0
2007-08-08,11.48,11.85,10.16,11.26,16147500.0
2007-08-09,10.7,10.79,9.4,9.78,16501035.0
2007-08-10,9.23,10.54,8.83,10.39,15983240.0
2007-08-13,10.74,11.42,10.74,11.16,11258000.0
2007-08-14,11.45,11.7,11.09,11.48,10314250.0
2007-08-15,11.41,11.89,10.48,10.57,9011500.0
2007-08-16,10.31,10.61,9.25,10.61,11333000.0
2007-08-17,10.63,11.96,10.3,10.91,13080250.0
2007-08-20,10.99,11.53,10.98,11.35,6434000.0
2007-08-21,11.35,11.87,11.23,11.52,5458500.0
2007-08-22,11.68,12.31,11.68,12.24,6887500.0
2007-08-23,12.14,12.5,11.97,12.11,5370000.0
2007-08-24,12.18,12.63,12.04,12.63,3751000.0
2007-08-27,12.64,12.7,12.29,12.42,3369000.0
2007-08-28,12.24,12.38,11.4,11.59,6964500.0
2007-08-29,11.72,12.22,11.64,12.13,3642500.0
2007-08-30,11.92,12.4,11.88,12.09,5487000.0
2007-08-31,12.46,12.79,12.36,12.67,4749000.0
2007-09-04,12.7,13.23,12.59,13.04,5676500.0
2007-09-05,12.92,13.24,12.59,13.22,5485500.0
2007-09-06,13.22,13.32,12.83,13.09,4025500.0
2007-09-07,12.8,12.92,12.4,12.6,4702500.0
2007-09-10,12.7,12.8,12.03,12.42,5085000.0
2007-09-11,12.51,12.9,12.43,12.72,4019500.0
2007-09-12,12.69,12.78,12.18,12.24,5393500.0
2007-09-13,12.35,12.74,12.26,12.62,4236500.0
2007-09-14,12.48,12.89,12.35,12.81,4171500.0
2007-09-17,12.81,13.3,12.8,13.14,6849500.0
2007-09-18,13.28,13.79,12.87,13.73,7438000.0
2007-09-19,13.86,14.51,13.54,13.96,7257000.0
2007-09-20,13.96,14.19,13.8,13.9,12843000.0
2007-09-21,14.09,14.8,14.04,14.7,24809000.0
2007-09-24,14.7,15.19,13.78,14.04,8843250.0
2007-09-25,13.88,14.77,13.88,14.72,6874115.0
2007-09-26,14.94,15.05,14.53,14.69,6208000.0
2007-09-27,14.82,15.22,14.8,15.18,6093500.0
2007-09-28,15.21,15.42,14.91,15.18,5675000.0
2007-10-01,15.18,15.62,14.96,15.2,8703500.0
2007-10-02,15.33,15.44,14.71,14.76,6923500.0
2007-10-03,14.83,14.83,13.66,13.83,10314000.0
2007-10-04,13.89,14.56,13.89,14.56,7645500.0
2007-10-05,14.79,14.93,14.53,14.6,5085500.0
2007-10-08,14.65,14.66,14.14,14.32,3418500.0
2007-10-09,14.49,14.93,14.31,14.67,9133500.0
2007-10-10,14.45,14.81,14.39,14.76,8043500.0
2007-10-11,14.9,15.26,14.15,14.21,11395000.0
2007-10-12,14.42,15.46,14.33,15.16,10301500.0
2007-10-15,15.33,15.49,14.7,14.97,5038000.0
2007-10-16,14.89,15.17,14.67,14.99,3993000.0
2007-10-17,15.17,15.3,14.7,15.06,4354000.0
2007-10-18,14.96,15.57,14.91,15.56,5275000.0
2007-10-19,15.55,16.2,15.46,15.79,13781000.0
2007-10-22,15.55,15.58,14.82,15.32,8192000.0
2007-10-23,15.56,16.4,15.56,16.3,6694500.0
2007-10-24,16.7,16.86,16.15,16.62,14262500.0
2007-10-25,16.6,17.15,16.44,16.94,43111500.0
2007-10-26,17.07,17.78,16.92,17.09,10780395.0
2007-10-29,17.48,17.9,17.4,17.6,9971000.0
2007-10-30,19.14,19.22,17.21,17.35,28160000.0
2007-10-31,17.04,17.71,17.0,17.58,17993000.0
2007-11-01,17.2,17.44,16.58,16.65,14421500.0
2007-11-02,16.85,17.93,15.79,17.91,18243500.0
2007-11-05,17.41,17.95,17.32,17.57,9281790.0
2007-11-06,17.88,18.69,17.46,18.64,6372170.0
2007-11-07,18.56,19.6,18.2,19.2,16486470.0
2007-11-08,19.75,20.0,18.1,19.29,18334785.0
2007-11-09,19.09,19.43,18.37,18.65,10055250.0
2007-11-12,18.73,18.73,15.76,16.0,17952405.0
2007-11-13,16.46,17.53,16.25,17.38,10398085.0
2007-11-14,17.89,18.35,17.53,17.86,14402695.0
2007-11-15,17.6,17.61,16.5,16.78,10183265.0
2007-11-16,16.87,17.26,16.38,16.98,12134395.0
2007-11-19,16.89,16.89,15.54,15.64,10674000.0
2007-11-20,15.95,16.8,15.7,16.64,15646245.0
2007-11-21,16.07,16.3,15.53,15.98,9130280.0
2007-11-23,16.31,16.6,16.08,16.45,2113475.0
2007-11-26,16.4,17.03,16.31,16.4,8212040.0
2007-11-27,16.51,17.2,16.01,17.03,9625545.0
2007-11-28,17.19,17.99,17.14,17.86,9661400.0
2007-11-29,18.0,18.15,17.32,17.64,7289575.0
2007-11-30,18.4,18.4,17.6,18.2,9076560.0
2007-12-03,18.3,19.8,18.13,19.03,18370295.0
2007-12-04,18.91,19.4,18.52,18.59,9372435.0
2007-12-05,18.86,19.29,18.85,19.12,7946500.0
2007-12-06,19.37,19.93,19.16,19.46,12050190.0
2007-12-07,19.54,19.66,18.83,18.94,9913060.0
2007-12-10,19.1,19.28,18.58,19.15,9472390.0
2007-12-11,19.23,19.38,18.07,18.15,9208575.0
2007-12-12,18.57,19.07,18.16,18.49,9186090.0
2007-12-13,18.25,19.72,18.0,19.68,13158540.0
2007-12-14,19.4,20.51,18.99,19.4,13296815.0
2007-12-17,19.27,20.27,19.05,19.31,10617460.0
2007-12-18,19.53,19.8,17.97,19.25,11510965.0
2007-12-19,19.17,19.6,18.68,19.55,7762150.0
2007-12-20,19.94,21.56,19.69,21.55,15431910.0
2007-12-21,22.0,22.46,21.48,22.2,11257120.0
2007-12-24,22.14,22.98,22.14,22.86,3664960.0
2007-12-26,23.14,23.49,22.62,23.31,7506700.0
2007-12-27,23.21,23.78,22.33,22.77,8348870.0
2007-12-28,23.07,23.08,22.34,22.4,6389820.0
2007-12-31,22.41,22.58,21.65,22.01,5105015.0
2008-01-02,22.3,22.39,21.6,22.12,6757325.0
2008-01-03,22.56,23.89,22.39,23.17,10710730.0
2008-01-04,22.8,22.98,21.86,22.25,10300585.0
2008-01-07,22.31,23.16,20.51,21.96,13539345.0
2008-01-08,22.08,22.88,21.27,21.76,15861970.0
2008-01-09,22.4,22.79,20.73,22.5,16735575.0
2008-01-10,22.3,22.49,21.32,22.14,14348700.0
2008-01-11,22.0,23.45,21.71,22.52,13435090.0
2008-01-14,22.9,24.2,22.53,23.97,18214170.0
2008-01-15,23.6,23.89,22.2,23.0,17204405.0
2008-01-16,22.32,22.98,20.12,20.87,22979385.0
2008-01-17,20.3,20.77,17.86,18.05,31009365.0
2008-01-18,18.43,18.96,17.76,18.67,20934700.0
2008-01-22,16.82,19.0,16.44,18.62,17624620.0
2008-01-23,18.19,18.59,15.75,18.56,32754320.0
2008-01-24,19.51,20.38,18.91,20.01,16506450.0
2008-01-25,20.9,21.3,20.31,20.83,15726590.0
2008-01-28,20.79,21.5,20.04,21.28,13122100.0
2008-01-29,21.62,22.07,20.97,21.15,12885320.0
2008-01-30,21.06,21.66,20.16,20.29,15239720.0
2008-01-31,19.8,21.66,19.41,21.39,12522745.0
2008-02-01,21.46,22.28,21.39,21.71,12127150.0
2008-02-04,22.1,22.35,21.67,22.22,12126120.0
2008-02-05,22.02,22.48,20.5,20.74,14822800.0
2008-02-06,21.1,22.14,21.0,21.53,15766535.0
2008-02-07,20.85,21.77,20.3,21.32,17202195.0
2008-02-08,22.4,22.4,21.0,21.65,23446855.0
2008-02-11,22.08,22.4,21.12,22.3,16076035.0
2008-02-12,22.7,23.98,22.36,22.61,20448790.0
2008-02-13,23.33,23.38,22.27,23.2,14462515.0
2008-02-14,23.43,23.81,22.84,23.12,10613435.0
2008-02-15,22.89,23.67,22.71,23.63,11007785.0
2008-02-19,24.21,25.75,24.21,25.34,20307500.0
2008-02-20,25.14,25.67,24.92,25.4,13032160.0
2008-02-21,25.63,25.66,24.42,24.59,14990070.0
2008-02-22,24.4,25.24,23.97,25.17,11472140.0
2008-02-25,25.55,26.22,24.94,26.2,16416490.0
2008-02-26,26.08,26.34,25.45,25.67,11570245.0
2008-02-27,24.35,25.96,24.35,24.98,18212750.0
2008-02-28,24.9,25.57,24.87,25.24,8062015.0
2008-02-29,25.59,25.7,24.34,24.42,14989960.0
2008-03-03,24.1,24.89,23.48,24.1,18035315.0
2008-03-04,23.81,24.8,23.01,23.92,13705630.0
2008-03-05,23.92,24.89,23.7,24.7,11282055.0
2008-03-06,24.6,25.04,24.23,24.3,10065470.0
2008-03-07,23.62,24.27,22.6,22.92,15839350.0
2008-03-10,22.6,22.82,21.01,21.05,18552525.0
2008-03-11,21.5,23.56,21.5,23.54,15558125.0
2008-03-12,23.42,24.08,22.81,23.33,12414730.0
2008-03-13,22.6,24.37,22.17,24.04,15592135.0
2008-03-14,24.46,24.64,22.47,23.21,14253915.0
2008-03-17,22.47,23.2,21.56,21.96,13577250.0
2008-03-18,22.9,24.02,22.54,23.95,12939705.0
2008-03-19,23.81,23.83,21.23,21.27,19487705.0
2008-03-20,20.88,21.45,19.8,21.0,23027095.0
2008-03-24,21.56,22.12,21.08,21.28,14310440.0
2008-03-25,22.23,22.82,21.67,22.67,12814795.0
2008-03-26,22.6,23.0,22.08,22.73,8086440.0
2008-03-27,22.47,22.68,21.79,21.86,13147835.0
2008-03-28,22.21,22.55,21.56,21.71,7235450.0
2008-03-31,21.38,21.97,20.0,20.72,16763290.0
2008-04-01,20.83,21.38,19.47,21.31,18999750.0
2008-04-02,20.9,21.74,20.52,21.18,12297410.0
2008-04-03,21.18,23.32,20.8,22.91,18858535.0
2008-04-04,23.69,25.43,23.55,25.13,19926715.0
2008-04-07,25.9,26.6,24.92,25.39,17386160.0
2008-04-08,25.2,26.59,25.0,26.2,14465040.0
2008-04-09,26.59,27.35,26.3,26.75,19614345.0
2008-04-10,26.9,27.74,25.95,27.42,15193440.0
2008-04-11,26.94,28.01,26.62,27.69,14899725.0
2008-04-14,27.94,29.29,27.77,28.88,14943390.0
2008-04-15,29.31,29.31,28.02,28.57,11068045.0
2008-04-16,29.52,30.33,28.86,30.28,13928410.0
2008-04-17,30.45,30.99,29.31,30.1,13419520.0
2008-04-18,30.1,31.48,29.8,30.79,13814635.0
2008-04-21,31.0,31.8,30.55,31.22,13492640.0
2008-04-22,31.7,31.7,29.96,30.49,15719925.0
2008-04-23,30.83,30.83,28.8,29.62,17846790.0
2008-04-24,29.8,29.8,27.03,27.52,23599075.0
2008-04-25,26.41,29.0,26.1,28.83,23099160.0
2008-04-28,28.56,29.43,27.85,27.95,18480360.0
2008-04-29,27.36,27.36,26.1,26.23,16146630.0
2008-04-30,26.5,27.38,26.3,26.74,14195315.0
2008-05-01,26.49,26.95,25.3,26.41,14733315.0
2008-05-02,26.77,27.17,26.24,26.95,9301580.0
2008-05-05,27.39,27.85,26.6,26.95,9692770.0
2008-05-06,27.21,27.93,26.7,27.76,10523690.0
2008-05-07,27.66,28.4,27.03,27.14,12376315.0
2008-05-08,27.5,27.6,26.47,27.49,13453950.0
2008-05-09,27.49,27.73,26.72,27.37,6989470.0
2008-05-12,27.43,27.97,26.94,27.89,7938455.0
2008-05-13,28.09,28.2,27.11,27.41,8003300.0
2008-05-14,27.2,28.33,27.12,27.25,10436240.0
2008-05-15,27.33,28.04,27.31,27.75,6816275.0
2008-05-16,27.76,28.4,27.31,27.96,7574585.0
2008-05-19,27.8,28.09,26.14,26.52,10821825.0
2008-05-20,26.8,27.44,26.28,27.09,9295780.0
2008-05-21,27.13,27.21,25.73,25.87,12797355.0
2008-05-22,25.8,26.98,25.8,26.37,9095880.0
2008-05-23,26.27,26.38,24.89,25.46,13621590.0
2008-05-27,25.47,25.54,24.26,24.81,13759610.0
2008-05-28,24.82,27.31,24.61,27.31,16928495.0
2008-05-29,27.2,27.35,26.46,26.64,11125925.0
2008-05-30,26.98,27.47,26.7,27.38,12842355.0
2008-06-02,27.35,28.62,27.3,27.9,12201370.0
2008-06-03,28.24,29.68,27.95,28.84,19264705.0
2008-06-04,28.8,29.22,28.21,28.46,11835930.0
2008-06-05,28.97,30.54,28.62,30.43,16363250.0
2008-06-06,29.82,30.74,29.21,29.33,11509080.0
2008-06-09,30.0,30.9,29.4,30.22,12009160.0
2008-06-10,30.06,30.37,29.1,30.15,10696495.0
2008-06-11,31.08,31.68,30.13,30.22,15177505.0
2008-06-12,30.42,30.72,29.4,29.86,11467240.0
2008-06-13,29.8,31.02,29.67,31.02,9754650.0
2008-06-16,31.73,32.49,30.85,32.13,11404705.0
2008-06-17,32.45,34.05,32.4,33.92,18804640.0
2008-06-18,34.32,34.6,32.95,33.84,13079180.0
2008-06-19,34.29,34.33,32.28,32.43,12828385.0
2008-06-20,32.57,34.06,32.46,33.35,19513305.0
2008-06-23,33.55,34.04,32.52,33.67,12951830.0
2008-06-24,33.58,34.04,31.83,32.04,15497780.0
2008-06-25,31.74,32.36,30.52,31.7,15622445.0
2008-06-26,31.46,31.94,30.52,30.76,13718415.0
2008-06-27,30.4,31.6,29.8,31.37,38427220.0
2008-06-30,31.3,31.86,30.4,30.56,15514260.0
2008-07-01,30.29,31.11,29.34,30.94,18287385.0
2008-07-02,31.1,31.42,28.71,28.72,13604370.0
2008-07-03,28.23,28.99,27.48,28.48,12791815.0
2008-07-07,29.3,30.38,28.47,29.43,17255050.0
2008-07-08,28.76,29.0,26.71,28.89,22047265.0
2008-07-09,29.01,31.0,29.01,30.45,15591380.0
2008-07-10,30.79,31.4,30.2,31.37,13781855.0
2008-07-11,30.98,32.1,30.6,31.81,14214510.0
2008-07-14,32.51,33.24,31.88,33.02,12730245.0
2008-07-15,32.92,32.92,30.78,31.81,16828160.0
2008-07-16,32.0,32.0,30.2,31.76,14179425.0
2008-07-17,32.34,33.0,29.65,30.56,16005895.0
2008-07-18,30.01,31.34,29.79,29.94,11738235.0
2008-07-21,30.4,31.72,30.15,31.35,15730865.0
2008-07-22,31.2,31.6,30.07,31.21,9928040.0
2008-07-23,30.9,31.08,27.81,27.92,17099325.0
2008-07-24,28.72,29.71,26.5,27.9,23798545.0
2008-07-25,28.2,29.01,27.14,28.74,10541795.0
2008-07-28,29.1,29.59,28.45,29.14,12288765.0
2008-07-29,28.82,30.72,28.41,30.54,16434000.0
2008-07-30,31.09,33.4,30.64,33.32,17631675.0
2008-07-31,33.14,33.63,32.37,32.69,12338595.0
2008-08-01,33.03,33.6,32.12,32.51,9039040.0
2008-08-04,32.28,32.29,29.3,29.79,17921905.0
2008-08-05,29.28,30.0,26.8,27.92,27723695.0
2008-08-06,28.35,29.04,27.76,28.16,15185375.0
2008-08-07,28.45,28.89,27.54,28.07,12078830.0
2008-08-08,27.0,27.6,26.28,26.93,15054675.0
2008-08-11,27.26,27.26,24.0,25.07,25290420.0
2008-08-12,25.02,25.98,24.71,25.31,15846885.0
2008-08-13,25.45,27.79,25.45,27.77,14608355.0
2008-08-14,27.5,27.91,26.4,27.41,14701065.0
2008-08-15,27.33,27.33,25.38,25.79,13153180.0
2008-08-18,25.96,26.99,25.47,25.96,15332465.0
2008-08-19,25.6,27.53,25.49,26.98,14846905.0
2008-08-20,27.26,28.2,27.14,27.98,12834845.0
2008-08-21,28.44,29.32,27.8,29.11,12790515.0
2008-08-22,28.62,29.43,28.11,28.89,11851605.0
2008-08-25,29.7,30.1,28.73,29.37,16403330.0
2008-08-26,29.56,29.9,29.27,29.85,45602095.0
2008-08-27,30.16,30.53,29.88,30.03,14063550.0
2008-08-28,30.37,30.37,29.37,30.12,14457040.0
2008-08-29,30.0,30.79,30.0,30.48,9831535.0
2008-09-02,29.39,29.39,27.51,27.6,18506590.0
2008-09-03,27.52,28.09,25.7,26.87,24911860.0
2008-09-04,26.37,27.11,24.26,24.69,25310835.0
2008-09-05,24.79,26.34,23.78,26.24,24475880.0
2008-09-08,27.11,27.16,23.11,23.9,25168755.0
2008-09-09,23.46,23.46,20.91,21.02,37163250.0
2008-09-10,21.11,22.85,21.03,21.92,29167180.0
2008-09-11,21.36,23.29,20.75,23.25,27207635.0
2008-09-12,23.22,24.95,23.22,24.55,23630720.0
2008-09-15,23.08,23.92,21.58,22.04,22823855.0
2008-09-16,21.16,23.92,21.0,23.9,25976850.0
2008-09-17,23.33,24.14,21.57,21.94,24923330.0
2008-09-18,22.12,23.5,20.91,22.07,22566170.0
2008-09-19,23.56,24.15,22.46,23.89,17943895.0
2008-09-22,23.91,25.18,23.87,24.36,17865025.0
2008-09-23,24.27,24.41,21.85,22.72,22773750.0
2008-09-24,23.19,23.7,22.3,22.99,15293625.0
2008-09-25,22.98,22.98,21.26,22.04,23042620.0
2008-09-26,19.83,19.83,17.53,18.36,36197625.0
2008-09-29,17.37,18.29,16.23,16.79,28443040.0
2008-09-30,17.06,18.49,16.64,18.29,26133270.0
2008-10-01,18.37,18.73,17.24,17.73,21587310.0
2008-10-02,15.6,15.66,10.82,11.6,76189830.0
2008-10-03,12.12,12.7,11.07,11.3,34944325.0
2008-10-06,10.26,10.96,9.42,10.82,41508895.0
2008-10-07,11.4,11.72,10.25,10.28,39870350.0
2008-10-08,9.6,12.31,9.48,11.46,47404045.0
2008-10-09,12.06,13.57,10.83,11.17,37336840.0
2008-10-10,10.29,12.39,9.9,11.53,35628140.0
2008-10-13,12.76,12.93,11.64,12.93,24344855.0
2008-10-14,13.4,13.9,12.14,12.83,27273740.0
2008-10-15,12.24,12.24,11.09,11.19,24369355.0
2008-10-16,11.5,12.05,10.32,11.61,34827305.0
2008-10-17,11.18,12.19,10.62,11.07,23806485.0
2008-10-20,11.61,12.22,11.36,12.19,20981515.0
2008-10-21,11.83,11.95,11.11,11.19,21211825.0
2008-10-22,10.49,10.73,9.49,9.98,27272290.0
2008-10-23,10.14,10.24,8.52,8.91,40642110.0
2008-10-24,7.6,9.18,7.54,8.88,26971855.0
2008-10-27,8.85,9.5,8.72,9.05,28819550.0
2008-10-28,9.7,10.83,9.22,10.83,34559930.0
2008-10-29,10.82,11.49,10.39,10.76,25602740.0
2008-10-30,11.35,12.31,11.28,12.03,30015000.0
2008-10-31,11.73,13.09,11.73,12.84,25865350.0
2008-11-03,12.81,13.14,12.31,12.53,22557635.0
2008-11-04,13.16,13.57,12.77,12.98,29501575.0
2008-11-05,12.74,12.84,11.8,11.9,27435685.0
2008-11-06,11.53,11.67,10.73,11.04,28569810.0
2008-11-07,11.24,12.2,10.96,12.17,23986085.0
2008-11-10,12.69,13.29,12.2,12.46,22141745.0
2008-11-11,12.03,12.31,11.44,11.78,24649920.0
2008-11-12,11.38,11.38,10.43,10.45,27310560.0
2008-11-13,10.56,12.1,10.06,12.09,46157560.0
2008-11-14,11.7,12.17,10.99,10.99,29196670.0
2008-11-17,10.31,10.74,10.04,10.09,28658345.0
2008-11-18,10.26,10.5,9.61,10.08,18307410.0
2008-11-19,9.99,10.07,8.89,8.9,21282245.0
2008-11-20,8.53,8.83,7.83,7.88,30551655.0
2008-11-21,8.2,9.39,8.2,9.33,30255730.0
2008-11-24,9.59,9.89,9.08,9.23,19166265.0
2008-11-25,9.75,10.06,9.36,9.74,21746435.0
2008-11-26,9.44,10.7,9.23,10.63,14265215.0
2008-11-28,10.62,10.72,10.35,10.53,4738055.0
2008-12-01,10.18,10.18,8.8,8.84,15688620.0
2008-12-02,8.53,9.24,8.48,9.19,20071575.0
2008-12-03,8.8,9.49,8.71,9.26,12419245.0
2008-12-04,9.1,9.57,8.76,8.92,9970990.0
2008-12-05,8.7,9.43,8.3,9.41,13550275.0
2008-12-08,9.85,10.43,9.85,10.15,12855780.0
2008-12-09,10.0,10.86,9.79,10.13,8851025.0
2008-12-10,10.52,10.73,10.2,10.46,8190210.0
2008-12-11,10.2,10.78,9.53,9.73,11694865.0
2008-12-12,9.4,10.12,9.17,9.83,7712920.0
2008-12-15,10.01,10.27,9.38,9.57,9070245.0
2008-12-16,9.85,10.8,9.85,10.75,14069985.0
2008-12-17,10.68,11.42,10.45,11.1,14568160.0
2008-12-18,11.18,11.18,10.06,10.12,8946075.0
2008-12-19,9.91,10.19,9.25,9.58,10459930.0
2008-12-22,9.57,9.58,8.9,9.1,7121885.0
2008-12-23,9.11,9.51,9.11,9.3,9943945.0
2008-12-24,9.16,9.46,9.11,9.22,2610505.0
2008-12-26,9.35,9.42,9.02,9.36,3855110.0
2008-12-29,9.4,9.66,9.1,9.34,6250720.0
2008-12-30,9.18,9.56,9.1,9.53,7739175.0
2008-12-31,9.51,9.95,9.36,9.83,6492170.0
2009-01-02,9.88,10.82,9.82,10.73,9226665.0
2009-01-05,10.6,11.53,10.6,11.32,13406855.0
2009-01-06,11.44,11.52,10.52,11.05,18944180.0
2009-01-07,11.2,11.5,10.61,10.66,12894895.0
2009-01-08,10.31,11.16,10.31,10.93,16942205.0
2009-01-09,10.97,11.14,10.57,10.78,12394725.0
2009-01-12,10.72,10.72,9.31,9.39,17040550.0
2009-01-13,9.33,9.79,9.26,9.54,12997500.0
2009-01-14,9.1,9.24,8.58,8.85,14619235.0
2009-01-15,8.92,9.59,8.62,9.45,14316500.0
2009-01-16,9.21,9.94,9.04,9.7,25467565.0
2009-01-20,9.45,9.6,9.02,9.15,15628350.0
2009-01-21,9.5,9.5,8.61,9.13,19744295.0
2009-01-22,8.89,9.31,8.67,8.91,20409470.0
2009-01-23,8.6,9.58,8.46,9.36,16632825.0
2009-01-26,9.46,10.0,9.22,9.44,17269355.0
2009-01-27,9.55,9.64,9.15,9.26,17991985.0
2009-01-28,9.51,9.96,9.41,9.83,18946260.0
2009-01-29,9.62,9.8,9.48,9.66,16874295.0
2009-01-30,9.7,9.94,9.32,9.4,18136315.0
2009-02-02,9.2,9.78,9.11,9.52,14486995.0
2009-02-03,9.59,9.99,9.38,9.76,14195515.0
2009-02-04,9.9,10.6,9.9,10.18,20481810.0
2009-02-05,10.08,10.6,9.91,10.49,22172930.0
2009-02-06,10.61,11.26,10.53,10.93,24157345.0
2009-02-09,10.96,11.34,10.43,10.69,17966800.0
2009-02-10,10.86,11.38,10.53,10.72,35353870.0
2009-02-11,11.36,11.39,10.11,10.44,29442420.0
2009-02-12,10.13,11.04,10.04,11.01,25262265.0
2009-02-13,10.81,11.23,10.81,10.94,16147555.0
2009-02-17,10.33,10.52,10.04,10.16,20757745.0
2009-02-18,10.18,10.65,10.15,10.54,24588305.0
2009-02-19,10.67,11.25,10.61,10.91,21605665.0
2009-02-20,10.64,11.23,10.51,11.14,25582595.0
2009-02-23,11.3,11.52,9.94,10.0,36054385.0
2009-02-24,10.12,11.25,10.06,11.12,30279620.0
2009-02-25,13.3,13.32,12.3,12.35,86849690.0
2009-02-26,12.58,12.84,12.42,12.55,41207045.0
2009-02-27,12.14,13.23,12.1,12.87,35246765.0
2009-03-02,12.54,12.69,11.69,11.74,23675770.0
2009-03-03,12.01,12.56,11.87,12.26,19450840.0
2009-03-04,12.6,12.9,12.37,12.55,28834605.0
2009-03-05,12.37,12.68,11.99,12.18,19425945.0
2009-03-06,12.36,12.42,11.72,12.12,25553170.0
2009-03-09,11.7,12.59,11.52,12.31,23401645.0
2009-03-10,12.64,13.11,12.57,12.85,22595725.0
2009-03-11,12.97,13.78,12.88,13.63,24647380.0
2009-03-12,13.53,13.53,12.99,13.48,20520135.0
2009-03-13,13.51,13.9,13.34,13.72,15936125.0
2009-03-16,13.67,14.14,13.5,13.74,20747885.0
2009-03-17,13.69,13.89,13.4,13.8,16132055.0
2009-03-18,13.67,13.99,13.24,13.83,22445090.0
2009-03-19,14.18,14.33,13.82,13.88,16935125.0
2009-03-20,13.98,14.0,13.54,13.54,16406520.0
2009-03-23,13.91,14.33,13.55,14.24,11684125.0
2009-03-24,13.89,14.83,13.87,14.46,14508185.0
2009-03-25,14.83,14.83,14.21,14.64,14624445.0
2009-03-26,15.03,15.03,14.39,14.8,13715815.0
2009-03-27,14.62,14.98,14.52,14.66,14599920.0
2009-03-30,14.22,14.4,13.96,14.08,14097650.0
2009-03-31,14.1,14.44,14.05,14.23,9454955.0
2009-04-01,14.04,14.56,13.9,14.5,13345450.0
2009-04-02,14.79,14.88,14.43,14.53,14665615.0
2009-04-03,14.64,14.91,14.4,14.91,8980675.0
2009-04-06,14.56,14.62,14.3,14.54,11989880.0
2009-04-07,14.4,14.46,14.01,14.06,8855690.0
2009-04-08,13.74,14.3,13.74,14.26,9147530.0
2009-04-09,14.55,14.63,14.34,14.61,7428170.0
2009-04-13,14.33,14.72,14.29,14.59,6861935.0
2009-04-14,14.42,14.87,14.42,14.74,10430775.0
2009-04-15,14.55,14.93,14.5,14.9,8673365.0
2009-04-16,15.0,15.08,14.56,14.66,7847735.0
2009-04-17,14.69,14.75,13.96,13.99,14659745.0
2009-04-20,13.8,13.8,13.38,13.48,11122745.0
2009-04-21,13.28,13.79,13.28,13.42,11026570.0
2009-04-22,13.3,13.78,13.16,13.24,8005740.0
2009-04-23,13.23,13.58,12.97,13.38,9174200.0
2009-04-24,13.68,14.4,13.64,14.22,10625785.0
2009-04-27,13.77,14.12,13.62,13.97,6678640.0
2009-04-28,13.68,14.15,13.68,13.94,3763105.0
2009-04-29,14.05,14.58,14.02,14.47,6129915.0
2009-04-30,14.6,14.77,14.27,14.41,5925590.0
2009-05-01,14.41,15.25,14.35,14.97,8427190.0
2009-05-04,15.2,15.3,14.93,15.07,8343055.0
2009-05-05,15.07,15.21,14.72,15.04,5753175.0
2009-05-06,15.2,15.2,14.45,14.78,9619580.0
2009-05-07,15.0,15.06,14.36,14.44,10632205.0
2009-05-08,14.69,14.8,14.33,14.76,6883360.0
2009-05-11,15.34,15.52,14.86,15.18,19351270.0
2009-05-12,15.27,15.61,15.1,15.46,16046215.0
2009-05-13,15.34,15.67,14.86,15.43,13692015.0
2009-05-14,15.14,15.57,15.13,15.54,10879110.0
2009-05-15,15.5,16.1,15.5,15.95,13710225.0
2009-05-18,16.1,16.52,15.97,16.47,12958410.0
2009-05-19,16.39,16.71,16.26,16.31,10850650.0
2009-05-20,16.61,16.92,16.26,16.28,10394605.0
2009-05-21,16.01,16.05,15.66,15.98,11341945.0
2009-05-22,16.21,16.47,15.98,16.15,6559600.0
2009-05-26,15.9,16.64,15.9,16.61,6723055.0
2009-05-27,16.45,16.64,15.84,15.84,11948010.0
2009-05-28,16.11,16.25,15.62,15.68,11437875.0
2009-05-29,15.87,15.93,15.4,15.53,15376545.0
2009-06-01,15.89,16.2,15.84,16.06,9940870.0
2009-06-02,16.02,16.26,15.78,15.98,6033610.0
2009-06-03,15.59,15.6,14.83,15.57,18506920.0
2009-06-04,15.69,16.07,15.58,15.89,8431790.0
2009-06-05,16.03,16.04,15.49,15.67,5448305.0
2009-06-08,15.57,15.74,15.23,15.7,4076330.0
2009-06-09,15.76,16.09,15.59,16.03,5119310.0
2009-06-10,16.17,16.38,15.8,16.07,6387665.0
2009-06-11,16.22,16.85,16.07,16.57,7471260.0
2009-06-12,16.43,16.74,16.2,16.5,5542670.0
2009-06-15,16.23,16.24,15.91,16.0,3238375.0
2009-06-16,16.15,16.24,15.6,15.74,7716755.0
2009-06-17,15.31,15.39,14.8,14.9,11199135.0
2009-06-18,15.05,15.1,14.62,14.87,13037060.0
2009-06-19,15.01,15.2,14.86,15.0,5542940.0
2009-06-22,14.76,15.0,13.86,13.86,10497245.0
2009-06-23,14.35,14.6,14.14,14.58,17110705.0
2009-06-24,14.83,14.9,14.63,14.79,9580005.0
2009-06-25,14.7,15.2,14.59,15.2,6282080.0
2009-06-26,14.92,15.28,14.9,15.24,8290725.0
2009-06-29,14.98,15.22,14.88,15.13,9295900.0
2009-06-30,14.99,15.07,14.8,14.83,4914335.0
2009-07-01,14.98,15.07,14.77,14.8,2552250.0
2009-07-02,14.51,15.1,14.51,14.86,3722995.0
2009-07-06,14.66,14.73,14.46,14.68,2455540.0
2009-07-07,14.58,14.73,14.32,14.34,3985205.0
2009-07-08,14.15,14.43,13.97,14.15,3989875.0
2009-07-09,14.34,14.49,14.19,14.39,2261110.0
2009-07-10,14.27,14.59,13.7,13.92,7003905.0
2009-07-13,13.89,14.17,13.59,14.14,3376425.0
2009-07-14,14.19,14.35,13.84,13.95,4921595.0
2009-07-15,14.23,14.27,13.91,14.24,4459375.0
2009-07-16,14.4,14.75,14.4,14.65,5656510.0
2009-07-17,14.68,14.91,14.41,14.6,6420940.0
2009-07-20,14.61,14.8,14.43,14.73,4024070.0
2009-07-21,15.03,15.03,14.54,14.78,3579870.0
2009-07-22,14.58,14.89,14.58,14.75,4003900.0
2009-07-23,14.68,15.42,14.64,15.36,9347120.0
2009-07-24,15.21,15.64,15.21,15.61,4371710.0
2009-07-27,15.65,15.97,15.52,15.76,6250525.0
2009-07-28,16.04,16.13,15.37,15.87,14511180.0
2009-07-29,15.82,15.82,15.43,15.58,5269930.0
2009-07-30,15.91,16.05,15.77,15.81,3116430.0
2009-07-31,15.79,15.98,15.67,15.79,3219225.0
2009-08-03,16.0,16.36,15.96,16.31,3719990.0
2009-08-04,16.1,16.3,15.87,16.0,3027055.0
2009-08-05,16.18,16.78,15.91,16.55,9847690.0
2009-08-06,16.65,16.71,16.46,16.63,4120015.0
2009-08-07,16.92,16.92,16.39,16.67,3228145.0
2009-08-10,16.59,16.7,16.3,16.41,4447975.0
2009-08-11,16.36,16.54,16.15,16.31,3842330.0
2009-08-12,16.21,16.61,16.21,16.49,1768175.0
2009-08-13,16.69,16.8,16.51,16.63,3805440.0
2009-08-14,16.67,16.69,16.37,16.57,2805450.0
2009-08-17,16.11,16.17,15.7,15.88,3161105.0
2009-08-18,16.0,16.4,15.93,16.3,3020155.0
2009-08-19,16.04,16.59,16.04,16.42,2259020.0
2009-08-20,16.36,16.57,16.27,16.37,2247275.0
2009-08-21,16.66,16.66,16.29,16.36,3493665.0
2009-08-24,16.58,16.82,16.46,16.62,5163075.0
2009-08-25,16.8,16.9,16.36,16.44,2448280.0
2009-08-26,16.37,16.62,16.31,16.54,3363400.0
2009-08-27,16.54,16.58,16.36,16.44,2508015.0
2009-08-28,16.42,16.48,16.12,16.42,3011680.0
2009-08-31,16.19,16.39,16.16,16.33,2899555.0
2009-09-01,16.23,16.64,16.0,16.0,3399265.0
2009-09-02,15.89,16.38,15.83,16.33,3644300.0
2009-09-03,16.46,16.72,16.37,16.67,4767155.0
2009-09-04,16.65,17.39,16.61,17.19,4480295.0
2009-09-08,17.29,17.53,17.23,17.39,5106410.0
2009-09-09,17.39,17.75,17.36,17.62,5318700.0
2009-09-10,17.3,17.64,17.1,17.49,10529675.0
2009-09-11,17.5,17.7,17.4,17.49,2139820.0
2009-09-14,17.25,17.54,17.21,17.45,3933160.0
2009-09-15,17.56,17.7,17.37,17.58,10089310.0
2009-09-16,17.6,17.97,17.43,17.84,6608870.0
2009-09-17,17.79,18.31,17.71,18.01,3626565.0
2009-09-18,18.2,18.39,17.99,18.04,3741265.0
2009-09-21,17.81,17.93,17.56,17.8,3147860.0
2009-09-22,17.89,18.0,17.68,17.78,7936150.0
2009-09-23,17.8,17.89,17.5,17.52,3761525.0
2009-09-24,17.64,17.68,17.15,17.33,3104650.0
2009-09-25,17.26,17.32,16.84,16.86,4342860.0
2009-09-28,16.83,17.21,16.76,17.21,1914115.0
2009-09-29,17.2,17.4,17.08,17.17,2054465.0
2009-09-30,17.26,17.54,17.18,17.25,6569105.0
2009-10-01,17.28,17.31,16.77,16.84,2402550.0
2009-10-02,16.6,16.85,16.42,16.59,3878995.0
2009-10-05,16.69,16.84,16.61,16.84,2352870.0
2009-10-06,16.92,17.48,16.92,17.39,4958075.0
2009-10-07,17.42,17.66,17.36,17.49,3523525.0
2009-10-08,17.6,17.91,17.52,17.91,2894420.0
2009-10-09,17.9,17.91,17.58,17.76,2460165.0
2009-10-12,17.87,17.89,17.59,17.69,1373385.0
2009-10-13,17.7,17.86,17.53,17.79,2759030.0
2009-10-14,17.99,18.17,17.81,18.1,2650375.0
2009-10-15,18.07,18.26,17.85,18.25,3421590.0
2009-10-16,18.13,18.28,18.03,18.13,4667885.0
2009-10-19,18.26,19.03,18.13,18.99,9831770.0
2009-10-20,18.77,18.98,18.42,18.56,5466760.0
2009-10-21,18.4,18.87,18.36,18.52,3840335.0
2009-10-22,18.35,18.89,18.23,18.76,3529040.0
2009-10-23,18.49,18.5,17.81,17.9,5428545.0
2009-10-26,17.99,18.12,17.08,17.08,8046770.0
2009-10-27,16.91,17.44,16.8,17.23,5582055.0
2009-10-28,17.1,17.26,16.63,16.65,3499470.0
2009-10-29,16.75,17.34,16.7,17.2,5182575.0
2009-10-30,17.16,17.21,16.58,16.65,5611300.0
2009-11-02,16.5,16.93,16.38,16.82,15782290.0
2009-11-03,16.54,17.1,16.48,17.09,7924415.0
2009-11-04,17.1,17.51,17.01,17.28,11791025.0
2009-11-05,16.22,16.27,15.75,15.98,30883800.0
2009-11-06,15.87,16.46,15.78,15.81,10938910.0
2009-11-09,16.12,16.19,15.97,16.08,6681595.0
2009-11-10,16.08,16.12,15.39,15.7,14381860.0
2009-11-11,15.82,16.18,15.44,15.94,10260010.0
2009-11-12,15.84,16.77,15.51,16.19,15482515.0
2009-11-13,16.19,16.48,15.74,16.07,12691600.0
2009-11-16,16.11,16.43,16.04,16.26,7542585.0
2009-11-17,16.31,16.99,16.07,16.78,9615490.0
2009-11-18,16.84,17.33,16.82,17.26,8317770.0
2009-11-19,16.72,16.9,16.37,16.57,13492235.0
2009-11-20,16.47,16.84,16.0,16.55,21092330.0
2009-11-23,16.82,16.87,16.5,16.61,5665080.0
2009-11-24,16.55,16.7,16.37,16.55,3928870.0
2009-11-25,16.6,17.09,16.53,16.99,5397175.0
2009-11-27,16.54,16.99,16.35,16.79,2890720.0
2009-11-30,16.8,17.16,16.7,17.07,5789345.0
2009-12-01,17.44,17.44,17.15,17.18,5219325.0
2009-12-02,17.1,18.16,17.1,18.05,14889015.0
2009-12-03,18.1,18.12,17.77,17.96,5954275.0
2009-12-04,18.22,18.3,17.5,17.71,4477875.0
2009-12-07,17.3,18.18,17.24,17.91,9204580.0
2009-12-08,17.83,18.0,17.13,17.15,10692455.0
2009-12-09,17.32,17.5,17.09,17.32,6230630.0
2009-12-10,17.44,17.73,17.28,17.66,6163970.0
2009-12-11,17.7,18.0,17.68,18.0,5085640.0
2009-12-14,18.04,18.29,17.77,17.95,5061735.0
2009-12-15,17.88,18.22,17.55,17.66,6812740.0
2009-12-16,17.9,18.6,17.83,18.52,12248990.0
2009-12-17,18.33,18.38,17.66,17.66,8259515.0
2009-12-18,17.67,17.92,17.22,17.29,7431820.0
2009-12-21,17.8,17.82,17.03,17.11,5707880.0
2009-12-22,17.04,17.35,16.88,17.29,7682685.0
2009-12-23,17.6,17.95,17.33,17.75,6701415.0
2009-12-24,17.83,18.03,17.8,17.84,1760355.0
2009-12-28,17.96,18.66,17.94,18.58,5439170.0
2009-12-29,18.53,18.7,18.46,18.66,7056815.0
2009-12-30,18.52,18.64,18.34,18.44,2704320.0
2009-12-31,18.52,18.53,18.15,18.16,5527660.0
2010-01-04,18.36,18.5,18.11,18.37,6171670.0
2010-01-05,18.43,18.87,18.43,18.67,6662185.0
2010-01-06,18.85,19.46,18.7,19.44,6478890.0
2010-01-07,19.3,19.4,19.01,19.25,7291775.0
2010-01-08,19.25,19.66,19.2,19.66,6128230.0
2010-01-11,20.0,20.58,19.53,19.64,10518590.0
2010-01-12,19.39,19.41,18.73,18.94,8982535.0
2010-01-13,19.02,19.13,18.66,18.98,5108005.0
2010-01-14,19.02,19.12,18.63,18.64,6176985.0
2010-01-15,19.78,19.88,19.03,19.08,27360620.0
2010-01-19,19.1,20.21,19.04,20.12,9929900.0
2010-01-20,19.8,19.92,19.5,19.8,6307045.0
2010-01-21,19.83,20.27,19.51,19.65,6387250.0
2010-01-22,19.56,19.75,19.21,19.23,4556995.0
2010-01-25,19.4,19.69,19.21,19.23,3174280.0
2010-01-26,19.06,19.69,18.91,19.23,3740280.0
2010-01-27,19.33,19.41,19.02,19.28,2438590.0
2010-01-28,19.22,19.24,18.78,19.06,3523075.0
2010-01-29,19.1,19.4,18.57,18.57,4284125.0
2010-02-01,18.64,19.18,18.62,19.06,4986590.0
2010-02-02,19.04,19.32,18.9,19.26,2794605.0
2010-02-03,19.38,19.64,19.34,19.42,2123250.0
2010-02-04,19.18,19.28,18.6,18.71,4495230.0
2010-02-05,18.73,18.95,18.36,18.84,4236775.0
2010-02-08,18.83,19.14,18.46,18.46,2868905.0
2010-02-09,18.71,19.28,18.71,19.16,4521570.0
2010-02-10,19.23,19.58,19.17,19.46,3541080.0
2010-02-11,19.58,20.16,19.47,20.02,5060920.0
2010-02-12,19.72,20.17,19.55,20.1,7234235.0
2010-02-16,20.8,21.4,20.39,20.71,11940485.0
2010-02-17,20.9,21.49,20.77,20.93,11224940.0
2010-02-18,20.82,20.88,20.17,20.4,11651375.0
2010-02-19,20.42,20.95,20.4,20.83,7530145.0
2010-02-22,20.98,21.12,20.62,20.73,5327640.0
2010-02-23,20.61,20.83,20.37,20.39,4889095.0
2010-02-24,20.4,20.66,20.12,20.16,7879535.0
2010-02-25,19.84,21.28,19.8,21.08,10770105.0
2010-02-26,21.0,21.29,20.82,21.25,3649285.0
2010-03-01,21.25,21.51,21.12,21.51,3645385.0
2010-03-02,20.32,21.36,20.27,21.28,33641760.0
2010-03-03,20.91,22.0,20.91,21.36,16783450.0
2010-03-04,21.42,21.68,21.3,21.65,7001335.0
2010-03-05,21.49,21.54,20.63,20.95,16390385.0
2010-03-08,20.88,21.13,20.53,20.6,8785325.0
2010-03-09,20.52,20.59,20.0,20.13,12228000.0
2010-03-10,19.8,20.96,19.6,20.71,19364960.0
2010-03-11,20.46,20.51,20.04,20.12,13749625.0
2010-03-12,19.53,19.63,18.97,19.35,68894880.0
2010-03-15,19.06,19.45,18.98,19.28,17519540.0
2010-03-16,19.36,19.48,19.02,19.12,19121365.0
2010-03-17,19.21,19.31,18.76,18.9,14040770.0
2010-03-18,18.87,18.9,18.12,18.62,21590735.0
2010-03-19,18.64,18.74,18.16,18.28,13076860.0
2010-03-22,18.18,18.62,18.06,18.51,15088770.0
2010-03-23,18.51,18.72,18.12,18.34,11863720.0
2010-03-24,18.33,18.71,18.13,18.48,8639985.0
2010-03-25,18.64,18.74,18.0,18.01,9699980.0
2010-03-26,18.25,18.69,18.12,18.63,12353495.0
2010-03-29,18.79,18.93,18.53,18.59,9048605.0
2010-03-30,18.53,18.65,18.33,18.48,4129355.0
2010-03-31,18.4,18.47,18.16,18.24,7132980.0
2010-04-01,18.43,18.5,18.14,18.48,8243255.0
2010-04-05,18.58,18.6,18.24,18.39,4490250.0
2010-04-06,18.28,18.5,18.24,18.49,5187650.0
2010-04-07,18.4,18.51,18.16,18.25,6480795.0
2010-04-08,18.37,18.48,18.17,18.3,6699685.0
2010-04-09,18.35,18.6,18.33,18.58,14838790.0
2010-04-12,18.42,18.56,18.36,18.41,7494375.0
2010-04-13,18.05,18.08,17.52,17.78,18945080.0
2010-04-14,17.64,17.84,17.43,17.77,10338450.0
2010-04-15,17.76,18.21,17.73,18.0,20566195.0
2010-04-16,18.06,18.39,17.88,18.0,63412450.0
2010-04-19,17.91,17.95,17.16,17.38,22481040.0
2010-04-20,17.47,17.65,17.27,17.46,16117885.0
2010-04-21,17.56,17.7,17.23,17.53,13417515.0
2010-04-22,17.38,17.59,17.2,17.53,11431490.0
2010-04-23,17.56,17.57,16.95,17.02,15249110.0
2010-04-26,17.21,17.29,16.95,16.98,12975300.0
2010-04-27,16.94,16.96,16.08,16.21,23262700.0
2010-04-28,16.35,16.8,16.26,16.78,12073595.0
2010-04-29,16.66,17.02,16.65,16.98,16273375.0
2010-04-30,17.5,17.59,16.6,16.73,17873660.0
2010-05-03,16.9,17.04,15.97,16.07,18101925.0
2010-05-04,15.82,15.95,15.27,15.59,20676730.0
2010-05-05,15.43,15.97,15.31,15.65,13316095.0
2010-05-06,15.64,15.79,14.83,14.83,17496620.0
2010-05-07,14.94,15.3,14.51,14.66,18974715.0
2010-05-10,15.35,15.37,14.91,15.22,14538890.0
2010-05-11,15.0,15.06,14.35,14.37,18065355.0
2010-05-12,14.64,14.98,14.59,14.88,12561840.0
2010-05-13,14.82,14.96,14.41,14.45,7087790.0
2010-05-14,14.37,14.55,14.07,14.49,10662500.0
2010-05-17,14.83,14.84,13.83,14.23,9965435.0
2010-05-18,14.4,14.83,14.21,14.27,15000595.0
2010-05-19,14.32,14.46,13.9,14.07,12117680.0
2010-05-20,13.62,13.75,13.27,13.31,14942390.0
2010-05-21,13.0,13.72,12.76,13.63,16938255.0
2010-05-24,13.9,13.94,13.4,13.49,13334350.0
2010-05-25,13.16,13.43,12.94,13.41,15076165.0
2010-05-26,13.48,13.6,13.18,13.29,13179895.0
2010-05-27,13.45,14.05,13.43,14.05,11585275.0
2010-05-28,14.09,14.33,13.58,13.72,10073925.0
2010-06-01,13.93,13.93,13.17,13.19,9716795.0
2010-06-02,13.2,13.53,12.87,13.53,10807155.0
2010-06-03,13.62,13.7,12.8,13.07,14903620.0
2010-06-04,12.84,13.0,12.12,12.19,15763980.0
2010-06-07,12.19,12.39,11.82,11.83,13111900.0
2010-06-08,11.8,12.0,11.51,11.71,12233865.0
2010-06-09,11.9,12.15,11.71,11.79,12277100.0
2010-06-10,12.27,12.93,11.96,12.86,19573780.0
2010-06-11,12.84,13.07,12.78,13.07,13428670.0
2010-06-14,13.13,13.2,12.41,12.42,15261370.0
2010-06-15,12.46,12.97,12.44,12.95,11194135.0
2010-06-16,12.87,13.12,12.78,13.04,11262175.0
2010-06-17,13.05,13.15,12.69,13.01,10806680.0
2010-06-18,12.98,13.0,12.66,12.85,10962115.0
2010-06-21,13.2,13.24,12.67,12.8,7994785.0
2010-06-22,12.88,13.22,12.84,12.89,10059205.0
2010-06-23,12.94,13.26,12.84,13.2,10931445.0
2010-06-24,13.15,13.25,12.8,12.95,9907900.0
2010-06-25,13.01,13.58,12.86,13.52,15617360.0
2010-06-28,13.44,13.5,12.86,12.92,12590920.0
2010-06-29,12.65,12.74,12.29,12.39,9863995.0
2010-06-30,12.62,13.17,12.6,12.69,15675910.0
2010-07-01,12.77,13.19,12.61,13.1,11811885.0
2010-07-02,13.06,13.85,12.99,13.68,17140170.0
2010-07-06,13.92,14.23,13.3,13.47,14982345.0
2010-07-07,13.6,14.01,13.51,13.99,11843545.0
2010-07-08,14.11,14.98,14.05,14.7,18308925.0
2010-07-09,14.7,14.99,14.59,14.85,11508080.0
2010-07-12,14.76,14.83,14.33,14.69,12597360.0
2010-07-13,14.87,15.35,14.68,15.15,15629545.0
2010-07-14,15.08,15.39,14.92,15.06,12444510.0
2010-07-15,15.0,15.64,14.96,15.59,14970750.0
2010-07-16,15.46,15.75,15.22,15.39,11648430.0
2010-07-19,15.38,15.46,14.8,15.05,10881085.0
2010-07-20,14.8,15.71,14.8,15.68,11832825.0
2010-07-21,15.88,15.99,15.1,15.34,14027395.0
2010-07-22,15.58,15.88,15.5,15.78,12875770.0
2010-07-23,15.85,16.34,15.79,16.03,13806555.0
2010-07-26,16.09,16.12,15.43,15.58,10323370.0
2010-07-27,15.67,15.68,15.14,15.29,7306830.0
2010-07-28,15.13,15.88,15.1,15.54,9465815.0
2010-07-29,15.87,16.51,15.68,16.2,19607155.0
2010-07-30,15.96,16.42,15.82,16.24,12252930.0
2010-08-02,16.64,16.95,16.45,16.5,13183875.0
2010-08-03,16.31,16.43,16.05,16.22,8387405.0
2010-08-04,16.31,16.75,16.28,16.58,13309190.0
2010-08-05,16.89,17.45,16.68,17.16,33344555.0
2010-08-06,17.4,17.73,16.68,16.86,29730690.0
2010-08-09,16.81,16.87,16.43,16.71,12347940.0
2010-08-10,16.55,16.57,16.09,16.26,18008875.0
2010-08-11,16.02,16.54,15.78,16.39,16207935.0
2010-08-12,16.28,17.01,16.21,16.88,15766985.0
2010-08-13,17.13,17.17,16.5,16.93,11125945.0
2010-08-16,16.95,17.34,16.82,16.92,12490910.0
2010-08-17,18.09,18.48,17.62,17.71,26002185.0
2010-08-18,17.84,18.1,17.4,17.96,15812265.0
2010-08-19,17.97,18.13,17.75,17.77,13774440.0
2010-08-20,17.62,18.03,17.5,18.0,14535440.0
2010-08-23,18.06,18.25,17.76,17.77,13258550.0
2010-08-24,17.6,17.75,17.4,17.42,9714185.0
2010-08-25,17.3,17.44,17.07,17.35,8128515.0
2010-08-26,17.42,17.98,17.35,17.8,14081085.0
2010-08-27,17.87,18.7,17.8,18.63,14944185.0
2010-08-30,18.47,18.59,18.06,18.26,9130700.0
2010-08-31,18.24,18.51,18.13,18.5,12227630.0
2010-09-01,18.58,18.79,18.3,18.54,12622510.0
2010-09-02,18.55,18.87,18.48,18.64,9237400.0
2010-09-03,18.79,19.11,18.4,18.99,13214795.0
2010-09-07,18.94,19.32,18.8,19.03,8719195.0
2010-09-08,19.05,19.55,19.0,19.24,14707290.0
2010-09-09,19.39,19.53,18.58,18.81,13586110.0
2010-09-10,19.15,19.64,18.89,19.06,18358380.0
2010-09-13,19.43,19.7,19.24,19.62,10484070.0
2010-09-14,19.49,19.83,19.37,19.67,8744020.0
2010-09-15,19.6,19.71,19.26,19.46,8667190.0
2010-09-16,19.79,19.98,19.63,19.95,11648640.0
2010-09-17,20.04,20.04,19.52,19.97,11498930.0
2010-09-20,20.15,20.79,20.04,20.22,14890890.0
2010-09-21,20.13,20.17,19.57,19.7,10427020.0
2010-09-22,20.01,20.39,19.88,20.29,9634920.0
2010-09-23,20.36,20.4,19.65,19.74,12919225.0
2010-09-24,20.04,20.19,19.62,20.07,12627840.0
2010-09-27,20.22,20.56,20.17,20.34,7017960.0
2010-09-28,20.51,20.52,19.9,20.28,6670240.0
2010-09-29,19.99,20.11,19.77,19.87,9988075.0
2010-09-30,20.13,20.18,18.95,19.1,23389290.0
2010-10-01,19.13,19.41,18.71,18.93,22160295.0
2010-10-04,18.87,19.0,18.48,18.82,10646420.0
2010-10-05,18.98,19.75,18.96,19.61,16024355.0
2010-10-06,19.6,20.07,19.54,19.78,9047130.0
2010-10-07,19.92,20.0,19.56,19.73,7529915.0
2010-10-08,20.95,22.53,20.83,21.98,44032345.0
2010-10-11,22.3,22.78,22.0,22.69,20371490.0
2010-10-12,22.68,23.42,22.6,23.27,18422760.0
2010-10-13,23.33,23.95,23.27,23.68,15722350.0
2010-10-14,23.72,23.82,23.21,23.36,11114015.0
2010-10-15,23.5,23.99,23.22,23.97,8392910.0
2010-10-18,23.93,24.07,23.6,23.77,5787400.0
2010-10-19,23.28,23.55,22.76,22.95,13682765.0
2010-10-20,22.94,24.0,22.86,23.74,9795970.0
2010-10-21,23.83,23.93,23.31,23.67,5945925.0
2010-10-22,23.74,23.77,23.16,23.53,7830595.0
2010-10-25,23.78,24.4,23.52,23.63,9630785.0
2010-10-26,23.41,24.39,23.29,24.31,9584840.0
2010-10-27,24.09,24.32,23.66,24.26,8135365.0
2010-10-28,24.46,24.51,23.79,23.83,7527530.0
2010-10-29,23.9,25.03,23.87,24.51,17300135.0
2010-11-01,24.57,24.72,24.0,24.28,7350590.0
2010-11-02,24.64,24.69,24.33,24.45,6678580.0
2010-11-03,24.34,24.4,23.59,24.01,10295010.0
2010-11-04,24.36,24.49,23.97,24.24,12310000.0
2010-11-05,24.16,25.81,23.96,24.49,32691550.0
2010-11-08,24.37,25.03,24.24,24.95,8168875.0
2010-11-09,25.32,26.0,24.84,25.04,11565290.0
2010-11-10,25.22,25.27,24.55,24.81,9095275.0
2010-11-11,24.7,25.59,24.4,25.55,7896345.0
2010-11-12,25.2,25.25,23.7,23.93,16143275.0
2010-11-15,24.06,24.3,23.35,23.44,13521495.0
2010-11-16,23.21,23.3,22.45,22.9,17890970.0
2010-11-17,22.98,23.64,22.76,23.33,16322250.0
2010-11-18,23.73,24.46,23.61,24.05,14904405.0
2010-11-19,24.12,24.19,23.5,23.54,10804060.0
2010-11-22,23.67,24.09,23.35,23.6,13026220.0
2010-11-23,23.2,24.45,22.84,24.29,14063520.0
2010-11-24,24.52,25.05,24.36,24.92,11852365.0
2010-11-26,25.09,25.09,24.47,24.56,4263885.0
2010-11-29,24.33,24.59,23.57,24.41,9996890.0
2010-11-30,24.2,24.54,24.04,24.15,9393460.0
2010-12-01,24.68,24.95,24.3,24.81,9460155.0
2010-12-02,25.0,25.29,24.56,24.75,9099305.0
2010-12-03,24.67,25.56,24.63,25.37,7649970.0
2010-12-06,25.34,25.66,24.92,25.05,6078620.0
2010-12-07,25.24,25.34,24.45,24.52,7551775.0
2010-12-08,24.63,24.67,23.91,24.27,7900455.0
2010-12-09,24.57,24.57,24.08,24.34,5141805.0
2010-12-10,24.37,24.72,23.99,24.6,5921575.0
2010-12-13,24.62,24.94,23.8,24.0,11398815.0
2010-12-14,23.99,24.07,23.31,23.49,9664875.0
2010-12-15,23.39,24.42,23.27,23.93,7827645.0
2010-12-16,23.82,24.45,23.7,24.36,6463405.0
2010-12-17,24.43,25.05,24.15,25.0,13563685.0
2010-12-20,25.12,25.64,25.08,25.32,8175950.0
2010-12-21,25.5,25.86,25.41,25.84,6618570.0
2010-12-22,25.89,25.9,25.11,25.77,7658730.0
2010-12-23,25.77,27.15,25.61,27.0,13051785.0
2010-12-27,26.79,27.07,26.4,26.85,6194440.0
2010-12-28,26.85,27.04,26.34,26.4,6401745.0
2010-12-29,26.5,27.45,26.2,26.97,10130645.0
2010-12-30,26.99,27.75,26.94,27.33,8571670.0
2010-12-31,27.33,27.54,27.0,27.03,5298205.0
2011-01-03,27.32,28.04,27.1,27.25,10336805.0
2011-01-04,27.31,27.42,26.56,27.0,8501860.0
2011-01-05,27.13,27.67,26.69,27.4,9501525.0
2011-01-06,27.43,27.78,27.14,27.6,9746665.0
2011-01-07,27.47,27.92,27.26,27.49,7027780.0
2011-01-10,26.8,27.25,26.46,27.1,8873770.0
2011-01-11,27.4,27.55,26.94,27.01,7523770.0
2011-01-12,27.67,28.57,27.48,28.36,15469910.0
2011-01-13,28.35,28.69,27.95,28.49,9258120.0
2011-01-14,28.65,29.3,28.4,29.25,11576360.0
2011-01-18,29.2,29.93,29.11,29.89,10762135.0
2011-01-19,29.66,29.69,27.84,28.03,17115045.0
2011-01-20,27.74,27.74,26.63,27.17,18721875.0
2011-01-21,27.65,27.92,26.56,26.66,11692870.0
2011-01-24,26.61,27.04,26.04,26.45,11780080.0
2011-01-25,26.41,26.45,25.52,26.15,15516435.0
2011-01-26,26.34,27.2,25.91,26.91,20015315.0
2011-01-27,27.35,27.63,26.62,26.75,13058255.0
2011-01-28,26.92,27.0,26.1,26.8,14343930.0
2011-01-31,27.09,27.41,26.65,27.01,15417215.0
2011-02-01,27.3,27.91,27.16,27.68,14631675.0
2011-02-02,27.72,29.02,27.23,29.0,14482575.0
2011-02-03,29.06,29.1,28.04,28.44,10029610.0
2011-02-04,28.44,28.71,28.19,28.53,5882200.0
2011-02-07,28.7,29.47,28.66,29.25,9631995.0
2011-02-08,29.32,29.6,28.73,29.29,11054180.0
2011-02-09,29.82,30.63,29.29,30.4,20851005.0
2011-02-10,30.01,30.77,29.97,30.07,10721600.0
2011-02-11,29.93,30.38,29.64,30.07,10109525.0
2011-02-14,30.07,30.63,30.0,30.36,7226315.0
2011-02-15,30.25,30.26,28.65,28.78,16144830.0
2011-02-16,28.95,29.4,28.6,28.97,10034685.0
2011-02-17,28.88,29.59,28.84,29.56,10523115.0
2011-02-18,29.56,29.56,27.35,27.57,24837295.0
2011-02-22,27.53,28.43,26.36,26.4,21797585.0
2011-02-23,26.27,27.15,24.68,26.89,39932465.0
2011-02-24,27.16,27.42,26.6,26.8,16603520.0
2011-02-25,27.15,28.04,27.1,28.01,11354770.0
2011-02-28,28.2,28.58,27.54,28.26,10090110.0
2011-03-01,28.5,28.5,27.26,27.39,10023945.0
2011-03-02,27.33,27.66,26.8,27.02,10316930.0
2011-03-03,27.43,28.14,27.28,28.03,10012190.0
2011-03-04,27.84,28.01,26.66,26.86,12967570.0
2011-03-07,27.02,27.15,25.48,25.78,18990210.0
2011-03-08,25.85,25.9,24.98,25.79,15986530.0
2011-03-09,25.54,25.96,25.05,25.31,11115640.0
2011-03-10,24.75,25.37,24.17,24.8,17989705.0
2011-03-11,24.42,25.45,24.4,25.2,8670430.0
2011-03-14,24.68,25.68,24.61,25.19,7330970.0
2011-03-15,24.19,25.32,24.06,24.96,16697925.0
2011-03-16,25.18,26.0,24.7,25.38,16914655.0
2011-03-17,25.81,26.21,25.56,25.91,9508230.0
2011-03-18,26.52,26.6,25.33,25.48,11001275.0
2011-03-21,25.2,25.48,24.95,25.43,12439395.0
2011-03-22,25.43,25.45,24.34,24.51,15370070.0
2011-03-23,24.42,25.21,24.0,25.1,16242135.0
2011-03-24,25.25,25.38,24.81,25.16,10585645.0
2011-03-25,25.18,26.61,25.1,26.42,15791415.0
2011-03-28,26.57,26.57,25.53,25.56,7960115.0
2011-03-29,25.63,26.07,25.25,25.95,6390510.0
2011-03-30,26.4,26.58,25.86,26.52,6982810.0
2011-03-31,27.32,27.98,27.22,27.36,19358135.0
2011-04-01,27.63,28.2,27.46,27.86,12333920.0
2011-04-04,28.04,28.44,27.8,28.44,8646595.0
2011-04-05,28.54,29.05,28.23,28.72,12020910.0
2011-04-06,28.85,28.88,27.74,28.07,9832575.0
2011-04-07,28.08,28.39,27.71,27.95,9509295.0
2011-04-08,28.06,28.24,27.41,27.71,7674150.0
2011-04-11,27.56,27.98,27.03,27.09,7741535.0
2011-04-12,26.89,27.05,26.1,26.76,10742890.0
2011-04-13,27.0,27.2,26.35,26.82,8736340.0
2011-04-14,26.65,26.97,26.4,26.74,6018125.0
2011-04-15,26.7,26.7,25.98,26.0,13588410.0
2011-04-18,25.8,26.64,25.52,26.59,12945775.0
2011-04-19,26.58,27.1,26.46,26.98,10134825.0
2011-04-20,27.29,27.33,26.41,26.64,10993235.0
2011-04-21,26.8,27.79,26.72,27.77,9618185.0
2011-04-25,27.79,28.17,27.61,27.79,6922735.0
2011-04-26,28.09,28.27,27.84,28.07,7920730.0
2011-04-27,28.18,28.3,27.27,27.86,7599760.0
2011-04-28,27.82,28.66,27.47,27.78,13497195.0
2011-04-29,27.91,28.5,27.78,28.31,6266345.0
2011-05-02,28.43,28.47,27.75,27.88,6750780.0
2011-05-03,27.85,27.99,26.43,26.59,9792235.0
2011-05-04,26.66,26.69,25.6,26.06,9309440.0
2011-05-05,25.84,26.74,25.46,25.85,10080600.0
2011-05-06,26.9,28.19,26.9,27.56,18518930.0
2011-05-09,27.6,28.63,27.57,28.56,9685275.0
2011-05-10,28.72,28.8,28.06,28.29,8602080.0
2011-05-11,28.15,28.15,27.09,27.46,9702800.0
2011-05-12,27.39,27.42,26.54,27.01,8747450.0
2011-05-13,27.31,27.33,26.62,26.72,8195620.0
2011-05-16,26.86,27.76,26.56,26.99,6957145.0
2011-05-17,26.93,27.18,26.53,26.85,7556030.0
2011-05-18,27.06,28.33,26.81,28.04,12231850.0
2011-05-19,28.24,28.89,27.76,28.29,13114545.0
2011-05-20,28.24,28.9,27.72,27.81,17319835.0
2011-05-23,27.88,29.59,27.5,29.55,21224090.0
2011-05-24,29.6,29.82,29.2,29.31,11465505.0
2011-05-25,29.32,30.69,29.32,30.2,17868990.0
2011-05-26,30.13,30.61,29.92,30.04,10762330.0
2011-05-27,30.28,31.27,30.25,31.04,10409445.0
2011-05-31,31.61,31.68,30.35,30.76,11483620.0
2011-06-01,30.76,30.81,29.48,29.62,11629710.0
2011-06-02,29.64,30.51,29.54,30.04,9606095.0
2011-06-03,29.69,30.4,29.36,30.28,10273550.0
2011-06-06,30.15,30.94,29.35,29.62,10402910.0
2011-06-07,29.9,30.0,29.0,29.41,10627615.0
2011-06-08,29.51,30.0,28.94,29.72,11681810.0
2011-06-09,30.37,31.1,30.17,30.97,15634760.0
2011-06-10,30.81,31.24,30.29,30.51,9966005.0
2011-06-13,30.6,31.17,29.81,30.03,7793500.0
2011-06-14,30.37,31.01,29.96,30.88,10279660.0
2011-06-15,30.52,30.54,29.27,29.6,12409315.0
2011-06-16,29.66,29.85,27.56,28.48,19478225.0
2011-06-17,28.73,28.92,26.92,27.21,23864150.0
2011-06-20,27.76,27.92,27.03,27.71,16097295.0
2011-06-21,28.0,29.4,27.92,29.36,11312525.0
2011-06-22,29.17,29.59,28.48,28.55,9706305.0
2011-06-23,28.06,28.61,27.4,28.59,11411220.0
2011-06-24,28.64,29.35,28.12,28.13,8529855.0
2011-06-27,28.35,29.04,28.02,28.8,8149830.0
2011-06-28,28.84,29.41,28.68,29.39,9350230.0
2011-06-29,29.73,30.21,29.28,29.87,13546710.0
2011-06-30,28.91,29.06,28.08,28.33,29620325.0
2011-07-01,28.65,28.69,27.55,27.9,18511310.0
2011-07-05,28.22,28.77,27.65,28.63,17480195.0
2011-07-06,28.61,28.96,28.26,28.59,8219645.0
2011-07-07,29.0,29.29,28.76,29.14,10201940.0
2011-07-08,28.32,29.86,28.31,29.8,12482825.0
2011-07-11,29.47,29.54,28.5,28.97,10851775.0
2011-07-12,29.16,30.45,29.16,29.5,19019770.0
2011-07-13,29.81,30.51,29.81,30.02,10614720.0
2011-07-14,30.22,30.77,29.62,29.96,9534245.0
2011-07-15,30.07,30.85,29.9,30.84,9603510.0
2011-07-18,30.92,30.98,30.05,30.31,8732995.0
2011-07-19,30.77,31.47,30.77,31.33,12361015.0
2011-07-20,31.68,31.8,31.29,31.48,8094360.0
2011-07-21,31.76,32.33,31.6,32.24,8727825.0
2011-07-22,32.17,32.42,31.84,32.05,6481035.0
2011-07-25,31.87,32.65,31.8,32.06,7147285.0
2011-07-26,32.07,32.26,31.44,31.9,5433195.0
2011-07-27,31.61,31.91,31.0,31.17,7296760.0
2011-07-28,31.43,32.39,31.3,31.77,6950920.0
2011-07-29,30.8,31.58,30.46,31.06,9502410.0
2011-08-01,31.63,31.93,31.12,31.45,7531740.0
2011-08-02,31.18,31.92,30.57,30.58,11434685.0
2011-08-03,30.91,31.32,29.58,31.0,13770300.0
2011-08-04,30.63,30.71,28.25,28.32,17035035.0
2011-08-05,29.97,30.16,27.66,29.33,22994550.0
2011-08-08,27.89,29.3,26.88,27.65,27080780.0
2011-08-09,28.23,30.06,28.15,30.01,25692450.0
2011-08-10,29.68,31.72,29.2,29.92,21620970.0
2011-08-11,31.14,33.27,30.81,32.84,24349660.0
2011-08-12,32.66,33.77,32.47,33.64,15687620.0
2011-08-15,33.87,34.0,33.02,33.93,13286515.0
2011-08-16,33.37,33.99,33.02,33.56,11806595.0
2011-08-17,33.71,34.58,33.58,34.38,13319290.0
2011-08-18,33.36,33.6,32.53,32.84,15189270.0
2011-08-19,32.4,34.09,32.23,32.96,17139260.0
2011-08-22,34.05,34.89,33.69,34.11,15673860.0
2011-08-23,34.34,35.79,34.2,35.79,16682550.0
2011-08-24,35.67,36.08,34.35,35.08,15164705.0
2011-08-25,35.12,35.62,34.41,35.03,12037170.0
2011-08-26,34.71,36.12,34.46,36.07,11590835.0
2011-08-29,36.48,37.74,36.41,37.72,14336500.0
2011-08-30,37.36,38.54,37.36,37.96,12809560.0
2011-08-31,38.37,38.52,35.92,36.55,14837615.0
2011-09-01,36.71,37.25,36.19,36.5,9861305.0
2011-09-02,35.62,36.61,35.17,36.38,7868845.0
2011-09-06,35.7,37.2,35.58,37.14,12049665.0
2011-09-07,37.72,37.72,36.31,36.65,9985535.0
2011-09-08,36.24,37.4,36.19,37.02,10410735.0
2011-09-09,36.61,37.27,35.69,36.02,8344870.0
2011-09-12,35.74,36.45,34.68,35.41,11435410.0
2011-09-13,35.66,36.05,35.0,35.44,9227300.0
2011-09-14,35.83,36.41,34.77,35.94,10328660.0
2011-09-15,36.04,36.19,34.73,35.08,10790075.0
2011-09-16,35.17,35.38,34.51,35.03,9522070.0
2011-09-19,34.61,35.29,34.25,35.02,8418355.0
2011-09-20,35.19,35.19,32.55,32.73,19517705.0
2011-09-21,32.72,33.4,30.58,30.59,17342335.0
2011-09-22,29.37,30.06,27.7,29.38,22446645.0
2011-09-23,28.89,29.79,28.36,29.14,14399995.0
2011-09-26,29.47,30.51,27.62,30.42,17574920.0
2011-09-27,30.89,31.92,30.5,30.99,15953335.0
2011-09-28,30.34,30.67,28.89,29.0,12303510.0
2011-09-29,29.67,30.1,27.8,28.19,15943570.0
2011-09-30,26.5,26.8,24.62,24.68,25536595.0
2011-10-03,24.2,25.82,23.9,24.2,19222265.0
2011-10-04,23.75,24.89,23.07,24.82,21760830.0
2011-10-05,25.1,26.95,24.81,26.71,16940360.0
2011-10-06,26.54,28.59,26.52,28.55,18806970.0
2011-10-07,28.74,28.79,26.4,26.94,14775900.0
2011-10-10,27.76,28.92,27.6,28.08,9883905.0
2011-10-11,27.95,29.6,27.87,29.36,10780390.0
2011-10-12,28.99,29.27,28.21,28.92,16785095.0
2011-10-13,29.03,29.68,28.44,29.5,8652150.0
2011-10-14,30.21,30.39,29.32,30.1,6465615.0
2011-10-17,29.94,29.95,28.87,29.05,6718805.0
2011-10-18,29.1,29.99,28.16,29.72,8867685.0
2011-10-19,29.65,29.83,28.59,28.7,8612405.0
2011-10-20,28.56,29.55,28.02,29.46,10693380.0
2011-10-21,30.11,30.68,29.99,30.68,8207700.0
2011-10-24,30.9,31.98,30.9,31.83,8315970.0
2011-10-25,31.7,32.62,31.1,31.58,9390650.0
2011-10-26,32.24,32.53,30.89,32.32,9214305.0
2011-10-27,33.46,34.3,32.57,33.6,8541020.0
2011-10-28,33.75,34.48,33.26,34.03,8357255.0
2011-10-31,33.6,33.6,32.43,32.45,6633280.0
2011-11-01,31.0,32.77,30.29,31.73,14979135.0
2011-11-02,32.13,34.13,32.1,33.86,12178735.0
2011-11-03,34.14,35.18,33.16,34.86,9584670.0
2011-11-04,34.6,35.39,34.35,34.76,6993735.0
2011-11-07,34.48,35.09,34.31,34.8,5122615.0
2011-11-08,35.02,35.3,34.08,35.28,6314975.0
2011-11-09,34.04,34.58,33.1,33.22,10593870.0
2011-11-10,33.57,34.0,32.74,33.83,8393985.0
2011-11-11,34.16,34.72,34.0,34.52,5386160.0
2011-11-14,34.48,34.75,33.74,34.19,6025500.0
2011-11-15,34.14,34.62,33.9,33.9,6411570.0
2011-11-16,33.84,34.24,33.32,33.4,12391225.0
2011-11-17,32.66,32.67,29.31,29.64,30250165.0
2011-11-18,30.53,31.4,30.06,30.34,20740170.0
2011-11-21,29.5,30.31,29.2,29.87,10776150.0
2011-11-22,29.84,30.78,29.56,30.2,7522780.0
2011-11-23,29.82,30.12,28.74,28.96,9099690.0
2011-11-25,28.9,29.06,27.82,27.95,4914020.0
2011-11-28,29.29,29.54,29.02,29.21,9130345.0
2011-11-29,29.13,29.49,28.67,28.75,7687355.0
2011-11-30,29.5,29.56,27.62,27.96,18310530.0
2011-12-01,28.34,29.65,28.0,29.4,14084025.0
2011-12-02,29.8,29.81,27.78,28.15,13760745.0
2011-12-05,28.54,28.71,27.57,28.16,11911015.0
2011-12-06,28.87,29.68,28.78,29.36,12616335.0
2011-12-07,29.22,29.98,29.1,29.39,9680495.0
2011-12-08,29.12,29.19,28.2,28.39,8100580.0
2011-12-09,28.31,28.58,27.77,28.31,9790370.0
2011-12-12,27.87,28.06,27.45,27.87,8776820.0
2011-12-13,28.08,28.28,26.55,26.94,11453855.0
2011-12-14,26.85,26.91,25.88,25.99,10324605.0
2011-12-15,26.46,26.49,25.61,26.03,8423585.0
2011-12-16,26.16,26.45,25.88,25.98,10745800.0
2011-12-19,25.99,26.4,25.7,25.97,8103300.0
2011-12-20,26.62,27.7,26.55,27.59,8445325.0
2011-12-21,27.45,27.78,27.23,27.65,7506845.0
2011-12-22,27.82,28.75,27.8,28.55,7461385.0
2011-12-23,28.66,29.1,28.55,28.83,4521910.0
2011-12-27,28.86,29.31,28.4,29.16,5381695.0
2011-12-28,29.18,29.3,28.26,28.45,5160375.0
2011-12-29,27.86,28.94,27.8,28.8,6648610.0
2011-12-30,28.93,29.46,28.74,29.0,5117665.0
2012-01-03,29.92,30.89,29.92,30.76,9244065.0
2012-01-04,31.31,31.75,31.09,31.6,12630315.0
2012-01-05,31.5,32.28,31.37,31.93,11743565.0
2012-01-06,32.23,32.23,31.29,31.6,9817660.0
2012-01-09,31.86,32.05,31.6,31.96,7497100.0
2012-01-10,32.8,33.34,32.8,33.24,10012690.0
2012-01-11,33.09,33.53,32.45,33.43,9599545.0
2012-01-12,32.48,33.65,31.82,33.26,16278140.0
2012-01-13,32.96,34.54,32.75,34.51,13430425.0
2012-01-17,34.4,34.9,34.08,34.54,11405455.0
2012-01-18,34.44,35.05,33.3,33.56,15806295.0
2012-01-19,33.79,34.29,33.47,34.24,10312455.0
2012-01-20,34.22,35.53,34.14,35.1,12433995.0
2012-01-23,35.0,35.24,34.45,34.7,8553630.0
2012-01-24,34.36,34.57,33.6,34.47,7207360.0
2012-01-25,34.44,36.35,34.26,36.21,14040265.0
2012-01-26,36.15,36.73,34.68,34.81,13138015.0
2012-01-27,34.56,36.33,34.56,35.92,9096810.0
2012-01-30,35.27,35.7,34.62,35.41,7065610.0
2012-01-31,36.0,36.27,34.91,35.48,8867530.0
2012-02-01,35.97,36.94,35.83,36.76,11830530.0
2012-02-02,36.8,37.13,36.42,36.46,6901405.0
2012-02-03,37.01,37.57,36.72,37.35,12003520.0
2012-02-06,37.27,37.7,36.9,37.48,8458225.0
2012-02-07,37.43,37.9,36.73,37.7,8963510.0
2012-02-08,38.01,38.48,37.41,37.9,8640330.0
2012-02-09,38.06,38.47,37.08,37.15,12180595.0
2012-02-10,36.42,36.55,35.9,36.03,9082140.0
2012-02-13,36.5,36.88,36.06,36.46,7691670.0
2012-02-14,36.41,36.44,35.25,35.58,10222030.0
2012-02-15,35.7,36.17,35.41,35.84,10938055.0
2012-02-16,35.83,36.16,34.52,35.18,16775405.0
2012-02-17,35.51,35.89,35.0,35.77,8556120.0
2012-02-21,35.87,37.58,35.85,36.86,10964340.0
2012-02-22,36.76,37.65,36.76,37.21,6794640.0
2012-02-23,37.12,37.89,36.4,37.46,9543420.0
2012-02-24,37.46,37.66,36.72,36.78,5951210.0
2012-02-27,36.57,37.96,36.25,37.83,9699955.0
2012-02-28,37.9,39.1,37.78,38.31,12929995.0
2012-02-29,38.54,38.69,36.95,37.2,13548135.0
2012-03-01,37.86,37.94,36.98,37.85,8942185.0
2012-03-02,37.7,38.4,37.36,37.65,7566185.0
2012-03-05,36.94,37.16,35.24,35.6,15667070.0
2012-03-06,34.84,34.95,33.67,33.79,16499570.0
2012-03-07,34.41,35.52,34.14,35.17,12468510.0
2012-03-08,35.9,36.7,35.59,36.6,10796765.0
2012-03-09,36.58,36.83,35.63,35.75,9706995.0
2012-03-12,35.7,36.5,35.7,36.0,7741875.0
2012-03-13,36.42,36.59,35.62,36.05,8056970.0
2012-03-14,35.92,36.37,35.67,36.3,6978880.0
2012-03-15,36.45,36.8,36.02,36.23,6131090.0
2012-03-16,36.47,37.32,36.4,36.84,10975600.0
2012-03-19,37.02,37.45,36.59,36.63,7211035.0
2012-03-20,36.92,37.44,36.34,36.8,9910350.0
2012-03-21,36.92,37.33,36.61,37.21,6113385.0
2012-03-22,36.8,37.27,36.16,36.49,7280795.0
2012-03-23,36.98,37.86,36.77,37.75,10602090.0
2012-03-26,38.01,38.28,37.12,37.61,9770135.0
2012-03-27,37.65,38.28,37.45,37.51,7263685.0
2012-03-28,37.56,37.58,36.01,36.62,8398720.0
2012-03-29,36.29,36.45,35.04,35.9,13241220.0
2012-03-30,36.59,36.96,36.05,36.53,9452420.0
2012-04-02,36.64,37.66,36.33,37.56,7546830.0
2012-04-03,37.59,37.96,37.23,37.66,7664925.0
2012-04-04,37.19,37.74,37.02,37.42,7703935.0
2012-04-05,37.46,37.99,37.01,37.33,6170710.0
2012-04-09,36.64,37.13,36.35,36.55,6196525.0
2012-04-10,36.3,36.75,35.64,35.81,8057000.0
2012-04-11,36.33,36.84,36.28,36.37,6962300.0
2012-04-12,36.56,38.1,36.47,37.78,8652235.0
2012-04-13,37.77,38.18,37.11,37.25,8256805.0
2012-04-16,37.44,37.79,36.33,36.56,7831225.0
2012-04-17,36.79,37.55,36.5,37.35,5731105.0
2012-04-18,37.06,37.97,36.92,37.25,8350635.0
2012-04-19,37.36,37.68,36.83,37.16,4455525.0
2012-04-20,37.29,37.72,37.21,37.33,4301720.0
2012-04-23,36.8,37.1,35.94,36.46,7323145.0
2012-04-24,36.43,36.94,36.1,36.28,6243330.0
2012-04-25,37.23,38.47,37.03,38.45,10593685.0
2012-04-26,38.25,39.06,37.89,38.6,9908010.0
2012-04-27,38.77,39.88,38.58,39.56,10014065.0
2012-04-30,39.56,39.74,38.55,38.61,7804990.0
2012-05-01,38.62,39.37,38.17,39.04,8023530.0
2012-05-02,39.5,40.25,39.25,40.03,11894380.0
2012-05-03,40.2,40.66,38.96,39.5,11697520.0
2012-05-04,38.85,38.98,36.32,36.78,19187395.0
2012-05-07,36.16,37.47,36.07,36.78,9536050.0
2012-05-08,36.46,36.65,35.49,36.58,10623570.0
2012-05-09,35.06,35.91,34.7,35.04,11986435.0
2012-05-10,35.51,35.55,34.25,34.43,10420440.0
2012-05-11,34.14,34.89,33.62,34.44,8198500.0
2012-05-14,33.8,33.92,33.14,33.16,9742055.0
2012-05-15,33.39,33.7,32.6,32.71,7894340.0
2012-05-16,32.89,33.3,31.91,32.11,8395850.0
2012-05-17,32.36,32.55,30.83,30.85,12876440.0
2012-05-18,31.13,32.07,31.05,31.4,10755215.0
2012-05-21,31.32,33.31,31.32,33.23,9177580.0
2012-05-22,33.43,33.43,32.08,32.3,10864055.0
2012-05-23,31.96,33.57,31.78,33.46,8844375.0
2012-05-24,33.68,34.36,33.04,33.62,9898600.0
2012-05-25,33.6,33.89,33.04,33.31,6077345.0
2012-05-29,33.7,34.76,33.69,34.64,7241830.0
2012-05-30,34.17,34.88,33.87,34.52,8409030.0
2012-05-31,34.43,34.56,33.8,34.19,7319505.0
2012-06-01,33.21,33.52,32.14,32.42,9136850.0
2012-06-04,32.62,32.73,31.32,31.95,7351475.0
2012-06-05,31.8,33.52,31.8,33.37,6863025.0
2012-06-06,33.82,34.22,33.69,33.78,6429935.0
2012-06-07,34.48,34.54,33.16,33.27,7133710.0
2012-06-08,33.24,34.1,32.84,34.1,5423675.0
2012-06-11,34.7,34.76,33.26,33.28,5418460.0
2012-06-12,33.64,33.9,33.16,33.75,4727530.0
2012-06-13,33.67,33.67,32.56,32.83,6099490.0
2012-06-14,32.86,33.08,32.38,32.76,4298720.0
2012-06-15,32.9,33.11,32.43,33.02,4718185.0
2012-06-18,32.82,34.33,32.82,34.18,5705115.0
2012-06-19,34.56,36.18,34.56,36.17,11777640.0
2012-06-20,36.2,36.29,35.38,35.89,7206645.0
2012-06-21,35.92,36.05,34.88,35.02,4247570.0
2012-06-22,35.22,35.76,35.11,35.54,8348090.0
2012-06-25,36.01,37.16,35.9,36.73,9535425.0
2012-06-26,37.1,38.15,37.04,37.79,10389535.0
2012-06-27,38.12,38.8,37.71,38.08,9527280.0
2012-06-28,37.38,38.06,37.18,38.01,6864335.0
2012-06-29,39.12,39.16,38.3,38.75,7836260.0
2012-07-02,39.15,39.34,38.31,38.69,4514280.0
2012-07-03,38.88,39.99,38.88,39.87,5408230.0
2012-07-05,39.81,40.47,39.45,39.95,6125825.0
2012-07-06,39.36,39.54,38.94,39.23,4815885.0
2012-07-09,39.6,39.85,38.95,39.13,5185095.0
2012-07-10,39.27,39.37,38.02,38.19,5317185.0
2012-07-11,39.2,39.5,38.31,38.94,9865420.0
2012-07-12,38.62,38.96,38.03,38.7,6613960.0
2012-07-13,38.83,39.3,38.51,39.04,5044275.0
2012-07-16,38.87,40.07,38.6,39.73,7033855.0
2012-07-17,39.98,41.02,39.98,40.73,9860900.0
2012-07-18,41.14,41.69,40.87,41.24,8133795.0
2012-07-19,41.19,41.22,40.45,40.73,5324605.0
2012-07-20,40.3,40.95,39.8,40.55,6478170.0
2012-07-23,39.63,40.21,39.24,39.59,6257415.0
2012-07-24,39.74,40.0,38.27,38.79,8484905.0
2012-07-25,39.14,39.34,38.23,39.12,6126965.0
2012-07-26,39.42,39.72,38.44,38.92,6255945.0
2012-07-27,39.35,40.24,39.0,40.06,6388240.0
2012-07-30,40.15,40.18,39.35,39.5,4469880.0
2012-07-31,39.64,39.76,38.99,39.15,5781235.0
2012-08-01,39.46,39.67,38.9,38.92,4405500.0
2012-08-02,38.46,39.32,38.18,38.88,5628075.0
2012-08-03,40.13,41.02,40.01,40.4,9359735.0
2012-08-06,40.74,40.9,39.72,40.69,7455955.0
2012-08-07,40.54,41.53,39.99,41.21,12023535.0
2012-08-08,41.15,42.25,40.98,41.49,7572235.0
2012-08-09,41.28,43.04,41.22,42.57,8577180.0
2012-08-10,42.4,42.52,41.32,41.59,8697815.0
2012-08-13,41.95,42.06,41.34,41.74,5535170.0
2012-08-14,42.04,42.24,41.53,41.62,4483660.0
2012-08-15,41.74,42.34,41.54,42.3,4752505.0
2012-08-16,42.3,43.37,42.12,43.22,6518355.0
2012-08-17,43.27,43.5,43.08,43.33,4126015.0
2012-08-20,43.3,43.65,42.59,43.12,5050190.0
2012-08-21,43.01,43.36,42.1,42.28,4659165.0
2012-08-22,42.25,42.76,41.81,42.76,3583700.0
2012-08-23,42.51,42.6,41.26,41.35,5010900.0
2012-08-24,41.42,41.78,41.13,41.52,4541050.0
2012-08-27,41.52,41.52,41.06,41.19,2723755.0
2012-08-28,41.0,41.52,40.88,41.36,3798640.0
2012-08-29,41.54,41.6,40.96,41.5,4152185.0
2012-08-30,41.44,41.44,40.49,40.71,2829280.0
2012-08-31,41.08,41.65,40.63,41.4,3455805.0
2012-09-04,41.37,41.83,40.51,40.95,4803110.0
2012-09-05,41.39,41.79,40.63,41.65,4859505.0
2012-09-06,42.0,42.67,41.81,42.58,4576015.0
2012-09-07,42.64,43.27,42.64,42.99,4164055.0
2012-09-10,43.3,43.3,42.43,42.43,3827670.0
2012-09-11,42.4,42.98,42.22,42.26,4227910.0
2012-09-12,41.82,43.42,41.82,42.92,7160315.0
2012-09-13,43.0,44.35,42.62,44.09,6149755.0
2012-09-14,45.02,45.6,44.36,44.74,7374315.0
2012-09-17,44.37,44.37,43.67,44.08,4472655.0
2012-09-18,44.11,44.6,43.48,43.96,3920170.0
2012-09-19,44.0,44.81,44.0,44.56,5435300.0
2012-09-20,44.29,44.35,43.22,43.99,6714505.0
2012-09-21,44.33,44.4,43.65,43.74,4859880.0
2012-09-24,43.22,43.7,43.22,43.36,2839025.0
2012-09-25,43.44,43.75,42.8,42.83,4277290.0
2012-09-26,42.87,43.42,42.62,43.18,3967125.0
2012-09-27,43.58,44.13,43.32,44.02,3730640.0
2012-09-28,44.07,44.59,44.02,44.45,6343845.0
2012-10-01,44.61,45.3,44.58,44.9,4889665.0
2012-10-02,44.63,44.89,43.97,44.4,5485195.0
2012-10-03,44.11,44.38,43.66,44.0,5137885.0
2012-10-04,44.15,44.73,44.02,44.72,3841700.0
2012-10-05,45.03,45.11,44.13,44.38,3587275.0
2012-10-08,44.15,44.23,43.46,43.63,3769320.0
2012-10-09,43.5,44.1,43.31,43.63,3920795.0
2012-10-10,43.44,43.69,42.63,42.73,5348825.0
2012-10-11,43.15,43.99,42.93,42.96,5940170.0
2012-10-12,43.08,43.11,42.01,42.1,4557265.0
2012-10-15,41.4,42.02,41.31,41.95,3791745.0
2012-10-16,42.19,43.06,42.04,42.65,4846920.0
2012-10-17,42.55,43.38,42.39,43.19,3226820.0
2012-10-18,42.97,43.06,42.16,42.32,4021440.0
2012-10-19,42.07,42.23,41.11,41.34,6944085.0
2012-10-22,41.08,41.98,41.08,41.96,4184235.0
2012-10-23,41.15,41.31,40.17,41.11,6074170.0
2012-10-24,41.41,41.54,40.88,41.0,4314300.0
2012-10-25,41.12,41.12,40.31,40.72,4154440.0
2012-10-26,40.83,41.2,40.41,40.96,2930090.0
2012-10-31,41.02,41.43,40.75,41.04,2907730.0
2012-11-01,41.13,42.2,40.98,42.18,4021130.0
2012-11-02,41.2,42.06,39.71,39.81,11445755.0
2012-11-05,39.62,41.3,39.62,41.1,6241295.0
2012-11-06,41.6,41.76,41.0,41.27,6784525.0
2012-11-07,40.58,40.8,40.03,40.4,4824625.0
2012-11-08,40.51,40.54,38.38,39.15,8141470.0
2012-11-09,38.78,39.94,38.56,39.21,4386550.0
2012-11-12,39.38,39.74,39.11,39.44,3560905.0
2012-11-13,39.24,39.99,39.11,39.45,4919165.0
2012-11-14,38.99,39.92,38.93,39.05,4255890.0
2012-11-15,39.18,39.67,38.62,38.96,5146295.0
2012-11-16,39.19,39.5,38.87,39.12,5037935.0
2012-11-19,39.8,40.78,39.53,40.73,5539500.0
2012-11-20,40.56,41.44,40.36,41.16,4277280.0
2012-11-21,40.94,41.53,40.84,41.45,3091935.0
2012-11-23,41.76,42.03,41.65,42.02,1975870.0
2012-11-26,41.95,41.96,41.02,41.68,2944720.0
2012-11-27,41.73,42.08,41.55,41.66,3350310.0
2012-11-28,41.2,41.78,40.84,41.71,3465080.0
2012-11-29,42.02,42.95,41.99,42.66,6061480.0
2012-11-30,42.68,42.91,42.42,42.81,4629340.0
2012-12-03,42.69,43.0,41.8,41.86,5032870.0
2012-12-04,41.78,42.65,41.72,42.5,5057860.0
2012-12-05,42.63,42.68,42.09,42.35,3737355.0
2012-12-06,42.38,42.7,41.84,42.34,2652545.0
2012-12-07,42.78,42.78,42.26,42.46,2193855.0
2012-12-10,42.43,42.88,42.37,42.74,2455000.0
2012-12-11,42.9,43.7,42.77,43.44,3903300.0
2012-12-12,43.18,43.37,41.75,41.94,7208270.0
2012-12-13,41.87,41.98,40.24,40.5,8678570.0
2012-12-14,40.21,41.39,40.21,41.2,4317230.0
2012-12-17,41.35,41.35,40.38,41.05,5433395.0
2012-12-18,41.18,41.48,40.62,41.1,5285845.0
2012-12-19,41.16,41.68,41.11,41.13,3621935.0
2012-12-20,41.0,41.05,40.14,40.86,5220255.0
2012-12-21,40.1,40.59,39.92,39.96,5540725.0
2012-12-24,39.92,40.37,39.68,40.24,1713390.0
2012-12-26,40.37,40.78,40.15,40.43,1786625.0
2012-12-27,40.51,40.72,39.8,40.28,3223410.0
2012-12-28,39.98,40.3,39.85,39.93,2296920.0
2012-12-31,39.77,40.8,39.7,40.63,4129380.0
2013-01-02,41.79,41.94,41.0,41.45,5048455.0
2013-01-03,41.41,41.86,41.1,41.25,4025210.0
2013-01-04,41.48,42.36,41.48,42.18,4533860.0
2013-01-07,42.01,42.14,41.38,42.02,3603720.0
2013-01-08,41.89,41.89,41.25,41.4,5062595.0
2013-01-09,41.4,43.17,41.4,42.85,8227320.0
2013-01-10,43.21,43.64,42.64,43.49,9967465.0
2013-01-11,43.52,43.96,43.16,43.63,9884420.0
2013-01-14,43.65,43.91,43.4,43.74,3598315.0
2013-01-15,43.72,43.76,43.2,43.4,3780150.0
2013-01-16,43.27,43.84,43.07,43.57,3215060.0
2013-01-17,43.78,43.78,43.36,43.48,3354790.0
2013-01-18,43.7,44.12,43.27,43.81,4615215.0
2013-01-22,44.02,44.88,43.92,44.74,5348440.0
2013-01-23,44.74,45.05,44.58,44.76,3909200.0
2013-01-24,44.85,45.61,44.77,45.29,5864400.0
2013-01-25,46.0,46.3,45.35,46.06,5309895.0
2013-01-28,46.13,46.13,45.37,45.64,3862850.0
2013-01-29,45.64,45.96,45.6,45.82,2386215.0
2013-01-30,45.77,46.69,45.71,46.1,3844875.0
2013-01-31,45.78,46.27,45.48,45.83,3784665.0
2013-02-01,46.36,46.36,45.85,45.99,4059240.0
2013-02-04,45.88,46.02,45.64,45.78,4545605.0
2013-02-05,45.99,46.16,45.45,45.5,3279030.0
2013-02-06,45.18,45.59,45.06,45.18,2492520.0
2013-02-07,45.46,45.69,44.84,45.07,3040020.0
2013-02-08,45.08,45.41,44.8,45.23,2335100.0
2013-02-11,45.24,45.47,44.86,45.12,1679485.0
2013-02-12,45.34,45.34,44.02,44.07,5382000.0
2013-02-13,44.14,44.38,43.22,43.58,5663750.0
2013-02-14,43.74,43.83,43.22,43.57,3482780.0
2013-02-15,43.51,43.58,42.89,43.33,5777765.0
2013-02-19,43.48,43.98,43.32,43.71,5283095.0
2013-02-20,43.39,43.39,41.26,41.41,13309190.0
2013-02-21,40.64,41.04,39.92,40.79,9965835.0
2013-02-22,40.74,40.78,39.8,40.3,7476435.0
2013-02-25,40.52,40.65,39.44,39.45,7410790.0
2013-02-26,39.61,39.74,37.96,39.05,15497615.0
2013-02-27,39.01,40.03,38.91,39.77,6259540.0
2013-02-28,39.67,40.47,39.53,40.17,6466235.0
2013-03-01,39.91,40.4,39.62,40.3,6805655.0
2013-03-04,40.2,40.24,39.71,40.08,8080765.0
2013-03-05,40.28,40.67,40.07,40.31,4757605.0
2013-03-06,40.57,40.88,40.25,40.4,5719580.0
2013-03-07,40.42,40.72,40.11,40.55,5079195.0
2013-03-08,40.8,41.52,40.37,41.43,6631265.0
2013-03-11,41.39,41.72,41.07,41.63,5606265.0
2013-03-12,41.54,41.6,41.1,41.34,4883065.0
2013-03-13,41.37,41.59,40.63,40.78,5518435.0
2013-03-14,40.94,40.97,40.36,40.7,5441680.0
2013-03-15,40.42,41.08,40.34,40.78,8233280.0
2013-03-18,40.2,40.6,39.8,40.41,7725025.0
2013-03-19,40.44,40.53,39.05,39.28,6925010.0
2013-03-20,39.58,39.6,39.09,39.3,4875685.0
2013-03-21,39.1,39.19,38.75,38.77,4104385.0
2013-03-22,38.83,38.97,38.46,38.65,3807395.0
2013-03-25,38.8,38.87,38.02,38.3,5644260.0
2013-03-26,38.5,38.7,38.06,38.67,4869855.0
2013-03-27,38.25,38.66,38.02,38.35,5201905.0
2013-03-28,38.36,38.79,37.95,38.07,5178350.0
2013-04-01,37.96,38.06,37.71,38.0,5311985.0
2013-04-02,38.14,38.27,36.99,37.22,8886020.0
2013-04-03,37.41,37.59,36.86,37.48,8097795.0
2013-04-04,37.4,38.1,37.39,38.01,5127670.0
2013-04-05,37.38,38.06,37.37,37.99,4174805.0
2013-04-08,37.96,38.06,37.6,37.94,2059560.0
2013-04-09,38.1,38.7,38.03,38.2,4073540.0
2013-04-10,38.3,38.43,37.74,38.23,4794450.0
2013-04-11,38.23,38.23,37.61,37.7,4362725.0
2013-04-12,37.56,37.56,36.18,36.45,11529935.0
2013-04-15,36.11,36.23,35.08,35.1,6342135.0
2013-04-16,35.36,35.65,35.01,35.4,6025940.0
2013-04-17,35.12,35.12,34.11,34.57,6848350.0
2013-04-18,34.72,35.95,34.72,35.61,7600150.0
2013-04-19,35.74,36.07,35.4,35.83,4802125.0
2013-04-22,35.77,35.96,35.21,35.63,3885310.0
2013-04-23,35.81,35.99,35.12,35.88,7054375.0
2013-04-24,36.0,37.5,35.98,37.42,5578535.0
2013-04-25,37.61,38.73,37.6,38.24,6469360.0
2013-04-26,38.05,38.08,37.04,37.15,3629200.0
2013-04-29,37.55,37.76,37.14,37.76,4331355.0
2013-04-30,37.77,37.78,37.11,37.3,5159945.0
2013-05-01,37.15,37.15,36.54,36.69,4084540.0
2013-05-02,36.85,37.0,36.28,36.79,3527300.0
2013-05-03,37.15,37.28,36.68,36.8,5068195.0
2013-05-06,36.91,37.3,36.73,37.22,3016525.0
2013-05-07,37.25,37.8,37.12,37.44,6189970.0
2013-05-08,37.22,38.26,37.0,38.14,6332270.0
2013-05-09,38.22,39.48,38.2,39.0,6552920.0
2013-05-10,39.29,39.34,38.03,38.99,5106445.0
2013-05-13,38.73,38.87,38.13,38.33,4075860.0
2013-05-14,38.32,38.6,38.06,38.56,3271655.0
2013-05-15,38.28,38.57,37.76,38.02,5987150.0
2013-05-16,38.08,38.68,37.72,38.15,3488990.0
2013-05-17,38.24,38.39,37.82,38.1,4896190.0
2013-05-20,37.93,38.35,37.68,38.3,3076215.0
2013-05-21,38.22,38.82,37.69,37.71,4553975.0
2013-05-22,37.71,38.54,37.47,37.78,5119965.0
2013-05-23,37.28,38.02,37.06,37.78,3869830.0
2013-05-24,37.53,37.53,36.97,37.35,2824975.0
2013-05-28,37.89,38.12,37.61,37.78,2904900.0
2013-05-29,37.68,39.05,37.52,38.8,4743525.0
2013-05-30,38.93,39.09,38.52,38.94,3832710.0
2013-05-31,38.73,38.85,38.18,38.19,3335830.0
2013-06-03,38.32,38.75,38.16,38.71,3645280.0
2013-06-04,38.63,39.07,38.38,38.8,3979420.0
2013-06-05,38.63,39.15,38.3,38.36,6120720.0
2013-06-06,38.18,38.64,37.84,38.58,4132620.0
2013-06-07,38.62,38.98,38.45,38.88,3221905.0
2013-06-10,39.06,39.25,38.51,38.76,3093295.0
2013-06-11,38.37,38.37,37.52,37.55,3718380.0
2013-06-12,37.76,37.98,36.59,36.7,5484795.0
2013-06-13,36.34,37.17,36.34,37.13,3792205.0
2013-06-14,37.0,37.27,36.62,36.91,4663415.0
2013-06-17,37.07,37.18,36.7,36.98,4411855.0
2013-06-18,36.94,37.86,36.94,37.73,3955720.0
2013-06-19,37.89,38.3,37.59,37.95,6049945.0
2013-06-20,37.25,37.42,36.63,36.88,6659275.0
2013-06-21,37.03,37.09,36.2,36.53,7893935.0
2013-06-24,36.04,36.04,34.92,35.27,5786570.0
2013-06-25,35.5,35.57,34.94,34.97,5598415.0
2013-06-26,35.14,35.79,34.8,35.38,4409365.0
2013-06-27,35.6,35.6,34.86,35.08,6226320.0
2013-06-28,34.98,35.34,34.3,34.3,10344005.0
2013-07-01,34.64,34.84,34.04,34.06,7854910.0
2013-07-02,34.18,34.77,33.87,34.37,6442055.0
2013-07-03,34.38,35.03,34.38,35.0,2809340.0
2013-07-05,35.2,35.25,34.45,35.09,3990210.0
2013-07-08,35.3,35.63,35.2,35.38,2899305.0
2013-07-09,35.63,36.45,35.58,36.24,4951255.0
2013-07-10,36.27,36.49,35.76,36.17,3499080.0
2013-07-11,36.73,37.52,36.6,37.51,6054010.0
2013-07-12,36.39,37.49,36.39,36.83,4202345.0
2013-07-15,36.93,37.11,36.22,37.07,3811790.0
2013-07-16,37.04,37.15,36.0,36.23,3642300.0
2013-07-17,36.51,36.87,36.34,36.72,2566165.0
2013-07-18,36.79,37.16,36.54,36.59,3668045.0
2013-07-19,36.73,37.01,36.55,36.78,2893165.0
2013-07-22,36.83,37.12,36.49,36.51,2768330.0
2013-07-23,36.6,36.66,36.15,36.2,3417110.0
2013-07-24,36.15,36.3,35.56,35.95,3422465.0
2013-07-25,35.7,36.19,35.5,36.02,3608785.0
2013-07-26,36.0,36.3,35.7,36.2,2422290.0
2013-07-29,36.07,40.55,35.86,40.46,28288775.0
2013-07-30,39.34,40.69,39.25,39.45,20524725.0
2013-07-31,39.44,39.88,39.01,39.2,7076575.0
2013-08-01,39.68,39.86,38.98,39.2,6358495.0
2013-08-02,39.15,39.27,38.36,38.67,4758600.0
2013-08-05,38.6,38.91,38.37,38.62,3618275.0
2013-08-06,38.7,38.7,37.3,37.91,7574370.0
2013-08-07,38.5,38.53,37.02,37.98,8001875.0
2013-08-08,38.42,39.04,38.2,38.38,5620660.0
2013-08-09,38.26,38.6,37.22,37.65,6451010.0
2013-08-12,37.43,38.09,37.27,38.02,4830170.0
2013-08-13,38.04,38.27,37.78,38.01,4781845.0
2013-08-14,37.52,38.15,37.47,37.61,3174165.0
2013-08-15,37.24,38.26,37.13,38.1,5132755.0
2013-08-16,37.97,38.08,37.33,37.57,4622640.0
2013-08-19,37.57,37.71,37.3,37.3,4408955.0
2013-08-20,37.43,37.86,37.13,37.58,3142130.0
2013-08-21,37.58,38.43,37.54,38.2,4814125.0
2013-08-22,38.4,38.95,38.34,38.78,2220545.0
2013-08-23,38.83,38.92,38.61,38.86,2476895.0
2013-08-26,39.15,40.16,39.15,39.41,3188885.0
2013-08-27,38.87,39.24,38.66,38.69,2711535.0
2013-08-28,38.51,38.68,37.65,37.98,4341815.0
2013-08-29,37.93,38.19,37.72,37.87,2483555.0
2013-08-30,37.97,38.33,37.84,38.07,3296745.0
2013-09-03,38.47,38.89,38.24,38.33,3409970.0
2013-09-04,38.21,38.65,37.89,38.45,1696790.0
2013-09-05,38.45,38.8,38.12,38.5,2729985.0
2013-09-06,38.65,39.25,38.5,38.84,3467400.0
2013-09-09,39.06,39.62,38.88,39.16,4772680.0
2013-09-10,39.24,39.97,39.08,39.54,3651480.0
2013-09-11,39.95,39.99,39.06,39.64,3307220.0
2013-09-12,39.54,39.75,38.54,38.88,4297120.0
2013-09-13,38.33,39.3,38.33,38.77,3956270.0
2013-09-16,39.4,40.64,38.86,40.14,6633425.0
2013-09-17,40.1,40.37,39.67,40.15,5293365.0
2013-09-18,40.16,41.49,39.97,41.4,5046435.0
2013-09-19,41.51,41.81,41.03,41.22,5737560.0
2013-09-20,41.9,42.13,41.33,41.63,7069150.0
2013-09-23,41.63,41.93,41.34,41.58,3004680.0
2013-09-24,41.67,42.04,41.36,41.6,5603365.0
2013-09-25,42.34,43.3,42.02,42.8,7295330.0
2013-09-26,42.96,42.96,42.33,42.47,2853990.0
2013-09-27,42.19,42.67,42.0,42.1,2449125.0
2013-09-30,41.76,42.76,41.36,42.17,3506390.0
2013-10-01,42.17,42.7,41.83,42.19,3673140.0
2013-10-02,41.75,42.78,41.73,42.78,4149285.0
2013-10-03,42.51,42.8,42.11,42.36,2838805.0
2013-10-04,42.29,43.34,42.26,43.28,5206655.0
2013-10-07,42.98,43.44,42.82,42.91,2662375.0
2013-10-08,42.8,42.97,41.48,41.74,3735950.0
2013-10-09,41.96,41.96,40.86,41.29,6499915.0
2013-10-10,41.64,41.9,41.08,41.38,4694995.0
2013-10-11,41.13,41.35,40.61,40.91,3385180.0
2013-10-14,40.94,41.33,40.86,41.22,2190445.0
2013-10-15,41.12,41.8,40.76,41.03,1890515.0
2013-10-16,41.29,42.25,41.06,41.79,3005925.0
2013-10-17,41.83,42.18,41.69,41.91,3030815.0
2013-10-18,42.63,43.29,41.71,43.03,9430945.0
2013-10-21,43.12,43.53,42.74,43.19,5483605.0
2013-10-22,43.2,43.35,42.65,43.16,4677070.0
2013-10-23,43.01,43.03,42.23,42.51,2524815.0
2013-10-24,42.34,42.34,41.35,42.03,3847890.0
2013-10-25,42.03,42.12,41.47,41.92,2809355.0
2013-10-28,43.4,44.13,43.31,43.67,6226675.0
2013-10-29,43.45,43.8,42.77,43.24,3326010.0
2013-10-30,43.2,43.68,42.94,43.27,2119025.0
2013-10-31,43.21,43.49,42.81,43.12,2515970.0
2013-11-01,43.0,43.22,42.66,42.99,2903930.0
2013-11-04,43.21,43.69,43.04,43.53,3363480.0
2013-11-05,42.2,42.64,41.46,41.9,9375975.0
2013-11-06,41.89,42.45,41.84,42.33,4788210.0
2013-11-07,42.22,42.75,42.11,42.15,5122405.0
2013-11-08,42.22,43.95,42.02,43.87,7011395.0
2013-11-11,43.97,44.3,43.7,44.1,3211850.0
2013-11-12,43.86,44.09,43.33,43.66,4474530.0
2013-11-13,43.26,43.92,43.2,43.48,3478875.0
2013-11-14,43.76,44.0,43.36,43.74,2553465.0
2013-11-15,43.7,44.08,43.58,43.78,4391615.0
2013-11-18,43.81,44.05,43.2,43.26,3079605.0
2013-11-19,42.65,43.38,42.65,42.9,3332015.0
2013-11-20,42.96,43.15,42.73,42.89,2129515.0
2013-11-21,43.09,43.2,42.73,42.92,1924960.0
2013-11-22,43.03,43.09,42.68,43.04,2483615.0
2013-11-25,43.07,43.09,42.67,42.73,4129180.0
2013-11-26,42.87,43.16,42.54,42.87,2134585.0
2013-11-27,42.93,43.53,42.92,43.3,2169050.0
2013-11-29,43.38,43.98,43.18,43.48,904750.0
2013-12-02,43.57,43.96,43.38,43.4,2541925.0
2013-12-03,43.17,43.5,42.74,42.84,2671480.0
2013-12-04,45.14,47.49,45.0,47.41,21242680.0
2013-12-05,47.66,47.88,46.96,47.12,9026255.0
2013-12-06,47.58,47.64,46.55,46.62,3563640.0
2013-12-09,46.62,46.82,46.15,46.32,3617990.0
2013-12-10,46.32,46.74,45.83,45.95,3364140.0
2013-12-11,46.0,46.0,45.49,45.62,2514800.0
2013-12-12,45.5,45.72,45.08,45.13,3031675.0
2013-12-13,45.3,45.61,45.04,45.11,2676740.0
2013-12-16,45.38,45.54,44.5,45.33,4086595.0
2013-12-17,45.1,46.08,45.1,45.93,4773125.0
2013-12-18,46.14,46.14,44.66,45.65,3935880.0
2013-12-19,45.23,45.95,45.23,45.6,2484960.0
2013-12-20,45.46,45.69,45.28,45.6,4102800.0
2013-12-23,45.95,46.55,45.62,46.22,2568780.0
2013-12-24,46.17,46.72,46.17,46.32,954410.0
2013-12-26,46.48,46.9,46.4,46.53,1268880.0
2013-12-27,46.53,46.62,45.89,46.23,1940870.0
2013-12-30,46.4,46.54,45.64,46.36,2246040.0
2013-12-31,46.36,46.74,46.28,46.61,2058925.0
2014-01-02,46.6,47.36,46.46,46.74,3460110.0
2014-01-03,46.88,46.98,46.24,46.42,2272410.0
2014-01-06,46.63,46.74,45.7,45.8,4105020.0
2014-01-07,46.01,46.15,45.12,46.09,4197740.0
2014-01-08,45.83,47.06,45.76,46.71,6478380.0
2014-01-09,46.65,48.33,46.6,48.0,7461540.0
2014-01-10,48.15,49.39,48.02,49.23,5428250.0
2014-01-13,49.04,49.56,48.7,48.93,5027355.0
2014-01-14,48.98,49.81,48.71,49.13,5386280.0
2014-01-15,49.31,49.74,49.24,49.69,3452765.0
2014-01-16,49.98,49.98,49.24,49.69,2134645.0
2014-01-17,49.77,49.77,48.99,49.16,2040400.0
2014-01-21,49.44,49.81,49.2,49.3,2913490.0
2014-01-22,49.31,49.46,48.32,48.49,3268140.0
2014-01-23,48.27,48.95,47.6,47.93,4231025.0
2014-01-24,47.39,47.77,46.53,46.54,3984995.0
2014-01-27,46.61,46.83,46.04,46.36,4683775.0
2014-01-28,46.38,47.24,46.17,46.98,4227775.0
2014-01-29,46.28,46.95,45.89,45.91,4804885.0
2014-01-30,46.03,47.18,45.5,46.52,4243950.0
2014-01-31,46.15,46.67,46.01,46.17,3697495.0
2014-02-03,46.1,46.57,45.16,45.23,4644380.0
2014-02-04,45.23,45.94,44.62,44.98,5173690.0
2014-02-05,44.69,45.69,44.02,45.55,4413025.0
2014-02-06,45.63,46.1,45.5,45.99,2893525.0
2014-02-07,46.02,46.88,45.96,46.81,3349995.0
2014-02-10,46.77,47.53,46.52,46.58,4617230.0
2014-02-11,46.79,47.03,46.14,46.21,5338030.0
2014-02-12,46.04,46.04,45.3,45.74,9237620.0
2014-02-13,45.58,46.44,45.44,46.25,8174315.0
2014-02-14,46.3,46.69,46.02,46.33,7555575.0
2014-02-18,46.29,46.37,44.46,45.24,11816295.0
2014-02-19,47.35,49.92,47.28,47.52,14527990.0
2014-02-20,47.7,48.35,47.69,48.17,4620380.0
2014-02-21,48.24,48.88,47.91,48.59,5020230.0
2014-02-24,48.44,49.2,48.44,48.56,6802075.0
2014-02-25,48.57,49.05,48.55,48.59,4049025.0
2014-02-26,48.74,49.17,48.53,48.86,3136585.0
2014-02-27,48.61,49.93,48.57,49.81,4751315.0
2014-02-28,50.03,50.26,49.82,50.18,4825720.0
2014-03-03,50.65,51.4,50.51,51.17,6819015.0
2014-03-04,51.5,51.81,50.72,51.4,6934930.0
2014-03-05,51.42,52.91,50.96,52.56,5445865.0
2014-03-06,52.56,53.17,52.22,52.83,4220630.0
2014-03-07,52.92,53.55,51.98,52.22,6431130.0
2014-03-10,52.18,53.13,51.53,52.9,4458325.0
2014-03-11,52.85,52.85,51.49,51.5,5753060.0
2014-03-12,51.05,51.4,50.36,51.15,6832320.0
2014-03-13,51.3,51.49,50.09,50.31,5756445.0
2014-03-14,50.2,50.55,49.99,50.46,5250425.0
2014-03-17,50.61,51.12,50.11,50.18,3351580.0
2014-03-18,50.2,50.99,50.18,50.93,3373460.0
2014-03-19,50.9,51.26,50.2,50.46,2402890.0
2014-03-20,50.33,50.68,49.98,50.29,3136925.0
2014-03-21,50.68,51.25,50.5,50.8,6171515.0
2014-03-24,51.0,51.32,50.17,50.54,4399320.0
2014-03-25,50.75,51.38,50.6,50.94,2831080.0
2014-03-26,51.38,51.47,50.3,50.32,2648435.0
2014-03-27,50.32,51.01,50.07,50.94,3617220.0
2014-03-28,50.77,51.79,50.77,51.56,3178190.0
2014-03-31,51.63,52.26,50.71,52.13,5067735.0
2014-04-01,52.32,53.39,51.75,53.28,5828405.0
2014-04-02,52.94,53.38,52.28,53.09,4946590.0
2014-04-03,52.8,52.8,51.78,51.96,4240165.0
2014-04-04,52.2,52.37,50.92,51.12,4025580.0
2014-04-07,51.19,51.48,50.12,50.37,3089605.0
2014-04-08,50.48,51.11,50.32,50.89,3372555.0
2014-04-09,50.89,51.53,50.77,51.08,3270090.0
2014-04-10,50.27,50.8,49.0,49.15,5645690.0
2014-04-11,48.83,48.91,47.48,47.54,7857000.0
2014-04-14,47.69,48.24,46.48,48.2,4398615.0
2014-04-15,48.24,48.69,47.74,48.17,3759055.0
2014-04-16,48.59,49.58,48.42,49.54,3509330.0
2014-04-17,49.36,49.42,48.46,48.47,3128495.0
2014-04-21,48.62,48.62,48.07,48.24,2634380.0
2014-04-22,47.21,48.49,47.06,48.39,4145470.0
2014-04-23,48.4,48.97,48.36,48.64,2711830.0
2014-04-24,48.81,48.81,48.0,48.06,2679095.0
2014-04-25,47.96,48.37,47.67,48.14,3172755.0
2014-04-28,48.25,48.73,48.0,48.4,2120350.0
2014-04-29,48.57,49.11,48.27,48.89,2828020.0
2014-04-30,48.87,49.24,48.58,49.03,2026200.0
2014-05-01,48.95,49.06,48.35,48.4,2867445.0
2014-05-02,48.45,48.9,48.31,48.67,1949960.0
2014-05-05,48.49,49.01,48.44,48.9,1468255.0
2014-05-06,48.78,49.03,48.15,48.7,2263750.0
2014-05-07,48.81,49.07,48.28,48.97,2594555.0
2014-05-08,48.24,49.65,46.8,48.27,7675510.0
2014-05-09,48.1,48.31,46.87,47.13,5447700.0
2014-05-12,47.43,48.78,47.2,48.34,5475265.0
2014-05-13,48.75,50.0,48.46,49.79,5238880.0
2014-05-14,49.73,50.11,49.53,49.6,3883440.0
2014-05-15,49.58,49.58,47.59,47.84,5513575.0
2014-05-16,47.71,48.3,47.33,48.15,8121725.0
2014-05-19,48.18,49.55,47.88,49.25,4061415.0
2014-05-20,49.23,49.93,49.18,49.36,3406225.0
2014-05-21,49.44,49.88,48.97,49.1,3941930.0
2014-05-22,49.08,49.41,48.61,48.92,3803015.0
2014-05-23,49.01,49.35,48.66,49.33,2806590.0
2014-05-27,49.35,49.81,49.17,49.47,2873900.0
2014-05-28,49.38,49.72,48.35,48.37,3987585.0
2014-05-29,48.46,48.91,48.0,48.47,3621985.0
2014-05-30,48.4,48.83,48.17,48.66,4402870.0
2014-06-02,48.66,49.33,48.66,48.9,3580005.0
2014-06-03,48.88,49.45,48.77,48.89,3298275.0
2014-06-04,48.87,49.18,48.61,48.99,4232040.0
2014-06-05,49.25,49.48,48.6,48.98,2515840.0
2014-06-06,49.26,49.37,48.9,49.1,2434435.0
2014-06-09,49.06,49.4,48.53,48.75,2818905.0
2014-06-10,48.76,48.76,48.1,48.58,2596265.0
2014-06-11,48.22,48.23,47.68,47.85,3084830.0
2014-06-12,47.63,47.83,46.99,47.19,3154270.0
2014-06-13,47.15,47.18,46.68,47.05,2969165.0
2014-06-16,47.04,47.94,47.0,47.88,4367750.0
2014-06-17,47.77,48.38,47.53,48.31,2268355.0
2014-06-18,48.49,48.84,48.24,48.78,2682330.0
2014-06-19,48.95,49.34,48.39,49.2,3479110.0
2014-06-20,49.44,49.53,48.87,49.2,3683070.0
2014-06-23,49.11,49.4,48.86,49.11,1648410.0
2014-06-24,48.85,49.03,48.17,48.21,2561985.0
2014-06-25,48.14,48.62,47.93,48.35,2269820.0
2014-06-26,48.21,48.52,47.78,48.3,2135975.0
2014-06-27,48.0,48.14,47.7,48.05,3029725.0
2014-06-30,48.14,48.64,47.92,48.11,4273655.0
2014-07-01,48.46,48.91,48.23,48.82,2922320.0
2014-07-02,48.97,49.1,48.42,48.93,2516480.0
2014-07-03,48.94,49.14,48.71,49.08,1533090.0
2014-07-07,48.99,49.12,48.37,48.44,2680430.0
2014-07-08,48.36,49.03,47.96,49.0,3787220.0
2014-07-09,48.99,48.99,48.54,48.63,2170215.0
2014-07-10,48.07,48.3,47.77,48.09,2348805.0
2014-07-11,47.97,48.15,47.71,47.96,1730420.0
2014-07-14,48.08,48.22,47.83,48.21,2826265.0
2014-07-15,48.42,48.77,48.24,48.61,2213850.0
2014-07-16,48.76,49.08,48.76,49.07,2252020.0
2014-07-17,48.81,51.06,48.75,50.17,7625965.0
2014-07-18,50.25,50.6,49.93,50.51,4470655.0
2014-07-21,50.23,50.6,50.03,50.45,2246800.0
2014-07-22,50.64,51.06,50.51,50.77,2530770.0
2014-07-23,50.77,50.85,50.34,50.44,2258060.0
2014-07-24,50.91,51.46,50.72,50.91,4598160.0
2014-07-25,50.69,50.87,50.43,50.52,2133105.0
2014-07-28,50.34,51.02,50.33,51.0,2445150.0
2014-07-29,50.95,51.27,50.81,51.01,2035520.0
2014-07-30,51.12,51.34,50.8,50.92,2176730.0
2014-07-31,50.53,50.88,49.98,50.07,3499045.0
2014-08-01,49.4,50.59,49.4,50.52,2940340.0
2014-08-04,50.47,50.69,50.07,50.49,3333110.0
2014-08-05,50.13,50.83,49.87,49.93,4318765.0
2014-08-06,49.48,50.74,49.46,50.61,4784225.0
2014-08-07,50.17,50.84,48.13,48.76,10106030.0
2014-08-08,48.72,49.39,48.51,49.37,3829720.0
2014-08-11,49.55,49.69,49.14,49.39,2822470.0
2014-08-12,49.39,49.89,49.31,49.56,2206475.0
2014-08-13,49.64,49.69,49.05,49.24,2857660.0
2014-08-14,49.21,49.7,49.03,49.49,2964705.0
2014-08-15,49.6,50.59,49.56,50.48,4703155.0
2014-08-18,50.8,51.48,50.69,51.39,3237605.0
2014-08-19,51.36,52.22,51.22,51.31,4017480.0
2014-08-20,51.29,51.52,50.86,51.49,1800945.0
2014-08-21,51.73,52.05,51.23,51.74,2769370.0
2014-08-22,51.67,51.98,51.2,51.23,1711010.0
2014-08-25,51.32,51.68,51.2,51.58,1557760.0
2014-08-26,51.71,51.84,51.4,51.76,1641510.0
2014-08-27,51.91,52.15,51.78,51.94,2296310.0
2014-08-28,51.66,52.12,51.35,52.05,2332040.0
2014-08-29,52.04,52.2,51.29,51.53,2274920.0
2014-09-02,51.8,51.81,51.1,51.3,2837620.0
2014-09-03,51.56,51.78,51.1,51.14,2051365.0
2014-09-04,51.31,51.31,50.61,50.89,2156015.0
2014-09-05,50.89,50.89,50.37,50.78,3739135.0
2014-09-08,50.69,50.77,50.4,50.62,1836710.0
2014-09-09,50.84,50.87,50.07,50.19,3383235.0
2014-09-10,50.24,50.35,49.64,50.3,3607780.0
2014-09-11,49.91,50.47,49.72,50.15,1855500.0
2014-09-12,50.1,50.36,49.84,50.13,2155250.0
2014-09-15,50.05,50.49,50.01,50.41,2948210.0
2014-09-16,50.39,51.1,50.25,50.89,2523730.0
2014-09-17,50.96,51.59,50.9,51.26,3059695.0
2014-09-18,51.63,52.05,51.34,51.94,2781115.0
2014-09-19,52.2,52.5,51.68,51.68,5361900.0
2014-09-22,51.76,51.76,50.95,51.16,3632560.0
2014-09-23,53.45,55.03,52.07,53.87,17821905.0
2014-09-24,53.57,54.96,53.24,54.47,6451170.0
2014-09-25,54.4,54.71,53.86,54.21,3924295.0
2014-09-26,54.15,56.02,53.97,55.57,4967595.0
2014-09-29,55.15,56.07,54.8,55.72,6573130.0
2014-09-30,55.65,55.96,55.2,55.84,5655755.0
2014-10-01,55.83,56.39,53.85,53.85,6556320.0
2014-10-02,53.52,55.28,52.76,55.19,5590345.0
2014-10-03,55.36,55.8,54.98,55.0,3864395.0
2014-10-06,55.27,55.32,54.27,54.62,3097985.0
2014-10-07,54.5,58.06,54.5,56.55,7929200.0
2014-10-08,56.54,56.61,54.06,56.06,6463305.0
2014-10-09,56.33,56.33,53.78,54.21,5076350.0
2014-10-10,54.01,54.44,52.6,53.22,4742510.0
2014-10-13,53.19,53.51,50.46,50.56,4322510.0
2014-10-14,50.31,50.77,48.76,50.53,5607145.0
2014-10-15,50.19,51.32,47.89,50.85,7246935.0
2014-10-16,49.83,51.45,49.46,50.77,4666310.0
2014-10-17,49.7,50.54,48.7,48.99,11429205.0
2014-10-20,49.23,49.94,48.82,49.66,3726555.0
2014-10-21,50.1,50.76,49.71,50.58,3709855.0
2014-10-22,50.69,51.66,50.6,50.91,4627035.0
2014-10-23,51.69,53.54,50.91,51.14,3068905.0
2014-10-24,51.36,52.28,51.06,52.08,3128520.0
2014-10-27,51.72,51.72,50.62,51.0,3724550.0
2014-10-28,51.34,52.13,51.26,52.07,3067670.0
2014-10-29,52.1,52.33,50.92,51.48,4776745.0
2014-10-30,51.07,52.23,50.92,51.85,3104760.0
2014-10-31,52.5,53.04,51.44,52.0,4045700.0
2014-11-03,52.25,52.34,51.0,51.22,3802515.0
2014-11-04,51.0,51.35,50.29,50.49,4621900.0
2014-11-05,50.69,51.54,50.39,50.73,5830925.0
2014-11-06,47.74,51.23,47.74,50.3,6183245.0
2014-11-07,50.51,51.1,49.93,50.18,3812510.0
2014-11-10,50.43,51.25,49.62,50.88,5034875.0
2014-11-11,50.88,53.76,50.88,53.36,6256035.0
2014-11-12,53.04,53.53,52.69,53.28,3353075.0
2014-11-13,53.16,53.74,53.12,53.42,2950485.0
2014-11-14,53.4,53.79,52.77,53.22,3101255.0
2014-11-17,53.17,54.39,53.16,54.0,2812550.0
2014-11-18,54.11,54.67,53.58,53.94,3126495.0
2014-11-19,55.07,55.73,54.01,54.41,3425475.0
2014-11-20,54.49,54.96,54.08,54.61,2701015.0
2014-11-21,55.56,56.06,55.01,55.68,4875250.0
2014-11-24,55.63,55.77,55.09,55.43,3275110.0
2014-11-25,55.27,55.62,54.51,54.51,4076780.0
2014-11-26,54.44,54.66,53.3,54.33,2915870.0
2014-11-28,53.85,54.28,53.41,53.63,2723680.0
2014-12-01,53.54,54.2,52.94,53.42,3268345.0
2014-12-02,53.34,54.19,53.0,53.64,2671660.0
2014-12-03,53.63,54.8,53.51,54.0,3803410.0
2014-12-04,53.8,54.37,53.43,53.99,2744695.0
2014-12-05,54.23,54.39,53.51,53.67,2442590.0
2014-12-08,53.25,53.41,52.35,52.79,3368445.0
2014-12-09,51.81,52.29,51.07,52.14,4742050.0
2014-12-10,51.96,51.98,50.4,50.49,4448065.0
2014-12-11,50.49,50.82,50.04,50.38,4560050.0
2014-12-12,50.25,50.49,49.58,49.76,3169210.0
2014-12-15,49.82,50.6,49.28,49.6,4265375.0
2014-12-16,49.01,50.41,48.96,49.77,4818020.0
2014-12-17,50.09,51.46,49.79,51.35,3604175.0
2014-12-18,52.06,52.19,51.04,51.87,2969270.0
2014-12-19,52.72,53.49,52.0,53.19,4308015.0
2014-12-22,53.52,54.19,52.98,54.09,2794695.0
2014-12-23,55.31,55.88,54.36,55.73,4760920.0
2014-12-24,55.73,55.73,54.9,55.1,2348660.0
2014-12-26,55.16,55.61,54.66,54.92,2240950.0
2014-12-29,54.92,55.37,54.4,54.58,2523535.0
2014-12-30,54.34,55.18,54.22,54.7,1815995.0
2014-12-31,54.61,55.27,54.3,54.51,1979250.0
2015-01-02,54.85,55.74,54.6,55.58,3692755.0
2015-01-05,55.85,56.39,55.03,55.39,4224220.0
2015-01-06,56.0,57.3,55.93,56.54,5571385.0
2015-01-07,56.89,58.54,56.89,58.15,6901425.0
2015-01-08,58.84,59.03,58.06,58.96,3931020.0
2015-01-09,59.05,59.88,58.85,59.44,4201825.0
2015-01-12,59.15,60.16,58.2,59.52,5120770.0
2015-01-13,59.98,60.62,59.0,59.85,4941430.0
2015-01-14,59.65,59.68,57.2,57.87,5592040.0
2015-01-15,58.68,59.24,57.6,57.75,6182395.0
2015-01-16,58.0,59.61,57.69,59.53,4406580.0
2015-01-20,60.31,61.28,59.68,60.66,5394935.0
2015-01-21,60.66,60.81,59.96,60.45,1938090.0
2015-01-22,60.8,61.51,60.4,61.45,2893565.0
2015-01-23,61.42,61.59,60.29,60.35,2939055.0
2015-01-26,60.18,60.95,59.92,60.76,1520765.0
2015-01-27,60.4,61.66,60.3,61.24,2736975.0
2015-01-28,61.64,61.66,60.13,60.23,1484120.0
2015-01-29,60.32,61.4,59.56,61.36,2644245.0
2015-01-30,60.76,62.12,60.62,61.08,2502945.0
2015-02-02,61.49,61.6,59.91,60.95,2370580.0
2015-02-03,61.01,61.39,59.61,60.21,3930150.0
2015-02-04,59.83,60.37,59.24,59.41,3811085.0
2015-02-05,59.93,60.36,59.26,59.92,3119870.0
2015-02-06,59.96,59.96,58.4,59.33,3735450.0
2015-02-09,58.98,59.72,58.8,59.4,2270805.0
2015-02-10,59.49,60.03,58.66,59.61,2367190.0
2015-02-11,59.73,60.16,59.37,59.76,3135495.0
2015-02-12,59.9,60.8,59.5,60.52,2420340.0
2015-02-13,60.36,60.9,60.0,60.28,2581975.0
2015-02-17,60.04,60.48,59.3,59.74,3937610.0
2015-02-18,58.32,59.98,58.25,59.24,6091350.0
2015-02-19,59.3,61.32,59.0,60.88,3865195.0
2015-02-20,60.64,61.73,60.19,61.68,3010360.0
2015-02-23,61.78,62.74,61.78,62.54,2911510.0
2015-02-24,62.24,62.89,61.66,62.38,2402235.0
2015-02-25,62.54,62.63,61.18,61.45,3060975.0
2015-02-26,61.39,61.78,60.33,61.32,2459945.0
2015-02-27,61.4,61.74,60.98,61.25,3324505.0
2015-03-02,61.13,62.62,60.66,62.27,4310115.0
2015-03-03,62.1,62.54,61.76,62.25,3158865.0
2015-03-04,62.09,62.72,60.84,60.99,3243655.0
2015-03-05,61.0,61.29,60.48,60.66,2231505.0
2015-03-06,60.27,60.4,59.4,59.61,3336125.0
2015-03-09,59.88,61.05,59.71,60.85,2411035.0
2015-03-10,59.89,60.23,58.4,58.58,5372495.0
2015-03-11,58.97,59.19,58.09,58.15,5815310.0
2015-03-12,58.34,59.04,57.92,58.38,2364800.0
2015-03-13,58.13,58.67,57.8,58.53,2303515.0
2015-03-16,58.54,59.0,58.33,58.6,2198755.0
2015-03-17,58.2,58.64,57.79,57.89,3147200.0
2015-03-18,57.55,59.25,56.97,58.96,4174665.0
2015-03-19,58.52,58.92,58.0,58.01,3446940.0
2015-03-20,58.46,58.62,57.66,58.05,5802185.0
2015-03-23,58.16,58.57,57.93,58.0,2792875.0
2015-03-24,57.71,59.14,57.6,59.0,3950150.0
2015-03-25,59.28,60.12,58.74,58.75,2591270.0
2015-03-26,58.67,59.62,58.53,58.85,3369420.0
2015-03-27,58.71,58.85,57.59,57.73,2524625.0
2015-03-30,57.94,58.63,57.94,58.2,2030785.0
2015-03-31,57.59,58.04,56.55,56.74,4119510.0
2015-04-01,56.94,57.18,56.09,56.83,3445965.0
2015-04-02,56.48,57.18,55.7,56.04,2750160.0
2015-04-06,55.96,56.71,55.6,56.26,2843230.0
2015-04-07,56.3,57.0,56.12,56.25,2309515.0
2015-04-08,56.3,57.36,56.3,56.99,3686105.0
2015-04-09,56.62,57.53,56.62,56.96,3001740.0
2015-04-10,56.96,57.29,56.33,56.9,2989955.0
2015-04-13,57.25,57.58,56.66,56.8,2145485.0
2015-04-14,56.74,56.79,55.8,56.48,2496235.0
2015-04-15,56.47,57.68,56.47,57.34,2995650.0
2015-04-16,57.0,59.16,56.8,58.59,3795350.0
2015-04-17,58.45,59.42,58.19,58.25,4181035.0
2015-04-20,58.34,58.76,57.46,57.59,3357065.0
2015-04-21,57.44,57.79,57.12,57.16,3738225.0
2015-04-22,57.16,57.4,56.39,57.13,2094825.0
2015-04-23,57.19,58.28,57.01,57.95,2699315.0
2015-04-24,57.97,58.95,57.87,58.89,2615440.0
2015-04-27,58.95,59.11,57.66,57.71,3455670.0
2015-04-28,57.41,57.76,56.65,57.57,2583970.0
2015-04-29,57.76,58.54,57.26,58.3,2322425.0
2015-04-30,58.4,58.43,57.36,57.49,3720130.0
2015-05-01,57.96,59.21,57.53,58.9,2690520.0
2015-05-04,58.76,59.46,58.68,58.76,2145170.0
2015-05-05,58.88,59.11,57.96,58.04,2901955.0
2015-05-06,58.04,59.09,57.98,58.92,3098415.0
2015-05-07,58.88,60.31,57.93,60.02,5851590.0
2015-05-08,62.1,62.67,61.07,62.17,5825790.0
2015-05-11,62.17,62.6,61.16,61.68,4730645.0
2015-05-12,61.3,61.49,60.62,60.66,3069050.0
2015-05-13,60.28,61.25,60.21,61.07,2432565.0
2015-05-14,61.13,61.37,60.52,60.86,3494215.0
2015-05-15,60.79,61.56,60.52,61.35,3747635.0
2015-05-18,61.37,61.95,61.21,61.51,3205670.0
2015-05-19,61.65,62.08,61.3,62.05,3025335.0
2015-05-20,62.02,62.6,61.66,62.19,3210940.0
2015-05-21,62.28,64.11,61.93,63.42,5430105.0
2015-05-22,63.72,64.48,63.02,64.18,3883690.0
2015-05-26,63.81,64.11,63.4,63.82,3857850.0
2015-05-27,63.97,64.42,63.45,64.27,3289475.0
2015-05-28,64.3,64.64,63.66,64.33,3170730.0
2015-05-29,64.41,64.53,63.18,63.18,4642710.0
2015-06-01,63.35,64.0,62.81,63.32,3303205.0
2015-06-02,63.36,64.27,63.24,63.85,2634670.0
2015-06-03,64.03,64.74,63.47,64.36,3247720.0
2015-06-04,63.98,64.38,63.56,63.69,4402160.0
2015-06-05,63.4,64.25,63.2,63.57,3167815.0
2015-06-08,63.53,64.0,63.02,63.06,1880290.0
2015-06-09,62.94,63.52,62.83,63.12,1668055.0
2015-06-10,63.46,64.37,63.37,64.08,1779665.0
2015-06-11,64.11,64.8,63.72,63.85,2527235.0
2015-06-12,63.69,63.98,63.2,63.23,1688055.0
2015-06-15,62.83,63.6,62.4,63.52,2345100.0
2015-06-16,63.56,64.36,63.0,64.16,2502955.0
2015-06-17,63.63,63.7,62.28,63.34,4303770.0
2015-06-18,63.37,65.03,63.37,64.25,2588745.0
2015-06-19,64.12,64.3,62.96,63.24,3696544.0
2015-06-22,63.51,64.19,63.09,64.19,2793324.0
2015-06-23,64.3,64.58,63.63,63.64,1383651.0
2015-06-24,63.39,63.87,63.01,63.1,1244605.0
2015-06-25,63.4,64.12,63.1,63.96,1939820.0
2015-06-26,64.67,65.69,63.7,63.81,5489316.0
2015-06-29,63.42,64.15,62.5,62.56,1527349.0
2015-06-30,62.98,65.04,62.78,64.28,3076213.0
2015-07-01,64.49,65.75,64.06,65.1,2593322.0
2015-07-02,65.38,65.55,64.45,64.54,1818986.0
2015-07-06,63.97,64.3,63.23,63.55,2214221.0
2015-07-07,63.4,63.46,61.18,62.11,3043883.0
2015-07-08,61.61,61.61,60.15,60.15,2792819.0
2015-07-09,60.84,61.6,60.51,60.8,2407157.0
2015-07-10,61.54,61.84,61.18,61.71,1324257.0
2015-07-13,62.03,62.62,61.66,62.1,1463845.0
2015-07-14,61.96,63.18,61.71,62.68,1558268.0
2015-07-15,62.65,62.79,62.03,62.15,1120722.0
2015-07-16,62.42,62.82,62.07,62.74,1322684.0
2015-07-17,62.59,70.32,60.96,68.92,9629503.0
2015-07-20,67.47,67.61,64.6,65.0,5547791.0
2015-07-21,64.92,65.53,63.83,63.94,2083699.0
2015-07-22,63.23,63.23,61.72,62.52,2109672.0
2015-07-23,62.62,63.25,62.03,62.32,1355661.0
2015-07-24,61.88,61.88,60.37,60.85,1619211.0
2015-07-27,60.34,60.34,58.75,59.09,2620091.0
2015-07-28,59.43,59.44,58.21,58.9,2096320.0
2015-07-29,59.1,59.68,58.6,59.23,1472463.0
2015-07-30,59.37,60.03,58.95,59.12,1081721.0
2015-07-31,59.27,59.87,58.95,59.2,1251537.0
2015-08-03,58.63,59.59,58.2,59.02,1400116.0
2015-08-04,59.45,61.02,59.14,60.53,1855718.0
2015-08-05,61.04,62.04,60.23,61.62,2368612.0
2015-08-06,65.94,67.16,62.91,63.0,5808095.0
2015-08-07,62.67,63.62,57.78,58.94,4122854.0
2015-08-10,59.57,62.27,59.09,60.95,4794587.0
2015-08-11,59.23,59.69,56.74,57.27,4470486.0
2015-08-12,56.88,62.01,56.58,61.64,6562897.0
2015-08-13,61.96,63.9,60.7,63.22,2861959.0
2015-08-14,63.61,65.12,63.15,63.83,3147279.0
2015-08-17,63.83,64.05,62.78,64.03,1763755.0
2015-08-18,63.69,63.8,62.8,63.47,2097380.0
2015-08-19,63.29,63.55,61.88,61.93,1768777.0
2015-08-20,61.7,62.51,60.47,61.07,2102669.0
2015-08-21,60.8,60.82,59.22,59.52,2531372.0
2015-08-24,56.05,59.87,52.5,55.9,3180624.0
2015-08-25,59.05,59.36,55.75,55.79,2338133.0
2015-08-26,56.98,57.0,54.63,56.11,3260019.0
2015-08-27,57.18,58.26,56.36,57.88,2321034.0
2015-08-28,57.43,57.7,56.66,57.47,2415180.0
2015-08-31,57.45,58.54,56.93,57.38,2285177.0
2015-09-01,55.9,57.07,54.3,54.84,3155385.0
2015-09-02,55.57,56.08,54.44,55.55,2107261.0
2015-09-03,55.59,57.23,55.48,56.97,2439057.0
2015-09-04,55.89,56.57,55.2,55.48,1546342.0
2015-09-08,56.86,57.44,56.33,56.91,1569313.0
2015-09-09,57.83,58.9,56.81,56.96,1631203.0
2015-09-10,56.85,57.08,56.0,56.4,873162.0
2015-09-11,55.87,56.41,55.0,55.88,1358337.0
2015-09-14,55.92,56.0,53.66,53.85,2837516.0
2015-09-15,53.89,55.0,53.32,54.78,2067381.0
2015-09-16,54.76,55.25,54.5,54.78,1620054.0
2015-09-17,54.84,55.74,53.72,53.85,2014823.0
2015-09-18,53.36,53.36,51.55,52.03,4422720.0
2015-09-21,52.52,53.0,51.43,51.72,1375155.0
2015-09-22,50.93,51.37,49.9,51.1,4703813.0
2015-09-23,51.31,51.6,47.36,47.74,3225642.0
2015-09-24,47.27,47.73,45.5,46.42,5144785.0
2015-09-25,46.99,47.17,46.12,46.37,3829450.0
2015-09-28,45.97,46.1,44.05,44.06,2524239.0
2015-09-29,44.25,45.16,43.88,44.19,2486557.0
2015-09-30,44.87,45.53,43.98,44.9,3822422.0
2015-10-01,44.97,45.44,44.03,44.8,2518220.0
2015-10-02,44.0,47.42,43.85,47.11,3561207.0
2015-10-05,47.7,49.84,47.65,49.04,3874317.0
2015-10-06,48.82,50.15,48.82,49.55,2780687.0
2015-10-07,49.46,52.28,49.38,52.22,4237187.0
2015-10-08,51.73,53.32,51.4,52.86,2981294.0
2015-10-09,53.34,53.67,50.67,50.78,2529363.0
2015-10-12,50.38,50.73,49.26,50.38,2107873.0
2015-10-13,49.93,51.6,49.24,51.08,3530855.0
2015-10-14,51.4,52.7,50.91,52.53,2660304.0
2015-10-15,52.82,53.65,51.87,53.41,2668827.0
2015-10-16,53.56,53.68,51.74,52.32,2153602.0
2015-10-19,52.0,52.21,51.12,51.48,2130196.0
2015-10-20,51.61,52.99,51.46,51.77,1593643.0
2015-10-21,52.55,53.0,51.13,52.21,2617673.0
2015-10-22,52.56,53.99,52.27,53.7,2227976.0
2015-10-23,54.21,54.27,53.43,54.12,2087926.0
2015-10-26,53.76,54.07,52.88,53.1,1701342.0
2015-10-27,52.61,52.87,51.18,51.57,1807925.0
2015-10-28,51.61,52.4,51.02,52.26,2016537.0
2015-10-29,52.21,52.21,51.03,51.3,1664464.0
2015-10-30,51.38,51.83,50.5,50.77,2875152.0
2015-11-02,51.01,52.66,50.63,52.35,2798175.0
2015-11-03,52.13,53.13,51.35,51.96,2132451.0
2015-11-04,52.22,52.92,51.3,51.76,2422980.0
2015-11-05,48.71,48.98,45.7,46.84,9152145.0
2015-11-06,46.74,47.39,46.01,46.52,3657168.0
2015-11-09,46.38,48.31,46.12,48.17,4186297.0
2015-11-10,48.01,48.33,47.14,47.34,2767404.0
2015-11-11,47.52,48.06,46.07,47.61,2469879.0
2015-11-12,46.93,47.84,46.67,47.11,2678276.0
2015-11-13,46.84,48.66,46.72,48.05,2304213.0
2015-11-16,47.76,48.27,46.94,47.97,2307597.0
2015-11-17,49.76,50.86,48.28,49.49,3720636.0
2015-11-18,49.36,50.37,49.05,49.58,2529700.0
2015-11-19,48.95,49.0,46.44,46.57,4682940.0
2015-11-20,46.36,46.8,43.57,43.9,6018983.0
2015-11-23,43.79,45.47,43.65,45.0,3765391.0
2015-11-24,44.91,46.0,44.0,45.8,2698259.0
2015-11-25,45.69,46.15,45.05,45.37,1357979.0
2015-11-27,45.21,45.33,44.6,45.11,1031093.0
2015-11-30,45.04,46.61,44.93,46.14,3049505.0
2015-12-01,46.45,46.75,44.8,45.0,2580637.0
2015-12-02,45.69,46.59,44.25,45.06,2812692.0
2015-12-03,45.35,46.67,45.25,45.86,3297629.0
2015-12-04,45.49,45.87,44.13,44.44,3110353.0
2015-12-07,44.11,44.12,42.37,43.25,2816811.0
2015-12-08,42.58,43.38,41.83,42.08,2465435.0
2015-12-09,42.62,43.77,42.3,43.12,2196342.0
2015-12-10,43.09,43.71,42.1,42.24,1298675.0
2015-12-11,41.38,42.34,40.33,41.11,2740695.0
2015-12-14,40.81,41.38,39.64,40.07,2195667.0
2015-12-15,40.35,41.48,40.19,40.81,2161833.0
2015-12-16,41.49,42.04,40.16,41.43,2483105.0
2015-12-17,41.31,42.05,40.53,41.24,3183578.0
2015-12-18,41.11,43.0,41.08,41.61,4144255.0
2015-12-21,41.76,43.79,41.11,41.32,2648419.0
2015-12-22,41.34,43.03,40.97,42.74,2160977.0
2015-12-23,42.95,44.6,42.73,44.17,2343533.0
2015-12-24,44.09,44.36,43.2,43.25,1650081.0
2015-12-28,43.04,43.41,42.09,42.24,1373297.0
2015-12-29,42.38,42.99,42.05,42.64,1612287.0
2015-12-30,42.39,42.58,41.06,41.16,1568683.0
2015-12-31,40.75,41.29,40.47,40.81,2020126.0
2016-01-04,40.06,40.95,39.83,40.5,3262529.0
2016-01-05,40.38,40.66,39.15,39.23,2690027.0
2016-01-06,38.65,38.71,35.27,35.84,4711819.0
2016-01-07,35.25,36.66,33.69,34.14,5010640.0
2016-01-08,34.4,35.1,33.71,33.82,4130097.0
2016-01-11,34.01,34.07,32.26,32.45,3657080.0
2016-01-12,33.13,33.38,31.68,32.54,4327736.0
2016-01-13,32.87,33.41,31.56,31.76,5147153.0
2016-01-14,31.97,33.15,31.17,32.62,3893073.0
2016-01-15,31.74,32.46,30.92,31.57,4766316.0
2016-01-19,32.04,32.14,29.88,30.25,3758273.0
2016-01-20,29.88,29.88,26.1,29.22,10964749.0
2016-01-21,29.18,31.11,29.12,30.27,5881736.0
2016-01-22,31.11,32.03,29.66,29.96,6338744.0
2016-01-25,29.49,29.55,28.24,28.6,4118867.0
2016-01-26,28.47,29.85,28.0,29.49,4090399.0
2016-01-27,29.85,30.97,28.98,30.06,4075511.0
2016-01-28,30.22,30.5,29.4,30.33,3438081.0
2016-01-29,30.38,30.85,29.72,30.0,4995811.0
2016-02-01,29.91,30.64,28.97,30.24,3907892.0
2016-02-02,30.1,30.1,28.74,29.45,3132845.0
2016-02-03,29.77,30.23,28.21,30.05,5209404.0
2016-02-04,30.2,30.83,29.6,30.59,5454128.0
2016-02-05,30.34,30.68,29.42,29.97,4216796.0
2016-02-08,29.2,29.39,26.74,28.01,5207070.0
2016-02-09,27.72,29.74,27.4,28.47,4988249.0
2016-02-10,28.38,29.04,27.76,27.83,2537728.0
2016-02-11,26.92,29.42,26.29,29.04,5154675.0
2016-02-12,29.92,30.64,28.98,30.0,6065909.0
2016-02-16,30.46,31.69,29.69,31.14,6133309.0
2016-02-17,31.29,32.29,30.82,31.7,5982839.0
2016-02-18,33.0,34.49,32.73,34.37,7372716.0
2016-02-19,34.19,34.19,32.81,33.0,5569757.0
2016-02-22,33.34,34.04,33.13,33.54,3942592.0
2016-02-23,33.05,33.45,32.1,32.13,3902279.0
2016-02-24,31.84,31.98,30.04,31.75,5881596.0
2016-02-25,32.13,33.65,31.57,33.16,4092744.0
2016-02-26,33.53,35.13,33.53,34.95,5623303.0
2016-02-29,35.08,37.14,34.93,36.46,6216727.0
2016-03-01,37.0,37.72,35.83,36.25,3387442.0
2016-03-02,35.0,35.93,34.39,34.74,5036705.0
2016-03-03,35.26,36.39,34.86,36.19,3969740.0
2016-03-04,36.43,36.93,34.51,34.59,6190579.0
2016-03-07,34.78,37.08,34.6,36.88,5204715.0
2016-03-08,36.64,37.02,35.23,35.26,3753135.0
2016-03-09,35.53,36.19,34.7,35.42,3198911.0
2016-03-10,35.38,35.42,32.89,33.64,4271436.0
2016-03-11,34.61,36.64,34.46,35.64,4947102.0
2016-03-14,35.48,36.22,35.19,35.54,3345242.0
2016-03-15,35.44,35.48,33.13,33.63,3641955.0
2016-03-16,33.51,34.17,32.83,34.15,3973039.0
2016-03-17,34.48,35.19,33.99,35.05,3742761.0
2016-03-18,35.25,35.93,34.54,34.99,3921106.0
2016-03-21,34.82,35.48,34.7,35.06,2339707.0
2016-03-22,34.63,34.71,33.92,33.93,3007195.0
2016-03-23,33.76,33.79,32.88,32.97,3035322.0
2016-03-24,32.53,32.53,31.45,31.94,4183539.0
2016-03-28,31.48,32.33,30.85,31.79,3901398.0
2016-03-29,31.47,32.27,30.77,31.91,2598282.0
2016-03-30,32.05,32.4,31.62,31.98,2715619.0
2016-03-31,31.91,32.18,30.8,31.34,4166261.0
2016-04-01,30.88,32.28,29.9,32.13,3874573.0
2016-04-04,31.89,32.32,31.08,31.21,2445498.0
2016-04-05,30.05,31.34,29.67,30.11,4790629.0
2016-04-06,29.63,30.14,28.7,29.32,4996914.0
2016-04-07,29.1,29.65,28.75,29.19,5144519.0
2016-04-08,29.56,30.57,29.54,29.77,3354542.0
2016-04-11,30.15,30.75,29.82,30.15,3028913.0
2016-04-12,30.19,30.75,29.51,30.54,3270678.0
2016-04-13,30.85,31.46,30.55,31.22,4429605.0
2016-04-14,30.59,30.94,30.15,30.59,4094749.0
2016-04-15,30.37,31.37,30.1,31.03,3523824.0
2016-04-18,30.65,31.65,30.5,31.37,2510164.0
2016-04-19,31.32,33.88,31.28,33.7,4677212.0
2016-04-20,33.92,35.2,33.47,34.87,6447003.0
2016-04-21,35.0,35.84,34.19,34.24,3664416.0
2016-04-22,34.49,35.03,33.05,33.24,3580047.0
2016-04-25,33.12,33.99,33.05,33.17,2275387.0
2016-04-26,33.21,34.1,33.07,33.69,2267118.0
2016-04-27,33.67,33.84,32.49,33.79,3060238.0
2016-04-28,33.01,35.17,32.69,34.32,3609594.0
2016-04-29,34.11,34.56,32.71,33.07,2902850.0
2016-05-02,33.16,33.48,32.21,33.34,2476240.0
2016-05-03,32.95,33.03,31.19,31.67,3431470.0
2016-05-04,30.83,32.2,30.8,32.11,5012596.0
2016-05-05,31.0,32.04,30.03,30.79,7510871.0
2016-05-06,30.49,31.76,30.45,31.0,2945356.0
2016-05-09,31.0,31.15,30.32,30.41,2339793.0
2016-05-10,30.34,30.81,28.88,30.5,5296118.0
2016-05-11,30.05,30.29,29.12,29.46,3785139.0
2016-05-12,30.14,30.42,27.58,27.85,5469780.0
2016-05-13,27.92,28.26,27.15,27.65,4671716.0
2016-05-16,27.79,28.8,27.78,28.62,3367896.0
2016-05-17,28.35,29.24,28.3,29.12,3500493.0
2016-05-18,29.07,29.74,28.36,28.58,3720868.0
2016-05-19,28.63,29.22,28.23,28.74,3459606.0
2016-05-20,28.8,29.04,28.32,28.59,4374979.0
2016-05-23,30.06,30.76,29.5,29.85,8479361.0
2016-05-24,29.51,29.6,27.38,27.61,12225649.0
2016-05-25,28.0,29.7,27.9,29.52,7885337.0
2016-05-26,29.96,30.15,28.86,28.96,6052372.0
2016-05-27,28.9,29.36,27.52,27.7,6984072.0
2016-05-31,27.7,27.74,27.0,27.66,6090892.0
2016-06-01,27.33,27.73,27.0,27.64,3921014.0
2016-06-02,27.64,28.27,27.5,27.98,6262357.0
2016-06-03,27.93,28.7,27.61,28.61,4223257.0
2016-06-06,29.2,31.16,29.2,31.15,7725732.0
2016-06-07,31.5,32.42,31.3,31.96,6240712.0
2016-06-08,31.97,32.08,30.58,31.08,3669507.0
2016-06-09,30.43,30.59,29.47,29.79,4885963.0
2016-06-10,29.4,30.03,28.83,29.23,4878762.0
2016-06-13,29.43,30.07,28.58,28.62,3452254.0
2016-06-14,28.58,29.17,27.43,27.73,4068007.0
2016-06-15,27.79,28.33,27.25,27.68,4606264.0
2016-06-16,27.4,27.8,26.55,27.59,4312964.0
2016-06-17,27.65,28.73,27.63,28.35,6613152.0
2016-06-20,28.59,29.25,27.91,27.96,3462664.0
2016-06-21,27.87,28.05,27.15,27.31,4617895.0
2016-06-22,27.5,27.77,26.97,27.02,3786093.0
2016-06-23,27.19,27.66,26.83,27.64,4862538.0
2016-06-24,26.5,26.62,24.76,25.43,11112214.0
2016-06-27,24.92,24.97,23.15,23.48,7578734.0
2016-06-28,23.86,24.48,23.6,24.06,6589519.0
2016-06-29,24.31,24.63,23.96,24.34,5769321.0
2016-06-30,24.36,24.84,23.63,24.1,4517829.0
2016-07-01,23.92,24.42,23.76,24.22,4839441.0
2016-07-05,24.09,24.24,23.25,23.54,3709818.0
2016-07-06,23.32,23.78,22.75,23.75,4798338.0
2016-07-07,23.91,24.32,23.38,23.5,3029785.0
2016-07-08,23.9,24.97,23.85,24.86,3839059.0
2016-07-11,25.05,25.36,24.62,24.67,3699506.0
2016-07-12,25.0,26.49,24.88,26.03,4371994.0
2016-07-13,26.07,27.01,25.63,26.92,4907085.0
2016-07-14,27.49,28.32,27.33,27.87,7391378.0
2016-07-15,27.99,28.02,27.03,27.44,4032578.0
2016-07-18,27.34,27.82,26.41,27.69,3905315.0
2016-07-19,27.2,27.28,26.35,26.55,5391988.0
2016-07-20,26.59,27.1,26.19,26.61,4148966.0
2016-07-21,26.74,27.07,26.2,26.29,3077920.0
2016-07-22,26.19,26.41,25.15,25.18,4531449.0
2016-07-25,25.16,25.42,24.54,25.33,5723895.0
2016-07-26,25.3,25.93,25.06,25.8,2880729.0
2016-07-27,25.86,26.33,25.19,25.41,3841836.0
2016-07-28,25.07,25.18,24.35,24.66,3735677.0
2016-07-29,24.55,24.75,23.75,24.68,4340591.0
2016-08-01,24.46,24.78,23.98,24.42,3612188.0
2016-08-02,24.35,25.12,24.05,24.49,3772603.0
2016-08-03,24.49,25.15,24.29,24.52,3937246.0
2016-08-04,22.72,22.95,20.77,21.43,25849258.0
2016-08-05,21.28,22.16,21.05,22.09,8896551.0
2016-08-08,22.24,23.28,22.16,23.19,6405801.0
2016-08-09,23.15,23.37,22.0,22.12,7150474.0
2016-08-10,22.11,22.32,21.48,21.57,8197540.0
2016-08-11,21.37,22.27,21.23,22.26,6181084.0
2016-08-12,22.22,22.76,21.99,22.35,9087108.0
2016-08-15,22.57,23.22,22.54,23.2,4954634.0
2016-08-16,23.29,23.44,23.05,23.2,6010153.0
2016-08-17,23.49,23.97,22.94,23.31,5654306.0
2016-08-18,23.27,23.33,22.58,22.74,5635054.0
2016-08-19,22.5,23.17,22.33,23.02,5068471.0
2016-08-22,22.98,23.72,22.8,23.69,3705671.0
2016-08-23,24.39,25.55,24.36,24.83,7825303.0
2016-08-24,24.93,24.95,23.97,24.04,6321226.0
2016-08-25,23.94,24.59,23.94,24.23,4955289.0
2016-08-26,24.56,24.8,23.88,23.98,5168774.0
2016-08-29,24.44,25.11,24.35,24.98,4905716.0
2016-08-30,25.0,26.73,24.88,26.17,13912694.0
2016-08-31,25.97,26.75,25.68,26.0,8891502.0
2016-09-01,26.11,26.18,25.47,25.6,4141140.0
2016-09-02,25.83,26.16,25.47,25.94,3713595.0
2016-09-06,25.95,26.16,25.51,25.65,3120064.0
2016-09-07,25.66,26.13,25.28,25.53,3876603.0
2016-09-08,25.4,26.47,25.39,25.96,5459455.0
2016-09-09,25.67,25.93,25.0,25.0,4990741.0
2016-09-12,24.92,25.66,24.7,25.51,4649076.0
2016-09-13,25.0,25.0,23.66,24.01,6289255.0
2016-09-14,24.07,24.15,23.35,24.03,6467426.0
2016-09-15,23.94,24.4,23.57,24.09,5368066.0
2016-09-16,23.78,24.2,23.72,24.02,3944138.0
2016-09-19,24.12,24.29,23.65,23.68,3471202.0
2016-09-20,23.85,23.85,23.14,23.3,5300139.0
2016-09-21,23.62,23.85,22.88,23.03,8173524.0
2016-09-22,23.17,23.71,23.13,23.23,4750518.0
2016-09-23,23.13,23.32,22.29,22.63,6960761.0
2016-09-26,22.54,22.91,22.26,22.64,4950648.0
2016-09-27,22.44,22.92,22.2,22.89,5472414.0
2016-09-28,23.05,24.03,23.03,23.95,5773808.0
2016-09-29,23.91,24.68,23.72,24.2,4468926.0
2016-09-30,24.3,24.73,23.95,24.35,4186308.0
2016-10-03,24.27,24.39,23.83,24.21,4257666.0
2016-10-04,24.41,24.71,24.15,24.4,3865699.0
2016-10-05,24.57,25.15,24.21,24.86,4704154.0
2016-10-06,24.77,25.11,24.01,24.66,4226461.0
2016-10-07,24.67,24.77,23.94,23.95,3901504.0
2016-10-10,24.16,24.35,23.8,23.86,3346556.0
2016-10-11,23.75,23.83,23.25,23.46,4050635.0
2016-10-12,23.48,23.57,22.56,22.92,4706826.0
2016-10-13,22.61,23.17,22.0,23.04,6075177.0
2016-10-14,23.11,23.56,22.22,22.28,4740948.0
2016-10-17,22.27,22.79,22.23,22.6,5070745.0
2016-10-18,22.86,23.63,22.73,23.46,5603399.0
2016-10-19,23.37,24.41,23.27,24.15,6426110.0
2016-10-20,23.8,25.36,23.53,24.98,8322617.0
2016-10-21,25.03,26.21,24.77,25.92,8578252.0
2016-10-24,25.92,25.94,25.0,25.35,4582105.0
2016-10-25,25.39,25.8,25.2,25.54,4860076.0
2016-10-26,25.45,26.0,25.24,25.55,4571953.0
2016-10-27,25.87,25.95,24.46,24.53,4568314.0
2016-10-28,24.62,24.93,24.09,24.52,4721814.0
2016-10-31,24.46,24.8,23.94,24.01,3501085.0
2016-11-01,24.15,25.01,23.92,24.89,7449126.0
2016-11-02,24.79,25.11,24.56,24.7,5569344.0
2016-11-03,23.57,23.57,22.18,22.6,19321137.0
2016-11-04,22.65,23.42,22.58,23.11,7892020.0
2016-11-07,23.51,23.66,23.12,23.29,5833523.0
2016-11-08,23.2,24.49,23.04,24.34,8295268.0
2016-11-09,24.05,26.72,23.73,26.48,10914592.0
2016-11-10,26.53,28.23,26.53,27.13,9181498.0
2016-11-11,27.1,28.0,26.91,27.78,7297405.0
2016-11-14,27.83,28.3,27.42,28.2,5719771.0
2016-11-15,28.04,28.25,27.41,27.8,5606987.0
2016-11-16,27.7,27.85,27.44,27.44,3502452.0
2016-11-17,27.62,27.78,26.95,27.09,5538627.0
2016-11-18,26.97,29.03,26.97,28.96,7934258.0
2016-11-21,29.58,30.24,29.38,29.87,7051056.0
2016-11-22,29.76,29.76,27.92,28.39,9453158.0
2016-11-23,28.31,28.47,27.77,28.38,6710910.0
2016-11-25,28.48,28.93,28.17,28.55,1755698.0
2016-11-28,28.46,28.79,27.91,28.19,3159797.0
2016-11-29,27.9,28.13,27.34,27.43,3933559.0
2016-11-30,27.98,29.31,27.82,28.94,6436738.0
2016-12-01,29.13,29.95,28.56,28.72,5958866.0
2016-12-02,28.79,29.61,28.06,28.38,5097318.0
2016-12-05,28.77,29.29,28.3,28.58,7761842.0
2016-12-06,28.35,28.78,27.82,28.57,6881661.0
2016-12-07,28.41,30.11,28.41,29.72,6748365.0
2016-12-08,29.94,30.75,29.72,30.37,4430724.0
2016-12-09,30.43,30.95,30.04,30.95,4674539.0
2016-12-12,30.82,30.87,28.67,29.0,6049627.0
2016-12-13,29.07,29.3,28.05,28.41,6542450.0
2016-12-14,28.28,28.84,28.03,28.11,3011925.0
2016-12-15,28.0,29.08,27.75,28.65,4453938.0
2016-12-16,28.58,29.61,28.22,29.48,10461747.0
2016-12-19,29.16,29.5,28.14,28.29,5416929.0
2016-12-20,28.47,29.09,28.29,28.99,3921788.0
2016-12-21,29.11,29.11,28.55,28.9,3782364.0
2016-12-22,28.97,30.17,28.82,30.11,4335176.0
2016-12-23,30.11,30.81,29.61,30.71,5475503.0
2016-12-27,30.91,32.11,30.72,31.95,6222852.0
2016-12-28,32.11,32.61,31.28,31.63,3653427.0
2016-12-29,31.52,32.04,31.44,31.9,4220127.0
2016-12-30,31.81,32.16,31.08,31.48,4181315.0
2017-01-03,32.02,32.59,31.66,31.87,6719839.0
2017-01-04,32.11,33.04,32.04,33.04,5479475.0
2017-01-05,33.04,33.4,32.32,33.05,5949647.0
2017-01-06,33.07,33.5,33.02,33.47,2840150.0
2017-01-09,33.47,33.95,33.07,33.77,4523247.0
2017-01-10,33.42,33.78,32.4,32.73,6816358.0
2017-01-11,32.87,34.24,32.86,34.19,6499962.0
2017-01-12,33.93,34.57,33.41,34.51,5902033.0
2017-01-13,34.37,34.7,33.34,33.98,4144901.0
2017-01-17,34.23,34.26,32.86,32.89,4777844.0
2017-01-18,32.89,32.92,32.29,32.32,5392334.0
2017-01-19,32.59,32.72,31.99,32.25,5019969.0
2017-01-20,33.72,34.34,33.04,34.2,7960517.0
2017-01-23,33.96,35.29,33.92,35.25,7577126.0
2017-01-24,35.63,37.13,35.56,36.85,10489118.0
2017-01-25,37.11,37.17,36.02,36.54,4963997.0
2017-01-26,34.81,36.48,34.5,36.21,6072724.0
2017-01-27,36.47,36.8,35.79,36.51,4210197.0
2017-01-30,36.28,36.28,35.12,35.39,4156173.0
2017-01-31,35.74,36.1,35.16,35.29,4355328.0
2017-02-01,35.47,36.69,35.26,36.63,4594791.0
2017-02-02,36.41,36.41,35.32,35.63,3911060.0
2017-02-03,35.79,36.14,35.54,35.68,3189401.0
2017-02-06,35.7,35.75,34.77,35.49,3882460.0
2017-02-07,35.05,35.56,34.35,34.89,4909000.0
2017-02-08,34.9,35.17,34.41,34.94,3068347.0
2017-02-09,34.9,35.01,34.45,34.49,3718818.0
2017-02-10,34.98,35.9,34.58,35.84,4172322.0
2017-02-13,36.08,37.1,36.02,36.71,6424960.0
2017-02-14,36.44,36.57,35.78,36.32,7961331.0
2017-02-15,36.2,36.26,34.32,34.49,9225971.0
2017-02-16,33.68,35.71,33.38,33.52,10609504.0
2017-02-17,33.43,34.15,33.31,34.11,6668823.0
2017-02-21,34.18,34.54,33.44,33.93,5137493.0
2017-02-22,33.76,33.98,33.19,33.22,3145939.0
2017-02-23,33.26,33.26,31.08,31.82,7986243.0
2017-02-24,31.42,31.51,30.58,31.15,5696401.0
2017-02-27,31.1,31.54,30.92,31.49,3897784.0
2017-02-28,31.15,32.14,31.02,31.42,5672538.0
2017-03-01,31.99,32.27,31.36,32.15,5654604.0
2017-03-02,32.15,32.3,31.53,31.56,4037638.0
2017-03-03,31.45,31.53,30.84,30.95,5302280.0
2017-03-06,30.79,31.08,30.42,30.83,3378785.0
2017-03-07,30.67,30.75,29.88,30.2,5349425.0
2017-03-08,30.12,30.45,29.54,29.62,4775880.0
2017-03-09,29.87,30.89,29.0,29.34,5520044.0
2017-03-10,29.39,29.61,29.0,29.42,3142414.0
2017-03-13,29.5,29.68,29.2,29.42,4511606.0
2017-03-14,29.18,29.18,28.49,28.68,4798411.0
2017-03-15,28.83,29.39,28.49,28.85,6407066.0
2017-03-16,29.1,29.16,28.35,28.71,4926593.0
2017-03-17,28.94,29.58,28.93,29.29,9977087.0
2017-03-20,29.98,30.4,29.65,30.39,6301988.0
2017-03-21,30.46,30.53,29.4,29.54,5078275.0
2017-03-22,29.29,29.58,28.72,29.23,4495829.0
2017-03-23,29.09,29.51,28.87,29.39,3676419.0
2017-03-24,29.49,29.7,28.98,29.18,6549053.0
2017-03-27,28.74,29.51,28.65,29.24,3387212.0
2017-03-28,29.26,30.42,29.13,30.24,3948238.0
2017-03-29,30.27,31.1,30.27,30.86,4344359.0
2017-03-30,30.62,30.86,29.48,29.67,6368852.0
2017-03-31,29.67,29.79,28.9,29.35,7377723.0
2017-04-03,29.42,29.67,28.14,28.42,5237486.0
2017-04-04,28.42,29.25,28.28,29.23,5140820.0
2017-04-05,29.46,29.52,28.76,28.8,3892969.0
2017-04-06,28.85,29.71,28.76,29.66,3638746.0
2017-04-07,29.54,29.85,29.2,29.51,2922986.0
2017-04-10,29.53,30.07,29.36,29.86,2306881.0
2017-04-11,29.82,30.01,29.52,29.65,4062135.0
2017-04-12,29.4,29.48,28.49,28.62,5074593.0
2017-04-13,28.66,28.85,28.28,28.42,2695921.0
2017-04-17,28.5,28.5,27.38,27.51,4606858.0
2017-04-18,27.26,27.27,26.74,27.08,4645787.0
2017-04-19,27.07,27.24,26.36,26.6,3468322.0
2017-04-20,26.7,26.95,26.53,26.58,3750109.0
2017-04-21,26.56,26.56,25.82,26.0,3916288.0
2017-04-24,26.29,26.46,25.9,26.41,3341786.0
2017-04-25,26.67,27.55,26.45,27.34,5094604.0
2017-04-26,27.18,27.45,26.98,27.26,3773853.0
2017-04-27,27.57,27.63,26.9,27.43,3005082.0
2017-04-28,27.56,27.56,26.71,26.74,3567819.0
2017-05-01,26.88,26.92,26.37,26.73,3794435.0
2017-05-02,26.62,26.63,25.94,26.37,7617716.0
2017-05-03,26.25,26.25,25.04,25.51,8303534.0
2017-05-04,26.2,27.47,26.06,27.07,13283841.0
2017-05-05,27.32,28.68,27.16,28.42,6661639.0
2017-05-08,28.76,29.33,27.66,27.76,6447370.0
2017-05-09,27.96,28.01,27.32,27.42,3805445.0
2017-05-10,27.47,27.92,27.41,27.62,3695997.0
2017-05-11,27.13,27.58,26.64,27.2,2958545.0
2017-05-12,27.18,27.55,26.64,26.78,2755912.0
2017-05-15,27.04,28.04,26.97,27.74,3953478.0
2017-05-16,27.8,28.21,27.68,28.07,5121422.0
2017-05-17,27.72,28.16,27.33,27.46,3669652.0
2017-05-18,27.0,27.51,26.78,27.41,2674217.0
2017-05-19,27.57,28.93,27.55,28.56,4975740.0
2017-05-22,28.73,28.85,27.78,28.29,2727155.0
2017-05-23,28.4,29.1,28.33,28.95,4142084.0
2017-05-24,28.96,29.29,28.31,28.44,3151786.0
2017-05-25,28.66,29.06,27.7,28.09,4853961.0
2017-05-26,27.99,28.19,27.63,28.13,2486547.0
2017-05-30,28.02,28.37,27.89,27.91,2743917.0
2017-05-31,27.92,28.12,26.72,26.9,4788442.0
2017-06-01,26.9,27.49,26.75,27.03,4141693.0
2017-06-02,26.93,26.99,25.79,26.4,6658154.0
2017-06-05,26.33,26.44,25.92,26.28,3496494.0
2017-06-06,26.19,26.41,25.65,26.1,3795459.0
2017-06-07,26.12,26.24,25.77,26.22,4920256.0
2017-06-08,26.22,27.25,26.0,26.77,3705304.0
2017-06-09,26.77,27.48,26.6,27.25,5115288.0
2017-06-12,27.21,28.49,27.08,27.36,5512432.0
2017-06-13,27.44,28.5,27.08,28.48,3257170.0
2017-06-14,28.5,28.5,27.33,27.37,3375973.0
2017-06-15,27.14,27.28,26.63,26.75,3487221.0
2017-06-16,26.76,27.58,26.62,27.58,4027496.0
2017-06-19,27.76,28.27,27.76,28.24,3114936.0
2017-06-20,28.02,28.02,27.13,27.18,3732615.0
2017-06-21,27.3,27.51,26.61,26.7,2810037.0
2017-06-22,26.59,27.61,26.51,27.34,3179352.0
2017-06-23,27.3,27.48,26.78,27.45,4262434.0
2017-06-26,27.58,27.66,27.08,27.41,3752930.0
2017-06-27,27.49,27.81,26.84,26.87,3353935.0
2017-06-28,27.27,27.55,27.04,27.17,2460674.0
2017-06-29,27.4,28.04,27.36,27.43,4403878.0
2017-06-30,27.62,28.08,26.96,27.96,4521404.0
2017-07-03,28.2,29.37,28.18,29.22,4050697.0
2017-07-05,29.34,29.34,28.35,28.72,5108549.0
2017-07-06,28.61,28.86,27.53,27.58,3710236.0
2017-07-07,27.6,27.93,27.27,27.89,3339444.0
2017-07-10,27.85,29.96,27.73,29.72,7721343.0
2017-07-11,29.71,30.06,28.68,29.44,4628514.0
2017-07-12,29.79,30.43,28.6,28.92,6523136.0
2017-07-13,28.86,29.7,28.3,29.51,4243724.0
2017-07-14,29.59,29.88,29.29,29.49,3696245.0
2017-07-17,29.46,29.86,28.93,29.27,3076251.0
2017-07-18,29.23,29.47,28.82,29.43,3003467.0
2017-07-19,29.61,30.84,29.6,30.81,5647411.0
2017-07-20,30.98,31.32,30.4,31.13,4044019.0
2017-07-21,30.94,31.31,30.89,31.14,2669320.0
2017-07-24,30.95,31.01,30.13,30.22,4873165.0
2017-07-25,30.56,30.98,29.9,30.17,6840943.0
2017-07-26,29.85,30.01,28.64,28.88,8457205.0
2017-07-27,28.93,29.2,28.44,28.81,4933560.0
2017-07-28,28.74,29.23,28.74,28.99,2707988.0
2017-07-31,29.04,29.57,28.98,29.35,6799124.0
2017-08-01,29.48,29.52,28.26,29.22,6144239.0
2017-08-02,29.23,29.28,28.49,28.72,5361543.0
2017-08-03,28.26,30.78,27.77,30.71,9932048.0
2017-08-04,30.86,32.37,30.85,32.21,8358466.0
2017-08-07,32.35,32.35,31.26,31.93,4183970.0
2017-08-08,31.86,32.22,31.28,31.49,5247849.0
2017-08-09,31.24,31.91,31.13,31.88,3585937.0
2017-08-10,31.6,32.59,30.66,30.76,6247604.0
2017-08-11,30.57,30.84,30.21,30.51,3853833.0
2017-08-14,30.8,30.8,30.2,30.22,2369447.0
2017-08-15,30.06,30.42,29.6,30.3,2819898.0
2017-08-16,30.4,30.74,30.04,30.21,2348502.0
2017-08-17,30.18,30.3,29.06,29.16,4758697.0
2017-08-18,29.04,29.37,28.55,29.03,3399458.0
2017-08-21,29.09,29.37,28.89,29.18,2153972.0
2017-08-22,29.2,29.62,29.13,29.24,2849055.0
2017-08-23,29.07,29.39,28.91,28.93,1873172.0
2017-08-24,29.13,29.17,28.64,29.03,3037998.0
2017-08-25,29.19,29.19,28.83,28.98,2082777.0
2017-08-28,29.1,29.46,28.79,29.03,4411776.0
2017-08-29,28.7,28.85,28.47,28.83,2052743.0
2017-08-30,28.8,29.14,28.56,28.94,2158544.0
2017-08-31,29.17,29.32,28.79,28.99,3119674.0
2017-09-01,28.99,30.08,28.89,29.98,3970028.0
2017-09-05,30.0,30.39,28.95,29.08,4943554.0
2017-09-06,29.26,31.35,29.21,31.2,5988856.0
2017-09-07,31.2,31.8,30.91,31.68,3975404.0
2017-09-08,31.65,32.27,31.47,32.04,3834917.0
2017-09-11,32.3,32.76,31.96,32.31,3500312.0
2017-09-12,32.5,33.56,31.92,32.19,5621548.0
2017-09-13,32.3,32.47,31.75,32.1,2184934.0
2017-09-14,32.07,32.44,31.9,32.36,3406320.0
2017-09-15,32.28,33.0,32.24,32.89,4863973.0
2017-09-18,33.56,36.51,33.32,35.1,10287755.0
2017-09-19,35.25,36.13,35.2,35.54,5590029.0
2017-09-20,35.63,36.01,34.86,35.19,4621334.0
2017-09-21,35.03,36.1,35.02,35.96,3249516.0
2017-09-22,36.0,36.0,35.13,35.23,3144631.0
2017-09-25,35.45,36.01,35.23,35.91,3658589.0
2017-09-26,35.78,35.88,34.33,34.88,5100139.0
2017-09-27,34.88,35.35,34.39,35.09,3814905.0
2017-09-28,35.28,35.79,34.43,34.84,4498976.0
2017-09-29,34.72,35.2,34.11,35.16,4052800.0
2017-10-02,35.11,35.53,34.69,35.4,3315658.0
2017-10-03,35.53,35.72,35.03,35.39,3332800.0
2017-10-04,35.42,35.86,34.91,35.1,2334356.0
2017-10-05,35.17,35.25,34.83,35.03,2198986.0
2017-10-06,34.87,34.9,33.98,34.2,3331542.0
2017-10-09,34.36,34.68,33.93,34.44,2712409.0
2017-10-10,34.44,34.56,34.05,34.48,2979818.0
2017-10-11,34.5,34.95,33.95,34.91,5852078.0
2017-10-12,34.91,35.87,34.91,35.84,4026636.0
2017-10-13,36.07,37.0,35.93,36.8,6124125.0
2017-10-16,36.76,37.29,36.47,36.89,4278227.0
2017-10-17,36.9,37.39,36.47,37.0,4643565.0
2017-10-18,37.02,37.31,36.26,36.83,3160943.0
2017-10-19,36.54,36.77,36.01,36.33,3192830.0
2017-10-20,36.75,37.02,36.36,36.99,3194019.0
2017-10-23,36.9,37.19,36.28,36.31,2500953.0
2017-10-24,36.74,37.68,36.56,37.61,3257379.0
2017-10-25,37.47,38.01,37.17,37.68,3350316.0
2017-10-26,37.31,37.53,36.62,37.45,2317350.0
2017-10-27,37.15,37.53,36.67,37.11,2659086.0
2017-10-30,37.51,38.06,37.33,37.37,3952081.0
2017-10-31,37.62,38.1,37.42,37.98,4838558.0
2017-11-01,38.25,38.5,37.58,38.04,4439027.0
2017-11-02,38.74,39.04,36.71,38.55,5965827.0
2017-11-03,38.75,38.85,37.81,38.6,3506301.0
2017-11-06,38.46,39.32,38.46,39.21,3938647.0
2017-11-07,37.74,38.0,36.42,36.89,6080464.0
2017-11-08,36.97,37.86,36.52,37.78,3320504.0
2017-11-09,37.52,38.01,36.77,37.14,3156474.0
2017-11-10,37.26,37.92,37.0,37.28,3391274.0
2017-11-13,36.96,37.72,36.83,37.37,2634861.0
2017-11-14,35.62,36.62,35.01,35.52,3518757.0
2017-11-15,35.11,35.5,33.5,35.32,4213095.0
2017-11-16,35.35,36.83,35.3,36.17,3147322.0
2017-11-17,35.89,36.04,35.25,35.48,4330185.0
2017-11-20,35.34,35.86,35.03,35.78,2332842.0
2017-11-21,35.96,36.89,35.96,36.45,2559781.0
2017-11-22,36.69,36.8,36.17,36.31,2567904.0
2017-11-24,35.82,36.32,35.39,35.94,1893075.0
2017-11-27,36.05,36.41,35.84,35.92,3235581.0
2017-11-28,35.81,36.54,35.72,36.45,3180661.0
2017-11-29,36.45,37.03,36.28,36.85,2799877.0
2017-11-30,36.77,37.63,36.77,37.47,2683645.0
2017-12-01,37.59,37.85,36.76,37.59,2837136.0
2017-12-04,38.01,38.69,36.84,36.9,4267213.0
2017-12-05,36.82,37.97,36.71,37.36,3051778.0
2017-12-06,37.02,37.24,36.52,36.55,3585904.0
2017-12-07,36.58,38.3,36.51,38.22,2349927.0
2017-12-08,38.41,39.68,38.4,39.26,4567248.0
2017-12-11,39.25,39.64,39.1,39.4,3051114.0
2017-12-12,39.4,41.8,39.2,40.6,7533729.0
2017-12-13,40.77,41.41,40.6,41.26,3007935.0
2017-12-14,41.07,41.46,40.92,41.02,3845465.0
2017-12-15,40.94,41.17,39.95,41.09,5468802.0
2017-12-18,41.45,41.64,40.6,40.93,4758993.0
2017-12-19,41.07,41.62,40.81,41.2,3126554.0
2017-12-20,41.29,41.36,40.85,40.88,2258132.0
2017-12-21,40.93,41.32,40.88,41.25,3095991.0
2017-12-22,41.36,42.07,41.1,41.71,5559655.0
2017-12-26,41.48,43.04,41.48,42.85,1853410.0
2017-12-27,42.6,43.1,42.21,43.07,3087418.0
2017-12-28,42.94,43.42,42.46,42.61,1870792.0
2017-12-29,42.94,43.28,42.29,42.54,1426184.0
2018-01-02,42.86,43.32,42.51,43.14,2330622.0
2018-01-03,43.35,43.54,43.02,43.15,1757484.0
2018-01-04,43.4,43.69,42.85,43.6,1718736.0
2018-01-05,43.85,43.98,43.35,43.67,2077119.0
2018-01-08,43.86,43.94,42.58,42.72,3349471.0
2018-01-09,42.8,43.07,42.29,42.47,3381076.0
2018-01-10,42.22,42.63,41.7,42.42,2251698.0
2018-01-11,42.47,43.72,42.37,43.72,2639877.0
2018-01-12,43.53,43.83,43.15,43.52,2260542.0
2018-01-16,42.97,42.97,40.53,40.71,6781118.0
2018-01-17,41.0,41.03,39.35,39.56,5651631.0
2018-01-18,40.34,41.03,39.91,40.08,6375648.0
2018-01-19,40.37,40.63,39.55,40.39,3539914.0
2018-01-22,40.27,40.86,40.27,40.84,2273226.0
2018-01-23,40.9,41.69,40.34,41.3,2560902.0
2018-01-24,41.46,42.07,41.03,41.64,2422231.0
2018-01-25,42.0,42.09,40.32,40.41,1814390.0
2018-01-26,40.6,42.23,40.27,42.13,2758263.0
2018-01-29,41.9,42.52,41.46,42.1,2208049.0
2018-01-30,41.67,42.35,41.49,42.0,2245829.0
2018-01-31,42.08,42.68,41.46,42.44,2730383.0
2018-02-01,42.18,42.97,41.51,41.57,1961729.0
2018-02-02,41.31,41.31,39.58,39.91,1911132.0
2018-02-05,39.51,40.49,38.1,38.2,3665779.0
2018-02-06,37.17,39.33,36.84,39.04,3752531.0
2018-02-07,38.71,40.37,38.66,39.48,3264357.0
2018-02-08,39.5,39.99,37.39,37.46,4103212.0
2018-02-09,37.8,38.18,35.9,37.62,4032864.0
2018-02-12,38.17,38.88,37.64,38.44,3115628.0
2018-02-13,38.36,39.25,37.9,39.0,2372683.0
2018-02-14,38.64,40.08,38.48,39.66,2757824.0
2018-02-15,40.9,41.11,39.09,40.89,3996001.0
2018-02-16,40.78,41.03,40.2,40.36,2884767.0
2018-02-20,40.56,41.95,40.3,41.82,3878049.0
2018-02-21,42.21,43.77,42.07,42.63,4653396.0
2018-02-22,42.91,43.65,42.81,42.97,2980132.0
2018-02-23,43.43,44.2,43.0,44.12,2733447.0
2018-02-26,44.36,44.48,42.38,42.67,3491957.0
2018-02-27,42.1,42.7,41.63,41.77,2721889.0
2018-02-28,41.76,42.64,41.22,41.24,2944378.0
2018-03-01,41.38,42.5,41.05,41.65,2841167.0
2018-03-02,41.48,42.06,40.53,41.87,2348463.0
2018-03-05,42.71,44.8,42.5,44.56,9383184.0
2018-03-06,44.94,45.0,43.06,43.2,5640085.0
2018-03-07,42.52,43.11,41.42,41.91,3685142.0
2018-03-08,41.27,41.27,39.61,40.89,7437325.0
2018-03-09,41.3,42.06,40.35,41.5,4000837.0
2018-03-12,41.34,42.02,41.01,41.88,3971449.0
2018-03-13,41.5,41.96,40.2,40.38,3632972.0
2018-03-14,40.4,40.71,39.8,40.31,3796253.0
2018-03-15,40.33,40.57,38.87,38.99,3669847.0
2018-03-16,39.04,39.12,38.08,38.33,4597441.0
2018-03-19,38.12,38.53,37.21,37.69,4161372.0
2018-03-20,37.86,38.29,37.36,37.95,3274647.0
2018-03-21,37.94,39.16,37.85,38.66,2502510.0
2018-03-22,38.09,38.75,37.25,37.27,2163096.0
2018-03-23,37.18,37.87,36.8,36.92,3327680.0
2018-03-26,37.55,37.61,36.63,37.35,2579012.0
2018-03-27,37.53,38.01,37.11,37.5,4438373.0
2018-03-28,36.88,37.37,36.37,36.49,2522577.0
2018-03-29,36.73,37.87,36.69,37.73,3083894.0
2018-04-02,37.61,37.74,36.39,36.62,3022755.0
2018-04-03,36.86,37.17,36.53,36.98,2036633.0
2018-04-04,36.21,37.17,35.7,37.11,3301954.0
2018-04-05,37.43,38.89,37.25,38.58,4174186.0
2018-04-06,37.97,38.44,36.53,36.83,3400192.0
2018-04-09,37.11,37.75,36.55,37.16,1960413.0
2018-04-10,37.64,37.81,37.0,37.27,2900548.0
2018-04-11,37.16,37.82,37.16,37.41,1913690.0
2018-04-12,37.65,38.5,37.0,38.2,2122746.0
2018-04-13,38.38,38.55,37.78,38.43,1955732.0
2018-04-16,38.7,38.83,38.33,38.45,1634677.0
2018-04-17,38.66,39.4,38.19,39.08,1805904.0
2018-04-18,39.3,40.35,39.0,40.02,2064725.0
2018-04-19,39.93,40.01,39.24,39.64,1192390.0
2018-04-20,39.57,39.65,38.53,38.72,2575424.0
2018-04-23,38.67,39.39,38.42,39.0,1899267.0
2018-04-24,39.23,39.81,38.42,38.94,1958829.0
2018-04-25,38.93,39.76,38.71,39.61,2016830.0
2018-04-26,39.85,40.1,39.65,39.82,1782114.0
2018-04-27,39.8,39.83,39.06,39.53,2162932.0
2018-04-30,39.53,39.89,38.59,38.8,2701249.0
2018-05-01,38.34,38.73,38.13,38.67,2255234.0
2018-05-02,38.69,39.8,38.69,39.07,3195910.0
2018-05-03,37.42,39.05,37.35,38.27,2831627.0
2018-05-04,38.37,38.85,37.76,38.51,2611917.0
2018-05-07,38.47,38.51,37.17,37.73,3183892.0
2018-05-08,37.4,37.89,37.02,37.79,3292754.0
2018-05-09,38.35,39.23,38.12,38.75,3209164.0
2018-05-10,38.8,39.78,38.69,39.41,1378175.0
2018-05-11,39.17,39.92,39.05,39.5,1939661.0
2018-05-14,39.6,40.66,39.6,40.47,2572980.0
2018-05-15,40.49,42.03,40.47,41.74,3740139.0
2018-05-16,41.69,41.81,40.33,40.55,3477954.0
2018-05-17,40.57,41.27,40.47,41.1,2315851.0
2018-05-18,41.02,41.56,40.77,41.35,1973047.0
2018-05-21,41.67,42.58,41.52,42.07,1944380.0
2018-05-22,42.15,42.49,41.81,41.86,1790763.0
2018-05-23,41.49,41.49,40.09,41.26,2050696.0
2018-05-24,41.02,41.76,40.98,41.41,2512996.0
2018-05-25,41.28,41.76,40.39,41.66,1920695.0
2018-05-29,41.26,41.9,40.92,41.17,3015686.0
2018-05-30,41.32,41.9,41.09,41.54,1700134.0
2018-05-31,41.51,41.67,40.83,41.14,1957953.0
2018-06-01,41.45,41.58,40.3,40.47,2212012.0
2018-06-04,40.7,40.95,40.26,40.57,1822489.0
2018-06-05,40.83,42.38,40.7,41.34,4019090.0
2018-06-06,41.42,42.6,41.07,42.56,2597578.0
2018-06-07,42.74,43.25,42.46,42.89,2031472.0
2018-06-08,42.78,43.42,41.84,43.18,3296257.0
2018-06-11,43.02,43.28,42.73,43.07,2822010.0
2018-06-12,43.06,43.91,42.93,43.55,2613997.0
2018-06-13,43.53,44.42,43.06,44.31,3118889.0
2018-06-14,44.6,45.08,43.81,44.92,3474293.0
2018-06-15,44.67,44.86,44.03,44.58,5347159.0
2018-06-18,44.25,46.03,44.14,45.95,3374488.0
2018-06-19,45.0,45.31,43.24,45.2,4574193.0
2018-06-20,45.34,45.43,44.26,44.58,1817428.0
2018-06-21,45.25,45.8,44.69,44.91,2833615.0
2018-06-22,45.4,46.2,45.12,45.3,4103002.0
2018-06-25,44.57,44.75,43.83,43.99,2567560.0
2018-06-26,44.17,44.49,43.85,44.1,1605858.0
2018-06-27,44.39,45.14,43.7,43.82,2074248.0
2018-06-28,45.26,45.98,44.0,44.29,3690150.0
2018-06-29,44.77,45.38,44.38,44.4,2382583.0
2018-07-02,44.13,44.22,43.11,43.4,3049106.0
2018-07-03,43.78,44.36,43.38,44.26,1362975.0
2018-07-05,44.35,44.65,42.76,43.05,3234566.0
2018-07-06,42.79,43.1,42.26,42.88,2979140.0
2018-07-09,43.07,43.77,43.07,43.6,2169044.0
2018-07-10,43.62,44.25,43.25,43.64,2721376.0
2018-07-11,43.23,43.57,42.36,42.56,3550290.0
2018-07-12,43.17,43.25,42.2,43.12,2833778.0
2018-07-13,42.92,43.19,42.11,42.31,2997744.0
2018-07-16,42.2,42.62,41.49,42.24,2755809.0
2018-07-17,42.8,43.15,42.37,42.73,2178949.0
2018-07-18,43.36,43.61,42.65,42.88,2011629.0
2018-07-19,42.81,43.04,42.28,42.8,2225463.0
2018-07-20,42.46,43.33,42.46,43.04,2204358.0
2018-07-23,43.13,43.49,43.04,43.27,1705099.0
2018-07-24,43.83,44.98,43.35,43.53,3060389.0
2018-07-25,43.74,44.41,43.11,44.3,2699896.0
2018-07-26,44.18,45.49,44.09,45.27,2165826.0
2018-07-27,45.32,45.52,44.42,44.5,1881051.0
2018-07-30,44.61,45.17,43.86,43.95,1901132.0
2018-07-31,44.14,44.74,44.1,44.42,2248485.0
2018-08-01,44.18,44.65,43.7,44.13,2426559.0
2018-08-02,47.1,49.76,46.13,49.5,7277711.0
2018-08-03,49.87,49.95,48.63,49.07,2990545.0
2018-08-06,49.0,49.73,48.64,49.1,2722707.0
2018-08-07,49.21,49.9,48.54,48.71,2113517.0
2018-08-08,49.3,49.39,48.53,48.57,2239341.0
2018-08-09,48.57,49.8,48.32,49.75,2565655.0
2018-08-10,49.39,50.54,49.05,49.27,2630962.0
2018-08-13,48.91,49.55,48.28,48.46,2148232.0
2018-08-14,48.42,48.75,47.96,48.0,2196376.0
2018-08-15,47.59,47.59,46.6,47.09,3622020.0
2018-08-16,47.58,48.11,47.19,47.29,2506828.0
2018-08-17,47.45,48.2,47.26,47.52,4032984.0
2018-08-20,47.86,49.34,47.78,48.81,2487559.0
2018-08-21,48.55,49.31,48.17,48.22,2689015.0
2018-08-22,48.4,48.84,48.26,48.66,2029772.0
2018-08-23,48.63,49.57,48.54,49.46,2448465.0
2018-08-24,49.57,50.04,49.3,49.95,1367386.0
2018-08-27,50.25,51.05,50.06,50.63,1935145.0
2018-08-28,50.88,50.89,50.32,50.71,1927214.0
2018-08-29,50.92,51.8,50.68,51.64,2154809.0
2018-08-30,51.5,51.88,51.37,51.53,2294717.0
2018-08-31,51.2,52.03,51.2,51.95,2340298.0
2018-09-04,51.87,52.07,51.11,51.85,3020827.0
2018-09-05,51.62,51.64,50.06,51.24,2609287.0
2018-09-06,51.17,51.73,50.64,50.95,1620218.0
2018-09-07,50.5,51.24,50.21,50.93,1578129.0
2018-09-10,51.23,51.9,51.12,51.47,1788125.0
2018-09-11,51.56,52.71,51.15,52.33,2356517.0
2018-09-12,52.33,52.9,51.73,52.58,2149676.0
2018-09-13,52.84,53.17,51.22,51.3,2505146.0
2018-09-14,51.47,51.7,50.89,51.55,1859436.0
2018-09-17,51.74,52.71,51.7,51.95,1911570.0
2018-09-18,52.33,52.87,51.95,52.5,2207654.0
2018-09-19,52.78,54.03,52.65,53.13,2167779.0
2018-09-20,53.36,53.81,53.13,53.31,1907522.0
2018-09-21,53.75,53.97,52.72,52.81,3890454.0
2018-09-24,52.84,53.52,52.68,52.81,1401014.0
2018-09-25,53.04,55.14,53.04,54.26,2711851.0
2018-09-26,54.22,55.42,53.85,54.88,2867176.0
2018-09-27,54.96,55.47,53.48,53.77,2806958.0
2018-09-28,54.02,55.0,53.58,54.44,2762472.0
2018-10-01,54.74,55.59,54.04,54.8,2513216.0
2018-10-02,55.22,56.41,54.96,55.81,2918137.0
2018-10-03,55.77,55.82,54.75,55.32,2974437.0
2018-10-04,55.53,56.51,55.08,56.06,2466628.0
2018-10-05,56.1,56.18,54.33,55.02,2227556.0
2018-10-08,55.05,55.69,54.5,55.33,2187107.0
2018-10-09,55.01,55.92,54.66,54.81,1828529.0
2018-10-10,55.49,55.79,50.31,50.34,6335705.0
2018-10-11,50.61,52.52,50.25,51.13,4174576.0
2018-10-12,52.54,53.63,52.07,52.43,2872573.0
2018-10-15,51.98,52.4,50.58,50.79,3842977.0
2018-10-16,51.05,52.35,50.6,52.3,1821230.0
2018-10-17,52.42,52.73,50.85,51.5,2331772.0
2018-10-18,51.25,51.94,50.66,50.82,2700234.0
2018-10-19,51.02,51.78,50.59,50.64,2838131.0
2018-10-22,50.84,50.99,48.53,49.06,3619267.0
2018-10-23,47.89,48.13,46.36,47.19,4975286.0
2018-10-24,47.19,47.39,44.14,44.29,5598021.0
2018-10-25,44.77,45.39,44.42,44.88,2881039.0
2018-10-26,44.19,45.36,43.31,44.38,4528121.0
2018-10-29,45.03,45.98,44.34,44.83,5626885.0
2018-10-30,44.91,46.56,44.33,46.25,4730497.0
2018-10-31,47.79,49.08,47.6,48.03,6425616.0
2018-11-01,47.96,51.51,47.38,51.05,9045790.0
2018-11-02,51.8,52.17,49.52,49.68,4156898.0
2018-11-05,49.5,49.84,48.67,49.49,3091077.0
2018-11-06,50.01,51.67,50.01,51.64,2695370.0
2018-11-07,51.88,53.84,51.39,53.55,3584936.0
2018-11-08,53.43,54.08,53.02,53.67,2556404.0
2018-11-09,53.02,53.11,51.47,52.22,3510750.0
2018-11-12,52.35,52.43,50.71,51.27,2907644.0
2018-11-13,51.2,51.69,49.48,49.54,3540241.0
2018-11-14,47.71,48.53,44.61,45.03,7804182.0
2018-11-15,44.88,46.78,44.76,46.61,5113453.0
2018-11-16,46.43,47.44,46.18,47.09,3283939.0
2018-11-19,46.8,47.26,45.28,45.51,3184962.0
2018-11-20,44.71,45.38,43.22,43.56,4903238.0
2018-11-21,43.78,44.62,43.7,44.2,4925678.0
2018-11-23,43.75,43.91,42.94,43.22,2614018.0
2018-11-26,43.89,44.42,43.61,44.06,3101797.0
2018-11-27,43.79,44.03,42.69,43.19,3078789.0
2018-11-28,43.33,43.58,42.3,42.57,4286954.0
2018-11-29,42.5,43.98,42.13,43.5,4639341.0
2018-11-30,43.0,43.29,41.95,42.19,4877459.0
2018-12-03,43.49,44.69,43.45,43.86,6773911.0
2018-12-04,43.58,43.93,42.2,42.55,3853162.0
2018-12-06,41.78,42.15,39.99,41.56,4323467.0
2018-12-07,41.68,42.62,40.84,41.03,3549399.0
2018-12-10,40.83,41.61,40.29,41.33,2255262.0
2018-12-11,42.3,42.73,41.17,41.35,2476181.0
2018-12-12,42.15,42.74,41.93,41.95,3906530.0
2018-12-13,42.18,42.83,41.45,41.64,2988757.0
2018-12-14,41.07,42.49,41.02,42.06,4800574.0
2018-12-17,42.05,42.79,41.12,41.37,2980440.0
2018-12-18,41.78,42.57,41.29,41.76,3670338.0
2018-12-19,42.31,43.53,41.71,41.92,4043148.0
2018-12-20,41.63,41.87,40.14,40.83,3375669.0
2018-12-21,40.61,41.63,40.47,41.03,5111614.0
2018-12-24,40.59,41.4,40.09,40.11,1218727.0
2018-12-26,40.36,42.62,40.19,42.6,2000047.0
2018-12-27,43.15,43.24,41.57,43.24,2465610.0
2018-12-28,43.39,43.49,42.09,42.37,1756664.0
2018-12-31,42.52,43.8,42.51,43.51,1966293.0
2019-01-02,42.71,43.0,41.81,42.03,2806675.0
2019-01-03,41.41,41.85,40.34,40.57,3252289.0
2019-01-04,41.54,44.29,41.47,43.96,3219052.0
2019-01-07,44.0,45.39,43.6,44.11,2379558.0
2019-01-08,44.65,45.55,44.47,45.39,2890510.0
2019-01-09,45.85,46.51,44.5,45.03,3407844.0
2019-01-10,44.41,45.39,44.0,45.05,1723544.0
2019-01-11,44.83,45.35,43.81,44.4,1995401.0
2019-01-14,43.49,43.75,42.98,43.19,3398668.0
2019-01-15,42.89,43.67,42.59,43.3,1793692.0
2019-01-16,42.98,42.99,41.12,42.59,2967510.0
2019-01-17,42.53,44.04,42.49,43.79,1647822.0
2019-01-18,44.15,44.82,43.78,44.18,2425271.0
2019-01-22,43.76,43.99,41.6,41.86,2356779.0
2019-01-23,42.14,42.62,41.39,42.12,2690727.0
2019-01-24,42.19,42.25,40.98,41.26,2374130.0
2019-01-25,41.99,42.69,41.5,42.55,2064506.0
2019-01-28,42.0,43.18,41.72,42.97,2325408.0
2019-01-29,43.32,44.0,42.61,42.77,2110682.0
2019-01-30,43.19,43.28,42.12,43.06,1700954.0
2019-01-31,42.31,43.69,42.04,43.65,2306540.0
2019-02-01,43.84,43.97,42.96,43.5,2175635.0
2019-02-04,43.32,43.48,42.52,42.66,2356214.0
2019-02-05,42.74,43.38,42.52,42.95,1955830.0
2019-02-06,42.76,42.99,42.25,42.42,1802255.0
2019-02-07,42.1,42.26,40.74,41.31,3543892.0
2019-02-08,41.21,41.97,40.71,41.86,3097229.0
2019-02-11,41.98,42.33,41.38,41.96,3250615.0
2019-02-12,42.43,43.13,42.03,42.91,2718959.0
2019-02-13,43.17,43.38,42.49,42.64,3769281.0
2019-02-14,42.36,45.15,42.24,42.54,6675627.0
2019-02-15,42.71,42.72,41.21,41.77,3650522.0
2019-02-19,41.46,42.26,41.13,42.01,3184360.0
2019-02-20,42.04,44.78,42.04,44.58,3326933.0
2019-02-21,44.82,45.43,43.71,43.99,3336790.0
2019-02-22,44.34,44.63,43.39,44.07,2292102.0
2019-02-25,44.3,44.7,43.17,43.25,2859269.0
2019-02-26,43.38,43.67,42.24,43.19,2705029.0
2019-02-27,43.18,43.64,43.0,43.35,2107056.0
2019-02-28,43.09,43.38,41.85,42.2,3765551.0
2019-03-01,42.54,42.95,41.99,42.28,2572229.0
2019-03-04,42.78,43.05,41.48,42.08,2953258.0
2019-03-05,41.9,42.17,41.17,41.28,2815601.0
2019-03-06,41.21,41.7,41.04,41.25,3010304.0
2019-03-07,41.0,41.28,40.03,40.27,2770997.0
2019-03-08,39.82,40.53,38.9,40.29,2269901.0
2019-03-11,40.49,41.46,40.02,41.44,3031022.0
2019-03-12,41.55,42.74,41.53,41.75,3832175.0
2019-03-13,42.0,43.12,41.87,43.0,4060084.0
2019-03-14,43.02,43.17,42.62,42.71,3787375.0
2019-03-15,42.94,43.37,42.65,43.05,4732580.0
2019-03-18,43.2,43.26,42.35,42.47,1692201.0
2019-03-19,42.61,42.78,41.89,42.09,2643124.0
2019-03-20,41.8,42.18,41.53,41.59,2020650.0
2019-03-21,41.49,41.57,40.68,41.11,3431825.0
2019-03-22,40.78,41.0,38.97,39.01,4735122.0
2019-03-25,39.11,39.7,38.94,39.59,2811461.0
2019-03-26,40.0,40.0,39.03,39.73,2962383.0
2019-03-27,39.61,40.51,39.56,40.2,1920412.0
2019-03-28,40.43,41.38,40.11,40.36,2360711.0
2019-03-29,40.47,40.97,40.21,40.88,2154330.0
2019-04-01,41.45,41.84,40.77,41.82,2043643.0
2019-04-02,41.93,42.18,41.47,41.68,2531689.0
2019-04-03,42.2,43.24,42.16,42.93,3200900.0
2019-04-04,42.74,43.2,42.42,43.18,1624104.0
2019-04-05,43.26,43.55,42.91,43.48,2300774.0
2019-04-08,43.65,43.72,42.98,43.56,1644952.0
2019-04-09,43.13,43.21,42.54,42.75,1773896.0
2019-04-10,42.76,42.96,42.17,42.55,1663008.0
2019-04-11,42.24,42.65,41.94,42.25,1292645.0
2019-04-12,42.8,43.15,42.17,42.58,1374301.0
2019-04-15,42.54,43.14,42.52,42.87,1383528.0
2019-04-16,42.87,44.08,42.5,43.86,2148158.0
2019-04-17,44.1,44.91,43.95,44.62,4331183.0
2019-04-18,43.44,45.31,42.83,45.14,4662134.0
2019-04-22,44.94,45.72,44.86,44.95,3035969.0
2019-04-23,44.7,45.0,43.31,44.57,3199943.0
2019-04-24,44.43,44.65,43.57,44.55,1552134.0
2019-04-25,44.22,44.74,44.06,44.07,1848494.0
2019-04-26,44.56,45.53,44.24,45.16,1758288.0
2019-04-29,44.7,45.34,43.97,44.92,2209003.0
2019-04-30,45.05,45.28,44.41,44.78,2535652.0
2019-05-01,44.41,44.69,43.19,43.29,2746449.0
2019-05-02,43.19,45.0,42.67,43.46,3895254.0
2019-05-03,43.86,44.33,43.26,44.22,1467415.0
2019-05-06,43.02,44.2,42.72,43.8,1731487.0
2019-05-07,43.28,43.29,41.22,41.52,3940419.0
2019-05-08,41.37,42.04,40.92,41.84,3473928.0
2019-05-09,41.2,41.31,40.55,41.15,2153494.0
2019-05-10,40.98,41.84,40.48,41.62,2373042.0
2019-05-13,40.61,40.92,39.84,40.82,2481834.0
2019-05-14,40.88,41.51,40.41,41.19,2688794.0
2019-05-15,41.13,42.15,40.97,41.92,1670342.0
2019-05-16,42.3,43.1,42.08,42.75,2936241.0
2019-05-17,42.32,43.18,42.32,42.47,1699112.0
2019-05-20,41.94,42.27,41.26,41.29,1886137.0
2019-05-21,41.87,42.26,41.6,42.08,2445398.0
2019-05-22,41.47,41.99,41.08,41.14,2699433.0
2019-05-23,40.46,40.82,39.97,40.5,2493543.0
2019-05-24,41.04,41.25,40.57,40.8,1918787.0
2019-05-28,40.77,40.86,39.98,40.25,2161233.0
2019-05-29,39.83,40.27,39.71,39.83,1973902.0
2019-05-30,39.84,40.75,39.75,40.59,1855682.0
2019-05-31,39.84,40.38,39.17,40.24,2460920.0
2019-06-03,40.15,41.49,40.12,41.41,3181711.0
2019-06-04,42.16,43.51,41.8,43.51,3378710.0
2019-06-05,43.49,43.49,41.87,42.52,2508981.0
2019-06-06,42.31,43.58,42.0,43.37,2020184.0
2019-06-07,43.5,43.5,41.47,42.03,2804049.0
2019-06-10,42.22,42.61,41.64,41.94,2257074.0
2019-06-11,42.48,42.61,41.88,42.08,2748250.0
2019-06-12,42.12,43.43,42.08,43.11,2182622.0
2019-06-13,44.05,45.17,43.76,45.14,3260635.0
2019-06-14,45.02,46.67,44.62,46.0,2993906.0
2019-06-17,46.44,46.96,46.04,46.53,2971138.0
2019-06-18,46.81,47.85,46.56,47.22,2838376.0
2019-06-19,47.12,47.44,46.36,46.47,2791055.0
2019-06-20,47.27,47.35,46.15,46.86,2544977.0
2019-06-21,46.89,47.71,46.72,46.77,3087059.0
2019-06-24,46.85,47.47,46.48,47.05,2093108.0
2019-06-25,47.4,47.92,47.13,47.48,2824066.0
2019-06-26,47.49,47.59,46.76,46.8,1431321.0
2019-06-27,47.07,47.58,46.45,47.14,1661793.0
2019-06-28,47.16,47.77,46.24,46.71,4454198.0
2019-07-01,47.0,47.45,44.91,46.52,2793059.0
2019-07-02,46.4,46.75,45.65,46.29,2375807.0
2019-07-03,46.5,46.96,46.31,46.64,641172.0
2019-07-05,46.09,46.54,45.8,46.3,1191317.0
2019-07-08,46.24,46.24,45.25,45.52,1627583.0
2019-07-09,45.19,45.28,44.37,44.39,2617977.0
2019-07-10,44.65,45.3,44.1,44.22,1971952.0
2019-07-11,43.99,44.95,43.81,44.94,2426650.0
2019-07-12,45.1,46.4,44.87,46.17,2653745.0
2019-07-15,46.5,48.17,46.26,47.88,2268021.0
2019-07-16,47.88,48.64,47.54,47.71,1769899.0
2019-07-17,47.67,47.84,46.99,47.42,1469663.0
2019-07-18,47.04,47.46,46.56,46.98,1771714.0
2019-07-19,47.25,47.35,46.88,47.16,1344513.0
2019-07-22,47.18,47.39,46.91,47.34,1298602.0
2019-07-23,47.69,48.42,47.31,48.34,1758145.0
2019-07-24,48.48,48.99,48.08,48.92,2151142.0
2019-07-25,48.63,48.81,48.02,48.38,2012472.0
2019-07-26,48.44,48.49,47.77,48.15,1607626.0
2019-07-29,48.08,48.24,47.49,47.52,1760040.0
2019-07-30,47.04,49.77,47.0,49.74,2611083.0
2019-07-31,49.72,50.61,49.28,49.56,2685473.0
2019-08-01,52.24,55.15,51.39,52.35,6314865.0
2019-08-02,52.74,53.0,51.36,52.68,2917755.0
2019-08-05,51.74,51.94,49.87,50.74,3704108.0
2019-08-06,52.0,52.44,50.28,50.94,3856412.0
2019-08-07,50.28,50.72,49.64,50.45,2174364.0
2019-08-08,50.92,52.2,50.48,52.15,2800935.0
2019-08-09,52.33,52.33,50.41,51.04,2993226.0
2019-08-12,50.88,50.94,48.29,48.89,2817973.0
2019-08-13,49.01,50.08,48.11,48.77,3074124.0
2019-08-14,48.28,48.37,47.05,47.2,3032855.0
2019-08-15,47.55,47.79,46.52,46.94,1967565.0
2019-08-16,47.27,48.35,46.75,48.18,1992403.0
2019-08-19,48.56,48.85,48.26,48.72,2342559.0
2019-08-20,48.64,48.68,47.88,48.04,1326452.0
2019-08-21,48.51,48.99,47.81,48.89,1894939.0
2019-08-22,49.25,50.14,48.46,48.54,2190263.0
2019-08-23,47.82,48.44,46.92,47.12,2445139.0
2019-08-26,47.7,47.72,46.97,47.24,1210330.0
2019-08-27,47.62,47.68,46.45,46.69,1352516.0
2019-08-28,46.36,47.6,46.06,47.31,1314043.0
2019-08-29,48.41,48.97,47.97,48.26,1451473.0
2019-08-30,48.65,48.92,47.95,48.19,1574641.0
2019-09-03,47.69,48.08,46.97,47.25,1885723.0
2019-09-04,48.39,48.43,47.35,47.76,1610295.0
2019-09-05,48.25,48.65,47.98,48.17,3450543.0
2019-09-06,48.32,48.94,47.96,48.64,1327964.0
2019-09-09,48.74,49.24,48.43,48.85,1340821.0
2019-09-10,49.12,50.95,48.63,50.78,2122304.0
2019-09-11,50.78,51.55,50.18,50.38,2342817.0
2019-09-12,50.82,50.82,49.08,49.1,2014883.0
2019-09-13,49.5,50.3,49.1,49.91,2246192.0
2019-09-16,50.26,52.3,50.16,51.34,2840869.0
2019-09-17,50.82,51.16,50.13,50.58,1374052.0
2019-09-18,50.33,51.0,50.05,50.65,1691448.0
2019-09-19,50.43,50.74,50.0,50.01,1987044.0
2019-09-20,50.21,50.55,49.25,49.29,2501562.0
2019-09-23,48.99,49.98,48.69,49.91,2085877.0
2019-09-24,49.8,49.99,48.58,48.88,2587537.0
2019-09-25,49.0,49.5,48.61,48.67,1363484.0
2019-09-26,49.02,49.58,48.61,49.22,1693092.0
2019-09-27,49.36,49.76,48.35,48.65,1699983.0
2019-09-30,48.74,49.39,47.54,49.2,3332709.0
2019-10-01,49.43,50.08,48.79,49.13,2136430.0
2019-10-02,48.47,48.85,47.59,48.28,1945360.0
2019-10-03,48.14,48.99,47.6,48.76,1443346.0
2019-10-04,48.8,48.85,47.6,48.78,2139234.0
2019-10-07,48.83,49.7,48.7,48.91,1637653.0
2019-10-08,48.49,49.43,48.18,48.86,1919911.0
2019-10-09,49.4,49.52,48.65,48.84,1289326.0
2019-10-10,49.47,50.04,48.67,49.15,1634998.0
2019-10-11,50.0,51.06,49.86,50.62,2458907.0
2019-10-14,50.22,50.26,48.92,48.97,1577815.0
2019-10-15,49.01,49.62,48.49,48.58,2040737.0
2019-10-16,48.51,49.24,48.36,48.91,1867865.0
2019-10-17,49.0,49.2,48.2,48.46,2540868.0
2019-10-18,48.34,48.4,47.71,47.77,2432121.0
2019-10-21,48.33,48.33,46.26,46.46,2577502.0
2019-10-22,46.49,46.8,45.58,46.41,2157368.0
2019-10-23,46.35,46.39,45.56,45.82,1911306.0
2019-10-24,45.99,46.09,45.39,45.47,1537471.0
2019-10-25,45.45,46.64,45.21,46.14,1657716.0
2019-10-28,46.36,46.72,45.81,45.83,1548722.0
2019-10-29,45.5,47.28,45.5,46.87,2023176.0
2019-10-30,46.78,47.46,46.51,47.04,3807817.0
2019-10-31,46.0,46.5,43.32,45.35,4872136.0
2019-11-01,45.49,46.33,44.99,46.27,2666142.0
2019-11-04,46.77,47.86,46.58,47.62,2613495.0
2019-11-05,47.53,48.39,47.34,47.73,2548043.0
2019-11-06,47.67,48.07,46.39,46.39,1629768.0
2019-11-07,46.73,46.99,46.23,46.63,1177437.0
2019-11-08,46.42,46.9,45.77,46.63,1812077.0
2019-11-11,46.26,46.54,45.65,46.45,961798.0
2019-11-12,46.54,48.03,46.33,47.91,2890775.0
2019-11-13,47.43,47.43,46.23,46.84,1810645.0
2019-11-14,45.84,46.45,45.75,46.36,1739540.0
2019-11-15,46.66,46.9,45.87,45.93,1251496.0
2019-11-18,45.63,45.83,44.82,45.13,1421560.0
2019-11-19,45.45,46.01,45.23,45.76,1803918.0
2019-11-20,45.55,45.89,45.06,45.1,1691126.0
2019-11-21,45.12,45.69,44.77,45.4,1866116.0
2019-11-22,45.55,45.82,44.73,44.95,1580994.0
2019-11-25,45.52,46.31,45.45,46.29,1813736.0
2019-11-26,46.35,46.37,45.52,45.72,1677874.0
2019-11-27,45.71,45.99,45.31,45.65,1636728.0
2019-11-29,45.58,46.31,45.58,46.21,779026.0
2019-12-02,46.09,46.23,45.52,45.69,1686444.0
2019-12-03,45.03,45.29,44.34,44.95,1476184.0
2019-12-04,45.2,45.85,44.76,44.77,1408343.0
2019-12-05,44.97,45.09,44.26,44.45,1361887.0
2019-12-06,44.89,45.55,44.76,45.34,2255860.0
2019-12-09,45.55,45.79,45.08,45.4,1661812.0
2019-12-10,44.35,44.55,43.67,44.02,2176391.0
2019-12-11,43.94,45.1,43.83,44.56,2835836.0
2019-12-12,44.44,45.78,44.2,45.4,2968709.0
2019-12-13,45.4,45.9,44.78,45.14,2441679.0
2019-12-16,45.85,47.31,45.73,46.88,2632202.0
2019-12-17,46.88,47.23,46.56,46.92,2422559.0
2019-12-18,46.83,46.84,45.65,46.53,2936335.0
2019-12-19,46.29,46.75,46.05,46.38,2002732.0
2019-12-20,46.66,48.51,46.43,48.28,6009141.0
2019-12-23,48.14,48.32,47.44,47.75,1496943.0
2019-12-24,47.69,48.22,47.69,47.94,293856.0
2019-12-26,47.94,48.51,47.93,48.46,873319.0
2019-12-27,48.75,48.88,47.54,47.55,1306394.0
2019-12-30,47.79,47.86,47.28,47.36,975447.0
2019-12-31,47.44,47.8,47.16,47.74,1016402.0
2020-01-02,48.19,48.19,46.03,46.4,2521641.0
2020-01-03,46.37,47.21,45.97,46.08,2349572.0
2020-01-06,46.16,46.22,45.02,46.0,2283267.0
2020-01-07,45.73,46.42,45.56,45.58,1945072.0
2020-01-08,45.37,45.93,45.02,45.79,2121476.0
2020-01-09,45.99,45.99,44.79,45.57,1762563.0
2020-01-10,45.5,45.77,44.64,44.77,2206790.0
2020-01-13,44.91,45.44,44.5,45.34,1500858.0
2020-01-14,45.17,46.0,45.17,45.42,1259888.0
2020-01-15,45.32,46.07,45.3,45.65,1268187.0
2020-01-16,45.48,45.94,45.09,45.89,1273521.0
2020-01-17,45.96,46.33,45.47,46.14,2871620.0
2020-01-21,45.86,45.86,44.21,44.25,2183193.0
2020-01-22,44.01,44.32,41.92,42.71,5417804.0
2020-01-23,42.08,42.68,41.29,42.5,2973390.0
2020-01-24,42.72,42.72,40.91,40.93,2503762.0
2020-01-27,39.92,40.25,39.33,39.42,2633971.0
2020-01-28,39.74,40.16,39.25,39.95,2371565.0
2020-01-29,40.16,40.84,40.08,40.27,1912944.0
2020-01-30,40.04,40.76,39.9,40.68,1964775.0
2020-01-31,40.26,40.49,40.06,40.28,2051132.0
2020-02-03,40.27,40.84,39.41,39.75,2850520.0
2020-02-04,40.28,41.17,40.08,41.07,2297366.0
2020-02-05,41.69,42.76,41.33,42.71,2784791.0
2020-02-06,42.87,42.93,42.17,42.25,2801060.0
2020-02-07,41.88,42.21,41.7,42.17,1679932.0
2020-02-10,41.7,42.57,41.44,41.67,2085291.0
2020-02-11,41.91,42.65,41.75,42.17,1929774.0
2020-02-12,42.2,42.26,41.31,41.61,2376507.0
2020-02-13,41.3,41.41,39.18,39.34,4897008.0
2020-02-14,38.12,40.04,38.0,38.3,5653815.0
2020-02-18,38.08,38.45,37.58,38.16,5994137.0
2020-02-19,38.16,40.04,38.16,39.38,3313116.0
2020-02-20,39.58,40.6,39.39,39.48,2972542.0
2020-02-21,39.85,40.18,39.32,39.35,2065724.0
2020-02-24,38.34,39.3,37.71,38.83,3445126.0
2020-02-25,39.01,39.5,37.43,37.64,3288004.0
2020-02-26,37.93,38.75,36.96,37.06,3028806.0
2020-02-27,36.5,37.68,35.92,36.13,4420209.0
2020-02-28,35.21,36.99,35.18,36.86,4338998.0
2020-03-02,37.75,38.27,36.98,38.22,4818888.0
2020-03-03,38.16,39.01,37.23,38.14,4247025.0
2020-03-04,38.73,38.94,38.05,38.75,3329037.0
2020-03-05,37.63,38.23,37.42,37.99,3076715.0
2020-03-06,37.44,37.49,36.09,36.84,3800800.0
2020-03-09,34.41,34.81,31.13,31.17,4896951.0
2020-03-10,33.08,33.08,29.32,30.73,6353457.0
2020-03-11,29.83,30.24,27.9,28.34,5032859.0
2020-03-12,26.85,26.89,23.85,24.42,3919277.0
2020-03-13,25.51,27.7,23.23,27.68,4127137.0
2020-03-16,24.0,26.48,23.81,24.0,4077858.0
2020-03-17,24.88,25.43,22.89,24.15,4179662.0
2020-03-18,22.29,23.5,19.73,21.14,4980065.0
2020-03-19,21.04,23.9,20.42,22.98,3166964.0
2020-03-20,23.53,24.3,21.96,22.25,4254906.0
2020-03-23,22.04,22.91,21.43,22.04,2873974.0
2020-03-24,23.14,25.78,22.53,25.62,3700874.0
2020-03-25,25.63,28.89,25.26,27.02,4271436.0
2020-03-26,27.33,28.96,26.85,28.25,3512822.0
2020-03-27,27.14,27.14,25.41,25.55,2497912.0
2020-03-30,25.42,26.93,25.1,26.62,3062378.0
2020-03-31,26.56,28.0,26.56,27.2,3958979.0
2020-04-01,25.91,26.73,25.58,25.85,4352024.0
2020-04-02,26.0,28.2,25.26,25.7,3539588.0
2020-04-03,26.29,26.36,25.44,25.77,2670226.0
2020-04-06,27.24,27.97,27.0,27.5,4857706.0
2020-04-07,29.12,30.39,28.23,28.96,5101364.0
2020-04-08,29.02,30.0,29.02,29.84,2977495.0
2020-04-09,30.69,32.17,30.24,31.01,4559463.0
2020-04-13,30.52,31.06,29.34,29.91,3892379.0
2020-04-14,30.47,30.98,29.3,30.05,2393221.0
2020-04-15,28.67,28.88,27.6,28.12,2585347.0
2020-04-16,28.03,28.35,26.56,26.92,3233164.0
2020-04-17,28.03,28.87,27.72,28.29,5346787.0
2020-04-20,27.38,28.48,27.03,27.55,3636272.0
2020-04-21,26.6,27.31,26.34,26.86,2592133.0
2020-04-22,27.66,27.66,26.56,27.31,3398698.0
2020-04-23,27.84,28.75,27.49,27.85,2631015.0
2020-04-24,28.23,28.46,27.45,28.0,2659312.0
2020-04-27,27.91,28.66,27.79,28.37,1503714.0
2020-04-28,29.0,29.13,27.69,28.04,2879644.0
2020-04-29,29.14,29.68,28.76,29.01,3109215.0
2020-04-30,28.64,28.64,27.29,27.5,3258330.0
2020-05-01,26.98,27.06,25.99,26.61,2404475.0
2020-05-04,25.95,26.33,25.45,26.28,2530391.0
2020-05-05,26.95,28.12,26.77,27.31,2488612.0
2020-05-06,27.38,27.72,26.25,26.27,1400144.0
2020-05-07,28.2,28.84,27.41,27.54,3241751.0
2020-05-08,28.1,29.2,28.06,29.03,1875204.0
2020-05-11,26.67,27.6,26.35,27.46,2805906.0
2020-05-12,27.38,27.85,26.05,26.09,2324565.0
2020-05-13,26.02,26.33,24.4,24.59,2611629.0
2020-05-14,23.71,24.65,23.05,24.63,5888273.0
2020-05-15,24.42,24.83,24.13,24.82,3761771.0
2020-05-18,26.09,26.95,25.96,26.39,4787426.0
2020-05-19,26.57,27.84,25.82,27.19,3498325.0
2020-05-20,27.5,27.97,27.26,27.51,2607416.0
2020-05-21,27.5,27.85,27.31,27.7,2005793.0
2020-05-22,27.65,27.78,27.26,27.59,1487247.0
2020-05-26,28.25,29.48,28.25,29.16,2787225.0
2020-05-27,30.05,30.36,29.53,29.97,1832418.0
2020-05-28,30.39,30.42,29.09,29.24,1817575.0
2020-05-29,28.91,29.77,28.68,29.37,2673430.0
2020-06-01,29.25,29.96,28.93,29.59,1628147.0
2020-06-02,29.76,31.12,29.76,30.91,3897999.0
2020-06-03,31.41,32.32,31.4,31.91,2322345.0
2020-06-04,31.66,32.07,31.02,31.75,1781243.0
2020-06-05,33.16,33.53,32.55,32.72,2757825.0
2020-06-08,33.4,34.05,32.72,32.98,2610168.0
2020-06-09,32.16,32.4,31.51,31.93,2126202.0
2020-06-10,31.87,31.93,30.85,30.88,2391228.0
2020-06-11,29.25,29.71,27.69,28.14,2749623.0
2020-06-12,29.47,29.73,28.43,29.4,1650032.0
2020-06-15,28.34,29.71,28.05,29.43,1625714.0
2020-06-16,31.1,31.1,29.81,30.81,2284273.0
2020-06-17,31.07,31.07,30.03,30.23,1527270.0
2020-06-18,29.87,30.52,29.63,29.99,1827910.0
2020-06-19,30.73,30.73,29.63,29.89,2899226.0
2020-06-22,29.54,30.28,29.15,30.15,1782677.0
2020-06-23,30.55,30.59,29.51,29.8,2538687.0
2020-06-24,29.19,29.3,27.79,27.84,2011501.0
2020-06-25,27.58,27.91,26.97,27.54,3506668.0
2020-06-26,27.3,27.79,27.19,27.45,3512753.0
2020-06-29,27.73,27.95,27.33,27.55,2023476.0
2020-06-30,27.25,28.33,26.96,28.14,2901917.0
2020-07-01,28.23,29.21,28.17,28.54,2581976.0
2020-07-02,29.22,29.89,29.02,29.38,1956790.0
2020-07-06,30.07,30.35,29.29,29.76,2036990.0
2020-07-07,29.34,29.8,28.98,29.22,1758066.0
2020-07-08,29.18,29.35,27.65,27.74,2460110.0
2020-07-09,27.93,27.97,26.59,26.9,2232946.0
2020-07-10,26.68,28.16,26.68,28.12,1781932.0
2020-07-13,29.42,30.21,29.25,29.75,2843652.0
2020-07-14,29.58,30.07,29.07,29.64,2529888.0
2020-07-15,30.39,31.19,30.27,30.64,2135457.0
2020-07-16,30.47,30.63,29.82,29.96,2439084.0
2020-07-17,30.08,30.87,30.07,30.36,1888497.0
2020-07-20,30.2,30.35,29.08,29.16,1619190.0
2020-07-21,29.34,30.12,29.34,29.8,2018350.0
2020-07-22,29.56,30.3,29.39,30.23,1583815.0
2020-07-23,30.16,30.97,29.67,30.38,1921714.0
2020-07-24,30.49,30.98,30.17,30.58,1553258.0
2020-07-27,30.54,31.75,30.51,31.36,2389598.0
2020-07-28,31.03,31.12,30.03,30.22,2715464.0
2020-07-29,30.48,31.48,30.36,31.36,2463688.0
2020-07-30,30.78,31.13,30.09,30.81,2369311.0
2020-07-31,30.74,31.58,30.56,31.33,8099880.0
2020-08-03,31.43,31.94,31.38,31.45,3977384.0
2020-08-04,31.83,32.84,31.76,32.38,3885761.0
2020-08-05,32.86,33.19,32.63,32.92,3940254.0
2020-08-06,33.75,34.48,33.34,33.39,3692193.0
2020-08-07,34.25,34.25,32.68,33.13,4069108.0
2020-08-10,33.6,35.13,33.45,34.88,4003086.0
2020-08-11,35.67,36.12,35.12,35.49,3023533.0
2020-08-12,35.91,36.11,34.59,34.88,2317560.0
2020-08-13,34.59,35.17,34.43,34.96,1818836.0
2020-08-14,34.51,35.12,34.48,35.1,2245104.0
2020-08-17,35.18,35.48,34.3,34.38,1969267.0
2020-08-18,34.33,34.88,33.94,34.49,2002217.0
2020-08-19,34.35,34.62,33.4,33.58,1955942.0
2020-08-20,33.13,33.35,32.79,33.1,1982970.0
2020-08-21,32.83,32.93,32.2,32.37,1895892.0
2020-08-24,32.69,33.75,32.62,33.57,1793860.0
2020-08-25,33.83,34.16,33.23,33.43,1632689.0
2020-08-26,33.42,33.56,32.72,33.49,2238561.0
2020-08-27,33.52,33.56,32.91,33.24,2331047.0
2020-08-28,33.42,33.47,32.66,33.21,1489062.0
2020-08-31,33.27,33.31,32.62,32.63,1592126.0
2020-09-01,32.38,33.41,32.13,33.41,1670650.0
2020-09-02,33.52,33.97,33.08,33.97,2100481.0
2020-09-03,34.03,34.17,32.71,33.21,2109526.0
2020-09-04,33.54,33.76,32.79,33.18,2047405.0
2020-09-08,32.44,32.74,31.53,32.02,2436089.0
2020-09-09,32.23,32.41,31.82,32.33,1368584.0
2020-09-10,32.52,32.74,32.12,32.25,1791675.0
2020-09-11,32.46,33.52,32.38,33.37,2115742.0
2020-09-14,33.5,33.8,33.07,33.69,1554044.0
2020-09-15,33.69,33.74,32.97,32.97,1647860.0
2020-09-16,33.08,33.68,32.65,33.35,1928638.0
2020-09-17,32.36,34.73,32.2,34.64,3444678.0
2020-09-18,34.97,35.63,33.68,34.01,6327192.0
2020-09-21,33.2,33.24,31.09,31.61,2825091.0
2020-09-22,31.5,31.72,31.14,31.25,2094420.0
2020-09-23,31.22,31.94,30.9,30.92,2006387.0
2020-09-24,30.68,31.09,30.12,30.69,1910102.0
2020-09-25,30.34,30.58,29.97,30.42,2000325.0
2020-09-28,31.15,31.5,30.89,30.95,1434298.0
2020-09-29,30.9,30.9,29.77,29.86,1600460.0
2020-09-30,30.04,31.08,29.99,30.71,2333832.0
2020-10-01,30.62,30.89,29.77,29.88,1981115.0
2020-10-02,29.49,30.85,29.3,30.57,1552796.0
2020-10-05,30.75,31.77,30.72,31.53,1586339.0
2020-10-06,31.92,32.62,31.25,31.29,1561108.0
2020-10-07,31.64,31.87,30.93,30.95,2115076.0
2020-10-08,31.34,31.86,31.11,31.86,1239153.0
2020-10-09,31.96,32.28,30.97,31.33,1865094.0
2020-10-12,31.12,31.17,29.39,29.52,3649466.0
2020-10-13,29.37,29.96,29.18,29.45,2173081.0
2020-10-14,29.3,30.49,29.06,29.81,2132601.0
2020-10-15,29.38,29.85,29.17,29.66,1166542.0
2020-10-16,29.78,29.88,29.15,29.28,1736454.0
2020-10-19,29.28,29.5,28.82,28.88,1515781.0
2020-10-20,29.16,29.25,28.04,28.06,2007444.0
2020-10-21,27.86,27.99,26.88,27.25,3455197.0
2020-10-22,27.36,28.0,27.31,27.92,2552230.0
2020-10-23,28.1,28.43,27.53,27.58,1629286.0
2020-10-26,27.25,27.25,26.44,26.83,1987853.0
2020-10-27,26.7,26.96,26.1,26.16,3015189.0
2020-10-28,25.48,26.22,25.3,25.71,2833944.0
2020-10-29,25.51,26.9,25.49,26.78,2491069.0
2020-10-30,26.68,27.63,26.42,27.61,3016836.0
2020-11-02,28.01,28.29,27.65,28.07,2695532.0
2020-11-03,27.97,28.03,26.68,27.02,3184352.0
2020-11-04,27.18,27.24,26.05,26.66,1953147.0
2020-11-05,25.96,28.02,25.96,27.34,3778334.0
2020-11-06,27.36,28.29,27.06,27.33,2970994.0
2020-11-09,29.12,30.51,28.37,28.96,3954345.0
2020-11-10,29.33,30.36,28.88,30.11,3732562.0
2020-11-11,30.4,31.5,30.35,30.55,3968691.0
2020-11-12,30.17,30.49,29.73,30.14,2638714.0
2020-11-13,30.21,30.94,30.21,30.89,2731953.0
2020-11-16,31.77,32.54,31.15,32.4,4326993.0
2020-11-17,32.11,32.59,31.72,32.22,3007916.0
2020-11-18,32.25,33.28,32.25,32.45,3256720.0
2020-11-19,32.5,32.69,31.89,32.15,2743854.0
2020-11-20,32.24,33.67,32.22,33.5,2933410.0
2020-11-23,34.03,36.09,34.03,35.82,4581338.0
2020-11-24,36.16,38.77,36.16,38.65,6318814.0
2020-11-25,38.24,38.7,37.32,38.17,3442505.0
2020-11-27,38.56,39.41,38.28,38.77,2427034.0
2020-11-30,38.39,38.44,37.08,37.3,3320325.0
2020-12-01,37.9,38.15,37.38,37.5,2424358.0
2020-12-02,37.33,38.25,37.25,37.85,2798832.0
2020-12-03,38.08,38.66,37.82,38.13,2267335.0
2020-12-04,38.39,39.9,38.2,39.57,2861617.0
2020-12-07,39.26,39.37,38.0,38.27,1981148.0
2020-12-08,38.0,38.71,37.9,38.52,1624467.0
2020-12-09,38.91,39.42,38.55,39.06,1778657.0
2020-12-10,38.62,39.34,38.55,39.11,1793838.0
2020-12-11,38.66,39.46,38.62,39.37,1696742.0
2020-12-14,39.72,40.06,38.78,38.82,2478015.0
2020-12-15,39.4,39.41,38.02,38.35,2553922.0
2020-12-16,38.55,38.55,37.07,37.78,2179427.0
2020-12-17,38.15,38.16,37.44,37.54,1855685.0
2020-12-18,37.49,37.72,36.97,37.64,4424640.0
2020-12-21,36.89,37.65,36.66,37.54,1692328.0
2020-12-22,37.61,37.61,36.21,36.22,1724063.0
2020-12-23,36.51,37.08,36.3,36.77,1263779.0
2020-12-24,36.71,36.89,36.39,36.81,255840.0
2020-12-28,37.01,38.57,37.01,37.2,1606307.0
2020-12-29,37.32,37.77,36.64,36.95,1073118.0
2020-12-30,36.88,38.26,36.85,37.97,1388181.0
2020-12-31,37.93,39.2,37.58,38.71,1556406.0
2021-01-04,39.0,39.6,38.06,38.53,2668051.0
2021-01-05,38.7,40.49,38.7,40.07,2632176.0
2021-01-06,40.88,43.3,40.34,42.7,4689000.0
2021-01-07,43.5,43.98,42.575,42.77,3248217.0
2021-01-08,43.05,43.255,42.14,43.16,3449307.0
2021-01-11,42.16,43.46,41.9,43.11,2159527.0
2021-01-12,43.52,45.96,42.95,45.74,3698642.0
2021-01-13,46.2,47.0,44.97,45.29,2976889.0
2021-01-14,45.37,45.95,45.285,45.3,2216242.0
2021-01-15,45.17,45.67,44.33,45.56,2531641.0
2021-01-19,45.98,46.19,44.5,44.99,2465292.0
2021-01-20,45.23,45.36,43.74,44.13,1766192.0
2021-01-21,44.32,44.56,43.22,43.46,1742762.0
2021-01-22,42.79,43.73,42.55,43.4,1457285.0
2021-01-25,43.03,43.66,42.15,43.47,2102595.0
2021-01-26,43.95,44.24,41.89,41.98,2150434.0
2021-01-27,41.1,41.74,39.87,40.88,3581249.0
2021-01-28,41.5,42.4,41.175,42.2,3499035.0
2021-01-29,42.04,42.97,40.995,41.38,4684940.0
2021-02-01,41.89,43.32,41.88,42.97,2131944.0
2021-02-02,43.65,43.84,42.66,43.4,1786477.0
2021-02-03,43.57,44.22,42.68,42.8,1992708.0
2021-02-04,42.72,43.68,42.31,43.17,1774705.0
2021-02-05,43.69,44.7,42.75,43.14,1217066.0
2021-02-08,43.68,44.42,43.33,43.97,1443962.0
2021-02-09,44.04,44.23,43.4,43.99,1431964.0
2021-02-10,44.42,44.42,42.15,43.24,1940144.0
2021-02-11,43.48,43.5,42.43,43.16,1444393.0
2021-02-12,42.58,44.4,42.51,44.36,1494440.0
2021-02-16,44.6,45.56,43.88,45.24,2338615.0
2021-02-17,44.89,45.45,44.09,45.06,1812020.0
2021-02-18,45.35,46.74,42.85,43.87,3421549.0
2021-02-19,44.49,45.85,44.07,45.76,2241741.0
2021-02-22,45.88,47.445,45.32,46.87,2543050.0
2021-02-23,46.86,47.0,44.705,46.75,1566991.0
2021-02-24,46.66,48.875,46.66,48.61,2143317.0
2021-02-25,48.58,48.6,46.27,46.66,1496791.0
2021-02-26,46.54,46.54,44.41,45.28,2101143.0
2021-03-01,46.09,46.96,45.65,45.9,1645733.0
2021-03-02,45.92,46.33,45.37,46.01,1868220.0
2021-03-03,46.17,47.81,46.17,46.92,2470855.0
2021-03-04,46.83,47.34,44.4901,45.53,2910218.0
2021-03-05,46.16,47.21,43.9402,47.12,2987788.0
2021-03-08,47.59,50.7,47.5,49.58,7132898.0
2021-03-09,49.47,49.81,48.11,48.13,2763275.0
2021-03-10,48.3,49.49,47.56,49.33,2093203.0
2021-03-11,50.42,51.03,49.75,50.54,2637368.0
2021-03-12,50.63,51.24,48.91,49.26,1698204.0
2021-03-15,49.56,50.94,49.16,50.88,1926923.0
2021-03-16,50.9,51.0,48.37,48.91,2225493.0
2021-03-17,48.45,50.1,48.4,50.08,1840396.0
2021-03-18,50.0,50.67,48.15,48.35,1915291.0
2021-03-19,48.14,48.83,46.5,48.17,4339584.0
2021-03-22,48.29,48.45,46.51,46.87,1747443.0
2021-03-23,46.0,46.4,44.39,44.79,2988927.0
2021-03-24,45.41,45.83,44.7,44.75,1634110.0
2021-03-25,44.27,45.485,43.37,45.19,1623618.0
2021-03-26,46.0,46.43,45.18,46.2,1446518.0
2021-03-29,46.0,47.46,45.92,45.97,1875156.0
2021-03-30,45.75,46.24,45.04,45.43,1579638.0
2021-03-31,45.3,46.025,43.92,45.38,3187693.0
2021-04-01,45.73,46.48,45.016,45.91,1854144.0
2021-04-05,46.7,46.82,44.99,45.42,1560990.0
2021-04-06,45.23,45.8,44.9598,45.61,1650006.0
2021-04-07,45.88,46.23,45.25,46.08,1211189.0
2021-04-08,45.87,46.19,44.69,45.52,1925673.0
2021-04-09,45.52,46.22,45.5,46.01,1286430.0
2021-04-12,46.41,46.47,45.215,45.47,1541115.0
2021-04-13,45.36,45.6,44.3224,45.2,1529757.0
2021-04-14,45.5,47.7,45.48,47.22,2449285.0
2021-04-15,47.61,47.89,46.7,47.37,1291699.0
2021-04-16,47.77,48.33,46.97,47.31,1304743.0
2021-04-19,47.5,47.77,46.47,46.91,1499041.0
2021-04-20,46.5,46.92,45.26,46.23,1992665.0
2021-04-21,46.2,47.79,45.5,47.71,1595360.0
2021-04-22,47.78,48.33,47.09,47.15,1972123.0
2021-04-23,47.24,47.84,46.77,47.32,1523829.0
2021-04-26,47.8,48.8099,47.59,48.47,2089022.0
2021-04-27,48.47,49.44,47.84,48.99,1466049.0
2021-04-28,49.21,50.2,48.895,49.56,1639276.0
2021-04-29,50.34,50.46,49.11,49.63,1496922.0
2021-04-30,49.1,49.74,48.53,48.63,1087756.0
2021-05-03,49.16,50.19,49.1,49.61,1966341.0
2021-05-04,49.12,49.97,48.32,49.62,2210104.0
2021-05-05,49.97,50.72,49.44,50.08,1360887.0
2021-05-06,48.65,52.25,48.24,52.17,3593936.0
2021-05-07,52.83,55.21,52.46,55.1,3743694.0
2021-05-10,55.68,55.97,54.525,54.65,2904976.0
2021-05-11,53.7,55.69,52.89,54.37,2923034.0
2021-05-12,54.22,54.81,53.69,53.93,2369005.0
2021-05-13,54.0,54.81,52.68,53.57,2043507.0
2021-05-14,53.76,54.66,53.38,54.34,1450576.0
2021-05-17,54.0,54.91,53.715,54.61,2001720.0
2021-05-18,55.04,57.19,54.54,54.57,3714290.0
2021-05-19,53.62,53.789,52.24,52.95,2580397.0
2021-05-20,52.9,53.2073,51.41,52.08,2670955.0
2021-05-21,52.77,53.376,52.28,52.33,1226766.0
2021-05-24,52.78,53.3,52.4297,53.03,1222551.0
2021-05-25,53.13,54.26,51.74,51.79,2090733.0
2021-05-26,51.75,52.21,51.055,51.99,2081054.0
2021-05-27,52.57,53.1,52.495,52.83,2080118.0
2021-05-28,53.0,53.315,52.36,53.17,1271739.0
2021-06-01,54.19,55.2801,54.0,55.19,2434328.0
2021-06-02,55.41,55.44,54.44,54.51,1294459.0
2021-06-03,54.08,55.07,53.62,55.02,1318707.0
2021-06-04,55.35,55.93,54.74,55.36,1323697.0
2021-06-07,56.25,56.582,55.26,55.55,1095001.0
2021-06-08,54.96,55.96,54.4001,55.56,1336504.0
2021-06-09,55.59,55.69,54.41,55.5,1259198.0
2021-06-10,55.8,56.12,53.71,53.74,2016168.0
2021-06-11,54.2,54.89,53.46,53.8,1274486.0
2021-06-14,53.79,54.17,52.41,52.69,2180313.0
2021-06-15,52.97,53.59,52.06,53.49,1850814.0
2021-06-16,53.47,53.47,52.02,52.38,1884494.0
2021-06-17,52.08,52.2,48.99,50.0,4118586.0
2021-06-18,49.31,50.15,48.67,48.8,4299248.0
2021-06-21,49.8,52.34,49.72,51.42,3540775.0
2021-06-22,51.7,52.04,50.67,51.33,1840613.0
2021-06-23,51.61,52.24,51.04,51.09,1653446.0
2021-06-24,51.27,51.57,50.74,50.81,1781237.0
2021-06-25,51.24,51.91,50.9389,51.33,2099339.0
2021-06-28,51.38,51.38,48.835,48.98,2380051.0
2021-06-29,49.53,50.32,48.791,49.19,1843696.0
2021-06-30,49.32,51.57,49.2,51.45,4119823.0
2021-07-01,53.85,54.54,52.05,52.42,2783694.0
2021-07-02,52.29,52.4,51.15,51.59,1512026.0
2021-07-06,51.66,51.66,49.215,49.84,2116879.0
2021-07-07,49.87,50.72,48.97,50.09,1559462.0
2021-07-08,49.08,50.48,48.34,49.65,1852181.0
2021-07-09,50.59,51.12,49.97,50.66,1269676.0
2021-07-12,49.89,50.95,49.5,50.6,1206356.0
2021-07-13,50.61,50.61,49.32,49.77,1162167.0
2021-07-14,49.86,50.555,49.29,49.59,946621.0
2021-07-15,49.06,49.92,48.675,49.04,918506.0
2021-07-16,49.15,49.63,46.77,47.16,2301397.0
2021-07-19,45.84,46.33,45.24,45.97,1732393.0
2021-07-20,46.18,47.54,45.75,46.95,1612770.0
2021-07-21,47.67,47.94,47.14,47.9,2347587.0
2021-07-22,47.48,47.6,46.56,47.22,1380075.0
2021-07-23,47.46,47.86,46.67,47.31,1808647.0
2021-07-26,47.41,47.815,46.67,47.68,1824314.0
2021-07-27,47.05,47.9,46.05,47.37,2274633.0
2021-07-28,47.58,48.17,47.01,47.72,1442631.0
2021-07-29,48.37,48.39,47.37,47.63,1604802.0
2021-07-30,47.64,49.08,47.17,47.25,4314268.0
2021-08-02,47.46,47.75,45.91,45.96,2771880.0
2021-08-03,46.14,46.57,44.94,46.45,2851100.0
2021-08-04,46.16,46.58,44.915,45.05,2457562.0
2021-08-05,45.12,45.93,45.08,45.19,1755331.0
2021-08-06,45.77,46.345,45.5,46.19,2051542.0
2021-08-09,46.12,47.25,45.64,47.07,3726194.0
2021-08-10,46.38,48.74,46.3,47.82,3693805.0
2021-08-11,48.25,49.17,47.6,48.31,2404728.0
2021-08-12,48.17,49.44,47.05,49.03,2915604.0
2021-08-13,48.56,49.64,48.15,48.38,2316520.0
2021-08-16,47.54,47.66,46.14,46.39,1644202.0
2021-08-17,46.8,46.8,44.65,45.57,1720533.0
2021-08-18,45.91,47.01,45.59,45.77,1931784.0
2021-08-19,44.66,45.1299,43.185,43.34,2490888.0
2021-08-20,43.53,44.94,43.527,44.47,2259457.0
2021-08-23,44.95,45.4,44.73,44.8,1392970.0
2021-08-24,45.0,46.01,45.0,45.11,1156354.0
2021-08-25,44.99,45.86,44.5,45.67,1359002.0
2021-08-26,45.45,45.795,44.34,44.52,1142388.0
2021-08-27,44.56,45.6,44.56,45.23,1729588.0
2021-08-30,45.64,45.64,44.4,44.81,984435.0
2021-08-31,44.73,45.8,44.68,45.42,1972462.0
2021-09-01,45.39,45.45,44.31,44.98,1785332.0
2021-09-02,44.99,46.09,44.99,45.96,2630868.0
2021-09-03,46.11,46.32,45.3,45.43,1268811.0
2021-09-07,45.29,46.285,45.08,46.17,1582865.0
2021-09-08,46.29,46.48,44.53,44.59,1778456.0
2021-09-09,44.12,45.7775,44.04,45.4,2064573.0
2021-09-10,45.99,46.24,44.83,45.64,1649680.0
2021-09-13,46.0,46.549,45.52,46.41,1487518.0
2021-09-14,46.74,47.58,45.8,46.12,2349373.0
2021-09-15,46.41,48.655,46.31,48.44,3018254.0
2021-09-16,48.14,50.04,48.1,49.02,4543820.0
2021-09-17,49.05,49.76,48.545,49.1,5514645.0
2021-09-20,47.32,48.31,46.8295,48.07,2440715.0
2021-09-21,48.62,49.47,47.84,48.99,2291622.0
2021-09-22,49.87,50.82,49.71,50.42,2061476.0
2021-09-23,51.4,53.55,51.32,53.49,4816525.0
2021-09-24,53.14,55.34,52.72,54.84,5578201.0
2021-09-27,55.7,57.1,55.357,56.09,4255195.0
2021-09-28,56.0,57.01,55.7,56.64,3526815.0
2021-09-29,56.8,56.8,55.83,56.52,2142950.0
2021-09-30,56.71,56.8899,55.7,55.82,3671386.0
2021-10-01,56.71,61.26,56.71,61.14,7615497.0
2021-10-04,61.38,62.06,59.81,60.74,4170088.0
2021-10-05,61.02,61.61,59.84,60.43,4236543.0
2021-10-06,59.33,59.99,58.12,59.85,4244195.0
2021-10-07,59.98,61.66,59.94,60.66,4388727.0
2021-10-08,60.86,61.31,60.18,61.06,2126729.0
2021-10-11,62.33,63.4,61.81,62.14,2980909.0
2021-10-12,61.98,62.89,60.63,60.9,3146919.0
2021-10-13,60.76,61.14,59.93,60.35,2369726.0
2021-10-14,61.14,61.36,59.71,60.54,2267130.0
2021-10-15,61.21,61.21,58.97,59.0,3146565.0
2021-10-18,58.76,61.2,58.58,60.97,3569801.0
2021-10-19,61.04,61.11,59.8272,60.56,3152888.0
2021-10-20,60.56,62.44,59.8101,60.42,2567573.0
2021-10-21,60.03,60.54,59.24,59.99,2576045.0
2021-10-22,60.3,61.09,59.64,59.67,1451723.0
2021-10-25,60.43,61.25,58.95,59.13,1905625.0
2021-10-26,59.2,59.2,57.99,58.54,2178458.0
2021-10-27,58.2,58.35,56.375,56.74,3701814.0
2021-10-28,57.24,58.09,56.76,57.57,1523216.0
2021-10-29,57.22,57.46,56.3,56.8,3624754.0
2021-11-01,57.07,58.42,57.03,57.59,1699833.0
2021-11-02,57.04,57.47,55.65,56.41,3371443.0
2021-11-03,56.41,58.56,55.29,58.11,3941923.0
2021-11-04,58.78,60.83,57.98,58.5,2958568.0
2021-11-05,58.4,59.8,58.38,59.2,2415182.0
2021-11-08,60.11,63.35,59.9,62.54,3991300.0
2021-11-09,62.4,63.42,61.34,63.22,2239685.0
2021-11-10,62.82,64.67,62.25,62.97,3615082.0
2021-11-11,63.5,64.16,63.38,63.8,2068733.0
2021-11-12,63.47,65.53,63.4,64.57,2275903.0
2021-11-15,64.58,65.58,63.47,65.55,2744055.0
2021-11-16,65.38,65.83,64.11,65.48,3412928.0
2021-11-17,65.62,66.72,65.11,65.28,3280767.0
2021-11-18,65.91,68.09,65.41,67.57,5345755.0
2021-11-19,66.45,66.5,65.06,65.19,2867604.0
2021-11-22,65.7,66.085,64.9,65.01,2349344.0
2021-11-23,65.27,66.255,64.09,65.24,2368778.0
2021-11-24,64.63,65.74,64.48,65.14,1138843.0
2021-11-26,63.01,63.6,62.03,62.8,1396136.0
2021-11-29,64.3,64.82,62.21,62.96,2443895.0
2021-11-30,62.31,63.39,60.32,60.59,3417078.0
2021-12-01,62.17,62.5983,57.25,57.29,3835404.0
2021-12-02,57.7,59.7,57.7,59.3,2226929.0
2021-12-03,59.77,60.68,58.51,59.21,3344332.0
2021-12-06,59.9,60.13,58.46,58.92,2034819.0
2021-12-07,59.88,61.14,59.81,60.02,2432716.0
2021-12-08,60.48,60.99,59.88,60.1,1855460.0
2021-12-09,59.41,59.9188,58.46,58.52,1989972.0
2021-12-10,61.16,62.48,59.86,61.17,2990860.0
2021-12-13,60.95,61.54,60.15,61.22,2157213.0
2021-12-14,60.92,62.7,60.635,62.24,3464748.0
2021-12-15,62.07,63.88,60.89,63.56,3064297.0
2021-12-16,63.88,66.0999,63.88,64.31,2919137.0
2021-12-17,64.62,66.0,64.0,64.81,6111064.0
2021-12-20,63.79,64.28,62.19,64.14,2464603.0
2021-12-21,65.02,68.94,64.94,68.59,3728587.0
2021-12-22,68.54,71.74,68.53,71.73,3451468.0
2021-12-23,71.6,72.95,70.41,72.3,2759978.0
2021-12-27,72.5,73.89,71.07,73.86,2191712.0
2021-12-28,73.72,74.77,73.44,74.32,1470944.0
2021-12-29,73.88,74.62,73.32,73.76,1824046.0
2021-12-30,73.46,73.68,71.73,71.88,1915482.0
2021-12-31,71.71,71.75,70.1,70.78,2251046.0
2022-01-03,71.54,72.31,70.09,70.59,2637555.0
2022-01-04,71.35,72.2,70.55,71.13,2867315.0
2022-01-05,72.19,72.28,68.9202,68.97,3275002.0
2022-01-06,69.42,69.78,66.66,69.24,2915137.0
2022-01-07,69.25,70.18,68.97,69.14,1763616.0
2022-01-10,68.43,68.58,65.82,67.47,2573073.0
2022-01-11,67.53,69.55,66.68,69.16,2226296.0
2022-01-12,69.99,70.81,67.485,67.9,3185082.0
2022-01-13,66.94,67.97,65.5,65.58,2951737.0
2022-01-14,64.73,66.825,63.82,66.44,2966131.0
2022-01-18,66.48,68.48,66.285,68.25,3112937.0
2022-01-19,68.48,69.358,66.75,66.9,3702692.0
2022-01-20,67.14,67.46,64.25,64.3,2790145.0
2022-01-21,64.23,67.13,63.1,66.0,7154009.0
2022-01-24,65.0,69.43,64.87,68.36,7002533.0
2022-01-25,68.01,72.25,66.16,71.46,6337230.0
2022-01-26,71.38,72.47,66.81,67.8,4869290.0
2022-01-27,68.64,70.52,67.06,68.38,3827796.0
2022-01-28,68.63,71.14,68.35,71.1,3461204.0
2022-01-31,70.5,70.64,67.8,68.87,2978141.0
2022-02-01,69.82,74.73,69.4,74.46,5439580.0
2022-02-02,73.94,75.81,71.7,74.56,4016245.0
2022-02-03,73.88,74.58,72.64,73.6,3507936.0
2022-02-04,73.43,75.79,73.0,75.06,3544909.0
2022-02-07,74.96,75.98,71.76,72.46,3568819.0
2022-02-08,72.43,73.31,70.52,73.23,2121843.0
2022-02-09,74.0,74.5137,72.67,73.04,1849760.0
2022-02-10,72.47,76.4292,71.61,73.76,4033016.0
2022-02-11,73.64,77.24,72.28,76.74,4717743.0
2022-02-14,75.49,75.63,69.27,71.46,5943104.0
2022-02-15,70.45,72.82,66.95,72.22,4018479.0
2022-02-16,69.12,75.8,68.87,74.42,5742090.0
2022-02-17,73.75,77.27,73.5,76.19,4559480.0
2022-02-18,76.05,76.66,72.54,73.27,3062126.0
2022-02-22,75.84,76.79,72.73,73.83,4612648.0
2022-02-23,73.415,75.63,73.415,74.48,3430306.0
2022-02-24,77.08,79.81,75.69,78.56,6971186.0
2022-02-25,78.08,79.81,75.29,79.5,4681060.0
2022-02-28,80.17,81.22,79.29,81.19,6488182.0
2022-03-01,81.96,84.7,80.98,82.35,4542949.0
2022-03-02,84.0,86.42,83.18,84.69,4422723.0
2022-03-03,85.13,87.99,84.2,87.1,5754203.0
2022-03-04,86.82,91.89,86.49,91.25,8091616.0
2022-03-07,92.02,100.52,91.96,95.69,9925242.0
2022-03-08,92.92,100.28,91.05,93.28,8582470.0
2022-03-09,89.5,92.48,84.7,92.34,7765253.0
2022-03-10,94.32,99.62,93.14,97.25,7326151.0
2022-03-11,93.25,98.07,93.25,96.05,3663896.0
2022-03-14,96.05,96.37,91.5,94.93,3781259.0
2022-03-15,93.41,95.129,88.66,94.86,5288835.0
2022-03-16,95.0,96.5,86.23,88.16,7324294.0
2022-03-17,90.45,92.29,88.65,92.21,5448721.0
2022-03-18,93.29,95.54,92.69,95.25,9451817.0
2022-03-21,98.58,102.5995,97.66,101.31,5205348.0
2022-03-22,101.78,103.165,98.5,100.0,3603135.0
2022-03-23,101.74,104.8899,100.92,103.59,4220803.0
2022-03-24,104.29,107.8106,103.57,106.4,4466084.0
2022-03-25,106.5,109.8,106.33,109.52,3603221.0
2022-03-28,106.46,107.19,103.04,105.12,3602204.0
2022-03-29,96.24,100.01,89.03,99.78,7748882.0
2022-03-30,102.13,105.189,100.52,101.01,2952732.0
2022-03-31,101.0,106.5,100.695,103.06,4350038.0
2022-04-01,102.07,104.99,97.9,99.79,3943746.0
2022-04-04,102.45,102.87,99.82,101.74,3365902.0
2022-04-05,102.82,104.98,101.96,102.77,3040985.0
2022-04-06,104.39,109.69,102.04,102.39,4766161.0
2022-04-07,103.0,106.19,102.94,105.21,2840576.0
2022-04-08,107.31,110.4,105.335,108.21,3849363.0
2022-04-11,108.0,108.16,104.0239,107.05,2656734.0
2022-04-12,108.45,110.85,107.3,109.82,3142031.0
2022-04-13,112.17,113.485,105.12,109.01,3211856.0
2022-04-14,107.43,110.3994,106.6605,108.41,3082791.0
2022-04-18,108.29,111.6849,106.6601,110.03,2700452.0
2022-04-19,109.85,110.5999,105.56,107.0,3646696.0
2022-04-20,105.99,107.31,101.83,106.14,3175920.0
2022-04-21,106.24,106.24,98.795,99.36,3313640.0
2022-04-22,99.12,102.08,96.33,96.94,3684048.0
2022-04-25,94.73,95.8,90.27,94.45,5061477.0
2022-04-26,96.42,98.8884,92.75,95.0,4388114.0
2022-04-27,95.91,97.8814,92.72,97.11,2378335.0
2022-04-28,97.19,99.22,94.945,98.54,1976621.0
2022-04-29,99.58,100.9,96.41,96.83,2980481.0
2022-05-02,96.26,98.79,94.8353,96.44,2795363.0
2022-05-03,95.85,102.305,95.32,100.66,2763695.0
2022-05-04,101.96,102.3,98.36,102.03,2864900.0
2022-05-05,102.56,106.68,97.01,100.29,3735300.0
2022-05-06,100.36,100.8359,95.8401,99.82,2945007.0
2022-05-09,97.01,97.3147,90.06,90.88,3551108.0
2022-05-10,93.21,95.5094,90.31,93.35,2770395.0
2022-05-11,94.76,98.04,93.25,95.59,3358470.0
2022-05-12,95.83,99.13,93.29,98.63,2826797.0
2022-05-13,100.83,106.45,100.55,103.86,3517613.0
2022-05-16,106.11,110.36,105.36,107.01,3192153.0
2022-05-17,108.9,109.5,102.6307,108.45,3082154.0
2022-05-18,107.83,108.5,99.42,101.61,3940095.0
2022-05-19,100.19,102.39,97.56,100.35,3020687.0
2022-05-20,101.67,102.24,92.68,95.79,3684379.0
2022-05-23,96.57,101.67,96.24,101.09,2593371.0
2022-05-24,100.0,100.98,98.27,100.12,2294633.0
2022-05-25,98.94,102.23,98.54,100.57,2267012.0
2022-05-26,99.74,100.49,95.11,96.71,3552994.0
2022-05-27,95.95,95.95,92.13,95.72,4033522.0
2022-05-31,97.7,101.71,96.84,98.77,6283177.0
2022-06-01,98.93,99.5,94.14,95.51,2877503.0
2022-06-02,95.57,98.8353,94.89,97.51,2145632.0
2022-06-03,96.72,97.06,94.07,95.86,1980891.0
2022-06-06,96.75,97.07,93.43,94.31,2877090.0
2022-06-07,93.3,94.12,91.96,92.4,3898514.0
2022-06-08,90.0,93.47,88.48,89.84,4520631.0
2022-06-09,89.0,91.66,87.46,88.89,4250101.0
2022-06-10,88.61,92.44,87.3141,87.72,3466206.0
2022-06-13,86.13,88.9436,84.6,86.39,4311268.0
2022-06-14,87.36,94.77,87.36,93.25,5720460.0
2022-06-15,92.46,94.26,90.2,92.07,4799890.0
2022-06-16,89.31,95.45,89.01,90.61,5236342.0
2022-06-17,87.87,90.4,86.3,86.93,8468265.0
2022-06-21,88.93,91.515,88.86,90.73,4391728.0
2022-06-22,87.68,90.17,87.22,88.58,4334962.0
2022-06-23,88.68,89.03,80.35,80.6,4906795.0
2022-06-24,81.5,85.15,80.38,83.32,8492055.0
2022-06-27,84.5,87.34,83.72,86.82,2772700.0
2022-06-28,88.65,90.74,86.87,87.82,2411516.0
2022-06-29,88.2,89.1002,85.2165,86.37,2325828.0
2022-06-30,84.79,86.83,83.59,85.73,2825320.0
2022-07-01,84.84,87.23,83.16,85.28,2303965.0
2022-07-05,82.52,84.94,81.8,83.55,3560547.0
2022-07-06,83.09,84.52,79.71,83.59,3250390.0
2022-07-07,85.88,87.0175,84.39,84.63,2752632.0
2022-07-08,85.76,86.18,82.745,86.0,2599821.0
2022-07-11,84.25,86.945,84.25,86.34,2307539.0
2022-07-12,85.32,87.63,84.51,85.41,2248013.0
2022-07-13,84.8,87.18,84.14,85.54,1800255.0
2022-07-14,82.34,83.09,79.18,80.65,3470909.0
2022-07-15,81.75,84.83,80.87,84.55,2430286.0
2022-07-18,85.13,86.89,80.4,83.63,4474282.0
2022-07-19,83.64,87.7,83.39,86.91,2562997.0
2022-07-20,85.6,86.51,84.27,85.59,1708838.0
2022-07-21,83.89,85.46,83.39,85.31,1748413.0
2022-07-22,85.54,87.35,84.52,84.81,1916410.0
2022-07-25,85.83,90.34,85.38,90.28,1979683.0
2022-07-26,91.57,92.32,89.53,90.4,1766914.0
2022-07-27,90.5,95.37,89.32,94.63,2853794.0
2022-07-28,95.39,97.29,93.67,93.95,2189874.0
2022-07-29,95.31,96.03,93.73,95.49,1856052.0
2022-08-01,95.04,95.28,92.29,94.44,2251227.0
2022-08-02,93.95,101.28,93.95,98.17,3898695.0
2022-08-03,100.0,102.21,96.42,96.92,2750133.0
2022-08-04,96.5,100.615,94.42,99.05,2349500.0
2022-08-05,98.46,100.83,98.32,100.05,1648799.0
2022-08-08,100.74,102.39,98.61,99.44,2122373.0
2022-08-09,100.23,102.8799,100.01,102.6,2184602.0
2022-08-10,105.23,105.23,101.25,102.31,1802703.0
2022-08-11,103.37,104.49,102.0428,102.37,1331965.0
2022-08-12,101.41,104.64,101.0,104.52,1172303.0
2022-08-15,101.45,103.01,99.81,102.63,2273087.0
2022-08-16,103.72,105.5,103.11,103.23,1465576.0
2022-08-17,102.85,105.57,102.4,103.6,1841847.0
2022-08-18,104.4,104.96,101.8,102.37,1137283.0
2022-08-19,102.0,103.81,100.7,103.5,1478058.0
2022-08-22,103.13,107.01,103.13,105.64,1905674.0
2022-08-23,107.0,110.95,106.755,109.05,2090404.0
2022-08-24,109.18,112.87,109.1,112.5,3041333.0
2022-08-25,115.02,117.57,114.72,117.4,4175842.0
2022-08-26,118.0,119.5983,116.6106,118.35,2570829.0
2022-08-29,116.0,116.6799,112.43,113.34,2995702.0
2022-08-30,111.4,111.6,105.185,106.0,3745561.0
2022-08-31,104.59,105.19,102.35,103.46,3540009.0
2022-09-01,102.26,103.0,100.23,102.42,2319622.0
2022-09-02,104.33,107.1,102.34,106.86,3288527.0
2022-09-06,107.04,108.3,102.8,102.92,3239322.0
2022-09-07,101.04,102.92,100.05,102.33,2411939.0
2022-09-08,102.64,103.4399,100.91,102.46,1570508.0
2022-09-09,104.83,105.7561,103.44,103.68,1524160.0
2022-09-12,103.76,103.76,97.06,99.48,4037882.0
2022-09-13,98.53,102.94,98.27,100.15,2894323.0
2022-09-14,100.37,103.76,99.71,103.09,2778752.0
2022-09-15,101.9,102.56,99.5,101.12,1992357.0
2022-09-16,99.44,99.9,95.31,98.59,7463144.0
2022-09-19,96.32,103.64,95.8135,103.47,2840269.0
2022-09-20,102.36,105.57,100.13,104.31,2851197.0
2022-09-21,105.95,106.55,101.67,101.7,1871190.0
2022-09-22,103.12,104.34,101.4,101.53,1466509.0
2022-09-23,98.5,99.24,92.33,93.79,3227272.0
2022-09-26,92.6,95.87,90.25,90.36,2755588.0
2022-09-27,91.78,97.14,91.78,95.87,3452582.0
2022-09-28,96.34,100.51,95.48,100.21,2877068.0
2022-09-29,98.57,99.29,95.96,97.06,2258870.0
2022-09-30,96.475,98.035,94.94,96.25,2670075.0
2022-10-03,101.04,101.37,98.63,100.3,3186326.0
2022-10-04,102.26,105.42,102.0,105.06,2923596.0
2022-10-05,103.84,105.09,101.54,102.55,1767902.0
2022-10-06,102.03,107.74,102.03,105.73,2751333.0
2022-10-07,105.59,106.41,103.2,104.8,1928694.0
2022-10-10,105.74,108.28,103.775,106.53,2184465.0
2022-10-11,105.37,106.76,102.5,102.83,2057050.0
2022-10-12,102.07,103.29,99.46,102.55,1740389.0
2022-10-13,102.18,107.4,100.88,107.03,1939807.0
2022-10-14,108.31,108.31,97.22,98.04,3244376.0
2022-10-17,99.55,101.165,98.1,98.88,2324815.0
2022-10-18,101.19,103.9019,99.69,100.24,3414852.0
2022-10-19,99.71,103.35,99.71,100.66,2103244.0
2022-10-20,102.41,105.63,100.96,104.42,3011001.0
2022-10-21,104.81,107.755,102.2,107.37,2654098.0
2022-10-24,107.27,107.54,103.05,104.13,2182015.0
2022-10-25,104.0,107.9,103.55,107.7,1962409.0
2022-10-26,108.25,109.13,105.16,105.33,1833956.0
2022-10-27,106.39,108.18,105.94,106.95,2161774.0
2022-10-28,106.99,110.59,103.92,105.68,2783473.0
2022-10-31,106.1,109.9,104.71,106.26,3382295.0
2022-11-01,108.0,108.5,105.11,107.8,1829094.0
2022-11-02,106.0,107.45,101.85,103.17,3710036.0
2022-11-03,97.5,106.95,95.4356,105.24,5400045.0
2022-11-04,108.1,110.79,104.87,105.38,2441920.0
2022-11-07,105.34,105.69,102.768,104.31,2130873.0
2022-11-08,104.41,109.38,104.11,108.65,1908195.0
2022-11-09,106.89,109.41,104.14,104.66,1975209.0
2022-11-10,106.66,109.62,104.08,108.49,2379308.0
2022-11-11,109.37,112.44,102.06,102.82,5021123.0
2022-11-14,102.27,108.35,102.17,107.76,3169666.0
2022-11-15,109.0,109.25,102.85,106.91,3457411.0
2022-11-16,105.43,106.04,101.865,102.7,1988591.0
2022-11-17,101.14,103.12,100.28,102.16,1610796.0
2022-11-18,101.67,102.86,98.175,101.34,1705355.0
2022-11-21,100.25,103.94,98.835,102.77,2007430.0
2022-11-22,104.74,109.79,104.71,109.68,3093136.0
2022-11-23,108.0,108.9321,105.365,106.31,1714390.0
2022-11-25,106.35,109.78,106.18,108.62,1044411.0
2022-11-28,107.315,109.01,104.35,104.4,2407633.0
2022-11-29,106.25,108.13,105.13,106.4,2055766.0
2022-11-30,107.45,109.0,103.41,108.19,8646861.0
2022-12-01,108.6,108.6,103.55,103.64,2446000.0
2022-12-02,103.59,106.04,102.93,104.39,1784526.0
2022-12-05,107.0,108.87,102.74,103.48,2578120.0
2022-12-06,103.55,104.63,100.62,101.5,1557950.0
2022-12-07,100.91,102.1648,99.721,100.52,2893193.0
2022-12-08,102.43,103.0102,99.99,100.14,1578690.0
2022-12-09,99.77,101.12,98.65,98.7,1387614.0
2022-12-12,98.64,99.25,97.178,98.71,2607005.0
2022-12-13,100.5,101.07,97.73,97.81,1971551.0
2022-12-14,98.07,98.28,93.0,93.0,3514499.0
2022-12-15,92.75,95.24,92.52,94.55,2696289.0
2022-12-16,93.34,95.29,92.66,95.07,4982535.0
2022-12-19,95.33,96.27,92.03,92.72,2250463.0
2022-12-20,93.5,94.42,92.49,93.55,1511098.0
2022-12-21,93.8,94.24,92.0,93.53,1671918.0
2022-12-22,93.34,93.34,88.32,89.9,2951930.0
2022-12-23,90.68,91.43,90.0,90.74,1500112.0
2022-12-27,90.75,91.15,87.22,87.6,2532228.0
2022-12-28,87.0,87.98,85.84,86.34,2085961.0
2022-12-29,86.28,87.31,85.15,85.51,2154380.0
2022-12-30,85.35,85.95,84.47,85.2,1673442.0
2023-01-03,84.69,84.99,81.29,81.95,6213411.0
2023-01-04,81.62,82.68,80.32,82.41,4831654.0
2023-01-05,82.11,84.385,81.6442,83.78,3301921.0
2023-01-06,83.9,85.75,82.66,84.41,2961694.0
2023-01-09,84.77,86.53,84.02,86.0,3717158.0
2023-01-10,86.69,86.99,82.41,83.0,3567509.0
2023-01-11,83.27,84.8,82.51,84.05,2817045.0
2023-01-12,84.14,86.52,83.3149,86.31,2924317.0
2023-01-13,85.325,87.09,84.7,86.91,2072642.0
2023-01-17,87.36,88.08,85.98,86.0,2764166.0
2023-01-18,86.75,87.38,84.15,84.63,2650392.0
2023-01-19,85.4,85.82,83.29,85.39,2256404.0
2023-01-20,84.95,86.52,84.1,86.48,1700289.0
2023-01-23,86.785,87.19,84.79,85.52,2410421.0
2023-01-24,85.0,86.0,82.83,84.94,2632900.0
2023-01-25,84.11,84.94,82.68,83.76,2683268.0
2023-01-26,84.39,85.14,82.8601,85.1,2834507.0
2023-01-27,84.71,85.685,83.01,83.08,2923932.0
2023-01-30,82.27,83.67,81.81,82.7,2546096.0
2023-01-31,82.68,84.84,82.5,84.7,2171928.0
2023-02-01,84.01,86.66,83.305,85.28,2421644.0
2023-02-02,85.18,86.99,84.39,85.03,3237436.0
2023-02-03,84.91,86.5794,84.65,85.93,2393958.0
2023-02-06,86.13,86.6,85.19,85.99,2104165.0
2023-02-07,86.08,86.46,82.765,84.25,2990813.0
2023-02-08,84.58,85.1,83.38,84.12,1802130.0
2023-02-09,84.95,87.26,84.65,86.8,3077579.0
2023-02-10,86.98,91.23,86.98,90.49,4156814.0
2023-02-13,89.295,89.61,86.67,86.85,3286122.0
2023-02-14,85.93,86.215,84.395,85.53,2117967.0
2023-02-15,84.43,85.06,83.47,85.01,2441458.0
2023-02-16,83.32,88.83,82.3,85.31,4259389.0
2023-02-17,84.09,86.07,82.01,82.35,3330551.0
2023-02-21,81.13,84.21,81.1,83.48,3523412.0
2023-02-22,84.67,86.63,84.045,85.4,3690419.0
2023-02-23,84.63,86.73,84.0027,86.28,2489806.0
2023-02-24,85.83,85.98,83.6975,85.59,2260312.0
2023-02-27,85.59,86.48,84.63,85.29,2810887.0
2023-02-28,85.52,87.4838,85.34,85.89,3417562.0
2023-03-01,85.79,86.66,84.89,85.15,2164872.0
2023-03-02,84.44,86.9511,83.24,86.88,2800237.0
2023-03-03,86.73,87.43,85.6201,86.16,2219009.0
2023-03-06,85.56,86.295,84.48,86.01,1941018.0
2023-03-07,85.17,85.17,82.73,83.19,2227111.0
2023-03-08,83.28,84.69,82.8,84.27,2046118.0
2023-03-09,84.48,84.95,81.07,81.11,2288347.0
2023-03-10,80.75,81.77,78.2289,78.47,2905459.0
2023-03-13,76.99,77.1,75.06,75.24,3494320.0
2023-03-14,76.12,77.67,74.015,74.61,3367582.0
2023-03-15,73.1,73.9299,70.69,72.48,3834010.0
2023-03-16,71.67,73.56,70.76,73.06,3746858.0
2023-03-17,72.8,73.285,70.73,70.93,7624527.0
2023-03-20,72.4,73.58,70.6,72.57,3539592.0
2023-03-21,74.55,75.64,74.12,74.69,2362960.0
2023-03-22,74.78,74.965,71.13,71.19,2481601.0
2023-03-23,71.68,72.33,68.95,70.0,4168680.0
2023-03-24,69.33,69.585,67.95,69.3,3389815.0
2023-03-27,70.75,71.04,68.04,69.86,2879654.0
2023-03-28,70.0,71.4112,69.6,70.27,1744322.0
2023-03-29,71.6,73.525,71.13,72.3,2876146.0
2023-03-30,73.31,73.31,71.51,71.88,2188883.0
2023-03-31,72.02,72.92,71.635,72.49,2596800.0
2023-04-03,73.75,74.2,72.08,73.67,3085867.0
2023-04-04,72.98,73.02,71.2601,72.87,2136384.0
2023-04-05,72.16,73.3,71.35,73.16,3212131.0
2023-04-06,72.8,72.81,71.285,71.46,2295802.0
2023-04-10,72.82,75.62,72.82,73.71,2204700.0
2023-04-11,73.96,78.24,73.96,77.56,4723962.0
2023-04-12,77.39,77.91,75.9,77.06,2345422.0
2023-04-13,76.82,77.855,76.22,77.04,2209171.0
2023-04-14,77.86,78.66,76.52,77.08,1419208.0
2023-04-17,77.03,78.33,76.99,78.01,1950835.0
2023-04-18,77.3,77.5,74.12,75.06,3019745.0
2023-04-19,74.32,75.13,72.64,74.4,2009876.0
2023-04-20,73.47,74.75,73.09,74.46,1735553.0
2023-04-21,74.07,74.54,73.25,74.44,2048565.0
2023-04-24,74.52,75.0,73.9061,74.6,1432687.0
2023-04-25,73.4,73.96,72.2,72.33,1656960.0
2023-04-26,72.19,73.0325,71.34,71.52,1652857.0
2023-04-27,71.86,72.03,69.55,70.11,2323722.0
2023-04-28,69.42,71.65,68.67,71.58,2584865.0
2023-05-01,71.8,72.17,70.535,71.95,2665700.0
2023-05-02,72.27,74.76,69.31,74.06,5105091.0
2023-05-03,75.24,76.17,73.84,73.85,2806313.0
2023-05-04,73.46,73.9699,69.72,70.07,2973123.0
2023-05-05,71.31,71.31,68.8,69.64,3319394.0
2023-05-08,70.9,71.44,67.34,67.58,2918515.0
2023-05-09,67.07,68.08,66.25,67.79,3052976.0
2023-05-10,68.98,69.09,66.62,67.79,2303132.0
2023-05-11,64.35,67.35,63.81,67.18,4541028.0
2023-05-12,67.2,67.68,65.6401,66.53,1975226.0
2023-05-15,67.0,67.685,66.46,67.29,3148147.0
2023-05-16,66.68,67.25,64.89,64.93,2673389.0
2023-05-17,64.39,65.34,63.63,64.12,3773366.0
2023-05-18,64.65,65.81,63.45,65.71,2601002.0
2023-05-19,66.12,67.31,65.97,66.22,2543861.0
2023-05-22,66.49,67.66,65.22,67.04,2321243.0
2023-05-23,66.67,67.72,65.765,67.49,1894215.0
2023-05-24,67.74,67.85,65.6,65.76,1619351.0
2023-05-25,65.01,65.64,63.84,63.86,1984603.0
2023-05-26,64.31,64.66,62.5488,62.85,2167713.0
2023-05-30,62.3,62.57,60.44,62.01,3242076.0
2023-05-31,61.54,62.58,60.61,61.51,5287589.0
2023-06-01,62.0,62.0,60.08,60.24,3296433.0
2023-06-02,61.18,63.67,60.94,62.91,2780244.0
2023-06-05,63.81,65.1996,63.5718,63.86,2195114.0
2023-06-06,62.55,66.825,62.26,66.71,2933176.0
2023-06-07,67.43,69.66,67.1,68.42,3012285.0
2023-06-08,67.96,68.92,65.75,67.36,2484455.0
2023-06-09,67.59,68.92,66.5,67.97,2021631.0
2023-06-12,67.37,68.365,67.235,68.11,2020649.0
2023-06-13,69.36,69.86,68.64,69.45,2002122.0
2023-06-14,69.5,69.84,66.97,67.8,2063962.0
2023-06-15,68.2,70.625,68.2,70.08,3237418.0
2023-06-16,70.895,71.7,69.75,71.27,5874195.0
2023-06-20,70.8,71.84,70.29,71.75,3625818.0
2023-06-21,71.63,73.51,71.63,72.91,2834820.0
2023-06-22,72.4,72.49,70.56,71.23,2340006.0
2023-06-23,70.43,71.39,69.16,70.56,5900197.0
2023-06-26,70.86,71.12,69.54,70.02,1718897.0
2023-06-27,69.68,70.2,67.59,70.07,1924619.0
2023-06-28,70.14,70.24,68.03,68.25,1704961.0
2023-06-29,68.61,70.37,68.34,70.32,1838275.0
2023-06-30,70.73,71.36,69.04,69.42,2095470.0
2023-07-03,69.35,70.83,69.0,70.43,983659.0
2023-07-05,69.78,70.46,69.1,70.12,2108148.0
2023-07-06,69.53,69.6,67.97,69.21,1743396.0
2023-07-07,68.92,72.72,68.51,71.85,2821138.0
2023-07-10,70.19,71.98,69.75,70.1,2229919.0
2023-07-11,70.84,72.86,70.09,72.82,2500785.0
2023-07-12,73.59,73.97,72.125,72.22,2257144.0
2023-07-13,72.0,74.3,72.0,73.95,2754001.0
2023-07-14,74.22,74.5,73.1,73.74,2637472.0
2023-07-17,74.22,74.39,73.65,73.93,1840954.0
2023-07-18,73.93,77.92,73.64,76.35,3535084.0
2023-07-19,76.86,79.77,76.795,78.28,3765140.0
2023-07-20,79.45,79.8,77.84,79.02,1679136.0
2023-07-21,78.85,79.59,77.87,79.04,1692362.0
2023-07-24,79.91,81.53,79.8406,80.55,2157429.0
2023-07-25,80.89,81.4,80.1156,81.08,1933980.0
2023-07-26,80.75,82.32,80.51,81.65,2285530.0
2023-07-27,81.84,82.605,81.38,81.48,2125445.0
2023-07-28,82.05,82.11,80.23,81.23,2051579.0
2023-07-31,80.68,82.16,80.68,82.08,1950159.0
2023-08-01,82.09,82.61,80.8801,81.28,2380125.0
2023-08-02,80.64,82.1204,79.41,80.65,2129589.0
2023-08-03,84.24,84.3,79.1769,81.23,2852066.0
2023-08-04,81.56,84.2,81.19,81.24,1925617.0
2023-08-07,81.0,81.2,79.755,80.49,1891792.0
2023-08-08,79.35,79.98,78.41,79.26,2588342.0
2023-08-09,81.26,83.21,80.81,82.76,2381676.0
2023-08-10,82.8,83.005,79.85,79.96,2499059.0
2023-08-11,79.96,80.66,79.59,79.89,2459383.0
2023-08-14,78.0,78.52,76.83,78.06,2209582.0
2023-08-15,77.26,79.21,76.93,77.15,2026094.0
2023-08-16,77.0,78.06,76.68,76.74,1655135.0
2023-08-17,77.22,78.81,77.22,77.85,1733293.0
2023-08-18,76.87,79.59,76.73,79.05,2636888.0
2023-08-21,79.36,79.9248,78.815,79.13,1394994.0
2023-08-22,79.19,79.69,76.71,76.75,1715658.0
2023-08-23,76.41,76.41,74.06,74.4,2258165.0
2023-08-24,73.91,74.03,72.4,73.56,2350367.0
2023-08-25,73.98,74.225,73.16,73.58,1629110.0
2023-08-28,73.71,76.46,73.65,75.33,1236749.0
2023-08-29,75.4,76.48,75.2,76.46,1129703.0
2023-08-30,76.26,76.93,75.105,76.77,1154500.0
2023-08-31,76.82,77.87,75.9,77.07,1948728.0
2023-09-01,78.0,79.44,78.0,79.21,1387624.0
2023-09-05,82.12,84.44,81.935,82.56,3300310.0
2023-09-06,82.19,82.43,80.01,81.03,2153549.0
2023-09-07,80.71,82.08,80.05,80.85,2941311.0
2023-09-08,81.58,83.86,81.33,83.74,3123191.0
2023-09-11,84.2,85.25,81.725,81.82,2765925.0
2023-09-12,81.72,82.99,81.07,81.68,1755379.0
2023-09-13,82.26,82.26,80.42,80.87,1094576.0
2023-09-14,81.92,84.27,81.263,83.96,2269747.0
2023-09-15,83.99,84.1999,81.77,82.1,4109477.0
2023-09-18,82.88,82.98,80.38,81.26,1345818.0
2023-09-19,81.56,83.12,81.52,82.9,2287712.0
2023-09-20,83.28,85.95,83.1,83.65,3978769.0
2023-09-21,83.48,84.48,83.001,83.53,2089142.0
2023-09-22,83.81,85.03,83.54,84.21,2609704.0
2023-09-25,84.15,86.26,83.97,85.94,1933131.0
2023-09-26,85.84,87.9,84.71,85.13,2807143.0
2023-09-27,85.69,85.69,83.04,83.45,1760869.0
2023-09-28,83.61,86.14,83.3,85.97,2150911.0
2023-09-29,86.23,87.37,85.44,85.74,2231458.0
2023-10-02,85.49,85.49,83.0801,83.71,2132809.0
2023-10-03,82.76,83.12,81.52,82.29,2162162.0
2023-10-04,82.42,83.63,81.0,82.02,2428886.0
2023-10-05,81.49,83.12,81.0,81.05,1877969.0
2023-10-06,80.58,81.94,79.86,80.91,1614427.0
2023-10-09,82.17,86.13,82.17,86.03,1998875.0
2023-10-10,86.15,87.819,84.68,85.41,2904998.0
2023-10-11,85.19,85.385,83.27,84.0,1831781.0
2023-10-12,84.42,85.23,83.72,85.04,1939955.0
2023-10-13,85.72,86.47,83.89,84.55,1423831.0
2023-10-16,85.25,85.25,83.66,84.32,1874177.0
2023-10-17,84.64,86.93,84.46,86.55,1871789.0
2023-10-18,86.11,86.76,83.65,84.74,2507576.0
2023-10-19,84.47,86.79,83.94,85.68,2435774.0
2023-10-20,84.83,84.93,82.44,82.98,2227365.0
2023-10-23,81.76,82.6,80.26,80.27,1708831.0
2023-10-24,81.26,81.36,80.09,80.36,1531047.0
2023-10-25,80.25,81.37,80.1,80.88,1168010.0
2023-10-26,81.05,81.42,79.97,80.27,1132147.0
2023-10-27,80.04,80.17,78.61,79.88,1676122.0
2023-10-30,80.5,82.64,80.5,81.23,1798148.0
2023-10-31,80.65,81.43,79.73,79.78,1829254.0
2023-11-01,80.17,80.68,78.9,79.26,1978061.0
2023-11-02,78.47,80.63,76.85,80.32,2820143.0
2023-11-03,80.0,81.86,79.7,81.55,2069767.0
2023-11-06,81.08,81.08,79.17,79.19,2119598.0
2023-11-07,79.0,79.37,77.95,78.48,1894687.0
2023-11-08,79.5,81.24,79.26,79.93,1646511.0
2023-11-09,80.88,81.9,79.94,80.28,1579945.0
2023-11-10,80.46,80.54,78.48,79.53,2044421.0
2023-11-13,79.33,80.64,79.23,79.85,1850971.0
2023-11-14,79.57,80.86,79.35,80.05,1644630.0
2023-11-15,79.88,80.92,79.68,80.42,2081211.0
2023-11-16,81.07,82.99,79.66,80.11,1704697.0
2023-11-17,80.54,80.7,77.44,77.46,2624872.0
2023-11-20,77.65,78.01,76.825,76.98,2505297.0
2023-11-21,76.7,77.317,75.01,76.49,3367801.0
2023-11-22,75.27,76.49,74.075,76.41,2606327.0
2023-11-24,76.59,79.14,76.26,78.36,2034207.0
2023-11-27,77.61,78.01,75.69,75.9,1974444.0
2023-11-28,75.57,76.08,74.74,75.6,2004118.0
2023-11-29,75.59,75.76,74.58,74.75,2814349.0
2023-11-30,75.0,75.51,73.85,75.15,5084593.0
2023-12-01,75.9,76.92,75.2,76.31,3364731.0
2023-12-04,75.68,76.39,73.1,73.86,2547289.0
2023-12-05,73.88,74.66,72.8,73.22,2849096.0
2023-12-06,73.49,74.73,73.375,74.3,2103583.0
2023-12-07,75.39,78.15,75.0,77.53,3275627.0
2023-12-08,77.56,78.2699,75.72,76.56,1790008.0
2023-12-11,76.57,76.8035,74.77,75.48,1655418.0
2023-12-12,75.0,75.0,73.0,74.17,1577355.0
2023-12-13,74.32,76.39,74.13,76.23,2091604.0
2023-12-14,77.19,78.64,76.69,76.88,2178242.0
2023-12-15,76.71,76.95,75.43,76.24,4097905.0
2023-12-18,78.38,78.86,76.99,77.2,2134376.0
2023-12-19,77.01,78.925,76.869,78.31,2036150.0
2023-12-20,77.74,79.19,77.65,77.77,1753350.0
2023-12-21,78.23,80.19,77.0,79.83,2762451.0
2023-12-22,80.2,80.89,79.2559,80.45,1598948.0
2023-12-26,80.39,81.64,80.319,80.65,923437.0
2023-12-27,80.43,81.09,80.12,80.51,804666.0
2023-12-28,80.39,81.28,79.62,79.66,801901.0
2023-12-29,79.03,79.775,78.345,79.5,1162694.0
2024-01-02,79.75,81.77,79.675,81.61,2091113.0
2024-01-03,81.23,83.26,80.86,82.7,2160556.0
2024-01-04,83.42,83.98,80.62,81.14,1795222.0
2024-01-05,81.3,81.61,80.22,81.14,2719301.0
2024-01-08,80.16,80.3375,78.23,79.19,1529730.0
2024-01-09,79.15,79.99,78.225,78.38,2098439.0
2024-01-10,78.24,79.36,77.61,78.08,1646148.0
2024-01-11,78.1,78.97,77.83,78.78,1687239.0
2024-01-12,79.54,79.62,76.535,77.19,1621703.0
2024-01-16,76.58,76.65,75.04,76.17,2213160.0
2024-01-17,75.3,75.86,74.71,75.22,1826483.0
2024-01-18,75.2,75.2,73.7,75.02,2024877.0
2024-01-19,75.02,75.2,73.79,74.99,2126520.0
2024-01-22,74.77,75.3,73.65,74.97,1608898.0
2024-01-23,75.71,77.01,75.35,76.06,1813464.0
2024-01-24,76.33,76.808,75.8,76.77,1444425.0
2024-01-25,76.91,77.35,75.045,76.95,1672421.0
2024-01-26,77.44,77.97,76.74,77.49,1686276.0
2024-01-29,77.26,77.75,76.69,77.49,1627350.0
2024-01-30,76.89,77.83,76.615,77.4,1565299.0
2024-01-31,76.12,76.71,75.14,75.51,2281559.0
2024-02-01,76.98,77.16,75.83,76.84,2716414.0
2024-02-02,76.55,76.87,75.21,76.52,1635711.0
2024-02-05,75.39,76.955,74.97,76.1,1544193.0
2024-02-06,75.93,77.31,75.58,76.14,1885548.0
2024-02-07,76.21,76.54,75.46,76.36,1279322.0
2024-02-08,76.03,76.5999,75.51,76.51,1066690.0
2024-02-09,76.83,78.51,76.67,78.08,1806388.0
2024-02-12,78.12,79.27,77.91,78.86,1789130.0
2024-02-13,78.46,78.86,76.52,77.02,2215593.0
2024-02-14,77.2,77.89,76.17,77.58,2217583.0
2024-02-15,77.86,80.32,76.7,76.8,4279043.0
2024-02-16,77.58,78.22,76.56,77.7,2498791.0
2024-02-20,77.24,78.051,76.8,77.19,2815005.0
2024-02-21,77.0,78.63,76.12,77.77,2314575.0
2024-02-22,77.85,80.21,77.61,79.7,2168999.0
2024-02-23,79.3,81.31,79.08,80.41,2677241.0
2024-02-26,79.97,81.07,79.71,80.44,1784739.0
2024-02-27,80.44,80.85,79.71,79.78,1982989.0
2024-02-28,79.19,80.76,79.19,79.9,2758271.0
2024-02-29,79.48,81.27,79.02,80.72,3609079.0
2024-03-01,81.0,82.84,80.75,82.5,2834665.0
2024-03-04,82.43,83.22,79.81,79.86,4053694.0
2024-03-05,79.72,81.24,79.34,79.52,2841115.0
2024-03-06,81.91,83.3,80.935,81.58,3851980.0
2024-03-07,82.19,84.4,81.773,83.88,2535986.0
2024-03-08,84.02,85.615,83.27,84.34,3233075.0
2024-03-11,84.08,85.16,83.44,85.07,2033559.0
2024-03-12,85.36,85.71,84.42,85.41,2567676.0
2024-03-13,85.73,86.33,84.63,84.68,2443018.0
2024-03-14,84.37,84.93,83.28,83.87,2667643.0
2024-03-15,83.53,85.1,83.18,83.42,16560670.0
2024-03-18,84.12,86.42,83.29,85.98,3171567.0
2024-03-19,85.94,86.43,85.03,86.29,2641570.0
2024-03-20,86.1,87.04,85.33,86.14,2396114.0
2024-03-21,86.39,86.85,85.19,85.65,2275562.0
2024-03-22,85.8,86.32,83.335,83.66,2298549.0
2024-03-25,84.09,84.58,82.745,83.01,2381942.0
2024-03-26,82.95,83.56,81.8,81.81,2441827.0
2024-03-27,82.2,82.9,81.83,82.61,2419867.0
2024-03-28,82.83,83.935,81.92,83.21,2325219.0
2024-04-01,83.5,83.76,82.665,83.33,1424839.0
2024-04-02,83.54,85.05,82.33,82.94,1746110.0
2024-04-03,83.02,83.44,82.45,83.21,1543186.0
2024-04-04,83.66,86.27,82.84,86.18,3585269.0
2024-04-05,85.32,86.19,84.34,85.11,2755313.0
2024-04-08,85.21,85.48,79.68,79.79,4609466.0
2024-04-09,80.0,81.42,79.5,81.12,2607470.0
2024-04-10,79.48,81.09,78.85,80.89,3303940.0
2024-04-11,80.65,81.02,79.87,80.84,2348026.0
2024-04-12,79.79,80.83,77.94,78.1,3429778.0
2024-04-15,78.38,79.46,77.63,78.07,2419647.0
2024-04-16,78.11,78.8088,77.67,77.75,2027586.0
2024-04-17,78.19,78.36,77.1,77.8,1839176.0
2024-04-18,80.6,81.19,79.2,79.59,4194389.0
2024-04-19,79.64,80.645,79.295,79.47,1503896.0
2024-04-22,79.05,79.45,78.31,78.8,1399955.0
2024-04-23,78.27,79.49,77.94,78.54,1606869.0
2024-04-24,78.45,79.41,78.064,79.25,1416251.0
2024-04-25,79.09,80.0,78.285,79.97,1507267.0
2024-04-26,79.66,80.09,78.98,80.0,1380428.0
2024-04-29,80.48,81.41,79.695,80.83,1222185.0
2024-04-30,80.88,80.88,78.84,78.97,1869504.0
2024-05-01,78.9,79.1165,77.5,77.97,1889324.0
2024-05-02,76.5,76.5,73.125,73.87,4327135.0
2024-05-03,74.11,75.17,73.41,74.09,2360740.0
2024-05-06,74.66,75.34,73.92,74.51,2433888.0
2024-05-07,74.45,75.24,74.21,74.99,2882782.0
2024-05-08,74.4,74.62,73.04,73.25,3092500.0
2024-05-09,73.6,74.66,73.32,74.29,1673253.0
2024-05-10,74.64,75.16,73.83,73.95,1283914.0
2024-05-13,74.33,75.49,73.92,74.26,1886112.0
2024-05-14,73.97,74.52,73.935,74.38,1263319.0
2024-05-15,74.72,75.34,74.02,74.82,1653040.0
2024-05-16,74.81,77.52,74.46,77.32,2681307.0
2024-05-17,77.28,77.4,75.74,76.22,1285545.0
2024-05-20,76.15,79.22,76.15,78.56,1966638.0
2024-05-21,78.36,79.4,77.59,78.58,1587636.0
2024-05-22,77.72,80.92,77.06,79.68,2263352.0
2024-05-23,79.43,79.52,77.78,78.26,2838193.0
2024-05-24,78.5,78.61,77.06,77.51,1867451.0
2024-05-28,77.57,79.27,77.57,78.71,1879012.0
2024-05-29,78.15,78.5,76.8705,77.1,1704352.0
2024-05-30,76.93,77.73,76.26,76.98,1655128.0
2024-05-31,76.97,79.77,76.4,79.73,5632589.0
2024-06-03,79.36,80.92,79.1485,80.54,2480750.0
2024-06-04,81.26,82.14,79.36,80.51,3007478.0
2024-06-05,80.08,80.08,76.08,76.84,2907816.0
2024-06-06,76.91,77.68,76.4363,77.3,1522555.0
2024-06-07,77.65,78.67,77.18,77.86,1916583.0
2024-06-10,77.57,78.97,77.29,78.67,1923400.0
2024-06-11,78.12,78.12,76.3,76.81,1617153.0
2024-06-12,77.0,77.8,74.81,75.19,1828006.0
2024-06-13,75.16,75.44,72.46,72.95,3132408.0
2024-06-14,72.65,73.75,72.54,73.26,1763954.0
2024-06-17,73.19,74.41,73.14,74.02,1865757.0
2024-06-18,74.15,74.89,73.28,73.55,2017389.0
2024-06-20,73.725,75.04,73.62,74.13,2458618.0
2024-06-21,73.9,74.19,72.81,73.11,5844724.0
2024-06-24,73.86,76.05,73.54,75.6,2835493.0
2024-06-25,75.13,76.07,74.88,75.44,1224173.0
2024-06-26,75.41,76.32,75.13,76.22,1674938.0
2024-06-27,75.86,76.4177,74.71,74.76,1471341.0
2024-06-28,75.16,75.5699,73.85,74.12,2999612.0
2024-07-01,74.29,74.8,73.211,73.38,1320596.0
2024-07-02,73.59,73.73,70.44,70.83,2207147.0
2024-07-03,70.83,71.18,69.8,69.96,1879905.0
2024-07-05,69.81,70.529,69.33,70.14,3342642.0
2024-07-08,70.1,70.435,69.16,69.38,1830702.0
2024-07-09,69.19,70.11,69.13,69.87,2123730.0
2024-07-10,70.02,70.19,69.3801,69.75,2205232.0
2024-07-11,69.99,71.41,69.9701,70.35,1758691.0
2024-07-12,70.82,71.03,70.01,70.64,1411656.0
2024-07-15,70.29,70.855,69.72,70.75,1625646.0
2024-07-16,70.36,73.51,70.31,73.2,1716804.0
2024-07-17,73.18,73.72,72.62,72.87,1752780.0
2024-07-18,72.71,73.18,72.04,72.41,1243831.0
2024-07-19,72.87,72.87,71.12,71.74,1124902.0
2024-07-22,72.08,72.18,71.03,71.39,992101.0
2024-07-23,70.81,71.37,70.42,70.52,1935323.0
2024-07-24,70.78,71.62,70.49,71.48,1216519.0
2024-07-25,71.41,73.94,71.2743,73.51,1615495.0
2024-07-26,73.84,75.14,73.7,75.04,1668587.0
2024-07-29,75.01,75.22,74.01,74.63,1235581.0
2024-07-30,74.57,76.785,74.34,76.43,1678677.0
2024-07-31,76.5,77.54,76.24,76.39,1540874.0
2024-08-01,76.54,77.84,75.55,75.8,1579682.0
2024-08-02,75.06,75.225,71.8,73.22,1751663.0
2024-08-05,72.22,72.99,71.47,72.86,1588227.0
2024-08-06,73.0,73.59,72.15,73.4,1822971.0
2024-08-07,74.48,75.23,73.22,73.3,2877064.0
2024-08-08,77.19,79.62,75.53,79.53,2982102.0
2024-08-09,79.67,79.86,77.709,79.79,1554091.0
2024-08-12,80.0,81.84,79.955,80.85,2215113.0
2024-08-13,80.8,81.66,80.03,80.93,1283502.0
2024-08-14,80.59,81.02,80.02,80.55,1291648.0
2024-08-15,80.85,80.95,79.45,79.78,1533172.0
2024-08-16,80.65,81.36,79.47,80.97,1777141.0
2024-08-19,81.23,81.777,80.9,81.14,863833.0
2024-08-20,80.95,81.3,79.99,80.06,1186662.0
2024-08-21,80.6,80.99,79.98,80.13,1252136.0
2024-08-22,80.09,80.175,78.55,78.88,1457145.0
2024-08-23,79.37,80.68,79.105,80.41,1249246.0
2024-08-26,80.53,81.97,80.09,81.64,1180585.0
2024-08-27,81.49,81.8699,81.17,81.62,1299975.0
2024-08-28,81.1,82.26,81.0,81.85,1308905.0
2024-08-29,82.34,83.44,81.89,82.93,1380340.0
2024-08-30,82.86,83.3101,82.19,83.09,1772226.0
2024-09-03,82.17,82.235,78.375,79.11,2946398.0
2024-09-04,79.82,80.87,79.82,80.13,1337792.0
2024-09-05,80.5,80.83,78.416,78.54,1363060.0
2024-09-06,78.39,79.69,78.01,78.56,1444250.0
2024-09-09,78.36,79.29,77.63,78.47,1484507.0
2024-09-10,78.33,78.42,76.47,76.78,1552768.0
2024-09-11,76.99,77.68,76.115,77.45,1462499.0
2024-09-12,77.49,78.68,77.49,77.7,1494039.0
2024-09-13,78.51,79.765,78.335,79.15,1279871.0
2024-09-16,79.21,80.43,79.21,79.73,1304887.0
2024-09-17,79.95,81.71,79.885,81.47,1564167.0
2024-09-18,81.93,82.81,81.32,81.49,1368847.0
2024-09-19,83.0,84.038,82.5,83.13,2667144.0
2024-09-20,82.53,82.9,81.52,81.61,5249605.0
2024-09-23,81.83,83.58,81.575,83.27,1581667.0
2024-09-24,84.36,85.35,84.23,84.89,1709933.0
2024-09-25,85.35,85.38,83.52,83.84,1492682.0
2024-09-26,83.85,85.21,83.82,85.01,1661093.0
2024-09-27,85.44,86.7,85.155,85.64,1000534.0
2024-09-30,85.68,85.97,84.99,85.8,1462768.0
2024-10-01,85.25,88.16,84.95,87.21,1804066.0
2024-10-02,87.87,89.64,87.78,88.15,1870845.0
2024-10-03,87.7,89.46,87.35,89.29,1536667.0
2024-10-04,89.95,90.86,89.03,90.15,1289804.0
2024-10-07,90.45,90.85,87.28,88.17,1997546.0
2024-10-08,86.87,87.67,85.92,86.81,1286615.0
2024-10-09,86.78,87.75,86.39,87.45,1100563.0
2024-10-10,87.62,88.55,86.45,88.27,1510714.0
2024-10-11,88.31,89.03,87.5,87.81,886060.0
2024-10-14,87.21,87.31,86.24,87.0,909025.0
2024-10-15,85.82,86.61,84.58,85.07,1685423.0
2024-10-16,83.76,85.38,83.1071,84.58,1925411.0
2024-10-17,84.65,85.84,84.2,85.78,1422011.0
2024-10-18,86.01,86.26,83.5,83.99,1269671.0
2024-10-21,84.31,84.65,83.69,84.18,976000.0
2024-10-22,84.18,84.23,83.405,83.89,1131578.0
2024-10-23,83.69,84.51,83.69,84.17,1224248.0
2024-10-24,84.68,84.97,82.88,83.22,1340869.0
2024-10-25,83.415,83.95,82.75,83.19,1050414.0
2024-10-28,83.07,83.29,81.72,81.91,1907891.0
2024-10-29,81.99,82.43,81.33,81.36,1203889.0
2024-10-30,81.41,82.24,80.94,81.78,1405995.0
2024-10-31,83.43,84.62,80.74,82.23,3179806.0
2024-11-01,82.87,84.4425,82.72,84.06,1569340.0
2024-11-04,85.12,86.77,84.17,86.41,2170260.0
2024-11-05,85.97,87.77,85.57,86.56,1409101.0
2024-11-06,86.15,86.54,82.4701,83.08,3272676.0
2024-11-07,83.2,84.91,82.72,84.64,2201383.0
2024-11-08,83.68,84.98,83.05,83.71,2141062.0
2024-11-11,83.58,85.09,83.45,85.08,1829373.0
2024-11-12,84.71,85.22,83.73,84.22,2343348.0
2024-11-13,84.14,85.82,83.76,85.21,1503709.0
2024-11-14,85.75,86.66,85.22,85.74,1303932.0
2024-11-15,85.91,89.45,85.67,87.07,2334168.0
2024-11-18,87.23,87.73,86.03,87.38,1900632.0
2024-11-19,86.68,88.04,86.16,87.54,2096180.0
2024-11-20,87.67,90.38,87.48,89.91,2193637.0
2024-11-21,89.89,91.06,89.51,90.64,1734594.0
2024-11-22,90.07,90.86,89.625,89.79,1542292.0
2024-11-25,90.37,90.77,87.13,87.39,3037620.0
2024-11-26,87.22,88.44,86.96,88.14,1748260.0
2024-11-27,88.29,89.4099,88.26,88.66,980580.0
2024-11-29,88.68,90.03,88.68,89.66,914296.0
2024-12-02,89.68,91.55,89.25,90.96,1425578.0
2024-12-03,91.77,94.27,91.24,94.14,2709567.0
2024-12-04,94.29,94.46,91.05,91.5,1896617.0
2024-12-05,90.66,91.345,88.7,89.37,1906668.0
2024-12-06,89.44,89.68,88.17,88.44,1197762.0
2024-12-09,89.37,90.04,88.03,88.22,1260789.0
2024-12-10,88.22,90.005,87.4,88.84,1796890.0
2024-12-11,89.15,90.0,88.815,89.82,1341266.0
2024-12-12,90.58,90.99,89.65,90.13,1305905.0
2024-12-13,89.67,89.96,88.67,89.5,1368435.0
2024-12-16,88.35,88.6671,86.475,86.68,1816132.0
2024-12-17,86.14,86.815,85.5001,86.68,1445897.0
2024-12-18,86.02,86.79,84.36,84.43,1535683.0
2024-12-19,85.43,86.23,83.69,83.82,1766734.0
2024-12-20,83.78,85.69,83.69,84.98,6313737.0
2024-12-23,84.81,85.38,84.35,84.85,1452153.0
2024-12-24,84.84,85.69,84.43,85.4,538754.0
2024-12-26,85.2,85.67,84.81,85.09,707217.0
2024-12-27,84.59,85.68,84.53,84.75,852833.0
2024-12-30,84.51,84.7276,83.66,84.03,1124471.0
2024-12-31,84.26,85.38,84.26,85.32,1186794.0
2025-01-02,86.0,86.92,85.44,85.83,1380702.0
2025-01-03,86.31,88.63,86.31,88.51,1762276.0
2025-01-06,89.29,90.57,89.24,89.76,1800315.0
2025-01-07,88.71,90.2,87.91,88.75,1950094.0
2025-01-08,88.22,88.52,86.515,87.01,1767603.0
2025-01-10,87.4,89.16,86.01,88.76,1811070.0
2025-01-13,90.67,95.72,90.375,95.5,3068172.0
2025-01-14,95.2,95.5097,93.96,94.99,2792629.0
2025-01-15,95.1,96.78,94.665,96.37,1720447.0
2025-01-16,96.61,98.25,96.54,97.25,1760996.0
2025-01-17,97.49,97.96,96.3642,97.01,1755955.0
2025-01-21,95.5,96.03,92.1921,93.66,2627350.0
2025-01-22,94.24,95.32,93.42,93.51,1941600.0
2025-01-23,93.84,95.595,93.535,95.24,1393963.0
2025-01-24,91.11,92.39,87.71,88.1,4285820.0
2025-01-27,89.73,90.13,88.17,88.77,1973137.0
2025-01-28,89.33,90.698,89.13,90.25,1827084.0
2025-01-29,90.92,92.61,89.88,92.52,2119609.0
2025-01-30,92.03,93.11,91.5,92.2,1464674.0
2025-01-31,92.04,92.7,91.455,92.21,1595622.0
2025-02-03,91.24,92.605,89.37,92.47,1613716.0
2025-02-04,92.81,94.64,92.59,94.09,1439236.0
2025-02-05,93.29,93.4,89.47,89.68,3068781.0
2025-02-06,90.1,90.1,82.9,84.12,5933340.0
2025-02-07,84.0,84.87,83.46,84.05,2577195.0
2025-02-10,85.06,87.4,84.8,87.0,2901278.0
2025-02-11,86.78,87.33,84.74,85.08,2339945.0
2025-02-12,84.46,84.63,78.8601,81.18,5855122.0
2025-02-13,81.09,81.64,80.2,81.46,3250590.0
2025-02-14,81.79,83.69,81.48,82.48,2192078.0
2025-02-18,82.47,83.65,81.975,83.22,2370186.0
2025-02-19,81.79,84.31,81.79,83.81,2632806.0
2025-02-20,82.81,85.31,79.6,80.26,4674031.0
2025-02-21,79.67,80.97,77.85,77.9,4041556.0
2025-02-24,79.0,79.0,77.21,77.51,3209601.0
2025-02-25,77.9,79.2,77.63,78.41,3375733.0
2025-02-26,78.36,78.66,77.48,77.78,2383131.0
2025-02-27,78.42,79.96,78.0201,79.58,2273019.0
2025-02-28,79.46,81.63,78.21,81.02,4171886.0
2025-03-03,81.7,82.28,77.5,77.97,3395577.0
2025-03-04,77.5,77.745,75.051,75.28,4660702.0
2025-03-05,75.7,77.1599,74.53,76.31,3355098.0
2025-03-06,76.42,78.15,76.34,76.61,3032860.0
2025-03-07,77.02,78.72,75.25,77.13,3520380.0
2025-03-10,77.23,78.42,76.6,77.1,2434852.0
2025-03-11,77.27,78.64,76.33,76.83,3502381.0
2025-03-12,77.11,79.07,76.615,77.71,2653297.0
2025-03-13,76.74,78.35,75.55,76.82,2715196.0
2025-03-14,77.16,77.8,75.9775,76.63,2615326.0
2025-03-17,76.55,78.13,76.505,77.73,2008379.0
2025-03-18,77.95,78.47,75.6,76.4,2389555.0
2025-03-19,76.82,78.2,76.36,77.37,2331052.0
2025-03-20,77.02,77.82,75.8726,76.92,2211124.0
2025-03-21,76.68,77.13,76.01,76.78,7513512.0
2025-03-24,76.88,77.265,75.59,76.83,1894459.0
2025-03-25,76.68,77.1,73.7,75.03,2988762.0
2025-03-26,75.0,76.88,74.9382,76.64,2481186.0
2025-03-27,76.45,78.08,76.0,77.98,1462994.0
2025-03-28,77.89,78.05,76.87,77.39,1256386.0
2025-03-31,76.68,78.68,76.2,78.15,1849622.0
2025-04-01,78.45,79.64,77.23,79.59,1746226.0
2025-04-02,79.0,79.83,78.9,79.83,1885493.0
2025-04-03,76.96,81.24,76.83,79.86,3534413.0
2025-04-04,78.46,78.46,72.08,73.07,4001485.0
2025-04-07,72.33,75.61,70.5101,72.04,3004675.0
2025-04-08,73.89,73.9212,67.34,68.47,4909737.0
2025-04-09,67.86,73.18,67.49,70.5,5013444.0
2025-04-10,70.24,71.16,68.9,69.97,3846229.0
2025-04-11,69.02,73.21,69.02,72.0,3064888.0
2025-04-14,72.51,72.9,71.46,72.41,2643619.0
2025-04-15,72.09,73.75,72.09,73.12,2245014.0
2025-04-16,73.42,75.3,73.32,74.1,3258188.0
2025-04-17,74.34,75.39,74.34,74.9,2282840.0
2025-04-21,74.48,75.97,74.07,75.13,1426535.0
2025-04-22,74.83,75.66,73.56,75.54,1722001.0
2025-04-23,76.13,77.01,74.79,75.89,1407315.0
2025-04-24,77.02,77.54,76.1669,77.3,1620213.0
2025-04-25,77.23,78.59,76.795,78.47,1883668.0
2025-04-28,78.65,80.68,78.47,79.64,1749953.0
2025-04-29,79.33,80.49,79.0,79.79,1587238.0
2025-04-30,77.51,78.66,75.92,78.37,2444767.0
2025-05-01,78.54,80.77,77.72,79.62,3026317.0
2025-05-02,80.4,80.75,79.07,80.6,2182308.0
2025-05-05,80.19,81.55,79.92,80.92,1761945.0
2025-05-06,81.2,82.5,80.635,81.98,2866116.0
2025-05-07,81.51,82.43,80.05,80.69,3827514.0
2025-05-08,84.21,85.05,79.02,81.32,4826993.0
2025-05-09,81.91,82.61,78.85,82.41,2523539.0
2025-05-12,83.52,85.01,82.61,84.39,3091209.0
2025-05-13,85.29,88.42,84.32,87.73,3589842.0
2025-05-14,87.97,88.07,85.06,85.97,2215319.0
2025-05-15,85.35,86.4,84.18,86.23,2306552.0
2025-05-16,86.5,87.93,85.765,87.78,1768129.0
2025-05-19,87.43,87.96,85.58,87.59,2242650.0
2025-05-20,87.88,88.285,87.16,87.92,2346533.0
2025-05-21,87.44,89.78,86.79,89.35,3379908.0
2025-05-22,89.07,89.78,88.205,88.91,2030886.0
2025-05-23,88.61,89.29,88.306,88.89,1254431.0
2025-05-27,88.85,91.67,88.85,91.54,2545485.0
2025-05-28,91.59,91.84,90.57,91.53,1653669.0
2025-05-29,91.32,91.32,89.11,90.11,1853602.0
2025-05-30,89.97,90.78,89.23,90.71,3356025.0
2025-06-02,91.33,93.26,90.13,92.97,2996820.0
2025-06-03,92.63,92.63,91.06,92.32,2578990.0
2025-06-04,92.66,93.48,91.36,91.63,2142704.0
2025-06-05,92.09,92.59,91.31,92.28,1470928.0
2025-06-06,91.96,92.74,91.4,92.14,1839924.0
2025-06-09,92.79,94.48,92.59,92.85,2330747.0
2025-06-10,93.0,93.64,91.47,92.13,2215748.0
2025-06-11,92.56,95.55,90.7458,95.24,3495855.0
2025-06-12,93.24,94.5,92.46,93.83,2558270.0
2025-06-13,96.26,100.48,96.26,99.93,6229067.0
2025-06-16,101.0,104.45,100.1,100.74,5174015.0
2025-06-17,102.0,102.88,100.825,102.48,3057263.0
2025-06-18,101.31,102.55,99.575,100.31,5226563.0
2025-06-20,100.23,100.4,98.34,100.36,9801450.0
2025-06-23,100.6,101.135,96.12,96.53,5159615.0
2025-06-24,93.6,95.31,92.91,94.68,4188148.0
2025-06-25,94.58,94.65,91.365,91.4,3489469.0
2025-06-26,91.44,92.23,90.48,90.69,2908707.0
2025-06-27,90.65,91.11,90.08,90.99,3340137.0
2025-06-30,90.71,92.315,90.08,92.0,3076077.0
2025-07-01,91.87,93.1,91.62,92.49,1873153.0
2025-07-02,93.27,94.34,92.91,93.85,2526715.0
2025-07-03,93.61,94.96,93.61,94.65,1516352.0
2025-07-07,94.28,95.295,93.88,95.19,2417785.0
2025-07-08,96.26,98.71,95.9116,97.12,2838071.0
2025-07-09,96.76,99.16,96.1,98.75,2511707.0
2025-07-10,97.46,97.77,95.51,95.76,2184476.0
2025-07-11,95.5,98.33,95.465,98.24,2912099.0
2025-07-14,98.44,99.385,97.265,97.41,1854282.0
2025-07-15,97.41,97.98,95.31,95.9,1713623.0
2025-07-16,95.81,96.4,92.51,92.6,3154707.0
2025-07-17,91.92,92.55,91.475,91.79,2226472.0
2025-07-18,92.01,93.92,91.855,92.63,2297553.0
2025-07-21,92.45,92.62,90.4679,90.99,1816019.0
2025-07-22,91.12,92.27,90.91,91.72,1972164.0
2025-07-23,92.09,94.17,92.09,93.71,2142017.0
2025-07-24,93.57,94.09,93.2,93.5,2218349.0
2025-07-25,93.4,93.65,92.64,93.3,1550483.0
2025-07-28,93.79,93.79,91.8081,92.53,1206597.0
2025-07-29,93.62,95.055,92.74,94.91,2088969.0
2025-07-30,93.76,94.37,92.0,92.64,2027664.0
2025-07-31,91.73,92.95,91.605,92.83,2024289.0
2025-08-01,92.8,92.9,90.01,91.56,1655487.0
2025-08-04,91.94,94.12,91.3482,93.65,2157373.0
2025-08-05,93.65,94.08,90.66,92.72,2374940.0
2025-08-06,91.74,93.29,89.9,89.9,3845358.0
2025-08-07,84.2,85.35,79.635,82.89,7534317.0
2025-08-08,83.27,83.71,80.315,80.91,5730999.0
2025-08-11,81.48,83.665,81.47,82.63,3050125.0
2025-08-12,82.88,84.28,81.93,82.9,3628700.0
2025-08-13,85.075,86.44,84.0,86.42,4131686.0
2025-08-14,84.59,85.36,83.5737,85.27,2755612.0
2025-08-15,84.62,86.39,84.62,85.9,2428910.0
2025-08-18,85.69,85.995,83.57,84.45,3058493.0
2025-08-19,84.49,84.79,83.69,84.0,1892790.0
2025-08-20,84.97,85.6,84.15,85.43,2126424.0
2025-08-21,85.55,86.6399,85.55,86.36,1549060.0
2025-08-22,86.42,87.28,86.04,86.51,1634201.0
2025-08-25,86.68,88.84,85.785,86.17,2411846.0
2025-08-26,85.88,86.64,85.05,86.63,2623472.0
2025-08-27,86.38,87.15,86.1,86.35,2034007.0
2025-08-28,86.57,87.32,84.905,87.31,2466932.0
2025-08-29,87.31,87.49,86.245,86.63,1380869.0
2025-09-02,86.59,87.505,86.0,87.43,3436264.0
2025-09-03,86.75,87.61,84.73,84.77,2138342.0
2025-09-04,83.8,84.31,81.72,84.18,3726206.0
2025-09-05,84.0,84.675,83.28,84.48,2333014.0
2025-09-08,85.19,85.19,83.53,84.5,1839946.0
2025-09-09,84.97,85.385,84.37,84.66,2293984.0
2025-09-10,84.53,87.31,84.53,86.9,2313235.0
2025-09-11,87.23,87.39,85.88,86.13,1778220.0
2025-09-12,86.21,86.63,85.28,85.63,1403134.0
2025-09-15,85.84,86.1,85.04,85.35,2287230.0
2025-09-16,85.97,86.27,84.65,84.96,2600948.0
2025-09-17,84.81,85.4,84.075,84.19,2269908.0
2025-09-18,84.52,84.795,83.14,84.1,2793935.0
2025-09-19,84.33,85.665,83.42,85.09,6496330.0
2025-09-22,85.03,86.29,84.43,85.64,2498879.0
2025-09-23,86.17,87.38,85.75,87.14,3112181.0
2025-09-24,87.66,92.88,87.23,91.65,4843220.0
2025-09-25,91.74,93.08,88.08,89.71,4369468.0
2025-09-26,89.84,92.2899,88.94,92.13,2161435.0
2025-09-29,92.15,92.46,89.32,90.51,2229217.0
2025-09-30,90.35,90.37,89.33,89.7,2709950.0
2025-10-01,89.67,90.33,86.34,86.43,2308242.0
2025-10-02,86.75,90.0,86.72,89.84,2759772.0
2025-10-03,90.43,91.79,89.69,90.09,1535748.0
2025-10-06,90.68,92.37,90.52,92.06,3067729.0
2025-10-07,91.86,92.225,91.01,91.97,1841783.0
2025-10-08,92.5,92.51,89.98,90.69,1762183.0
2025-10-09,91.53,91.63,88.55,88.61,1538269.0
2025-10-10,87.23,88.78,86.5137,87.34,1999150.0
2025-10-13,87.56,88.53,87.54,88.21,1163273.0
2025-10-14,88.03,88.415,85.4226,86.73,1669123.0
2025-10-15,86.99,87.61,85.22,85.44,1578718.0
2025-10-16,85.99,87.475,82.35,83.02,2873952.0
2025-10-17,82.47,84.045,82.28,83.51,2160567.0
2025-10-20,83.78,84.54,83.44,83.93,1659879.0
2025-10-21,84.5,85.01,83.26,83.29,2617586.0
2025-10-22,83.5,86.82,83.42,85.93,3078326.0
2025-10-23,86.86,87.67,85.81,86.93,1985839.0
2025-10-24,87.16,87.64,86.3,86.47,1458709.0
2025-10-27,87.27,87.87,85.77,86.39,1617625.0
2025-10-28,85.79,87.135,85.6,86.1,1467648.0
2025-10-29,85.69,85.89,83.745,84.15,1648556.0
2025-10-30,84.03,84.45,82.601,82.81,2144669.0
2025-10-31,82.56,84.01,82.28,83.29,1861800.0
2025-11-03,83.22,84.87,82.655,84.41,2851733.0
2025-11-04,83.88,85.33,83.12,84.55,2694750.0
2025-11-05,85.05,86.9,84.84,85.05,3655774.0
2025-11-06,83.17,83.3299,80.1001,81.45,4175877.0
2025-11-07,81.84,82.08,80.09,82.03,2892023.0
2025-11-10,82.8,83.685,81.8001,82.85,2580664.0
2025-11-11,83.16,84.25,82.88,83.68,1743616.0
2025-11-12,82.96,85.39,82.96,84.75,2617957.0
2025-11-13,85.09,85.31,84.24,84.33,1644225.0
2025-11-14,83.68,85.5,83.68,85.04,1978261.0
2025-11-17,84.54,84.595,80.4,80.69,2595808.0
2025-11-18,81.0,81.48,80.5,81.13,1989371.0
2025-11-19,80.4,80.4,76.78,78.72,2908354.0
2025-11-20,78.86,79.65,77.27,77.79,3949644.0
2025-11-21,78.3,79.175,77.59,78.54,2270121.0
2025-11-24,77.8,78.24,76.48,77.66,3571335.0
2025-11-25,77.86,79.15,77.67,77.68,3314950.0
2025-11-26,77.96,79.06,77.63,78.41,1816884.0
2025-11-28,79.11,79.5,78.7,78.7,1505664.0
2025-12-01,79.0,80.94,78.71,79.8,3580548.0
2025-12-02,79.8,79.83,78.08,78.97,2716209.0
2025-12-03,79.29,80.295,79.12,79.29,2109764.0
2025-12-04,79.62,80.5,79.23,80.23,1985155.0
2025-12-05,80.03,80.6,77.82,77.88,2060366.0
2025-12-08,78.2,78.53,77.13,77.26,2106315.0
2025-12-09,77.68,77.68,76.12,76.7,1865979.0
2025-12-10,76.46,76.725,75.415,76.09,2427175.0
2025-12-11,76.21,79.68,75.87,78.66,2956670.0
2025-12-12,79.36,79.89,78.8,79.19,1688685.0
2025-12-15,79.1,79.285,77.36,78.75,2366326.0
2025-12-16,78.53,78.7,77.46,77.55,2309641.0
2025-12-17,77.94,79.49,77.305,79.01,2746052.0
2025-12-18,78.75,79.815,78.09,78.29,3602945.0
2025-12-19,78.04,79.35,77.89,78.7,5554576.0
2025-12-22,79.13,79.38,77.38,77.43,1871250.0
2025-12-23,77.5,78.82,77.5,78.14,1497388.0
2025-12-24,78.23,78.23,77.54,77.57,645457.0
2025-12-26,77.95,78.0712,77.105,77.45,1054899.0
2025-12-29,77.8,77.935,77.0301,77.65,1229097.0
2025-12-30,77.78,78.07,76.88,76.93,1214246.0
2025-12-31,76.63,77.51,76.45,77.34,1862532.0
2026-01-02,77.48,81.0,77.14,80.13,2854119.0
2026-01-05,80.75,80.9969,79.0,80.26,2452753.0
2026-01-06,80.04,80.74,79.055,79.45,1942071.0
2026-01-07,79.35,79.97,75.87,77.49,2423764.0
2026-01-08,77.88,81.59,77.505,81.33,2786738.0
2026-01-09,82.0,84.17,82.0,82.6,2848341.0
2026-01-12,81.65,82.92,80.48,80.79,2807564.0
2026-01-13,82.21,84.96,82.1,82.87,2499398.0
2026-01-14,84.84,88.16,84.0,85.05,4248966.0
2026-01-15,85.47,87.36,82.66,86.6,2560208.0
2026-01-16,84.8,87.35,84.71,86.75,2844675.0
2026-01-20,87.82,89.72,87.5422,88.42,2479426.0
2026-01-21,89.94,91.89,88.68,91.86,2572753.0
2026-01-22,91.58,92.9,88.78,89.23,2350991.0
2026-01-23,90.2,92.89,89.905,92.38,1965193.0
2026-01-26,93.0,93.21,90.93,91.65,1755136.0
2026-01-27,91.93,93.165,91.02,91.74,2440695.0
2026-01-28,92.55,93.78,92.21,93.17,1753602.0
2026-01-29,94.0,95.21,93.02,94.03,3110353.0
2026-01-30,93.36,94.415,91.82,93.23,1865926.0
2026-02-02,91.48,92.14,88.78,89.84,2402521.0
2026-02-03,89.96,92.76,89.49,92.5,1846388.0
2026-02-04,90.4,94.82,89.945,94.7,2670043.0
2026-02-05,95.0,95.0,90.94,91.32,1741606.0
2026-02-06,92.24,93.31,91.33,92.64,2003699.0
2026-02-09,92.8,95.1785,92.715,94.94,1727018.0
2026-02-10,95.32,96.87,94.89,96.31,1547109.0
2026-02-11,96.9,97.91,96.53,96.93,1589232.0
2026-02-12,96.86,96.98,93.82,94.16,2220627.0
2026-02-13,93.34,95.26,92.1501,94.66,1232419.0
2026-02-17,93.92,94.17,92.86,93.79,1615305.0
2026-02-18,94.05,96.55,93.08,95.82,2764604.0
2026-02-19,97.0,105.27,97.0,99.46,6095723.0
2026-02-20,99.4,100.735,95.33,97.18,3581347.0
2026-02-23,97.58,98.135,95.315,95.45,2157409.0
2026-02-24,96.21,97.2168,93.64,96.11,2297176.0
2026-02-25,95.71,96.43,94.23,96.14,2357884.0
2026-02-26,95.27,98.895,94.56,97.16,2651528.0
2026-02-27,97.48,100.01,96.94,99.54,2701018.0
2026-03-02,107.6,107.8,102.54,104.3,5259572.0
2026-03-03,106.35,109.585,104.09,106.3,5441071.0
2026-03-04,106.0,107.0,100.41,104.71,3627611.0
2026-03-05,106.0,113.77,106.0,110.78,8211216.0
2026-03-06,112.0,120.49,111.88,115.78,8230497.0
2026-03-09,116.7,121.8,109.71,111.04,10270380.0
2026-03-10,110.2,112.67,106.71,110.05,7349553.0
2026-03-11,113.32,120.5,112.5,120.13,6385229.0
2026-03-12,128.02,137.44,126.59,136.0,14110400.0
2026-03-13,132.1,133.375,125.03,129.57,7694329.0
2026-03-16,123.93,126.9899,121.02,122.33,7658791.0
2026-03-17,123.575,127.4599,122.45,123.29,5329699.0
2026-03-18,127.02,127.985,120.11,126.73,7466963.0
2026-03-19,128.67,131.5,125.0,125.56,6487665.0
2026-03-20,125.55,130.1,123.71,124.9,16466730.0
2026-03-23,115.22,121.535,115.22,120.18,8624264.0
2026-03-24,122.665,128.13,122.27,126.92,5602695.0
2026-03-25,125.57,128.96,125.0,128.11,3715075.0
2026-03-26,130.12,132.81,129.53,132.56,3937775.0
2026-03-27,133.08,136.58,131.15,136.45,3834419.0
2026-03-30,137.99,141.96,135.68,137.6,6010783.0
2026-03-31,135.91,137.31,126.43,129.84,7054002.0
2026-04-01,127.45,129.65,124.5,127.98,5571832.0
2026-04-02,134.75,135.7513,128.9,129.97,4833497.0
2026-04-06,130.115,134.375,130.115,130.98,2420346.0
2026-04-07,134.91,139.445,132.25,133.78,4480241.0
2026-04-08,114.115,126.18,110.47,126.16,7368929.0
2026-04-09,128.09,128.88,118.21,119.38,5843253.0
2026-04-10,118.8,121.71,117.81,121.32,3708942.0
2026-04-13,124.72,126.2499,120.8052,121.68,3650924.0
2026-04-14,119.9,120.4,116.39,118.96,3413605.0
2026-04-15,120.05,120.83,118.9,120.81,2517483.0
2026-04-16,120.43,124.77,120.4,124.71,2620946.0
2026-04-17,114.0,114.8,109.71,112.68,6855817.0
2026-04-20,114.09,116.95,112.7,115.94,3534738.0
2026-04-21,115.64,122.47,115.6,121.31,3177046.0
2026-04-22,121.19,122.61,119.54,122.46,2604303.0
2026-04-23,124.3,127.49,121.6032,125.59,3607630.0
2026-04-24,124.34,125.0,120.5,120.93,2843363.0
2026-04-27,122.42,123.89,120.175,123.63,2209321.0
2026-04-28,125.75,126.77,121.82,122.31,2065869.0
2026-04-29,124.08,127.31,123.1136,126.78,2511777.0
2026-04-30,125.49,127.63,123.54,124.2,3698540.0
2026-05-01,123.95,125.68,120.95,122.69,2157495.0
2026-05-04,124.0,127.5661,121.27,125.89,2679379.0
2026-05-05,126.0,129.0,125.5414,128.04,2811621.0
2026-05-06,122.085,123.3,119.36,119.76,5379715.0
2026-05-07,114.1,119.605,113.31,118.68,5444468.0
2026-05-08,118.41,119.619,114.75,115.02,3068944.0
2026-05-11,117.01,124.8,116.04,124.48,2808638.0
2026-05-12,125.87,130.43,123.45,130.39,3628182.0
2026-05-13,129.25,130.02,125.08,125.5,3036033.0
2026-05-14,124.27,125.47,121.53,122.97,2315869.0
2026-05-15,124.2,126.46,123.24,125.24,2793700.0
2026-05-18,123.0,125.61,121.05,125.22,3120126.0
2026-05-19,126.89,128.78,124.18,127.86,2582198.0
2026-05-20,125.95,127.73,120.4,123.3,4444174.0
2026-05-21,124.82,125.42,120.7845,121.69,2750268.0
2026-05-22,120.68,123.16,119.75,121.7,1619014.0
2026-05-26,120.06,122.25,118.97,119.16,2508503.0
2026-05-27,117.585,118.25,113.17,116.34,2693432.0
2026-05-28,118.35,120.26,115.41,116.5,2047564.0
2026-05-29,115.65,116.36,111.27,112.35,4546908.0
2026-06-01,114.66,117.04,113.24,113.3,2953361.0
2026-06-02,114.34,115.5,113.23,113.48,1692139.0
2026-06-03,114.0,118.08,113.82,116.6,2426828.0
2026-06-04,115.71,118.6,114.44,117.52,1816084.0
2026-06-05,117.52,117.59,113.43,113.49,2234944.0
2026-06-08,113.31,113.555,109.28,109.45,2850979.0
2026-06-09,110.95,110.95,106.29,108.58,4349037.0
2026-06-10,108.3,110.515,107.14,109.26,2560625.0
2026-06-11,111.32,112.295,106.17,106.56,3157038.0
2026-06-12,106.37,110.105,106.37,109.48,2492937.0
2026-06-15,103.31,107.5,101.51,106.9,3300045.0
2026-06-16,105.61,106.99,104.86,105.59,2782237.0
2026-06-17,105.45,108.79,104.65,105.85,2819079.0
2026-06-18,104.76,104.93,101.43,102.93,5337665.0
2026-06-22,102.4,104.0,102.11,103.6,3271207.0
2026-06-23,102.925,103.69,101.635,102.17,2039862.0
2026-06-24,102.09,103.27,100.7,103.09,2825741.0
2026-06-25,102.19,105.77,101.09,105.49,3072143.0
2026-06-26,105.01,108.1,104.975,105.7,2754010.0
2026-06-29,105.7,106.75,104.4628,105.4,2220191.0
2026-06-30,107.93,110.31,107.8,108.26,3136775.0
2026-07-01,108.41,110.3548,107.5,108.16,2586388.0
2026-07-02,108.29,111.83,108.2,110.54,1932329.0
2026-07-06,109.69,114.4425,109.66,113.2,3139881.0
2026-07-07,111.9,115.92,110.0429,114.94,3348733.0
2026-07-08,116.32,118.18,114.0,117.02,3999489.0
2026-07-09,117.22,117.24,113.93,114.02,2472998.0
2026-07-10,114.88,116.98,113.3228,116.92,1116542.0
2026-07-13,118.82,121.42,118.68,120.92,2527216.0
2026-07-14,121.71,122.41,118.95,119.19,1848363.0
2026-07-15,118.27,119.72,113.91,117.82,2326221.0
2026-07-16,119.52,121.71,118.34,118.66,2152202.0
2026-07-17,119.96,123.0,119.52,121.42,3066273.0
2026-07-20,121.1,125.3799,120.77,123.57,2798114.0
2026-07-21,124.19,125.81,122.35,122.96,2348135.0
2026-07-22,125.84,127.48,124.807,127.35,2035909.0
2026-07-23,130.0,130.05,125.59,126.71,1814067.0
2026-07-24,126.49,127.0,123.04,125.07,1418858.0
2026-07-27,121.77,121.975,119.14,119.78,2509682.0
2026-07-28,121.49,123.635,120.86,122.92,2188474.0
2026-07-29,125.81,127.83,125.06,127.35,1798153.0
2026-07-30,125.56,127.19,124.54,125.77,1570166.0
2026-07-31,126.0,127.545,124.17,125.19,2354529.0
2026-08-03,123.0,123.9699,117.715,118.3,2173150.0
2026-08-04,117.0,118.68,115.12,118.11,2040351.0
2026-08-05,118.47,118.67,115.76,116.71,2690449.0
2026-08-06,111.99,117.18,109.43,116.73,3183278.0
2026-08-07,114.4,115.77,111.8868,114.35,2040969.0
2026-08-10,115.5,121.6,115.5,121.48,2779376.0
2026-08-11,120.27,121.53,117.27,117.8,3098210.0
2026-08-12,115.76,120.18,113.81,120.01,3091698.0
2026-08-13,117.66,120.545,116.09,117.05,2065457.0
2026-08-14,117.46,119.1099,117.0701,118.3,1277137.0
2026-08-17,118.24,119.13,116.74,117.78,2030306.0
2026-08-18,120.41,121.99,119.0,119.72,2439335.0
2026-08-19,120.54,123.8795,118.93,119.02,2349104.0
2026-08-20,121.59,129.18,121.5,125.7,3315975.0
2026-08-21,127.43,131.695,127.2194,129.6,3904299.0
2026-08-24,129.99,132.545,127.82,129.24,2034746.0
2026-08-25,126.44,128.93,125.755,127.26,2141561.0
2026-08-26,126.05,128.6695,124.2364,125.7,1949901.0
2026-08-27,124.95,127.3705,122.19,125.71,2185208.0
2026-08-28,126.71,129.25,124.5,125.79,1537303.0
2026-08-31,127.87,132.2199,126.715,130.03,3261331.0
2026-09-01,132.07,135.77,129.63,135.6,3835839.0
2026-09-02,133.57,141.27,131.29,139.27,4508443.0
2026-09-03,138.6,138.685,135.36,137.81,2270457.0
2026-09-04,135.43,135.965,131.64,133.35,2663079.0
2026-09-08,134.06,136.68,133.19,134.33,2401645.0
2026-09-09,137.88,139.5,135.71,138.11,3217585.0
2026-09-10,140.0,141.66,134.6,135.11,2841004.0
2026-09-11,133.025,136.675,132.705,132.95,2300061.0
