date,open,high,low,close,volume
2004-01-02,32.47,32.62,32.08,32.15,5485200.0
2004-01-05,32.47,32.59,31.84,32.19,9643600.0
2004-01-06,32.17,32.17,31.17,31.3,13145200.0
2004-01-07,31.34,32.33,31.34,32.1,15869600.0
2004-01-08,32.47,32.47,31.73,31.87,6650000.0
2004-01-09,31.8,32.13,31.61,31.72,4420800.0
2004-01-12,31.83,32.47,31.72,32.38,6339600.0
2004-01-13,32.42,32.85,32.22,32.58,7130400.0
2004-01-14,32.59,32.83,32.54,32.81,4356000.0
2004-01-15,32.85,33.12,32.76,33.01,5016000.0
2004-01-16,32.97,32.99,32.08,32.43,9807600.0
2004-01-20,32.5,32.65,32.22,32.31,5952000.0
2004-01-21,32.31,33.01,32.22,32.94,5611600.0
2004-01-22,33.0,33.4,33.0,33.2,6420400.0
2004-01-23,33.3,33.42,33.01,33.17,3872000.0
2004-01-26,33.17,33.5,33.13,33.5,4651200.0
2004-01-27,33.5,33.6,32.88,32.95,6948400.0
2004-01-28,32.9,33.0,31.89,31.93,7132800.0
2004-01-29,32.2,32.26,30.74,31.06,11619200.0
2004-01-30,31.08,31.4,30.94,31.3,6229600.0
2004-02-02,31.3,31.46,30.57,31.24,10042400.0
2004-02-03,31.15,31.15,30.84,30.98,4882800.0
2004-02-04,30.58,30.73,30.12,30.5,9749200.0
2004-02-05,30.4,30.99,30.0,30.69,7712400.0
2004-02-06,30.8,31.08,30.35,31.0,7882400.0
2004-02-09,31.3,31.3,30.47,30.52,11460800.0
2004-02-10,30.8,30.8,30.24,30.55,7570400.0
2004-02-11,30.55,32.38,30.4,32.25,12137600.0
2004-02-12,32.22,32.56,32.13,32.38,6322400.0
2004-02-13,32.47,32.65,31.89,32.01,5786800.0
2004-02-17,33.55,33.9,33.1,33.5,20334400.0
2004-02-18,33.5,33.67,33.25,33.33,6820800.0
2004-02-19,33.49,33.76,33.12,33.12,6028000.0
2004-02-20,33.28,33.28,32.35,32.66,6028800.0
2004-02-23,32.88,32.9,32.35,32.69,4957200.0
2004-02-24,32.58,32.83,32.22,32.29,5871600.0
2004-02-25,32.34,32.56,32.24,32.47,7081200.0
2004-02-26,32.49,32.97,32.35,32.85,6559600.0
2004-02-27,32.19,32.83,32.12,32.12,9336800.0
2004-03-01,32.53,32.97,32.4,32.65,6181200.0
2004-03-02,32.68,32.99,32.38,32.47,4785600.0
2004-03-03,32.48,32.58,32.21,32.53,5558400.0
2004-03-04,32.51,32.52,31.98,32.45,5808800.0
2004-03-05,32.12,32.98,32.1,32.91,6063200.0
2004-03-08,32.92,33.26,32.82,32.92,4716800.0
2004-03-09,33.22,33.49,32.97,33.35,9045600.0
2004-03-10,33.36,33.4,31.84,31.9,10465600.0
2004-03-11,31.58,31.73,30.91,30.97,10794800.0
2004-03-12,31.38,32.38,31.38,32.31,9038400.0
2004-03-15,32.18,32.3,31.75,31.88,6141200.0
2004-03-16,32.25,32.67,32.08,32.4,6357600.0
2004-03-17,32.51,33.3,32.47,33.24,6742000.0
2004-03-18,33.15,33.25,32.7,33.08,4842800.0
2004-03-19,33.15,33.55,32.85,33.1,7116800.0
2004-03-22,32.67,32.88,32.14,32.48,6237200.0
2004-03-23,32.62,33.41,32.62,33.01,7309600.0
2004-03-24,32.97,33.21,32.7,32.99,7944000.0
2004-03-25,33.12,33.49,32.99,33.46,10000800.0
2004-03-26,33.46,34.33,33.3,34.12,6195600.0
2004-03-29,34.42,34.94,34.4,34.93,8158400.0
2004-03-30,35.53,35.53,34.53,34.97,6346800.0
2004-03-31,34.95,34.96,34.42,34.65,5854400.0
2004-04-01,34.7,34.9,34.41,34.58,5804000.0
2004-04-02,34.9,35.16,34.4,35.09,10235600.0
2004-04-05,35.05,35.86,34.99,35.86,5932400.0
2004-04-06,35.76,36.53,35.67,36.47,11982800.0
2004-04-07,36.4,36.72,35.92,36.41,11211600.0
2004-04-08,36.53,36.95,36.47,36.67,7635600.0
2004-04-12,36.67,37.15,36.67,36.88,7350000.0
2004-04-13,36.97,36.97,36.32,36.42,6309600.0
2004-04-14,36.12,36.85,36.01,36.28,6281600.0
2004-04-15,36.33,36.62,35.95,36.19,6202000.0
2004-04-16,36.45,36.67,36.02,36.65,6522800.0
2004-04-19,36.3,36.76,36.29,36.71,3782000.0
2004-04-20,36.75,37.22,35.92,35.92,4564000.0
2004-04-21,35.75,35.9,35.28,35.76,7234800.0
2004-04-22,36.12,37.47,35.8,37.42,10255200.0
2004-04-23,37.0,37.0,35.33,35.6,12352000.0
2004-04-26,35.72,35.72,34.9,35.13,7694000.0
2004-04-27,35.5,36.03,35.3,35.56,6238800.0
2004-04-28,35.45,35.46,34.24,34.51,6129600.0
2004-04-29,34.7,35.22,33.76,33.85,7600400.0
2004-04-30,34.0,34.54,33.57,34.02,7949600.0
2004-05-03,34.25,34.6,33.99,34.46,6455600.0
2004-05-04,34.46,34.82,34.04,34.65,5495600.0
2004-05-05,34.66,34.67,34.17,34.47,3898000.0
2004-05-06,34.35,34.42,33.5,34.0,6076800.0
2004-05-07,33.89,34.21,33.18,33.44,6006800.0
2004-05-10,32.35,32.67,31.37,32.35,14794000.0
2004-05-11,32.69,32.78,32.13,32.45,8467200.0
2004-05-12,32.52,32.65,31.59,32.32,8682400.0
2004-05-13,32.21,33.45,31.93,33.35,11201600.0
2004-05-14,33.25,33.85,32.63,33.43,8800800.0
2004-05-17,32.92,33.04,32.56,33.0,4702800.0
2004-05-18,33.25,33.38,32.3,32.38,15093200.0
2004-05-19,32.54,32.85,32.1,32.1,12783600.0
2004-05-20,32.1,32.12,31.56,31.56,10022400.0
2004-05-21,31.62,31.65,31.0,31.45,10955200.0
2004-05-24,31.73,32.17,31.7,31.93,7354800.0
2004-05-25,31.71,32.22,31.62,32.22,8286000.0
2004-05-26,32.25,32.74,32.21,32.53,6850400.0
2004-05-27,32.55,33.33,32.53,32.83,7756000.0
2004-05-28,32.83,32.92,32.6,32.85,3855200.0
2004-06-01,32.8,33.45,32.72,33.37,9782000.0
2004-06-02,33.49,33.74,33.15,33.67,5552400.0
2004-06-03,33.58,33.86,33.22,33.28,4344800.0
2004-06-04,33.53,33.8,33.16,33.58,3965200.0
2004-06-07,33.7,34.5,33.68,34.45,4040000.0
2004-06-08,34.42,34.54,33.85,33.85,7716800.0
2004-06-09,33.93,34.19,33.49,33.49,6123200.0
2004-06-10,33.58,33.99,33.4,33.62,6454800.0
2004-06-14,33.71,33.83,33.4,33.67,5328800.0
2004-06-15,34.4,34.44,34.02,34.33,7360000.0
2004-06-16,34.4,34.4,33.92,34.03,4062400.0
2004-06-17,33.78,34.35,33.78,34.26,5396000.0
2004-06-18,34.03,34.69,33.97,34.58,9559200.0
2004-06-21,34.58,34.7,34.16,34.16,4194800.0
2004-06-22,34.17,34.65,34.16,34.53,5364000.0
2004-06-23,34.42,34.74,34.17,34.65,4989600.0
2004-06-24,34.65,34.94,34.56,34.62,4502800.0
2004-06-25,34.74,35.0,34.65,34.88,4652000.0
2004-06-28,34.87,34.92,33.73,33.79,5351600.0
2004-06-29,33.88,34.72,33.65,34.6,4696400.0
2004-06-30,34.7,35.24,34.11,35.07,6035600.0
2004-07-01,34.99,34.99,33.78,33.93,10751600.0
2004-07-02,33.93,33.93,33.0,33.35,7443600.0
2004-07-06,33.35,33.59,33.24,33.47,5099200.0
2004-07-07,33.35,33.45,32.7,32.78,8758400.0
2004-07-08,32.78,32.78,32.18,32.42,10116400.0
2004-07-09,32.53,32.78,32.49,32.55,6801200.0
2004-07-12,32.55,32.65,32.2,32.45,6273600.0
2004-07-13,32.62,32.97,32.57,32.69,9240800.0
2004-07-14,32.58,32.9,32.35,32.64,7507200.0
2004-07-15,32.72,33.17,32.65,32.97,6710400.0
2004-07-16,33.45,33.47,32.81,32.95,5677600.0
2004-07-19,32.88,32.95,32.51,32.57,4642000.0
2004-07-20,32.68,32.74,32.22,32.49,5033200.0
2004-07-21,32.65,32.83,31.77,31.78,6796000.0
2004-07-22,31.02,31.26,30.7,31.1,13253200.0
2004-07-23,31.14,31.29,30.75,30.93,8554000.0
2004-07-26,31.02,31.45,30.6,30.69,6739200.0
2004-07-27,30.69,30.72,30.3,30.65,10318000.0
2004-07-28,30.75,32.5,30.74,31.41,8694400.0
2004-07-29,31.49,31.65,31.23,31.52,4574000.0
2004-07-30,31.55,31.6,31.11,31.41,5094000.0
2004-08-02,31.28,31.52,31.07,31.4,4756400.0
2004-08-03,31.3,31.54,31.12,31.25,3905600.0
2004-08-04,31.16,31.36,30.81,31.03,3218800.0
2004-08-05,31.0,31.1,29.92,29.92,7596800.0
2004-08-06,29.05,29.3,28.61,28.8,16243200.0
2004-08-09,29.35,29.45,29.08,29.19,8714800.0
2004-08-10,29.5,30.33,29.45,30.33,9590400.0
2004-08-11,30.33,30.73,29.91,30.53,7346400.0
2004-08-12,30.45,30.45,29.76,29.95,7342000.0
2004-08-13,30.01,30.12,29.63,29.69,5315200.0
2004-08-16,29.98,30.6,29.85,30.51,6985600.0
2004-08-17,31.25,31.83,29.77,30.08,24807200.0
2004-08-18,30.08,30.55,29.85,30.33,12188400.0
2004-08-19,30.35,30.6,29.94,30.33,8234000.0
2004-08-20,30.41,30.95,30.3,30.77,5397600.0
2004-08-23,30.99,31.23,30.79,30.92,5386400.0
2004-08-24,31.25,31.45,30.98,31.15,4543600.0
2004-08-25,31.05,31.66,31.04,31.5,6256400.0
2004-08-26,31.51,31.53,30.95,31.35,4561200.0
2004-08-27,31.4,31.45,31.17,31.33,2875200.0
2004-08-30,31.25,31.48,31.23,31.32,3306800.0
2004-08-31,31.5,31.69,31.24,31.64,4573600.0
2004-09-01,31.64,31.9,31.38,31.66,4121600.0
2004-09-02,31.73,32.01,31.49,31.95,3426000.0
2004-09-03,31.95,32.04,31.64,31.65,4505600.0
2004-09-07,31.95,32.19,31.66,32.14,5048000.0
2004-09-08,32.05,32.37,31.98,32.11,4329200.0
2004-09-09,32.35,32.35,31.92,32.06,6942400.0
2004-09-10,31.94,32.0,31.55,31.73,5608000.0
2004-09-13,31.81,31.98,31.58,31.71,4607600.0
2004-09-14,31.75,32.28,31.72,32.21,5762800.0
2004-09-15,32.21,32.29,31.94,32.21,5557600.0
2004-09-16,32.21,32.58,32.19,32.49,7064400.0
2004-09-17,32.83,32.83,32.37,32.51,6288800.0
2004-09-20,32.5,32.51,32.03,32.05,6894400.0
2004-09-21,32.15,32.29,31.99,32.03,5783600.0
2004-09-22,31.92,32.0,31.38,31.51,4702400.0
2004-09-23,31.58,31.67,31.17,31.17,5341200.0
2004-09-24,31.25,31.5,31.23,31.35,4740400.0
2004-09-27,31.33,31.33,30.85,30.85,5285200.0
2004-09-28,31.0,31.95,30.65,31.62,8473200.0
2004-09-29,31.52,32.33,31.3,32.08,10371200.0
2004-09-30,32.1,32.45,31.92,32.28,6514400.0
2004-10-01,32.28,32.65,32.15,32.44,5504800.0
2004-10-04,32.62,32.97,32.53,32.76,6578400.0
2004-10-05,32.76,32.78,31.5,31.82,10880000.0
2004-10-06,31.94,32.65,31.94,32.35,9470400.0
2004-10-07,32.35,32.56,31.98,31.98,6354800.0
2004-10-08,31.65,32.13,31.48,31.5,6480400.0
2004-10-11,31.83,31.86,31.43,31.56,4783200.0
2004-10-12,31.3,31.3,30.69,31.09,11816800.0
2004-10-13,30.42,30.52,29.38,29.78,22989200.0
2004-10-14,29.73,29.92,29.57,29.75,10228400.0
2004-10-15,29.83,30.2,29.77,30.04,7859200.0
2004-10-18,29.97,29.97,29.11,29.39,11494400.0
2004-10-19,29.55,29.55,28.97,29.11,7964400.0
2004-10-20,29.48,29.59,28.95,29.19,8042400.0
2004-10-21,29.19,29.33,28.36,29.02,8654400.0
2004-10-22,29.22,29.72,29.22,29.4,9292000.0
2004-10-25,29.27,29.61,29.08,29.58,7040800.0
2004-10-26,29.55,29.62,29.12,29.35,10067600.0
2004-10-27,29.33,30.27,29.1,30.21,11787600.0
2004-10-28,30.1,30.1,29.68,29.85,8756400.0
2004-10-29,30.0,30.11,29.76,29.89,6769200.0
2004-11-01,30.77,31.33,30.74,30.99,13187600.0
2004-11-02,31.12,31.75,30.94,31.08,14761200.0
2004-11-03,31.8,31.83,31.17,31.39,8814800.0
2004-11-04,31.51,32.1,31.14,32.08,8063600.0
2004-11-05,32.49,33.1,32.38,32.54,10316400.0
2004-11-08,32.54,32.83,32.22,32.38,5788000.0
2004-11-09,32.38,34.08,32.17,33.92,19253200.0
2004-11-10,33.93,34.13,33.44,33.85,11585200.0
2004-11-11,34.36,34.7,34.1,34.45,12477200.0
2004-11-12,34.46,34.47,33.91,34.46,7369600.0
2004-11-15,34.46,34.66,34.01,34.22,6018000.0
2004-11-16,34.17,34.33,33.83,34.01,8747600.0
2004-11-17,34.13,34.51,33.99,34.38,5818400.0
2004-11-18,34.5,35.64,34.46,35.44,12562400.0
2004-11-19,35.44,35.47,34.33,34.63,9096400.0
2004-11-22,34.42,34.62,34.17,34.35,8101600.0
2004-11-23,35.61,35.75,34.63,35.1,21996800.0
2004-11-24,35.47,36.47,35.3,36.35,13359200.0
2004-11-26,36.47,36.72,36.3,36.57,4417200.0
2004-11-29,36.58,36.72,35.32,36.06,7591200.0
2004-11-30,35.95,35.96,35.41,35.87,9739600.0
2004-12-01,35.88,36.49,35.64,35.9,9019200.0
2004-12-02,35.9,35.9,35.01,35.5,10038400.0
2004-12-03,35.5,35.65,35.15,35.49,7334800.0
2004-12-06,35.17,35.42,35.03,35.13,5826000.0
2004-12-07,35.25,35.38,34.85,34.88,7707200.0
2004-12-08,34.88,34.97,34.4,34.56,7212400.0
2004-12-09,34.44,35.6,34.12,35.38,9050000.0
2004-12-10,36.01,36.01,34.81,35.28,5988000.0
2004-12-13,35.38,35.88,35.12,35.78,5676400.0
2004-12-14,35.78,36.08,35.42,35.83,7022400.0
2004-12-15,35.92,36.76,35.78,36.46,9580800.0
2004-12-16,36.3,36.73,36.06,36.22,8220800.0
2004-12-17,36.05,36.6,36.03,36.51,9234800.0
2004-12-20,36.88,37.15,36.62,36.97,10331200.0
2004-12-21,36.94,37.04,36.58,36.85,6439200.0
2004-12-22,36.75,37.12,36.67,36.89,4238400.0
2004-12-23,36.96,37.12,36.57,36.74,3078400.0
2004-12-27,36.77,36.94,36.28,36.42,3288000.0
2004-12-28,36.7,37.27,36.68,37.21,4098400.0
2004-12-29,36.95,37.22,36.93,37.0,3734400.0
2004-12-30,37.03,37.23,37.0,37.17,3100000.0
2004-12-31,37.17,37.37,37.15,37.2,2930400.0
2005-01-03,37.21,37.21,36.34,36.47,7072800.0
2005-01-04,36.72,36.73,35.2,35.6,6545200.0
2005-01-05,35.31,35.79,35.25,35.26,4933200.0
2005-01-06,35.55,36.12,35.54,35.74,7210400.0
2005-01-07,35.62,35.62,35.03,35.25,10187600.0
2005-01-10,35.2,35.37,34.66,35.09,7839600.0
2005-01-11,35.05,35.08,34.51,34.62,5724000.0
2005-01-12,34.88,35.03,34.3,35.0,6304400.0
2005-01-13,35.0,35.73,35.0,35.28,5912800.0
2005-01-14,35.17,35.73,35.16,35.42,4870800.0
2005-01-18,35.42,35.45,35.01,35.33,6991200.0
2005-01-19,35.05,35.26,34.83,35.03,6313600.0
2005-01-20,34.8,34.93,34.56,34.64,5652000.0
2005-01-21,34.38,34.49,33.81,34.0,9329600.0
2005-01-24,33.99,34.15,33.63,33.83,5056000.0
2005-01-25,33.88,34.54,33.82,34.06,5466400.0
2005-01-26,34.22,34.26,33.65,33.85,8233200.0
2005-01-27,33.25,33.62,32.6,33.53,15420000.0
2005-01-28,33.75,34.1,33.59,33.99,7160400.0
2005-01-31,34.11,34.78,34.08,34.72,5766000.0
2005-02-01,34.76,35.26,34.37,35.15,7041600.0
2005-02-02,35.08,35.19,34.62,35.07,4406000.0
2005-02-03,34.95,35.22,34.85,35.15,3725600.0
2005-02-04,35.22,35.44,34.29,34.67,8874400.0
2005-02-07,34.58,34.58,34.04,34.12,7197600.0
2005-02-08,34.21,34.38,34.01,34.15,5830000.0
2005-02-09,34.25,34.49,33.75,33.8,6518800.0
2005-02-10,33.92,34.17,33.92,34.05,4803200.0
2005-02-11,34.15,34.97,34.13,34.67,6798000.0
2005-02-14,34.75,34.92,34.3,34.67,6895600.0
2005-02-15,33.85,34.0,32.83,33.05,31376400.0
2005-02-16,33.05,33.47,32.9,33.35,12113200.0
2005-02-17,33.45,33.67,32.88,32.92,8974800.0
2005-02-18,32.92,33.38,32.69,33.28,11006800.0
2005-02-22,33.2,33.85,32.94,33.12,8634000.0
2005-02-23,33.42,33.55,33.08,33.4,6304400.0
2005-02-24,33.45,34.48,33.44,34.38,11606400.0
2005-02-25,34.33,35.52,34.17,35.29,12661200.0
2005-02-28,35.15,35.84,35.14,35.56,12672800.0
2005-03-01,35.49,35.65,35.26,35.49,7980000.0
2005-03-02,35.12,35.76,35.03,35.73,8691600.0
2005-03-03,35.73,35.73,35.06,35.27,6803200.0
2005-03-04,35.7,36.24,35.53,36.17,8240400.0
2005-03-07,36.0,36.1,35.56,35.75,6571200.0
2005-03-08,35.69,35.92,35.37,35.65,5487200.0
2005-03-09,35.65,35.65,34.76,34.88,8207600.0
2005-03-10,34.93,34.97,34.23,34.5,10786400.0
2005-03-11,34.6,34.92,34.4,34.69,7040000.0
2005-03-14,34.6,34.64,34.15,34.25,5318400.0
2005-03-15,34.22,34.44,33.97,33.97,8524400.0
2005-03-16,33.85,34.01,33.43,33.6,7657600.0
2005-03-17,33.7,34.18,33.51,33.88,7535600.0
2005-03-18,34.0,34.24,33.76,34.19,10161600.0
2005-03-21,34.21,34.49,34.05,34.32,6362800.0
2005-03-22,34.32,34.63,33.58,33.63,8135600.0
2005-03-23,33.66,33.85,33.17,33.53,9133200.0
2005-03-24,33.69,34.24,33.65,34.15,7852000.0
2005-03-28,34.15,34.22,33.9,34.04,6515200.0
2005-03-29,33.76,33.88,33.02,33.08,8429600.0
2005-03-30,33.15,33.38,32.6,33.15,10698800.0
2005-03-31,33.34,33.76,33.31,33.56,7350800.0
2005-04-01,33.81,33.88,32.94,33.12,9191200.0
2005-04-04,33.12,33.22,32.86,33.04,6731200.0
2005-04-05,33.12,33.28,32.96,33.21,5212800.0
2005-04-06,33.26,33.58,33.22,33.38,4227600.0
2005-04-07,33.38,33.72,33.25,33.67,4075600.0
2005-04-08,33.67,33.72,33.44,33.51,4100800.0
2005-04-11,33.58,33.74,33.12,33.21,7846000.0
2005-04-12,33.0,33.12,31.76,33.05,16956000.0
2005-04-13,33.0,33.08,32.08,32.31,7808000.0
2005-04-14,32.35,32.67,31.62,31.75,10222400.0
2005-04-15,31.52,32.1,31.1,31.24,7091600.0
2005-04-18,31.15,31.85,31.14,31.45,6614000.0
2005-04-19,31.42,32.06,31.4,31.89,9388400.0
2005-04-20,32.25,32.88,31.5,31.6,10672800.0
2005-04-21,32.0,32.56,31.65,32.5,7993200.0
2005-04-22,32.35,32.67,31.89,32.28,7058400.0
2005-04-25,32.38,32.53,32.06,32.2,5457600.0
2005-04-26,32.08,32.14,31.3,31.54,7729600.0
2005-04-27,31.27,31.28,30.76,31.07,11750000.0
2005-04-28,30.95,31.18,30.5,30.67,4878400.0
2005-04-29,30.9,31.34,30.64,31.27,6198000.0
2005-05-02,31.27,31.44,30.85,31.08,5033600.0
2005-05-03,31.08,31.25,30.83,31.0,4945600.0
2005-05-04,31.02,31.46,30.97,31.3,7055200.0
2005-05-05,31.38,31.64,31.2,31.44,4905600.0
2005-05-06,31.58,31.78,31.28,31.34,4251200.0
2005-05-09,31.34,31.38,31.01,31.27,5036400.0
2005-05-10,31.08,31.11,30.69,30.77,6544000.0
2005-05-11,30.78,31.22,30.32,31.09,11260000.0
2005-05-12,31.07,31.07,29.97,30.25,14588800.0
2005-05-13,30.26,30.35,29.35,29.84,11590800.0
2005-05-16,29.84,30.1,29.58,29.9,7933200.0
2005-05-17,30.75,31.2,30.53,31.15,20217600.0
2005-05-18,31.42,32.24,31.39,31.99,11052000.0
2005-05-19,32.24,32.58,32.01,32.29,8789200.0
2005-05-20,32.17,32.35,31.97,32.22,5788800.0
2005-05-23,32.38,32.72,32.22,32.53,8283600.0
2005-05-24,32.53,32.65,32.28,32.51,6899600.0
2005-05-25,32.51,32.62,31.94,32.5,8541600.0
2005-05-26,32.62,33.06,32.6,33.0,6485600.0
2005-05-27,33.15,33.26,33.03,33.16,6054000.0
2005-05-31,33.09,33.29,32.75,33.08,5900400.0
2005-06-01,32.85,33.25,32.53,32.78,9136800.0
2005-06-02,32.79,32.81,32.4,32.49,6058000.0
2005-06-03,32.49,32.67,32.09,32.28,4836000.0
2005-06-06,32.33,32.69,32.27,32.63,4826400.0
2005-06-07,32.8,33.03,32.58,32.58,7167200.0
2005-06-08,32.9,33.3,32.62,32.83,5478400.0
2005-06-09,32.83,33.41,32.63,33.31,8011600.0
2005-06-10,33.43,33.65,33.18,33.4,7906800.0
2005-06-13,33.33,33.74,33.19,33.51,5257200.0
2005-06-14,33.51,33.74,33.4,33.53,5074400.0
2005-06-15,33.33,33.58,32.84,33.07,7228800.0
2005-06-16,33.02,33.6,32.95,33.47,7228400.0
2005-06-17,33.72,34.1,33.6,33.97,6758800.0
2005-06-20,33.97,34.25,33.67,34.06,4773200.0
2005-06-21,34.06,34.7,34.01,34.06,7992400.0
2005-06-22,34.15,34.21,33.38,33.5,6516000.0
2005-06-23,33.53,33.88,33.08,33.17,5622800.0
2005-06-24,33.12,33.15,32.67,32.97,5567200.0
2005-06-27,32.81,33.29,32.53,32.68,5171600.0
2005-06-28,32.75,33.21,32.7,33.15,5298400.0
2005-06-29,33.23,33.62,32.97,33.22,4186000.0
2005-06-30,33.21,33.42,32.74,32.74,5509200.0
2005-07-01,32.78,33.15,32.7,33.05,5900800.0
2005-07-05,33.5,33.65,33.27,33.62,9975600.0
2005-07-06,33.7,34.08,33.61,33.8,8260000.0
2005-07-07,33.33,33.81,33.14,33.78,5419600.0
2005-07-08,33.72,34.45,33.6,34.38,4818800.0
2005-07-11,34.51,34.76,34.06,34.76,9683600.0
2005-07-12,34.62,34.92,34.26,34.84,5406000.0
2005-07-13,34.69,34.87,34.46,34.51,5274800.0
2005-07-14,34.6,34.88,34.55,34.71,8347600.0
2005-07-15,34.71,34.88,34.33,34.88,4877200.0
2005-07-18,34.88,35.0,34.85,34.96,4702000.0
2005-07-19,35.0,35.74,35.0,35.74,10865200.0
2005-07-20,35.53,36.06,35.28,35.82,8708400.0
2005-07-21,35.9,35.94,35.41,35.65,6966400.0
2005-07-22,35.6,35.97,35.46,35.67,7395600.0
2005-07-25,35.7,35.88,35.35,35.36,4884000.0
2005-07-26,35.35,35.47,35.03,35.26,5548800.0
2005-07-27,35.41,36.55,35.41,36.29,12063200.0
2005-07-28,36.49,36.74,36.22,36.71,6833600.0
2005-07-29,36.71,36.99,36.5,36.76,6705600.0
2005-08-01,36.77,36.92,36.57,36.6,3084400.0
2005-08-02,36.59,36.69,36.38,36.44,3866400.0
2005-08-03,36.45,36.53,35.97,36.22,6486800.0
2005-08-04,36.22,36.31,35.56,35.71,8387200.0
2005-08-05,35.7,35.94,35.65,35.79,7234800.0
2005-08-08,36.0,36.24,35.65,35.71,4830400.0
2005-08-09,35.9,36.12,35.67,35.81,7817200.0
2005-08-10,35.92,36.22,35.67,35.7,6474400.0
2005-08-11,35.83,36.53,35.83,36.44,9024800.0
2005-08-12,36.44,36.47,36.0,36.3,4190000.0
2005-08-15,36.33,36.69,36.05,36.4,4469600.0
2005-08-16,33.56,34.1,32.15,32.31,61369200.0
2005-08-17,32.4,32.51,32.2,32.26,17007600.0
2005-08-18,32.25,32.35,32.0,32.12,10155200.0
2005-08-19,32.27,32.55,32.12,32.47,8964000.0
2005-08-22,32.53,32.71,32.12,32.35,10330800.0
2005-08-23,32.38,32.43,32.01,32.04,9121600.0
2005-08-24,31.98,32.15,31.63,31.67,10564000.0
2005-08-25,32.45,32.45,31.75,31.92,6543200.0
2005-08-26,32.05,32.13,31.74,31.92,6538000.0
2005-08-29,31.65,32.07,31.57,32.0,5624400.0
2005-08-30,32.0,32.29,31.76,32.26,8593600.0
2005-08-31,32.19,32.76,32.05,32.69,9968800.0
2005-09-01,32.73,32.83,32.34,32.44,7838400.0
2005-09-02,32.54,32.78,32.47,32.53,6556400.0
2005-09-06,32.72,33.12,32.52,33.03,6278000.0
2005-09-07,33.04,33.04,32.62,32.93,4078000.0
2005-09-08,32.71,32.76,32.25,32.36,6430800.0
2005-09-09,32.35,32.47,32.21,32.28,7252000.0
2005-09-12,32.21,32.73,32.15,32.67,5212000.0
2005-09-13,32.67,32.67,32.17,32.33,5391200.0
2005-09-14,32.33,32.33,31.62,31.74,10688800.0
2005-09-15,31.74,31.74,31.23,31.32,11542000.0
2005-09-16,31.37,31.44,31.08,31.27,11587200.0
2005-09-19,31.23,31.25,30.67,30.8,10828800.0
2005-09-20,30.76,30.9,30.45,30.51,8888000.0
2005-09-21,30.42,30.5,29.91,30.2,11866800.0
2005-09-22,30.23,30.61,30.0,30.49,7421200.0
2005-09-23,30.48,30.51,30.03,30.27,9261600.0
2005-09-26,30.4,30.6,29.95,30.44,8579200.0
2005-09-27,30.5,30.98,30.38,30.91,10013600.0
2005-09-28,31.02,31.03,30.39,30.42,8797200.0
2005-09-29,30.42,30.63,30.17,30.3,7824400.0
2005-09-30,30.25,30.67,30.18,30.6,7155200.0
2005-10-03,30.6,30.91,30.49,30.81,4622800.0
2005-10-04,31.62,31.62,30.35,30.39,9951600.0
2005-10-05,30.44,30.57,30.03,30.04,9430800.0
2005-10-06,30.16,30.2,29.85,30.18,13309600.0
2005-10-07,30.38,30.69,30.38,30.56,9519600.0
2005-10-10,30.56,30.7,30.24,30.24,4471200.0
2005-10-11,30.2,30.23,29.7,29.78,7702000.0
2005-10-12,29.79,30.14,29.73,29.93,5039200.0
2005-10-13,29.83,29.92,29.55,29.67,7192000.0
2005-10-14,29.68,29.83,29.44,29.67,7736400.0
2005-10-17,29.68,29.84,29.5,29.67,4164400.0
2005-10-18,29.49,29.5,29.1,29.18,6865200.0
2005-10-19,29.12,29.4,28.91,29.4,6634400.0
2005-10-20,29.46,29.83,29.1,29.29,6308400.0
2005-10-21,28.9,29.02,28.5,28.58,14840000.0
2005-10-24,28.88,29.25,28.79,29.25,5594800.0
2005-10-25,29.31,29.33,29.08,29.12,6356400.0
2005-10-26,29.12,29.63,28.9,29.57,7205200.0
2005-10-27,29.57,29.66,29.01,29.08,3443600.0
2005-10-28,29.12,29.84,29.03,29.82,5495600.0
2005-10-31,29.91,30.5,29.85,30.34,7331200.0
2005-11-01,30.34,30.67,30.2,30.55,5633200.0
2005-11-02,30.62,31.17,30.56,31.08,7519600.0
2005-11-03,31.25,31.67,31.1,31.23,11085200.0
2005-11-04,31.23,31.43,30.81,30.98,5848800.0
2005-11-07,31.17,31.62,31.0,31.53,6736400.0
2005-11-08,31.5,31.63,31.42,31.54,5158400.0
2005-11-09,31.54,31.98,31.29,31.73,5003600.0
2005-11-10,31.7,32.2,31.5,32.15,5420400.0
2005-11-11,31.95,32.09,31.76,31.94,4453200.0
2005-11-14,31.89,32.21,31.8,31.92,5542000.0
2005-11-15,31.55,31.66,31.48,31.52,6234800.0
2005-11-16,31.59,31.96,31.5,31.89,4431600.0
2005-11-17,31.42,31.66,31.27,31.42,10127600.0
2005-11-18,31.65,31.84,31.48,31.55,7223200.0
2005-11-21,31.55,31.57,31.33,31.5,9158400.0
2005-11-22,31.77,33.94,31.75,33.7,27885600.0
2005-11-23,33.49,33.96,33.33,33.9,10292400.0
2005-11-25,33.97,34.35,33.83,33.84,2734800.0
2005-11-28,34.62,34.65,34.19,34.45,10755200.0
2005-11-29,34.46,34.88,34.32,34.62,7277200.0
2005-11-30,34.47,35.05,34.22,34.67,8941200.0
2005-12-01,34.96,34.96,34.37,34.54,8864400.0
2005-12-02,34.53,34.73,34.35,34.44,4946400.0
2005-12-05,34.35,34.38,34.0,34.1,7165600.0
2005-12-06,34.15,34.97,34.15,34.8,9208000.0
2005-12-07,34.6,34.72,34.17,34.47,4695600.0
2005-12-08,34.47,34.88,34.28,34.56,3596000.0
2005-12-09,34.15,34.78,34.15,34.56,4003200.0
2005-12-12,34.5,34.62,33.97,34.0,8838400.0
2005-12-13,34.0,34.87,33.84,34.65,7550000.0
2005-12-14,34.76,34.99,34.55,34.85,4136800.0
2005-12-15,35.17,35.47,34.84,34.96,9649600.0
2005-12-16,35.16,35.35,35.01,35.01,6406000.0
2005-12-19,35.01,35.22,34.62,34.71,6136400.0
2005-12-20,34.78,35.38,34.78,34.99,5488000.0
2005-12-21,35.05,35.49,34.81,34.85,4670800.0
2005-12-22,35.04,35.3,35.04,35.26,6016000.0
2005-12-23,35.35,35.36,35.16,35.29,2411200.0
2005-12-27,35.4,35.5,34.48,34.49,3504400.0
2005-12-28,34.33,34.59,34.2,34.47,3705200.0
2005-12-29,34.47,34.56,34.31,34.33,2197200.0
2005-12-30,34.12,34.28,33.98,34.06,2850400.0
2006-01-03,17.0,17.1,16.97,17.0,8088400.0
2006-01-04,17.0,17.13,16.9,17.02,8920800.0
2006-01-05,16.91,17.08,16.91,17.05,7696400.0
2006-01-06,17.11,17.2,17.08,17.1,5935600.0
2006-01-09,17.1,17.28,17.09,17.2,6376800.0
2006-01-10,17.17,17.22,17.0,17.22,4900800.0
2006-01-11,17.22,17.35,17.08,17.28,5359200.0
2006-01-12,17.32,17.4,17.13,17.32,4519200.0
2006-01-13,17.38,17.42,17.27,17.4,4154000.0
2006-01-17,17.27,17.62,17.25,17.59,6976000.0
2006-01-18,17.49,17.63,17.47,17.62,4362800.0
2006-01-19,17.65,17.87,17.6,17.61,5548800.0
2006-01-20,17.7,17.7,17.2,17.22,6081200.0
2006-01-23,17.2,17.42,17.12,17.3,3666000.0
2006-01-24,17.35,17.79,17.33,17.68,4606000.0
2006-01-25,17.67,17.99,17.52,17.89,6616000.0
2006-01-26,17.95,18.0,17.6,17.83,5256000.0
2006-01-27,17.83,18.15,17.8,18.1,4479600.0
2006-01-30,18.06,18.14,17.92,18.06,3153200.0
2006-01-31,18.06,18.06,17.84,17.94,5172800.0
2006-02-01,17.45,18.98,17.45,18.77,20355600.0
2006-02-02,18.7,18.87,18.63,18.68,11027200.0
2006-02-03,18.62,18.75,18.53,18.62,5813600.0
2006-02-06,18.62,18.75,18.49,18.73,5049200.0
2006-02-07,18.75,18.86,18.65,18.77,7834000.0
2006-02-08,18.75,18.75,18.2,18.39,9313600.0
2006-02-09,18.39,18.65,18.3,18.47,5682800.0
2006-02-10,18.48,18.52,18.22,18.41,5714000.0
2006-02-13,18.4,18.59,18.32,18.45,5670000.0
2006-02-14,18.37,18.83,17.92,18.67,11498400.0
2006-02-15,18.92,18.92,18.55,18.83,8746800.0
2006-02-16,18.73,18.75,18.6,18.75,6756400.0
2006-02-17,18.75,19.06,18.69,19.05,7187600.0
2006-02-21,18.98,19.42,18.95,19.42,10195200.0
2006-02-22,19.4,19.75,19.36,19.72,13346400.0
2006-02-23,19.75,19.75,19.4,19.43,7117200.0
2006-02-24,19.38,19.5,19.15,19.41,7102400.0
2006-02-27,19.38,19.61,19.25,19.33,4293600.0
2006-02-28,19.27,19.28,18.92,19.07,6906000.0
2006-03-01,19.26,19.36,19.11,19.27,6742000.0
2006-03-02,19.25,19.45,19.08,19.41,10596400.0
2006-03-03,19.42,19.66,19.18,19.59,8822400.0
2006-03-06,19.55,19.62,19.04,19.06,13593200.0
2006-03-07,19.12,19.3,18.9,19.08,8871200.0
2006-03-08,19.15,19.15,18.58,18.74,9808800.0
2006-03-09,18.75,18.83,18.58,18.62,5853600.0
2006-03-10,18.62,18.89,18.42,18.74,8177600.0
2006-03-13,18.75,18.83,18.63,18.8,3836400.0
2006-03-14,18.76,19.31,18.76,19.25,6533600.0
2006-03-15,19.19,19.67,19.18,19.65,8690000.0
2006-03-16,19.65,19.84,19.53,19.59,6843600.0
2006-03-17,19.62,19.67,19.44,19.6,6618000.0
2006-03-20,19.66,19.84,19.37,19.48,5075200.0
2006-03-21,19.48,19.48,19.05,19.08,6882800.0
2006-03-22,19.08,19.35,19.06,19.32,4786000.0
2006-03-23,19.3,19.53,19.18,19.5,8000000.0
2006-03-24,19.5,19.58,19.39,19.56,7607600.0
2006-03-27,19.67,19.76,19.46,19.63,5614000.0
2006-03-28,19.63,19.88,19.6,19.73,7118400.0
2006-03-29,19.63,19.87,19.5,19.85,8430800.0
2006-03-30,19.86,20.0,19.84,19.94,9906000.0
2006-03-31,19.89,19.93,19.69,19.76,5821600.0
2006-04-03,19.88,20.17,19.87,20.0,10139200.0
2006-04-04,20.0,20.15,19.96,20.11,4540800.0
2006-04-05,20.11,20.23,19.96,20.23,6694000.0
2006-04-06,20.23,20.23,19.78,20.0,6672400.0
2006-04-07,20.06,20.12,19.81,19.91,8616000.0
2006-04-10,19.91,20.1,19.85,20.05,3881200.0
2006-04-11,20.07,20.36,20.07,20.24,8649600.0
2006-04-12,20.42,21.06,20.42,21.01,14019200.0
2006-04-13,20.97,21.23,20.85,21.17,9101600.0
2006-04-17,21.17,21.42,21.17,21.41,8216400.0
2006-04-18,21.46,22.25,21.46,22.14,15119600.0
2006-04-19,22.18,22.21,21.83,22.05,8288800.0
2006-04-20,22.1,22.21,21.77,21.83,8994400.0
2006-04-21,22.0,22.24,21.78,21.89,6290400.0
2006-04-24,21.9,22.03,21.53,21.62,7485200.0
2006-04-25,21.65,21.88,20.95,20.99,10889200.0
2006-04-26,21.14,21.85,21.12,21.58,9175200.0
2006-04-27,21.5,21.79,21.26,21.47,8110800.0
2006-04-28,21.47,21.98,21.34,21.94,8906000.0
2006-05-01,22.19,22.86,22.1,22.16,12125200.0
2006-05-02,22.38,22.83,22.24,22.83,10643200.0
2006-05-03,22.83,22.86,22.51,22.68,6734400.0
2006-05-04,22.73,22.84,22.28,22.48,7058400.0
2006-05-05,22.75,22.83,22.57,22.59,6361600.0
2006-05-08,22.58,22.84,22.45,22.8,6579600.0
2006-05-09,22.69,22.77,22.63,22.73,4566400.0
2006-05-10,22.73,23.0,22.59,22.7,8324400.0
2006-05-11,22.69,22.98,22.14,22.16,9048400.0
2006-05-12,22.16,22.42,21.77,22.41,15185600.0
2006-05-15,22.39,22.39,21.42,21.88,14351200.0
2006-05-16,21.89,22.71,21.85,22.33,22119200.0
2006-05-17,22.33,22.46,21.45,21.61,11636800.0
2006-05-18,21.51,21.66,20.84,20.9,13303200.0
2006-05-19,21.08,21.16,20.56,21.04,12115200.0
2006-05-22,21.04,21.04,20.59,20.82,8499200.0
2006-05-23,20.95,21.55,20.95,21.16,9944800.0
2006-05-24,21.16,21.48,20.38,21.02,11697200.0
2006-05-25,21.16,21.6,20.83,21.57,9724400.0
2006-05-26,21.5,21.93,21.29,21.77,6311200.0
2006-05-30,21.77,21.77,21.13,21.17,6249200.0
2006-05-31,21.18,21.77,21.11,21.4,9334800.0
2006-06-01,21.51,21.67,21.19,21.58,5546400.0
2006-06-02,21.8,22.0,21.61,21.93,7513200.0
2006-06-05,21.93,21.93,21.18,21.26,8968400.0
2006-06-06,21.27,21.35,20.43,20.5,15382000.0
2006-06-07,20.5,20.78,20.15,20.15,16365600.0
2006-06-08,20.1,20.12,19.33,20.04,16519600.0
2006-06-09,20.08,20.23,19.75,19.95,8481600.0
2006-06-12,19.9,20.2,19.17,19.33,11601200.0
2006-06-13,19.19,19.58,19.09,19.38,13731200.0
2006-06-14,19.38,19.67,19.21,19.42,10856800.0
2006-06-15,19.55,20.08,19.55,20.08,8284000.0
2006-06-16,20.06,20.32,20.01,20.2,9566000.0
2006-06-19,20.23,20.38,19.65,19.72,7274800.0
2006-06-20,19.62,19.81,19.39,19.7,12512400.0
2006-06-21,19.65,19.9,19.57,19.73,8564800.0
2006-06-22,19.73,19.73,19.36,19.66,7080400.0
2006-06-23,19.61,20.11,19.42,19.99,6703200.0
2006-06-26,20.02,20.3,19.98,20.17,5952000.0
2006-06-27,20.15,20.35,19.91,19.97,7064800.0
2006-06-28,19.96,20.0,19.51,19.66,5736000.0
2006-06-29,19.8,20.64,19.8,20.6,9525600.0
2006-06-30,20.68,21.0,20.5,20.87,7447200.0
2006-07-03,21.08,21.11,20.85,20.88,2633600.0
2006-07-05,20.65,20.72,20.39,20.43,4882400.0
2006-07-06,20.48,20.8,20.35,20.53,4138000.0
2006-07-07,20.54,20.54,20.05,20.13,5302000.0
2006-07-10,20.31,20.67,20.26,20.47,5549600.0
2006-07-11,20.5,20.7,20.39,20.57,10107200.0
2006-07-12,20.5,20.5,19.92,19.99,9819600.0
2006-07-13,19.82,19.82,19.08,19.09,11612400.0
2006-07-14,19.09,19.09,18.23,18.5,18068400.0
2006-07-17,18.43,18.58,17.89,17.98,15813200.0
2006-07-18,18.03,18.27,17.98,18.21,11011200.0
2006-07-19,18.27,19.19,18.27,18.86,15896800.0
2006-07-20,18.96,19.01,17.92,17.95,16201200.0
2006-07-21,18.12,18.12,17.44,17.52,14538000.0
2006-07-24,17.62,18.25,17.61,18.15,9855200.0
2006-07-25,18.06,18.21,17.75,17.91,11926400.0
2006-07-26,17.91,18.27,17.68,18.17,10035600.0
2006-07-27,18.17,18.77,17.99,18.14,10499600.0
2006-07-28,18.14,18.54,18.03,18.48,7954000.0
2006-07-31,18.28,18.28,17.77,18.14,12233600.0
2006-08-01,18.14,18.15,17.66,17.84,11020800.0
2006-08-02,18.0,18.35,17.91,18.15,8356400.0
2006-08-03,18.15,18.34,18.01,18.34,15940000.0
2006-08-04,18.5,18.66,18.12,18.28,7652000.0
2006-08-07,18.23,18.36,18.12,18.26,4393200.0
2006-08-08,18.4,18.48,17.93,18.06,5004800.0
2006-08-09,18.25,18.32,17.55,17.59,6727200.0
2006-08-10,17.59,17.76,17.25,17.51,16035200.0
2006-08-11,17.51,17.55,17.07,17.26,12599200.0
2006-08-14,17.62,17.77,17.04,17.17,16213200.0
2006-08-15,16.86,17.52,16.73,17.25,40108800.0
2006-08-16,17.3,18.25,17.15,17.96,23011200.0
2006-08-17,17.98,18.18,17.9,18.16,10836400.0
2006-08-18,18.25,18.34,18.0,18.18,8008000.0
2006-08-21,18.21,18.24,17.95,18.06,9215200.0
2006-08-22,18.06,18.3,17.95,18.28,9833600.0
2006-08-23,18.29,18.48,18.19,18.35,8777200.0
2006-08-24,18.38,18.47,18.2,18.32,9553600.0
2006-08-25,18.27,18.53,18.26,18.47,5575200.0
2006-08-28,18.5,18.9,18.46,18.8,9078000.0
2006-08-29,18.91,18.91,18.49,18.68,6672000.0
2006-08-30,18.74,18.78,18.57,18.69,5298400.0
2006-08-31,18.81,19.62,18.76,19.52,14912000.0
2006-09-01,19.95,19.95,19.41,19.77,9407200.0
2006-09-05,20.05,20.67,19.99,20.61,15156000.0
2006-09-06,20.6,20.6,20.19,20.24,13736000.0
2006-09-07,20.06,20.3,19.89,20.27,12802400.0
2006-09-08,20.28,20.47,20.19,20.33,6219200.0
2006-09-11,20.31,20.31,19.78,19.92,13807600.0
2006-09-12,19.92,20.47,19.82,20.27,12551600.0
2006-09-13,20.27,20.61,20.13,20.32,10924400.0
2006-09-14,20.32,20.32,19.77,19.84,12249600.0
2006-09-15,20.02,20.31,19.91,20.22,12126800.0
2006-09-18,20.22,20.56,20.15,20.3,7674800.0
2006-09-19,20.27,20.41,19.89,19.99,11073200.0
2006-09-20,20.12,20.24,19.87,19.9,6800800.0
2006-09-21,19.9,20.27,19.66,19.73,10390000.0
2006-09-22,19.5,19.55,19.22,19.41,13123600.0
2006-09-25,19.55,19.87,19.41,19.73,10725200.0
2006-09-26,19.77,20.77,19.75,20.7,15835200.0
2006-09-27,20.65,21.24,20.54,20.92,17953200.0
2006-09-28,20.89,21.24,20.75,21.19,8376400.0
2006-09-29,21.19,21.24,20.98,20.98,6506000.0
2006-10-02,20.92,21.1,20.83,21.0,9306800.0
2006-10-03,21.0,21.1,20.78,20.9,8118400.0
2006-10-04,20.85,21.36,20.85,21.34,10849200.0
2006-10-05,21.36,21.99,21.31,21.89,8983200.0
2006-10-06,21.46,21.5,21.1,21.32,14740800.0
2006-10-09,21.25,22.27,21.16,22.0,12804800.0
2006-10-10,22.04,22.1,21.5,21.8,9924400.0
2006-10-11,21.64,22.18,21.5,21.84,11212000.0
2006-10-12,21.85,22.61,21.85,22.54,18528400.0
2006-10-13,22.2,22.49,22.2,22.23,8918400.0
2006-10-16,22.28,22.55,22.27,22.42,6642800.0
2006-10-17,22.25,22.32,21.67,21.89,12074800.0
2006-10-18,22.07,22.26,21.75,21.93,9394000.0
2006-10-19,22.0,22.16,21.8,21.89,8314000.0
2006-10-20,21.25,21.88,20.75,21.16,22776400.0
2006-10-23,21.16,21.49,21.16,21.42,9378800.0
2006-10-24,43.7,43.94,42.53,43.73,5657000.0
2006-10-25,43.66,44.19,43.42,44.06,4366800.0
2006-10-26,44.13,44.42,43.81,44.2,3444400.0
2006-10-27,43.89,44.2,43.41,43.5,2755400.0
2006-10-30,43.52,43.8,43.18,43.3,2016000.0
2006-10-31,43.3,43.4,42.53,42.56,3531600.0
2006-11-01,42.58,42.95,42.08,42.41,5447200.0
2006-11-02,42.0,42.91,41.63,42.7,5975600.0
2006-11-03,42.72,43.49,42.64,42.82,6002200.0
2006-11-06,42.95,43.11,42.59,42.87,4722400.0
2006-11-07,42.85,42.99,42.35,42.42,3294200.0
2006-11-08,42.42,43.94,42.17,43.72,5002600.0
2006-11-09,43.85,43.92,43.27,43.3,4086000.0
2006-11-10,43.35,43.69,43.33,43.56,3056400.0
2006-11-13,43.55,44.63,43.47,44.31,3593400.0
2006-11-14,44.67,44.97,44.35,44.92,3662000.0
2006-11-15,44.69,44.88,44.28,44.6,4270200.0
2006-11-16,44.72,45.45,44.66,44.71,4564000.0
2006-11-17,44.71,45.18,44.55,45.18,4063000.0
2006-11-20,45.18,45.41,44.57,44.7,5342800.0
2006-11-21,43.26,47.77,43.26,47.63,28593800.0
2006-11-22,48.45,50.7,48.25,49.04,21129200.0
2006-11-24,48.2,48.92,48.2,48.51,3145800.0
2006-11-27,48.13,48.68,47.49,47.58,5318400.0
2006-11-28,47.59,48.11,46.96,47.39,5743200.0
2006-11-29,47.75,48.67,47.73,48.27,3820200.0
2006-11-30,48.32,48.37,47.58,48.0,4901200.0
2006-12-01,47.99,48.45,46.77,47.24,4503000.0
2006-12-04,47.47,48.11,47.31,48.06,2563200.0
2006-12-05,48.25,48.3,47.63,47.72,3160000.0
2006-12-06,47.74,49.21,47.53,49.07,9040600.0
2006-12-07,49.07,49.25,48.22,48.32,3713000.0
2006-12-08,48.03,48.99,48.03,48.53,2810800.0
2006-12-11,48.56,48.85,48.1,48.57,4086600.0
2006-12-12,48.57,48.87,47.09,47.24,4713000.0
2006-12-13,47.5,47.63,47.12,47.35,2833600.0
2006-12-14,47.81,48.25,47.55,48.05,5046400.0
2006-12-15,48.22,48.44,47.52,47.79,3836200.0
2006-12-18,48.06,48.42,47.87,47.99,3989400.0
2006-12-19,47.99,48.65,47.72,48.49,3221800.0
2006-12-20,48.3,48.83,48.15,48.53,3028200.0
2006-12-21,48.63,48.64,47.66,47.95,2259000.0
2006-12-22,47.99,48.0,47.09,47.1,2672800.0
2006-12-26,47.1,47.98,47.02,47.85,1376400.0
2006-12-27,48.0,48.55,47.74,48.24,3623400.0
2006-12-28,48.02,48.17,47.65,47.88,2732600.0
2006-12-29,47.93,48.11,47.47,47.53,1664600.0
2007-01-03,47.84,48.25,46.48,46.74,3944400.0
2007-01-04,47.59,47.59,45.87,46.09,4377800.0
2007-01-05,46.09,46.1,45.11,45.44,5230600.0
2007-01-08,45.44,46.05,45.27,45.67,3411600.0
2007-01-09,45.65,46.21,45.43,46.12,4481800.0
2007-01-10,45.97,46.54,45.57,46.31,4930600.0
2007-01-11,46.33,47.75,46.29,47.75,5973400.0
2007-01-12,48.32,49.79,48.12,49.66,8818800.0
2007-01-16,49.87,49.87,49.02,49.55,3910400.0
2007-01-17,49.55,50.47,49.55,49.94,4679000.0
2007-01-18,49.11,50.3,49.08,50.08,3448000.0
2007-01-19,50.0,50.0,49.21,49.35,5643400.0
2007-01-22,49.57,49.64,48.26,48.43,4317600.0
2007-01-23,48.5,49.87,48.5,49.79,5893600.0
2007-01-24,49.3,49.69,48.94,49.48,2667600.0
2007-01-25,49.37,49.79,48.49,48.58,2643200.0
2007-01-26,49.17,49.28,48.39,49.14,2962000.0
2007-01-29,49.24,49.85,48.99,49.27,2666600.0
2007-01-30,49.45,50.0,49.22,49.96,2710200.0
2007-01-31,49.85,50.25,49.17,50.14,3552400.0
2007-02-01,50.22,51.59,50.22,51.51,5903000.0
2007-02-02,51.51,52.36,51.18,52.16,3992600.0
2007-02-05,52.17,52.44,51.75,52.05,3396600.0
2007-02-06,52.37,52.56,52.18,52.37,3058200.0
2007-02-07,52.35,52.47,51.7,51.75,3869200.0
2007-02-08,51.75,51.75,51.09,51.45,3220800.0
2007-02-09,51.66,52.11,51.33,51.39,3030200.0
2007-02-12,51.45,51.87,51.06,51.61,2531204.0
2007-02-13,51.61,52.09,51.26,51.33,2580128.0
2007-02-14,54.24,56.86,54.07,55.95,19228426.0
2007-02-15,56.26,57.0,55.5,56.76,6809800.0
2007-02-16,56.27,57.14,56.0,56.96,4443600.0
2007-02-20,56.57,56.9,56.44,56.67,4233800.0
2007-02-21,56.68,58.23,56.54,57.97,6057600.0
2007-02-22,57.88,58.25,56.06,56.53,6502800.0
2007-02-23,56.69,56.85,56.07,56.66,4051200.0
2007-02-26,57.0,57.32,56.07,56.6,3857228.0
2007-02-27,55.11,55.59,53.25,54.15,6681800.0
2007-02-28,54.15,54.67,53.25,54.14,5383000.0
2007-03-01,53.25,54.72,52.76,54.11,4756918.0
2007-03-02,53.93,53.94,52.55,52.58,4522400.0
2007-03-05,51.94,53.28,51.77,52.1,5339200.0
2007-03-06,52.84,53.95,52.72,53.52,6413400.0
2007-03-07,54.63,56.07,54.35,55.4,7637800.0
2007-03-08,55.91,56.44,55.04,55.39,5167000.0
2007-03-09,56.25,57.36,56.0,56.5,7689600.0
2007-03-12,56.5,56.89,55.76,56.51,4070800.0
2007-03-13,56.22,56.77,54.53,54.67,4934600.0
2007-03-14,54.67,55.59,53.95,55.34,5393800.0
2007-03-15,55.34,55.8,55.02,55.34,4783000.0
2007-03-16,55.35,56.33,54.73,55.02,5538200.0
2007-03-19,55.44,56.88,55.39,56.39,4226370.0
2007-03-20,56.32,56.54,55.85,56.1,3084000.0
2007-03-21,56.2,57.79,55.95,57.71,4273022.0
2007-03-22,56.69,57.25,55.94,56.45,6276204.0
2007-03-23,56.55,57.18,55.89,56.09,4280604.0
2007-03-26,56.25,56.31,54.65,55.21,5671392.0
2007-03-27,55.2,55.2,53.78,54.31,5863000.0
2007-03-28,54.0,54.41,52.74,52.75,8029860.0
2007-03-29,53.59,54.54,53.27,54.23,8190810.0
2007-03-30,53.89,55.95,53.82,54.32,7301538.0
2007-04-02,54.12,54.12,51.58,52.24,12961600.0
2007-04-03,52.66,53.6,52.17,53.37,6417226.0
2007-04-04,53.37,53.6,52.82,53.5,3990200.0
2007-04-05,53.45,54.13,53.16,53.78,3464400.0
2007-04-09,54.24,54.85,54.06,54.31,3909398.0
2007-04-10,54.31,54.65,54.11,54.45,3515006.0
2007-04-11,54.5,54.81,53.73,54.21,4976788.0
2007-04-12,54.22,54.22,53.38,53.92,3669000.0
2007-04-13,53.93,54.49,53.44,54.4,3872800.0
2007-04-16,54.52,54.84,54.27,54.82,2541588.0
2007-04-17,55.14,55.56,54.75,55.55,3941200.0
2007-04-18,55.55,56.23,55.25,55.78,4348600.0
2007-04-19,55.78,56.11,55.12,55.35,3172308.0
2007-04-20,56.5,56.78,55.71,55.78,4773072.0
2007-04-23,55.93,57.9,55.93,56.35,6253600.0
2007-04-24,56.6,57.18,56.05,56.46,3655800.0
2007-04-25,56.91,56.96,55.67,56.83,4977982.0
2007-04-26,57.12,57.54,56.44,56.8,3601000.0
2007-04-27,56.36,56.49,55.54,56.11,4410000.0
2007-04-30,55.99,56.05,54.7,54.7,3403600.0
2007-05-01,54.87,55.09,53.75,54.35,4525000.0
2007-05-02,55.05,56.72,55.02,56.37,6581036.0
2007-05-03,56.8,57.35,56.45,56.84,4228000.0
2007-05-04,57.28,57.72,56.65,56.92,3507800.0
2007-05-07,56.93,57.95,56.93,57.61,3304600.0
2007-05-08,57.61,58.0,56.73,57.82,3361400.0
2007-05-09,57.82,59.68,57.64,59.47,8257700.0
2007-05-10,59.47,59.99,58.34,58.84,6171804.0
2007-05-11,59.15,60.0,59.02,60.0,4308600.0
2007-05-14,60.2,60.4,59.37,59.81,6086600.0
2007-05-15,60.1,60.88,59.65,60.33,7259340.0
2007-05-16,61.6,61.7,58.91,59.2,20743540.0
2007-05-17,59.37,59.41,58.35,58.77,7725400.0
2007-05-18,58.78,59.13,57.77,58.25,6766702.0
2007-05-21,58.25,60.0,58.25,59.4,6221600.0
2007-05-22,59.65,59.79,58.54,58.9,4989604.0
2007-05-23,59.11,59.11,57.69,57.82,5898408.0
2007-05-24,58.36,58.49,56.5,56.52,8268008.0
2007-05-25,56.53,57.47,56.53,57.22,4198736.0
2007-05-29,57.4,58.07,56.98,57.67,6533400.0
2007-05-30,57.37,59.72,57.32,59.72,7770476.0
2007-05-31,59.87,60.74,59.73,60.23,7855000.0
2007-06-01,60.31,60.69,59.56,59.88,4622400.0
2007-06-04,59.45,60.18,59.21,60.1,2923860.0
2007-06-05,59.63,60.8,59.63,60.45,5349600.0
2007-06-06,59.8,60.0,58.52,58.78,5118800.0
2007-06-07,58.07,59.29,57.09,57.09,6162920.0
2007-06-08,57.19,58.08,56.8,58.01,4335480.0
2007-06-11,58.01,58.97,57.59,58.27,4793300.0
2007-06-12,57.12,58.91,57.12,58.32,5652600.0
2007-06-13,58.97,60.16,58.84,60.16,7927600.0
2007-06-14,60.25,60.97,60.05,60.36,6287600.0
2007-06-15,60.99,61.5,60.69,60.87,6045800.0
2007-06-18,61.29,61.51,60.96,61.01,3290200.0
2007-06-19,61.0,61.11,59.9,60.81,4114200.0
2007-06-20,60.82,62.6,60.68,60.75,6422858.0
2007-06-21,60.75,62.15,60.66,62.15,4487034.0
2007-06-22,61.65,62.82,61.51,61.67,6185200.0
2007-06-25,61.73,62.58,61.2,61.39,4394200.0
2007-06-26,61.87,62.0,60.09,60.28,4483600.0
2007-06-27,59.78,60.91,59.28,60.78,3939572.0
2007-06-28,60.62,60.62,59.69,59.69,4126000.0
2007-06-29,60.0,60.79,59.81,60.37,3688150.0
2007-07-02,60.82,61.92,60.56,61.75,3590656.0
2007-07-03,61.49,61.49,60.72,61.11,2714200.0
2007-07-05,61.24,61.87,60.97,61.53,2896800.0
2007-07-06,61.69,62.27,61.57,61.85,1959230.0
2007-07-09,62.02,63.49,61.97,62.91,5026400.0
2007-07-10,62.46,62.61,61.84,61.94,3718600.0
2007-07-11,62.13,63.0,62.02,62.6,3159400.0
2007-07-12,62.92,64.25,62.6,64.16,4730800.0
2007-07-13,64.38,65.75,64.0,65.54,5339400.0
2007-07-16,65.96,66.25,65.26,65.8,5006600.0
2007-07-17,66.01,66.4,65.28,65.45,4258600.0
2007-07-18,65.25,66.0,64.59,65.35,4798000.0
2007-07-19,66.03,66.98,65.62,66.84,3997400.0
2007-07-20,65.24,65.98,64.34,64.53,7735200.0
2007-07-23,65.5,65.5,63.65,63.98,4809200.0
2007-07-24,63.7,64.36,62.84,62.99,3469200.0
2007-07-25,63.69,63.9,61.16,62.16,5870600.0
2007-07-26,61.13,62.53,59.33,60.51,8533134.0
2007-07-27,60.1,61.25,59.35,59.47,5026000.0
2007-07-30,61.02,61.57,59.5,61.15,4385600.0
2007-07-31,62.54,63.0,60.11,60.21,6789000.0
2007-08-01,60.01,60.68,58.43,59.93,7983600.0
2007-08-02,60.74,60.74,58.89,60.09,5714600.0
2007-08-03,60.02,60.92,58.67,58.73,5790000.0
2007-08-06,59.49,60.06,57.86,59.95,5492600.0
2007-08-07,60.05,62.75,59.51,61.89,7045200.0
2007-08-08,61.35,63.37,61.35,62.42,5325600.0
2007-08-09,61.95,63.22,59.99,60.05,6293400.0
2007-08-10,59.26,60.42,57.26,58.65,7572000.0
2007-08-13,59.38,61.03,59.15,59.32,4065800.0
2007-08-14,59.75,60.09,58.54,58.54,4610600.0
2007-08-15,60.38,63.46,59.67,60.3,13901322.0
2007-08-16,59.65,61.49,56.95,60.26,11131400.0
2007-08-17,61.53,63.0,60.64,62.3,7190600.0
2007-08-20,62.99,65.35,62.1,64.13,8295400.0
2007-08-21,63.81,65.16,63.42,64.65,5100000.0
2007-08-22,65.22,66.12,64.64,65.36,6070600.0
2007-08-23,65.75,65.84,63.35,63.69,5525300.0
2007-08-24,63.94,65.22,63.26,65.13,4729800.0
2007-08-27,64.62,66.0,64.62,65.13,4387400.0
2007-08-28,64.62,64.87,63.21,63.21,4296200.0
2007-08-29,63.79,66.0,63.28,65.72,6223400.0
2007-08-30,65.11,66.95,65.11,65.95,4188400.0
2007-08-31,66.99,68.55,66.75,68.03,5383400.0
2007-09-04,68.36,70.04,68.15,69.32,6578000.0
2007-09-05,68.74,69.65,68.15,68.78,6254400.0
2007-09-06,69.17,69.36,67.53,68.39,4699200.0
2007-09-07,66.97,68.22,66.27,67.93,5529200.0
2007-09-10,68.37,69.26,67.15,68.49,5055600.0
2007-09-11,68.51,69.57,68.0,69.14,5598800.0
2007-09-12,69.09,70.26,68.58,68.91,4901400.0
2007-09-13,69.07,69.55,68.58,68.97,4219600.0
2007-09-14,68.31,69.49,68.13,68.96,3578800.0
2007-09-17,68.57,70.58,68.53,69.71,5658600.0
2007-09-18,70.12,72.93,69.88,72.93,5786800.0
2007-09-19,73.67,74.59,71.78,72.55,7611800.0
2007-09-20,72.25,73.01,71.62,72.24,3610400.0
2007-09-21,72.94,73.72,72.24,73.64,4499400.0
2007-09-24,73.42,73.48,72.71,72.87,3963200.0
2007-09-25,72.25,72.41,70.3,71.08,7014200.0
2007-09-26,71.69,73.44,71.47,73.07,5135000.0
2007-09-27,73.12,74.39,73.0,73.69,4331800.0
2007-09-28,73.7,74.95,73.66,74.21,4387000.0
2007-10-01,74.3,75.58,74.2,75.46,3995000.0
2007-10-02,75.68,75.86,73.5,74.12,4548400.0
2007-10-03,73.85,74.4,72.45,72.5,5421800.0
2007-10-04,73.0,74.19,72.88,73.8,3304800.0
2007-10-05,74.36,74.99,73.42,73.63,4345800.0
2007-10-08,73.63,74.5,72.5,74.31,2271800.0
2007-10-09,74.94,75.88,74.47,75.75,4303000.0
2007-10-10,75.39,77.52,75.1,77.35,4859000.0
2007-10-11,78.04,78.65,75.0,76.39,5204400.0
2007-10-12,76.77,78.09,76.51,77.11,4185326.0
2007-10-15,77.41,77.72,76.01,77.21,4036200.0
2007-10-16,76.82,76.97,75.08,75.52,5192600.0
2007-10-17,76.99,77.15,74.67,75.3,4574800.0
2007-10-18,74.6,76.9,74.54,76.27,3880800.0
2007-10-19,75.86,75.94,72.41,72.57,6110400.0
2007-10-22,71.25,72.57,70.5,72.42,6163600.0
2007-10-23,73.86,75.0,73.11,74.93,3792100.0
2007-10-24,74.44,74.59,72.5,74.43,4969200.0
2007-10-25,74.29,74.29,71.64,73.67,5275400.0
2007-10-26,74.23,75.0,71.75,72.72,4818646.0
2007-10-29,73.26,75.52,73.01,75.48,4110600.0
2007-10-30,77.7,77.7,75.15,75.32,4709400.0
2007-10-31,75.62,77.5,75.43,77.45,4289400.0
2007-11-01,76.25,76.65,75.05,75.27,4840800.0
2007-11-02,75.79,76.6,74.25,76.36,4291260.0
2007-11-05,75.0,77.99,74.95,77.14,4825956.0
2007-11-06,77.2,80.24,77.2,80.15,5236840.0
2007-11-07,79.61,79.67,77.06,77.16,4492604.0
2007-11-08,77.22,79.4,76.86,78.95,5241236.0
2007-11-09,77.91,77.97,76.42,76.51,5501658.0
2007-11-12,76.53,76.53,70.17,70.92,8392982.0
2007-11-13,72.25,73.42,70.5,72.93,6068126.0
2007-11-14,74.37,75.68,72.6,73.55,5745530.0
2007-11-15,73.62,73.73,70.34,70.97,6831680.0
2007-11-16,71.59,72.62,70.35,72.53,6989612.0
2007-11-19,72.21,72.85,70.26,70.75,5397812.0
2007-11-20,71.79,73.1,70.45,72.5,5809254.0
2007-11-21,73.17,77.37,70.97,76.03,14295164.0
2007-11-23,77.5,78.32,76.52,78.32,3007586.0
2007-11-26,79.55,81.51,79.03,79.23,7053008.0
2007-11-27,80.33,80.79,78.61,80.52,6097904.0
2007-11-28,81.29,85.08,81.0,85.0,7548620.0
2007-11-29,84.04,86.0,84.0,84.64,5599182.0
2007-11-30,85.34,87.37,84.6,85.9,7133180.0
2007-12-03,85.92,89.95,85.1,88.52,9926888.0
2007-12-04,87.99,89.2,86.92,87.69,3611263.0
2007-12-05,89.3,89.9,87.75,88.9,3795383.0
2007-12-06,88.87,90.95,88.0,90.49,3285038.0
2007-12-07,90.5,90.5,87.6,88.11,5370413.0
2007-12-10,87.65,89.25,86.39,88.89,3554348.0
2007-12-11,89.21,89.85,84.64,85.39,5242965.0
2007-12-12,88.07,89.14,86.36,87.9,5483622.0
2007-12-13,87.55,88.97,87.32,88.85,3412069.0
2007-12-14,89.48,90.49,86.99,87.16,4526178.0
2007-12-17,86.27,87.47,84.15,84.27,3725231.0
2007-12-18,85.05,85.95,82.03,83.85,5285930.0
2007-12-19,84.66,84.73,82.31,83.63,3216216.0
2007-12-20,84.87,87.35,84.18,86.63,4970900.0
2007-12-21,87.39,90.0,87.26,89.83,5603751.0
2007-12-24,90.88,91.9,90.0,91.66,1665213.0
2007-12-26,91.0,92.98,91.0,92.67,2434949.0
2007-12-27,91.47,92.77,90.31,90.37,3451562.0
2007-12-28,91.71,92.4,90.92,92.28,3704552.0
2007-12-31,92.01,93.74,91.5,93.12,3426760.0
2008-01-02,94.01,94.01,89.52,90.2,5109799.0
2008-01-03,90.67,94.39,90.64,93.9,4781908.0
2008-01-04,92.9,92.9,89.98,89.98,4069955.0
2008-01-07,90.71,92.32,87.34,88.4,5491542.0
2008-01-08,88.68,91.21,87.77,88.06,4934391.0
2008-01-09,88.07,88.67,83.61,87.65,8440393.0
2008-01-10,87.17,91.23,86.25,90.24,4912061.0
2008-01-11,89.59,92.64,89.0,89.26,4912425.0
2008-01-14,90.16,94.77,90.16,94.69,6023405.0
2008-01-15,93.43,94.27,90.94,92.36,6695626.0
2008-01-16,91.76,92.75,86.35,87.86,7842228.0
2008-01-17,87.94,88.27,78.37,79.09,13421157.0
2008-01-18,79.8,81.72,75.22,76.4,10869541.0
2008-01-22,71.58,84.39,71.2,83.15,13699279.0
2008-01-23,79.1,83.0,74.0,82.94,9462455.0
2008-01-24,84.26,86.94,81.0,82.59,8537897.0
2008-01-25,83.56,86.0,81.88,82.88,5422272.0
2008-01-28,81.32,85.51,81.32,85.43,3912105.0
2008-01-29,86.56,87.96,85.78,86.74,3995794.0
2008-01-30,86.53,89.5,84.26,86.47,4764710.0
2008-01-31,85.28,88.29,83.51,87.56,5929001.0
2008-02-01,87.75,90.49,87.51,88.91,5292937.0
2008-02-04,90.28,90.28,87.51,88.2,3404183.0
2008-02-05,86.65,87.5,83.41,83.48,4421655.0
2008-02-06,84.18,86.24,82.89,83.3,3893500.0
2008-02-07,81.7,82.82,80.15,81.98,6815047.0
2008-02-08,81.7,83.03,81.0,82.46,3966783.0
2008-02-11,82.6,84.69,81.8,84.34,3618002.0
2008-02-12,85.1,87.47,85.08,86.48,5750682.0
2008-02-13,86.7,87.31,83.94,85.54,8322344.0
2008-02-14,86.64,87.79,85.26,86.34,5324042.0
2008-02-15,86.01,86.5,83.74,85.0,5517961.0
2008-02-19,85.9,86.34,82.36,83.49,6154414.0
2008-02-20,82.93,86.08,82.22,85.78,5096913.0
2008-02-21,86.48,87.58,85.5,85.88,4860567.0
2008-02-22,86.06,87.25,85.38,87.17,4071527.0
2008-02-25,87.39,89.6,87.08,88.99,5452335.0
2008-02-26,88.6,89.22,86.85,87.46,4683461.0
2008-02-27,86.7,87.76,85.71,86.24,4746948.0
2008-02-28,85.79,87.53,85.08,86.97,4093030.0
2008-02-29,86.85,87.24,84.85,85.21,5208180.0
2008-03-03,85.0,87.9,85.0,87.57,4355740.0
2008-03-04,86.93,87.94,85.0,86.69,5229630.0
2008-03-05,86.99,89.47,86.44,89.28,4914178.0
2008-03-06,89.02,89.75,87.55,87.85,4972288.0
2008-03-07,86.85,86.99,82.81,83.22,8070194.0
2008-03-10,83.46,83.74,80.66,81.25,7047279.0
2008-03-11,83.25,85.73,82.55,85.73,5295129.0
2008-03-12,86.09,86.46,83.74,83.98,4649639.0
2008-03-13,82.27,84.98,81.63,84.23,6240103.0
2008-03-14,85.01,85.24,81.11,82.81,5883465.0
2008-03-17,80.13,83.09,78.55,81.03,5077159.0
2008-03-18,83.83,83.9,80.52,83.43,6680530.0
2008-03-19,82.6,84.2,79.37,79.49,5346038.0
2008-03-20,79.01,79.94,76.55,79.23,7815118.0
2008-03-24,80.0,82.1,79.45,81.45,4030948.0
2008-03-25,82.6,83.37,80.9,82.24,4496077.0
2008-03-26,81.98,82.39,80.5,80.82,4602139.0
2008-03-27,79.99,81.26,76.59,79.15,4696922.0
2008-03-28,79.7,81.43,79.05,79.94,3067931.0
2008-03-31,80.02,81.3,79.75,80.44,3556743.0
2008-04-01,81.59,82.98,79.3,81.04,5650969.0
2008-04-02,81.18,82.08,79.31,79.82,5938645.0
2008-04-03,79.5,83.43,79.44,83.0,5680586.0
2008-04-04,83.3,87.13,82.61,85.74,6664565.0
2008-04-07,86.35,89.5,86.35,88.4,6733389.0
2008-04-08,87.7,89.03,87.33,88.67,3158968.0
2008-04-09,88.89,89.27,85.9,86.92,3613564.0
2008-04-10,87.0,87.94,85.63,86.91,3082691.0
2008-04-11,85.2,87.13,85.0,86.31,3252819.0
2008-04-14,86.11,87.0,85.5,86.0,2880229.0
2008-04-15,86.73,87.48,85.09,86.22,3041770.0
2008-04-16,87.25,90.3,86.95,90.18,10555524.0
2008-04-17,90.1,91.39,87.9,89.55,5295885.0
2008-04-18,91.0,94.89,91.0,92.68,9025805.0
2008-04-21,92.65,94.05,92.0,93.35,4040952.0
2008-04-22,93.5,93.75,90.65,91.9,4047743.0
2008-04-23,92.44,92.5,89.9,90.5,3768586.0
2008-04-24,90.48,90.48,87.12,88.89,5655395.0
2008-04-25,89.5,90.31,88.09,90.0,4036638.0
2008-04-28,90.74,91.25,89.36,89.53,3265908.0
2008-04-29,89.24,89.43,83.71,84.09,6440085.0
2008-04-30,84.26,86.27,83.51,84.07,5528033.0
2008-05-01,84.11,84.69,81.05,84.4,5877519.0
2008-05-02,85.6,85.6,83.58,85.24,4038215.0
2008-05-05,84.98,85.79,82.86,84.37,4200508.0
2008-05-06,83.7,86.2,83.7,86.08,3647980.0
2008-05-07,86.3,87.39,84.55,84.97,3431246.0
2008-05-08,85.47,86.82,85.07,86.82,3069367.0
2008-05-09,86.51,86.66,84.6,86.31,3282124.0
2008-05-12,87.5,89.89,86.53,89.37,4287740.0
2008-05-13,90.0,90.73,88.82,90.19,5217785.0
2008-05-14,85.33,85.5,80.75,81.25,32298157.0
2008-05-15,82.2,83.69,81.63,83.61,13155276.0
2008-05-16,83.74,84.14,82.78,83.53,6002866.0
2008-05-19,83.7,84.1,80.24,80.8,9361316.0
2008-05-20,80.57,82.5,79.92,82.01,7592974.0
2008-05-21,82.32,83.9,81.63,81.83,6127296.0
2008-05-22,81.78,82.38,80.22,80.95,5420351.0
2008-05-23,80.64,81.42,79.05,80.42,3770960.0
2008-05-27,80.42,80.7,78.63,79.86,4839358.0
2008-05-28,80.05,82.84,79.55,82.58,6515352.0
2008-05-29,82.5,82.7,80.81,81.34,5226303.0
2008-05-30,81.75,82.26,81.17,81.34,3819301.0
2008-06-02,81.33,82.4,80.13,80.78,3721392.0
2008-06-03,81.0,81.38,79.41,80.93,5839635.0
2008-06-04,80.45,81.84,80.26,80.65,3487470.0
2008-06-05,81.11,82.96,80.35,82.85,5690515.0
2008-06-06,82.0,83.65,81.17,81.31,6356233.0
2008-06-09,81.95,82.23,81.0,81.68,3727164.0
2008-06-10,81.25,82.74,80.75,81.66,4746252.0
2008-06-11,82.0,82.0,78.55,79.0,6396883.0
2008-06-12,79.5,80.54,77.12,77.96,6855943.0
2008-06-13,78.65,79.13,77.32,77.92,6509631.0
2008-06-16,78.58,81.22,78.14,80.6,6011398.0
2008-06-17,80.9,81.0,79.19,79.2,3643868.0
2008-06-18,78.72,79.84,77.77,78.06,4451740.0
2008-06-19,77.99,78.36,77.4,77.68,3367761.0
2008-06-20,77.5,78.0,75.57,76.37,5601028.0
2008-06-23,77.14,77.74,75.76,77.48,4743639.0
2008-06-24,76.51,77.67,74.93,75.34,5772136.0
2008-06-25,75.48,76.09,73.35,73.56,7251531.0
2008-06-26,72.33,73.09,70.32,71.5,7750442.0
2008-06-27,70.74,71.96,70.16,71.38,9667318.0
2008-06-30,71.42,72.91,70.69,72.13,4882453.0
2008-07-01,70.93,73.84,70.12,73.42,6692470.0
2008-07-02,73.84,74.18,70.2,70.25,6419074.0
2008-07-03,70.27,70.99,67.86,68.45,5584984.0
2008-07-07,68.75,70.98,68.36,69.82,5577803.0
2008-07-08,69.39,69.82,66.43,66.96,9242530.0
2008-07-09,67.75,67.84,63.94,64.01,8410028.0
2008-07-10,64.29,66.31,64.0,65.84,6541677.0
2008-07-11,65.2,66.49,64.0,64.99,4973774.0
2008-07-14,65.82,67.64,65.66,67.3,5160938.0
2008-07-15,66.5,67.03,64.55,64.76,6238406.0
2008-07-16,64.97,65.77,63.51,65.15,9580218.0
2008-07-17,65.68,68.68,65.68,67.86,6964263.0
2008-07-18,68.05,69.08,66.85,67.33,5279223.0
2008-07-21,68.1,71.29,67.56,70.96,6200900.0
2008-07-22,70.78,71.57,69.21,70.58,6022481.0
2008-07-23,71.85,73.0,71.31,71.52,5585821.0
2008-07-24,71.5,72.23,67.3,67.79,6010958.0
2008-07-25,68.27,69.36,66.96,69.18,4186653.0
2008-07-28,69.3,70.46,69.04,69.71,5423282.0
2008-07-29,71.07,72.36,69.95,70.8,5461039.0
2008-07-30,71.46,73.57,70.87,73.47,5907762.0
2008-07-31,72.67,72.67,69.99,70.16,6587815.0
2008-08-01,70.71,71.37,69.88,70.22,4583449.0
2008-08-04,68.53,68.85,65.05,65.24,9149714.0
2008-08-05,66.07,66.8,65.51,66.67,5869387.0
2008-08-06,66.52,68.4,66.04,67.41,3823727.0
2008-08-07,66.95,68.47,66.0,66.97,4523061.0
2008-08-08,66.59,69.72,66.0,69.06,3606054.0
2008-08-11,68.78,70.0,67.84,69.58,6013008.0
2008-08-12,69.01,70.66,68.42,69.35,4212153.0
2008-08-13,62.43,67.37,60.99,67.1,28749298.0
2008-08-14,67.66,68.04,66.55,66.9,6951650.0
2008-08-15,68.06,68.28,65.55,66.65,4838882.0
2008-08-18,67.13,67.93,65.8,66.62,3772572.0
2008-08-19,66.34,66.6,65.24,65.5,2844670.0
2008-08-20,65.6,66.57,65.01,66.33,3067165.0
2008-08-21,65.68,67.5,65.5,66.98,3923608.0
2008-08-22,67.26,68.15,66.86,67.54,2352682.0
2008-08-25,67.27,67.4,65.75,66.04,2336854.0
2008-08-26,65.83,67.0,65.64,66.94,2618100.0
2008-08-27,66.81,68.22,66.6,67.96,2727698.0
2008-08-28,68.41,71.36,67.82,71.01,5247553.0
2008-08-29,70.57,70.99,69.97,70.57,2650130.0
2008-09-02,70.68,71.44,68.49,68.71,5628758.0
2008-09-03,68.64,68.64,65.29,66.53,5647406.0
2008-09-04,65.88,65.9,62.33,63.5,6293290.0
2008-09-05,62.93,63.49,61.92,63.23,6217218.0
2008-09-08,64.75,65.4,61.2,62.78,4955801.0
2008-09-09,62.64,63.0,59.88,59.95,5580060.0
2008-09-10,60.56,60.88,58.92,59.75,5633959.0
2008-09-11,58.8,61.67,58.0,61.58,4715455.0
2008-09-12,61.18,63.65,60.56,63.24,4549941.0
2008-09-15,61.06,63.67,61.06,61.21,4810239.0
2008-09-16,59.87,63.77,59.09,63.19,6896677.0
2008-09-17,61.93,62.95,59.87,59.92,4850110.0
2008-09-18,60.51,62.75,58.0,62.02,6360839.0
2008-09-19,65.53,65.53,62.11,63.38,5052857.0
2008-09-22,63.06,64.22,62.6,63.1,3354672.0
2008-09-23,62.5,63.99,59.98,60.77,3414398.0
2008-09-24,61.05,61.8,58.65,59.12,3343769.0
2008-09-25,59.69,59.77,57.5,57.76,6390736.0
2008-09-26,56.88,56.97,54.5,55.33,5469287.0
2008-09-29,54.15,54.24,46.18,47.76,11143119.0
2008-09-30,49.17,49.57,47.22,49.5,8079937.0
2008-10-01,49.49,49.49,46.0,46.3,6952530.0
2008-10-02,45.92,45.96,38.9,39.72,16814880.0
2008-10-03,40.32,42.86,38.56,39.24,14783915.0
2008-10-06,37.81,38.18,34.0,37.29,13619710.0
2008-10-07,38.5,39.6,35.0,36.0,12894440.0
2008-10-08,34.86,39.17,34.85,37.99,17281559.0
2008-10-09,39.25,41.32,38.16,39.0,15497743.0
2008-10-10,37.4,41.25,34.5,38.12,14387781.0
2008-10-13,40.6,42.9,40.15,42.45,8076249.0
2008-10-14,44.69,45.35,40.77,41.99,10687905.0
2008-10-15,40.25,40.78,36.82,37.1,9368287.0
2008-10-16,37.99,39.06,34.75,38.9,8950546.0
2008-10-17,38.2,41.15,37.05,39.42,8787605.0
2008-10-20,39.94,40.64,36.25,38.6,9396107.0
2008-10-21,37.16,39.48,37.0,37.39,5806910.0
2008-10-22,36.45,36.77,32.25,33.83,8941316.0
2008-10-23,34.38,34.5,30.37,32.38,10301097.0
2008-10-24,28.96,31.61,28.5,30.36,8619184.0
2008-10-27,30.0,31.93,29.11,29.89,5925544.0
2008-10-28,31.45,33.27,29.1,33.27,7026779.0
2008-10-29,33.52,39.24,33.04,35.74,11665906.0
2008-10-30,37.36,38.84,36.35,38.44,6311025.0
2008-10-31,37.32,39.7,37.04,38.56,4668645.0
2008-11-03,38.5,40.17,38.27,39.03,4175652.0
2008-11-04,40.59,42.8,40.46,42.54,5709476.0
2008-11-05,41.97,42.5,39.44,39.53,5081052.0
2008-11-06,39.03,39.21,35.2,35.81,5884598.0
2008-11-07,36.87,37.86,35.51,37.21,4955867.0
2008-11-10,39.0,39.44,36.03,36.87,4719162.0
2008-11-11,35.73,35.92,33.55,35.12,5385330.0
2008-11-12,34.37,34.43,32.31,32.73,5576086.0
2008-11-13,33.0,35.82,30.62,35.78,8758001.0
2008-11-14,34.97,36.0,33.64,33.79,6042418.0
2008-11-17,32.93,34.17,32.4,32.74,4026885.0
2008-11-18,32.59,34.26,32.5,33.72,5184655.0
2008-11-19,33.16,34.0,31.02,31.08,4881011.0
2008-11-20,30.82,31.82,28.58,28.77,8376437.0
2008-11-21,29.86,31.3,28.57,30.97,9069447.0
2008-11-24,31.88,34.05,31.2,33.18,6229903.0
2008-11-25,34.45,34.92,31.5,33.1,6478884.0
2008-11-26,30.09,36.0,28.87,35.76,15955820.0
2008-11-28,35.55,36.62,34.19,34.81,3615049.0
2008-12-01,33.8,33.98,30.14,30.4,7580231.0
2008-12-02,31.59,32.47,30.59,31.84,5574759.0
2008-12-03,30.44,34.28,30.44,33.75,6689422.0
2008-12-04,33.1,33.56,30.43,30.98,5473534.0
2008-12-05,30.2,32.05,29.1,31.99,6616099.0
2008-12-08,33.48,37.33,33.3,37.01,9655677.0
2008-12-09,36.06,39.63,35.35,37.97,9322421.0
2008-12-10,38.47,39.2,36.5,38.75,6745923.0
2008-12-11,38.39,38.78,35.85,36.15,5020023.0
2008-12-12,35.0,37.2,34.39,36.86,4600259.0
2008-12-15,37.73,37.8,35.93,36.36,3682205.0
2008-12-16,37.1,38.48,36.15,38.23,5558629.0
2008-12-17,38.0,41.53,37.8,40.38,6878637.0
2008-12-18,40.73,40.98,38.12,38.67,4221179.0
2008-12-19,39.09,40.01,38.46,39.38,4509349.0
2008-12-22,39.56,39.76,35.8,36.84,4804421.0
2008-12-23,37.35,38.43,37.05,37.28,2924238.0
2008-12-24,37.57,38.14,37.26,38.05,989606.0
2008-12-26,38.13,38.75,37.73,38.47,1347018.0
2008-12-29,38.89,38.89,37.13,37.87,1899658.0
2008-12-30,38.1,38.46,36.82,37.65,4261010.0
2008-12-31,37.69,38.94,37.28,38.32,4512826.0
2009-01-02,38.74,41.98,38.36,41.51,4427514.0
2009-01-05,41.42,44.61,40.99,42.89,6395773.0
2009-01-06,43.94,45.0,43.12,44.57,5955968.0
2009-01-07,43.95,44.0,41.89,42.65,5260969.0
2009-01-08,43.4,45.68,43.17,45.18,7465518.0
2009-01-09,45.19,46.76,44.51,45.99,7331944.0
2009-01-12,44.55,45.0,40.75,41.56,7590274.0
2009-01-13,40.3,41.32,39.57,40.78,7472072.0
2009-01-14,39.74,40.06,37.78,39.5,7274229.0
2009-01-15,39.83,40.21,37.66,39.64,7022197.0
2009-01-16,40.5,40.5,37.85,39.88,4499625.0
2009-01-20,39.42,39.85,36.75,37.29,5357738.0
2009-01-21,38.0,39.42,37.23,39.29,4529052.0
2009-01-22,37.69,38.54,36.26,37.47,5437824.0
2009-01-23,36.33,38.05,35.54,36.62,6724313.0
2009-01-26,35.24,37.05,34.6,35.32,7766771.0
2009-01-27,35.57,36.5,35.13,35.9,4243213.0
2009-01-28,37.28,38.74,36.8,37.85,4821723.0
2009-01-29,37.64,37.64,35.52,36.0,4653432.0
2009-01-30,35.6,35.99,33.85,34.74,6322496.0
2009-02-02,33.86,35.43,33.0,35.1,6260840.0
2009-02-03,35.58,36.26,34.98,36.01,4510763.0
2009-02-04,36.5,38.83,36.4,37.5,5979433.0
2009-02-05,37.11,40.25,36.52,39.64,8268920.0
2009-02-06,40.22,42.36,39.72,41.81,8183255.0
2009-02-09,41.95,42.0,39.87,40.62,4229156.0
2009-02-10,40.25,41.34,37.8,38.4,5856697.0
2009-02-11,38.83,39.39,37.17,38.28,3881528.0
2009-02-12,37.56,37.56,36.0,37.3,5562539.0
2009-02-13,37.56,38.15,35.82,36.11,6200190.0
2009-02-17,34.34,34.78,33.03,33.49,9141705.0
2009-02-18,32.54,33.75,31.7,32.23,12788091.0
2009-02-19,32.52,33.12,30.06,30.38,7883991.0
2009-02-20,29.6,30.35,28.34,28.89,9005871.0
2009-02-23,29.85,29.85,26.96,26.99,7546689.0
2009-02-24,27.3,28.72,26.61,28.45,11931070.0
2009-02-25,28.65,28.94,26.4,27.01,8486599.0
2009-02-26,27.65,28.3,27.17,27.18,7568609.0
2009-02-27,26.77,28.47,26.47,27.49,8266941.0
2009-03-02,26.75,26.8,24.59,24.83,9603864.0
2009-03-03,25.41,26.24,24.51,25.29,8217378.0
2009-03-04,26.4,27.8,26.17,26.92,9962500.0
2009-03-05,25.98,26.65,25.01,25.32,6540519.0
2009-03-06,25.99,26.7,24.62,25.51,6635973.0
2009-03-09,25.12,26.56,25.03,25.78,6633788.0
2009-03-10,26.79,27.91,26.41,27.84,10168274.0
2009-03-11,28.02,29.17,27.43,28.68,7885299.0
2009-03-12,28.63,30.0,27.72,29.9,5797755.0
2009-03-13,30.02,30.5,28.78,29.65,5375490.0
2009-03-16,29.99,31.55,29.71,30.1,5595505.0
2009-03-17,30.2,30.74,29.29,30.74,4135408.0
2009-03-18,30.43,31.61,29.19,31.06,6106537.0
2009-03-19,31.51,32.75,31.51,31.83,6062064.0
2009-03-20,31.89,32.45,30.61,30.72,6681947.0
2009-03-23,31.3,34.4,31.3,34.4,6738430.0
2009-03-24,33.89,35.73,33.28,34.97,8523598.0
2009-03-25,35.29,36.08,33.17,34.67,7760566.0
2009-03-26,35.02,36.16,34.79,35.92,5853314.0
2009-03-27,35.12,36.01,34.81,35.07,4214273.0
2009-03-30,32.98,34.03,31.79,32.4,6988440.0
2009-03-31,32.78,33.5,32.35,32.87,6935936.0
2009-04-01,32.26,34.68,31.88,34.26,9670044.0
2009-04-02,35.36,36.75,34.85,36.07,6862580.0
2009-04-03,36.71,37.52,35.73,37.3,7373785.0
2009-04-06,36.91,37.15,35.8,36.96,4271424.0
2009-04-07,36.28,36.28,34.91,34.98,5470111.0
2009-04-08,35.13,35.85,33.78,34.43,7058694.0
2009-04-09,35.54,37.6,35.5,37.47,5405616.0
2009-04-13,37.13,37.86,36.1,37.47,3826443.0
2009-04-14,37.01,38.39,36.6,37.02,3829159.0
2009-04-15,36.62,39.2,36.56,39.14,5793574.0
2009-04-16,39.01,40.6,38.36,40.21,6690969.0
2009-04-17,39.71,40.36,39.03,39.44,5631362.0
2009-04-20,38.85,38.85,36.59,36.72,5301415.0
2009-04-21,35.91,38.11,35.77,37.9,6207361.0
2009-04-22,37.54,40.49,37.3,39.19,8560810.0
2009-04-23,38.89,40.08,37.58,38.83,6200484.0
2009-04-24,39.01,41.14,38.8,40.52,5563620.0
2009-04-27,40.0,40.45,38.82,39.31,4667282.0
2009-04-28,38.8,39.35,38.01,38.45,4053485.0
2009-04-29,38.95,40.75,38.7,40.21,4993431.0
2009-04-30,40.86,42.98,40.63,41.26,6135595.0
2009-05-01,41.27,43.24,41.26,42.88,5413151.0
2009-05-04,43.44,45.5,43.39,45.08,5522234.0
2009-05-05,44.81,45.69,44.38,45.4,4207130.0
2009-05-06,46.05,47.49,45.13,47.05,7138773.0
2009-05-07,47.71,47.98,43.27,43.8,7819534.0
2009-05-08,44.12,45.77,44.12,44.91,5944754.0
2009-05-11,44.24,44.58,43.39,43.82,4349866.0
2009-05-12,44.28,44.84,42.58,43.71,5549210.0
2009-05-13,42.83,43.07,40.82,41.06,5713144.0
2009-05-14,41.07,42.17,40.5,41.78,5481343.0
2009-05-15,41.75,43.03,41.45,41.91,4327942.0
2009-05-18,42.52,44.5,42.22,44.47,5450735.0
2009-05-19,44.41,44.75,41.51,43.82,6456336.0
2009-05-20,44.52,47.5,44.0,44.33,10621642.0
2009-05-21,43.3,43.32,41.2,41.57,9268354.0
2009-05-22,41.77,43.68,41.57,41.9,7203286.0
2009-05-26,41.61,43.33,41.19,42.79,4293450.0
2009-05-27,43.15,44.35,42.68,42.79,4568045.0
2009-05-28,43.04,43.34,41.22,41.85,6312766.0
2009-05-29,42.18,43.47,42.18,43.47,4920089.0
2009-06-01,44.74,47.25,44.56,46.96,8919045.0
2009-06-02,46.89,47.52,45.91,46.39,5924779.0
2009-06-03,46.03,46.16,44.19,44.73,6844892.0
2009-06-04,45.44,46.8,45.0,46.42,4179184.0
2009-06-05,47.15,47.66,45.75,46.47,5414920.0
2009-06-08,45.71,46.39,44.61,45.8,5157249.0
2009-06-09,46.01,46.9,45.4,45.94,4211467.0
2009-06-10,46.65,46.93,44.5,45.71,4132367.0
2009-06-11,45.87,46.0,45.02,45.08,5441629.0
2009-06-12,44.68,44.78,43.7,44.77,3587279.0
2009-06-15,44.08,44.24,42.41,43.1,4774967.0
2009-06-16,43.36,44.02,41.28,41.62,5235447.0
2009-06-17,41.41,41.47,39.15,40.95,6338610.0
2009-06-18,41.31,41.34,40.0,40.48,4214783.0
2009-06-19,41.16,41.16,39.93,40.06,4649600.0
2009-06-22,39.58,39.59,38.54,38.93,6288007.0
2009-06-23,39.14,39.68,38.47,39.25,4428933.0
2009-06-24,39.83,40.89,39.69,39.99,4498244.0
2009-06-25,40.62,42.2,40.2,42.11,5741478.0
2009-06-26,41.74,42.39,41.54,41.78,7405595.0
2009-06-29,41.92,42.84,41.57,42.15,3001715.0
2009-06-30,41.13,41.66,39.43,39.95,7633645.0
2009-07-01,40.31,41.25,40.25,40.37,4189533.0
2009-07-02,39.61,39.76,38.53,38.53,4161261.0
2009-07-06,38.23,38.32,37.12,38.02,4711946.0
2009-07-07,37.9,38.11,35.95,35.98,4534898.0
2009-07-08,36.23,36.29,35.16,35.84,7314988.0
2009-07-09,36.34,36.59,35.55,35.67,5791941.0
2009-07-10,35.31,35.93,34.9,35.31,4776557.0
2009-07-13,35.37,36.62,34.96,36.59,4264797.0
2009-07-14,36.74,36.92,35.78,36.88,3566413.0
2009-07-15,37.49,38.74,37.41,38.67,4598053.0
2009-07-16,38.58,39.17,38.1,39.0,3868146.0
2009-07-17,38.81,38.97,38.13,38.38,4121587.0
2009-07-20,38.95,39.83,38.5,39.79,4789316.0
2009-07-21,41.65,42.25,40.04,40.54,7082540.0
2009-07-22,39.93,40.9,39.81,40.17,3921441.0
2009-07-23,40.12,42.39,40.0,42.1,5362222.0
2009-07-24,41.85,42.48,40.9,42.36,4294255.0
2009-07-27,42.36,42.75,41.82,42.72,2597911.0
2009-07-28,42.13,42.37,41.25,42.14,3547217.0
2009-07-29,41.64,41.64,40.73,41.18,3235030.0
2009-07-30,42.08,43.3,41.89,42.87,5203008.0
2009-07-31,42.88,44.27,42.61,43.74,5381634.0
2009-08-03,44.44,45.88,44.4,45.44,5163944.0
2009-08-04,45.19,46.4,44.72,45.64,5427306.0
2009-08-05,45.8,45.87,44.68,45.45,4411466.0
2009-08-06,45.95,46.24,44.88,45.36,3132232.0
2009-08-07,46.03,47.0,45.4,46.31,3397824.0
2009-08-10,46.16,46.25,45.12,45.52,3446353.0
2009-08-11,45.09,45.24,44.07,44.86,4000104.0
2009-08-12,44.69,46.24,44.38,45.8,4470904.0
2009-08-13,46.14,46.28,45.17,45.63,3548876.0
2009-08-14,45.42,45.75,43.97,44.53,4039134.0
2009-08-17,43.62,43.84,42.19,42.47,4361839.0
2009-08-18,42.67,45.18,42.67,45.09,7347748.0
2009-08-19,43.22,44.36,42.61,43.78,13952775.0
2009-08-20,43.82,44.49,43.72,43.99,5478658.0
2009-08-21,44.39,45.11,44.02,44.8,5245913.0
2009-08-24,45.1,46.21,44.99,45.35,4557637.0
2009-08-25,45.57,46.76,45.29,46.31,5104216.0
2009-08-26,46.04,46.06,44.9,45.13,4697120.0
2009-08-27,44.9,45.41,44.02,45.07,3469235.0
2009-08-28,45.32,45.77,44.05,44.43,4054028.0
2009-08-31,43.64,44.04,43.08,43.6,3884207.0
2009-09-01,43.24,44.35,42.36,42.49,5079293.0
2009-09-02,42.32,42.61,41.03,41.22,6717464.0
2009-09-03,40.69,41.28,40.36,41.22,6723136.0
2009-09-04,41.35,42.18,40.8,42.18,6684540.0
2009-09-08,42.99,43.05,42.11,42.78,3683148.0
2009-09-09,42.8,43.38,42.31,43.01,4423452.0
2009-09-10,42.58,43.03,41.91,43.03,5643930.0
2009-09-11,43.18,43.77,42.61,43.0,3821153.0
2009-09-14,42.48,43.31,42.1,43.26,4321198.0
2009-09-15,43.45,45.62,43.15,45.17,8082605.0
2009-09-16,44.7,45.38,44.39,45.2,6699185.0
2009-09-17,44.83,46.2,44.67,45.92,8266061.0
2009-09-18,46.29,46.31,44.88,45.07,6196491.0
2009-09-21,44.19,45.38,44.01,44.88,3753416.0
2009-09-22,44.88,47.04,44.81,46.18,6290117.0
2009-09-23,46.2,46.51,45.33,45.39,3824665.0
2009-09-24,45.56,45.79,44.02,44.43,4841403.0
2009-09-25,44.07,44.75,43.47,43.94,3947109.0
2009-09-28,43.74,44.39,42.37,42.57,7605938.0
2009-09-29,42.77,43.71,42.59,43.2,5667872.0
2009-09-30,43.54,43.7,42.08,42.92,5135768.0
2009-10-01,42.5,42.85,41.39,41.4,5323217.0
2009-10-02,40.55,41.76,40.28,41.13,6159905.0
2009-10-05,41.33,42.33,41.27,42.12,4009936.0
2009-10-06,42.85,44.07,42.41,43.11,5623117.0
2009-10-07,43.19,43.39,42.15,42.63,4292169.0
2009-10-08,43.43,43.88,42.74,43.12,4766122.0
2009-10-09,42.94,43.2,42.41,42.97,4362793.0
2009-10-12,43.44,43.75,42.19,42.61,4882399.0
2009-10-13,42.5,42.77,42.12,42.65,4502426.0
2009-10-14,43.21,43.83,42.79,43.75,6192340.0
2009-10-15,43.62,44.22,43.35,44.05,5347629.0
2009-10-16,43.8,44.17,43.03,44.04,4999470.0
2009-10-19,44.43,46.4,44.16,46.04,9232169.0
2009-10-20,47.05,47.19,45.39,46.01,6888942.0
2009-10-21,45.41,49.68,45.39,48.1,15985607.0
2009-10-22,47.63,48.67,47.27,48.38,9052567.0
2009-10-23,49.05,49.45,47.88,48.08,6008315.0
2009-10-26,48.76,49.88,47.89,48.04,7075149.0
2009-10-27,48.02,48.7,46.73,46.92,5001557.0
2009-10-28,46.6,47.11,45.31,45.42,5769014.0
2009-10-29,45.94,47.85,45.7,47.51,5129693.0
2009-10-30,47.21,47.6,45.25,45.55,6210821.0
2009-11-02,46.04,47.05,45.19,46.3,4230210.0
2009-11-03,45.65,47.6,45.47,47.21,4418298.0
2009-11-04,47.88,48.0,46.53,46.76,5008018.0
2009-11-05,47.35,48.16,47.06,48.11,5111961.0
2009-11-06,47.7,48.59,46.85,47.16,4667922.0
2009-11-09,47.9,48.86,47.77,48.48,4644256.0
2009-11-10,48.43,49.27,48.25,48.35,4317514.0
2009-11-11,48.81,49.04,47.77,48.01,4020532.0
2009-11-12,48.06,48.5,47.32,47.41,3372003.0
2009-11-13,47.74,48.16,47.26,47.58,3124735.0
2009-11-16,47.86,49.97,47.8,48.91,6374176.0
2009-11-17,49.14,49.25,48.18,49.15,4509674.0
2009-11-18,50.52,52.28,50.27,51.46,13404445.0
2009-11-19,51.26,51.83,50.12,50.89,6963069.0
2009-11-20,50.69,51.05,49.78,50.83,5696849.0
2009-11-23,53.11,53.59,51.54,51.85,7332644.0
2009-11-24,51.98,52.58,51.5,52.29,8441373.0
2009-11-25,51.68,54.15,51.27,53.7,14299090.0
2009-11-27,51.86,53.28,51.82,52.36,3340131.0
2009-11-30,53.82,53.82,52.81,53.51,7062727.0
2009-12-01,54.25,55.14,53.51,54.05,6344565.0
2009-12-02,54.09,54.3,53.43,54.0,4805173.0
2009-12-03,54.48,54.62,54.06,54.4,7813902.0
2009-12-04,55.04,55.4,53.72,54.24,10537374.0
2009-12-07,54.32,54.47,53.34,53.61,4311152.0
2009-12-08,52.95,53.16,52.06,52.27,4555031.0
2009-12-09,52.89,52.89,51.61,52.64,3643955.0
2009-12-10,53.1,53.98,52.23,52.4,3952371.0
2009-12-11,52.6,53.05,52.23,52.44,3113909.0
2009-12-14,52.95,53.36,52.7,53.26,3072944.0
2009-12-15,53.1,53.81,53.1,53.51,3196601.0
2009-12-16,53.73,54.85,53.53,54.53,5043507.0
2009-12-17,54.25,54.87,53.2,54.14,4851977.0
2009-12-18,54.79,55.19,54.31,54.83,7487021.0
2009-12-21,55.31,55.74,54.9,55.58,3714478.0
2009-12-22,55.76,56.69,55.42,56.59,3497527.0
2009-12-23,56.74,56.87,55.76,56.06,2642116.0
2009-12-24,56.36,56.7,56.14,56.33,869253.0
2009-12-28,56.6,56.73,55.67,55.93,1997460.0
2009-12-29,56.01,56.01,54.89,54.93,2702298.0
2009-12-30,54.58,55.09,54.29,54.77,2083573.0
2009-12-31,54.94,55.19,54.01,54.09,1864617.0
2010-01-04,54.37,56.2,54.34,56.06,3974699.0
2010-01-05,56.06,56.56,55.6,55.85,3007385.0
2010-01-06,55.74,56.04,55.22,55.7,2854426.0
2010-01-07,55.59,56.13,55.16,56.1,2703646.0
2010-01-08,55.56,57.75,55.3,57.63,4165430.0
2010-01-11,58.25,60.16,58.16,59.95,8120017.0
2010-01-12,58.32,58.97,56.46,57.39,8129662.0
2010-01-13,57.93,58.54,55.89,58.29,6646923.0
2010-01-14,58.46,58.87,57.78,58.35,4171295.0
2010-01-15,58.55,58.59,55.96,56.33,6654184.0
2010-01-19,56.15,57.69,56.14,57.66,3618742.0
2010-01-20,57.02,57.1,55.61,56.11,3804120.0
2010-01-21,55.98,56.47,54.66,55.45,5413875.0
2010-01-22,54.93,55.2,52.87,53.02,6206191.0
2010-01-25,53.77,58.0,53.06,53.69,4313380.0
2010-01-26,53.27,54.33,52.78,53.41,3479390.0
2010-01-27,52.69,53.41,50.62,52.39,6773372.0
2010-01-28,52.31,52.52,50.18,51.11,4456385.0
2010-01-29,51.25,52.33,49.69,49.95,5508357.0
2010-02-01,50.35,51.86,50.24,51.35,3842854.0
2010-02-02,52.0,52.86,51.61,52.45,3677930.0
2010-02-03,52.15,53.17,51.75,51.84,2497160.0
2010-02-04,51.12,51.45,49.68,49.87,4636522.0
2010-02-05,49.89,50.17,48.33,49.82,5776045.0
2010-02-08,49.52,50.59,48.84,48.96,3776029.0
2010-02-09,49.9,51.36,49.73,50.32,5843655.0
2010-02-10,50.44,50.65,49.43,50.05,3155266.0
2010-02-11,49.91,52.51,49.85,52.32,5045166.0
2010-02-12,51.49,53.16,51.11,53.11,5683406.0
2010-02-16,53.67,54.55,53.54,53.78,6326471.0
2010-02-17,57.86,58.05,56.05,56.48,17379208.0
2010-02-18,56.83,57.52,56.45,57.26,6092031.0
2010-02-19,56.99,57.73,56.6,57.28,4262025.0
2010-02-22,57.52,57.75,56.49,56.7,4127509.0
2010-02-23,56.57,57.44,55.45,56.09,4890175.0
2010-02-24,56.16,56.99,55.74,56.18,3982722.0
2010-02-25,54.93,57.12,54.6,56.96,5749119.0
2010-02-26,57.37,57.49,56.24,57.3,4068521.0
2010-03-01,57.56,58.46,57.45,58.29,3529626.0
2010-03-02,58.67,58.99,57.66,58.21,3547789.0
2010-03-03,58.5,59.7,58.33,58.66,3922391.0
2010-03-04,58.99,59.33,58.07,58.5,3374900.0
2010-03-05,59.17,59.85,59.01,59.54,3085953.0
2010-03-08,59.48,59.78,58.78,59.2,2429638.0
2010-03-09,58.79,59.73,58.76,59.28,3370317.0
2010-03-10,59.17,59.35,58.11,58.49,4794496.0
2010-03-11,58.08,58.29,56.71,57.73,7504589.0
2010-03-12,58.32,58.94,57.96,58.64,4651206.0
2010-03-15,58.6,58.6,57.6,58.13,3531259.0
2010-03-16,58.54,59.0,57.75,58.92,3566820.0
2010-03-17,59.31,59.96,58.95,59.59,3866874.0
2010-03-18,59.53,59.91,58.96,59.25,3414974.0
2010-03-19,59.6,59.64,58.64,58.99,5243924.0
2010-03-22,58.43,60.04,58.28,60.02,5205998.0
2010-03-23,60.34,62.08,60.1,61.96,8973618.0
2010-03-24,61.48,61.65,60.31,60.49,6149905.0
2010-03-25,61.23,61.83,60.07,60.2,5453728.0
2010-03-26,60.51,61.2,60.11,60.56,4195710.0
2010-03-29,60.75,61.42,60.73,61.35,3364357.0
2010-03-30,61.63,62.0,60.99,61.11,3932394.0
2010-03-31,60.76,61.14,59.2,59.46,5568448.0
2010-04-01,60.01,60.7,59.1,59.74,5010382.0
2010-04-05,60.3,60.8,60.1,60.64,3514946.0
2010-04-06,60.37,60.85,60.27,60.68,2270551.0
2010-04-07,60.66,60.96,59.94,60.4,3690554.0
2010-04-08,60.21,60.78,59.71,60.62,2713920.0
2010-04-09,60.83,61.68,60.74,61.68,2807545.0
2010-04-12,61.81,62.39,61.58,62.04,3805115.0
2010-04-13,61.7,62.2,61.09,61.54,2381150.0
2010-04-14,61.84,62.03,60.64,61.77,3584982.0
2010-04-15,61.46,62.73,61.26,61.76,2546672.0
2010-04-16,61.85,61.94,59.89,60.51,4347199.0
2010-04-19,60.18,61.0,59.24,60.47,3536561.0
2010-04-20,61.04,61.5,60.03,60.2,3187223.0
2010-04-21,60.49,61.0,59.89,60.5,3533539.0
2010-04-22,59.89,61.09,59.09,60.96,2832852.0
2010-04-23,60.89,61.83,60.67,61.79,3838680.0
2010-04-26,62.6,63.68,62.02,62.21,4531298.0
2010-04-27,61.88,62.09,59.01,59.32,4932875.0
2010-04-28,59.92,60.27,59.27,59.58,2948794.0
2010-04-29,60.13,60.8,59.75,60.61,2662452.0
2010-04-30,61.39,61.65,59.77,59.82,3984628.0
2010-05-03,60.67,61.6,59.82,61.32,4745491.0
2010-05-04,60.28,60.61,57.87,58.42,6056442.0
2010-05-05,57.31,58.77,55.82,57.51,6720478.0
2010-05-06,56.99,58.14,56.39,56.39,9058221.0
2010-05-07,56.28,57.38,54.63,56.38,7929862.0
2010-05-10,58.99,59.67,57.32,59.43,4719864.0
2010-05-11,58.7,60.41,58.5,59.46,3394551.0
2010-05-12,60.11,61.31,59.84,61.14,4042905.0
2010-05-13,60.92,61.17,59.8,59.88,3299458.0
2010-05-14,59.43,59.49,57.3,58.36,4524321.0
2010-05-17,58.64,58.87,56.77,57.95,4221700.0
2010-05-18,58.49,59.6,57.0,57.16,4434821.0
2010-05-19,59.3,59.52,56.0,58.87,11277149.0
2010-05-20,57.09,58.56,56.35,56.67,8011566.0
2010-05-21,55.48,59.05,55.23,58.73,7005985.0
2010-05-24,58.15,58.87,56.19,56.33,5305055.0
2010-05-25,54.45,55.9,53.2,55.89,8849648.0
2010-05-26,56.39,57.61,55.92,56.14,5225728.0
2010-05-27,57.37,59.49,57.24,59.44,5068283.0
2010-05-28,59.52,59.57,57.03,57.68,5162070.0
2010-06-01,56.91,58.68,56.58,57.13,4939766.0
2010-06-02,58.0,60.1,57.0,60.07,7109269.0
2010-06-03,60.5,60.86,59.21,59.67,5281485.0
2010-06-04,58.45,59.33,56.5,56.88,5196138.0
2010-06-07,57.11,57.15,54.71,54.78,5371677.0
2010-06-08,54.99,55.72,53.95,55.06,6148851.0
2010-06-09,55.56,57.45,54.94,55.27,4816334.0
2010-06-10,56.93,58.0,56.55,57.87,4379922.0
2010-06-11,57.28,58.97,56.95,58.86,3543933.0
2010-06-14,59.5,59.69,57.27,57.64,6107552.0
2010-06-15,58.43,59.51,57.4,59.5,6236728.0
2010-06-16,58.89,59.68,58.62,59.34,3372391.0
2010-06-17,59.56,59.96,58.26,59.42,4043714.0
2010-06-18,59.54,59.85,58.75,59.26,5730364.0
2010-06-21,60.16,61.43,59.85,60.45,5562157.0
2010-06-22,60.27,60.75,58.92,59.1,3965423.0
2010-06-23,59.01,59.85,58.21,59.21,3200613.0
2010-06-24,58.84,59.42,58.06,58.19,3722586.0
2010-06-25,58.49,59.86,58.12,59.74,8440178.0
2010-06-28,59.36,59.51,58.36,58.51,2993232.0
2010-06-29,57.45,57.55,54.9,55.43,5542276.0
2010-06-30,56.15,57.53,55.46,55.68,6621220.0
2010-07-01,55.87,56.18,53.69,55.21,6218191.0
2010-07-02,55.19,55.9,53.92,54.5,3892236.0
2010-07-06,55.63,56.06,54.13,54.63,3787251.0
2010-07-07,54.68,56.6,54.39,56.6,3410517.0
2010-07-08,56.99,57.28,56.14,57.26,3333383.0
2010-07-09,57.17,58.54,56.87,58.01,3693202.0
2010-07-12,57.62,57.98,56.79,57.48,3251999.0
2010-07-13,58.37,59.55,58.09,59.37,4090330.0
2010-07-14,59.0,59.8,58.49,59.72,3625275.0
2010-07-15,59.72,61.32,59.02,61.08,6389621.0
2010-07-16,60.66,61.09,59.52,59.73,5053956.0
2010-07-19,60.26,60.67,59.26,60.11,3004942.0
2010-07-20,59.03,60.96,58.94,60.69,4363675.0
2010-07-21,61.39,63.0,61.2,61.76,5807093.0
2010-07-22,62.54,63.47,62.27,62.81,4501995.0
2010-07-23,62.7,64.83,62.59,64.5,5309893.0
2010-07-26,64.42,64.99,63.9,64.98,4617611.0
2010-07-27,65.0,65.19,63.82,64.28,4014454.0
2010-07-28,64.05,64.63,63.95,64.18,1930472.0
2010-07-29,64.6,65.18,63.29,64.51,3725576.0
2010-07-30,64.01,67.09,63.9,66.68,6416786.0
2010-08-02,67.83,67.94,66.93,67.17,4826329.0
2010-08-03,66.82,67.24,65.96,66.82,3461723.0
2010-08-04,66.95,67.84,66.54,67.56,3196461.0
2010-08-05,67.32,69.1,67.29,67.98,4439793.0
2010-08-06,67.5,68.3,66.75,68.04,4922388.0
2010-08-09,69.15,69.47,68.24,69.29,3990203.0
2010-08-10,68.19,68.78,67.39,67.92,4241751.0
2010-08-11,66.3,66.73,64.96,65.34,5414811.0
2010-08-12,64.27,65.91,64.11,65.53,3881228.0
2010-08-13,65.08,65.34,64.3,64.85,2642084.0
2010-08-16,64.61,66.33,64.16,65.59,3428557.0
2010-08-17,66.49,67.75,66.27,67.23,5740662.0
2010-08-18,67.06,67.5,65.46,65.98,9534044.0
2010-08-19,66.41,66.9,64.78,65.71,5010737.0
2010-08-20,65.35,65.53,64.78,65.13,4123734.0
2010-08-23,65.38,65.65,62.45,63.02,5790204.0
2010-08-24,62.15,63.27,61.5,62.34,5832133.0
2010-08-25,61.57,63.13,60.45,62.86,5773214.0
2010-08-26,62.9,64.19,62.65,62.75,4809484.0
2010-08-27,63.29,64.85,61.9,64.63,4832072.0
2010-08-30,64.53,64.6,62.98,62.98,4071153.0
2010-08-31,62.36,64.25,62.11,63.27,3569327.0
2010-09-01,64.99,66.68,64.47,66.53,5451613.0
2010-09-02,66.5,67.89,66.35,67.75,3747998.0
2010-09-03,68.15,69.22,68.0,68.63,4086583.0
2010-09-07,68.39,68.44,67.31,67.67,3923993.0
2010-09-08,67.9,68.68,67.81,68.09,3218960.0
2010-09-09,68.88,69.0,67.2,67.34,3211286.0
2010-09-10,67.38,68.42,67.12,67.81,2868373.0
2010-09-13,68.91,69.98,68.61,69.78,4382467.0
2010-09-14,69.5,70.78,69.26,70.03,4381923.0
2010-09-15,69.92,70.56,69.35,70.06,3740138.0
2010-09-16,70.03,70.6,69.57,69.64,2628689.0
2010-09-17,70.15,72.47,69.72,72.45,6506652.0
2010-09-20,72.47,73.7,72.25,73.61,4693951.0
2010-09-21,73.2,73.62,72.26,73.04,5822478.0
2010-09-22,73.0,73.2,71.85,72.08,4396022.0
2010-09-23,71.31,72.57,70.51,71.19,3912077.0
2010-09-24,72.1,72.99,71.89,72.64,3831579.0
2010-09-27,72.94,72.94,71.9,72.1,2731391.0
2010-09-28,71.86,71.99,70.43,71.59,4667348.0
2010-09-29,71.24,72.29,70.85,71.73,3121386.0
2010-09-30,72.06,72.29,69.42,69.78,6941314.0
2010-10-01,69.2,69.65,68.42,68.57,8342683.0
2010-10-04,68.3,68.85,67.67,68.62,4386115.0
2010-10-05,69.46,71.89,69.42,71.3,4774274.0
2010-10-06,71.18,72.53,71.1,71.96,3651592.0
2010-10-07,72.5,72.5,70.85,71.9,2694501.0
2010-10-08,74.15,76.83,74.11,75.35,10647391.0
2010-10-11,76.11,76.17,74.47,75.31,3279370.0
2010-10-12,75.33,75.55,73.88,74.66,4248612.0
2010-10-13,75.44,76.0,75.24,75.28,4167940.0
2010-10-14,75.11,75.72,74.2,75.09,3281820.0
2010-10-15,76.19,76.31,75.27,76.16,5322144.0
2010-10-18,76.25,76.63,75.66,76.05,3132232.0
2010-10-19,74.33,75.8,73.63,74.92,5163764.0
2010-10-20,75.05,77.15,74.75,76.44,4081009.0
2010-10-21,77.0,77.72,75.92,77.05,4380999.0
2010-10-22,77.05,77.29,76.5,77.25,3321090.0
2010-10-25,77.89,78.89,77.14,77.24,3742651.0
2010-10-26,76.69,77.44,76.25,76.42,2752321.0
2010-10-27,75.55,75.91,74.22,75.84,4183272.0
2010-10-28,76.51,76.86,74.59,75.5,3018218.0
2010-10-29,75.17,77.09,75.02,76.8,2567283.0
2010-11-01,77.5,77.94,75.72,76.34,2707145.0
2010-11-02,77.39,78.34,76.86,77.34,2984987.0
2010-11-03,77.39,77.58,76.2,77.52,2485842.0
2010-11-04,78.4,79.26,77.69,79.18,3339456.0
2010-11-05,79.5,79.53,78.62,79.1,2282455.0
2010-11-08,78.92,79.02,77.9,78.67,2343547.0
2010-11-09,79.23,79.66,77.47,77.87,3618937.0
2010-11-10,78.15,79.14,77.6,78.92,3057654.0
2010-11-11,78.25,78.92,78.05,78.79,4440319.0
2010-11-12,78.14,78.84,76.06,76.86,5649996.0
2010-11-15,77.0,77.75,76.43,76.48,3084522.0
2010-11-16,75.95,76.01,74.13,75.7,4366796.0
2010-11-17,75.65,76.23,75.08,76.0,2155607.0
2010-11-18,77.44,78.19,76.89,77.28,3596938.0
2010-11-19,77.9,78.15,76.81,77.98,4069607.0
2010-11-22,77.04,77.74,76.2,77.25,4049496.0
2010-11-23,76.12,76.76,75.52,76.34,4199369.0
2010-11-24,76.37,77.36,75.67,76.23,8470308.0
2010-11-26,75.74,76.3,75.26,76.0,1753339.0
2010-11-29,76.13,76.45,75.18,75.18,5992258.0
2010-11-30,74.69,75.14,74.06,74.7,5376667.0
2010-12-01,75.98,76.22,75.23,76.14,4971583.0
2010-12-02,76.21,78.58,76.16,78.3,5231696.0
2010-12-03,77.77,78.55,77.52,78.31,2752478.0
2010-12-06,78.46,79.14,77.71,79.04,3196464.0
2010-12-07,79.93,82.5,79.82,81.42,8161342.0
2010-12-08,81.62,81.73,79.47,80.61,5332198.0
2010-12-09,81.35,81.44,79.95,80.55,3565073.0
2010-12-10,80.85,82.48,80.44,82.14,4063082.0
2010-12-13,82.86,82.99,81.89,81.91,3915614.0
2010-12-14,82.19,82.99,81.65,82.54,3522278.0
2010-12-15,82.39,83.39,81.36,81.56,3957495.0
2010-12-16,81.97,82.46,81.1,82.28,2944618.0
2010-12-17,82.27,82.33,81.5,81.55,3370499.0
2010-12-20,81.65,82.67,81.61,82.57,2188515.0
2010-12-21,82.87,84.85,82.62,84.46,3698658.0
2010-12-22,84.6,84.67,83.54,83.95,2230830.0
2010-12-23,83.85,83.98,83.31,83.58,1685268.0
2010-12-27,83.3,83.76,82.93,83.57,1489176.0
2010-12-28,83.77,83.98,83.0,83.54,1643584.0
2010-12-29,83.5,83.81,83.31,83.31,1511528.0
2010-12-30,83.38,83.85,83.05,83.3,1269437.0
2010-12-31,83.18,83.29,82.75,83.05,1187839.0
2011-01-03,83.97,84.75,83.46,83.59,3006992.0
2011-01-04,84.0,84.08,81.8,83.02,3117469.0
2011-01-05,82.32,84.64,82.28,84.24,3020762.0
2011-01-06,84.49,84.68,83.46,84.25,3528211.0
2011-01-07,84.45,85.3,83.3,84.34,4061529.0
2011-01-10,84.32,85.3,83.65,84.58,2958568.0
2011-01-11,85.4,86.65,85.19,85.66,3357624.0
2011-01-12,86.82,87.74,86.54,87.45,3283946.0
2011-01-13,89.18,89.97,88.75,89.47,6106721.0
2011-01-14,89.47,89.87,88.83,89.52,4104597.0
2011-01-18,89.82,91.63,89.69,90.6,4488671.0
2011-01-19,90.5,91.28,88.78,89.4,4854038.0
2011-01-20,88.99,90.0,86.89,89.26,4193302.0
2011-01-21,90.34,90.64,88.64,89.24,3258261.0
2011-01-24,89.42,90.42,88.91,90.12,2422919.0
2011-01-25,89.9,90.24,88.24,89.39,3156550.0
2011-01-26,89.78,91.39,89.55,90.99,3255955.0
2011-01-27,91.25,91.42,90.01,90.98,3635406.0
2011-01-28,91.35,91.89,88.68,88.91,3367703.0
2011-01-31,88.73,91.35,88.38,90.9,4373386.0
2011-02-01,91.83,93.5,91.42,92.96,5620174.0
2011-02-02,93.0,94.24,92.87,94.09,4332594.0
2011-02-03,94.05,94.1,92.37,93.48,3496079.0
2011-02-04,93.38,93.92,92.62,93.21,3202221.0
2011-02-07,93.48,94.61,93.24,94.14,2768794.0
2011-02-08,94.11,94.29,93.01,93.49,2675234.0
2011-02-09,94.14,94.74,93.2,93.95,3220507.0
2011-02-10,93.45,94.69,93.39,94.52,2498848.0
2011-02-11,94.19,95.5,94.01,95.42,2561278.0
2011-02-14,95.74,95.9,94.67,94.76,3907493.0
2011-02-15,94.7,94.75,93.09,93.62,4643702.0
2011-02-16,97.0,97.36,94.02,95.86,12389430.0
2011-02-17,96.16,96.22,94.65,95.26,4665055.0
2011-02-18,94.88,95.08,93.84,95.0,5229163.0
2011-02-22,93.5,94.89,90.94,91.0,5473552.0
2011-02-23,91.2,91.44,86.23,88.26,10408140.0
2011-02-24,88.3,91.17,87.65,88.91,6686470.0
2011-02-25,91.97,92.0,90.41,90.49,6145035.0
2011-02-28,91.49,91.74,89.93,90.15,5112786.0
2011-03-01,90.75,91.0,88.33,89.06,5467889.0
2011-03-02,88.83,90.67,88.7,89.55,4184977.0
2011-03-03,90.67,93.16,90.43,92.63,4847670.0
2011-03-04,92.63,93.06,91.11,92.35,3611636.0
2011-03-07,92.81,93.15,89.94,90.37,4207863.0
2011-03-08,90.58,92.1,88.9,91.51,4184256.0
2011-03-09,90.64,90.64,89.0,89.82,4703333.0
2011-03-10,88.13,89.0,86.1,87.55,5690586.0
2011-03-11,86.0,88.0,84.59,87.79,6211240.0
2011-03-14,87.85,88.13,86.44,87.63,3926672.0
2011-03-15,84.85,88.03,84.27,87.68,4662565.0
2011-03-16,87.81,88.91,85.99,86.91,5505028.0
2011-03-17,88.81,90.26,88.0,89.38,5871298.0
2011-03-18,90.9,91.48,89.67,90.1,5317306.0
2011-03-21,91.6,92.46,91.36,91.61,4475022.0
2011-03-22,91.6,91.77,90.16,91.05,3615361.0
2011-03-23,90.75,91.57,90.12,91.43,3153891.0
2011-03-24,92.07,93.39,91.25,93.23,3765228.0
2011-03-25,93.4,94.94,92.7,94.24,3957644.0
2011-03-28,94.66,94.98,93.27,93.3,3363288.0
2011-03-29,93.06,94.02,91.75,93.95,4336627.0
2011-03-30,94.8,94.92,93.88,94.45,3355634.0
2011-03-31,94.95,96.98,94.65,96.89,6144607.0
2011-04-01,97.62,99.8,97.54,98.6,6496318.0
2011-04-04,99.04,99.54,98.52,99.24,2975609.0
2011-04-05,98.99,99.06,97.98,98.21,3152819.0
2011-04-06,98.64,98.66,96.51,97.01,3613574.0
2011-04-07,96.7,98.12,96.05,96.47,3674971.0
2011-04-08,97.04,97.67,95.13,95.93,3022100.0
2011-04-11,95.9,96.18,94.71,94.99,3616680.0
2011-04-12,94.18,94.29,92.86,93.45,4040157.0
2011-04-13,94.55,94.71,92.69,93.58,2817510.0
2011-04-14,92.95,94.37,92.61,94.25,2815454.0
2011-04-15,94.42,94.49,93.19,93.76,3986941.0
2011-04-18,92.25,92.53,90.65,91.53,4720476.0
2011-04-19,92.36,92.58,91.03,92.38,3776354.0
2011-04-20,94.13,94.64,93.39,93.89,3692583.0
2011-04-21,94.36,95.37,94.02,95.25,3028747.0
2011-04-25,95.17,95.5,94.2,94.72,1970532.0
2011-04-26,96.54,97.78,96.03,97.0,4764780.0
2011-04-27,97.08,97.26,94.65,96.76,3510847.0
2011-04-28,96.41,96.84,95.46,95.91,2668998.0
2011-04-29,96.8,97.55,95.87,97.5,3857216.0
2011-05-02,98.22,98.3,96.87,97.39,4283160.0
2011-05-03,97.28,97.28,94.79,94.98,4147114.0
2011-05-04,95.06,95.5,91.72,93.03,4681034.0
2011-05-05,91.94,93.08,91.0,91.54,4619626.0
2011-05-06,93.52,94.17,91.51,91.53,5196194.0
2011-05-09,91.59,93.54,91.54,92.8,3256343.0
2011-05-10,93.71,94.61,93.32,94.49,3601240.0
2011-05-11,93.78,93.94,90.81,91.29,6540741.0
2011-05-12,90.81,91.18,89.1,90.36,4658223.0
2011-05-13,90.28,90.59,87.57,87.72,6758714.0
2011-05-16,87.33,89.45,86.63,88.13,4937381.0
2011-05-17,87.3,88.1,86.16,86.96,6088615.0
2011-05-18,86.0,86.67,84.65,86.5,12672004.0
2011-05-19,86.86,87.73,85.88,86.04,7206616.0
2011-05-20,85.75,85.95,84.27,84.75,5999796.0
2011-05-23,83.02,83.47,82.25,83.06,6546800.0
2011-05-24,83.8,84.76,83.42,83.45,5391782.0
2011-05-25,83.49,85.14,82.51,84.71,4635661.0
2011-05-26,84.61,85.3,84.0,84.94,3938543.0
2011-05-27,85.38,86.3,85.26,85.74,3538509.0
2011-05-31,87.06,87.15,85.05,86.08,4737299.0
2011-06-01,85.5,85.89,82.73,82.76,5797325.0
2011-06-02,83.45,84.68,83.17,84.23,6042703.0
2011-06-03,82.31,83.65,81.52,82.2,5354746.0
2011-06-06,82.12,82.73,81.34,81.7,3897858.0
2011-06-07,82.25,82.29,81.1,81.21,3684640.0
2011-06-08,80.98,81.2,79.61,79.96,6613237.0
2011-06-09,81.23,82.79,80.87,82.0,6937509.0
2011-06-10,81.78,82.51,80.75,81.8,6787134.0
2011-06-13,81.67,82.14,79.77,80.2,4821502.0
2011-06-14,81.55,82.66,80.9,82.0,4484874.0
2011-06-15,81.36,82.18,80.09,80.21,4538246.0
2011-06-16,80.1,80.84,78.23,79.27,5510531.0
2011-06-17,80.48,80.53,78.3,78.53,5972507.0
2011-06-20,78.28,80.09,77.81,80.06,4329004.0
2011-06-21,80.69,82.44,80.3,82.13,4299825.0
2011-06-22,82.19,83.0,81.5,81.57,4885633.0
2011-06-23,79.85,81.84,78.8,81.73,5785469.0
2011-06-24,81.66,81.7,79.78,79.98,4672971.0
2011-06-27,80.15,81.06,79.96,80.69,3177440.0
2011-06-28,80.84,82.0,80.5,81.95,3153729.0
2011-06-29,82.59,82.99,81.78,82.43,6328726.0
2011-06-30,81.69,82.95,80.31,82.45,7497610.0
2011-07-01,82.2,84.73,81.71,84.54,5948362.0
2011-07-05,84.76,85.97,84.5,84.84,4822585.0
2011-07-06,84.77,85.14,83.75,84.59,4070698.0
2011-07-07,85.45,87.12,85.31,86.44,6306205.0
2011-07-08,84.63,86.31,84.3,86.11,5412892.0
2011-07-11,84.96,85.2,83.02,83.49,4866430.0
2011-07-12,82.89,83.15,81.5,81.65,7590085.0
2011-07-13,82.53,83.65,81.76,81.89,4839225.0
2011-07-14,82.1,82.91,80.77,81.43,4977757.0
2011-07-15,81.81,82.11,80.51,81.69,4543198.0
2011-07-18,81.22,81.49,79.2,79.8,6237044.0
2011-07-19,80.75,81.46,79.93,80.88,4758233.0
2011-07-20,81.63,81.63,80.38,80.48,3513032.0
2011-07-21,81.18,82.66,80.6,82.3,5250030.0
2011-07-22,81.13,81.48,80.25,81.24,4627749.0
2011-07-25,80.29,82.54,80.14,81.89,4020962.0
2011-07-26,82.49,82.49,80.82,80.9,3769828.0
2011-07-27,80.3,80.38,78.31,79.42,7382456.0
2011-07-28,79.45,80.63,79.12,79.39,6090351.0
2011-07-29,78.14,79.59,77.79,78.51,5202502.0
2011-08-01,81.11,81.14,77.55,78.72,5112213.0
2011-08-02,78.36,79.9,76.82,76.82,6446731.0
2011-08-03,77.34,77.69,74.54,77.07,6289657.0
2011-08-04,75.91,75.91,72.37,72.41,8002707.0
2011-08-05,73.49,74.3,70.5,72.66,9047573.0
2011-08-08,69.28,70.74,66.81,67.05,8854562.0
2011-08-09,69.14,70.98,66.06,70.93,8679157.0
2011-08-10,69.5,70.53,67.58,67.99,7041535.0
2011-08-11,68.78,74.57,68.71,73.48,10601729.0
2011-08-12,75.69,75.92,73.88,74.97,5923179.0
2011-08-15,75.78,76.6,75.37,76.5,4694201.0
2011-08-16,75.67,75.89,74.23,75.16,4654031.0
2011-08-17,73.45,75.49,73.0,74.26,11445833.0
2011-08-18,71.31,71.32,68.89,70.15,8717602.0
2011-08-19,69.18,72.3,68.97,69.01,7352108.0
2011-08-22,70.74,70.97,69.6,70.0,7313399.0
2011-08-23,70.48,72.7,70.01,72.66,5259906.0
2011-08-24,72.54,75.19,72.05,75.1,5588677.0
2011-08-25,75.51,76.0,72.77,73.06,5316089.0
2011-08-26,72.35,76.33,71.44,76.03,5451926.0
2011-08-29,77.62,79.06,77.14,78.91,4785844.0
2011-08-30,78.38,80.73,77.8,80.11,6184211.0
2011-08-31,81.0,82.56,79.73,80.82,6896277.0
2011-09-01,80.73,82.22,79.64,79.89,4949799.0
2011-09-02,77.52,79.16,77.12,78.03,4078666.0
2011-09-06,74.98,77.41,74.21,77.14,4997924.0
2011-09-07,78.97,79.48,78.1,79.35,4135951.0
2011-09-08,78.42,79.01,76.78,77.26,5215892.0
2011-09-09,76.22,76.69,74.38,75.26,6061779.0
2011-09-12,74.12,75.82,72.68,75.04,5697208.0
2011-09-13,75.25,77.1,74.81,76.56,4680922.0
2011-09-14,77.14,78.38,74.56,77.29,5228973.0
2011-09-15,78.45,78.98,77.41,78.64,4724870.0
2011-09-16,79.14,79.22,77.44,78.02,4968820.0
2011-09-19,76.57,77.73,75.15,77.19,4143816.0
2011-09-20,77.66,78.29,75.98,75.98,3640948.0
2011-09-21,75.92,76.42,72.82,72.82,4566412.0
2011-09-22,69.71,70.24,67.1,68.59,8937432.0
2011-09-23,68.27,69.12,66.88,67.47,7114467.0
2011-09-26,68.36,68.6,66.0,68.44,6157505.0
2011-09-27,70.38,71.46,69.02,69.48,5060617.0
2011-09-28,69.48,70.32,67.3,67.42,4949549.0
2011-09-29,68.86,69.07,66.13,68.04,4434129.0
2011-09-30,66.84,66.94,64.56,64.57,6288770.0
2011-10-03,63.9,64.73,61.63,61.72,7637394.0
2011-10-04,60.73,63.62,59.92,63.48,8627744.0
2011-10-05,63.74,66.46,63.1,66.16,5073151.0
2011-10-06,65.78,67.22,64.58,66.57,5691807.0
2011-10-07,67.08,67.22,65.0,65.7,5400369.0
2011-10-10,67.76,69.58,67.52,69.38,4711674.0
2011-10-11,69.64,72.37,68.84,71.68,7754405.0
2011-10-12,72.05,72.93,69.71,71.05,6456705.0
2011-10-13,70.79,71.47,68.41,69.8,8142788.0
2011-10-14,70.89,71.56,69.6,71.39,4189701.0
2011-10-17,71.09,71.39,69.18,69.57,3774893.0
2011-10-18,69.48,70.59,68.51,70.13,6713913.0
2011-10-19,70.22,71.03,68.7,69.11,4385533.0
2011-10-20,69.38,69.64,67.78,69.25,4571900.0
2011-10-21,70.48,72.23,69.9,72.23,5678710.0
2011-10-24,73.74,75.01,73.36,74.55,5347651.0
2011-10-25,73.76,74.59,71.67,73.12,4444332.0
2011-10-26,74.0,74.28,72.25,73.93,3941937.0
2011-10-27,76.85,78.75,76.85,77.74,6255271.0
2011-10-28,77.17,78.99,77.17,78.67,4644817.0
2011-10-31,77.08,77.69,75.87,75.9,3905685.0
2011-11-01,72.62,75.3,71.76,73.7,6489271.0
2011-11-02,75.05,75.61,73.13,74.07,5008550.0
2011-11-03,75.14,76.04,74.06,75.73,4442622.0
2011-11-04,75.31,75.87,73.4,75.39,3087184.0
2011-11-07,75.04,76.01,74.04,75.15,3369411.0
2011-11-08,75.42,76.0,74.5,75.63,5699512.0
2011-11-09,73.75,74.83,72.39,72.78,5152075.0
2011-11-10,73.73,74.2,72.4,73.58,3584263.0
2011-11-11,74.12,76.64,74.06,75.79,3620923.0
2011-11-14,75.9,76.57,74.14,74.7,3463211.0
2011-11-15,74.68,76.63,74.48,76.33,3367543.0
2011-11-16,75.53,78.52,75.46,76.43,4978691.0
2011-11-17,76.76,77.09,74.3,75.02,4210495.0
2011-11-18,75.56,75.66,74.0,74.27,3091101.0
2011-11-21,72.84,73.15,71.52,72.68,3830704.0
2011-11-22,72.07,72.4,70.52,71.92,5893909.0
2011-11-23,75.57,75.98,73.59,74.72,12086046.0
2011-11-25,74.64,75.5,73.62,73.64,2278181.0
2011-11-28,76.13,76.56,75.59,76.5,5387458.0
2011-11-29,76.57,77.15,75.74,75.84,4496840.0
2011-11-30,78.26,79.3,78.21,79.25,6284800.0
2011-12-01,78.65,79.42,77.92,78.73,3341407.0
2011-12-02,79.49,79.7,76.84,77.69,5226848.0
2011-12-05,78.97,78.97,77.5,78.14,3554040.0
2011-12-06,78.15,79.03,77.25,78.38,3512881.0
2011-12-07,77.61,79.25,77.03,78.91,4639367.0
2011-12-08,78.55,79.47,76.72,76.88,4024206.0
2011-12-09,76.75,78.6,76.75,78.34,2838352.0
2011-12-12,77.47,77.58,76.0,76.97,3204459.0
2011-12-13,77.38,77.81,74.56,75.22,5102024.0
2011-12-14,74.39,75.31,73.23,73.81,4543013.0
2011-12-15,74.95,75.11,73.4,73.72,3765799.0
2011-12-16,74.3,75.5,73.31,73.65,4979900.0
2011-12-19,74.18,74.73,73.28,73.56,3250922.0
2011-12-20,74.64,76.75,74.49,76.64,3359919.0
2011-12-21,76.75,77.38,75.57,76.92,3802844.0
2011-12-22,76.98,78.09,76.98,77.76,3037650.0
2011-12-23,78.46,78.69,77.87,78.69,2301674.0
2011-12-27,78.41,78.83,78.21,78.44,1712411.0
2011-12-28,78.12,78.35,76.79,76.92,2417474.0
2011-12-29,76.95,77.84,76.79,77.59,2102669.0
2011-12-30,77.39,78.22,77.35,77.35,1482164.0
2012-01-03,79.12,79.99,78.84,79.31,3317246.0
2012-01-04,79.13,81.1,79.13,80.47,4382139.0
2012-01-05,80.45,81.75,80.12,81.64,3498482.0
2012-01-06,82.0,82.57,81.14,82.3,3839588.0
2012-01-09,82.62,82.97,82.22,82.73,3501393.0
2012-01-10,83.78,84.0,82.64,83.75,4851094.0
2012-01-11,83.41,84.66,83.11,84.5,3600304.0
2012-01-12,83.47,84.85,82.66,84.44,4716256.0
2012-01-13,83.88,84.82,83.17,84.66,3036957.0
2012-01-17,85.11,85.64,84.74,84.91,3730165.0
2012-01-18,84.89,86.22,84.32,86.22,3322680.0
2012-01-19,86.3,87.13,85.67,86.94,3736866.0
2012-01-20,86.54,87.09,86.4,87.04,2634678.0
2012-01-23,87.19,87.9,86.68,86.9,4021481.0
2012-01-24,85.52,86.61,84.48,86.42,5341632.0
2012-01-25,86.37,87.98,85.48,87.76,5457161.0
2012-01-26,88.21,88.89,87.38,87.66,5099047.0
2012-01-27,87.41,88.33,87.09,87.99,3370556.0
2012-01-30,86.83,87.6,86.34,87.41,3102319.0
2012-01-31,87.9,88.19,85.37,86.15,4364577.0
2012-02-01,87.27,87.6,86.5,86.92,2868303.0
2012-02-02,87.1,87.93,86.76,87.42,2639160.0
2012-02-03,88.3,88.98,87.92,88.4,4070941.0
2012-02-06,87.71,88.2,87.12,87.82,2810697.0
2012-02-07,87.53,88.12,86.79,87.94,2110812.0
2012-02-08,88.26,88.75,87.86,88.5,3066778.0
2012-02-09,88.7,88.95,87.66,87.93,3479015.0
2012-02-10,87.23,87.58,86.37,87.55,2779526.0
2012-02-13,88.85,88.97,88.0,88.68,3735753.0
2012-02-14,88.59,89.7,87.9,89.05,4428235.0
2012-02-15,87.19,87.64,84.04,84.28,11670584.0
2012-02-16,84.26,84.26,82.52,83.11,9177301.0
2012-02-17,83.67,84.12,83.23,83.87,4364526.0
2012-02-21,84.22,84.75,83.78,84.19,3709371.0
2012-02-22,84.38,85.03,84.06,84.37,2516253.0
2012-02-23,84.06,84.42,83.45,84.1,2772170.0
2012-02-24,84.13,84.4,83.08,83.27,2964916.0
2012-02-27,82.94,83.84,82.19,83.39,2513827.0
2012-02-28,83.45,84.1,83.18,83.33,2515213.0
2012-02-29,83.72,83.99,82.43,82.93,3179917.0
2012-03-01,83.0,83.75,82.76,83.08,2905799.0
2012-03-02,82.88,83.15,81.93,82.28,2684739.0
2012-03-05,82.1,82.17,80.52,81.83,3950074.0
2012-03-06,80.3,80.67,78.69,79.21,5799589.0
2012-03-07,79.81,79.98,78.8,79.21,4118567.0
2012-03-08,79.87,80.59,79.09,80.38,4844059.0
2012-03-09,80.51,80.9,79.95,80.17,3542459.0
2012-03-12,80.28,80.28,79.0,79.46,2883670.0
2012-03-13,79.91,81.83,79.68,81.66,4713208.0
2012-03-14,81.91,82.03,80.92,81.59,3493340.0
2012-03-15,81.93,82.09,81.11,81.64,3251204.0
2012-03-16,81.84,83.25,81.81,83.22,6216639.0
2012-03-19,82.78,83.84,82.66,83.16,3045455.0
2012-03-20,82.68,82.79,81.77,82.39,3169061.0
2012-03-21,82.49,82.64,81.65,81.99,3777882.0
2012-03-22,81.17,81.29,79.6,80.43,4120548.0
2012-03-23,80.15,81.26,79.81,80.84,3048311.0
2012-03-26,82.32,83.0,82.09,82.78,5006821.0
2012-03-27,83.02,83.34,82.31,82.4,3750753.0
2012-03-28,82.11,82.12,79.96,80.36,3994870.0
2012-03-29,79.91,80.67,79.49,80.49,3636023.0
2012-03-30,81.18,81.68,80.5,80.9,4211921.0
2012-04-02,80.62,82.72,80.51,82.19,3510246.0
2012-04-03,82.17,82.5,81.21,81.75,3251863.0
2012-04-04,80.92,81.58,80.57,81.21,2958372.0
2012-04-05,81.64,83.25,81.46,81.83,4210422.0
2012-04-09,80.26,80.58,79.27,79.45,5830636.0
2012-04-10,79.08,79.24,75.92,76.51,8862641.0
2012-04-11,77.63,78.33,77.0,77.55,5668829.0
2012-04-12,78.0,79.7,77.81,79.34,3769103.0
2012-04-13,79.02,80.14,78.86,79.47,3773382.0
2012-04-16,80.23,80.49,78.92,79.57,3081587.0
2012-04-17,80.34,81.25,79.84,80.9,2925687.0
2012-04-18,80.63,81.57,80.52,80.94,3095598.0
2012-04-19,80.9,81.5,79.52,80.39,2859357.0
2012-04-20,80.62,81.37,80.52,80.91,3115025.0
2012-04-23,79.85,80.17,79.03,79.99,3594347.0
2012-04-24,80.19,81.21,80.1,80.98,2759945.0
2012-04-25,81.98,81.98,81.08,81.44,3303936.0
2012-04-26,81.5,82.38,81.1,82.3,2848418.0
2012-04-27,82.6,83.14,82.0,82.92,2555379.0
2012-04-30,82.94,82.97,81.9,82.36,2458703.0
2012-05-01,83.22,83.9,82.26,83.34,3398144.0
2012-05-02,82.93,83.47,82.33,83.43,2849580.0
2012-05-03,83.53,83.92,82.17,82.49,2847233.0
2012-05-04,82.07,82.07,80.15,80.69,3385017.0
2012-05-07,80.2,80.8,79.56,80.22,2434758.0
2012-05-08,79.7,80.68,78.67,80.54,3876409.0
2012-05-09,79.13,79.7,78.26,79.05,4033627.0
2012-05-10,79.8,80.34,78.88,78.96,3362133.0
2012-05-11,78.44,79.75,78.25,79.07,3258622.0
2012-05-14,78.26,78.44,76.86,77.33,4249412.0
2012-05-15,77.24,77.84,76.11,76.62,4403099.0
2012-05-16,76.49,76.73,74.05,74.18,8328632.0
2012-05-17,74.67,74.98,71.86,72.97,6059224.0
2012-05-18,73.42,74.52,72.96,73.19,4041448.0
2012-05-21,73.63,75.73,73.55,75.31,3858654.0
2012-05-22,75.62,76.03,74.44,74.93,3748863.0
2012-05-23,74.36,76.16,73.44,75.95,3386845.0
2012-05-24,76.23,76.65,74.6,75.67,2775838.0
2012-05-25,75.78,76.4,74.78,75.14,2536061.0
2012-05-29,75.92,77.01,75.73,76.29,2925470.0
2012-05-30,75.72,76.28,75.41,75.81,3531713.0
2012-05-31,74.9,75.21,73.22,73.87,5152280.0
2012-06-01,71.68,72.47,71.13,71.52,5336734.0
2012-06-04,71.61,71.61,69.51,70.59,3767511.0
2012-06-05,70.47,71.96,70.31,71.65,2903882.0
2012-06-06,72.1,73.52,71.92,73.51,3188689.0
2012-06-07,74.55,75.44,73.33,73.51,2951824.0
2012-06-08,72.98,74.32,72.56,74.31,3575409.0
2012-06-11,75.2,75.31,72.42,72.54,2896223.0
2012-06-12,72.81,74.19,72.38,74.06,2626450.0
2012-06-13,73.89,74.4,72.91,73.27,3021028.0
2012-06-14,73.34,75.01,72.83,74.71,3646169.0
2012-06-15,75.2,75.81,74.91,75.35,4121990.0
2012-06-18,75.0,75.37,74.4,74.89,3479897.0
2012-06-19,75.6,77.99,75.51,77.03,3782265.0
2012-06-20,76.68,77.86,76.3,76.86,3042421.0
2012-06-21,76.96,77.66,74.94,75.06,2706459.0
2012-06-22,75.3,76.16,75.03,75.53,3578441.0
2012-06-25,74.89,75.11,73.75,74.41,3030953.0
2012-06-26,74.72,76.37,74.43,76.0,4600055.0
2012-06-27,76.08,78.39,75.95,78.08,5241391.0
2012-06-28,77.48,78.72,76.96,78.24,4127548.0
2012-06-29,80.03,80.88,79.41,80.87,4881137.0
2012-07-02,81.0,81.05,79.91,80.45,3375987.0
2012-07-03,80.8,81.72,80.41,81.72,1991943.0
2012-07-05,81.16,82.46,80.81,81.98,2799897.0
2012-07-06,80.79,81.0,80.1,80.7,2623978.0
2012-07-09,80.3,80.69,79.63,80.53,2715110.0
2012-07-10,80.7,81.4,78.09,78.6,4480919.0
2012-07-11,78.85,79.06,77.57,78.16,4238362.0
2012-07-12,78.17,78.85,77.0,78.26,3486332.0
2012-07-13,78.23,78.23,76.35,77.48,5452831.0
2012-07-16,77.06,77.49,75.33,76.78,3469358.0
2012-07-17,75.46,76.76,74.14,75.94,6071594.0
2012-07-18,75.49,75.94,74.85,75.66,4319216.0
2012-07-19,75.9,76.13,75.1,75.69,3701355.0
2012-07-20,75.19,76.61,74.95,75.88,3233525.0
2012-07-23,74.47,75.74,74.17,75.15,2812550.0
2012-07-24,75.21,75.33,73.23,73.87,3551208.0
2012-07-25,74.7,75.06,72.85,73.73,3485401.0
2012-07-26,74.95,75.38,73.86,75.03,3563135.0
2012-07-27,75.43,78.87,75.23,78.1,5698111.0
2012-07-30,78.86,79.15,77.16,77.32,3804913.0
2012-07-31,77.32,78.26,76.61,76.82,3497725.0
2012-08-01,77.63,80.79,76.5,77.53,116023.0
2012-08-02,77.0,78.0,75.75,76.41,3866121.0
2012-08-03,77.73,78.21,77.27,77.51,3805193.0
2012-08-06,77.95,78.99,77.57,78.43,2385578.0
2012-08-07,78.7,79.69,78.7,78.97,2506385.0
2012-08-08,78.56,79.85,78.34,79.17,2413004.0
2012-08-09,79.1,79.17,78.25,78.68,2746355.0
2012-08-10,78.4,79.4,77.38,79.37,5904914.0
2012-08-13,79.61,80.32,79.22,79.76,3088612.0
2012-08-14,80.34,80.39,79.84,80.13,3615696.0
2012-08-15,76.11,76.14,73.75,75.1,18929082.0
2012-08-16,75.29,75.55,74.31,75.51,9386235.0
2012-08-17,75.71,77.0,75.54,76.94,5687195.0
2012-08-20,77.0,77.98,76.56,77.89,4939883.0
2012-08-21,78.23,79.02,77.33,77.65,4729429.0
2012-08-22,77.47,77.66,76.61,77.03,3622234.0
2012-08-23,76.63,76.76,75.85,76.12,3119073.0
2012-08-24,76.0,77.02,75.44,76.67,3769257.0
2012-08-27,76.76,76.95,75.12,75.27,4171765.0
2012-08-28,74.89,74.95,73.73,73.81,7335195.0
2012-08-29,73.66,74.4,73.14,74.32,4241730.0
2012-08-30,73.9,74.84,73.8,74.53,3185215.0
2012-08-31,75.24,75.64,74.37,75.11,3157864.0
2012-09-04,74.98,75.09,73.62,74.12,3704257.0
2012-09-05,73.94,75.1,73.73,74.82,3636818.0
2012-09-06,75.28,77.09,75.23,77.04,4307658.0
2012-09-07,77.19,78.95,77.08,78.22,4231419.0
2012-09-10,77.15,78.15,77.0,77.19,3453107.0
2012-09-11,77.44,78.55,77.17,78.25,3127005.0
2012-09-12,78.38,79.0,78.23,78.79,3120945.0
2012-09-13,79.01,80.66,78.4,80.37,4239916.0
2012-09-14,80.54,82.09,80.54,82.0,5591020.0
2012-09-17,81.84,82.15,80.71,81.02,3901745.0
2012-09-18,81.11,81.54,80.8,81.31,3343901.0
2012-09-19,81.26,82.22,81.06,81.98,2720858.0
2012-09-20,81.33,82.59,80.94,82.29,3378534.0
2012-09-21,82.51,83.04,81.71,82.7,4145905.0
2012-09-24,82.54,83.45,82.44,82.95,4169250.0
2012-09-25,81.8,83.4,81.53,81.65,4546932.0
2012-09-26,81.04,81.79,80.34,81.41,3602948.0
2012-09-27,81.96,82.4,81.4,82.1,2846972.0
2012-09-28,82.0,83.15,81.61,82.47,4427060.0
2012-10-01,83.11,83.65,82.31,82.6,3450443.0
2012-10-02,82.88,83.12,81.97,82.22,4000476.0
2012-10-03,82.17,82.27,81.24,81.91,3074544.0
2012-10-04,82.25,82.93,81.79,82.83,2679070.0
2012-10-05,83.27,83.75,82.5,82.78,2548531.0
2012-10-08,82.37,82.91,81.94,82.77,1579365.0
2012-10-09,82.55,83.01,81.63,81.73,3270720.0
2012-10-10,80.95,81.72,79.75,81.19,5243838.0
2012-10-11,82.13,82.99,81.85,82.37,3380351.0
2012-10-12,82.43,82.87,81.93,82.44,2765323.0
2012-10-15,82.72,83.38,82.43,83.23,1947981.0
2012-10-16,83.69,84.64,83.5,84.56,2842940.0
2012-10-17,84.84,85.97,84.71,85.81,3432324.0
2012-10-18,85.53,87.13,85.45,86.86,4041923.0
2012-10-19,86.45,86.45,84.76,84.99,3826657.0
2012-10-22,84.84,86.23,84.73,85.89,2680132.0
2012-10-23,84.7,85.31,84.18,85.03,2346375.0
2012-10-24,85.12,85.3,84.16,84.31,2179403.0
2012-10-25,84.88,85.2,83.62,84.69,2228024.0
2012-10-26,84.64,85.87,84.19,85.47,2736944.0
2012-10-31,86.04,86.39,84.82,85.44,2415793.0
2012-11-01,85.63,87.2,84.86,86.87,2812204.0
2012-11-02,87.28,87.5,85.55,85.6,2566803.0
2012-11-05,84.23,86.04,84.23,85.89,1516900.0
2012-11-06,86.39,86.91,85.99,86.1,2201582.0
2012-11-07,84.6,85.78,83.5,84.13,3135090.0
2012-11-08,84.04,84.87,83.48,83.59,2673723.0
2012-11-09,83.17,84.82,83.0,84.29,2485554.0
2012-11-12,84.44,86.5,84.24,85.68,2560304.0
2012-11-13,85.15,86.9,85.01,85.69,3390281.0
2012-11-14,86.02,86.36,84.56,84.74,3199854.0
2012-11-15,85.0,85.76,84.58,85.39,3134558.0
2012-11-16,85.6,85.848,84.43,85.25,3781927.0
2012-11-19,86.16,86.66,85.84,86.25,3886537.0
2012-11-20,86.23,86.49,85.16,85.99,4557998.0
2012-11-21,83.16,84.33,82.06,82.83,10601646.0
2012-11-23,83.62,84.12,83.35,83.97,2198694.0
2012-11-26,83.57,84.56,83.25,84.46,3609748.0
2012-11-27,84.24,85.25,84.15,84.4,3188509.0
2012-11-28,84.0,84.52,83.43,84.27,2887230.0
2012-11-29,84.7,84.99,84.21,84.86,2069796.0
2012-11-30,85.0,85.0,83.78,84.05,2706679.0
2012-12-03,84.18,84.7,83.1,83.22,2091880.0
2012-12-04,83.41,83.85,82.95,83.5,2870084.0
2012-12-05,83.96,84.7,83.38,84.24,3018383.0
2012-12-06,84.12,84.87,83.91,84.73,1999166.0
2012-12-07,84.94,85.49,84.67,85.43,2805748.0
2012-12-10,85.06,85.94,84.9,85.78,3094667.0
2012-12-11,85.75,86.2,84.94,85.43,3098251.0
2012-12-12,85.75,86.95,85.71,86.25,2900962.0
2012-12-13,86.05,86.2,85.08,85.55,2511756.0
2012-12-14,85.5,86.69,85.5,85.93,2241349.0
2012-12-17,86.07,86.48,85.71,86.37,2291201.0
2012-12-18,86.5,87.15,86.11,86.86,3283385.0
2012-12-19,86.67,87.07,86.06,86.09,2627985.0
2012-12-20,86.39,86.78,85.69,86.75,2188598.0
2012-12-21,85.85,86.42,85.41,86.19,3403677.0
2012-12-24,85.75,86.4,85.63,86.1,877984.0
2012-12-26,86.35,87.21,86.16,86.52,2000657.0
2012-12-27,86.39,86.8,85.0,85.94,1766366.0
2012-12-28,85.31,85.57,84.49,84.55,1662530.0
2012-12-31,84.52,86.5,84.3,86.42,2093681.0
2013-01-02,87.97,88.29,87.2,87.99,3479305.0
2013-01-03,88.07,88.66,87.52,87.77,2377960.0
2013-01-04,88.18,89.12,88.1,88.67,2696245.0
2013-01-07,88.19,88.79,88.1,88.6,1859369.0
2013-01-08,88.36,88.88,87.21,87.68,2175998.0
2013-01-09,88.16,89.29,87.98,89.06,2569591.0
2013-01-10,89.44,89.93,88.8,89.91,2366572.0
2013-01-11,89.86,90.64,89.52,89.62,3292133.0
2013-01-14,90.54,91.0,89.45,89.86,2173834.0
2013-01-15,89.45,90.0,89.3,89.73,1736052.0
2013-01-16,89.59,89.93,89.28,89.56,1483676.0
2013-01-17,89.98,90.24,89.69,90.1,2029207.0
2013-01-18,90.34,90.96,89.96,90.96,3190165.0
2013-01-22,91.0,92.84,90.96,92.66,4206476.0
2013-01-23,92.21,92.89,91.9,92.77,2593955.0
2013-01-24,92.36,93.7,92.36,93.24,2820567.0
2013-01-25,93.01,93.78,92.85,93.47,2805847.0
2013-01-28,93.71,94.0,93.01,93.99,2608471.0
2013-01-29,93.88,95.1,93.78,95.05,2896434.0
2013-01-30,95.25,95.6,94.5,94.94,3040723.0
2013-01-31,94.45,94.89,93.88,94.06,3278768.0
2013-02-01,94.87,95.11,94.48,94.65,2566415.0
2013-02-04,94.02,94.12,93.06,93.15,2593329.0
2013-02-05,93.7,94.09,93.26,93.39,2358445.0
2013-02-06,93.0,93.38,92.42,92.69,2537023.0
2013-02-07,92.83,93.05,91.5,92.17,2365695.0
2013-02-08,92.07,92.99,91.76,92.81,1607002.0
2013-02-11,92.86,93.45,92.63,93.23,1768934.0
2013-02-12,93.13,94.01,92.87,93.97,3187005.0
2013-02-13,93.69,93.9,90.52,90.68,8046660.0
2013-02-14,90.46,91.44,90.14,90.57,3178381.0
2013-02-15,90.46,90.78,89.52,89.75,5019648.0
2013-02-19,90.0,90.65,89.55,90.37,3394943.0
2013-02-20,90.35,90.38,88.15,88.23,4207105.0
2013-02-21,87.77,87.78,86.09,86.42,4739136.0
2013-02-22,87.53,88.29,86.76,87.13,3627859.0
2013-02-25,87.51,88.76,85.43,85.55,3419807.0
2013-02-26,86.12,87.13,85.69,86.5,2877060.0
2013-02-27,86.41,88.11,86.13,87.82,2596618.0
2013-02-28,87.96,88.35,87.66,87.83,2894575.0
2013-03-01,87.73,88.36,86.37,87.89,2799626.0
2013-03-04,87.5,87.99,86.92,87.97,2603635.0
2013-03-05,89.04,90.64,89.04,90.11,4610851.0
2013-03-06,90.95,91.05,89.01,89.27,2885373.0
2013-03-07,89.44,90.31,89.44,89.77,2185692.0
2013-03-08,90.43,91.16,89.98,90.88,3437618.0
2013-03-11,90.88,91.5,90.44,91.44,2061880.0
2013-03-12,91.64,91.7,90.62,90.85,1883811.0
2013-03-13,90.75,91.39,90.19,91.34,1892183.0
2013-03-14,91.73,92.4,91.3,92.2,2619424.0
2013-03-15,91.61,92.5,91.6,92.24,3519543.0
2013-03-18,91.21,92.16,91.0,91.82,1966784.0
2013-03-19,90.37,91.62,89.93,90.57,3684839.0
2013-03-20,89.11,89.35,87.14,87.74,6175462.0
2013-03-21,87.17,87.97,86.65,86.89,2853765.0
2013-03-22,87.37,88.39,87.32,87.72,2694567.0
2013-03-25,88.4,88.4,86.43,86.88,2928263.0
2013-03-26,86.64,87.31,86.26,87.26,2148587.0
2013-03-27,86.9,87.5,86.4,87.45,2009973.0
2013-03-28,87.63,87.82,85.15,85.98,5264470.0
2013-04-01,86.19,86.19,84.87,85.08,2255732.0
2013-04-02,85.28,85.41,83.7,84.04,3206527.0
2013-04-03,84.1,85.28,83.83,84.8,4029436.0
2013-04-04,84.91,86.05,84.75,85.69,3160395.0
2013-04-05,84.58,85.8,84.42,85.68,3047156.0
2013-04-08,85.79,86.71,85.72,86.48,2288320.0
2013-04-09,86.7,87.18,86.15,86.68,1836395.0
2013-04-10,86.91,87.37,86.4,87.1,2174626.0
2013-04-11,87.17,87.78,86.8,87.58,1777943.0
2013-04-12,87.19,87.48,85.63,86.14,1997773.0
2013-04-15,85.55,85.55,82.91,82.95,3077223.0
2013-04-16,83.75,84.68,83.04,83.18,2821384.0
2013-04-17,82.36,82.76,81.58,82.56,4601129.0
2013-04-18,82.56,83.1,81.99,82.57,2763275.0
2013-04-19,83.05,83.87,82.47,83.46,2236771.0
2013-04-22,83.6,84.14,82.36,83.82,2600303.0
2013-04-23,84.27,85.21,84.1,84.78,2491694.0
2013-04-24,85.0,85.82,84.71,85.12,2089633.0
2013-04-25,85.65,86.83,85.47,86.03,2048249.0
2013-04-26,85.93,86.29,85.41,85.49,1685759.0
2013-04-29,85.76,89.66,85.7,88.83,4464738.0
2013-04-30,89.26,90.0,88.87,89.3,3646220.0
2013-05-01,88.81,89.1,87.6,87.77,2279554.0
2013-05-02,88.01,89.83,87.87,89.54,2311252.0
2013-05-03,90.56,91.5,90.29,90.54,2696384.0
2013-05-06,90.16,91.46,89.81,91.13,1834626.0
2013-05-07,91.46,91.74,90.99,91.73,1856678.0
2013-05-08,91.8,92.63,91.36,92.35,2123846.0
2013-05-09,92.05,92.76,91.75,92.19,1960204.0
2013-05-10,92.35,92.77,91.15,92.3,2967083.0
2013-05-13,92.28,92.98,92.12,92.58,2764007.0
2013-05-14,92.49,93.88,92.29,93.77,3664127.0
2013-05-15,89.22,90.6,88.56,89.64,11633883.0
2013-05-16,89.26,90.33,89.06,89.39,4182792.0
2013-05-17,88.59,88.77,86.53,86.97,7289434.0
2013-05-20,86.98,88.42,86.75,88.04,4220157.0
2013-05-21,87.95,88.25,87.2,87.59,3446531.0
2013-05-22,87.83,87.89,86.1,86.83,6008285.0
2013-05-23,85.75,87.53,85.65,87.18,3691729.0
2013-05-24,86.78,86.78,85.82,86.29,2869689.0
2013-05-28,87.2,87.65,86.3,86.34,3096282.0
2013-05-29,85.99,87.63,85.96,87.35,3216432.0
2013-05-30,87.6,88.12,87.25,87.41,2024172.0
2013-05-31,87.42,88.47,87.11,87.11,2830216.0
2013-06-03,87.51,88.44,87.11,88.35,3372944.0
2013-06-04,88.18,88.79,86.48,87.15,3254160.0
2013-06-05,86.79,86.98,85.85,85.9,2442836.0
2013-06-06,85.73,86.1,85.12,86.09,2910373.0
2013-06-07,86.78,87.07,85.95,86.81,2983150.0
2013-06-10,87.25,87.31,85.91,86.2,2504071.0
2013-06-11,85.29,85.75,84.69,85.24,2463015.0
2013-06-12,85.88,86.02,83.86,84.32,3266603.0
2013-06-13,84.34,85.87,84.02,85.6,2161701.0
2013-06-14,85.44,85.53,84.49,84.88,1992022.0
2013-06-17,85.17,85.33,84.23,84.81,2674092.0
2013-06-18,84.59,85.28,84.52,85.0,2295201.0
2013-06-19,85.24,86.2,85.0,85.08,2882593.0
2013-06-20,84.28,84.36,82.63,82.89,4369528.0
2013-06-21,83.48,83.7,81.73,82.47,4799417.0
2013-06-24,80.83,81.4,79.5,81.0,5733815.0
2013-06-25,82.0,82.61,81.55,82.45,4160343.0
2013-06-26,82.57,82.64,81.85,82.15,2822669.0
2013-06-27,82.68,83.15,82.22,82.95,2564430.0
2013-06-28,82.64,83.5,81.23,81.25,5238590.0
2013-07-01,81.88,82.16,81.03,81.31,2984129.0
2013-07-02,81.35,81.97,80.51,80.9,2209773.0
2013-07-03,80.69,81.5,80.56,80.99,1196074.0
2013-07-05,81.71,81.84,80.57,81.44,1338574.0
2013-07-08,81.45,82.03,81.25,81.35,2091662.0
2013-07-09,81.94,84.36,81.41,83.91,5978893.0
2013-07-10,83.95,84.0,82.52,82.87,3157706.0
2013-07-11,83.94,84.56,83.1,84.25,2945612.0
2013-07-12,84.23,84.25,83.32,83.94,3068617.0
2013-07-15,84.21,84.56,83.83,84.42,1625316.0
2013-07-16,84.57,85.19,83.92,83.96,3051590.0
2013-07-17,84.38,84.75,82.4,83.6,3825888.0
2013-07-18,83.7,84.28,83.47,83.66,1897308.0
2013-07-19,83.63,84.25,83.3,84.05,2487598.0
2013-07-22,84.28,85.19,84.28,84.78,2772594.0
2013-07-23,85.0,85.5,83.87,83.9,2839541.0
2013-07-24,83.99,84.06,82.4,82.59,3686558.0
2013-07-25,82.21,83.05,81.66,82.9,4132842.0
2013-07-26,82.55,82.92,82.27,82.81,1960816.0
2013-07-29,82.76,83.43,82.65,83.02,1815526.0
2013-07-30,82.03,83.1,81.36,82.98,4001146.0
2013-07-31,83.62,84.84,83.01,83.07,3795594.0
2013-08-01,83.74,83.85,82.51,83.05,3493727.0
2013-08-02,83.03,83.7,82.93,83.4,2414958.0
2013-08-05,83.4,83.48,82.67,82.8,3039578.0
2013-08-06,82.48,82.51,81.09,81.2,4814200.0
2013-08-07,81.0,81.52,80.65,80.99,3178984.0
2013-08-08,81.39,82.65,81.31,82.32,3413272.0
2013-08-09,81.06,82.1,80.5,81.74,4649899.0
2013-08-12,81.53,83.63,81.35,83.38,5020463.0
2013-08-13,83.88,84.59,83.68,83.91,4349300.0
2013-08-14,84.06,84.19,81.5,82.34,8434957.0
2013-08-15,81.23,84.65,81.0,84.36,7706320.0
2013-08-16,84.05,84.5,83.77,84.11,4293918.0
2013-08-19,83.93,85.07,83.93,84.52,4178759.0
2013-08-20,84.5,84.52,83.2,83.25,3410429.0
2013-08-21,83.09,83.2,82.41,82.51,2766909.0
2013-08-22,82.9,83.9,82.77,83.25,3214699.0
2013-08-23,83.48,83.6,82.7,83.5,2470781.0
2013-08-26,83.87,85.68,83.87,84.77,3975669.0
2013-08-27,83.97,84.91,83.41,83.48,2933285.0
2013-08-28,83.52,84.6,83.36,84.12,2708295.0
2013-08-29,84.16,84.63,83.58,83.8,1889252.0
2013-08-30,83.72,84.01,83.37,83.64,2055673.0
2013-09-03,84.31,84.75,83.44,84.06,2473687.0
2013-09-04,84.08,84.93,84.0,84.48,2244261.0
2013-09-05,83.88,84.02,82.48,82.55,4033352.0
2013-09-06,82.65,83.39,82.15,82.61,2742950.0
2013-09-09,83.08,84.5,83.0,83.88,2549408.0
2013-09-10,84.46,84.92,84.11,84.18,2276432.0
2013-09-11,84.13,84.68,83.67,84.31,2080166.0
2013-09-12,84.25,84.32,82.98,83.19,3904076.0
2013-09-13,83.46,83.52,82.45,82.49,3948425.0
2013-09-16,83.38,83.76,83.02,83.54,3669260.0
2013-09-17,83.73,83.93,83.48,83.71,1556537.0
2013-09-18,83.29,84.78,83.12,84.51,2913650.0
2013-09-19,84.74,85.34,84.67,85.1,2082935.0
2013-09-20,85.1,85.18,83.63,83.82,3803847.0
2013-09-23,83.83,84.18,83.39,84.01,2273964.0
2013-09-24,84.14,84.87,83.84,84.26,2197131.0
2013-09-25,84.42,85.24,84.27,84.64,2575558.0
2013-09-26,84.51,84.72,82.68,83.08,3394812.0
2013-09-27,82.62,83.11,81.92,82.37,3272247.0
2013-09-30,81.73,82.49,81.19,81.39,3863331.0
2013-10-01,81.25,82.38,81.19,82.22,2952638.0
2013-10-02,81.77,82.71,81.7,82.3,2507821.0
2013-10-03,82.0,82.67,81.9,82.09,3410728.0
2013-10-04,82.22,82.69,81.9,82.55,3081909.0
2013-10-07,82.06,82.86,81.94,82.46,1833265.0
2013-10-08,82.63,83.39,82.18,82.21,2397278.0
2013-10-09,82.18,83.36,82.08,82.6,2980400.0
2013-10-10,83.42,83.45,82.33,82.92,3613541.0
2013-10-11,82.62,82.79,81.9,82.31,3833420.0
2013-10-14,81.75,83.24,81.74,83.1,3603225.0
2013-10-15,82.94,83.71,82.16,82.36,3040171.0
2013-10-16,83.13,83.13,82.42,82.97,2740363.0
2013-10-17,82.9,83.97,82.78,83.65,2234211.0
2013-10-18,83.77,84.53,83.45,84.19,2804401.0
2013-10-21,84.32,84.57,83.8,84.17,2030376.0
2013-10-22,84.55,84.75,84.16,84.54,2388762.0
2013-10-23,83.43,84.5,83.36,84.08,2568554.0
2013-10-24,84.43,84.55,83.83,84.28,1614779.0
2013-10-25,83.87,84.0,82.89,83.55,2774768.0
2013-10-28,83.48,84.01,83.3,83.47,1883064.0
2013-10-29,83.32,83.35,82.3,82.65,3026434.0
2013-10-30,82.81,82.96,82.07,82.21,2992972.0
2013-10-31,82.31,82.99,81.84,81.84,2896477.0
2013-11-01,81.84,81.92,81.28,81.64,3166600.0
2013-11-04,82.08,82.23,81.6,81.79,2256717.0
2013-11-05,81.56,82.1,81.38,81.8,2484637.0
2013-11-06,81.85,82.39,81.77,81.8,3771619.0
2013-11-07,81.83,82.29,81.48,81.56,3581982.0
2013-11-08,81.2,82.18,80.76,81.5,5591106.0
2013-11-11,81.47,82.05,81.33,81.86,2561077.0
2013-11-12,81.6,82.18,81.49,82.12,2618646.0
2013-11-13,81.67,82.86,81.58,82.84,2382979.0
2013-11-14,83.08,83.25,82.47,82.85,2447639.0
2013-11-15,83.12,83.41,82.79,82.83,4738734.0
2013-11-18,83.22,84.35,83.01,83.66,4495615.0
2013-11-19,83.4,83.45,82.02,82.81,5361703.0
2013-11-20,85.34,85.49,84.18,84.52,8703916.0
2013-11-21,84.67,84.8,83.21,83.85,4858693.0
2013-11-22,83.84,85.08,83.71,84.77,3526707.0
2013-11-25,84.56,85.14,84.3,84.68,2618619.0
2013-11-26,84.79,84.89,83.81,83.84,2205472.0
2013-11-27,84.13,85.0,83.7,83.8,1584498.0
2013-11-29,83.98,84.59,83.92,84.24,1264174.0
2013-12-02,84.26,84.43,83.74,83.87,2083627.0
2013-12-03,83.52,83.56,82.2,82.71,2529663.0
2013-12-04,82.53,86.72,82.31,85.38,11464716.0
2013-12-05,85.0,85.53,84.43,84.86,3427774.0
2013-12-06,85.53,85.85,84.93,85.32,2583778.0
2013-12-09,85.87,87.41,85.75,87.2,4940168.0
2013-12-10,87.26,88.89,87.26,88.04,5907967.0
2013-12-11,87.77,87.9,87.02,87.28,3873123.0
2013-12-12,87.05,87.57,86.65,86.84,2497452.0
2013-12-13,87.09,87.53,86.74,87.18,2353214.0
2013-12-16,87.6,89.19,87.58,88.87,4250108.0
2013-12-17,88.79,89.08,88.17,88.3,3099630.0
2013-12-18,88.49,89.47,88.03,89.41,3559692.0
2013-12-19,89.27,89.59,88.82,89.41,2517810.0
2013-12-20,89.56,90.19,89.54,90.08,4404846.0
2013-12-23,90.31,90.85,90.1,90.64,2273804.0
2013-12-24,90.79,91.36,90.68,90.86,1051306.0
2013-12-26,91.09,91.58,90.88,91.12,1971586.0
2013-12-27,90.89,91.21,90.36,90.7,2014733.0
2013-12-30,90.32,91.02,90.32,90.82,1659142.0
2013-12-31,91.08,91.49,90.7,91.33,1850878.0
2014-01-02,91.12,91.3,90.13,90.26,2462047.0
2014-01-03,90.46,91.25,90.1,90.66,2419634.0
2014-01-06,91.06,91.2,89.5,89.91,2914621.0
2014-01-07,90.06,90.8,89.9,90.31,2293510.0
2014-01-08,89.74,90.2,89.07,89.34,2901574.0
2014-01-09,89.81,89.94,88.43,88.98,3136456.0
2014-01-10,88.89,89.9,88.66,89.76,3681982.0
2014-01-13,89.61,90.88,89.44,89.51,2812067.0
2014-01-14,89.88,90.56,89.31,89.7,3467801.0
2014-01-15,89.72,90.51,89.7,89.8,4435564.0
2014-01-16,90.11,90.25,89.56,89.83,2435969.0
2014-01-17,89.89,90.13,89.34,89.35,3241589.0
2014-01-21,89.71,89.9,88.76,89.38,2277568.0
2014-01-22,89.54,89.63,88.46,88.66,2269313.0
2014-01-23,88.26,88.73,87.71,87.88,2719161.0
2014-01-24,87.37,87.68,85.29,85.55,4671508.0
2014-01-27,86.74,86.8,85.58,86.01,3365654.0
2014-01-28,86.1,86.94,86.01,86.59,2097842.0
2014-01-29,85.86,86.67,85.61,85.93,2402953.0
2014-01-30,86.25,86.8,85.3,86.58,1997626.0
2014-01-31,85.72,86.79,85.61,85.96,3384926.0
2014-02-03,86.06,86.33,84.6,84.78,3381862.0
2014-02-04,84.69,85.41,83.77,85.11,3013792.0
2014-02-05,84.63,84.91,83.41,84.7,3157538.0
2014-02-06,84.95,85.95,84.7,85.43,3198543.0
2014-02-07,85.78,86.88,85.74,86.56,2096201.0
2014-02-10,86.67,87.64,86.61,87.36,3843974.0
2014-02-11,87.44,88.06,87.08,87.46,3679513.0
2014-02-12,86.86,87.95,86.05,86.9,5472517.0
2014-02-13,86.06,86.27,85.17,85.85,4417709.0
2014-02-14,85.47,86.17,85.28,85.84,2717644.0
2014-02-18,86.01,86.08,84.71,85.1,3450375.0
2014-02-19,84.59,85.49,84.2,84.29,2876279.0
2014-02-20,84.79,85.34,84.29,85.12,3241526.0
2014-02-21,85.25,85.44,84.68,84.69,2226760.0
2014-02-24,84.94,85.35,84.71,84.8,2659284.0
2014-02-25,84.77,84.87,84.0,84.05,3002562.0
2014-02-26,84.23,84.66,83.95,84.35,1884924.0
2014-02-27,84.32,85.29,84.17,84.97,2712074.0
2014-02-28,84.63,86.72,84.56,85.93,3316793.0
2014-03-03,85.63,87.46,85.3,86.96,5404830.0
2014-03-04,87.42,87.44,86.26,86.63,3301256.0
2014-03-05,86.49,87.21,85.91,86.92,2267629.0
2014-03-06,87.08,88.41,86.97,88.23,3797768.0
2014-03-07,88.77,89.24,88.35,88.8,2844391.0
2014-03-10,88.53,88.58,87.56,88.52,2499642.0
2014-03-11,88.63,89.67,88.41,89.11,3434540.0
2014-03-12,88.52,89.06,88.32,88.84,2468843.0
2014-03-13,88.94,88.97,87.58,87.98,2302543.0
2014-03-14,87.93,88.4,87.14,87.2,2881737.0
2014-03-17,87.92,88.14,87.38,87.49,1893560.0
2014-03-18,87.23,88.0,87.2,87.67,1550773.0
2014-03-19,87.44,87.99,86.74,87.29,2366214.0
2014-03-20,87.13,87.9,86.82,87.57,1940682.0
2014-03-21,88.21,89.84,87.88,89.84,6953096.0
2014-03-24,88.92,89.03,88.04,88.51,3978274.0
2014-03-25,88.77,89.54,88.51,89.1,2788263.0
2014-03-26,89.14,89.6,88.32,88.33,2592680.0
2014-03-27,87.77,88.27,86.8,87.86,2217282.0
2014-03-28,88.14,88.79,87.99,88.75,2038421.0
2014-03-31,89.08,90.98,88.32,90.8,5349489.0
2014-04-01,90.98,91.98,90.86,91.39,3951962.0
2014-04-02,91.26,92.0,91.03,91.9,2714114.0
2014-04-03,91.73,92.37,91.62,92.06,2390557.0
2014-04-04,92.31,92.79,91.76,91.83,2501091.0
2014-04-07,91.75,91.82,90.62,91.15,2925692.0
2014-04-08,91.47,93.44,91.19,92.54,4401819.0
2014-04-09,92.78,93.63,92.3,93.38,2846916.0
2014-04-10,93.57,94.59,92.54,92.74,4369104.0
2014-04-11,92.2,92.88,91.18,92.01,3575534.0
2014-04-14,92.66,92.96,91.96,92.44,3000257.0
2014-04-15,92.54,92.71,91.7,92.34,2718768.0
2014-04-16,93.25,93.29,92.58,93.15,1996383.0
2014-04-17,93.35,93.74,92.79,93.4,2104270.0
2014-04-21,92.98,93.25,92.69,93.12,1354639.0
2014-04-22,93.13,93.58,92.61,93.34,2032296.0
2014-04-23,93.33,93.98,93.05,93.57,2022035.0
2014-04-24,94.05,94.05,92.93,93.89,2351941.0
2014-04-25,93.62,93.68,92.49,93.14,2254033.0
2014-04-28,93.71,93.78,92.38,92.77,2931577.0
2014-04-29,93.7,94.37,93.24,93.73,2395179.0
2014-04-30,93.74,94.17,93.18,93.34,2906757.0
2014-05-01,93.7,93.7,92.43,93.22,2205656.0
2014-05-02,93.33,93.45,92.67,92.92,1766866.0
2014-05-05,92.27,92.78,92.07,92.69,1783840.0
2014-05-06,92.47,92.97,92.32,92.77,1442096.0
2014-05-07,92.97,94.76,92.97,94.53,2812835.0
2014-05-08,94.39,94.89,93.75,94.28,1866964.0
2014-05-09,94.17,94.79,93.61,94.34,2247409.0
2014-05-12,94.06,94.63,93.5,93.65,2700487.0
2014-05-13,93.73,94.06,92.91,93.61,3370221.0
2014-05-14,92.49,93.22,91.05,91.7,5258775.0
2014-05-15,91.09,91.58,90.49,91.21,3015895.0
2014-05-16,91.07,91.98,90.98,91.27,3795948.0
2014-05-19,90.89,91.03,90.4,90.67,2445958.0
2014-05-20,90.51,90.85,89.63,89.95,2747447.0
2014-05-21,90.08,90.11,89.26,89.98,2490112.0
2014-05-22,89.6,90.5,89.6,89.99,1657789.0
2014-05-23,89.68,90.13,89.49,89.98,1931211.0
2014-05-27,90.26,91.2,90.24,90.92,2829404.0
2014-05-28,91.35,91.54,90.69,90.91,1909682.0
2014-05-29,90.95,91.21,90.33,91.1,1513145.0
2014-05-30,90.86,91.3,90.66,91.17,1768319.0
2014-06-02,91.17,91.68,91.15,91.18,1941216.0
2014-06-03,90.65,91.14,90.4,90.84,1589550.0
2014-06-04,90.84,91.17,90.68,90.84,1430958.0
2014-06-05,91.26,91.59,90.81,91.3,1888867.0
2014-06-06,91.48,92.42,91.35,92.3,2756786.0
2014-06-09,92.45,93.78,92.36,93.0,2821644.0
2014-06-10,92.69,92.99,92.1,92.45,1793431.0
2014-06-11,93.06,93.06,91.13,91.42,2233904.0
2014-06-12,91.19,91.6,90.11,90.47,2357303.0
2014-06-13,90.46,90.88,90.3,90.47,1785526.0
2014-06-16,90.32,90.46,89.96,90.37,1672200.0
2014-06-17,90.36,90.67,89.77,90.6,1441461.0
2014-06-18,90.32,91.22,90.01,91.19,1555014.0
2014-06-19,91.01,91.86,90.88,91.58,1817540.0
2014-06-20,91.88,92.11,91.66,92.04,2796597.0
2014-06-23,91.66,92.49,91.34,91.39,2375308.0
2014-06-24,91.24,91.74,90.5,90.63,2042899.0
2014-06-25,90.3,91.07,89.97,90.74,2810727.0
2014-06-26,90.36,90.63,89.98,90.41,1827311.0
2014-06-27,90.27,90.87,90.17,90.82,5211414.0
2014-06-30,90.88,91.95,90.14,90.55,3244655.0
2014-07-01,90.45,90.81,89.63,90.08,3468362.0
2014-07-02,90.27,90.52,89.98,90.35,1785937.0
2014-07-03,91.05,91.5,90.76,91.38,1798248.0
2014-07-07,90.97,91.34,90.32,90.79,2137279.0
2014-07-08,90.73,91.01,90.08,90.12,3261505.0
2014-07-09,90.12,90.23,88.42,89.16,4591506.0
2014-07-10,88.37,88.96,87.88,88.12,4364887.0
2014-07-11,87.57,88.63,87.17,88.53,3823918.0
2014-07-14,89.19,89.22,88.47,88.51,3242191.0
2014-07-15,88.35,89.08,88.28,88.56,3072825.0
2014-07-16,88.59,89.52,88.31,89.45,3632627.0
2014-07-17,88.83,89.0,87.32,87.43,4071796.0
2014-07-18,87.79,88.24,87.57,87.63,2835267.0
2014-07-21,87.4,88.06,87.2,87.64,2590808.0
2014-07-22,88.21,88.93,88.06,88.4,2389279.0
2014-07-23,88.48,88.56,87.38,87.45,2974117.0
2014-07-24,87.19,87.6,86.85,86.98,3273267.0
2014-07-25,86.89,86.95,85.89,86.17,3399567.0
2014-07-28,86.0,86.13,85.19,86.01,5173378.0
2014-07-29,85.83,86.46,85.69,85.83,3803532.0
2014-07-30,85.96,86.06,85.01,85.43,2744166.0
2014-07-31,85.0,85.66,84.53,85.11,3906506.0
2014-08-01,85.22,85.63,84.56,84.96,3549728.0
2014-08-04,85.07,85.28,84.63,85.27,2312454.0
2014-08-05,84.92,86.51,84.85,85.29,4468806.0
2014-08-06,84.86,85.68,84.86,85.41,2825821.0
2014-08-07,85.51,86.1,85.24,85.37,2593657.0
2014-08-08,85.24,87.0,85.24,86.98,2718737.0
2014-08-11,87.07,87.39,86.66,87.16,2178807.0
2014-08-12,86.89,87.19,86.16,86.48,5172855.0
2014-08-13,85.54,86.98,84.37,84.49,9515964.0
2014-08-14,84.61,84.98,83.5,84.89,6387088.0
2014-08-15,85.12,85.15,83.88,84.8,4554818.0
2014-08-18,85.21,86.18,85.09,86.11,3230513.0
2014-08-19,86.3,86.3,85.63,85.71,2101724.0
2014-08-20,85.8,86.33,85.62,85.87,2755642.0
2014-08-21,85.86,86.61,85.37,86.21,2217403.0
2014-08-22,85.67,85.94,84.7,84.76,4225835.0
2014-08-25,84.94,85.35,84.84,85.11,2210844.0
2014-08-26,84.99,85.26,83.98,84.1,3721507.0
2014-08-27,84.15,84.25,83.66,83.85,3453745.0
2014-08-28,83.58,84.11,83.19,83.97,2295610.0
2014-08-29,83.97,84.11,83.47,84.09,2382148.0
2014-09-02,84.01,84.58,83.53,83.77,2790246.0
2014-09-03,84.17,84.25,83.1,83.17,3042253.0
2014-09-04,83.31,84.01,83.01,83.11,3421099.0
2014-09-05,83.12,83.18,82.57,82.79,3529912.0
2014-09-08,82.79,83.25,82.46,82.93,3573565.0
2014-09-09,82.6,82.9,82.19,82.25,3077309.0
2014-09-10,82.24,82.49,81.81,81.98,4468933.0
2014-09-11,81.73,82.18,81.62,82.08,4088018.0
2014-09-12,81.86,82.26,81.66,81.95,2642573.0
2014-09-15,81.68,82.8,81.55,82.68,3513321.0
2014-09-16,82.4,83.39,82.2,82.93,4227138.0
2014-09-17,83.1,83.95,83.0,83.57,5253266.0
2014-09-18,83.67,84.21,83.54,84.15,3648090.0
2014-09-19,84.45,84.51,83.6,83.64,5150092.0
2014-09-22,83.38,83.76,83.16,83.74,3902348.0
2014-09-23,83.6,83.85,83.24,83.32,4384126.0
2014-09-24,83.32,83.89,83.07,83.77,4108359.0
2014-09-25,83.77,83.78,83.07,83.13,5519624.0
2014-09-26,82.4,83.1,82.4,82.83,2877186.0
2014-09-29,82.2,82.45,82.0,82.34,3782506.0
2014-09-30,82.26,82.57,81.96,81.99,3821171.0
2014-10-01,81.81,82.27,81.41,81.55,4629039.0
2014-10-02,81.51,81.79,80.95,81.71,4115778.0
2014-10-03,81.95,82.95,81.95,82.16,3423029.0
2014-10-06,82.49,82.94,82.28,82.84,2662652.0
2014-10-07,81.17,81.58,79.96,80.01,7177554.0
2014-10-08,79.79,81.43,78.88,81.31,8314073.0
2014-10-09,81.36,82.27,81.02,81.15,5240357.0
2014-10-10,80.8,82.69,80.31,80.98,5165525.0
2014-10-13,81.25,82.88,81.25,81.65,4873246.0
2014-10-14,81.95,86.09,81.57,84.36,7207387.0
2014-10-15,83.58,85.32,82.74,84.93,5571363.0
2014-10-16,83.78,85.12,83.27,84.12,6177263.0
2014-10-17,84.77,84.77,82.59,83.29,6439659.0
2014-10-20,82.71,82.91,82.05,82.2,4822670.0
2014-10-21,82.84,84.12,82.25,83.78,4333522.0
2014-10-22,83.57,84.57,83.07,83.42,4061869.0
2014-10-23,85.15,85.56,83.78,85.17,4378766.0
2014-10-24,84.96,85.64,84.68,85.43,2384176.0
2014-10-27,85.08,85.08,83.79,84.58,2378435.0
2014-10-28,84.93,85.54,84.82,85.49,2525901.0
2014-10-29,85.58,85.84,84.63,85.15,2465879.0
2014-10-30,84.78,85.44,84.41,85.23,1666728.0
2014-10-31,86.12,86.14,84.98,85.54,2554810.0
2014-11-03,85.97,85.97,83.8,85.0,2709593.0
2014-11-04,84.65,84.85,84.09,84.55,2643139.0
2014-11-05,85.42,85.49,84.46,84.97,4007198.0
2014-11-06,85.04,87.93,84.91,87.77,5480955.0
2014-11-07,87.79,88.85,87.72,88.66,4401396.0
2014-11-10,88.41,89.28,87.96,88.54,3549414.0
2014-11-11,88.36,88.84,87.84,88.45,1670130.0
2014-11-12,88.29,88.57,87.51,88.27,2602247.0
2014-11-13,88.25,88.35,87.25,87.46,2580784.0
2014-11-14,87.1,87.75,86.84,87.52,2098679.0
2014-11-17,86.7,87.14,85.45,86.81,4047452.0
2014-11-18,86.81,87.52,86.45,87.29,2144234.0
2014-11-19,87.24,87.33,86.18,86.33,2854928.0
2014-11-20,85.83,85.86,85.15,85.37,3881832.0
2014-11-21,86.62,87.1,85.95,87.07,3364292.0
2014-11-24,87.5,88.0,86.6,87.52,2315566.0
2014-11-25,87.6,87.93,87.02,87.79,4061894.0
2014-11-26,85.74,87.94,84.41,86.99,8946060.0
2014-11-28,86.6,87.0,85.57,86.62,2928004.0
2014-12-01,87.95,89.66,87.82,89.58,5245155.0
2014-12-02,89.45,89.63,88.08,88.31,3787894.0
2014-12-03,88.6,90.38,88.54,90.18,3632421.0
2014-12-04,89.87,89.95,88.89,89.57,2059519.0
2014-12-05,89.24,90.05,89.01,89.73,2071724.0
2014-12-08,89.32,90.1,88.63,88.84,2000960.0
2014-12-09,87.97,89.2,87.95,89.2,2499608.0
2014-12-10,88.89,89.0,87.47,87.52,2823901.0
2014-12-11,87.76,88.42,87.6,87.99,3016870.0
2014-12-12,87.48,87.81,86.39,86.41,2864552.0
2014-12-15,86.66,88.5,86.6,87.47,3956323.0
2014-12-16,87.54,89.87,87.25,87.8,4251943.0
2014-12-17,87.95,88.98,87.11,88.74,3443337.0
2014-12-18,89.86,90.0,89.07,89.54,2876186.0
2014-12-19,89.54,90.51,89.3,90.1,5180938.0
2014-12-22,89.96,90.38,89.5,90.24,1883313.0
2014-12-23,91.07,91.38,90.49,90.85,1576744.0
2014-12-24,91.0,91.05,90.17,90.26,740346.0
2014-12-26,90.38,90.9,90.16,90.24,1478277.0
2014-12-29,89.77,90.56,89.4,90.14,1618704.0
2014-12-30,89.95,90.39,89.28,89.46,1377249.0
2014-12-31,89.72,90.0,88.4,88.47,1585385.0
2015-01-02,88.79,89.37,87.42,88.34,1874095.0
2015-01-05,88.06,88.06,85.88,86.45,3013948.0
2015-01-06,86.27,87.0,84.89,85.73,3517161.0
2015-01-07,85.9,85.92,84.74,85.36,3055949.0
2015-01-08,86.17,86.58,85.62,86.49,2844460.0
2015-01-09,86.27,86.67,85.32,85.65,2325269.0
2015-01-12,85.5,85.64,84.54,85.45,2498645.0
2015-01-13,86.06,86.29,85.01,85.89,2638747.0
2015-01-14,84.83,86.65,84.55,86.48,3308467.0
2015-01-15,86.98,88.09,86.93,87.2,3972689.0
2015-01-16,86.87,87.41,86.56,87.3,3490560.0
2015-01-20,87.37,87.79,86.91,87.13,2306244.0
2015-01-21,86.7,87.91,86.5,87.63,1954439.0
2015-01-22,88.38,89.72,88.06,89.51,2866308.0
2015-01-23,88.98,89.01,88.02,88.35,1798196.0
2015-01-26,88.31,88.81,87.88,88.43,2718990.0
2015-01-27,85.38,86.62,85.35,86.04,3300672.0
2015-01-28,86.7,86.92,84.52,84.58,3472105.0
2015-01-29,84.45,86.07,84.29,85.91,3510944.0
2015-01-30,85.24,86.45,85.1,85.19,4221396.0
2015-02-02,85.59,86.7,84.85,86.64,2509705.0
2015-02-03,87.3,88.78,87.17,88.63,3107615.0
2015-02-04,88.34,89.5,88.16,88.68,3042908.0
2015-02-05,88.81,89.23,88.5,89.12,1732668.0
2015-02-06,88.91,89.2,88.53,88.98,1809895.0
2015-02-09,88.58,89.25,88.13,88.95,1205902.0
2015-02-10,89.19,89.2,88.4,88.75,1516769.0
2015-02-11,88.51,89.31,88.18,88.82,1728627.0
2015-02-12,89.42,89.45,88.24,89.37,2297330.0
2015-02-13,89.13,90.39,89.13,90.04,1996629.0
2015-02-17,89.99,90.37,89.21,89.92,1809070.0
2015-02-18,91.75,92.78,91.37,92.75,5954743.0
2015-02-19,92.46,92.46,91.44,91.71,4527174.0
2015-02-20,90.45,92.47,89.91,92.43,7030479.0
2015-02-23,92.03,92.09,90.82,90.98,3023202.0
2015-02-24,90.72,91.66,90.64,91.5,2191639.0
2015-02-25,91.34,91.88,91.34,91.62,1543037.0
2015-02-26,91.23,91.75,90.96,91.18,2132843.0
2015-02-27,91.01,91.29,90.51,90.6,2265644.0
2015-03-02,90.19,91.09,90.19,91.03,2162581.0
2015-03-03,90.86,91.62,90.69,91.27,1681964.0
2015-03-04,90.79,90.99,90.22,90.45,1735052.0
2015-03-05,90.09,90.91,89.45,90.46,2713425.0
2015-03-06,89.74,90.28,89.28,90.26,3711430.0
2015-03-09,90.35,92.4,90.31,92.02,3144304.0
2015-03-10,91.0,91.92,90.6,90.99,4379404.0
2015-03-11,91.42,91.44,89.8,90.23,3122069.0
2015-03-12,90.79,91.04,89.99,90.18,2289751.0
2015-03-13,89.59,90.0,88.56,89.49,3706971.0
2015-03-16,89.49,89.61,88.81,89.14,2851067.0
2015-03-17,88.94,89.14,88.48,88.63,2078137.0
2015-03-18,88.25,89.66,87.51,89.32,2591433.0
2015-03-19,89.0,89.01,87.63,88.08,2586638.0
2015-03-20,88.33,89.51,88.23,89.18,5981939.0
2015-03-23,89.33,90.12,89.3,89.39,2233771.0
2015-03-24,89.26,89.3,88.26,88.47,2232018.0
2015-03-25,88.63,89.11,88.27,88.3,2720827.0
2015-03-26,88.0,88.46,87.78,88.01,1988896.0
2015-03-27,87.32,87.56,86.91,87.46,2065381.0
2015-03-30,87.58,89.04,87.31,88.61,1748624.0
2015-03-31,87.32,88.6,87.32,87.69,2705683.0
2015-04-01,87.76,88.53,87.48,87.6,3318673.0
2015-04-02,87.47,88.61,87.47,87.98,1555288.0
2015-04-06,88.02,89.05,87.74,88.48,1929604.0
2015-04-07,88.63,89.02,88.2,88.44,1763240.0
2015-04-08,88.52,89.12,87.39,87.85,2095860.0
2015-04-09,87.6,88.65,87.39,88.45,2914979.0
2015-04-10,88.55,89.76,88.03,89.07,2053924.0
2015-04-13,88.79,89.46,87.9,88.0,2794318.0
2015-04-14,88.04,88.07,87.43,87.92,1823943.0
2015-04-15,88.11,89.74,87.55,89.34,3320293.0
2015-04-16,89.15,89.36,88.64,88.94,1709599.0
2015-04-17,88.12,88.39,87.46,87.51,2248490.0
2015-04-20,88.24,88.98,87.93,88.9,2524084.0
2015-04-21,89.02,89.15,87.72,87.92,2215202.0
2015-04-22,87.9,88.13,87.62,88.1,2026261.0
2015-04-23,88.63,88.89,88.24,88.59,1981473.0
2015-04-24,88.49,88.67,87.91,88.39,1482515.0
2015-04-27,88.36,89.06,88.28,88.93,2081783.0
2015-04-28,88.92,89.3,88.27,88.89,2747460.0
2015-04-29,88.41,90.26,88.38,89.87,2287030.0
2015-04-30,89.66,91.0,89.42,90.52,2728481.0
2015-05-01,91.0,91.64,90.74,91.39,2674715.0
2015-05-04,91.38,91.57,90.6,90.89,2505427.0
2015-05-05,90.85,91.44,89.95,90.14,1752281.0
2015-05-06,90.48,90.75,89.65,89.97,1415938.0
2015-05-07,89.75,89.87,89.03,89.63,1667175.0
2015-05-08,90.17,90.45,89.07,89.89,2212481.0
2015-05-11,90.21,91.44,90.06,91.14,2845216.0
2015-05-12,90.56,90.85,90.01,90.41,1586338.0
2015-05-13,90.83,91.5,90.44,90.64,1778159.0
2015-05-14,90.92,92.36,90.92,92.21,1949182.0
2015-05-15,90.27,90.65,88.13,89.13,6658526.0
2015-05-18,88.97,89.55,88.63,89.18,2517420.0
2015-05-19,89.08,89.41,88.46,89.17,2122293.0
2015-05-20,89.19,89.41,88.58,88.98,1940199.0
2015-05-21,89.18,89.79,89.05,89.46,3037547.0
2015-05-22,91.8,93.54,91.76,93.35,8558124.0
2015-05-26,92.58,94.24,92.5,93.8,5535950.0
2015-05-27,93.89,94.88,93.7,94.36,3954478.0
2015-05-28,93.92,93.92,93.08,93.5,3210844.0
2015-05-29,93.42,94.11,93.11,93.68,5467233.0
2015-06-01,93.82,93.84,92.58,92.64,2902804.0
2015-06-02,92.73,93.23,92.34,92.75,2574717.0
2015-06-03,93.08,93.25,92.3,92.74,2149094.0
2015-06-04,92.24,92.47,91.66,91.87,2484080.0
2015-06-05,91.51,92.46,91.24,92.13,1743328.0
2015-06-08,91.93,92.15,91.49,91.61,1678418.0
2015-06-09,91.88,92.89,91.46,91.85,1789335.0
2015-06-10,92.11,93.27,91.95,92.94,2038348.0
2015-06-11,92.92,93.59,92.74,93.21,2245862.0
2015-06-12,92.83,93.4,92.34,92.56,1367308.0
2015-06-15,91.76,92.73,91.58,92.46,1801713.0
2015-06-16,92.15,92.3,91.69,92.12,2311362.0
2015-06-17,92.19,92.62,91.78,92.25,2089308.0
2015-06-18,91.8,92.78,91.46,92.6,1754034.0
2015-06-19,92.43,92.95,92.26,92.56,3666444.0
2015-06-22,93.23,94.15,93.09,93.55,2088493.0
2015-06-23,93.39,93.99,93.18,93.68,1719154.0
2015-06-24,93.45,94.29,93.45,94.0,2227824.0
2015-06-25,93.63,94.39,93.08,94.0,3679662.0
2015-06-26,93.86,96.89,93.55,96.44,7168022.0
2015-06-29,95.57,96.64,94.91,94.96,3868678.0
2015-06-30,95.63,98.23,95.22,97.05,6559666.0
2015-07-01,97.53,97.7,95.51,96.19,3733382.0
2015-07-02,96.16,97.01,95.7,96.35,2899826.0
2015-07-06,95.58,96.46,95.25,95.57,2404048.0
2015-07-07,95.57,96.41,94.62,96.28,2868026.0
2015-07-08,95.9,96.11,94.43,94.96,2795753.0
2015-07-09,96.02,96.61,94.51,94.54,2608528.0
2015-07-10,95.4,95.95,94.77,95.17,2963303.0
2015-07-13,95.65,96.46,95.17,96.27,2327705.0
2015-07-14,96.13,96.66,95.52,96.4,2273077.0
2015-07-15,96.21,96.82,95.9,96.52,2085537.0
2015-07-16,96.97,97.56,96.81,97.33,2993376.0
2015-07-17,97.05,97.09,96.5,96.97,1810888.0
2015-07-20,96.87,97.23,96.2,96.22,1995457.0
2015-07-21,96.1,96.49,95.39,95.51,2030577.0
2015-07-22,95.48,95.54,94.63,94.82,1961782.0
2015-07-23,94.22,94.77,92.41,93.26,3396102.0
2015-07-24,93.41,93.41,92.3,92.42,2256752.0
2015-07-27,91.73,92.5,90.64,91.25,2775147.0
2015-07-28,91.98,92.7,91.79,92.47,3436049.0
2015-07-29,92.25,93.77,91.82,93.63,2438711.0
2015-07-30,93.28,93.98,92.92,93.51,1470514.0
2015-07-31,93.85,94.64,93.65,94.57,1914028.0
2015-08-03,93.87,94.5,92.86,93.42,2619785.0
2015-08-04,93.59,93.67,92.71,93.11,1674405.0
2015-08-05,93.88,95.85,93.7,95.52,2447451.0
2015-08-06,95.16,95.98,94.84,95.6,1561403.0
2015-08-07,95.44,95.99,95.29,95.85,1756191.0
2015-08-10,96.26,97.49,95.9,97.14,2155170.0
2015-08-11,96.44,96.8,95.63,96.24,1975297.0
2015-08-12,95.87,95.96,91.71,93.64,4891722.0
2015-08-13,93.55,93.92,91.56,93.1,2144138.0
2015-08-14,92.71,94.49,92.71,94.34,2235211.0
2015-08-17,93.86,94.26,93.07,94.18,1598999.0
2015-08-18,93.87,94.35,93.36,93.91,1786796.0
2015-08-19,93.23,93.28,91.22,91.98,4092960.0
2015-08-20,91.31,92.45,90.37,90.65,4497565.0
2015-08-21,85.75,86.39,81.89,83.29,15207991.0
2015-08-24,78.24,83.03,76.76,80.77,8039220.0
2015-08-25,83.01,83.01,79.02,79.09,6505458.0
2015-08-26,81.01,81.4,79.84,81.23,5223023.0
2015-08-27,82.01,82.47,80.87,82.39,3664221.0
2015-08-28,81.8,82.68,81.79,82.47,2647187.0
2015-08-31,82.3,82.53,81.62,81.78,2674110.0
2015-09-01,80.27,81.11,79.67,80.0,4790196.0
2015-09-02,80.98,81.18,79.63,80.78,2853123.0
2015-09-03,80.72,81.95,80.14,80.99,3022008.0
2015-09-04,79.83,80.16,79.01,79.22,3130613.0
2015-09-08,80.47,80.47,79.3,80.1,3079214.0
2015-09-09,81.03,81.66,79.4,79.57,2898808.0
2015-09-10,79.55,80.59,79.03,80.07,2912913.0
2015-09-11,80.01,80.25,78.9,79.25,3856027.0
2015-09-14,79.25,79.76,78.79,79.68,3128348.0
2015-09-15,79.19,81.77,79.19,81.41,3469818.0
2015-09-16,81.63,81.89,81.13,81.35,2980358.0
2015-09-17,80.94,81.41,80.09,80.43,3837038.0
2015-09-18,79.49,80.27,79.22,79.54,7779025.0
2015-09-21,79.61,79.7,78.73,79.16,3292208.0
2015-09-22,78.2,79.27,78.1,78.84,3322844.0
2015-09-23,78.81,78.96,77.43,77.69,3195431.0
2015-09-24,75.33,76.02,74.3,75.76,7835004.0
2015-09-25,76.1,76.27,74.74,75.81,3728671.0
2015-09-28,74.49,75.01,73.7,73.76,5479631.0
2015-09-29,73.71,74.44,73.42,73.62,2953850.0
2015-09-30,74.21,74.55,73.37,74.0,3246967.0
2015-10-01,74.21,74.21,72.19,72.89,4883774.0
2015-10-02,72.05,73.66,71.85,73.57,3852984.0
2015-10-05,74.45,78.41,74.2,78.21,6261504.0
2015-10-06,78.25,78.96,77.92,78.44,3354304.0
2015-10-07,78.94,79.93,77.8,78.89,4094302.0
2015-10-08,78.65,81.31,78.6,80.91,3707078.0
2015-10-09,80.99,81.46,79.73,79.87,4061420.0
2015-10-12,79.88,79.98,78.1,78.43,2754230.0
2015-10-13,77.71,77.84,76.49,76.93,3077821.0
2015-10-14,76.95,77.37,76.18,76.28,3181734.0
2015-10-15,76.46,76.88,75.26,76.23,2828599.0
2015-10-16,76.47,76.62,75.75,76.0,4967355.0
2015-10-19,75.71,76.07,75.29,75.97,3041857.0
2015-10-20,75.89,76.77,75.6,76.39,2771256.0
2015-10-21,76.81,78.49,76.45,76.65,3108888.0
2015-10-22,76.7,79.6,76.56,79.35,5754592.0
2015-10-23,79.6,81.11,79.6,80.26,4249268.0
2015-10-26,79.78,80.23,77.02,77.51,4491253.0
2015-10-27,76.57,76.97,75.81,76.12,4160181.0
2015-10-28,76.75,78.97,76.45,78.95,3392743.0
2015-10-29,78.44,78.96,77.93,78.24,2187816.0
2015-10-30,78.88,78.88,77.72,78.0,2668800.0
2015-11-02,78.49,80.51,78.19,80.19,3252524.0
2015-11-03,80.13,80.27,79.29,79.54,2384680.0
2015-11-04,79.55,79.73,77.74,78.24,2412154.0
2015-11-05,78.27,78.69,77.04,77.93,2217031.0
2015-11-06,77.53,77.83,76.11,77.51,3137978.0
2015-11-09,77.45,77.45,75.84,76.24,2307928.0
2015-11-10,76.19,77.19,75.36,76.27,2433817.0
2015-11-11,76.53,76.67,74.94,75.05,2791054.0
2015-11-12,74.55,74.77,73.15,73.27,3902445.0
2015-11-13,73.36,74.92,73.1,74.65,3463104.0
2015-11-16,73.96,74.8,73.46,74.71,3143023.0
2015-11-17,75.08,75.23,73.5,73.8,4486392.0
2015-11-18,74.02,74.63,73.76,74.52,3710094.0
2015-11-19,74.03,74.96,73.6,74.94,2528613.0
2015-11-20,75.21,75.94,75.0,75.48,3472117.0
2015-11-23,75.71,75.95,74.34,74.61,4011370.0
2015-11-24,73.86,76.88,73.8,76.34,8007289.0
2015-11-25,80.19,80.48,77.2,80.0,11169789.0
2015-11-27,80.08,80.17,78.85,79.09,2013448.0
2015-11-30,79.33,79.96,78.87,79.57,5095944.0
2015-12-01,79.42,79.86,78.82,79.49,2954363.0
2015-12-02,79.58,79.83,78.99,79.33,3012845.0
2015-12-03,79.43,79.49,77.95,78.3,2913441.0
2015-12-04,78.42,79.62,78.0,79.59,2400960.0
2015-12-07,79.15,79.25,78.19,79.1,2699519.0
2015-12-08,78.08,79.35,77.51,79.25,3388586.0
2015-12-09,79.15,80.55,78.67,79.24,3912122.0
2015-12-10,79.2,79.37,78.18,78.6,2817809.0
2015-12-11,77.75,77.99,76.63,77.16,3965493.0
2015-12-14,77.16,78.99,76.63,78.94,5027252.0
2015-12-15,79.36,79.77,76.74,77.25,6291257.0
2015-12-16,77.45,78.59,76.94,78.19,2912128.0
2015-12-17,78.34,78.53,76.75,76.91,3403187.0
2015-12-18,76.48,77.13,74.95,74.97,5292867.0
2015-12-21,75.56,76.03,74.63,75.71,3778297.0
2015-12-22,75.98,77.91,75.98,77.59,2583606.0
2015-12-23,78.25,79.39,78.15,79.22,3375909.0
2015-12-24,78.88,79.36,78.52,78.79,750172.0
2015-12-28,78.67,78.77,77.0,77.97,2726331.0
2015-12-29,77.56,78.13,77.13,77.64,1746530.0
2015-12-30,77.43,78.32,77.18,77.5,1643835.0
2015-12-31,77.01,77.2,76.26,76.27,2162571.0
2016-01-04,75.78,76.13,74.64,76.08,3586850.0
2016-01-05,75.95,76.54,75.02,76.52,2578298.0
2016-01-06,75.16,76.21,75.02,75.66,3157607.0
2016-01-07,74.39,76.03,74.25,74.99,3720482.0
2016-01-08,75.36,75.55,73.51,73.76,3530844.0
2016-01-11,73.89,74.37,73.21,74.15,3753557.0
2016-01-12,75.0,75.08,73.1,74.52,2915903.0
2016-01-13,74.81,75.48,73.15,73.22,3004253.0
2016-01-14,73.38,74.73,72.68,73.6,3144136.0
2016-01-15,72.0,73.46,71.91,73.12,4708620.0
2016-01-19,73.57,73.74,71.57,72.46,3913797.0
2016-01-20,71.37,73.01,70.16,72.0,4230216.0
2016-01-21,71.99,73.66,71.19,73.03,2731191.0
2016-01-22,74.19,76.23,73.65,74.61,3177407.0
2016-01-25,73.8,73.9,71.7,71.78,2633279.0
2016-01-26,72.02,73.58,71.64,73.57,2338780.0
2016-01-27,73.53,75.03,73.17,73.63,2665692.0
2016-01-28,74.7,75.24,73.36,74.81,2208695.0
2016-01-29,75.38,77.01,75.34,77.01,4369142.0
2016-02-01,76.77,77.13,75.73,76.8,2248257.0
2016-02-02,75.61,75.7,74.17,74.58,2647793.0
2016-02-03,75.0,75.73,72.86,75.41,2819241.0
2016-02-04,75.07,79.04,75.05,78.7,4976308.0
2016-02-05,78.4,79.84,78.1,78.42,4154178.0
2016-02-08,77.6,78.85,75.93,77.07,3622290.0
2016-02-09,75.9,78.6,75.9,78.08,2978668.0
2016-02-10,78.57,78.83,77.07,77.41,2314103.0
2016-02-11,75.88,77.14,75.18,76.41,3681915.0
2016-02-12,77.31,78.48,76.75,78.27,3154089.0
2016-02-16,79.23,79.94,77.74,79.81,3703294.0
2016-02-17,80.47,82.23,80.0,81.43,4992803.0
2016-02-18,81.41,81.68,79.18,80.33,5238180.0
2016-02-19,76.85,78.36,76.5,77.0,8955198.0
2016-02-22,77.3,78.79,77.2,78.4,3372601.0
2016-02-23,78.23,78.49,76.92,77.14,2911558.0
2016-02-24,76.69,79.3,75.73,79.0,2922334.0
2016-02-25,79.21,79.65,78.56,79.6,1955232.0
2016-02-26,79.87,80.59,79.21,79.47,2603025.0
2016-02-29,79.59,81.35,79.05,80.18,4582552.0
2016-03-01,80.64,82.15,79.5,81.05,3424949.0
2016-03-02,80.64,82.06,80.16,81.84,2508472.0
2016-03-03,81.77,83.82,81.45,83.67,2860149.0
2016-03-04,83.67,86.07,83.46,84.88,4250320.0
2016-03-07,84.6,85.95,84.26,85.68,3512841.0
2016-03-08,84.87,85.13,82.75,83.85,3212293.0
2016-03-09,84.15,84.7,82.63,83.04,2677175.0
2016-03-10,82.82,82.9,81.39,82.38,2774207.0
2016-03-11,83.0,83.43,82.37,82.95,2779546.0
2016-03-14,82.61,83.32,81.52,81.85,2822325.0
2016-03-15,80.97,81.02,80.06,80.65,3149719.0
2016-03-16,80.56,81.57,80.25,81.41,2591987.0
2016-03-17,81.62,83.52,81.27,83.06,3513109.0
2016-03-18,83.27,83.86,82.46,82.63,7184833.0
2016-03-21,82.78,83.03,81.93,82.72,2372959.0
2016-03-22,82.39,82.56,81.99,82.26,1548334.0
2016-03-23,81.91,82.01,80.54,80.84,1911642.0
2016-03-24,80.5,80.58,80.0,80.24,3263790.0
2016-03-28,80.32,80.57,79.5,80.17,3158573.0
2016-03-29,79.14,80.7,79.14,80.5,2301348.0
2016-03-30,81.0,81.09,80.01,80.12,2566303.0
2016-03-31,80.18,80.36,76.91,76.99,6598024.0
2016-04-01,76.26,76.59,74.91,76.5,6396631.0
2016-04-04,76.28,76.85,75.78,75.9,2930830.0
2016-04-05,75.4,76.63,75.27,76.07,2494222.0
2016-04-06,76.12,76.53,75.35,76.34,2564149.0
2016-04-07,76.0,76.28,75.5,76.18,2444646.0
2016-04-08,76.84,77.25,75.91,76.31,2076393.0
2016-04-11,76.46,77.16,75.75,75.75,1668867.0
2016-04-12,75.91,76.94,75.79,76.6,2011457.0
2016-04-13,76.75,78.53,76.33,78.46,3187074.0
2016-04-14,78.45,78.8,77.48,77.66,2355996.0
2016-04-15,77.66,78.21,77.36,77.44,2536893.0
2016-04-18,77.15,78.48,76.81,78.32,2243109.0
2016-04-19,78.76,82.63,78.67,82.36,7015541.0
2016-04-20,82.18,84.94,81.7,84.26,6474403.0
2016-04-21,84.49,84.94,82.4,82.8,4038198.0
2016-04-22,83.02,83.46,82.7,82.8,2087389.0
2016-04-25,82.61,82.75,81.37,82.41,2153454.0
2016-04-26,82.93,83.99,82.75,83.42,2096242.0
2016-04-27,84.07,85.24,83.56,84.71,2876671.0
2016-04-28,84.03,85.34,83.5,83.93,2167043.0
2016-04-29,83.53,84.64,83.4,84.11,2111936.0
2016-05-02,84.12,84.93,83.48,84.29,1829251.0
2016-05-03,83.6,83.85,82.53,83.4,1957402.0
2016-05-04,83.28,83.49,81.76,82.18,1697328.0
2016-05-05,82.23,82.3,80.77,81.2,2868472.0
2016-05-06,80.74,81.7,80.59,81.45,1258826.0
2016-05-09,81.04,81.12,80.02,80.58,1649213.0
2016-05-10,80.91,84.38,80.61,83.81,5948018.0
2016-05-11,83.65,84.95,83.02,83.9,3344352.0
2016-05-12,84.26,84.93,82.57,84.15,3936383.0
2016-05-13,83.8,84.29,82.28,82.47,2425219.0
2016-05-16,82.61,84.14,82.61,83.63,2302947.0
2016-05-17,83.66,84.25,82.58,83.2,2537355.0
2016-05-18,82.85,83.11,81.92,82.6,2672600.0
2016-05-19,81.98,83.34,81.68,82.25,5061996.0
2016-05-20,80.85,80.95,77.5,77.74,12350172.0
2016-05-23,77.5,79.17,77.25,77.88,4604027.0
2016-05-24,78.99,79.73,78.41,79.64,3377604.0
2016-05-25,80.18,80.88,79.95,80.49,2923614.0
2016-05-26,80.84,81.08,80.12,80.27,2501018.0
2016-05-27,80.2,80.5,79.82,80.5,1744444.0
2016-05-31,81.97,83.12,81.86,82.29,6380021.0
2016-06-01,81.96,83.01,81.35,82.83,2451957.0
2016-06-02,82.73,84.14,82.42,84.06,2830801.0
2016-06-03,84.91,86.2,84.8,85.57,4244420.0
2016-06-06,85.75,87.81,85.7,87.48,4967685.0
2016-06-07,87.28,87.85,87.05,87.31,2456254.0
2016-06-08,87.97,88.2,86.42,87.18,3511275.0
2016-06-09,86.29,87.16,85.96,86.95,1802168.0
2016-06-10,85.84,86.49,85.1,85.67,3538348.0
2016-06-13,85.64,86.87,85.3,85.32,2771475.0
2016-06-14,85.0,85.39,83.63,85.15,3168082.0
2016-06-15,85.56,85.78,84.74,84.83,1466048.0
2016-06-16,84.31,85.31,83.15,85.12,2075532.0
2016-06-17,85.69,86.54,85.45,86.0,3526149.0
2016-06-20,86.76,86.99,85.46,85.59,3069658.0
2016-06-21,85.39,85.4,84.04,84.09,3536050.0
2016-06-22,84.56,84.85,83.89,83.92,2177616.0
2016-06-23,84.93,84.95,83.53,84.29,2284961.0
2016-06-24,81.83,83.16,81.4,81.72,4897602.0
2016-06-27,81.33,81.37,79.78,80.58,3573240.0
2016-06-28,80.93,81.85,80.04,81.38,2537948.0
2016-06-29,82.03,82.28,80.55,81.51,2821417.0
2016-06-30,81.89,81.95,79.83,81.04,4921422.0
2016-07-01,81.22,81.38,80.34,80.9,2734341.0
2016-07-05,80.26,80.53,78.61,79.17,2990663.0
2016-07-06,79.05,79.49,78.25,79.47,2387270.0
2016-07-07,79.65,80.17,79.04,79.37,2167512.0
2016-07-08,80.22,81.09,80.0,80.97,1974902.0
2016-07-11,80.97,81.4,80.49,80.99,2314715.0
2016-07-12,81.0,82.64,80.38,82.42,3866581.0
2016-07-13,82.68,83.52,82.43,82.96,2772599.0
2016-07-14,83.58,84.65,83.39,83.64,3588149.0
2016-07-15,83.96,83.96,82.88,83.41,2774593.0
2016-07-18,83.21,83.92,81.96,83.82,2489129.0
2016-07-19,82.82,83.32,82.47,83.26,2487648.0
2016-07-20,83.04,83.46,82.75,82.81,2297555.0
2016-07-21,83.06,83.62,82.11,82.22,3123847.0
2016-07-22,82.2,82.2,79.84,80.12,4753522.0
2016-07-25,79.03,79.1,76.87,77.92,7436304.0
2016-07-26,78.68,79.99,78.56,78.99,4139767.0
2016-07-27,79.36,79.5,78.39,78.45,2496545.0
2016-07-28,78.48,78.56,77.81,78.17,4712409.0
2016-07-29,77.27,78.18,77.13,77.71,3753890.0
2016-08-01,77.75,77.98,77.18,77.69,1898647.0
2016-08-02,77.36,77.94,77.36,77.7,3483358.0
2016-08-03,77.76,78.61,77.71,78.31,1865304.0
2016-08-04,78.4,78.76,77.41,77.74,2235467.0
2016-08-05,78.07,78.83,77.71,78.34,2460102.0
2016-08-08,78.55,78.99,78.41,78.92,2698589.0
2016-08-09,79.0,79.5,78.39,78.89,3067908.0
2016-08-10,79.06,79.19,77.99,78.15,1780544.0
2016-08-11,78.29,78.47,77.92,77.99,2773015.0
2016-08-12,77.99,78.23,76.83,77.0,3812256.0
2016-08-15,77.15,78.65,76.96,78.28,2667441.0
2016-08-16,78.34,78.42,77.74,78.15,1947391.0
2016-08-17,78.0,78.31,77.24,77.43,2764648.0
2016-08-18,77.3,77.67,76.73,76.94,4041188.0
2016-08-19,79.41,88.09,79.37,87.32,23735606.0
2016-08-22,86.95,88.43,86.6,87.96,7998136.0
2016-08-23,88.4,88.63,87.26,88.09,5280009.0
2016-08-24,87.86,88.43,87.35,87.42,3795959.0
2016-08-25,87.29,87.7,86.93,87.29,3044647.0
2016-08-26,87.42,87.99,86.59,86.74,3031566.0
2016-08-29,86.66,87.05,86.35,86.93,2007601.0
2016-08-30,87.0,87.05,85.51,85.72,2918872.0
2016-08-31,85.49,85.49,83.92,84.55,4440328.0
2016-09-01,84.5,84.82,83.38,83.55,2996580.0
2016-09-02,83.95,84.19,83.74,84.05,2071205.0
2016-09-06,83.93,84.64,83.82,84.47,2906657.0
2016-09-07,84.06,84.4,83.77,84.02,2186598.0
2016-09-08,83.87,83.98,83.25,83.58,2234649.0
2016-09-09,83.2,83.36,82.21,82.23,3112130.0
2016-09-12,82.02,83.66,81.77,83.09,3635285.0
2016-09-13,82.23,82.71,80.85,81.09,3166282.0
2016-09-14,81.42,81.42,80.35,80.57,2452922.0
2016-09-15,80.78,81.78,80.43,81.61,2161548.0
2016-09-16,81.2,82.07,80.69,81.95,3596007.0
2016-09-19,82.29,82.71,81.89,82.11,2073747.0
2016-09-20,82.6,83.36,82.26,82.47,1918242.0
2016-09-21,82.98,83.19,82.33,83.05,2020055.0
2016-09-22,83.39,84.24,83.19,84.16,2790628.0
2016-09-23,84.0,84.15,83.18,83.34,2561257.0
2016-09-26,83.27,83.83,83.2,83.58,3409633.0
2016-09-27,83.07,83.55,82.8,83.05,2797917.0
2016-09-28,82.72,84.17,82.7,84.09,3389522.0
2016-09-29,84.09,84.91,83.47,83.86,2725510.0
2016-09-30,84.22,85.49,84.18,85.35,3157773.0
2016-10-03,84.42,85.8,84.24,85.35,2679584.0
2016-10-04,85.55,86.24,84.65,84.7,2126319.0
2016-10-05,85.0,85.78,84.51,85.12,1782975.0
2016-10-06,85.13,86.02,85.05,85.29,2029433.0
2016-10-07,85.28,86.67,85.12,86.3,2922678.0
2016-10-10,87.42,89.34,87.3,87.49,3719779.0
2016-10-11,87.18,87.79,86.57,87.05,2008081.0
2016-10-12,87.13,87.62,86.6,86.94,2167683.0
2016-10-13,86.45,86.77,86.12,86.34,2437082.0
2016-10-14,86.88,87.29,86.34,86.4,1800740.0
2016-10-17,86.43,86.73,86.3,86.47,1118660.0
2016-10-18,87.12,87.12,85.81,86.61,1881993.0
2016-10-19,86.5,86.93,85.95,86.56,1915316.0
2016-10-20,86.4,86.45,85.33,86.11,1951768.0
2016-10-21,85.39,86.5,85.27,86.43,1394886.0
2016-10-24,86.81,87.19,86.18,86.7,1323392.0
2016-10-25,86.33,87.49,86.22,86.52,2039166.0
2016-10-26,85.88,87.47,85.62,87.04,2192599.0
2016-10-27,87.6,87.6,86.69,87.0,1998024.0
2016-10-28,87.18,87.6,86.67,87.17,2483137.0
2016-10-31,87.92,88.85,87.8,88.3,2536380.0
2016-11-01,88.83,88.83,87.38,88.09,2998271.0
2016-11-02,87.85,88.69,87.85,88.16,3101673.0
2016-11-03,88.13,88.58,87.87,88.3,2201066.0
2016-11-04,88.27,88.53,87.68,88.06,1974177.0
2016-11-07,89.0,89.78,88.23,89.0,2572313.0
2016-11-08,88.92,89.56,88.61,88.99,1915290.0
2016-11-09,89.54,92.99,89.17,90.11,7834692.0
2016-11-10,90.59,91.83,89.96,90.7,3479439.0
2016-11-11,90.47,91.15,89.69,91.1,3176846.0
2016-11-14,90.97,92.0,90.97,91.62,2727767.0
2016-11-15,91.34,91.56,90.84,91.25,2368413.0
2016-11-16,90.86,91.52,90.75,91.25,1725478.0
2016-11-17,91.24,92.04,90.99,91.77,1954235.0
2016-11-18,91.69,92.19,91.53,91.96,2398470.0
2016-11-21,92.27,92.4,91.33,92.3,2756087.0
2016-11-22,92.75,93.14,91.84,92.01,5413981.0
2016-11-23,99.8,102.5,98.57,102.17,20499126.0
2016-11-25,101.68,104.83,100.8,103.92,6584679.0
2016-11-28,103.49,103.71,101.69,101.7,4903517.0
2016-11-29,100.71,101.11,99.84,100.35,5902405.0
2016-11-30,100.56,102.08,100.2,100.2,5146353.0
2016-12-01,100.95,103.04,100.15,102.7,6152288.0
2016-12-02,102.04,102.45,101.1,101.5,3282489.0
2016-12-05,102.32,102.56,101.04,101.29,3462147.0
2016-12-06,100.84,103.0,100.66,102.52,3039304.0
2016-12-07,102.45,103.23,102.03,102.86,4921086.0
2016-12-08,102.57,104.77,102.3,103.92,4334083.0
2016-12-09,103.23,103.82,102.76,103.62,3164330.0
2016-12-12,103.01,103.65,102.33,102.42,1712576.0
2016-12-13,102.19,102.41,101.19,101.33,2605861.0
2016-12-14,101.29,101.47,100.35,100.55,2140816.0
2016-12-15,100.55,101.83,100.05,101.4,2751008.0
2016-12-16,100.9,102.49,100.9,101.76,3717847.0
2016-12-19,101.5,103.0,101.4,102.25,1849035.0
2016-12-20,102.76,104.1,102.28,103.64,2093125.0
2016-12-21,103.54,103.54,102.7,103.09,1907527.0
2016-12-22,103.15,103.33,102.74,103.09,1858627.0
2016-12-23,103.0,103.31,102.75,103.12,1003943.0
2016-12-27,103.11,104.12,103.11,103.9,1752689.0
2016-12-28,103.45,104.33,103.15,103.41,2745291.0
2016-12-29,103.24,103.94,103.03,103.21,2130258.0
2016-12-30,103.22,103.48,102.78,103.04,1793890.0
2017-01-03,103.68,104.77,103.45,104.05,3379330.0
2017-01-04,104.01,106.5,104.01,105.82,4439027.0
2017-01-05,105.74,106.25,105.04,105.35,2328328.0
2017-01-06,105.8,106.75,105.41,106.49,2633695.0
2017-01-09,106.2,106.31,104.85,105.19,2195058.0
2017-01-10,105.0,105.35,104.63,104.89,1745437.0
2017-01-11,105.1,105.83,104.97,105.71,1235310.0
2017-01-12,105.16,105.43,103.99,105.17,2165962.0
2017-01-13,105.56,106.0,104.96,105.79,1360588.0
2017-01-17,105.71,105.71,104.1,104.34,2439353.0
2017-01-18,104.81,105.65,104.45,105.24,1941283.0
2017-01-19,105.43,105.7,104.92,105.02,1526117.0
2017-01-20,105.47,107.03,105.04,106.74,2843948.0
2017-01-23,106.74,107.3,106.45,107.12,2073146.0
2017-01-24,106.37,108.0,106.37,107.67,2277777.0
2017-01-25,107.82,108.47,107.58,108.06,2181239.0
2017-01-26,107.95,108.08,106.93,107.63,1560426.0
2017-01-27,107.88,107.99,107.1,107.99,1220679.0
2017-01-30,107.73,107.73,106.45,107.06,2420696.0
2017-01-31,106.43,107.15,105.64,107.05,1645836.0
2017-02-01,107.57,107.86,106.65,107.15,1375056.0
2017-02-02,107.2,107.58,106.62,107.43,1168062.0
2017-02-03,107.51,108.08,107.28,107.99,1895127.0
2017-02-06,107.76,108.15,107.45,108.06,2022266.0
2017-02-07,108.49,108.9,108.07,108.76,1755861.0
2017-02-08,108.28,108.55,107.75,108.41,1605864.0
2017-02-09,108.41,109.19,108.09,109.12,2715526.0
2017-02-10,109.25,110.39,109.15,110.24,2757834.0
2017-02-13,109.97,112.18,109.52,110.75,2704154.0
2017-02-14,110.29,110.42,109.06,110.05,3521051.0
2017-02-15,109.08,109.67,108.31,109.12,5231910.0
2017-02-16,109.19,109.4,107.96,109.17,4757882.0
2017-02-17,111.77,112.16,107.78,110.27,6717785.0
2017-02-21,110.24,110.27,108.55,109.61,3355005.0
2017-02-22,108.8,109.92,108.7,109.65,4206266.0
2017-02-23,109.55,109.7,106.72,107.73,4170699.0
2017-02-24,107.27,108.67,107.08,108.62,2166411.0
2017-02-27,108.65,109.74,108.56,109.51,1835218.0
2017-02-28,108.91,110.62,108.91,109.49,2812507.0
2017-03-01,110.72,111.78,110.71,111.22,2859796.0
2017-03-02,110.77,111.23,109.38,109.54,2349226.0
2017-03-03,109.42,111.01,108.86,110.83,1886960.0
2017-03-06,109.91,111.06,109.71,110.84,1689521.0
2017-03-07,110.83,110.95,110.02,110.24,1640003.0
2017-03-08,110.34,111.31,110.15,110.47,1892681.0
2017-03-09,110.54,110.9,108.81,109.58,2125623.0
2017-03-10,109.83,110.0,108.88,109.92,1876871.0
2017-03-13,110.17,110.67,109.35,109.88,1450694.0
2017-03-14,109.3,109.59,108.64,109.21,1504073.0
2017-03-15,109.59,111.32,109.17,110.79,2579993.0
2017-03-16,111.2,111.27,110.42,110.73,1378887.0
2017-03-17,110.74,111.11,110.23,110.45,4122211.0
2017-03-20,110.46,111.19,109.9,110.88,1360231.0
2017-03-21,111.26,111.49,109.14,109.61,2261840.0
2017-03-22,109.7,110.24,109.1,109.77,1650598.0
2017-03-23,109.86,110.71,109.26,109.53,1046453.0
2017-03-24,109.53,110.24,108.34,108.98,1844661.0
2017-03-27,107.61,107.99,106.93,107.16,3473250.0
2017-03-28,107.31,108.53,107.31,108.33,1864891.0
2017-03-29,107.65,108.33,107.36,108.18,1614993.0
2017-03-30,108.33,109.43,108.25,109.17,1091475.0
2017-03-31,108.8,109.87,108.38,108.86,2257904.0
2017-04-03,108.97,109.26,107.97,108.78,1642311.0
2017-04-04,108.93,109.63,108.5,109.5,1266755.0
2017-04-05,110.0,111.04,108.93,109.25,1322828.0
2017-04-06,109.62,110.89,109.2,110.44,1616506.0
2017-04-07,110.38,110.84,109.29,109.32,1334656.0
2017-04-10,109.45,110.21,109.18,109.63,1040235.0
2017-04-11,110.02,111.38,109.37,111.16,2846708.0
2017-04-12,110.99,111.2,109.28,109.35,2088243.0
2017-04-13,109.06,109.57,107.96,108.0,2341231.0
2017-04-17,108.27,108.99,107.75,108.8,1981443.0
2017-04-18,108.02,108.88,107.83,108.47,1690470.0
2017-04-19,108.8,108.99,107.89,108.22,1458192.0
2017-04-20,108.0,109.15,107.26,108.8,2014014.0
2017-04-21,109.04,109.47,107.04,107.54,2025129.0
2017-04-24,109.01,110.59,108.94,110.25,2711428.0
2017-04-25,111.68,114.13,111.57,113.15,3326137.0
2017-04-26,113.09,113.78,112.5,112.55,2208070.0
2017-04-27,112.5,112.68,110.54,111.18,2635255.0
2017-04-28,111.0,111.86,109.84,111.61,2297713.0
2017-05-01,112.72,112.79,111.93,111.97,1808433.0
2017-05-02,112.28,112.94,110.42,110.93,2653322.0
2017-05-03,110.34,111.0,109.79,110.79,2013417.0
2017-05-04,111.02,112.09,110.42,112.03,3691016.0
2017-05-05,111.6,113.14,111.38,113.11,1505807.0
2017-05-08,112.94,113.13,112.22,112.64,1460398.0
2017-05-09,113.05,114.04,112.84,113.58,2059747.0
2017-05-10,113.5,114.17,113.33,113.55,2164879.0
2017-05-11,113.45,114.13,112.29,113.47,1627000.0
2017-05-12,113.04,113.18,112.37,113.11,1421436.0
2017-05-15,113.62,113.97,113.27,113.8,2527912.0
2017-05-16,114.1,114.96,113.83,114.8,3202713.0
2017-05-17,113.63,114.46,113.05,113.23,2769947.0
2017-05-18,112.19,113.52,111.12,112.67,3278675.0
2017-05-19,120.37,122.24,119.0,120.9,11097657.0
2017-05-22,121.63,122.5,120.12,121.71,4423486.0
2017-05-23,121.88,122.65,121.03,122.13,3719482.0
2017-05-24,121.96,122.82,121.79,122.78,1990995.0
2017-05-25,123.0,123.43,122.06,122.43,2792232.0
2017-05-26,122.8,123.59,122.36,122.79,2132381.0
2017-05-30,122.0,122.65,121.85,122.26,3261639.0
2017-05-31,123.05,123.21,122.11,122.46,2341910.0
2017-06-01,125.25,125.98,124.12,124.7,4197964.0
2017-06-02,125.89,126.0,124.44,124.91,2429048.0
2017-06-05,124.9,126.44,124.63,125.33,2098404.0
2017-06-06,124.76,125.75,124.64,125.05,2051273.0
2017-06-07,125.05,125.67,124.79,125.29,2144807.0
2017-06-08,125.5,126.29,125.16,126.0,2267000.0
2017-06-09,126.27,127.04,125.32,125.95,2395422.0
2017-06-12,125.89,126.4,124.39,126.0,1997577.0
2017-06-13,126.0,126.65,126.0,126.42,1171671.0
2017-06-14,126.42,126.55,125.94,126.43,1836723.0
2017-06-15,125.7,126.55,125.41,126.37,3859925.0
2017-06-16,126.52,128.21,126.52,127.9,4207141.0
2017-06-19,128.37,128.37,126.5,126.99,2089823.0
2017-06-20,126.63,127.08,126.04,126.04,2204298.0
2017-06-21,126.3,126.4,124.13,124.78,1850730.0
2017-06-22,124.98,125.27,123.51,123.86,1979902.0
2017-06-23,123.81,124.47,123.35,123.6,7209789.0
2017-06-26,124.17,124.52,122.24,123.35,1714428.0
2017-06-27,123.94,124.27,121.94,122.0,1466351.0
2017-06-28,122.26,123.67,121.51,123.47,2375125.0
2017-06-29,123.38,123.41,120.92,121.91,1817760.0
2017-06-30,122.59,124.34,122.26,123.59,2305572.0
2017-07-03,124.19,125.5,123.79,124.95,1681918.0
2017-07-05,124.75,125.87,124.11,125.6,2293031.0
2017-07-06,125.29,125.47,124.69,125.09,1851906.0
2017-07-07,125.13,126.82,125.05,126.64,1584569.0
2017-07-10,126.71,128.5,126.67,128.14,3103879.0
2017-07-11,128.01,128.8,127.32,128.06,1834768.0
2017-07-12,128.8,129.0,123.46,123.48,4848240.0
2017-07-13,123.59,125.05,123.25,124.42,2894814.0
2017-07-14,124.52,125.78,124.27,125.47,1776971.0
2017-07-17,125.46,126.02,125.01,125.88,1573384.0
2017-07-18,125.89,126.44,125.34,126.09,1869390.0
2017-07-19,126.35,126.74,125.85,126.31,1474278.0
2017-07-20,126.25,126.72,125.35,125.6,2074141.0
2017-07-21,124.73,126.1,124.61,125.75,1455787.0
2017-07-24,125.92,126.65,125.7,126.55,1291182.0
2017-07-25,127.93,128.75,126.81,127.9,2127964.0
2017-07-26,128.05,128.18,127.0,127.82,1959293.0
2017-07-27,128.14,128.53,127.32,128.44,1472945.0
2017-07-28,128.44,129.02,128.06,128.91,1261212.0
2017-07-31,128.92,129.54,128.15,128.28,1281264.0
2017-08-01,128.64,129.46,128.18,129.02,1592215.0
2017-08-02,129.05,129.41,128.3,128.98,1512955.0
2017-08-03,128.94,129.66,128.84,129.51,1657569.0
2017-08-04,129.61,129.95,129.11,129.75,1214842.0
2017-08-07,130.18,130.5,129.66,129.96,1535249.0
2017-08-08,129.75,132.22,129.75,132.02,3955080.0
2017-08-09,131.2,132.5,131.18,132.41,1394165.0
2017-08-10,132.26,132.26,127.74,127.78,2991505.0
2017-08-11,127.93,128.51,126.49,126.7,2305693.0
2017-08-14,128.11,129.17,127.88,128.57,2146499.0
2017-08-15,126.79,128.08,126.13,127.18,2158282.0
2017-08-16,127.81,127.98,126.48,126.63,1919387.0
2017-08-17,126.49,127.04,123.6,123.98,4123346.0
2017-08-18,115.38,118.41,112.87,117.31,11364628.0
2017-08-21,117.47,118.39,116.03,116.52,4809147.0
2017-08-22,116.97,117.52,116.39,117.48,3052646.0
2017-08-23,117.0,117.13,115.95,116.45,2778190.0
2017-08-24,116.64,116.64,115.24,115.44,2738712.0
2017-08-25,116.08,116.26,115.06,115.84,1861059.0
2017-08-28,116.44,116.53,115.11,115.96,1471488.0
2017-08-29,115.0,115.94,114.53,115.89,2578263.0
2017-08-30,115.42,115.64,114.96,115.49,1809757.0
2017-08-31,115.95,116.44,115.03,115.93,2067730.0
2017-09-01,115.98,116.66,115.41,116.14,1815454.0
2017-09-05,116.02,117.15,115.3,115.53,3236047.0
2017-09-06,115.85,116.79,115.13,116.22,3147915.0
2017-09-07,116.19,116.76,114.76,116.33,2881397.0
2017-09-08,116.86,117.92,115.9,117.3,3000624.0
2017-09-11,118.47,118.59,116.97,117.93,2759642.0
2017-09-12,118.58,119.25,116.75,117.26,3726260.0
2017-09-13,117.16,117.96,116.72,117.37,2562119.0
2017-09-14,117.37,118.73,117.15,118.37,1802755.0
2017-09-15,118.37,119.45,118.37,119.01,6627120.0
2017-09-18,119.0,120.06,118.88,119.89,2009696.0
2017-09-19,120.0,123.37,119.9,123.08,3947014.0
2017-09-20,123.1,124.11,122.91,123.95,2173347.0
2017-09-21,123.81,124.84,123.51,124.78,1742351.0
2017-09-22,124.58,124.82,123.28,123.75,1864332.0
2017-09-25,123.68,123.91,123.11,123.77,1605232.0
2017-09-26,124.0,124.43,123.18,123.28,1057917.0
2017-09-27,123.5,123.9,122.7,123.32,2517755.0
2017-09-28,122.9,124.23,122.39,123.66,2861093.0
2017-09-29,124.0,125.64,123.8,125.59,3093371.0
2017-10-02,125.7,127.31,125.08,127.29,2628082.0
2017-10-03,127.3,128.29,126.98,128.1,1589970.0
2017-10-04,127.91,128.55,127.02,128.33,1400341.0
2017-10-05,128.3,128.43,127.62,128.01,1415717.0
2017-10-06,127.7,128.31,127.27,128.13,1496643.0
2017-10-09,128.22,128.72,127.74,128.64,988102.0
2017-10-10,128.93,128.98,127.96,128.25,1123237.0
2017-10-11,128.01,128.23,126.93,127.77,1867981.0
2017-10-12,127.6,129.28,127.34,128.5,2751508.0
2017-10-13,129.02,129.02,127.38,127.91,2023197.0
2017-10-16,128.3,128.62,127.71,127.72,1249294.0
2017-10-17,127.78,129.22,127.78,128.69,1777132.0
2017-10-18,128.53,129.32,128.26,128.72,1701007.0
2017-10-19,128.24,128.59,127.53,128.52,1637603.0
2017-10-20,129.0,129.17,128.13,129.15,1384854.0
2017-10-23,129.28,130.21,128.65,129.59,1337398.0
2017-10-24,131.58,132.36,130.28,131.02,3153842.0
2017-10-25,131.26,131.64,129.34,130.56,1498341.0
2017-10-26,130.91,132.78,130.54,132.14,1786944.0
2017-10-27,132.14,133.31,131.33,133.25,1658273.0
2017-10-30,132.87,133.76,132.3,132.3,2708141.0
2017-10-31,133.29,133.49,132.19,132.88,1319766.0
2017-11-01,133.87,134.73,133.25,134.27,1558039.0
2017-11-02,134.07,135.04,133.18,134.44,1640974.0
2017-11-03,134.59,135.03,134.19,135.03,1056453.0
2017-11-06,135.01,135.83,134.66,135.31,2432005.0
2017-11-07,135.54,136.69,135.54,135.71,1234168.0
2017-11-08,135.75,135.88,134.52,134.64,1271210.0
2017-11-09,134.0,134.2,130.77,131.28,2879156.0
2017-11-10,131.61,132.54,131.22,132.23,2990768.0
2017-11-13,131.5,133.18,131.13,131.91,1820334.0
2017-11-14,132.05,133.0,131.57,132.88,1591348.0
2017-11-15,132.29,133.02,131.36,132.27,1764781.0
2017-11-16,132.77,135.27,132.63,134.61,2065882.0
2017-11-17,134.01,136.51,133.76,135.77,1964978.0
2017-11-20,136.18,137.82,136.14,136.92,2564504.0
2017-11-21,139.01,140.36,137.95,139.23,5917249.0
2017-11-22,145.53,146.0,142.36,145.25,8094239.0
2017-11-24,146.13,147.91,145.49,145.5,1964901.0
2017-11-27,145.75,148.83,145.32,148.77,3880838.0
2017-11-28,148.05,149.81,147.22,149.38,3992815.0
2017-11-29,149.0,149.2,147.17,148.44,2421766.0
2017-11-30,148.95,150.75,148.0,149.86,3726437.0
2017-12-01,150.25,150.49,146.93,149.94,2022456.0
2017-12-04,151.99,152.68,150.92,150.97,1893832.0
2017-12-05,151.64,152.54,150.26,150.67,1802567.0
2017-12-06,150.4,151.38,149.42,149.45,1411075.0
2017-12-07,149.16,151.48,149.0,151.11,1434488.0
2017-12-08,151.81,152.46,151.05,151.58,1083971.0
2017-12-11,150.66,151.58,150.56,151.33,1537230.0
2017-12-12,151.24,151.71,150.39,151.07,1699151.0
2017-12-13,151.68,153.34,151.26,151.95,1608179.0
2017-12-14,152.37,152.58,149.31,149.44,1420699.0
2017-12-15,150.6,152.0,150.55,150.87,2555876.0
2017-12-18,152.5,154.67,152.42,154.04,1985094.0
2017-12-19,154.34,154.98,152.02,154.48,1841190.0
2017-12-20,154.94,155.24,154.0,154.37,1430579.0
2017-12-21,154.98,156.3,154.25,155.86,2315635.0
2017-12-22,156.06,158.1,155.11,157.53,1714713.0
2017-12-26,157.95,158.76,156.81,158.75,2407159.0
2017-12-27,158.62,159.1,158.22,158.58,1781505.0
2017-12-28,158.48,158.66,157.3,157.7,1237573.0
2017-12-29,157.95,157.99,156.47,156.51,1258214.0
2018-01-02,156.67,158.06,156.55,158.01,1897594.0
2018-01-03,157.89,159.1,157.64,158.73,1392277.0
2018-01-04,159.2,160.1,157.35,159.64,1747032.0
2018-01-05,159.8,160.47,156.59,160.32,1574438.0
2018-01-08,160.05,161.18,158.9,161.11,2711764.0
2018-01-09,161.75,165.98,161.52,165.6,4345247.0
2018-01-10,166.74,168.44,164.1,164.94,5473728.0
2018-01-11,165.12,167.55,163.77,167.46,1958155.0
2018-01-12,168.45,170.73,167.96,169.3,2317251.0
2018-01-16,170.15,170.61,166.36,167.54,2046074.0
2018-01-17,168.6,168.64,166.39,167.43,1960392.0
2018-01-18,166.96,168.45,166.26,167.9,2185930.0
2018-01-19,168.53,170.32,168.09,170.32,1613861.0
2018-01-22,170.0,170.4,168.72,170.38,1401045.0
2018-01-23,169.9,170.09,168.43,168.66,1365034.0
2018-01-24,169.71,170.43,168.06,169.6,1448670.0
2018-01-25,171.0,171.4,166.91,169.13,1651278.0
2018-01-26,169.5,171.96,169.14,171.49,1554515.0
2018-01-29,171.84,171.95,168.76,169.18,1487645.0
2018-01-30,167.75,169.4,166.82,168.51,1712703.0
2018-01-31,169.5,170.58,166.16,166.42,1969831.0
2018-02-01,165.99,168.39,164.26,167.85,1721318.0
2018-02-02,166.66,167.93,164.72,164.96,2568696.0
2018-02-05,163.1,166.06,156.97,157.02,3549609.0
2018-02-06,153.95,162.26,151.45,161.88,3377384.0
2018-02-07,161.17,164.16,160.91,161.44,2378814.0
2018-02-08,161.2,161.22,153.61,153.66,3051313.0
2018-02-09,156.37,157.15,148.6,154.93,3895342.0
2018-02-12,156.74,160.36,155.91,159.21,2343108.0
2018-02-13,158.02,161.61,157.56,161.3,1795898.0
2018-02-14,159.96,164.88,159.76,163.28,2853962.0
2018-02-15,165.0,167.42,162.99,166.81,3026210.0
2018-02-16,165.52,175.26,162.01,169.44,6626872.0
2018-02-20,169.1,169.96,163.64,164.77,3750423.0
2018-02-21,164.8,166.78,161.97,162.09,2753281.0
2018-02-22,163.0,165.8,162.76,164.16,1908817.0
2018-02-23,165.02,166.26,162.87,166.24,2038824.0
2018-02-26,167.05,168.31,165.63,167.46,1770001.0
2018-02-27,167.29,167.53,163.58,163.58,2281832.0
2018-02-28,163.92,164.92,160.87,160.87,2781390.0
2018-03-01,160.75,162.85,155.74,156.81,3697016.0
2018-03-02,155.86,156.26,151.78,153.31,4169468.0
2018-03-05,152.54,158.24,151.04,157.54,3093424.0
2018-03-06,158.6,159.57,157.46,158.51,2393992.0
2018-03-07,156.04,158.32,154.98,157.9,2589069.0
2018-03-08,158.65,161.35,155.72,161.06,3508011.0
2018-03-09,162.0,168.01,161.73,167.93,3828040.0
2018-03-12,167.96,168.05,162.8,164.03,2260882.0
2018-03-13,164.96,166.31,160.67,161.32,2732314.0
2018-03-14,162.42,162.5,158.9,160.21,2243023.0
2018-03-15,160.92,161.68,159.15,159.6,1320744.0
2018-03-16,160.1,163.98,159.37,163.88,3818654.0
2018-03-19,162.65,162.93,157.83,159.53,2798593.0
2018-03-20,160.2,162.05,159.18,159.99,1499440.0
2018-03-21,158.89,160.44,155.73,158.05,2901505.0
2018-03-22,154.15,156.37,151.21,151.58,3768818.0
2018-03-23,151.76,153.73,147.6,148.0,2940618.0
2018-03-26,151.39,153.68,148.9,153.34,2463843.0
2018-03-27,154.24,156.99,150.9,152.16,2691447.0
2018-03-28,151.48,153.63,148.79,151.48,2654959.0
2018-03-29,152.4,155.83,151.52,155.32,3526734.0
2018-04-02,154.38,154.88,149.29,151.82,2150559.0
2018-04-03,152.69,153.21,149.76,153.04,1957437.0
2018-04-04,145.32,149.16,143.57,148.57,4478077.0
2018-04-05,149.92,153.23,149.31,151.34,2963361.0
2018-04-06,149.33,149.8,143.03,145.39,3294018.0
2018-04-09,146.67,147.44,142.73,142.96,3629628.0
2018-04-10,146.05,149.49,145.44,148.01,2611931.0
2018-04-11,145.27,146.18,144.25,144.41,2309017.0
2018-04-12,145.65,151.18,145.65,150.26,3258099.0
2018-04-13,151.71,152.0,148.98,149.98,2634925.0
2018-04-16,151.17,151.28,148.29,148.98,2608093.0
2018-04-17,150.69,152.15,149.15,149.15,1957825.0
2018-04-18,150.59,151.71,149.41,149.77,2022003.0
2018-04-19,149.83,150.52,146.5,148.1,2290309.0
2018-04-20,148.33,149.87,146.3,146.96,1896708.0
2018-04-23,147.25,147.82,145.32,146.04,1245177.0
2018-04-24,148.31,149.15,137.41,138.11,5467927.0
2018-04-25,138.07,139.9,136.1,138.0,3067279.0
2018-04-26,138.08,138.24,133.7,136.33,4071649.0
2018-04-27,136.7,139.93,136.33,137.56,2601951.0
2018-04-30,137.74,138.44,135.22,135.33,2533382.0
2018-05-01,134.76,136.22,132.18,135.37,2378762.0
2018-05-02,135.41,137.88,134.59,134.75,2585011.0
2018-05-03,136.0,137.42,131.26,136.87,3716881.0
2018-05-04,136.12,138.25,135.14,137.3,1934657.0
2018-05-07,140.0,141.77,139.27,140.22,1840883.0
2018-05-08,140.53,142.7,140.22,142.07,2189255.0
2018-05-09,143.21,145.53,142.09,145.16,2332556.0
2018-05-10,145.47,147.5,144.55,146.61,2413841.0
2018-05-11,146.81,149.0,146.15,147.32,2487016.0
2018-05-14,148.4,148.62,145.79,146.75,3483932.0
2018-05-15,145.15,146.45,143.31,145.53,3135001.0
2018-05-16,145.62,147.6,145.62,147.35,1887355.0
2018-05-17,147.3,148.1,145.4,146.81,4095666.0
2018-05-18,146.5,157.1,146.11,155.25,7788803.0
2018-05-21,159.46,161.39,156.1,158.33,4921973.0
2018-05-22,158.5,159.41,154.9,155.09,2462044.0
2018-05-23,154.0,156.69,153.05,156.58,2004980.0
2018-05-24,158.54,158.65,155.94,158.18,2426798.0
2018-05-25,157.7,159.39,157.57,159.0,2096691.0
2018-05-29,157.04,158.88,153.51,155.01,3350537.0
2018-05-30,155.78,156.15,154.21,155.08,2870613.0
2018-05-31,154.92,155.07,149.46,149.51,4754585.0
2018-06-01,150.7,154.04,150.53,153.39,2655932.0
2018-06-04,153.73,154.12,151.18,151.54,1736967.0
2018-06-05,152.33,154.57,151.91,154.45,1872184.0
2018-06-06,155.14,158.56,154.78,158.55,2468089.0
2018-06-07,158.44,160.31,157.66,158.65,2192306.0
2018-06-08,158.13,158.61,156.05,157.12,1390337.0
2018-06-11,156.87,157.74,155.39,156.68,1925126.0
2018-06-12,156.55,158.6,156.55,157.59,2548888.0
2018-06-13,157.91,157.91,152.93,153.34,2386119.0
2018-06-14,153.06,153.9,150.01,150.18,3072074.0
2018-06-15,148.57,150.2,145.69,148.75,5991018.0
2018-06-18,147.39,148.14,146.65,147.79,2947186.0
2018-06-19,145.0,145.0,141.54,142.28,3752538.0
2018-06-20,142.65,144.85,140.88,144.35,2609613.0
2018-06-21,143.47,143.81,140.7,142.01,2784423.0
2018-06-22,143.68,145.36,142.87,143.17,2358407.0
2018-06-25,141.73,141.92,138.65,139.65,3705174.0
2018-06-26,140.03,141.13,138.72,139.65,1832452.0
2018-06-27,140.93,143.34,139.13,139.38,2433728.0
2018-06-28,138.59,140.48,137.32,139.42,1619912.0
2018-06-29,140.11,142.72,139.58,139.8,1917684.0
2018-07-02,138.06,141.33,137.88,141.16,1867620.0
2018-07-03,141.8,142.0,139.86,140.24,1582103.0
2018-07-05,140.56,140.99,138.08,139.7,3014905.0
2018-07-06,139.93,140.3,137.9,139.98,2101616.0
2018-07-09,140.87,145.77,140.36,144.42,2149840.0
2018-07-10,145.34,146.29,143.79,144.55,1531899.0
2018-07-11,142.17,142.56,140.68,141.42,2396584.0
2018-07-12,141.81,142.79,140.58,140.8,1681735.0
2018-07-13,140.8,140.83,137.48,137.58,5113975.0
2018-07-16,137.63,137.94,135.42,136.27,3726417.0
2018-07-17,134.73,138.11,134.37,138.0,2704798.0
2018-07-18,137.8,139.49,137.38,139.21,2398084.0
2018-07-19,138.37,141.3,138.15,140.3,2303381.0
2018-07-20,138.16,139.19,136.6,137.17,2832465.0
2018-07-23,136.5,136.82,135.29,135.53,2789945.0
2018-07-24,136.87,141.99,135.33,139.84,5146252.0
2018-07-25,139.58,142.47,136.15,141.32,4363373.0
2018-07-26,141.95,144.21,141.32,142.73,3585312.0
2018-07-27,143.85,143.85,139.64,140.8,2368448.0
2018-07-30,141.69,142.62,137.85,138.2,2994549.0
2018-07-31,140.14,145.75,140.0,144.79,4856487.0
2018-08-01,143.6,144.96,141.1,141.91,2198474.0
2018-08-02,140.9,143.98,140.35,142.09,1343246.0
2018-08-03,142.15,144.0,142.01,143.36,1873746.0
2018-08-06,142.94,144.86,142.78,143.93,1472899.0
2018-08-07,144.51,147.38,144.51,146.12,1549923.0
2018-08-08,145.93,146.32,144.17,144.81,2329039.0
2018-08-09,143.55,143.96,138.65,139.83,3782489.0
2018-08-10,139.0,139.32,135.87,137.05,2413146.0
2018-08-13,137.0,137.33,135.61,136.91,2155159.0
2018-08-14,137.59,139.63,137.48,138.65,2808822.0
2018-08-15,137.52,137.52,132.83,135.7,2563109.0
2018-08-16,137.44,138.12,136.36,137.35,2995971.0
2018-08-17,134.18,142.39,132.32,140.59,8811212.0
2018-08-20,141.61,142.17,139.74,140.53,3509580.0
2018-08-21,140.73,144.39,140.7,143.83,1945226.0
2018-08-22,143.75,144.21,142.57,142.61,1278340.0
2018-08-23,142.21,142.31,139.9,141.18,1414695.0
2018-08-24,141.82,144.85,141.28,144.76,1945369.0
2018-08-27,145.26,147.28,145.26,146.2,1902531.0
2018-08-28,147.14,148.5,145.77,146.5,1535231.0
2018-08-29,146.86,146.99,145.67,145.99,1687780.0
2018-08-30,145.63,146.16,142.92,143.32,1491841.0
2018-08-31,142.63,144.16,142.19,143.8,1181338.0
2018-09-04,143.37,143.68,140.99,141.7,1698877.0
2018-09-05,141.03,145.09,141.03,144.88,2232115.0
2018-09-06,144.99,146.15,144.16,145.1,1446743.0
2018-09-07,145.1,148.35,144.02,147.63,3136319.0
2018-09-10,148.5,150.65,148.0,148.61,1872100.0
2018-09-11,147.5,149.67,146.88,148.6,1152154.0
2018-09-12,148.46,149.9,146.57,147.78,1949841.0
2018-09-13,148.75,150.16,148.35,148.87,1502078.0
2018-09-14,148.9,150.05,146.85,147.76,2002226.0
2018-09-17,148.33,150.44,148.05,149.04,2131049.0
2018-09-18,149.49,150.87,147.89,149.04,1530071.0
2018-09-19,149.34,153.75,149.3,152.39,2373000.0
2018-09-20,154.24,156.77,153.22,154.07,2762212.0
2018-09-21,154.37,155.07,152.66,152.81,2514028.0
2018-09-24,152.09,152.35,149.7,151.55,1713543.0
2018-09-25,151.7,152.36,150.16,151.29,1399994.0
2018-09-26,151.03,153.44,150.74,152.32,1784893.0
2018-09-27,152.4,154.0,151.0,151.22,1494466.0
2018-09-28,150.55,152.16,150.04,150.33,1736994.0
2018-10-01,151.72,152.47,150.18,150.86,2671014.0
2018-10-02,151.13,154.96,150.4,154.82,2149150.0
2018-10-03,155.65,158.9,155.12,158.21,2973670.0
2018-10-04,157.95,159.3,155.69,158.31,3882884.0
2018-10-05,158.5,158.7,154.73,156.4,1948333.0
2018-10-08,153.81,155.41,152.07,153.82,2863666.0
2018-10-09,152.96,153.73,150.11,150.45,2107389.0
2018-10-10,150.0,150.71,146.56,147.46,2861379.0
2018-10-11,146.78,151.0,145.5,146.47,3309474.0
2018-10-12,149.09,150.0,145.85,148.42,1880982.0
2018-10-15,148.05,150.11,147.56,148.45,1678310.0
2018-10-16,149.98,152.32,148.21,151.96,2124497.0
2018-10-17,151.12,152.48,149.43,151.64,1516048.0
2018-10-18,150.48,151.06,145.7,147.2,2491808.0
2018-10-19,147.52,149.0,145.37,145.91,1901500.0
2018-10-22,146.85,146.95,144.33,145.44,1702261.0
2018-10-23,139.5,141.31,136.66,139.63,5166898.0
2018-10-24,139.65,140.36,133.56,133.89,3731520.0
2018-10-25,135.63,138.31,134.33,136.78,1854399.0
2018-10-26,134.5,135.31,131.6,133.0,4771135.0
2018-10-29,135.4,135.79,128.32,130.56,3274796.0
2018-10-30,130.5,132.96,129.29,132.76,2347645.0
2018-10-31,134.62,137.04,134.62,135.44,2018161.0
2018-11-01,136.21,141.14,135.6,140.65,2953976.0
2018-11-02,142.53,143.97,141.17,141.72,2938057.0
2018-11-05,142.12,143.52,141.87,142.65,1576779.0
2018-11-06,142.43,145.51,142.09,145.47,1729463.0
2018-11-07,146.56,149.78,145.76,148.43,2161688.0
2018-11-08,147.78,148.18,145.04,146.67,1899770.0
2018-11-09,145.54,145.68,143.04,144.81,2581584.0
2018-11-12,145.0,145.94,143.55,144.57,1562774.0
2018-11-13,145.2,150.07,145.04,147.23,3540460.0
2018-11-14,148.39,150.24,145.16,147.22,1824165.0
2018-11-15,142.61,147.75,142.5,146.7,3015413.0
2018-11-16,145.72,148.23,145.21,147.87,2327256.0
2018-11-19,147.28,148.17,142.1,142.57,2912447.0
2018-11-20,140.47,140.47,135.87,138.52,3701359.0
2018-11-21,136.5,146.48,136.5,141.88,4987782.0
2018-11-23,139.76,143.44,139.74,142.84,1192503.0
2018-11-26,144.98,149.15,144.36,148.92,4361681.0
2018-11-27,147.98,148.94,146.65,147.81,1753991.0
2018-11-28,148.27,152.02,147.04,152.01,2421680.0
2018-11-29,151.85,152.49,149.09,149.97,2236708.0
2018-11-30,149.89,155.32,149.78,154.88,2534869.0
2018-12-03,161.99,164.37,161.13,162.21,5130441.0
2018-12-04,160.94,161.0,151.31,151.59,3549617.0
2018-12-06,147.66,154.49,146.57,154.39,4596166.0
2018-12-07,153.6,154.72,146.31,147.26,3005646.0
2018-12-10,145.78,148.14,143.85,147.03,1791443.0
2018-12-11,150.43,151.87,145.94,147.0,1818779.0
2018-12-12,150.14,151.59,148.0,148.14,1863925.0
2018-12-13,149.35,150.47,147.77,148.31,1733941.0
2018-12-14,146.31,149.51,146.31,149.01,1967970.0
2018-12-17,148.3,150.05,145.0,146.08,2504017.0
2018-12-18,148.34,150.86,147.83,149.23,2846216.0
2018-12-19,149.27,152.0,144.31,146.08,3173308.0
2018-12-20,145.12,148.35,142.6,144.64,2822783.0
2018-12-21,144.64,147.08,142.47,142.99,3931730.0
2018-12-24,141.75,142.34,137.38,137.38,1444661.0
2018-12-26,138.42,143.32,136.13,143.27,2267438.0
2018-12-27,141.2,146.72,140.16,146.72,2457319.0
2018-12-28,146.39,147.96,144.49,145.28,1597083.0
2018-12-31,146.22,149.24,146.22,149.17,1954556.0
2019-01-02,146.23,149.66,146.23,148.1,1987747.0
2019-01-03,147.42,147.66,142.7,144.05,2047215.0
2019-01-04,147.01,151.76,146.85,151.68,2549084.0
2019-01-07,151.92,155.94,150.89,154.16,2947645.0
2019-01-08,155.03,157.89,154.02,156.92,3125245.0
2019-01-09,157.86,157.9,153.5,154.33,3134647.0
2019-01-10,153.65,159.43,151.49,159.12,2693597.0
2019-01-11,158.0,159.78,156.61,158.28,2039033.0
2019-01-14,156.21,158.34,155.84,157.41,1365313.0
2019-01-15,157.34,158.75,155.76,157.05,1369063.0
2019-01-16,157.25,158.69,156.92,157.41,1457313.0
2019-01-17,156.74,161.64,156.25,160.07,2155088.0
2019-01-18,161.6,166.19,161.6,164.61,3879782.0
2019-01-22,162.89,163.0,157.38,158.84,2076458.0
2019-01-23,159.54,160.7,156.25,157.61,1780779.0
2019-01-24,157.75,159.09,157.07,158.43,1602061.0
2019-01-25,160.63,162.82,159.87,161.5,1826770.0
2019-01-28,157.09,158.42,155.2,156.49,2199362.0
2019-01-29,157.48,160.94,156.81,160.48,2199852.0
2019-01-30,162.46,163.68,160.07,162.91,1988956.0
2019-01-31,162.43,164.88,160.18,164.0,3118752.0
2019-02-01,164.08,164.36,162.96,163.88,1704320.0
2019-02-04,164.06,164.88,162.34,164.51,1907943.0
2019-02-05,164.63,164.99,163.01,164.21,1574659.0
2019-02-06,164.12,164.91,163.0,163.68,1660462.0
2019-02-07,162.69,163.8,160.11,161.8,2488117.0
2019-02-08,160.25,162.79,160.25,162.75,1628263.0
2019-02-11,163.63,164.24,161.93,161.94,1844242.0
2019-02-12,163.44,165.91,162.91,165.19,1894414.0
2019-02-13,163.89,164.5,162.07,162.7,2777708.0
2019-02-14,161.36,163.41,160.56,162.42,2029685.0
2019-02-15,159.49,163.4,157.31,158.99,7578554.0
2019-02-19,156.88,158.8,156.06,157.26,2971747.0
2019-02-20,157.6,160.62,157.55,159.88,3349199.0
2019-02-21,159.97,164.3,159.97,162.85,2838536.0
2019-02-22,163.0,166.0,163.0,165.97,1967227.0
2019-02-25,166.98,167.82,164.78,164.86,2502694.0
2019-02-26,163.6,165.05,162.81,163.8,1623677.0
2019-02-27,163.51,163.76,162.34,163.59,1850481.0
2019-02-28,163.23,165.03,162.5,164.04,1778024.0
2019-03-01,164.85,165.96,162.74,163.31,1668979.0
2019-03-04,164.6,167.02,164.15,165.82,2663085.0
2019-03-05,165.38,165.76,161.4,161.45,1966000.0
2019-03-06,161.25,161.31,157.82,158.24,2229689.0
2019-03-07,157.88,158.33,155.54,158.02,2051663.0
2019-03-08,155.88,159.98,155.88,159.01,1757323.0
2019-03-11,159.12,160.66,158.63,160.42,1340270.0
2019-03-12,160.56,161.0,158.72,159.14,1553058.0
2019-03-13,159.76,160.98,158.81,159.68,1661823.0
2019-03-14,159.06,159.24,156.96,157.76,1596842.0
2019-03-15,157.62,159.34,157.4,158.15,2386276.0
2019-03-18,157.98,160.49,157.57,160.3,1962519.0
2019-03-19,161.43,163.16,160.07,160.97,1685378.0
2019-03-20,160.52,161.5,158.02,159.66,2017123.0
2019-03-21,158.67,160.68,158.5,159.73,1082193.0
2019-03-22,158.32,158.95,155.26,155.94,2177805.0
2019-03-25,156.36,158.25,155.99,157.33,1137177.0
2019-03-26,158.44,158.87,156.51,157.6,1036681.0
2019-03-27,158.13,158.56,156.08,158.27,1068153.0
2019-03-28,158.0,158.5,156.73,158.08,1123330.0
2019-03-29,158.91,161.2,158.48,159.84,1862646.0
2019-04-01,161.64,163.08,160.68,161.91,1371388.0
2019-04-02,161.9,162.71,160.83,162.12,1184389.0
2019-04-03,163.04,164.06,162.17,163.39,1356107.0
2019-04-04,163.47,164.78,163.34,164.24,1197191.0
2019-04-05,164.84,165.44,164.21,165.03,1294567.0
2019-04-08,163.98,165.04,163.19,165.0,1133284.0
2019-04-09,162.18,162.41,158.46,158.83,2450959.0
2019-04-10,159.47,159.64,155.76,158.63,2746750.0
2019-04-11,158.64,160.3,157.9,160.16,1162243.0
2019-04-12,161.69,162.32,159.9,161.46,1220178.0
2019-04-15,161.83,162.59,161.38,162.49,1062472.0
2019-04-16,162.49,165.24,162.37,164.56,1310199.0
2019-04-17,164.86,165.79,163.85,165.45,1350741.0
2019-04-18,165.72,169.99,165.72,169.05,2215536.0
2019-04-22,168.24,169.96,167.9,169.15,1376696.0
2019-04-23,168.73,169.3,167.48,167.76,1891186.0
2019-04-24,167.3,167.72,165.26,165.31,1463430.0
2019-04-25,164.0,164.52,161.24,161.81,1256558.0
2019-04-26,162.83,165.03,161.61,165.01,988508.0
2019-04-29,165.41,166.63,165.06,166.29,889681.0
2019-04-30,166.67,166.67,163.34,165.63,1573710.0
2019-05-01,165.61,167.32,164.54,164.54,1327463.0
2019-05-02,164.99,166.65,162.15,164.12,1702396.0
2019-05-03,165.12,167.23,164.44,166.91,1050842.0
2019-05-06,161.25,161.5,158.13,160.18,2913176.0
2019-05-07,158.42,158.88,155.3,157.76,2182222.0
2019-05-08,157.15,157.79,155.35,155.59,1806538.0
2019-05-09,153.75,156.3,151.79,155.48,2025996.0
2019-05-10,154.82,156.34,151.97,156.05,1753990.0
2019-05-13,150.0,150.54,145.18,146.28,3172762.0
2019-05-14,146.22,148.93,145.45,147.11,2325422.0
2019-05-15,145.8,146.61,144.02,144.84,2330525.0
2019-05-16,146.19,148.06,145.0,145.99,2893384.0
2019-05-17,140.0,141.37,133.17,134.82,7817465.0
2019-05-20,133.97,136.0,132.68,135.37,3715321.0
2019-05-21,137.0,139.5,136.56,138.89,3567339.0
2019-05-22,137.92,140.08,137.72,138.78,2626832.0
2019-05-23,136.67,137.81,135.45,136.47,2584459.0
2019-05-24,138.18,139.4,137.43,138.95,2597214.0
2019-05-28,140.47,140.47,137.55,137.57,2054430.0
2019-05-29,137.18,141.37,136.54,141.13,3013158.0
2019-05-30,141.31,143.7,141.31,141.68,3110615.0
2019-05-31,139.5,140.76,137.8,140.17,2206626.0
2019-06-03,139.54,143.8,139.54,143.29,2213614.0
2019-06-04,145.0,146.58,143.89,145.62,1872086.0
2019-06-05,146.29,146.95,144.16,146.22,1634160.0
2019-06-06,145.94,147.17,144.84,146.49,1391287.0
2019-06-07,147.29,149.2,146.56,148.71,1555844.0
2019-06-10,149.67,151.23,149.65,149.81,1708546.0
2019-06-11,151.45,152.56,148.85,150.0,2019792.0
2019-06-12,149.25,149.85,147.71,148.79,1344071.0
2019-06-13,149.61,152.24,149.0,151.53,1192482.0
2019-06-14,151.66,152.1,149.52,151.51,1013456.0
2019-06-17,153.3,155.2,152.26,154.37,1742204.0
2019-06-18,156.25,159.97,155.51,159.38,2616958.0
2019-06-19,159.37,161.46,159.07,159.94,1671408.0
2019-06-20,162.25,163.13,160.85,162.76,1945060.0
2019-06-21,162.46,164.7,162.11,164.28,2380789.0
2019-06-24,165.13,168.38,164.9,166.88,2582432.0
2019-06-25,167.39,167.39,165.91,166.31,2084801.0
2019-06-26,166.0,166.58,165.63,166.12,2025659.0
2019-06-27,165.23,165.47,163.7,164.82,2072103.0
2019-06-28,164.83,167.06,164.83,165.71,6514867.0
2019-07-01,168.3,168.87,162.95,165.14,2427599.0
2019-07-02,165.43,165.67,164.09,165.13,1370969.0
2019-07-03,165.82,165.83,162.79,165.29,918563.0
2019-07-05,163.6,164.0,161.56,163.42,1291707.0
2019-07-08,163.04,164.67,162.01,163.89,1384106.0
2019-07-09,162.0,163.61,161.11,163.35,1486156.0
2019-07-10,162.21,163.12,160.62,160.81,1753247.0
2019-07-11,160.72,161.3,159.37,161.26,2012757.0
2019-07-12,162.12,165.41,162.11,165.37,2268640.0
2019-07-15,166.77,167.81,165.29,166.0,1983824.0
2019-07-16,165.21,166.6,164.75,166.15,1345224.0
2019-07-17,166.07,166.58,163.08,163.08,1368192.0
2019-07-18,162.75,163.86,162.03,163.24,1410275.0
2019-07-19,164.05,166.57,163.53,165.61,2690404.0
2019-07-22,165.6,166.58,164.56,165.14,970306.0
2019-07-23,166.27,168.94,165.46,168.35,2176805.0
2019-07-24,165.8,168.48,165.07,167.18,1775551.0
2019-07-25,167.0,167.34,165.35,166.91,1180640.0
2019-07-26,167.02,171.0,166.84,170.39,1950015.0
2019-07-29,170.29,171.22,169.13,170.26,1459581.0
2019-07-30,169.16,170.73,167.67,170.03,1400678.0
2019-07-31,170.1,170.34,164.62,165.65,2000280.0
2019-08-01,165.89,167.16,160.66,161.21,2193781.0
2019-08-02,159.59,159.84,157.1,158.7,2270178.0
2019-08-05,154.75,155.42,147.71,151.06,3243281.0
2019-08-06,152.42,154.35,150.41,152.78,1824753.0
2019-08-07,151.0,151.58,148.6,151.24,1747082.0
2019-08-08,152.1,155.2,151.45,155.06,1661318.0
2019-08-09,153.92,156.01,153.45,154.84,1742882.0
2019-08-12,153.95,154.34,146.82,147.05,3308034.0
2019-08-13,146.0,150.06,145.49,147.17,2906229.0
2019-08-14,144.11,144.78,141.85,143.17,3001003.0
2019-08-15,143.82,145.33,141.24,143.71,2402727.0
2019-08-16,143.5,150.99,143.49,149.23,3492991.0
2019-08-19,150.19,153.25,149.36,152.39,1993623.0
2019-08-20,152.05,152.59,151.12,152.1,1583702.0
2019-08-21,154.35,155.25,153.61,154.86,1855215.0
2019-08-22,155.51,156.22,153.05,155.37,1717095.0
2019-08-23,150.97,153.82,146.3,147.02,2994795.0
2019-08-26,150.34,151.9,148.28,150.81,1864103.0
2019-08-27,151.59,152.68,149.65,150.1,1249088.0
2019-08-28,149.49,153.47,148.97,152.72,1484829.0
2019-08-29,155.25,157.77,155.0,156.48,1620732.0
2019-08-30,158.22,158.49,154.76,154.91,1636557.0
2019-09-03,153.76,153.76,150.06,150.82,2060529.0
2019-09-04,151.42,152.0,151.05,151.72,1563577.0
2019-09-05,152.78,157.2,152.33,156.3,1675709.0
2019-09-06,157.03,157.82,156.12,156.52,1083179.0
2019-09-09,156.7,159.18,156.68,158.36,1725666.0
2019-09-10,158.89,164.04,158.32,164.04,2702943.0
2019-09-11,164.1,165.19,162.78,165.15,2213323.0
2019-09-12,162.11,163.69,159.64,163.26,2732780.0
2019-09-13,164.93,166.59,163.15,165.42,1789258.0
2019-09-16,164.14,165.48,162.9,164.59,1164676.0
2019-09-17,162.99,164.25,162.3,163.99,1349934.0
2019-09-18,163.47,165.63,162.82,165.38,1219777.0
2019-09-19,165.15,166.0,163.7,164.44,986245.0
2019-09-20,164.83,166.7,162.88,164.07,2954268.0
2019-09-23,162.89,166.08,162.76,165.21,1450327.0
2019-09-24,165.61,166.31,163.95,165.96,3183471.0
2019-09-25,165.68,166.24,164.43,165.19,2816157.0
2019-09-26,165.17,166.92,164.75,166.41,1820076.0
2019-09-27,166.5,167.31,165.0,166.26,1613090.0
2019-09-30,166.78,169.03,166.66,168.68,1841582.0
2019-10-01,169.6,170.21,164.65,165.5,2312631.0
2019-10-02,164.0,164.98,161.08,163.25,2659203.0
2019-10-03,163.21,165.19,160.61,164.83,1386641.0
2019-10-04,164.8,167.78,164.15,167.69,1255108.0
2019-10-07,167.94,168.68,166.41,166.55,1241679.0
2019-10-08,164.29,166.19,162.86,164.97,1853118.0
2019-10-09,166.4,167.61,164.64,166.43,2095641.0
2019-10-10,166.72,169.95,166.03,167.8,2014842.0
2019-10-11,169.99,173.26,169.48,170.95,5041681.0
2019-10-14,170.8,170.95,168.57,168.93,1776378.0
2019-10-15,169.56,173.03,168.15,172.64,1927242.0
2019-10-16,172.06,174.1,171.0,171.06,1834100.0
2019-10-17,172.03,173.0,171.31,172.14,1219828.0
2019-10-18,172.03,174.25,171.5,173.92,1783323.0
2019-10-21,174.89,175.72,174.0,174.03,1509216.0
2019-10-22,174.75,176.39,173.59,175.15,1580270.0
2019-10-23,173.68,175.82,173.5,175.0,1299770.0
2019-10-24,175.0,175.0,170.91,172.11,2561219.0
2019-10-25,172.2,174.1,172.14,173.11,2135408.0
2019-10-28,174.44,175.39,172.99,173.35,1455287.0
2019-10-29,172.3,174.64,171.74,174.11,1622648.0
2019-10-30,174.62,174.62,172.61,173.82,1646669.0
2019-10-31,173.44,174.38,170.34,174.14,2245570.0
2019-11-01,175.9,176.26,174.79,176.11,3120858.0
2019-11-04,178.0,179.32,177.75,179.1,1999133.0
2019-11-05,179.22,179.7,178.19,178.92,1321917.0
2019-11-06,178.58,178.64,175.24,175.97,1939926.0
2019-11-07,177.82,179.16,177.53,177.89,1657366.0
2019-11-08,178.49,178.91,177.27,178.36,1715709.0
2019-11-11,177.28,180.48,176.58,179.8,1413855.0
2019-11-12,179.8,179.8,176.05,176.39,1436219.0
2019-11-13,175.03,175.79,172.7,175.67,1840744.0
2019-11-14,173.0,176.71,173.0,174.38,1311502.0
2019-11-15,175.53,175.83,174.06,174.48,1645798.0
2019-11-18,174.0,174.92,172.38,174.91,1441745.0
2019-11-19,176.33,176.33,173.38,173.65,1236084.0
2019-11-20,172.91,173.41,169.74,172.07,2060885.0
2019-11-21,172.73,176.3,172.23,176.03,1683232.0
2019-11-22,176.17,176.98,174.61,175.38,1295398.0
2019-11-25,176.08,176.93,175.2,176.61,1678004.0
2019-11-26,176.96,178.34,176.6,176.65,2828034.0
2019-11-27,168.57,172.37,167.05,169.06,7626685.0
2019-11-29,168.4,169.32,167.7,168.05,1394372.0
2019-12-02,165.46,167.24,164.77,165.29,2743126.0
2019-12-03,163.33,164.3,162.04,163.5,2016165.0
2019-12-04,164.07,166.86,163.7,165.27,1756395.0
2019-12-05,165.55,165.88,163.85,164.58,1233976.0
2019-12-06,167.07,167.48,164.45,165.21,1547600.0
2019-12-09,165.4,168.16,165.11,167.9,1740671.0
2019-12-10,167.54,170.0,166.67,169.9,1643118.0
2019-12-11,170.62,170.68,168.36,169.7,1245887.0
2019-12-12,169.5,174.16,168.62,173.82,2169000.0
2019-12-13,173.74,176.4,171.14,172.5,1775551.0
2019-12-16,174.23,174.99,172.67,172.85,1408771.0
2019-12-17,172.46,174.26,171.65,173.84,1246980.0
2019-12-18,172.72,173.59,171.22,172.61,2209242.0
2019-12-19,173.3,173.62,171.92,172.76,1249068.0
2019-12-20,175.38,176.58,173.32,174.65,2593597.0
2019-12-23,175.65,175.65,173.45,175.05,1005712.0
2019-12-24,174.95,175.5,174.02,174.5,332329.0
2019-12-26,174.8,175.13,173.57,174.8,518055.0
2019-12-27,175.01,175.86,174.3,175.81,719572.0
2019-12-30,174.89,175.12,173.51,174.16,953007.0
2019-12-31,174.12,174.67,172.5,173.26,748231.0
2020-01-02,174.24,176.88,173.73,176.86,1457269.0
2020-01-03,174.21,175.76,173.55,175.55,1301141.0
2020-01-06,174.48,176.88,173.74,176.81,1235688.0
2020-01-07,176.01,176.44,173.49,173.74,1234414.0
2020-01-08,174.5,176.78,173.99,175.9,1713892.0
2020-01-09,176.53,178.39,176.11,177.6,1459108.0
2020-01-10,178.1,178.4,173.41,173.43,2560929.0
2020-01-13,174.08,175.04,173.57,174.74,1301182.0
2020-01-14,174.88,175.05,173.43,173.67,1039875.0
2020-01-15,173.12,175.15,172.15,172.92,1139201.0
2020-01-16,174.0,175.56,173.05,175.47,1410386.0
2020-01-17,175.71,177.01,175.53,176.2,1653410.0
2020-01-21,175.1,175.43,172.39,172.56,1655116.0
2020-01-22,173.07,173.66,170.62,171.16,1285791.0
2020-01-23,170.28,172.18,168.66,172.06,1245087.0
2020-01-24,172.05,172.05,169.04,170.12,1103310.0
2020-01-27,166.18,167.99,162.93,163.28,1586842.0
2020-01-28,164.8,165.67,162.4,162.98,1750799.0
2020-01-29,163.91,163.91,160.0,160.16,1959814.0
2020-01-30,159.0,161.84,158.54,161.11,2496365.0
2020-01-31,159.72,161.22,157.33,158.58,1693403.0
2020-02-03,159.44,161.43,157.28,158.29,1813590.0
2020-02-04,161.33,165.12,160.65,164.43,1412631.0
2020-02-05,167.37,168.77,166.51,168.35,1476920.0
2020-02-06,168.53,169.15,166.05,168.86,1805066.0
2020-02-07,167.42,168.9,166.66,167.45,1711059.0
2020-02-10,166.46,168.29,166.13,168.24,807667.0
2020-02-11,169.1,171.06,168.6,170.26,1315709.0
2020-02-12,172.0,173.2,170.21,171.83,1008231.0
2020-02-13,170.86,171.9,169.86,170.76,831113.0
2020-02-14,170.83,172.31,167.18,168.07,1152603.0
2020-02-18,167.4,167.44,164.21,166.3,1177464.0
2020-02-19,166.5,167.24,164.85,164.93,1244916.0
2020-02-20,164.76,166.75,164.5,165.83,2048513.0
2020-02-21,177.95,181.99,176.0,177.43,5917095.0
2020-02-24,172.51,176.36,171.5,171.86,2292877.0
2020-02-25,172.18,172.94,165.8,166.65,2358560.0
2020-02-26,168.28,169.38,165.61,166.92,2545782.0
2020-02-27,164.4,166.55,159.96,159.99,2957507.0
2020-02-28,155.29,158.92,152.66,156.48,3053876.0
2020-03-02,157.92,164.0,156.55,163.92,2532128.0
2020-03-03,164.34,167.87,157.0,157.78,2443077.0
2020-03-04,160.7,163.3,160.52,163.07,2513828.0
2020-03-05,158.31,162.19,157.92,159.07,1878394.0
2020-03-06,154.2,164.94,153.67,164.04,2973406.0
2020-03-09,152.4,158.25,147.12,150.0,2886392.0
2020-03-10,155.62,156.33,148.01,154.99,2798034.0
2020-03-11,150.85,151.16,143.85,145.88,2397338.0
2020-03-12,135.0,136.54,128.09,130.39,3288737.0
2020-03-13,137.93,139.29,130.53,138.96,2525544.0
2020-03-16,123.9,132.87,119.84,120.05,2617693.0
2020-03-17,122.8,129.46,119.07,126.71,2909655.0
2020-03-18,117.82,120.55,106.14,114.21,2635027.0
2020-03-19,112.9,120.74,106.25,119.66,2455694.0
2020-03-20,119.66,120.61,110.34,111.63,4155245.0
2020-03-23,110.27,115.57,106.52,111.15,3130922.0
2020-03-24,117.37,126.66,112.7,126.0,3488413.0
2020-03-25,125.5,136.73,121.84,128.49,3962382.0
2020-03-26,129.35,140.15,127.14,139.09,2227539.0
2020-03-27,135.76,139.17,132.16,135.11,2302699.0
2020-03-30,136.72,141.7,134.56,141.23,2251141.0
2020-03-31,141.99,145.0,137.25,138.16,2240205.0
2020-04-01,132.18,134.73,129.68,133.67,2040639.0
2020-04-02,133.31,139.91,132.86,139.38,2863751.0
2020-04-03,138.48,139.35,132.13,135.52,2053140.0
2020-04-06,141.58,144.87,139.72,143.49,2079448.0
2020-04-07,148.0,151.65,142.54,142.82,2067510.0
2020-04-08,145.08,147.82,142.61,146.77,1210081.0
2020-04-09,147.28,150.21,144.13,145.75,1596109.0
2020-04-13,141.78,142.75,136.87,139.8,1655871.0
2020-04-14,140.31,142.23,135.16,138.13,2479842.0
2020-04-15,133.12,135.33,127.54,135.31,2938234.0
2020-04-16,134.55,135.49,128.51,129.95,3642658.0
2020-04-17,133.5,138.55,133.01,138.46,2468321.0
2020-04-20,135.84,140.26,133.76,137.3,1974925.0
2020-04-21,133.99,135.19,132.5,134.06,1958507.0
2020-04-22,137.37,137.88,134.12,136.21,1280461.0
2020-04-23,137.68,140.08,136.92,137.11,1377020.0
2020-04-24,138.94,139.42,135.43,138.63,1498485.0
2020-04-27,138.63,140.78,138.11,139.7,1528936.0
2020-04-28,143.06,144.62,140.86,141.56,1752059.0
2020-04-29,145.0,148.42,143.54,147.1,1563157.0
2020-04-30,144.56,145.8,142.72,145.06,2054556.0
2020-05-01,142.9,143.05,137.14,138.19,1603096.0
2020-05-04,136.36,136.5,130.2,132.94,2277549.0
2020-05-05,135.12,138.45,134.72,135.15,1125484.0
2020-05-06,135.61,136.03,131.39,132.13,1151004.0
2020-05-07,134.66,136.97,134.06,136.0,1059137.0
2020-05-08,138.0,138.95,136.72,137.0,1729777.0
2020-05-11,135.16,136.77,132.56,134.89,1356117.0
2020-05-12,135.8,136.82,129.94,130.05,1392644.0
2020-05-13,130.95,131.13,124.5,125.82,2027607.0
2020-05-14,124.1,126.96,117.85,126.8,2721044.0
2020-05-15,125.99,127.7,124.69,126.01,1650013.0
2020-05-18,131.98,138.87,130.51,137.9,2450908.0
2020-05-19,138.96,139.44,135.44,136.15,1859542.0
2020-05-20,138.48,143.08,138.11,142.31,2399492.0
2020-05-21,141.07,144.5,141.07,142.81,2100162.0
2020-05-22,148.0,148.41,138.76,140.71,3427643.0
2020-05-26,144.46,151.0,144.46,148.03,2500261.0
2020-05-27,152.0,154.27,150.53,153.36,1936365.0
2020-05-28,156.19,156.34,152.13,153.16,1915445.0
2020-05-29,151.27,152.93,147.87,152.12,2249110.0
2020-06-01,149.34,150.95,147.4,149.14,1465267.0
2020-06-02,150.64,154.1,150.12,152.95,1335446.0
2020-06-03,155.13,158.84,155.06,158.35,1678812.0
2020-06-04,156.65,161.37,156.08,161.14,1469890.0
2020-06-05,167.9,170.11,165.65,166.72,2061279.0
2020-06-08,168.46,170.41,166.81,168.81,1373011.0
2020-06-09,163.54,165.87,163.13,164.81,1977374.0
2020-06-10,164.42,165.09,160.96,161.0,1311660.0
2020-06-11,155.23,156.88,150.69,151.09,1576385.0
2020-06-12,156.52,157.27,150.52,154.97,1597956.0
2020-06-15,148.38,155.61,148.12,155.47,1321354.0
2020-06-16,161.71,163.82,155.56,158.3,2105580.0
2020-06-17,158.93,158.93,154.86,155.51,1131662.0
2020-06-18,154.54,156.88,153.61,154.87,883784.0
2020-06-19,158.75,158.86,153.54,154.87,2046399.0
2020-06-22,152.88,154.73,151.75,154.56,1188508.0
2020-06-23,156.54,156.62,153.69,153.96,940556.0
2020-06-24,151.89,152.67,149.12,150.49,1985729.0
2020-06-25,149.22,154.85,148.29,154.45,1671215.0
2020-06-26,153.18,153.87,148.19,149.04,2302929.0
2020-06-29,151.2,153.96,150.32,153.71,1094212.0
2020-06-30,152.84,158.25,152.12,157.15,1836595.0
2020-07-01,159.65,160.18,155.34,156.85,1111354.0
2020-07-02,158.87,161.92,157.52,157.9,1044932.0
2020-07-06,161.12,161.59,158.41,160.22,947540.0
2020-07-07,158.38,160.58,157.65,158.7,1118589.0
2020-07-08,159.27,159.81,156.85,158.38,1042622.0
2020-07-09,157.82,159.71,156.1,157.65,1283418.0
2020-07-10,158.27,159.44,157.04,159.09,982788.0
2020-07-13,162.66,167.32,161.66,163.83,1829704.0
2020-07-14,163.49,169.82,162.3,169.56,1651631.0
2020-07-15,170.25,174.0,169.83,172.39,1992280.0
2020-07-16,171.96,175.28,170.9,173.42,1142447.0
2020-07-17,175.0,176.93,173.36,176.51,1140439.0
2020-07-20,175.87,176.13,172.7,173.81,1314631.0
2020-07-21,174.95,176.81,173.37,175.65,1079317.0
2020-07-22,174.14,176.02,174.11,175.49,1246300.0
2020-07-23,175.7,178.4,175.41,176.73,943971.0
2020-07-24,177.11,177.77,174.81,175.35,910844.0
2020-07-27,174.69,176.68,172.91,176.0,887263.0
2020-07-28,174.9,177.14,174.65,175.79,850025.0
2020-07-29,176.71,180.76,176.01,180.25,1886888.0
2020-07-30,178.21,179.25,176.28,178.04,1235913.0
2020-07-31,176.92,176.92,173.36,176.31,1409720.0
2020-08-03,177.38,178.87,175.83,177.62,841234.0
2020-08-04,176.92,178.88,176.62,178.11,672802.0
2020-08-05,180.0,183.59,179.95,182.82,1366456.0
2020-08-06,182.0,183.24,180.25,181.26,968080.0
2020-08-07,180.96,183.71,179.86,183.5,1254634.0
2020-08-10,185.0,191.35,184.4,189.91,2631056.0
2020-08-11,192.3,195.85,192.2,193.22,1909915.0
2020-08-12,191.29,192.82,189.59,192.31,1628997.0
2020-08-13,188.55,191.17,188.45,189.5,1324832.0
2020-08-14,189.22,193.21,188.43,191.13,900649.0
2020-08-17,193.25,194.24,191.2,192.99,1026228.0
2020-08-18,193.81,194.82,191.9,192.13,1120968.0
2020-08-19,193.32,194.6,191.94,191.99,1512676.0
2020-08-20,189.51,192.05,189.38,191.1,1558667.0
2020-08-21,196.76,202.95,196.0,199.5,6446260.0
2020-08-24,204.37,206.48,202.66,205.4,3177982.0
2020-08-25,206.0,209.4,205.35,205.6,2707075.0
2020-08-26,206.59,212.29,204.76,211.01,2040293.0
2020-08-27,211.16,212.45,208.82,209.83,1875503.0
2020-08-28,210.33,210.8,208.74,209.9,1261483.0
2020-08-31,209.9,211.43,207.77,210.06,1944497.0
2020-09-01,208.52,217.72,208.27,217.69,1873548.0
2020-09-02,218.24,219.71,215.67,217.11,1983120.0
2020-09-03,217.27,218.73,209.07,210.81,1975367.0
2020-09-04,213.19,214.0,208.18,211.34,1662351.0
2020-09-08,209.86,213.24,207.97,210.24,1918482.0
2020-09-09,210.86,217.3,210.86,215.52,1569294.0
2020-09-10,215.92,218.23,213.61,215.11,1840588.0
2020-09-11,214.13,218.51,213.0,215.96,1902364.0
2020-09-14,218.48,219.12,216.7,218.33,1249318.0
2020-09-15,219.81,220.96,215.19,215.77,1740236.0
2020-09-16,217.16,218.92,214.86,215.4,1573006.0
2020-09-17,213.8,221.6,212.01,219.94,2094331.0
2020-09-18,219.47,225.38,219.45,221.97,3063663.0
2020-09-21,216.25,217.45,210.18,214.21,2134052.0
2020-09-22,215.09,219.06,214.53,217.58,1622567.0
2020-09-23,217.58,220.67,214.38,214.55,1683466.0
2020-09-24,213.7,219.38,211.38,216.52,1025931.0
2020-09-25,214.95,220.93,214.83,219.25,1225484.0
2020-09-28,222.06,224.36,221.5,221.9,1191484.0
2020-09-29,221.65,222.39,218.07,220.18,903349.0
2020-09-30,221.38,226.06,220.24,221.63,1883964.0
2020-10-01,223.5,223.78,218.57,219.04,1383845.0
2020-10-02,215.25,226.52,215.02,224.79,1403675.0
2020-10-05,227.0,231.12,224.85,226.96,2071483.0
2020-10-06,227.27,230.64,226.01,226.12,1385895.0
2020-10-07,229.27,232.53,228.1,230.57,1029194.0
2020-10-08,230.99,234.81,230.71,234.24,1148436.0
2020-10-09,235.02,237.01,233.58,234.81,1091540.0
2020-10-12,236.7,237.61,235.07,236.52,1234788.0
2020-10-13,236.14,237.58,234.49,237.22,1311422.0
2020-10-14,237.39,240.66,237.09,238.47,1062545.0
2020-10-15,234.66,239.35,234.36,238.24,1225180.0
2020-10-16,240.0,243.4,239.71,240.06,1652689.0
2020-10-19,240.25,242.9,237.11,238.17,905592.0
2020-10-20,239.8,242.04,237.76,238.87,969001.0
2020-10-21,239.52,241.92,236.06,236.4,1506494.0
2020-10-22,236.0,238.0,234.88,236.88,1246389.0
2020-10-23,237.12,240.0,237.12,239.53,820498.0
2020-10-26,237.1,237.49,231.74,234.25,1010501.0
2020-10-27,234.2,234.59,228.0,228.51,1395734.0
2020-10-28,225.0,227.5,222.51,223.37,1375301.0
2020-10-29,222.07,229.81,221.73,228.02,1190731.0
2020-10-30,227.63,228.59,222.61,225.91,1306183.0
2020-11-02,228.49,232.24,227.5,231.7,1435930.0
2020-11-03,235.61,241.62,234.42,239.96,1571789.0
2020-11-04,237.4,240.0,233.2,233.3,1992678.0
2020-11-05,237.79,247.09,237.33,246.02,2032178.0
2020-11-06,246.58,250.36,246.11,247.64,1481737.0
2020-11-09,259.87,265.87,248.35,248.87,2219604.0
2020-11-10,249.0,256.9,249.0,253.97,1852805.0
2020-11-11,253.96,254.27,245.96,249.35,1658970.0
2020-11-12,250.85,252.2,246.87,248.01,1275729.0
2020-11-13,250.82,252.59,249.08,251.79,977668.0
2020-11-16,254.14,260.34,253.61,259.1,1927580.0
2020-11-17,256.5,259.72,253.5,258.21,1411215.0
2020-11-18,258.44,260.6,257.25,257.33,1618516.0
2020-11-19,257.29,259.53,255.0,255.59,1700393.0
2020-11-20,256.64,259.66,255.5,258.56,1615146.0
2020-11-23,260.7,262.76,260.16,261.11,2099979.0
2020-11-24,263.65,264.17,260.01,261.51,2345332.0
2020-11-25,263.12,265.87,254.51,256.43,3037881.0
2020-11-27,258.62,262.2,258.15,261.95,1072234.0
2020-11-30,262.94,264.23,258.11,261.62,2342210.0
2020-12-01,263.22,265.35,255.12,255.13,2087627.0
2020-12-02,255.13,260.43,254.39,259.0,2773408.0
2020-12-03,258.49,259.81,251.93,252.68,2080076.0
2020-12-04,253.86,255.75,252.79,253.39,1655180.0
2020-12-07,252.21,253.5,250.54,252.01,1598433.0
2020-12-08,253.12,254.84,251.27,252.6,1303641.0
2020-12-09,252.5,255.5,251.6,254.83,1373929.0
2020-12-10,253.59,254.24,250.62,253.45,1158927.0
2020-12-11,251.07,256.0,250.82,255.77,1403717.0
2020-12-14,258.0,258.75,252.51,252.72,972882.0
2020-12-15,256.33,264.11,255.98,261.99,2083375.0
2020-12-16,261.7,262.38,259.64,261.12,1210787.0
2020-12-17,263.03,264.64,261.54,264.53,1525282.0
2020-12-18,265.0,271.45,264.56,270.7,3274395.0
2020-12-21,265.92,272.0,265.58,267.75,2147346.0
2020-12-22,267.58,270.58,265.23,269.26,1535405.0
2020-12-23,270.68,271.38,267.83,267.94,938783.0
2020-12-24,267.93,269.58,267.32,269.21,289945.0
2020-12-28,273.43,273.56,267.4,267.5,691970.0
2020-12-29,269.19,269.54,262.85,265.34,892936.0
2020-12-30,266.0,268.36,265.49,266.15,792784.0
2020-12-31,266.76,269.19,265.45,269.05,805278.0
2021-01-04,271.81,273.75,263.85,267.64,2800057.0
2021-01-05,267.65,274.76,267.45,274.28,1829442.0
2021-01-06,275.0,292.84,274.65,290.36,2778280.0
2021-01-07,293.76,300.55,293.49,299.73,2227343.0
2021-01-08,297.55,300.48,290.38,293.91,1780991.0
2021-01-11,290.49,295.18,289.0,294.92,1304027.0
2021-01-12,296.12,303.56,293.9,302.09,1952318.0
2021-01-13,301.63,304.0,300.61,301.22,1203758.0
2021-01-14,302.9,306.35,301.95,302.85,1370805.0
2021-01-15,300.16,301.13,293.01,295.4,1766313.0
2021-01-19,298.25,299.76,294.4,294.99,1509915.0
2021-01-20,296.87,302.19,296.01,300.94,1327782.0
2021-01-21,302.0,306.15,300.0,305.5,1931138.0
2021-01-22,304.51,306.96,301.31,305.17,1429871.0
2021-01-25,303.14,305.5,296.38,298.2,1539717.0
2021-01-26,300.94,302.16,295.4,296.01,1364350.0
2021-01-27,290.0,290.64,278.95,280.73,1769882.0
2021-01-28,287.28,297.28,282.74,292.96,1504279.0
2021-01-29,292.1,292.95,285.5,288.8,1734289.0
2021-02-01,291.01,294.02,289.65,292.21,1163541.0
2021-02-02,295.43,304.22,295.43,302.54,1637198.0
2021-02-03,302.27,302.33,299.46,301.14,1185427.0
2021-02-04,302.85,309.56,301.95,309.27,1459155.0
2021-02-05,312.02,313.02,307.01,309.24,1228075.0
2021-02-08,311.94,317.19,311.94,317.04,962423.0
2021-02-09,316.66,318.27,313.17,315.33,1066615.0
2021-02-10,317.55,317.8,311.37,313.64,1070098.0
2021-02-11,316.05,316.05,309.05,314.46,995385.0
2021-02-12,314.05,315.79,312.28,313.0,1721668.0
2021-02-16,316.81,321.67,316.07,317.09,3099562.0
2021-02-17,314.16,317.5,311.39,312.08,2009265.0
2021-02-18,310.84,311.46,298.54,300.25,3115098.0
2021-02-19,319.95,335.21,315.87,330.0,4870062.0
2021-02-22,329.8,338.55,328.52,337.51,2312527.0
2021-02-23,331.52,338.77,328.0,337.41,2222978.0
2021-02-24,339.43,346.59,338.21,345.66,1941252.0
2021-02-25,345.71,353.02,342.31,348.03,2883003.0
2021-02-26,346.2,354.41,344.06,349.12,2537825.0
2021-03-01,355.48,363.31,354.34,359.51,2100253.0
2021-03-02,359.87,359.87,349.97,351.44,1881971.0
2021-03-03,349.94,351.37,342.81,343.06,1929130.0
2021-03-04,340.67,343.52,330.78,337.95,2499448.0
2021-03-05,343.3,351.84,334.14,349.83,1979822.0
2021-03-08,354.43,359.91,349.22,353.7,1764150.0
2021-03-09,356.09,357.39,351.87,352.69,1457115.0
2021-03-10,351.22,361.69,351.01,361.22,1403209.0
2021-03-11,365.0,366.82,360.78,364.46,1675846.0
2021-03-12,365.24,370.76,363.34,369.49,1941525.0
2021-03-15,369.09,374.73,366.06,374.37,2005446.0
2021-03-16,377.91,377.91,371.0,373.52,2047047.0
2021-03-17,376.08,380.79,372.23,379.26,1752964.0
2021-03-18,381.0,392.42,379.13,380.41,2753097.0
2021-03-19,377.5,379.84,371.91,372.48,3042145.0
2021-03-22,373.47,373.72,368.66,371.59,1398482.0
2021-03-23,367.27,371.53,355.9,357.49,2911237.0
2021-03-24,361.51,368.0,360.81,360.91,1860580.0
2021-03-25,357.27,367.79,353.46,366.8,1970634.0
2021-03-26,371.03,372.9,367.73,372.29,1586119.0
2021-03-29,370.49,372.49,367.5,367.97,1413689.0
2021-03-30,365.01,375.31,365.01,373.92,1278209.0
2021-03-31,374.97,379.5,368.32,374.14,2053541.0
2021-04-01,375.67,376.0,369.29,372.12,1562136.0
2021-04-05,376.69,377.94,373.91,374.81,1419540.0
2021-04-06,376.78,381.84,375.02,375.61,1309726.0
2021-04-07,375.75,378.88,372.41,374.79,1299366.0
2021-04-08,372.29,374.53,368.63,374.07,1250769.0
2021-04-09,375.64,378.08,372.52,377.0,1224717.0
2021-04-12,377.83,379.15,375.8,378.26,1165106.0
2021-04-13,383.38,384.4,376.63,378.67,985343.0
2021-04-14,377.85,382.98,377.85,381.5,1077136.0
2021-04-15,386.0,386.0,378.68,382.14,1127087.0
2021-04-16,386.06,386.06,380.82,383.07,1092271.0
2021-04-19,382.82,383.68,378.54,380.72,1145428.0
2021-04-20,378.35,380.74,366.63,370.27,1807557.0
2021-04-21,370.71,375.83,367.35,375.6,1819877.0
2021-04-22,375.87,377.24,365.6,368.36,1880394.0
2021-04-23,368.99,377.69,368.89,376.27,1301434.0
2021-04-26,377.02,383.8,377.02,380.45,1235664.0
2021-04-27,380.45,383.5,378.53,382.36,925733.0
2021-04-28,381.18,384.51,379.55,379.8,891013.0
2021-04-29,382.84,382.84,372.07,376.39,1104533.0
2021-04-30,372.55,373.53,368.6,370.85,1196754.0
2021-05-03,373.81,377.74,371.88,373.77,924732.0
2021-05-04,371.85,381.0,367.88,379.58,1692319.0
2021-05-05,382.66,383.34,378.51,378.86,1129550.0
2021-05-06,379.84,391.0,378.62,389.91,2010921.0
2021-05-07,387.81,396.9,384.33,394.22,1597441.0
2021-05-10,398.0,400.34,391.28,391.4,1601312.0
2021-05-11,386.02,389.18,377.51,383.2,1588538.0
2021-05-12,382.52,388.53,372.42,373.63,1631602.0
2021-05-13,368.47,379.84,366.47,378.11,1485221.0
2021-05-14,381.81,386.71,380.63,384.0,1143647.0
2021-05-17,381.32,385.64,378.78,383.55,1170150.0
2021-05-18,385.23,386.32,369.69,369.69,1664803.0
2021-05-19,361.82,362.18,351.02,358.42,2800918.0
2021-05-20,357.94,359.0,350.53,355.22,2947047.0
2021-05-21,358.0,368.39,352.17,359.75,3614386.0
2021-05-24,361.54,362.49,356.31,359.36,1914745.0
2021-05-25,361.78,367.8,360.37,360.69,1682300.0
2021-05-26,359.68,361.25,354.69,357.74,1949761.0
2021-05-27,363.38,363.5,358.71,362.21,3337111.0
2021-05-28,363.0,363.54,357.58,361.1,1348392.0
2021-06-01,364.09,369.25,362.0,364.61,1483494.0
2021-06-02,364.51,365.31,355.76,356.71,1882870.0
2021-06-03,355.23,363.43,354.56,358.91,1336941.0
2021-06-04,360.27,361.44,355.31,356.64,1279252.0
2021-06-07,357.07,359.7,352.95,355.43,1537081.0
2021-06-08,356.92,359.47,352.42,356.58,1521982.0
2021-06-09,355.77,355.91,349.21,349.53,2000815.0
2021-06-10,351.88,354.4,340.77,341.44,2231999.0
2021-06-11,345.38,346.5,338.62,341.57,2028395.0
2021-06-14,341.04,342.43,331.82,335.54,2775028.0
2021-06-15,335.76,339.03,335.76,338.1,1722393.0
2021-06-16,338.1,340.0,335.13,336.56,2264610.0
2021-06-17,335.74,336.91,321.9,328.38,3387788.0
2021-06-18,324.99,331.85,323.45,328.97,2930562.0
2021-06-21,332.97,338.76,332.54,337.88,2010732.0
2021-06-22,338.79,342.65,335.66,342.1,1677352.0
2021-06-23,342.68,349.17,341.49,347.75,3352807.0
2021-06-24,350.0,354.74,346.53,350.62,2140218.0
2021-06-25,353.26,355.89,347.14,349.99,6605003.0
2021-06-28,350.38,350.95,345.1,349.89,1304201.0
2021-06-29,350.8,352.7,348.09,348.93,1213477.0
2021-06-30,348.17,353.39,348.17,352.71,1643594.0
2021-07-01,355.66,356.19,351.92,354.29,1467982.0
2021-07-02,354.57,355.91,351.21,352.5,1132353.0
2021-07-06,352.5,353.0,344.26,349.45,1924037.0
2021-07-07,348.38,352.56,348.22,351.88,1309134.0
2021-07-08,345.0,347.35,339.5,343.58,1621250.0
2021-07-09,349.4,350.72,347.55,349.48,1325388.0
2021-07-12,347.73,354.74,345.81,354.28,1608248.0
2021-07-13,356.0,356.0,350.58,350.77,950071.0
2021-07-14,353.39,353.45,344.53,345.57,1409534.0
2021-07-15,343.0,347.71,342.31,346.1,1516232.0
2021-07-16,347.62,348.46,342.0,342.49,1154041.0
2021-07-19,335.0,337.34,328.93,334.95,1848656.0
2021-07-20,337.44,349.29,335.0,348.03,2054029.0
2021-07-21,352.0,354.6,350.9,353.0,1479066.0
2021-07-22,352.59,354.25,351.09,351.33,810680.0
2021-07-23,352.3,355.67,351.55,354.7,797039.0
2021-07-26,356.28,356.89,351.06,355.46,865658.0
2021-07-27,352.4,357.65,350.54,353.52,986861.0
2021-07-28,354.31,356.88,351.11,353.56,1250539.0
2021-07-29,357.92,362.11,356.14,359.8,1392583.0
2021-07-30,359.71,361.81,357.13,361.59,1054019.0
2021-08-02,363.9,367.41,355.25,355.95,1148281.0
2021-08-03,357.58,366.85,354.36,365.86,991718.0
2021-08-04,364.33,366.6,360.55,360.67,825670.0
2021-08-05,362.11,365.0,361.33,364.32,794662.0
2021-08-06,367.0,368.69,365.57,366.88,665436.0
2021-08-09,365.99,370.92,363.27,369.32,923456.0
2021-08-10,370.0,377.42,369.52,376.62,1183977.0
2021-08-11,377.4,386.31,375.46,386.08,1651787.0
2021-08-12,386.07,388.52,383.68,385.62,1314260.0
2021-08-13,386.88,387.24,382.64,384.0,814615.0
2021-08-16,381.0,383.35,378.61,383.03,913515.0
2021-08-17,381.5,382.61,374.11,376.33,1206549.0
2021-08-18,374.25,376.01,371.42,371.61,1374601.0
2021-08-19,368.56,368.56,354.88,358.98,2281004.0
2021-08-20,366.99,367.17,344.76,351.43,3498338.0
2021-08-23,354.15,363.24,352.25,362.8,1946766.0
2021-08-24,365.0,373.0,364.98,367.98,1638669.0
2021-08-25,369.0,379.31,367.77,376.37,1657530.0
2021-08-26,375.29,382.96,375.07,379.81,1490486.0
2021-08-27,380.08,382.89,378.11,379.49,1115823.0
2021-08-30,381.0,383.64,376.75,381.0,1378473.0
2021-08-31,381.0,381.5,373.8,378.03,1589813.0
2021-09-01,378.2,379.67,369.19,376.71,1895532.0
2021-09-02,379.09,384.99,377.8,384.95,1334298.0
2021-09-03,384.73,393.0,384.0,389.34,1904906.0
2021-09-07,385.46,387.19,370.26,371.74,3628639.0
2021-09-08,371.49,372.41,362.1,370.23,2427115.0
2021-09-09,368.82,371.24,363.03,364.84,1725328.0
2021-09-10,367.03,368.46,362.8,363.07,1235453.0
2021-09-13,365.98,366.71,356.99,361.52,1832867.0
2021-09-14,362.52,362.53,355.02,355.98,1410993.0
2021-09-15,355.08,360.83,354.02,359.77,1403611.0
2021-09-16,360.3,361.31,353.19,355.33,1681828.0
2021-09-17,351.51,354.33,347.97,349.09,7678762.0
2021-09-20,340.97,342.5,334.67,339.73,2409983.0
2021-09-21,341.44,344.92,333.73,336.95,1503816.0
2021-09-22,341.65,345.53,339.91,340.84,1336846.0
2021-09-23,345.0,352.31,344.96,351.5,1497552.0
2021-09-24,349.86,353.37,348.52,349.25,1193306.0
2021-09-27,348.78,355.8,348.78,352.42,1291491.0
2021-09-28,350.73,356.56,350.47,353.94,2018719.0
2021-09-29,355.66,355.66,350.8,350.87,1320778.0
2021-09-30,352.45,352.45,334.94,335.07,2080024.0
2021-10-01,338.1,344.66,333.65,342.2,1740758.0
2021-10-04,340.74,342.56,336.82,338.44,1464683.0
2021-10-05,336.8,341.14,332.76,338.29,1401705.0
2021-10-06,333.43,338.6,329.67,338.4,1534662.0
2021-10-07,341.23,347.76,340.43,344.09,1139225.0
2021-10-08,344.06,345.34,341.42,343.17,1168232.0
2021-10-11,343.02,344.04,332.47,332.59,1052083.0
2021-10-12,333.32,334.46,329.86,330.6,1409965.0
2021-10-13,332.05,332.88,327.0,329.0,1771945.0
2021-10-14,321.51,332.88,320.5,329.77,2403986.0
2021-10-15,332.04,336.0,331.67,332.76,1435119.0
2021-10-18,330.69,333.29,328.64,331.84,1154070.0
2021-10-19,334.91,343.84,334.1,343.09,1433562.0
2021-10-20,343.65,346.06,341.95,344.05,1001860.0
2021-10-21,343.93,345.07,340.76,342.93,876412.0
2021-10-22,345.04,346.12,339.68,340.71,825953.0
2021-10-25,340.02,353.75,339.12,352.72,1564845.0
2021-10-26,353.36,353.85,341.0,341.15,1386285.0
2021-10-27,342.74,346.08,338.02,338.23,2003076.0
2021-10-28,339.28,349.79,338.23,349.7,1897964.0
2021-10-29,348.5,349.36,340.55,342.31,1562450.0
2021-11-01,347.25,365.63,345.78,358.75,2391173.0
2021-11-02,359.6,360.06,350.49,355.3,1371502.0
2021-11-03,346.15,347.03,335.45,343.05,2948420.0
2021-11-04,344.83,350.86,344.32,350.85,1334283.0
2021-11-05,352.8,358.68,351.01,355.2,1422879.0
2021-11-08,360.82,365.45,358.0,360.86,1540514.0
2021-11-09,362.0,363.17,352.0,355.81,1394494.0
2021-11-10,353.9,355.59,350.14,352.61,1068036.0
2021-11-11,353.07,358.6,352.26,356.01,782685.0
2021-11-12,357.22,359.15,353.53,358.86,1011302.0
2021-11-15,362.11,363.75,359.64,361.15,975421.0
2021-11-16,358.5,366.2,358.2,362.01,1162169.0
2021-11-17,360.0,360.4,349.2,353.52,1647647.0
2021-11-18,364.07,365.72,356.9,357.11,2228732.0
2021-11-19,353.73,354.85,345.53,346.15,1743761.0
2021-11-22,346.96,354.7,343.11,349.16,1708260.0
2021-11-23,348.98,353.08,344.9,349.28,1682294.0
2021-11-24,359.46,374.64,358.83,367.86,4482948.0
2021-11-26,355.0,361.3,348.79,359.3,2308742.0
2021-11-29,365.47,367.0,346.36,348.09,2901951.0
2021-11-30,345.92,352.23,341.85,345.54,3681523.0
2021-12-01,353.62,353.73,341.4,341.55,1755562.0
2021-12-02,344.88,354.12,343.46,350.62,1969769.0
2021-12-03,352.62,353.04,345.0,349.24,1379704.0
2021-12-06,351.52,357.9,350.51,354.51,1543517.0
2021-12-07,359.17,366.97,359.15,361.34,1478862.0
2021-12-08,362.01,364.0,357.76,361.06,1183098.0
2021-12-09,359.85,364.31,358.0,361.92,897874.0
2021-12-10,362.86,364.0,357.34,358.36,1200716.0
2021-12-13,356.65,361.46,349.38,351.42,1375006.0
2021-12-14,349.88,354.35,346.01,348.55,1799769.0
2021-12-15,349.49,350.18,338.02,343.94,1982811.0
2021-12-16,349.77,351.77,347.0,348.29,1945377.0
2021-12-17,349.3,350.38,341.56,347.03,2977734.0
2021-12-20,342.94,343.5,336.32,338.66,1784856.0
2021-12-21,342.77,352.52,342.16,349.81,1518543.0
2021-12-22,347.8,351.6,343.54,347.0,1582392.0
2021-12-23,348.0,351.49,346.3,349.22,997846.0
2021-12-27,350.0,351.76,348.45,350.75,953124.0
2021-12-28,349.28,353.14,348.89,349.77,718675.0
2021-12-29,351.22,351.22,345.5,345.71,1417325.0
2021-12-30,346.07,348.05,341.84,342.03,1539028.0
2021-12-31,342.33,343.94,341.06,342.89,1004812.0
2022-01-03,344.0,350.3,343.99,350.11,1571100.0
2022-01-04,354.11,373.75,352.71,371.29,3034092.0
2022-01-05,373.7,386.55,371.78,372.05,3310112.0
2022-01-06,374.51,378.43,368.24,376.36,1600657.0
2022-01-07,376.87,382.0,376.68,378.65,1791741.0
2022-01-10,381.27,385.89,373.99,379.86,2120038.0
2022-01-11,382.45,383.53,375.74,380.55,1249862.0
2022-01-12,382.3,383.86,372.52,376.25,1458912.0
2022-01-13,378.68,384.2,378.58,380.39,1325097.0
2022-01-14,378.0,380.08,373.49,379.56,1309552.0
2022-01-18,380.64,388.0,379.5,383.91,2685665.0
2022-01-19,387.24,388.1,374.61,375.9,1919128.0
2022-01-20,376.79,380.1,365.88,366.98,2014348.0
2022-01-21,367.59,371.1,359.86,364.28,1493314.0
2022-01-24,356.57,365.54,347.01,364.03,2252069.0
2022-01-25,358.18,370.26,350.8,368.22,2511914.0
2022-01-26,369.38,380.79,366.54,372.24,2296129.0
2022-01-27,375.69,382.88,370.44,375.96,2030121.0
2022-01-28,372.12,377.14,364.54,373.79,2100263.0
2022-01-31,373.38,376.79,367.02,376.4,2191800.0
2022-02-01,375.0,379.55,371.03,377.88,1622552.0
2022-02-02,377.82,379.69,366.87,374.48,1642891.0
2022-02-03,371.35,376.91,369.82,370.89,893693.0
2022-02-04,368.14,372.79,363.54,369.49,1102373.0
2022-02-07,371.66,374.51,368.7,372.2,1087506.0
2022-02-08,376.4,391.96,374.23,389.88,2647487.0
2022-02-09,392.5,399.63,392.5,395.4,1630382.0
2022-02-10,392.8,399.21,390.09,393.15,1402281.0
2022-02-11,394.99,399.73,387.32,392.67,2390189.0
2022-02-14,393.25,397.69,383.95,387.26,1799973.0
2022-02-15,390.75,396.0,389.05,393.4,1591449.0
2022-02-16,391.46,394.04,385.41,390.56,2174872.0
2022-02-17,386.53,390.68,379.1,380.53,2570266.0
2022-02-18,378.84,392.96,366.0,369.1,3729419.0
2022-02-22,378.84,378.84,352.21,353.78,2359048.0
2022-02-23,355.0,355.99,337.26,337.52,3068280.0
2022-02-24,329.07,343.79,326.75,342.76,3600097.0
2022-02-25,342.7,348.31,338.0,346.98,3424641.0
2022-02-28,348.0,362.39,346.0,360.02,3265421.0
2022-03-01,361.1,361.87,350.61,358.65,2863369.0
2022-03-02,360.78,381.22,360.39,375.98,2564196.0
2022-03-03,378.24,386.09,375.64,381.93,2961371.0
2022-03-04,378.87,390.78,374.51,390.07,2424099.0
2022-03-07,393.05,405.49,368.04,369.0,5456731.0
2022-03-08,373.86,389.0,364.12,364.93,3511962.0
2022-03-09,369.25,373.96,364.24,368.86,1744631.0
2022-03-10,366.37,379.61,362.3,378.15,1768770.0
2022-03-11,382.97,392.34,382.43,389.48,2144281.0
2022-03-14,392.78,399.55,386.45,393.86,2466492.0
2022-03-15,392.49,395.0,381.74,388.47,2197686.0
2022-03-16,390.0,400.88,382.01,388.2,2271469.0
2022-03-17,387.65,407.23,384.02,406.15,2783769.0
2022-03-18,407.66,414.93,404.08,413.15,2941714.0
2022-03-21,415.37,426.8,414.41,422.29,2750186.0
2022-03-22,425.0,436.28,423.21,427.55,2234410.0
2022-03-23,423.15,435.0,420.55,431.52,2633453.0
2022-03-24,430.44,435.48,425.83,432.22,1878464.0
2022-03-25,432.34,436.94,428.12,436.45,1458985.0
2022-03-28,437.98,437.98,427.36,432.61,1656181.0
2022-03-29,423.99,424.49,409.34,412.92,3572931.0
2022-03-30,413.8,424.65,413.52,415.55,1693825.0
2022-03-31,414.85,420.68,413.3,415.46,1953856.0
2022-04-01,417.05,421.92,413.82,416.8,1480945.0
2022-04-04,418.56,418.72,407.84,417.45,1072509.0
2022-04-05,419.99,422.47,411.22,413.71,1398963.0
2022-04-06,410.58,414.75,406.04,411.25,1236956.0
2022-04-07,409.77,412.53,401.82,409.46,1637540.0
2022-04-08,413.14,419.93,407.66,418.3,1342090.0
2022-04-11,416.49,425.56,416.49,418.51,1437702.0
2022-04-12,422.82,427.5,417.51,419.73,1119706.0
2022-04-13,422.33,427.96,421.21,427.29,1153299.0
2022-04-14,427.93,439.41,427.93,436.75,1522854.0
2022-04-18,432.5,445.53,432.24,438.45,1525824.0
2022-04-19,439.8,441.52,434.74,437.82,1207841.0
2022-04-20,444.69,446.76,436.53,437.39,1718154.0
2022-04-21,440.85,441.04,423.53,424.36,1641295.0
2022-04-22,420.23,420.81,401.61,403.57,2148752.0
2022-04-25,391.93,391.93,372.19,385.51,4496293.0
2022-04-26,383.02,390.64,380.09,381.77,1559201.0
2022-04-27,381.91,390.07,375.5,385.53,1599184.0
2022-04-28,385.89,390.06,375.0,384.82,1515758.0
2022-04-29,386.15,389.97,376.27,377.55,1526979.0
2022-05-02,374.96,382.49,371.6,381.23,1563384.0
2022-05-03,385.83,390.72,383.49,389.44,1468182.0
2022-05-04,390.21,398.4,384.75,396.35,1750067.0
2022-05-05,394.09,396.16,379.11,383.04,1465798.0
2022-05-06,383.57,383.57,371.64,377.46,1516137.0
2022-05-09,372.0,374.54,362.39,364.53,1818242.0
2022-05-10,367.99,371.49,360.5,364.75,1344373.0
2022-05-11,365.89,374.49,362.19,364.03,1381148.0
2022-05-12,361.26,367.57,354.3,362.98,1889445.0
2022-05-13,364.55,370.0,363.23,366.69,1750265.0
2022-05-16,368.92,382.43,366.03,374.45,1896365.0
2022-05-17,381.51,386.01,377.34,384.26,1229306.0
2022-05-18,384.0,385.09,367.35,368.67,1543399.0
2022-05-19,364.4,370.45,356.3,364.62,2253562.0
2022-05-20,340.78,344.37,307.64,313.31,8814282.0
2022-05-23,316.68,337.27,316.18,335.36,4286439.0
2022-05-24,333.0,337.93,327.2,337.03,1900563.0
2022-05-25,337.58,345.73,336.22,342.97,2005767.0
2022-05-26,343.46,348.92,340.4,347.51,1349975.0
2022-05-27,353.3,360.88,352.33,360.73,1967954.0
2022-05-31,359.15,362.15,354.78,357.78,2705027.0
2022-06-01,363.08,363.08,348.56,352.15,1714911.0
2022-06-02,353.87,361.41,351.01,361.08,1161603.0
2022-06-03,358.86,363.64,357.02,361.0,1082196.0
2022-06-06,363.0,363.81,358.58,362.91,1011087.0
2022-06-07,360.75,368.51,358.0,367.84,987066.0
2022-06-08,360.95,364.76,354.03,355.02,1772674.0
2022-06-09,351.1,353.68,345.3,345.33,1415717.0
2022-06-10,336.88,341.0,333.38,335.23,1329078.0
2022-06-13,325.0,333.68,322.3,324.9,1816892.0
2022-06-14,326.17,330.41,322.58,326.58,1630617.0
2022-06-15,329.58,335.27,325.47,330.58,1442602.0
2022-06-16,322.54,323.89,314.64,317.57,1799615.0
2022-06-17,314.73,326.48,314.73,322.72,2329130.0
2022-06-21,329.45,334.87,327.85,329.27,1425457.0
2022-06-22,321.0,323.86,317.63,317.93,1636479.0
2022-06-23,314.79,317.1,295.59,297.51,4232581.0
2022-06-24,300.87,313.86,299.35,310.87,2296763.0
2022-06-27,317.63,320.69,311.21,315.33,1708283.0
2022-06-28,318.39,320.18,308.48,309.16,1818076.0
2022-06-29,307.21,307.74,297.69,300.65,1800565.0
2022-06-30,297.79,304.59,294.29,299.47,2080853.0
2022-07-01,300.59,304.87,294.32,301.63,1373361.0
2022-07-05,295.45,295.45,287.71,292.13,2147926.0
2022-07-06,289.84,291.95,283.81,289.14,2082834.0
2022-07-07,297.8,304.59,295.54,303.97,2051865.0
2022-07-08,304.7,308.02,301.26,304.64,1516098.0
2022-07-11,300.56,303.98,297.86,298.41,994119.0
2022-07-12,294.0,301.27,293.14,295.96,1210203.0
2022-07-13,292.03,299.17,291.29,296.78,1199975.0
2022-07-14,290.05,294.86,288.34,294.33,1366869.0
2022-07-15,298.07,299.64,293.18,297.7,1184195.0
2022-07-18,301.14,306.48,296.95,297.95,1056165.0
2022-07-19,301.56,312.2,300.82,311.59,1281561.0
2022-07-20,311.46,315.99,310.21,315.36,1152315.0
2022-07-21,314.82,316.76,308.61,316.54,1223274.0
2022-07-22,317.84,320.47,310.46,312.26,1110706.0
2022-07-25,314.89,323.39,311.91,322.96,1432959.0
2022-07-26,323.77,325.76,318.25,319.45,1122724.0
2022-07-27,321.0,327.07,318.65,325.71,1148237.0
2022-07-28,329.65,334.49,323.87,331.63,1295033.0
2022-07-29,336.05,344.71,333.0,343.18,1879881.0
2022-08-01,338.87,341.95,335.98,338.19,1238952.0
2022-08-02,335.37,339.07,330.83,333.21,1271053.0
2022-08-03,337.22,338.62,333.53,336.51,1142237.0
2022-08-04,336.22,344.76,336.22,342.38,1333876.0
2022-08-05,337.49,344.58,337.32,343.31,916807.0
2022-08-08,346.88,349.24,342.8,343.71,953195.0
2022-08-09,346.25,347.44,343.1,343.68,1146015.0
2022-08-10,348.89,357.25,348.59,352.36,1135625.0
2022-08-11,360.5,363.5,357.21,361.92,1718861.0
2022-08-12,362.45,368.58,361.71,368.16,1256479.0
2022-08-15,362.46,366.29,359.1,366.05,1195712.0
2022-08-16,363.57,373.36,363.01,369.98,1431296.0
2022-08-17,364.47,367.45,362.28,364.69,1721938.0
2022-08-18,364.45,369.94,362.75,367.99,1977913.0
2022-08-19,357.54,369.92,353.05,369.66,4241663.0
2022-08-22,363.35,373.11,361.22,369.64,2352351.0
2022-08-23,368.46,385.99,368.46,374.88,2388120.0
2022-08-24,378.9,382.35,374.12,381.38,1565830.0
2022-08-25,382.0,388.43,381.6,388.15,1324623.0
2022-08-26,391.18,392.93,378.68,379.38,1451809.0
2022-08-29,376.16,385.43,374.56,380.61,1323459.0
2022-08-30,379.24,379.77,365.52,368.74,1622715.0
2022-08-31,369.24,370.03,364.53,365.25,1500122.0
2022-09-01,360.42,364.76,357.25,363.77,1350010.0
2022-09-02,369.31,370.38,360.82,362.22,1141650.0
2022-09-06,363.19,364.96,355.48,361.06,1092614.0
2022-09-07,357.88,366.97,357.22,365.94,913130.0
2022-09-08,363.76,370.44,362.9,368.48,1227204.0
2022-09-09,372.61,375.26,372.1,372.25,1240287.0
2022-09-12,375.29,376.0,369.83,374.03,1129226.0
2022-09-13,365.55,371.42,361.95,363.3,1085669.0
2022-09-14,364.35,365.25,357.58,360.9,1121824.0
2022-09-15,360.9,364.6,358.31,358.77,969839.0
2022-09-16,355.3,356.09,349.13,354.5,2422514.0
2022-09-19,350.28,363.2,349.54,362.69,1008077.0
2022-09-20,359.88,360.45,352.54,355.59,1433865.0
2022-09-21,360.3,361.09,349.81,349.81,1006692.0
2022-09-22,352.51,354.05,345.93,346.13,1006392.0
2022-09-23,341.49,343.1,328.62,334.22,1717649.0
2022-09-26,331.05,338.83,330.76,332.24,1331771.0
2022-09-27,335.9,341.68,332.34,335.68,1180135.0
2022-09-28,338.2,348.07,337.07,345.9,1292593.0
2022-09-29,341.0,344.6,338.44,341.0,1588805.0
2022-09-30,338.76,341.06,333.66,333.89,1696124.0
2022-10-03,338.92,347.78,338.92,344.05,1537036.0
2022-10-04,350.0,360.7,350.0,360.29,1638545.0
2022-10-05,355.29,359.66,355.29,355.77,1073704.0
2022-10-06,354.24,359.34,353.04,355.47,915115.0
2022-10-07,352.05,356.4,349.7,356.15,1351688.0
2022-10-10,358.26,365.28,355.75,359.68,1366955.0
2022-10-11,356.82,370.26,356.1,363.33,1457370.0
2022-10-12,362.92,364.26,358.45,361.21,1179423.0
2022-10-13,354.11,368.39,349.07,367.17,1596714.0
2022-10-14,368.38,372.4,356.43,357.14,1231673.0
2022-10-17,361.39,367.17,360.97,362.59,1077098.0
2022-10-18,371.86,373.94,365.75,371.31,1214236.0
2022-10-19,368.06,374.55,367.5,371.32,817780.0
2022-10-20,371.83,374.08,363.71,365.52,788349.0
2022-10-21,364.56,383.63,363.07,383.06,1387117.0
2022-10-24,381.38,387.44,380.11,385.89,1059395.0
2022-10-25,384.0,392.5,383.14,391.63,1402070.0
2022-10-26,394.77,395.77,388.22,391.18,1157487.0
2022-10-27,398.0,405.41,393.68,394.59,2042854.0
2022-10-28,393.8,397.73,390.17,396.85,1712278.0
2022-10-31,394.51,406.02,394.51,395.82,1637864.0
2022-11-01,398.0,398.0,385.73,388.71,2269043.0
2022-11-02,388.1,397.33,385.65,385.95,1719467.0
2022-11-03,383.38,397.98,380.26,393.63,1627452.0
2022-11-04,400.62,403.99,393.5,395.09,1548466.0
2022-11-07,399.34,399.34,393.9,398.77,1186267.0
2022-11-08,399.81,408.77,398.55,404.57,1359721.0
2022-11-09,400.8,404.91,396.42,397.09,2181745.0
2022-11-10,406.31,408.02,395.27,407.61,2370815.0
2022-11-11,405.91,413.5,405.15,406.03,1519213.0
2022-11-14,404.58,410.48,402.33,406.94,2035713.0
2022-11-15,410.39,412.97,401.8,406.97,1701080.0
2022-11-16,408.23,408.58,402.05,406.4,1101654.0
2022-11-17,402.94,413.63,401.57,412.99,1284718.0
2022-11-18,415.1,416.02,411.28,414.26,1590067.0
2022-11-21,413.25,415.28,406.51,411.7,1326054.0
2022-11-22,414.0,416.83,411.45,416.56,2192826.0
2022-11-23,428.76,448.4,428.76,437.52,5078441.0
2022-11-25,436.34,442.41,432.55,441.47,1135508.0
2022-11-28,437.38,443.64,436.92,441.21,1976178.0
2022-11-29,443.79,444.53,436.22,440.97,1642683.0
2022-11-30,440.8,441.69,432.92,441.0,2396940.0
2022-12-01,440.66,444.51,436.37,441.81,1746713.0
2022-12-02,442.23,447.7,438.65,445.61,1469625.0
2022-12-05,441.07,442.16,435.0,436.89,1467315.0
2022-12-06,439.13,439.26,433.66,438.25,1010718.0
2022-12-07,436.23,441.84,435.72,440.65,1433807.0
2022-12-08,441.25,443.49,437.6,442.93,1200234.0
2022-12-09,443.38,444.54,434.38,434.81,1340467.0
2022-12-12,436.12,437.42,431.64,437.05,1591219.0
2022-12-13,438.74,439.66,432.76,437.19,1675507.0
2022-12-14,438.99,442.25,434.37,438.44,1767487.0
2022-12-15,435.0,436.82,426.07,429.79,1561911.0
2022-12-16,424.76,433.0,421.65,431.09,3096566.0
2022-12-19,432.04,434.64,429.7,432.67,1327668.0
2022-12-20,430.4,437.04,429.73,435.36,984901.0
2022-12-21,437.85,444.51,436.05,441.64,1220619.0
2022-12-22,440.34,440.53,430.36,435.86,1223665.0
2022-12-23,435.89,437.88,433.22,436.93,735682.0
2022-12-27,438.05,442.25,435.75,436.15,713434.0
2022-12-28,437.0,437.9,429.82,430.18,821345.0
2022-12-29,429.73,431.76,426.4,428.64,835257.0
2022-12-30,426.88,429.74,424.82,428.76,760139.0
2023-01-03,428.01,428.16,420.2,424.29,1166357.0
2023-01-04,425.42,426.36,420.21,423.48,1050841.0
2023-01-05,422.57,423.49,412.61,414.73,1484725.0
2023-01-06,416.2,428.54,416.01,426.47,1042153.0
2023-01-09,427.91,434.28,426.47,428.2,1200306.0
2023-01-10,426.89,437.95,426.89,437.43,1079221.0
2023-01-11,437.83,439.88,430.09,433.48,1130043.0
2023-01-12,435.0,439.98,431.3,436.09,1205516.0
2023-01-13,433.89,440.26,433.21,439.63,985827.0
2023-01-17,440.99,445.14,437.68,438.2,1767659.0
2023-01-18,439.09,443.12,425.63,425.99,1390186.0
2023-01-19,423.16,423.27,407.88,408.6,2241070.0
2023-01-20,409.32,411.42,406.07,410.6,2780695.0
2023-01-23,412.66,413.57,407.33,409.34,1390492.0
2023-01-24,407.85,419.17,405.01,416.67,1319554.0
2023-01-25,412.8,415.41,409.24,413.64,1002031.0
2023-01-26,417.74,421.31,411.66,421.2,1191105.0
2023-01-27,421.2,422.87,417.62,418.18,1324470.0
2023-01-30,418.73,425.75,418.0,420.6,1376142.0
2023-01-31,421.81,423.04,416.06,422.84,1269438.0
2023-02-01,422.71,429.83,418.5,426.99,1112106.0
2023-02-02,426.62,426.74,401.87,406.55,2550554.0
2023-02-03,406.39,413.71,404.92,406.06,2295516.0
2023-02-06,405.5,412.91,405.02,410.23,1378179.0
2023-02-07,408.2,413.41,404.78,409.52,1312925.0
2023-02-08,406.06,411.5,406.02,407.69,1061500.0
2023-02-09,411.08,412.53,407.13,408.01,1262365.0
2023-02-10,408.66,418.44,408.16,417.79,1356535.0
2023-02-13,419.38,423.39,414.14,415.33,1427798.0
2023-02-14,415.38,415.38,404.14,409.31,1502201.0
2023-02-15,406.67,414.0,405.52,410.04,1425044.0
2023-02-16,404.97,409.27,402.83,402.96,2119341.0
2023-02-17,417.67,436.38,415.5,433.31,4887339.0
2023-02-21,431.92,437.88,425.67,427.17,1935540.0
2023-02-22,429.09,430.99,421.73,426.41,1355974.0
2023-02-23,429.98,431.37,420.3,425.05,1086704.0
2023-02-24,423.6,423.71,415.21,417.42,1030821.0
2023-02-27,418.59,422.98,416.73,421.63,920217.0
2023-02-28,421.79,422.19,417.18,419.24,1465245.0
2023-03-01,418.34,423.85,416.8,419.75,1354045.0
2023-03-02,417.56,423.26,417.56,421.34,959838.0
2023-03-03,422.11,431.67,422.01,430.28,1097535.0
2023-03-06,431.47,432.0,425.61,425.71,1007529.0
2023-03-07,425.55,426.93,417.9,418.15,1181049.0
2023-03-08,420.34,426.12,418.26,424.29,1365926.0
2023-03-09,426.02,432.89,420.88,421.42,2081706.0
2023-03-10,418.35,419.77,395.08,395.93,2353988.0
2023-03-13,389.0,402.71,386.24,398.22,2000631.0
2023-03-14,404.36,406.34,397.25,402.45,1636091.0
2023-03-15,394.69,396.5,382.39,390.48,1963344.0
2023-03-16,387.6,393.34,384.68,391.11,1622716.0
2023-03-17,389.2,389.97,381.39,385.5,3124504.0
2023-03-20,388.0,396.68,387.49,394.5,1324897.0
2023-03-21,400.79,404.54,399.74,402.59,1341846.0
2023-03-22,403.64,404.21,394.81,394.97,1202408.0
2023-03-23,395.0,400.71,389.05,391.85,1566847.0
2023-03-24,387.38,388.59,381.5,386.5,1361481.0
2023-03-27,390.79,395.02,386.58,393.01,1392662.0
2023-03-28,392.82,396.93,392.39,395.35,981987.0
2023-03-29,399.56,401.72,396.61,400.79,1455055.0
2023-03-30,402.33,406.5,401.98,403.7,1267978.0
2023-03-31,406.5,413.56,406.0,412.88,1778879.0
2023-04-03,413.05,419.4,413.05,414.99,1632239.0
2023-04-04,412.39,414.88,395.73,397.66,1801320.0
2023-04-05,394.08,394.2,370.09,373.82,3264768.0
2023-04-06,373.5,373.5,366.1,369.65,1847084.0
2023-04-10,368.94,378.61,368.51,377.33,1485920.0
2023-04-11,377.84,386.17,377.84,380.83,1543888.0
2023-04-12,383.49,388.75,382.8,384.39,2166076.0
2023-04-13,385.72,387.37,379.06,384.74,1626449.0
2023-04-14,386.67,389.85,385.2,387.77,1113195.0
2023-04-17,388.28,393.26,388.28,391.42,1116565.0
2023-04-18,393.22,399.61,392.0,396.69,1401663.0
2023-04-19,395.24,396.39,390.13,392.77,860047.0
2023-04-20,390.72,392.38,386.01,390.36,1336261.0
2023-04-21,390.97,390.97,385.3,386.7,2556902.0
2023-04-24,387.32,392.66,386.26,388.04,1132766.0
2023-04-25,385.02,385.72,378.65,379.47,1687845.0
2023-04-26,375.85,378.19,372.39,374.61,1415741.0
2023-04-27,372.42,374.0,365.89,371.85,2741447.0
2023-04-28,371.82,378.42,371.0,378.02,1987592.0
2023-05-01,379.95,384.62,379.43,382.12,1184059.0
2023-05-02,384.01,386.88,374.24,383.8,1547354.0
2023-05-03,385.26,390.01,382.14,382.22,1235289.0
2023-05-04,382.1,384.02,373.33,373.59,1382971.0
2023-05-05,378.86,382.73,376.04,381.09,1862846.0
2023-05-08,385.99,389.28,378.85,380.25,1106525.0
2023-05-09,377.74,382.68,376.37,381.44,1478680.0
2023-05-10,385.7,386.26,376.16,380.39,1014722.0
2023-05-11,375.9,377.0,370.17,372.79,1823979.0
2023-05-12,376.12,377.5,371.3,373.98,1330592.0
2023-05-15,374.93,374.93,369.86,370.21,1466310.0
2023-05-16,369.0,369.0,362.26,362.68,2181290.0
2023-05-17,365.0,372.73,364.1,368.07,1843308.0
2023-05-18,367.34,371.16,365.7,370.52,2028578.0
2023-05-19,390.62,393.0,361.47,363.55,7519160.0
2023-05-22,359.69,365.85,355.87,360.5,2933189.0
2023-05-23,357.59,363.04,354.45,360.48,2110894.0
2023-05-24,358.33,358.69,353.0,354.08,1716100.0
2023-05-25,353.66,357.39,350.81,354.88,1540094.0
2023-05-26,356.69,359.58,355.29,357.21,1412887.0
2023-05-30,355.31,357.07,346.44,350.63,2094801.0
2023-05-31,348.2,350.21,345.55,345.98,3384418.0
2023-06-01,349.23,355.66,346.83,352.57,2116761.0
2023-06-02,360.07,372.14,357.67,371.07,2855405.0
2023-06-05,371.2,371.2,363.15,363.65,1476563.0
2023-06-06,362.48,374.46,361.8,373.69,1927183.0
2023-06-07,373.98,383.93,370.08,381.82,1928644.0
2023-06-08,381.77,384.0,378.55,380.77,1317192.0
2023-06-09,381.73,383.36,377.07,378.87,1254902.0
2023-06-12,380.75,388.07,377.98,387.13,1527643.0
2023-06-13,389.82,400.79,389.2,398.24,2141271.0
2023-06-14,400.0,405.12,398.31,399.05,1900170.0
2023-06-15,399.46,408.0,399.46,406.52,1470919.0
2023-06-16,407.77,409.95,405.49,407.63,2119891.0
2023-06-20,401.16,408.96,400.0,407.98,1700692.0
2023-06-21,406.92,418.0,405.02,416.59,1867316.0
2023-06-22,414.83,418.38,411.98,415.69,1517973.0
2023-06-23,411.1,411.33,404.07,404.45,2032986.0
2023-06-26,405.0,415.85,404.95,410.19,1360461.0
2023-06-27,410.74,411.5,400.63,409.51,1405039.0
2023-06-28,410.11,412.8,404.84,405.2,1676118.0
2023-06-29,401.69,405.81,395.0,401.63,1871671.0
2023-06-30,404.53,408.6,403.32,405.19,1848690.0
2023-07-03,402.23,407.31,399.72,406.48,652570.0
2023-07-05,406.2,408.84,403.77,404.66,1398784.0
2023-07-06,402.95,404.73,399.75,401.17,1390948.0
2023-07-07,401.75,408.43,399.43,405.28,1013891.0
2023-07-10,403.14,408.73,401.93,407.09,1005060.0
2023-07-11,410.41,414.5,410.41,413.8,1131202.0
2023-07-12,417.0,418.02,407.5,407.67,1375785.0
2023-07-13,408.85,411.21,405.1,409.55,999435.0
2023-07-14,413.18,414.95,409.08,414.61,984222.0
2023-07-17,415.1,423.42,414.9,420.6,1509177.0
2023-07-18,421.32,431.96,420.74,431.56,1575637.0
2023-07-19,432.25,437.81,431.63,436.17,1664739.0
2023-07-20,438.78,440.01,435.05,439.63,1285038.0
2023-07-21,439.01,440.23,435.31,436.93,1195446.0
2023-07-24,436.95,447.0,436.25,442.59,1301741.0
2023-07-25,441.04,450.0,440.48,446.33,1160466.0
2023-07-26,443.53,446.71,431.51,432.95,1758989.0
2023-07-27,433.49,434.0,424.46,428.62,1976967.0
2023-07-28,428.76,430.12,425.03,427.11,1194800.0
2023-07-31,429.5,432.89,426.93,429.6,1169864.0
2023-08-01,431.35,438.8,430.01,433.44,1115846.0
2023-08-02,430.64,434.96,427.04,430.53,1077937.0
2023-08-03,428.54,429.31,421.24,423.94,1083433.0
2023-08-04,427.75,430.0,423.34,424.04,961198.0
2023-08-07,424.77,432.82,424.14,431.31,1009591.0
2023-08-08,427.0,431.08,424.4,430.46,1354438.0
2023-08-09,433.0,439.38,432.48,436.09,1361252.0
2023-08-10,437.04,441.46,434.16,434.57,1283935.0
2023-08-11,434.0,437.4,432.57,435.07,1216988.0
2023-08-14,435.51,438.39,434.19,437.64,1058590.0
2023-08-15,433.82,435.2,429.59,431.68,1576572.0
2023-08-16,428.0,435.73,423.2,423.94,1870126.0
2023-08-17,421.78,425.42,415.77,419.16,2146927.0
2023-08-18,408.95,412.95,395.38,397.02,4232384.0
2023-08-21,396.0,398.0,385.49,390.79,2548497.0
2023-08-22,392.74,393.09,384.24,385.21,1664149.0
2023-08-23,385.5,395.66,385.17,394.28,1581414.0
2023-08-24,390.39,392.1,385.84,386.64,1379933.0
2023-08-25,388.2,392.04,386.22,390.21,1099629.0
2023-08-28,392.69,396.0,391.48,394.69,1247019.0
2023-08-29,394.1,405.62,393.27,404.1,1875660.0
2023-08-30,403.87,415.59,403.45,413.27,1815560.0
2023-08-31,414.05,417.29,410.68,410.94,1515504.0
2023-09-01,414.45,419.4,414.45,418.9,1249432.0
2023-09-05,421.43,423.35,413.86,414.43,1474043.0
2023-09-06,412.12,416.43,410.64,414.29,1002103.0
2023-09-07,412.0,415.43,405.39,411.73,1028829.0
2023-09-08,411.5,413.18,399.05,399.66,1838415.0
2023-09-11,402.73,404.0,397.7,400.37,1428215.0
2023-09-12,399.41,405.71,399.3,402.26,1127361.0
2023-09-13,401.84,406.9,399.68,402.23,1104197.0
2023-09-14,406.29,412.15,405.13,411.68,1272395.0
2023-09-15,412.69,414.87,408.98,412.11,1986212.0
2023-09-18,410.94,413.6,407.51,410.84,960384.0
2023-09-19,402.38,403.95,398.41,398.69,1957379.0
2023-09-20,400.56,409.15,399.55,402.33,1289738.0
2023-09-21,399.03,399.71,386.04,387.64,2209408.0
2023-09-22,381.73,383.55,377.57,380.87,2411045.0
2023-09-25,379.4,385.21,378.36,384.39,1383550.0
2023-09-26,377.0,381.86,377.0,379.63,1270421.0
2023-09-27,381.77,386.36,380.27,384.36,1403831.0
2023-09-28,384.0,389.12,383.0,384.73,1309188.0
2023-09-29,383.73,386.98,375.72,377.38,2124162.0
2023-10-02,379.19,380.63,370.55,373.84,1989760.0
2023-10-03,372.41,373.85,370.5,372.78,1212293.0
2023-10-04,372.38,378.58,370.16,377.0,1219044.0
2023-10-05,375.71,378.85,373.2,375.69,997041.0
2023-10-06,373.44,381.88,372.32,378.54,1203426.0
2023-10-09,378.12,383.9,377.53,382.94,831118.0
2023-10-10,385.79,391.95,385.79,390.84,1317360.0
2023-10-11,391.38,392.49,387.38,389.36,942531.0
2023-10-12,392.27,392.27,377.86,382.28,1375403.0
2023-10-13,383.0,385.82,378.76,380.66,1074241.0
2023-10-16,384.95,392.58,384.05,390.54,1202759.0
2023-10-17,388.9,395.31,388.02,391.12,899849.0
2023-10-18,388.36,390.39,378.02,382.23,1494971.0
2023-10-19,381.64,386.37,380.25,381.37,1348031.0
2023-10-20,380.39,382.41,374.82,375.15,1468170.0
2023-10-23,373.21,380.22,371.48,373.27,1308120.0
2023-10-24,375.68,377.84,371.58,373.57,899074.0
2023-10-25,374.0,375.99,371.05,371.91,773707.0
2023-10-26,371.0,374.8,369.47,369.54,1124921.0
2023-10-27,369.0,369.89,358.8,361.15,1436380.0
2023-10-30,365.23,369.34,361.67,367.8,1277508.0
2023-10-31,362.8,365.9,359.39,365.36,1233272.0
2023-11-01,364.88,372.37,361.36,370.47,1073048.0
2023-11-02,375.5,378.41,371.9,373.56,1259231.0
2023-11-03,379.5,384.62,377.48,382.2,1173163.0
2023-11-06,384.0,384.55,375.17,378.25,925867.0
2023-11-07,366.9,372.51,363.01,369.24,1711427.0
2023-11-08,370.8,373.06,369.15,369.37,1178075.0
2023-11-09,373.63,374.17,367.77,369.62,1094642.0
2023-11-10,370.59,374.53,369.02,373.99,1311811.0
2023-11-13,372.86,373.63,367.13,369.76,1417958.0
2023-11-14,373.69,378.43,370.6,374.96,2115796.0
2023-11-15,376.96,382.01,373.45,380.87,1515024.0
2023-11-16,381.38,382.9,375.4,378.56,1735188.0
2023-11-17,382.4,385.31,379.42,384.15,1342582.0
2023-11-20,382.51,384.83,379.44,380.33,2197430.0
2023-11-21,379.78,383.5,379.09,382.65,2159364.0
2023-11-22,360.84,373.34,355.66,370.76,6305008.0
2023-11-24,370.52,371.39,366.84,370.19,1275270.0
2023-11-27,368.36,369.01,361.79,362.21,2321444.0
2023-11-28,362.0,363.85,358.76,360.02,1904628.0
2023-11-29,362.74,368.36,359.65,363.94,2263390.0
2023-11-30,362.86,367.14,361.39,364.41,1949890.0
2023-12-01,364.91,370.91,363.57,368.81,1764552.0
2023-12-04,366.0,370.37,364.03,368.93,1405974.0
2023-12-05,367.91,367.94,360.77,361.14,1572342.0
2023-12-06,362.74,369.88,362.5,365.54,3218285.0
2023-12-07,365.01,365.35,360.18,361.22,2753687.0
2023-12-08,361.8,364.17,360.87,363.67,2060242.0
2023-12-11,364.63,365.93,360.94,361.03,2057718.0
2023-12-12,360.95,361.37,355.6,359.39,1832031.0
2023-12-13,360.38,377.81,358.52,377.01,3406101.0
2023-12-14,380.88,395.33,380.14,388.42,3575895.0
2023-12-15,385.93,387.82,382.45,386.07,3891390.0
2023-12-18,387.51,389.64,382.69,382.76,1404419.0
2023-12-19,384.91,394.18,383.3,393.94,2077898.0
2023-12-20,394.16,395.44,386.92,387.26,1592147.0
2023-12-21,390.52,393.45,389.1,393.34,922953.0
2023-12-22,393.3,397.76,393.1,396.82,1077304.0
2023-12-26,396.85,403.33,396.71,401.27,966114.0
2023-12-27,400.12,402.55,399.3,401.64,823572.0
2023-12-28,400.85,401.06,398.36,399.26,1125200.0
2023-12-29,399.48,400.75,397.76,399.87,1104246.0
2024-01-02,399.12,406.58,398.0,400.91,1414636.0
2024-01-03,397.75,397.75,393.26,393.35,1397603.0
2024-01-04,393.42,398.55,392.1,392.39,1332128.0
2024-01-05,390.43,397.23,388.06,395.96,1100289.0
2024-01-08,393.53,398.34,390.53,397.98,1233353.0
2024-01-09,395.71,396.85,390.01,393.22,1012357.0
2024-01-10,393.14,394.17,390.65,393.71,1003862.0
2024-01-11,394.43,395.89,389.94,390.22,1190288.0
2024-01-12,392.03,395.25,385.74,386.51,1221525.0
2024-01-16,385.75,389.35,384.0,385.35,1292871.0
2024-01-17,381.2,382.02,377.49,378.61,1466319.0
2024-01-18,379.1,381.76,376.22,381.39,1125936.0
2024-01-19,382.61,384.38,377.33,382.72,1223060.0
2024-01-22,381.96,387.13,381.59,384.59,1113630.0
2024-01-23,385.25,389.88,384.62,387.46,953992.0
2024-01-24,389.94,393.17,386.4,388.41,1447705.0
2024-01-25,392.04,395.0,388.6,393.01,1103385.0
2024-01-26,394.0,396.72,393.07,393.62,884593.0
2024-01-29,393.95,398.19,392.73,397.68,969422.0
2024-01-30,395.14,398.77,394.41,396.93,1097784.0
2024-01-31,397.32,398.0,392.75,393.58,1342375.0
2024-02-01,395.08,397.2,389.52,393.68,1485354.0
2024-02-02,390.24,395.08,386.62,392.6,1666912.0
2024-02-05,392.65,393.64,383.15,386.03,2163996.0
2024-02-06,389.21,394.17,388.14,388.9,1740647.0
2024-02-07,390.43,391.83,385.62,385.95,1671293.0
2024-02-08,385.88,387.57,384.27,385.83,1141965.0
2024-02-09,384.17,385.67,380.45,381.29,1426384.0
2024-02-12,384.33,391.51,384.33,389.39,1698131.0
2024-02-13,384.63,385.4,375.51,379.27,1764818.0
2024-02-14,383.0,385.56,377.13,384.78,2406838.0
2024-02-15,367.59,372.0,360.77,364.66,4931174.0
2024-02-16,360.99,364.0,358.26,360.68,2273494.0
2024-02-20,359.71,360.69,355.08,357.38,1973569.0
2024-02-21,356.59,358.6,354.46,357.29,1364408.0
2024-02-22,354.13,358.14,353.15,356.78,2198028.0
2024-02-23,357.98,365.46,357.4,364.66,1703874.0
2024-02-26,364.35,366.35,361.62,363.21,1592487.0
2024-02-27,363.13,364.11,358.24,360.66,1559736.0
2024-02-28,361.41,365.33,361.13,364.81,1675573.0
2024-02-29,366.75,367.85,362.85,365.05,2491277.0
2024-03-01,365.5,368.82,361.33,367.85,1967154.0
2024-03-04,368.2,369.98,362.93,364.42,1334809.0
2024-03-05,363.94,369.69,363.57,366.73,1710042.0
2024-03-06,366.04,367.83,364.36,366.63,1068674.0
2024-03-07,367.42,376.19,367.26,375.32,1844409.0
2024-03-08,376.14,376.67,372.2,374.1,1064761.0
2024-03-11,373.4,375.42,370.61,375.05,855798.0
2024-03-12,376.5,377.84,372.6,372.65,1140914.0
2024-03-13,373.34,380.52,372.77,378.85,1250128.0
2024-03-14,380.5,382.45,376.95,380.23,1436364.0
2024-03-15,379.26,383.98,378.0,383.39,3448208.0
2024-03-18,383.0,387.39,381.49,385.31,1144617.0
2024-03-19,385.53,392.33,385.51,391.51,1489569.0
2024-03-20,391.6,395.29,390.59,394.05,1763360.0
2024-03-21,393.56,399.35,392.0,397.64,1411937.0
2024-03-22,398.47,400.71,397.83,398.86,1514641.0
2024-03-25,398.8,401.62,397.04,398.03,1106328.0
2024-03-26,397.86,399.99,396.25,398.52,1053167.0
2024-03-27,398.0,409.42,397.27,409.14,1543977.0
2024-03-28,409.0,413.32,408.58,410.74,1426695.0
2024-04-01,410.17,411.92,403.68,404.14,1319466.0
2024-04-02,404.55,409.7,402.24,404.0,1164494.0
2024-04-03,404.23,408.65,403.29,406.03,1077302.0
2024-04-04,410.67,413.92,405.32,407.11,1218231.0
2024-04-05,408.0,413.15,406.01,412.54,994463.0
2024-04-08,413.0,414.8,409.65,410.75,1269822.0
2024-04-09,413.48,413.9,409.46,411.48,1114472.0
2024-04-10,407.18,412.71,404.4,411.97,1407724.0
2024-04-11,412.96,414.06,406.92,412.84,1472910.0
2024-04-12,408.91,412.49,396.81,397.27,1885068.0
2024-04-15,401.82,404.22,392.57,393.8,1353266.0
2024-04-16,394.27,395.7,386.64,393.01,1865363.0
2024-04-17,396.0,397.62,392.39,396.88,1442279.0
2024-04-18,398.48,402.28,396.72,400.6,1562925.0
2024-04-19,401.3,402.98,398.76,400.32,1125276.0
2024-04-22,400.0,402.89,392.18,399.61,1005523.0
2024-04-23,400.87,405.62,396.72,397.21,1277979.0
2024-04-24,397.55,397.76,392.37,394.62,986689.0
2024-04-25,385.77,394.91,384.14,394.06,1316586.0
2024-04-26,392.62,395.95,391.1,393.33,998333.0
2024-04-29,395.34,402.59,395.34,400.96,847115.0
2024-04-30,397.78,398.38,390.13,391.41,1016624.0
2024-05-01,389.42,391.23,383.77,387.5,2017846.0
2024-05-02,389.8,398.37,385.71,395.96,1790108.0
2024-05-03,399.64,401.34,394.85,400.96,1626956.0
2024-05-06,404.37,407.0,399.19,401.84,1042531.0
2024-05-07,403.66,406.57,402.74,405.57,942010.0
2024-05-08,404.22,406.96,401.46,405.42,640327.0
2024-05-09,406.79,410.49,405.42,409.0,994262.0
2024-05-10,411.45,411.69,405.67,407.89,1426763.0
2024-05-13,409.0,416.57,407.56,407.99,1402801.0
2024-05-14,410.0,417.46,410.0,412.78,1765947.0
2024-05-15,414.68,416.53,412.26,414.02,1859956.0
2024-05-16,406.89,410.0,394.18,394.43,3622495.0
2024-05-17,394.47,397.59,391.54,397.02,1612012.0
2024-05-20,395.56,396.83,390.94,391.48,1158139.0
2024-05-21,390.93,391.18,385.22,386.74,1370573.0
2024-05-22,386.0,388.56,384.25,386.01,1318778.0
2024-05-23,387.13,387.57,378.72,379.24,1736718.0
2024-05-24,379.88,381.36,373.73,374.96,1511588.0
2024-05-28,375.0,375.0,366.98,369.27,1447973.0
2024-05-29,364.99,367.85,362.68,364.98,1673253.0
2024-05-30,365.34,368.58,364.95,368.35,1340349.0
2024-05-31,369.8,375.08,366.32,374.76,2331969.0
2024-06-03,375.21,375.49,364.55,368.12,1284203.0
2024-06-04,367.9,369.59,364.05,369.37,1328753.0
2024-06-05,369.95,371.54,365.46,370.99,1394860.0
2024-06-06,370.92,373.89,369.35,371.27,1305409.0
2024-06-07,369.0,373.01,366.66,368.58,1079634.0
2024-06-10,367.82,372.68,367.05,368.3,1033672.0
2024-06-11,367.89,367.89,363.78,365.13,948425.0
2024-06-12,369.19,372.94,367.58,370.09,1055475.0
2024-06-13,368.18,378.27,368.18,377.95,1583631.0
2024-06-14,374.99,379.06,372.95,378.0,1485207.0
2024-06-17,376.26,381.27,374.67,379.22,1227891.0
2024-06-18,379.71,383.25,379.41,382.76,1211899.0
2024-06-20,381.92,384.5,380.01,381.53,1352396.0
2024-06-21,377.96,380.0,374.01,375.04,2450652.0
2024-06-24,376.76,382.93,376.01,378.17,1323108.0
2024-06-25,376.04,376.04,367.14,369.47,1648091.0
2024-06-26,370.68,376.37,367.36,376.25,2442315.0
2024-06-27,375.0,378.14,374.69,376.79,1709066.0
2024-06-28,378.19,381.39,369.5,373.63,6689662.0
2024-07-01,375.07,375.3,360.56,360.99,1457362.0
2024-07-02,360.05,365.46,359.25,364.95,1290012.0
2024-07-03,365.44,367.61,361.11,362.79,668937.0
2024-07-05,363.16,363.16,356.8,360.03,1273643.0
2024-07-08,360.1,361.64,354.75,355.0,1668117.0
2024-07-09,354.76,355.32,345.93,348.84,2112721.0
2024-07-10,349.3,352.55,347.8,351.53,1475808.0
2024-07-11,352.9,362.77,352.5,361.6,1765473.0
2024-07-12,364.5,368.15,363.47,365.33,1034936.0
2024-07-15,365.49,372.18,363.13,371.67,1158284.0
2024-07-16,372.0,380.63,365.93,377.51,1732923.0
2024-07-17,378.03,387.53,377.68,385.13,1528026.0
2024-07-18,382.8,390.34,380.53,380.64,1736030.0
2024-07-19,383.24,384.14,377.18,378.06,1151403.0
2024-07-22,378.99,380.65,372.28,379.25,1071299.0
2024-07-23,376.34,378.29,370.76,371.52,1336055.0
2024-07-24,370.41,375.67,367.93,369.39,1256318.0
2024-07-25,368.17,386.26,368.17,381.69,1241118.0
2024-07-26,385.27,389.99,384.07,386.55,1380782.0
2024-07-29,386.71,386.71,371.0,376.77,1489704.0
2024-07-30,367.7,375.0,364.18,371.77,2266902.0
2024-07-31,373.22,376.78,370.99,371.98,1659486.0
2024-08-01,364.94,371.21,356.02,357.91,2990953.0
2024-08-02,356.16,360.39,351.09,353.75,2820675.0
2024-08-05,346.69,351.41,340.2,344.84,2508922.0
2024-08-06,347.49,349.55,342.7,346.06,1570617.0
2024-08-07,350.0,354.04,345.86,345.98,1384513.0
2024-08-08,346.88,350.85,346.4,349.14,1557590.0
2024-08-09,348.63,348.91,343.38,346.03,1334307.0
2024-08-12,346.75,348.16,343.9,345.01,1581258.0
2024-08-13,347.82,352.43,346.0,350.59,1696655.0
2024-08-14,350.0,355.8,348.35,351.28,2039088.0
2024-08-15,360.39,378.47,357.9,373.26,3183440.0
2024-08-16,372.14,378.52,371.16,377.92,2101227.0
2024-08-19,378.5,381.01,371.81,372.91,1676024.0
2024-08-20,374.94,376.6,371.76,372.59,932101.0
2024-08-21,373.84,377.83,372.12,377.05,1249225.0
2024-08-22,377.08,378.11,373.55,376.59,1072724.0
2024-08-23,378.8,382.85,376.59,381.18,1197395.0
2024-08-26,381.03,385.3,380.68,383.09,1108511.0
2024-08-27,381.5,382.03,374.94,375.98,1107057.0
2024-08-28,374.99,379.37,374.46,377.95,1096661.0
2024-08-29,378.0,384.5,376.95,381.82,1075040.0
2024-08-30,382.2,385.89,378.45,385.74,1413084.0
2024-09-03,384.86,388.38,379.96,385.69,1929673.0
2024-09-04,386.54,398.58,386.1,391.95,2370332.0
2024-09-05,392.0,395.0,382.83,383.69,1396981.0
2024-09-06,384.84,389.0,381.32,381.56,1670316.0
2024-09-09,384.14,392.0,383.48,387.23,1215254.0
2024-09-10,388.52,389.46,381.68,387.3,1041584.0
2024-09-11,386.67,388.86,378.66,388.59,1160010.0
2024-09-12,386.64,389.05,383.1,387.0,1068500.0
2024-09-13,389.99,395.2,386.42,394.68,1126088.0
2024-09-16,395.58,399.6,393.12,394.66,940210.0
2024-09-17,396.5,400.12,395.45,397.88,983179.0
2024-09-18,398.0,405.99,396.89,401.07,1163303.0
2024-09-19,406.52,412.45,403.33,409.73,1751157.0
2024-09-20,406.62,409.91,402.48,405.89,2709386.0
2024-09-23,405.02,410.26,404.07,408.95,1182503.0
2024-09-24,411.74,415.75,407.36,410.89,1253664.0
2024-09-25,412.84,413.87,406.07,406.93,923654.0
2024-09-26,409.96,413.14,408.37,411.47,1062146.0
2024-09-27,414.1,419.63,412.57,418.0,1410835.0
2024-09-30,413.03,417.94,412.54,417.33,1176657.0
2024-10-01,416.79,420.47,411.12,416.44,1089120.0
2024-10-02,416.12,417.58,414.14,416.49,863756.0
2024-10-03,412.69,413.83,407.72,408.74,1103904.0
2024-10-04,412.0,412.14,405.07,407.99,877890.0
2024-10-07,407.87,409.09,404.39,406.04,942080.0
2024-10-08,403.54,405.91,398.78,400.28,981518.0
2024-10-09,401.5,406.37,401.5,405.48,760345.0
2024-10-10,404.77,406.55,401.86,405.76,578147.0
2024-10-11,405.05,412.37,404.46,411.08,653434.0
2024-10-14,408.03,408.78,399.46,407.72,996143.0
2024-10-15,405.02,409.04,401.48,401.99,834478.0
2024-10-16,404.56,410.45,403.11,409.37,867601.0
2024-10-17,408.12,409.25,396.53,405.14,1397665.0
2024-10-18,403.3,409.58,403.3,408.73,749943.0
2024-10-21,408.0,410.73,405.92,406.96,838694.0
2024-10-22,407.05,407.9,401.81,406.65,610149.0
2024-10-23,407.25,411.73,406.26,408.64,1112900.0
2024-10-24,408.99,411.76,407.17,411.07,718283.0
2024-10-25,413.0,414.75,407.42,407.93,591047.0
2024-10-28,410.73,413.33,408.24,412.35,828300.0
2024-10-29,410.2,411.0,405.21,406.04,758559.0
2024-10-30,402.66,408.14,401.33,404.69,784766.0
2024-10-31,404.26,407.3,402.0,404.69,746272.0
2024-11-01,405.8,407.08,398.31,400.42,1522482.0
2024-11-04,400.68,406.86,399.51,401.68,801901.0
2024-11-05,398.0,404.01,396.79,400.37,902179.0
2024-11-06,412.9,415.5,402.11,405.71,1664090.0
2024-11-07,407.61,411.97,406.31,411.16,1073481.0
2024-11-08,402.38,406.49,393.72,394.06,1622509.0
2024-11-11,397.0,402.88,393.17,402.65,1143266.0
2024-11-12,402.19,402.19,393.12,393.75,1144433.0
2024-11-13,391.05,392.13,387.03,389.45,1474816.0
2024-11-14,391.94,395.52,387.79,394.64,1224979.0
2024-11-15,393.98,399.57,390.0,398.95,1168122.0
2024-11-18,396.21,406.98,396.14,404.53,1457253.0
2024-11-19,399.51,402.62,397.75,400.09,1076538.0
2024-11-20,404.16,408.94,400.64,404.96,1486461.0
2024-11-21,412.0,442.05,410.96,437.54,4148859.0
2024-11-22,435.0,447.5,432.21,446.65,2202205.0
2024-11-25,448.82,469.39,446.7,462.69,3265802.0
2024-11-26,456.96,463.34,454.39,461.04,1747228.0
2024-11-27,461.91,467.06,461.1,466.0,1258711.0
2024-11-29,466.0,469.09,464.17,465.9,732229.0
2024-12-02,463.7,464.3,458.85,462.95,1318592.0
2024-12-03,464.1,465.54,458.95,459.25,1166170.0
2024-12-04,459.89,462.23,453.3,456.26,1056381.0
2024-12-05,457.98,458.36,447.93,448.12,1159330.0
2024-12-06,446.5,448.96,442.97,444.0,1129999.0
2024-12-09,444.8,453.25,444.12,449.41,1209103.0
2024-12-10,451.94,451.94,441.0,443.96,1215687.0
2024-12-11,448.38,449.76,446.08,448.03,1677399.0
2024-12-12,447.63,447.63,438.46,439.48,867095.0
2024-12-13,440.0,442.12,437.02,440.44,900742.0
2024-12-16,440.33,441.4,436.0,438.42,956848.0
2024-12-17,437.0,444.94,435.0,443.59,1357358.0
2024-12-18,445.75,445.75,424.51,426.0,1423759.0
2024-12-19,428.07,431.06,421.97,426.63,1757210.0
2024-12-20,426.01,436.5,425.74,432.49,2446399.0
2024-12-23,432.63,432.63,427.0,432.38,1094147.0
2024-12-24,430.97,433.59,428.71,432.84,383167.0
2024-12-26,432.76,435.45,430.44,433.84,444867.0
2024-12-27,432.33,435.17,427.09,430.06,735311.0
2024-12-30,425.58,427.89,421.73,424.64,792557.0
2024-12-31,425.5,427.8,421.46,423.7,772808.0
2025-01-02,426.08,428.84,417.88,418.18,1005310.0
2025-01-03,419.83,422.94,416.68,422.22,875097.0
2025-01-06,425.44,429.1,417.88,418.0,1077929.0
2025-01-07,420.77,420.77,412.35,413.27,1223405.0
2025-01-08,411.08,411.97,408.21,410.0,878039.0
2025-01-10,405.89,411.39,403.01,408.57,1699153.0
2025-01-13,407.11,432.27,406.08,429.91,1988740.0
2025-01-14,430.7,433.44,427.36,432.31,1223848.0
2025-01-15,437.98,438.0,426.45,428.88,1432080.0
2025-01-16,431.89,439.87,428.51,439.11,1181306.0
2025-01-17,453.2,457.22,443.64,455.44,2315651.0
2025-01-21,458.47,465.59,453.55,463.15,1733710.0
2025-01-22,464.6,464.6,458.57,459.75,1132215.0
2025-01-23,462.64,475.92,460.64,474.72,1933741.0
2025-01-24,474.46,479.48,472.36,478.77,1400809.0
2025-01-27,480.0,484.39,474.11,484.15,1418436.0
2025-01-28,482.41,485.84,476.32,479.99,1642403.0
2025-01-29,481.0,482.84,477.33,478.16,977015.0
2025-01-30,475.0,483.58,474.42,479.99,1122252.0
2025-01-31,479.0,479.59,474.06,476.56,1400701.0
2025-02-03,464.15,469.67,459.14,467.05,1397019.0
2025-02-04,468.67,474.63,465.0,472.27,1045455.0
2025-02-05,472.51,473.99,464.71,467.68,1084592.0
2025-02-06,471.35,471.36,463.46,464.98,809344.0
2025-02-07,468.42,469.47,463.0,465.6,898048.0
2025-02-10,470.0,471.88,464.0,469.98,1349018.0
2025-02-11,470.27,476.7,468.88,474.3,1489059.0
2025-02-12,470.95,477.78,463.97,476.56,2038403.0
2025-02-13,456.25,474.38,451.22,466.22,3058566.0
2025-02-14,469.9,481.14,467.1,480.22,1919299.0
2025-02-18,482.77,502.1,480.0,501.56,2367830.0
2025-02-19,496.16,515.05,496.0,509.27,2095287.0
2025-02-20,508.14,509.26,493.11,495.79,1514543.0
2025-02-21,498.05,498.77,487.26,489.98,1104417.0
2025-02-24,491.94,492.35,482.15,484.55,1245860.0
2025-02-25,487.0,490.75,482.85,487.59,1214689.0
2025-02-26,490.0,490.73,477.42,478.52,1557704.0
2025-02-27,482.78,487.46,479.16,480.55,1328588.0
2025-02-28,479.93,485.21,472.56,480.79,1995866.0
2025-03-03,484.07,484.67,463.55,465.83,1487218.0
2025-03-04,453.8,463.29,447.65,458.38,2325927.0
2025-03-05,460.39,468.84,458.65,467.5,1291535.0
2025-03-06,468.9,484.89,465.3,482.84,1695811.0
2025-03-07,481.34,500.27,478.27,499.62,2615295.0
2025-03-10,497.62,504.98,480.55,488.78,2173631.0
2025-03-11,483.95,488.54,472.71,475.5,1492284.0
2025-03-12,474.99,476.62,463.21,471.37,1679841.0
2025-03-13,473.54,480.0,465.5,467.09,1314553.0
2025-03-14,468.12,481.32,468.12,477.5,1018128.0
2025-03-17,477.33,486.08,475.51,482.35,892548.0
2025-03-18,482.13,486.04,478.94,481.17,931693.0
2025-03-19,481.17,482.82,477.18,479.41,841797.0
2025-03-20,476.0,480.54,468.09,477.02,1152131.0
2025-03-21,473.6,475.7,468.3,472.43,1685209.0
2025-03-24,476.64,483.23,474.16,479.96,903862.0
2025-03-25,481.71,482.16,477.15,478.93,808219.0
2025-03-26,481.47,484.89,477.18,483.62,811207.0
2025-03-27,481.91,490.58,478.81,479.72,1193221.0
2025-03-28,477.59,479.55,462.75,465.31,1183566.0
2025-03-31,460.76,472.9,458.38,469.35,1496265.0
2025-04-01,469.36,479.55,466.01,478.45,1253262.0
2025-04-02,473.76,474.49,464.78,470.9,1394244.0
2025-04-03,456.55,463.69,446.6,447.45,2287845.0
2025-04-04,426.46,438.79,420.04,429.86,3609626.0
2025-04-07,417.13,441.04,412.3,423.35,3007438.0
2025-04-08,433.46,435.59,406.08,412.99,1816460.0
2025-04-09,410.62,455.67,404.42,452.59,2914502.0
2025-04-10,444.36,449.23,428.53,444.19,1956587.0
2025-04-11,444.95,463.38,441.5,459.13,1245081.0
2025-04-14,464.33,472.78,461.46,467.67,1283591.0
2025-04-15,464.68,467.13,460.65,461.26,1143187.0
2025-04-16,458.03,461.58,448.68,452.42,1015552.0
2025-04-17,455.31,458.87,451.52,452.07,1044823.0
2025-04-21,450.42,451.86,435.95,441.56,968974.0
2025-04-22,446.25,458.25,446.25,454.66,750835.0
2025-04-23,462.95,471.96,454.37,456.44,1025527.0
2025-04-24,458.52,466.51,456.97,464.51,828408.0
2025-04-25,464.15,465.96,457.34,459.3,983357.0
2025-04-28,459.3,465.17,457.08,460.2,755068.0
2025-04-29,457.42,462.89,452.41,460.64,799645.0
2025-04-30,460.45,465.29,452.0,463.56,1326028.0
2025-05-01,464.99,485.47,464.24,480.02,1855296.0
2025-05-02,487.13,492.31,480.68,481.67,1108791.0
2025-05-05,480.57,485.2,477.25,481.34,805193.0
2025-05-06,478.05,481.77,475.01,475.3,887753.0
2025-05-07,475.09,477.4,469.26,472.4,1011248.0
2025-05-08,477.91,494.19,476.51,489.99,1568222.0
2025-05-09,490.72,493.93,489.12,492.6,653527.0
2025-05-12,507.74,514.0,493.96,495.62,1597184.0
2025-05-13,496.02,501.65,492.97,498.57,1500127.0
2025-05-14,498.77,501.02,496.06,497.5,1600001.0
2025-05-15,517.35,531.54,508.2,516.32,3211661.0
2025-05-16,515.8,533.78,515.8,531.48,2322074.0
2025-05-19,526.01,532.47,521.55,529.83,1273049.0
2025-05-20,527.69,529.74,523.81,526.33,1250531.0
2025-05-21,519.57,523.01,514.09,514.66,1060237.0
2025-05-22,512.82,519.16,511.35,515.65,948575.0
2025-05-23,510.95,516.77,508.69,510.06,850760.0
2025-05-27,512.79,514.94,505.8,509.63,1103515.0
2025-05-28,510.37,511.72,505.85,507.99,739995.0
2025-05-29,509.04,510.5,502.08,503.45,994184.0
2025-05-30,509.76,513.85,503.11,506.26,1686481.0
2025-06-02,506.16,509.28,501.02,507.84,993875.0
2025-06-03,506.6,514.67,506.02,513.15,1107672.0
2025-06-04,514.44,516.73,507.45,507.78,992735.0
2025-06-05,510.1,514.9,507.05,510.75,1126131.0
2025-06-06,519.63,526.0,518.02,519.99,1473839.0
2025-06-09,520.0,525.6,517.6,521.68,1100956.0
2025-06-10,519.93,520.6,508.96,515.82,1294069.0
2025-06-11,518.21,521.61,512.63,520.84,1037048.0
2025-06-12,518.5,520.11,515.0,516.86,796974.0
2025-06-13,513.0,516.4,507.73,509.59,824499.0
2025-06-16,514.89,526.44,512.85,524.44,1277735.0
2025-06-17,522.89,524.99,519.9,523.12,862526.0
2025-06-18,523.72,531.38,521.34,524.98,959718.0
2025-06-20,528.45,530.0,518.94,521.38,1389709.0
2025-06-23,518.46,522.92,505.66,514.08,1261427.0
2025-06-24,518.6,518.6,507.88,514.1,1215592.0
2025-06-25,516.0,516.0,502.93,506.74,1189213.0
2025-06-26,509.2,509.43,503.35,508.53,1199137.0
2025-06-27,510.97,514.37,507.09,513.34,1835365.0
2025-06-30,513.5,513.5,504.46,508.49,1408612.0
2025-07-01,504.08,514.82,494.93,508.36,1375162.0
2025-07-02,508.88,520.58,507.39,520.31,1096826.0
2025-07-03,520.0,523.58,519.43,520.97,470313.0
2025-07-07,517.75,519.46,506.96,510.29,1017037.0
2025-07-08,507.37,514.73,507.34,508.91,1285037.0
2025-07-09,508.85,512.07,499.51,509.33,1152514.0
2025-07-10,511.71,528.98,510.5,519.2,1268924.0
2025-07-11,514.2,515.88,509.66,512.41,1046962.0
2025-07-14,510.34,512.78,502.13,507.61,1086501.0
2025-07-15,507.65,511.62,503.11,503.47,1172351.0
2025-07-16,503.74,508.67,499.11,507.73,1150675.0
2025-07-17,507.72,512.94,492.06,499.14,1778752.0
2025-07-18,500.0,503.2,496.9,499.82,1064550.0
2025-07-21,504.77,506.25,496.03,496.24,1111174.0
2025-07-22,497.1,508.19,496.17,505.69,975844.0
2025-07-23,509.87,515.8,505.9,515.17,995151.0
2025-07-24,512.73,517.49,511.41,514.66,849989.0
2025-07-25,514.67,519.0,508.77,517.38,858417.0
2025-07-28,516.42,516.51,509.05,510.55,824663.0
2025-07-29,511.68,514.8,505.96,512.5,1139152.0
2025-07-30,512.31,512.72,504.73,507.87,1121156.0
2025-07-31,512.0,526.56,512.0,524.37,1549302.0
2025-08-01,519.0,520.17,500.0,500.98,1623122.0
2025-08-04,500.94,512.17,493.29,510.56,1087480.0
2025-08-05,511.02,512.1,504.0,508.58,1027927.0
2025-08-06,508.67,514.03,507.38,509.64,966706.0
2025-08-07,513.1,514.05,501.63,506.64,958549.0
2025-08-08,508.76,516.28,507.33,510.37,883759.0
2025-08-11,511.12,515.29,502.37,506.98,1098080.0
2025-08-12,507.58,513.48,501.77,505.85,1285848.0
2025-08-13,507.05,514.53,500.55,513.54,1852783.0
2025-08-14,480.68,485.36,470.49,478.84,5100235.0
2025-08-15,474.22,492.39,473.98,488.8,2673899.0
2025-08-18,490.0,492.25,480.0,491.13,1391637.0
2025-08-19,491.34,499.2,487.05,489.44,1493711.0
2025-08-20,489.04,496.29,487.4,492.72,1438909.0
2025-08-21,492.0,493.26,484.62,486.76,844905.0
2025-08-22,490.36,499.1,489.3,495.99,1133495.0
2025-08-25,496.25,496.36,487.66,487.9,729564.0
2025-08-26,488.01,490.38,480.01,487.76,1502807.0
2025-08-27,488.0,493.66,485.46,493.08,912422.0
2025-08-28,493.74,495.0,489.61,491.44,1119744.0
2025-08-29,486.17,487.79,474.62,478.64,1534745.0
2025-09-02,476.0,481.89,470.85,476.78,1600688.0
2025-09-03,475.21,477.84,466.76,469.52,1514959.0
2025-09-04,470.08,474.9,466.96,474.9,1486993.0
2025-09-05,475.34,478.39,470.24,473.26,1262416.0
2025-09-08,473.87,481.74,471.05,481.51,1271513.0
2025-09-09,482.56,483.38,469.8,475.6,1204401.0
2025-09-10,473.66,479.49,471.22,471.35,1347442.0
2025-09-11,471.72,478.61,471.08,476.46,1368701.0
2025-09-12,473.96,474.37,469.3,470.51,1764658.0
2025-09-15,471.0,473.05,462.83,469.11,1787650.0
2025-09-16,470.88,475.5,466.88,468.7,1659184.0
2025-09-17,469.7,475.25,464.33,469.12,1522541.0
2025-09-18,467.25,478.13,466.0,476.12,1785005.0
2025-09-19,476.28,477.73,468.86,469.63,2754876.0
2025-09-22,467.94,472.2,464.75,469.03,1678836.0
2025-09-23,471.35,474.9,468.23,471.67,997166.0
2025-09-24,471.25,477.22,468.3,468.94,976882.0
2025-09-25,466.11,470.74,464.01,466.7,1343339.0
2025-09-26,467.06,471.02,463.32,463.99,1106242.0
2025-09-29,466.0,469.23,463.25,465.49,1055935.0
2025-09-30,463.0,463.65,453.68,457.26,1954569.0
2025-10-01,455.0,456.83,447.44,451.73,2141671.0
2025-10-02,454.52,462.33,453.35,461.82,1512021.0
2025-10-03,461.0,464.76,459.5,462.88,989436.0
2025-10-06,464.71,465.47,456.13,457.31,1150286.0
2025-10-07,459.76,465.98,458.5,461.51,1237348.0
2025-10-08,458.97,466.63,455.59,460.75,915431.0
2025-10-09,461.89,462.6,455.01,456.22,992702.0
2025-10-10,456.87,460.62,441.89,446.35,1580742.0
2025-10-13,448.3,450.0,437.45,439.11,1758462.0
2025-10-14,436.08,449.83,433.0,447.95,1258494.0
2025-10-15,449.44,452.36,446.31,448.46,1019949.0
2025-10-16,450.35,457.74,445.55,457.16,1574524.0
2025-10-17,462.52,465.7,454.61,458.5,1136341.0
2025-10-20,459.55,463.89,455.89,462.44,813922.0
2025-10-21,461.11,466.78,458.75,459.82,953944.0
2025-10-22,461.01,472.22,460.13,462.36,1293033.0
2025-10-23,465.56,469.99,460.71,469.42,1161776.0
2025-10-24,473.45,477.6,470.55,472.76,1187226.0
2025-10-27,480.56,483.0,474.16,478.1,1273199.0
2025-10-28,478.11,478.11,467.88,468.19,1064745.0
2025-10-29,472.15,477.89,469.03,473.49,1134861.0
2025-10-30,472.55,479.81,465.22,465.41,1034634.0
2025-10-31,463.57,464.54,458.72,461.63,1116451.0
2025-11-03,460.48,463.8,454.5,461.94,957466.0
2025-11-04,457.29,469.67,456.0,468.3,1577078.0
2025-11-05,468.19,476.29,466.4,473.69,891551.0
2025-11-06,475.14,481.28,469.52,475.38,1258673.0
2025-11-07,463.92,471.25,457.65,467.79,1912502.0
2025-11-10,468.9,476.55,463.68,474.39,922955.0
2025-11-11,474.56,480.22,472.01,477.95,1179120.0
2025-11-12,479.0,484.93,477.77,480.78,1068167.0
2025-11-13,482.4,482.79,472.89,473.41,1005318.0
2025-11-14,473.29,479.65,471.0,476.23,1180146.0
2025-11-17,475.27,479.76,473.11,475.98,1318394.0
2025-11-18,471.47,477.12,470.0,473.85,1117532.0
2025-11-19,474.36,476.39,468.16,474.77,1202182.0
2025-11-20,478.0,484.21,473.71,476.33,1543247.0
2025-11-21,477.64,491.04,476.51,487.24,1835843.0
2025-11-24,488.62,494.31,484.1,487.23,2182665.0
2025-11-25,490.0,500.52,488.21,498.13,2187500.0
2025-11-26,478.93,487.82,469.41,469.87,5472334.0
2025-11-28,466.91,473.67,463.01,464.49,1682593.0
2025-12-01,462.49,474.5,461.41,468.11,1823976.0
2025-12-02,469.89,473.77,466.43,469.15,1303646.0
2025-12-03,470.62,482.45,468.56,481.82,1157902.0
2025-12-04,480.99,483.5,475.21,483.03,1379828.0
2025-12-05,481.39,485.44,473.69,475.11,1224896.0
2025-12-08,477.98,488.99,464.92,466.35,1896339.0
2025-12-09,464.89,469.32,461.8,462.86,1173651.0
2025-12-10,459.18,469.97,455.9,468.9,1676317.0
2025-12-11,470.86,480.74,470.13,475.94,1186557.0
2025-12-12,478.22,487.17,477.6,484.8,1852103.0
2025-12-15,488.24,488.99,484.8,488.01,1473207.0
2025-12-16,487.0,489.15,484.2,485.44,1632198.0
2025-12-17,485.0,490.42,479.68,481.0,1641461.0
2025-12-18,483.04,487.13,469.77,475.05,1927547.0
2025-12-19,475.1,476.5,468.92,470.57,2990296.0
2025-12-22,471.5,472.74,467.65,468.77,1172795.0
2025-12-23,470.39,471.18,465.41,466.21,1083309.0
2025-12-24,466.0,468.39,464.4,467.44,343266.0
2025-12-26,466.01,469.41,466.01,468.93,503102.0
2025-12-29,469.49,471.75,465.79,470.24,981534.0
2025-12-30,469.5,473.2,468.37,469.94,826667.0
2025-12-31,468.0,470.23,465.57,465.57,812074.0
2026-01-02,466.05,470.48,458.92,466.8,1175562.0
2026-01-05,464.59,467.89,458.95,466.1,1320239.0
2026-01-06,465.1,487.45,464.31,485.98,1621073.0
2026-01-07,487.14,489.1,473.69,475.2,1285623.0
2026-01-08,473.92,503.88,472.72,500.8,1797233.0
2026-01-09,501.81,503.55,484.86,488.08,1725622.0
2026-01-12,486.32,497.02,484.33,490.74,1547479.0
2026-01-13,492.89,499.59,490.0,499.52,849152.0
2026-01-14,503.23,516.09,501.22,512.1,1890972.0
2026-01-15,513.8,519.18,508.15,515.04,1203719.0
2026-01-16,516.35,516.81,510.0,514.4,1323335.0
2026-01-20,514.56,515.26,507.09,508.68,1377102.0
2026-01-21,512.69,530.2,511.13,529.51,1620235.0
2026-01-22,529.26,532.61,521.16,522.38,1158830.0
2026-01-23,518.26,521.63,506.42,514.43,1590587.0
2026-01-26,515.72,518.66,512.57,516.54,750585.0
2026-01-27,517.33,521.49,513.85,519.19,1043585.0
2026-01-28,519.94,528.77,519.09,525.01,1106739.0
2026-01-29,530.0,537.26,521.54,530.07,1493507.0
2026-01-30,524.93,529.99,518.7,528.0,1517766.0
2026-02-02,527.25,534.7,522.39,532.25,1558031.0
2026-02-03,533.26,545.32,533.0,545.0,1605396.0
2026-02-04,547.82,571.56,547.82,567.26,3209233.0
2026-02-05,563.83,574.94,561.2,565.73,1912175.0
2026-02-06,569.1,584.06,567.55,583.11,1440477.0
2026-02-09,580.0,587.74,574.3,585.67,1101841.0
2026-02-10,586.11,593.76,583.59,593.41,1608647.0
2026-02-11,594.8,614.34,590.5,612.69,1826540.0
2026-02-12,612.87,626.25,596.78,598.11,2767111.0
2026-02-13,598.86,610.96,597.2,602.92,1565109.0
2026-02-17,593.05,607.04,593.05,600.84,1863202.0
2026-02-18,603.81,603.81,590.92,593.27,2557638.0
2026-02-19,634.66,674.19,628.72,662.0,6652223.0
2026-02-20,662.92,666.92,646.4,662.49,2989506.0
2026-02-23,652.18,669.8,644.44,646.84,2074750.0
2026-02-24,643.3,647.81,634.76,644.54,1399298.0
2026-02-25,644.96,646.93,623.49,623.61,2100661.0
2026-02-26,624.96,627.0,614.6,619.46,1421732.0
2026-02-27,615.0,631.51,613.49,629.71,2015331.0
2026-03-02,625.76,636.45,619.79,630.88,996947.0
2026-03-03,620.0,623.55,609.21,619.22,1071413.0
2026-03-04,619.23,622.72,612.95,614.04,1073185.0
2026-03-05,607.61,610.36,586.3,590.69,1643446.0
2026-03-06,585.24,589.85,577.63,589.77,1412960.0
2026-03-09,586.47,600.82,578.32,599.48,1499564.0
2026-03-10,596.5,603.03,591.43,592.72,1093094.0
2026-03-11,588.0,598.0,585.3,594.04,998531.0
2026-03-12,591.46,593.66,582.31,585.83,1622568.0
2026-03-13,585.0,589.67,571.6,577.5,1381716.0
2026-03-16,580.0,582.94,570.73,572.48,1151088.0
2026-03-17,576.37,576.85,562.19,574.26,1462272.0
2026-03-18,573.75,578.41,569.13,571.02,1226446.0
2026-03-19,563.57,570.01,557.94,567.58,1449069.0
2026-03-20,567.97,573.71,551.28,559.73,2727211.0
2026-03-23,570.25,571.94,564.03,569.03,1244207.0
2026-03-24,560.55,584.5,560.0,583.02,1144431.0
2026-03-25,588.58,590.69,577.11,577.99,930134.0
2026-03-26,573.96,587.84,573.96,581.19,1516551.0
2026-03-27,580.72,581.92,564.05,566.64,1455849.0
2026-03-30,572.3,573.29,555.04,555.5,1262912.0
2026-03-31,560.0,566.52,549.68,563.3,1445704.0
2026-04-01,565.44,579.37,564.15,570.7,1573462.0
2026-04-02,559.49,580.69,556.45,575.71,1248779.0
2026-04-06,572.39,575.21,566.66,575.09,1055710.0
2026-04-07,573.31,576.13,569.31,576.0,875153.0
2026-04-08,592.24,609.68,590.0,609.32,1450041.0
2026-04-09,607.69,618.95,607.45,618.0,1205876.0
2026-04-10,618.45,619.24,601.06,605.0,1263867.0
2026-04-13,604.46,607.93,598.85,603.04,1178298.0
2026-04-14,599.46,602.44,593.68,596.04,867626.0
2026-04-15,593.91,593.91,572.1,576.64,1553911.0
2026-04-16,572.84,585.53,564.82,584.19,1443925.0
2026-04-17,586.0,593.7,582.03,590.46,1238732.0
2026-04-20,590.51,595.64,587.55,594.52,920096.0
2026-04-21,592.56,598.66,586.61,587.3,631969.0
2026-04-22,589.49,593.1,579.81,579.99,796707.0
2026-04-23,584.37,594.97,580.0,591.95,919407.0
2026-04-24,585.37,588.17,561.61,562.64,1102190.0
2026-04-27,566.63,577.99,564.16,567.69,1035248.0
2026-04-28,574.45,574.46,559.76,563.86,894810.0
2026-04-29,558.27,563.86,557.76,560.02,872123.0
2026-04-30,562.46,594.41,562.46,589.87,1561992.0
2026-05-01,588.3,590.07,575.7,577.26,802686.0
2026-05-04,578.0,581.97,573.0,578.39,799283.0
2026-05-05,582.38,590.77,575.79,575.79,906129.0
2026-05-06,579.95,593.55,579.95,591.64,983509.0
2026-05-07,592.13,593.8,578.08,580.54,828805.0
2026-05-08,579.78,582.98,572.3,574.84,896990.0
2026-05-11,574.87,589.17,573.73,588.74,907482.0
2026-05-12,591.37,593.98,580.16,589.19,1264101.0
2026-05-13,588.34,591.01,580.16,580.65,961460.0
2026-05-14,581.0,587.15,574.0,574.64,1056542.0
2026-05-15,573.14,573.14,555.56,561.83,971253.0
2026-05-18,563.83,568.0,557.41,564.49,848135.0
2026-05-19,562.57,563.59,554.05,558.07,1027920.0
2026-05-20,556.0,567.59,550.26,560.46,1437881.0
2026-05-21,547.0,548.0,515.15,531.35,3211551.0
2026-05-22,531.52,532.78,521.5,529.15,1763880.0
2026-05-26,531.25,531.74,523.81,529.12,1419174.0
2026-05-27,527.45,533.77,526.03,529.39,1332853.0
2026-05-28,529.47,539.71,522.47,539.0,1880271.0
2026-05-29,536.27,546.97,535.0,542.18,2271331.0
2026-06-01,538.22,544.57,528.45,542.43,2213685.0
2026-06-02,562.0,580.74,552.65,579.25,2044203.0
2026-06-03,577.84,593.79,575.61,588.29,1839399.0
2026-06-04,594.15,604.51,587.37,591.75,1769031.0
2026-06-05,590.66,597.82,579.22,583.44,1751641.0
2026-06-08,585.8,592.6,565.69,573.66,1476266.0
2026-06-09,577.63,582.78,568.18,577.33,1037294.0
2026-06-10,577.46,577.46,559.94,560.05,1111798.0
2026-06-11,561.72,571.72,556.62,568.64,1266039.0
2026-06-12,569.54,578.53,567.25,577.48,854173.0
2026-06-15,583.91,593.35,574.73,575.47,1541350.0
2026-06-16,580.04,590.49,577.02,585.29,747795.0
2026-06-17,585.28,598.48,583.2,588.47,1517238.0
2026-06-18,595.51,598.21,587.84,589.24,1436134.0
2026-06-22,589.5,603.89,587.41,598.59,934287.0
2026-06-23,589.01,601.38,583.38,591.94,1383383.0
2026-06-24,592.69,612.98,592.0,600.75,1237124.0
2026-06-25,606.46,631.93,604.01,630.76,1262605.0
2026-06-26,622.77,630.05,612.16,613.24,2319477.0
2026-06-29,614.42,628.18,608.62,626.63,1207606.0
2026-06-30,626.17,636.29,617.58,634.33,1758438.0
2026-07-01,629.32,633.8,619.3,627.63,1636951.0
2026-07-02,638.04,638.99,615.12,621.27,1288838.0
2026-07-06,619.15,637.7,617.68,635.24,1081649.0
2026-07-07,630.34,634.94,592.5,603.61,1432844.0
2026-07-08,599.98,601.5,590.77,596.74,1000593.0
2026-07-09,602.85,606.0,591.37,592.9,840827.0
2026-07-10,596.22,599.44,586.68,586.86,782146.0
2026-07-13,585.79,587.83,582.01,585.64,996077.0
2026-07-14,594.83,601.0,579.62,584.4,951026.0
2026-07-15,583.92,590.18,576.45,589.48,1013693.0
2026-07-16,585.0,599.75,583.9,598.97,807833.0
2026-07-17,596.05,614.92,595.74,597.24,938647.0
2026-07-20,597.48,599.76,582.5,586.0,1105952.0
2026-07-21,587.81,596.0,580.02,586.88,950679.0
2026-07-22,589.9,609.37,589.9,607.33,990155.0
2026-07-23,610.0,615.95,606.74,610.02,1695279.0
2026-07-24,612.21,629.34,611.28,628.16,960355.0
2026-07-27,627.71,628.03,612.38,625.02,876562.0
2026-07-28,630.22,643.99,628.0,639.84,1360042.0
2026-07-29,631.43,634.01,608.21,610.95,1346562.0
2026-07-30,600.67,604.77,590.06,599.47,1368846.0
2026-07-31,605.96,605.96,590.63,592.67,1124297.0
2026-08-03,602.91,616.23,600.55,605.06,1053175.0
2026-08-04,610.66,622.0,597.23,617.37,966325.0
2026-08-05,619.0,624.73,611.62,612.0,814738.0
2026-08-06,614.57,618.14,611.19,614.84,817853.0
2026-08-07,612.35,627.88,611.21,620.83,942020.0
2026-08-10,621.12,623.55,603.11,609.28,1022972.0
2026-08-11,609.46,621.3,606.32,617.95,674761.0
2026-08-12,618.98,623.28,610.99,619.77,858988.0
2026-08-13,619.55,622.01,611.11,612.38,517497.0
2026-08-14,608.83,616.0,607.0,608.85,802330.0
2026-08-17,605.2,610.64,599.48,599.92,1245698.0
2026-08-18,603.93,604.04,588.0,588.72,1218415.0
2026-08-19,589.95,596.06,579.31,580.63,1595901.0
2026-08-20,611.12,639.0,586.47,620.94,3199673.0
2026-08-21,627.98,654.28,607.9,647.47,2392806.0
2026-08-24,649.5,660.7,645.77,648.64,1228967.0
2026-08-25,652.0,653.18,627.14,630.66,1206949.0
2026-08-26,632.15,639.65,630.41,634.54,830878.0
2026-08-27,628.82,629.35,617.81,622.66,807485.0
2026-08-28,628.16,632.02,617.21,630.33,630665.0
2026-08-31,655.41,657.17,641.13,654.91,1786524.0
2026-09-01,655.34,677.89,654.05,676.08,2310867.0
2026-09-02,679.66,700.64,677.66,698.37,2028374.0
2026-09-03,703.25,705.88,685.48,694.41,1693684.0
2026-09-04,690.83,702.45,690.83,693.53,1053892.0
2026-09-08,691.36,691.36,680.26,680.73,883505.0
2026-09-09,681.32,688.59,672.62,677.21,1035825.0
2026-09-10,675.03,682.0,671.4,677.94,1175921.0
2026-09-11,688.88,691.535,675.435,676.03,1098040.0
