date,open,high,low,close,volume
2004-01-02,27.31,27.55,26.89,27.04,804600.0
2004-01-05,27.18,27.58,27.18,27.54,755300.0
2004-01-06,27.49,27.5,26.92,27.19,749000.0
2004-01-07,27.24,27.25,26.77,27.21,919500.0
2004-01-08,27.31,27.5,26.87,27.16,711000.0
2004-01-09,27.14,27.2,26.81,26.82,705100.0
2004-01-12,26.88,27.29,26.86,27.16,628500.0
2004-01-13,27.17,27.21,26.7,26.9,782700.0
2004-01-14,26.95,27.21,26.93,27.0,978900.0
2004-01-15,26.97,26.97,26.22,26.67,941000.0
2004-01-16,26.68,27.17,26.62,27.11,803900.0
2004-01-20,27.04,27.25,27.04,27.12,880600.0
2004-01-21,27.04,27.15,26.59,26.85,1614200.0
2004-01-22,26.85,27.04,26.55,26.75,741200.0
2004-01-23,26.77,26.99,26.54,26.54,750100.0
2004-01-26,26.6,26.94,26.59,26.75,1067000.0
2004-01-27,26.75,26.78,26.36,26.52,1022100.0
2004-01-28,26.56,26.82,26.22,26.22,899400.0
2004-01-29,26.36,26.72,26.12,26.69,1030400.0
2004-01-30,26.67,27.37,26.67,27.17,1742700.0
2004-02-02,27.17,27.27,26.85,27.0,808400.0
2004-02-03,26.87,27.13,26.8,26.92,1521800.0
2004-02-04,26.98,26.98,26.66,26.71,652100.0
2004-02-05,26.61,27.25,26.6,27.05,860400.0
2004-02-06,27.3,27.63,26.67,27.59,894300.0
2004-02-09,27.4,27.55,27.16,27.38,685600.0
2004-02-10,27.35,28.15,27.26,27.89,921700.0
2004-02-11,27.75,28.03,27.25,27.94,1299100.0
2004-02-12,27.89,27.9,27.15,27.33,1023600.0
2004-02-13,27.35,27.77,27.2,27.34,861600.0
2004-02-17,27.42,27.72,27.38,27.44,557500.0
2004-02-18,27.54,27.58,27.05,27.32,540000.0
2004-02-19,27.5,28.17,27.44,27.75,883100.0
2004-02-20,27.76,27.87,27.29,27.5,763400.0
2004-02-23,27.51,27.68,27.3,27.35,830300.0
2004-02-24,27.34,27.64,27.06,27.32,1095800.0
2004-02-25,27.27,27.27,26.82,27.0,1422900.0
2004-02-26,27.02,27.17,26.83,27.15,739900.0
2004-02-27,27.15,27.64,27.0,27.31,618400.0
2004-03-01,27.32,27.9,27.32,27.83,755800.0
2004-03-02,27.83,27.96,27.49,27.49,1147400.0
2004-03-03,27.43,27.51,26.96,27.18,886300.0
2004-03-04,27.08,27.34,27.07,27.3,620200.0
2004-03-05,27.3,27.7,27.2,27.68,2099600.0
2004-03-08,27.68,27.91,27.5,27.61,1109400.0
2004-03-09,27.61,28.3,27.61,28.04,1647200.0
2004-03-10,28.06,28.54,28.0,28.13,2002700.0
2004-03-11,27.95,28.2,27.69,27.76,1323100.0
2004-03-12,27.68,28.0,27.44,27.81,796200.0
2004-03-15,27.75,27.75,27.18,27.3,754200.0
2004-03-16,27.3,27.67,27.21,27.5,621800.0
2004-03-17,27.48,27.94,27.42,27.84,693900.0
2004-03-18,27.7,27.71,27.18,27.58,630200.0
2004-03-19,27.43,27.64,27.26,27.26,500600.0
2004-03-22,27.27,27.38,26.64,27.04,608200.0
2004-03-23,27.24,27.3,26.68,26.9,767200.0
2004-03-24,26.94,27.06,26.59,26.77,618200.0
2004-03-25,26.78,27.78,26.7,27.65,674600.0
2004-03-26,27.6,27.64,27.3,27.48,413600.0
2004-03-29,27.58,28.28,27.52,28.05,850000.0
2004-03-30,27.94,28.42,27.89,28.36,679800.0
2004-03-31,28.3,28.61,27.86,28.53,715200.0
2004-04-01,28.4,28.9,28.29,28.49,2054700.0
2004-04-02,28.55,28.92,28.48,28.5,1479700.0
2004-04-05,28.53,28.57,28.39,28.5,751900.0
2004-04-06,28.51,28.53,28.36,28.5,545900.0
2004-04-07,28.5,28.53,28.23,28.36,554200.0
2004-04-08,28.45,28.54,28.23,28.4,663200.0
2004-04-12,28.45,28.65,28.45,28.62,643400.0
2004-04-13,28.63,28.63,28.44,28.48,1023900.0
2004-04-14,28.36,28.68,28.31,28.42,1016100.0
2004-04-15,28.51,28.61,28.44,28.5,1173400.0
2004-04-16,28.54,28.54,28.31,28.49,602200.0
2004-04-19,28.49,28.5,28.24,28.48,399400.0
2004-04-20,28.5,28.55,28.05,28.05,508600.0
2004-04-21,28.2,28.43,27.95,28.35,586600.0
2004-04-22,28.5,29.2,28.45,29.17,1409300.0
2004-04-23,29.17,29.35,28.93,29.29,627300.0
2004-04-26,29.29,29.29,28.93,29.04,1003800.0
2004-04-27,29.29,29.85,29.16,29.84,1249400.0
2004-04-28,29.81,29.84,29.12,29.31,1110900.0
2004-04-29,29.29,29.79,29.06,29.24,916900.0
2004-04-30,29.4,30.17,29.3,29.8,1534500.0
2004-05-03,29.92,30.03,29.55,29.71,831500.0
2004-05-04,29.69,30.0,29.39,29.7,694000.0
2004-05-05,29.63,29.69,29.42,29.53,624200.0
2004-05-06,29.33,29.62,29.28,29.56,636300.0
2004-05-07,29.41,29.55,29.03,29.11,1024200.0
2004-05-10,28.91,29.05,28.59,28.86,733500.0
2004-05-11,28.25,29.06,28.25,28.74,891900.0
2004-05-12,28.49,28.56,28.02,28.47,990600.0
2004-05-13,28.45,28.95,28.44,28.86,680400.0
2004-05-14,28.76,29.15,28.61,28.99,685300.0
2004-05-17,28.6,28.74,28.26,28.39,749700.0
2004-05-18,28.35,28.81,28.35,28.72,628000.0
2004-05-19,28.97,29.03,28.31,28.36,813200.0
2004-05-20,28.3,29.19,28.28,29.18,1023600.0
2004-05-21,29.23,29.48,28.94,29.15,691300.0
2004-05-24,29.16,29.58,29.16,29.42,510200.0
2004-05-25,29.28,30.4,29.11,30.34,1343200.0
2004-05-26,30.24,30.48,30.1,30.39,902400.0
2004-05-27,30.48,31.02,30.48,30.81,816200.0
2004-05-28,30.72,30.72,30.31,30.51,439900.0
2004-06-01,30.52,30.82,30.39,30.63,663200.0
2004-06-02,30.55,30.83,30.24,30.78,710500.0
2004-06-03,30.57,30.75,30.26,30.26,430300.0
2004-06-04,30.4,30.85,30.36,30.72,472900.0
2004-06-07,30.7,31.12,30.46,31.09,531100.0
2004-06-08,30.97,31.39,30.89,31.39,472300.0
2004-06-09,31.38,31.48,31.17,31.25,452500.0
2004-06-10,31.35,31.47,31.25,31.38,625400.0
2004-06-14,31.15,31.15,30.65,30.8,365300.0
2004-06-15,30.95,31.21,30.82,31.15,608000.0
2004-06-16,31.15,31.15,30.75,30.96,479300.0
2004-06-17,30.98,31.01,30.3,30.4,833400.0
2004-06-18,30.2,30.62,30.08,30.41,861500.0
2004-06-21,30.45,30.54,30.19,30.27,622600.0
2004-06-22,30.27,30.82,30.07,30.62,631300.0
2004-06-23,30.45,30.92,30.31,30.88,467900.0
2004-06-24,30.5,30.99,30.47,30.92,574900.0
2004-06-25,30.92,31.12,30.7,30.89,521000.0
2004-06-28,31.25,31.44,30.97,31.15,524500.0
2004-06-29,31.15,31.6,31.15,31.6,425500.0
2004-06-30,31.6,31.77,31.26,31.7,746000.0
2004-07-01,31.05,31.28,30.27,30.7,886500.0
2004-07-02,30.7,30.7,30.31,30.66,494600.0
2004-07-06,30.66,30.87,30.49,30.65,718300.0
2004-07-07,30.64,31.07,30.58,31.07,729800.0
2004-07-08,31.07,31.13,30.71,31.0,735000.0
2004-07-09,31.0,31.1,30.61,30.8,658700.0
2004-07-12,30.9,31.34,30.55,31.31,585100.0
2004-07-13,31.3,31.41,31.22,31.3,525100.0
2004-07-14,31.15,31.43,30.96,31.22,859700.0
2004-07-15,31.43,31.62,31.13,31.2,676300.0
2004-07-16,31.45,31.58,31.17,31.3,525800.0
2004-07-19,31.4,31.5,31.16,31.25,414500.0
2004-07-20,31.17,31.4,31.04,31.29,871100.0
2004-07-21,31.42,31.49,31.24,31.31,671600.0
2004-07-22,31.25,31.27,30.77,30.88,908000.0
2004-07-23,30.68,30.69,30.02,30.35,632000.0
2004-07-26,30.35,30.74,30.17,30.31,1039000.0
2004-07-27,30.36,30.66,30.19,30.58,779400.0
2004-07-28,30.59,30.61,30.0,30.43,701300.0
2004-07-29,30.53,30.9,30.38,30.7,487900.0
2004-07-30,30.55,30.73,30.42,30.5,360800.0
2004-08-02,30.51,30.75,30.15,30.7,451300.0
2004-08-03,30.71,30.71,30.19,30.45,599800.0
2004-08-04,30.45,30.72,30.11,30.52,478400.0
2004-08-05,30.53,30.54,29.63,29.74,711400.0
2004-08-06,29.5,29.6,29.04,29.37,731600.0
2004-08-09,29.38,29.82,29.33,29.49,489700.0
2004-08-10,29.49,30.11,29.32,30.05,775900.0
2004-08-11,29.75,30.4,29.56,30.21,503300.0
2004-08-12,30.03,30.08,29.5,30.0,725100.0
2004-08-13,29.92,29.99,29.64,29.89,508500.0
2004-08-16,29.78,30.5,29.78,30.4,505000.0
2004-08-17,30.32,30.42,29.97,30.16,498600.0
2004-08-18,30.14,30.29,29.9,30.29,634000.0
2004-08-19,30.07,30.07,29.75,30.0,600900.0
2004-08-20,30.0,30.26,29.87,30.17,629700.0
2004-08-23,30.18,30.19,29.74,29.78,552500.0
2004-08-24,30.02,30.02,29.4,29.62,1232800.0
2004-08-25,29.62,30.44,29.53,30.28,586300.0
2004-08-26,30.33,30.39,30.1,30.11,469100.0
2004-08-27,30.21,30.23,29.81,30.02,418700.0
2004-08-30,30.07,30.11,29.76,29.77,390100.0
2004-08-31,29.85,30.11,29.76,29.92,468600.0
2004-09-01,29.79,30.21,29.79,30.02,659900.0
2004-09-02,30.08,30.49,30.05,30.47,496600.0
2004-09-03,30.47,30.76,30.36,30.65,558800.0
2004-09-07,30.89,30.98,30.66,30.86,795900.0
2004-09-08,30.73,30.85,30.41,30.46,444600.0
2004-09-09,30.5,30.79,30.5,30.71,510100.0
2004-09-10,30.57,30.75,30.24,30.67,432600.0
2004-09-13,30.62,30.78,30.47,30.67,537400.0
2004-09-14,30.6,30.68,30.29,30.61,742000.0
2004-09-15,30.61,30.83,30.47,30.72,484000.0
2004-09-16,30.63,30.97,30.62,30.82,635300.0
2004-09-17,30.97,31.54,30.91,31.29,980900.0
2004-09-20,31.15,31.38,31.0,31.08,724400.0
2004-09-21,31.13,31.4,31.0,31.3,532100.0
2004-09-22,31.12,31.4,30.91,31.2,711600.0
2004-09-23,31.08,31.2,30.61,30.75,864300.0
2004-09-24,30.65,31.2,30.65,31.17,1100300.0
2004-09-27,31.1,31.15,30.84,30.93,729400.0
2004-09-28,31.0,31.46,31.0,31.43,584000.0
2004-09-29,31.3,31.35,31.02,31.19,858300.0
2004-09-30,31.33,31.8,31.33,31.44,1339500.0
2004-10-01,31.47,31.75,31.32,31.75,856600.0
2004-10-04,31.8,32.15,31.68,31.87,777900.0
2004-10-05,32.08,32.36,31.87,32.27,1225700.0
2004-10-06,32.4,32.82,32.31,32.82,772700.0
2004-10-07,33.75,34.2,32.7,32.79,2154700.0
2004-10-08,32.44,32.82,32.33,32.51,754700.0
2004-10-11,32.48,32.93,32.48,32.61,348100.0
2004-10-12,32.6,32.7,32.4,32.51,814600.0
2004-10-13,32.76,32.9,32.0,32.23,661400.0
2004-10-14,32.29,32.47,32.15,32.21,367800.0
2004-10-15,32.4,32.7,32.11,32.5,516700.0
2004-10-18,32.5,33.11,32.3,33.04,716500.0
2004-10-19,32.93,33.19,32.11,32.13,598100.0
2004-10-20,32.23,32.56,31.9,32.43,665200.0
2004-10-21,32.43,32.5,31.98,32.25,1079600.0
2004-10-22,32.26,32.55,31.95,32.02,530200.0
2004-10-25,32.04,32.41,32.0,32.27,738500.0
2004-10-26,32.23,33.0,32.05,33.0,709800.0
2004-10-27,33.0,33.79,32.75,33.7,978700.0
2004-10-28,33.7,33.7,33.24,33.4,988800.0
2004-10-29,33.33,33.95,33.33,33.85,558400.0
2004-11-01,33.85,33.85,33.27,33.46,1003700.0
2004-11-02,33.5,34.42,33.5,33.93,1004500.0
2004-11-03,34.18,34.45,33.82,34.04,663000.0
2004-11-04,34.13,35.02,33.96,34.9,580900.0
2004-11-05,34.95,35.1,34.5,35.07,824800.0
2004-11-08,35.0,35.3,34.85,35.01,944800.0
2004-11-09,35.11,35.28,34.75,34.96,885300.0
2004-11-10,35.23,35.27,34.59,34.59,1047500.0
2004-11-11,34.8,35.34,34.58,35.1,944300.0
2004-11-12,35.1,35.1,34.2,34.95,772100.0
2004-11-15,34.8,34.99,34.65,34.9,515600.0
2004-11-16,34.9,35.26,34.89,34.99,601100.0
2004-11-17,34.99,35.59,34.76,34.85,895700.0
2004-11-18,34.66,35.23,34.66,35.13,591200.0
2004-11-19,34.92,34.93,34.16,34.25,911400.0
2004-11-22,34.4,34.64,34.2,34.64,667600.0
2004-11-23,34.53,35.01,34.44,34.91,491800.0
2004-11-24,34.87,35.18,34.87,35.06,310000.0
2004-11-26,35.06,35.2,35.01,35.03,154600.0
2004-11-29,35.0,35.01,34.57,34.78,497000.0
2004-11-30,34.69,35.1,34.6,34.98,556600.0
2004-12-01,34.97,35.26,34.8,35.26,546300.0
2004-12-02,35.1,35.32,34.9,35.2,542400.0
2004-12-03,35.21,35.48,34.69,35.17,650900.0
2004-12-06,35.02,35.3,34.84,35.08,416000.0
2004-12-07,34.98,35.05,34.4,34.4,609200.0
2004-12-08,34.41,34.9,34.41,34.8,644600.0
2004-12-09,34.65,34.98,34.02,34.86,455000.0
2004-12-10,34.53,35.08,34.5,34.89,711800.0
2004-12-13,34.9,35.11,34.82,34.96,405600.0
2004-12-14,34.89,35.2,34.62,34.9,755400.0
2004-12-15,34.7,34.85,34.6,34.79,846400.0
2004-12-16,34.65,34.74,34.4,34.65,595700.0
2004-12-17,34.3,34.69,34.27,34.32,1052600.0
2004-12-20,34.55,34.79,34.35,34.56,681300.0
2004-12-21,34.6,34.75,34.49,34.63,691200.0
2004-12-22,34.73,35.16,34.61,34.66,713200.0
2004-12-23,34.67,35.03,34.51,34.94,384400.0
2004-12-27,35.05,35.18,34.54,34.58,491100.0
2004-12-28,34.65,35.15,34.64,35.13,479600.0
2004-12-29,34.97,35.11,34.85,35.0,399000.0
2004-12-30,35.13,35.33,35.02,35.15,327200.0
2004-12-31,35.29,35.41,34.96,35.13,450200.0
2005-01-03,35.0,35.08,34.52,34.6,648400.0
2005-01-04,34.6,34.65,33.86,34.16,883500.0
2005-01-05,34.2,34.58,33.82,33.83,757500.0
2005-01-06,33.71,34.25,33.71,33.93,498500.0
2005-01-07,33.91,34.05,33.62,33.73,693800.0
2005-01-10,33.7,34.28,33.7,34.03,570200.0
2005-01-11,33.99,34.03,33.57,33.75,606100.0
2005-01-12,33.61,33.82,33.36,33.66,828700.0
2005-01-13,33.7,33.82,33.15,33.24,797700.0
2005-01-14,33.46,33.73,33.38,33.66,753900.0
2005-01-18,33.43,34.23,33.42,34.21,885000.0
2005-01-19,34.08,34.43,34.08,34.26,561300.0
2005-01-20,34.15,34.39,34.0,34.13,655900.0
2005-01-21,34.13,34.27,33.58,33.7,1054600.0
2005-01-24,33.7,33.86,33.34,33.41,632600.0
2005-01-25,33.65,33.7,33.38,33.48,654700.0
2005-01-26,33.54,33.69,33.36,33.63,912800.0
2005-01-27,33.6,33.64,33.4,33.53,755400.0
2005-01-28,33.35,33.7,33.35,33.55,632000.0
2005-01-31,33.78,33.95,33.58,33.65,796400.0
2005-02-01,33.65,33.99,33.51,33.92,859100.0
2005-02-02,33.75,34.0,33.6,33.91,566100.0
2005-02-03,33.68,33.77,33.03,33.3,1962600.0
2005-02-04,33.35,33.64,33.3,33.57,787600.0
2005-02-07,33.57,33.57,32.0,32.93,1644000.0
2005-02-08,32.99,33.1,32.62,32.94,1054900.0
2005-02-09,32.81,32.81,32.16,32.23,1182300.0
2005-02-10,32.3,32.82,32.17,32.74,1182500.0
2005-02-11,32.75,33.29,32.45,32.95,1003600.0
2005-02-14,32.92,32.97,32.79,32.81,787400.0
2005-02-15,32.73,32.81,32.48,32.58,955500.0
2005-02-16,32.58,32.58,32.09,32.14,1225600.0
2005-02-17,32.14,32.17,31.63,31.63,1578500.0
2005-02-18,31.68,31.84,31.59,31.81,1336900.0
2005-02-22,31.8,32.07,31.39,31.5,1414800.0
2005-02-23,31.49,31.91,31.48,31.66,1298300.0
2005-02-24,31.64,31.8,31.41,31.57,1075700.0
2005-02-25,31.4,31.79,31.37,31.66,1110400.0
2005-02-28,31.53,31.84,31.2,31.71,1230700.0
2005-03-01,31.91,32.09,31.62,31.88,1278700.0
2005-03-02,31.88,32.03,31.51,31.88,971700.0
2005-03-03,32.1,32.25,31.91,32.13,1171300.0
2005-03-04,33.2,33.25,32.75,33.09,1408100.0
2005-03-07,32.99,33.15,32.86,32.89,840300.0
2005-03-08,32.95,33.06,32.57,32.65,672300.0
2005-03-09,32.65,32.87,32.55,32.57,692100.0
2005-03-10,32.58,32.78,32.45,32.55,883300.0
2005-03-11,32.6,32.75,32.4,32.42,745800.0
2005-03-14,32.52,32.97,32.4,32.76,699700.0
2005-03-15,32.76,32.82,32.55,32.55,735400.0
2005-03-16,32.4,32.69,32.24,32.32,983300.0
2005-03-17,32.48,32.79,32.38,32.69,1057600.0
2005-03-18,32.56,32.62,32.08,32.38,3356000.0
2005-03-21,32.37,32.55,32.19,32.43,733100.0
2005-03-22,32.43,32.8,32.35,32.39,859400.0
2005-03-23,32.3,32.49,32.15,32.45,906500.0
2005-03-24,32.45,32.82,32.43,32.75,877600.0
2005-03-28,32.8,32.92,32.56,32.56,689700.0
2005-03-29,32.45,32.93,32.29,32.36,802400.0
2005-03-30,32.4,32.8,32.33,32.71,590400.0
2005-03-31,32.74,33.15,32.68,33.05,749800.0
2005-04-01,33.25,33.37,32.82,32.9,867000.0
2005-04-04,32.78,32.98,32.6,32.81,625900.0
2005-04-05,32.72,32.97,32.66,32.9,425500.0
2005-04-06,32.96,33.24,32.93,33.01,366000.0
2005-04-07,33.09,33.21,32.85,33.15,499900.0
2005-04-08,32.95,33.13,32.92,32.92,561600.0
2005-04-11,33.01,33.55,32.9,33.39,719500.0
2005-04-12,33.47,33.94,32.96,33.9,984900.0
2005-04-13,33.91,34.23,33.66,34.2,2066800.0
2005-04-14,34.2,34.2,33.44,33.64,1166600.0
2005-04-15,33.64,33.85,32.9,32.92,1094300.0
2005-04-18,32.93,33.2,32.7,33.18,755100.0
2005-04-19,33.13,33.31,32.8,33.09,698300.0
2005-04-20,32.95,33.22,32.53,32.61,754600.0
2005-04-21,32.9,33.16,32.41,33.14,734000.0
2005-04-22,33.0,33.08,31.8,32.25,849500.0
2005-04-25,32.05,32.68,32.0,32.6,1149200.0
2005-04-26,32.58,32.91,32.47,32.47,732800.0
2005-04-27,32.52,32.65,32.21,32.39,604800.0
2005-04-28,32.27,32.5,31.81,31.88,606800.0
2005-04-29,32.13,32.71,31.87,32.71,908600.0
2005-05-02,32.71,32.86,32.49,32.71,701200.0
2005-05-03,32.6,32.92,32.43,32.56,773700.0
2005-05-04,32.66,32.82,32.47,32.73,807800.0
2005-05-05,32.7,32.7,32.18,32.54,581100.0
2005-05-06,32.54,32.75,32.39,32.49,485800.0
2005-05-09,32.42,32.62,32.15,32.59,441600.0
2005-05-10,32.3,32.44,32.0,32.12,503800.0
2005-05-11,32.11,32.44,31.95,32.37,531600.0
2005-05-12,32.33,32.47,31.57,31.68,618200.0
2005-05-13,31.7,31.71,30.68,31.28,1193000.0
2005-05-16,31.28,32.07,31.27,32.05,693200.0
2005-05-17,31.9,32.2,31.74,32.18,982100.0
2005-05-18,32.18,33.12,32.01,32.96,980200.0
2005-05-19,32.96,32.96,32.65,32.88,394100.0
2005-05-20,33.03,33.03,32.58,32.81,403100.0
2005-05-23,32.9,33.2,32.59,33.05,672200.0
2005-05-24,32.87,32.87,32.41,32.74,587300.0
2005-05-25,32.58,32.67,32.1,32.47,446000.0
2005-05-26,32.56,32.71,32.5,32.58,490200.0
2005-05-27,32.62,32.66,32.41,32.58,296500.0
2005-05-31,32.53,32.6,32.25,32.33,724100.0
2005-06-01,32.33,32.94,32.23,32.7,605000.0
2005-06-02,32.69,32.91,32.34,32.89,578300.0
2005-06-03,32.8,32.99,32.56,32.77,617800.0
2005-06-06,32.72,32.95,32.63,32.79,503700.0
2005-06-07,32.76,33.05,32.52,32.53,578200.0
2005-06-08,32.7,32.77,32.31,32.49,302400.0
2005-06-09,32.32,32.4,32.04,32.39,407400.0
2005-06-10,32.39,32.71,32.0,32.42,389400.0
2005-06-13,32.32,32.55,32.06,32.26,477500.0
2005-06-14,32.23,32.44,32.2,32.43,307400.0
2005-06-15,32.5,32.59,32.1,32.47,680300.0
2005-06-16,32.45,32.79,32.45,32.67,342900.0
2005-06-17,32.99,32.99,32.16,32.84,575100.0
2005-06-20,32.69,32.72,32.25,32.57,380200.0
2005-06-21,32.58,32.69,31.98,32.27,685600.0
2005-06-22,32.27,32.54,32.04,32.27,611300.0
2005-06-23,32.28,32.34,31.42,31.74,494700.0
2005-06-24,31.74,31.98,31.63,31.75,845400.0
2005-06-27,31.75,31.8,31.53,31.71,471000.0
2005-06-28,31.79,32.13,31.79,32.11,437500.0
2005-06-29,32.11,32.32,31.98,32.25,464400.0
2005-06-30,32.16,32.38,32.03,32.36,817000.0
2005-07-01,32.49,32.5,32.01,32.24,607300.0
2005-07-05,32.15,32.16,31.65,32.0,546200.0
2005-07-06,31.84,31.96,31.53,31.61,466500.0
2005-07-07,31.2,31.74,30.75,31.69,575100.0
2005-07-08,31.7,32.26,31.56,32.09,392600.0
2005-07-11,32.24,32.53,32.18,32.23,610700.0
2005-07-12,32.09,32.2,31.78,32.07,752900.0
2005-07-13,32.0,32.19,31.7,31.76,650300.0
2005-07-14,32.15,32.3,31.94,32.0,591200.0
2005-07-15,32.0,32.1,31.75,31.93,496300.0
2005-07-18,31.77,31.96,31.6,31.77,497800.0
2005-07-19,31.95,32.0,31.54,31.7,548700.0
2005-07-20,31.71,32.29,31.61,32.1,388200.0
2005-07-21,32.0,32.12,31.77,31.79,456500.0
2005-07-22,31.79,32.0,31.61,31.9,612100.0
2005-07-25,32.1,34.03,31.95,33.57,2056900.0
2005-07-26,33.49,33.73,33.26,33.5,1044100.0
2005-07-27,33.63,33.96,33.5,33.61,1031100.0
2005-07-28,33.8,34.14,33.72,33.83,837200.0
2005-07-29,33.86,34.14,33.57,33.58,1211600.0
2005-08-01,33.63,34.0,33.49,33.69,724100.0
2005-08-02,33.79,34.08,33.6,33.79,665200.0
2005-08-03,33.76,33.96,33.67,33.72,513800.0
2005-08-04,33.7,33.82,33.29,33.3,793000.0
2005-08-05,33.2,33.35,32.9,33.15,835100.0
2005-08-08,33.3,33.51,33.14,33.32,580400.0
2005-08-09,33.42,33.43,32.98,33.09,531400.0
2005-08-10,33.25,33.79,33.23,33.39,690100.0
2005-08-11,33.6,33.73,33.23,33.56,338200.0
2005-08-12,33.35,33.41,32.82,33.0,451400.0
2005-08-15,32.95,32.96,32.56,32.82,471000.0
2005-08-16,32.82,32.92,32.26,32.26,410600.0
2005-08-17,32.25,32.42,32.13,32.41,327800.0
2005-08-18,32.23,32.33,31.95,31.99,377800.0
2005-08-19,32.23,32.3,31.95,32.09,377900.0
2005-08-22,32.23,32.56,32.03,32.12,406300.0
2005-08-23,32.17,32.23,31.76,31.76,564600.0
2005-08-24,31.82,32.3,31.81,31.92,671800.0
2005-08-25,32.1,32.26,32.02,32.15,550700.0
2005-08-26,32.08,32.13,31.67,31.75,478600.0
2005-08-29,31.65,32.16,31.54,31.99,370800.0
2005-08-30,31.8,32.15,31.74,32.1,738400.0
2005-08-31,32.2,33.01,32.1,33.0,1221900.0
2005-09-01,32.97,33.32,32.87,33.0,826600.0
2005-09-02,33.22,33.26,32.89,33.12,569700.0
2005-09-06,33.55,33.79,33.35,33.68,908200.0
2005-09-07,33.71,33.86,33.49,33.62,1209400.0
2005-09-08,33.55,33.55,32.92,33.01,838500.0
2005-09-09,33.0,33.33,32.88,33.3,588600.0
2005-09-12,33.18,33.31,32.96,33.12,582300.0
2005-09-13,33.09,33.28,32.84,32.95,657600.0
2005-09-14,32.85,32.97,32.57,32.57,532700.0
2005-09-15,32.69,32.8,32.55,32.61,514400.0
2005-09-16,32.75,33.24,32.53,32.6,3401200.0
2005-09-19,32.55,32.55,32.17,32.23,811700.0
2005-09-20,32.36,32.49,31.85,32.0,809400.0
2005-09-21,31.78,31.84,31.16,31.25,725100.0
2005-09-22,31.26,31.45,30.9,31.4,737200.0
2005-09-23,31.23,31.85,31.1,31.59,486700.0
2005-09-26,31.84,31.93,31.48,31.63,493800.0
2005-09-27,31.7,31.84,31.46,31.68,857100.0
2005-09-28,31.91,31.99,31.65,31.9,821500.0
2005-09-29,31.9,32.23,31.79,32.03,789400.0
2005-09-30,32.01,32.22,31.88,31.93,504800.0
2005-10-03,32.49,32.79,32.16,32.44,1299800.0
2005-10-04,32.45,32.69,31.9,31.91,872600.0
2005-10-05,31.91,31.98,31.27,31.28,589900.0
2005-10-06,31.26,31.62,30.93,31.06,885400.0
2005-10-07,31.12,31.42,31.12,31.24,655500.0
2005-10-10,32.1,32.15,31.64,31.84,852600.0
2005-10-11,31.84,32.03,31.54,31.71,579400.0
2005-10-12,31.7,32.08,31.64,31.7,738500.0
2005-10-13,31.56,32.2,31.51,31.64,707600.0
2005-10-14,31.85,31.95,31.47,31.79,455900.0
2005-10-17,31.72,31.82,31.54,31.74,597300.0
2005-10-18,32.47,32.71,32.03,32.32,1603200.0
2005-10-19,32.25,32.64,31.93,32.57,1161900.0
2005-10-20,32.57,32.57,31.95,32.12,1061600.0
2005-10-21,32.3,32.65,31.74,32.65,2456100.0
2005-10-24,32.86,33.07,32.64,33.05,830800.0
2005-10-25,33.1,33.1,32.4,32.63,1172700.0
2005-10-26,32.69,33.29,32.49,33.07,704300.0
2005-10-27,33.15,33.24,32.74,32.76,460200.0
2005-10-28,32.83,33.24,32.83,33.2,863200.0
2005-10-31,33.25,33.3,32.87,33.08,924200.0
2005-11-01,33.0,33.11,32.75,33.0,752800.0
2005-11-02,33.01,33.25,32.82,32.98,1030600.0
2005-11-03,33.34,33.44,32.92,33.03,897300.0
2005-11-04,33.1,33.2,32.59,32.84,444600.0
2005-11-07,32.85,33.0,32.56,32.76,593600.0
2005-11-08,32.79,32.98,32.51,32.56,423600.0
2005-11-09,32.65,32.91,32.42,32.43,548000.0
2005-11-10,32.55,33.13,32.46,32.99,565000.0
2005-11-11,33.05,33.3,33.0,33.25,395800.0
2005-11-14,33.2,33.35,33.06,33.27,549700.0
2005-11-15,33.09,33.34,33.0,33.12,817800.0
2005-11-16,33.16,33.3,33.05,33.14,475300.0
2005-11-17,33.14,33.6,32.96,33.6,810100.0
2005-11-18,33.85,33.88,33.15,33.36,698200.0
2005-11-21,33.37,33.55,33.23,33.52,341300.0
2005-11-22,33.41,33.56,33.03,33.35,517200.0
2005-11-23,33.24,33.34,33.05,33.13,401600.0
2005-11-25,33.29,33.31,33.11,33.18,193800.0
2005-11-28,33.13,33.41,33.06,33.2,365500.0
2005-11-29,33.3,33.71,33.26,33.65,559700.0
2005-11-30,33.79,33.89,33.25,33.27,583500.0
2005-12-01,33.46,33.99,33.36,33.98,703500.0
2005-12-02,33.84,33.96,32.74,33.84,278500.0
2005-12-05,33.7,34.01,33.5,33.96,712800.0
2005-12-06,34.1,34.44,33.91,33.98,710200.0
2005-12-07,33.88,34.32,33.83,34.0,577100.0
2005-12-08,33.98,34.24,33.85,34.09,483200.0
2005-12-09,33.28,34.63,33.28,34.58,968400.0
2005-12-12,34.75,34.95,34.57,34.91,1048100.0
2005-12-13,34.85,35.41,34.85,35.27,1006500.0
2005-12-14,35.27,35.88,35.15,35.75,1317600.0
2005-12-15,35.6,35.63,34.99,35.32,990300.0
2005-12-16,35.37,35.75,35.1,35.7,1361600.0
2005-12-19,35.1,35.62,35.1,35.47,930300.0
2005-12-20,35.5,35.77,35.4,35.52,563700.0
2005-12-21,35.62,36.07,35.62,36.02,486200.0
2005-12-22,35.94,36.06,35.71,35.84,645500.0
2005-12-23,35.84,36.15,35.76,36.07,768900.0
2005-12-27,36.07,36.46,36.07,36.44,888900.0
2005-12-28,36.8,37.15,36.64,36.76,843800.0
2005-12-29,36.7,36.87,36.47,36.61,492900.0
2005-12-30,36.54,36.54,36.26,36.27,494400.0
2006-01-03,34.99,35.72,34.8,35.7,1573300.0
2006-01-04,35.65,35.66,35.24,35.37,1196500.0
2006-01-05,35.37,35.73,35.18,35.67,935300.0
2006-01-06,35.92,36.07,35.37,36.05,1041100.0
2006-01-09,36.01,36.1,35.48,35.86,639500.0
2006-01-10,35.61,35.69,35.15,35.56,463400.0
2006-01-11,35.56,36.02,35.47,35.96,891600.0
2006-01-12,35.94,35.95,35.28,35.34,442400.0
2006-01-13,35.38,35.53,35.15,35.22,340100.0
2006-01-17,35.0,35.34,34.94,35.26,396100.0
2006-01-18,35.2,35.28,34.8,35.03,544900.0
2006-01-19,35.21,35.47,35.17,35.42,613000.0
2006-01-20,35.42,35.42,35.01,35.01,675900.0
2006-01-23,35.02,35.64,35.02,35.48,513400.0
2006-01-24,35.6,35.97,35.44,35.92,543900.0
2006-01-25,35.92,36.2,35.72,35.79,872700.0
2006-01-26,35.9,36.13,35.74,35.78,689000.0
2006-01-27,35.78,36.18,35.48,35.71,515300.0
2006-01-30,35.72,35.9,35.55,35.73,313100.0
2006-01-31,35.51,36.0,35.36,35.81,461800.0
2006-02-01,34.91,35.83,34.86,35.8,907900.0
2006-02-02,35.75,35.92,35.03,35.11,843300.0
2006-02-03,35.05,35.41,34.65,35.18,570500.0
2006-02-06,35.09,35.4,34.96,35.3,417400.0
2006-02-07,35.38,35.74,34.86,35.15,957900.0
2006-02-08,35.2,35.2,34.83,35.01,531800.0
2006-02-09,34.85,35.48,34.84,35.03,656900.0
2006-02-10,34.8,35.8,34.2,34.6,1049700.0
2006-02-13,34.38,34.38,33.64,33.85,882000.0
2006-02-14,33.8,35.0,33.79,34.88,883500.0
2006-02-15,34.97,35.15,34.68,35.05,506400.0
2006-02-16,35.0,35.69,34.95,35.61,618600.0
2006-02-17,35.62,35.9,35.61,35.69,575300.0
2006-02-21,35.87,36.07,35.74,35.92,658100.0
2006-02-22,36.03,36.4,36.03,36.36,843400.0
2006-02-23,36.15,36.57,36.05,36.5,873600.0
2006-02-24,36.51,36.6,36.26,36.51,408100.0
2006-02-27,36.5,36.78,36.3,36.41,372700.0
2006-02-28,36.13,36.33,36.02,36.19,661800.0
2006-03-01,36.15,36.32,35.94,36.15,571700.0
2006-03-02,35.95,36.15,35.66,36.02,621800.0
2006-03-03,35.75,36.12,35.59,35.9,368900.0
2006-03-06,35.85,35.98,35.55,35.74,448600.0
2006-03-07,35.75,36.16,34.96,36.05,487000.0
2006-03-08,36.05,36.51,35.8,36.48,806800.0
2006-03-09,39.5,40.5,38.75,38.97,2891000.0
2006-03-10,39.1,39.45,39.0,39.25,1750700.0
2006-03-13,39.27,39.39,38.56,38.78,1213700.0
2006-03-14,38.66,39.03,38.64,38.93,810300.0
2006-03-15,39.03,39.48,38.8,39.3,704500.0
2006-03-16,39.35,39.55,39.12,39.25,908400.0
2006-03-17,39.35,39.55,39.15,39.29,1102200.0
2006-03-20,39.29,39.54,38.95,39.04,771800.0
2006-03-21,39.0,39.28,38.63,38.76,1002500.0
2006-03-22,38.45,38.79,38.28,38.68,912400.0
2006-03-23,38.58,39.07,38.51,39.05,730700.0
2006-03-24,39.3,39.35,38.84,39.0,615400.0
2006-03-27,39.0,39.05,38.56,38.9,610900.0
2006-03-28,38.8,38.98,38.47,38.73,579500.0
2006-03-29,38.59,38.84,38.26,38.63,428300.0
2006-03-30,38.55,38.9,38.41,38.57,517400.0
2006-03-31,38.47,38.79,38.2,38.2,466700.0
2006-04-03,38.1,38.81,38.1,38.51,725900.0
2006-04-04,38.5,38.85,38.34,38.79,583300.0
2006-04-05,38.65,38.72,38.17,38.42,609300.0
2006-04-06,38.37,38.5,38.04,38.3,545200.0
2006-04-07,38.25,38.58,37.86,37.94,611900.0
2006-04-10,38.04,38.24,37.81,37.92,455900.0
2006-04-11,37.94,37.99,37.3,37.39,673300.0
2006-04-12,37.42,37.9,37.4,37.77,523300.0
2006-04-13,37.63,38.11,37.63,38.0,488000.0
2006-04-17,37.93,38.12,37.76,37.93,318200.0
2006-04-18,37.84,38.23,37.84,38.1,507600.0
2006-04-19,38.03,38.23,37.88,38.02,558500.0
2006-04-20,38.02,38.99,38.02,38.67,569800.0
2006-04-21,39.1,39.1,37.97,38.01,1014100.0
2006-04-24,38.0,38.66,37.92,38.4,519800.0
2006-04-25,38.42,38.48,37.65,37.86,519300.0
2006-04-26,38.0,38.34,38.0,38.18,390900.0
2006-04-27,38.18,38.5,37.69,38.03,510400.0
2006-04-28,38.03,38.03,37.6,37.8,469800.0
2006-05-01,37.55,38.03,37.42,37.51,653300.0
2006-05-02,37.45,38.13,37.4,38.07,608500.0
2006-05-03,38.05,38.07,37.63,37.84,344400.0
2006-05-04,37.84,38.5,37.84,37.95,469200.0
2006-05-05,38.02,38.6,37.95,38.5,458300.0
2006-05-08,38.5,38.8,38.42,38.64,477800.0
2006-05-09,38.55,38.67,38.11,38.18,347700.0
2006-05-10,38.2,38.4,37.94,38.14,378500.0
2006-05-11,38.12,38.25,37.59,38.07,423400.0
2006-05-12,38.0,38.07,37.74,37.84,601700.0
2006-05-15,37.9,38.29,37.7,38.17,787500.0
2006-05-16,38.15,38.17,37.51,38.02,463100.0
2006-05-17,37.8,37.93,37.47,37.73,1060200.0
2006-05-18,37.63,38.21,37.61,37.81,715200.0
2006-05-19,37.84,38.44,37.46,38.05,1204000.0
2006-05-22,38.0,38.33,37.0,37.99,917600.0
2006-05-23,38.4,38.4,37.5,37.54,736000.0
2006-05-24,37.5,38.04,37.3,37.84,698900.0
2006-05-25,37.95,38.4,37.83,38.26,380500.0
2006-05-26,38.26,38.63,38.11,38.56,493600.0
2006-05-30,38.5,38.56,37.86,38.32,627700.0
2006-05-31,38.37,38.8,38.22,38.71,631700.0
2006-06-01,38.55,38.61,38.11,38.35,1147200.0
2006-06-02,38.65,38.7,38.16,38.32,772100.0
2006-06-05,38.25,38.32,37.75,37.78,721000.0
2006-06-06,37.9,37.9,37.4,37.8,1180800.0
2006-06-07,37.8,38.19,37.62,37.8,802000.0
2006-06-08,37.7,38.2,37.08,38.2,1434600.0
2006-06-09,38.6,38.69,37.81,37.9,1304300.0
2006-06-12,37.92,38.11,37.6,37.65,485300.0
2006-06-13,37.55,37.93,37.36,37.51,862400.0
2006-06-14,37.5,37.94,37.48,37.9,824200.0
2006-06-15,37.99,38.77,37.93,38.74,613900.0
2006-06-16,38.64,38.96,38.5,38.68,772700.0
2006-06-19,38.75,38.77,38.33,38.49,757000.0
2006-06-20,38.47,38.67,38.04,38.15,678200.0
2006-06-21,38.1,39.56,38.1,39.26,817400.0
2006-06-22,39.05,39.64,38.85,39.42,748200.0
2006-06-23,39.35,39.4,38.99,39.13,596500.0
2006-06-26,39.2,39.65,39.17,39.57,425900.0
2006-06-27,39.59,40.79,39.46,40.75,1652400.0
2006-06-28,40.69,40.7,39.3,39.86,1321000.0
2006-06-29,40.0,41.18,39.95,41.14,1269500.0
2006-06-30,41.14,41.2,40.46,40.58,1749900.0
2006-07-03,40.68,41.08,40.4,40.89,1041400.0
2006-07-05,40.1,40.15,39.68,39.91,1416800.0
2006-07-06,39.8,40.26,39.6,40.17,1532200.0
2006-07-07,40.17,40.34,39.8,40.02,897500.0
2006-07-10,40.05,40.13,39.78,40.02,703300.0
2006-07-11,40.5,41.12,40.35,41.12,1113400.0
2006-07-12,41.13,41.37,40.75,40.94,789200.0
2006-07-13,40.94,40.96,40.25,40.26,1381500.0
2006-07-14,40.14,40.23,39.57,40.09,864900.0
2006-07-17,40.03,40.55,39.87,40.45,1244300.0
2006-07-18,40.45,41.13,40.05,41.12,1261400.0
2006-07-19,41.1,42.23,40.95,42.0,1404200.0
2006-07-20,41.97,41.97,41.0,41.03,771600.0
2006-07-21,41.3,41.45,40.79,41.22,1149200.0
2006-07-24,41.4,42.18,41.1,42.18,1185700.0
2006-07-25,42.18,42.22,40.97,41.75,1165200.0
2006-07-26,41.5,42.95,41.34,42.14,1109800.0
2006-07-27,42.3,42.6,42.06,42.5,711500.0
2006-07-28,42.85,43.4,42.04,43.24,824100.0
2006-07-31,43.2,43.35,42.8,43.07,602600.0
2006-08-01,42.85,43.04,42.41,42.92,878400.0
2006-08-02,43.05,43.67,43.05,43.35,1076600.0
2006-08-03,43.35,43.52,43.15,43.33,809100.0
2006-08-04,43.5,43.87,42.95,43.24,740300.0
2006-08-07,43.24,43.35,42.8,42.89,471100.0
2006-08-08,43.1,43.6,42.7,43.01,877700.0
2006-08-09,43.05,43.23,42.57,42.63,558600.0
2006-08-10,42.63,43.09,42.31,42.98,442100.0
2006-08-11,43.0,43.34,42.68,42.89,538300.0
2006-08-14,43.2,43.47,42.98,43.0,417700.0
2006-08-15,43.4,44.51,43.37,44.29,1154800.0
2006-08-16,43.41,44.88,43.41,44.27,1006800.0
2006-08-17,44.35,45.25,44.2,44.55,1026800.0
2006-08-18,44.63,44.79,44.1,44.22,458200.0
2006-08-21,44.05,44.25,43.59,43.59,964600.0
2006-08-22,43.63,43.91,43.49,43.52,884600.0
2006-08-23,43.66,43.86,43.21,43.4,480300.0
2006-08-24,43.7,43.95,43.4,43.75,602300.0
2006-08-25,43.72,43.92,43.3,43.68,416800.0
2006-08-28,43.73,44.49,43.7,44.15,577600.0
2006-08-29,44.15,45.0,43.92,44.8,1273300.0
2006-08-30,44.75,45.44,44.4,44.72,730900.0
2006-08-31,44.65,44.83,44.34,44.58,489200.0
2006-09-01,44.6,44.91,44.49,44.82,456700.0
2006-09-05,44.0,44.13,43.03,43.15,1562000.0
2006-09-06,42.95,43.22,42.7,42.92,1406200.0
2006-09-07,42.92,42.92,41.65,41.73,1469800.0
2006-09-08,41.73,42.55,41.66,42.21,1207800.0
2006-09-11,42.0,42.0,39.89,40.87,2027700.0
2006-09-12,40.87,42.3,40.87,42.15,1084100.0
2006-09-13,41.83,42.27,41.77,41.95,881200.0
2006-09-14,41.98,42.38,41.76,42.14,737500.0
2006-09-15,42.26,42.66,41.98,41.98,1124400.0
2006-09-18,41.99,42.72,41.87,42.26,703100.0
2006-09-19,42.36,42.46,42.21,42.35,786100.0
2006-09-20,42.34,43.0,42.22,42.92,666000.0
2006-09-21,43.02,43.2,42.53,42.66,633000.0
2006-09-22,42.55,42.9,42.45,42.76,519900.0
2006-09-25,42.57,43.06,41.98,42.83,701900.0
2006-09-26,42.64,43.35,42.64,43.11,466900.0
2006-09-27,43.05,43.59,42.78,43.22,596800.0
2006-09-28,43.4,43.4,42.97,43.22,483900.0
2006-09-29,43.1,43.44,42.82,42.82,526100.0
2006-10-02,42.83,42.83,42.17,42.47,1031100.0
2006-10-03,42.52,42.57,42.19,42.35,1140300.0
2006-10-04,42.39,43.39,42.35,43.39,959900.0
2006-10-05,43.39,44.02,43.09,44.02,829000.0
2006-10-06,44.02,44.24,43.76,43.92,841700.0
2006-10-09,43.8,44.28,43.71,44.19,562500.0
2006-10-10,44.35,44.47,43.9,44.47,524500.0
2006-10-11,44.22,44.61,43.72,44.05,439500.0
2006-10-12,44.15,44.74,44.0,44.47,516000.0
2006-10-13,44.1,44.53,43.96,44.2,584100.0
2006-10-16,44.25,44.86,44.21,44.82,677100.0
2006-10-17,44.6,44.74,44.11,44.54,674300.0
2006-10-18,44.66,45.02,44.49,44.89,703700.0
2006-10-19,44.99,45.16,44.72,44.9,484500.0
2006-10-20,44.99,45.48,44.71,44.98,739500.0
2006-10-23,44.8,45.01,44.5,44.85,827900.0
2006-10-24,44.85,45.01,44.61,44.86,619500.0
2006-10-25,44.93,45.05,44.7,44.92,688000.0
2006-10-26,45.05,45.15,44.79,45.04,728800.0
2006-10-27,45.08,45.42,45.08,45.29,627600.0
2006-10-30,45.1,45.61,44.98,45.55,607200.0
2006-10-31,45.6,45.65,44.94,45.35,865300.0
2006-11-01,45.35,45.69,45.34,45.44,476200.0
2006-11-02,45.43,45.53,45.09,45.42,767700.0
2006-11-03,45.45,45.71,45.11,45.24,440600.0
2006-11-06,45.27,46.15,45.2,45.87,538900.0
2006-11-07,45.87,46.11,45.67,45.77,615900.0
2006-11-08,45.48,46.24,45.47,45.97,454900.0
2006-11-09,46.15,46.15,45.53,45.58,468100.0
2006-11-10,45.57,45.69,45.06,45.3,566900.0
2006-11-13,45.1,45.85,44.98,45.73,525400.0
2006-11-14,45.94,45.99,45.45,45.75,507900.0
2006-11-15,45.79,45.84,45.61,45.7,609200.0
2006-11-16,45.71,45.95,45.53,45.87,514900.0
2006-11-17,45.72,45.85,45.38,45.79,491700.0
2006-11-20,45.7,46.0,45.6,45.86,309500.0
2006-11-21,45.72,46.4,45.7,46.19,613700.0
2006-11-22,46.0,46.24,45.91,46.03,248600.0
2006-11-24,46.0,46.2,45.95,46.0,162800.0
2006-11-27,46.0,46.01,45.36,45.46,513000.0
2006-11-28,45.35,45.47,44.96,45.11,577700.0
2006-11-29,44.95,45.17,44.03,44.52,1366500.0
2006-11-30,44.5,44.69,44.27,44.35,1034200.0
2006-12-01,44.45,44.71,43.81,44.21,944100.0
2006-12-04,44.31,45.4,44.27,44.95,765000.0
2006-12-05,45.05,45.67,45.05,45.25,870600.0
2006-12-06,45.3,45.48,45.0,45.31,542200.0
2006-12-07,45.25,45.44,44.98,45.23,389400.0
2006-12-08,45.31,45.57,45.14,45.52,419300.0
2006-12-11,45.5,45.78,45.4,45.48,369600.0
2006-12-12,45.22,45.43,44.98,45.17,677700.0
2006-12-13,45.25,45.44,44.9,44.98,720700.0
2006-12-14,44.98,45.38,44.95,45.14,662300.0
2006-12-15,45.02,45.02,44.53,44.77,2054500.0
2006-12-18,44.77,44.91,44.42,44.84,907300.0
2006-12-19,44.85,45.4,44.76,45.39,860200.0
2006-12-20,45.38,45.67,45.2,45.44,438300.0
2006-12-21,45.44,45.56,45.06,45.38,620000.0
2006-12-22,45.45,45.45,44.91,44.94,432300.0
2006-12-26,44.92,45.32,44.87,45.14,351600.0
2006-12-27,45.33,45.52,45.11,45.29,346600.0
2006-12-28,45.33,45.73,45.26,45.3,293600.0
2006-12-29,45.31,45.49,45.08,45.2,336800.0
2007-01-03,45.2,45.37,44.28,44.5,1095800.0
2007-01-04,44.4,44.47,43.74,43.95,1178100.0
2007-01-05,43.95,44.22,43.76,43.96,1335600.0
2007-01-08,43.84,43.99,43.54,43.82,985800.0
2007-01-09,43.95,44.06,43.71,43.83,908700.0
2007-01-10,43.75,43.94,43.6,43.8,656200.0
2007-01-11,43.8,44.48,43.8,44.31,608900.0
2007-01-12,44.42,45.0,44.32,44.66,582300.0
2007-01-16,44.5,44.99,44.5,44.88,538300.0
2007-01-17,44.88,44.88,44.59,44.69,571900.0
2007-01-18,44.71,44.81,44.3,44.38,348500.0
2007-01-19,44.3,44.44,44.05,44.12,682600.0
2007-01-22,44.05,44.32,43.97,44.11,481100.0
2007-01-23,44.0,44.26,43.91,44.24,689300.0
2007-01-24,44.24,44.53,44.16,44.41,623600.0
2007-01-25,44.33,44.35,43.65,43.85,1189200.0
2007-01-26,43.97,43.98,42.96,43.16,1385700.0
2007-01-29,43.06,43.63,43.05,43.47,1309000.0
2007-01-30,43.37,43.44,42.77,43.14,1091000.0
2007-01-31,43.1,44.02,43.1,43.9,841300.0
2007-02-01,43.87,44.31,43.75,44.17,853500.0
2007-02-02,44.17,44.56,44.12,44.27,863100.0
2007-02-05,44.12,44.2,43.54,43.73,668100.0
2007-02-06,43.73,44.48,43.73,44.25,722100.0
2007-02-07,44.24,44.39,44.03,44.24,340700.0
2007-02-08,44.11,44.2,43.82,44.0,507000.0
2007-02-09,44.0,44.46,43.92,43.93,546900.0
2007-02-12,44.06,44.5,43.9,44.1,894204.0
2007-02-13,44.15,44.59,43.75,43.9,1043717.0
2007-02-14,43.94,44.38,43.93,44.07,993639.0
2007-02-15,44.07,44.44,44.0,44.35,611000.0
2007-02-16,44.18,44.57,44.15,44.52,927700.0
2007-02-20,44.6,44.75,44.3,44.6,649500.0
2007-02-21,44.47,44.83,44.47,44.7,582800.0
2007-02-22,44.77,44.91,44.0,44.12,537500.0
2007-02-23,44.05,44.15,43.77,43.85,735300.0
2007-02-26,43.88,44.33,43.32,43.43,934763.0
2007-02-27,42.92,43.14,41.89,42.18,1341800.0
2007-02-28,42.32,42.77,41.62,42.3,956100.0
2007-03-01,41.8,42.11,37.01,41.75,1935157.0
2007-03-02,41.79,41.9,41.26,41.39,1299500.0
2007-03-05,41.25,41.48,40.82,40.83,1201100.0
2007-03-06,41.07,42.25,41.0,42.06,1472700.0
2007-03-07,41.9,42.39,41.85,42.16,973600.0
2007-03-08,42.38,42.84,42.3,42.57,967600.0
2007-03-09,42.74,43.18,42.73,43.01,731700.0
2007-03-12,43.01,43.26,42.54,43.06,747600.0
2007-03-13,42.75,43.01,41.75,41.81,1039500.0
2007-03-14,42.38,42.82,41.97,42.61,1572600.0
2007-03-15,42.64,43.47,42.64,42.87,1172600.0
2007-03-16,42.75,42.8,41.86,42.16,1829900.0
2007-03-19,42.54,43.04,42.44,43.0,1064000.0
2007-03-20,42.9,43.07,42.64,42.74,879800.0
2007-03-21,42.74,43.13,42.43,43.08,1032900.0
2007-03-22,43.97,43.97,42.77,42.98,866800.0
2007-03-23,43.13,43.13,42.67,42.99,959140.0
2007-03-26,43.1,43.34,42.44,43.3,648300.0
2007-03-27,43.11,43.23,42.72,43.0,718400.0
2007-03-28,42.84,42.84,42.31,42.52,819100.0
2007-03-29,42.59,42.96,42.47,42.72,1204908.0
2007-03-30,42.8,43.21,42.59,43.0,1112927.0
2007-04-02,42.96,43.3,42.79,43.18,903700.0
2007-04-03,43.35,43.99,43.31,43.73,692900.0
2007-04-04,43.66,44.08,43.57,43.57,695000.0
2007-04-05,43.58,43.83,43.58,43.73,521191.0
2007-04-09,43.72,43.9,43.61,43.81,459900.0
2007-04-10,43.85,43.91,43.63,43.68,662516.0
2007-04-11,43.74,43.85,43.55,43.62,871225.0
2007-04-12,43.63,44.09,43.6,44.05,605000.0
2007-04-13,44.0,44.08,43.68,43.78,507448.0
2007-04-16,43.89,44.41,43.89,44.41,634702.0
2007-04-17,44.38,44.59,44.12,44.19,535600.0
2007-04-18,44.19,44.23,43.84,43.95,678500.0
2007-04-19,44.79,44.79,43.57,43.99,587700.0
2007-04-20,44.41,44.71,44.14,44.64,867400.0
2007-04-23,44.6,44.77,44.37,44.49,454375.0
2007-04-24,44.42,44.73,43.8,44.0,887600.0
2007-04-25,44.32,44.65,44.02,44.17,995400.0
2007-04-26,44.2,44.33,43.83,44.1,947400.0
2007-04-27,44.11,44.12,43.58,43.97,561500.0
2007-04-30,43.97,43.99,42.99,42.99,975100.0
2007-05-01,43.0,43.05,42.03,42.26,2141051.0
2007-05-02,42.26,42.95,42.26,42.7,2109600.0
2007-05-03,42.83,43.24,42.83,43.2,1253215.0
2007-05-04,43.35,43.35,42.46,42.76,1280709.0
2007-05-07,42.81,43.38,42.76,42.92,756700.0
2007-05-08,42.65,42.82,41.87,42.08,1348500.0
2007-05-09,42.0,42.37,41.78,42.06,1430628.0
2007-05-10,42.06,42.2,41.64,41.78,1224500.0
2007-05-11,42.03,42.43,41.88,42.31,1066700.0
2007-05-14,42.47,42.8,42.24,42.72,1238700.0
2007-05-15,43.14,44.61,42.72,44.05,2261761.0
2007-05-16,44.06,44.32,43.93,44.21,1133000.0
2007-05-17,44.05,44.29,43.89,43.91,744844.0
2007-05-18,44.0,44.25,43.84,43.96,1053500.0
2007-05-21,43.9,44.16,43.69,43.75,786900.0
2007-05-22,43.72,43.99,43.52,43.8,1144200.0
2007-05-23,43.82,44.2,43.65,43.71,944900.0
2007-05-24,43.7,43.9,42.93,42.96,789200.0
2007-05-25,43.18,43.71,43.15,43.38,608200.0
2007-05-29,43.59,43.77,43.02,43.13,730300.0
2007-05-30,43.1,43.25,42.82,43.19,993760.0
2007-05-31,43.29,43.69,43.14,43.15,834700.0
2007-06-01,43.15,43.34,42.79,43.06,1120400.0
2007-06-04,43.03,43.12,42.77,42.85,870200.0
2007-06-05,42.86,43.02,42.58,42.6,744800.0
2007-06-06,42.6,42.6,41.52,41.75,1508300.0
2007-06-07,42.25,42.6,41.59,41.59,2047120.0
2007-06-08,41.66,41.84,41.12,41.84,2326855.0
2007-06-11,41.6,42.41,41.56,42.09,1181600.0
2007-06-12,42.65,43.47,42.65,42.75,1934030.0
2007-06-13,42.87,43.7,42.78,43.7,1087100.0
2007-06-14,43.55,44.14,43.42,43.58,930500.0
2007-06-15,44.4,44.42,43.58,43.63,919502.0
2007-06-18,43.66,43.94,43.63,43.63,861900.0
2007-06-19,43.5,43.5,42.91,43.01,1273335.0
2007-06-20,43.85,44.54,43.17,43.18,1553600.0
2007-06-21,42.94,43.36,42.72,43.36,1035500.0
2007-06-22,43.2,43.49,42.7,42.82,1921400.0
2007-06-25,42.78,43.29,42.46,42.64,1375400.0
2007-06-26,42.65,42.99,42.35,42.78,1689700.0
2007-06-27,42.67,43.23,42.6,43.15,1580900.0
2007-06-28,43.02,43.23,42.83,42.83,1031852.0
2007-06-29,42.84,43.39,42.55,42.7,1187000.0
2007-07-02,43.03,43.4,42.89,43.15,884800.0
2007-07-03,43.15,43.28,43.06,43.14,378100.0
2007-07-05,42.92,43.06,42.43,42.45,1300010.0
2007-07-06,42.43,42.63,42.25,42.58,1221200.0
2007-07-09,42.33,42.8,42.27,42.63,1013900.0
2007-07-10,42.51,42.71,42.09,42.2,1253741.0
2007-07-11,42.3,42.9,42.08,42.9,1232900.0
2007-07-12,43.0,43.47,42.9,43.47,1247820.0
2007-07-13,43.47,43.9,43.23,43.8,808779.0
2007-07-16,43.7,44.34,43.59,43.74,1395800.0
2007-07-17,43.68,43.98,43.53,43.6,859184.0
2007-07-18,43.34,43.74,43.34,43.66,1038981.0
2007-07-19,43.68,43.8,43.34,43.65,1164500.0
2007-07-20,43.62,43.89,43.18,43.7,1481624.0
2007-07-23,44.0,44.5,43.81,43.99,1810883.0
2007-07-24,43.99,44.74,43.5,43.69,1964700.0
2007-07-25,43.69,43.84,43.03,43.36,2210530.0
2007-07-26,43.01,43.25,42.08,42.46,2598817.0
2007-07-27,42.02,42.56,41.57,41.82,2468773.0
2007-07-30,41.93,42.72,41.36,42.57,1914034.0
2007-07-31,42.81,43.0,42.0,42.11,2174693.0
2007-08-01,42.2,42.93,41.83,42.8,1762500.0
2007-08-02,42.76,43.12,42.44,42.7,1112400.0
2007-08-03,42.75,42.94,42.05,42.05,1170100.0
2007-08-06,42.26,42.64,41.67,42.63,1394600.0
2007-08-07,42.32,43.03,41.9,42.65,1664700.0
2007-08-08,43.51,43.58,42.63,43.19,1730200.0
2007-08-09,42.76,43.29,42.25,42.43,1957000.0
2007-08-10,42.06,42.8,41.14,41.9,1728000.0
2007-08-13,42.1,42.38,41.3,42.0,1665800.0
2007-08-14,42.17,42.44,41.15,41.15,1204500.0
2007-08-15,40.96,41.17,40.13,40.16,1089119.0
2007-08-16,40.01,40.6,39.01,40.35,2442700.0
2007-08-17,42.85,42.85,40.39,40.74,1302600.0
2007-08-20,40.75,41.39,40.48,40.99,1203600.0
2007-08-21,40.68,41.28,40.2,40.59,1253900.0
2007-08-22,40.7,41.64,40.67,41.02,2111100.0
2007-08-23,41.07,41.27,40.55,40.96,1213500.0
2007-08-24,41.08,41.39,40.86,41.38,813700.0
2007-08-27,41.24,41.56,41.08,41.11,832280.0
2007-08-28,40.85,41.17,40.4,40.44,1207400.0
2007-08-29,40.6,41.47,40.5,41.44,1025000.0
2007-08-30,41.2,41.82,41.11,41.44,1173300.0
2007-08-31,41.74,42.34,41.46,41.66,948300.0
2007-09-04,41.43,41.66,41.24,41.4,1009400.0
2007-09-05,41.15,41.63,41.08,41.62,1222800.0
2007-09-06,41.62,41.69,41.3,41.65,623400.0
2007-09-07,41.16,41.49,40.75,40.84,830500.0
2007-09-10,41.0,41.2,40.37,40.76,668500.0
2007-09-11,41.0,41.56,40.85,41.53,722800.0
2007-09-12,41.83,42.7,41.66,42.5,1298600.0
2007-09-13,42.5,43.0,42.5,42.52,1251800.0
2007-09-14,42.0,42.85,41.89,42.74,828200.0
2007-09-17,42.42,43.07,42.4,42.59,705200.0
2007-09-18,42.81,43.85,42.61,43.82,1155800.0
2007-09-19,44.0,45.54,43.96,45.37,2112785.0
2007-09-20,45.15,45.5,45.0,45.38,1324000.0
2007-09-21,45.95,46.71,45.38,46.28,1963100.0
2007-09-24,46.08,46.64,45.78,45.87,1059200.0
2007-09-25,45.09,46.26,45.09,46.13,1289501.0
2007-09-26,46.05,46.86,46.05,46.72,1032100.0
2007-09-27,46.8,47.59,46.8,47.59,915100.0
2007-09-28,47.32,47.5,47.03,47.2,887600.0
2007-10-01,47.06,48.37,47.06,47.85,915200.0
2007-10-02,47.67,47.8,47.05,47.37,694000.0
2007-10-03,47.21,47.4,46.85,46.89,709100.0
2007-10-04,47.08,47.52,46.74,46.81,968300.0
2007-10-05,47.29,47.37,46.72,47.0,1097600.0
2007-10-08,47.04,47.05,46.63,46.74,507400.0
2007-10-09,46.75,47.09,46.64,46.93,777000.0
2007-10-10,46.99,47.1,46.74,47.03,974950.0
2007-10-11,46.96,47.29,46.22,46.38,866500.0
2007-10-12,46.38,47.22,46.13,47.1,651203.0
2007-10-15,47.21,47.4,46.31,46.51,644200.0
2007-10-16,46.63,46.63,45.49,45.66,839400.0
2007-10-17,45.88,46.21,45.65,46.02,714400.0
2007-10-18,45.83,46.34,45.6,46.14,681000.0
2007-10-19,45.81,46.41,45.65,45.65,1172000.0
2007-10-22,45.58,46.59,45.0,46.38,1175700.0
2007-10-23,46.44,46.77,45.36,46.49,1508600.0
2007-10-24,46.18,46.84,45.95,46.74,1289800.0
2007-10-25,46.92,46.93,46.04,46.31,1214400.0
2007-10-26,46.8,47.28,46.57,47.26,844400.0
2007-10-29,47.25,47.67,47.17,47.43,430900.0
2007-10-30,47.23,47.67,46.92,46.94,772000.0
2007-10-31,47.01,47.21,46.17,47.17,1094300.0
2007-11-01,46.83,47.09,46.01,46.06,848700.0
2007-11-02,46.13,46.33,45.35,46.32,1019400.0
2007-11-05,46.0,46.85,45.79,46.53,878593.0
2007-11-06,46.57,48.26,46.57,48.26,1169000.0
2007-11-07,47.55,47.78,46.32,46.32,956490.0
2007-11-08,46.36,46.77,45.83,46.67,1290400.0
2007-11-09,45.99,46.83,45.62,46.05,1156020.0
2007-11-12,45.88,46.72,45.82,45.85,985300.0
2007-11-13,46.31,46.71,46.06,46.68,1132100.0
2007-11-14,46.78,47.48,46.61,47.18,929300.0
2007-11-15,47.09,47.32,45.99,46.28,1197405.0
2007-11-16,46.68,46.83,45.74,46.03,1729138.0
2007-11-19,45.71,45.94,45.08,45.12,1068500.0
2007-11-20,45.25,46.35,45.07,45.5,1273300.0
2007-11-21,45.29,45.87,44.94,45.2,1006100.0
2007-11-23,45.6,46.01,45.36,45.87,256200.0
2007-11-26,45.75,46.73,44.95,44.95,976275.0
2007-11-27,45.09,45.96,44.82,45.61,1019865.0
2007-11-28,45.63,47.3,45.63,47.3,1016371.0
2007-11-29,47.05,47.23,46.63,47.0,1084172.0
2007-11-30,47.47,47.9,47.09,47.9,1134160.0
2007-12-03,47.51,49.82,47.51,49.56,1973500.0
2007-12-04,49.53,49.69,48.86,49.3,1625700.0
2007-12-05,49.86,49.86,48.98,49.4,873854.0
2007-12-06,49.38,50.29,49.13,50.25,759665.0
2007-12-07,50.24,50.95,49.72,50.77,1059922.0
2007-12-10,50.49,51.49,50.36,51.49,1291500.0
2007-12-11,51.67,51.67,50.36,50.52,1289200.0
2007-12-12,51.62,51.62,50.67,51.15,1557675.0
2007-12-13,51.0,52.18,50.86,52.07,1186628.0
2007-12-14,51.55,51.72,51.17,51.39,1147145.0
2007-12-17,51.2,51.5,49.72,49.72,1529612.0
2007-12-18,49.98,50.83,49.16,50.64,1410700.0
2007-12-19,50.67,51.58,50.26,51.24,1453795.0
2007-12-20,51.5,51.5,50.58,51.42,994600.0
2007-12-21,51.83,52.27,51.34,51.67,1305148.0
2007-12-24,51.98,52.3,51.83,52.3,251334.0
2007-12-26,51.98,52.28,51.57,52.25,410964.0
2007-12-27,52.2,52.5,51.88,52.23,763214.0
2007-12-28,52.78,52.78,51.84,52.07,655300.0
2007-12-31,52.0,52.02,51.13,51.21,538000.0
2008-01-02,51.0,51.5,50.78,51.03,1195000.0
2008-01-03,51.11,51.25,50.44,50.77,1255401.0
2008-01-04,50.43,51.01,49.8,50.35,1251202.0
2008-01-07,51.16,52.35,50.91,51.24,2262300.0
2008-01-08,51.63,51.8,50.02,50.21,1409952.0
2008-01-09,50.19,50.31,49.07,50.21,1472200.0
2008-01-10,49.76,51.14,49.54,50.95,1268290.0
2008-01-11,50.38,50.85,49.05,49.21,1452200.0
2008-01-14,49.6,49.99,49.36,49.96,1277327.0
2008-01-15,49.41,50.19,48.68,48.74,1406105.0
2008-01-16,48.42,49.35,48.05,48.66,1682462.0
2008-01-17,48.94,49.23,47.03,47.04,1941752.0
2008-01-18,47.45,48.17,46.95,47.71,1646395.0
2008-01-22,45.88,46.67,45.16,45.8,2157323.0
2008-01-23,44.55,47.45,44.12,47.37,2418381.0
2008-01-24,47.58,47.91,46.68,47.36,1357730.0
2008-01-25,47.72,47.72,46.15,46.32,1631536.0
2008-01-28,46.96,47.95,46.53,47.95,1115141.0
2008-01-29,48.32,48.44,47.64,47.9,844571.0
2008-01-30,47.76,48.96,47.36,47.53,920700.0
2008-01-31,46.9,48.56,46.73,48.14,1225079.0
2008-02-01,48.36,49.14,47.92,49.02,1077984.0
2008-02-04,48.84,51.0,48.06,49.6,921706.0
2008-02-05,48.85,48.91,47.75,47.75,984872.0
2008-02-06,48.03,48.17,47.13,47.26,1289767.0
2008-02-07,47.1,48.07,47.0,47.74,1289376.0
2008-02-08,47.29,47.91,47.1,47.65,1016093.0
2008-02-11,47.47,48.17,47.23,47.98,786125.0
2008-02-12,47.78,48.98,46.94,48.08,2093269.0
2008-02-13,48.73,48.94,47.11,47.62,1939649.0
2008-02-14,47.49,47.6,46.01,46.3,2058654.0
2008-02-15,46.25,46.32,45.39,46.32,1275996.0
2008-02-19,46.77,47.18,46.47,46.79,1089179.0
2008-02-20,46.5,47.5,46.41,47.5,1245927.0
2008-02-21,47.52,47.57,46.7,46.77,1389647.0
2008-02-22,47.07,47.18,46.15,46.95,1145548.0
2008-02-25,47.0,47.94,46.49,47.9,1091493.0
2008-02-26,47.6,48.26,47.49,48.03,1207621.0
2008-02-27,47.55,48.82,46.8,48.25,2536435.0
2008-02-28,48.25,48.28,47.38,48.01,1224271.0
2008-02-29,47.53,47.82,46.61,46.79,1235515.0
2008-03-03,46.63,46.98,46.24,46.98,1375443.0
2008-03-04,46.53,46.78,45.35,45.86,2426466.0
2008-03-05,45.9,46.5,45.57,46.14,2283732.0
2008-03-06,46.01,46.24,45.59,45.63,1413062.0
2008-03-07,45.2,45.62,44.52,45.0,2589962.0
2008-03-10,44.95,44.95,43.2,43.25,2211674.0
2008-03-11,44.6,45.45,43.94,45.45,1922549.0
2008-03-12,45.8,45.9,44.46,44.57,1767894.0
2008-03-13,44.04,44.49,43.24,44.27,2302927.0
2008-03-14,44.53,44.78,42.8,43.74,2363245.0
2008-03-17,43.03,43.87,42.55,42.97,2068601.0
2008-03-18,43.48,44.77,43.39,44.68,2056059.0
2008-03-19,45.19,45.55,43.44,43.44,1929487.0
2008-03-20,43.71,43.71,42.79,43.3,2147372.0
2008-03-24,43.65,44.47,43.46,43.84,1398926.0
2008-03-25,44.15,44.67,43.76,44.2,1239141.0
2008-03-26,44.06,44.29,43.52,43.75,1273824.0
2008-03-27,44.05,44.12,43.29,43.49,1681818.0
2008-03-28,43.59,43.8,42.65,42.88,1492625.0
2008-03-31,42.78,43.54,42.52,43.43,1676528.0
2008-04-01,43.6,44.99,43.31,44.99,1938999.0
2008-04-02,45.11,46.03,44.85,45.55,2795116.0
2008-04-03,45.4,45.66,44.6,44.89,1689753.0
2008-04-04,45.0,45.17,44.57,44.8,1367501.0
2008-04-07,45.09,45.4,44.44,44.6,1042391.0
2008-04-08,44.48,44.86,44.14,44.75,819341.0
2008-04-09,44.64,44.96,44.29,44.42,809657.0
2008-04-10,44.5,45.27,44.19,44.97,1423371.0
2008-04-11,44.52,45.31,44.39,44.59,1648917.0
2008-04-14,44.49,45.3,44.47,45.17,1281448.0
2008-04-15,45.55,45.91,44.84,45.31,1043480.0
2008-04-16,45.73,46.99,45.45,46.97,1323289.0
2008-04-17,46.5,47.15,46.07,46.57,1292166.0
2008-04-18,47.42,48.0,46.91,47.93,1495491.0
2008-04-21,47.76,48.18,47.42,48.1,959086.0
2008-04-22,47.89,47.97,47.1,47.62,1009535.0
2008-04-23,48.1,48.1,46.94,47.24,1551128.0
2008-04-24,48.91,48.91,46.4,46.83,1438527.0
2008-04-25,47.0,47.5,46.5,47.5,874579.0
2008-04-28,47.71,47.78,46.54,46.75,1049994.0
2008-04-29,46.8,46.93,46.14,46.34,1505459.0
2008-04-30,46.8,46.81,45.77,45.96,1317411.0
2008-05-01,45.98,46.0,45.15,45.8,1596856.0
2008-05-02,46.03,46.35,45.58,46.0,907221.0
2008-05-05,45.66,46.04,45.66,46.04,867542.0
2008-05-06,45.5,46.26,45.11,46.05,1206665.0
2008-05-07,46.18,46.27,45.37,45.4,735650.0
2008-05-08,45.87,45.87,45.1,45.78,762363.0
2008-05-09,45.66,45.66,44.9,45.15,680504.0
2008-05-12,44.98,45.09,44.18,45.03,1087693.0
2008-05-13,45.04,45.42,44.79,45.42,1235326.0
2008-05-14,45.53,46.23,45.42,45.89,726373.0
2008-05-15,45.95,46.13,45.5,46.08,814616.0
2008-05-16,46.2,46.7,45.99,46.7,871348.0
2008-05-19,46.62,46.87,45.54,45.74,1105069.0
2008-05-20,45.24,45.6,44.89,45.25,1335442.0
2008-05-21,45.11,45.42,44.19,44.29,1157010.0
2008-05-22,44.15,44.9,44.11,44.26,1210539.0
2008-05-23,43.95,44.04,43.66,43.77,1559808.0
2008-05-27,43.92,43.92,43.11,43.61,1606845.0
2008-05-28,43.8,44.86,43.75,44.86,1469965.0
2008-05-29,44.87,45.05,44.45,44.65,992595.0
2008-05-30,44.7,45.02,44.46,44.83,658735.0
2008-06-02,44.56,44.75,44.16,44.31,707515.0
2008-06-03,44.32,44.67,43.86,44.24,795164.0
2008-06-04,44.04,45.18,44.04,44.65,834146.0
2008-06-05,44.94,45.93,44.75,45.93,776124.0
2008-06-06,45.96,46.0,44.41,44.41,922250.0
2008-06-09,44.36,44.89,44.28,44.74,754654.0
2008-06-10,44.09,44.86,43.73,44.75,1256963.0
2008-06-11,44.39,44.74,43.85,43.85,1065204.0
2008-06-12,44.15,44.99,44.15,44.86,1012896.0
2008-06-13,45.26,45.87,45.07,45.79,1243779.0
2008-06-16,45.33,45.93,45.25,45.53,962869.0
2008-06-17,45.56,45.61,44.83,44.93,1002889.0
2008-06-18,44.73,45.01,44.46,44.61,778408.0
2008-06-19,44.72,45.29,44.47,44.94,865607.0
2008-06-20,44.68,44.83,43.86,44.15,1180388.0
2008-06-23,44.25,44.88,44.11,44.87,947766.0
2008-06-24,44.7,44.75,43.43,43.49,1679335.0
2008-06-25,43.84,45.04,43.48,44.74,1269314.0
2008-06-26,44.13,44.22,43.6,43.6,1267119.0
2008-06-27,43.6,43.9,43.34,43.68,1392192.0
2008-06-30,43.83,44.54,42.89,42.99,1389020.0
2008-07-01,42.54,43.23,42.0,43.07,1875578.0
2008-07-02,43.07,43.52,42.44,42.44,1748674.0
2008-07-03,42.89,44.73,42.73,44.48,1843676.0
2008-07-07,44.49,44.6,43.24,43.62,1759133.0
2008-07-08,43.25,44.13,43.25,44.04,2147320.0
2008-07-09,43.79,44.09,43.06,43.06,2287305.0
2008-07-10,43.34,43.8,42.88,43.3,4086210.0
2008-07-11,42.96,43.57,42.61,43.02,2973205.0
2008-07-14,43.21,43.54,42.86,43.35,2264639.0
2008-07-15,42.95,43.65,42.28,43.36,2492481.0
2008-07-16,43.33,44.12,42.76,44.1,2231949.0
2008-07-17,44.4,44.5,43.89,44.23,1685410.0
2008-07-18,44.23,44.59,43.78,44.07,1838835.0
2008-07-21,44.19,44.4,43.93,44.25,1755340.0
2008-07-22,44.02,44.31,43.67,43.99,1992873.0
2008-07-23,44.18,44.63,43.73,44.29,1474885.0
2008-07-24,44.29,44.63,43.8,44.1,1652774.0
2008-07-25,44.32,44.49,43.51,43.79,1363348.0
2008-07-28,43.87,44.27,43.49,44.15,1751299.0
2008-07-29,43.99,44.99,43.99,44.69,1171347.0
2008-07-30,44.9,45.24,44.7,45.24,1151007.0
2008-07-31,44.93,45.24,44.58,44.7,1545826.0
2008-08-01,44.68,44.95,43.6,44.0,1392755.0
2008-08-04,43.87,43.98,43.13,43.8,2160205.0
2008-08-05,43.89,45.27,43.74,45.22,2473729.0
2008-08-06,45.04,45.77,44.99,45.18,1272249.0
2008-08-07,45.04,45.04,44.19,44.36,1144742.0
2008-08-08,44.43,45.13,44.15,45.1,944034.0
2008-08-11,45.1,45.45,44.59,45.43,1279377.0
2008-08-12,45.23,45.75,45.2,45.74,1346262.0
2008-08-13,45.69,46.0,44.97,45.85,1117042.0
2008-08-14,45.6,46.42,45.47,46.25,1364482.0
2008-08-15,46.28,46.49,46.0,46.36,905017.0
2008-08-18,46.45,46.5,45.74,45.85,915001.0
2008-08-19,45.65,45.82,44.96,45.1,873812.0
2008-08-20,45.13,45.2,44.68,45.07,1075592.0
2008-08-21,44.71,45.43,44.71,45.34,786421.0
2008-08-22,45.35,45.91,45.27,45.64,517856.0
2008-08-25,45.47,45.47,44.78,45.01,794846.0
2008-08-26,44.84,45.31,44.76,44.99,672189.0
2008-08-27,45.15,45.29,44.6,45.05,910963.0
2008-08-28,45.32,46.42,45.32,46.18,1087761.0
2008-08-29,46.15,46.3,45.74,45.74,705820.0
2008-09-02,46.32,47.2,46.05,46.16,1345168.0
2008-09-03,46.31,46.55,45.56,46.13,934478.0
2008-09-04,45.9,46.22,45.37,45.7,1459056.0
2008-09-05,45.51,45.57,44.75,45.46,935441.0
2008-09-08,46.2,47.18,46.1,47.12,1945195.0
2008-09-09,47.31,47.81,46.84,47.09,2013603.0
2008-09-10,47.3,47.72,46.87,46.97,1491701.0
2008-09-11,46.49,47.96,46.35,47.9,1451643.0
2008-09-12,47.6,48.42,47.21,48.38,1237429.0
2008-09-15,47.09,48.72,47.09,47.57,1406693.0
2008-09-16,47.7,49.07,46.14,48.7,2004578.0
2008-09-17,48.14,48.36,46.29,46.38,2461290.0
2008-09-18,47.02,52.16,46.61,49.39,3354803.0
2008-09-19,51.0,51.99,46.35,50.01,2723704.0
2008-09-22,49.81,49.81,47.66,47.75,1242230.0
2008-09-23,47.62,49.45,47.62,47.76,1437130.0
2008-09-24,48.06,48.66,47.26,48.04,1426157.0
2008-09-25,48.4,49.95,47.78,49.42,1671089.0
2008-09-26,48.76,49.8,48.76,49.7,1445365.0
2008-09-29,49.11,49.11,46.61,47.05,2363019.0
2008-09-30,47.68,48.7,47.21,48.52,2557589.0
2008-10-01,48.08,49.99,48.06,48.99,2979642.0
2008-10-02,48.76,49.48,46.01,46.39,3209425.0
2008-10-03,46.91,47.28,44.68,45.12,2730743.0
2008-10-06,43.73,43.73,40.53,42.7,4426662.0
2008-10-07,43.24,43.5,41.31,41.36,4232305.0
2008-10-08,40.5,44.98,40.15,42.5,4592207.0
2008-10-09,42.52,43.63,38.84,38.84,3290725.0
2008-10-10,37.19,40.94,35.9,39.5,4113382.0
2008-10-13,40.13,44.11,40.03,44.01,2069286.0
2008-10-14,45.47,45.83,40.55,42.19,2845849.0
2008-10-15,41.98,41.98,37.61,37.63,2634891.0
2008-10-16,39.72,40.38,37.04,40.38,4659409.0
2008-10-17,39.4,41.35,38.37,39.85,3118681.0
2008-10-20,39.53,42.81,39.5,42.81,2387146.0
2008-10-21,42.22,42.99,41.18,41.34,1409721.0
2008-10-22,39.65,40.56,38.52,38.93,2851347.0
2008-10-23,39.25,41.0,38.21,40.2,3876318.0
2008-10-24,37.68,39.06,37.04,37.79,3477714.0
2008-10-27,37.24,38.18,35.43,35.43,3198134.0
2008-10-28,36.88,37.15,34.29,37.0,4245573.0
2008-10-29,36.99,38.02,36.13,36.68,2593700.0
2008-10-30,36.93,38.33,36.25,37.75,2596200.0
2008-10-31,37.57,37.77,36.54,37.26,2124012.0
2008-11-03,37.11,37.8,36.86,37.38,1999529.0
2008-11-04,38.14,39.31,37.4,38.96,1897439.0
2008-11-05,38.55,38.87,36.78,36.91,1528546.0
2008-11-06,37.27,37.27,35.31,35.32,2162536.0
2008-11-07,35.51,36.81,35.45,36.57,1598997.0
2008-11-10,33.1,34.3,32.72,33.36,5251907.0
2008-11-11,32.35,32.5,31.52,31.78,5137930.0
2008-11-12,30.47,31.48,29.56,30.62,10058571.0
2008-11-13,31.41,34.27,31.32,34.07,26943339.0
2008-11-14,33.86,33.86,32.53,32.77,5926628.0
2008-11-17,33.0,33.74,32.57,33.08,4389029.0
2008-11-18,33.12,33.94,32.85,33.92,4363855.0
2008-11-19,33.5,34.5,32.0,32.01,3897617.0
2008-11-20,31.55,33.39,30.63,30.83,4546939.0
2008-11-21,31.46,33.32,30.86,33.07,5704552.0
2008-11-24,33.76,34.59,32.64,34.1,3849332.0
2008-11-25,35.62,36.37,34.39,36.26,4467273.0
2008-11-26,35.34,37.73,35.14,37.62,3597770.0
2008-11-28,36.77,38.39,36.76,38.39,1184519.0
2008-12-01,37.11,37.11,34.5,34.57,2797378.0
2008-12-02,34.99,35.55,34.33,35.55,2388101.0
2008-12-03,34.76,36.56,34.7,36.33,3012256.0
2008-12-04,35.61,36.4,34.88,35.44,2150485.0
2008-12-05,35.16,37.0,34.18,36.93,2018326.0
2008-12-08,37.9,38.85,36.94,37.71,2447576.0
2008-12-09,37.03,38.63,36.19,36.51,2185927.0
2008-12-10,36.91,37.58,35.33,35.64,2809042.0
2008-12-11,35.58,36.44,34.08,34.36,2334275.0
2008-12-12,33.93,35.76,33.56,35.56,1979451.0
2008-12-15,36.01,36.2,34.59,35.05,1506769.0
2008-12-16,36.09,37.01,35.31,36.87,2307425.0
2008-12-17,36.44,37.02,35.33,35.53,2191133.0
2008-12-18,35.8,36.29,35.16,35.41,1976135.0
2008-12-19,35.5,36.49,34.6,34.71,3417618.0
2008-12-22,34.64,35.29,33.43,33.98,1570396.0
2008-12-23,34.55,34.55,33.46,33.78,1317094.0
2008-12-24,34.04,34.17,33.62,33.75,501142.0
2008-12-26,33.87,34.12,33.73,34.06,670770.0
2008-12-29,33.9,34.18,33.37,33.77,1237451.0
2008-12-30,34.37,34.94,33.9,34.38,1850534.0
2008-12-31,34.76,35.44,33.92,35.15,1754784.0
2009-01-02,35.7,35.98,34.8,35.83,1196926.0
2009-01-05,35.56,35.74,34.56,35.15,2352213.0
2009-01-06,35.56,35.69,33.92,34.4,2537445.0
2009-01-07,34.14,35.22,33.69,34.33,3624309.0
2009-01-08,34.24,34.34,33.67,34.02,2592595.0
2009-01-09,34.2,34.2,33.39,33.51,2139551.0
2009-01-12,33.37,33.81,33.0,33.57,2145962.0
2009-01-13,33.37,34.06,33.23,33.8,2380810.0
2009-01-14,33.27,33.99,32.86,33.01,2252604.0
2009-01-15,34.5,36.08,34.3,35.52,5758751.0
2009-01-16,36.45,36.78,35.65,36.6,2851825.0
2009-01-20,36.04,36.35,34.81,34.87,1908931.0
2009-01-21,35.06,36.43,34.69,36.37,2260573.0
2009-01-22,35.69,36.14,35.06,35.48,2308755.0
2009-01-23,35.04,35.51,34.44,34.97,3091361.0
2009-01-26,35.06,35.47,34.43,34.72,2596288.0
2009-01-27,35.07,35.3,34.4,34.74,2068771.0
2009-01-28,35.35,35.49,34.84,35.26,1817999.0
2009-01-29,35.07,35.53,34.57,34.71,1553619.0
2009-01-30,34.56,34.94,33.68,33.96,2542448.0
2009-02-02,33.47,34.18,33.28,33.82,2292008.0
2009-02-03,33.85,34.14,33.63,34.07,2313783.0
2009-02-04,34.05,34.88,33.79,34.18,2014744.0
2009-02-05,33.85,35.05,33.62,34.81,1712132.0
2009-02-06,34.61,35.86,34.61,35.78,1867927.0
2009-02-09,35.85,36.0,34.96,35.18,1482325.0
2009-02-10,34.63,35.18,33.75,33.96,2336554.0
2009-02-11,34.15,34.59,33.7,34.25,2205054.0
2009-02-12,33.21,33.55,29.9,32.6,7335085.0
2009-02-13,32.09,33.3,31.54,32.88,2271966.0
2009-02-17,32.0,33.24,31.5,32.74,3211406.0
2009-02-18,32.75,33.42,32.19,32.44,3062370.0
2009-02-19,33.12,33.7,32.79,33.48,3486588.0
2009-02-20,32.99,33.28,31.73,32.79,2495668.0
2009-02-23,33.08,33.3,31.93,32.04,3014778.0
2009-02-24,32.02,33.19,32.02,32.98,3375900.0
2009-02-25,32.86,33.15,32.27,32.52,2735151.0
2009-02-26,32.59,32.8,31.85,32.0,2364937.0
2009-02-27,31.44,32.15,31.44,31.78,2737863.0
2009-03-02,31.2,31.93,30.99,31.1,3815502.0
2009-03-03,31.46,31.62,30.48,30.56,2916279.0
2009-03-04,30.97,31.18,30.51,30.77,3680676.0
2009-03-05,30.15,30.33,29.51,30.1,4389617.0
2009-03-06,30.33,30.45,29.27,29.9,3080386.0
2009-03-09,29.6,30.24,29.41,29.85,3155641.0
2009-03-10,30.36,31.13,29.62,30.85,3695496.0
2009-03-11,30.88,31.3,30.7,31.1,4420101.0
2009-03-12,30.92,31.78,30.45,31.69,3038346.0
2009-03-13,31.87,32.36,31.45,32.23,2333260.0
2009-03-16,32.44,32.91,32.08,32.14,3037600.0
2009-03-17,32.08,33.0,31.83,33.0,2927143.0
2009-03-18,32.66,33.29,32.42,33.08,3140956.0
2009-03-19,33.54,33.64,32.74,32.8,2663700.0
2009-03-20,32.89,33.13,32.28,32.32,2203974.0
2009-03-23,32.92,33.99,31.6,33.96,2231633.0
2009-03-24,33.62,34.42,33.52,33.77,2481702.0
2009-03-25,34.05,34.52,33.58,34.34,3169036.0
2009-03-26,34.54,35.25,34.46,35.13,2483698.0
2009-03-27,34.73,34.98,34.0,34.25,1662215.0
2009-03-30,33.87,34.23,33.29,34.18,1947575.0
2009-03-31,34.59,35.12,33.99,34.73,2218042.0
2009-04-01,34.79,35.03,34.11,34.81,2583357.0
2009-04-02,35.4,35.91,35.04,35.33,2764157.0
2009-04-03,35.4,35.82,35.01,35.82,2077210.0
2009-04-06,35.68,35.84,35.2,35.78,1217644.0
2009-04-07,35.3,35.96,35.24,35.43,1860045.0
2009-04-08,35.51,36.19,35.4,36.15,1369644.0
2009-04-09,36.85,37.0,36.58,36.97,1409188.0
2009-04-13,36.74,37.1,36.25,36.81,1470180.0
2009-04-14,36.32,37.31,36.12,37.11,1982888.0
2009-04-15,37.06,37.61,36.94,37.39,2031530.0
2009-04-16,37.54,37.61,36.99,37.25,1649375.0
2009-04-17,37.43,37.94,37.1,37.67,1990011.0
2009-04-20,37.29,37.59,37.2,37.44,2270477.0
2009-04-21,37.4,37.49,37.01,37.49,1863860.0
2009-04-22,37.25,37.67,36.92,37.03,2349356.0
2009-04-23,37.03,37.29,36.77,37.1,2647481.0
2009-04-24,37.36,38.16,37.11,37.91,1700551.0
2009-04-27,37.54,38.2,37.35,37.41,2253952.0
2009-04-28,37.12,38.54,37.12,38.19,2219014.0
2009-04-29,38.44,39.21,38.38,38.95,1701572.0
2009-04-30,39.45,39.55,38.28,38.55,1889215.0
2009-05-01,38.48,38.55,37.76,38.1,1631344.0
2009-05-04,38.39,40.0,38.39,39.9,2590017.0
2009-05-05,39.82,39.83,39.39,39.57,1369028.0
2009-05-06,39.96,40.04,38.69,38.87,1867376.0
2009-05-07,39.0,39.14,38.37,38.62,2145867.0
2009-05-08,39.08,39.08,38.17,38.34,2112598.0
2009-05-11,37.99,38.25,37.63,37.78,2038485.0
2009-05-12,38.08,38.39,37.67,38.17,1427394.0
2009-05-13,37.81,37.81,36.47,36.62,2056016.0
2009-05-14,36.6,37.27,36.52,37.0,1744385.0
2009-05-15,36.37,36.69,36.01,36.26,2294295.0
2009-05-18,36.53,36.89,36.39,36.84,1737099.0
2009-05-19,36.78,37.02,36.46,36.58,2099199.0
2009-05-20,36.79,37.63,36.66,37.06,1711150.0
2009-05-21,36.7,36.97,36.44,36.7,1744576.0
2009-05-22,36.82,37.31,36.7,36.72,1087559.0
2009-05-26,36.39,37.74,36.36,37.67,1256821.0
2009-05-27,37.54,37.7,36.43,36.54,1656574.0
2009-05-28,36.84,36.98,36.25,36.71,1828804.0
2009-05-29,36.96,37.35,36.67,37.35,1757050.0
2009-06-01,37.76,38.68,37.64,38.55,1593412.0
2009-06-02,38.47,38.64,38.19,38.31,2213596.0
2009-06-03,38.02,38.36,37.42,37.78,2183434.0
2009-06-04,37.96,37.96,37.32,37.6,1845110.0
2009-06-05,38.04,38.15,37.13,37.4,2064510.0
2009-06-08,37.16,37.88,36.95,37.58,1827147.0
2009-06-09,37.83,38.53,37.42,38.35,1594353.0
2009-06-10,38.41,38.67,37.14,37.8,1941810.0
2009-06-11,37.94,38.71,37.94,38.42,1646210.0
2009-06-12,38.21,38.8,37.94,38.69,1602171.0
2009-06-15,38.35,38.47,37.95,38.14,1894067.0
2009-06-16,38.38,38.38,37.2,37.21,1901479.0
2009-06-17,37.09,38.48,36.96,38.24,3076344.0
2009-06-18,38.29,38.55,38.03,38.13,1534525.0
2009-06-19,38.4,38.52,37.66,37.81,1870253.0
2009-06-22,37.38,37.87,37.11,37.44,1740772.0
2009-06-23,37.49,37.57,37.07,37.43,1380937.0
2009-06-24,37.75,38.17,37.44,38.13,2246955.0
2009-06-25,38.0,39.47,37.74,39.44,2339354.0
2009-06-26,39.37,39.5,38.53,38.63,5178339.0
2009-06-29,38.87,39.19,38.6,39.06,1560349.0
2009-06-30,39.05,39.16,38.77,38.99,1655933.0
2009-07-01,39.12,39.19,38.91,38.96,1438619.0
2009-07-02,38.61,38.61,38.06,38.23,1005578.0
2009-07-06,37.84,38.4,37.61,38.35,1180511.0
2009-07-07,38.03,38.52,37.55,37.61,1387047.0
2009-07-08,37.67,38.0,37.19,37.66,1376033.0
2009-07-09,37.78,38.09,37.08,37.18,1727630.0
2009-07-10,37.07,37.51,36.89,37.31,1035820.0
2009-07-13,37.34,38.05,37.03,38.05,1670210.0
2009-07-14,38.05,38.1,37.5,37.75,1593524.0
2009-07-15,38.13,38.37,37.66,37.92,3641768.0
2009-07-16,37.77,38.24,37.52,38.09,2742770.0
2009-07-17,38.0,38.34,37.85,38.21,1327727.0
2009-07-20,38.46,38.46,37.52,38.37,1849429.0
2009-07-21,38.72,38.97,37.65,38.17,2283881.0
2009-07-22,37.87,38.54,37.86,38.48,1320867.0
2009-07-23,38.35,39.48,38.25,39.39,1696002.0
2009-07-24,39.15,40.11,38.79,40.1,1825855.0
2009-07-27,40.21,40.48,39.95,40.42,1917265.0
2009-07-28,39.82,40.06,39.28,40.04,1948223.0
2009-07-29,40.48,41.06,40.13,40.9,1556525.0
2009-07-30,41.25,41.76,41.14,41.3,1295138.0
2009-07-31,41.39,41.84,41.14,41.51,1200379.0
2009-08-03,41.68,42.64,41.48,42.59,1805306.0
2009-08-04,42.45,42.59,42.01,42.29,1397171.0
2009-08-05,42.23,42.32,41.68,41.98,1403222.0
2009-08-06,42.2,42.39,41.67,41.87,1695531.0
2009-08-07,42.11,42.43,41.84,42.01,1493316.0
2009-08-10,41.75,41.95,41.62,41.88,1203873.0
2009-08-11,41.63,41.97,41.45,41.83,1019524.0
2009-08-12,41.6,42.23,41.58,41.88,1902244.0
2009-08-13,42.13,42.55,41.67,42.27,1124527.0
2009-08-14,42.19,42.39,41.38,42.07,1156137.0
2009-08-17,41.37,41.77,41.09,41.61,1836165.0
2009-08-18,41.7,42.38,41.61,42.31,1577319.0
2009-08-19,41.8,43.19,41.65,42.88,1818269.0
2009-08-20,42.89,43.12,42.29,42.47,1431259.0
2009-08-21,42.83,43.1,42.55,42.98,2357271.0
2009-08-24,43.03,43.1,42.25,42.29,1462483.0
2009-08-25,42.67,42.68,41.92,42.0,1762444.0
2009-08-26,42.0,42.12,41.75,41.96,1520367.0
2009-08-27,41.89,42.29,41.75,41.98,2246864.0
2009-08-28,42.18,42.36,41.54,42.06,1962996.0
2009-08-31,41.77,42.41,41.63,42.29,1949991.0
2009-09-01,42.19,42.68,41.87,42.01,2309145.0
2009-09-02,41.95,42.7,41.9,42.43,2443505.0
2009-09-03,42.56,42.81,42.27,42.58,2000721.0
2009-09-04,42.55,42.78,42.28,42.78,1285025.0
2009-09-08,43.0,43.29,42.78,43.24,2066021.0
2009-09-09,43.08,43.69,42.86,43.67,2131370.0
2009-09-10,43.5,44.38,43.14,44.38,2176287.0
2009-09-11,44.3,44.76,43.9,44.0,2313707.0
2009-09-14,43.85,45.99,43.8,45.89,4156105.0
2009-09-15,45.66,46.3,45.39,46.11,3693334.0
2009-09-16,46.23,47.47,45.96,47.32,3612380.0
2009-09-17,46.89,47.53,46.68,47.48,4453192.0
2009-09-18,47.49,47.88,46.72,47.05,13183646.0
2009-09-21,46.93,47.2,46.39,46.67,3150137.0
2009-09-22,46.84,47.02,46.06,46.33,2406362.0
2009-09-23,46.34,46.57,45.8,45.8,2668743.0
2009-09-24,46.06,46.42,45.7,45.91,1941204.0
2009-09-25,45.71,46.01,45.28,45.8,2010610.0
2009-09-28,45.95,46.54,45.86,46.39,994360.0
2009-09-29,46.27,46.64,45.86,45.89,1097281.0
2009-09-30,46.12,46.87,45.84,46.23,2135270.0
2009-10-01,45.79,46.26,45.15,45.17,2115969.0
2009-10-02,44.94,45.39,44.8,44.9,1941403.0
2009-10-05,44.95,45.44,44.76,45.43,1333319.0
2009-10-06,45.81,46.12,45.47,45.86,1013565.0
2009-10-07,45.74,45.95,45.22,45.49,1268317.0
2009-10-08,46.22,46.43,45.87,46.02,1431246.0
2009-10-09,46.04,46.28,45.57,45.94,1760768.0
2009-10-12,46.2,46.51,45.9,46.12,966589.0
2009-10-13,46.05,46.27,45.79,46.11,880206.0
2009-10-14,46.33,46.75,46.09,46.57,1191811.0
2009-10-15,46.4,46.6,46.05,46.38,1227124.0
2009-10-16,46.13,46.62,46.12,46.29,1621070.0
2009-10-19,46.32,46.8,46.15,46.58,908773.0
2009-10-20,46.33,46.43,45.91,46.17,1215813.0
2009-10-21,46.17,46.83,45.73,45.87,1278880.0
2009-10-22,45.89,46.59,45.78,46.33,957266.0
2009-10-23,46.19,46.4,45.7,46.1,1613192.0
2009-10-26,46.23,46.89,45.62,45.93,1600615.0
2009-10-27,45.87,46.79,44.65,44.95,2378673.0
2009-10-28,44.72,45.17,44.06,44.15,2111163.0
2009-10-29,44.33,44.92,44.13,44.76,1849362.0
2009-10-30,44.67,44.98,43.85,43.96,1761653.0
2009-11-02,44.12,44.52,43.39,44.05,1478915.0
2009-11-03,43.75,44.76,43.64,44.51,2058462.0
2009-11-04,44.69,45.0,44.26,44.33,1490914.0
2009-11-05,44.5,45.21,44.48,45.14,1085126.0
2009-11-06,44.84,45.37,44.62,45.18,1083799.0
2009-11-09,45.45,46.14,45.42,46.14,1045542.0
2009-11-10,46.13,46.54,46.0,46.38,927429.0
2009-11-11,46.65,46.85,46.09,46.24,1075896.0
2009-11-12,46.21,46.37,45.41,45.54,1277859.0
2009-11-13,45.75,46.32,45.5,45.93,1108530.0
2009-11-16,46.07,46.17,45.81,46.15,1607555.0
2009-11-17,46.16,46.38,46.0,46.36,1108387.0
2009-11-18,46.32,46.41,45.76,45.96,882496.0
2009-11-19,45.62,45.68,45.05,45.29,982942.0
2009-11-20,45.16,45.42,44.95,45.29,1052145.0
2009-11-23,45.44,46.09,45.38,45.64,757412.0
2009-11-24,45.75,45.75,44.92,45.1,976491.0
2009-11-25,45.12,45.5,44.87,45.29,943569.0
2009-11-27,44.41,44.89,44.13,44.45,488466.0
2009-11-30,44.5,44.94,44.12,44.91,1090889.0
2009-12-01,45.16,45.55,45.08,45.48,1336506.0
2009-12-02,45.57,45.89,45.44,45.79,902649.0
2009-12-03,45.71,46.06,45.07,45.1,931594.0
2009-12-04,45.61,46.1,44.99,45.21,1348271.0
2009-12-07,45.24,45.35,44.59,44.92,1048877.0
2009-12-08,44.68,44.88,44.29,44.5,1048357.0
2009-12-09,44.61,45.11,44.23,45.07,844622.0
2009-12-10,45.39,45.66,45.3,45.55,990692.0
2009-12-11,45.6,45.92,44.83,45.17,876589.0
2009-12-14,45.42,45.66,45.07,45.41,734579.0
2009-12-15,45.16,45.49,44.9,45.0,1014157.0
2009-12-16,45.03,45.5,44.91,45.31,1145193.0
2009-12-17,44.99,45.09,44.63,44.72,893316.0
2009-12-18,44.86,44.98,44.26,44.71,1671486.0
2009-12-21,44.8,45.1,44.63,44.82,770263.0
2009-12-22,44.93,45.12,44.65,44.72,1104490.0
2009-12-23,44.92,45.11,44.57,44.88,802022.0
2009-12-24,45.04,45.22,44.93,45.22,426112.0
2009-12-28,45.29,45.37,44.99,45.22,574112.0
2009-12-29,45.32,45.49,45.15,45.35,410957.0
2009-12-30,45.15,45.37,45.01,45.21,473169.0
2009-12-31,45.21,45.24,44.56,44.58,471816.0
2010-01-04,45.05,45.34,44.86,45.25,1009474.0
2010-01-05,45.07,45.14,44.31,44.56,1098336.0
2010-01-06,44.45,44.85,44.15,44.43,1479680.0
2010-01-07,44.27,45.01,44.03,44.91,1350031.0
2010-01-08,44.68,45.35,44.62,45.29,1694502.0
2010-01-11,45.47,46.37,45.43,46.28,1588548.0
2010-01-12,45.9,46.49,45.79,46.43,1785998.0
2010-01-13,46.34,47.09,46.31,47.06,1468695.0
2010-01-14,46.82,46.97,46.19,46.39,1137513.0
2010-01-15,46.33,46.7,45.87,46.14,982930.0
2010-01-19,46.3,46.94,46.14,46.92,1042272.0
2010-01-20,46.58,47.4,46.46,47.1,1933169.0
2010-01-21,47.12,47.25,45.78,45.81,2186102.0
2010-01-22,45.52,45.9,44.84,44.87,1573152.0
2010-01-25,45.25,45.49,45.01,45.07,869153.0
2010-01-26,44.65,45.27,44.4,44.51,1151331.0
2010-01-27,44.73,44.91,44.16,44.65,1212784.0
2010-01-28,44.71,44.85,43.89,43.9,1738264.0
2010-01-29,44.07,44.87,43.86,43.9,1957212.0
2010-02-01,44.14,44.39,43.84,44.37,1286071.0
2010-02-02,44.48,44.76,44.08,44.68,1308129.0
2010-02-03,44.54,44.87,44.22,44.52,1188751.0
2010-02-04,44.19,44.31,43.14,43.16,1961396.0
2010-02-05,43.15,43.65,42.15,43.37,2798869.0
2010-02-08,43.33,44.35,43.01,43.52,1898444.0
2010-02-09,44.02,44.56,43.68,44.16,1574881.0
2010-02-10,43.99,44.27,43.57,43.78,2041962.0
2010-02-11,42.39,42.86,41.14,41.33,6665910.0
2010-02-12,41.16,41.88,40.66,41.79,3400092.0
2010-02-16,42.14,42.4,41.66,42.38,2233799.0
2010-02-17,42.36,42.62,42.09,42.36,2671176.0
2010-02-18,42.47,42.84,42.29,42.72,1416274.0
2010-02-19,42.62,42.82,42.34,42.57,1704538.0
2010-02-22,42.75,42.75,42.05,42.12,1852408.0
2010-02-23,41.91,42.15,41.49,41.58,2221811.0
2010-02-24,41.81,42.12,41.57,42.01,1778739.0
2010-02-25,41.21,42.16,41.02,42.16,3252250.0
2010-02-26,42.34,42.51,41.98,42.14,2149707.0
2010-03-01,42.32,42.52,41.87,42.36,2512234.0
2010-03-02,42.34,42.64,42.06,42.2,2602991.0
2010-03-03,42.34,42.86,42.21,42.67,2211009.0
2010-03-04,42.64,42.9,42.52,42.68,2002103.0
2010-03-05,42.8,43.23,42.57,43.1,1607855.0
2010-03-08,43.02,43.11,42.6,42.7,1970084.0
2010-03-09,42.59,42.84,42.36,42.55,1616765.0
2010-03-10,42.46,42.72,42.06,42.58,1939819.0
2010-03-11,42.33,42.7,42.11,42.7,1216735.0
2010-03-12,42.82,43.89,42.78,43.62,3008330.0
2010-03-15,43.69,43.73,43.17,43.53,1324481.0
2010-03-16,43.58,43.74,43.29,43.71,1230781.0
2010-03-17,43.71,43.9,43.4,43.6,2013019.0
2010-03-18,43.58,43.66,43.14,43.14,2570937.0
2010-03-19,43.18,43.47,43.0,43.19,2327433.0
2010-03-22,43.12,43.49,43.03,43.39,1306314.0
2010-03-23,43.41,43.51,43.02,43.42,2014289.0
2010-03-24,43.34,43.58,43.14,43.29,1829946.0
2010-03-25,43.57,43.6,43.08,43.1,1931045.0
2010-03-26,43.2,43.63,43.08,43.49,1609701.0
2010-03-29,43.59,43.84,43.37,43.63,1407560.0
2010-03-30,43.68,44.05,43.65,43.9,1422326.0
2010-03-31,43.78,44.27,43.61,43.95,1765196.0
2010-04-01,44.22,44.53,44.1,44.43,1440382.0
2010-04-05,44.35,44.71,44.29,44.56,1336187.0
2010-04-06,44.31,44.6,44.16,44.56,1585985.0
2010-04-07,44.39,44.83,44.36,44.7,2616516.0
2010-04-08,44.5,44.81,44.33,44.4,3262702.0
2010-04-09,44.52,45.02,44.44,45.02,1507305.0
2010-04-12,44.91,45.21,44.82,45.0,1683801.0
2010-04-13,45.08,45.2,45.0,45.12,1295806.0
2010-04-14,45.15,45.41,45.0,45.31,2087587.0
2010-04-15,45.16,45.45,45.02,45.41,1666283.0
2010-04-16,45.28,45.47,44.83,45.28,2246006.0
2010-04-19,45.11,45.57,44.87,45.51,1453505.0
2010-04-20,45.66,45.99,45.52,45.95,1388643.0
2010-04-21,45.91,46.5,45.8,46.38,2426285.0
2010-04-22,46.34,46.9,46.28,46.9,2635526.0
2010-04-23,46.78,47.7,46.63,47.62,2610296.0
2010-04-26,47.83,47.99,47.52,47.71,2989254.0
2010-04-27,47.2,47.83,46.82,46.93,2444571.0
2010-04-28,47.41,47.67,47.06,47.46,2135585.0
2010-04-29,47.75,49.0,47.69,49.0,2986569.0
2010-04-30,48.98,49.16,48.8,48.84,2460506.0
2010-05-03,49.06,49.7,48.97,49.34,2467278.0
2010-05-04,48.99,49.09,48.23,48.59,2608192.0
2010-05-05,48.46,48.76,47.94,48.59,3204022.0
2010-05-06,48.41,48.64,47.12,47.5,4210056.0
2010-05-07,47.53,48.28,47.12,47.74,4689216.0
2010-05-10,49.0,49.47,48.42,49.03,3235806.0
2010-05-11,48.49,49.26,48.24,48.85,2361626.0
2010-05-12,48.92,49.0,48.28,48.51,3392389.0
2010-05-13,48.47,48.59,48.04,48.1,1978620.0
2010-05-14,47.7,48.02,47.24,47.48,2394618.0
2010-05-17,47.73,48.02,47.1,47.89,2385582.0
2010-05-18,48.08,48.61,47.64,47.66,2032608.0
2010-05-19,47.48,47.78,47.0,47.49,2431604.0
2010-05-20,46.68,46.76,45.55,45.55,3814830.0
2010-05-21,45.0,46.65,45.0,46.65,3844969.0
2010-05-24,46.46,46.7,46.05,46.05,2196830.0
2010-05-25,45.09,46.6,44.94,46.6,3692506.0
2010-05-26,46.75,47.1,46.07,46.18,2154500.0
2010-05-27,46.92,47.53,46.63,47.52,1499569.0
2010-05-28,47.48,47.64,46.99,47.23,1608469.0
2010-06-01,46.86,47.67,46.65,46.65,1770358.0
2010-06-02,46.86,47.59,46.6,47.59,1546255.0
2010-06-03,47.76,47.87,47.2,47.64,1645225.0
2010-06-04,46.82,47.11,46.11,46.19,2304057.0
2010-06-07,46.02,46.44,45.4,45.43,3184530.0
2010-06-08,45.55,45.9,45.19,45.89,3603971.0
2010-06-09,46.03,46.48,45.36,45.52,2555911.0
2010-06-10,46.0,46.71,45.93,46.47,3500571.0
2010-06-11,45.83,46.46,45.1,46.44,2739384.0
2010-06-14,46.47,46.87,45.92,45.98,2548075.0
2010-06-15,46.0,47.25,46.0,47.21,2485067.0
2010-06-16,47.03,47.33,46.92,47.05,1167075.0
2010-06-17,47.29,47.41,46.63,47.25,1577084.0
2010-06-18,47.34,47.41,46.92,47.0,2090770.0
2010-06-21,47.39,47.65,46.51,46.98,1976826.0
2010-06-22,46.79,47.59,46.6,46.62,2468379.0
2010-06-23,46.62,46.92,46.28,46.62,1942656.0
2010-06-24,46.58,46.72,45.61,45.66,1676762.0
2010-06-25,45.65,46.05,45.37,45.67,2713052.0
2010-06-28,45.93,45.97,45.18,45.58,1714317.0
2010-06-29,45.05,45.33,44.52,45.06,2763005.0
2010-06-30,44.9,45.84,44.87,44.91,2831421.0
2010-07-01,44.77,45.26,44.69,45.09,3459614.0
2010-07-02,45.21,45.35,44.66,44.92,2532775.0
2010-07-06,45.36,45.62,44.87,45.25,2032486.0
2010-07-07,45.47,47.07,45.32,47.06,2400355.0
2010-07-08,47.46,47.67,46.94,47.63,1710562.0
2010-07-09,47.5,47.99,47.45,47.86,1339702.0
2010-07-12,47.71,47.83,47.22,47.38,1470297.0
2010-07-13,47.66,48.65,47.44,48.52,1582804.0
2010-07-14,48.15,48.39,47.81,48.19,2029575.0
2010-07-15,48.23,48.55,47.84,48.45,1425016.0
2010-07-16,48.2,48.32,47.47,47.57,1534107.0
2010-07-19,47.82,48.13,47.39,48.06,1674520.0
2010-07-20,47.74,49.09,47.69,49.09,2246986.0
2010-07-21,49.21,49.25,47.77,48.16,2035725.0
2010-07-22,48.38,48.87,48.21,48.4,2703074.0
2010-07-23,48.38,49.27,48.34,49.27,1882897.0
2010-07-26,49.39,49.77,49.32,49.77,1710015.0
2010-07-27,46.13,48.49,46.05,48.35,4552122.0
2010-07-28,48.32,48.95,48.04,48.86,2217983.0
2010-07-29,49.27,49.29,48.5,48.88,3441120.0
2010-07-30,48.6,49.09,48.52,48.91,2569198.0
2010-08-02,49.25,49.39,48.89,49.13,1920731.0
2010-08-03,49.09,49.14,48.75,48.79,1538157.0
2010-08-04,48.88,49.53,48.8,49.5,1619600.0
2010-08-05,49.28,49.41,49.1,49.35,1309851.0
2010-08-06,49.07,49.31,48.64,49.17,1221510.0
2010-08-09,49.26,49.43,49.13,49.35,959232.0
2010-08-10,48.7,49.19,48.52,48.96,1206261.0
2010-08-11,48.44,48.57,47.86,47.87,1330694.0
2010-08-12,47.49,48.28,47.45,48.04,1625814.0
2010-08-13,47.88,48.03,47.59,47.7,938541.0
2010-08-16,47.48,47.92,47.32,47.73,971618.0
2010-08-17,48.08,48.59,47.88,48.38,1558575.0
2010-08-18,48.22,48.23,47.89,48.05,1225202.0
2010-08-19,47.84,47.84,46.99,47.09,1362816.0
2010-08-20,46.84,47.48,46.7,47.45,1357741.0
2010-08-23,47.45,47.67,46.71,46.72,1439002.0
2010-08-24,46.16,46.79,46.07,46.44,1443314.0
2010-08-25,46.41,46.75,46.17,46.56,2035466.0
2010-08-26,46.73,46.88,46.38,46.5,1311862.0
2010-08-27,46.75,47.63,46.36,47.62,1318623.0
2010-08-30,47.44,47.57,47.05,47.16,951545.0
2010-08-31,46.96,47.57,46.63,47.4,1470240.0
2010-09-01,48.0,48.78,47.8,48.61,1786333.0
2010-09-02,48.6,49.15,48.51,49.15,941555.0
2010-09-03,49.38,49.48,49.01,49.41,1305214.0
2010-09-07,49.13,49.19,48.66,48.69,1115416.0
2010-09-08,48.86,49.29,48.7,49.06,1215479.0
2010-09-09,49.44,49.5,49.04,49.19,920809.0
2010-09-10,49.29,49.5,48.72,48.79,1557973.0
2010-09-13,49.06,49.31,48.94,49.1,1423068.0
2010-09-14,49.1,49.75,49.03,49.54,1285335.0
2010-09-15,49.4,49.93,49.25,49.89,1533372.0
2010-09-16,49.55,50.32,49.5,50.15,1482263.0
2010-09-17,50.25,50.32,49.69,50.16,1566799.0
2010-09-20,50.3,50.65,50.11,50.62,1472741.0
2010-09-21,50.61,50.99,50.34,50.72,1347737.0
2010-09-22,50.74,50.96,50.37,50.51,947835.0
2010-09-23,50.16,50.59,49.98,50.03,805624.0
2010-09-24,50.53,50.95,50.44,50.95,1104286.0
2010-09-27,50.85,51.02,50.53,50.68,977255.0
2010-09-28,50.55,50.7,49.9,50.62,1282640.0
2010-09-29,50.52,50.81,50.24,50.57,916559.0
2010-09-30,50.76,51.23,50.49,50.74,1146371.0
2010-10-01,51.0,51.45,50.91,51.32,1344915.0
2010-10-04,51.21,51.3,50.54,50.77,744343.0
2010-10-05,51.28,52.16,51.17,52.1,1131776.0
2010-10-06,51.96,52.16,51.83,52.16,907066.0
2010-10-07,52.34,52.39,51.39,51.74,979951.0
2010-10-08,51.78,51.91,51.5,51.64,962034.0
2010-10-11,51.83,51.86,51.48,51.66,539357.0
2010-10-12,51.46,51.93,51.11,51.86,839844.0
2010-10-13,51.97,52.39,51.74,52.3,1148897.0
2010-10-14,52.25,52.44,51.59,51.95,864994.0
2010-10-15,52.36,52.46,51.67,52.06,1066764.0
2010-10-18,51.89,52.01,51.65,51.73,961187.0
2010-10-19,51.41,51.53,50.62,50.76,1756552.0
2010-10-20,50.8,51.67,50.74,51.16,1605046.0
2010-10-21,51.4,51.71,51.28,51.55,1791755.0
2010-10-22,51.49,51.7,51.29,51.56,1148976.0
2010-10-25,51.75,52.39,51.61,52.12,1847533.0
2010-10-26,51.42,51.86,48.65,49.29,4541846.0
2010-10-27,48.84,49.81,48.65,49.57,2759612.0
2010-10-28,49.89,50.03,48.94,49.21,1884402.0
2010-10-29,49.07,49.52,48.86,49.32,1150385.0
2010-11-01,49.58,49.85,49.1,49.32,1441618.0
2010-11-02,49.77,50.06,49.38,49.42,1151687.0
2010-11-03,49.46,49.6,48.91,49.49,1252550.0
2010-11-04,49.85,49.99,49.14,49.54,2039200.0
2010-11-05,49.68,50.0,49.31,49.65,1644848.0
2010-11-08,49.59,49.97,49.34,49.67,1652524.0
2010-11-09,49.69,49.79,48.6,48.82,1737330.0
2010-11-10,48.95,49.38,48.6,49.1,1431013.0
2010-11-11,48.88,49.53,48.81,49.49,1390621.0
2010-11-12,49.18,49.3,48.7,48.88,1250719.0
2010-11-15,48.94,49.22,48.21,48.24,1822411.0
2010-11-16,47.75,47.93,47.26,47.61,2100706.0
2010-11-17,47.69,47.97,47.5,47.74,1558032.0
2010-11-18,48.13,49.4,48.02,48.89,2275385.0
2010-11-19,48.91,49.25,48.66,49.07,1164244.0
2010-11-22,48.63,49.19,48.19,49.07,767851.0
2010-11-23,48.51,48.68,48.08,48.42,1104382.0
2010-11-24,48.66,49.14,48.66,49.12,843844.0
2010-11-26,48.76,49.01,48.45,48.78,325962.0
2010-11-29,48.4,48.71,48.03,48.56,1090133.0
2010-11-30,48.07,48.32,47.78,47.81,1994306.0
2010-12-01,48.44,48.56,47.55,47.88,2105197.0
2010-12-02,47.97,48.23,47.76,47.96,1416541.0
2010-12-03,47.55,48.18,47.42,47.59,1931139.0
2010-12-06,47.42,47.58,46.64,47.04,3185217.0
2010-12-07,47.4,47.45,46.8,47.22,2675951.0
2010-12-08,47.6,47.81,47.43,47.55,3181135.0
2010-12-09,47.7,48.15,47.56,47.81,2511884.0
2010-12-10,48.0,48.54,47.93,47.99,3449344.0
2010-12-13,48.4,49.2,48.1,48.94,2486191.0
2010-12-14,49.19,49.6,49.05,49.56,2531423.0
2010-12-15,49.62,49.67,49.01,49.04,1937392.0
2010-12-16,49.22,49.77,49.15,49.77,1891403.0
2010-12-17,49.75,50.13,49.39,50.07,2015838.0
2010-12-20,50.2,50.59,50.1,50.33,1465116.0
2010-12-21,50.79,50.79,50.22,50.24,1005408.0
2010-12-22,50.2,50.31,50.0,50.26,705616.0
2010-12-23,50.19,50.38,50.14,50.25,740292.0
2010-12-27,50.01,50.34,49.9,50.26,606203.0
2010-12-28,50.35,50.54,49.9,50.41,831689.0
2010-12-29,50.51,50.64,50.2,50.33,658721.0
2010-12-30,50.26,50.6,50.21,50.48,571831.0
2010-12-31,50.48,50.9,50.37,50.42,690781.0
2011-01-03,50.7,50.74,50.47,50.52,1456767.0
2011-01-04,50.45,50.56,49.27,49.76,1430754.0
2011-01-05,49.5,50.13,49.47,49.86,1738649.0
2011-01-06,49.99,50.05,49.4,49.61,1493681.0
2011-01-07,49.61,49.79,49.07,49.25,1255139.0
2011-01-10,49.15,49.66,48.8,49.5,1163618.0
2011-01-11,49.59,49.78,48.92,49.0,1151374.0
2011-01-12,49.22,49.7,48.97,49.52,1830484.0
2011-01-13,49.56,49.58,48.87,49.04,1821890.0
2011-01-14,48.94,49.21,48.52,48.83,1900018.0
2011-01-18,48.92,49.16,48.49,49.1,1185748.0
2011-01-19,49.15,49.74,48.99,49.72,1963801.0
2011-01-20,49.71,49.83,49.39,49.6,1389896.0
2011-01-21,50.27,50.58,49.88,50.14,1752175.0
2011-01-24,50.24,50.59,49.84,50.37,1322043.0
2011-01-25,50.19,50.37,49.61,49.98,980967.0
2011-01-26,50.13,50.49,50.01,50.45,770455.0
2011-01-27,50.41,50.59,49.91,49.95,997675.0
2011-01-28,50.04,50.16,49.24,49.26,895901.0
2011-01-31,49.44,49.84,49.36,49.69,1056490.0
2011-02-01,49.81,50.68,49.74,50.62,1182111.0
2011-02-02,50.62,50.65,49.95,50.05,770780.0
2011-02-03,49.88,50.33,49.77,50.2,929495.0
2011-02-04,50.05,50.45,49.96,50.28,975861.0
2011-02-07,50.48,50.58,50.23,50.46,823466.0
2011-02-08,50.3,50.47,49.97,50.42,937197.0
2011-02-09,50.34,50.39,49.59,49.79,713183.0
2011-02-10,49.67,50.64,49.6,50.27,1070892.0
2011-02-11,50.09,50.09,49.42,49.55,1249667.0
2011-02-14,49.47,49.95,49.38,49.45,1198512.0
2011-02-15,49.28,49.76,49.18,49.29,1347385.0
2011-02-16,49.37,49.84,49.2,49.74,1506593.0
2011-02-17,48.0,48.51,47.0,47.12,7283308.0
2011-02-18,47.4,49.45,47.34,49.35,4259069.0
2011-02-22,48.86,48.94,48.03,48.15,2263363.0
2011-02-23,48.07,48.54,47.65,47.99,2414257.0
2011-02-24,47.92,48.09,47.16,47.49,2359752.0
2011-02-25,47.64,48.41,47.23,48.23,2168834.0
2011-02-28,48.23,48.71,47.73,48.64,2589496.0
2011-03-01,48.81,49.75,48.43,48.48,2356260.0
2011-03-02,48.36,48.58,48.05,48.3,1427200.0
2011-03-03,48.68,49.01,48.47,49.01,1779645.0
2011-03-04,48.68,48.75,48.0,48.35,1109337.0
2011-03-07,48.51,48.66,47.39,47.42,1682588.0
2011-03-08,47.57,48.12,47.32,47.95,1430423.0
2011-03-09,47.83,48.01,47.29,47.64,1936541.0
2011-03-10,47.29,48.2,46.8,47.99,2776555.0
2011-03-11,47.75,48.95,47.59,48.66,1694802.0
2011-03-14,48.46,48.98,48.29,48.82,1586254.0
2011-03-15,47.93,49.09,47.81,48.91,2121395.0
2011-03-16,48.73,48.94,47.85,48.14,1727405.0
2011-03-17,48.72,48.89,47.78,47.82,1894858.0
2011-03-18,48.47,48.53,47.57,47.74,2600237.0
2011-03-21,48.2,49.0,48.13,48.7,1724839.0
2011-03-22,48.69,48.97,48.59,48.77,1513792.0
2011-03-23,48.72,49.42,48.36,49.38,1369933.0
2011-03-24,49.49,49.76,49.0,49.65,1616251.0
2011-03-25,49.69,49.95,49.49,49.61,1219072.0
2011-03-28,49.63,49.97,49.55,49.97,1570063.0
2011-03-29,49.87,50.0,49.46,49.99,2022642.0
2011-03-30,50.0,50.49,49.92,50.3,1298011.0
2011-03-31,50.31,51.08,50.25,51.02,1638948.0
2011-04-01,51.15,51.73,51.05,51.57,1692857.0
2011-04-04,51.69,51.9,51.4,51.66,898792.0
2011-04-05,51.62,52.25,51.47,52.01,1045085.0
2011-04-06,52.11,52.32,51.5,51.75,1113522.0
2011-04-07,51.82,52.0,51.26,51.47,1295612.0
2011-04-08,51.78,51.89,51.13,51.52,849761.0
2011-04-11,51.5,51.65,51.03,51.3,998843.0
2011-04-12,50.62,51.24,50.55,50.78,1123210.0
2011-04-13,50.92,51.06,49.97,50.46,1348266.0
2011-04-14,50.27,50.66,50.13,50.46,1095431.0
2011-04-15,50.59,50.98,50.37,50.94,1301822.0
2011-04-18,50.45,51.63,50.31,50.74,2057452.0
2011-04-19,50.81,51.45,50.77,51.37,1788940.0
2011-04-20,51.85,51.9,51.17,51.36,1100435.0
2011-04-21,51.49,51.77,51.38,51.75,675174.0
2011-04-25,51.64,52.1,51.5,52.01,1298044.0
2011-04-26,51.99,52.34,51.25,51.73,1521599.0
2011-04-27,51.89,52.78,51.55,52.75,1803110.0
2011-04-28,52.59,53.0,52.45,52.9,1126187.0
2011-04-29,52.86,52.93,52.45,52.76,886947.0
2011-05-02,52.92,53.0,52.49,52.58,870793.0
2011-05-03,52.5,52.62,51.92,52.25,995991.0
2011-05-04,52.29,52.35,51.74,52.18,1389309.0
2011-05-05,51.97,52.22,51.25,51.67,1553398.0
2011-05-06,52.08,52.7,51.75,51.88,1004219.0
2011-05-09,52.02,52.6,51.84,52.47,812892.0
2011-05-10,52.71,52.88,52.51,52.73,654511.0
2011-05-11,52.59,52.67,51.74,52.07,779769.0
2011-05-12,52.0,52.77,51.58,52.69,1629157.0
2011-05-13,52.61,52.97,51.85,52.07,959189.0
2011-05-16,51.96,52.7,51.69,52.17,916109.0
2011-05-17,51.98,52.05,51.24,51.36,1509347.0
2011-05-18,51.57,52.94,51.28,52.86,1491613.0
2011-05-19,52.86,53.24,52.52,52.68,2136936.0
2011-05-20,52.68,52.69,51.91,52.38,1088257.0
2011-05-23,52.05,52.79,51.88,52.67,1479702.0
2011-05-24,52.76,53.27,52.58,52.69,1277075.0
2011-05-25,52.56,53.24,52.42,53.1,1261081.0
2011-05-26,52.94,53.42,52.56,53.3,1257078.0
2011-05-27,53.16,54.0,53.15,53.99,1259000.0
2011-05-31,54.16,54.88,54.0,54.88,2292082.0
2011-06-01,54.5,55.0,54.23,54.28,2833501.0
2011-06-02,54.28,54.61,54.02,54.33,2116404.0
2011-06-03,53.84,54.3,53.7,54.1,1918155.0
2011-06-06,53.96,54.4,53.69,53.88,1499619.0
2011-06-07,54.1,54.22,53.88,54.1,1826852.0
2011-06-08,54.0,54.0,53.54,53.58,1868171.0
2011-06-09,53.73,54.81,53.7,54.39,1923631.0
2011-06-10,54.22,54.46,53.71,53.8,2027192.0
2011-06-13,53.83,54.28,53.71,54.04,1345687.0
2011-06-14,54.43,55.53,54.41,55.14,2127983.0
2011-06-15,54.84,55.18,54.57,54.9,1809205.0
2011-06-16,55.03,55.03,53.81,54.49,2382174.0
2011-06-17,54.68,54.78,53.83,53.95,2326480.0
2011-06-20,53.95,54.33,53.75,54.22,1757802.0
2011-06-21,54.45,54.94,54.37,54.87,1142053.0
2011-06-22,54.59,54.95,54.47,54.51,927815.0
2011-06-23,53.95,54.52,53.4,54.52,1675518.0
2011-06-24,54.51,54.64,54.28,54.42,997312.0
2011-06-27,54.29,54.76,53.75,54.55,892442.0
2011-06-28,54.72,55.07,54.62,55.06,911461.0
2011-06-29,55.18,55.48,54.85,55.32,909010.0
2011-06-30,55.49,56.45,55.3,56.38,1640596.0
2011-07-01,56.43,56.82,56.14,56.76,1001264.0
2011-07-05,56.77,56.98,56.22,56.39,1509037.0
2011-07-06,56.44,56.84,56.36,56.62,1531310.0
2011-07-07,56.97,57.19,56.5,56.64,1432967.0
2011-07-08,56.07,56.57,55.93,56.5,970824.0
2011-07-11,56.02,56.33,55.79,56.0,1062111.0
2011-07-12,55.92,56.2,55.62,55.8,1483244.0
2011-07-13,56.12,56.61,55.93,56.08,938209.0
2011-07-14,56.04,56.16,55.32,55.48,1420537.0
2011-07-15,55.56,55.75,55.17,55.72,1339080.0
2011-07-18,55.59,55.74,54.8,55.01,1364653.0
2011-07-19,55.25,55.46,55.11,55.39,1225653.0
2011-07-20,53.19,53.5,50.03,51.31,23185139.0
2011-07-21,51.42,53.21,51.11,53.2,12081296.0
2011-07-22,53.12,53.2,52.57,53.05,11746873.0
2011-07-25,52.52,53.1,51.98,51.98,4061415.0
2011-07-26,52.15,52.17,50.81,50.88,4526454.0
2011-07-27,51.0,51.15,50.09,50.15,4783450.0
2011-07-28,50.19,50.68,50.07,50.07,3224847.0
2011-07-29,49.83,50.67,49.49,50.0,3705939.0
2011-08-01,50.41,50.6,49.69,49.77,7238507.0
2011-08-02,49.42,49.85,48.52,48.53,4996542.0
2011-08-03,48.84,49.56,48.0,49.53,6076989.0
2011-08-04,48.94,49.26,48.08,48.16,7511054.0
2011-08-05,48.57,48.66,46.97,47.78,8090284.0
2011-08-08,47.12,47.21,44.92,44.96,6511095.0
2011-08-09,45.39,46.31,43.81,46.26,7080694.0
2011-08-10,46.62,46.62,44.56,44.75,6640266.0
2011-08-11,45.03,47.02,44.9,46.5,5325712.0
2011-08-12,46.61,47.61,46.17,47.06,4308742.0
2011-08-15,47.64,47.68,46.7,47.26,3344256.0
2011-08-16,46.93,47.27,46.42,46.59,3131599.0
2011-08-17,46.97,47.19,46.35,46.53,3532097.0
2011-08-18,45.52,45.77,43.99,44.68,3954968.0
2011-08-19,44.37,45.31,44.16,44.53,3754472.0
2011-08-22,45.63,46.06,45.25,45.91,4510747.0
2011-08-23,46.05,49.06,45.86,49.06,8586971.0
2011-08-24,48.83,49.78,48.72,49.75,5272390.0
2011-08-25,49.85,50.0,49.36,49.78,4228008.0
2011-08-26,49.78,50.84,49.46,50.8,4727781.0
2011-08-29,51.47,52.41,51.1,52.41,2583356.0
2011-08-30,51.59,53.08,51.49,52.82,2745823.0
2011-08-31,53.29,53.71,53.14,53.6,4160730.0
2011-09-01,53.71,53.77,52.35,52.41,2440795.0
2011-09-02,51.76,52.34,51.05,51.65,2200260.0
2011-09-06,51.04,51.91,50.1,51.83,3007324.0
2011-09-07,52.51,53.13,52.14,53.13,2211553.0
2011-09-08,52.59,52.95,52.24,52.31,2418141.0
2011-09-09,51.97,51.97,49.78,50.2,3945660.0
2011-09-12,49.9,50.28,48.86,49.77,3788120.0
2011-09-13,49.78,50.48,49.59,50.32,2641651.0
2011-09-14,50.54,51.73,49.93,51.31,2453388.0
2011-09-15,51.71,51.86,50.99,51.57,2092322.0
2011-09-16,52.43,52.5,51.49,51.89,2386026.0
2011-09-19,50.88,51.52,50.48,51.32,1713128.0
2011-09-20,51.42,52.12,50.86,51.41,1458524.0
2011-09-21,50.94,51.48,50.19,50.23,2543841.0
2011-09-22,49.46,49.63,48.49,49.19,6057911.0
2011-09-23,49.04,49.7,48.65,49.04,2517344.0
2011-09-26,49.53,50.31,48.83,50.27,2455664.0
2011-09-27,51.4,51.92,50.54,51.09,2630166.0
2011-09-28,51.25,51.36,49.11,49.28,3094167.0
2011-09-29,50.14,50.39,48.67,49.33,2528041.0
2011-09-30,48.44,49.76,48.4,48.89,2934104.0
2011-10-03,47.96,49.52,47.96,48.07,3220073.0
2011-10-04,47.5,49.76,47.27,49.69,4966417.0
2011-10-05,49.66,50.82,49.25,50.62,2723796.0
2011-10-06,50.71,51.38,49.6,50.09,3653020.0
2011-10-07,50.5,50.98,49.49,50.25,3941123.0
2011-10-10,51.03,51.91,50.79,51.87,2316277.0
2011-10-11,51.56,52.7,51.51,52.25,1871642.0
2011-10-12,52.64,53.38,52.25,52.78,3753640.0
2011-10-13,52.48,52.91,51.41,52.64,2576272.0
2011-10-14,52.38,52.82,52.16,52.79,2660454.0
2011-10-17,52.78,52.81,51.95,52.35,2652480.0
2011-10-18,52.35,53.59,51.74,53.29,3383542.0
2011-10-19,53.39,53.78,52.81,53.18,2181304.0
2011-10-20,53.04,53.47,52.38,53.2,1974136.0
2011-10-21,53.79,53.96,53.21,53.92,2258887.0
2011-10-24,53.98,54.6,53.61,54.33,2212775.0
2011-10-25,54.39,54.63,52.62,52.66,2451989.0
2011-10-26,53.15,53.72,52.39,53.55,2595732.0
2011-10-27,54.47,55.57,53.97,55.2,3542287.0
2011-10-28,55.05,55.6,54.75,55.0,1890899.0
2011-10-31,54.4,54.56,53.83,53.84,2109800.0
2011-11-01,52.65,53.31,52.21,52.47,2510889.0
2011-11-02,53.68,54.56,53.5,54.16,3369816.0
2011-11-03,54.61,55.69,54.31,55.61,2723890.0
2011-11-04,55.19,55.31,54.1,55.03,2488826.0
2011-11-07,55.16,55.71,54.74,55.68,2026184.0
2011-11-08,55.79,56.24,55.18,56.15,1598443.0
2011-11-09,54.87,54.99,53.65,53.81,2670023.0
2011-11-10,54.31,54.91,53.85,54.72,2471350.0
2011-11-11,55.11,56.21,55.04,56.18,1823291.0
2011-11-14,56.31,56.31,55.53,55.63,1733350.0
2011-11-15,55.52,56.01,55.24,55.64,1934996.0
2011-11-16,55.02,55.82,54.84,54.9,1430997.0
2011-11-17,54.56,55.05,53.83,54.17,1767485.0
2011-11-18,54.41,54.58,53.94,54.22,3207743.0
2011-11-21,53.41,53.75,53.01,53.11,3016784.0
2011-11-22,53.16,53.55,52.71,53.01,2945092.0
2011-11-23,52.54,53.15,52.27,52.68,3557020.0
2011-11-25,52.41,53.56,52.35,53.51,2003780.0
2011-11-28,54.68,55.4,54.58,55.36,3722407.0
2011-11-29,55.39,55.71,55.06,55.47,3618084.0
2011-11-30,57.0,57.6,56.75,57.02,15668164.0
2011-12-01,55.94,56.51,54.68,55.62,10766515.0
2011-12-02,56.95,57.25,55.74,55.84,3515474.0
2011-12-05,56.45,56.64,54.99,55.23,3060038.0
2011-12-06,55.4,55.75,55.05,55.58,2554262.0
2011-12-07,55.49,55.55,55.25,55.39,4031801.0
2011-12-08,55.4,55.9,55.35,55.42,8047089.0
2011-12-09,55.27,56.38,55.0,55.9,4775608.0
2011-12-12,55.6,55.62,55.12,55.31,2570563.0
2011-12-13,55.33,55.58,54.41,54.67,2725548.0
2011-12-14,54.35,54.86,54.0,54.08,2749546.0
2011-12-15,54.61,54.65,54.06,54.35,1997176.0
2011-12-16,54.58,55.27,54.5,54.72,3674694.0
2011-12-19,54.95,55.04,54.03,54.11,2198716.0
2011-12-20,54.62,55.6,54.3,55.48,2716463.0
2011-12-21,55.8,56.27,55.66,56.15,2605773.0
2011-12-22,56.23,56.47,55.78,56.33,1969012.0
2011-12-23,56.57,56.95,56.16,56.91,1070604.0
2011-12-27,56.95,57.41,56.82,57.25,1251191.0
2011-12-28,57.25,57.25,56.41,56.54,1473605.0
2011-12-29,56.62,57.7,56.58,57.63,2221419.0
2011-12-30,57.55,58.13,57.46,57.81,1223455.0
2012-01-03,58.31,58.58,57.71,58.02,2135571.0
2012-01-04,57.82,58.36,57.77,58.07,1691709.0
2012-01-05,57.91,58.3,57.44,58.21,1698927.0
2012-01-06,58.24,58.52,57.86,58.29,1134590.0
2012-01-09,58.48,58.56,57.98,58.55,1489920.0
2012-01-10,58.91,59.38,58.71,58.88,1903783.0
2012-01-11,58.81,59.53,58.44,59.33,1580191.0
2012-01-12,59.47,59.88,59.23,59.81,1555991.0
2012-01-13,59.57,59.8,59.38,59.69,1574036.0
2012-01-17,60.09,60.18,59.46,59.64,1559515.0
2012-01-18,59.65,60.62,59.5,60.54,1600193.0
2012-01-19,60.49,60.6,60.06,60.15,2798528.0
2012-01-20,60.21,60.79,60.16,60.38,1884005.0
2012-01-23,60.46,60.82,60.23,60.41,1208855.0
2012-01-24,60.28,61.39,60.28,60.99,2330773.0
2012-01-25,60.54,61.12,60.46,60.94,2133574.0
2012-01-26,61.25,61.42,60.53,60.76,2040711.0
2012-01-27,60.67,60.88,60.39,60.51,1760905.0
2012-01-30,59.9,60.36,59.55,60.27,2026027.0
2012-01-31,60.6,60.79,60.06,60.44,1463460.0
2012-02-01,60.85,61.18,60.45,60.61,1906382.0
2012-02-02,60.75,60.88,60.49,60.5,1575048.0
2012-02-03,61.07,61.65,60.86,61.53,1427000.0
2012-02-06,61.29,61.58,61.2,61.29,1424135.0
2012-02-07,61.07,61.82,61.07,61.68,1193383.0
2012-02-08,61.59,62.1,61.46,61.86,1622254.0
2012-02-09,61.91,61.91,61.18,61.65,1178484.0
2012-02-10,60.85,61.34,60.57,61.2,1717933.0
2012-02-13,61.59,61.72,60.81,61.45,1382913.0
2012-02-14,61.44,61.78,61.04,61.31,1618737.0
2012-02-15,61.64,61.95,61.28,61.71,1771937.0
2012-02-16,61.62,62.16,61.47,61.98,1266641.0
2012-02-17,62.09,62.24,61.76,61.85,1119763.0
2012-02-21,61.7,62.24,61.35,61.65,1428164.0
2012-02-22,61.72,62.05,61.4,61.94,1696453.0
2012-02-23,61.97,62.24,61.79,62.17,1508893.0
2012-02-24,62.27,62.73,62.13,62.69,1274570.0
2012-02-27,62.31,62.86,61.9,62.62,1443161.0
2012-02-28,60.76,61.93,60.56,61.75,2661842.0
2012-02-29,60.96,61.22,59.88,60.0,4465705.0
2012-03-01,59.71,60.37,59.71,60.11,2729909.0
2012-03-02,60.02,60.22,59.35,59.55,2558047.0
2012-03-05,59.47,59.75,58.98,59.4,2507714.0
2012-03-06,58.85,59.48,58.75,59.34,2604992.0
2012-03-07,59.52,59.61,59.08,59.36,2064238.0
2012-03-08,60.13,60.22,59.22,59.33,1734194.0
2012-03-09,59.5,59.87,59.15,59.71,1663570.0
2012-03-12,59.58,59.88,59.21,59.23,1091143.0
2012-03-13,59.48,60.12,59.37,60.03,1821464.0
2012-03-14,59.75,60.32,59.49,59.82,2048530.0
2012-03-15,59.76,59.89,59.45,59.82,1343898.0
2012-03-16,60.2,60.29,59.84,60.07,3224997.0
2012-03-19,59.84,60.46,59.84,60.21,961103.0
2012-03-20,60.03,60.58,59.92,60.49,1627224.0
2012-03-21,60.44,60.59,60.1,60.16,1574867.0
2012-03-22,59.73,60.16,59.23,60.02,1843994.0
2012-03-23,60.1,60.45,59.63,60.27,1307190.0
2012-03-26,60.53,61.72,60.5,61.69,1653357.0
2012-03-27,61.61,61.77,61.23,61.44,1608122.0
2012-03-28,61.5,61.54,60.91,61.44,1496826.0
2012-03-29,61.15,61.79,60.97,61.71,1119367.0
2012-03-30,62.0,62.07,61.61,61.72,1333705.0
2012-04-02,61.59,62.42,61.46,62.32,1285527.0
2012-04-03,62.33,62.33,61.74,62.18,1138738.0
2012-04-04,61.81,61.82,61.33,61.48,878275.0
2012-04-05,61.34,61.74,61.25,61.5,1104144.0
2012-04-09,60.74,61.36,60.46,61.23,1423310.0
2012-04-10,61.03,61.18,59.81,59.92,1379312.0
2012-04-11,60.64,60.84,60.17,60.29,1242354.0
2012-04-12,60.4,61.92,60.39,61.82,1422295.0
2012-04-13,61.75,61.97,61.51,61.61,1380212.0
2012-04-16,61.85,62.08,61.52,61.79,1188106.0
2012-04-17,62.06,62.88,61.93,62.57,2083298.0
2012-04-18,62.43,62.65,62.11,62.45,1686929.0
2012-04-19,62.5,62.74,61.98,62.26,1423471.0
2012-04-20,62.32,62.53,62.1,62.22,1548250.0
2012-04-23,61.71,62.05,61.21,62.04,1364280.0
2012-04-24,61.92,62.16,61.57,62.11,1109844.0
2012-04-25,62.47,62.69,62.29,62.69,1477254.0
2012-04-26,62.52,63.2,62.38,62.97,984322.0
2012-04-27,63.2,64.14,63.03,63.83,1422617.0
2012-04-30,63.76,63.8,63.07,63.69,1612105.0
2012-05-01,63.5,64.5,63.0,64.34,1743040.0
2012-05-02,63.98,64.1,63.19,64.01,1623550.0
2012-05-03,64.0,64.3,63.69,64.11,1597279.0
2012-05-04,63.73,63.99,63.34,63.51,1127402.0
2012-05-07,63.42,65.34,63.01,64.96,2723752.0
2012-05-08,64.63,64.94,64.03,64.88,1405259.0
2012-05-09,64.25,65.2604,64.12,64.65,1857584.0
2012-05-10,65.08,65.21,64.63,64.81,935227.0
2012-05-11,64.52,65.07,64.52,64.71,744564.0
2012-05-14,64.24,64.58,63.89,64.26,881159.0
2012-05-15,64.28,64.6,63.92,64.26,983952.0
2012-05-16,64.56,65.14,64.26,64.63,1513695.0
2012-05-17,64.74,64.96,62.73,62.73,1698115.0
2012-05-18,63.06,63.75,62.61,62.88,1855787.0
2012-05-21,62.89,64.49,62.86,64.36,1322763.0
2012-05-22,64.54,65.53,64.49,64.82,1905485.0
2012-05-23,64.51,65.0,63.44,64.79,1390393.0
2012-05-24,65.03,65.6,64.78,65.09,2052736.0
2012-05-25,65.06,65.26,64.2,64.35,1503725.0
2012-05-29,64.8,65.0,64.26,64.42,2114931.0
2012-05-30,64.0,64.3,63.83,63.83,1684687.0
2012-05-31,63.74,63.85,63.01,63.21,1982865.0
2012-06-01,62.26,62.76,61.71,61.92,2017077.0
2012-06-04,62.0,62.42,61.45,62.27,1959802.0
2012-06-05,62.02,62.79,61.84,62.63,1111134.0
2012-06-06,62.9,64.91,62.9,64.91,1834293.0
2012-06-07,65.29,66.1,65.16,65.67,2349074.0
2012-06-08,65.45,66.63,65.13,66.54,1449282.0
2012-06-11,66.9,67.39,65.52,65.57,2298233.0
2012-06-12,65.75,66.66,65.38,66.61,1546311.0
2012-06-13,66.55,66.96,66.07,66.26,1227664.0
2012-06-14,66.26,67.1,66.06,66.86,1471833.0
2012-06-15,67.29,67.5,66.88,67.02,1839969.0
2012-06-18,66.83,67.36,66.59,66.96,1294451.0
2012-06-19,67.26,67.7,67.06,67.35,1266822.0
2012-06-20,67.36,67.63,66.08,66.35,1291706.0
2012-06-21,66.45,66.65,64.97,65.02,1397769.0
2012-06-22,65.59,66.82,65.31,66.53,5969664.0
2012-06-25,65.73,66.35,65.64,66.12,1308935.0
2012-06-26,66.31,66.8,65.68,66.63,1453320.0
2012-06-27,66.87,67.42,66.7,66.89,994818.0
2012-06-28,66.52,66.78,65.94,66.64,983587.0
2012-06-29,67.32,68.55,67.32,68.53,1484652.0
2012-07-02,68.68,68.87,68.01,68.77,1347845.0
2012-07-03,68.78,68.96,68.22,68.96,618806.0
2012-07-05,68.77,68.83,68.25,68.62,883223.0
2012-07-06,68.08,68.24,67.59,67.82,830664.0
2012-07-09,67.75,68.19,67.64,67.95,858203.0
2012-07-10,68.26,68.64,67.28,67.49,1271344.0
2012-07-11,67.48,67.57,66.76,67.16,1132967.0
2012-07-12,66.75,67.63,66.21,67.33,1218280.0
2012-07-13,67.46,67.83,67.24,67.69,1144719.0
2012-07-16,67.52,67.8,67.15,67.48,821630.0
2012-07-17,67.66,68.3,67.29,68.14,1048032.0
2012-07-18,67.78,67.95,67.37,67.87,1025565.0
2012-07-19,67.88,68.11,67.36,67.93,1191009.0
2012-07-20,67.5,67.75,67.13,67.23,2352190.0
2012-07-23,66.47,66.97,66.29,66.61,905109.0
2012-07-24,66.67,66.67,65.06,65.41,1512145.0
2012-07-25,65.63,66.04,65.3,65.42,1483828.0
2012-07-26,66.25,66.83,65.67,66.0,1097623.0
2012-07-27,66.44,67.33,66.24,67.17,1947925.0
2012-07-30,67.18,68.43,67.14,68.15,1362268.0
2012-07-31,64.92,66.11,61.66,65.45,4793518.0
2012-08-01,65.77,66.03,65.16,65.7,2014257.0
2012-08-02,65.28,65.28,63.33,63.48,3278211.0
2012-08-03,64.2,64.55,63.76,64.41,2489018.0
2012-08-06,64.3,64.78,64.21,64.43,1109676.0
2012-08-07,64.37,64.7,63.87,64.48,1302632.0
2012-08-08,64.47,64.71,64.12,64.18,936167.0
2012-08-09,64.18,64.68,64.06,64.53,1078541.0
2012-08-10,64.47,65.42,64.45,65.34,1069459.0
2012-08-13,65.11,65.2,64.54,65.11,698090.0
2012-08-14,65.38,65.38,64.61,64.79,874386.0
2012-08-15,64.66,65.17,64.5,65.09,943213.0
2012-08-16,65.22,66.85,65.08,66.77,1087491.0
2012-08-17,66.98,67.18,66.24,66.79,918670.0
2012-08-20,66.59,66.86,65.98,66.13,648673.0
2012-08-21,66.34,66.47,65.71,65.84,657246.0
2012-08-22,65.68,67.3,65.27,67.29,1718891.0
2012-08-23,66.64,67.41,66.61,66.79,1527760.0
2012-08-24,66.56,66.82,66.33,66.52,867693.0
2012-08-27,66.63,66.63,66.09,66.15,727320.0
2012-08-28,65.88,65.88,64.77,65.02,1495357.0
2012-08-29,65.14,65.33,64.65,65.12,959123.0
2012-08-30,64.78,64.88,63.94,64.01,1233025.0
2012-08-31,64.36,64.49,63.73,64.03,1485511.0
2012-09-04,64.04,64.26,63.23,63.47,1290667.0
2012-09-05,63.47,64.02,62.98,63.9,1465979.0
2012-09-06,64.31,65.04,64.24,64.94,1335533.0
2012-09-07,65.17,65.42,64.86,65.26,1080804.0
2012-09-10,65.27,65.4,64.56,64.63,954903.0
2012-09-11,64.65,64.76,64.15,64.2,1030467.0
2012-09-12,64.32,64.55,63.76,64.14,985645.0
2012-09-13,64.34,65.49,63.92,64.9,1390067.0
2012-09-14,64.81,65.23,64.11,64.12,2049030.0
2012-09-17,64.19,64.21,63.78,63.85,1814875.0
2012-09-18,63.85,64.07,63.54,63.63,1580982.0
2012-09-19,63.82,63.89,63.55,63.59,1247138.0
2012-09-20,63.3,63.74,63.13,63.57,1325519.0
2012-09-21,63.65,64.19,63.25,64.11,5489945.0
2012-09-24,63.87,64.69,63.8,64.49,1899338.0
2012-09-25,64.7,64.94,63.72,63.77,1490798.0
2012-09-26,63.91,64.58,63.78,64.3,1436692.0
2012-09-27,64.44,65.18,63.98,65.11,1573908.0
2012-09-28,64.83,65.03,64.46,64.81,1475357.0
2012-10-01,64.99,65.71,64.64,64.93,1073797.0
2012-10-02,65.1,65.13,64.39,64.81,764046.0
2012-10-03,64.85,65.01,64.27,64.42,897881.0
2012-10-04,64.76,65.2,64.69,64.9,655462.0
2012-10-05,65.31,65.66,64.7,64.99,1039974.0
2012-10-08,64.94,65.02,64.57,64.89,768089.0
2012-10-09,64.97,65.22,64.13,64.15,987947.0
2012-10-10,64.07,64.13,63.42,63.63,1097739.0
2012-10-11,64.33,64.65,63.67,63.67,868678.0
2012-10-12,65.22,66.44,63.44,66.24,3817027.0
2012-10-15,66.76,68.32,66.74,67.87,3431703.0
2012-10-16,68.16,68.82,68.08,68.78,2015622.0
2012-10-17,68.56,70.75,68.56,69.4,1646070.0
2012-10-18,69.17,69.97,69.17,69.88,1256763.0
2012-10-19,69.68,69.92,68.51,69.07,2164726.0
2012-10-22,68.99,69.77,68.9,69.74,1546647.0
2012-10-23,68.95,69.55,68.51,69.18,1341026.0
2012-10-24,69.36,69.49,68.83,68.99,1033317.0
2012-10-25,69.25,69.75,68.82,69.2,754018.0
2012-10-26,69.19,69.57,68.72,69.56,1465680.0
2012-10-31,69.36,69.71,68.5,69.6,1554387.0
2012-11-01,69.55,70.95,68.92,70.82,1986950.0
2012-11-02,71.0,71.29,70.46,70.61,1360221.0
2012-11-05,70.66,70.88,70.07,70.74,774138.0
2012-11-06,70.93,71.57,70.64,71.36,1410357.0
2012-11-07,70.81,71.15,70.1,70.48,1130730.0
2012-11-08,70.38,70.97,70.01,70.04,883341.0
2012-11-09,70.0,70.3,69.55,69.87,1078969.0
2012-11-12,70.05,70.3,69.38,69.42,906177.0
2012-11-13,69.21,69.89,69.1,69.25,879717.0
2012-11-14,69.47,69.47,68.2,68.26,919825.0
2012-11-15,68.27,68.94,68.16,68.7,972760.0
2012-11-16,68.62,69.15,67.97,68.97,1282439.0
2012-11-19,69.7,70.0,69.21,70.0,1182368.0
2012-11-20,70.0,70.37,69.05,70.32,1031053.0
2012-11-21,70.31,70.32,69.56,69.7,869088.0
2012-11-23,69.87,70.44,69.76,70.35,470293.0
2012-11-26,69.43,70.09,69.26,69.81,1337507.0
2012-11-27,69.83,70.46,69.57,70.04,1364413.0
2012-11-28,69.69,70.98,69.43,70.97,1331077.0
2012-11-29,71.1,72.0,71.08,71.81,1340883.0
2012-11-30,71.69,72.27,71.51,72.08,2107015.0
2012-12-03,72.0,72.14,71.38,71.52,1717854.0
2012-12-04,71.51,72.15,71.39,71.87,1486838.0
2012-12-05,71.78,72.04,71.04,71.16,1742922.0
2012-12-06,71.17,72.42,71.13,72.39,1079998.0
2012-12-07,72.46,72.79,71.93,72.72,1541036.0
2012-12-10,72.49,72.75,71.66,72.04,1262026.0
2012-12-11,72.12,72.74,71.76,72.53,1238945.0
2012-12-12,72.72,72.73,70.29,70.51,2330006.0
2012-12-13,70.62,70.88,70.36,70.68,1413193.0
2012-12-14,70.36,70.86,70.02,70.52,1021630.0
2012-12-17,70.7,71.08,70.27,71.08,1550534.0
2012-12-18,71.1,71.91,70.83,71.87,993880.0
2012-12-19,71.74,72.16,71.28,71.8,1424957.0
2012-12-20,72.11,72.24,71.66,72.23,1026426.0
2012-12-21,70.94,71.84,70.94,71.2,1754079.0
2012-12-24,71.09,72.28,71.02,72.08,594989.0
2012-12-26,72.17,72.5,71.69,71.82,1060636.0
2012-12-27,71.92,72.27,70.84,71.8,696201.0
2012-12-28,71.23,71.6,70.7,70.78,620631.0
2012-12-31,70.66,71.91,70.33,71.9,887971.0
2013-01-02,72.94,74.33,72.76,74.33,1533009.0
2013-01-03,74.27,74.74,73.85,74.1,1060145.0
2013-01-04,74.23,74.54,74.0,74.35,621857.0
2013-01-07,74.23,74.36,73.48,73.9,798290.0
2013-01-08,72.3,73.56,72.3,73.25,1137649.0
2013-01-09,73.47,73.7,73.04,73.37,1044649.0
2013-01-10,73.53,73.61,72.82,73.15,1029768.0
2013-01-11,73.51,73.52,72.57,72.81,829218.0
2013-01-14,72.91,73.08,72.55,72.94,777732.0
2013-01-15,72.54,73.39,72.46,73.13,722759.0
2013-01-16,72.98,73.05,72.66,72.84,789411.0
2013-01-17,73.16,73.76,72.92,73.32,658865.0
2013-01-18,73.61,73.87,73.02,73.82,941019.0
2013-01-22,73.63,74.2,73.47,74.16,1099940.0
2013-01-23,74.0,74.02,73.14,73.39,1091044.0
2013-01-24,73.47,73.72,73.02,73.17,898315.0
2013-01-25,73.43,73.52,72.78,73.44,736447.0
2013-01-28,73.38,73.7,72.56,72.65,770389.0
2013-01-29,72.45,73.02,72.03,72.88,563020.0
2013-01-30,72.99,73.0,72.17,72.24,757679.0
2013-01-31,72.04,72.97,71.99,72.4,1198624.0
2013-02-01,72.79,73.99,72.45,73.87,995174.0
2013-02-04,73.5,73.62,72.92,73.28,2018453.0
2013-02-05,73.68,74.53,73.43,74.31,876594.0
2013-02-06,74.02,74.38,73.69,74.06,847581.0
2013-02-07,73.82,73.95,72.78,73.44,845324.0
2013-02-08,73.46,74.47,73.43,74.4,760578.0
2013-02-11,74.2,74.54,73.79,74.06,609373.0
2013-02-12,73.95,74.49,73.89,74.46,712828.0
2013-02-13,74.69,74.86,74.11,74.67,691292.0
2013-02-14,74.46,75.14,74.26,74.82,1055159.0
2013-02-15,75.21,75.9,74.96,75.21,1995733.0
2013-02-19,75.22,75.77,74.8,75.69,972947.0
2013-02-20,75.68,75.97,74.7,74.81,1235648.0
2013-02-21,74.51,74.51,73.61,73.98,1241881.0
2013-02-22,74.37,74.95,74.27,74.7,1046898.0
2013-02-25,75.0,75.36,72.79,72.8,1443306.0
2013-02-26,72.31,75.98,72.03,75.84,1782375.0
2013-02-27,76.08,77.78,75.98,77.31,1733787.0
2013-02-28,77.3,77.68,76.51,76.55,2251719.0
2013-03-01,76.22,77.07,75.49,76.77,1462257.0
2013-03-04,76.44,77.32,76.19,77.32,736448.0
2013-03-05,77.69,78.0,77.14,77.28,866777.0
2013-03-06,77.6,78.04,77.31,77.67,970645.0
2013-03-07,77.86,78.21,77.48,77.93,1105358.0
2013-03-08,78.04,78.4,77.7,78.14,700627.0
2013-03-11,78.16,78.93,78.03,78.81,837265.0
2013-03-12,78.73,79.49,78.73,79.45,1016929.0
2013-03-13,79.46,80.14,79.19,79.95,1336372.0
2013-03-14,80.29,80.32,79.5,79.96,1089332.0
2013-03-15,79.69,79.96,79.34,79.64,1697553.0
2013-03-18,78.97,79.16,78.63,78.78,877036.0
2013-03-19,78.93,79.36,78.31,79.19,894668.0
2013-03-20,79.61,80.0,79.16,79.38,726513.0
2013-03-21,78.76,79.31,78.33,78.85,656275.0
2013-03-22,78.99,79.81,78.7,79.47,877646.0
2013-03-25,79.75,80.69,79.29,79.73,1141623.0
2013-03-26,80.06,80.22,78.63,78.88,1070959.0
2013-03-27,78.19,78.86,77.83,78.34,1513000.0
2013-03-28,78.67,80.35,78.67,80.18,1304428.0
2013-04-01,80.0,80.27,79.28,79.5,731988.0
2013-04-02,79.9,80.33,79.63,80.2,711286.0
2013-04-03,80.17,80.28,78.94,79.56,1102120.0
2013-04-04,79.78,80.11,79.28,79.85,1130995.0
2013-04-05,78.99,79.48,78.74,79.34,879836.0
2013-04-08,79.24,80.04,78.92,80.04,707438.0
2013-04-09,80.62,81.22,80.01,80.57,1219676.0
2013-04-10,80.99,82.33,80.68,82.31,899417.0
2013-04-11,82.31,83.24,82.14,82.97,1677575.0
2013-04-12,82.76,82.78,81.74,82.22,644284.0
2013-04-15,82.0,82.4,80.53,80.53,1309368.0
2013-04-16,81.33,82.12,81.14,81.92,1346091.0
2013-04-17,81.34,81.88,80.29,81.56,948734.0
2013-04-18,81.67,81.88,80.84,81.33,998936.0
2013-04-19,81.62,82.64,81.58,82.23,1216394.0
2013-04-22,82.15,83.4,81.93,83.02,1214833.0
2013-04-23,83.27,84.12,83.0,83.79,1322966.0
2013-04-24,84.17,84.21,83.29,83.29,731513.0
2013-04-25,83.53,84.28,83.35,83.73,743661.0
2013-04-26,83.73,83.87,82.87,82.94,637174.0
2013-04-29,82.85,83.29,82.35,83.25,1529483.0
2013-04-30,83.05,84.7,82.89,84.62,1894786.0
2013-05-01,84.75,85.16,83.99,84.25,1545549.0
2013-05-02,84.17,84.56,83.97,84.27,1277511.0
2013-05-03,85.06,85.65,84.76,85.58,1178669.0
2013-05-06,85.73,85.74,85.02,85.35,570068.0
2013-05-07,85.75,87.17,85.75,87.17,1360495.0
2013-05-08,87.09,87.09,86.51,86.87,635038.0
2013-05-09,86.78,87.18,86.56,86.78,741447.0
2013-05-10,86.72,87.34,86.51,86.8,571795.0
2013-05-13,86.73,87.58,86.51,86.98,870509.0
2013-05-14,87.19,87.99,86.97,87.97,1084207.0
2013-05-15,87.8,89.22,87.66,89.14,713490.0
2013-05-16,88.8,88.95,88.08,88.16,835521.0
2013-05-17,88.22,89.09,87.8,89.09,1128305.0
2013-05-20,88.88,88.9,88.02,88.08,825900.0
2013-05-21,88.22,89.47,88.1,89.05,1012582.0
2013-05-22,89.0,89.22,87.02,87.43,1139149.0
2013-05-23,86.74,87.62,86.69,87.19,1209118.0
2013-05-24,86.75,87.33,86.05,87.14,856005.0
2013-05-28,87.93,88.0,86.85,87.06,1186130.0
2013-05-29,86.62,86.85,85.46,86.04,1094624.0
2013-05-30,86.14,86.45,85.45,85.46,1301645.0
2013-05-31,85.01,85.59,84.43,84.47,2815721.0
2013-06-03,84.72,84.74,83.25,83.75,2321609.0
2013-06-04,83.74,85.92,83.71,84.52,2138666.0
2013-06-05,84.15,84.63,83.49,83.51,1295104.0
2013-06-06,83.51,84.09,83.15,84.09,1358869.0
2013-06-07,84.31,84.82,83.98,84.75,1388491.0
2013-06-10,85.0,85.45,84.47,84.61,1316114.0
2013-06-11,83.91,84.86,83.52,83.7,841982.0
2013-06-12,84.34,84.88,83.85,84.25,1615668.0
2013-06-13,84.04,84.88,83.4,84.76,1293137.0
2013-06-14,84.37,84.7,83.96,84.03,898544.0
2013-06-17,84.63,86.34,84.62,86.32,1481150.0
2013-06-18,86.37,86.85,86.09,86.73,1001315.0
2013-06-19,86.72,86.82,85.6,85.68,851612.0
2013-06-20,85.21,85.31,83.83,83.99,1205512.0
2013-06-21,84.29,84.35,82.93,83.77,2315653.0
2013-06-24,83.0,84.76,82.58,83.93,1288890.0
2013-06-25,84.7,84.87,83.97,84.41,1416403.0
2013-06-26,85.0,86.0,84.87,85.93,787639.0
2013-06-27,86.49,86.62,85.16,85.7,1076145.0
2013-06-28,85.64,86.31,85.18,85.19,1450640.0
2013-07-01,85.54,86.93,85.48,86.34,1315081.0
2013-07-02,85.83,86.69,85.7,86.13,1358378.0
2013-07-03,86.05,86.31,85.68,85.83,873194.0
2013-07-05,86.43,86.64,85.58,86.5,586705.0
2013-07-08,86.85,87.4,86.66,86.86,605541.0
2013-07-09,87.41,88.47,87.33,88.46,871271.0
2013-07-10,88.23,88.93,87.94,88.66,814737.0
2013-07-11,89.31,89.94,89.31,89.9,1119961.0
2013-07-12,89.83,90.29,89.44,90.29,825979.0
2013-07-15,90.2,90.82,89.95,90.77,757609.0
2013-07-16,90.83,91.41,90.75,91.32,1294692.0
2013-07-17,91.51,91.81,91.14,91.64,1073167.0
2013-07-18,91.75,92.51,91.58,92.48,794267.0
2013-07-19,92.63,93.47,92.27,93.4,1719499.0
2013-07-22,93.03,94.35,93.03,94.28,1270149.0
2013-07-23,94.67,95.19,94.17,94.77,1439671.0
2013-07-24,95.0,95.0,93.55,93.68,1178718.0
2013-07-25,93.5,93.79,93.1,93.54,1274606.0
2013-07-26,93.1,93.29,92.13,92.99,904294.0
2013-07-29,92.88,93.11,91.49,92.1,1263437.0
2013-07-30,92.44,94.88,92.43,93.75,1190642.0
2013-07-31,93.99,94.97,92.07,92.14,1494944.0
2013-08-01,92.87,94.16,92.83,94.04,1259304.0
2013-08-02,93.89,93.89,92.78,93.62,756308.0
2013-08-05,93.52,93.52,92.0,92.46,711270.0
2013-08-06,92.49,93.66,92.41,93.5,783326.0
2013-08-07,93.33,93.59,92.45,93.3,845179.0
2013-08-08,93.6,93.92,93.02,93.05,642857.0
2013-08-09,93.1,94.0,92.6,93.04,918115.0
2013-08-12,92.9,93.39,92.33,92.79,721379.0
2013-08-13,92.81,93.43,92.34,93.15,459014.0
2013-08-14,93.27,93.62,92.77,93.03,651112.0
2013-08-15,92.36,92.56,91.25,92.2,1251364.0
2013-08-16,91.94,92.18,91.32,91.71,939608.0
2013-08-19,91.21,92.14,91.14,91.23,711696.0
2013-08-20,91.16,91.3,90.51,90.6,991302.0
2013-08-21,90.57,91.56,90.25,90.69,713398.0
2013-08-22,90.63,91.71,90.18,91.54,553686.0
2013-08-23,91.66,91.86,90.84,91.71,532246.0
2013-08-26,91.83,93.12,91.79,92.44,912057.0
2013-08-27,91.68,91.88,90.56,90.6,712744.0
2013-08-28,90.79,91.22,90.47,90.83,665544.0
2013-08-29,90.82,92.13,90.49,91.64,814505.0
2013-08-30,91.89,92.23,91.12,91.35,970024.0
2013-09-03,92.42,93.0,91.95,92.58,1137730.0
2013-09-04,92.51,93.92,92.48,93.73,1263466.0
2013-09-05,93.42,93.87,93.0,93.12,751418.0
2013-09-06,93.24,93.5,92.12,92.73,925691.0
2013-09-09,92.76,93.81,92.76,93.79,630907.0
2013-09-10,94.0,95.42,94.0,95.39,952198.0
2013-09-11,95.25,96.37,94.87,96.1,877359.0
2013-09-12,96.07,96.17,95.1,96.0,794850.0
2013-09-13,95.83,95.88,95.02,95.69,686310.0
2013-09-16,96.9,97.33,96.0,96.85,683231.0
2013-09-17,96.95,96.99,95.97,96.27,910301.0
2013-09-18,96.38,99.33,96.0,99.0,1172134.0
2013-09-19,99.04,99.45,98.33,98.8,749728.0
2013-09-20,98.91,99.3,98.13,98.13,1804742.0
2013-09-23,98.3,99.01,97.76,98.37,780025.0
2013-09-24,98.52,98.83,98.11,98.36,687648.0
2013-09-25,98.58,98.96,98.29,98.63,613050.0
2013-09-26,98.91,99.31,98.22,99.12,543740.0
2013-09-27,98.77,99.05,98.02,98.11,630668.0
2013-09-30,97.75,99.03,97.25,98.76,951449.0
2013-10-01,98.87,99.57,98.72,99.48,710983.0
2013-10-02,99.28,99.51,98.66,99.51,767543.0
2013-10-03,99.14,99.22,97.05,97.76,1111861.0
2013-10-04,97.74,99.41,97.51,99.34,731206.0
2013-10-07,98.51,98.51,97.22,97.27,951439.0
2013-10-08,97.23,97.53,96.58,96.91,1083715.0
2013-10-09,97.01,97.95,96.44,97.63,1232445.0
2013-10-10,98.44,99.39,98.27,98.83,974598.0
2013-10-11,98.85,100.33,98.76,100.02,958481.0
2013-10-14,99.48,100.89,99.13,100.71,645855.0
2013-10-15,100.4,100.82,99.29,99.62,703092.0
2013-10-16,100.36,101.94,100.23,101.84,774929.0
2013-10-17,101.5,102.44,100.73,102.3,945566.0
2013-10-18,102.42,103.75,102.27,103.51,774630.0
2013-10-21,103.07,103.63,102.37,102.62,671756.0
2013-10-22,103.11,104.37,102.6,104.26,735855.0
2013-10-23,104.17,104.17,103.0,103.28,760944.0
2013-10-24,103.36,105.0,103.36,104.92,801698.0
2013-10-25,105.0,105.31,104.28,105.18,804392.0
2013-10-28,105.18,105.62,102.9,103.26,1863657.0
2013-10-29,103.2,107.51,103.2,107.48,1765906.0
2013-10-30,107.59,108.34,106.11,106.36,1302096.0
2013-10-31,106.37,107.21,105.82,106.0,1100089.0
2013-11-01,106.2,107.13,105.15,105.69,1060311.0
2013-11-04,106.22,106.6,105.65,105.96,602247.0
2013-11-05,105.46,105.98,104.84,105.32,758029.0
2013-11-06,105.6,106.98,105.58,106.39,550576.0
2013-11-07,106.39,106.73,104.53,104.62,642628.0
2013-11-08,104.81,106.59,104.53,106.56,723144.0
2013-11-11,106.5,106.57,105.78,105.99,491355.0
2013-11-12,105.81,106.49,105.06,106.43,689150.0
2013-11-13,106.0,106.33,104.69,106.29,754207.0
2013-11-14,106.72,107.24,106.15,107.03,707758.0
2013-11-15,107.23,107.86,106.97,107.61,1195078.0
2013-11-18,107.82,107.89,106.71,107.07,713125.0
2013-11-19,106.7,107.2,106.21,106.58,719870.0
2013-11-20,106.73,107.16,106.2,106.59,494721.0
2013-11-21,107.12,107.76,106.56,107.42,673727.0
2013-11-22,107.47,107.55,106.75,107.46,576232.0
2013-11-25,107.49,107.89,105.97,106.48,806897.0
2013-11-26,106.72,108.14,106.3,107.99,1711074.0
2013-11-27,107.94,107.94,106.81,106.96,772156.0
2013-11-29,107.16,107.77,106.86,107.17,417866.0
2013-12-02,106.9,106.98,105.65,105.75,956457.0
2013-12-03,105.26,105.79,103.21,103.65,1589540.0
2013-12-04,103.34,103.98,102.55,103.41,1217811.0
2013-12-05,103.23,103.68,102.63,103.05,1213446.0
2013-12-06,104.3,105.73,103.92,105.69,1500259.0
2013-12-09,106.33,106.34,105.15,105.76,1247529.0
2013-12-10,105.23,106.05,104.9,105.05,1078522.0
2013-12-11,105.02,105.25,103.23,103.24,1123789.0
2013-12-12,103.22,103.56,102.75,102.84,1143910.0
2013-12-13,102.89,103.3,102.44,102.58,822388.0
2013-12-16,102.84,102.97,101.99,102.1,1235486.0
2013-12-17,102.68,102.69,101.38,102.06,1566040.0
2013-12-18,102.39,104.11,101.7,104.08,1090061.0
2013-12-19,103.68,104.0,102.81,102.95,922917.0
2013-12-20,102.89,104.56,102.55,104.24,1598341.0
2013-12-23,105.05,105.05,103.86,104.28,871034.0
2013-12-24,104.13,104.97,103.84,104.93,369737.0
2013-12-26,105.03,105.07,104.35,104.7,687013.0
2013-12-27,104.9,105.3,104.33,104.47,502307.0
2013-12-30,104.37,104.54,103.95,104.11,792591.0
2013-12-31,104.29,104.44,103.87,104.27,898813.0
2014-01-02,103.58,104.42,103.41,103.79,814936.0
2014-01-03,104.1,104.28,103.78,103.92,554472.0
2014-01-06,101.57,102.68,101.22,102.28,1657481.0
2014-01-07,102.48,103.84,102.35,103.33,1001663.0
2014-01-08,103.15,104.51,102.81,104.14,1208221.0
2014-01-09,105.0,105.08,103.89,105.0,1092643.0
2014-01-10,106.0,106.0,104.94,105.39,859130.0
2014-01-13,104.91,105.28,102.9,103.1,979361.0
2014-01-14,103.31,104.37,102.62,104.33,1146602.0
2014-01-15,104.4,104.47,103.11,103.62,1080024.0
2014-01-16,103.65,104.65,103.62,104.45,793868.0
2014-01-17,104.68,104.69,103.93,104.15,884134.0
2014-01-21,104.55,104.68,102.85,103.9,875257.0
2014-01-22,104.25,104.25,103.4,103.69,814185.0
2014-01-23,102.86,103.0,101.46,101.94,1180640.0
2014-01-24,101.13,101.4,99.28,99.35,1974110.0
2014-01-27,99.31,99.44,97.94,98.76,1255751.0
2014-01-28,99.0,100.07,99.0,99.85,936690.0
2014-01-29,99.36,100.84,99.25,100.23,2023265.0
2014-01-30,100.65,101.6,100.1,100.83,1238663.0
2014-01-31,99.46,101.02,99.23,100.54,1154000.0
2014-02-03,100.29,101.27,97.87,98.03,1580065.0
2014-02-04,98.9,99.09,97.89,98.7,1280099.0
2014-02-05,98.38,99.36,97.65,99.16,943836.0
2014-02-06,99.09,99.94,98.51,99.89,1117212.0
2014-02-07,100.39,100.66,99.81,100.13,1373275.0
2014-02-10,99.95,100.85,99.13,100.62,1040718.0
2014-02-11,100.62,101.68,100.3,101.41,943372.0
2014-02-12,101.35,101.76,101.03,101.14,788740.0
2014-02-13,100.68,102.77,100.55,102.3,743717.0
2014-02-14,102.3,103.28,102.13,103.15,584159.0
2014-02-18,103.39,103.69,103.01,103.08,762077.0
2014-02-19,103.03,104.15,101.94,101.97,927094.0
2014-02-20,102.06,102.18,101.01,101.87,1523715.0
2014-02-21,102.3,105.0,101.35,102.19,1998381.0
2014-02-24,101.89,102.72,101.35,102.39,1339599.0
2014-02-25,102.14,105.04,102.14,104.58,1576128.0
2014-02-26,104.81,106.19,104.58,105.43,1201620.0
2014-02-27,104.91,106.78,104.87,106.65,953571.0
2014-02-28,106.61,108.2,106.47,107.75,1331542.0
2014-03-03,106.2,108.19,106.2,107.98,1402093.0
2014-03-04,108.5,109.96,108.35,109.66,1617478.0
2014-03-05,110.0,110.0,109.06,109.38,1125144.0
2014-03-06,109.44,110.35,109.28,109.86,729990.0
2014-03-07,109.93,110.25,109.55,109.84,1016274.0
2014-03-10,109.48,110.27,109.21,110.18,747063.0
2014-03-11,110.17,111.83,109.76,111.24,1816350.0
2014-03-12,110.56,110.97,109.91,110.62,1749694.0
2014-03-13,110.7,111.31,109.21,109.25,1438665.0
2014-03-14,109.21,110.51,108.53,108.63,1273689.0
2014-03-17,109.6,110.89,109.16,110.02,943885.0
2014-03-18,110.08,110.63,110.0,110.34,681004.0
2014-03-19,110.23,110.65,108.76,109.32,1027000.0
2014-03-20,109.3,110.24,109.11,110.04,769619.0
2014-03-21,110.97,111.58,109.93,110.73,1909681.0
2014-03-24,111.02,111.49,109.54,109.84,786538.0
2014-03-25,110.12,110.51,108.17,108.31,1685238.0
2014-03-26,108.92,108.96,107.03,107.05,1650291.0
2014-03-27,107.03,107.23,105.73,106.2,1058750.0
2014-03-28,106.36,106.98,106.08,106.23,1301930.0
2014-03-31,107.21,108.06,106.68,107.99,972330.0
2014-04-01,108.45,108.67,107.74,108.66,778219.0
2014-04-02,108.71,109.23,108.45,108.59,690162.0
2014-04-03,109.02,109.83,108.61,109.05,712827.0
2014-04-04,109.69,109.76,106.94,107.18,1131784.0
2014-04-07,107.11,107.55,105.56,105.73,1023727.0
2014-04-08,105.74,105.74,101.82,105.22,1301385.0
2014-04-09,105.63,107.52,105.34,107.2,1244030.0
2014-04-10,107.36,107.66,104.78,105.02,902701.0
2014-04-11,104.61,105.25,103.69,103.7,1022386.0
2014-04-14,104.15,104.65,103.51,104.27,892678.0
2014-04-15,104.46,105.45,103.79,105.42,813371.0
2014-04-16,106.36,107.12,106.0,107.03,768048.0
2014-04-17,106.79,108.13,106.79,107.79,880256.0
2014-04-21,107.05,108.34,106.72,107.88,739640.0
2014-04-22,107.95,108.12,107.21,107.28,732029.0
2014-04-23,106.91,107.44,106.66,106.89,782029.0
2014-04-24,107.1,107.34,105.94,106.09,758108.0
2014-04-25,105.98,106.61,104.94,105.23,1338361.0
2014-04-28,106.5,107.0,104.02,104.83,1229390.0
2014-04-29,105.04,105.22,104.17,104.3,1110406.0
2014-04-30,104.76,104.92,104.03,104.64,866652.0
2014-05-01,104.62,105.1,104.25,104.61,750026.0
2014-05-02,104.5,105.34,104.3,104.5,907736.0
2014-05-05,104.43,105.52,103.91,105.31,939536.0
2014-05-06,105.03,105.07,104.17,104.31,884013.0
2014-05-07,104.85,105.25,104.29,105.11,813722.0
2014-05-08,104.94,105.7,104.0,104.5,691608.0
2014-05-09,104.47,105.1,104.03,104.75,705411.0
2014-05-12,105.22,105.73,104.92,105.59,773778.0
2014-05-13,105.75,106.17,105.48,105.7,822690.0
2014-05-14,105.64,106.76,105.47,106.2,910747.0
2014-05-15,106.36,106.53,105.02,105.81,1255549.0
2014-05-16,105.81,105.98,104.9,105.89,1223714.0
2014-05-19,105.44,107.53,105.44,107.2,878604.0
2014-05-20,107.15,107.48,106.4,106.67,814546.0
2014-05-21,106.82,108.11,106.76,107.78,670292.0
2014-05-22,107.9,108.02,107.38,107.4,661888.0
2014-05-23,107.7,108.17,107.48,108.05,445214.0
2014-05-27,108.39,109.19,108.07,108.69,778534.0
2014-05-28,108.7,108.98,108.01,108.13,776993.0
2014-05-29,108.35,108.8,107.52,108.68,670306.0
2014-05-30,108.74,109.33,108.39,109.19,731765.0
2014-06-02,109.12,109.46,108.41,109.04,489084.0
2014-06-03,108.81,109.65,108.76,109.13,605212.0
2014-06-04,108.72,110.03,108.25,109.98,692252.0
2014-06-05,109.97,110.21,108.66,109.8,649788.0
2014-06-06,110.04,110.7,109.74,110.34,486114.0
2014-06-09,110.25,110.63,109.55,110.05,837770.0
2014-06-10,109.99,110.26,109.52,110.06,862461.0
2014-06-11,109.33,109.89,109.07,109.33,498377.0
2014-06-12,108.89,109.55,108.0,108.34,625050.0
2014-06-13,107.99,108.28,107.28,108.15,500065.0
2014-06-16,107.82,108.04,107.06,107.75,768643.0
2014-06-17,107.63,108.39,107.19,107.8,775881.0
2014-06-18,107.77,108.55,106.91,108.43,972447.0
2014-06-19,108.43,108.7,108.1,108.38,665334.0
2014-06-20,109.0,109.0,108.43,108.68,1042039.0
2014-06-23,108.91,108.97,107.94,108.32,800015.0
2014-06-24,108.34,108.78,107.12,107.18,956927.0
2014-06-25,107.29,108.09,107.03,107.45,861681.0
2014-06-26,107.5,107.5,106.31,107.26,1175773.0
2014-06-27,106.85,108.75,106.85,108.63,1403611.0
2014-06-30,108.99,111.57,108.68,111.34,2148586.0
2014-07-01,111.72,112.27,110.88,111.53,1198826.0
2014-07-02,111.18,111.85,110.36,110.63,683163.0
2014-07-03,111.09,111.11,110.41,110.61,589331.0
2014-07-07,110.2,110.5,109.42,110.28,791172.0
2014-07-08,110.17,110.52,109.93,110.4,815165.0
2014-07-09,110.75,110.93,109.62,110.27,637954.0
2014-07-10,109.57,110.23,109.21,110.01,642029.0
2014-07-11,109.81,109.97,108.95,109.59,499428.0
2014-07-14,109.98,110.37,109.78,109.88,660394.0
2014-07-15,110.0,110.52,109.62,110.23,1046302.0
2014-07-16,110.68,110.92,110.27,110.58,899141.0
2014-07-17,109.97,110.63,109.64,109.98,852719.0
2014-07-18,110.2,110.66,109.62,110.43,797462.0
2014-07-21,109.66,109.89,109.04,109.39,694638.0
2014-07-22,109.79,110.43,109.56,109.98,821792.0
2014-07-23,110.05,110.31,109.53,110.0,784764.0
2014-07-24,110.0,110.61,109.82,110.39,628201.0
2014-07-25,110.21,110.76,110.06,110.58,683550.0
2014-07-28,110.29,111.25,110.07,111.02,988967.0
2014-07-29,111.0,111.09,109.7,109.83,1025199.0
2014-07-30,110.04,110.66,109.15,109.35,1128423.0
2014-07-31,109.67,110.07,108.51,108.53,1249355.0
2014-08-01,107.67,108.64,107.31,108.26,823091.0
2014-08-04,108.43,109.65,107.72,109.32,653785.0
2014-08-05,109.18,109.44,107.88,108.19,621189.0
2014-08-06,108.07,109.16,107.55,108.86,820848.0
2014-08-07,109.2,109.5,107.76,108.05,587153.0
2014-08-08,108.42,109.16,107.92,109.11,614937.0
2014-08-11,109.18,109.85,109.12,109.38,558811.0
2014-08-12,109.51,110.17,109.21,110.02,571085.0
2014-08-13,110.35,111.31,110.25,111.27,665041.0
2014-08-14,111.52,112.0,111.47,111.97,709983.0
2014-08-15,112.0,112.7,111.03,112.37,1119592.0
2014-08-18,112.8,113.96,112.67,113.4,810230.0
2014-08-19,113.64,114.05,113.43,113.82,621888.0
2014-08-20,113.56,114.11,113.48,113.69,674932.0
2014-08-21,113.9,114.19,113.23,113.77,706206.0
2014-08-22,113.51,113.86,113.22,113.66,540980.0
2014-08-25,114.0,115.16,113.82,114.58,672528.0
2014-08-26,114.93,115.46,114.47,114.87,671711.0
2014-08-27,114.85,115.09,113.78,114.08,641657.0
2014-08-28,113.76,114.71,113.56,114.39,692977.0
2014-08-29,114.49,114.86,114.26,114.82,593818.0
2014-09-02,114.94,115.03,114.24,114.65,698814.0
2014-09-03,115.35,115.35,114.63,114.84,591292.0
2014-09-04,114.75,115.38,114.61,114.89,591212.0
2014-09-05,114.75,115.51,114.72,115.51,531821.0
2014-09-08,115.28,116.1,114.96,115.64,741623.0
2014-09-09,115.32,115.53,114.51,114.66,478709.0
2014-09-10,114.76,114.82,113.87,114.75,507631.0
2014-09-11,114.55,114.91,114.19,114.7,452733.0
2014-09-12,114.59,116.31,114.34,115.47,1208732.0
2014-09-15,115.3,115.61,114.65,115.09,726614.0
2014-09-16,115.1,116.49,114.66,116.12,774404.0
2014-09-17,116.53,117.18,115.94,116.69,633329.0
2014-09-18,116.79,117.57,116.57,117.53,695021.0
2014-09-19,118.05,118.46,117.73,118.07,1201040.0
2014-09-22,117.9,118.43,117.11,117.31,979882.0
2014-09-23,117.11,117.32,116.74,116.77,726313.0
2014-09-24,116.84,117.88,116.77,117.63,1075276.0
2014-09-25,117.48,118.11,115.64,115.64,1270293.0
2014-09-26,115.54,116.64,115.51,116.56,935666.0
2014-09-29,116.06,116.71,115.71,116.32,723969.0
2014-09-30,116.25,116.69,114.5,114.83,1118271.0
2014-10-01,114.89,114.89,112.32,112.7,1390990.0
2014-10-02,112.43,113.46,111.53,113.3,1300483.0
2014-10-03,113.66,114.8,113.53,114.65,999766.0
2014-10-06,115.0,115.39,113.3,113.42,1033588.0
2014-10-07,112.93,113.13,111.8,111.81,1014848.0
2014-10-08,111.7,113.57,110.78,113.5,1022243.0
2014-10-09,113.24,113.77,110.47,110.66,1405042.0
2014-10-10,110.45,110.93,109.28,109.28,1304649.0
2014-10-13,109.58,109.82,107.47,107.54,1127575.0
2014-10-14,108.31,108.64,106.41,106.98,1590813.0
2014-10-15,105.99,106.1,103.76,105.34,3094376.0
2014-10-16,103.55,106.35,103.4,105.39,2736353.0
2014-10-17,106.22,109.19,106.22,107.89,1865923.0
2014-10-20,107.98,109.96,107.92,109.95,885149.0
2014-10-21,110.56,112.79,110.28,112.7,1187198.0
2014-10-22,112.92,114.15,112.39,112.41,1398648.0
2014-10-23,113.49,113.72,112.3,112.56,1080362.0
2014-10-24,112.56,112.99,111.66,112.72,833797.0
2014-10-27,112.54,112.54,110.26,110.64,1847871.0
2014-10-28,111.74,113.57,110.13,110.61,1626734.0
2014-10-29,110.3,110.44,107.06,108.16,4442834.0
2014-10-30,107.7,108.71,106.9,108.35,865406.0
2014-10-31,109.8,111.35,109.05,111.23,1526902.0
2014-11-03,111.64,111.64,109.89,110.1,1634511.0
2014-11-04,110.05,110.28,108.71,109.35,1253543.0
2014-11-05,110.16,110.81,109.5,110.46,1325258.0
2014-11-06,110.82,111.99,110.27,111.94,875315.0
2014-11-07,112.02,112.63,111.95,112.48,737242.0
2014-11-10,112.45,112.82,112.17,112.73,505052.0
2014-11-11,112.15,113.37,111.95,112.79,536906.0
2014-11-12,112.78,113.4,112.44,112.98,651979.0
2014-11-13,113.3,113.67,112.44,112.95,1060957.0
2014-11-14,112.84,112.88,112.18,112.41,1040416.0
2014-11-17,112.31,113.13,112.13,112.19,641445.0
2014-11-18,112.44,113.39,112.0,113.18,893162.0
2014-11-19,113.26,113.48,112.74,113.22,913275.0
2014-11-20,112.48,113.63,112.45,113.46,590011.0
2014-11-21,114.53,115.19,114.14,114.56,1051588.0
2014-11-24,114.57,114.81,113.55,114.5,786659.0
2014-11-25,114.4,114.72,113.42,113.5,1046227.0
2014-11-26,113.31,113.8,112.5,113.75,787153.0
2014-11-28,113.35,113.35,108.09,108.95,1678117.0
2014-12-01,106.6,108.01,103.92,104.3,3253754.0
2014-12-02,104.0,106.46,103.81,106.23,2826612.0
2014-12-03,106.13,109.3,106.07,109.25,2633160.0
2014-12-04,109.2,109.82,108.85,109.53,1612300.0
2014-12-05,109.68,110.41,108.82,109.04,1328294.0
2014-12-08,107.93,108.37,103.65,103.85,2827222.0
2014-12-09,102.81,105.61,102.52,105.45,1688570.0
2014-12-10,105.06,105.28,103.8,104.21,2091471.0
2014-12-11,104.36,105.58,103.72,104.64,1689390.0
2014-12-12,103.51,103.98,102.31,102.33,1637681.0
2014-12-15,103.64,103.88,101.68,102.03,2096818.0
2014-12-16,101.66,103.71,101.26,101.55,1650825.0
2014-12-17,102.36,104.6,102.09,104.43,2497303.0
2014-12-18,105.42,106.17,104.49,105.29,2203788.0
2014-12-19,106.08,107.06,105.44,106.63,1976844.0
2014-12-22,106.76,107.06,106.08,106.83,1346763.0
2014-12-23,107.69,107.93,106.97,107.45,1278536.0
2014-12-24,107.6,107.72,107.16,107.18,417793.0
2014-12-26,107.3,107.73,106.8,107.11,660978.0
2014-12-29,106.77,107.48,106.61,106.74,991267.0
2014-12-30,106.6,106.83,105.23,105.27,1158207.0
2014-12-31,105.52,105.85,104.5,104.52,1036539.0
2015-01-02,104.69,105.24,103.61,104.31,1191485.0
2015-01-05,103.83,104.19,101.94,101.98,2074312.0
2015-01-06,101.7,101.73,97.78,98.93,3396212.0
2015-01-07,99.94,100.64,99.08,100.38,2315516.0
2015-01-08,101.46,103.16,101.37,102.62,1935508.0
2015-01-09,102.56,102.8,101.22,101.33,1785333.0
2015-01-12,101.61,101.75,99.51,100.76,2157701.0
2015-01-13,101.32,102.24,100.82,101.92,2082974.0
2015-01-14,100.74,101.42,99.95,101.33,1721269.0
2015-01-15,101.73,102.4,100.65,100.68,1460542.0
2015-01-16,100.94,102.39,100.52,102.21,1754278.0
2015-01-20,102.99,103.48,101.37,102.56,1937991.0
2015-01-21,102.4,104.05,101.8,104.0,1716380.0
2015-01-22,104.75,106.44,104.28,106.37,2078719.0
2015-01-23,106.45,107.19,105.77,105.88,1753778.0
2015-01-26,106.01,107.06,105.42,107.02,1884962.0
2015-01-27,105.42,107.44,105.42,106.48,1462733.0
2015-01-28,106.74,106.96,103.54,103.58,1730474.0
2015-01-29,103.46,104.65,102.45,104.38,2048116.0
2015-01-30,103.4,104.64,103.02,103.77,2634520.0
2015-02-02,102.53,104.34,101.57,103.49,2058983.0
2015-02-03,103.84,106.14,103.79,106.08,1566362.0
2015-02-04,105.86,106.0,104.13,104.44,1384065.0
2015-02-05,105.1,106.7,104.64,106.38,1281691.0
2015-02-06,106.61,107.35,106.35,106.68,1052861.0
2015-02-09,106.59,107.44,106.54,107.24,1358535.0
2015-02-10,107.61,108.34,106.76,108.33,1305800.0
2015-02-11,108.25,109.81,107.88,109.31,1834730.0
2015-02-12,110.18,111.16,109.62,110.77,1585047.0
2015-02-13,111.02,112.1,110.62,111.62,1150321.0
2015-02-17,111.65,111.98,110.9,111.67,1029627.0
2015-02-18,111.32,111.57,110.68,111.56,1246877.0
2015-02-19,110.85,111.8,110.01,111.77,1324246.0
2015-02-20,111.73,112.57,110.92,112.53,2188056.0
2015-02-23,112.07,112.1,110.98,111.41,1481430.0
2015-02-24,111.23,113.38,110.38,113.0,2182522.0
2015-02-25,113.0,115.68,112.9,115.65,2135534.0
2015-02-26,115.32,116.72,114.52,116.15,1820595.0
2015-02-27,115.98,117.0,115.45,115.54,1612739.0
2015-03-02,115.52,116.03,114.75,115.96,1369810.0
2015-03-03,115.29,116.37,114.73,116.19,1179075.0
2015-03-04,115.78,116.54,114.76,116.18,1681256.0
2015-03-05,116.74,116.89,115.71,116.77,1029626.0
2015-03-06,116.5,116.72,114.51,114.69,1360322.0
2015-03-09,114.69,116.23,114.51,115.88,1117448.0
2015-03-10,114.75,115.5,114.16,114.89,1665183.0
2015-03-11,114.82,115.4,114.31,114.5,1167606.0
2015-03-12,114.44,115.88,114.44,115.81,1030459.0
2015-03-13,115.32,115.54,114.01,114.47,1074339.0
2015-03-16,114.78,115.59,114.48,115.17,1220693.0
2015-03-17,114.41,114.87,113.41,114.31,1156435.0
2015-03-18,113.87,116.45,112.75,115.7,1338847.0
2015-03-19,115.16,115.53,114.31,115.01,968344.0
2015-03-20,115.75,116.02,115.24,115.27,1572471.0
2015-03-23,115.46,115.46,114.27,114.28,1290188.0
2015-03-24,114.28,114.57,113.52,113.58,1529040.0
2015-03-25,114.17,114.98,113.32,113.82,1893650.0
2015-03-26,113.51,114.65,113.48,114.26,1029624.0
2015-03-27,114.14,114.55,113.71,114.24,1077246.0
2015-03-30,114.89,115.67,114.34,114.79,1188921.0
2015-03-31,114.14,115.41,114.14,114.38,929507.0
2015-04-01,114.38,114.58,113.15,113.54,1279497.0
2015-04-02,113.15,114.36,113.15,113.37,900786.0
2015-04-06,113.21,114.98,113.04,114.64,1085740.0
2015-04-07,114.58,115.28,114.39,114.57,516680.0
2015-04-08,114.71,115.5,114.71,115.34,807464.0
2015-04-09,115.5,116.19,115.3,115.86,901745.0
2015-04-10,116.0,116.94,115.44,116.36,947184.0
2015-04-13,116.09,116.84,115.4,115.43,897786.0
2015-04-14,115.49,116.32,115.06,116.15,1015983.0
2015-04-15,116.37,117.28,116.28,117.02,850287.0
2015-04-16,116.59,117.31,116.28,116.83,809736.0
2015-04-17,116.08,116.27,114.49,115.2,1189903.0
2015-04-20,115.98,116.44,115.65,116.15,857530.0
2015-04-21,116.23,116.63,115.46,115.88,982817.0
2015-04-22,115.88,116.06,115.05,116.05,1109416.0
2015-04-23,116.01,116.41,115.63,115.85,505289.0
2015-04-24,115.89,116.14,115.25,115.59,699639.0
2015-04-27,115.91,116.49,115.54,116.09,1533176.0
2015-04-28,113.82,114.38,110.03,112.97,3209276.0
2015-04-29,112.56,114.64,111.58,114.41,2125393.0
2015-04-30,114.07,114.21,111.84,111.98,1766803.0
2015-05-01,112.28,114.04,112.08,113.95,1501349.0
2015-05-04,114.25,114.67,113.7,113.97,1085666.0
2015-05-05,114.41,114.87,112.12,112.36,1342392.0
2015-05-06,112.8,113.19,112.02,112.5,1596704.0
2015-05-07,112.3,113.39,112.1,113.28,954575.0
2015-05-08,114.36,115.57,112.34,114.79,932781.0
2015-05-11,114.33,114.76,113.45,113.58,1191290.0
2015-05-12,112.98,113.86,112.52,113.45,976514.0
2015-05-13,113.64,114.44,113.19,114.01,1020757.0
2015-05-14,114.84,116.0,114.33,115.99,854978.0
2015-05-15,116.0,116.23,115.06,116.12,871427.0
2015-05-18,115.68,116.12,115.47,115.85,756797.0
2015-05-19,116.25,116.3,115.43,115.73,1134438.0
2015-05-20,116.0,116.14,115.34,115.57,800619.0
2015-05-21,115.44,116.31,115.35,116.04,854820.0
2015-05-22,115.61,116.11,115.1,115.26,998865.0
2015-05-26,114.91,114.93,113.45,113.82,862235.0
2015-05-27,113.82,114.63,113.59,114.45,1116003.0
2015-05-28,113.98,114.84,113.79,114.8,1350437.0
2015-05-29,114.95,115.01,114.08,114.65,2303514.0
2015-06-01,114.99,115.51,114.11,115.06,1150090.0
2015-06-02,114.6,116.3,114.23,115.67,949459.0
2015-06-03,115.98,116.58,115.49,116.36,899331.0
2015-06-04,115.58,115.82,113.9,114.02,860659.0
2015-06-05,113.56,114.48,113.33,114.01,790127.0
2015-06-08,113.99,114.46,113.58,113.6,660450.0
2015-06-09,113.9,114.33,113.23,113.66,959151.0
2015-06-10,114.23,115.79,114.07,115.61,811484.0
2015-06-11,115.93,116.28,115.6,115.71,780473.0
2015-06-12,115.28,115.28,114.16,114.26,687501.0
2015-06-15,114.0,114.14,113.35,113.88,1023615.0
2015-06-16,113.85,114.62,113.54,114.45,965816.0
2015-06-17,115.0,115.44,114.03,115.04,1024862.0
2015-06-18,115.63,117.54,115.38,117.22,1264615.0
2015-06-19,117.46,118.27,117.05,117.17,2385327.0
2015-06-22,117.54,118.09,117.24,117.73,997327.0
2015-06-23,117.96,117.96,116.9,117.22,655950.0
2015-06-24,117.02,117.38,116.24,116.26,683166.0
2015-06-25,116.25,116.96,115.7,115.96,710464.0
2015-06-26,116.45,116.55,115.56,115.73,771555.0
2015-06-29,114.8,115.24,112.89,112.93,1197563.0
2015-06-30,113.69,114.0,112.65,113.07,1608533.0
2015-07-01,113.67,114.0,112.95,113.2,886309.0
2015-07-02,113.78,113.85,112.15,112.81,816563.0
2015-07-06,111.65,113.02,111.31,111.9,901624.0
2015-07-07,111.9,112.38,110.46,112.18,945643.0
2015-07-08,111.32,111.51,110.4,110.62,1190156.0
2015-07-09,112.21,112.21,110.58,110.61,752095.0
2015-07-10,111.77,112.45,111.47,112.28,543067.0
2015-07-13,113.26,113.82,112.88,113.73,494151.0
2015-07-14,113.61,114.91,113.18,114.7,856516.0
2015-07-15,114.71,115.48,114.2,114.6,1110396.0
2015-07-16,115.12,115.28,114.17,114.7,826068.0
2015-07-17,114.47,114.86,112.08,112.78,1532433.0
2015-07-20,112.71,113.61,112.38,112.77,1178806.0
2015-07-21,112.99,113.42,111.89,112.57,941625.0
2015-07-22,112.44,112.88,111.77,111.85,924191.0
2015-07-23,111.95,112.33,111.18,111.24,879036.0
2015-07-24,111.23,111.24,109.14,109.53,999230.0
2015-07-27,109.0,109.1,107.72,108.39,1841969.0
2015-07-28,108.38,114.28,108.24,113.77,2404989.0
2015-07-29,113.88,115.78,113.05,115.32,1281441.0
2015-07-30,115.37,116.25,115.21,116.1,893056.0
2015-07-31,116.5,116.96,115.56,115.81,923005.0
2015-08-03,115.45,115.98,114.66,115.28,1022543.0
2015-08-04,115.89,115.97,114.99,115.32,685043.0
2015-08-05,116.72,117.69,115.93,116.75,843108.0
2015-08-06,116.54,117.18,115.95,116.31,743982.0
2015-08-07,116.13,116.5,114.14,114.36,890033.0
2015-08-10,115.05,116.59,114.72,116.59,774277.0
2015-08-11,115.34,116.15,114.67,115.93,1129824.0
2015-08-12,115.39,115.86,114.19,115.04,1188191.0
2015-08-13,115.22,115.85,114.33,115.28,626545.0
2015-08-14,115.5,116.55,115.08,116.48,697155.0
2015-08-17,116.15,116.65,115.29,116.35,817518.0
2015-08-18,116.02,116.7,115.57,115.9,577748.0
2015-08-19,115.12,115.72,114.54,114.86,633375.0
2015-08-20,114.08,114.85,112.57,112.62,1211904.0
2015-08-21,111.92,112.17,109.74,109.9,1448894.0
2015-08-24,104.47,109.28,103.09,105.35,2321857.0
2015-08-25,109.46,109.46,104.39,104.53,2222827.0
2015-08-26,106.57,106.68,104.26,106.49,1952681.0
2015-08-27,107.77,110.74,107.77,109.92,1824144.0
2015-08-28,109.48,110.76,109.21,110.46,988291.0
2015-08-31,109.42,110.39,108.38,109.14,1033012.0
2015-09-01,107.06,107.67,104.94,105.42,2168310.0
2015-09-02,106.77,108.11,105.53,107.98,2889816.0
2015-09-03,108.7,109.32,108.08,108.83,1101708.0
2015-09-04,107.19,107.98,106.5,106.54,1429545.0
2015-09-08,108.38,108.63,107.09,108.59,1386139.0
2015-09-09,110.32,112.0,110.0,110.52,2552169.0
2015-09-10,110.14,111.42,109.69,110.44,1620775.0
2015-09-11,109.38,110.21,108.78,109.99,1096067.0
2015-09-14,110.01,110.3,108.47,108.92,1232056.0
2015-09-15,109.51,110.82,109.02,110.21,1489574.0
2015-09-16,110.13,113.75,110.13,113.6,1601101.0
2015-09-17,113.45,115.35,113.04,113.54,1597568.0
2015-09-18,112.3,113.09,111.68,112.55,1898379.0
2015-09-21,113.09,113.87,112.49,112.73,881847.0
2015-09-22,111.5,111.69,110.02,110.86,985074.0
2015-09-23,111.01,111.04,109.65,110.04,1073943.0
2015-09-24,108.96,111.0,108.69,110.54,1417809.0
2015-09-25,111.49,111.68,109.81,110.46,1417637.0
2015-09-28,109.54,110.18,107.28,107.32,1454566.0
2015-09-29,107.75,108.73,107.03,108.36,1674337.0
2015-09-30,109.32,110.04,108.58,109.72,1696134.0
2015-10-01,110.21,112.4,109.64,112.33,1800931.0
2015-10-02,110.88,114.23,110.7,114.2,1507488.0
2015-10-05,114.95,115.78,114.51,115.74,1526474.0
2015-10-06,115.74,117.55,115.55,117.19,1964792.0
2015-10-07,117.5,118.36,116.13,118.27,1765001.0
2015-10-08,118.11,120.73,117.72,120.53,1651586.0
2015-10-09,119.0,120.74,118.96,120.54,2142569.0
2015-10-12,120.15,120.8,119.41,120.57,991874.0
2015-10-13,119.63,121.06,119.12,120.16,1645197.0
2015-10-14,120.13,121.89,119.9,121.34,1109760.0
2015-10-15,121.6,121.87,120.23,121.58,902701.0
2015-10-16,122.19,122.3,120.84,122.1,1077818.0
2015-10-19,120.6,120.94,118.43,119.38,2008146.0
2015-10-20,119.13,120.06,118.78,119.43,1113020.0
2015-10-21,119.9,120.0,117.53,117.9,1260576.0
2015-10-22,118.82,120.77,118.34,120.55,2349621.0
2015-10-23,121.25,121.62,119.67,119.99,1407364.0
2015-10-26,120.23,120.85,119.41,119.58,1182524.0
2015-10-27,119.07,119.4,117.81,118.53,998505.0
2015-10-28,118.65,119.69,118.21,119.59,1060248.0
2015-10-29,119.03,120.18,119.01,119.93,945569.0
2015-10-30,120.71,120.94,119.72,120.35,1920220.0
2015-11-02,116.1,120.34,114.38,117.99,3627977.0
2015-11-03,118.0,122.48,117.41,120.04,1984931.0
2015-11-04,120.52,120.75,117.41,117.49,2174619.0
2015-11-05,117.2,118.53,116.97,117.64,1292981.0
2015-11-06,116.94,117.91,116.54,117.4,1537893.0
2015-11-09,117.21,117.63,115.36,115.96,864287.0
2015-11-10,115.65,116.75,114.52,116.35,1131258.0
2015-11-11,116.61,117.73,115.88,117.47,730662.0
2015-11-12,116.46,116.81,115.13,115.15,817258.0
2015-11-13,114.83,116.76,114.32,116.43,968882.0
2015-11-16,116.23,116.96,115.47,116.7,1047411.0
2015-11-17,116.69,117.96,116.08,116.75,1053564.0
2015-11-18,116.71,118.44,116.32,118.32,1000014.0
2015-11-19,118.02,118.47,117.43,117.91,741255.0
2015-11-20,118.37,118.76,117.87,118.13,984844.0
2015-11-23,118.07,120.77,118.07,119.52,1661690.0
2015-11-24,119.47,120.4,118.79,119.72,979020.0
2015-11-25,119.86,120.16,118.96,119.02,1087118.0
2015-11-27,118.78,119.35,118.05,118.91,390133.0
2015-11-30,119.15,119.33,118.08,119.16,2955096.0
2015-12-01,119.5,119.79,118.82,119.67,931045.0
2015-12-02,119.33,119.78,118.46,118.64,858060.0
2015-12-03,118.97,119.49,117.38,117.89,1223306.0
2015-12-04,118.21,119.4,117.9,119.23,1417238.0
2015-12-07,118.61,119.49,117.55,118.36,909996.0
2015-12-08,117.06,117.87,116.3,116.37,1042262.0
2015-12-09,116.84,119.28,116.45,116.95,1178121.0
2015-12-10,116.69,117.29,115.63,115.96,938813.0
2015-12-11,114.12,114.28,112.19,112.39,1378708.0
2015-12-14,112.17,113.94,111.77,113.64,1361535.0
2015-12-15,114.55,115.22,113.85,115.07,1224723.0
2015-12-16,115.67,118.06,115.16,117.89,1289663.0
2015-12-17,118.05,118.49,115.25,115.3,1056969.0
2015-12-18,115.16,115.18,112.58,112.62,1754946.0
2015-12-21,113.32,113.9,112.6,113.22,913968.0
2015-12-22,113.98,114.69,113.15,114.42,719119.0
2015-12-23,115.47,116.69,114.94,116.5,818330.0
2015-12-24,116.19,116.28,115.55,115.78,331069.0
2015-12-28,115.32,115.57,114.68,115.47,480894.0
2015-12-29,116.4,116.81,115.76,116.39,669520.0
2015-12-30,116.17,116.46,115.37,115.43,525323.0
2015-12-31,115.04,116.14,114.37,114.38,965446.0
2016-01-04,112.9,113.15,111.0,112.49,1769733.0
2016-01-05,112.55,113.69,112.29,112.9,1222819.0
2016-01-06,109.82,110.85,106.55,108.07,3836959.0
2016-01-07,105.95,107.87,104.94,105.27,1963091.0
2016-01-08,105.49,105.78,104.08,104.35,1297301.0
2016-01-11,104.66,105.18,103.61,104.62,1498438.0
2016-01-12,105.83,106.25,104.61,105.72,1349213.0
2016-01-13,106.65,106.76,103.02,103.13,1399577.0
2016-01-14,103.48,105.4,102.48,104.82,1485002.0
2016-01-15,103.39,103.91,100.59,102.58,2042324.0
2016-01-19,104.0,104.08,101.49,102.37,1426775.0
2016-01-20,100.88,103.54,99.99,102.44,1737960.0
2016-01-21,102.11,102.74,100.59,101.85,1627953.0
2016-01-22,103.88,106.81,103.61,104.99,1555548.0
2016-01-25,104.48,104.89,103.08,103.26,1206046.0
2016-01-26,103.41,104.16,103.12,104.13,1148009.0
2016-01-27,103.41,104.73,102.06,102.78,1146452.0
2016-01-28,104.08,105.2,103.38,104.0,1030250.0
2016-01-29,104.71,107.98,103.99,107.87,2133073.0
2016-02-01,106.56,107.65,105.48,107.42,1109493.0
2016-02-02,106.34,106.54,104.69,104.93,1330423.0
2016-02-03,106.9,107.9,104.15,107.28,1546060.0
2016-02-04,107.46,109.69,107.13,109.17,1382189.0
2016-02-05,108.89,108.89,105.67,106.17,1353147.0
2016-02-08,105.04,105.72,102.44,103.62,1654508.0
2016-02-09,102.91,107.7,102.21,107.2,1792573.0
2016-02-10,107.62,109.65,106.07,106.21,1239437.0
2016-02-11,104.02,104.6,102.55,103.3,1448950.0
2016-02-12,104.96,106.93,104.04,106.63,1201556.0
2016-02-16,108.23,108.88,106.38,108.65,1243517.0
2016-02-17,110.0,110.56,109.56,109.96,1353231.0
2016-02-18,109.73,110.0,108.34,108.76,1001044.0
2016-02-19,108.3,108.33,106.77,107.77,2189706.0
2016-02-22,109.27,109.47,106.85,108.09,2275052.0
2016-02-23,103.62,104.12,99.99,100.14,6287572.0
2016-02-24,99.41,102.31,98.62,102.13,2945831.0
2016-02-25,102.59,103.69,101.59,103.68,1250872.0
2016-02-26,104.45,106.56,104.22,106.28,1816386.0
2016-02-29,106.65,106.81,102.55,102.55,2055117.0
2016-03-01,103.55,106.14,102.69,105.86,1790316.0
2016-03-02,105.28,105.72,104.1,104.68,1385789.0
2016-03-03,104.73,105.48,104.46,105.24,1164357.0
2016-03-04,105.7,107.12,104.79,106.33,1235598.0
2016-03-07,105.7,106.67,105.27,105.96,1148345.0
2016-03-08,104.95,105.4,104.21,104.28,1362332.0
2016-03-09,104.74,105.33,103.92,104.22,2218944.0
2016-03-10,104.83,106.26,103.88,105.26,1638952.0
2016-03-11,106.01,106.82,105.95,106.36,1000584.0
2016-03-14,104.28,104.28,102.92,103.04,2158767.0
2016-03-15,102.77,104.19,102.38,104.05,1359882.0
2016-03-16,103.95,106.43,103.53,105.87,1168988.0
2016-03-17,106.03,108.08,106.03,107.84,1762245.0
2016-03-18,108.22,109.41,107.74,108.14,2388447.0
2016-03-21,108.13,109.68,107.83,108.98,1343645.0
2016-03-22,108.04,111.86,108.04,110.56,2044282.0
2016-03-23,110.25,110.91,109.61,110.0,898269.0
2016-03-24,109.27,110.6,109.08,110.53,1065802.0
2016-03-28,110.53,111.23,109.58,110.6,1110060.0
2016-03-29,110.12,111.55,109.77,111.46,879617.0
2016-03-30,112.0,113.22,111.92,112.42,982079.0
2016-03-31,112.62,113.4,111.06,111.52,1289121.0
2016-04-01,110.62,112.67,109.83,112.42,1355701.0
2016-04-04,111.97,112.82,111.69,112.08,1279107.0
2016-04-05,111.26,112.03,110.97,111.3,656871.0
2016-04-06,111.24,112.46,110.47,112.36,940188.0
2016-04-07,111.73,112.07,110.45,110.73,1017605.0
2016-04-08,112.12,113.16,111.29,111.63,820085.0
2016-04-11,112.05,112.79,111.45,111.47,698903.0
2016-04-12,111.51,112.94,111.5,112.59,885314.0
2016-04-13,113.0,114.2,112.72,114.13,1509730.0
2016-04-14,114.4,115.98,114.08,115.47,1343794.0
2016-04-15,115.6,115.6,114.43,115.01,1551649.0
2016-04-18,114.53,115.23,114.14,115.18,1063516.0
2016-04-19,115.63,116.1,115.19,116.04,767886.0
2016-04-20,115.8,116.0,114.83,115.57,1081541.0
2016-04-21,115.84,116.66,115.11,115.29,819425.0
2016-04-22,115.55,116.68,115.32,116.24,1052194.0
2016-04-25,115.9,116.33,115.39,115.73,1071545.0
2016-04-26,116.24,116.38,115.6,115.96,849645.0
2016-04-27,116.01,116.9,115.55,116.65,864200.0
2016-04-28,115.36,115.73,114.69,115.3,1796306.0
2016-04-29,114.84,115.37,114.11,114.98,1326732.0
2016-05-02,114.05,115.14,113.86,114.27,2031468.0
2016-05-03,116.86,116.87,112.69,113.59,2659395.0
2016-05-04,112.73,115.68,112.3,115.31,2036882.0
2016-05-05,115.57,115.93,114.22,115.04,1240974.0
2016-05-06,114.95,117.33,114.33,117.05,1426982.0
2016-05-09,116.57,116.67,115.26,115.47,1085915.0
2016-05-10,116.14,117.17,115.93,117.11,862183.0
2016-05-11,117.05,117.49,116.5,116.57,1067295.0
2016-05-12,117.61,117.75,116.6,117.13,944404.0
2016-05-13,117.1,117.3,115.71,116.02,1091379.0
2016-05-16,116.23,118.37,116.23,118.16,984824.0
2016-05-17,117.7,118.17,116.81,117.03,1091439.0
2016-05-18,116.65,117.14,115.47,116.01,1093911.0
2016-05-19,115.86,116.27,114.99,116.16,943486.0
2016-05-20,116.81,117.58,116.39,116.72,1736113.0
2016-05-23,116.76,117.18,116.19,116.85,678851.0
2016-05-24,117.15,118.94,115.02,118.56,990387.0
2016-05-25,118.98,119.5,118.43,118.52,1119921.0
2016-05-26,118.85,119.09,118.04,118.2,846003.0
2016-05-27,118.2,118.59,117.84,118.34,882851.0
2016-05-31,118.62,118.62,116.85,117.24,1486648.0
2016-06-01,117.06,118.61,116.23,118.52,829758.0
2016-06-02,117.95,118.87,117.5,118.87,763351.0
2016-06-03,118.08,118.97,117.71,118.79,1091173.0
2016-06-06,119.0,120.34,118.48,120.13,1131536.0
2016-06-07,120.25,120.97,119.71,120.81,950624.0
2016-06-08,121.0,121.81,120.4,121.55,1109196.0
2016-06-09,121.14,121.48,120.48,120.79,841089.0
2016-06-10,120.23,120.44,118.77,120.25,1618027.0
2016-06-13,119.83,121.27,119.14,119.34,1011814.0
2016-06-14,119.0,119.57,118.72,119.35,1117356.0
2016-06-15,119.67,119.88,118.51,118.6,1089792.0
2016-06-16,118.33,119.5,117.64,119.32,1120054.0
2016-06-17,118.97,118.97,117.79,118.6,1359503.0
2016-06-20,119.46,120.17,119.09,119.14,925088.0
2016-06-21,119.33,119.83,118.93,119.43,608346.0
2016-06-22,119.77,120.0,119.33,119.44,705878.0
2016-06-23,120.79,121.17,120.25,120.94,807312.0
2016-06-24,117.75,118.16,116.12,116.37,1405202.0
2016-06-27,115.17,115.48,113.79,114.47,1566266.0
2016-06-28,115.49,115.9,114.53,115.25,1232501.0
2016-06-29,116.0,116.93,116.0,116.79,1045882.0
2016-06-30,116.84,118.98,116.57,118.6,1706172.0
2016-07-01,118.87,119.59,118.59,118.85,894735.0
2016-07-05,118.45,118.45,117.27,117.59,1063420.0
2016-07-06,117.24,118.17,117.12,117.8,888121.0
2016-07-07,117.95,118.86,117.39,117.59,900062.0
2016-07-08,118.71,119.62,118.4,119.2,1384909.0
2016-07-11,119.49,119.49,118.82,119.1,732041.0
2016-07-12,119.58,121.16,119.58,120.3,977205.0
2016-07-13,120.6,120.72,119.96,120.56,786607.0
2016-07-14,120.94,121.75,120.94,121.27,721181.0
2016-07-15,121.73,121.75,120.77,120.95,779623.0
2016-07-18,120.68,121.1,120.12,120.34,696049.0
2016-07-19,120.12,120.55,119.91,120.14,680935.0
2016-07-20,120.19,120.43,119.71,120.03,840490.0
2016-07-21,119.58,119.96,118.68,119.64,1063701.0
2016-07-22,119.74,120.39,119.41,120.02,573009.0
2016-07-25,120.0,120.21,119.02,119.79,532450.0
2016-07-26,119.69,120.05,119.38,119.75,640267.0
2016-07-27,119.79,119.85,118.38,119.21,797466.0
2016-07-28,119.1,119.77,118.01,119.13,807319.0
2016-07-29,118.81,118.86,117.61,118.38,982683.0
2016-08-01,117.71,119.22,117.24,118.67,1342104.0
2016-08-02,119.19,122.82,119.19,122.81,2023345.0
2016-08-03,122.75,123.41,120.76,121.41,1575054.0
2016-08-04,121.69,122.66,121.53,122.23,1015802.0
2016-08-05,122.5,122.79,121.64,122.72,823381.0
2016-08-08,123.0,123.0,122.03,122.25,571294.0
2016-08-09,122.26,123.44,122.06,122.8,606920.0
2016-08-10,123.11,123.23,122.38,122.86,577126.0
2016-08-11,122.94,123.3,122.68,123.15,481912.0
2016-08-12,122.8,123.05,122.18,122.45,631576.0
2016-08-15,122.91,122.98,121.33,122.68,720925.0
2016-08-16,122.55,122.96,122.02,122.24,790711.0
2016-08-17,122.36,122.58,121.55,122.26,608598.0
2016-08-18,122.13,122.65,122.07,122.39,550223.0
2016-08-19,121.93,122.94,121.56,122.77,803246.0
2016-08-22,122.6,122.6,121.65,122.26,670418.0
2016-08-23,122.8,123.28,122.35,122.67,563673.0
2016-08-24,122.28,122.3,121.43,121.71,636079.0
2016-08-25,121.8,123.27,121.3,122.8,827996.0
2016-08-26,123.35,124.11,122.58,122.93,909915.0
2016-08-29,123.01,124.16,122.53,123.89,658806.0
2016-08-30,124.09,124.23,123.44,123.98,787618.0
2016-08-31,123.86,124.23,122.64,123.05,786257.0
2016-09-01,122.74,123.4,121.72,123.1,864788.0
2016-09-02,123.72,124.24,123.38,124.05,577499.0
2016-09-06,124.75,124.75,123.29,123.7,740739.0
2016-09-07,124.47,124.47,122.26,122.74,698799.0
2016-09-08,122.4,122.66,121.99,122.38,546304.0
2016-09-09,121.49,121.94,118.67,118.68,1270845.0
2016-09-12,118.33,120.44,118.2,120.06,923767.0
2016-09-13,120.3,120.3,117.17,117.55,1061193.0
2016-09-14,117.53,118.15,116.88,117.53,996891.0
2016-09-15,117.3,118.43,117.02,118.08,655759.0
2016-09-16,117.39,117.59,116.66,117.33,1057306.0
2016-09-19,118.43,118.43,117.31,117.62,600452.0
2016-09-20,117.97,118.22,117.16,117.31,1131075.0
2016-09-21,117.75,118.57,117.01,118.49,749604.0
2016-09-22,119.33,119.73,118.84,119.14,597111.0
2016-09-23,118.89,119.45,118.32,119.04,1107279.0
2016-09-26,123.24,123.24,118.38,118.93,806028.0
2016-09-27,118.67,120.0,118.46,119.92,866411.0
2016-09-28,120.45,121.44,119.97,121.3,889290.0
2016-09-29,121.06,121.8,120.41,120.73,777898.0
2016-09-30,120.83,122.07,120.7,121.72,956759.0
2016-10-03,121.55,121.74,120.81,121.11,735153.0
2016-10-04,120.31,121.26,119.69,120.16,932843.0
2016-10-05,120.23,120.97,119.89,120.01,672168.0
2016-10-06,119.74,120.97,119.28,120.54,607116.0
2016-10-07,120.49,120.49,118.64,119.02,538342.0
2016-10-10,119.67,120.0,118.98,119.07,493830.0
2016-10-11,118.48,119.14,116.5,117.16,864305.0
2016-10-12,117.0,117.68,116.68,117.14,705072.0
2016-10-13,116.46,117.39,116.02,117.01,660208.0
2016-10-14,117.63,117.82,116.75,116.76,903698.0
2016-10-17,117.32,117.32,116.2,116.34,656393.0
2016-10-18,117.51,117.55,116.57,116.6,634136.0
2016-10-19,116.98,117.37,116.38,116.82,779145.0
2016-10-20,116.73,116.89,115.91,116.43,588722.0
2016-10-21,116.03,116.03,115.02,115.78,741254.0
2016-10-24,116.15,116.8,116.15,116.71,676940.0
2016-10-25,116.38,116.57,115.85,115.95,621153.0
2016-10-26,115.64,115.87,115.11,115.35,755271.0
2016-10-27,115.35,115.44,114.65,114.96,892293.0
2016-10-28,115.21,116.21,114.58,115.1,860134.0
2016-10-31,115.39,115.6,114.0,114.17,1524146.0
2016-11-01,113.8,114.81,111.39,112.14,1673119.0
2016-11-02,112.16,112.57,111.5,111.99,919866.0
2016-11-03,112.19,112.31,111.1,111.18,943048.0
2016-11-04,111.18,111.78,110.65,110.67,1012380.0
2016-11-07,111.97,113.01,111.76,112.87,840854.0
2016-11-08,112.82,114.01,112.64,113.6,583362.0
2016-11-09,112.14,115.18,111.07,114.76,1346116.0
2016-11-10,115.67,116.99,114.69,116.15,1272914.0
2016-11-11,115.84,116.46,115.33,115.67,1062783.0
2016-11-14,115.79,116.2,113.77,113.98,1329954.0
2016-11-15,113.98,114.28,113.5,114.14,912647.0
2016-11-16,114.13,114.84,114.05,114.78,619769.0
2016-11-17,114.64,114.88,114.12,114.83,759544.0
2016-11-18,114.78,115.27,114.09,114.28,710299.0
2016-11-21,114.84,115.23,114.36,114.92,530327.0
2016-11-22,114.99,116.56,114.89,116.36,990213.0
2016-11-23,116.31,117.44,116.31,116.79,754258.0
2016-11-25,116.75,116.84,116.12,116.64,359271.0
2016-11-28,116.14,117.0,116.05,116.34,1070936.0
2016-11-29,116.04,116.98,115.78,116.41,725806.0
2016-11-30,116.59,117.37,116.16,116.73,1276482.0
2016-12-01,116.91,118.55,116.71,118.49,1925706.0
2016-12-02,118.43,118.74,116.41,116.89,1166080.0
2016-12-05,117.35,119.05,117.0,118.56,1008441.0
2016-12-06,118.22,118.38,116.42,116.89,1136945.0
2016-12-07,116.98,118.82,116.64,118.81,1134250.0
2016-12-08,118.85,119.76,118.42,119.61,922648.0
2016-12-09,119.52,120.51,119.15,120.5,1121976.0
2016-12-12,120.68,121.81,120.49,121.47,834353.0
2016-12-13,122.0,122.25,121.25,122.22,1521436.0
2016-12-14,122.18,122.28,120.83,121.05,876611.0
2016-12-15,120.55,122.09,119.75,122.04,1199864.0
2016-12-16,121.75,122.0,120.2,120.27,2066009.0
2016-12-19,120.58,120.86,120.11,120.57,707724.0
2016-12-20,120.91,121.19,119.99,120.42,848001.0
2016-12-21,120.38,120.56,119.35,119.37,1105185.0
2016-12-22,119.18,119.48,118.35,118.59,942347.0
2016-12-23,118.79,119.13,118.5,118.76,815999.0
2016-12-27,118.76,119.6,118.64,119.21,457906.0
2016-12-28,119.55,119.74,117.96,118.0,574823.0
2016-12-29,117.95,118.34,117.48,117.71,450643.0
2016-12-30,118.05,118.27,116.92,117.22,715304.0
2017-01-03,118.12,118.41,117.29,118.04,1080581.0
2017-01-04,118.25,119.12,118.01,118.79,720000.0
2017-01-05,118.42,118.76,117.7,118.61,731556.0
2017-01-06,118.7,119.57,118.31,118.92,864621.0
2017-01-09,118.87,119.39,118.38,118.84,914265.0
2017-01-10,118.5,119.02,117.78,117.86,785249.0
2017-01-11,117.5,118.48,117.33,118.32,772047.0
2017-01-12,117.77,118.71,117.53,118.64,897689.0
2017-01-13,118.75,119.22,118.36,118.57,596227.0
2017-01-17,118.52,119.04,117.69,118.68,755245.0
2017-01-18,118.81,119.19,117.99,119.07,1032134.0
2017-01-19,118.88,119.49,118.46,118.85,711427.0
2017-01-20,119.15,119.56,117.55,118.4,1355835.0
2017-01-23,118.32,119.42,118.1,119.35,927884.0
2017-01-24,119.85,122.0,119.4,121.65,1255940.0
2017-01-25,121.71,122.54,121.57,122.49,1127542.0
2017-01-26,122.24,122.64,120.57,120.95,910166.0
2017-01-27,120.78,121.51,120.43,121.29,671799.0
2017-01-30,121.22,121.54,120.07,121.49,975843.0
2017-01-31,121.19,121.75,119.77,120.13,1094118.0
2017-02-01,119.74,120.89,119.51,120.78,795627.0
2017-02-02,120.89,121.24,120.16,120.21,756248.0
2017-02-03,120.36,120.94,120.01,120.75,937914.0
2017-02-06,120.4,120.48,119.09,119.7,813093.0
2017-02-07,119.99,120.73,119.42,120.25,708817.0
2017-02-08,120.11,120.51,119.61,120.34,604609.0
2017-02-09,120.18,120.84,120.11,120.61,573626.0
2017-02-10,120.75,121.4,120.46,121.2,642734.0
2017-02-13,121.22,122.32,120.79,121.76,732763.0
2017-02-14,121.84,122.95,121.56,122.84,861663.0
2017-02-15,122.35,123.91,122.05,123.4,1045664.0
2017-02-16,123.27,123.5,122.26,123.28,829738.0
2017-02-17,123.32,124.09,122.55,123.95,1249148.0
2017-02-21,122.03,124.3,121.82,124.03,2200025.0
2017-02-22,121.5,124.27,121.5,123.1,1290652.0
2017-02-23,123.5,123.62,122.52,122.76,1005198.0
2017-02-24,122.3,125.5,122.3,125.5,1757957.0
2017-02-27,125.5,125.98,123.81,123.84,1056814.0
2017-02-28,123.76,124.82,123.55,123.97,1328690.0
2017-03-01,125.0,126.17,124.74,125.87,1052106.0
2017-03-02,125.59,125.83,125.01,125.09,764402.0
2017-03-03,124.93,125.63,124.68,125.25,909341.0
2017-03-06,124.77,125.48,124.74,125.06,729691.0
2017-03-07,125.17,125.45,124.44,124.72,842882.0
2017-03-08,124.64,125.66,124.3,124.5,1081808.0
2017-03-09,124.22,124.55,123.34,123.69,1338874.0
2017-03-10,124.39,124.91,123.88,124.25,1125271.0
2017-03-13,124.0,124.78,123.96,124.77,925641.0
2017-03-14,123.91,124.69,123.48,123.68,931053.0
2017-03-15,124.45,125.67,123.65,125.37,929636.0
2017-03-16,125.37,125.62,124.49,125.19,928330.0
2017-03-17,125.34,125.82,125.02,125.41,1732777.0
2017-03-20,125.11,125.77,124.82,125.13,766344.0
2017-03-21,125.02,125.54,123.96,124.2,913467.0
2017-03-22,124.29,124.86,123.91,124.24,732367.0
2017-03-23,124.14,124.97,123.65,124.18,996715.0
2017-03-24,124.17,124.6,123.51,123.83,1007543.0
2017-03-27,122.83,124.18,122.58,124.11,791442.0
2017-03-28,124.01,125.11,123.65,124.87,1083045.0
2017-03-29,124.59,125.1,124.38,124.78,671066.0
2017-03-30,124.83,125.42,124.76,125.34,575853.0
2017-03-31,124.66,125.98,124.66,125.34,1167677.0
2017-04-03,126.0,127.06,124.98,125.88,1514593.0
2017-04-04,125.85,126.04,124.42,125.06,1140081.0
2017-04-05,125.4,125.83,124.48,124.83,1102370.0
2017-04-06,124.88,125.78,124.78,125.21,795634.0
2017-04-07,124.85,125.59,124.7,125.25,841083.0
2017-04-10,125.29,126.35,125.1,125.87,750585.0
2017-04-11,125.6,126.14,125.1,125.66,617609.0
2017-04-12,125.14,125.82,124.68,124.96,855631.0
2017-04-13,124.75,125.44,124.46,124.47,598036.0
2017-04-17,125.45,125.45,124.73,125.42,472505.0
2017-04-18,124.57,125.39,124.57,125.31,672808.0
2017-04-19,125.68,126.2,125.53,125.71,885804.0
2017-04-20,125.93,126.59,125.64,126.35,675970.0
2017-04-21,126.42,126.75,126.02,126.2,656574.0
2017-04-24,127.26,127.63,126.79,127.3,1243357.0
2017-04-25,127.78,128.55,127.6,128.25,773887.0
2017-04-26,128.24,129.0,127.98,128.8,1106391.0
2017-04-27,128.94,129.44,128.74,129.37,933080.0
2017-04-28,129.21,129.49,128.93,129.09,1384834.0
2017-05-01,128.69,129.85,128.42,129.25,1363896.0
2017-05-02,126.12,128.02,125.05,125.26,2895754.0
2017-05-03,125.5,126.01,125.3,125.57,1213511.0
2017-05-04,125.57,126.26,125.07,126.22,999159.0
2017-05-05,126.18,126.76,126.05,126.47,803252.0
2017-05-08,126.55,127.33,125.78,125.95,802464.0
2017-05-09,125.95,126.35,125.05,125.61,831900.0
2017-05-10,125.51,126.9,125.5,126.66,968242.0
2017-05-11,126.87,126.96,125.97,126.73,849523.0
2017-05-12,126.63,127.39,126.45,126.51,932409.0
2017-05-15,126.51,128.42,126.51,127.27,847478.0
2017-05-16,127.15,128.08,127.15,127.38,843736.0
2017-05-17,126.67,127.17,126.23,126.39,926897.0
2017-05-18,126.54,127.25,126.26,126.74,1079531.0
2017-05-19,126.99,127.32,126.66,127.09,2893207.0
2017-05-22,127.61,128.3,127.32,127.82,1122349.0
2017-05-23,127.68,128.28,127.68,128.05,730029.0
2017-05-24,128.3,129.78,128.07,129.31,872383.0
2017-05-25,129.8,130.52,129.51,130.31,803236.0
2017-05-26,130.76,131.49,130.75,131.3,870525.0
2017-05-30,131.16,131.65,130.64,131.56,1037329.0
2017-05-31,131.85,133.01,131.26,132.84,945976.0
2017-06-01,132.99,133.96,132.84,133.78,982407.0
2017-06-02,133.86,134.4,133.26,134.33,818825.0
2017-06-05,134.36,134.37,133.63,133.66,836452.0
2017-06-06,133.35,133.93,132.42,133.35,745665.0
2017-06-07,133.57,133.96,133.25,133.52,727402.0
2017-06-08,133.4,133.6,132.45,132.73,882785.0
2017-06-09,133.31,133.84,132.84,133.81,1090958.0
2017-06-12,133.51,133.97,132.8,133.18,775650.0
2017-06-13,133.22,134.6,132.76,134.49,774839.0
2017-06-14,134.79,134.89,133.64,133.88,650597.0
2017-06-15,133.73,134.38,132.86,133.85,981410.0
2017-06-16,133.61,134.28,133.5,134.28,1609118.0
2017-06-19,134.43,134.74,133.9,134.61,670372.0
2017-06-20,134.16,134.45,133.88,134.11,605701.0
2017-06-21,134.03,134.54,132.04,132.14,1084264.0
2017-06-22,132.14,132.8,131.63,131.68,780829.0
2017-06-23,131.7,132.36,131.31,131.66,1038830.0
2017-06-26,131.74,132.5,131.52,132.02,948748.0
2017-06-27,132.0,132.46,131.7,131.78,868986.0
2017-06-28,132.62,133.3,132.36,132.9,621073.0
2017-06-29,132.89,132.99,130.88,131.45,826270.0
2017-06-30,132.0,133.23,131.81,132.75,995796.0
2017-07-03,133.19,133.47,132.49,132.94,715554.0
2017-07-05,133.28,133.99,133.12,133.27,970475.0
2017-07-06,133.07,133.47,132.14,132.18,768522.0
2017-07-07,132.18,132.79,131.62,132.62,886687.0
2017-07-10,132.63,132.84,131.68,132.05,767767.0
2017-07-11,132.17,132.65,131.45,131.89,607520.0
2017-07-12,132.66,133.41,132.56,133.04,820323.0
2017-07-13,133.05,133.11,131.85,132.06,577185.0
2017-07-14,132.28,132.94,131.93,132.72,542041.0
2017-07-17,132.95,132.99,131.79,132.17,1017665.0
2017-07-18,132.01,132.71,131.95,132.45,630297.0
2017-07-19,132.68,133.06,132.34,133.05,812239.0
2017-07-20,132.85,133.15,132.11,132.45,812678.0
2017-07-21,132.29,133.42,132.26,133.05,611502.0
2017-07-24,132.76,133.18,131.64,132.04,710747.0
2017-07-25,132.76,133.26,132.54,132.9,584193.0
2017-07-26,132.83,132.83,132.15,132.45,595394.0
2017-07-27,132.48,132.83,131.11,131.82,829646.0
2017-07-28,131.94,132.56,131.39,131.92,847774.0
2017-07-31,132.5,133.06,131.5,131.67,1395428.0
2017-08-01,131.08,131.62,127.18,131.43,1603411.0
2017-08-02,131.39,133.06,131.19,132.9,1047352.0
2017-08-03,132.9,133.0,132.24,132.62,899457.0
2017-08-04,132.69,133.25,132.35,132.9,628210.0
2017-08-07,133.0,133.19,131.92,131.95,893277.0
2017-08-08,131.95,132.07,130.83,131.24,636925.0
2017-08-09,131.36,132.38,131.35,132.36,690619.0
2017-08-10,132.0,132.33,130.19,130.23,770269.0
2017-08-11,129.95,130.88,129.74,129.81,618651.0
2017-08-14,130.43,131.46,130.0,131.46,674826.0
2017-08-15,131.16,131.88,130.97,131.15,824033.0
2017-08-16,131.43,132.73,131.43,132.41,678887.0
2017-08-17,131.51,132.15,130.22,130.23,727430.0
2017-08-18,130.35,130.65,129.73,130.11,720840.0
2017-08-21,130.16,130.74,129.63,130.4,559790.0
2017-08-22,130.63,131.64,130.41,131.48,506214.0
2017-08-23,131.2,131.37,130.64,130.78,470980.0
2017-08-24,130.78,131.27,130.01,130.33,701884.0
2017-08-25,131.09,131.52,130.76,131.04,470403.0
2017-08-28,131.01,131.52,130.51,131.46,745024.0
2017-08-29,130.97,131.02,130.47,130.87,573537.0
2017-08-30,130.87,131.04,130.46,130.98,606062.0
2017-08-31,131.58,133.46,131.35,133.3,1254924.0
2017-09-01,133.57,133.68,131.98,132.85,726143.0
2017-09-05,132.92,133.39,132.2,133.23,857486.0
2017-09-06,132.86,134.28,129.97,130.89,1968210.0
2017-09-07,131.1,131.62,130.52,131.53,999032.0
2017-09-08,131.14,131.37,130.48,131.12,716147.0
2017-09-11,131.49,131.49,129.58,129.83,1716389.0
2017-09-12,129.82,130.38,129.2,129.98,1154712.0
2017-09-13,129.73,129.9,129.24,129.42,747220.0
2017-09-14,129.32,131.03,129.21,131.01,1101699.0
2017-09-15,131.03,131.49,130.54,131.05,1208174.0
2017-09-18,131.05,131.44,130.47,130.53,886569.0
2017-09-19,130.96,131.12,130.38,130.74,652630.0
2017-09-20,130.95,131.38,130.24,130.8,833616.0
2017-09-21,130.86,131.18,130.58,130.94,1095914.0
2017-09-22,131.0,131.44,130.74,131.33,761922.0
2017-09-25,131.34,131.66,130.47,131.49,861777.0
2017-09-26,131.8,131.99,130.17,130.23,562957.0
2017-09-27,130.28,130.28,127.63,128.97,1054163.0
2017-09-28,128.95,129.58,128.75,129.27,585960.0
2017-09-29,129.27,129.65,128.53,128.61,858249.0
2017-10-02,128.58,130.75,128.38,130.65,1174992.0
2017-10-03,130.9,131.43,130.39,130.56,850315.0
2017-10-04,130.72,131.52,130.4,130.76,835550.0
2017-10-05,131.17,131.81,130.43,131.74,772222.0
2017-10-06,131.37,132.02,131.27,131.97,769087.0
2017-10-09,132.01,132.2,131.52,132.06,619692.0
2017-10-10,132.06,132.95,132.06,132.7,776498.0
2017-10-11,132.93,133.08,131.53,132.55,677043.0
2017-10-12,132.43,133.92,132.43,133.91,679915.0
2017-10-13,134.23,134.87,133.85,134.09,888999.0
2017-10-16,134.32,134.81,134.12,134.45,949682.0
2017-10-17,134.14,134.5,132.34,132.58,1266677.0
2017-10-18,132.73,133.3,131.29,131.7,1102342.0
2017-10-19,131.56,131.96,130.95,131.74,626425.0
2017-10-20,132.21,132.8,131.85,132.8,622453.0
2017-10-23,132.6,133.29,132.4,132.6,687281.0
2017-10-24,133.08,133.3,132.2,132.3,710249.0
2017-10-25,132.38,132.84,131.63,132.49,1079009.0
2017-10-26,133.3,133.88,132.42,132.67,806207.0
2017-10-27,132.52,132.89,131.32,131.99,923370.0
2017-10-30,131.65,131.85,130.82,130.92,1103063.0
2017-10-31,131.76,133.74,129.15,130.66,2009284.0
2017-11-01,130.09,131.72,129.16,131.27,1269391.0
2017-11-02,131.35,131.62,130.43,131.24,1144048.0
2017-11-03,131.23,132.41,130.84,131.38,1869828.0
2017-11-06,131.2,132.89,131.16,131.91,710805.0
2017-11-07,131.58,132.1,130.57,130.95,958521.0
2017-11-08,130.95,131.35,130.11,130.39,1012077.0
2017-11-09,130.43,130.67,129.51,130.25,825444.0
2017-11-10,129.82,130.63,129.25,130.3,1298437.0
2017-11-13,130.22,131.8,129.8,131.64,1072645.0
2017-11-14,131.18,131.97,130.24,131.4,1359775.0
2017-11-15,131.2,131.35,130.12,130.23,1104543.0
2017-11-16,130.52,132.53,130.36,131.99,1423070.0
2017-11-17,131.58,131.95,130.84,131.45,1425153.0
2017-11-20,131.28,132.7,131.07,132.13,1222687.0
2017-11-21,132.62,133.25,132.15,132.45,1247288.0
2017-11-22,132.86,133.61,132.23,132.99,1331221.0
2017-11-24,133.29,133.55,132.66,132.86,281941.0
2017-11-27,133.68,133.68,132.59,132.81,881045.0
2017-11-28,133.72,134.25,133.47,134.25,1827906.0
2017-11-29,134.27,135.07,133.64,135.0,897673.0
2017-11-30,135.23,136.78,135.15,135.92,1453220.0
2017-12-01,136.45,136.62,133.96,134.89,1019216.0
2017-12-04,135.48,137.79,135.07,137.26,1509864.0
2017-12-05,137.26,137.96,137.1,137.42,1154549.0
2017-12-06,137.29,137.56,136.62,136.88,1018120.0
2017-12-07,136.52,137.03,135.54,135.92,938129.0
2017-12-08,136.33,136.58,135.08,135.33,862460.0
2017-12-11,135.8,136.0,134.46,134.67,1488752.0
2017-12-12,134.7,134.9,133.76,134.85,1143785.0
2017-12-13,135.01,135.74,134.55,135.0,801046.0
2017-12-14,135.0,135.47,134.35,134.37,977919.0
2017-12-15,134.91,135.49,134.29,135.19,1462865.0
2017-12-18,135.19,136.3,135.18,135.84,1475748.0
2017-12-19,136.12,136.26,134.84,135.09,868490.0
2017-12-20,135.41,135.79,134.02,134.08,1326780.0
2017-12-21,134.6,134.88,133.41,133.51,1570056.0
2017-12-22,133.75,134.19,133.22,133.97,656364.0
2017-12-26,133.99,134.25,133.52,133.7,324392.0
2017-12-27,133.99,134.56,133.56,134.1,710292.0
2017-12-28,134.52,134.62,133.81,134.53,862089.0
2017-12-29,135.03,135.51,134.18,134.18,613949.0
2018-01-02,134.2,134.8,133.41,134.5,941211.0
2018-01-03,134.73,135.49,134.0,135.37,764495.0
2018-01-04,135.72,136.82,135.55,136.47,723185.0
2018-01-05,135.9,137.27,135.2,137.18,1048851.0
2018-01-08,136.64,137.0,136.04,136.7,1099899.0
2018-01-09,136.62,137.41,136.37,136.66,887473.0
2018-01-10,136.52,136.52,134.63,135.12,881043.0
2018-01-11,135.28,137.06,135.11,137.03,1563354.0
2018-01-12,137.45,138.12,137.03,137.68,1266995.0
2018-01-16,138.41,138.68,136.61,137.02,1133719.0
2018-01-17,137.76,137.83,136.25,137.43,1131868.0
2018-01-18,137.28,139.07,137.15,138.35,911514.0
2018-01-19,139.22,139.97,138.37,139.75,1068346.0
2018-01-22,139.43,140.43,139.32,140.34,1543081.0
2018-01-23,140.5,140.5,136.41,137.76,2388005.0
2018-01-24,137.76,138.24,136.6,137.31,2012450.0
2018-01-25,137.98,138.78,137.26,138.32,1319787.0
2018-01-26,138.68,138.97,137.67,138.15,1189163.0
2018-01-29,137.54,138.31,136.97,137.5,1109751.0
2018-01-30,137.08,138.25,137.08,137.58,1018979.0
2018-01-31,137.89,138.58,137.18,137.68,1738696.0
2018-02-01,137.3,138.73,137.0,138.49,1556349.0
2018-02-02,137.73,139.3,136.91,137.06,1641098.0
2018-02-05,136.79,138.1,132.05,132.05,1862579.0
2018-02-06,130.4,132.77,128.63,131.74,2828200.0
2018-02-07,131.08,135.43,130.94,133.12,2052260.0
2018-02-08,133.23,133.64,127.66,127.76,2457232.0
2018-02-09,128.88,129.8,125.74,128.52,2224226.0
2018-02-12,129.24,131.03,129.01,130.16,1551406.0
2018-02-13,129.09,129.96,127.19,129.34,1385585.0
2018-02-14,128.48,130.41,128.1,129.8,1339767.0
2018-02-15,130.68,131.77,130.33,131.77,1447177.0
2018-02-16,131.22,132.91,130.95,131.49,1301812.0
2018-02-20,131.5,133.44,130.14,131.72,1390438.0
2018-02-21,132.08,132.53,129.83,129.9,1597193.0
2018-02-22,130.52,131.37,129.14,129.45,1332603.0
2018-02-23,130.19,130.96,129.32,130.84,1529504.0
2018-02-26,131.23,132.21,130.85,131.99,1100628.0
2018-02-27,132.13,132.42,131.06,131.09,908884.0
2018-02-28,131.45,132.05,130.44,130.45,1314364.0
2018-03-01,129.9,131.05,128.08,128.71,1309326.0
2018-03-02,128.22,129.06,127.23,127.86,1204626.0
2018-03-05,127.3,130.4,127.3,129.95,1186629.0
2018-03-06,130.29,131.64,129.36,131.01,933913.0
2018-03-07,130.15,133.19,129.9,132.8,1999950.0
2018-03-08,133.19,134.41,132.8,134.34,1887851.0
2018-03-09,133.94,134.95,133.75,134.91,2136638.0
2018-03-12,135.0,137.22,134.73,136.78,1450233.0
2018-03-13,137.06,137.51,136.0,136.83,1403572.0
2018-03-14,137.37,137.73,136.05,136.31,1536711.0
2018-03-15,136.39,136.92,135.92,136.7,1259918.0
2018-03-16,136.84,138.44,136.7,138.08,1852428.0
2018-03-19,137.39,138.09,136.05,136.48,1333659.0
2018-03-20,136.48,137.01,135.38,136.63,1160683.0
2018-03-21,136.62,137.82,136.13,136.42,931185.0
2018-03-22,135.5,136.3,133.93,134.12,1093630.0
2018-03-23,134.55,135.14,132.25,132.25,1289914.0
2018-03-26,133.61,134.85,132.62,134.74,1790383.0
2018-03-27,134.92,137.02,134.19,134.98,1397361.0
2018-03-28,135.54,136.71,134.96,135.31,1224448.0
2018-03-29,135.93,137.93,134.94,137.07,1319154.0
2018-04-02,136.71,137.0,132.79,133.97,1112024.0
2018-04-03,134.66,137.42,133.98,136.9,1611019.0
2018-04-04,135.28,139.02,134.89,138.87,1525604.0
2018-04-05,139.58,141.87,139.12,141.25,1666084.0
2018-04-06,140.52,141.99,139.0,139.78,1791781.0
2018-04-09,140.63,141.91,139.92,140.25,1470637.0
2018-04-10,141.45,142.64,140.58,141.64,1323276.0
2018-04-11,140.67,141.14,139.85,140.65,1047065.0
2018-04-12,141.27,142.07,140.7,141.38,921725.0
2018-04-13,142.1,142.12,140.82,141.18,847875.0
2018-04-16,142.31,147.05,141.29,146.96,3491096.0
2018-04-17,147.78,148.51,145.9,148.07,1550869.0
2018-04-18,148.41,150.46,147.86,149.84,1416133.0
2018-04-19,149.98,149.98,148.49,148.98,1129009.0
2018-04-20,148.78,149.17,147.61,148.55,1160731.0
2018-04-23,148.22,149.62,148.22,149.15,1334310.0
2018-04-24,149.4,149.64,144.89,146.25,1538401.0
2018-04-25,146.03,146.03,143.74,145.17,1845784.0
2018-04-26,145.78,146.82,144.82,146.18,1021377.0
2018-04-27,145.93,147.09,144.65,146.71,1196853.0
2018-04-30,147.38,147.99,144.42,144.77,2107748.0
2018-05-01,136.01,147.48,136.0,147.13,1998444.0
2018-05-02,147.1,147.1,143.73,144.24,1641513.0
2018-05-03,143.87,145.11,142.92,144.18,1432074.0
2018-05-04,143.74,146.45,143.2,145.39,949904.0
2018-05-07,145.93,146.62,145.36,145.79,999715.0
2018-05-08,145.67,146.46,145.06,145.49,1125965.0
2018-05-09,145.93,147.31,145.23,146.98,1397185.0
2018-05-10,147.47,148.0,146.9,147.66,779610.0
2018-05-11,147.66,147.86,146.85,147.15,730942.0
2018-05-14,147.44,147.75,145.92,146.29,1364532.0
2018-05-15,146.05,146.3,145.54,146.21,1208887.0
2018-05-16,146.7,148.41,146.32,147.71,1101347.0
2018-05-17,147.43,148.23,146.84,147.07,940648.0
2018-05-18,146.89,148.18,146.89,147.83,1020732.0
2018-05-21,148.28,148.64,147.57,148.0,711324.0
2018-05-22,148.3,148.44,146.38,146.51,911448.0
2018-05-23,145.5,146.24,144.99,145.63,1016155.0
2018-05-24,145.52,146.25,145.27,145.47,913040.0
2018-05-25,145.03,145.63,144.21,144.71,932211.0
2018-05-29,143.68,144.17,141.59,141.75,1613386.0
2018-05-30,142.48,144.64,142.44,144.03,1057328.0
2018-05-31,144.0,144.32,142.27,142.61,1042689.0
2018-06-01,143.56,144.01,143.29,143.6,766650.0
2018-06-04,144.28,144.65,143.96,144.26,573888.0
2018-06-05,144.01,144.86,144.01,144.61,1115233.0
2018-06-06,144.98,146.68,143.96,146.58,1509836.0
2018-06-07,146.53,146.98,145.19,145.87,833990.0
2018-06-08,145.87,146.74,145.42,146.19,743639.0
2018-06-11,145.85,146.46,145.25,145.3,1015857.0
2018-06-12,145.87,146.41,144.78,145.05,867967.0
2018-06-13,145.0,145.9,144.27,144.71,657189.0
2018-06-14,145.31,145.68,144.42,145.4,785539.0
2018-06-15,145.05,146.6,144.02,146.57,2301749.0
2018-06-18,145.23,145.82,144.27,144.93,746364.0
2018-06-19,143.77,145.17,143.14,144.59,1416905.0
2018-06-20,144.6,145.15,143.47,143.65,716876.0
2018-06-21,143.31,143.83,141.0,141.56,1134061.0
2018-06-22,139.67,140.72,137.6,138.87,3188207.0
2018-06-25,139.0,139.84,137.62,138.42,1128522.0
2018-06-26,139.09,140.05,138.33,138.42,1178104.0
2018-06-27,139.12,140.35,138.32,138.33,1825322.0
2018-06-28,138.54,140.36,138.54,140.08,1057211.0
2018-06-29,140.43,141.67,140.28,140.33,1405166.0
2018-07-02,139.75,140.33,138.65,140.24,950279.0
2018-07-03,141.02,141.73,139.76,139.97,441735.0
2018-07-05,140.45,141.21,140.26,140.74,778393.0
2018-07-06,140.92,142.22,140.42,141.76,664873.0
2018-07-09,142.02,142.53,141.69,142.05,621772.0
2018-07-10,142.27,143.01,142.05,142.91,519253.0
2018-07-11,142.26,143.4,141.6,141.94,523185.0
2018-07-12,142.67,142.87,142.13,142.66,543369.0
2018-07-13,142.85,143.4,142.61,143.16,670932.0
2018-07-16,143.26,143.41,142.31,142.62,689991.0
2018-07-17,142.41,144.08,142.21,143.72,664010.0
2018-07-18,144.0,144.56,143.52,144.0,770199.0
2018-07-19,142.97,143.61,141.83,141.9,1148959.0
2018-07-20,141.29,141.62,140.58,140.91,1028050.0
2018-07-23,140.94,141.08,139.7,140.34,877772.0
2018-07-24,141.12,141.61,140.24,140.61,899929.0
2018-07-25,140.66,141.7,139.8,141.6,1238480.0
2018-07-26,142.13,143.12,141.99,142.7,919096.0
2018-07-27,142.72,143.05,140.33,140.95,1006405.0
2018-07-30,140.87,142.54,140.53,140.74,1390010.0
2018-07-31,140.46,142.85,139.51,140.7,2095854.0
2018-08-01,141.25,145.28,141.25,144.7,2381039.0
2018-08-02,144.31,147.16,143.77,146.34,2126957.0
2018-08-03,146.8,147.2,146.31,147.12,1077283.0
2018-08-06,146.55,148.79,146.5,148.17,1155731.0
2018-08-07,148.99,149.31,147.67,148.96,1090165.0
2018-08-08,148.9,149.21,147.73,148.42,963475.0
2018-08-09,148.86,148.96,147.68,147.84,891513.0
2018-08-10,147.44,147.66,146.71,146.86,838348.0
2018-08-13,146.9,148.05,145.69,145.97,983517.0
2018-08-14,146.1,147.57,145.93,147.04,777460.0
2018-08-15,146.61,146.9,145.0,146.07,798907.0
2018-08-16,146.53,147.26,146.15,146.69,649757.0
2018-08-17,146.86,147.44,146.4,147.31,830167.0
2018-08-20,147.87,148.57,147.64,148.29,607267.0
2018-08-21,148.68,148.8,147.65,148.07,545683.0
2018-08-22,148.02,148.06,147.15,147.19,476289.0
2018-08-23,147.0,147.32,146.45,147.16,564488.0
2018-08-24,147.49,149.32,147.21,148.93,757785.0
2018-08-27,149.1,149.98,149.1,149.82,694873.0
2018-08-28,150.0,150.95,149.26,149.5,696573.0
2018-08-29,149.76,151.01,149.27,150.87,617409.0
2018-08-30,150.72,151.02,149.65,150.12,674820.0
2018-08-31,149.84,151.06,149.57,150.48,942137.0
2018-09-04,150.61,151.34,150.2,150.64,1018592.0
2018-09-05,150.48,152.52,150.32,152.47,1015332.0
2018-09-06,152.33,153.62,152.33,153.2,870038.0
2018-09-07,152.71,153.59,151.87,153.35,873872.0
2018-09-10,153.8,154.25,153.34,153.84,839732.0
2018-09-11,153.64,155.06,153.19,154.9,754787.0
2018-09-12,154.98,156.3,154.66,155.72,763367.0
2018-09-13,156.0,156.71,155.2,156.54,906173.0
2018-09-14,156.66,157.23,156.04,157.12,726801.0
2018-09-17,156.81,157.2,155.91,156.24,657683.0
2018-09-18,156.47,157.11,155.33,156.65,684523.0
2018-09-19,156.9,158.07,156.61,157.83,789686.0
2018-09-20,158.17,159.4,158.09,159.2,983494.0
2018-09-21,159.92,159.92,158.77,159.4,2139706.0
2018-09-24,159.0,159.15,157.26,157.98,866244.0
2018-09-25,158.4,158.62,156.87,157.32,754610.0
2018-09-26,157.23,157.77,155.58,156.85,848363.0
2018-09-27,156.82,157.94,156.48,156.83,539645.0
2018-09-28,156.5,157.61,155.68,156.78,1153658.0
2018-10-01,157.59,158.04,156.49,157.4,530716.0
2018-10-02,157.66,157.73,156.52,157.22,732307.0
2018-10-03,157.65,158.12,155.91,156.11,891617.0
2018-10-04,155.62,156.34,154.87,156.11,885576.0
2018-10-05,156.27,157.79,156.0,157.59,935362.0
2018-10-08,157.59,158.1,157.05,157.37,1128186.0
2018-10-09,156.53,157.93,154.54,154.96,966732.0
2018-10-10,155.04,155.99,150.69,150.81,1657858.0
2018-10-11,150.28,150.71,145.85,145.95,2256538.0
2018-10-12,147.49,148.36,144.28,145.98,1491852.0
2018-10-15,145.81,147.99,145.69,146.35,938576.0
2018-10-16,148.18,148.53,145.68,148.47,1159786.0
2018-10-17,149.31,149.31,147.38,148.52,1271537.0
2018-10-18,148.0,149.69,146.88,147.5,951882.0
2018-10-19,148.08,149.15,147.9,148.55,913370.0
2018-10-22,148.9,149.23,146.26,147.0,931764.0
2018-10-23,146.22,148.75,145.0,147.99,1559117.0
2018-10-24,148.9,149.98,147.41,147.66,1583988.0
2018-10-25,148.56,151.37,148.34,150.1,1836101.0
2018-10-26,148.14,149.34,146.42,147.34,1936384.0
2018-10-29,149.28,150.63,144.54,146.56,2317688.0
2018-10-30,137.7,149.86,137.7,149.0,2967235.0
2018-10-31,150.42,153.93,149.92,153.15,2396310.0
2018-11-01,152.93,153.58,151.61,152.73,1564519.0
2018-11-02,154.05,155.96,152.22,154.59,1269368.0
2018-11-05,154.95,156.57,154.62,155.97,829786.0
2018-11-06,156.15,157.18,154.57,156.87,1144868.0
2018-11-07,157.7,160.55,157.47,160.38,1259243.0
2018-11-08,160.01,160.61,158.74,159.48,1000296.0
2018-11-09,158.97,159.76,157.63,159.33,736204.0
2018-11-12,159.5,160.48,157.54,158.0,1060086.0
2018-11-13,157.97,159.06,156.54,157.52,723860.0
2018-11-14,158.26,159.1,155.91,156.92,816169.0
2018-11-15,156.29,158.69,155.57,158.31,856506.0
2018-11-16,157.18,159.66,156.49,159.36,986601.0
2018-11-19,159.31,160.66,157.55,160.3,1225507.0
2018-11-20,159.03,159.58,155.02,156.06,1791570.0
2018-11-21,154.98,155.95,154.0,155.02,1143598.0
2018-11-23,154.03,155.25,153.14,153.24,704452.0
2018-11-26,154.6,155.76,152.91,154.75,1251837.0
2018-11-27,153.98,155.23,153.37,153.95,1159295.0
2018-11-28,154.35,156.37,153.98,156.25,1301154.0
2018-11-29,156.45,159.32,156.45,158.39,1025677.0
2018-11-30,158.31,160.92,158.31,160.49,2510572.0
2018-12-03,162.0,162.91,157.39,159.52,1406377.0
2018-12-04,159.05,160.5,156.53,156.74,1263823.0
2018-12-06,155.57,157.64,153.14,157.55,1408130.0
2018-12-07,157.47,157.94,153.0,154.07,877509.0
2018-12-10,153.68,155.13,151.85,154.6,871095.0
2018-12-11,156.43,157.18,155.0,155.27,1016217.0
2018-12-12,157.36,157.83,154.76,154.9,1189601.0
2018-12-13,155.22,156.57,153.8,155.04,1017236.0
2018-12-14,154.01,154.9,153.3,154.47,1052717.0
2018-12-17,153.35,153.8,148.64,149.64,1306189.0
2018-12-18,150.4,151.24,147.87,148.99,1198852.0
2018-12-19,149.48,151.5,146.45,147.42,1144685.0
2018-12-20,147.33,147.96,143.54,145.71,1394747.0
2018-12-21,145.42,149.0,143.41,143.96,2722373.0
2018-12-24,143.38,143.38,137.9,137.9,850561.0
2018-12-26,138.21,142.83,135.77,142.83,1492164.0
2018-12-27,141.26,144.9,140.05,144.9,1039140.0
2018-12-28,146.27,146.29,143.78,144.37,841759.0
2018-12-31,144.87,147.58,144.48,147.35,1199425.0
2019-01-02,145.5,146.31,143.54,144.92,1429895.0
2019-01-03,144.66,145.35,141.3,141.54,1238649.0
2019-01-04,143.74,147.77,142.59,146.67,1238598.0
2019-01-07,146.58,148.92,146.2,147.1,871368.0
2019-01-08,148.09,149.07,147.16,148.89,1092382.0
2019-01-09,149.53,150.21,147.9,148.71,902660.0
2019-01-10,147.58,149.74,147.58,149.63,957154.0
2019-01-11,148.72,149.66,148.37,149.57,703875.0
2019-01-14,148.81,150.42,148.32,148.76,1241355.0
2019-01-15,148.0,150.09,148.0,150.03,588522.0
2019-01-16,150.48,151.13,149.63,150.26,623211.0
2019-01-17,150.58,152.8,150.24,152.52,1064324.0
2019-01-18,153.66,155.19,152.73,154.5,1202010.0
2019-01-22,154.13,154.58,151.7,152.92,956002.0
2019-01-23,153.34,153.73,151.24,152.97,686253.0
2019-01-24,152.53,153.14,151.18,151.92,793529.0
2019-01-25,153.35,155.08,152.91,153.89,722031.0
2019-01-28,153.15,154.99,153.11,154.98,708570.0
2019-01-29,155.07,155.93,154.64,155.01,887659.0
2019-01-30,155.6,157.29,155.07,156.88,729664.0
2019-01-31,156.26,158.87,155.59,158.17,2186597.0
2019-02-01,158.71,159.51,157.99,158.96,1222006.0
2019-02-04,158.95,159.52,157.11,159.18,851989.0
2019-02-05,161.11,162.38,158.33,158.66,2036434.0
2019-02-06,158.22,159.6,158.18,159.17,1142558.0
2019-02-07,158.29,159.07,157.2,158.61,698653.0
2019-02-08,158.07,159.19,157.19,159.17,747205.0
2019-02-11,159.39,160.49,159.02,160.1,827877.0
2019-02-12,160.98,162.62,160.11,162.38,915233.0
2019-02-13,162.93,163.78,162.29,162.65,965699.0
2019-02-14,161.63,162.47,160.83,161.61,805691.0
2019-02-15,163.35,164.19,162.21,163.48,1209375.0
2019-02-19,165.0,168.32,163.5,167.31,2009831.0
2019-02-20,165.66,166.66,164.56,165.29,1774890.0
2019-02-21,165.22,167.22,165.22,167.09,1083810.0
2019-02-22,167.41,167.41,165.94,167.01,858446.0
2019-02-25,167.71,168.49,166.72,168.22,971279.0
2019-02-26,168.0,169.43,167.79,168.22,823383.0
2019-02-27,167.89,168.92,167.21,168.49,725938.0
2019-02-28,168.56,169.28,168.07,168.91,1500031.0
2019-03-01,169.75,170.66,168.93,170.16,1717433.0
2019-03-04,171.05,171.71,168.01,169.58,1338447.0
2019-03-05,169.47,171.11,169.47,170.52,786995.0
2019-03-06,170.87,171.98,170.0,170.33,1070354.0
2019-03-07,170.0,170.8,168.85,169.6,861829.0
2019-03-08,168.91,169.73,168.05,169.57,782012.0
2019-03-11,170.28,170.96,169.09,170.21,1509904.0
2019-03-12,170.5,171.46,169.86,170.99,942378.0
2019-03-13,171.58,173.62,171.23,173.12,971508.0
2019-03-14,172.82,174.0,172.82,173.6,1059198.0
2019-03-15,173.01,174.98,173.01,174.47,1545100.0
2019-03-18,182.29,182.29,173.7,175.15,1272184.0
2019-03-19,175.04,175.95,174.58,175.05,1079561.0
2019-03-20,175.15,175.67,173.75,174.47,739446.0
2019-03-21,174.56,175.98,174.3,175.82,864637.0
2019-03-22,174.67,175.46,172.87,173.38,831047.0
2019-03-25,173.35,174.58,172.54,174.09,811208.0
2019-03-26,174.94,176.13,173.78,175.35,959253.0
2019-03-27,175.57,176.69,174.08,175.24,828785.0
2019-03-28,175.88,176.86,175.42,175.95,793157.0
2019-03-29,176.57,176.76,175.29,176.54,1031352.0
2019-04-01,177.48,178.75,177.17,178.67,1009927.0
2019-04-02,178.75,178.75,177.24,178.14,634944.0
2019-04-03,178.75,182.55,178.28,181.45,2009371.0
2019-04-04,181.13,182.59,180.21,182.56,1377056.0
2019-04-05,182.56,183.41,180.88,181.71,889941.0
2019-04-08,181.3,181.78,180.17,181.24,685184.0
2019-04-09,181.28,181.54,179.74,181.5,860618.0
2019-04-10,181.61,182.6,179.93,182.58,688688.0
2019-04-11,182.35,183.17,181.82,182.98,610934.0
2019-04-12,183.78,185.31,182.82,185.09,769266.0
2019-04-15,184.9,185.03,183.06,183.77,1125778.0
2019-04-16,184.28,185.76,183.83,185.36,1170609.0
2019-04-17,185.92,186.27,182.85,182.96,775283.0
2019-04-18,182.01,183.52,180.06,183.2,1026877.0
2019-04-22,182.92,183.84,182.38,182.87,578891.0
2019-04-23,183.0,186.34,182.18,184.39,1023873.0
2019-04-24,184.39,184.95,183.72,184.54,881804.0
2019-04-25,183.9,184.16,182.23,183.39,625673.0
2019-04-26,184.06,184.9,182.87,184.89,793596.0
2019-04-29,185.19,185.41,183.72,184.41,958267.0
2019-04-30,181.05,185.2,179.13,184.08,1942019.0
2019-05-01,183.47,184.77,182.26,182.38,977464.0
2019-05-02,182.51,184.32,181.64,184.32,929974.0
2019-05-03,185.0,185.39,183.88,185.0,777639.0
2019-05-06,182.93,184.19,182.93,183.64,1088005.0
2019-05-07,182.17,182.93,178.55,179.61,1305387.0
2019-05-08,179.6,181.88,178.81,181.31,1266782.0
2019-05-09,179.81,181.24,177.77,180.75,819545.0
2019-05-10,180.35,181.3,178.32,181.07,1184170.0
2019-05-13,178.81,179.74,177.48,178.23,782316.0
2019-05-14,178.87,180.42,177.96,179.25,1059175.0
2019-05-15,178.35,181.01,177.76,179.86,605619.0
2019-05-16,181.21,182.97,180.94,182.18,1070420.0
2019-05-17,180.73,182.98,180.69,181.53,856373.0
2019-05-20,180.76,181.98,179.77,180.97,689438.0
2019-05-21,182.43,183.82,181.75,183.15,892842.0
2019-05-22,183.23,185.23,182.74,183.74,900933.0
2019-05-23,182.93,184.41,181.6,182.48,1139624.0
2019-05-24,183.66,184.22,181.98,182.48,673156.0
2019-05-28,182.3,184.05,181.66,182.0,1154352.0
2019-05-29,181.44,183.18,180.8,182.59,793147.0
2019-05-30,182.22,183.74,182.22,183.38,570612.0
2019-05-31,181.57,184.53,181.57,184.09,819927.0
2019-06-03,184.15,185.76,183.41,185.64,2045705.0
2019-06-04,187.41,190.4,185.69,190.4,1723817.0
2019-06-05,190.26,193.12,188.72,193.12,1628774.0
2019-06-06,194.05,197.16,192.68,196.77,1625452.0
2019-06-07,197.14,200.15,197.0,198.75,1243019.0
2019-06-10,200.19,200.44,198.2,199.69,880055.0
2019-06-11,200.56,200.92,197.11,197.64,1412258.0
2019-06-12,198.26,199.68,197.37,199.12,747364.0
2019-06-13,199.66,200.77,198.02,198.76,733507.0
2019-06-14,198.71,199.31,197.7,198.87,749687.0
2019-06-17,197.93,197.93,189.46,190.44,2251301.0
2019-06-18,190.13,192.28,187.91,188.98,1986131.0
2019-06-19,188.98,189.33,186.44,188.57,1653123.0
2019-06-20,190.31,192.66,189.62,192.36,1493971.0
2019-06-21,192.26,192.45,189.32,189.59,1888923.0
2019-06-24,190.26,192.39,189.6,191.64,929121.0
2019-06-25,191.99,192.51,190.34,191.63,909912.0
2019-06-26,192.07,192.22,188.12,188.25,1192199.0
2019-06-27,189.53,192.73,189.14,192.2,1467266.0
2019-06-28,192.74,197.44,192.18,197.44,5929322.0
2019-07-01,198.0,198.34,193.08,195.76,1372381.0
2019-07-02,195.96,198.04,195.31,197.97,908026.0
2019-07-03,198.29,199.8,197.65,199.78,586521.0
2019-07-05,197.78,197.78,194.2,197.07,850212.0
2019-07-08,196.46,198.91,195.82,197.55,871746.0
2019-07-09,196.74,197.25,195.12,195.86,737047.0
2019-07-10,197.44,199.22,196.62,198.13,1676724.0
2019-07-11,198.12,199.6,196.78,199.56,1103368.0
2019-07-12,200.2,200.39,197.96,199.8,813151.0
2019-07-15,199.99,200.0,198.24,198.93,656506.0
2019-07-16,199.03,199.62,197.46,197.93,847782.0
2019-07-17,198.0,198.34,195.8,195.95,887368.0
2019-07-18,196.46,197.72,195.26,197.69,688202.0
2019-07-19,198.24,198.78,197.13,197.28,627631.0
2019-07-22,197.98,198.06,196.65,197.24,494138.0
2019-07-23,198.21,199.99,197.87,199.96,594792.0
2019-07-24,199.58,199.58,197.48,197.95,765121.0
2019-07-25,198.27,199.08,195.89,198.33,738296.0
2019-07-26,198.3,199.82,196.48,199.62,623060.0
2019-07-29,200.0,201.2,199.66,200.62,1606287.0
2019-07-30,199.37,209.24,198.43,205.68,2193446.0
2019-07-31,206.01,207.85,199.1,201.73,1590509.0
2019-08-01,202.41,204.72,199.45,200.93,1150096.0
2019-08-02,200.66,201.22,198.27,199.99,1178772.0
2019-08-05,197.67,198.49,192.18,194.35,1325210.0
2019-08-06,195.81,197.03,192.53,196.73,1364294.0
2019-08-07,196.02,201.07,195.0,200.19,1196276.0
2019-08-08,202.64,205.17,201.23,205.04,806530.0
2019-08-09,204.67,206.92,203.4,205.97,704235.0
2019-08-12,205.72,206.85,204.34,204.87,596252.0
2019-08-13,205.22,208.3,203.76,207.46,834458.0
2019-08-14,205.0,206.23,201.22,201.64,1091609.0
2019-08-15,202.94,204.12,201.82,203.67,945903.0
2019-08-16,204.24,207.63,203.87,206.81,1177079.0
2019-08-19,209.22,209.87,206.01,208.57,963733.0
2019-08-20,208.3,208.57,206.26,206.6,734073.0
2019-08-21,207.76,208.26,206.43,207.1,677452.0
2019-08-22,208.11,209.09,204.86,206.88,794406.0
2019-08-23,206.65,207.84,200.67,201.82,1167111.0
2019-08-26,203.16,203.77,202.23,202.9,1109455.0
2019-08-27,204.76,206.93,203.96,204.72,1763046.0
2019-08-28,203.56,205.2,202.79,204.78,1157762.0
2019-08-29,206.0,207.96,205.81,207.0,1084523.0
2019-08-30,208.0,208.38,205.7,206.31,1079818.0
2019-09-03,204.97,205.82,203.1,204.49,1110298.0
2019-09-04,206.86,207.23,205.54,206.83,856144.0
2019-09-05,208.17,208.75,205.24,205.33,900883.0
2019-09-06,206.46,207.7,205.05,206.69,988904.0
2019-09-09,208.0,208.0,198.94,200.78,1381481.0
2019-09-10,199.92,200.22,195.86,197.26,1978504.0
2019-09-11,197.3,198.4,195.37,197.19,1335011.0
2019-09-12,199.42,202.0,196.94,197.77,1036431.0
2019-09-13,198.43,199.08,196.67,198.89,948818.0
2019-09-16,197.28,197.95,191.56,192.11,1396653.0
2019-09-17,192.91,196.53,192.33,194.82,1098623.0
2019-09-18,195.5,196.37,194.25,196.06,820992.0
2019-09-19,195.16,197.33,195.16,196.5,765291.0
2019-09-20,196.79,197.72,195.6,196.06,1592809.0
2019-09-23,195.25,196.65,195.22,195.83,541485.0
2019-09-24,197.31,198.85,194.66,194.86,1076328.0
2019-09-25,195.62,197.38,194.42,197.3,753921.0
2019-09-26,197.02,199.36,196.1,198.43,975236.0
2019-09-27,199.78,200.0,196.42,197.79,984991.0
2019-09-30,197.99,199.1,197.55,198.04,787538.0
2019-10-01,198.97,199.43,195.39,195.86,966837.0
2019-10-02,193.42,195.7,190.62,191.83,950745.0
2019-10-03,191.65,192.94,189.01,192.83,797097.0
2019-10-04,193.23,196.38,193.15,194.62,799613.0
2019-10-07,193.54,194.46,191.06,191.11,1331255.0
2019-10-08,190.87,191.39,189.29,189.65,1104113.0
2019-10-09,191.49,192.59,190.58,191.31,834564.0
2019-10-10,190.93,193.39,190.48,193.19,706568.0
2019-10-11,195.08,197.44,194.5,194.74,794530.0
2019-10-14,194.39,195.7,193.94,194.01,691366.0
2019-10-15,195.37,195.74,194.38,194.65,646098.0
2019-10-16,194.56,195.9,193.29,195.23,824497.0
2019-10-17,196.11,196.44,193.07,194.04,741374.0
2019-10-18,194.2,194.86,192.31,193.82,673277.0
2019-10-21,194.06,194.5,190.79,191.61,1131343.0
2019-10-22,191.61,191.85,188.34,188.4,1158484.0
2019-10-23,189.24,190.51,187.54,188.35,1599626.0
2019-10-24,188.92,192.26,188.52,190.83,1553221.0
2019-10-25,190.75,192.04,189.8,191.94,573199.0
2019-10-28,192.8,193.35,190.59,191.59,923764.0
2019-10-29,186.89,194.95,185.06,194.52,2174262.0
2019-10-30,193.93,195.23,192.34,193.71,1341603.0
2019-10-31,193.19,195.16,190.96,192.07,796924.0
2019-11-01,193.4,193.73,190.4,190.98,927170.0
2019-11-04,191.96,192.7,189.48,189.84,893967.0
2019-11-05,189.0,193.21,188.95,192.97,1325172.0
2019-11-06,193.49,193.89,192.25,192.96,739392.0
2019-11-07,193.05,193.25,189.63,190.8,775776.0
2019-11-08,191.24,192.63,189.73,190.39,587816.0
2019-11-11,189.24,190.7,188.48,188.84,502704.0
2019-11-12,189.33,190.55,187.59,188.32,684999.0
2019-11-13,187.82,190.79,187.02,190.4,766438.0
2019-11-14,190.33,191.99,190.05,191.76,584949.0
2019-11-15,192.95,193.23,190.99,191.74,750522.0
2019-11-18,191.89,192.31,190.36,191.26,757315.0
2019-11-19,191.5,192.06,189.29,189.43,1850871.0
2019-11-20,190.02,190.49,186.16,186.22,2228698.0
2019-11-21,185.0,186.14,182.85,183.02,2366811.0
2019-11-22,183.24,184.03,182.1,182.51,1627154.0
2019-11-25,183.21,183.39,181.43,182.06,1418586.0
2019-11-26,182.45,186.66,181.82,186.23,2212059.0
2019-11-27,186.54,187.85,185.37,186.95,745414.0
2019-11-29,185.75,187.54,185.75,186.67,458182.0
2019-12-02,187.31,187.31,185.07,185.16,997178.0
2019-12-03,183.85,185.73,183.05,185.34,1235314.0
2019-12-04,185.97,187.35,183.79,183.88,1128775.0
2019-12-05,184.79,186.05,184.13,185.05,1432453.0
2019-12-06,187.13,187.91,186.05,186.41,690557.0
2019-12-09,186.0,186.59,184.77,185.2,668431.0
2019-12-10,185.82,186.94,185.02,185.15,789965.0
2019-12-11,185.88,186.4,184.15,185.11,1087245.0
2019-12-12,185.53,186.52,184.75,185.18,895264.0
2019-12-13,184.67,186.58,184.58,185.5,653273.0
2019-12-16,186.11,187.38,185.68,185.98,1274839.0
2019-12-17,185.87,187.36,185.16,186.9,909926.0
2019-12-18,187.52,187.81,185.43,185.69,1717805.0
2019-12-19,189.59,192.97,188.3,191.78,1790283.0
2019-12-20,192.85,193.38,189.03,191.22,2500806.0
2019-12-23,191.84,193.17,190.68,192.2,948659.0
2019-12-24,191.98,192.65,191.12,191.45,249542.0
2019-12-26,191.25,191.78,190.73,191.64,454285.0
2019-12-27,192.46,192.95,191.31,191.68,646117.0
2019-12-30,191.75,192.22,190.45,191.62,522975.0
2019-12-31,191.78,193.12,191.0,192.99,775127.0
2020-01-02,193.66,193.89,189.85,190.23,1481512.0
2020-01-03,188.6,191.54,187.36,189.32,1251083.0
2020-01-06,188.33,189.29,187.68,187.71,1294797.0
2020-01-07,187.11,189.9,186.33,187.47,1556870.0
2020-01-08,187.5,188.83,186.19,187.54,1185906.0
2020-01-09,187.91,190.29,187.91,190.04,1115646.0
2020-01-10,190.45,190.53,188.72,188.93,828574.0
2020-01-13,189.27,191.47,189.27,191.41,645432.0
2020-01-14,190.95,191.81,189.46,189.96,1212629.0
2020-01-15,189.86,192.4,189.82,191.45,656951.0
2020-01-16,192.32,193.49,191.87,193.0,1393671.0
2020-01-17,193.48,195.6,192.25,195.58,1157275.0
2020-01-21,195.4,197.01,194.71,195.54,1273063.0
2020-01-22,196.47,197.49,195.67,196.4,1408186.0
2020-01-23,197.06,198.46,195.74,198.3,1253251.0
2020-01-24,198.55,199.29,197.0,198.01,891073.0
2020-01-27,196.19,197.41,195.46,196.75,1156651.0
2020-01-28,196.89,198.87,196.16,198.18,894886.0
2020-01-29,199.0,199.67,197.71,197.81,587705.0
2020-01-30,197.81,199.68,196.27,199.48,654079.0
2020-01-31,198.27,199.25,195.57,196.11,1094982.0
2020-02-03,197.06,201.82,196.2,201.53,1612716.0
2020-02-04,202.32,204.58,201.74,203.45,1388800.0
2020-02-05,204.82,206.5,202.49,206.3,1443939.0
2020-02-06,206.5,207.17,205.3,207.11,1235608.0
2020-02-07,206.98,207.5,205.11,205.64,832194.0
2020-02-10,204.99,205.72,204.33,204.94,877468.0
2020-02-11,204.8,205.88,204.52,204.62,901061.0
2020-02-12,205.64,207.5,204.81,206.82,1100004.0
2020-02-13,206.36,208.65,205.3,207.06,1088348.0
2020-02-14,207.52,208.13,206.49,207.31,1377372.0
2020-02-18,207.18,209.67,204.71,207.68,1355825.0
2020-02-19,208.62,210.71,208.22,210.31,1200776.0
2020-02-20,210.0,211.24,205.02,206.31,1200155.0
2020-02-21,205.81,208.83,205.59,207.5,1053766.0
2020-02-24,201.95,205.51,201.95,202.52,1306992.0
2020-02-25,202.0,203.41,193.72,194.78,1285801.0
2020-02-26,195.5,197.64,193.84,194.43,1716299.0
2020-02-27,190.28,192.71,183.43,183.48,2116613.0
2020-02-28,178.34,180.61,174.01,180.45,3424874.0
2020-03-02,182.7,191.28,182.09,191.22,1778744.0
2020-03-03,192.2,197.04,191.0,193.92,3065732.0
2020-03-04,197.91,204.53,195.4,204.34,1897653.0
2020-03-05,199.29,202.74,197.55,198.91,1599066.0
2020-03-06,193.91,195.75,188.88,194.41,1864404.0
2020-03-09,182.75,189.97,181.25,183.84,2081610.0
2020-03-10,188.96,191.73,180.91,190.85,2935676.0
2020-03-11,185.36,187.64,182.3,186.58,2145438.0
2020-03-12,174.63,178.39,165.0,165.06,2583534.0
2020-03-13,173.85,180.86,164.45,180.07,1908580.0
2020-03-16,163.3,173.29,157.41,166.12,2419439.0
2020-03-17,167.59,176.7,163.64,169.5,2791050.0
2020-03-18,165.97,170.9,143.61,156.53,2396133.0
2020-03-19,154.78,164.45,151.48,159.58,2084641.0
2020-03-20,159.42,159.43,140.57,141.88,2746228.0
2020-03-23,141.32,141.32,124.6,125.22,3445600.0
2020-03-24,135.11,154.46,132.03,152.97,3079064.0
2020-03-25,151.02,157.01,148.21,151.78,2236381.0
2020-03-26,154.69,163.21,153.02,161.69,2426032.0
2020-03-27,157.87,162.2,153.42,157.48,1800637.0
2020-03-30,160.02,162.58,157.26,161.4,1773790.0
2020-03-31,160.14,160.7,155.38,155.83,2442937.0
2020-04-01,150.42,151.22,145.31,146.7,2659583.0
2020-04-02,147.21,152.97,145.77,152.16,2486450.0
2020-04-03,151.3,154.72,146.58,147.26,1635032.0
2020-04-06,154.97,158.63,153.96,157.39,1708081.0
2020-04-07,162.91,164.79,158.13,159.11,1464794.0
2020-04-08,159.98,171.78,158.42,170.81,1723398.0
2020-04-09,173.34,180.34,172.01,179.86,2170938.0
2020-04-13,176.2,180.1,171.78,174.66,1287764.0
2020-04-14,180.0,181.54,177.36,180.8,1748367.0
2020-04-15,178.09,178.38,173.65,174.66,1069855.0
2020-04-16,175.35,176.19,170.35,172.49,921277.0
2020-04-17,176.66,179.26,175.0,178.75,1266001.0
2020-04-20,175.77,176.89,172.75,172.96,1011116.0
2020-04-21,170.0,172.38,168.56,170.16,875201.0
2020-04-22,173.07,175.6,171.95,174.76,985359.0
2020-04-23,175.43,178.08,175.01,175.04,1296939.0
2020-04-24,177.13,180.22,174.94,180.08,1272948.0
2020-04-27,180.21,189.0,180.21,187.51,1783334.0
2020-04-28,194.0,199.82,191.26,197.58,2385151.0
2020-04-29,197.84,199.95,196.66,197.58,1638090.0
2020-04-30,194.12,195.33,192.04,193.5,2138381.0
2020-05-01,190.21,191.22,187.84,190.0,1356562.0
2020-05-04,188.94,191.8,185.85,191.52,1101823.0
2020-05-05,195.37,196.69,192.93,193.32,1092700.0
2020-05-06,193.25,196.5,192.22,193.03,1185321.0
2020-05-07,196.25,197.03,193.48,194.12,1014374.0
2020-05-08,197.0,198.44,194.86,197.76,1052613.0
2020-05-11,195.92,196.8,193.48,196.08,1192960.0
2020-05-12,196.93,197.96,194.18,194.2,919070.0
2020-05-13,193.3,194.46,190.14,191.97,1433013.0
2020-05-14,189.7,192.65,186.23,192.44,1748915.0
2020-05-15,190.8,195.33,189.35,194.75,3031991.0
2020-05-18,200.0,206.98,199.53,204.89,3021815.0
2020-05-19,204.4,205.85,201.09,201.24,2594381.0
2020-05-20,205.21,208.08,201.77,202.45,3473438.0
2020-05-21,202.83,203.93,199.7,200.4,3440607.0
2020-05-22,200.1,201.57,199.02,200.5,1656078.0
2020-05-26,204.18,207.94,202.2,204.59,5241725.0
2020-05-27,207.02,207.64,202.35,207.35,10254935.0
2020-05-28,210.39,212.79,205.13,211.41,14058429.0
2020-05-29,211.38,216.91,208.2,212.58,21059656.0
2020-06-01,212.66,213.04,207.82,209.05,24301332.0
2020-06-02,210.9,220.39,209.31,212.14,38401469.0
2020-06-03,215.63,221.79,215.07,220.86,27343291.0
2020-06-04,219.31,222.14,217.11,222.0,5127706.0
2020-06-05,225.15,231.36,224.95,229.56,14131094.0
2020-06-08,228.33,230.6,225.55,230.11,5622255.0
2020-06-09,226.92,229.21,225.89,226.71,9422304.0
2020-06-10,227.84,228.45,223.69,225.91,4439435.0
2020-06-11,219.88,220.65,201.86,202.54,2292112.0
2020-06-12,208.58,210.4,199.19,204.06,2066504.0
2020-06-15,199.29,200.8,196.69,199.89,3616153.0
2020-06-16,208.06,208.47,203.18,206.23,1848436.0
2020-06-17,207.76,207.76,203.64,205.06,1421045.0
2020-06-18,204.34,205.97,203.11,205.24,1374440.0
2020-06-19,209.44,209.94,199.41,199.75,2531778.0
2020-06-22,199.08,202.47,196.52,201.65,1211651.0
2020-06-23,203.06,204.56,199.72,199.81,1004057.0
2020-06-24,198.94,198.94,196.53,196.67,1296256.0
2020-06-25,196.06,196.71,192.3,196.03,1098482.0
2020-06-26,197.15,199.93,190.98,191.75,3866366.0
2020-06-29,194.65,196.43,192.59,195.62,1030379.0
2020-06-30,195.41,199.78,194.7,198.95,1302044.0
2020-07-01,199.22,201.27,197.71,200.24,1470242.0
2020-07-02,202.96,204.15,200.15,200.9,1727300.0
2020-07-06,204.92,204.92,197.86,201.73,1972693.0
2020-07-07,200.11,203.79,200.0,202.94,1475671.0
2020-07-08,202.14,203.21,194.0,196.77,1939170.0
2020-07-09,197.65,198.64,194.54,197.5,1229229.0
2020-07-10,197.51,201.22,196.27,200.66,886188.0
2020-07-13,201.97,204.76,199.94,200.3,1206714.0
2020-07-14,199.34,204.35,199.0,204.14,803139.0
2020-07-15,206.13,208.54,205.31,207.9,917802.0
2020-07-16,207.0,210.02,206.79,208.29,838266.0
2020-07-17,209.01,210.92,208.37,210.36,826250.0
2020-07-20,209.87,211.53,208.41,209.85,1297933.0
2020-07-21,210.42,211.18,207.19,207.65,852121.0
2020-07-22,207.6,210.56,207.16,210.32,633870.0
2020-07-23,210.91,212.67,208.79,209.54,764671.0
2020-07-24,209.02,210.19,207.85,210.06,702336.0
2020-07-27,210.13,213.41,208.56,212.04,896801.0
2020-07-28,205.5,205.5,193.31,193.72,2566966.0
2020-07-29,193.26,196.24,193.15,194.83,2339908.0
2020-07-30,192.13,193.65,189.35,191.05,1447510.0
2020-07-31,190.23,191.2,183.28,187.08,1797394.0
2020-08-03,188.01,189.12,184.3,184.41,1586782.0
2020-08-04,184.43,190.6,183.04,189.31,2263082.0
2020-08-05,190.26,193.98,190.26,191.94,1613539.0
2020-08-06,192.38,195.12,191.01,194.2,1378529.0
2020-08-07,194.0,196.09,192.27,194.9,1354918.0
2020-08-10,194.97,197.23,194.21,195.3,761052.0
2020-08-11,198.62,199.98,195.61,196.22,786160.0
2020-08-12,197.23,199.93,197.23,198.69,850037.0
2020-08-13,196.61,198.91,195.95,196.55,618238.0
2020-08-14,196.07,196.84,193.86,194.71,630916.0
2020-08-17,195.77,197.39,193.73,194.85,637710.0
2020-08-18,195.41,195.81,193.58,194.37,619940.0
2020-08-19,195.4,196.04,193.85,194.06,688141.0
2020-08-20,192.16,194.78,192.16,194.41,508117.0
2020-08-21,194.72,195.36,193.03,194.85,704254.0
2020-08-24,196.58,198.5,196.11,197.52,578037.0
2020-08-25,197.93,199.36,195.74,195.99,664094.0
2020-08-26,195.75,198.27,195.43,197.11,783756.0
2020-08-27,196.83,199.9,196.83,197.68,869008.0
2020-08-28,197.88,200.67,196.6,200.5,748813.0
2020-08-31,200.96,200.98,196.96,197.08,826114.0
2020-09-01,197.06,201.66,195.79,201.66,1124922.0
2020-09-02,202.56,209.67,201.25,209.18,1372772.0
2020-09-03,208.53,209.39,202.18,204.84,2042258.0
2020-09-04,204.85,206.82,202.87,204.76,1632753.0
2020-09-08,202.87,203.29,195.17,197.88,1322706.0
2020-09-09,200.2,205.09,199.96,203.0,1342754.0
2020-09-10,204.24,205.62,201.46,201.87,828640.0
2020-09-11,203.64,204.86,202.14,203.6,1012489.0
2020-09-14,203.99,207.03,203.99,204.89,1029540.0
2020-09-15,205.75,208.33,205.75,206.63,1433277.0
2020-09-16,208.0,209.54,207.65,207.82,1574001.0
2020-09-17,205.97,208.49,204.92,207.5,1343898.0
2020-09-18,207.05,208.2,203.81,204.02,1909998.0
2020-09-21,199.94,200.97,195.88,198.47,744490.0
2020-09-22,199.37,200.46,198.44,199.16,913321.0
2020-09-23,199.27,200.0,194.7,195.2,1131461.0
2020-09-24,194.11,197.37,192.42,194.61,961711.0
2020-09-25,193.71,196.72,193.0,196.03,1021306.0
2020-09-28,200.17,201.44,197.69,198.27,1315973.0
2020-09-29,199.16,199.26,196.82,197.45,776944.0
2020-09-30,198.82,201.63,198.08,199.84,1390443.0
2020-10-01,200.57,203.75,196.12,197.08,1192833.0
2020-10-02,195.07,199.84,194.5,198.06,1161984.0
2020-10-05,200.48,202.29,199.09,199.39,1295546.0
2020-10-06,198.53,201.9,196.19,196.43,1284307.0
2020-10-07,199.5,203.28,199.5,201.4,1357142.0
2020-10-08,203.34,203.47,201.32,201.46,841994.0
2020-10-09,203.64,204.72,202.91,203.16,670828.0
2020-10-12,204.35,206.18,201.97,202.73,1248968.0
2020-10-13,202.11,204.49,200.85,201.05,990433.0
2020-10-14,201.36,203.41,201.12,201.31,668127.0
2020-10-15,198.79,203.19,197.94,201.44,1054327.0
2020-10-16,202.53,206.8,202.16,204.53,1070550.0
2020-10-19,205.3,206.03,200.78,201.79,993913.0
2020-10-20,202.18,205.25,201.9,203.01,887156.0
2020-10-21,202.29,206.2,202.29,203.21,1039857.0
2020-10-22,203.28,205.83,202.37,204.87,689767.0
2020-10-23,206.25,207.74,204.04,204.87,748194.0
2020-10-26,202.66,203.35,197.82,198.17,1148079.0
2020-10-27,200.0,204.49,189.04,189.77,2387195.0
2020-10-28,185.92,189.19,185.0,185.35,1198910.0
2020-10-29,185.31,188.4,184.02,186.94,1206019.0
2020-10-30,185.64,188.31,181.25,183.59,1159023.0
2020-11-02,186.2,192.58,186.2,188.85,941458.0
2020-11-03,191.06,194.27,189.66,192.61,966539.0
2020-11-04,192.98,194.87,190.13,191.89,837074.0
2020-11-05,195.25,198.02,194.44,196.42,917445.0
2020-11-06,198.37,200.82,196.71,199.39,914821.0
2020-11-09,208.81,220.21,208.81,216.9,2693802.0
2020-11-10,219.47,220.61,210.83,212.23,1829346.0
2020-11-11,213.73,213.88,207.72,209.83,1077883.0
2020-11-12,209.88,209.88,201.11,203.48,1180457.0
2020-11-13,205.23,208.71,204.96,208.43,1081746.0
2020-11-16,210.74,215.02,209.56,213.38,839639.0
2020-11-17,211.34,212.99,209.9,212.27,873966.0
2020-11-18,213.13,213.39,209.44,209.44,828274.0
2020-11-19,208.88,212.59,207.6,210.93,802698.0
2020-11-20,210.4,212.34,209.75,210.66,846980.0
2020-11-23,212.78,215.5,212.0,213.92,730510.0
2020-11-24,216.39,221.72,216.39,219.31,979620.0
2020-11-25,218.4,220.48,216.91,218.03,757778.0
2020-11-27,219.45,225.38,218.83,224.81,792727.0
2020-11-30,222.9,224.7,219.46,222.15,2060490.0
2020-12-01,224.97,226.32,221.58,224.02,997003.0
2020-12-02,223.39,224.54,218.95,219.14,898594.0
2020-12-03,219.17,223.81,219.01,219.75,992728.0
2020-12-04,221.2,225.86,221.2,225.61,781185.0
2020-12-07,226.25,226.25,221.76,222.74,794576.0
2020-12-08,222.6,224.6,221.95,224.41,712700.0
2020-12-09,225.23,226.56,222.96,225.9,734178.0
2020-12-10,225.23,227.29,222.66,223.08,923971.0
2020-12-11,221.93,224.5,220.28,221.25,734493.0
2020-12-14,222.24,222.79,216.62,217.0,758349.0
2020-12-15,219.45,224.09,218.08,222.95,942139.0
2020-12-16,222.13,223.34,219.93,220.01,751615.0
2020-12-17,221.4,222.6,219.79,220.61,925484.0
2020-12-18,221.06,221.34,216.87,218.58,2178284.0
2020-12-21,215.58,215.9,210.79,215.81,1241637.0
2020-12-22,215.18,217.6,214.38,215.21,946997.0
2020-12-23,216.69,219.21,213.28,213.32,510638.0
2020-12-24,213.22,216.36,212.06,216.12,279242.0
2020-12-28,217.35,218.66,214.27,214.7,729565.0
2020-12-29,216.01,216.92,213.36,214.47,395095.0
2020-12-30,215.67,218.39,214.77,215.24,477280.0
2020-12-31,215.25,216.84,214.72,216.36,752304.0
2021-01-04,218.0,220.45,213.1,214.31,1459916.0
2021-01-05,214.27,216.85,212.43,216.56,721673.0
2021-01-06,219.51,227.18,217.92,225.43,1310784.0
2021-01-07,227.43,227.97,224.27,225.74,814234.0
2021-01-08,224.95,226.48,218.61,221.75,981492.0
2021-01-11,219.84,221.97,218.86,221.06,673170.0
2021-01-12,221.07,223.68,220.0,223.13,595092.0
2021-01-13,222.48,223.26,216.14,216.96,1058760.0
2021-01-14,217.56,219.03,212.13,212.43,814324.0
2021-01-15,213.17,213.98,209.79,210.77,1155524.0
2021-01-19,212.38,216.69,211.02,215.91,1003529.0
2021-01-20,217.3,219.43,216.34,218.38,702346.0
2021-01-21,217.98,220.0,213.93,214.01,724880.0
2021-01-22,213.81,213.95,210.75,212.39,856004.0
2021-01-25,212.17,213.0,208.0,211.26,743589.0
2021-01-26,211.27,212.04,209.07,209.33,875934.0
2021-01-27,206.73,209.0,201.55,207.37,1123684.0
2021-01-28,210.06,217.12,207.1,211.1,1202953.0
2021-01-29,209.3,211.56,203.67,204.51,1116085.0
2021-02-01,207.5,209.11,204.69,208.43,1125753.0
2021-02-02,209.92,211.48,208.16,210.28,920395.0
2021-02-03,209.82,210.94,207.08,208.97,876056.0
2021-02-04,209.56,210.6,205.79,208.13,993148.0
2021-02-05,210.9,214.07,210.88,212.78,818324.0
2021-02-08,214.07,217.3,213.15,217.05,754128.0
2021-02-09,217.31,217.68,215.12,215.56,922083.0
2021-02-10,217.46,217.97,215.27,215.65,581064.0
2021-02-11,215.71,218.58,214.47,216.4,911385.0
2021-02-12,215.69,220.0,215.33,219.88,1001504.0
2021-02-16,219.8,220.0,210.5,210.91,1091842.0
2021-02-17,209.97,210.64,205.7,208.79,953476.0
2021-02-18,206.85,211.07,206.21,209.8,783824.0
2021-02-19,210.24,211.46,208.01,208.08,855988.0
2021-02-22,207.05,207.89,206.0,206.54,954975.0
2021-02-23,205.85,211.88,205.5,211.16,1149012.0
2021-02-24,212.29,217.42,212.28,216.19,1004249.0
2021-02-25,215.2,216.16,210.93,211.96,960241.0
2021-02-26,212.06,213.16,209.14,209.36,1117588.0
2021-03-01,210.8,212.97,210.57,211.22,1080055.0
2021-03-02,211.74,213.82,210.23,211.54,702640.0
2021-03-03,211.08,212.2,208.18,208.32,1097719.0
2021-03-04,208.45,210.47,201.36,204.57,1284630.0
2021-03-05,206.07,208.73,201.15,207.91,1601921.0
2021-03-08,210.02,214.51,208.83,211.59,1041460.0
2021-03-09,213.6,216.88,212.42,214.48,1114469.0
2021-03-10,216.23,218.7,212.8,216.97,765714.0
2021-03-11,216.51,218.5,214.09,214.4,790930.0
2021-03-12,215.33,216.08,213.62,214.72,619029.0
2021-03-15,213.48,215.77,213.12,215.37,581828.0
2021-03-16,216.08,216.86,211.96,212.95,640034.0
2021-03-17,212.86,212.94,208.3,209.18,1235565.0
2021-03-18,209.68,211.42,206.07,209.55,1388837.0
2021-03-19,209.35,210.97,206.28,207.58,2001400.0
2021-03-22,206.86,209.89,205.62,208.07,1842908.0
2021-03-23,206.99,211.57,206.4,207.91,1384165.0
2021-03-24,209.63,211.0,203.43,208.46,1474294.0
2021-03-25,207.47,209.54,203.63,208.81,1336429.0
2021-03-26,210.27,213.46,209.12,213.33,925455.0
2021-03-29,213.08,215.67,210.43,214.53,1097789.0
2021-03-30,218.32,219.84,214.56,215.0,1098394.0
2021-03-31,213.75,216.0,213.48,214.07,1061107.0
2021-04-01,215.25,216.9,213.71,216.85,701972.0
2021-04-05,219.0,219.98,217.7,218.88,738350.0
2021-04-06,219.0,221.35,218.38,220.83,1023903.0
2021-04-07,219.98,221.32,213.96,214.66,696671.0
2021-04-08,214.0,215.98,214.0,215.97,652798.0
2021-04-09,217.03,219.54,216.77,219.44,860426.0
2021-04-12,219.8,220.19,218.56,219.74,543893.0
2021-04-13,218.54,219.7,217.32,217.94,612983.0
2021-04-14,217.68,219.7,217.5,218.39,634988.0
2021-04-15,219.0,220.56,219.0,219.9,704267.0
2021-04-16,220.58,223.49,220.58,223.15,725612.0
2021-04-19,223.68,224.17,219.5,220.31,868769.0
2021-04-20,219.71,222.56,219.67,220.84,1200737.0
2021-04-21,222.14,224.36,221.94,223.98,726356.0
2021-04-22,224.0,224.62,220.84,221.53,912590.0
2021-04-23,222.63,227.72,222.11,226.78,830813.0
2021-04-26,227.23,229.05,226.8,226.81,995569.0
2021-04-27,221.71,224.99,217.3,218.41,1178552.0
2021-04-28,219.0,223.46,217.0,222.07,982367.0
2021-04-29,223.4,225.07,222.7,224.75,612685.0
2021-04-30,224.57,225.38,223.06,224.12,839245.0
2021-05-03,225.52,228.47,225.52,226.95,687564.0
2021-05-04,225.52,229.21,225.45,228.99,989862.0
2021-05-05,228.79,229.09,227.24,227.94,838628.0
2021-05-06,228.0,229.57,226.55,228.5,868579.0
2021-05-07,228.5,229.52,227.45,228.43,733619.0
2021-05-10,230.0,230.0,224.92,224.96,1155550.0
2021-05-11,223.69,225.32,221.77,225.3,794049.0
2021-05-12,223.87,224.26,217.36,217.44,1027931.0
2021-05-13,217.44,222.91,217.44,221.48,641593.0
2021-05-14,223.25,225.42,222.7,224.06,702275.0
2021-05-17,223.33,223.72,221.07,221.64,930977.0
2021-05-18,220.97,221.78,217.69,217.93,1964443.0
2021-05-19,215.99,216.13,211.36,213.33,1930483.0
2021-05-20,213.21,215.9,213.16,214.36,2056231.0
2021-05-21,215.95,217.76,214.11,214.24,926046.0
2021-05-24,215.04,215.84,213.06,215.3,828996.0
2021-05-25,216.06,216.85,214.29,214.93,765441.0
2021-05-26,214.44,215.62,213.69,215.06,795090.0
2021-05-27,216.73,217.3,215.04,216.23,4147295.0
2021-05-28,217.76,218.0,215.03,215.08,1094661.0
2021-06-01,217.0,217.47,214.63,215.11,943980.0
2021-06-02,215.76,216.23,214.17,214.96,1113284.0
2021-06-03,214.15,214.92,212.75,213.85,2064961.0
2021-06-04,214.65,215.8,213.89,215.46,971238.0
2021-06-07,215.5,215.87,210.94,212.96,949936.0
2021-06-08,213.79,213.82,211.48,212.4,739112.0
2021-06-09,211.18,213.49,210.97,212.76,1614073.0
2021-06-10,215.0,215.0,212.98,213.56,907020.0
2021-06-11,214.77,215.06,212.56,214.5,721701.0
2021-06-14,213.02,213.92,210.97,213.24,1380021.0
2021-06-15,214.39,216.24,212.16,214.92,1231793.0
2021-06-16,215.22,215.85,210.29,210.43,1041892.0
2021-06-17,209.97,210.48,207.31,209.64,966715.0
2021-06-18,207.24,209.01,204.8,205.01,1836255.0
2021-06-21,206.43,210.03,206.43,209.79,929375.0
2021-06-22,210.48,212.4,209.75,210.12,672166.0
2021-06-23,210.12,210.61,208.03,208.07,542696.0
2021-06-24,209.49,210.01,207.89,208.24,596740.0
2021-06-25,208.46,209.91,206.29,207.48,3544467.0
2021-06-28,207.35,209.81,206.13,208.24,1343059.0
2021-06-29,209.59,210.38,207.4,208.09,915952.0
2021-06-30,206.48,207.28,204.28,205.97,975962.0
2021-07-01,206.92,209.39,205.3,209.18,1065459.0
2021-07-02,209.75,211.5,208.65,210.8,920681.0
2021-07-06,210.27,210.72,207.6,209.48,888698.0
2021-07-07,210.02,212.83,208.07,211.23,1290202.0
2021-07-08,208.52,210.76,208.36,209.83,822930.0
2021-07-09,211.94,213.2,211.1,212.76,927219.0
2021-07-12,212.05,214.04,211.38,213.41,1072208.0
2021-07-13,213.03,213.69,211.2,212.75,784614.0
2021-07-14,213.03,214.35,211.98,213.75,1336933.0
2021-07-15,213.07,215.5,212.62,214.59,928563.0
2021-07-16,215.0,216.13,213.67,215.28,1251971.0
2021-07-19,212.85,213.76,208.07,210.34,1922866.0
2021-07-20,209.98,215.79,209.55,214.2,1317478.0
2021-07-21,215.56,216.0,213.86,214.47,1149059.0
2021-07-22,214.65,215.23,213.39,214.94,606436.0
2021-07-23,216.49,218.27,215.51,217.89,836244.0
2021-07-26,217.67,219.53,216.52,219.14,1013882.0
2021-07-27,218.03,221.24,213.76,220.8,1550059.0
2021-07-28,220.42,220.77,216.49,219.13,995583.0
2021-07-29,220.0,220.8,219.12,220.39,680624.0
2021-07-30,220.41,222.64,219.92,220.83,945024.0
2021-08-02,222.38,222.54,218.03,218.07,1018690.0
2021-08-03,218.0,219.55,217.5,219.36,593837.0
2021-08-04,217.45,218.71,217.05,217.8,721887.0
2021-08-05,219.11,219.33,217.06,218.18,646852.0
2021-08-06,218.76,219.88,217.33,219.65,635448.0
2021-08-09,220.43,221.0,217.87,218.55,755808.0
2021-08-10,218.29,219.84,218.29,219.06,591489.0
2021-08-11,219.99,220.91,218.64,220.63,798863.0
2021-08-12,220.67,221.0,218.8,219.57,570529.0
2021-08-13,219.77,221.62,218.9,221.58,577754.0
2021-08-16,219.67,221.36,218.42,221.28,744938.0
2021-08-17,221.16,221.51,219.16,221.29,717757.0
2021-08-18,220.55,221.08,219.07,219.33,838616.0
2021-08-19,218.0,221.03,217.49,220.5,725806.0
2021-08-20,220.31,222.41,220.17,222.06,560401.0
2021-08-23,223.04,223.51,221.76,222.52,645620.0
2021-08-24,223.35,223.56,221.67,222.33,411151.0
2021-08-25,222.0,224.39,221.46,224.08,486156.0
2021-08-26,223.62,224.0,222.51,223.02,560471.0
2021-08-27,224.1,225.87,223.34,224.99,585565.0
2021-08-30,225.0,226.56,224.85,225.48,618396.0
2021-08-31,225.29,225.99,224.19,225.36,1175113.0
2021-09-01,225.02,225.75,223.04,224.97,620227.0
2021-09-02,225.56,227.47,224.77,226.92,723599.0
2021-09-03,227.51,227.97,225.07,225.14,980180.0
2021-09-07,225.01,228.17,224.77,227.14,1032824.0
2021-09-08,226.95,229.99,226.61,229.6,1159166.0
2021-09-09,229.5,231.25,227.35,227.51,928755.0
2021-09-10,226.95,228.9,224.99,225.84,847082.0
2021-09-13,228.4,228.4,222.96,224.46,1015958.0
2021-09-14,225.83,226.0,223.12,223.56,910376.0
2021-09-15,222.99,224.49,222.34,223.83,1068287.0
2021-09-16,223.3,223.99,220.97,223.57,908689.0
2021-09-17,221.82,222.89,218.01,218.34,2256951.0
2021-09-20,215.57,219.21,214.72,217.09,1242814.0
2021-09-21,217.92,219.68,216.72,217.91,760650.0
2021-09-22,219.52,222.66,218.2,220.86,833234.0
2021-09-23,222.06,224.47,222.06,223.9,637798.0
2021-09-24,223.76,225.66,223.04,223.77,691150.0
2021-09-27,222.52,223.87,217.89,218.28,1025452.0
2021-09-28,217.48,217.99,211.54,212.82,1136449.0
2021-09-29,213.16,215.09,212.18,212.7,1005973.0
2021-09-30,213.87,214.74,208.57,208.62,1035082.0
2021-10-01,210.29,214.65,209.14,213.65,1439814.0
2021-10-04,213.22,214.91,211.22,212.37,1265880.0
2021-10-05,212.19,215.86,211.4,214.38,926103.0
2021-10-06,212.17,216.74,212.04,216.62,966586.0
2021-10-07,218.69,220.12,216.0,216.47,700562.0
2021-10-08,215.98,217.02,214.89,215.06,619001.0
2021-10-11,215.45,215.74,212.12,212.17,846304.0
2021-10-12,212.46,213.04,211.29,212.13,1129189.0
2021-10-13,212.2,214.03,211.43,213.27,1180345.0
2021-10-14,215.06,219.56,214.01,219.35,1027045.0
2021-10-15,220.91,222.22,219.37,220.21,2269182.0
2021-10-18,218.1,219.54,217.28,218.69,884970.0
2021-10-19,219.82,220.11,217.73,219.53,686816.0
2021-10-20,220.07,221.11,218.65,220.64,517153.0
2021-10-21,221.12,222.36,219.97,222.3,576778.0
2021-10-22,222.35,223.17,221.13,221.45,699110.0
2021-10-25,221.97,224.25,220.66,221.56,1137212.0
2021-10-26,224.1,230.89,220.57,230.28,1367003.0
2021-10-27,225.4,226.56,220.94,221.1,1279808.0
2021-10-28,221.81,223.66,220.65,221.0,780722.0
2021-10-29,219.82,223.2,219.12,222.22,920370.0
2021-11-01,223.36,226.27,221.68,222.52,957758.0
2021-11-02,223.4,227.66,222.36,226.91,1074249.0
2021-11-03,226.99,229.07,223.37,228.14,1385296.0
2021-11-04,228.0,229.99,227.16,228.1,945107.0
2021-11-05,228.75,230.75,228.49,230.68,902537.0
2021-11-08,231.0,231.55,229.52,230.86,736983.0
2021-11-09,230.7,231.67,228.6,230.95,691322.0
2021-11-10,231.5,234.24,228.69,233.38,1056996.0
2021-11-11,233.75,234.09,231.52,232.47,727399.0
2021-11-12,233.47,235.9,233.12,235.67,839316.0
2021-11-15,236.0,236.76,234.81,235.46,743888.0
2021-11-16,236.0,236.75,233.26,233.43,663727.0
2021-11-17,233.57,234.17,231.63,232.39,608683.0
2021-11-18,232.12,232.65,230.0,230.88,638321.0
2021-11-19,230.9,236.56,230.2,234.86,709559.0
2021-11-22,235.37,238.93,234.45,234.54,769711.0
2021-11-23,234.36,235.0,231.67,233.43,585769.0
2021-11-24,232.55,233.26,230.13,231.35,616881.0
2021-11-26,228.0,230.9,226.0,226.23,730614.0
2021-11-29,228.0,228.66,224.65,227.15,1134753.0
2021-11-30,226.22,227.94,220.69,221.47,2057405.0
2021-12-01,224.18,227.39,220.17,220.3,1049870.0
2021-12-02,221.26,226.18,220.69,224.65,931165.0
2021-12-03,225.25,225.95,217.94,220.83,1784420.0
2021-12-06,223.37,231.59,223.37,229.59,1324114.0
2021-12-07,232.86,233.91,229.51,230.76,1158831.0
2021-12-08,231.57,232.95,229.93,232.3,848959.0
2021-12-09,230.95,231.53,228.56,230.35,747744.0
2021-12-10,232.37,232.69,230.76,232.01,764125.0
2021-12-13,231.17,232.9,228.57,231.44,923090.0
2021-12-14,231.42,231.67,228.0,228.88,1023645.0
2021-12-15,228.8,229.62,226.31,229.18,959171.0
2021-12-16,228.9,231.61,227.32,229.85,1394554.0
2021-12-17,230.31,230.31,225.22,225.45,2552516.0
2021-12-20,222.99,224.24,220.22,224.02,703677.0
2021-12-21,225.34,226.49,224.26,225.49,694990.0
2021-12-22,225.06,227.4,225.06,226.83,620133.0
2021-12-23,227.48,230.1,227.48,228.24,489400.0
2021-12-27,229.63,231.93,228.97,231.67,510070.0
2021-12-28,232.0,234.44,231.9,234.13,724318.0
2021-12-29,234.54,236.21,233.75,235.64,460192.0
2021-12-30,235.69,236.89,233.91,234.01,478399.0
2021-12-31,233.08,235.48,233.08,234.59,500237.0
2022-01-03,234.68,235.24,228.62,229.83,714993.0
2022-01-04,230.74,234.44,230.3,233.51,960835.0
2022-01-05,234.14,237.38,232.97,233.23,688391.0
2022-01-06,233.8,234.32,228.94,230.46,907876.0
2022-01-07,230.02,231.14,227.52,229.87,668151.0
2022-01-10,228.41,229.29,223.52,225.84,1122014.0
2022-01-11,226.65,227.12,222.44,226.62,981885.0
2022-01-12,228.15,228.15,224.65,226.49,990585.0
2022-01-13,227.02,227.65,222.65,223.28,784847.0
2022-01-14,220.62,221.57,215.25,216.03,1776348.0
2022-01-18,213.05,215.13,211.03,213.4,1856572.0
2022-01-19,214.94,217.94,213.73,214.8,1297058.0
2022-01-20,215.52,218.54,213.11,213.17,1361298.0
2022-01-21,202.0,203.49,194.02,195.09,4800461.0
2022-01-24,190.37,192.91,184.84,192.61,2482398.0
2022-01-25,189.22,191.42,185.47,188.89,1389568.0
2022-01-26,190.5,190.9,183.54,185.25,1692435.0
2022-01-27,188.36,190.19,181.54,183.52,2194709.0
2022-01-28,183.25,186.23,180.37,186.09,2232423.0
2022-01-31,186.0,190.33,185.0,189.45,2391153.0
2022-02-01,190.63,192.2,188.55,191.66,1693675.0
2022-02-02,191.5,193.42,190.98,192.48,1347263.0
2022-02-03,190.37,192.14,188.93,189.24,1126744.0
2022-02-04,187.01,189.38,185.51,187.48,1576067.0
2022-02-07,187.43,188.92,186.44,186.69,968541.0
2022-02-08,186.64,187.34,184.82,186.58,2143475.0
2022-02-09,188.16,191.44,188.15,191.34,1131028.0
2022-02-10,189.19,192.38,186.27,187.35,1032907.0
2022-02-11,187.46,189.84,183.54,184.42,1376276.0
2022-02-14,184.32,185.15,181.71,182.91,1371323.0
2022-02-15,184.41,186.13,181.38,183.25,2145339.0
2022-02-16,183.69,184.54,180.6,182.81,1620313.0
2022-02-17,180.5,182.66,178.37,178.38,1186652.0
2022-02-18,180.45,180.45,177.01,178.64,1294345.0
2022-02-22,180.45,180.45,174.86,176.71,1304713.0
2022-02-23,177.99,178.4,172.78,173.06,902614.0
2022-02-24,170.34,176.47,169.06,175.94,1567834.0
2022-02-25,176.77,180.91,175.68,180.3,1107655.0
2022-02-28,176.98,177.94,173.7,176.26,2077026.0
2022-03-01,175.48,176.04,169.55,170.51,1637809.0
2022-03-02,170.9,173.22,169.59,172.85,2175507.0
2022-03-03,174.64,174.9,170.3,171.12,791503.0
2022-03-04,168.78,170.04,166.43,168.11,1159573.0
2022-03-07,166.92,167.91,158.44,158.53,1932765.0
2022-03-08,158.69,160.82,154.85,156.73,2143776.0
2022-03-09,161.43,166.56,160.31,165.02,2048900.0
2022-03-10,163.19,163.36,158.93,162.48,1172248.0
2022-03-11,161.81,163.66,158.61,158.85,1301966.0
2022-03-14,163.06,166.19,161.23,165.03,1713853.0
2022-03-15,165.65,171.0,165.44,167.82,2501929.0
2022-03-16,169.4,172.45,166.16,170.76,2641332.0
2022-03-17,171.41,172.25,169.65,171.67,2657557.0
2022-03-18,171.04,173.55,167.63,171.14,5293154.0
2022-03-21,171.99,172.64,168.7,170.72,1826800.0
2022-03-22,175.39,178.76,173.85,176.35,3364159.0
2022-03-23,174.78,175.78,173.36,173.74,1933960.0
2022-03-24,174.65,177.1,174.58,176.26,1584711.0
2022-03-25,176.92,178.68,175.77,177.59,1475869.0
2022-03-28,177.81,179.0,176.17,178.3,892632.0
2022-03-29,180.0,184.39,180.0,182.7,1888810.0
2022-03-30,180.96,181.71,178.98,180.4,1186979.0
2022-03-31,179.48,180.0,176.43,176.56,2268482.0
2022-04-01,177.96,180.47,175.77,180.37,1175185.0
2022-04-04,179.51,180.86,178.26,180.07,1104963.0
2022-04-05,180.14,181.65,179.54,180.19,1301064.0
2022-04-06,178.05,181.48,176.92,181.27,1589634.0
2022-04-07,181.0,184.41,179.76,183.62,1445841.0
2022-04-08,184.33,185.06,182.45,182.95,1288250.0
2022-04-11,181.63,183.47,180.32,180.54,956784.0
2022-04-12,181.57,183.15,178.32,179.33,978788.0
2022-04-13,178.81,180.78,178.32,180.17,909552.0
2022-04-14,180.91,182.1,176.54,176.6,1102646.0
2022-04-18,176.04,177.56,173.9,175.04,942847.0
2022-04-19,175.93,181.64,175.08,180.76,1663381.0
2022-04-20,181.61,183.64,181.15,182.26,1165632.0
2022-04-21,184.77,185.5,179.05,180.02,1522896.0
2022-04-22,178.73,179.86,175.02,175.2,1049355.0
2022-04-25,175.99,175.99,171.5,175.61,1283868.0
2022-04-26,175.26,177.49,168.36,168.47,1748496.0
2022-04-27,168.77,173.28,168.77,170.54,1655965.0
2022-04-28,171.47,176.08,169.2,175.31,1970656.0
2022-04-29,173.82,175.05,168.73,169.34,1540171.0
2022-05-02,169.63,170.29,162.47,165.62,1909873.0
2022-05-03,166.17,168.1,165.0,166.38,1439287.0
2022-05-04,167.58,174.21,166.78,173.87,1085284.0
2022-05-05,171.64,172.67,164.82,166.69,1601220.0
2022-05-06,165.65,165.95,160.03,165.2,1402162.0
2022-05-09,163.83,166.76,162.65,163.81,1085348.0
2022-05-10,165.75,167.04,159.12,160.36,1142589.0
2022-05-11,160.15,163.96,159.34,160.25,957267.0
2022-05-12,158.96,161.44,156.64,159.73,1451853.0
2022-05-13,160.5,163.63,160.32,161.99,817246.0
2022-05-16,160.6,161.99,158.47,159.34,767719.0
2022-05-17,162.69,163.55,159.35,162.94,868352.0
2022-05-18,160.38,160.94,155.43,156.21,1166272.0
2022-05-19,154.62,159.56,154.31,157.65,952308.0
2022-05-20,159.68,159.79,155.21,159.49,1010753.0
2022-05-23,161.79,162.45,158.78,161.03,1043080.0
2022-05-24,159.93,160.82,156.54,158.4,1028804.0
2022-05-25,156.57,159.07,155.53,157.82,1359523.0
2022-05-26,160.12,165.33,159.37,164.2,1141968.0
2022-05-27,165.31,167.02,164.45,166.03,996478.0
2022-05-31,164.41,165.24,161.69,163.91,2008709.0
2022-06-01,164.72,164.9,161.55,162.87,1004456.0
2022-06-02,167.5,173.21,167.31,173.13,1482427.0
2022-06-03,171.31,174.62,170.07,170.46,1007300.0
2022-06-06,171.53,173.0,169.58,169.82,960396.0
2022-06-07,167.59,171.59,166.98,170.71,1182636.0
2022-06-08,168.55,169.64,164.45,164.99,1143404.0
2022-06-09,164.1,166.91,163.92,164.71,1205528.0
2022-06-10,160.48,161.83,158.46,158.74,1114198.0
2022-06-13,155.37,156.45,152.17,152.79,1141003.0
2022-06-14,152.17,153.2,148.68,150.28,1113385.0
2022-06-15,152.12,153.78,148.16,150.04,1023715.0
2022-06-16,145.69,146.86,143.82,145.63,1428498.0
2022-06-17,146.35,149.9,143.97,148.17,2731751.0
2022-06-21,150.0,150.0,147.79,148.59,1395141.0
2022-06-22,146.35,153.06,146.27,151.24,1182774.0
2022-06-23,151.28,154.6,151.21,154.29,1291537.0
2022-06-24,155.18,159.73,155.18,159.65,1496810.0
2022-06-27,158.8,159.37,155.91,156.91,1360027.0
2022-06-28,157.46,158.6,153.02,153.3,902559.0
2022-06-29,153.33,154.2,151.23,153.47,847782.0
2022-06-30,151.63,154.89,149.88,153.76,1342469.0
2022-07-01,153.49,157.84,153.09,157.67,1132898.0
2022-07-05,155.0,158.06,152.36,158.02,1435805.0
2022-07-06,157.23,161.53,156.86,159.39,1742272.0
2022-07-07,159.39,161.5,157.32,158.89,1073193.0
2022-07-08,158.27,158.97,154.25,155.61,793503.0
2022-07-11,154.33,155.74,153.64,154.27,734800.0
2022-07-12,154.05,158.53,154.05,157.78,1936436.0
2022-07-13,153.6,156.73,152.82,155.61,1243233.0
2022-07-14,152.68,154.01,150.97,153.71,873199.0
2022-07-15,156.39,156.77,154.36,155.18,981544.0
2022-07-18,156.39,157.51,151.05,151.71,1206970.0
2022-07-19,153.96,158.34,153.19,157.8,1228487.0
2022-07-20,158.7,159.81,157.56,159.4,1287417.0
2022-07-21,160.0,163.55,158.48,163.34,1018739.0
2022-07-22,164.33,164.95,161.69,162.99,852874.0
2022-07-25,162.99,163.28,160.87,162.77,919311.0
2022-07-26,160.83,161.75,155.12,158.37,1351622.0
2022-07-27,157.32,161.23,156.0,160.64,1480735.0
2022-07-28,161.26,163.98,159.45,162.97,1147928.0
2022-07-29,163.99,165.91,163.07,165.17,1010641.0
2022-08-01,164.13,167.44,163.59,167.05,900663.0
2022-08-02,166.34,167.0,163.9,165.36,655035.0
2022-08-03,165.64,167.76,163.94,167.03,972198.0
2022-08-04,167.15,168.53,166.18,166.82,740615.0
2022-08-05,164.6,167.4,163.62,166.5,654376.0
2022-08-08,167.9,169.0,164.5,164.71,690131.0
2022-08-09,164.36,164.71,162.43,163.04,757049.0
2022-08-10,165.77,170.87,165.64,170.7,1162077.0
2022-08-11,172.52,172.9,170.84,171.13,1163799.0
2022-08-12,172.5,174.27,171.89,174.09,888867.0
2022-08-15,174.34,176.83,173.62,176.56,1117545.0
2022-08-16,176.75,178.06,176.32,177.02,1022619.0
2022-08-17,174.33,175.97,173.91,174.95,964118.0
2022-08-18,175.98,175.98,174.4,175.38,831372.0
2022-08-19,174.4,174.64,171.04,171.78,903685.0
2022-08-22,170.13,171.07,168.81,169.13,919620.0
2022-08-23,168.66,168.66,166.29,167.52,726150.0
2022-08-24,169.21,170.19,167.88,168.91,602858.0
2022-08-25,170.0,171.71,168.99,170.94,832214.0
2022-08-26,171.45,172.31,165.15,165.26,660546.0
2022-08-29,163.7,166.44,162.88,164.93,584923.0
2022-08-30,166.35,167.55,164.07,165.39,934720.0
2022-08-31,166.63,166.88,163.68,163.83,1171813.0
2022-09-01,162.88,163.12,159.81,162.4,884850.0
2022-09-02,164.0,165.75,160.79,161.64,892405.0
2022-09-06,167.24,168.15,162.41,163.03,2436320.0
2022-09-07,163.0,171.16,162.97,170.92,1852925.0
2022-09-08,169.3,171.31,168.05,170.92,1234126.0
2022-09-09,171.6,173.24,170.71,172.64,1554818.0
2022-09-12,173.9,175.0,172.54,174.9,1499101.0
2022-09-13,170.07,170.66,166.0,166.3,1516765.0
2022-09-14,166.63,166.8,162.96,164.64,964663.0
2022-09-15,164.22,166.06,161.77,161.81,842497.0
2022-09-16,159.65,159.65,155.93,157.64,1732054.0
2022-09-19,156.31,159.86,156.05,159.8,705846.0
2022-09-20,157.75,157.75,155.19,156.52,789452.0
2022-09-21,157.31,158.62,151.7,151.8,1398718.0
2022-09-22,151.44,152.28,149.43,149.47,1016090.0
2022-09-23,148.27,149.79,147.11,149.26,1109418.0
2022-09-26,148.75,149.32,145.44,146.34,1140723.0
2022-09-27,148.38,148.5,143.34,144.03,1154754.0
2022-09-28,145.15,149.42,143.8,148.73,1533112.0
2022-09-29,146.86,147.75,144.01,145.92,1128502.0
2022-09-30,146.26,147.92,144.22,144.42,1307217.0
2022-10-03,146.59,150.37,145.06,149.13,1610136.0
2022-10-04,151.31,154.68,151.31,153.55,1393304.0
2022-10-05,151.22,152.65,148.32,151.32,1158519.0
2022-10-06,149.99,152.28,148.4,148.67,923760.0
2022-10-07,146.79,147.0,142.76,143.51,803254.0
2022-10-10,144.12,144.36,140.51,141.49,1139290.0
2022-10-11,140.27,144.05,139.19,142.7,1365117.0
2022-10-12,142.7,143.45,140.32,140.53,1340397.0
2022-10-13,137.93,145.1,136.93,144.22,1409939.0
2022-10-14,145.1,145.75,139.4,139.53,1237037.0
2022-10-17,142.74,145.76,142.68,144.7,1512882.0
2022-10-18,148.22,150.22,146.75,148.08,1307100.0
2022-10-19,146.91,147.96,144.61,145.73,1305195.0
2022-10-20,145.38,146.5,141.07,141.99,1323873.0
2022-10-21,142.0,145.98,141.27,145.91,2344452.0
2022-10-24,147.58,150.23,146.83,148.43,1222345.0
2022-10-25,149.24,153.42,149.24,152.99,1052534.0
2022-10-26,153.76,154.88,151.84,152.21,769491.0
2022-10-27,152.92,156.07,152.62,153.16,982770.0
2022-10-28,153.66,158.06,153.04,157.77,1083980.0
2022-10-31,156.86,159.09,156.79,157.07,2108145.0
2022-11-01,146.74,150.49,142.3,142.98,3674253.0
2022-11-02,141.77,143.86,137.12,137.23,2591769.0
2022-11-03,134.41,135.1,131.04,131.35,3096067.0
2022-11-04,134.18,134.99,131.36,134.75,2665626.0
2022-11-07,136.2,138.37,135.29,138.32,1818434.0
2022-11-08,139.42,143.37,138.55,141.49,1711378.0
2022-11-09,140.72,142.21,139.9,140.65,1844431.0
2022-11-10,147.27,152.35,146.15,151.63,1863379.0
2022-11-11,152.29,156.4,151.65,155.68,1320772.0
2022-11-14,154.08,155.58,152.82,152.89,1155806.0
2022-11-15,155.0,156.17,150.48,152.77,1144265.0
2022-11-16,152.58,152.75,149.47,149.8,1366615.0
2022-11-17,148.29,148.29,146.21,147.9,1198764.0
2022-11-18,150.17,151.07,147.17,148.11,1133348.0
2022-11-21,147.69,149.59,147.03,148.32,1421924.0
2022-11-22,148.83,149.09,145.76,148.92,2038686.0
2022-11-23,149.1,150.06,148.47,150.06,1274243.0
2022-11-25,150.43,150.43,148.69,148.95,553353.0
2022-11-28,147.07,148.77,145.38,145.48,1200486.0
2022-11-29,144.71,146.09,144.34,144.91,1059344.0
2022-11-30,144.32,150.61,143.48,149.83,4354936.0
2022-12-01,151.68,153.53,150.28,151.94,1593577.0
2022-12-02,148.25,152.22,147.48,151.36,1703556.0
2022-12-05,149.76,151.58,149.05,150.45,1083010.0
2022-12-06,151.58,151.58,147.31,148.43,1268458.0
2022-12-07,147.92,149.5,147.49,147.97,1210193.0
2022-12-08,148.55,150.05,148.12,149.17,1059484.0
2022-12-09,151.66,152.76,150.3,150.35,1282268.0
2022-12-12,150.8,151.1,148.93,150.51,1511120.0
2022-12-13,155.87,157.18,151.45,152.72,1073904.0
2022-12-14,151.89,153.32,149.0,150.44,1148651.0
2022-12-15,147.75,148.12,144.96,145.34,1375943.0
2022-12-16,144.01,144.88,141.59,144.05,2270453.0
2022-12-19,142.38,143.7,140.47,141.21,1141339.0
2022-12-20,141.22,143.13,140.13,142.84,1340693.0
2022-12-21,144.33,145.22,143.14,144.3,1039243.0
2022-12-22,142.86,143.24,140.61,143.05,1019843.0
2022-12-23,142.65,144.77,142.19,144.54,1025052.0
2022-12-27,145.18,146.71,143.58,145.45,787445.0
2022-12-28,146.33,147.2,143.46,143.8,714644.0
2022-12-29,146.03,148.11,144.03,147.71,896358.0
2022-12-30,146.14,147.23,143.95,145.56,828113.0
2023-01-03,146.23,147.93,145.29,147.21,1069230.0
2023-01-04,149.5,150.44,148.36,149.76,905618.0
2023-01-05,147.81,148.24,144.29,144.83,995833.0
2023-01-06,146.64,149.56,145.35,149.46,1023006.0
2023-01-09,149.05,153.33,147.8,150.22,1043434.0
2023-01-10,150.23,152.29,148.82,152.2,1049704.0
2023-01-11,153.93,154.85,152.71,154.25,1039221.0
2023-01-12,155.38,155.38,152.85,153.38,854282.0
2023-01-13,151.68,154.71,151.53,154.43,728133.0
2023-01-17,155.22,155.22,151.29,153.2,1754699.0
2023-01-18,154.17,154.56,150.21,150.35,1048554.0
2023-01-19,148.37,149.37,147.02,148.6,1134194.0
2023-01-20,148.28,152.96,147.74,152.88,1277932.0
2023-01-23,152.88,155.17,151.24,154.29,1182500.0
2023-01-24,154.37,154.8,152.11,153.67,699082.0
2023-01-25,152.27,152.88,150.32,152.4,754310.0
2023-01-26,151.06,152.52,150.24,151.85,968175.0
2023-01-27,151.0,152.8,150.59,152.33,764138.0
2023-01-30,151.99,152.84,150.29,150.46,758630.0
2023-01-31,150.38,154.9,150.38,154.83,1321126.0
2023-02-01,153.76,156.94,152.83,155.73,834130.0
2023-02-02,156.92,159.57,156.07,159.32,1653630.0
2023-02-03,156.97,157.66,152.86,153.29,1129809.0
2023-02-06,152.22,153.0,151.28,151.69,889973.0
2023-02-07,151.06,152.87,149.93,152.29,1140545.0
2023-02-08,151.56,152.18,150.83,151.22,936038.0
2023-02-09,151.71,152.48,144.73,145.77,1858657.0
2023-02-10,145.2,146.28,143.91,146.02,1410950.0
2023-02-13,146.82,148.16,144.38,147.89,1907030.0
2023-02-14,152.7,159.0,150.47,158.4,2512393.0
2023-02-15,159.47,164.0,158.86,163.95,1703257.0
2023-02-16,160.93,164.96,160.1,161.99,1353203.0
2023-02-17,161.33,162.75,160.54,162.41,1045667.0
2023-02-21,160.82,161.85,157.5,158.19,1285101.0
2023-02-22,158.22,160.35,157.55,159.24,1047760.0
2023-02-23,159.48,160.3,157.25,158.8,1157874.0
2023-02-24,155.88,159.13,155.44,158.58,730282.0
2023-02-27,160.59,161.94,159.22,159.76,880597.0
2023-02-28,160.14,161.26,158.17,159.37,1394622.0
2023-03-01,159.77,160.59,158.21,158.52,886815.0
2023-03-02,157.38,162.11,157.38,161.93,1078658.0
2023-03-03,162.78,163.79,160.79,163.4,892543.0
2023-03-06,164.05,164.05,160.63,161.0,876147.0
2023-03-07,161.2,161.49,157.35,157.82,1031137.0
2023-03-08,157.95,160.78,157.41,159.74,1128307.0
2023-03-09,159.11,161.45,157.37,157.65,1179328.0
2023-03-10,159.12,160.5,156.83,158.07,1467623.0
2023-03-13,155.94,159.28,155.94,157.8,1234750.0
2023-03-14,160.34,161.65,158.11,160.59,1168623.0
2023-03-15,157.17,159.75,156.37,159.23,1375050.0
2023-03-16,158.67,160.0,157.26,158.77,1329851.0
2023-03-17,158.27,158.27,153.87,154.58,2548315.0
2023-03-20,154.56,156.4,154.49,156.29,1737649.0
2023-03-21,157.86,158.34,156.34,157.79,1137904.0
2023-03-22,158.25,159.92,155.59,155.61,1120825.0
2023-03-23,155.73,159.52,155.18,157.04,1253966.0
2023-03-24,157.13,160.93,155.75,160.36,1113882.0
2023-03-27,162.0,162.77,160.06,160.21,926728.0
2023-03-28,159.97,161.16,159.47,160.18,690724.0
2023-03-29,161.86,162.27,160.37,162.23,1075696.0
2023-03-30,162.84,164.24,162.83,163.28,732413.0
2023-03-31,163.62,166.0,163.62,165.53,1716252.0
2023-04-03,165.95,166.74,164.73,166.02,1104520.0
2023-04-04,166.2,166.81,164.0,164.87,1622058.0
2023-04-05,164.42,166.35,163.95,166.1,1747691.0
2023-04-06,164.87,167.15,164.13,167.04,1102448.0
2023-04-10,165.98,166.57,164.55,165.96,907857.0
2023-04-11,166.11,167.25,165.01,165.14,861983.0
2023-04-12,166.36,166.82,163.7,164.25,764091.0
2023-04-13,164.77,166.93,163.61,166.75,841378.0
2023-04-14,166.0,167.0,163.31,164.37,923870.0
2023-04-17,161.62,164.45,161.53,163.95,1346623.0
2023-04-18,164.62,165.22,163.33,164.29,608051.0
2023-04-19,164.2,164.76,163.13,164.66,579074.0
2023-04-20,163.67,164.63,163.18,164.35,615665.0
2023-04-21,164.57,166.11,164.28,165.6,1075224.0
2023-04-24,166.95,167.0,165.18,166.08,747880.0
2023-04-25,164.56,166.48,164.22,164.3,787289.0
2023-04-26,163.32,164.29,162.11,162.58,737199.0
2023-04-27,164.24,166.26,163.13,166.16,720323.0
2023-04-28,166.13,168.26,166.04,167.84,1200545.0
2023-05-01,166.63,169.77,166.63,168.78,1274657.0
2023-05-02,170.29,174.52,167.66,174.28,1831346.0
2023-05-03,175.54,179.76,173.06,173.34,1520852.0
2023-05-04,173.33,174.12,170.3,172.36,1040656.0
2023-05-05,173.17,174.76,172.71,173.67,959567.0
2023-05-08,172.75,173.63,171.96,172.83,845360.0
2023-05-09,171.71,173.24,171.41,172.85,859561.0
2023-05-10,175.0,175.27,172.9,174.93,1204416.0
2023-05-11,175.27,175.27,172.93,174.22,703919.0
2023-05-12,175.35,176.17,172.98,174.19,836369.0
2023-05-15,174.79,174.79,173.2,173.75,604407.0
2023-05-16,173.45,173.57,172.43,172.56,722363.0
2023-05-17,172.81,174.72,171.89,174.45,654400.0
2023-05-18,173.66,175.02,172.01,174.95,938813.0
2023-05-19,174.97,175.75,174.11,175.27,1019667.0
2023-05-22,174.76,175.7,172.85,172.99,738163.0
2023-05-23,171.68,172.16,166.87,167.53,1314761.0
2023-05-24,166.95,168.35,166.81,167.65,834078.0
2023-05-25,167.92,168.42,165.26,166.73,1253346.0
2023-05-26,167.27,167.88,165.56,166.91,705036.0
2023-05-30,167.5,168.18,164.48,165.8,793270.0
2023-05-31,165.09,166.94,164.01,165.05,1872576.0
2023-06-01,165.09,169.79,164.52,169.12,987794.0
2023-06-02,171.61,174.12,170.82,173.1,1079526.0
2023-06-05,172.87,174.93,172.87,173.4,1146135.0
2023-06-06,172.73,173.6,171.87,173.18,978905.0
2023-06-07,172.59,175.96,172.59,175.25,1079073.0
2023-06-08,174.65,177.0,173.95,176.98,1045225.0
2023-06-09,176.83,178.31,175.63,177.48,1071531.0
2023-06-12,177.48,179.59,177.04,179.03,1494651.0
2023-06-13,179.8,181.73,178.65,181.47,962055.0
2023-06-14,181.98,183.28,179.32,179.81,1056506.0
2023-06-15,180.18,182.69,179.03,182.22,805921.0
2023-06-16,182.57,183.2,181.16,182.04,2511265.0
2023-06-20,182.48,182.48,179.3,180.6,959980.0
2023-06-21,179.98,181.07,179.03,180.77,1065406.0
2023-06-22,180.38,180.48,178.3,179.87,811701.0
2023-06-23,179.21,179.36,177.52,178.15,1218275.0
2023-06-26,178.65,180.88,177.13,180.4,651402.0
2023-06-27,180.05,181.53,179.62,180.91,1121996.0
2023-06-28,180.52,181.48,180.03,181.08,797467.0
2023-06-29,181.1,184.36,180.08,183.88,1073859.0
2023-06-30,184.5,187.73,184.02,186.69,1365550.0
2023-07-03,185.63,186.81,184.8,186.58,703538.0
2023-07-05,183.55,185.91,182.97,183.76,1725318.0
2023-07-06,182.66,183.47,180.24,183.13,1281349.0
2023-07-07,182.82,185.46,182.01,183.4,1317251.0
2023-07-10,182.41,185.05,182.22,183.69,889282.0
2023-07-11,184.88,186.99,183.79,184.66,1004348.0
2023-07-12,187.04,187.46,184.86,186.78,903774.0
2023-07-13,186.55,187.29,185.11,186.33,703337.0
2023-07-14,186.33,189.1,185.24,188.46,897454.0
2023-07-17,188.65,189.3,186.87,187.57,802230.0
2023-07-18,187.85,189.9,187.57,188.61,729898.0
2023-07-19,188.61,188.97,186.41,187.28,655604.0
2023-07-20,187.45,188.55,186.86,187.74,612774.0
2023-07-21,187.52,189.47,186.36,189.17,1589186.0
2023-07-24,188.77,191.0,188.77,189.43,827268.0
2023-07-25,190.0,191.26,189.81,190.85,717130.0
2023-07-26,190.57,191.41,188.13,188.96,842329.0
2023-07-27,190.27,190.36,183.77,183.83,1249282.0
2023-07-28,185.33,185.42,182.84,183.58,1267931.0
2023-07-31,184.64,184.64,182.18,183.14,1403799.0
2023-08-01,184.12,187.47,179.5,185.17,2467081.0
2023-08-02,185.48,189.32,183.29,184.91,1445465.0
2023-08-03,184.13,185.2,181.02,181.49,2091167.0
2023-08-04,182.15,185.78,182.07,182.53,1168129.0
2023-08-07,183.46,185.13,182.95,184.51,675323.0
2023-08-08,182.21,185.85,182.21,185.21,989315.0
2023-08-09,185.36,186.24,183.29,183.3,1023997.0
2023-08-10,185.8,185.8,183.99,185.0,1092264.0
2023-08-11,184.7,185.43,184.11,184.36,794040.0
2023-08-14,184.46,184.67,183.21,184.16,844490.0
2023-08-15,183.64,183.64,181.71,181.86,848884.0
2023-08-16,181.78,183.06,181.3,182.3,750905.0
2023-08-17,182.39,184.1,180.97,180.99,945142.0
2023-08-18,180.25,180.96,178.74,179.35,1153904.0
2023-08-21,179.6,181.43,179.04,180.47,769217.0
2023-08-22,180.44,181.47,178.9,180.55,625823.0
2023-08-23,180.48,181.44,177.39,180.02,1297160.0
2023-08-24,179.7,182.81,178.3,178.87,1522036.0
2023-08-25,178.54,181.49,178.54,180.48,630982.0
2023-08-28,181.35,181.77,180.28,180.93,584405.0
2023-08-29,180.74,183.15,179.82,183.05,565135.0
2023-08-30,183.91,184.43,182.86,183.87,516854.0
2023-08-31,184.31,185.22,183.56,183.81,1042565.0
2023-09-01,184.36,184.77,182.25,182.7,613319.0
2023-09-05,182.87,184.61,181.98,182.09,1371781.0
2023-09-06,182.02,182.71,181.06,181.62,693933.0
2023-09-07,180.89,182.5,180.78,181.68,819807.0
2023-09-08,181.33,183.42,181.29,182.06,777183.0
2023-09-11,182.3,184.47,182.3,183.85,738525.0
2023-09-12,183.58,184.24,181.92,182.12,605936.0
2023-09-13,181.27,182.13,180.02,180.24,896017.0
2023-09-14,180.83,180.83,170.89,177.67,2265483.0
2023-09-15,177.65,179.38,177.18,177.96,3205275.0
2023-09-18,177.86,177.86,175.54,175.78,844215.0
2023-09-19,174.66,176.72,174.29,176.31,1087494.0
2023-09-20,176.68,179.11,176.68,177.53,818176.0
2023-09-21,175.46,176.48,171.77,172.1,959606.0
2023-09-22,173.92,173.92,171.68,171.98,966548.0
2023-09-25,171.0,172.5,170.0,172.17,969533.0
2023-09-26,171.56,172.43,168.63,168.96,868872.0
2023-09-27,169.4,170.3,167.0,167.87,1002145.0
2023-09-28,168.4,170.44,168.01,169.27,874720.0
2023-09-29,171.38,171.41,168.65,169.4,1029650.0
2023-10-02,168.57,169.74,166.11,166.9,949315.0
2023-10-03,166.53,167.75,165.15,165.56,1171022.0
2023-10-04,166.15,169.65,165.71,169.61,1208528.0
2023-10-05,169.34,170.02,167.15,168.44,800424.0
2023-10-06,168.27,170.97,166.33,169.54,819077.0
2023-10-09,168.9,169.89,166.96,167.68,812392.0
2023-10-10,167.64,170.56,167.64,169.13,650069.0
2023-10-11,170.56,170.56,168.41,169.75,464704.0
2023-10-12,169.43,169.67,164.8,165.5,839224.0
2023-10-13,165.24,166.85,163.73,164.63,666812.0
2023-10-16,165.41,167.26,164.63,166.31,976653.0
2023-10-17,165.14,167.5,164.75,166.29,736406.0
2023-10-18,164.47,165.53,162.01,162.25,893293.0
2023-10-19,161.49,163.56,160.29,160.34,1298114.0
2023-10-20,161.04,161.59,159.76,159.93,1326289.0
2023-10-23,159.38,160.76,158.76,159.15,1093911.0
2023-10-24,160.07,161.0,159.37,160.25,1316538.0
2023-10-25,159.56,160.6,158.12,158.67,1148853.0
2023-10-26,159.0,161.04,158.33,158.42,1213024.0
2023-10-27,158.1,159.36,156.72,157.44,1077546.0
2023-10-30,158.73,159.63,157.59,159.15,1480751.0
2023-10-31,160.18,168.56,159.15,167.74,2621111.0
2023-11-01,167.14,168.38,165.39,167.21,1862569.0
2023-11-02,167.31,171.63,167.3,171.12,1158745.0
2023-11-03,172.91,176.04,172.51,174.77,1056845.0
2023-11-06,174.66,174.97,173.02,174.47,1050201.0
2023-11-07,174.24,174.93,172.79,174.0,832065.0
2023-11-08,173.47,177.14,173.47,176.69,985804.0
2023-11-09,177.05,177.57,175.63,175.69,1083445.0
2023-11-10,175.89,178.36,175.34,177.9,749117.0
2023-11-13,176.63,179.28,176.63,179.0,649076.0
2023-11-14,181.98,184.65,181.4,183.86,875516.0
2023-11-15,183.67,184.92,182.5,183.29,762023.0
2023-11-16,182.83,186.32,182.83,185.13,991795.0
2023-11-17,185.7,185.85,183.94,184.35,986546.0
2023-11-20,183.85,185.46,182.39,184.98,800894.0
2023-11-21,185.19,187.22,184.95,186.6,784752.0
2023-11-22,186.87,187.86,186.07,186.65,719843.0
2023-11-24,186.24,187.83,186.0,187.24,299436.0
2023-11-27,186.88,189.36,186.13,189.0,929617.0
2023-11-28,188.94,189.48,188.18,188.41,1056961.0
2023-11-29,188.18,189.46,187.86,188.63,969251.0
2023-11-30,189.8,191.95,188.32,191.73,1673256.0
2023-12-01,191.84,193.15,191.14,192.4,1112435.0
2023-12-04,191.56,193.72,191.0,191.44,1642025.0
2023-12-05,190.95,191.2,188.8,190.0,1426160.0
2023-12-06,190.61,192.05,190.01,190.3,1065385.0
2023-12-07,190.95,192.58,189.58,192.42,792511.0
2023-12-08,192.38,192.84,190.93,192.12,726874.0
2023-12-11,191.86,194.32,191.53,193.46,969295.0
2023-12-12,192.99,194.94,192.37,194.02,1322312.0
2023-12-13,194.91,198.64,194.38,198.5,1579708.0
2023-12-14,198.73,201.62,196.21,196.7,1594491.0
2023-12-15,196.71,197.26,194.85,196.78,2716501.0
2023-12-18,197.88,197.88,194.96,196.75,773610.0
2023-12-19,197.35,198.19,196.38,196.84,1025699.0
2023-12-20,196.72,197.57,194.83,194.85,1403974.0
2023-12-21,197.46,197.46,195.26,196.91,936500.0
2023-12-22,197.5,198.68,196.79,197.62,572774.0
2023-12-26,197.61,199.5,197.48,198.64,648962.0
2023-12-27,197.48,199.74,197.48,199.39,528241.0
2023-12-28,199.99,199.99,198.57,198.87,520956.0
2023-12-29,198.69,199.31,197.96,198.35,703677.0
2024-01-02,196.47,198.3,195.2,198.2,1158565.0
2024-01-03,196.84,197.56,195.56,196.12,903662.0
2024-01-04,194.99,197.47,194.99,195.49,1065932.0
2024-01-05,195.85,196.19,194.38,195.25,760085.0
2024-01-08,194.66,196.05,193.46,195.98,960908.0
2024-01-09,194.93,196.19,194.34,195.93,777693.0
2024-01-10,196.06,197.86,196.04,197.39,601019.0
2024-01-11,197.72,198.1,196.05,198.02,847287.0
2024-01-12,199.08,199.11,197.85,198.92,680980.0
2024-01-16,199.3,199.94,197.72,199.04,1078242.0
2024-01-17,197.78,199.36,196.77,197.44,1192830.0
2024-01-18,197.71,200.78,197.71,200.46,1034049.0
2024-01-19,200.62,200.73,198.01,199.87,2739729.0
2024-01-22,200.82,202.21,199.92,200.87,1141390.0
2024-01-23,200.99,202.48,198.79,199.18,1025832.0
2024-01-24,200.15,200.15,196.47,196.62,795884.0
2024-01-25,196.52,198.75,196.52,198.62,788406.0
2024-01-26,198.81,199.69,197.55,198.49,688625.0
2024-01-29,198.39,199.26,197.2,199.25,1070667.0
2024-01-30,199.0,200.96,198.52,200.74,870107.0
2024-01-31,200.2,201.22,197.46,198.22,1715138.0
2024-02-01,197.55,200.04,196.26,200.03,1129789.0
2024-02-02,199.37,200.56,197.05,199.33,1180036.0
2024-02-05,196.54,198.16,195.49,195.55,1769842.0
2024-02-06,195.85,200.29,195.72,199.95,1444477.0
2024-02-07,200.4,203.41,200.4,203.0,1164916.0
2024-02-08,203.0,203.0,201.46,202.89,767656.0
2024-02-09,202.5,203.62,200.5,202.72,997436.0
2024-02-12,202.88,203.97,201.99,202.98,1046834.0
2024-02-13,212.68,221.55,212.68,221.18,3192970.0
2024-02-14,221.04,221.35,216.32,216.97,1966123.0
2024-02-15,217.21,218.0,214.3,216.47,1988692.0
2024-02-16,215.59,217.48,215.02,215.38,1975704.0
2024-02-20,215.2,217.06,213.94,216.39,1188516.0
2024-02-21,217.53,217.91,215.41,216.93,1176988.0
2024-02-22,217.49,220.74,217.23,219.72,1039395.0
2024-02-23,219.98,222.49,218.43,222.34,1435945.0
2024-02-26,222.34,222.34,220.18,220.28,1378380.0
2024-02-27,220.28,222.58,220.18,222.09,1275701.0
2024-02-28,223.77,225.63,221.42,225.01,1166293.0
2024-02-29,225.6,225.69,223.72,224.84,1731609.0
2024-03-01,223.27,226.32,222.65,225.51,1015082.0
2024-03-04,224.67,227.27,224.67,225.9,898383.0
2024-03-05,224.92,226.62,222.98,223.41,1069637.0
2024-03-06,223.48,225.39,222.6,223.54,862750.0
2024-03-07,224.98,226.32,224.06,224.57,879369.0
2024-03-08,224.98,226.27,223.34,223.46,860218.0
2024-03-11,223.37,223.92,221.91,223.9,1422928.0
2024-03-12,223.5,224.21,223.01,223.56,1934450.0
2024-03-13,224.0,226.0,223.62,225.18,825714.0
2024-03-14,225.15,225.83,223.66,224.83,1030664.0
2024-03-15,222.63,227.15,222.63,226.7,3365841.0
2024-03-18,226.93,229.56,226.79,228.12,1243909.0
2024-03-19,229.64,229.64,225.23,227.34,1279531.0
2024-03-20,228.52,229.7,227.31,228.61,1169527.0
2024-03-21,228.8,229.6,227.03,228.82,1388730.0
2024-03-22,228.74,229.8,228.01,229.27,1055191.0
2024-03-25,229.33,229.33,226.79,227.07,1003049.0
2024-03-26,226.93,229.04,226.72,228.23,978964.0
2024-03-27,230.0,231.86,228.26,231.76,1195151.0
2024-03-28,231.57,231.57,230.04,230.9,820952.0
2024-04-01,230.3,230.48,227.15,227.93,905479.0
2024-04-02,227.46,228.48,226.65,227.45,871675.0
2024-04-03,228.38,229.31,227.11,228.26,828567.0
2024-04-04,229.54,230.31,224.46,224.58,960419.0
2024-04-05,225.42,228.37,224.93,227.75,1449680.0
2024-04-08,228.13,228.93,225.45,226.79,935022.0
2024-04-09,227.47,227.6,224.16,225.79,1168271.0
2024-04-10,222.8,224.07,221.01,222.15,1398137.0
2024-04-11,222.34,223.17,220.71,220.75,1053459.0
2024-04-12,221.71,222.32,219.22,221.69,1134523.0
2024-04-15,222.67,223.29,218.37,219.04,965503.0
2024-04-16,219.58,221.76,218.85,220.38,1733417.0
2024-04-17,221.2,221.26,217.64,219.25,911102.0
2024-04-18,219.82,220.46,217.23,219.21,924421.0
2024-04-19,219.51,219.92,217.05,218.16,2586603.0
2024-04-22,218.76,220.15,217.27,219.31,858016.0
2024-04-23,220.04,220.72,218.33,219.66,717047.0
2024-04-24,219.03,221.11,218.81,220.78,710450.0
2024-04-25,219.56,220.88,218.19,219.79,1106781.0
2024-04-26,219.2,221.99,218.25,221.1,1242930.0
2024-04-29,221.99,222.65,219.97,221.67,1252287.0
2024-04-30,226.0,230.21,225.78,226.15,2358233.0
2024-05-01,226.64,227.58,224.18,224.98,801409.0
2024-05-02,224.83,227.77,224.32,226.76,1176259.0
2024-05-03,228.0,228.56,226.08,227.5,1068171.0
2024-05-06,228.2,229.53,226.98,228.95,981106.0
2024-05-07,230.0,233.3,228.82,232.92,1218092.0
2024-05-08,233.94,234.68,232.18,233.23,1449830.0
2024-05-09,233.0,233.93,232.18,233.58,721312.0
2024-05-10,233.93,234.25,232.76,233.52,683475.0
2024-05-13,232.84,234.07,231.7,231.75,1426469.0
2024-05-14,231.22,232.69,230.8,231.9,861019.0
2024-05-15,232.38,233.13,231.8,232.95,614186.0
2024-05-16,233.54,234.13,231.69,232.63,953539.0
2024-05-17,233.58,233.96,232.44,233.66,785099.0
2024-05-20,233.17,235.85,233.17,234.69,638248.0
2024-05-21,236.0,236.0,234.51,235.0,874181.0
2024-05-22,234.87,235.1,233.44,233.7,586963.0
2024-05-23,234.03,234.62,232.26,233.13,687062.0
2024-05-24,233.86,234.59,232.84,234.31,541756.0
2024-05-28,233.6,233.93,228.46,228.9,881235.0
2024-05-29,227.23,227.95,225.88,226.13,851106.0
2024-05-30,225.97,228.92,225.5,228.7,771236.0
2024-05-31,228.7,232.68,227.54,232.2,2435609.0
2024-06-03,231.29,233.38,230.75,232.92,1255992.0
2024-06-04,232.59,235.73,232.35,235.52,997022.0
2024-06-05,235.5,239.66,234.38,239.19,1383691.0
2024-06-06,239.8,240.61,238.14,240.52,1285095.0
2024-06-07,240.0,240.0,238.23,239.19,1071644.0
2024-06-10,238.61,239.29,236.71,238.77,809068.0
2024-06-11,239.2,240.73,237.4,240.61,905962.0
2024-06-12,242.12,243.37,240.91,241.68,1188097.0
2024-06-13,241.05,241.87,239.32,241.53,687737.0
2024-06-14,240.22,241.09,238.15,240.05,709397.0
2024-06-17,239.33,243.37,237.09,243.2,1445255.0
2024-06-18,242.0,245.26,241.63,243.29,1453387.0
2024-06-20,242.98,245.1,241.86,243.89,1569267.0
2024-06-21,245.73,245.73,242.05,243.99,3663747.0
2024-06-24,244.16,245.93,243.81,244.64,1018210.0
2024-06-25,244.01,244.62,240.5,241.18,994755.0
2024-06-26,240.3,241.16,239.47,240.65,712521.0
2024-06-27,240.5,241.0,239.31,239.55,687607.0
2024-06-28,238.59,239.89,237.79,238.0,1806034.0
2024-07-01,238.98,239.49,235.13,235.5,819695.0
2024-07-02,235.95,237.29,234.57,235.65,922394.0
2024-07-03,235.94,236.88,235.2,235.85,678162.0
2024-07-05,236.43,238.41,235.57,238.19,1349550.0
2024-07-08,242.39,244.39,241.4,242.88,1548562.0
2024-07-09,242.11,243.2,241.67,242.25,982113.0
2024-07-10,242.07,243.32,241.68,243.27,844412.0
2024-07-11,244.43,245.77,243.18,244.5,985335.0
2024-07-12,245.08,246.49,244.75,246.12,745633.0
2024-07-15,246.51,246.51,241.24,241.85,729083.0
2024-07-16,242.39,245.37,241.88,245.19,727645.0
2024-07-17,244.99,245.27,242.7,243.32,653835.0
2024-07-18,242.63,245.09,241.45,242.27,609218.0
2024-07-19,243.1,243.72,241.24,243.17,1025980.0
2024-07-22,244.47,246.52,243.63,246.35,679855.0
2024-07-23,247.4,247.4,245.6,246.72,705557.0
2024-07-24,246.75,248.41,244.69,245.43,1230097.0
2024-07-25,245.61,248.6,243.6,243.66,928945.0
2024-07-26,244.68,246.86,243.44,245.24,848663.0
2024-07-29,245.94,249.0,244.76,247.92,1155619.0
2024-07-30,223.28,235.92,220.96,228.86,2968898.0
2024-07-31,234.6,234.65,229.75,230.69,1803191.0
2024-08-01,232.99,240.77,232.99,240.24,1902639.0
2024-08-02,239.54,241.74,234.51,237.2,1660426.0
2024-08-05,236.05,236.91,230.77,231.25,1305784.0
2024-08-06,232.12,237.29,232.12,233.72,1096270.0
2024-08-07,235.04,237.52,231.43,231.55,1484392.0
2024-08-08,233.14,237.34,231.67,237.16,1302973.0
2024-08-09,236.09,239.35,235.58,237.94,804979.0
2024-08-12,236.78,238.83,236.62,237.24,681422.0
2024-08-13,238.25,241.55,237.36,241.33,1143902.0
2024-08-14,241.0,241.48,238.46,239.47,861850.0
2024-08-15,240.44,241.28,239.13,239.94,882940.0
2024-08-16,240.66,241.4,239.14,240.66,816703.0
2024-08-19,241.0,242.21,240.2,242.21,749119.0
2024-08-20,243.0,243.4,242.0,242.57,900621.0
2024-08-21,242.52,246.71,242.22,246.55,662242.0
2024-08-22,247.09,247.58,245.17,246.23,713486.0
2024-08-23,247.09,247.86,245.12,247.23,538388.0
2024-08-26,245.84,248.0,245.6,247.07,689235.0
2024-08-27,247.19,248.92,246.52,248.65,750367.0
2024-08-28,249.31,250.89,248.46,249.61,724979.0
2024-08-29,250.29,251.07,248.31,250.09,641464.0
2024-08-30,250.93,253.54,249.0,253.18,1459154.0
2024-09-03,250.73,252.29,246.65,247.93,1007310.0
2024-09-04,248.75,250.69,246.32,246.88,820610.0
2024-09-05,246.2,246.88,244.39,246.7,833781.0
2024-09-06,246.42,247.24,244.28,245.05,723080.0
2024-09-09,247.01,249.32,246.57,249.19,1081382.0
2024-09-10,249.92,250.94,247.73,250.7,597279.0
2024-09-11,250.0,250.0,243.93,249.42,1013239.0
2024-09-12,249.02,251.21,246.72,250.69,868789.0
2024-09-13,249.16,252.24,247.8,250.54,687979.0
2024-09-16,252.11,253.57,250.79,253.2,853110.0
2024-09-17,252.56,253.09,249.73,250.46,958739.0
2024-09-18,251.01,251.01,248.11,248.53,896429.0
2024-09-19,250.87,253.17,249.01,251.21,698917.0
2024-09-20,250.3,251.46,248.64,251.44,2334427.0
2024-09-23,252.31,255.29,252.21,254.85,842546.0
2024-09-24,254.31,255.99,253.17,254.26,753359.0
2024-09-25,254.0,255.98,253.75,254.82,1033292.0
2024-09-26,254.79,256.59,254.2,255.76,1185701.0
2024-09-27,255.76,256.57,254.07,254.59,772579.0
2024-09-30,254.5,256.02,252.66,255.33,942240.0
2024-10-01,255.6,255.8,252.32,253.55,990657.0
2024-10-02,251.42,254.07,250.04,253.97,790499.0
2024-10-03,253.43,253.43,250.22,250.77,586871.0
2024-10-04,251.06,251.87,248.81,251.02,656247.0
2024-10-07,249.98,250.04,247.74,249.05,718644.0
2024-10-08,250.14,253.0,249.31,252.62,725604.0
2024-10-09,253.36,256.21,252.84,255.68,572266.0
2024-10-10,255.07,256.39,253.16,255.8,742945.0
2024-10-11,255.91,258.0,252.92,254.0,726469.0
2024-10-14,254.0,256.79,253.78,256.44,559694.0
2024-10-15,257.0,261.54,257.0,258.25,848963.0
2024-10-16,257.91,260.83,257.91,259.75,464477.0
2024-10-17,260.45,260.45,256.56,257.1,936516.0
2024-10-18,260.73,262.61,258.9,261.46,1017235.0
2024-10-21,261.46,261.49,258.37,259.19,496036.0
2024-10-22,258.24,260.02,256.98,258.24,924624.0
2024-10-23,258.06,259.98,256.5,258.72,697755.0
2024-10-24,257.5,259.19,256.11,256.34,760815.0
2024-10-25,256.78,258.57,253.02,253.49,621084.0
2024-10-28,256.38,257.56,254.3,256.45,1431977.0
2024-10-29,245.33,255.55,243.19,253.76,1468239.0
2024-10-30,254.73,257.0,252.32,252.6,1322575.0
2024-10-31,251.0,251.94,244.62,245.73,1987222.0
2024-11-01,245.93,246.95,244.29,244.57,1399786.0
2024-11-04,246.32,246.77,242.5,244.5,1027262.0
2024-11-05,244.59,247.22,242.86,246.85,719100.0
2024-11-06,253.48,253.48,244.38,244.71,1230626.0
2024-11-07,246.43,247.01,244.46,246.29,1027239.0
2024-11-08,246.07,250.88,245.84,250.04,1023684.0
2024-11-11,249.97,251.69,249.5,250.56,852649.0
2024-11-12,251.2,251.48,247.7,248.31,1383615.0
2024-11-13,248.38,250.14,247.86,249.9,998135.0
2024-11-14,248.71,249.93,247.44,247.61,792996.0
2024-11-15,246.4,246.65,244.43,245.24,1026017.0
2024-11-18,244.24,246.82,244.24,245.97,787568.0
2024-11-19,244.93,246.08,242.74,244.3,1122821.0
2024-11-20,244.33,245.47,240.11,241.77,1484555.0
2024-11-21,242.79,243.52,241.45,243.42,1751071.0
2024-11-22,244.86,246.85,243.82,245.3,1315248.0
2024-11-25,246.0,247.14,244.6,246.92,2308315.0
2024-11-26,246.48,249.28,244.98,247.38,809371.0
2024-11-27,247.12,249.21,247.01,247.7,648428.0
2024-11-29,247.2,249.45,247.2,248.77,722119.0
2024-12-02,248.95,249.81,246.52,248.45,968236.0
2024-12-03,248.68,249.24,245.8,248.17,947564.0
2024-12-04,246.9,249.16,245.83,248.86,679953.0
2024-12-05,247.6,248.87,246.39,247.98,824276.0
2024-12-06,249.74,252.27,248.93,250.34,931508.0
2024-12-09,249.54,252.26,249.11,249.4,1017256.0
2024-12-10,249.91,250.03,246.57,247.05,1295765.0
2024-12-11,246.81,247.84,245.18,245.46,966691.0
2024-12-12,245.22,249.35,245.22,248.81,929849.0
2024-12-13,248.81,251.62,247.33,250.2,1428304.0
2024-12-16,250.83,251.21,248.01,248.4,1245155.0
2024-12-17,248.8,253.87,245.89,246.17,1801320.0
2024-12-18,244.95,245.1,237.45,237.66,1291034.0
2024-12-19,236.51,239.26,235.43,235.53,1588496.0
2024-12-20,236.15,239.62,234.77,238.29,2427321.0
2024-12-23,237.79,239.23,236.44,239.09,1089558.0
2024-12-24,238.47,240.74,236.41,240.74,323172.0
2024-12-26,240.07,240.07,238.61,239.36,521430.0
2024-12-27,238.55,239.54,236.05,237.76,517409.0
2024-12-30,235.21,236.31,233.07,234.52,723793.0
2024-12-31,235.1,236.15,233.14,234.32,881435.0
2025-01-02,234.78,236.18,230.79,230.93,922503.0
2025-01-03,231.25,233.18,230.1,231.93,916660.0
2025-01-06,231.92,233.26,230.05,231.38,1244173.0
2025-01-07,230.97,233.75,229.47,231.44,1238929.0
2025-01-08,231.86,234.88,230.92,234.57,904659.0
2025-01-10,230.81,233.72,229.52,229.72,1254279.0
2025-01-13,229.12,233.57,227.63,233.46,1368391.0
2025-01-14,233.44,235.19,232.83,233.9,1080082.0
2025-01-15,237.71,238.34,235.13,236.55,1240064.0
2025-01-16,237.37,239.36,236.59,239.15,1031572.0
2025-01-17,240.59,241.85,237.41,237.42,2312522.0
2025-01-21,237.77,241.17,236.64,241.07,1267429.0
2025-01-22,241.09,243.1,239.02,241.63,1058751.0
2025-01-23,241.8,243.14,239.66,242.92,811299.0
2025-01-24,242.2,243.81,241.55,242.06,924085.0
2025-01-27,241.43,246.83,240.6,246.2,1276191.0
2025-01-28,250.84,253.19,246.98,249.52,1410655.0
2025-01-29,248.7,250.73,246.77,246.93,875044.0
2025-01-30,247.3,252.85,247.08,252.51,1046348.0
2025-01-31,251.29,252.56,249.01,250.19,1017287.0
2025-02-03,247.6,250.8,245.02,249.51,982538.0
2025-02-04,251.14,251.22,247.26,248.84,1253229.0
2025-02-05,250.06,250.68,248.12,249.71,1142492.0
2025-02-06,250.0,250.11,247.1,250.03,1068039.0
2025-02-07,249.22,249.79,247.0,247.4,848802.0
2025-02-10,248.86,248.86,244.58,245.94,2061376.0
2025-02-11,266.84,267.56,260.54,261.23,2964311.0
2025-02-12,258.05,262.57,255.15,262.03,1969223.0
2025-02-13,263.05,267.23,262.05,265.47,1449258.0
2025-02-14,266.07,268.0,264.54,264.74,991756.0
2025-02-18,264.79,267.66,262.98,266.22,1265218.0
2025-02-19,266.35,266.55,263.82,266.24,848878.0
2025-02-20,265.2,267.61,264.07,267.34,936218.0
2025-02-21,267.37,267.79,264.22,264.69,970261.0
2025-02-24,265.23,265.9,263.52,263.81,1033043.0
2025-02-25,264.91,268.15,264.04,265.69,1599951.0
2025-02-26,265.62,268.08,264.69,266.47,849667.0
2025-02-27,265.93,269.23,264.91,267.18,1193870.0
2025-02-28,269.22,270.57,267.66,269.01,2340086.0
2025-03-03,271.18,273.69,269.07,269.82,1464914.0
2025-03-04,269.27,271.29,267.06,267.77,1586018.0
2025-03-05,267.91,271.4,267.38,269.63,1513115.0
2025-03-06,268.31,269.38,265.05,266.25,1467097.0
2025-03-07,264.61,270.14,264.15,269.26,1160222.0
2025-03-10,267.04,271.77,264.75,265.68,1534891.0
2025-03-11,265.6,265.99,258.46,259.06,2276588.0
2025-03-12,259.45,260.48,254.78,255.18,2025397.0
2025-03-13,255.05,256.46,248.25,251.11,2234654.0
2025-03-14,251.0,252.16,247.9,250.96,1944334.0
2025-03-17,249.83,254.14,249.41,251.88,1062586.0
2025-03-18,251.3,253.73,250.31,253.7,2636761.0
2025-03-19,253.63,255.62,252.73,254.12,1780132.0
2025-03-20,252.94,253.48,250.47,251.94,1179658.0
2025-03-21,249.87,251.3,247.23,251.0,3033878.0
2025-03-24,251.0,253.51,249.86,252.62,1468589.0
2025-03-25,253.42,253.42,250.0,251.2,1106866.0
2025-03-26,251.6,253.46,251.6,252.39,1192614.0
2025-03-27,252.87,253.65,251.03,252.68,884820.0
2025-03-28,254.0,254.13,249.2,249.51,775161.0
2025-03-31,249.48,254.45,248.68,253.52,1568142.0
2025-04-01,252.83,254.69,250.47,254.27,1085813.0
2025-04-02,252.33,253.74,251.11,253.66,1054511.0
2025-04-03,252.52,257.55,249.51,250.24,1610840.0
2025-04-04,247.99,251.2,236.55,237.77,2594956.0
2025-04-07,235.72,239.26,226.42,230.33,2325707.0
2025-04-08,234.77,236.32,222.9,225.65,1952340.0
2025-04-09,222.22,238.02,221.62,237.55,1924973.0
2025-04-10,233.78,236.1,227.77,232.55,1610908.0
2025-04-11,230.93,236.87,228.73,235.32,1347642.0
2025-04-14,238.03,239.65,235.83,238.62,1051743.0
2025-04-15,238.03,240.27,237.0,238.18,1661358.0
2025-04-16,237.08,238.93,233.96,235.96,1868731.0
2025-04-17,238.19,240.85,235.78,238.73,1409283.0
2025-04-21,238.09,238.27,229.39,231.51,834073.0
2025-04-22,233.73,237.3,233.73,236.81,1333628.0
2025-04-23,240.36,241.51,236.0,237.95,1093641.0
2025-04-24,237.87,240.36,235.62,239.67,1030516.0
2025-04-25,239.14,239.14,235.93,238.14,899967.0
2025-04-28,239.41,240.99,236.5,239.03,1752929.0
2025-04-29,245.5,247.79,240.92,246.91,1849975.0
2025-04-30,245.05,252.56,243.79,251.43,2042938.0
2025-05-01,249.66,254.92,248.58,252.62,1770548.0
2025-05-02,255.68,257.28,254.85,255.38,1099382.0
2025-05-05,255.22,256.6,253.92,255.1,794532.0
2025-05-06,253.16,255.27,251.66,252.65,858234.0
2025-05-07,252.36,255.02,251.45,254.33,1323533.0
2025-05-08,254.61,257.39,253.1,253.4,1078632.0
2025-05-09,252.81,253.35,250.62,252.67,951169.0
2025-05-12,256.28,258.32,253.19,254.48,1975520.0
2025-05-13,254.09,254.97,251.21,251.5,1290904.0
2025-05-14,251.89,253.0,249.04,250.15,1043628.0
2025-05-15,251.22,256.05,249.76,255.91,872035.0
2025-05-16,255.84,259.14,254.06,259.09,1118208.0
2025-05-19,257.69,261.65,256.55,261.36,1132678.0
2025-05-20,260.0,262.44,259.47,262.38,892061.0
2025-05-21,260.43,262.6,259.68,260.95,1200034.0
2025-05-22,260.55,261.7,258.83,259.66,873551.0
2025-05-23,259.24,261.57,257.45,261.1,796003.0
2025-05-27,261.64,265.54,260.98,265.48,894828.0
2025-05-28,264.12,264.57,261.87,262.75,784612.0
2025-05-29,262.95,264.45,260.8,264.29,1036302.0
2025-05-30,264.04,266.36,262.48,265.62,2497876.0
2025-06-02,265.0,265.47,261.79,265.15,990813.0
2025-06-03,263.34,266.73,262.59,265.42,1431011.0
2025-06-04,266.4,267.85,264.63,267.04,892334.0
2025-06-05,268.03,268.03,265.42,266.93,1006712.0
2025-06-06,268.45,268.98,265.99,267.06,606736.0
2025-06-09,266.77,267.41,264.07,266.35,1453143.0
2025-06-10,266.81,269.89,265.57,269.37,1431879.0
2025-06-11,269.52,269.72,266.62,267.94,1356124.0
2025-06-12,267.72,271.26,266.89,270.95,1156619.0
2025-06-13,267.96,269.31,263.7,264.21,1221136.0
2025-06-16,266.14,267.59,264.37,266.14,852119.0
2025-06-17,263.6,264.9,260.59,261.34,967013.0
2025-06-18,261.98,262.14,260.04,260.22,1150565.0
2025-06-20,261.25,262.01,259.05,261.23,2397152.0
2025-06-23,260.8,266.19,259.67,265.95,1089383.0
2025-06-24,267.31,267.49,264.74,266.84,1024799.0
2025-06-25,265.83,266.8,264.87,266.46,883159.0
2025-06-26,266.98,266.98,262.11,263.25,1751959.0
2025-06-27,263.25,267.96,262.31,267.45,4155676.0
2025-06-30,266.44,269.98,264.98,269.44,1626374.0
2025-07-01,269.48,274.02,267.58,272.61,1056451.0
2025-07-02,272.38,273.28,268.89,272.46,903637.0
2025-07-03,274.0,274.17,271.89,274.09,513655.0
2025-07-07,273.64,273.86,270.41,271.78,868080.0
2025-07-08,270.86,271.98,268.85,268.9,1335662.0
2025-07-09,269.19,270.4,266.38,268.21,1153804.0
2025-07-10,268.09,268.34,265.19,266.79,953961.0
2025-07-11,264.65,267.96,264.23,266.96,966348.0
2025-07-14,266.0,268.49,264.92,268.23,949183.0
2025-07-15,267.88,268.23,264.67,264.83,1146560.0
2025-07-16,264.93,267.75,263.43,267.72,973727.0
2025-07-17,267.17,269.42,266.57,269.01,742009.0
2025-07-18,269.99,269.99,267.21,268.75,1432637.0
2025-07-21,269.11,270.57,267.51,268.11,799312.0
2025-07-22,268.26,270.79,267.72,270.55,1107446.0
2025-07-23,271.45,271.45,267.42,268.5,971369.0
2025-07-24,267.0,270.59,266.09,269.83,1302788.0
2025-07-25,270.22,272.32,268.95,271.75,972465.0
2025-07-28,270.97,272.32,269.07,269.99,1793841.0
2025-07-29,267.12,267.12,255.02,259.39,2264938.0
2025-07-30,260.11,265.91,259.01,263.13,1710221.0
2025-07-31,261.62,266.19,261.48,261.76,1364869.0
2025-08-01,261.77,261.8,259.35,261.01,893771.0
2025-08-04,261.06,264.32,259.61,264.28,716935.0
2025-08-05,265.0,266.68,263.02,266.48,1138914.0
2025-08-06,267.42,269.0,265.52,268.79,981282.0
2025-08-07,270.38,272.0,268.26,269.77,632626.0
2025-08-08,270.1,273.8,269.65,272.87,833178.0
2025-08-11,273.0,274.0,271.57,273.5,943629.0
2025-08-12,274.69,276.66,270.57,276.62,1209732.0
2025-08-13,278.37,281.96,277.16,281.83,1360571.0
2025-08-14,280.91,281.0,278.3,279.98,1191197.0
2025-08-15,280.58,281.03,277.82,280.83,1250289.0
2025-08-18,281.22,282.67,279.42,280.08,1428196.0
2025-08-19,280.31,285.11,280.31,283.66,1000152.0
2025-08-20,283.41,286.04,282.25,285.47,1118583.0
2025-08-21,283.89,284.39,282.23,283.06,1060213.0
2025-08-22,284.39,286.04,283.35,283.73,1149487.0
2025-08-25,283.2,284.1,278.07,278.36,1098258.0
2025-08-26,277.61,279.38,277.26,279.22,1817272.0
2025-08-27,279.07,280.98,278.29,280.38,959479.0
2025-08-28,279.73,280.4,277.45,279.02,852559.0
2025-08-29,279.05,280.09,276.58,277.04,925310.0
2025-09-02,275.26,276.66,274.28,274.79,988835.0
2025-09-03,276.23,276.23,271.81,273.23,1428949.0
2025-09-04,273.11,275.35,272.87,274.94,1526616.0
2025-09-05,276.35,277.5,272.96,273.56,1244000.0
2025-09-08,273.28,275.62,271.39,275.35,1595615.0
2025-09-09,273.82,274.54,270.38,270.66,1367396.0
2025-09-10,269.92,271.62,268.08,269.09,1372987.0
2025-09-11,269.22,275.39,268.72,274.88,930496.0
2025-09-12,272.81,275.17,272.45,272.62,1127122.0
2025-09-15,272.6,273.73,270.6,270.61,1119115.0
2025-09-16,269.71,270.55,263.77,264.06,1254883.0
2025-09-17,265.0,268.0,264.29,265.36,1338932.0
2025-09-18,264.68,266.8,264.24,264.83,2375914.0
2025-09-19,265.5,266.42,263.89,265.48,2441158.0
2025-09-22,264.98,267.84,263.49,267.09,1468059.0
2025-09-23,266.36,268.0,265.24,265.81,1254694.0
2025-09-24,265.63,267.62,265.15,267.0,1778709.0
2025-09-25,267.17,269.15,266.3,267.25,1593411.0
2025-09-26,268.36,273.01,266.75,271.0,1664780.0
2025-09-29,272.0,273.42,270.3,272.91,1885799.0
2025-09-30,273.05,275.22,272.52,273.86,1593741.0
2025-10-01,273.01,273.85,266.87,269.71,1411744.0
2025-10-02,269.0,274.31,268.49,274.0,1425630.0
2025-10-03,273.36,278.57,273.36,276.59,1054607.0
2025-10-06,277.74,280.31,276.0,279.74,949090.0
2025-10-07,279.97,280.81,277.93,278.99,1020813.0
2025-10-08,279.78,282.2,278.01,281.35,919273.0
2025-10-09,280.86,281.28,272.0,272.54,1139054.0
2025-10-10,274.0,276.23,271.76,272.08,1014321.0
2025-10-13,271.74,272.55,269.5,270.22,721256.0
2025-10-14,269.78,274.33,269.11,273.03,1234224.0
2025-10-15,272.67,276.36,271.38,273.7,813443.0
2025-10-16,273.94,275.42,268.79,270.62,1637256.0
2025-10-17,271.0,276.89,270.8,276.75,1881732.0
2025-10-20,277.3,280.58,276.79,280.17,1482712.0
2025-10-21,279.29,280.91,276.84,278.19,1563186.0
2025-10-22,277.59,278.3,275.12,276.0,1959895.0
2025-10-23,276.39,277.29,273.24,275.02,1691219.0
2025-10-24,276.64,277.9,274.67,277.23,1516565.0
2025-10-27,276.9,280.34,275.54,279.71,1715493.0
2025-10-28,279.75,279.75,265.16,268.28,2255392.0
2025-10-29,266.52,267.04,256.74,257.47,1582081.0
2025-10-30,255.34,261.66,255.16,257.1,1659252.0
2025-10-31,256.18,259.32,255.35,256.4,1519736.0
2025-11-03,259.0,259.0,251.74,257.45,1973736.0
2025-11-04,257.33,259.05,255.85,258.66,1625179.0
2025-11-05,259.61,260.33,255.2,258.93,1559953.0
2025-11-06,258.36,260.39,252.36,253.06,1732387.0
2025-11-07,252.82,256.38,252.17,256.13,1728320.0
2025-11-10,256.38,259.08,253.9,258.56,1294720.0
2025-11-11,259.93,262.51,258.24,262.05,899041.0
2025-11-12,262.15,263.86,260.19,261.06,1015556.0
2025-11-13,260.73,263.98,258.01,261.98,1354964.0
2025-11-14,260.75,261.8,258.01,258.58,883152.0
2025-11-17,258.0,258.59,255.1,255.46,994786.0
2025-11-18,254.12,257.44,251.75,255.67,1071582.0
2025-11-19,256.96,261.62,255.91,261.5,1965475.0
2025-11-20,261.93,262.9,260.96,261.74,1694486.0
2025-11-21,262.37,268.67,261.74,267.07,1914722.0
2025-11-24,267.45,269.16,265.89,268.8,2924897.0
2025-11-25,269.77,275.14,268.73,273.46,1744035.0
2025-11-26,273.18,276.12,272.42,274.99,1281356.0
2025-11-28,274.05,276.62,273.13,275.16,608706.0
2025-12-01,273.57,275.94,272.52,272.86,1398157.0
2025-12-02,274.05,274.51,269.74,270.89,1079782.0
2025-12-03,271.32,272.87,264.16,264.33,2431375.0
2025-12-04,264.31,265.3,262.37,264.42,1672037.0
2025-12-05,264.76,265.2,259.13,259.69,1550954.0
2025-12-08,259.7,259.7,256.9,257.15,1625888.0
2025-12-09,257.15,258.83,252.78,253.29,1349182.0
2025-12-10,252.5,258.27,251.77,257.45,1962564.0
2025-12-11,258.14,261.76,257.46,261.33,1023707.0
2025-12-12,262.69,264.01,260.68,263.6,1357367.0
2025-12-15,262.84,263.91,259.36,261.11,1669536.0
2025-12-16,261.08,261.25,258.56,259.53,1310433.0
2025-12-17,258.68,263.4,258.62,261.89,1560598.0
2025-12-18,261.83,266.31,260.0,262.92,1338632.0
2025-12-19,262.05,264.1,260.66,263.59,3308950.0
2025-12-22,264.06,267.99,263.26,267.38,1035042.0
2025-12-23,267.98,267.98,264.16,264.74,864802.0
2025-12-24,264.36,266.0,263.46,265.58,525540.0
2025-12-26,265.0,266.12,263.2,265.75,670940.0
2025-12-29,265.97,266.32,264.09,265.52,1058992.0
2025-12-30,264.72,265.45,263.6,264.48,1008771.0
2025-12-31,264.28,264.9,262.45,262.52,605694.0
2026-01-02,261.2,263.41,259.14,262.64,1119925.0
2026-01-05,261.93,264.6,260.0,263.18,1754615.0
2026-01-06,262.58,272.63,261.57,271.53,1435407.0
2026-01-07,272.49,272.91,267.74,268.75,1250170.0
2026-01-08,266.27,273.54,265.78,271.74,990273.0
2026-01-09,271.46,273.77,270.03,271.73,750543.0
2026-01-12,271.4,273.66,270.0,271.0,853329.0
2026-01-13,270.76,273.68,270.0,273.54,911971.0
2026-01-14,273.0,276.72,272.07,275.65,1276264.0
2026-01-15,277.17,280.0,275.63,277.73,1128964.0
2026-01-16,276.9,277.9,274.48,277.07,1297200.0
2026-01-20,273.74,274.89,271.12,273.0,1186868.0
2026-01-21,275.0,282.47,274.39,279.86,1320751.0
2026-01-22,280.92,281.54,278.7,281.48,976686.0
2026-01-23,281.38,282.35,279.54,281.9,847913.0
2026-01-26,282.84,284.78,281.53,283.67,1222951.0
2026-01-27,282.75,285.0,281.08,284.09,1004204.0
2026-01-28,283.56,284.03,278.87,281.46,1165580.0
2026-01-29,281.42,284.43,278.38,282.83,1199138.0
2026-01-30,283.12,284.91,279.42,281.99,1293780.0
2026-02-02,283.45,285.65,280.97,283.65,986060.0
2026-02-03,282.3,286.01,280.63,282.42,1427670.0
2026-02-04,283.89,289.31,282.85,288.16,1592210.0
2026-02-05,289.31,290.0,285.24,287.19,1293851.0
2026-02-06,287.35,291.08,286.83,290.33,1535655.0
2026-02-09,288.95,289.19,284.82,288.16,1965662.0
2026-02-10,294.38,303.01,285.85,299.62,2287894.0
2026-02-11,299.86,304.3,297.08,303.55,1453980.0
2026-02-12,304.6,306.52,300.62,300.69,1811329.0
2026-02-13,300.65,303.92,298.12,299.17,1067858.0
2026-02-17,300.63,304.25,298.51,303.8,1341234.0
2026-02-18,303.61,305.52,300.78,302.59,1268543.0
2026-02-19,301.62,303.52,299.11,301.0,1088486.0
2026-02-20,301.95,304.94,299.6,304.16,1333091.0
2026-02-23,302.22,306.11,300.13,305.67,1102553.0
2026-02-24,308.19,309.27,305.67,308.16,1100082.0
2026-02-25,308.66,309.24,302.84,306.52,1096128.0
2026-02-26,308.02,308.71,303.04,306.76,1187911.0
2026-02-27,305.57,308.36,303.75,308.35,1832604.0
2026-03-02,304.98,305.8,297.91,303.46,1428332.0
2026-03-03,300.0,300.0,292.42,298.46,1528793.0
2026-03-04,297.19,298.85,295.3,297.88,884163.0
2026-03-05,294.91,296.28,284.56,286.93,2209720.0
2026-03-06,283.45,285.0,279.65,282.69,1834081.0
2026-03-09,278.41,282.48,274.74,281.86,1639915.0
2026-03-10,281.66,285.26,279.9,281.39,2354126.0
2026-03-11,278.99,279.9,275.27,277.0,1551887.0
2026-03-12,275.24,278.38,274.42,275.89,1503873.0
2026-03-13,278.22,279.13,273.61,274.18,1342505.0
2026-03-16,279.45,279.7,272.22,273.11,1547774.0
2026-03-17,274.15,274.2,269.5,272.59,1333799.0
2026-03-18,269.52,270.48,261.5,261.84,1728040.0
2026-03-19,259.54,260.43,252.66,258.7,2362765.0
2026-03-20,257.03,259.05,254.34,256.48,2877651.0
2026-03-23,259.12,264.04,257.03,261.13,1745240.0
2026-03-24,260.0,267.87,258.58,264.49,1744479.0
2026-03-25,268.46,270.9,265.11,268.54,2191570.0
2026-03-26,269.06,269.92,263.28,264.25,1260218.0
2026-03-27,263.42,265.23,260.54,261.37,1720192.0
2026-03-30,262.0,265.45,261.7,262.49,1485942.0
2026-03-31,261.05,266.3,259.76,266.02,1874066.0
2026-04-01,267.45,270.86,265.56,269.54,1095883.0
2026-04-02,265.18,269.11,262.71,264.28,1000578.0
2026-04-06,263.13,267.1,262.48,267.03,826296.0
2026-04-07,265.71,266.53,259.14,262.26,1237576.0
2026-04-08,269.5,273.56,267.79,273.51,1326181.0
2026-04-09,270.37,273.09,268.62,272.47,923626.0
2026-04-10,273.71,274.77,272.0,273.29,1596840.0
2026-04-13,271.73,275.89,269.88,275.2,1712350.0
2026-04-14,274.93,276.94,272.07,273.13,1166523.0
2026-04-15,271.86,273.46,267.54,270.37,1036864.0
2026-04-16,270.1,273.0,267.85,269.23,1441397.0
2026-04-17,270.03,279.0,269.05,274.8,2636643.0
2026-04-20,274.8,278.84,274.16,275.68,1159853.0
2026-04-21,277.04,277.68,269.58,270.84,1109826.0
2026-04-22,271.96,274.12,267.42,268.93,1083578.0
2026-04-23,269.97,272.96,267.23,271.45,796551.0
2026-04-24,270.66,271.52,266.0,269.49,1220085.0
2026-04-27,269.75,269.96,265.95,267.88,1285454.0
2026-04-28,267.84,269.14,259.21,266.96,2145310.0
2026-04-29,262.2,265.92,254.53,256.61,1560133.0
2026-04-30,257.23,262.0,256.0,260.6,1413402.0
2026-05-01,262.48,263.1,258.99,259.51,978347.0
2026-05-04,257.58,261.02,254.83,255.59,1694041.0
2026-05-05,256.93,259.12,254.57,257.65,1145169.0
2026-05-06,262.79,265.79,261.65,263.42,1691293.0
2026-05-07,264.02,265.5,256.44,256.55,1860073.0
2026-05-08,257.58,258.36,251.89,254.22,1869310.0
2026-05-11,255.82,257.37,250.13,251.1,1654046.0
2026-05-12,251.12,252.4,248.75,251.7,1625354.0
2026-05-13,250.79,252.97,248.6,249.62,1757239.0
2026-05-14,250.0,251.07,248.6,248.88,1587647.0
2026-05-15,248.32,250.15,245.25,247.62,1842179.0
2026-05-18,248.36,251.35,246.95,249.21,1542072.0
2026-05-19,246.95,248.02,243.15,245.73,2791751.0
2026-05-20,244.96,250.36,243.21,248.64,2028592.0
2026-05-21,247.4,251.8,244.93,250.18,1471947.0
2026-05-22,251.0,254.04,250.5,253.32,1254713.0
2026-05-26,254.59,255.59,251.95,254.23,1054173.0
2026-05-27,259.56,266.91,258.19,262.58,2606095.0
2026-05-28,259.54,263.95,258.62,260.25,1656717.0
2026-05-29,260.17,260.92,255.63,256.0,2939877.0
2026-06-01,253.27,254.31,247.84,250.47,1307128.0
2026-06-02,250.76,258.55,250.25,256.26,1928957.0
2026-06-03,255.45,260.06,254.21,255.67,1349446.0
2026-06-04,258.45,260.75,254.0,254.33,1158432.0
2026-06-05,256.78,261.29,256.35,257.97,2353703.0
2026-06-08,255.24,260.54,255.0,257.41,2198189.0
2026-06-09,261.88,264.48,260.59,264.44,2244173.0
2026-06-10,265.16,265.16,255.09,256.99,1828284.0
2026-06-11,259.08,264.83,257.5,263.63,1397168.0
2026-06-12,267.7,268.0,261.76,265.41,1935300.0
2026-06-15,268.71,271.15,267.5,268.58,2046158.0
2026-06-16,269.0,276.78,269.0,273.87,2259741.0
2026-06-17,272.19,275.35,267.8,269.06,1738029.0
2026-06-18,270.58,275.44,268.86,269.12,3332730.0
2026-06-22,267.67,271.9,265.92,269.34,1310753.0
2026-06-23,267.9,273.46,267.1,268.66,1724418.0
2026-06-24,272.69,279.77,270.05,276.29,1720836.0
2026-06-25,277.89,283.4,277.0,281.2,1954294.0
2026-06-26,280.3,283.95,277.95,283.65,2958244.0
2026-06-29,281.5,282.26,277.11,278.6,1560238.0
2026-06-30,279.7,280.34,276.58,278.61,1680227.0
2026-07-01,278.33,282.92,277.38,278.37,1231073.0
2026-07-02,278.94,283.41,276.09,283.36,1242744.0
2026-07-06,284.25,284.25,278.5,283.72,1045462.0
2026-07-07,287.04,288.3,281.8,283.08,1301034.0
2026-07-08,278.33,278.34,272.21,274.12,1213463.0
2026-07-09,273.8,275.4,270.37,273.03,1012977.0
2026-07-10,273.64,275.7,272.86,274.31,649607.0
2026-07-13,274.07,275.87,269.61,271.85,847471.0
2026-07-14,271.42,273.03,269.49,269.75,849267.0
2026-07-15,269.4,273.16,268.46,270.25,1037626.0
2026-07-16,269.06,275.74,268.68,275.71,1202052.0
2026-07-17,277.65,281.2,272.09,272.83,1177036.0
2026-07-20,273.57,273.94,266.13,268.65,1147157.0
2026-07-21,267.16,268.32,263.22,264.2,1194397.0
2026-07-22,266.43,267.37,263.05,266.88,1115556.0
2026-07-23,263.07,265.47,261.5,263.14,1224505.0
2026-07-24,263.75,268.83,263.2,268.75,1155123.0
2026-07-27,269.04,272.29,269.0,271.38,1515303.0
2026-07-28,278.0,284.99,275.21,282.9,1889581.0
2026-07-29,285.68,285.68,278.88,283.7,1536343.0
2026-07-30,282.0,283.77,275.75,279.34,1141385.0
2026-07-31,274.4,279.17,272.79,277.63,1656447.0
2026-08-03,280.25,281.86,275.72,279.43,1595431.0
2026-08-04,278.0,283.73,276.32,283.14,1225875.0
2026-08-05,285.0,286.46,282.37,285.47,1309107.0
2026-08-06,286.62,288.45,280.73,283.46,1223215.0
2026-08-07,282.72,287.71,282.2,285.17,1106736.0
2026-08-10,284.25,284.89,281.31,284.4,942890.0
2026-08-11,282.79,286.34,281.62,284.63,724910.0
2026-08-12,282.47,282.85,277.88,278.43,1204857.0
2026-08-13,278.95,279.62,274.53,276.26,874312.0
2026-08-14,276.26,276.93,274.3,276.11,767291.0
2026-08-17,275.0,277.21,273.33,275.84,2384207.0
2026-08-18,276.4,282.15,275.24,280.0,2087563.0
2026-08-19,280.35,285.78,279.1,285.62,1555262.0
2026-08-20,282.44,286.6,280.33,281.48,1862805.0
2026-08-21,281.32,283.64,278.45,281.63,2403380.0
2026-08-24,284.06,287.38,283.89,286.98,1682997.0
2026-08-25,287.05,290.28,285.0,289.54,1779351.0
2026-08-26,290.45,295.33,289.89,290.6,1426744.0
2026-08-27,287.38,288.74,284.42,285.91,1384447.0
2026-08-28,287.73,289.99,285.16,286.75,732392.0
2026-08-31,285.35,286.31,281.33,283.2,1530984.0
2026-09-01,282.71,284.21,279.32,280.25,1356529.0
2026-09-02,281.68,284.96,278.89,279.9,1383324.0
2026-09-03,281.54,283.0,276.15,278.97,929016.0
2026-09-04,276.7,280.5,275.25,279.28,1017320.0
2026-09-08,277.46,280.51,276.0,278.11,1531670.0
2026-09-09,276.0,277.17,272.21,272.21,1051549.0
2026-09-10,270.28,272.24,268.52,271.6,1175267.0
2026-09-11,273.29,277.435,273.29,276.23,2190615.0
