date,open,high,low,close,volume
2004-01-02,70.85,72.15,70.7,71.24,3780500.0
2004-01-05,70.4,71.2,69.9,70.19,6774200.0
2004-01-06,70.0,70.24,69.5,70.13,5398600.0
2004-01-07,69.56,69.88,69.26,69.82,4336100.0
2004-01-08,69.57,69.68,67.92,68.1,5579100.0
2004-01-09,67.9,68.18,67.48,67.58,4468400.0
2004-01-12,67.95,69.09,67.8,68.83,4530300.0
2004-01-13,68.71,68.91,68.2,68.6,3662100.0
2004-01-14,68.35,69.44,68.0,69.2,3862000.0
2004-01-15,69.31,69.52,68.76,69.51,3355400.0
2004-01-16,69.8,70.17,69.65,70.06,4237600.0
2004-01-20,70.1,70.2,69.61,69.75,3605500.0
2004-01-21,69.76,70.8,69.1,70.8,3874500.0
2004-01-22,70.55,71.03,70.25,70.95,3444000.0
2004-01-23,70.98,71.0,69.08,69.46,3936800.0
2004-01-26,69.01,69.39,68.65,68.89,4528300.0
2004-01-27,68.89,69.37,68.35,68.45,3744300.0
2004-01-28,68.6,68.73,66.7,66.92,5062800.0
2004-01-29,66.75,68.59,66.55,68.4,4522100.0
2004-01-30,68.55,68.55,67.21,68.04,3057800.0
2004-02-02,67.78,69.91,67.52,69.05,3619100.0
2004-02-03,69.05,69.67,68.52,69.4,2781200.0
2004-02-04,69.4,70.63,69.05,70.5,4762700.0
2004-02-05,70.99,71.51,70.51,71.45,3950900.0
2004-02-06,71.45,72.89,71.27,72.85,4447700.0
2004-02-09,72.9,73.49,72.26,73.22,3696200.0
2004-02-10,73.22,74.71,72.96,74.54,5371900.0
2004-02-11,74.16,74.7,73.76,74.7,4473800.0
2004-02-12,74.7,74.7,73.35,73.58,5780500.0
2004-02-13,73.59,73.65,72.74,73.5,2437600.0
2004-02-17,73.51,73.57,72.64,72.96,2370200.0
2004-02-18,72.85,72.98,72.04,72.46,2502900.0
2004-02-19,72.71,73.54,72.4,72.65,3383400.0
2004-02-20,72.69,73.25,72.16,72.47,2167700.0
2004-02-23,72.48,72.65,71.76,72.02,1825300.0
2004-02-24,71.96,72.5,71.43,72.37,2661300.0
2004-02-25,72.62,72.86,72.39,72.79,2678600.0
2004-02-26,73.05,73.63,72.96,73.6,2452700.0
2004-02-27,73.46,74.46,70.0,73.94,3223500.0
2004-03-01,73.85,73.85,72.95,73.44,3299300.0
2004-03-02,73.3,73.8,72.23,72.63,1881600.0
2004-03-03,72.6,73.18,71.79,73.08,1630500.0
2004-03-04,73.15,73.17,72.18,73.12,2070700.0
2004-03-05,73.0,73.83,72.73,73.46,2249500.0
2004-03-08,73.6,73.98,72.71,72.8,1997000.0
2004-03-09,72.87,73.1,70.78,71.85,4915200.0
2004-03-10,71.9,71.98,70.34,70.49,3915300.0
2004-03-11,70.48,70.7,69.0,69.17,3918700.0
2004-03-12,69.6,70.93,69.34,70.93,3059000.0
2004-03-15,70.34,70.51,69.4,69.68,3090500.0
2004-03-16,70.0,70.97,70.0,70.67,3043600.0
2004-03-17,70.55,70.57,69.35,69.83,3435900.0
2004-03-18,69.3,70.17,69.02,69.82,2888300.0
2004-03-19,69.42,69.66,68.54,68.63,3000700.0
2004-03-22,68.63,69.23,67.74,67.96,3264000.0
2004-03-23,68.24,68.75,67.51,67.55,3193600.0
2004-03-24,67.65,67.77,66.04,66.49,4967000.0
2004-03-25,66.49,66.49,64.51,65.5,6332700.0
2004-03-26,65.4,65.68,64.65,65.0,5019500.0
2004-03-29,65.25,66.07,65.17,65.6,4241400.0
2004-03-30,66.0,66.18,65.39,65.8,3444300.0
2004-03-31,67.5,68.36,66.8,66.9,5951000.0
2004-04-01,67.4,67.93,67.01,67.6,5346400.0
2004-04-02,68.8,69.4,68.45,68.7,4923500.0
2004-04-05,68.95,69.17,68.32,69.15,3705400.0
2004-04-06,68.65,68.99,68.12,68.78,2050500.0
2004-04-07,68.75,69.89,68.47,69.4,3914400.0
2004-04-08,69.9,70.15,68.21,68.88,3592400.0
2004-04-12,69.48,69.48,68.77,69.21,1516100.0
2004-04-13,69.7,69.82,69.1,69.34,3434100.0
2004-04-14,69.02,70.41,69.02,70.41,3321900.0
2004-04-15,70.98,72.9,70.81,72.9,6059600.0
2004-04-16,72.98,73.35,72.02,72.45,4938300.0
2004-04-19,72.5,73.74,72.5,73.4,4933400.0
2004-04-20,73.4,73.82,72.25,72.25,3665700.0
2004-04-21,72.25,73.85,71.73,73.41,3355900.0
2004-04-22,73.41,74.76,73.02,74.02,3648000.0
2004-04-23,73.77,74.12,72.89,73.15,2891700.0
2004-04-26,73.31,73.93,72.8,73.35,2140300.0
2004-04-27,73.7,74.88,73.42,73.78,2968000.0
2004-04-28,73.65,73.85,73.08,73.65,2685700.0
2004-04-29,73.73,74.67,72.76,73.4,2793700.0
2004-04-30,73.68,74.72,73.43,73.81,3089200.0
2004-05-03,73.82,74.99,73.81,74.64,3010000.0
2004-05-04,74.69,75.97,74.5,75.33,3909600.0
2004-05-05,75.08,75.84,75.0,75.33,2844400.0
2004-05-06,74.8,76.63,74.75,76.26,3639800.0
2004-05-07,76.5,76.95,75.51,75.55,3479000.0
2004-05-10,75.55,76.15,73.58,74.38,5019800.0
2004-05-11,73.95,74.55,73.59,73.85,3235800.0
2004-05-12,73.25,74.0,72.09,73.71,3512400.0
2004-05-13,73.55,73.95,73.07,73.26,2206400.0
2004-05-14,73.26,74.49,72.98,73.85,1971400.0
2004-05-17,72.84,73.35,72.35,72.93,3885500.0
2004-05-18,72.93,73.31,72.27,72.57,2687000.0
2004-05-19,72.7,73.0,71.7,71.88,2757000.0
2004-05-20,72.2,72.56,71.44,72.31,2966200.0
2004-05-21,72.4,72.69,71.5,71.98,2124700.0
2004-05-24,72.1,72.1,70.31,70.77,3351600.0
2004-05-25,70.78,72.24,70.5,72.07,3059400.0
2004-05-26,72.95,73.89,72.75,73.42,4105800.0
2004-05-27,73.95,74.48,73.61,73.96,2397400.0
2004-05-28,73.67,73.95,73.1,73.67,2249400.0
2004-06-01,73.85,74.75,73.67,74.74,2898100.0
2004-06-02,74.95,74.99,74.09,74.5,2447300.0
2004-06-03,74.51,75.4,74.3,74.36,2252400.0
2004-06-04,74.6,75.83,74.5,75.0,2801200.0
2004-06-07,75.65,75.67,74.81,75.66,2056700.0
2004-06-08,75.2,75.65,74.85,75.38,1872800.0
2004-06-09,75.1,75.1,73.46,73.57,3608900.0
2004-06-10,74.0,74.15,73.31,73.64,1700000.0
2004-06-14,73.3,74.05,72.52,72.7,2781700.0
2004-06-15,73.2,73.3,72.4,72.62,2257300.0
2004-06-16,72.8,73.91,72.6,73.2,2072800.0
2004-06-17,72.9,73.69,72.58,73.54,1998000.0
2004-06-18,73.0,74.07,73.0,73.58,3512800.0
2004-06-21,73.3,73.47,72.67,72.67,1842500.0
2004-06-22,72.67,73.2,72.41,72.93,2621100.0
2004-06-23,72.65,73.49,72.1,73.14,2032300.0
2004-06-24,72.65,73.14,72.52,72.73,1435600.0
2004-06-25,72.15,72.2,71.39,71.4,4148900.0
2004-06-28,71.75,72.41,71.51,71.7,3116100.0
2004-06-29,71.6,72.13,69.82,70.25,6256700.0
2004-06-30,70.25,70.73,69.47,69.91,5540100.0
2004-07-01,69.91,70.3,68.23,68.93,4751000.0
2004-07-02,68.94,69.81,68.78,69.37,3236700.0
2004-07-06,69.17,69.17,68.13,68.28,2614600.0
2004-07-07,67.78,68.48,67.06,67.53,3196200.0
2004-07-08,67.51,69.57,67.51,67.88,3601600.0
2004-07-09,68.0,68.23,66.8,67.0,3123200.0
2004-07-12,67.01,68.4,66.97,68.12,2949900.0
2004-07-13,68.12,68.53,68.03,68.43,2939000.0
2004-07-14,68.15,69.08,67.8,67.99,2172700.0
2004-07-15,68.1,68.32,66.77,66.83,3579500.0
2004-07-16,66.84,67.2,65.64,66.3,3919100.0
2004-07-19,66.28,66.38,65.51,65.53,3247200.0
2004-07-20,65.3,65.64,64.14,64.67,5220600.0
2004-07-21,64.9,66.94,64.8,65.28,4294600.0
2004-07-22,64.1,66.0,64.05,64.74,3993100.0
2004-07-23,63.25,64.16,62.63,62.71,5203400.0
2004-07-26,63.1,63.11,61.64,62.14,3893300.0
2004-07-27,62.5,63.95,62.27,63.07,5439800.0
2004-07-28,62.86,63.84,62.01,63.69,4209900.0
2004-07-29,63.35,64.12,63.03,63.64,2867400.0
2004-07-30,63.4,64.37,63.26,63.72,2162100.0
2004-08-02,63.72,64.19,63.36,63.55,1805100.0
2004-08-03,63.6,64.09,63.18,63.22,2581200.0
2004-08-04,64.1,64.49,63.02,63.65,3622100.0
2004-08-05,63.7,63.77,61.3,61.41,3328800.0
2004-08-06,61.02,61.2,60.25,61.0,3792700.0
2004-08-09,61.25,61.3,60.3,60.47,2148600.0
2004-08-10,60.65,61.1,59.78,61.06,3483500.0
2004-08-11,60.21,62.7,60.21,62.6,3920000.0
2004-08-12,62.41,62.84,61.6,62.06,2507200.0
2004-08-13,62.25,62.67,61.52,61.57,3076200.0
2004-08-16,61.97,63.2,61.77,63.09,2859300.0
2004-08-17,63.08,63.43,62.51,62.83,2658500.0
2004-08-18,62.98,64.68,62.55,64.56,3489600.0
2004-08-19,64.56,64.56,63.2,64.35,3401400.0
2004-08-20,64.35,64.74,64.21,64.5,2296300.0
2004-08-23,64.5,64.84,64.22,64.4,2011200.0
2004-08-24,64.65,64.92,64.31,64.7,2186200.0
2004-08-25,64.83,64.96,64.32,64.48,2287900.0
2004-08-26,64.19,64.49,63.28,63.53,3415500.0
2004-08-27,63.85,64.56,63.7,64.32,1566500.0
2004-08-30,64.0,64.03,62.99,63.2,2325000.0
2004-08-31,63.35,63.77,62.8,63.45,2014400.0
2004-09-01,63.5,64.18,62.99,64.11,3085700.0
2004-09-02,64.11,65.0,64.0,64.8,1945900.0
2004-09-03,64.89,65.25,64.77,64.98,1998900.0
2004-09-07,65.3,66.5,65.3,66.0,2948900.0
2004-09-08,65.78,66.46,64.9,65.07,2198100.0
2004-09-09,65.32,65.95,65.15,65.73,2713000.0
2004-09-10,65.73,65.96,65.01,65.85,1928000.0
2004-09-13,65.98,66.0,65.45,65.45,2860000.0
2004-09-14,65.46,66.69,65.46,66.46,3820800.0
2004-09-15,66.65,67.3,66.59,67.15,3205900.0
2004-09-16,67.02,67.19,66.67,66.76,2291500.0
2004-09-17,66.98,66.98,66.26,66.39,2637600.0
2004-09-20,66.29,66.44,65.08,65.51,2432600.0
2004-09-21,65.5,65.51,64.85,65.16,3256500.0
2004-09-22,64.65,64.97,63.65,63.92,2874800.0
2004-09-23,64.25,64.45,63.48,63.5,2254100.0
2004-09-24,63.5,64.08,63.24,63.66,1810700.0
2004-09-27,63.67,63.85,62.75,62.9,1893100.0
2004-09-28,63.0,63.05,61.81,62.05,4064100.0
2004-09-29,62.0,62.2,61.2,61.85,3178900.0
2004-09-30,61.3,61.7,59.72,60.05,7016600.0
2004-10-01,60.25,61.83,60.23,61.4,3458300.0
2004-10-04,61.4,62.38,61.4,61.56,3311200.0
2004-10-05,61.71,62.32,61.5,62.01,2190800.0
2004-10-06,62.02,62.03,60.46,61.47,3824700.0
2004-10-07,61.55,61.86,59.39,59.56,5547800.0
2004-10-08,59.5,60.39,59.01,59.08,3905900.0
2004-10-11,59.16,59.5,58.8,59.0,2688200.0
2004-10-12,57.3,58.1,57.07,57.15,6097600.0
2004-10-13,57.15,57.34,55.83,56.3,5223000.0
2004-10-14,56.38,56.99,56.03,56.03,3904300.0
2004-10-15,56.28,57.57,56.03,57.35,6463700.0
2004-10-18,57.0,57.79,57.0,57.4,3307200.0
2004-10-19,57.4,57.5,55.83,56.0,4170800.0
2004-10-20,55.9,56.05,54.82,55.1,6387200.0
2004-10-21,54.26,54.88,52.28,52.64,10637200.0
2004-10-22,52.4,52.86,51.63,51.85,9597700.0
2004-10-25,51.85,52.0,50.34,50.44,6367300.0
2004-10-26,50.35,52.52,50.35,52.45,6071200.0
2004-10-27,53.75,56.58,53.41,56.2,9657400.0
2004-10-28,56.05,56.3,55.32,56.04,5004100.0
2004-10-29,55.81,56.0,53.96,54.91,6141600.0
2004-11-01,54.91,55.55,54.56,55.15,4770400.0
2004-11-02,54.75,56.23,54.73,55.12,5324400.0
2004-11-03,57.7,58.79,56.0,56.63,9225500.0
2004-11-04,56.88,57.44,56.01,57.32,5210900.0
2004-11-05,57.46,58.2,57.15,57.6,4160500.0
2004-11-08,57.2,57.65,56.5,56.95,3422400.0
2004-11-09,56.95,57.34,56.36,56.53,2734800.0
2004-11-10,56.45,56.47,55.45,55.62,3495700.0
2004-11-11,55.6,56.72,55.21,55.99,2785000.0
2004-11-12,56.1,56.29,55.07,56.21,2678900.0
2004-11-15,56.15,57.18,56.0,57.18,3313900.0
2004-11-16,57.18,57.44,56.7,56.81,4602300.0
2004-11-17,57.44,57.5,55.78,55.86,3409200.0
2004-11-18,56.3,56.5,56.03,56.4,2699600.0
2004-11-19,56.65,56.65,55.1,55.22,3332900.0
2004-11-22,55.24,56.2,54.7,56.13,4176100.0
2004-11-23,55.92,56.13,53.83,54.63,4773700.0
2004-11-24,54.95,55.25,54.39,54.79,2881300.0
2004-11-26,54.61,55.39,54.54,54.75,1044600.0
2004-11-29,55.25,55.25,53.45,54.32,5651100.0
2004-11-30,54.0,54.42,53.31,53.33,3590000.0
2004-12-01,53.85,54.47,53.7,54.47,3534200.0
2004-12-02,54.47,55.57,54.2,54.79,3260200.0
2004-12-03,54.9,55.35,54.21,54.5,2690900.0
2004-12-06,54.5,54.85,53.87,54.6,2665700.0
2004-12-07,54.61,55.01,53.64,53.66,2683000.0
2004-12-08,54.35,54.56,53.68,54.34,3757200.0
2004-12-09,53.7,54.76,53.42,54.68,4457800.0
2004-12-10,54.77,55.2,54.62,55.04,4138500.0
2004-12-13,55.45,56.14,55.44,56.05,4242900.0
2004-12-14,56.05,57.34,56.05,57.0,4593900.0
2004-12-15,57.2,57.44,56.44,56.72,3699900.0
2004-12-16,56.8,57.82,56.62,57.4,4659500.0
2004-12-17,55.4,56.15,53.36,56.02,13640700.0
2004-12-20,56.06,56.49,55.01,55.3,5305200.0
2004-12-21,55.31,55.81,55.1,55.81,4070300.0
2004-12-22,55.45,56.8,55.45,56.62,4181300.0
2004-12-23,56.47,57.78,56.41,57.26,3152300.0
2004-12-27,57.37,58.01,57.18,57.18,2406300.0
2004-12-28,57.04,57.67,57.01,57.43,1916200.0
2004-12-29,57.12,57.25,56.73,57.25,2743200.0
2004-12-30,57.45,57.75,57.26,57.5,2532200.0
2004-12-31,56.75,57.14,56.7,56.75,4178300.0
2005-01-03,56.77,57.04,56.2,56.25,3157300.0
2005-01-04,56.6,56.84,55.45,55.5,4277600.0
2005-01-05,55.73,56.19,55.5,56.08,3393900.0
2005-01-06,56.0,56.79,55.89,56.53,2940100.0
2005-01-07,56.53,56.7,56.17,56.26,2948600.0
2005-01-10,56.1,57.09,55.9,56.94,2908000.0
2005-01-11,56.94,57.12,56.4,57.03,3392100.0
2005-01-12,57.07,57.83,56.89,57.78,4472700.0
2005-01-13,57.53,57.75,56.41,56.42,3659900.0
2005-01-14,56.35,57.3,56.28,57.25,3207400.0
2005-01-18,57.25,57.68,56.61,57.54,3080100.0
2005-01-19,57.43,57.68,56.96,57.0,2463400.0
2005-01-20,57.0,57.35,56.11,56.43,3297300.0
2005-01-21,56.2,56.32,55.28,55.32,3470600.0
2005-01-24,55.55,55.68,54.84,54.84,3075500.0
2005-01-25,55.35,55.7,54.78,54.85,3015800.0
2005-01-26,56.25,57.17,55.39,55.5,6320300.0
2005-01-27,55.25,55.82,55.05,55.57,3915200.0
2005-01-28,55.35,55.35,52.86,53.58,5922500.0
2005-01-31,53.74,54.7,53.65,54.24,4901300.0
2005-02-01,54.25,54.77,53.85,54.76,2690100.0
2005-02-02,54.62,55.49,54.42,55.14,2721700.0
2005-02-03,55.14,55.2,54.61,54.87,3401500.0
2005-02-04,54.71,55.35,54.5,55.03,2220300.0
2005-02-07,55.28,56.16,55.15,55.74,2045600.0
2005-02-08,55.2,55.6,55.06,55.4,2800300.0
2005-02-09,55.7,56.12,54.58,54.65,2539100.0
2005-02-10,54.98,55.0,54.5,54.8,1982000.0
2005-02-11,54.64,56.69,54.6,55.5,2713900.0
2005-02-14,55.95,55.98,55.04,55.4,2105300.0
2005-02-15,55.25,55.9,54.95,55.77,3362100.0
2005-02-16,55.52,55.84,55.04,55.43,2534800.0
2005-02-17,55.29,55.69,55.01,55.13,2760300.0
2005-02-18,55.23,55.23,54.35,54.6,4445700.0
2005-02-22,54.67,55.1,54.5,54.56,3842100.0
2005-02-23,54.7,55.04,54.56,54.83,2189200.0
2005-02-24,54.93,55.19,54.57,55.12,2534600.0
2005-02-25,55.03,55.88,54.94,55.83,2425400.0
2005-02-28,55.86,56.3,55.26,56.0,3016200.0
2005-03-01,56.2,56.64,55.97,56.49,2692100.0
2005-03-02,56.08,57.0,55.87,56.35,2889100.0
2005-03-03,56.6,56.6,55.56,56.15,1933300.0
2005-03-04,56.65,56.9,56.02,56.76,3032000.0
2005-03-07,56.99,57.41,56.82,57.32,2819500.0
2005-03-08,57.28,57.42,56.52,56.74,2699900.0
2005-03-09,56.25,56.37,55.3,55.6,4725200.0
2005-03-10,55.6,55.9,55.17,55.56,3238700.0
2005-03-11,55.72,55.75,54.7,54.85,3217300.0
2005-03-14,54.89,55.0,53.53,53.7,5856400.0
2005-03-15,53.95,54.0,52.65,52.7,4783900.0
2005-03-16,52.74,52.97,51.82,52.29,4564800.0
2005-03-17,52.29,52.7,51.83,52.23,3998600.0
2005-03-18,52.23,52.65,51.65,52.52,5215200.0
2005-03-21,52.52,52.65,51.97,51.98,2254100.0
2005-03-22,51.99,52.48,51.8,51.84,3315600.0
2005-03-23,51.8,53.05,51.65,52.78,5705600.0
2005-03-24,52.85,53.47,52.76,52.9,3108000.0
2005-03-28,52.91,52.92,52.06,52.75,3254800.0
2005-03-29,52.55,52.6,51.32,51.73,5910700.0
2005-03-30,52.45,52.83,52.02,52.77,3819200.0
2005-03-31,52.77,52.77,52.05,52.1,2884400.0
2005-04-01,52.3,52.55,51.09,51.19,4281900.0
2005-04-04,51.52,51.75,51.08,51.33,4251800.0
2005-04-05,51.62,53.3,51.62,53.21,4651600.0
2005-04-06,53.35,53.75,52.81,53.56,4341400.0
2005-04-07,53.24,54.44,53.1,54.0,4335400.0
2005-04-08,54.15,54.67,54.01,54.31,4089100.0
2005-04-11,54.31,54.68,54.01,54.37,2860200.0
2005-04-12,54.05,54.1,52.9,53.82,5428200.0
2005-04-13,53.8,57.9,53.44,57.12,17838600.0
2005-04-14,56.88,57.09,55.15,55.16,15798400.0
2005-04-15,59.8,59.89,57.43,58.07,33421300.0
2005-04-18,58.15,59.22,57.76,59.0,12307300.0
2005-04-19,59.0,59.68,59.0,59.45,5896200.0
2005-04-20,59.25,59.7,58.01,58.02,7336300.0
2005-04-21,58.97,58.99,58.03,58.5,5615400.0
2005-04-22,58.25,58.74,58.02,58.4,3968900.0
2005-04-25,58.53,59.19,58.4,58.77,4128300.0
2005-04-26,58.25,58.99,58.13,58.4,3592800.0
2005-04-27,58.2,58.29,57.21,58.23,3413800.0
2005-04-28,58.23,58.5,57.25,58.0,3765300.0
2005-04-29,58.14,58.47,57.7,58.47,4391200.0
2005-05-02,58.7,59.1,57.93,58.91,3552400.0
2005-05-03,59.0,59.98,58.92,59.75,5701800.0
2005-05-04,59.98,60.47,59.51,60.26,5656500.0
2005-05-05,60.1,60.64,59.78,60.44,3436200.0
2005-05-06,60.57,60.98,60.15,60.18,4744800.0
2005-05-09,60.08,60.08,59.44,59.76,3696600.0
2005-05-10,59.41,59.64,59.08,59.13,3303900.0
2005-05-11,58.41,58.98,58.23,58.75,2655700.0
2005-05-12,58.85,59.7,58.8,59.19,2666700.0
2005-05-13,58.63,59.22,58.21,58.76,3003400.0
2005-05-16,58.93,59.7,58.8,59.4,2011500.0
2005-05-17,59.43,59.62,58.89,59.56,1858300.0
2005-05-18,60.0,60.74,59.92,60.36,5411500.0
2005-05-19,60.61,60.83,59.6,59.94,3866200.0
2005-05-20,59.9,59.9,58.61,58.9,5058200.0
2005-05-23,58.69,59.48,58.35,58.72,2943400.0
2005-05-24,58.05,59.29,58.05,58.62,2715500.0
2005-05-25,58.75,59.05,58.31,58.7,2958400.0
2005-05-26,58.78,59.46,58.73,59.1,2621000.0
2005-05-27,58.98,59.26,58.55,59.05,2330900.0
2005-05-31,59.06,59.22,58.27,58.3,3970200.0
2005-06-01,58.3,58.77,58.0,58.45,3177700.0
2005-06-02,58.21,58.34,58.0,58.19,1737200.0
2005-06-03,58.13,58.34,57.65,57.65,3358800.0
2005-06-06,57.75,58.23,57.47,57.69,2193900.0
2005-06-07,58.13,58.93,57.65,57.65,3272500.0
2005-06-08,58.0,58.04,57.1,57.37,3352200.0
2005-06-09,57.48,57.75,56.95,57.07,3242300.0
2005-06-10,57.38,57.6,56.74,56.99,2319500.0
2005-06-13,57.01,57.63,56.5,57.3,2349900.0
2005-06-14,57.22,57.99,57.11,57.65,2494900.0
2005-06-15,57.92,57.95,56.82,57.36,2178400.0
2005-06-16,57.78,58.56,57.59,58.36,3382800.0
2005-06-17,58.91,58.98,58.21,58.52,3758100.0
2005-06-20,58.2,58.55,57.77,58.05,3087500.0
2005-06-21,58.05,58.54,57.97,58.12,2350100.0
2005-06-22,58.2,58.51,57.85,58.32,2413400.0
2005-06-23,58.2,58.45,57.52,57.52,2511500.0
2005-06-24,57.4,57.43,56.9,56.91,2574400.0
2005-06-27,56.6,56.97,56.28,56.44,2571400.0
2005-06-28,56.8,56.9,56.09,56.66,3142600.0
2005-06-29,56.82,56.83,56.27,56.3,2747900.0
2005-06-30,56.47,56.49,55.52,55.71,4200600.0
2005-07-01,55.72,55.98,55.21,55.42,2667600.0
2005-07-05,55.14,55.86,55.01,55.72,2325900.0
2005-07-06,55.75,56.14,55.13,55.63,2907600.0
2005-07-07,54.75,55.39,54.75,55.21,3977200.0
2005-07-08,55.42,56.39,55.19,56.25,3461600.0
2005-07-11,56.7,56.73,56.26,56.62,2572200.0
2005-07-12,56.61,56.83,56.06,56.45,3740900.0
2005-07-13,56.26,56.5,56.07,56.38,2534700.0
2005-07-14,56.37,57.0,56.28,56.94,2977700.0
2005-07-15,56.6,57.13,56.42,56.66,4452000.0
2005-07-18,56.63,56.88,56.24,56.8,1961400.0
2005-07-19,57.15,57.3,56.62,56.72,2879100.0
2005-07-20,56.83,57.4,56.66,57.26,2964600.0
2005-07-21,56.26,56.82,56.0,56.25,6380400.0
2005-07-22,55.75,55.99,54.79,55.0,6476600.0
2005-07-25,55.15,55.28,54.51,54.75,3821500.0
2005-07-26,54.93,55.0,54.35,54.36,2549400.0
2005-07-27,54.4,55.14,54.37,54.91,3047000.0
2005-07-28,55.35,55.78,54.98,55.44,2903400.0
2005-07-29,55.97,56.51,55.9,56.32,5133200.0
2005-08-01,56.33,57.0,56.3,56.69,4310100.0
2005-08-02,56.2,56.28,55.7,56.01,7288000.0
2005-08-03,55.55,55.75,54.56,54.94,6182200.0
2005-08-04,54.75,54.94,53.76,53.9,5871800.0
2005-08-05,53.94,53.98,53.0,53.45,5420700.0
2005-08-08,53.46,53.59,52.84,53.1,3809100.0
2005-08-09,53.25,54.08,53.16,53.84,3490500.0
2005-08-10,54.02,54.41,53.68,53.9,3459200.0
2005-08-11,53.87,53.87,53.5,53.64,3211800.0
2005-08-12,53.36,53.67,53.21,53.41,2238900.0
2005-08-15,53.45,53.54,53.0,53.05,2237600.0
2005-08-16,53.13,53.23,52.63,52.73,3796600.0
2005-08-17,52.65,53.22,52.35,52.78,3847000.0
2005-08-18,52.56,52.65,51.98,52.52,3944500.0
2005-08-19,53.1,53.12,52.45,52.57,3906700.0
2005-08-22,52.8,53.19,52.32,52.71,3117400.0
2005-08-23,53.5,54.13,53.33,53.72,8028400.0
2005-08-24,53.82,54.05,53.2,53.39,4620200.0
2005-08-25,53.21,53.62,53.06,53.5,3425200.0
2005-08-26,53.5,53.66,52.8,53.41,4038700.0
2005-08-29,53.42,54.18,53.22,54.04,3023100.0
2005-08-30,53.9,54.1,53.55,54.07,3803600.0
2005-08-31,54.07,55.07,54.0,55.02,5710800.0
2005-09-01,54.74,54.97,54.18,54.51,3396800.0
2005-09-02,54.8,54.98,54.45,54.75,2571200.0
2005-09-06,55.0,55.63,54.94,55.63,2755300.0
2005-09-07,55.64,56.36,55.53,56.36,3631400.0
2005-09-08,56.0,56.64,55.87,56.45,3879100.0
2005-09-09,56.59,56.94,56.27,56.72,2114500.0
2005-09-12,56.58,57.09,56.53,56.95,2292400.0
2005-09-13,56.65,56.65,55.43,55.52,3936500.0
2005-09-14,55.6,55.96,55.15,55.45,2627600.0
2005-09-15,55.45,55.53,54.74,54.91,2753200.0
2005-09-16,55.08,55.25,54.9,55.2,6656400.0
2005-09-19,54.95,55.0,54.46,54.76,3310100.0
2005-09-20,54.72,54.87,54.09,54.1,4745800.0
2005-09-21,53.7,54.16,53.58,53.69,3911400.0
2005-09-22,53.68,54.25,53.67,53.95,3572700.0
2005-09-23,54.0,54.21,53.65,53.79,2082100.0
2005-09-26,54.0,54.4,52.62,53.29,4467400.0
2005-09-27,53.29,53.79,52.98,53.57,3196700.0
2005-09-28,53.45,53.97,53.18,53.47,3780500.0
2005-09-29,53.5,54.35,53.25,54.29,3882200.0
2005-09-30,53.93,54.0,53.4,53.52,4593000.0
2005-10-03,53.4,53.9,52.85,52.93,3111300.0
2005-10-04,52.88,53.9,52.85,53.61,4017500.0
2005-10-05,53.61,54.25,53.54,53.75,4561000.0
2005-10-06,53.73,54.4,53.54,54.01,6577400.0
2005-10-07,54.0,54.1,53.32,53.41,4114400.0
2005-10-10,53.15,53.27,52.47,52.92,3601800.0
2005-10-11,52.73,52.95,52.1,52.12,4292000.0
2005-10-12,52.34,52.74,51.94,52.18,4044200.0
2005-10-13,51.6,52.84,51.52,52.54,4638400.0
2005-10-14,52.4,53.22,52.0,52.62,3397700.0
2005-10-17,52.3,52.36,51.35,51.53,8623700.0
2005-10-18,51.0,52.05,51.0,51.63,6137400.0
2005-10-19,51.25,51.64,51.09,51.6,6039500.0
2005-10-20,51.5,51.85,50.95,51.25,7670700.0
2005-10-21,51.68,51.7,50.48,50.7,6064300.0
2005-10-24,50.7,51.07,50.5,50.78,7370500.0
2005-10-25,50.77,50.78,49.88,50.31,7503000.0
2005-10-26,50.55,50.74,50.35,50.4,4830000.0
2005-10-27,50.5,50.56,49.97,50.0,2975600.0
2005-10-28,50.3,50.51,49.84,49.99,5316100.0
2005-10-31,50.22,50.26,49.7,49.79,6899700.0
2005-11-01,49.89,50.18,49.75,49.76,5187000.0
2005-11-02,49.8,50.04,49.7,49.9,3032500.0
2005-11-03,50.1,50.57,49.85,50.16,3443200.0
2005-11-04,50.37,50.94,50.21,50.83,3484400.0
2005-11-07,50.99,51.32,50.76,51.1,3678600.0
2005-11-08,51.12,51.95,50.99,51.68,5466300.0
2005-11-09,51.81,52.2,51.5,52.03,4241400.0
2005-11-10,51.75,51.9,51.12,51.4,3910000.0
2005-11-11,51.4,51.63,50.6,50.98,3137100.0
2005-11-14,52.0,52.0,50.14,50.21,3185000.0
2005-11-15,50.2,50.55,50.14,50.44,2565200.0
2005-11-16,50.36,50.4,49.73,49.8,3817800.0
2005-11-17,49.82,50.08,49.47,49.76,4004900.0
2005-11-18,50.74,50.75,49.65,50.34,3984000.0
2005-11-21,50.25,50.87,50.14,50.74,2826900.0
2005-11-22,50.4,50.73,50.15,50.62,3187800.0
2005-11-23,50.44,51.15,50.37,50.85,2847900.0
2005-11-25,50.94,51.0,50.5,50.54,1234800.0
2005-11-28,50.65,50.68,50.08,50.2,3447700.0
2005-11-29,50.4,50.67,50.01,50.05,3316500.0
2005-11-30,50.25,50.74,50.19,50.5,4093700.0
2005-12-01,50.8,51.94,50.75,51.5,5703800.0
2005-12-02,51.5,51.83,51.2,51.57,3676500.0
2005-12-05,51.43,51.74,50.95,51.47,3315100.0
2005-12-06,51.52,52.25,51.44,52.19,4333500.0
2005-12-07,52.0,53.2,51.9,52.95,5542000.0
2005-12-08,52.95,52.95,51.75,52.21,5048400.0
2005-12-09,54.4,55.0,53.31,53.41,10893900.0
2005-12-12,53.9,54.64,53.72,54.47,5061900.0
2005-12-13,54.8,55.81,54.73,55.7,5983600.0
2005-12-14,55.55,56.29,55.5,55.96,4802600.0
2005-12-15,56.15,56.46,56.0,56.28,4769200.0
2005-12-16,56.65,56.9,56.6,56.66,5681100.0
2005-12-19,57.65,58.25,57.3,57.59,7515600.0
2005-12-20,57.65,57.75,56.94,57.02,4233800.0
2005-12-21,57.5,57.74,57.0,57.0,3537500.0
2005-12-22,56.95,57.33,56.88,57.12,2874400.0
2005-12-23,56.9,57.85,56.79,57.7,3199300.0
2005-12-27,57.7,58.04,57.58,57.81,3129300.0
2005-12-28,57.8,57.97,57.39,57.75,2672600.0
2005-12-29,57.73,57.99,57.24,57.46,2599400.0
2005-12-30,56.96,57.0,56.51,56.59,2958800.0
2006-01-03,57.19,57.59,56.15,57.36,3957400.0
2006-01-04,57.48,57.75,56.88,57.08,3960200.0
2006-01-05,57.35,57.44,56.89,57.39,3140600.0
2006-01-06,57.7,58.12,57.09,57.82,3119300.0
2006-01-09,57.88,58.86,57.74,58.58,2952400.0
2006-01-10,58.45,59.0,57.58,58.18,3468900.0
2006-01-11,58.35,58.35,57.61,58.18,1910500.0
2006-01-12,58.28,58.69,57.57,57.95,2706000.0
2006-01-13,58.1,58.5,57.8,57.95,3182900.0
2006-01-17,57.55,57.95,57.11,57.27,3369200.0
2006-01-18,57.22,57.22,56.6,56.98,3168300.0
2006-01-19,57.4,57.81,56.82,57.18,3610600.0
2006-01-20,57.15,57.36,56.71,56.9,5040300.0
2006-01-23,57.08,57.55,56.51,57.21,3364600.0
2006-01-24,57.52,57.9,56.73,57.11,3718400.0
2006-01-25,57.35,57.79,57.15,57.17,4855800.0
2006-01-26,57.5,57.65,56.9,56.93,6852500.0
2006-01-27,56.79,57.7,56.73,57.55,6860800.0
2006-01-30,57.66,57.83,57.21,57.37,3115100.0
2006-01-31,57.15,57.17,56.0,56.62,6509300.0
2006-02-01,56.34,57.0,56.02,56.89,4030600.0
2006-02-02,56.8,57.13,56.12,56.3,3407900.0
2006-02-03,55.94,56.36,55.7,55.86,4062200.0
2006-02-06,55.75,55.85,55.09,55.42,2785700.0
2006-02-07,55.25,55.56,54.6,54.98,3170200.0
2006-02-08,54.84,55.88,54.84,55.7,2623200.0
2006-02-09,55.7,56.83,55.55,56.3,5236600.0
2006-02-10,56.44,56.6,55.75,56.18,3018200.0
2006-02-13,55.78,55.82,54.9,55.35,2859100.0
2006-02-14,55.53,55.8,54.82,55.48,4020100.0
2006-02-15,55.63,56.35,55.25,56.02,2672600.0
2006-02-16,56.03,56.44,55.43,56.36,3050700.0
2006-02-17,56.48,56.5,55.5,55.84,2872700.0
2006-02-21,55.68,56.1,55.45,55.5,2678400.0
2006-02-22,55.8,56.29,55.63,56.1,2446800.0
2006-02-23,55.89,55.97,55.45,55.93,2612000.0
2006-02-24,56.15,56.3,55.81,56.02,2495400.0
2006-02-27,55.91,57.07,55.91,56.73,2480300.0
2006-02-28,56.87,56.9,55.45,55.62,4674700.0
2006-03-01,55.37,55.94,54.85,55.89,3504400.0
2006-03-02,55.89,56.03,55.58,55.75,2350000.0
2006-03-03,55.5,56.37,55.4,55.71,2427000.0
2006-03-06,56.0,56.8,55.78,56.49,4022900.0
2006-03-07,56.49,56.99,56.4,56.61,3413200.0
2006-03-08,56.5,57.51,56.47,57.36,4251000.0
2006-03-09,57.9,57.9,56.86,57.08,3366600.0
2006-03-10,57.46,57.6,56.9,57.25,3524300.0
2006-03-13,57.53,57.65,57.08,57.24,2406300.0
2006-03-14,57.07,57.72,56.85,57.55,3547000.0
2006-03-15,57.3,57.4,56.45,56.97,4035800.0
2006-03-16,57.22,57.38,56.78,57.23,2526400.0
2006-03-17,57.52,57.55,56.94,57.09,3432600.0
2006-03-20,57.79,57.97,57.36,57.42,3008200.0
2006-03-21,57.7,57.85,57.26,57.31,2847700.0
2006-03-22,57.75,58.68,57.59,58.49,3656800.0
2006-03-23,58.28,58.37,57.6,58.04,2720900.0
2006-03-24,58.45,59.24,58.32,58.86,4281800.0
2006-03-27,58.86,58.97,58.21,58.67,3190700.0
2006-03-28,57.19,57.7,56.0,56.38,7624500.0
2006-03-29,56.08,56.32,55.25,56.32,6429200.0
2006-03-30,55.9,56.7,55.64,56.05,3525300.0
2006-03-31,55.9,56.27,55.2,55.3,5139100.0
2006-04-03,55.65,55.9,55.06,55.24,3928500.0
2006-04-04,55.2,55.42,54.64,55.16,5310800.0
2006-04-05,55.41,55.63,54.66,54.87,4407100.0
2006-04-06,55.0,55.2,54.27,54.48,3791500.0
2006-04-07,54.25,54.41,53.36,53.54,4515400.0
2006-04-10,53.6,53.73,53.06,53.37,2488700.0
2006-04-11,53.49,53.5,52.65,53.1,4454200.0
2006-04-12,52.78,53.61,52.5,53.42,3200100.0
2006-04-13,53.25,53.35,52.88,53.27,2174200.0
2006-04-17,53.32,53.32,52.43,53.01,3141100.0
2006-04-18,54.75,54.8,53.95,54.5,7040700.0
2006-04-19,54.79,54.79,54.3,54.65,4100000.0
2006-04-20,54.65,54.75,53.0,53.62,6309600.0
2006-04-21,53.7,53.7,52.64,52.93,5496700.0
2006-04-24,52.83,53.23,52.06,52.56,3766800.0
2006-04-25,52.82,52.82,51.97,52.21,2311600.0
2006-04-26,52.48,52.66,52.05,52.24,2697800.0
2006-04-27,50.92,53.03,50.92,52.75,3522100.0
2006-04-28,52.65,53.2,52.39,52.92,5074700.0
2006-05-01,52.51,52.95,52.13,52.3,3264700.0
2006-05-02,52.2,52.35,51.88,51.93,3541800.0
2006-05-03,51.96,52.23,51.85,51.96,3703600.0
2006-05-04,52.28,52.3,51.03,52.02,7296600.0
2006-05-05,52.42,53.05,52.04,52.94,3183900.0
2006-05-08,52.65,53.32,52.51,52.91,5091300.0
2006-05-09,52.75,52.84,51.96,52.19,3852000.0
2006-05-10,52.39,52.52,51.77,52.06,5319400.0
2006-05-11,51.46,51.99,51.05,51.12,6208300.0
2006-05-12,51.1,51.47,50.26,50.44,5770400.0
2006-05-15,50.5,51.81,50.45,51.77,5138000.0
2006-05-16,51.92,52.2,51.0,51.8,2970900.0
2006-05-17,51.45,52.0,50.65,51.0,4560700.0
2006-05-18,50.92,51.42,50.66,50.76,2729200.0
2006-05-19,51.05,51.05,50.52,51.01,3808600.0
2006-05-22,50.6,51.3,50.6,50.66,3154000.0
2006-05-23,50.51,50.69,50.19,50.41,3252700.0
2006-05-24,50.43,50.95,50.3,50.74,4289700.0
2006-05-25,50.88,51.72,50.74,51.62,4321600.0
2006-05-26,51.98,52.5,51.91,52.27,2989000.0
2006-05-30,52.2,52.5,51.29,51.44,3169400.0
2006-05-31,51.54,51.72,51.02,51.64,3547100.0
2006-06-01,51.62,52.06,51.18,51.99,3185900.0
2006-06-02,51.95,52.44,51.77,52.03,3368000.0
2006-06-05,51.69,51.98,51.25,51.35,3717500.0
2006-06-06,51.6,51.66,50.83,51.15,3745700.0
2006-06-07,51.16,51.93,51.05,51.71,3955300.0
2006-06-08,51.4,51.81,50.89,51.76,5038800.0
2006-06-09,51.75,52.09,51.45,51.74,2365400.0
2006-06-12,52.28,52.36,51.56,51.61,3112300.0
2006-06-13,51.8,52.24,51.54,51.61,3847000.0
2006-06-14,52.25,53.41,52.0,53.17,6665000.0
2006-06-15,53.53,54.14,53.33,54.05,4846100.0
2006-06-16,53.92,54.42,53.9,54.25,4044700.0
2006-06-19,54.48,54.57,54.25,54.49,3272100.0
2006-06-20,54.45,55.08,54.4,54.89,3745300.0
2006-06-21,54.7,54.99,54.52,54.73,3535800.0
2006-06-22,54.71,54.86,54.34,54.59,2529600.0
2006-06-23,54.35,54.44,53.8,54.3,2652600.0
2006-06-26,54.09,54.39,53.83,54.39,1951900.0
2006-06-27,54.24,54.24,53.22,53.47,3313900.0
2006-06-28,53.5,53.78,53.25,53.44,2317400.0
2006-06-29,53.6,54.71,53.5,54.53,3867100.0
2006-06-30,54.54,55.66,54.4,55.27,4833300.0
2006-07-03,55.42,55.9,55.27,55.68,1312600.0
2006-07-05,56.21,56.67,56.0,56.22,5506500.0
2006-07-06,56.1,56.83,56.1,56.67,2662500.0
2006-07-07,56.74,56.97,56.02,56.24,2356100.0
2006-07-10,56.36,56.55,55.97,56.27,1547500.0
2006-07-11,55.89,56.21,55.36,55.93,2716000.0
2006-07-12,56.14,56.3,55.5,55.62,1804500.0
2006-07-13,55.87,55.94,54.57,54.88,3619300.0
2006-07-14,54.62,55.26,54.31,54.56,3346600.0
2006-07-17,54.61,55.16,54.0,54.8,2938700.0
2006-07-18,54.63,55.2,54.33,54.97,2287600.0
2006-07-19,55.06,56.54,55.0,56.08,4102200.0
2006-07-20,56.3,56.88,56.2,56.26,2592400.0
2006-07-21,56.29,56.29,54.27,54.65,8222200.0
2006-07-24,54.69,56.44,54.51,56.01,4400300.0
2006-07-25,56.52,56.52,55.52,55.55,5980900.0
2006-07-26,55.25,55.73,55.0,55.52,3714200.0
2006-07-27,55.77,55.92,55.25,55.66,2258100.0
2006-07-28,55.99,57.18,55.9,56.91,4038300.0
2006-07-31,56.55,56.84,56.38,56.77,3002400.0
2006-08-01,56.4,56.68,55.91,56.29,2742800.0
2006-08-02,56.63,57.47,56.07,56.93,3771900.0
2006-08-03,56.9,57.44,56.57,56.64,2470100.0
2006-08-04,56.7,57.49,55.94,56.27,3157400.0
2006-08-07,56.39,56.39,55.15,55.58,3235300.0
2006-08-08,55.8,55.82,55.01,55.15,2725400.0
2006-08-09,55.44,56.06,54.85,55.0,3701100.0
2006-08-10,55.08,55.51,54.75,55.29,3845800.0
2006-08-11,54.82,54.87,53.83,54.36,2738300.0
2006-08-14,54.56,54.89,54.31,54.42,2694600.0
2006-08-15,55.12,55.48,54.81,55.29,2718200.0
2006-08-16,55.73,55.87,55.44,55.56,2322500.0
2006-08-17,55.36,56.09,55.24,55.95,2972600.0
2006-08-18,55.1,55.16,53.93,55.03,6831300.0
2006-08-21,55.0,55.29,54.66,54.88,2789800.0
2006-08-22,54.75,54.98,54.4,54.98,2566300.0
2006-08-23,55.18,55.46,54.77,55.05,2420500.0
2006-08-24,55.05,55.52,54.95,55.24,2289400.0
2006-08-25,54.92,55.1,54.65,55.06,2255000.0
2006-08-28,54.99,56.25,54.99,55.84,2783800.0
2006-08-29,55.97,56.4,55.9,56.11,3289200.0
2006-08-30,56.11,56.31,55.79,56.06,3539300.0
2006-08-31,56.15,56.19,55.93,55.93,2628600.0
2006-09-01,56.0,56.19,55.58,56.0,3722400.0
2006-09-05,56.22,56.24,55.43,55.72,2510300.0
2006-09-06,55.5,55.53,54.96,55.38,2813900.0
2006-09-07,55.38,55.44,54.72,54.87,2080100.0
2006-09-08,55.07,55.52,54.65,55.26,2339300.0
2006-09-11,54.9,55.22,53.97,54.26,7763300.0
2006-09-12,54.85,55.56,54.71,55.15,7589300.0
2006-09-13,55.39,55.63,54.9,55.21,4639700.0
2006-09-14,54.8,55.18,54.8,54.99,4584300.0
2006-09-15,55.24,55.49,54.47,54.8,18261400.0
2006-09-18,54.78,55.36,54.78,55.15,4754500.0
2006-09-19,55.3,55.3,54.7,55.02,3144800.0
2006-09-20,55.4,56.05,55.08,55.75,4909800.0
2006-09-21,56.2,56.61,55.81,55.97,4653100.0
2006-09-22,55.7,55.99,55.4,55.93,2513100.0
2006-09-25,56.1,56.83,55.73,56.58,4091600.0
2006-09-26,56.7,57.06,56.2,56.85,4049900.0
2006-09-27,56.62,57.2,56.59,57.01,3003700.0
2006-09-28,57.31,57.35,56.73,57.32,2709900.0
2006-09-29,56.0,57.25,55.78,57.0,6465300.0
2006-10-02,56.81,57.14,56.51,56.79,3146600.0
2006-10-03,56.8,57.24,56.56,56.69,2891200.0
2006-10-04,56.5,57.94,56.5,57.6,6750500.0
2006-10-05,57.6,57.9,57.19,57.76,3671900.0
2006-10-06,57.46,57.68,57.08,57.56,3339200.0
2006-10-09,57.39,57.73,57.28,57.51,1518000.0
2006-10-10,57.39,57.56,56.82,57.25,2821800.0
2006-10-11,57.08,57.24,56.73,57.06,3794300.0
2006-10-12,57.06,57.75,57.0,57.55,4319400.0
2006-10-13,57.23,57.45,57.02,57.37,2776700.0
2006-10-16,57.37,57.83,57.25,57.66,2493300.0
2006-10-17,57.46,58.0,57.02,57.55,3237000.0
2006-10-18,57.74,58.48,57.68,58.25,4701600.0
2006-10-19,57.25,58.22,56.82,57.49,6121600.0
2006-10-20,57.46,57.52,56.52,57.24,4776100.0
2006-10-23,56.87,58.05,56.75,57.91,3885100.0
2006-10-24,57.55,57.83,57.38,57.78,3748300.0
2006-10-25,57.74,57.9,57.27,57.49,3309300.0
2006-10-26,57.22,57.75,56.81,57.29,3936400.0
2006-10-27,56.9,57.35,56.59,57.03,4214200.0
2006-10-30,56.91,57.12,56.3,56.32,3780800.0
2006-10-31,56.59,56.66,55.94,56.01,3848900.0
2006-11-01,56.25,56.34,55.64,55.99,5348600.0
2006-11-02,56.0,56.64,55.95,56.37,5291100.0
2006-11-03,56.2,56.44,55.95,56.08,3160700.0
2006-11-06,56.08,56.71,55.89,56.67,3601000.0
2006-11-07,56.75,57.48,56.52,56.98,5023700.0
2006-11-08,56.45,56.71,55.72,56.48,5708300.0
2006-11-09,56.31,56.35,54.59,54.87,11254400.0
2006-11-10,54.87,55.09,53.94,54.14,5895200.0
2006-11-13,53.87,54.44,53.61,54.06,5647000.0
2006-11-14,54.23,54.23,53.36,53.85,7396500.0
2006-11-15,54.0,54.58,53.81,54.37,6522900.0
2006-11-16,53.7,54.8,53.7,54.56,5852800.0
2006-11-17,54.56,55.0,54.3,54.55,6100500.0
2006-11-20,54.25,54.59,53.93,54.38,4203900.0
2006-11-21,54.16,54.38,53.65,54.05,5901500.0
2006-11-22,53.85,54.25,53.8,54.03,3452500.0
2006-11-24,53.9,54.29,53.78,53.9,1668000.0
2006-11-27,53.81,54.06,53.39,53.58,4973300.0
2006-11-28,53.38,54.27,53.38,53.72,4696000.0
2006-11-29,53.94,54.34,53.75,54.04,3561100.0
2006-11-30,53.94,54.21,53.45,53.59,4946800.0
2006-12-01,53.45,53.72,53.24,53.4,4248000.0
2006-12-04,53.59,54.06,53.3,54.03,4571500.0
2006-12-05,54.23,54.79,53.69,54.7,5445100.0
2006-12-06,54.43,54.92,54.1,54.86,4760500.0
2006-12-07,54.1,54.6,53.83,53.99,5768500.0
2006-12-08,53.8,54.12,53.6,54.0,4338200.0
2006-12-11,53.9,54.16,53.75,53.98,3309800.0
2006-12-12,54.08,54.13,53.55,53.9,3725000.0
2006-12-13,54.19,54.2,53.48,53.69,4259400.0
2006-12-14,53.59,54.18,53.59,53.97,3036300.0
2006-12-15,53.99,54.57,53.76,54.52,6476300.0
2006-12-18,53.58,54.1,52.93,53.23,10482400.0
2006-12-19,52.88,53.0,52.34,52.62,8798300.0
2006-12-20,52.5,52.86,52.28,52.4,6010600.0
2006-12-21,52.12,52.4,51.69,51.79,7315800.0
2006-12-22,51.89,51.9,51.13,51.35,8505200.0
2006-12-26,51.4,52.8,51.25,51.78,12241100.0
2006-12-27,51.99,52.3,51.4,52.0,6117500.0
2006-12-28,51.78,52.08,51.71,52.01,3394200.0
2006-12-29,51.73,52.22,51.71,52.1,4311400.0
2007-01-03,52.45,52.88,51.92,52.25,10306200.0
2007-01-04,51.99,52.51,51.9,52.36,6828700.0
2007-01-05,52.52,52.58,51.87,52.04,4114400.0
2007-01-08,52.21,52.21,51.75,51.8,3804200.0
2007-01-09,52.04,52.1,51.75,51.83,6272400.0
2007-01-10,51.59,51.83,51.57,51.66,3400300.0
2007-01-11,51.76,52.33,51.66,52.23,4432200.0
2007-01-12,52.4,52.92,52.27,52.6,5533100.0
2007-01-16,52.8,52.9,52.51,52.88,4181300.0
2007-01-17,52.88,53.17,52.54,52.85,5018000.0
2007-01-18,52.6,53.21,52.6,53.04,3943000.0
2007-01-19,53.3,53.45,52.83,52.96,3837200.0
2007-01-22,52.57,53.12,52.52,52.73,5872300.0
2007-01-23,52.85,52.95,52.47,52.65,4397700.0
2007-01-24,52.74,53.4,52.68,53.33,3934000.0
2007-01-25,53.2,53.3,52.85,53.13,5061100.0
2007-01-26,53.05,53.45,52.6,52.79,3960900.0
2007-01-29,52.9,53.0,52.55,52.85,3472700.0
2007-01-30,52.87,53.0,52.6,52.73,2671200.0
2007-01-31,52.7,54.37,52.55,54.12,10521700.0
2007-02-01,54.65,55.04,54.5,54.77,6648100.0
2007-02-02,54.68,54.78,54.37,54.6,4973400.0
2007-02-05,54.43,54.72,54.03,54.67,5090500.0
2007-02-06,54.6,54.82,54.39,54.64,4486200.0
2007-02-07,54.7,54.78,54.34,54.42,4679100.0
2007-02-08,54.05,54.72,54.05,54.21,3124600.0
2007-02-09,54.2,54.7,54.11,54.23,3591600.0
2007-02-12,54.75,54.75,54.23,54.41,3300438.0
2007-02-13,54.39,54.5,54.05,54.28,3356625.0
2007-02-14,54.37,54.89,54.23,54.86,3773511.0
2007-02-15,54.85,55.11,54.75,54.96,3092000.0
2007-02-16,54.76,55.04,54.57,54.99,3681000.0
2007-02-20,55.03,55.2,54.76,54.97,3228800.0
2007-02-21,54.65,54.8,54.37,54.52,3370600.0
2007-02-22,54.6,54.6,54.01,54.14,3344100.0
2007-02-23,54.0,54.36,53.75,54.21,3381300.0
2007-02-26,54.46,54.66,54.25,54.4,3847822.0
2007-02-27,53.71,54.52,52.58,53.0,8179900.0
2007-02-28,53.52,53.52,52.3,52.59,7685000.0
2007-03-01,52.01,52.52,51.9,52.25,6261332.0
2007-03-02,52.14,52.19,51.71,51.77,6537300.0
2007-03-05,51.48,52.1,51.21,51.63,7572100.0
2007-03-06,51.75,52.28,51.56,52.23,5054300.0
2007-03-07,52.07,52.44,51.65,51.86,4844600.0
2007-03-08,52.11,52.39,52.0,52.36,3297000.0
2007-03-09,52.55,52.92,52.38,52.59,5052100.0
2007-03-12,52.39,53.04,52.25,52.8,3643200.0
2007-03-13,52.37,52.88,52.0,52.07,5432200.0
2007-03-14,52.26,52.3,51.35,51.9,5342900.0
2007-03-15,51.75,52.09,51.53,52.05,3769600.0
2007-03-16,52.15,52.42,51.79,52.18,6181800.0
2007-03-19,52.23,52.72,52.12,52.68,3265250.0
2007-03-20,52.6,52.88,52.38,52.77,3532300.0
2007-03-21,52.65,53.91,52.65,53.82,6668165.0
2007-03-22,53.0,54.28,53.0,54.17,4420100.0
2007-03-23,53.99,54.22,53.39,53.81,3956100.0
2007-03-26,53.49,53.96,53.1,53.71,5206300.0
2007-03-27,53.4,53.6,53.06,53.27,4548400.0
2007-03-28,53.28,53.35,52.62,53.01,5457700.0
2007-03-29,53.2,53.54,52.73,53.41,5333000.0
2007-03-30,53.5,54.08,53.2,53.71,3728028.0
2007-04-02,53.96,54.49,53.9,54.39,6021300.0
2007-04-03,54.15,54.92,54.11,54.75,4308200.0
2007-04-04,54.65,55.24,54.5,55.16,4345959.0
2007-04-05,55.15,55.62,55.06,55.48,2996980.0
2007-04-09,55.43,55.73,55.27,55.58,2295406.0
2007-04-10,55.42,55.73,55.34,55.68,2985180.0
2007-04-11,55.72,55.74,55.29,55.59,3778417.0
2007-04-12,55.6,56.09,55.5,55.94,4002220.0
2007-04-13,56.24,57.0,56.2,56.88,6486815.0
2007-04-16,57.7,58.48,57.01,58.4,10758245.0
2007-04-17,58.4,59.09,58.34,58.87,9279077.0
2007-04-18,58.56,59.36,58.45,59.14,6871470.0
2007-04-19,59.1,60.28,58.65,60.02,9921471.0
2007-04-20,60.34,61.0,60.05,60.56,9629999.0
2007-04-23,60.21,60.28,59.27,59.63,7704252.0
2007-04-24,59.02,59.5,58.9,59.28,5093273.0
2007-04-25,59.6,59.63,59.11,59.51,4655730.0
2007-04-26,58.88,59.88,58.88,59.73,6101130.0
2007-04-27,59.01,59.7,58.99,59.61,2967600.0
2007-04-30,59.98,59.98,58.93,59.13,5198148.0
2007-05-01,59.12,59.39,58.76,58.89,7408973.0
2007-05-02,59.0,59.49,58.77,59.16,4625591.0
2007-05-03,59.45,59.6,58.97,59.14,4162649.0
2007-05-04,59.09,59.74,58.92,59.54,6180344.0
2007-05-07,59.55,59.96,59.54,59.72,4577108.0
2007-05-08,59.64,59.97,59.45,59.83,8534200.0
2007-05-09,59.58,59.78,59.39,59.75,4803720.0
2007-05-10,59.47,59.58,58.64,58.71,6166321.0
2007-05-11,58.71,58.71,57.9,58.43,7569722.0
2007-05-14,58.44,59.35,58.44,59.21,4713186.0
2007-05-15,59.17,59.6,59.08,59.24,4076700.0
2007-05-16,59.26,59.47,58.88,59.11,3939960.0
2007-05-17,58.7,59.17,58.67,59.02,2789681.0
2007-05-18,59.11,59.59,59.0,59.37,3042100.0
2007-05-21,59.4,59.89,59.19,59.62,6837878.0
2007-05-22,59.99,60.0,59.4,59.53,3095700.0
2007-05-23,59.52,59.75,59.29,59.4,2914098.0
2007-05-24,59.9,59.9,59.08,59.19,3900875.0
2007-05-25,58.6,59.5,58.6,59.36,1821550.0
2007-05-29,59.3,59.54,58.8,59.46,3201700.0
2007-05-30,59.01,59.27,58.52,59.24,5105787.0
2007-05-31,59.25,59.39,58.38,58.62,5382738.0
2007-06-01,58.73,58.96,58.42,58.94,3851239.0
2007-06-04,58.94,59.23,58.74,59.16,4873700.0
2007-06-05,59.18,59.21,58.73,59.0,5278498.0
2007-06-06,58.75,59.19,58.15,58.29,5927126.0
2007-06-07,58.09,58.16,56.71,56.93,12169371.0
2007-06-08,56.81,57.15,56.4,57.02,6994900.0
2007-06-11,57.07,57.68,56.79,57.31,4951953.0
2007-06-12,56.88,57.28,56.59,56.78,4327879.0
2007-06-13,56.94,57.32,56.38,56.94,5704600.0
2007-06-14,57.05,57.77,56.8,57.38,4830260.0
2007-06-15,58.0,58.27,57.51,57.72,4939200.0
2007-06-18,57.72,58.0,57.22,57.41,3045324.0
2007-06-19,57.51,57.9,57.4,57.75,4120760.0
2007-06-20,57.58,57.93,56.69,56.77,4926598.0
2007-06-21,56.94,56.94,56.1,56.81,4106985.0
2007-06-22,56.66,56.77,55.58,55.8,5704263.0
2007-06-25,56.24,56.35,55.3,55.48,5931296.0
2007-06-26,55.84,56.08,55.38,55.87,4988026.0
2007-06-27,55.41,56.4,55.4,56.32,5099483.0
2007-06-28,56.37,56.7,56.1,56.18,3416770.0
2007-06-29,56.02,56.41,55.52,55.88,4410611.0
2007-07-02,56.24,56.73,56.1,56.73,3613250.0
2007-07-03,56.97,57.0,56.55,56.79,1495678.0
2007-07-05,56.82,56.96,56.41,56.56,2675608.0
2007-07-06,56.66,56.76,56.2,56.64,3312100.0
2007-07-09,56.78,56.88,55.99,56.04,5284149.0
2007-07-10,55.7,56.05,55.42,55.44,4202000.0
2007-07-11,55.29,55.82,55.15,55.76,3505200.0
2007-07-12,55.8,56.91,55.64,56.79,4292950.0
2007-07-13,57.1,57.15,56.53,56.92,2894038.0
2007-07-16,56.64,57.31,56.64,56.89,3603200.0
2007-07-17,56.66,56.8,56.2,56.4,4295790.0
2007-07-18,56.2,56.25,55.76,56.05,5418229.0
2007-07-19,56.21,56.49,55.81,56.38,4700756.0
2007-07-20,55.76,56.54,55.76,56.03,6857900.0
2007-07-23,56.42,57.27,56.3,57.17,5888895.0
2007-07-24,58.11,58.94,57.15,57.17,10908593.0
2007-07-25,57.0,58.74,57.0,58.44,7315471.0
2007-07-26,57.9,58.19,56.44,56.7,8405053.0
2007-07-27,56.49,56.6,55.01,55.02,6357631.0
2007-07-30,54.94,55.06,54.25,54.77,5848189.0
2007-07-31,55.2,55.25,53.97,54.09,8272847.0
2007-08-01,53.6,54.73,53.53,54.2,6246322.0
2007-08-02,54.23,54.92,54.07,54.6,5117084.0
2007-08-03,54.64,55.29,54.09,54.13,5586149.0
2007-08-06,54.27,56.27,54.13,56.22,7399994.0
2007-08-07,55.84,57.33,55.82,56.52,7510007.0
2007-08-08,56.79,58.43,56.6,58.4,6724592.0
2007-08-09,58.22,59.02,57.55,57.85,8511784.0
2007-08-10,58.37,58.6,56.81,57.16,8071233.0
2007-08-13,56.7,57.2,56.3,56.93,4083200.0
2007-08-14,57.05,57.05,55.21,55.44,5378850.0
2007-08-15,55.45,56.04,54.9,55.18,4974550.0
2007-08-16,54.57,55.14,53.68,54.83,8893600.0
2007-08-17,55.52,56.06,54.87,55.81,6827500.0
2007-08-20,55.79,56.0,54.91,55.63,4859100.0
2007-08-21,55.49,55.63,54.8,55.28,4815500.0
2007-08-22,55.79,55.84,55.02,55.74,4696500.0
2007-08-23,55.98,56.0,55.55,55.87,2757700.0
2007-08-24,55.92,56.61,55.5,56.61,5599500.0
2007-08-27,56.42,56.63,56.31,56.39,3104400.0
2007-08-28,56.27,56.5,55.83,56.1,5497400.0
2007-08-29,56.14,56.37,55.64,56.32,5931500.0
2007-08-30,56.05,56.93,55.93,56.67,4664500.0
2007-08-31,56.93,57.48,56.83,57.35,5655900.0
2007-09-04,57.33,58.22,57.09,58.13,5677500.0
2007-09-05,57.89,57.89,57.11,57.29,4765500.0
2007-09-06,57.6,57.72,57.12,57.45,4073700.0
2007-09-07,56.87,57.33,56.01,56.17,5973200.0
2007-09-10,56.62,56.65,55.8,56.14,4419700.0
2007-09-11,56.26,56.76,55.94,56.6,4067400.0
2007-09-12,56.45,57.14,56.28,57.05,4347800.0
2007-09-13,57.45,57.69,57.01,57.18,4756600.0
2007-09-14,56.92,57.17,56.56,56.82,4993000.0
2007-09-17,56.83,56.83,55.48,55.95,4384500.0
2007-09-18,56.12,57.25,55.89,57.14,4074900.0
2007-09-19,57.31,58.0,56.78,57.53,5495700.0
2007-09-20,57.53,57.65,57.08,57.08,3679000.0
2007-09-21,57.5,57.95,57.08,57.62,4892100.0
2007-09-24,57.89,58.18,57.26,57.53,3286476.0
2007-09-25,57.27,58.0,56.96,57.21,4537800.0
2007-09-26,57.55,58.01,57.32,57.4,5383666.0
2007-09-27,57.6,57.7,56.84,57.37,5710400.0
2007-09-28,57.18,57.43,56.74,56.93,4332100.0
2007-10-01,57.09,58.5,57.04,58.29,5629880.0
2007-10-02,58.38,58.57,57.96,58.42,2889400.0
2007-10-03,58.05,59.15,57.84,58.88,4101400.0
2007-10-04,58.9,59.42,58.9,58.96,4873100.0
2007-10-05,59.3,59.82,59.15,59.47,3760799.0
2007-10-08,59.27,59.41,58.91,59.0,2690300.0
2007-10-09,58.95,59.18,58.5,58.55,4175100.0
2007-10-10,58.53,58.89,58.2,58.4,4350000.0
2007-10-11,58.42,58.87,58.19,58.35,5115700.0
2007-10-12,58.35,58.78,57.98,58.53,2865330.0
2007-10-15,58.62,58.82,57.83,57.94,5585000.0
2007-10-16,57.94,57.95,56.99,57.15,6512400.0
2007-10-17,57.38,57.81,56.6,56.95,6069700.0
2007-10-18,57.1,57.43,56.28,56.65,8366700.0
2007-10-19,56.41,57.17,55.87,56.06,5634500.0
2007-10-22,55.84,56.57,55.73,56.08,5160925.0
2007-10-23,56.41,57.13,56.11,57.13,4419300.0
2007-10-24,56.5,56.75,55.54,56.15,5975500.0
2007-10-25,52.15,53.01,51.8,52.43,22843100.0
2007-10-26,52.52,52.76,52.03,52.68,9437100.0
2007-10-29,52.71,54.0,52.71,53.52,9798600.0
2007-10-30,53.18,54.1,53.09,53.69,5856400.0
2007-10-31,53.83,54.42,53.3,54.15,9714200.0
2007-11-01,53.66,53.99,52.6,52.77,8103300.0
2007-11-02,53.09,53.5,52.52,52.67,11851300.0
2007-11-05,53.06,53.1,51.64,52.16,12331874.0
2007-11-06,52.2,52.64,52.0,52.48,7184342.0
2007-11-07,52.04,52.57,51.45,51.53,5961660.0
2007-11-08,51.59,51.97,51.17,51.62,8351841.0
2007-11-09,51.17,52.08,50.86,51.51,6833168.0
2007-11-12,51.52,52.92,51.25,52.5,6991586.0
2007-11-13,52.41,52.85,51.86,52.64,8527712.0
2007-11-14,52.75,53.58,52.6,53.03,6561500.0
2007-11-15,52.71,52.98,51.95,52.06,6006230.0
2007-11-16,52.31,52.6,51.36,51.81,6753157.0
2007-11-19,51.38,51.68,50.43,50.77,8647458.0
2007-11-20,50.95,50.99,49.87,50.35,6083402.0
2007-11-21,50.04,50.27,49.09,49.09,5994920.0
2007-11-23,49.93,50.82,49.52,50.79,2837140.0
2007-11-26,50.92,50.95,49.5,49.67,4981061.0
2007-11-27,49.83,51.1,49.58,50.91,6762646.0
2007-11-28,51.19,52.33,50.61,52.26,6086804.0
2007-11-29,51.99,53.11,51.85,52.79,6583721.0
2007-11-30,52.51,53.3,52.51,52.95,5926497.0
2007-12-03,52.81,52.95,52.21,52.53,4885675.0
2007-12-04,52.32,52.53,51.75,52.11,5450540.0
2007-12-05,52.7,53.79,52.35,53.49,4862700.0
2007-12-06,54.75,54.75,53.44,53.93,6523365.0
2007-12-07,54.55,54.65,53.72,54.3,4464713.0
2007-12-10,54.34,54.95,54.11,54.78,4606644.0
2007-12-11,54.76,55.34,54.0,54.06,5713496.0
2007-12-12,54.21,54.79,53.66,54.08,7299345.0
2007-12-13,53.71,54.27,53.49,54.18,5670229.0
2007-12-14,53.88,54.18,53.55,53.71,5029360.0
2007-12-17,53.49,53.93,52.96,53.18,4804184.0
2007-12-18,53.47,54.19,53.17,53.49,9406819.0
2007-12-19,53.39,53.74,52.71,53.18,6353375.0
2007-12-20,53.46,53.5,53.08,53.23,5556676.0
2007-12-21,53.6,54.3,53.4,54.23,7523389.0
2007-12-24,54.29,54.5,53.91,54.49,1468871.0
2007-12-26,54.21,54.39,53.97,54.31,2919515.0
2007-12-27,54.2,54.2,53.4,53.88,3371594.0
2007-12-28,53.73,54.15,53.71,54.05,3033836.0
2007-12-31,53.77,53.85,53.13,53.39,3970725.0
2008-01-02,53.46,53.78,52.21,52.55,5556780.0
2008-01-03,52.72,53.16,52.62,52.99,4513333.0
2008-01-04,52.54,52.83,51.68,51.8,6186491.0
2008-01-07,52.21,54.73,52.17,54.55,10376814.0
2008-01-08,54.82,57.22,54.41,56.06,12197997.0
2008-01-09,56.05,57.13,56.05,56.86,9577316.0
2008-01-10,56.55,57.12,56.07,56.85,6288228.0
2008-01-11,56.41,57.13,56.22,56.81,5360577.0
2008-01-14,57.22,57.52,56.89,57.18,5563800.0
2008-01-15,57.0,57.12,56.21,56.59,5884446.0
2008-01-16,56.3,57.17,55.93,56.07,7974374.0
2008-01-17,56.12,56.3,54.7,54.84,9679396.0
2008-01-18,54.69,55.1,53.4,53.71,10013580.0
2008-01-22,51.1,53.0,50.05,52.17,10933050.0
2008-01-23,50.74,52.21,50.21,52.18,8778276.0
2008-01-24,52.21,52.75,50.97,51.32,13003027.0
2008-01-25,51.72,51.75,50.37,50.74,9579069.0
2008-01-28,50.84,51.63,50.56,51.4,7076520.0
2008-01-29,52.92,52.92,52.02,52.31,9264388.0
2008-01-30,52.2,52.35,51.2,51.35,7360903.0
2008-01-31,50.66,51.77,50.42,51.39,9969686.0
2008-02-01,51.22,52.5,51.22,51.66,7374768.0
2008-02-04,51.67,52.37,51.37,52.08,4836380.0
2008-02-05,51.27,52.0,51.12,51.24,5440666.0
2008-02-06,51.49,51.78,50.84,51.4,4101250.0
2008-02-07,51.22,51.56,50.57,51.22,7154655.0
2008-02-08,51.05,51.05,50.0,50.23,4524104.0
2008-02-11,50.17,50.35,49.69,50.23,4222408.0
2008-02-12,50.63,51.23,50.3,51.02,5217668.0
2008-02-13,51.3,51.3,50.17,50.34,6505534.0
2008-02-14,50.25,50.34,49.6,49.98,5213558.0
2008-02-15,49.77,50.95,49.63,50.82,6480571.0
2008-02-19,50.96,51.25,50.15,50.3,5914799.0
2008-02-20,49.96,50.41,49.5,50.37,4290215.0
2008-02-21,50.64,50.8,49.64,49.82,5472687.0
2008-02-22,51.31,51.31,49.64,50.51,9058941.0
2008-02-25,50.44,51.39,50.23,51.3,5266845.0
2008-02-26,51.05,52.51,51.05,52.45,8059901.0
2008-02-27,52.04,52.33,51.55,51.83,3648591.0
2008-02-28,50.36,51.23,50.05,50.93,4396744.0
2008-02-29,50.47,50.71,49.67,50.02,6902527.0
2008-03-03,50.05,50.26,49.75,50.19,4099692.0
2008-03-04,49.82,50.22,49.74,50.01,5862429.0
2008-03-05,50.01,50.62,49.86,50.42,4520536.0
2008-03-06,50.08,50.25,49.65,49.68,4446316.0
2008-03-07,49.66,50.24,49.38,49.7,7275562.0
2008-03-10,49.7,50.81,49.03,49.42,7032649.0
2008-03-11,50.43,50.7,49.73,50.59,7442395.0
2008-03-12,50.6,50.72,49.66,49.78,5878869.0
2008-03-13,49.19,49.68,48.56,49.16,6655293.0
2008-03-14,49.42,49.42,47.33,47.77,8420045.0
2008-03-17,46.73,49.24,46.6,48.87,6847347.0
2008-03-18,49.52,49.92,48.8,49.92,5392198.0
2008-03-19,49.54,51.31,49.54,49.97,5758884.0
2008-03-20,50.04,50.05,49.17,49.84,9166276.0
2008-03-24,49.94,50.18,49.58,50.1,5791418.0
2008-03-25,50.02,50.69,49.99,50.17,4567410.0
2008-03-26,50.01,50.4,49.57,50.19,6626700.0
2008-03-27,50.26,50.83,50.26,50.43,4941692.0
2008-03-28,50.58,51.08,50.15,50.29,5339535.0
2008-03-31,50.22,51.78,50.14,51.59,8754472.0
2008-04-01,51.72,52.17,51.53,52.03,7237881.0
2008-04-02,52.05,52.2,51.44,51.76,5531484.0
2008-04-03,51.58,51.97,51.11,51.8,5075298.0
2008-04-04,51.78,52.94,51.6,52.28,5583723.0
2008-04-07,52.76,53.4,52.08,53.06,6127857.0
2008-04-08,52.75,52.92,52.1,52.3,4895396.0
2008-04-09,52.22,52.48,51.65,51.77,5090351.0
2008-04-10,51.67,52.75,51.67,52.39,5458506.0
2008-04-11,52.37,52.37,51.7,51.93,5346576.0
2008-04-14,51.98,52.08,51.56,51.82,4800299.0
2008-04-15,52.0,52.08,51.33,51.55,5602218.0
2008-04-16,52.03,52.64,51.67,52.55,4301356.0
2008-04-17,52.29,52.53,51.25,51.39,6928783.0
2008-04-18,51.9,52.21,51.46,52.07,6223558.0
2008-04-21,50.7,50.75,49.43,49.59,10139486.0
2008-04-22,49.59,49.59,48.26,49.05,8526174.0
2008-04-23,49.14,49.86,48.99,49.19,6545236.0
2008-04-24,49.16,49.49,48.55,49.04,4446973.0
2008-04-25,49.18,49.96,49.11,49.36,4609451.0
2008-04-28,49.55,49.64,49.15,49.36,4913153.0
2008-04-29,49.3,49.3,47.86,48.11,8559839.0
2008-04-30,48.3,48.93,47.96,48.14,6142814.0
2008-05-01,48.17,49.72,48.15,49.72,6267501.0
2008-05-02,49.89,49.9,49.24,49.38,3656439.0
2008-05-05,49.26,49.26,48.69,48.99,3459393.0
2008-05-06,48.71,48.96,48.31,48.75,4277836.0
2008-05-07,48.69,49.13,48.55,48.65,5504612.0
2008-05-08,48.92,48.97,48.25,48.43,5302304.0
2008-05-09,48.44,48.44,47.76,48.25,4292769.0
2008-05-12,48.4,48.98,48.25,48.76,3542041.0
2008-05-13,47.67,48.52,47.5,47.55,5367278.0
2008-05-14,47.67,48.32,47.55,48.3,4371470.0
2008-05-15,48.42,48.76,47.91,48.67,5194226.0
2008-05-16,49.85,49.85,48.55,48.95,5196145.0
2008-05-19,48.99,49.69,48.86,49.53,3779508.0
2008-05-20,49.39,49.77,48.76,48.96,4133280.0
2008-05-21,49.14,49.35,48.03,48.1,4681520.0
2008-05-22,48.36,48.79,47.87,48.48,3106037.0
2008-05-23,48.46,48.46,47.55,47.57,3602738.0
2008-05-27,47.68,48.04,47.61,47.94,2989532.0
2008-05-28,48.1,48.28,47.5,47.85,3520662.0
2008-05-29,47.73,48.92,47.73,48.6,6289917.0
2008-05-30,48.72,48.72,48.0,48.14,4056993.0
2008-06-02,48.28,48.36,47.41,47.59,5930513.0
2008-06-03,47.85,48.46,47.45,48.28,7263288.0
2008-06-04,48.62,49.6,48.62,49.04,7408777.0
2008-06-05,49.64,49.82,48.88,49.46,7862962.0
2008-06-06,49.35,49.35,48.39,48.42,7811843.0
2008-06-09,48.77,48.77,47.8,48.18,6420428.0
2008-06-10,47.75,48.45,47.5,47.94,5166187.0
2008-06-11,47.81,48.25,47.25,47.43,4056346.0
2008-06-12,47.66,48.32,47.55,47.7,4595333.0
2008-06-13,47.92,48.37,47.92,48.33,4298821.0
2008-06-16,47.92,48.33,47.19,47.85,5568528.0
2008-06-17,48.07,48.6,47.74,47.78,3432269.0
2008-06-18,47.7,48.0,46.9,46.97,4217590.0
2008-06-19,47.04,48.03,46.63,47.79,8223328.0
2008-06-20,47.34,48.28,46.73,46.93,7423881.0
2008-06-23,47.04,47.74,47.01,47.6,5429118.0
2008-06-24,46.96,47.1,45.97,46.94,9260310.0
2008-06-25,47.03,47.47,46.8,47.0,6017432.0
2008-06-26,46.56,46.81,45.96,46.02,6517256.0
2008-06-27,46.0,46.31,45.57,45.61,7417818.0
2008-06-30,45.77,46.55,45.36,46.16,5417035.0
2008-07-01,45.67,46.44,45.52,46.1,6454356.0
2008-07-02,46.1,46.69,45.91,46.09,4656085.0
2008-07-03,46.4,47.1,46.31,46.98,4531256.0
2008-07-07,46.91,47.12,45.92,46.21,6096833.0
2008-07-08,46.18,48.62,46.1,48.46,9372746.0
2008-07-09,48.61,49.46,48.24,48.37,6500075.0
2008-07-10,48.28,48.93,47.54,48.16,7374748.0
2008-07-11,47.52,48.03,46.93,47.67,4538870.0
2008-07-14,48.15,48.61,47.95,48.01,5716097.0
2008-07-15,47.54,48.34,47.54,48.11,8184539.0
2008-07-16,48.32,48.5,47.73,48.28,6356236.0
2008-07-17,48.2,48.55,47.3,48.38,6514837.0
2008-07-18,48.32,48.55,47.5,47.91,6421383.0
2008-07-21,47.97,48.13,46.92,47.18,4741692.0
2008-07-22,46.92,47.29,46.51,46.73,6668333.0
2008-07-23,47.0,47.69,46.8,47.62,5608407.0
2008-07-24,47.94,48.5,47.23,48.0,4949143.0
2008-07-25,47.72,48.45,47.25,47.81,4200681.0
2008-07-28,47.82,48.45,47.53,47.62,5131188.0
2008-07-29,47.68,48.68,47.49,48.26,5535588.0
2008-07-30,48.57,49.12,46.95,47.41,7426206.0
2008-07-31,47.2,47.63,46.85,47.11,4931852.0
2008-08-01,47.11,47.48,46.57,47.04,4329181.0
2008-08-04,46.91,47.69,46.91,47.37,4751813.0
2008-08-05,47.86,48.0,47.24,47.79,6486051.0
2008-08-06,47.23,48.37,47.23,48.0,3519600.0
2008-08-07,47.66,48.4,47.23,47.58,4596861.0
2008-08-08,47.53,48.58,47.28,48.51,4158730.0
2008-08-11,48.5,49.55,48.09,49.05,6115783.0
2008-08-12,49.19,49.78,48.85,49.25,6038087.0
2008-08-13,48.91,48.91,48.08,48.38,4954928.0
2008-08-14,48.01,49.12,47.93,48.34,4706149.0
2008-08-15,48.5,49.2,48.5,48.78,4611358.0
2008-08-18,48.81,48.82,47.82,48.05,6245718.0
2008-08-19,47.68,48.14,47.25,47.8,5448683.0
2008-08-20,47.83,47.91,47.19,47.41,4545011.0
2008-08-21,47.48,47.48,46.57,47.17,4161544.0
2008-08-22,47.21,48.15,47.09,48.03,5134318.0
2008-08-25,47.91,48.63,47.31,47.52,3940206.0
2008-08-26,47.49,47.78,46.83,47.02,3371522.0
2008-08-27,46.99,47.49,46.46,46.87,5520083.0
2008-08-28,47.06,47.37,46.66,46.91,4285463.0
2008-08-29,46.68,47.02,46.61,46.65,4765148.0
2008-09-02,47.21,47.61,46.42,46.66,5241808.0
2008-09-03,46.66,47.49,46.23,46.91,4425826.0
2008-09-04,46.8,46.9,45.95,46.09,4714349.0
2008-09-05,45.97,46.1,45.12,45.44,5127761.0
2008-09-08,46.31,46.85,45.53,46.67,5791283.0
2008-09-09,46.21,47.88,46.21,46.46,7821551.0
2008-09-10,46.56,47.36,46.5,46.73,6106169.0
2008-09-11,46.26,46.84,45.94,46.72,4722189.0
2008-09-12,46.47,46.85,46.19,46.6,4271648.0
2008-09-15,45.85,46.74,45.67,46.04,5328191.0
2008-09-16,45.27,45.6,44.47,45.26,10048803.0
2008-09-17,44.7,45.64,43.81,43.92,7175848.0
2008-09-18,44.36,45.72,43.87,45.42,9917339.0
2008-09-19,46.01,47.34,44.9,46.69,12047700.0
2008-09-22,46.57,47.13,45.67,45.9,5783892.0
2008-09-23,46.09,46.23,45.4,45.73,7878043.0
2008-09-24,45.78,46.51,45.4,46.34,7240640.0
2008-09-25,46.57,47.72,46.23,46.6,9338139.0
2008-09-26,46.17,47.06,45.76,46.82,5769803.0
2008-09-29,44.71,46.05,43.41,43.92,9791478.0
2008-09-30,44.88,44.97,42.88,44.03,8438720.0
2008-10-01,43.58,44.44,43.4,43.69,6340321.0
2008-10-02,43.69,43.93,42.44,42.55,6565979.0
2008-10-03,43.1,43.1,41.24,41.31,9446229.0
2008-10-06,40.64,40.7,37.09,38.42,18989146.0
2008-10-07,39.52,39.97,38.52,38.61,12466279.0
2008-10-08,38.74,39.5,37.66,37.9,8946202.0
2008-10-09,37.58,37.85,32.44,33.22,13833858.0
2008-10-10,31.96,33.39,29.25,31.36,15866699.0
2008-10-13,32.51,36.0,32.2,35.86,8286139.0
2008-10-14,37.24,37.56,34.57,34.94,10643372.0
2008-10-15,34.65,34.99,31.93,32.54,10602688.0
2008-10-16,32.69,34.66,31.5,34.38,10297865.0
2008-10-17,33.29,34.12,32.14,32.2,9161135.0
2008-10-20,32.56,34.1,31.77,34.1,9049212.0
2008-10-21,33.71,34.64,33.05,33.68,7732960.0
2008-10-22,33.61,33.63,31.4,32.11,6671995.0
2008-10-23,33.99,34.0,31.26,33.48,8729255.0
2008-10-24,31.99,32.8,31.14,31.73,7224258.0
2008-10-27,31.3,32.6,30.4,30.4,7526917.0
2008-10-28,31.07,33.47,29.9,33.38,8328140.0
2008-10-29,33.32,33.67,31.83,32.03,9180166.0
2008-10-30,32.97,33.1,32.26,32.83,7363281.0
2008-10-31,32.63,34.55,32.63,33.82,6874722.0
2008-11-03,34.44,34.54,33.54,34.01,4801892.0
2008-11-04,34.75,35.64,33.65,35.15,7789382.0
2008-11-05,34.74,35.43,33.55,33.76,5858313.0
2008-11-06,33.89,34.17,32.6,32.87,6447427.0
2008-11-07,32.89,34.37,32.89,34.2,4023854.0
2008-11-10,34.77,35.5,34.41,34.87,5927280.0
2008-11-11,34.73,35.25,33.63,33.97,4962501.0
2008-11-12,33.25,33.42,31.85,31.99,6160813.0
2008-11-13,32.24,34.5,31.76,34.12,13039395.0
2008-11-14,32.78,33.89,32.05,32.06,8113692.0
2008-11-17,31.71,32.93,31.5,32.13,6439336.0
2008-11-18,32.9,33.34,31.54,33.34,6581246.0
2008-11-19,33.16,33.97,31.1,31.41,7164196.0
2008-11-20,31.23,32.25,29.59,29.91,7966611.0
2008-11-21,30.23,30.57,28.62,30.43,9947560.0
2008-11-24,30.9,32.76,30.51,32.08,7845186.0
2008-11-25,32.9,33.36,31.83,32.8,6495451.0
2008-11-26,32.42,32.93,31.83,32.87,5886707.0
2008-11-28,33.06,34.5,33.06,34.15,2736248.0
2008-12-01,33.32,33.4,30.63,31.12,6330054.0
2008-12-02,31.54,33.29,31.5,33.19,6817895.0
2008-12-03,32.57,35.08,32.02,34.97,7770750.0
2008-12-04,34.54,34.88,33.55,33.89,6856445.0
2008-12-05,33.69,35.25,32.56,34.94,7570986.0
2008-12-08,35.68,35.85,34.3,34.86,6884967.0
2008-12-09,34.4,35.1,34.34,34.57,4471606.0
2008-12-10,34.93,35.58,34.64,35.01,4854180.0
2008-12-11,35.89,36.59,35.2,35.62,8025530.0
2008-12-12,34.82,36.5,34.6,36.41,6637349.0
2008-12-15,36.41,36.64,34.9,35.32,5728461.0
2008-12-16,35.64,37.34,35.54,37.21,6156362.0
2008-12-17,36.71,37.32,36.27,36.94,5276937.0
2008-12-18,37.21,37.92,36.48,36.87,6649949.0
2008-12-19,37.97,38.77,37.0,38.26,10252536.0
2008-12-22,38.2,38.49,36.63,37.34,5068814.0
2008-12-23,38.06,38.5,37.41,37.49,4237878.0
2008-12-24,38.0,38.08,37.5,37.8,1237659.0
2008-12-26,37.95,38.1,37.81,37.98,1614022.0
2008-12-29,38.08,38.5,37.64,38.48,4011232.0
2008-12-30,38.71,39.77,38.71,39.67,4743654.0
2008-12-31,39.67,40.5,39.38,40.27,4735350.0
2009-01-02,40.38,40.78,39.3,40.57,6031943.0
2009-01-05,40.55,40.56,39.07,39.46,6869040.0
2009-01-06,39.64,39.76,38.51,39.57,9050120.0
2009-01-07,39.06,39.46,38.39,38.62,6365579.0
2009-01-08,38.44,38.91,37.9,38.81,5626905.0
2009-01-09,38.81,38.81,38.03,38.48,5937553.0
2009-01-12,38.46,38.75,37.91,38.13,5199276.0
2009-01-13,38.25,38.68,37.91,38.52,5301400.0
2009-01-14,38.34,38.37,37.1,37.47,6557092.0
2009-01-15,37.42,37.63,36.28,37.55,4957348.0
2009-01-16,38.04,38.41,37.29,38.13,5443893.0
2009-01-20,37.92,38.76,37.23,37.39,9442287.0
2009-01-21,37.88,38.7,37.23,38.24,6835911.0
2009-01-22,37.63,38.34,37.16,37.8,5547704.0
2009-01-23,37.2,37.64,36.84,37.42,6228598.0
2009-01-26,37.65,38.49,37.25,37.57,6766564.0
2009-01-27,37.84,38.9,37.69,38.61,5403652.0
2009-01-28,39.0,39.2,38.38,39.09,5371199.0
2009-01-29,38.64,39.15,37.74,37.97,6473836.0
2009-01-30,38.71,38.71,36.27,36.82,9599133.0
2009-02-02,36.53,37.61,36.2,37.27,5505116.0
2009-02-03,37.69,39.15,36.87,38.69,10013143.0
2009-02-04,39.22,39.25,37.8,38.01,7417128.0
2009-02-05,37.79,38.3,37.25,38.16,5051256.0
2009-02-06,37.83,38.74,37.83,38.18,4978263.0
2009-02-09,38.22,38.23,37.4,38.12,4132954.0
2009-02-10,38.0,38.4,36.76,36.94,5721899.0
2009-02-11,37.13,37.2,36.46,36.72,4244392.0
2009-02-12,36.18,36.61,35.38,36.34,6098266.0
2009-02-13,36.15,36.48,35.38,35.43,6023055.0
2009-02-17,34.72,35.11,34.27,34.58,7400450.0
2009-02-18,34.76,34.76,34.11,34.4,5916815.0
2009-02-19,34.65,34.86,34.32,34.48,4241352.0
2009-02-20,33.88,34.13,32.93,33.24,8361044.0
2009-02-23,33.66,33.83,32.26,32.31,5545139.0
2009-02-24,32.41,32.98,32.06,32.91,7345597.0
2009-02-25,32.79,33.04,32.11,32.56,6944165.0
2009-02-26,32.98,32.98,31.0,31.04,12135796.0
2009-02-27,30.37,30.73,29.38,29.38,9523532.0
2009-03-02,28.55,28.85,27.66,27.75,13436467.0
2009-03-03,28.08,28.51,27.22,27.49,9490163.0
2009-03-04,28.2,28.87,27.27,28.5,8865022.0
2009-03-05,27.89,28.39,27.21,27.47,9028858.0
2009-03-06,27.65,28.23,27.45,27.98,8700127.0
2009-03-09,27.73,28.67,27.47,27.97,8635749.0
2009-03-10,28.63,29.76,28.33,29.72,10124770.0
2009-03-11,30.01,30.09,28.66,28.85,9624606.0
2009-03-12,28.85,30.13,28.75,30.03,6360096.0
2009-03-13,30.23,31.05,30.09,30.64,6790419.0
2009-03-16,30.84,31.74,30.74,30.81,6624399.0
2009-03-17,30.96,31.76,30.52,31.76,5031802.0
2009-03-18,32.45,33.1,31.95,32.5,6518918.0
2009-03-19,32.85,32.85,31.52,31.83,5170838.0
2009-03-20,31.9,32.91,31.9,32.55,10262175.0
2009-03-23,33.28,34.09,33.02,34.09,6611925.0
2009-03-24,33.61,34.31,33.17,33.17,8487801.0
2009-03-25,33.36,33.87,32.86,33.53,7747814.0
2009-03-26,33.89,34.3,33.39,34.22,7406955.0
2009-03-27,34.11,34.16,33.56,33.75,5471782.0
2009-03-30,32.7,32.98,32.03,32.84,7106307.0
2009-03-31,33.22,33.88,32.6,33.41,6701934.0
2009-04-01,33.02,33.93,32.59,33.78,5483398.0
2009-04-02,33.93,34.41,33.56,33.9,6665734.0
2009-04-03,33.46,33.75,32.52,33.01,7124409.0
2009-04-06,32.75,33.34,32.39,32.84,6618835.0
2009-04-07,31.82,32.14,30.91,31.88,6033470.0
2009-04-08,31.96,32.53,31.6,32.34,5226811.0
2009-04-09,33.02,33.8,32.36,32.64,4984130.0
2009-04-13,32.33,32.8,32.27,32.57,3405227.0
2009-04-14,32.75,32.75,31.98,32.15,5249391.0
2009-04-15,32.09,32.96,32.0,32.81,6155261.0
2009-04-16,32.97,33.46,32.43,33.27,4967297.0
2009-04-17,33.26,34.05,33.19,33.75,6670379.0
2009-04-20,33.68,34.43,32.92,32.99,9799227.0
2009-04-21,33.42,33.68,32.74,33.34,6409633.0
2009-04-22,33.11,33.34,32.46,32.74,11130373.0
2009-04-23,32.53,32.95,32.03,32.88,8591373.0
2009-04-24,33.0,33.66,32.85,33.01,8328226.0
2009-04-27,32.99,33.5,32.75,33.13,4168660.0
2009-04-28,33.07,33.69,32.96,33.2,7663407.0
2009-04-29,33.45,33.73,32.96,33.36,6749975.0
2009-04-30,33.86,33.89,32.83,32.92,8291043.0
2009-05-01,32.92,33.58,32.62,33.49,5411860.0
2009-05-04,33.42,33.99,33.27,33.81,5363027.0
2009-05-05,34.5,34.79,33.95,34.54,8393409.0
2009-05-06,35.01,35.23,34.06,34.43,5696843.0
2009-05-07,34.73,35.96,34.53,35.85,11239306.0
2009-05-08,36.32,36.65,35.75,35.95,7174793.0
2009-05-11,35.62,35.89,35.04,35.35,6339240.0
2009-05-12,35.6,36.27,35.31,35.9,6427513.0
2009-05-13,35.08,36.05,34.81,35.15,6041916.0
2009-05-14,35.22,35.44,35.0,35.12,4647406.0
2009-05-15,35.1,35.17,34.05,34.17,6176498.0
2009-05-18,34.42,34.75,34.01,34.67,5559371.0
2009-05-19,34.81,34.85,34.34,34.53,4369887.0
2009-05-20,34.86,35.23,34.5,34.73,4780746.0
2009-05-21,35.12,35.12,34.18,34.62,5220085.0
2009-05-22,34.63,34.77,34.14,34.34,3339126.0
2009-05-26,34.23,34.92,34.05,34.85,3953217.0
2009-05-27,34.84,35.03,33.58,33.67,5193624.0
2009-05-28,33.67,34.12,33.57,33.78,4498649.0
2009-05-29,33.85,34.6,33.6,34.57,4873189.0
2009-06-01,34.89,35.06,34.28,34.65,5319620.0
2009-06-02,34.5,35.34,34.4,35.05,5291475.0
2009-06-03,34.75,34.87,34.3,34.6,5278335.0
2009-06-04,34.65,34.84,34.0,34.38,4666557.0
2009-06-05,34.54,34.81,33.97,34.77,5525923.0
2009-06-08,34.8,34.81,33.7,34.1,5648879.0
2009-06-09,33.95,34.37,33.51,33.91,4056498.0
2009-06-10,34.12,34.22,33.6,33.91,4738822.0
2009-06-11,33.94,34.9,33.94,34.38,6347335.0
2009-06-12,34.39,34.84,34.07,34.29,5266112.0
2009-06-15,33.99,33.99,32.94,32.96,7087914.0
2009-06-16,33.14,33.53,32.78,32.98,6472116.0
2009-06-17,32.99,33.81,32.99,33.43,5062494.0
2009-06-18,33.44,34.18,33.3,33.85,4871818.0
2009-06-19,34.08,34.28,33.6,33.71,6932399.0
2009-06-22,33.4,33.4,32.78,33.22,7991260.0
2009-06-23,33.25,33.76,33.15,33.56,5840059.0
2009-06-24,33.68,33.97,33.36,33.61,6133984.0
2009-06-25,33.38,35.41,33.25,35.33,12777302.0
2009-06-26,35.2,35.47,34.02,35.28,18743858.0
2009-06-29,35.3,35.3,34.53,35.03,6993039.0
2009-06-30,35.03,35.22,34.32,34.64,6700100.0
2009-07-01,34.76,35.24,34.64,34.96,5269121.0
2009-07-02,34.71,34.71,33.9,33.9,4493413.0
2009-07-06,33.68,33.97,33.27,33.57,6241836.0
2009-07-07,33.56,33.88,33.3,33.49,6003817.0
2009-07-08,33.04,33.93,33.04,33.42,5879908.0
2009-07-09,33.5,33.58,32.88,33.0,5493122.0
2009-07-10,32.85,33.92,32.75,33.32,13991644.0
2009-07-13,33.4,33.45,32.19,32.93,13187544.0
2009-07-14,32.81,33.03,32.6,32.91,9884159.0
2009-07-15,33.01,33.56,32.63,33.49,7363874.0
2009-07-16,33.37,33.91,33.37,33.76,6020532.0
2009-07-17,33.71,33.73,33.22,33.53,4388475.0
2009-07-20,33.76,33.93,33.14,33.72,6245175.0
2009-07-21,34.11,34.53,33.96,34.45,6773235.0
2009-07-22,34.85,34.87,33.78,33.79,9883249.0
2009-07-23,34.06,34.54,33.8,34.28,6543016.0
2009-07-24,34.14,34.76,33.82,34.68,7136525.0
2009-07-27,34.82,35.15,34.51,35.15,4741878.0
2009-07-28,35.01,35.32,34.52,35.07,4896392.0
2009-07-29,34.99,35.27,34.61,34.9,4125972.0
2009-07-30,35.22,35.65,34.91,35.05,4579740.0
2009-07-31,35.01,35.41,34.88,34.89,5893530.0
2009-08-03,35.33,35.63,34.57,34.96,5664507.0
2009-08-04,34.89,35.06,34.61,35.06,4365840.0
2009-08-05,35.14,35.27,34.5,34.7,4806179.0
2009-08-06,34.77,34.79,34.34,34.42,4453116.0
2009-08-07,34.74,35.06,34.57,34.89,5257805.0
2009-08-10,33.98,34.0,33.68,33.83,9480454.0
2009-08-11,33.94,34.03,33.53,33.67,6294010.0
2009-08-12,33.4,33.42,32.9,32.94,7475990.0
2009-08-13,32.92,33.15,32.39,32.87,6273435.0
2009-08-14,32.91,32.97,32.4,32.88,3817205.0
2009-08-17,32.73,32.94,32.45,32.71,4246890.0
2009-08-18,32.23,33.01,32.23,32.84,5479484.0
2009-08-19,32.34,32.95,32.34,32.95,5937250.0
2009-08-20,33.16,33.27,32.82,33.15,4443875.0
2009-08-21,33.2,33.84,33.2,33.45,5728248.0
2009-08-24,33.57,33.9,33.38,33.73,5602979.0
2009-08-25,33.76,34.15,33.73,33.87,5369059.0
2009-08-26,33.74,34.15,33.6,33.65,5392622.0
2009-08-27,33.58,34.15,33.58,34.11,6200412.0
2009-08-28,34.11,34.22,33.38,33.6,8659950.0
2009-08-31,33.53,33.81,33.31,33.46,5819065.0
2009-09-01,33.38,33.55,32.74,32.88,7085019.0
2009-09-02,32.72,33.11,32.65,33.01,7142163.0
2009-09-03,32.95,33.03,32.47,32.64,5837923.0
2009-09-04,32.75,33.0,32.64,33.0,4159683.0
2009-09-08,33.1,33.25,32.64,32.83,5376895.0
2009-09-09,32.8,33.15,32.72,32.88,6195337.0
2009-09-10,33.09,33.2,32.75,32.82,5942395.0
2009-09-11,32.98,33.13,32.66,32.82,7281633.0
2009-09-14,33.05,33.33,33.01,33.13,8476746.0
2009-09-15,33.13,33.23,32.71,32.75,7476968.0
2009-09-16,32.95,32.95,32.68,32.87,6128459.0
2009-09-17,32.87,32.96,32.68,32.74,7067582.0
2009-09-18,32.9,33.07,32.83,32.86,9311888.0
2009-09-21,32.91,33.03,32.75,32.86,4608179.0
2009-09-22,32.91,33.02,32.69,32.77,6737310.0
2009-09-23,32.77,32.85,32.45,32.45,6428405.0
2009-09-24,32.59,32.73,32.3,32.4,6937860.0
2009-09-25,32.5,32.87,32.38,32.68,6311692.0
2009-09-28,32.8,33.35,32.73,33.04,5600455.0
2009-09-29,33.13,33.55,32.92,33.42,9277037.0
2009-09-30,33.35,33.52,32.75,33.03,6578908.0
2009-10-01,32.97,33.03,32.6,32.65,6639242.0
2009-10-02,32.51,32.66,32.3,32.51,5758990.0
2009-10-05,32.54,32.66,32.27,32.47,5052811.0
2009-10-06,32.57,33.18,32.52,33.02,4828930.0
2009-10-07,33.0,33.12,32.85,33.12,5458188.0
2009-10-08,33.36,33.52,33.19,33.36,5007642.0
2009-10-09,33.28,33.89,33.14,33.78,5442692.0
2009-10-12,33.95,34.06,33.75,33.87,4233738.0
2009-10-13,33.67,33.85,33.3,33.36,5376852.0
2009-10-14,33.5,34.08,33.38,33.92,6773553.0
2009-10-15,33.93,34.51,33.75,34.5,6888381.0
2009-10-16,34.31,34.58,34.26,34.44,6747484.0
2009-10-19,34.65,35.55,34.56,35.28,9515462.0
2009-10-20,35.21,35.63,34.84,35.24,12117339.0
2009-10-21,35.4,35.51,33.48,33.66,17843323.0
2009-10-22,33.97,34.13,33.45,34.1,10037853.0
2009-10-23,34.25,34.28,33.8,33.96,7867470.0
2009-10-26,34.15,34.4,33.73,33.91,8006337.0
2009-10-27,34.22,34.43,33.88,34.18,6637399.0
2009-10-28,34.11,34.37,34.0,34.0,7899297.0
2009-10-29,34.02,34.15,33.7,34.14,7211502.0
2009-10-30,34.04,34.33,33.7,34.01,8669302.0
2009-11-02,34.11,34.19,33.82,34.05,7000145.0
2009-11-03,33.9,34.0,33.38,33.54,7223271.0
2009-11-04,33.75,34.38,33.65,33.98,5765906.0
2009-11-05,34.21,34.6,34.01,34.43,4852277.0
2009-11-06,34.41,34.53,34.16,34.5,9027242.0
2009-11-09,34.61,35.38,34.61,35.32,5819042.0
2009-11-10,34.74,35.34,34.69,35.25,6043825.0
2009-11-11,35.33,35.4,34.86,35.19,6164188.0
2009-11-12,35.06,35.4,34.91,34.98,5226561.0
2009-11-13,35.12,35.52,34.95,35.36,5019540.0
2009-11-16,35.39,36.06,35.25,35.89,7371176.0
2009-11-17,35.89,35.95,35.58,35.94,4780651.0
2009-11-18,36.0,36.22,35.53,36.21,5744125.0
2009-11-19,36.07,36.21,35.26,36.12,7071705.0
2009-11-20,36.04,36.7,36.0,36.59,7320745.0
2009-11-23,36.63,37.18,36.63,36.8,5129145.0
2009-11-24,36.89,37.4,36.72,37.3,8028129.0
2009-11-25,37.44,37.54,37.2,37.4,5113417.0
2009-11-27,36.91,37.04,36.46,36.9,3040499.0
2009-11-30,36.98,37.0,36.57,36.73,6680664.0
2009-12-01,36.82,37.48,36.67,37.09,6762199.0
2009-12-02,37.09,37.66,37.09,37.51,6619352.0
2009-12-03,37.49,37.99,37.31,37.4,6362382.0
2009-12-04,37.76,38.0,37.25,37.39,5001058.0
2009-12-07,37.57,37.78,37.03,37.07,5677375.0
2009-12-08,36.82,37.33,36.44,36.51,7180967.0
2009-12-09,36.59,36.75,36.23,36.56,6549489.0
2009-12-10,35.8,36.04,34.76,35.02,21928454.0
2009-12-11,35.31,35.39,34.47,34.97,12559801.0
2009-12-14,35.18,35.81,35.11,35.62,6538917.0
2009-12-15,35.58,35.79,35.23,35.75,6072389.0
2009-12-16,35.98,36.06,35.71,35.71,7272605.0
2009-12-17,35.65,35.76,35.32,35.45,5318502.0
2009-12-18,35.68,35.78,35.33,35.72,9839259.0
2009-12-21,35.87,36.52,35.72,36.24,6355954.0
2009-12-22,36.48,36.68,35.96,36.11,5231193.0
2009-12-23,36.14,36.47,35.89,35.94,5578295.0
2009-12-24,35.98,36.1,35.8,36.08,1410491.0
2009-12-28,36.29,36.35,35.99,36.21,3103996.0
2009-12-29,36.29,36.36,35.99,36.01,3629513.0
2009-12-30,35.97,36.17,35.82,36.17,3457584.0
2009-12-31,36.15,36.15,35.66,35.71,4821334.0
2010-01-04,36.0,36.35,35.77,35.82,6067045.0
2010-01-05,35.83,35.91,34.93,35.19,7517377.0
2010-01-06,35.26,35.53,35.24,35.45,7661582.0
2010-01-07,35.31,35.56,35.15,35.27,5997650.0
2010-01-08,35.21,35.28,34.84,35.0,5624504.0
2010-01-11,35.17,35.56,35.09,35.48,4796984.0
2010-01-12,35.35,35.6,35.21,35.36,4700745.0
2010-01-13,35.36,36.0,35.27,35.85,5320841.0
2010-01-14,35.76,36.0,35.75,36.0,6417224.0
2010-01-15,36.0,36.11,35.43,35.82,6519519.0
2010-01-19,36.12,37.92,35.91,37.41,17795786.0
2010-01-20,37.36,37.72,36.66,37.3,8851137.0
2010-01-21,37.33,37.48,36.0,36.11,11022578.0
2010-01-22,36.02,36.41,35.46,35.52,7247677.0
2010-01-25,35.78,36.02,35.53,35.75,6499398.0
2010-01-26,35.9,36.23,35.77,36.16,7128376.0
2010-01-27,36.0,36.42,35.9,36.39,7009629.0
2010-01-28,36.0,36.01,35.27,35.75,9424326.0
2010-01-29,35.7,35.94,35.13,35.2,9281898.0
2010-02-01,35.26,35.69,34.85,35.0,6771595.0
2010-02-02,35.02,35.75,34.9,35.62,6573472.0
2010-02-03,35.31,35.45,35.07,35.31,5493428.0
2010-02-04,35.0,35.22,34.61,34.67,8914472.0
2010-02-05,34.55,34.82,33.91,34.52,8698411.0
2010-02-08,34.37,35.13,34.22,34.78,8301098.0
2010-02-09,34.95,35.47,34.855,35.2,10261548.0
2010-02-10,34.75,34.75,33.98,34.17,9425828.0
2010-02-11,34.17,34.43,33.8198,34.17,6351991.0
2010-02-12,33.84,34.04,33.63,33.95,8706388.0
2010-02-16,34.16,34.25,33.95,34.08,7281417.0
2010-02-17,34.35,34.62,34.22,34.39,5708314.0
2010-02-18,34.45,34.59,34.26,34.41,4158701.0
2010-02-19,34.33,34.48,33.86,34.24,5476321.0
2010-02-22,34.44,34.65,34.08,34.47,5854988.0
2010-02-23,34.32,34.47,33.85,33.96,5547888.0
2010-02-24,34.08,34.31,33.95,34.04,4426159.0
2010-02-25,33.82,34.32,33.72,34.24,6111588.0
2010-02-26,34.31,34.52,34.19,34.34,4850065.0
2010-03-01,34.41,34.55,34.27,34.32,5714610.0
2010-03-02,34.4,34.76,34.33,34.55,6316340.0
2010-03-03,34.72,34.73,34.23,34.32,5317540.0
2010-03-04,34.32,34.56,34.31,34.54,5815248.0
2010-03-05,34.7,35.09,34.63,35.09,5995388.0
2010-03-08,34.99,35.11,34.81,34.93,5672956.0
2010-03-09,34.9,35.17,34.77,35.06,4805736.0
2010-03-10,35.16,35.46,35.08,35.34,5063731.0
2010-03-11,35.33,35.83,35.23,35.82,6677087.0
2010-03-12,35.91,36.0,35.48,35.93,7245580.0
2010-03-15,36.0,36.04,35.76,36.01,6446552.0
2010-03-16,36.1,36.22,35.89,36.18,6635823.0
2010-03-17,36.23,36.34,36.09,36.22,6155552.0
2010-03-18,36.17,36.38,36.02,36.36,5733594.0
2010-03-19,36.58,36.58,36.01,36.17,9641205.0
2010-03-22,36.16,36.82,36.12,36.54,6691516.0
2010-03-23,36.58,36.8,36.46,36.62,6515894.0
2010-03-24,36.57,36.7,36.18,36.26,5450603.0
2010-03-25,36.57,36.58,35.96,35.98,5853133.0
2010-03-26,35.98,36.04,35.4,35.42,8199169.0
2010-03-29,35.59,35.73,35.34,35.47,6954847.0
2010-03-30,35.56,35.94,35.48,35.9,7239836.0
2010-03-31,35.84,36.49,35.8,36.22,9362107.0
2010-04-01,36.42,36.59,36.04,36.15,6248465.0
2010-04-05,36.29,36.97,36.2,36.55,8196310.0
2010-04-06,36.34,36.58,36.06,36.51,7033607.0
2010-04-07,36.5,36.68,36.45,36.52,9554113.0
2010-04-08,36.52,36.62,36.45,36.52,6105660.0
2010-04-09,36.7,36.91,36.54,36.84,4587117.0
2010-04-12,36.8,36.83,36.54,36.57,5256420.0
2010-04-13,36.5,36.96,36.5,36.92,5788843.0
2010-04-14,36.74,36.82,36.45,36.59,7680101.0
2010-04-15,36.57,36.78,36.5,36.72,5629533.0
2010-04-16,36.61,36.84,36.5,36.54,7990682.0
2010-04-19,36.0,36.62,35.75,36.58,11600179.0
2010-04-20,36.5,36.65,36.46,36.53,7789313.0
2010-04-21,36.5,36.56,35.8,36.01,11346927.0
2010-04-22,35.8,35.84,35.21,35.38,10391782.0
2010-04-23,35.39,35.48,34.85,35.46,10398838.0
2010-04-26,35.5,35.7,35.25,35.32,6419551.0
2010-04-27,35.11,35.4,34.82,34.87,7002475.0
2010-04-28,34.97,35.02,34.57,34.76,6968252.0
2010-04-29,34.94,35.35,34.83,35.04,6256631.0
2010-04-30,35.16,35.5,34.97,34.97,6937601.0
2010-05-03,35.03,35.41,35.0,35.19,5234034.0
2010-05-04,35.07,35.38,34.86,35.01,7011119.0
2010-05-05,34.99,35.37,34.86,35.08,6714334.0
2010-05-06,35.02,35.13,33.42,34.4,12356704.0
2010-05-07,34.4,34.9,34.02,34.62,23682636.0
2010-05-10,35.48,35.8,34.92,35.15,13461087.0
2010-05-11,35.02,35.54,34.95,35.28,6987303.0
2010-05-12,35.02,35.07,34.47,34.78,6697669.0
2010-05-13,34.8,34.83,34.48,34.5,5617775.0
2010-05-14,34.35,34.4,33.73,33.92,7691212.0
2010-05-17,34.01,34.16,33.58,34.01,5527007.0
2010-05-18,34.29,34.41,33.61,33.62,6695773.0
2010-05-19,33.58,34.0,33.47,33.86,9399237.0
2010-05-20,33.33,33.96,33.1,33.34,12160512.0
2010-05-21,32.82,33.2,32.67,33.12,9019466.0
2010-05-24,32.96,33.41,32.9,32.98,4875515.0
2010-05-25,32.64,32.81,32.02,32.75,10080066.0
2010-05-26,32.8,32.98,32.1,32.25,12715029.0
2010-05-27,32.57,32.87,32.52,32.82,6110660.0
2010-05-28,32.9,33.08,32.56,32.79,8389465.0
2010-06-01,32.66,33.13,32.41,32.55,5853273.0
2010-06-02,32.79,33.22,32.62,33.21,5509488.0
2010-06-03,33.26,33.54,33.17,33.37,5108061.0
2010-06-04,33.09,33.1,32.27,32.37,6832548.0
2010-06-07,32.48,32.84,32.43,32.58,9650030.0
2010-06-08,32.7,32.92,32.38,32.9,7600844.0
2010-06-09,32.96,33.29,32.81,32.95,6512313.0
2010-06-10,33.44,33.92,33.15,33.46,7217937.0
2010-06-11,33.42,33.8,33.26,33.67,5601707.0
2010-06-14,33.89,34.22,33.83,33.87,6053102.0
2010-06-15,33.99,34.42,33.76,34.39,6373572.0
2010-06-16,34.32,34.36,33.92,34.11,7535153.0
2010-06-17,34.2,34.39,33.92,34.39,6494130.0
2010-06-18,34.59,34.74,34.36,34.61,8507033.0
2010-06-21,34.78,34.85,34.52,34.66,5374919.0
2010-06-22,34.61,34.98,34.42,34.45,5256387.0
2010-06-23,34.49,34.7,34.24,34.56,5625764.0
2010-06-24,34.48,34.61,34.19,34.48,16867446.0
2010-06-25,34.32,34.35,33.86,33.94,12711003.0
2010-06-28,34.15,34.26,33.77,34.02,8289236.0
2010-06-29,33.64,33.81,33.34,33.75,8854722.0
2010-06-30,33.61,34.07,33.43,33.5,7746094.0
2010-07-01,33.38,33.47,32.82,33.12,17132542.0
2010-07-02,33.26,33.87,33.09,33.67,6888116.0
2010-07-06,33.82,34.15,33.67,33.91,19358406.0
2010-07-07,34.05,34.67,33.76,34.66,6759458.0
2010-07-08,34.86,35.19,34.75,35.18,7511296.0
2010-07-09,35.07,35.18,34.88,35.17,5367122.0
2010-07-12,35.03,35.19,34.94,35.13,4361639.0
2010-07-13,35.29,35.6,35.17,35.21,7524289.0
2010-07-14,35.13,35.2,34.7,34.8,11570724.0
2010-07-15,34.84,35.24,34.62,35.17,7381717.0
2010-07-16,35.0,35.12,34.58,34.64,7637462.0
2010-07-19,34.78,35.08,34.76,34.99,4951245.0
2010-07-20,34.6,35.31,34.45,35.26,6926047.0
2010-07-21,35.25,35.43,34.72,34.95,6812530.0
2010-07-22,35.6,35.85,35.0,35.15,8887974.0
2010-07-23,35.22,35.24,34.57,35.17,6328531.0
2010-07-26,35.2,35.52,35.17,35.44,4673176.0
2010-07-27,35.44,36.13,35.25,36.1,11840490.0
2010-07-28,36.08,36.2,35.53,35.67,10420514.0
2010-07-29,35.88,35.99,35.2,35.45,7269945.0
2010-07-30,35.28,35.82,35.05,35.6,7662729.0
2010-08-02,35.92,36.39,35.75,36.34,6997117.0
2010-08-03,36.44,36.66,36.28,36.58,5953454.0
2010-08-04,36.4,36.82,36.22,36.78,6625395.0
2010-08-05,36.55,36.88,36.46,36.85,3620437.0
2010-08-06,36.62,36.89,36.39,36.87,4711958.0
2010-08-09,36.96,37.01,36.87,36.96,5664536.0
2010-08-10,36.92,37.92,36.81,37.77,11221639.0
2010-08-11,36.84,37.26,36.57,36.71,9676010.0
2010-08-12,36.31,36.87,36.23,36.6,7403988.0
2010-08-13,35.51,35.84,35.23,35.7,13055533.0
2010-08-16,35.33,35.73,35.23,35.57,5219288.0
2010-08-17,35.0,35.15,34.45,34.75,14976597.0
2010-08-18,34.8,34.97,34.64,34.78,23711315.0
2010-08-19,34.52,34.69,34.18,34.28,10578359.0
2010-08-20,34.12,34.23,33.73,34.17,9188108.0
2010-08-23,34.41,34.54,34.25,34.31,13821000.0
2010-08-24,33.96,34.22,33.85,33.97,6435125.0
2010-08-25,33.82,34.5,33.8,34.31,7130712.0
2010-08-26,34.37,34.46,33.84,33.95,6382345.0
2010-08-27,34.11,34.25,33.72,34.2,5809768.0
2010-08-30,34.21,34.28,33.95,33.97,4578895.0
2010-08-31,33.88,34.04,33.53,33.59,9329403.0
2010-09-01,33.99,34.33,33.83,34.2,8007815.0
2010-09-02,34.17,34.42,34.12,34.31,4316307.0
2010-09-03,34.4,34.71,34.28,34.66,4455185.0
2010-09-07,34.63,34.78,34.43,34.54,4014301.0
2010-09-08,34.62,34.9,34.59,34.81,3588560.0
2010-09-09,34.91,35.44,34.77,35.17,5616070.0
2010-09-10,35.47,35.52,35.2,35.43,4600869.0
2010-09-13,35.71,35.74,35.32,35.53,3945500.0
2010-09-14,35.57,35.85,35.45,35.65,6042714.0
2010-09-15,35.6,35.84,35.51,35.7,4535857.0
2010-09-16,35.55,35.76,35.38,35.67,4461136.0
2010-09-17,35.83,35.97,35.58,35.79,4899248.0
2010-09-20,35.95,36.39,35.81,36.35,5530685.0
2010-09-21,36.31,36.49,36.08,36.33,4736599.0
2010-09-22,36.31,36.71,35.99,36.05,6891759.0
2010-09-23,35.89,36.01,35.75,35.86,4446040.0
2010-09-24,36.19,36.28,36.01,36.1,6132518.0
2010-09-27,36.17,36.18,35.94,35.94,4839420.0
2010-09-28,35.95,36.39,35.9,36.39,5454064.0
2010-09-29,36.32,36.72,36.1,36.53,6778816.0
2010-09-30,36.59,36.9,36.33,36.53,6022378.0
2010-10-01,36.56,36.77,36.42,36.54,5212522.0
2010-10-04,36.5,36.56,36.13,36.3,4680781.0
2010-10-05,36.5,37.0,36.44,36.89,5475264.0
2010-10-06,36.79,37.17,36.71,37.17,4984142.0
2010-10-07,37.25,37.4,36.94,37.08,3783564.0
2010-10-08,37.12,37.24,36.91,37.07,4541435.0
2010-10-11,37.11,37.33,37.09,37.22,3153876.0
2010-10-12,37.23,37.5,37.0,37.36,3733898.0
2010-10-13,37.5,37.5,37.26,37.4,5777325.0
2010-10-14,37.41,37.58,37.31,37.42,4719627.0
2010-10-15,37.65,37.9,37.49,37.76,6744514.0
2010-10-18,37.73,38.08,37.67,38.06,10374725.0
2010-10-19,37.84,37.84,37.22,37.45,6704564.0
2010-10-20,35.6,36.15,35.45,36.01,18251858.0
2010-10-21,35.8,35.93,35.23,35.5,10770547.0
2010-10-22,35.69,35.73,35.25,35.4,6708808.0
2010-10-25,35.57,35.61,35.06,35.13,8500703.0
2010-10-26,35.04,35.19,34.82,34.9,7669176.0
2010-10-27,34.75,34.98,34.68,34.94,7167473.0
2010-10-28,34.97,35.26,34.86,35.15,6309887.0
2010-10-29,35.08,35.2,34.86,35.2,6326250.0
2010-11-01,35.29,35.36,34.88,35.04,6942628.0
2010-11-02,35.27,35.4,35.07,35.38,5842976.0
2010-11-03,35.5,35.58,35.16,35.57,4715919.0
2010-11-04,35.75,35.83,35.46,35.76,19563761.0
2010-11-05,35.86,35.93,35.51,35.72,19178765.0
2010-11-08,35.75,35.88,35.62,35.73,18224075.0
2010-11-09,35.83,35.87,35.65,35.77,6523233.0
2010-11-10,35.25,35.27,34.8,34.99,6766714.0
2010-11-11,34.88,35.27,34.84,34.95,5472971.0
2010-11-12,34.92,34.93,34.73,34.76,5533412.0
2010-11-15,34.88,34.89,34.47,34.63,5824001.0
2010-11-16,34.43,34.76,34.28,34.43,5944373.0
2010-11-17,34.5,34.68,34.32,34.4,4038776.0
2010-11-18,34.6,34.89,34.55,34.79,4699079.0
2010-11-19,34.76,34.81,34.46,34.5,5109967.0
2010-11-22,34.5,34.56,34.16,34.55,4273106.0
2010-11-23,34.31,34.36,34.07,34.08,5985470.0
2010-11-24,34.23,34.32,34.12,34.22,5841709.0
2010-11-26,34.12,34.18,34.0,34.07,2807719.0
2010-11-29,34.0,34.04,33.55,33.89,5126687.0
2010-11-30,33.63,33.89,33.52,33.66,6178801.0
2010-12-01,34.03,34.32,33.91,34.26,6252041.0
2010-12-02,34.3,34.5,34.16,34.25,8529959.0
2010-12-03,34.27,34.32,33.92,34.14,16307911.0
2010-12-06,34.05,34.19,33.96,33.97,4658450.0
2010-12-07,34.14,34.23,33.81,34.11,15330731.0
2010-12-08,34.17,34.48,34.05,34.31,4642314.0
2010-12-09,34.47,35.0,34.36,34.67,6603635.0
2010-12-10,34.84,35.08,34.79,34.98,5813388.0
2010-12-13,35.1,35.2,34.92,34.97,8563869.0
2010-12-14,35.13,35.2,34.93,35.09,10706832.0
2010-12-15,34.95,35.29,34.95,35.13,9003997.0
2010-12-16,35.11,35.25,34.9,35.18,4628967.0
2010-12-17,35.03,35.16,34.8,35.01,8494960.0
2010-12-20,35.08,35.26,34.98,35.04,4611143.0
2010-12-21,35.16,35.32,35.06,35.14,3794914.0
2010-12-22,35.1,35.24,34.96,35.2,2846700.0
2010-12-23,35.2,35.4,35.2,35.23,2913569.0
2010-12-27,35.19,35.22,34.99,35.07,2002778.0
2010-12-28,35.16,35.2,35.01,35.05,2617914.0
2010-12-29,35.12,35.37,35.05,35.15,3178405.0
2010-12-30,35.14,35.29,34.97,35.02,3176428.0
2010-12-31,35.06,35.17,34.88,35.04,2979591.0
2011-01-03,35.2,35.27,34.99,35.0,7492821.0
2011-01-04,35.03,35.1,34.95,35.03,7729207.0
2011-01-05,35.0,35.05,34.78,34.78,11610710.0
2011-01-06,34.84,35.0,34.8,34.94,6039117.0
2011-01-07,34.98,35.04,34.81,34.9,8366878.0
2011-01-10,34.77,34.9,34.47,34.49,8808030.0
2011-01-11,34.54,34.94,34.51,34.91,11647700.0
2011-01-12,35.06,35.1,34.83,35.03,11675955.0
2011-01-13,35.06,35.08,34.78,34.9,4219440.0
2011-01-14,34.87,35.01,34.63,34.91,4994515.0
2011-01-18,34.98,35.1,34.76,34.79,6272934.0
2011-01-19,34.77,34.85,34.6,34.65,6671871.0
2011-01-20,34.65,34.76,34.5,34.75,6900811.0
2011-01-21,34.93,34.98,34.76,34.76,5620204.0
2011-01-24,34.71,34.86,34.66,34.78,12263256.0
2011-01-25,34.75,34.85,34.55,34.73,6893366.0
2011-01-26,34.83,35.02,34.71,34.95,6617811.0
2011-01-27,35.05,35.61,34.97,35.47,9755802.0
2011-01-28,35.41,35.58,34.75,34.77,17585956.0
2011-01-31,34.78,34.92,34.72,34.77,5704082.0
2011-02-01,34.77,35.22,34.75,35.21,6232338.0
2011-02-02,35.16,35.51,35.09,35.42,6756028.0
2011-02-03,35.36,35.65,35.29,35.63,20020230.0
2011-02-04,35.56,35.67,35.39,35.53,19844694.0
2011-02-07,35.54,35.86,35.51,35.8,21209555.0
2011-02-08,35.78,35.92,35.75,35.84,7706360.0
2011-02-09,35.75,35.8,35.57,35.78,6416809.0
2011-02-10,35.69,35.84,35.53,35.62,7110172.0
2011-02-11,34.96,35.0,34.5,34.52,9104410.0
2011-02-14,34.54,34.66,34.49,34.56,7218008.0
2011-02-15,34.55,34.57,34.44,34.47,6143427.0
2011-02-16,34.49,34.67,34.35,34.66,5705907.0
2011-02-17,34.56,34.92,34.51,34.86,4192918.0
2011-02-18,34.79,34.86,34.54,34.6,7278021.0
2011-02-22,34.5,34.6,34.2,34.43,7829666.0
2011-02-23,34.39,34.45,34.01,34.04,5926617.0
2011-02-24,34.01,34.24,33.96,34.11,5576738.0
2011-02-25,34.11,34.17,34.0,34.09,5821613.0
2011-02-28,34.19,34.56,34.15,34.56,5853546.0
2011-03-01,34.67,34.75,34.25,34.26,4839832.0
2011-03-02,34.21,34.3,34.05,34.28,4869366.0
2011-03-03,34.21,34.67,34.01,34.39,7070962.0
2011-03-04,34.44,34.7,34.4,34.6,6915603.0
2011-03-07,34.6,34.77,34.5,34.66,7098559.0
2011-03-08,34.7,35.1,34.57,34.98,6911688.0
2011-03-09,34.98,35.18,34.86,35.09,4693697.0
2011-03-10,35.1,35.2,34.74,34.77,5663155.0
2011-03-11,34.83,35.0,34.7,34.86,5139182.0
2011-03-14,34.71,34.89,34.56,34.73,11489926.0
2011-03-15,34.1,34.35,34.0,34.1,7598820.0
2011-03-16,34.05,34.1,33.46,33.63,8784187.0
2011-03-17,33.86,34.28,33.86,34.13,16949974.0
2011-03-18,34.44,34.52,34.22,34.48,6277814.0
2011-03-21,34.7,34.75,34.37,34.38,4658979.0
2011-03-22,34.53,34.75,34.5,34.57,3999861.0
2011-03-23,34.48,34.52,34.17,34.36,3677230.0
2011-03-24,34.44,34.7,34.32,34.6,3486313.0
2011-03-25,34.57,34.7,34.45,34.48,4752634.0
2011-03-28,34.46,34.63,34.38,34.41,5011471.0
2011-03-29,34.41,34.71,34.33,34.68,4424171.0
2011-03-30,34.85,35.23,34.79,35.18,6181444.0
2011-03-31,35.25,35.42,35.16,35.17,5863387.0
2011-04-01,35.23,35.28,34.88,34.99,6394370.0
2011-04-04,35.1,35.18,34.97,35.03,5076755.0
2011-04-05,35.0,35.25,34.95,35.01,4163745.0
2011-04-06,35.18,35.8,35.09,35.72,10339050.0
2011-04-07,35.68,35.79,35.47,35.73,6794211.0
2011-04-08,35.84,35.85,35.58,35.69,6120147.0
2011-04-11,35.81,36.05,35.73,35.87,5677652.0
2011-04-12,35.76,36.04,35.72,35.84,3579205.0
2011-04-13,35.9,35.94,35.64,35.68,5068423.0
2011-04-14,35.61,35.9,35.45,35.75,9595939.0
2011-04-15,35.92,36.06,35.85,36.01,11460354.0
2011-04-18,35.77,35.84,35.37,35.62,11456318.0
2011-04-19,35.99,36.02,35.4,35.7,6314076.0
2011-04-20,35.97,36.14,35.91,36.13,7175037.0
2011-04-21,36.14,36.71,36.02,36.26,11602897.0
2011-04-25,36.26,36.28,36.09,36.23,3641708.0
2011-04-26,36.49,36.92,36.33,36.82,6796850.0
2011-04-27,36.79,37.29,36.78,37.23,7019249.0
2011-04-28,37.13,37.42,37.02,37.33,4429390.0
2011-04-29,37.31,37.46,36.98,37.01,6888422.0
2011-05-02,37.21,37.52,37.19,37.31,8642863.0
2011-05-03,37.43,38.64,37.31,38.09,15089595.0
2011-05-04,38.09,38.28,37.88,38.12,15487229.0
2011-05-05,38.04,38.33,37.94,38.19,13649821.0
2011-05-06,38.4,38.64,38.23,38.39,9040982.0
2011-05-09,38.45,38.71,38.3,38.55,7920682.0
2011-05-10,38.68,38.75,38.47,38.72,6423417.0
2011-05-11,38.2,38.69,38.11,38.28,11595738.0
2011-05-12,38.22,38.92,38.17,38.76,8526844.0
2011-05-13,38.77,39.04,38.7,38.95,7123065.0
2011-05-16,38.95,39.4,38.89,39.15,8632738.0
2011-05-17,38.97,39.21,38.87,39.13,5201718.0
2011-05-18,39.21,39.24,38.51,38.75,12092678.0
2011-05-19,38.84,38.88,38.5,38.71,7526549.0
2011-05-20,38.65,38.83,38.32,38.44,7901498.0
2011-05-23,38.12,38.5,37.99,38.4,7088876.0
2011-05-24,38.37,38.75,38.25,38.61,5281682.0
2011-05-25,38.35,38.51,38.13,38.31,7013025.0
2011-05-26,38.36,38.48,37.89,37.92,8509127.0
2011-05-27,37.91,38.05,37.63,37.85,6648214.0
2011-05-31,38.14,38.5,37.88,38.48,8168375.0
2011-06-01,38.3,38.48,37.92,37.94,6470833.0
2011-06-02,37.96,37.96,37.37,37.52,6797204.0
2011-06-03,37.26,37.35,37.01,37.05,7027552.0
2011-06-06,37.05,37.24,36.96,37.12,6607771.0
2011-06-07,37.37,37.71,37.24,37.26,5881271.0
2011-06-08,37.21,37.38,37.12,37.27,5483874.0
2011-06-09,37.25,37.86,37.22,37.72,6241855.0
2011-06-10,37.71,37.79,37.04,37.05,7576690.0
2011-06-13,37.16,37.39,37.09,37.22,6848834.0
2011-06-14,37.39,37.77,37.32,37.61,6506540.0
2011-06-15,37.47,37.74,37.13,37.2,6334211.0
2011-06-16,37.08,37.29,37.0,37.22,5911542.0
2011-06-17,37.42,37.75,37.25,37.33,7192560.0
2011-06-20,37.39,37.58,37.27,37.56,12415966.0
2011-06-21,37.65,37.9,37.6,37.77,4472931.0
2011-06-22,37.61,37.87,37.61,37.68,5632588.0
2011-06-23,37.5,37.61,36.8,37.19,8335907.0
2011-06-24,37.26,37.26,36.69,36.76,6158585.0
2011-06-27,36.87,37.02,36.6,36.83,4255895.0
2011-06-28,36.98,37.36,36.87,37.35,6028073.0
2011-06-29,37.53,37.53,37.14,37.27,5658092.0
2011-06-30,37.46,37.6,37.18,37.53,7044217.0
2011-07-01,37.48,37.68,37.27,37.67,8036732.0
2011-07-05,37.69,37.7,37.16,37.28,9685709.0
2011-07-06,37.16,37.75,37.16,37.66,6992644.0
2011-07-07,37.9,37.9,37.63,37.85,6109792.0
2011-07-08,37.65,37.81,37.4,37.71,4192474.0
2011-07-11,37.41,37.47,37.19,37.28,4080788.0
2011-07-12,37.18,37.89,37.16,37.49,6437927.0
2011-07-13,37.57,38.01,37.43,37.56,5672592.0
2011-07-14,37.49,38.59,37.49,38.41,13546877.0
2011-07-15,38.56,38.56,37.89,38.33,8511560.0
2011-07-18,38.24,38.37,37.85,38.05,6450110.0
2011-07-19,38.22,38.38,37.98,38.25,6826796.0
2011-07-20,38.25,38.44,38.05,38.17,5965185.0
2011-07-21,38.31,39.78,38.31,39.32,16441022.0
2011-07-22,39.2,39.25,38.62,38.7,7581230.0
2011-07-25,38.48,38.83,38.32,38.4,5358031.0
2011-07-26,38.46,38.63,38.39,38.46,5327297.0
2011-07-27,38.32,38.65,37.92,37.98,7074873.0
2011-07-28,38.09,38.45,37.95,38.0,20393199.0
2011-07-29,37.79,38.56,37.52,38.3,26943053.0
2011-08-01,38.91,38.91,37.45,37.97,19511912.0
2011-08-02,37.82,37.84,37.14,37.16,16528267.0
2011-08-03,37.13,37.47,36.67,37.31,8410552.0
2011-08-04,36.92,36.92,35.84,35.84,10906698.0
2011-08-05,36.04,36.72,35.32,36.24,15044737.0
2011-08-08,35.52,36.0,34.65,34.8,14778826.0
2011-08-09,35.15,35.67,33.75,35.64,29025614.0
2011-08-10,35.22,35.6,34.4,34.49,14628892.0
2011-08-11,33.98,35.66,33.82,35.3,13633565.0
2011-08-12,35.48,35.61,34.79,34.86,11801090.0
2011-08-15,35.27,35.85,35.11,35.77,11232095.0
2011-08-16,35.49,35.96,35.22,35.69,5977195.0
2011-08-17,35.77,36.13,35.38,35.73,6050788.0
2011-08-18,35.13,35.35,34.69,35.01,9590637.0
2011-08-19,34.66,35.39,34.66,35.01,7381745.0
2011-08-22,35.52,35.86,35.2,35.42,7743749.0
2011-08-23,35.52,35.95,35.28,35.92,11905361.0
2011-08-24,35.91,36.43,35.77,36.39,6038636.0
2011-08-25,36.45,36.45,35.54,35.89,6843619.0
2011-08-26,35.6,36.18,34.94,35.77,7598977.0
2011-08-29,36.03,36.99,36.01,36.99,6909534.0
2011-08-30,36.59,37.39,36.55,37.17,7756679.0
2011-08-31,37.38,37.68,37.18,37.51,8745844.0
2011-09-01,37.57,37.85,37.05,37.13,6322744.0
2011-09-02,36.57,36.92,36.36,36.44,7199399.0
2011-09-06,35.7,36.38,35.53,36.23,7619733.0
2011-09-07,36.6,36.98,36.46,36.94,6056855.0
2011-09-08,36.89,37.44,36.65,37.01,6645254.0
2011-09-09,36.99,37.1,35.98,36.13,9365005.0
2011-09-12,35.88,36.08,35.44,36.04,6808403.0
2011-09-13,36.0,36.78,35.9,36.7,7568328.0
2011-09-14,36.82,37.54,36.55,37.17,9023777.0
2011-09-15,37.61,37.61,36.93,37.44,8448477.0
2011-09-16,37.83,37.85,37.34,37.81,7975642.0
2011-09-19,37.27,37.66,37.07,37.52,5706740.0
2011-09-20,37.59,38.36,37.4,37.87,6242301.0
2011-09-21,37.94,38.21,37.1,37.11,7545134.0
2011-09-22,36.46,36.7,36.1,36.56,9340643.0
2011-09-23,36.4,36.55,35.75,36.07,11861851.0
2011-09-26,36.4,36.67,36.15,36.64,15018653.0
2011-09-27,37.19,37.65,36.93,37.18,7603499.0
2011-09-28,37.11,37.84,37.11,37.24,7820880.0
2011-09-29,37.67,38.0,36.82,37.25,13519475.0
2011-09-30,36.96,37.5,36.88,36.97,7369994.0
2011-10-03,37.02,37.61,36.33,36.33,10380992.0
2011-10-04,35.92,36.73,35.69,36.73,10299079.0
2011-10-05,36.78,37.12,36.44,37.03,6679596.0
2011-10-06,36.93,37.28,36.76,37.23,6733288.0
2011-10-07,37.54,38.25,37.37,37.92,9975757.0
2011-10-10,38.36,38.73,38.18,38.41,5481105.0
2011-10-11,38.17,38.26,37.69,37.7,8763964.0
2011-10-12,37.72,38.1,37.54,37.61,9029260.0
2011-10-13,37.9,38.14,37.43,38.0,5860908.0
2011-10-14,38.32,38.37,38.12,38.29,4710204.0
2011-10-17,38.13,38.38,37.89,37.97,6213329.0
2011-10-18,37.89,38.75,37.71,38.49,5550425.0
2011-10-19,38.67,38.98,38.45,38.7,6662031.0
2011-10-20,38.52,38.86,38.02,38.61,8612618.0
2011-10-21,38.45,38.75,37.74,38.07,11893335.0
2011-10-24,37.93,38.27,37.85,38.19,6443682.0
2011-10-25,38.06,38.2,37.33,37.42,6203608.0
2011-10-26,37.78,37.79,37.16,37.5,7208110.0
2011-10-27,38.41,38.43,37.74,37.87,9120112.0
2011-10-28,38.08,38.36,37.93,38.28,5430055.0
2011-10-31,37.95,38.15,37.15,37.16,10776820.0
2011-11-01,36.78,37.74,36.65,37.22,10501724.0
2011-11-02,37.62,37.71,37.25,37.48,5233391.0
2011-11-03,37.73,38.12,37.62,38.05,25756652.0
2011-11-04,37.97,37.98,37.6,37.94,25550947.0
2011-11-07,37.8,38.4,37.64,38.35,26566103.0
2011-11-08,38.39,39.04,38.14,38.99,6426153.0
2011-11-09,38.53,38.53,37.69,37.85,8459717.0
2011-11-10,37.71,37.81,37.18,37.23,8294477.0
2011-11-11,37.6,37.92,37.54,37.85,4408357.0
2011-11-14,37.62,37.77,37.44,37.65,3990900.0
2011-11-15,37.61,37.8,37.36,37.65,4423155.0
2011-11-16,37.48,37.48,36.8,36.83,6152999.0
2011-11-17,36.9,37.1,36.51,36.81,5687790.0
2011-11-18,37.0,37.04,36.66,36.89,5101540.0
2011-11-21,36.57,36.75,36.28,36.34,5887483.0
2011-11-22,36.36,36.41,36.0,36.14,5038155.0
2011-11-23,35.88,35.96,35.62,35.65,3866025.0
2011-11-25,35.56,35.69,35.46,35.58,2364171.0
2011-11-28,36.38,36.55,36.09,36.27,6754281.0
2011-11-29,36.53,36.56,36.0,36.14,5956487.0
2011-11-30,36.85,37.86,36.85,37.85,8610100.0
2011-12-01,37.71,37.92,37.56,37.64,6251603.0
2011-12-02,37.81,37.89,37.35,37.37,5497330.0
2011-12-05,37.68,37.77,37.3,37.41,6050595.0
2011-12-06,37.88,39.12,37.76,38.86,16567486.0
2011-12-07,39.27,40.13,39.13,39.43,16619379.0
2011-12-08,39.4,39.48,38.8,38.89,8934700.0
2011-12-09,39.33,39.5,39.09,39.27,6309703.0
2011-12-12,39.28,39.4,38.72,38.99,4764495.0
2011-12-13,39.05,40.24,39.05,39.65,11749655.0
2011-12-14,39.61,40.48,39.51,40.04,12965815.0
2011-12-15,40.43,41.37,40.34,41.22,13059020.0
2011-12-16,41.43,41.43,40.44,40.53,12560672.0
2011-12-19,40.79,41.43,40.61,40.74,6979269.0
2011-12-20,41.16,41.18,40.74,41.12,8060879.0
2011-12-21,41.18,41.57,41.1,41.57,5993987.0
2011-12-22,41.77,41.86,41.28,41.46,4903967.0
2011-12-23,41.61,41.71,41.27,41.64,6535258.0
2011-12-27,41.47,41.88,41.45,41.75,3094309.0
2011-12-28,41.77,41.85,41.22,41.3,3230678.0
2011-12-29,41.44,41.66,41.42,41.5,4186328.0
2011-12-30,41.49,41.92,41.47,41.56,4391599.0
2012-01-03,41.95,42.03,41.66,41.8,6905191.0
2012-01-04,41.85,41.85,40.67,40.71,10241153.0
2012-01-05,39.43,40.37,39.25,40.3,14691075.0
2012-01-06,39.97,40.21,39.81,39.88,6329560.0
2012-01-09,39.94,39.94,39.6,39.81,12353837.0
2012-01-10,40.11,40.55,40.07,40.33,6839229.0
2012-01-11,40.1,40.18,39.82,39.98,5086397.0
2012-01-12,39.98,40.26,39.98,40.18,4299536.0
2012-01-13,39.96,40.06,39.65,39.94,4420092.0
2012-01-17,40.16,40.41,40.0,40.03,5899537.0
2012-01-18,40.06,40.37,40.05,40.18,5173606.0
2012-01-19,40.28,40.39,40.07,40.17,7180418.0
2012-01-20,40.22,40.32,39.71,39.81,8713659.0
2012-01-23,39.85,39.87,39.19,39.4,9628978.0
2012-01-24,39.31,39.64,39.3,39.61,5868378.0
2012-01-25,39.55,39.97,39.22,39.89,5893477.0
2012-01-26,39.91,40.02,39.34,39.44,8691156.0
2012-01-27,39.49,39.5,39.01,39.2,6763651.0
2012-01-30,39.05,39.45,38.93,39.25,26019087.0
2012-01-31,39.82,39.84,39.35,39.74,13419297.0
2012-02-01,39.82,40.11,39.73,39.8,7765544.0
2012-02-02,39.93,40.0,39.25,39.6,6862877.0
2012-02-03,39.35,39.7,39.35,39.51,5910960.0
2012-02-06,39.58,39.73,39.39,39.65,7081290.0
2012-02-07,39.57,39.67,39.37,39.5,5838575.0
2012-02-08,39.48,39.85,39.41,39.78,7530514.0
2012-02-09,39.74,39.83,39.46,39.52,31139792.0
2012-02-10,39.41,39.42,39.1,39.31,6939360.0
2012-02-13,39.1,39.17,38.78,38.85,4656880.0
2012-02-14,38.6,38.71,38.3,38.49,5990151.0
2012-02-15,38.65,38.75,38.41,38.57,4462788.0
2012-02-16,38.57,38.74,38.41,38.72,3825267.0
2012-02-17,38.9,39.3,38.76,39.26,7182554.0
2012-02-21,39.4,39.4,38.71,38.75,6858476.0
2012-02-22,38.68,38.92,38.68,38.82,4360479.0
2012-02-23,38.72,38.88,38.62,38.79,3696773.0
2012-02-24,38.87,39.17,38.84,39.05,11409865.0
2012-02-27,39.04,39.36,38.81,39.18,5097183.0
2012-02-28,39.33,39.43,39.17,39.4,6218413.0
2012-02-29,39.44,39.5,39.2,39.24,4272977.0
2012-03-01,39.17,39.41,39.17,39.35,4590584.0
2012-03-02,39.38,39.6,39.3,39.48,5231716.0
2012-03-05,39.36,39.55,39.09,39.13,4875790.0
2012-03-06,39.2,39.32,38.56,38.64,5938367.0
2012-03-07,38.62,38.95,38.62,38.86,4043119.0
2012-03-08,38.97,39.28,38.97,39.19,4477981.0
2012-03-09,39.34,39.61,39.22,39.56,4906783.0
2012-03-12,39.6,39.82,39.56,39.8,4713121.0
2012-03-13,39.86,40.22,39.81,40.17,4835667.0
2012-03-14,40.16,40.45,40.15,40.26,4644238.0
2012-03-15,40.24,40.41,40.06,40.28,3802396.0
2012-03-16,40.3,40.44,39.95,40.2,9659953.0
2012-03-19,40.06,40.4,39.92,40.32,4278240.0
2012-03-20,40.18,40.29,39.9,40.02,4443365.0
2012-03-21,40.01,40.13,39.8,39.95,4671623.0
2012-03-22,39.57,39.85,39.47,39.81,3949318.0
2012-03-23,40.03,40.04,39.71,39.87,5203383.0
2012-03-26,39.98,40.4,39.97,40.27,5361061.0
2012-03-27,40.37,40.42,40.18,40.26,4183402.0
2012-03-28,40.32,40.37,39.87,40.31,4874747.0
2012-03-29,40.05,40.09,39.66,39.96,5311444.0
2012-03-30,40.06,40.36,39.95,40.27,4784315.0
2012-04-02,40.3,40.64,40.23,40.48,5233866.0
2012-04-03,40.48,40.59,40.13,40.32,3340333.0
2012-04-04,40.15,40.45,40.02,40.33,4175329.0
2012-04-05,40.13,40.5,40.1,40.48,4379361.0
2012-04-09,40.32,40.32,39.7,39.72,7599863.0
2012-04-10,39.61,39.92,39.42,39.42,6691816.0
2012-04-11,39.7,39.71,39.39,39.47,5141829.0
2012-04-12,39.55,39.62,39.34,39.58,6299799.0
2012-04-13,39.56,39.6,39.16,39.18,5438084.0
2012-04-16,39.28,39.7,39.27,39.6,10405728.0
2012-04-17,39.68,40.06,39.5,40.06,4826144.0
2012-04-18,39.9,40.04,39.69,39.7,6857605.0
2012-04-19,39.75,39.84,39.58,39.75,4995514.0
2012-04-20,39.69,40.06,39.68,39.91,7548292.0
2012-04-23,39.8,39.85,39.65,39.81,4351629.0
2012-04-24,39.89,40.0,39.67,39.96,4844664.0
2012-04-25,40.42,40.9,40.12,40.8,8205658.0
2012-04-26,40.78,41.0,40.6,40.88,4763682.0
2012-04-27,41.1,41.43,41.07,41.32,20040409.0
2012-04-30,41.13,41.52,41.13,41.39,23371825.0
2012-05-01,41.32,41.47,41.13,41.24,6352206.0
2012-05-02,41.16,41.49,41.13,41.48,4856615.0
2012-05-03,41.49,41.5,41.2,41.27,5051198.0
2012-05-04,41.2,41.4,41.0,41.28,7203807.0
2012-05-07,41.1,41.7,41.0,41.61,6084474.0
2012-05-08,41.59,41.66,41.42,41.62,7070837.0
2012-05-09,41.32,41.49,41.01,41.3,6103360.0
2012-05-10,41.47,41.82,41.36,41.75,6195161.0
2012-05-11,41.17,41.5,41.02,41.26,4999992.0
2012-05-14,41.05,41.26,40.79,40.93,6009970.0
2012-05-15,40.86,40.94,40.46,40.58,5660576.0
2012-05-16,40.65,40.85,40.54,40.75,4081735.0
2012-05-17,40.73,40.94,40.53,40.53,5824405.0
2012-05-18,40.61,40.83,40.34,40.44,8350600.0
2012-05-21,40.47,40.7,40.36,40.63,4955879.0
2012-05-22,40.66,41.16,40.51,41.0,9236282.0
2012-05-23,40.92,41.0,40.36,40.67,7941205.0
2012-05-24,40.71,41.16,40.64,41.16,5630255.0
2012-05-25,41.11,41.5,41.0,41.11,4076176.0
2012-05-29,41.24,41.55,41.21,41.3,4191492.0
2012-05-30,41.2,41.45,40.96,40.99,4578998.0
2012-05-31,41.08,41.26,40.78,40.95,6575612.0
2012-06-01,40.67,40.73,40.12,40.16,6388171.0
2012-06-04,40.11,40.33,39.93,40.15,6544543.0
2012-06-05,40.15,40.68,40.04,40.62,5448512.0
2012-06-06,40.72,41.01,40.59,41.01,10635416.0
2012-06-07,41.22,41.49,41.12,41.27,7191401.0
2012-06-08,41.25,41.75,41.2,41.53,7114184.0
2012-06-11,41.74,41.91,41.3,41.49,5598860.0
2012-06-12,41.57,41.67,41.31,41.64,4674037.0
2012-06-13,41.64,41.84,41.41,41.57,3553271.0
2012-06-14,41.6,41.99,41.5,41.81,5375588.0
2012-06-15,42.02,42.17,41.94,41.99,6396510.0
2012-06-18,41.78,42.09,41.78,42.04,3686512.0
2012-06-19,42.28,42.47,42.16,42.29,4149830.0
2012-06-20,42.24,42.27,41.89,42.04,3412789.0
2012-06-21,42.19,42.38,41.71,41.76,4243175.0
2012-06-22,41.96,42.13,41.82,42.07,4332752.0
2012-06-25,41.8,41.84,41.46,41.47,4376951.0
2012-06-26,41.43,41.75,41.43,41.57,4070540.0
2012-06-27,41.64,42.07,41.62,41.93,4268271.0
2012-06-28,41.96,42.13,41.41,42.1,5074943.0
2012-06-29,42.52,42.91,42.46,42.91,6144559.0
2012-07-02,43.06,43.22,42.87,42.99,4710561.0
2012-07-03,42.95,43.31,42.81,43.16,2294130.0
2012-07-05,43.05,43.06,42.8,42.85,3760182.0
2012-07-06,42.7,42.74,42.42,42.66,3244257.0
2012-07-09,42.64,42.99,42.64,42.95,3113542.0
2012-07-10,43.08,43.15,42.72,42.86,4142464.0
2012-07-11,42.66,42.91,42.52,42.8,4062641.0
2012-07-12,42.67,42.93,42.51,42.84,4075587.0
2012-07-13,42.92,43.5,42.73,43.26,4580193.0
2012-07-16,43.21,43.89,43.19,43.85,5780289.0
2012-07-17,44.08,44.27,43.8,43.96,11535488.0
2012-07-18,43.85,44.67,43.79,44.51,9138992.0
2012-07-19,44.52,44.6,44.39,44.4,4592023.0
2012-07-20,44.16,44.27,43.98,44.17,6509114.0
2012-07-23,43.89,43.98,43.59,43.83,4540506.0
2012-07-24,42.74,42.85,41.59,41.98,17930779.0
2012-07-25,43.27,43.58,42.58,43.12,12960198.0
2012-07-26,43.72,43.87,43.37,43.61,6966504.0
2012-07-27,44.0,44.53,43.99,44.37,7526670.0
2012-07-30,43.91,44.09,43.64,44.05,6791312.0
2012-07-31,44.08,44.41,43.99,44.03,7260568.0
2012-08-01,44.12,44.4,43.78,43.86,8163781.0
2012-08-02,43.68,43.94,43.16,43.32,6741974.0
2012-08-03,43.97,44.2,43.9,44.15,5380049.0
2012-08-06,44.12,44.13,43.71,43.71,3840868.0
2012-08-07,43.21,43.51,42.2,42.75,11700878.0
2012-08-08,42.75,43.0,42.61,42.85,5464695.0
2012-08-09,42.81,42.95,42.55,42.72,5164247.0
2012-08-10,42.74,43.69,42.56,43.6,11829780.0
2012-08-13,42.91,42.99,42.61,42.81,3928219.0
2012-08-14,42.99,43.02,42.66,42.73,3274512.0
2012-08-15,42.72,43.02,42.71,42.98,5168508.0
2012-08-16,42.96,43.02,42.64,42.75,3271586.0
2012-08-17,42.85,42.85,42.27,42.42,4521469.0
2012-08-20,42.42,42.42,42.21,42.34,3892367.0
2012-08-21,42.49,42.49,42.1,42.21,4195401.0
2012-08-22,42.17,42.38,42.12,42.17,4708934.0
2012-08-23,42.16,42.48,42.12,42.4,4589593.0
2012-08-24,44.81,45.01,43.36,43.86,48001622.0
2012-08-27,43.75,44.98,43.75,44.59,15116891.0
2012-08-28,44.63,45.45,44.21,44.71,13256434.0
2012-08-29,44.6,45.26,44.38,45.17,8328879.0
2012-08-30,45.0,45.0,44.63,44.9,5234435.0
2012-08-31,45.07,45.29,44.67,44.91,6397576.0
2012-09-04,44.97,45.41,44.71,45.29,6948559.0
2012-09-05,45.87,46.36,45.72,45.81,11304940.0
2012-09-06,45.98,46.86,45.98,46.81,8553515.0
2012-09-07,46.71,46.87,46.29,46.65,9900095.0
2012-09-10,46.74,46.85,46.52,46.52,4722061.0
2012-09-11,46.65,46.7,46.41,46.49,4263222.0
2012-09-12,46.48,46.86,46.46,46.55,3977577.0
2012-09-13,46.62,47.26,46.31,47.15,5501283.0
2012-09-14,47.01,47.01,46.51,46.72,6510983.0
2012-09-17,46.54,46.94,46.53,46.83,7230401.0
2012-09-18,46.52,47.07,46.52,46.91,4155465.0
2012-09-19,46.77,47.18,46.68,46.86,5176709.0
2012-09-20,46.77,47.1,46.75,47.02,4905687.0
2012-09-21,47.17,47.76,47.1,47.46,8370317.0
2012-09-24,47.5,47.63,47.16,47.4,4873391.0
2012-09-25,47.52,47.84,47.41,47.45,4395060.0
2012-09-26,47.45,47.7,46.84,47.2,4792348.0
2012-09-27,47.36,47.72,47.1,47.64,5020282.0
2012-09-28,47.37,47.52,47.0,47.41,5941810.0
2012-10-01,47.49,48.04,47.46,47.57,5301826.0
2012-10-02,47.81,48.14,47.79,47.94,4948217.0
2012-10-03,48.06,48.39,47.93,48.31,5763742.0
2012-10-04,48.46,48.95,48.42,48.76,7990639.0
2012-10-05,48.73,48.9,47.98,48.23,7089647.0
2012-10-08,48.05,50.94,47.76,50.78,28626089.0
2012-10-09,51.42,53.55,50.97,51.81,29785828.0
2012-10-10,51.72,51.87,50.08,50.23,11520789.0
2012-10-11,50.55,50.87,50.3,50.6,6467418.0
2012-10-12,50.07,50.74,50.0,50.45,6824356.0
2012-10-15,50.9,53.17,50.81,52.53,12886593.0
2012-10-16,52.84,53.88,52.8,53.66,11264123.0
2012-10-17,53.78,53.99,53.2,53.67,5918369.0
2012-10-18,53.46,53.86,53.03,53.81,7926215.0
2012-10-19,53.88,53.88,52.55,52.86,6781465.0
2012-10-22,53.38,53.47,51.92,52.28,9336558.0
2012-10-23,51.87,52.04,50.56,51.91,10998135.0
2012-10-24,49.98,51.57,49.73,50.5,14232679.0
2012-10-25,50.61,51.19,50.43,51.08,7109917.0
2012-10-26,50.96,51.0,50.13,50.21,6047563.0
2012-10-31,50.81,50.81,48.13,48.63,13386515.0
2012-11-01,48.89,49.69,48.16,49.1,8202012.0
2012-11-02,49.39,49.48,48.55,48.55,10584756.0
2012-11-05,48.37,48.9,48.31,48.78,4246184.0
2012-11-06,48.8,49.13,48.58,48.78,5705599.0
2012-11-07,48.51,49.01,47.54,48.18,9276476.0
2012-11-08,48.12,48.22,47.45,47.47,23062344.0
2012-11-09,47.14,48.0,47.14,47.47,15307417.0
2012-11-12,47.5,48.64,47.39,48.3,7299233.0
2012-11-13,47.66,47.96,47.12,47.14,7145261.0
2012-11-14,47.24,47.6,46.01,46.22,9324165.0
2012-11-15,46.17,46.41,44.88,45.96,6868049.0
2012-11-16,46.0,46.25,45.43,45.91,8915710.0
2012-11-19,46.3,47.07,46.15,47.03,8489535.0
2012-11-20,47.03,47.29,46.75,47.19,4547583.0
2012-11-21,47.33,47.44,46.96,47.42,3923016.0
2012-11-23,47.48,47.76,47.41,47.74,2254128.0
2012-11-26,47.35,47.93,46.89,47.93,7631064.0
2012-11-27,47.82,48.27,47.51,47.68,5379906.0
2012-11-28,47.63,48.05,47.25,48.04,3654220.0
2012-11-29,48.29,48.77,48.23,48.58,4393209.0
2012-11-30,48.61,49.15,48.39,49.04,6863927.0
2012-12-03,49.21,49.61,48.8,48.92,5652114.0
2012-12-04,48.91,49.47,48.85,49.22,5488288.0
2012-12-05,49.22,49.7,48.98,49.58,5268273.0
2012-12-06,49.63,49.65,49.25,49.4,5151057.0
2012-12-07,49.47,49.66,49.2,49.63,2972350.0
2012-12-10,49.61,50.31,49.2,50.12,4296816.0
2012-12-11,50.21,50.76,50.14,50.6,5401574.0
2012-12-12,49.25,50.0,48.81,49.0,18763715.0
2012-12-13,49.18,49.27,47.98,48.23,10167013.0
2012-12-14,48.05,48.09,47.61,47.79,6357372.0
2012-12-17,47.8,48.55,47.78,48.34,7445294.0
2012-12-18,48.57,49.54,48.35,49.52,13440966.0
2012-12-19,49.42,49.62,48.91,48.92,7036627.0
2012-12-20,48.89,49.35,48.71,49.25,6572112.0
2012-12-21,48.87,49.69,48.75,49.55,12853291.0
2012-12-24,49.46,49.46,48.8,49.04,2765031.0
2012-12-26,49.1,49.24,48.62,49.06,3680320.0
2012-12-27,48.98,49.39,48.52,48.97,4349059.0
2012-12-28,48.65,49.17,48.55,48.6,3646354.0
2012-12-31,48.5,49.35,48.38,49.32,5245124.0
2013-01-02,49.94,50.31,49.19,49.51,8354739.0
2013-01-03,49.52,49.84,49.21,49.72,7448646.0
2013-01-04,51.06,51.9,50.69,51.56,13587954.0
2013-01-07,51.31,51.9,51.01,51.49,6989189.0
2013-01-08,51.42,52.02,51.28,51.88,5247234.0
2013-01-09,52.19,53.06,52.0,52.97,7267374.0
2013-01-10,53.25,53.53,52.87,53.25,6324303.0
2013-01-11,53.36,53.4,52.96,53.11,5126462.0
2013-01-14,53.2,53.41,52.75,52.8,6286082.0
2013-01-15,52.66,53.36,52.65,53.29,5915727.0
2013-01-16,53.17,53.31,52.72,52.93,4467021.0
2013-01-17,52.61,53.47,52.52,53.33,4888818.0
2013-01-18,53.31,53.77,52.93,53.77,6558047.0
2013-01-22,53.72,53.77,53.12,53.44,6089357.0
2013-01-23,52.75,52.96,52.2,52.4,10413725.0
2013-01-24,52.6,53.26,52.6,53.16,6719077.0
2013-01-25,53.17,53.67,53.09,53.21,6029046.0
2013-01-28,53.12,53.25,52.46,52.64,8054152.0
2013-01-29,52.76,54.87,52.76,54.32,11004289.0
2013-01-30,54.23,54.78,53.99,54.29,6326625.0
2013-01-31,54.07,54.16,53.21,53.69,5123325.0
2013-02-01,53.55,54.48,53.55,54.2,4206284.0
2013-02-04,53.84,53.88,53.48,53.55,4968948.0
2013-02-05,53.76,54.39,53.76,54.1,3519882.0
2013-02-06,53.93,54.16,53.63,53.93,3575283.0
2013-02-07,53.85,53.92,53.22,53.78,5233841.0
2013-02-08,53.64,54.0,53.56,53.72,17142758.0
2013-02-11,53.56,54.06,53.48,53.9,18307287.0
2013-02-12,53.74,53.91,53.68,53.8,19666635.0
2013-02-13,53.4,53.45,53.26,53.44,4384918.0
2013-02-14,53.22,53.58,53.18,53.5,4278087.0
2013-02-15,53.5,54.0,53.5,53.59,5484683.0
2013-02-19,53.62,54.18,53.6,54.18,3981759.0
2013-02-20,54.16,54.68,54.1,54.29,4447545.0
2013-02-21,54.11,54.25,53.93,54.02,5514475.0
2013-02-22,54.07,54.27,53.53,54.27,5519269.0
2013-02-25,54.5,54.93,53.77,53.77,6360913.0
2013-02-26,54.08,54.52,53.73,54.43,4773606.0
2013-02-27,54.5,54.99,54.26,54.8,3974875.0
2013-02-28,54.68,54.98,54.58,54.66,5885935.0
2013-03-01,54.31,54.85,54.31,54.78,4597086.0
2013-03-04,54.66,54.91,54.53,54.76,4424716.0
2013-03-05,54.97,55.74,54.91,55.54,4867271.0
2013-03-06,55.58,55.67,54.92,55.08,6788180.0
2013-03-07,55.09,55.56,55.08,55.35,3605916.0
2013-03-08,55.5,55.59,54.97,55.16,4827476.0
2013-03-11,55.06,55.24,54.79,55.07,4766622.0
2013-03-12,55.06,55.43,54.95,55.08,3872663.0
2013-03-13,55.15,55.27,55.0,55.06,3624596.0
2013-03-14,55.46,55.65,54.81,55.07,5361792.0
2013-03-15,54.68,55.13,54.39,55.13,10664077.0
2013-03-18,54.63,54.95,54.54,54.66,3926482.0
2013-03-19,54.83,54.96,54.5,54.79,3338336.0
2013-03-20,55.05,55.45,55.02,55.3,3805460.0
2013-03-21,55.04,55.29,54.88,55.08,2702413.0
2013-03-22,55.25,55.67,55.13,55.57,2812384.0
2013-03-25,55.7,55.79,55.26,55.62,4675187.0
2013-03-26,55.9,56.68,55.78,56.29,5107993.0
2013-03-27,56.03,56.46,55.95,56.37,3418143.0
2013-03-28,56.51,56.94,56.32,56.79,4223262.0
2013-04-01,56.67,56.8,56.22,56.61,3668590.0
2013-04-02,56.63,57.14,56.29,56.5,4040375.0
2013-04-03,56.67,57.23,56.58,56.85,5563701.0
2013-04-04,56.85,57.28,56.56,56.93,3017229.0
2013-04-05,56.45,56.61,56.22,56.48,3001899.0
2013-04-08,56.45,56.82,55.88,56.82,3691809.0
2013-04-09,56.96,57.23,56.58,56.74,4145132.0
2013-04-10,57.22,57.68,57.21,57.59,3239054.0
2013-04-11,57.65,58.26,57.58,58.0,4048803.0
2013-04-12,57.77,58.34,57.36,57.51,4710661.0
2013-04-15,57.02,57.75,56.48,56.49,5646457.0
2013-04-16,56.8,57.33,56.54,57.18,4131579.0
2013-04-17,56.98,57.63,56.73,57.47,4147392.0
2013-04-18,57.48,57.51,56.17,56.29,4098568.0
2013-04-19,56.56,57.44,56.37,57.42,4898965.0
2013-04-22,57.46,57.63,56.99,57.58,2733074.0
2013-04-23,57.94,58.41,57.52,58.33,4016988.0
2013-04-24,57.91,58.33,56.02,56.05,6678766.0
2013-04-25,56.38,56.5,55.02,56.43,7431363.0
2013-04-26,56.45,56.75,56.28,56.46,3457577.0
2013-04-29,56.59,56.63,55.79,56.01,4853958.0
2013-04-30,55.9,55.9,55.16,55.38,4679136.0
2013-05-01,55.1,55.13,54.15,54.24,5790838.0
2013-05-02,54.32,54.83,54.15,54.7,4064282.0
2013-05-03,55.19,55.19,54.58,54.99,3407609.0
2013-05-06,55.02,55.16,54.3,54.47,4618252.0
2013-05-07,54.52,54.59,53.85,54.17,6320165.0
2013-05-08,54.23,54.78,54.16,54.52,5428971.0
2013-05-09,54.58,54.94,54.35,54.56,12818502.0
2013-05-10,53.97,54.82,53.88,54.82,15279341.0
2013-05-13,54.72,56.31,54.55,56.28,18985715.0
2013-05-14,55.81,56.18,55.7,55.87,4821445.0
2013-05-15,55.92,57.1,55.92,56.72,5387463.0
2013-05-16,56.56,56.56,55.82,55.94,3819805.0
2013-05-17,55.97,56.23,55.35,55.9,3763076.0
2013-05-20,55.9,55.94,54.88,55.02,4242518.0
2013-05-21,55.07,55.43,54.66,55.14,4221928.0
2013-05-22,55.26,56.06,54.66,54.92,4570047.0
2013-05-23,54.67,55.3,54.51,54.74,3952981.0
2013-05-24,54.5,54.5,53.89,54.14,4983689.0
2013-05-28,54.71,55.19,54.32,54.54,4344516.0
2013-05-29,54.24,54.36,53.44,53.75,4201657.0
2013-05-30,53.93,54.62,53.79,54.08,4393920.0
2013-05-31,53.92,54.06,53.15,53.16,4831129.0
2013-06-03,53.08,53.24,52.52,53.14,4174055.0
2013-06-04,53.14,53.42,52.22,52.5,4093911.0
2013-06-05,52.32,52.87,51.76,51.81,4542562.0
2013-06-06,51.89,52.43,51.34,52.09,4977736.0
2013-06-07,52.58,53.06,52.28,52.49,4368369.0
2013-06-10,52.7,52.83,52.15,52.64,4212568.0
2013-06-11,52.23,52.32,51.78,51.94,5268396.0
2013-06-12,52.31,52.61,51.76,51.78,3506966.0
2013-06-13,51.68,51.89,50.83,51.85,7100942.0
2013-06-14,51.47,52.28,51.39,52.05,6116250.0
2013-06-17,52.42,53.05,52.2,52.36,5135100.0
2013-06-18,52.47,52.72,51.69,52.35,5164737.0
2013-06-19,52.28,52.38,51.32,51.37,4578987.0
2013-06-20,50.96,50.96,49.21,49.41,7954603.0
2013-06-21,50.02,50.43,49.53,49.91,7203397.0
2013-06-24,49.31,49.6,48.68,49.06,5863694.0
2013-06-25,49.54,49.54,48.91,49.22,4042732.0
2013-06-26,49.66,49.9,49.22,49.79,6077996.0
2013-06-27,50.11,50.33,49.72,49.72,3657981.0
2013-06-28,49.62,49.86,49.05,49.12,8256673.0
2013-07-01,49.35,50.31,49.27,50.16,6987350.0
2013-07-02,50.08,50.93,50.07,50.5,5846483.0
2013-07-03,50.48,50.48,49.5,50.14,2671137.0
2013-07-05,50.59,50.82,49.97,50.58,2700356.0
2013-07-08,50.8,51.19,50.66,51.13,4375966.0
2013-07-09,51.41,51.81,51.16,51.79,4519029.0
2013-07-10,51.78,51.91,51.25,51.42,3865608.0
2013-07-11,52.06,52.06,51.43,51.54,3923483.0
2013-07-12,51.63,51.63,51.1,51.45,4067372.0
2013-07-15,51.41,51.72,51.17,51.54,2922506.0
2013-07-16,51.55,51.79,50.8,51.0,4031894.0
2013-07-17,51.2,51.24,50.61,50.67,4038340.0
2013-07-18,50.63,50.67,49.83,49.92,6040760.0
2013-07-19,49.93,50.61,49.46,50.6,7814632.0
2013-07-22,50.55,50.83,50.33,50.63,3362902.0
2013-07-23,50.77,51.06,50.56,50.99,3926726.0
2013-07-24,52.0,52.68,51.75,52.55,8955766.0
2013-07-25,52.41,52.64,51.88,52.59,4085633.0
2013-07-26,52.41,53.4,52.25,53.36,4349306.0
2013-07-29,53.23,53.83,53.15,53.56,4230834.0
2013-07-30,53.8,53.98,53.21,53.32,3594244.0
2013-07-31,53.36,53.65,52.93,53.11,4334790.0
2013-08-01,53.43,53.67,53.11,53.5,3297854.0
2013-08-02,53.47,53.92,53.22,53.88,3637285.0
2013-08-05,53.87,54.45,53.59,53.87,3794194.0
2013-08-06,53.9,54.19,53.23,53.32,4177252.0
2013-08-07,53.32,53.75,53.05,53.62,3377608.0
2013-08-08,53.88,53.92,53.22,53.57,17504418.0
2013-08-09,53.57,54.21,53.35,54.18,14719883.0
2013-08-12,53.86,54.09,53.58,54.05,17194225.0
2013-08-13,56.0,56.5,54.73,54.96,14253513.0
2013-08-14,54.96,55.1,54.01,54.2,5054269.0
2013-08-15,53.76,53.93,53.27,53.39,4509053.0
2013-08-16,53.17,53.32,52.79,52.86,5112376.0
2013-08-19,52.68,53.15,52.68,52.79,3372719.0
2013-08-20,52.79,53.08,52.73,52.8,2889881.0
2013-08-21,52.73,52.93,52.32,52.42,3969737.0
2013-08-22,52.47,52.77,52.31,52.46,2388562.0
2013-08-23,52.46,52.62,51.93,52.62,3252449.0
2013-08-26,52.7,52.77,52.04,52.05,4048512.0
2013-08-27,51.64,51.74,51.24,51.27,4529874.0
2013-08-28,51.18,51.75,51.0,51.47,3211817.0
2013-08-29,51.26,51.74,51.1,51.45,2305040.0
2013-08-30,51.46,51.62,51.17,51.4,3237341.0
2013-09-03,51.77,51.9,51.04,51.31,2641616.0
2013-09-04,51.36,52.4,51.28,52.18,4192264.0
2013-09-05,52.29,52.35,51.92,52.21,2424365.0
2013-09-06,52.22,52.73,51.69,52.41,2886541.0
2013-09-09,52.41,52.58,52.09,52.54,2324450.0
2013-09-10,52.89,53.13,52.53,52.87,3415400.0
2013-09-11,52.94,53.15,52.69,52.8,3943757.0
2013-09-12,52.92,53.22,52.76,52.91,3094154.0
2013-09-13,53.01,53.29,52.93,53.27,2784549.0
2013-09-16,53.77,53.84,53.43,53.64,2670166.0
2013-09-17,53.64,54.18,53.61,53.83,3782909.0
2013-09-18,53.87,54.25,53.22,54.16,3351569.0
2013-09-19,53.98,54.12,53.63,53.86,3410258.0
2013-09-20,54.02,54.18,53.72,53.93,5882723.0
2013-09-23,53.84,53.86,52.83,53.04,4572851.0
2013-09-24,53.04,53.09,52.33,52.43,5359035.0
2013-09-25,52.6,52.95,52.36,52.61,4167643.0
2013-09-26,51.25,51.95,50.15,51.04,14551449.0
2013-09-27,50.74,50.82,50.07,50.5,5867187.0
2013-09-30,50.3,50.66,50.21,50.33,4803524.0
2013-10-01,50.41,50.69,50.24,50.67,3980060.0
2013-10-02,50.49,50.67,50.22,50.54,3424945.0
2013-10-03,50.25,50.29,48.5,48.8,15008924.0
2013-10-04,48.86,48.86,48.01,48.38,10750700.0
2013-10-07,48.17,48.21,47.56,47.65,7826943.0
2013-10-08,47.75,48.36,47.53,48.05,10496071.0
2013-10-09,48.09,48.26,47.53,47.96,6924998.0
2013-10-10,48.69,49.16,48.51,49.15,6286186.0
2013-10-11,48.63,49.09,48.51,48.88,6571931.0
2013-10-14,48.51,49.05,48.47,49.03,5516048.0
2013-10-15,48.8,49.08,48.6,48.81,4968709.0
2013-10-16,48.85,49.01,48.51,48.91,7249603.0
2013-10-17,48.91,49.76,48.91,49.7,5555781.0
2013-10-18,50.0,50.01,49.28,49.56,7022718.0
2013-10-21,49.56,49.72,49.39,49.65,4479235.0
2013-10-22,49.72,50.37,49.53,50.15,5797467.0
2013-10-23,50.52,51.0,49.94,50.31,5754474.0
2013-10-24,50.82,51.0,50.36,50.55,5580417.0
2013-10-25,50.48,51.0,50.31,50.66,4546688.0
2013-10-28,50.72,51.14,50.6,50.88,4474669.0
2013-10-29,50.95,50.98,50.13,50.2,6986716.0
2013-10-30,50.24,50.27,48.97,49.21,8599702.0
2013-10-31,49.26,50.21,49.22,49.82,6757461.0
2013-11-01,49.91,50.43,49.81,50.38,5045503.0
2013-11-04,50.39,50.55,50.1,50.41,4322766.0
2013-11-05,50.28,50.69,50.21,50.37,3692732.0
2013-11-06,50.56,50.56,50.26,50.49,5477803.0
2013-11-07,50.55,50.62,49.97,50.01,18678429.0
2013-11-08,49.95,50.67,49.88,50.63,18998639.0
2013-11-11,49.67,50.32,49.51,50.28,8163419.0
2013-11-12,50.08,50.28,49.97,50.06,27846852.0
2013-11-13,49.29,50.67,49.27,50.55,8956603.0
2013-11-14,50.5,51.14,50.49,51.03,5480231.0
2013-11-15,50.87,51.13,50.84,51.01,5759006.0
2013-11-18,51.1,51.1,50.77,51.03,4024481.0
2013-11-19,50.92,51.09,50.78,50.94,3724802.0
2013-11-20,50.89,51.0,50.48,50.67,3711427.0
2013-11-21,50.71,50.82,50.29,50.49,4749322.0
2013-11-22,50.52,51.24,50.4,51.23,5165055.0
2013-11-25,51.42,51.62,51.22,51.34,4338336.0
2013-11-26,51.4,51.45,50.54,50.54,5851247.0
2013-11-27,50.31,50.65,50.2,50.36,3287250.0
2013-11-29,50.63,50.77,50.1,50.22,2142770.0
2013-12-02,50.15,50.49,49.87,50.24,3588643.0
2013-12-03,50.19,50.29,49.65,49.78,5035797.0
2013-12-04,49.79,50.03,49.53,49.87,4106275.0
2013-12-05,49.83,50.18,49.73,49.96,3716748.0
2013-12-06,50.3,50.67,50.25,50.63,3854174.0
2013-12-09,50.58,51.05,50.49,50.79,3804895.0
2013-12-10,50.86,50.88,50.32,50.49,4385615.0
2013-12-11,50.49,50.64,49.87,49.98,4610486.0
2013-12-12,49.8,49.95,49.14,49.23,5274409.0
2013-12-13,49.28,49.67,49.08,49.39,4286906.0
2013-12-16,49.57,49.94,49.17,49.19,4907675.0
2013-12-17,49.36,49.36,48.88,49.22,4111681.0
2013-12-18,48.73,50.07,48.62,50.0,6207868.0
2013-12-19,50.19,50.51,49.89,50.14,5356428.0
2013-12-20,50.26,50.93,49.99,50.2,6367291.0
2013-12-23,50.5,50.9,50.28,50.55,4574307.0
2013-12-24,50.58,50.9,50.51,50.74,1359514.0
2013-12-26,50.73,51.25,50.62,50.99,2439961.0
2013-12-27,51.12,51.38,50.91,51.25,2265023.0
2013-12-30,51.15,51.22,50.63,51.17,3309206.0
2013-12-31,51.19,51.26,50.85,51.0,2928655.0
2014-01-02,50.92,51.09,50.56,50.73,3176683.0
2014-01-03,50.77,51.2,50.67,51.1,4006252.0
2014-01-06,51.26,51.94,51.17,51.53,7903665.0
2014-01-07,51.53,52.08,51.15,51.19,7365985.0
2014-01-08,50.81,51.15,50.52,51.11,7517096.0
2014-01-09,51.23,51.74,51.19,51.68,6355587.0
2014-01-10,51.49,52.11,51.25,51.93,5399095.0
2014-01-13,52.03,52.52,51.91,52.07,5413289.0
2014-01-14,51.96,52.55,51.87,52.44,4994464.0
2014-01-15,52.65,53.58,52.42,53.41,8485760.0
2014-01-16,53.59,55.64,53.59,55.3,12158233.0
2014-01-17,55.38,55.45,54.86,55.16,7850947.0
2014-01-21,55.35,55.79,54.89,55.59,5624400.0
2014-01-22,55.71,55.78,55.27,55.6,3342353.0
2014-01-23,55.3,55.38,54.62,55.15,5130292.0
2014-01-24,54.71,54.98,54.0,54.12,6044639.0
2014-01-27,54.22,54.67,53.81,54.13,6378337.0
2014-01-28,54.26,54.53,53.86,54.23,5771207.0
2014-01-29,54.04,54.22,53.57,53.91,7314036.0
2014-01-30,54.09,54.56,53.03,53.27,7277621.0
2014-01-31,53.08,54.06,52.87,54.01,8214652.0
2014-02-03,54.23,54.38,52.51,52.66,7017177.0
2014-02-04,52.86,53.2,52.4,53.1,6039084.0
2014-02-05,53.06,53.48,52.46,52.72,4467648.0
2014-02-06,53.01,53.01,52.45,52.72,4513944.0
2014-02-07,52.9,53.55,52.75,53.21,4541361.0
2014-02-10,52.75,53.99,52.29,53.97,4229229.0
2014-02-11,53.82,54.63,53.66,54.51,5881221.0
2014-02-12,54.15,54.15,53.12,53.32,6055093.0
2014-02-13,53.04,53.7,52.89,53.48,3769728.0
2014-02-14,53.41,54.37,53.33,54.2,4005834.0
2014-02-18,54.09,55.34,54.03,55.25,6855061.0
2014-02-19,57.3,58.2,56.55,58.09,16135481.0
2014-02-20,57.85,58.52,57.4,58.05,8991658.0
2014-02-21,57.78,58.76,57.77,57.96,6617336.0
2014-02-24,58.11,58.9,57.89,58.03,4162727.0
2014-02-25,57.99,58.84,57.93,58.48,5464330.0
2014-02-26,58.39,58.89,58.38,58.66,4603556.0
2014-02-27,58.55,59.65,58.45,59.54,5666128.0
2014-02-28,59.53,60.12,59.33,59.61,5883038.0
2014-03-03,58.95,59.5,58.81,59.03,4093225.0
2014-03-04,59.51,60.1,59.51,59.85,5608220.0
2014-03-05,59.94,59.97,59.22,59.43,3540825.0
2014-03-06,59.45,59.92,58.69,58.72,5083689.0
2014-03-07,58.9,59.08,58.15,58.59,4288626.0
2014-03-10,58.51,58.92,58.2,58.9,3978074.0
2014-03-11,58.92,59.02,58.32,58.43,3438826.0
2014-03-12,58.16,59.21,58.12,59.2,4547184.0
2014-03-13,59.2,59.33,58.23,58.34,4103677.0
2014-03-14,58.31,58.98,58.23,58.87,4201752.0
2014-03-17,59.08,59.29,58.65,58.87,3016243.0
2014-03-18,58.91,59.7,58.81,59.4,4082826.0
2014-03-19,59.49,59.74,58.63,59.05,2865879.0
2014-03-20,58.97,58.97,58.3,58.57,3546404.0
2014-03-21,58.88,59.75,57.76,57.78,7421541.0
2014-03-24,57.78,57.99,56.81,57.4,5910933.0
2014-03-25,57.45,57.83,56.94,57.21,6419233.0
2014-03-26,57.32,58.3,57.24,57.48,6628503.0
2014-03-27,57.59,58.12,57.17,57.53,5472493.0
2014-03-28,57.67,58.47,57.4,57.61,3117549.0
2014-03-31,57.94,59.13,57.81,58.86,5098942.0
2014-04-01,59.2,59.91,58.51,58.82,6345140.0
2014-04-02,59.17,59.28,58.75,59.15,3881419.0
2014-04-03,59.83,60.18,58.75,58.97,5447079.0
2014-04-04,59.22,59.96,58.93,59.01,5177859.0
2014-04-07,59.26,60.08,58.58,58.62,5522441.0
2014-04-08,58.0,58.93,57.6,58.58,6169943.0
2014-04-09,58.73,60.46,58.66,60.43,6638621.0
2014-04-10,60.4,60.4,58.53,58.66,5514450.0
2014-04-11,58.38,58.89,58.03,58.45,5351157.0
2014-04-14,58.88,59.65,58.3,58.95,3682351.0
2014-04-15,59.17,59.69,58.28,59.42,4532141.0
2014-04-16,59.51,60.0,59.35,59.96,5321849.0
2014-04-17,59.73,60.45,59.62,60.43,4750022.0
2014-04-21,60.44,60.89,59.95,60.86,3348509.0
2014-04-22,60.95,61.15,59.97,60.03,6271760.0
2014-04-23,59.67,60.01,59.23,59.56,6563328.0
2014-04-24,58.23,59.18,57.35,58.68,7854549.0
2014-04-25,58.7,59.13,58.28,58.5,4260422.0
2014-04-28,59.67,59.67,58.16,58.97,4930747.0
2014-04-29,59.21,59.67,59.12,59.62,5120511.0
2014-04-30,59.48,59.58,58.66,59.1,5198100.0
2014-05-01,59.18,59.7,58.79,59.52,4173356.0
2014-05-02,59.36,59.63,58.75,59.08,4122546.0
2014-05-05,58.7,58.97,58.04,58.88,3805889.0
2014-05-06,58.73,59.6,58.45,58.56,4185942.0
2014-05-07,58.68,59.17,58.05,59.15,5453325.0
2014-05-08,59.08,59.51,58.79,59.5,11023924.0
2014-05-09,59.44,59.5,58.43,59.36,5098444.0
2014-05-12,59.97,60.05,59.06,59.42,4982688.0
2014-05-13,59.06,60.35,58.76,60.04,6843502.0
2014-05-14,60.05,60.49,60.0,60.1,4050157.0
2014-05-15,59.6,59.81,58.01,58.21,9782942.0
2014-05-16,57.96,58.5,57.81,58.34,8677087.0
2014-05-19,58.28,58.76,58.22,58.65,3571034.0
2014-05-20,58.65,58.87,58.34,58.66,3952774.0
2014-05-21,58.76,59.1,58.65,59.07,3020691.0
2014-05-22,59.12,59.86,58.7,59.72,3782439.0
2014-05-23,59.63,59.86,59.4,59.8,2624867.0
2014-05-27,60.0,60.01,59.44,59.73,4006610.0
2014-05-28,60.23,60.25,59.7,59.7,2604563.0
2014-05-29,59.93,60.0,59.36,59.47,3362085.0
2014-05-30,59.38,60.1,59.3,59.86,4802607.0
2014-06-02,59.74,59.86,58.85,59.49,3405834.0
2014-06-03,59.31,59.63,59.11,59.35,2798224.0
2014-06-04,59.18,59.45,58.99,59.22,2997436.0
2014-06-05,59.31,59.76,59.07,59.58,2753794.0
2014-06-06,59.85,59.85,59.38,59.63,2551290.0
2014-06-09,59.57,59.76,59.19,59.74,2577135.0
2014-06-10,60.71,60.71,59.09,59.75,2991874.0
2014-06-11,59.42,59.84,59.21,59.47,2977402.0
2014-06-12,59.27,59.5,58.71,58.88,3937360.0
2014-06-13,58.94,59.95,58.83,58.9,2881188.0
2014-06-16,58.94,59.17,58.5,58.83,3209190.0
2014-06-17,58.76,59.33,58.63,59.25,2805731.0
2014-06-18,59.34,60.0,59.06,59.99,3211588.0
2014-06-19,60.05,60.2,59.65,59.85,2431256.0
2014-06-20,60.67,62.14,60.29,62.03,11960636.0
2014-06-23,62.02,62.4,61.72,62.07,5103437.0
2014-06-24,61.99,62.4,61.59,61.89,3809556.0
2014-06-25,61.85,63.1,61.85,63.0,6416462.0
2014-06-26,62.86,63.1,62.44,63.04,3663029.0
2014-06-27,62.94,63.26,62.69,63.1,4643668.0
2014-06-30,63.34,63.38,62.06,62.17,4943587.0
2014-07-01,62.63,62.85,62.0,62.5,4109002.0
2014-07-02,62.45,63.08,62.12,62.7,3941001.0
2014-07-03,62.9,63.1,62.43,63.06,2709059.0
2014-07-07,62.63,63.23,62.32,62.61,2627313.0
2014-07-08,62.49,62.54,61.87,62.46,3449397.0
2014-07-09,62.53,62.71,62.27,62.62,2748642.0
2014-07-10,62.13,62.71,62.0,62.53,2619247.0
2014-07-11,62.44,62.95,62.27,62.84,2408147.0
2014-07-14,63.0,63.29,62.71,63.01,2445156.0
2014-07-15,63.0,63.12,62.73,62.86,3861306.0
2014-07-16,63.02,63.17,62.07,62.81,3891696.0
2014-07-17,62.36,62.87,62.14,62.26,3424677.0
2014-07-18,62.46,63.5,62.32,63.47,3281432.0
2014-07-21,63.0,63.69,62.75,63.64,3479355.0
2014-07-22,63.84,64.15,63.44,63.72,3101757.0
2014-07-23,63.93,64.44,63.8,64.25,5559946.0
2014-07-24,64.1,65.7,63.8,64.37,5095371.0
2014-07-25,63.99,64.1,63.49,63.78,2987443.0
2014-07-28,63.78,64.8,62.87,63.39,3956575.0
2014-07-29,63.7,63.81,62.61,62.77,5287430.0
2014-07-30,63.14,63.18,62.27,62.62,3974230.0
2014-07-31,61.97,62.45,60.94,61.06,5486151.0
2014-08-01,61.01,61.06,60.19,60.68,6884679.0
2014-08-04,61.0,61.69,60.75,61.63,4379092.0
2014-08-05,61.3,61.7,60.74,60.87,3389568.0
2014-08-06,60.91,61.42,60.71,61.11,2682867.0
2014-08-07,61.4,61.42,60.14,60.35,2352444.0
2014-08-08,60.48,61.04,60.34,60.98,2665407.0
2014-08-11,60.87,61.36,60.55,60.57,2850399.0
2014-08-12,60.56,60.95,60.49,60.86,3481525.0
2014-08-13,60.73,60.98,59.95,60.08,4136863.0
2014-08-14,60.27,60.71,60.27,60.68,1801624.0
2014-08-15,60.82,60.95,59.99,60.33,3075561.0
2014-08-18,60.67,60.94,60.56,60.84,2198348.0
2014-08-19,61.27,61.85,60.81,61.65,3523187.0
2014-08-20,61.43,61.73,61.16,61.5,2082282.0
2014-08-21,61.86,61.93,61.4,61.52,2846001.0
2014-08-22,61.5,62.3,61.39,61.81,3147242.0
2014-08-25,61.92,62.62,61.68,62.22,2078704.0
2014-08-26,62.2,62.51,62.11,62.3,1927746.0
2014-08-27,62.68,62.78,62.29,62.49,3082137.0
2014-08-28,62.3,62.76,62.03,62.6,2162020.0
2014-08-29,62.87,63.08,62.46,63.05,3388278.0
2014-09-02,63.09,63.36,62.97,63.17,3470644.0
2014-09-03,63.4,63.65,63.24,63.64,4701201.0
2014-09-04,63.61,63.86,63.49,63.71,5792139.0
2014-09-05,63.56,64.31,63.46,64.21,5457162.0
2014-09-08,64.1,64.74,64.08,64.49,4264110.0
2014-09-09,64.25,64.32,63.59,63.93,4745821.0
2014-09-10,64.33,64.45,63.82,64.27,3901149.0
2014-09-11,64.14,64.68,64.05,64.67,3579024.0
2014-09-12,64.74,65.03,64.49,64.76,5392352.0
2014-09-15,64.63,64.73,64.28,64.68,2725302.0
2014-09-16,64.74,65.4,64.39,65.29,2871036.0
2014-09-17,65.26,65.67,65.15,65.4,5101652.0
2014-09-18,65.57,66.15,65.53,66.08,4326947.0
2014-09-19,66.46,66.63,65.89,66.02,6513373.0
2014-09-22,65.81,65.86,65.24,65.57,3984632.0
2014-09-23,65.14,65.61,64.99,65.44,2724209.0
2014-09-24,65.81,66.04,65.57,65.68,3273578.0
2014-09-25,65.46,65.63,64.99,65.07,3131528.0
2014-09-26,65.23,65.29,64.48,64.97,2925414.0
2014-09-29,64.81,64.94,64.32,64.83,3522866.0
2014-09-30,64.92,65.06,64.31,64.34,4947649.0
2014-10-01,65.37,65.37,64.19,64.57,4250991.0
2014-10-02,64.58,64.64,63.87,64.32,4313647.0
2014-10-03,64.71,65.25,64.61,65.16,3609758.0
2014-10-06,65.37,65.46,64.88,65.11,3430142.0
2014-10-07,64.63,64.68,63.59,63.71,6157394.0
2014-10-08,63.44,64.75,62.89,64.73,3411236.0
2014-10-09,64.3,64.87,63.78,63.79,3632078.0
2014-10-10,63.49,64.6,63.32,63.64,3281404.0
2014-10-13,63.55,64.01,62.72,62.77,4030303.0
2014-10-14,63.23,63.43,62.26,62.63,4432881.0
2014-10-15,61.51,62.63,60.07,62.36,6814121.0
2014-10-16,61.45,62.04,60.59,61.39,5488362.0
2014-10-17,61.77,62.3,61.39,62.07,5329368.0
2014-10-20,62.12,62.59,61.89,62.59,2900656.0
2014-10-21,62.9,64.24,62.9,64.17,3478248.0
2014-10-22,64.08,64.79,64.07,64.17,4301888.0
2014-10-23,63.76,64.69,63.27,63.84,6349346.0
2014-10-24,64.07,65.73,63.89,65.54,4784720.0
2014-10-27,65.39,66.11,65.28,65.69,4112528.0
2014-10-28,65.49,65.59,63.23,64.32,8990971.0
2014-10-29,64.49,65.46,64.27,64.98,6205970.0
2014-10-30,64.89,66.47,64.8,66.29,4177721.0
2014-10-31,66.8,66.92,65.4,65.82,4471929.0
2014-11-03,65.54,66.15,65.52,66.03,3448370.0
2014-11-04,66.37,66.72,65.94,66.66,4057953.0
2014-11-05,66.92,67.1,66.25,66.48,3073881.0
2014-11-06,66.53,66.72,66.14,66.45,3091816.0
2014-11-07,66.31,66.42,65.74,66.09,3796776.0
2014-11-10,66.31,67.91,65.91,67.84,4438084.0
2014-11-11,67.84,68.16,67.3,67.34,5285285.0
2014-11-12,66.84,67.34,66.51,66.89,4499431.0
2014-11-13,67.17,67.65,66.9,67.17,3292719.0
2014-11-14,67.17,67.21,66.61,66.82,2333268.0
2014-11-17,66.64,66.84,66.43,66.78,3309283.0
2014-11-18,66.68,67.49,66.5,67.27,3705553.0
2014-11-19,67.15,67.15,66.4,66.7,3126033.0
2014-11-20,66.45,66.57,66.05,66.29,2467579.0
2014-11-21,66.6,66.99,66.52,66.85,5892030.0
2014-11-24,67.12,67.16,66.34,66.42,4574094.0
2014-11-25,66.35,66.71,66.24,66.34,4380001.0
2014-11-26,66.47,66.88,66.38,66.81,2372935.0
2014-11-28,67.22,68.04,67.09,67.61,2237833.0
2014-12-01,67.45,68.26,67.09,68.0,4669454.0
2014-12-02,68.17,70.26,68.08,69.87,8413446.0
2014-12-03,69.77,70.65,69.49,70.62,6423409.0
2014-12-04,70.47,71.92,70.33,71.87,6519237.0
2014-12-05,71.58,71.7,71.17,71.34,5787520.0
2014-12-08,71.46,72.35,71.31,72.32,4915119.0
2014-12-09,71.67,71.75,71.02,71.7,3794613.0
2014-12-10,71.55,71.69,70.49,70.54,4117586.0
2014-12-11,73.32,74.59,71.03,71.1,10901483.0
2014-12-12,71.29,71.29,68.96,69.04,7844392.0
2014-12-15,69.17,70.21,68.91,69.16,5718844.0
2014-12-16,68.88,70.84,68.52,68.75,4926442.0
2014-12-17,69.05,70.19,68.72,69.77,5516016.0
2014-12-18,70.69,71.97,70.4,71.94,5875562.0
2014-12-19,71.7,72.15,70.82,71.89,8311266.0
2014-12-22,70.43,71.08,69.74,70.91,4622855.0
2014-12-23,69.32,71.22,68.5,69.23,4776553.0
2014-12-24,69.58,70.2,69.53,69.65,1507770.0
2014-12-26,69.78,70.48,69.75,69.88,1438221.0
2014-12-29,69.41,69.88,69.38,69.59,1739618.0
2014-12-30,69.37,69.65,68.93,69.13,2726083.0
2014-12-31,69.43,69.99,68.42,68.48,2490989.0
2015-01-02,69.25,70.31,69.21,69.55,3146155.0
2015-01-05,69.22,69.58,68.64,68.86,4845547.0
2015-01-06,69.5,70.4,68.69,69.21,5127426.0
2015-01-07,69.52,70.02,67.94,68.72,9042973.0
2015-01-08,69.49,70.98,69.15,70.36,7472181.0
2015-01-09,69.52,69.6,68.5,69.42,8141699.0
2015-01-12,69.71,70.1,68.77,68.91,5797635.0
2015-01-13,69.45,70.29,68.3,68.87,3364784.0
2015-01-14,68.26,69.37,68.2,69.25,3376087.0
2015-01-15,69.93,70.76,69.22,69.23,4054993.0
2015-01-16,68.94,70.37,68.93,70.17,4263309.0
2015-01-20,70.36,71.59,70.36,71.52,6163325.0
2015-01-21,71.11,71.99,70.6,71.73,5195883.0
2015-01-22,72.19,72.19,71.13,71.95,4582818.0
2015-01-23,71.92,72.35,71.54,71.62,2903225.0
2015-01-26,71.34,71.66,70.55,71.6,3466643.0
2015-01-27,71.25,71.63,70.94,71.22,3661642.0
2015-01-28,71.6,71.87,70.25,70.46,3105294.0
2015-01-29,70.46,71.65,69.91,71.6,4416774.0
2015-01-30,72.51,72.96,71.07,71.49,6720105.0
2015-02-02,71.36,71.49,69.72,71.18,6274504.0
2015-02-03,71.08,71.13,69.34,70.38,6811485.0
2015-02-04,69.8,69.98,69.26,69.71,5376408.0
2015-02-05,70.19,71.06,70.17,70.9,3846977.0
2015-02-06,70.65,70.88,69.73,69.85,3246009.0
2015-02-09,69.49,69.75,68.87,69.1,3771228.0
2015-02-10,69.6,70.05,69.38,69.99,6887963.0
2015-02-11,69.49,70.11,69.19,69.44,3456378.0
2015-02-12,69.68,70.04,69.32,70.02,3383464.0
2015-02-13,70.18,70.38,69.68,70.05,2692385.0
2015-02-17,69.98,71.12,69.79,71.05,3971629.0
2015-02-18,70.9,70.94,69.69,70.5,3800044.0
2015-02-19,70.32,70.78,70.26,70.61,2337021.0
2015-02-20,70.46,71.45,69.76,71.37,3461776.0
2015-02-23,71.3,71.41,70.2,70.58,3378585.0
2015-02-24,70.49,70.99,70.0,70.39,3158601.0
2015-02-25,70.44,70.44,69.54,69.85,3029749.0
2015-02-26,69.66,69.8,69.03,69.52,4544903.0
2015-02-27,69.57,69.99,69.4,69.66,3353235.0
2015-03-02,69.65,70.63,69.65,70.61,3815118.0
2015-03-03,71.13,71.13,69.58,69.86,4137279.0
2015-03-04,69.61,70.31,69.3,70.14,3005143.0
2015-03-05,70.24,70.58,69.89,70.08,3465948.0
2015-03-06,69.77,69.77,67.8,67.9,5880780.0
2015-03-09,68.23,69.23,67.91,69.07,5848027.0
2015-03-10,68.61,68.92,68.04,68.27,3664855.0
2015-03-11,68.38,68.82,67.9,67.95,3424474.0
2015-03-12,68.24,69.12,68.03,69.05,2724035.0
2015-03-13,68.9,69.54,68.63,69.38,3223780.0
2015-03-16,69.76,70.89,69.67,70.56,3922290.0
2015-03-17,70.2,70.75,69.83,70.33,2572519.0
2015-03-18,70.39,73.66,70.18,73.03,6436170.0
2015-03-19,72.75,74.07,72.08,73.71,7051185.0
2015-03-20,74.71,75.69,74.03,75.61,10713857.0
2015-03-23,75.66,76.95,75.44,75.85,6284369.0
2015-03-24,75.83,76.19,74.86,75.05,5111636.0
2015-03-25,75.15,75.97,73.85,73.85,5431622.0
2015-03-26,73.49,73.84,72.91,72.93,4023488.0
2015-03-27,72.93,73.48,72.69,73.07,4171638.0
2015-03-30,73.49,73.69,73.16,73.36,3370676.0
2015-03-31,72.84,73.47,72.14,72.14,4347972.0
2015-04-01,72.26,72.28,70.56,71.02,5875832.0
2015-04-02,70.95,71.27,70.02,70.73,3781771.0
2015-04-06,70.62,71.2,70.33,70.8,3936936.0
2015-04-07,70.74,71.57,70.67,71.19,3128125.0
2015-04-08,71.41,71.77,71.03,71.64,3215367.0
2015-04-09,71.71,72.05,71.39,71.85,2595768.0
2015-04-10,71.99,73.47,71.74,73.41,3956443.0
2015-04-13,72.77,73.13,72.6,73.01,4351469.0
2015-04-14,72.79,73.24,72.59,72.95,3950577.0
2015-04-15,73.03,73.51,72.79,73.2,4358672.0
2015-04-16,73.06,73.49,72.88,72.98,2880028.0
2015-04-17,72.49,72.69,71.45,71.96,4386676.0
2015-04-20,72.85,72.85,71.78,71.9,2540441.0
2015-04-21,72.47,72.61,71.55,71.7,4048368.0
2015-04-22,71.96,71.96,71.37,71.79,3506094.0
2015-04-23,72.37,72.43,70.56,71.89,5448691.0
2015-04-24,72.02,72.02,70.75,71.07,3816293.0
2015-04-27,71.42,71.66,70.12,70.38,5328390.0
2015-04-28,70.11,70.77,69.69,70.67,4557987.0
2015-04-29,71.35,72.31,71.33,71.77,6789580.0
2015-04-30,72.12,72.12,70.92,71.36,5479276.0
2015-05-01,71.81,72.82,70.74,72.61,6533359.0
2015-05-04,72.74,73.08,72.34,72.54,4040680.0
2015-05-05,72.32,72.46,71.31,71.4,3735944.0
2015-05-06,71.52,71.77,71.03,71.54,3567635.0
2015-05-07,71.49,71.78,71.21,71.31,3628081.0
2015-05-08,71.99,73.19,71.99,72.75,3713259.0
2015-05-11,72.75,73.48,72.68,72.96,2958556.0
2015-05-12,72.63,72.63,71.8,71.93,3152768.0
2015-05-13,72.25,72.72,71.98,72.29,2682120.0
2015-05-14,72.17,72.71,71.92,72.55,3364320.0
2015-05-15,72.68,72.91,72.08,72.39,3464436.0
2015-05-18,72.64,72.64,72.11,72.43,2161951.0
2015-05-19,72.31,73.07,72.12,72.94,3548349.0
2015-05-20,72.94,73.18,72.67,72.85,1980264.0
2015-05-21,72.9,73.84,72.67,73.76,3288196.0
2015-05-22,73.54,73.82,73.36,73.79,3023455.0
2015-05-26,73.45,73.86,73.31,73.8,4194593.0
2015-05-27,73.85,74.48,73.63,74.39,2901144.0
2015-05-28,74.29,75.97,74.23,75.9,4823625.0
2015-05-29,75.61,79.04,75.51,78.39,11917006.0
2015-06-01,78.41,79.34,78.27,78.49,4866506.0
2015-06-02,78.25,78.25,77.0,77.44,4467656.0
2015-06-03,77.49,77.66,76.77,77.32,3270783.0
2015-06-04,76.83,78.09,76.82,77.17,3786541.0
2015-06-05,77.05,77.75,76.48,77.61,2788911.0
2015-06-08,77.87,78.34,77.32,78.01,6065922.0
2015-06-09,77.86,82.38,77.5,82.26,10109116.0
2015-06-10,81.54,82.98,80.8,82.67,13169403.0
2015-06-11,82.6,86.73,82.57,86.08,16740826.0
2015-06-12,85.38,85.49,82.58,83.7,12630477.0
2015-06-15,83.12,84.1,82.58,83.57,5462684.0
2015-06-16,83.4,84.81,83.12,84.27,5694510.0
2015-06-17,83.78,84.17,82.5,83.02,5968167.0
2015-06-18,83.38,83.86,82.24,82.53,7251541.0
2015-06-19,81.85,82.7,81.81,82.12,6906964.0
2015-06-22,82.79,82.93,82.34,82.41,3537136.0
2015-06-23,83.24,83.24,81.94,82.16,3643465.0
2015-06-24,81.99,82.57,81.75,81.75,4212053.0
2015-06-25,83.65,86.39,83.57,84.29,9630071.0
2015-06-26,84.68,85.42,84.07,85.34,14369757.0
2015-06-29,84.84,85.07,83.22,83.27,4441878.0
2015-06-30,83.99,84.06,82.88,82.98,4261232.0
2015-07-01,83.29,84.45,83.09,84.34,3629052.0
2015-07-02,84.7,85.73,84.18,85.63,5128085.0
2015-07-06,84.8,85.93,84.74,85.84,5062868.0
2015-07-07,86.13,88.27,85.55,88.22,6912265.0
2015-07-08,87.76,87.99,86.66,86.74,5330041.0
2015-07-09,87.49,87.8,86.39,86.97,4767588.0
2015-07-10,87.79,87.95,87.19,87.78,4471173.0
2015-07-13,88.63,89.67,88.16,88.31,5940508.0
2015-07-14,88.54,88.59,87.34,88.25,6028749.0
2015-07-15,87.28,87.66,85.59,85.87,6615885.0
2015-07-16,86.46,86.95,86.07,86.66,5578027.0
2015-07-17,86.46,86.92,86.11,86.86,4430068.0
2015-07-20,87.19,87.41,86.76,87.36,4320467.0
2015-07-21,87.07,87.18,85.01,85.06,8065318.0
2015-07-22,82.81,86.29,80.99,85.87,12677755.0
2015-07-23,88.53,89.36,85.11,86.25,5258534.0
2015-07-24,85.49,85.7,83.65,84.21,3460289.0
2015-07-27,83.99,84.1,82.83,83.64,5420647.0
2015-07-28,84.27,85.19,83.99,85.17,3027811.0
2015-07-29,85.4,85.48,84.2,84.58,2711842.0
2015-07-30,83.75,84.46,83.47,84.03,3867841.0
2015-07-31,84.37,84.75,83.87,84.0,4113617.0
2015-08-03,84.14,84.49,83.02,83.63,4815748.0
2015-08-04,83.98,84.48,83.34,83.54,2848178.0
2015-08-05,84.17,84.57,83.46,84.22,3776772.0
2015-08-06,84.63,84.63,80.73,82.19,3866491.0
2015-08-07,81.99,82.18,80.14,81.76,4545326.0
2015-08-10,82.1,83.26,81.93,83.0,3211620.0
2015-08-11,82.3,83.24,82.22,83.03,3205573.0
2015-08-12,82.2,82.99,81.13,82.87,2870245.0
2015-08-13,82.54,83.24,82.38,82.52,2253924.0
2015-08-14,82.4,83.44,82.28,83.4,2280244.0
2015-08-17,82.56,83.27,82.42,82.96,2814715.0
2015-08-18,83.32,83.48,82.72,82.88,2241397.0
2015-08-19,82.63,84.02,82.06,83.26,2651346.0
2015-08-20,86.35,88.44,85.3,86.82,10887657.0
2015-08-21,86.39,87.19,84.02,84.02,8320004.0
2015-08-24,81.09,82.45,78.99,80.22,8620731.0
2015-08-25,81.68,82.09,77.35,77.75,6439046.0
2015-08-26,79.37,80.79,77.26,80.59,7217763.0
2015-08-27,81.5,83.53,81.2,83.23,4703371.0
2015-08-28,82.85,83.49,82.26,82.68,4861447.0
2015-08-31,82.9,83.91,81.54,81.84,3445314.0
2015-09-01,79.88,80.74,78.89,79.29,4300485.0
2015-09-02,80.2,81.32,79.79,81.3,3257865.0
2015-09-03,81.54,82.35,80.83,81.09,3227676.0
2015-09-04,79.86,80.6,79.17,79.81,3416402.0
2015-09-08,80.95,82.47,80.75,82.37,2643642.0
2015-09-09,82.94,82.99,80.38,80.58,2839556.0
2015-09-10,80.97,81.16,79.99,80.33,3667668.0
2015-09-11,80.14,81.34,78.23,81.29,3645932.0
2015-09-14,81.41,81.77,80.77,81.38,3197225.0
2015-09-15,81.92,82.85,81.6,82.45,3532562.0
2015-09-16,83.59,84.02,82.1,83.94,3844983.0
2015-09-17,83.96,92.34,83.77,89.47,16918092.0
2015-09-18,90.19,90.94,87.87,87.98,11578013.0
2015-09-21,88.59,89.3,86.6,87.08,6644099.0
2015-09-22,86.31,87.47,86.11,87.29,5059529.0
2015-09-23,87.49,87.91,86.07,86.18,4863319.0
2015-09-24,85.86,86.03,84.57,84.84,5693539.0
2015-09-25,85.73,85.92,82.72,83.55,5794880.0
2015-09-28,83.17,83.35,77.99,79.23,8295079.0
2015-09-29,79.86,81.69,78.68,79.77,7315239.0
2015-09-30,81.02,83.26,80.99,83.18,6780650.0
2015-10-01,83.09,84.81,82.89,84.67,5350444.0
2015-10-02,83.65,87.04,83.08,87.01,5616559.0
2015-10-05,87.65,87.97,85.09,86.06,5298248.0
2015-10-06,85.88,85.99,81.57,83.66,5521178.0
2015-10-07,83.79,84.34,81.89,83.48,5131882.0
2015-10-08,82.64,83.48,81.28,83.26,4595447.0
2015-10-09,84.82,86.06,84.49,85.63,5115109.0
2015-10-12,78.09,80.24,77.79,78.93,26477392.0
2015-10-13,79.28,80.74,79.03,79.11,10104709.0
2015-10-14,80.46,81.49,78.54,78.74,9495450.0
2015-10-15,78.83,79.57,78.3,79.35,6408613.0
2015-10-16,80.07,81.02,79.45,81.0,5519788.0
2015-10-19,80.62,80.79,78.96,79.74,5869929.0
2015-10-20,79.64,79.83,77.12,77.28,7458024.0
2015-10-21,77.72,77.87,75.41,76.5,8972478.0
2015-10-22,76.71,77.33,74.65,76.47,10075460.0
2015-10-23,77.04,78.57,76.76,77.8,5679211.0
2015-10-26,77.8,79.35,77.26,78.6,4755216.0
2015-10-27,78.99,80.44,78.99,80.4,4771583.0
2015-10-28,80.69,82.59,79.88,82.56,5710349.0
2015-10-29,81.79,83.06,80.78,81.49,5158560.0
2015-10-30,81.99,82.04,81.06,81.06,4044278.0
2015-11-02,80.63,81.67,80.3,81.53,3473936.0
2015-11-03,81.72,82.03,80.62,81.16,4826051.0
2015-11-04,81.35,81.64,80.42,80.54,3401909.0
2015-11-05,80.49,80.89,79.15,80.1,3787191.0
2015-11-06,79.79,80.08,77.93,79.95,6082570.0
2015-11-09,79.52,79.78,78.07,78.85,4160242.0
2015-11-10,78.17,79.81,78.17,79.55,3302610.0
2015-11-11,79.59,80.77,79.46,80.19,3323442.0
2015-11-12,80.04,80.25,79.29,79.35,3647843.0
2015-11-13,79.15,79.76,78.67,79.04,3638556.0
2015-11-16,79.49,80.75,79.47,80.72,3318932.0
2015-11-17,80.42,81.92,80.12,80.79,3012797.0
2015-11-18,80.98,83.25,80.88,83.14,3916618.0
2015-11-19,82.69,83.37,82.21,83.21,3156077.0
2015-11-20,83.75,84.99,83.6,83.96,4251456.0
2015-11-23,83.99,84.41,83.61,84.23,4033055.0
2015-11-24,83.05,83.81,82.54,83.37,3431294.0
2015-11-25,83.37,83.91,83.04,83.23,2529703.0
2015-11-27,83.29,83.74,83.09,83.14,1253753.0
2015-11-30,83.25,83.52,81.53,81.53,6563306.0
2015-12-01,83.72,86.02,82.83,85.99,7368925.0
2015-12-02,85.75,86.22,83.91,84.05,4444794.0
2015-12-03,84.14,84.33,82.05,82.55,3669847.0
2015-12-04,82.96,86.77,82.92,86.11,6987575.0
2015-12-07,86.94,87.65,85.38,85.87,4379047.0
2015-12-08,85.11,87.16,85.06,85.9,4761004.0
2015-12-09,85.6,85.81,83.06,83.35,5479503.0
2015-12-10,83.75,85.0,82.85,84.4,3667232.0
2015-12-11,83.19,83.87,82.61,82.78,3738162.0
2015-12-14,82.85,84.2,82.46,84.17,5208748.0
2015-12-15,84.67,85.47,84.51,85.01,3975544.0
2015-12-16,85.49,86.07,83.54,85.78,2983581.0
2015-12-17,86.14,86.7,85.69,85.71,3928182.0
2015-12-18,85.06,85.47,84.26,84.26,5821341.0
2015-12-21,85.21,85.94,84.64,85.53,3742424.0
2015-12-22,85.76,85.96,84.76,85.4,2446147.0
2015-12-23,85.85,86.36,85.62,85.69,2804151.0
2015-12-24,85.47,85.64,84.96,85.34,1486939.0
2015-12-28,85.07,85.19,84.38,84.98,2031745.0
2015-12-29,85.33,86.36,85.09,85.74,2097692.0
2015-12-30,85.94,86.59,85.63,85.69,1969818.0
2015-12-31,85.21,85.24,83.57,83.75,3178502.0
2016-01-04,82.89,83.09,81.28,82.36,6907326.0
2016-01-05,82.39,84.89,82.36,83.6,7475266.0
2016-01-06,82.13,84.37,81.99,83.07,6628432.0
2016-01-07,81.28,82.3,80.32,80.9,5833185.0
2016-01-08,81.16,81.98,80.53,80.74,5880152.0
2016-01-11,80.79,81.41,78.32,79.76,4889341.0
2016-01-12,80.1,80.49,79.01,79.89,4329331.0
2016-01-13,80.23,80.31,78.58,78.79,4628359.0
2016-01-14,78.77,82.22,78.11,82.03,8253667.0
2016-01-15,80.07,81.07,79.57,80.73,6674272.0
2016-01-19,81.8,84.29,81.45,82.72,9162279.0
2016-01-20,81.34,82.96,79.9,82.11,8354406.0
2016-01-21,82.05,82.11,80.08,80.89,4930961.0
2016-01-22,81.89,82.65,81.4,81.97,3456326.0
2016-01-25,81.99,82.69,81.11,81.2,2632771.0
2016-01-26,81.79,81.79,80.4,81.45,4583353.0
2016-01-27,81.1,82.74,80.45,81.25,4341902.0
2016-01-28,81.74,81.98,76.03,76.3,10128688.0
2016-01-29,76.85,78.91,76.72,78.59,7042494.0
2016-02-01,77.7,78.65,76.77,77.89,4056000.0
2016-02-02,77.11,77.79,75.58,75.79,4804168.0
2016-02-03,75.95,77.04,73.67,75.58,6966427.0
2016-02-04,75.87,76.02,72.93,73.77,6339465.0
2016-02-05,73.65,75.31,73.04,73.81,6312782.0
2016-02-08,73.04,74.07,72.32,73.68,4348834.0
2016-02-09,72.92,74.45,72.21,73.23,5159999.0
2016-02-10,73.34,74.36,72.47,72.56,4748735.0
2016-02-11,71.69,72.12,70.32,70.91,5425363.0
2016-02-12,71.06,71.22,69.92,70.76,6332599.0
2016-02-16,71.44,72.91,71.42,72.82,4811314.0
2016-02-17,73.38,74.41,72.58,74.17,4000256.0
2016-02-18,72.91,74.04,72.65,72.96,5620449.0
2016-02-19,72.0,72.56,71.69,72.1,6650801.0
2016-02-22,72.4,73.13,71.59,72.5,5672641.0
2016-02-23,72.59,73.99,72.55,72.96,4411185.0
2016-02-24,72.82,73.77,72.13,73.59,3636052.0
2016-02-25,73.93,74.38,73.26,74.31,4307064.0
2016-02-26,74.91,75.28,72.9,73.09,4807828.0
2016-02-29,72.78,72.86,71.47,71.49,5730166.0
2016-03-01,72.12,72.3,71.35,72.23,4541719.0
2016-03-02,72.22,73.54,71.93,73.51,6738839.0
2016-03-03,73.29,73.38,72.07,72.74,4526493.0
2016-03-04,72.86,73.55,72.39,73.09,3481560.0
2016-03-07,72.66,73.45,72.29,72.89,3443068.0
2016-03-08,72.43,74.04,72.38,72.49,3278903.0
2016-03-09,73.0,73.43,72.49,73.03,2372034.0
2016-03-10,73.49,73.7,71.92,72.51,4419357.0
2016-03-11,72.96,74.44,72.68,74.14,3527202.0
2016-03-14,73.75,74.09,73.28,73.4,3201814.0
2016-03-15,71.19,71.49,69.09,70.73,13748156.0
2016-03-16,70.78,72.39,70.66,71.97,5287378.0
2016-03-17,71.64,71.84,67.37,68.55,15421557.0
2016-03-18,68.75,70.54,68.55,70.44,10131744.0
2016-03-21,70.27,70.54,69.33,69.74,5900051.0
2016-03-22,69.7,71.73,69.65,71.41,7655351.0
2016-03-23,71.47,71.72,70.4,70.66,3884445.0
2016-03-24,70.22,70.93,69.69,70.61,2892926.0
2016-03-28,70.84,70.96,69.87,70.11,2661901.0
2016-03-29,70.23,71.43,70.15,71.19,3814778.0
2016-03-30,71.47,71.82,70.56,71.27,3081028.0
2016-03-31,71.25,71.82,70.59,71.5,3680000.0
2016-04-01,71.09,73.19,71.02,72.91,4083598.0
2016-04-04,73.05,73.28,72.38,72.67,2796315.0
2016-04-05,72.27,73.14,71.97,72.53,3591779.0
2016-04-06,72.29,74.55,72.29,74.25,5669094.0
2016-04-07,74.0,74.65,73.34,74.08,3724102.0
2016-04-08,74.32,74.77,73.35,73.88,3225341.0
2016-04-11,73.97,74.23,73.28,73.44,3351100.0
2016-04-12,73.23,74.78,73.02,74.06,2849823.0
2016-04-13,74.23,74.73,73.57,74.65,2341615.0
2016-04-14,74.76,75.32,74.29,75.12,3022081.0
2016-04-15,75.11,75.74,74.58,75.02,3007480.0
2016-04-18,75.02,76.75,74.68,76.71,4089228.0
2016-04-19,77.09,77.99,76.13,76.74,3819609.0
2016-04-20,76.7,77.26,76.07,76.57,4049434.0
2016-04-21,76.66,77.59,76.4,76.86,3286571.0
2016-04-22,76.59,77.43,76.42,77.32,2697164.0
2016-04-25,76.8,77.49,76.64,77.43,3767105.0
2016-04-26,76.13,77.79,75.58,75.76,5347814.0
2016-04-27,76.01,76.65,75.31,76.0,3690949.0
2016-04-28,75.61,76.15,75.16,75.95,4382989.0
2016-04-29,75.76,76.0,74.59,75.02,3386635.0
2016-05-02,75.44,76.57,75.3,76.24,3572098.0
2016-05-03,75.83,76.14,75.08,75.74,3270704.0
2016-05-04,74.66,75.11,74.12,74.36,4176841.0
2016-05-05,74.21,74.88,74.04,74.76,3446378.0
2016-05-06,74.26,74.44,72.83,74.09,4196917.0
2016-05-09,74.27,75.39,74.25,75.08,2963185.0
2016-05-10,75.78,76.62,75.54,76.37,4366045.0
2016-05-11,75.97,77.06,75.84,76.31,3716280.0
2016-05-12,76.72,76.94,75.36,75.96,4081858.0
2016-05-13,75.82,77.05,75.57,76.33,3629660.0
2016-05-16,75.98,78.47,75.84,78.29,4580106.0
2016-05-17,78.21,78.71,75.52,76.39,7153323.0
2016-05-18,76.4,76.85,75.61,76.33,4664873.0
2016-05-19,75.18,75.23,73.74,74.31,4848834.0
2016-05-20,74.79,75.54,74.68,74.81,4689174.0
2016-05-23,75.04,75.14,73.92,74.08,4441221.0
2016-05-24,74.66,75.2,74.36,74.99,3712042.0
2016-05-25,75.49,75.5,74.45,74.54,4621719.0
2016-05-26,74.6,75.6,74.27,75.52,2654566.0
2016-05-27,75.52,75.73,74.67,74.99,3247520.0
2016-05-31,75.01,75.63,74.71,75.03,4438763.0
2016-06-01,74.9,75.44,74.68,74.94,2450242.0
2016-06-02,75.22,75.68,74.9,75.46,3231683.0
2016-06-03,75.5,75.6,74.25,75.12,5318973.0
2016-06-06,75.11,75.5,74.2,74.84,3253932.0
2016-06-07,74.65,75.05,74.51,74.7,2902857.0
2016-06-08,74.67,75.09,74.4,74.91,3194883.0
2016-06-09,74.91,75.54,74.24,74.43,2760462.0
2016-06-10,74.03,74.19,73.17,73.95,4124192.0
2016-06-13,74.08,74.97,73.67,73.86,3767039.0
2016-06-14,73.57,74.37,73.06,74.32,3691856.0
2016-06-15,74.73,74.89,73.61,73.71,3408917.0
2016-06-16,73.45,74.47,72.95,74.25,4788882.0
2016-06-17,74.63,75.08,73.48,73.86,6604924.0
2016-06-20,74.45,74.7,73.22,73.28,3640098.0
2016-06-21,73.7,73.8,72.53,72.57,6000030.0
2016-06-22,72.58,73.91,72.5,73.07,4410906.0
2016-06-23,73.78,73.94,73.2,73.94,2989745.0
2016-06-24,71.88,75.12,71.87,74.33,10471256.0
2016-06-27,74.06,75.07,73.2,74.89,7658173.0
2016-06-28,75.13,76.25,73.75,75.15,8012290.0
2016-06-29,75.89,78.24,75.87,78.15,7123712.0
2016-06-30,78.2,78.81,77.46,78.75,4017154.0
2016-07-01,78.89,79.33,78.37,78.95,2909610.0
2016-07-05,78.81,79.9,78.75,79.64,3286572.0
2016-07-06,79.32,80.4,79.1,80.02,4669765.0
2016-07-07,79.79,80.05,78.65,79.32,3587328.0
2016-07-08,79.5,79.9,78.93,79.66,3134921.0
2016-07-11,79.56,79.77,78.95,79.14,3461430.0
2016-07-12,79.35,79.84,78.97,79.67,4430016.0
2016-07-13,79.89,80.03,79.33,79.36,2917240.0
2016-07-14,79.7,80.69,79.4,80.59,3823843.0
2016-07-15,80.98,81.0,79.94,80.22,4529123.0
2016-07-18,80.37,80.59,79.86,79.95,3087620.0
2016-07-19,79.93,80.25,79.58,79.97,3303716.0
2016-07-20,80.26,80.52,79.99,80.28,2811087.0
2016-07-21,80.2,80.6,80.02,80.4,2713999.0
2016-07-22,80.4,81.71,80.28,81.59,4316534.0
2016-07-25,81.59,82.0,81.0,81.98,4180084.0
2016-07-26,82.73,83.35,81.63,82.09,5134939.0
2016-07-27,82.25,83.59,82.15,83.4,4057228.0
2016-07-28,83.25,83.39,81.95,82.93,4862023.0
2016-07-29,83.07,83.45,82.64,82.89,3016150.0
2016-08-01,83.02,83.78,82.94,83.18,3131148.0
2016-08-02,83.14,83.7,82.57,83.32,3340132.0
2016-08-03,83.42,83.42,82.36,82.72,2940868.0
2016-08-04,83.02,83.02,82.37,82.42,2093793.0
2016-08-05,82.56,82.56,81.04,81.56,5886901.0
2016-08-08,81.44,81.85,80.46,81.6,4227300.0
2016-08-09,81.75,82.14,80.7,81.5,2243034.0
2016-08-10,80.12,81.16,79.67,80.55,4956708.0
2016-08-11,79.98,80.67,79.98,80.56,2407996.0
2016-08-12,80.0,80.72,79.9,80.22,2525029.0
2016-08-15,80.33,80.62,80.07,80.26,2780381.0
2016-08-16,80.25,80.4,79.84,79.84,2158733.0
2016-08-17,80.12,80.35,79.58,80.11,2519548.0
2016-08-18,80.1,80.38,79.49,79.78,3037728.0
2016-08-19,79.55,79.79,78.78,79.06,3746012.0
2016-08-22,79.32,79.9,79.02,79.29,3157037.0
2016-08-23,79.89,79.97,79.44,79.57,3407537.0
2016-08-24,79.7,79.99,78.18,78.44,3422979.0
2016-08-25,78.21,79.17,77.8,78.01,2800533.0
2016-08-26,78.13,78.82,77.84,78.24,2602317.0
2016-08-29,78.33,78.74,78.05,78.6,2203303.0
2016-08-30,79.12,79.12,77.63,77.77,2026249.0
2016-08-31,77.89,78.09,77.53,77.75,2182644.0
2016-09-01,77.75,78.0,76.8,77.23,3544701.0
2016-09-02,77.52,77.63,76.45,76.85,3943353.0
2016-09-06,77.12,78.7,77.12,78.51,5528599.0
2016-09-07,78.49,78.89,78.26,78.59,2972177.0
2016-09-08,80.03,80.17,79.41,79.89,4405396.0
2016-09-09,80.0,80.0,78.2,78.24,4152468.0
2016-09-12,77.99,79.29,77.81,79.08,3288904.0
2016-09-13,78.71,78.87,77.99,78.48,3148995.0
2016-09-14,78.67,79.24,78.02,78.29,2660924.0
2016-09-15,77.99,79.06,77.77,78.82,2653694.0
2016-09-16,78.77,78.91,78.17,78.8,4255102.0
2016-09-19,78.79,79.37,78.49,79.16,3321540.0
2016-09-20,79.66,80.35,79.29,79.88,3629703.0
2016-09-21,80.34,81.0,79.68,80.87,3147586.0
2016-09-22,81.05,81.46,80.73,81.29,2639754.0
2016-09-23,80.97,81.46,80.77,81.16,2197653.0
2016-09-26,81.0,81.15,79.5,79.52,4332789.0
2016-09-27,80.62,80.93,79.61,80.88,6888929.0
2016-09-28,80.84,81.17,80.02,80.71,2467803.0
2016-09-29,80.35,80.47,79.23,79.74,3269150.0
2016-09-30,80.1,80.65,80.03,80.26,3622982.0
2016-10-03,80.0,81.07,79.69,81.0,3983503.0
2016-10-04,81.12,81.41,80.68,81.11,3184071.0
2016-10-05,81.43,82.09,81.23,81.75,3560429.0
2016-10-06,81.22,81.78,80.73,81.47,2994223.0
2016-10-07,81.57,82.31,81.3,82.09,4241408.0
2016-10-10,82.13,83.24,82.1,83.06,4608430.0
2016-10-11,82.6,82.85,81.25,81.81,4218223.0
2016-10-12,81.81,82.22,80.46,80.51,3629801.0
2016-10-13,79.93,80.49,79.6,80.0,3565014.0
2016-10-14,80.1,80.32,79.21,79.27,3143876.0
2016-10-17,79.53,79.53,78.01,78.53,3884657.0
2016-10-18,79.09,79.15,78.5,78.77,3218290.0
2016-10-19,79.06,79.33,78.53,78.56,2988801.0
2016-10-20,79.0,79.11,78.39,78.74,2661919.0
2016-10-21,78.54,78.78,78.08,78.25,3214971.0
2016-10-24,78.49,78.69,77.44,77.57,4363173.0
2016-10-25,76.88,78.28,75.5,77.75,8496226.0
2016-10-26,77.44,77.65,76.37,76.76,2988727.0
2016-10-27,77.36,77.42,76.13,76.16,3789861.0
2016-10-28,75.42,75.68,73.86,74.53,5651541.0
2016-10-31,74.63,74.74,73.8,73.84,3562142.0
2016-11-01,73.81,73.98,71.85,72.98,8190524.0
2016-11-02,73.15,73.49,72.64,72.65,4433872.0
2016-11-03,72.81,73.28,71.88,72.11,4843213.0
2016-11-04,72.1,73.03,71.67,72.49,3617209.0
2016-11-07,73.22,73.93,73.05,73.88,4969412.0
2016-11-08,73.57,74.47,73.36,74.02,2690761.0
2016-11-09,77.39,79.3,76.58,78.39,7332730.0
2016-11-10,79.14,79.7,78.0,78.34,6904770.0
2016-11-11,77.97,78.09,76.79,77.67,3072650.0
2016-11-14,78.0,78.24,76.69,77.02,3221676.0
2016-11-15,77.86,77.86,76.18,77.32,3097568.0
2016-11-16,77.52,77.52,76.82,76.94,1922331.0
2016-11-17,77.0,77.81,76.73,77.71,4519168.0
2016-11-18,77.58,77.92,76.52,76.67,4571592.0
2016-11-21,76.8,77.04,76.1,76.64,4060274.0
2016-11-22,77.81,77.81,75.5,75.99,5208832.0
2016-11-23,64.51,68.43,64.18,68.0,53975853.0
2016-11-25,68.53,69.14,67.78,69.12,8620682.0
2016-11-28,68.31,68.43,67.1,67.2,12507732.0
2016-11-29,67.58,67.64,66.48,67.15,8930019.0
2016-11-30,67.3,67.82,66.81,67.12,9085308.0
2016-12-01,67.29,67.3,65.66,65.97,7168068.0
2016-12-02,66.3,68.39,65.96,67.71,12272207.0
2016-12-05,68.12,68.31,66.74,67.26,7285951.0
2016-12-06,67.19,67.93,67.13,67.8,4617182.0
2016-12-07,67.2,67.38,66.56,67.38,5835882.0
2016-12-08,67.03,67.27,66.39,67.19,4811371.0
2016-12-09,67.6,68.17,67.22,67.85,4350764.0
2016-12-12,68.0,68.54,67.42,67.61,5273718.0
2016-12-13,67.99,68.89,67.99,68.64,6010936.0
2016-12-14,68.42,68.92,67.54,67.67,6140299.0
2016-12-15,70.33,71.59,69.66,71.37,14321496.0
2016-12-16,72.86,73.71,71.76,73.31,17584655.0
2016-12-19,73.49,74.49,73.3,73.42,6102447.0
2016-12-20,73.52,74.1,73.0,73.38,6001496.0
2016-12-21,73.38,73.89,73.1,73.25,5054141.0
2016-12-22,73.37,73.48,72.68,73.26,4827505.0
2016-12-23,73.48,74.0,73.26,73.79,2570475.0
2016-12-27,74.09,74.46,73.68,73.81,2786711.0
2016-12-28,73.67,73.78,72.97,73.06,3256811.0
2016-12-29,73.34,73.87,73.24,73.56,3031926.0
2016-12-30,73.47,73.75,73.23,73.55,2934286.0
2017-01-03,73.98,74.67,73.54,74.6,3623461.0
2017-01-04,74.95,75.0,74.38,74.72,3021617.0
2017-01-05,74.93,77.87,74.43,75.59,3310765.0
2017-01-06,75.46,76.06,75.03,75.67,2296679.0
2017-01-09,75.54,76.62,75.51,76.27,3204202.0
2017-01-10,76.44,76.56,75.81,76.27,3559403.0
2017-01-11,76.51,76.92,74.0,75.26,7701738.0
2017-01-12,74.85,77.5,74.76,77.15,11901134.0
2017-01-13,76.92,78.12,76.38,77.4,5602614.0
2017-01-17,77.04,77.06,75.87,76.85,4913272.0
2017-01-18,77.32,77.71,76.88,77.53,3360339.0
2017-01-19,77.35,77.62,76.76,76.84,4439238.0
2017-01-20,77.1,77.41,76.47,76.81,4371196.0
2017-01-23,76.42,76.88,76.16,76.32,5055071.0
2017-01-24,76.2,76.43,74.17,74.85,6594265.0
2017-01-25,75.07,75.6,74.27,74.85,4830841.0
2017-01-26,74.98,75.35,74.54,74.58,3748027.0
2017-01-27,74.92,75.4,74.51,75.38,3132793.0
2017-01-30,75.09,75.18,74.25,74.7,5909555.0
2017-01-31,74.22,77.28,74.0,77.03,6964087.0
2017-02-01,77.9,78.57,76.91,77.6,4959227.0
2017-02-02,76.99,77.91,76.55,77.39,3830939.0
2017-02-03,77.47,77.88,76.71,77.23,3836275.0
2017-02-06,76.86,77.85,76.76,77.83,2835509.0
2017-02-07,77.68,78.01,77.32,77.7,3346800.0
2017-02-08,77.38,78.65,77.19,78.11,2821567.0
2017-02-09,77.95,78.59,77.69,77.7,2962614.0
2017-02-10,77.87,78.25,77.6,77.79,2598619.0
2017-02-13,77.6,78.06,77.53,77.77,2097796.0
2017-02-14,77.5,78.83,77.25,78.81,3311161.0
2017-02-15,78.48,80.54,78.05,80.25,4272836.0
2017-02-16,80.06,80.38,79.41,80.04,3630059.0
2017-02-17,80.07,81.0,80.07,80.39,3111144.0
2017-02-21,80.17,80.87,80.11,80.36,3178822.0
2017-02-22,80.47,81.21,80.33,81.07,3468784.0
2017-02-23,81.32,82.88,81.14,82.55,6193454.0
2017-02-24,82.46,83.24,82.24,82.87,4016045.0
2017-02-27,82.96,83.4,82.66,83.06,3104235.0
2017-02-28,82.82,83.48,82.58,82.81,3672034.0
2017-03-01,83.44,84.14,82.97,83.85,3420566.0
2017-03-02,83.9,83.95,82.84,82.91,3371556.0
2017-03-03,82.7,83.9,82.6,83.78,2649606.0
2017-03-06,83.25,84.28,82.95,83.83,3960055.0
2017-03-07,82.95,83.14,81.37,82.74,5570598.0
2017-03-08,82.74,83.99,82.67,83.41,4491834.0
2017-03-09,83.67,84.77,83.51,84.55,5861915.0
2017-03-10,84.73,84.73,83.9,84.36,3629914.0
2017-03-13,84.51,84.55,83.83,84.14,2248486.0
2017-03-14,83.84,84.55,83.84,84.46,2839052.0
2017-03-15,84.43,86.14,84.37,85.88,4883922.0
2017-03-16,85.53,85.54,83.8,84.99,4742834.0
2017-03-17,84.44,84.75,83.83,83.96,5786941.0
2017-03-20,84.6,84.86,83.96,84.06,3121865.0
2017-03-21,84.35,84.95,83.63,83.73,4066180.0
2017-03-22,84.13,84.55,83.47,84.36,2850296.0
2017-03-23,84.14,85.05,83.92,84.42,3021071.0
2017-03-24,84.3,84.98,83.86,84.18,2479097.0
2017-03-27,83.95,84.44,83.74,84.24,2340927.0
2017-03-28,84.2,85.0,84.04,84.75,2754994.0
2017-03-29,84.51,84.76,84.32,84.44,2066642.0
2017-03-30,84.69,84.95,84.08,84.76,3204818.0
2017-03-31,84.42,84.94,84.08,84.11,3151938.0
2017-04-03,84.13,84.81,84.07,84.45,2429899.0
2017-04-04,84.53,86.39,84.29,86.09,4624956.0
2017-04-05,86.0,86.72,85.57,85.63,4056330.0
2017-04-06,85.29,85.9,85.12,85.36,2684638.0
2017-04-07,85.34,85.66,84.91,85.32,2808455.0
2017-04-10,85.46,85.85,85.23,85.47,1994875.0
2017-04-11,85.47,86.14,85.32,85.93,2699165.0
2017-04-12,85.74,86.34,85.67,86.25,2545120.0
2017-04-13,86.05,86.32,85.78,85.88,2172543.0
2017-04-17,81.3,82.99,81.11,82.38,12424515.0
2017-04-18,81.73,82.1,80.89,81.2,8210809.0
2017-04-19,81.12,81.71,79.88,80.89,5504500.0
2017-04-20,81.25,82.2,80.75,81.94,3267398.0
2017-04-21,81.82,82.24,81.67,81.89,3204044.0
2017-04-24,82.82,83.73,82.72,83.42,4813568.0
2017-04-25,82.82,82.82,80.5,81.2,9221052.0
2017-04-26,81.33,81.71,80.93,80.96,4421743.0
2017-04-27,80.95,81.6,80.69,81.33,3219208.0
2017-04-28,81.37,82.25,81.2,82.06,3161763.0
2017-05-01,82.03,82.22,81.75,81.82,2397236.0
2017-05-02,81.89,81.98,81.5,81.7,3626452.0
2017-05-03,81.29,81.56,81.24,81.25,3373181.0
2017-05-04,81.25,83.1,81.25,83.04,3567494.0
2017-05-05,83.04,83.11,82.07,82.51,3135576.0
2017-05-08,82.17,82.41,80.36,80.67,4712925.0
2017-05-09,80.9,80.94,80.35,80.79,3988118.0
2017-05-10,80.83,81.11,80.19,81.05,4018549.0
2017-05-11,80.72,81.0,79.91,80.22,3920485.0
2017-05-12,80.33,80.61,79.74,80.19,2935178.0
2017-05-15,80.19,80.49,79.43,80.3,2559137.0
2017-05-16,80.05,80.3,78.4,78.99,7170066.0
2017-05-17,78.56,79.03,77.92,78.14,4485989.0
2017-05-18,78.57,78.94,78.04,78.3,2928169.0
2017-05-19,78.38,78.71,77.73,77.8,5091841.0
2017-05-22,77.9,78.01,76.85,76.98,6936499.0
2017-05-23,77.19,78.36,77.02,77.99,5884774.0
2017-05-24,77.99,78.28,77.8,77.96,2254384.0
2017-05-25,78.31,78.46,77.76,78.34,1737281.0
2017-05-26,78.12,78.35,77.72,78.05,2238858.0
2017-05-30,77.98,78.67,77.75,78.35,3244949.0
2017-05-31,78.65,79.91,78.48,79.57,5163876.0
2017-06-01,79.6,80.23,79.38,79.99,3093104.0
2017-06-02,80.47,81.06,79.9,80.13,4005715.0
2017-06-05,80.0,80.07,78.98,79.35,2814775.0
2017-06-06,79.41,79.46,78.75,79.09,2687965.0
2017-06-07,79.06,79.54,79.06,79.39,2899905.0
2017-06-08,79.49,80.46,79.34,80.1,4610424.0
2017-06-09,80.36,81.19,79.7,81.04,4599396.0
2017-06-12,81.15,81.29,80.61,80.9,2842761.0
2017-06-13,81.21,81.29,80.24,81.25,4492882.0
2017-06-14,80.87,81.61,80.77,81.6,4025557.0
2017-06-15,81.39,82.15,80.96,82.05,3484768.0
2017-06-16,82.24,82.56,81.66,81.88,4903159.0
2017-06-19,82.02,82.76,81.87,82.34,2538037.0
2017-06-20,82.22,83.68,82.22,82.75,3694685.0
2017-06-21,83.15,83.42,82.38,82.64,3781406.0
2017-06-22,82.84,84.76,82.84,84.31,4891552.0
2017-06-23,84.12,84.34,83.71,83.89,3928031.0
2017-06-26,84.09,84.45,83.66,84.28,2952759.0
2017-06-27,83.81,84.33,83.04,83.04,2365826.0
2017-06-28,83.45,83.92,82.9,83.1,3035321.0
2017-06-29,83.08,83.22,82.31,82.7,2366759.0
2017-06-30,82.97,83.13,82.0,82.3,5713901.0
2017-07-03,82.41,82.91,82.32,82.7,1464738.0
2017-07-05,82.7,82.76,82.03,82.7,2263553.0
2017-07-06,82.38,82.57,81.37,81.6,3390996.0
2017-07-07,81.81,82.35,81.43,82.29,1803703.0
2017-07-10,82.33,82.57,81.89,82.28,2269712.0
2017-07-11,82.39,82.84,81.88,82.35,2708880.0
2017-07-12,82.64,84.02,82.61,83.5,3526983.0
2017-07-13,83.56,84.23,83.16,84.02,2944146.0
2017-07-14,83.63,84.58,83.63,84.35,2005749.0
2017-07-17,84.31,84.53,83.42,83.64,1989072.0
2017-07-18,83.51,83.77,83.22,83.7,1704532.0
2017-07-19,83.52,84.28,83.52,84.23,2297408.0
2017-07-20,84.53,85.12,84.41,84.75,2980635.0
2017-07-21,84.62,84.96,84.31,84.66,3064356.0
2017-07-24,84.66,85.53,84.51,84.74,3952164.0
2017-07-25,83.7,84.4,80.77,82.19,13319876.0
2017-07-26,81.56,81.88,81.04,81.84,7030481.0
2017-07-27,81.93,83.05,81.46,83.02,5577384.0
2017-07-28,82.87,83.22,82.5,83.1,3820069.0
2017-07-31,83.34,83.76,82.63,82.66,4082999.0
2017-08-01,82.86,83.15,82.12,82.37,3439409.0
2017-08-02,82.06,82.17,81.07,81.82,4574837.0
2017-08-03,81.58,82.28,81.5,81.93,3688344.0
2017-08-04,82.28,82.32,81.76,82.31,2802610.0
2017-08-07,82.27,82.4,81.72,82.07,2769747.0
2017-08-08,81.87,82.72,81.63,81.97,3292993.0
2017-08-09,82.13,82.74,81.97,82.57,2392098.0
2017-08-10,82.49,82.54,81.66,82.05,3367495.0
2017-08-11,81.8,81.97,81.12,81.15,2446392.0
2017-08-14,81.34,81.68,81.18,81.49,1879619.0
2017-08-15,81.73,82.34,81.5,81.71,1949478.0
2017-08-16,82.14,82.2,80.02,80.69,3970525.0
2017-08-17,80.4,80.57,77.7,77.8,7318204.0
2017-08-18,77.7,77.7,76.94,77.07,4061282.0
2017-08-21,77.0,77.64,76.89,77.38,3638065.0
2017-08-22,77.53,78.65,77.53,78.26,2131886.0
2017-08-23,78.2,78.52,78.05,78.15,1801475.0
2017-08-24,78.33,79.24,78.26,78.86,4188366.0
2017-08-25,78.96,79.53,78.74,78.79,2171482.0
2017-08-28,79.19,79.43,78.63,78.84,1923195.0
2017-08-29,78.55,78.84,78.12,78.55,2154254.0
2017-08-30,79.1,80.77,78.75,80.49,5036911.0
2017-08-31,80.77,81.35,80.34,81.29,3939473.0
2017-09-01,81.54,81.71,79.43,80.08,4345104.0
2017-09-05,79.38,80.05,79.05,79.82,3702643.0
2017-09-06,80.21,80.67,79.86,80.51,2689227.0
2017-09-07,80.58,82.75,80.37,81.54,6249330.0
2017-09-08,81.61,83.12,81.54,82.92,3961293.0
2017-09-11,82.96,83.35,81.77,82.63,4389166.0
2017-09-12,82.63,82.73,81.93,82.17,2566421.0
2017-09-13,81.96,82.58,81.88,82.43,2454931.0
2017-09-14,82.33,83.99,82.12,83.07,3370406.0
2017-09-15,83.3,83.57,82.18,82.44,5374504.0
2017-09-18,82.72,82.72,82.07,82.52,2200254.0
2017-09-19,82.64,82.84,81.55,81.73,2259159.0
2017-09-20,82.06,82.42,81.39,82.02,2849924.0
2017-09-21,82.01,83.7,81.88,83.33,4426651.0
2017-09-22,83.0,84.03,82.74,83.91,3148723.0
2017-09-25,83.87,84.65,83.8,84.64,4223772.0
2017-09-26,84.71,85.13,84.01,84.22,2347234.0
2017-09-27,84.33,84.8,83.97,84.65,3085205.0
2017-09-28,84.6,85.58,84.15,85.0,2840987.0
2017-09-29,85.17,85.61,84.39,85.54,3506102.0
2017-10-02,85.79,86.68,85.74,86.35,3071084.0
2017-10-03,86.24,86.56,85.93,86.45,2128845.0
2017-10-04,86.7,87.16,86.28,86.96,2317698.0
2017-10-05,86.77,89.09,86.39,87.65,5220964.0
2017-10-06,87.32,87.49,86.64,87.08,2297204.0
2017-10-09,86.99,87.28,86.46,87.05,1701368.0
2017-10-10,85.38,86.7,85.25,86.16,4943660.0
2017-10-11,86.03,86.66,85.45,86.06,3433194.0
2017-10-12,86.15,86.45,85.91,86.43,1941143.0
2017-10-13,86.4,86.7,85.71,86.55,3027228.0
2017-10-16,86.68,86.74,85.78,85.95,3800680.0
2017-10-17,85.97,86.5,85.42,86.06,3643748.0
2017-10-18,86.33,86.56,85.52,85.73,4002151.0
2017-10-19,85.47,86.38,85.47,86.36,3233622.0
2017-10-20,86.52,87.38,86.33,87.23,3223192.0
2017-10-23,87.47,88.19,87.12,87.18,4909816.0
2017-10-24,87.5,88.33,83.75,85.17,8696104.0
2017-10-25,85.91,86.37,84.68,84.85,3916037.0
2017-10-26,84.67,85.11,83.83,84.16,3821119.0
2017-10-27,84.07,84.81,83.59,83.86,2892945.0
2017-10-30,83.76,83.76,82.43,82.65,4667838.0
2017-10-31,82.76,83.1,81.72,81.94,3853276.0
2017-11-01,82.17,83.82,82.0,82.89,3309260.0
2017-11-02,82.51,83.92,82.31,83.13,2716050.0
2017-11-03,82.71,83.59,82.66,83.51,1535373.0
2017-11-06,83.29,83.43,82.92,82.94,1861744.0
2017-11-07,83.04,83.42,82.77,83.28,2851917.0
2017-11-08,83.0,84.39,83.0,84.01,2329113.0
2017-11-09,83.82,84.26,83.63,83.99,2098634.0
2017-11-10,83.67,83.87,82.57,83.29,2692486.0
2017-11-13,83.33,83.33,82.53,82.86,2479441.0
2017-11-14,82.69,83.11,82.21,82.49,2685020.0
2017-11-15,82.51,83.14,81.42,82.19,1838054.0
2017-11-16,82.41,83.63,81.84,83.44,2599667.0
2017-11-17,83.0,83.48,82.8,82.89,4097811.0
2017-11-20,83.09,83.32,82.82,83.18,2205863.0
2017-11-21,83.65,84.53,83.37,83.51,3529945.0
2017-11-22,83.67,84.26,83.48,83.68,2230876.0
2017-11-24,83.87,84.17,83.58,84.03,817624.0
2017-11-27,84.15,85.25,84.03,84.81,2980900.0
2017-11-28,85.12,85.36,84.74,85.05,2659440.0
2017-11-29,84.87,85.24,84.45,84.96,2316034.0
2017-11-30,84.97,85.48,84.32,84.64,5002100.0
2017-12-01,84.94,85.41,84.18,85.32,2736331.0
2017-12-04,85.55,86.78,85.36,85.58,4228281.0
2017-12-05,85.59,86.58,85.21,86.06,3876786.0
2017-12-06,86.04,86.39,84.53,85.32,3130937.0
2017-12-07,85.35,85.87,84.65,85.87,4344910.0
2017-12-08,85.65,86.46,85.47,86.45,3777102.0
2017-12-11,86.43,86.84,86.07,86.67,3336804.0
2017-12-12,86.75,86.9,85.99,86.71,4252536.0
2017-12-13,86.41,89.09,86.34,87.89,5786811.0
2017-12-14,88.22,88.33,86.12,86.5,4388368.0
2017-12-15,86.89,87.61,86.27,86.54,7346414.0
2017-12-18,86.71,87.45,85.99,86.08,3795991.0
2017-12-19,86.04,86.77,85.85,86.71,4027559.0
2017-12-20,86.68,86.94,85.64,85.74,3016854.0
2017-12-21,86.03,86.18,85.43,85.61,2024252.0
2017-12-22,85.51,85.78,84.75,85.07,1834833.0
2017-12-26,85.25,85.43,84.96,84.99,1100241.0
2017-12-27,85.19,85.46,84.98,85.14,1332826.0
2017-12-28,85.23,85.44,84.89,85.05,1732237.0
2017-12-29,85.12,85.44,84.46,84.46,2563826.0
2018-01-02,84.85,85.0,84.06,84.68,3456665.0
2018-01-03,84.74,85.42,84.27,85.14,3078426.0
2018-01-04,85.28,85.8,84.74,85.52,2462477.0
2018-01-05,86.09,86.75,85.93,86.57,2946328.0
2018-01-08,86.69,86.71,85.4,86.13,3251430.0
2018-01-09,86.2,86.42,85.74,86.06,2426331.0
2018-01-10,85.65,86.17,85.49,86.1,1674588.0
2018-01-11,86.17,86.59,85.87,86.39,2647480.0
2018-01-12,86.52,87.41,86.03,86.98,2728878.0
2018-01-16,86.39,86.59,85.15,85.29,4878301.0
2018-01-17,85.8,86.36,85.47,86.21,4083343.0
2018-01-18,85.94,86.14,85.27,85.82,4445813.0
2018-01-19,86.17,86.28,85.32,85.49,5826917.0
2018-01-22,83.13,85.57,82.4,85.44,6374020.0
2018-01-23,85.14,85.92,84.24,84.42,5728106.0
2018-01-24,84.86,85.16,84.28,84.3,5977707.0
2018-01-25,84.81,85.4,84.56,85.01,5201611.0
2018-01-26,85.13,87.47,84.76,87.08,6394142.0
2018-01-29,86.77,88.33,86.65,87.6,5324547.0
2018-01-30,86.64,86.94,85.21,86.09,5388420.0
2018-01-31,86.5,86.73,81.27,81.45,10558541.0
2018-02-01,81.54,82.87,81.29,82.41,8410660.0
2018-02-02,81.73,83.03,81.12,81.18,5152459.0
2018-02-05,80.54,81.61,76.55,77.49,8145221.0
2018-02-06,76.46,79.11,75.71,77.99,10558825.0
2018-02-07,77.76,78.56,76.71,76.72,8240329.0
2018-02-08,77.19,77.65,74.19,74.21,8059648.0
2018-02-09,75.06,76.82,73.69,76.23,8939668.0
2018-02-12,76.68,77.1,75.2,76.25,6454242.0
2018-02-13,76.02,76.59,75.75,76.21,4041222.0
2018-02-14,75.35,77.19,75.34,77.03,4361085.0
2018-02-15,77.75,78.15,77.03,78.02,4810719.0
2018-02-16,77.97,79.65,77.91,78.97,4699593.0
2018-02-20,78.17,78.7,77.18,77.55,3195027.0
2018-02-21,77.54,78.75,77.54,77.55,3871107.0
2018-02-22,77.19,78.09,76.52,77.19,7687429.0
2018-02-23,77.73,78.86,77.64,78.75,5170251.0
2018-02-26,78.94,80.47,78.94,80.18,6015876.0
2018-02-27,80.21,80.21,78.69,78.7,4860441.0
2018-02-28,78.78,79.18,77.01,77.02,6123364.0
2018-03-01,77.02,77.37,75.53,76.5,6258351.0
2018-03-02,76.32,77.6,76.32,77.23,3216725.0
2018-03-05,76.9,78.08,76.71,77.7,3816634.0
2018-03-06,77.86,78.0,76.88,77.19,2963240.0
2018-03-07,76.53,77.61,76.53,77.44,2266515.0
2018-03-08,77.67,79.02,77.47,78.89,3497180.0
2018-03-09,79.28,79.96,78.88,79.61,4399473.0
2018-03-12,79.86,79.97,78.61,79.04,5059557.0
2018-03-13,79.08,79.87,78.77,79.15,4863167.0
2018-03-14,79.39,79.56,78.02,78.49,3167947.0
2018-03-15,78.62,79.86,78.46,78.75,3910102.0
2018-03-16,79.2,80.49,79.12,80.49,8326275.0
2018-03-19,80.12,80.2,78.16,78.73,5116978.0
2018-03-20,79.07,79.2,77.85,78.37,3943845.0
2018-03-21,78.46,79.0,78.03,78.24,4051958.0
2018-03-22,77.58,78.01,76.41,76.53,3816931.0
2018-03-23,76.77,76.83,74.51,74.76,4298117.0
2018-03-26,75.68,76.23,74.65,76.18,3488654.0
2018-03-27,76.2,76.6,75.14,75.66,4070640.0
2018-03-28,76.06,77.66,76.04,77.01,4257510.0
2018-03-29,77.46,77.8,76.61,77.37,3424012.0
2018-04-02,76.88,77.31,75.4,75.7,6282589.0
2018-04-03,76.25,77.6,75.86,77.54,3610639.0
2018-04-04,76.82,78.82,76.71,78.6,3022154.0
2018-04-05,78.52,78.85,78.09,78.62,2213099.0
2018-04-06,78.18,78.25,76.3,76.85,4012829.0
2018-04-09,77.25,78.35,76.33,77.34,5377491.0
2018-04-10,78.27,79.68,78.07,79.22,3657169.0
2018-04-11,78.53,78.9,78.12,78.73,2829952.0
2018-04-12,79.26,79.68,78.81,79.29,2121204.0
2018-04-13,79.95,80.45,79.24,79.72,2652368.0
2018-04-16,80.46,80.75,79.67,80.12,2743000.0
2018-04-17,80.64,80.64,79.49,79.92,3782359.0
2018-04-18,79.96,80.24,79.59,79.72,4261049.0
2018-04-19,78.96,79.75,78.55,79.75,4989439.0
2018-04-20,79.64,79.91,78.82,79.06,5424115.0
2018-04-23,79.39,80.29,79.17,80.2,4015951.0
2018-04-24,81.17,81.5,78.92,80.09,6394960.0
2018-04-25,80.02,82.32,80.01,81.14,5379027.0
2018-04-26,81.39,83.56,81.39,82.55,5058690.0
2018-04-27,82.5,83.24,82.38,82.73,3209558.0
2018-04-30,83.0,83.21,81.06,81.07,5483505.0
2018-05-01,80.78,80.93,78.69,79.07,6306117.0
2018-05-02,78.68,79.39,78.46,78.83,5166327.0
2018-05-03,78.64,78.7,77.44,78.04,4469290.0
2018-05-04,77.42,78.62,77.09,78.4,3367549.0
2018-05-07,78.41,79.26,78.23,78.63,3722577.0
2018-05-08,78.48,78.9,78.17,78.88,4591673.0
2018-05-09,78.96,79.65,78.45,79.27,3325180.0
2018-05-10,79.46,81.17,79.41,80.86,3718368.0
2018-05-11,80.66,82.45,80.66,82.45,4393786.0
2018-05-14,82.55,83.32,82.5,83.07,4739740.0
2018-05-15,82.72,82.94,81.83,82.21,3662716.0
2018-05-16,81.8,81.95,80.96,81.18,3614474.0
2018-05-17,81.19,81.84,81.03,81.66,2808408.0
2018-05-18,81.49,82.29,81.49,82.07,4002281.0
2018-05-21,82.5,82.54,81.67,81.83,2505933.0
2018-05-22,81.98,82.89,81.81,82.22,2620723.0
2018-05-23,82.05,82.92,81.61,82.68,2516910.0
2018-05-24,82.71,82.79,82.1,82.71,2481820.0
2018-05-25,82.58,83.47,82.58,82.77,2338143.0
2018-05-29,82.11,82.62,81.65,82.44,3459321.0
2018-05-30,82.96,84.02,82.91,83.86,3475394.0
2018-05-31,83.85,85.11,83.68,85.04,9526369.0
2018-06-01,85.2,85.68,84.56,84.85,4057715.0
2018-06-04,84.83,85.52,84.36,85.07,4263121.0
2018-06-05,85.25,85.7,84.54,84.82,3667563.0
2018-06-06,85.0,85.93,84.66,85.93,2720404.0
2018-06-07,86.2,86.32,85.32,85.88,3123605.0
2018-06-08,85.83,86.42,85.43,86.08,3172317.0
2018-06-11,86.31,86.78,85.81,85.86,3506939.0
2018-06-12,85.09,86.02,85.09,85.49,3016917.0
2018-06-13,85.8,86.38,85.6,85.72,3052112.0
2018-06-14,85.67,86.46,85.17,86.35,3115115.0
2018-06-15,86.35,87.27,86.1,86.88,5575197.0
2018-06-18,85.98,86.15,85.01,86.11,2906602.0
2018-06-19,85.73,86.87,85.67,86.82,3044507.0
2018-06-20,86.74,87.16,86.2,86.28,4675465.0
2018-06-21,86.2,86.28,85.19,86.07,2856410.0
2018-06-22,86.02,86.4,85.81,85.92,5786678.0
2018-06-25,86.0,86.61,85.12,85.77,3414102.0
2018-06-26,85.54,86.0,84.96,85.11,2840575.0
2018-06-27,84.91,85.6,84.64,84.67,3005386.0
2018-06-28,84.81,85.96,84.81,85.49,2564562.0
2018-06-29,85.84,86.1,85.13,85.33,2963979.0
2018-07-02,85.06,85.93,84.71,85.86,2346963.0
2018-07-03,85.81,87.02,85.81,86.51,2163522.0
2018-07-05,86.91,87.19,86.13,86.56,2675541.0
2018-07-06,86.83,87.71,86.82,87.39,2290527.0
2018-07-09,87.6,88.33,87.52,87.87,2718296.0
2018-07-10,88.08,88.23,87.67,88.05,2227180.0
2018-07-11,87.53,88.07,87.2,87.56,2449505.0
2018-07-12,88.1,88.99,87.92,88.91,2604523.0
2018-07-13,88.83,89.87,88.54,89.71,3334987.0
2018-07-16,89.63,89.84,88.84,89.07,3175249.0
2018-07-17,89.36,89.97,89.34,89.57,2179375.0
2018-07-18,89.57,90.13,89.07,90.03,3021595.0
2018-07-19,89.67,89.98,88.87,89.43,3171005.0
2018-07-20,89.02,89.37,88.26,88.47,3830970.0
2018-07-23,88.3,89.16,88.17,88.88,3145276.0
2018-07-24,91.24,93.76,90.0,93.35,9910179.0
2018-07-25,93.16,96.65,93.03,96.43,8460212.0
2018-07-26,96.43,96.96,94.83,95.18,4826081.0
2018-07-27,95.05,96.96,95.02,96.6,3975477.0
2018-07-30,96.57,98.11,96.25,98.02,5356016.0
2018-07-31,98.24,99.2,97.53,98.81,4957761.0
2018-08-01,98.76,99.35,98.43,98.7,4971802.0
2018-08-02,98.27,100.39,97.84,99.47,4321033.0
2018-08-03,99.11,100.69,98.88,100.58,4572145.0
2018-08-06,100.4,102.59,100.22,102.0,5090940.0
2018-08-07,101.8,103.81,101.68,101.94,5095174.0
2018-08-08,101.84,102.67,101.43,102.27,3901584.0
2018-08-09,102.09,102.72,101.92,102.19,3298367.0
2018-08-10,102.15,103.19,101.99,102.25,2783767.0
2018-08-13,102.45,102.68,102.11,102.44,2816376.0
2018-08-14,101.77,102.84,101.27,102.44,3283946.0
2018-08-15,102.43,103.44,102.08,103.33,3143222.0
2018-08-16,103.54,104.94,103.25,104.36,4427168.0
2018-08-17,104.43,105.92,103.96,105.55,3824340.0
2018-08-20,105.58,106.38,105.58,105.82,2765514.0
2018-08-21,106.02,106.13,104.72,105.07,2775584.0
2018-08-22,105.01,105.63,104.15,105.03,1964353.0
2018-08-23,104.99,105.25,104.39,104.82,2043366.0
2018-08-24,105.57,106.04,104.53,105.77,3089852.0
2018-08-27,106.15,106.49,104.94,105.11,2452478.0
2018-08-28,105.25,105.59,104.59,105.18,2516832.0
2018-08-29,104.4,105.59,104.28,105.33,2949508.0
2018-08-30,105.18,105.74,104.94,105.48,2928553.0
2018-08-31,105.15,105.86,104.47,105.65,3278851.0
2018-09-04,105.55,105.7,104.38,104.62,3106984.0
2018-09-05,104.88,106.11,104.7,105.72,3366560.0
2018-09-06,105.76,105.76,103.65,105.37,3180701.0
2018-09-07,105.75,107.24,104.8,107.03,3822938.0
2018-09-10,107.41,107.84,106.39,106.42,2950800.0
2018-09-11,106.41,106.62,105.51,105.64,3516440.0
2018-09-12,105.61,106.49,105.51,105.97,3925971.0
2018-09-13,106.17,106.71,105.82,106.58,5167412.0
2018-09-14,106.37,106.69,105.4,105.77,3103127.0
2018-09-17,105.61,106.76,105.05,105.71,4972164.0
2018-09-18,105.87,107.19,105.11,106.88,3668807.0
2018-09-19,106.88,107.07,105.5,105.74,3270389.0
2018-09-20,105.72,106.11,104.22,106.07,3761998.0
2018-09-21,106.23,106.87,105.35,106.33,5333680.0
2018-09-24,106.01,106.67,105.59,105.59,3095472.0
2018-09-25,106.01,106.75,105.54,105.7,3775742.0
2018-09-26,106.06,107.37,106.0,106.31,3707259.0
2018-09-27,106.5,107.17,106.21,106.69,2093719.0
2018-09-28,106.77,107.74,106.3,107.31,2812344.0
2018-10-01,107.67,107.71,107.03,107.6,2707981.0
2018-10-02,107.5,108.14,107.19,107.96,3787914.0
2018-10-03,108.47,109.61,108.24,108.62,5097152.0
2018-10-04,113.59,115.68,111.04,112.99,10940820.0
2018-10-05,114.09,115.45,114.09,115.02,8330288.0
2018-10-08,114.76,116.61,114.76,115.46,6002313.0
2018-10-09,115.19,116.0,114.23,115.45,4715996.0
2018-10-10,115.05,115.37,113.25,113.34,5602901.0
2018-10-11,113.09,113.32,106.58,107.91,7226578.0
2018-10-12,109.08,111.02,108.43,110.48,4519158.0
2018-10-15,110.5,111.81,109.98,110.62,3884714.0
2018-10-16,111.22,111.22,109.93,111.03,4192834.0
2018-10-17,110.98,113.76,110.86,113.59,4402132.0
2018-10-18,113.93,114.25,112.41,113.31,3619647.0
2018-10-19,113.21,113.36,110.66,111.92,4224178.0
2018-10-22,112.05,112.71,111.37,112.03,2938281.0
2018-10-23,110.7,111.46,109.06,110.39,3756996.0
2018-10-24,110.22,111.15,106.19,106.32,6739409.0
2018-10-25,106.09,108.82,104.17,107.89,4114808.0
2018-10-26,107.05,107.47,105.06,106.39,4464491.0
2018-10-29,107.94,109.08,106.3,107.4,3587793.0
2018-10-30,107.23,108.51,107.08,108.34,3325906.0
2018-10-31,109.86,110.43,108.35,108.44,4349230.0
2018-11-01,109.11,109.23,107.33,107.86,3639419.0
2018-11-02,108.14,108.39,105.93,106.75,3577348.0
2018-11-05,110.27,112.08,109.76,110.14,7368580.0
2018-11-06,108.94,109.3,104.95,105.9,6803677.0
2018-11-07,106.85,110.78,106.72,109.72,5875413.0
2018-11-08,109.49,110.94,109.01,110.1,3666296.0
2018-11-09,110.33,112.53,109.7,112.21,5054447.0
2018-11-12,112.21,114.71,112.21,113.2,5078884.0
2018-11-13,113.76,114.25,111.83,112.39,4239691.0
2018-11-14,112.36,112.65,109.74,109.81,5392810.0
2018-11-15,109.18,112.23,108.54,112.2,4796847.0
2018-11-16,111.09,114.3,111.09,113.83,4766426.0
2018-11-19,113.94,116.1,113.0,115.81,4869819.0
2018-11-20,114.88,116.2,114.32,114.72,4877472.0
2018-11-21,114.28,114.28,112.13,112.23,3619688.0
2018-11-23,112.0,113.81,111.4,112.87,1896989.0
2018-11-26,112.28,113.6,110.97,112.38,3296174.0
2018-11-27,112.28,114.25,111.71,114.22,3263212.0
2018-11-28,114.73,115.83,113.76,115.53,4814474.0
2018-11-29,115.3,117.93,114.97,117.0,4688290.0
2018-11-30,117.51,118.71,116.22,118.64,8965653.0
2018-12-03,118.64,118.69,117.54,118.52,4290056.0
2018-12-04,118.57,119.84,116.32,116.52,5676621.0
2018-12-06,115.53,115.99,112.98,115.84,5064370.0
2018-12-07,115.53,115.78,112.77,113.58,4128118.0
2018-12-10,113.6,114.65,111.02,114.09,3832638.0
2018-12-11,115.28,115.62,113.92,114.5,3806777.0
2018-12-12,115.49,115.74,114.27,114.34,3758775.0
2018-12-13,114.62,115.15,113.84,114.86,3609870.0
2018-12-14,113.88,114.58,111.24,111.93,5306062.0
2018-12-17,111.21,111.3,107.72,108.36,6121672.0
2018-12-18,109.66,109.66,105.67,106.5,6864411.0
2018-12-19,111.54,111.54,107.7,109.11,8362827.0
2018-12-20,109.65,110.16,108.12,109.29,8362313.0
2018-12-21,109.64,111.51,108.68,109.42,13154487.0
2018-12-24,109.01,109.41,106.63,106.75,3283982.0
2018-12-26,107.17,111.09,106.43,111.09,3792440.0
2018-12-27,110.24,112.9,108.73,112.89,4101569.0
2018-12-28,113.4,115.09,112.59,114.2,3983974.0
2018-12-31,114.34,115.85,114.24,115.72,2731012.0
2019-01-02,114.69,115.43,112.75,114.88,4247101.0
2019-01-03,114.07,114.74,111.1,111.31,4203286.0
2019-01-04,112.6,114.84,111.74,114.66,5795155.0
2019-01-07,112.36,116.44,112.05,115.28,7749593.0
2019-01-08,115.69,116.42,114.52,116.34,3428938.0
2019-01-09,116.37,118.22,116.22,117.21,5820142.0
2019-01-10,117.09,117.22,114.97,115.94,4282265.0
2019-01-11,115.7,116.21,115.1,116.18,2648795.0
2019-01-14,115.5,115.5,114.33,114.68,4404603.0
2019-01-15,113.91,118.22,113.4,117.09,5097713.0
2019-01-16,117.0,118.07,116.48,116.8,2920573.0
2019-01-17,116.91,119.2,116.55,119.16,4401880.0
2019-01-18,115.43,116.9,115.02,116.59,8886961.0
2019-01-22,116.14,117.11,115.69,117.09,4377479.0
2019-01-23,117.07,118.9,116.92,118.79,4012069.0
2019-01-24,118.22,118.22,114.2,114.99,6946450.0
2019-01-25,115.05,115.35,114.04,114.97,4599052.0
2019-01-28,115.05,115.11,113.54,115.03,3590920.0
2019-01-29,114.72,115.95,113.91,115.71,3767564.0
2019-01-30,115.87,117.08,115.53,116.94,4362867.0
2019-01-31,116.94,120.14,116.73,119.86,5746070.0
2019-02-01,120.33,120.99,119.13,120.89,4171696.0
2019-02-04,121.17,121.84,118.69,120.17,4518418.0
2019-02-05,120.72,121.74,120.4,120.43,8832402.0
2019-02-06,118.5,120.82,117.74,119.27,7421020.0
2019-02-07,118.71,119.33,116.86,117.5,7935029.0
2019-02-08,117.73,121.43,117.45,119.6,16195395.0
2019-02-11,119.25,119.94,117.04,118.01,7203060.0
2019-02-12,117.76,119.9,117.5,119.49,6975683.0
2019-02-13,119.27,120.28,118.11,119.65,12738558.0
2019-02-14,118.94,121.25,118.8,120.75,17847187.0
2019-02-15,120.94,122.48,120.4,122.48,10366435.0
2019-02-19,121.31,123.33,121.3,122.13,17861446.0
2019-02-20,122.14,123.05,121.61,122.66,19880296.0
2019-02-21,122.05,123.76,121.8,122.72,20798847.0
2019-02-22,122.82,124.74,122.65,124.0,19574004.0
2019-02-25,123.69,124.67,123.47,123.89,13682426.0
2019-02-26,123.5,125.16,123.32,124.67,20791003.0
2019-02-27,124.49,126.48,124.08,125.68,32135797.0
2019-02-28,125.2,127.77,125.2,126.29,36023631.0
2019-03-01,127.25,129.42,126.58,128.84,43291166.0
2019-03-04,130.25,130.51,125.34,127.46,59468814.0
2019-03-05,128.4,128.87,126.72,128.49,53212630.0
2019-03-06,128.64,128.79,125.39,126.68,74822867.0
2019-03-07,126.41,127.19,125.13,126.34,60615568.0
2019-03-08,126.02,126.98,125.25,126.7,50169777.0
2019-03-11,122.83,124.91,122.51,123.5,61771249.0
2019-03-12,123.5,124.02,122.68,123.5,8077894.0
2019-03-13,124.55,130.75,123.16,124.31,68139302.0
2019-03-14,124.99,124.99,122.51,123.08,42768796.0
2019-03-15,123.11,124.16,121.96,123.94,47331005.0
2019-03-18,124.2,125.35,123.5,125.24,16052335.0
2019-03-19,125.51,126.65,125.14,126.59,13726265.0
2019-03-20,127.54,129.1,126.83,128.16,7520705.0
2019-03-21,127.55,128.98,126.64,128.31,5704385.0
2019-03-22,128.77,129.48,127.43,128.3,15332895.0
2019-03-25,128.29,130.58,128.29,129.87,5972779.0
2019-03-26,130.25,132.13,129.7,131.02,5872941.0
2019-03-27,131.23,131.55,128.52,128.77,7675098.0
2019-03-28,129.43,129.9,128.87,128.95,6112929.0
2019-03-29,129.01,129.93,128.98,129.76,5729087.0
2019-04-01,130.74,131.35,129.05,129.05,5132275.0
2019-04-02,129.04,129.57,128.24,129.32,3214621.0
2019-04-03,129.24,129.25,126.84,127.05,4425479.0
2019-04-04,127.35,127.35,124.61,125.61,5540197.0
2019-04-05,126.18,127.01,125.61,126.99,4656359.0
2019-04-08,126.92,127.28,126.09,127.16,3430908.0
2019-04-09,127.0,128.12,126.6,127.24,4215648.0
2019-04-10,127.34,127.97,126.93,127.19,4227063.0
2019-04-11,127.19,127.32,124.51,125.15,5520681.0
2019-04-12,125.24,125.24,123.02,123.06,5470362.0
2019-04-15,123.69,124.35,123.16,124.08,4549115.0
2019-04-16,124.88,124.93,119.79,119.96,6573485.0
2019-04-17,120.0,120.06,115.89,116.5,14842845.0
2019-04-18,116.18,116.65,114.14,115.2,9805773.0
2019-04-22,115.02,115.57,113.65,115.47,7519732.0
2019-04-23,116.23,117.89,115.43,117.49,5891462.0
2019-04-24,118.04,118.43,117.23,118.0,4254080.0
2019-04-25,117.75,118.68,116.75,118.23,3425006.0
2019-04-26,118.87,119.92,118.67,119.87,3372541.0
2019-04-29,120.0,120.01,119.25,119.6,4097385.0
2019-04-30,117.46,117.46,114.91,117.04,7548382.0
2019-05-01,117.05,119.53,116.56,118.18,5392077.0
2019-05-02,118.44,118.57,116.86,118.46,4169249.0
2019-05-03,118.44,118.44,116.53,116.91,5695485.0
2019-05-06,115.53,117.08,115.3,116.65,5952074.0
2019-05-07,116.3,116.49,114.46,114.94,5127210.0
2019-05-08,115.08,116.89,115.08,116.25,2992573.0
2019-05-09,115.84,116.14,114.78,115.8,5818894.0
2019-05-10,115.63,116.32,114.22,116.22,3660485.0
2019-05-13,114.8,115.19,113.87,114.37,4284654.0
2019-05-14,114.73,115.53,114.53,114.94,3668359.0
2019-05-15,115.25,115.84,114.32,115.62,3724484.0
2019-05-16,114.57,117.68,114.57,116.73,3914074.0
2019-05-17,115.54,116.65,115.22,116.01,3109760.0
2019-05-20,115.87,116.3,115.0,116.23,3042762.0
2019-05-21,117.04,117.79,116.53,116.58,2611127.0
2019-05-22,116.81,118.39,116.12,117.98,3934227.0
2019-05-23,117.76,117.96,116.48,116.81,3653517.0
2019-05-24,116.83,117.55,116.45,116.79,2086492.0
2019-05-28,116.81,118.41,115.7,115.76,5007231.0
2019-05-29,116.23,116.23,114.43,115.49,5915784.0
2019-05-30,115.49,116.3,114.96,115.9,2392848.0
2019-05-31,115.34,117.58,114.99,115.94,6098447.0
2019-06-03,116.53,117.72,116.04,116.77,4722140.0
2019-06-04,118.08,118.93,117.41,117.56,3122814.0
2019-06-05,118.03,118.38,116.53,117.02,4175988.0
2019-06-06,117.79,118.94,117.27,117.5,3882788.0
2019-06-07,118.19,118.94,117.89,118.35,2726282.0
2019-06-10,115.95,116.0,113.88,113.93,8172376.0
2019-06-11,114.78,115.59,111.85,112.21,5681300.0
2019-06-12,112.56,115.5,112.5,115.24,3793939.0
2019-06-13,115.4,115.4,110.61,111.82,8477341.0
2019-06-14,112.13,112.25,111.01,111.74,3188051.0
2019-06-17,111.83,113.42,111.34,113.4,3032339.0
2019-06-18,113.65,114.83,113.22,114.65,2868693.0
2019-06-19,114.95,115.99,114.34,115.23,3320718.0
2019-06-20,116.16,117.07,115.26,115.56,2840116.0
2019-06-21,115.74,115.93,114.81,115.49,4024596.0
2019-06-24,115.15,116.15,114.71,115.63,2570460.0
2019-06-25,115.51,116.83,115.17,115.36,2110156.0
2019-06-26,114.91,114.95,110.62,111.34,4677503.0
2019-06-27,111.74,112.21,111.15,111.47,3615883.0
2019-06-28,111.61,111.83,110.02,110.79,8958684.0
2019-07-01,111.31,112.84,110.64,112.74,3238667.0
2019-07-02,112.82,114.21,112.4,114.2,2344708.0
2019-07-03,114.87,115.46,113.78,114.42,3707683.0
2019-07-05,114.05,114.37,112.55,112.82,2444038.0
2019-07-08,112.47,112.79,110.91,111.52,2998716.0
2019-07-09,111.85,113.36,111.85,113.08,2717664.0
2019-07-10,113.27,114.65,112.67,114.53,3339127.0
2019-07-11,111.53,112.24,109.1,109.82,6589644.0
2019-07-12,109.5,109.5,105.15,108.29,7211104.0
2019-07-15,108.3,109.16,107.59,108.47,4405586.0
2019-07-16,109.0,109.19,107.97,108.82,2206469.0
2019-07-17,109.35,109.65,107.08,107.09,3507528.0
2019-07-18,107.83,108.48,107.24,108.34,3232898.0
2019-07-19,108.5,108.51,106.58,106.79,4821024.0
2019-07-22,106.92,107.36,105.87,107.27,2894549.0
2019-07-23,107.5,109.4,106.06,108.22,5098250.0
2019-07-24,108.35,109.66,107.16,108.52,3762654.0
2019-07-25,108.39,110.38,107.68,107.82,4597004.0
2019-07-26,107.92,109.23,107.54,108.27,3470705.0
2019-07-29,108.07,110.24,108.07,108.72,3192491.0
2019-07-30,108.3,110.02,107.0,108.69,4664226.0
2019-07-31,108.04,110.71,107.61,108.95,5535653.0
2019-08-01,109.02,110.74,108.31,110.51,3678958.0
2019-08-02,110.96,113.27,110.57,112.42,4477651.0
2019-08-05,111.37,112.49,107.44,108.71,4765810.0
2019-08-06,109.47,112.12,109.04,111.4,5490049.0
2019-08-07,110.37,111.38,108.53,111.12,4231696.0
2019-08-08,111.96,114.54,111.64,113.97,4815896.0
2019-08-09,113.24,114.55,112.35,113.77,2788109.0
2019-08-12,112.9,113.81,112.29,113.6,2138055.0
2019-08-13,113.53,116.14,113.43,115.7,5322106.0
2019-08-14,114.86,114.87,110.22,110.29,4937899.0
2019-08-15,110.42,111.31,109.21,110.23,3939890.0
2019-08-16,111.0,111.33,109.29,110.52,3497595.0
2019-08-19,111.05,112.94,110.79,112.53,2903526.0
2019-08-20,112.33,112.88,110.91,111.01,2074810.0
2019-08-21,112.0,112.44,110.0,111.46,2207306.0
2019-08-22,111.44,112.27,110.79,111.61,1840186.0
2019-08-23,111.85,112.56,108.88,109.51,3870286.0
2019-08-26,110.61,111.82,110.25,111.78,2565480.0
2019-08-27,112.18,112.88,110.73,110.73,2945278.0
2019-08-28,110.16,111.54,109.79,110.97,1744383.0
2019-08-29,111.81,112.38,110.6,112.25,2708553.0
2019-08-30,112.82,114.17,111.92,112.97,2870678.0
2019-09-03,112.54,114.02,112.19,113.96,3710342.0
2019-09-04,114.38,114.5,112.45,113.25,3758039.0
2019-09-05,113.83,115.44,113.26,114.6,4045864.0
2019-09-06,115.09,115.09,113.84,114.05,2904651.0
2019-09-09,114.52,114.52,110.35,111.07,4982379.0
2019-09-10,108.48,111.13,106.4,111.1,6589495.0
2019-09-11,111.56,112.0,110.29,111.69,3404057.0
2019-09-12,111.92,112.42,111.12,111.47,3578469.0
2019-09-13,111.74,112.15,110.24,110.89,2842551.0
2019-09-16,110.42,110.53,109.21,110.13,1728877.0
2019-09-17,110.33,111.19,109.63,111.12,2489451.0
2019-09-18,111.44,112.91,111.17,112.72,3165105.0
2019-09-19,112.86,115.11,112.39,114.35,3947358.0
2019-09-20,115.98,117.23,114.47,116.16,7543885.0
2019-09-23,116.0,116.54,113.97,114.18,2933808.0
2019-09-24,114.36,114.55,111.94,113.25,3578773.0
2019-09-25,112.88,113.85,111.31,111.39,3117780.0
2019-09-26,111.82,112.66,110.69,111.82,2684304.0
2019-09-27,112.35,113.37,111.38,112.37,1906299.0
2019-09-30,112.4,113.45,111.68,111.83,2580818.0
2019-10-01,111.94,112.45,110.4,110.96,2493452.0
2019-10-02,110.33,110.64,106.66,107.0,4556003.0
2019-10-03,107.2,108.1,106.21,107.29,2875446.0
2019-10-04,107.49,108.26,107.0,108.2,2889307.0
2019-10-07,108.31,108.65,107.57,107.83,1506055.0
2019-10-08,106.89,108.32,105.95,107.19,2841693.0
2019-10-09,107.39,108.15,106.88,107.3,1637391.0
2019-10-10,107.03,107.49,106.58,106.92,2797589.0
2019-10-11,107.75,109.14,107.59,108.36,2558319.0
2019-10-14,108.37,109.13,107.88,107.9,1371611.0
2019-10-15,108.66,110.1,108.22,109.7,1761041.0
2019-10-16,108.03,109.48,107.79,107.95,2316857.0
2019-10-17,108.93,109.46,108.26,108.46,2268095.0
2019-10-18,108.31,108.94,107.9,108.64,2207095.0
2019-10-21,109.03,109.03,107.77,107.91,4079997.0
2019-10-22,109.98,111.46,108.89,109.84,5750365.0
2019-10-23,106.0,107.75,101.36,107.4,9115337.0
2019-10-24,107.5,108.21,106.25,107.84,3315208.0
2019-10-25,108.08,110.59,107.54,110.2,4234636.0
2019-10-28,110.62,113.19,110.62,112.99,4168518.0
2019-10-29,112.5,112.81,111.5,111.67,2987828.0
2019-10-30,111.47,113.21,111.26,112.72,2424676.0
2019-10-31,112.36,114.67,112.0,113.95,4124383.0
2019-11-01,114.07,114.51,112.31,112.51,2629123.0
2019-11-04,113.08,114.33,112.86,113.11,3002129.0
2019-11-05,112.75,113.08,110.51,111.25,3357293.0
2019-11-06,111.57,114.29,111.51,113.82,3973691.0
2019-11-07,114.23,114.63,112.03,112.77,3076343.0
2019-11-08,112.65,113.57,112.1,113.53,2224211.0
2019-11-11,113.46,114.21,112.22,112.8,1770222.0
2019-11-12,112.77,114.04,112.45,113.17,2273221.0
2019-11-13,112.87,113.53,112.25,112.79,3275038.0
2019-11-14,112.19,112.36,111.0,111.39,2627138.0
2019-11-15,111.33,113.82,111.33,113.19,4857381.0
2019-11-18,113.02,114.13,112.86,114.07,3361591.0
2019-11-19,114.03,116.12,113.75,115.1,3781612.0
2019-11-20,114.96,115.92,114.05,114.61,3638226.0
2019-11-21,114.7,115.52,113.29,114.75,2909502.0
2019-11-22,115.09,116.68,114.71,116.2,3120074.0
2019-11-25,116.6,118.46,116.6,117.47,2939682.0
2019-11-26,117.47,118.11,117.0,117.09,4705350.0
2019-11-27,117.73,117.9,116.62,117.44,1798268.0
2019-11-29,117.23,118.04,117.17,117.35,1243926.0
2019-12-02,117.52,118.25,116.1,116.74,2200267.0
2019-12-03,116.37,117.92,115.92,117.61,3052711.0
2019-12-04,117.82,118.84,117.57,118.67,2597005.0
2019-12-05,118.4,119.92,117.54,119.77,3003189.0
2019-12-06,119.97,120.71,119.58,119.64,2462830.0
2019-12-09,120.11,120.84,118.94,120.24,2344005.0
2019-12-10,121.27,121.27,120.11,120.65,3592725.0
2019-12-11,120.85,121.2,119.98,120.78,3438106.0
2019-12-12,120.56,121.93,120.56,121.7,2959433.0
2019-12-13,122.22,122.22,120.72,121.53,3343900.0
2019-12-16,123.07,124.26,122.06,122.85,3468563.0
2019-12-17,124.0,127.03,123.31,125.33,6723678.0
2019-12-18,127.94,129.98,127.69,129.48,8173458.0
2019-12-19,129.08,130.99,128.34,130.85,4423412.0
2019-12-20,133.14,137.0,131.24,132.43,9230757.0
2019-12-23,132.59,132.59,131.03,131.15,2473592.0
2019-12-24,131.07,131.21,130.13,131.11,1215797.0
2019-12-26,131.0,131.7,130.66,131.14,1272183.0
2019-12-27,131.82,131.82,130.84,131.52,2161345.0
2019-12-30,131.5,131.93,130.87,131.3,1856229.0
2019-12-31,131.64,131.64,130.5,131.43,1549861.0
2020-01-02,131.94,132.26,130.73,132.21,1927432.0
2020-01-03,130.3,132.47,130.23,131.77,1963912.0
2020-01-06,131.59,132.56,130.94,132.26,2102920.0
2020-01-07,131.7,132.93,131.7,132.51,2448943.0
2020-01-08,132.46,134.21,132.01,133.71,5188559.0
2020-01-09,134.7,136.36,134.01,135.92,4524048.0
2020-01-10,135.78,138.27,135.53,138.0,4177719.0
2020-01-13,138.32,139.99,137.89,138.94,5117116.0
2020-01-14,138.99,140.9,138.12,140.65,4685251.0
2020-01-15,140.62,141.69,140.01,141.11,3676480.0
2020-01-16,142.0,142.0,139.85,141.43,3794808.0
2020-01-17,140.88,141.74,139.36,139.58,5393587.0
2020-01-21,140.09,141.57,138.43,140.91,4849620.0
2020-01-22,141.3,142.25,140.69,141.56,2742065.0
2020-01-23,141.5,141.74,139.88,141.21,3138694.0
2020-01-24,141.54,141.99,138.7,139.07,3183268.0
2020-01-27,137.79,139.1,137.34,138.31,2826627.0
2020-01-28,138.64,139.88,138.23,139.26,2649056.0
2020-01-29,139.98,141.14,138.97,139.92,2816298.0
2020-01-30,138.1,143.72,138.1,142.67,5243822.0
2020-01-31,142.81,142.85,139.47,139.64,3913487.0
2020-02-03,140.7,141.57,139.68,141.0,5137780.0
2020-02-04,142.32,144.07,141.78,143.44,3177572.0
2020-02-05,144.87,147.36,144.53,147.35,4061100.0
2020-02-06,148.16,148.16,146.81,147.3,3285190.0
2020-02-07,147.33,147.33,145.38,146.41,2670411.0
2020-02-10,141.39,145.55,141.12,145.51,4892179.0
2020-02-11,145.73,145.86,143.18,144.25,2976514.0
2020-02-12,144.91,144.91,143.49,143.51,3953354.0
2020-02-13,142.86,143.74,141.79,141.8,3455635.0
2020-02-14,141.97,142.32,140.56,141.12,2274126.0
2020-02-18,140.94,141.96,140.53,141.01,2858223.0
2020-02-19,141.62,141.84,140.36,140.83,3082771.0
2020-02-20,141.93,142.8,141.2,142.0,3416988.0
2020-02-21,141.15,142.65,140.33,142.04,2900958.0
2020-02-24,139.25,141.59,137.87,138.15,4727778.0
2020-02-25,138.72,139.23,134.62,135.41,3401770.0
2020-02-26,135.25,137.02,133.31,133.53,4659289.0
2020-02-27,132.56,134.67,129.05,129.19,4292823.0
2020-02-28,126.55,126.8,121.51,126.13,7898390.0
2020-03-02,129.61,133.0,126.21,132.84,7355667.0
2020-03-03,133.28,135.65,128.69,130.31,6936631.0
2020-03-04,133.29,140.86,133.0,140.38,5301949.0
2020-03-05,138.76,141.91,137.53,140.15,6882129.0
2020-03-06,136.42,142.36,135.55,141.46,8010654.0
2020-03-09,133.99,140.93,133.31,135.72,5351578.0
2020-03-10,139.58,141.93,134.72,141.19,5961351.0
2020-03-11,138.02,141.84,137.39,140.02,7211964.0
2020-03-12,130.92,136.5,125.93,126.02,7836650.0
2020-03-13,133.23,139.37,128.51,139.37,6841696.0
2020-03-16,130.66,138.68,128.25,129.38,6619710.0
2020-03-17,133.76,143.59,131.1,143.2,8909251.0
2020-03-18,136.34,144.0,134.08,143.09,6734850.0
2020-03-19,140.98,142.98,131.12,133.09,6555120.0
2020-03-20,132.5,132.5,120.23,122.4,9113640.0
2020-03-23,120.57,126.88,117.06,119.05,7299342.0
2020-03-24,122.2,124.6,117.41,122.89,6827409.0
2020-03-25,120.12,126.14,119.21,121.94,6472192.0
2020-03-26,123.29,135.74,121.94,134.35,6723870.0
2020-03-27,130.65,137.61,130.2,134.11,4717376.0
2020-03-30,133.87,141.77,133.51,138.44,5057365.0
2020-03-31,136.96,142.02,134.52,138.72,7561617.0
2020-04-01,134.95,137.19,132.98,136.42,3297943.0
2020-04-02,135.35,142.8,133.03,142.18,4725051.0
2020-04-03,140.92,144.6,138.46,139.66,4013280.0
2020-04-06,141.78,143.5,140.3,141.61,4159869.0
2020-04-07,143.13,144.8,140.05,141.88,3900683.0
2020-04-08,143.22,147.25,140.5,146.22,4006811.0
2020-04-09,144.51,146.4,143.55,145.73,4415537.0
2020-04-13,145.55,146.59,142.88,144.42,2289127.0
2020-04-14,146.9,151.55,144.05,151.11,3809624.0
2020-04-15,148.94,153.4,148.51,151.18,3614430.0
2020-04-16,152.89,155.59,152.0,154.73,3512945.0
2020-04-17,155.42,157.67,153.03,157.29,3709893.0
2020-04-20,156.67,160.2,155.61,157.79,2562267.0
2020-04-21,155.38,155.8,151.41,152.67,4270235.0
2020-04-22,154.61,157.28,153.57,156.71,3279266.0
2020-04-23,157.0,162.56,154.0,159.93,5692905.0
2020-04-24,162.0,164.9,160.61,162.93,4414235.0
2020-04-27,164.0,164.5,160.72,161.29,3210509.0
2020-04-28,161.46,161.98,156.59,157.3,3270605.0
2020-04-29,158.79,158.79,154.67,155.16,3241034.0
2020-04-30,155.44,156.98,153.28,154.64,4175767.0
2020-05-01,153.72,154.6,151.57,153.63,2576671.0
2020-05-04,154.65,156.0,151.26,153.28,2228949.0
2020-05-05,154.23,159.22,152.75,157.89,2862645.0
2020-05-06,158.46,158.94,156.35,156.68,1964792.0
2020-05-07,157.45,157.69,152.72,152.97,2330591.0
2020-05-08,154.52,154.52,152.55,153.51,1967688.0
2020-05-11,153.47,159.47,153.08,158.55,3196292.0
2020-05-12,159.87,161.4,157.59,157.72,2329658.0
2020-05-13,157.05,159.35,156.04,157.93,2649972.0
2020-05-14,155.38,158.95,153.81,158.38,2393935.0
2020-05-15,158.63,159.51,156.03,159.23,2824638.0
2020-05-18,161.87,162.37,157.11,157.96,2703730.0
2020-05-19,157.88,159.13,155.28,156.7,2339430.0
2020-05-20,155.53,157.43,151.61,153.13,3780795.0
2020-05-21,153.15,153.15,149.72,152.28,3049756.0
2020-05-22,152.22,152.56,150.17,151.16,2354972.0
2020-05-26,152.34,152.34,147.16,147.96,5013422.0
2020-05-27,148.17,148.17,143.62,145.7,5376334.0
2020-05-28,147.49,152.1,146.51,150.65,3983510.0
2020-05-29,151.66,153.64,149.94,152.95,9466743.0
2020-06-01,154.47,154.99,150.89,152.45,5235562.0
2020-06-02,152.08,154.08,151.04,153.86,3269734.0
2020-06-03,153.34,154.39,150.85,152.53,3190321.0
2020-06-04,152.19,153.54,149.71,150.71,3328760.0
2020-06-05,149.7,151.76,148.34,149.21,4579125.0
2020-06-08,147.16,149.25,146.52,149.21,4076682.0
2020-06-09,149.19,151.75,149.11,149.13,4302321.0
2020-06-10,149.96,152.4,149.84,151.0,4940240.0
2020-06-11,150.22,152.24,143.05,144.08,4547384.0
2020-06-12,145.54,146.38,141.47,143.54,3973250.0
2020-06-15,142.0,142.9,139.68,141.52,3710714.0
2020-06-16,156.45,167.43,155.0,163.71,15029908.0
2020-06-17,163.07,164.36,159.4,159.97,4711157.0
2020-06-18,158.69,162.97,158.2,161.07,3631610.0
2020-06-19,162.25,162.48,158.26,159.94,6004898.0
2020-06-22,158.92,161.48,158.92,160.45,2647611.0
2020-06-23,161.0,162.87,158.95,159.34,2771597.0
2020-06-24,158.44,159.79,156.33,157.03,3095967.0
2020-06-25,157.64,163.39,156.71,162.86,3735845.0
2020-06-26,162.26,163.79,160.18,162.83,5290721.0
2020-06-29,163.85,164.2,161.03,162.72,2640297.0
2020-06-30,163.1,165.17,162.3,164.18,3296344.0
2020-07-01,164.32,165.47,162.52,163.3,2065209.0
2020-07-02,164.07,164.77,162.37,163.87,1960202.0
2020-07-06,165.08,168.92,164.01,166.89,2760124.0
2020-07-07,166.7,168.38,165.27,166.75,3273315.0
2020-07-08,167.17,169.82,166.84,169.13,2782025.0
2020-07-09,169.88,170.75,163.71,166.45,2955246.0
2020-07-10,167.01,167.01,162.74,163.36,2245221.0
2020-07-13,164.5,167.0,161.04,162.08,3455741.0
2020-07-14,162.76,164.77,161.53,163.88,2642956.0
2020-07-15,165.22,166.48,163.9,165.45,2346191.0
2020-07-16,164.95,165.44,162.6,165.0,1486791.0
2020-07-17,166.04,167.26,165.11,165.96,3027743.0
2020-07-20,166.49,167.71,165.73,167.04,1806386.0
2020-07-21,166.87,167.23,164.76,165.3,1540685.0
2020-07-22,165.63,165.85,162.33,164.84,1686461.0
2020-07-23,165.13,165.46,160.79,161.52,2408773.0
2020-07-24,161.21,161.47,158.45,159.54,2247922.0
2020-07-27,159.63,161.74,158.59,160.5,2709788.0
2020-07-28,161.67,165.41,161.34,162.65,3483155.0
2020-07-29,161.85,163.02,161.1,161.75,3108858.0
2020-07-30,158.0,158.5,150.45,153.0,6638127.0
2020-07-31,153.13,153.34,148.74,150.29,5342109.0
2020-08-03,152.88,153.85,151.22,152.84,3618435.0
2020-08-04,154.18,156.0,153.09,154.85,3260042.0
2020-08-05,157.31,157.49,153.3,154.34,2476460.0
2020-08-06,154.18,155.5,151.0,152.88,2176543.0
2020-08-07,153.17,153.5,151.58,152.93,2017370.0
2020-08-10,153.1,153.49,151.53,153.0,1745207.0
2020-08-11,153.14,153.14,150.2,150.63,2103351.0
2020-08-12,150.7,153.17,150.6,152.55,2430758.0
2020-08-13,150.72,151.69,149.79,150.46,2077861.0
2020-08-14,150.03,151.69,149.15,150.09,1538044.0
2020-08-17,150.4,152.7,150.36,151.53,2704741.0
2020-08-18,152.15,153.15,151.15,153.11,1960131.0
2020-08-19,153.67,154.41,152.01,152.29,1939000.0
2020-08-20,152.55,152.85,150.85,151.34,1830243.0
2020-08-21,151.24,151.35,147.95,149.26,3111979.0
2020-08-24,149.77,150.4,148.25,149.52,2268439.0
2020-08-25,149.9,151.31,149.31,149.68,2216224.0
2020-08-26,149.74,149.74,147.41,149.26,3029691.0
2020-08-27,150.58,150.94,148.94,148.97,3146090.0
2020-08-28,148.9,149.15,146.98,147.34,2102621.0
2020-08-31,147.65,148.8,147.03,148.39,4430706.0
2020-09-01,148.61,149.2,146.64,147.3,2359277.0
2020-09-02,147.22,150.0,146.51,149.55,2407127.0
2020-09-03,152.56,153.37,147.46,149.02,4226126.0
2020-09-04,148.82,152.58,147.95,150.91,4361833.0
2020-09-08,151.69,151.69,148.5,149.31,4351532.0
2020-09-09,150.62,154.12,150.31,151.97,2328525.0
2020-09-10,149.88,150.6,145.72,146.22,3961343.0
2020-09-11,147.26,149.18,146.88,148.09,3001470.0
2020-09-14,149.02,150.5,147.47,149.0,3072507.0
2020-09-15,149.78,151.87,149.42,150.08,2923507.0
2020-09-16,151.94,152.68,150.79,150.96,3619715.0
2020-09-17,150.16,152.68,149.46,152.47,3620831.0
2020-09-18,152.51,154.5,152.04,154.17,13210113.0
2020-09-21,153.4,153.66,149.06,151.18,3501584.0
2020-09-22,150.52,151.57,149.15,149.86,2926393.0
2020-09-23,149.97,151.59,148.7,149.81,3546101.0
2020-09-24,149.26,149.66,147.37,148.81,3424319.0
2020-09-25,148.39,150.4,147.85,150.26,2440587.0
2020-09-28,150.82,151.58,147.9,148.1,2427522.0
2020-09-29,147.98,148.44,145.93,146.26,3308955.0
2020-09-30,146.03,148.44,145.06,148.02,5083858.0
2020-10-01,148.33,148.7,144.06,144.29,3809247.0
2020-10-02,143.86,146.94,143.27,145.21,3879999.0
2020-10-05,145.14,147.47,144.18,146.63,2790616.0
2020-10-06,147.26,147.83,143.93,144.13,2409309.0
2020-10-07,148.51,149.89,146.85,148.96,4602829.0
2020-10-08,152.32,153.94,150.5,153.5,4686102.0
2020-10-09,154.55,157.15,154.07,156.88,4590567.0
2020-10-12,156.9,157.15,154.42,154.49,3242667.0
2020-10-13,153.01,154.33,148.55,150.08,5963891.0
2020-10-14,150.25,150.6,147.71,148.46,2710585.0
2020-10-15,146.57,146.91,145.38,146.78,3785950.0
2020-10-16,147.11,148.38,146.0,146.12,2919724.0
2020-10-19,147.19,147.41,142.21,142.8,3158872.0
2020-10-20,143.36,144.12,142.11,143.59,2188844.0
2020-10-21,142.29,143.33,141.21,141.31,1983653.0
2020-10-22,141.53,142.26,140.8,141.65,3057821.0
2020-10-23,142.0,144.7,141.72,142.38,2427462.0
2020-10-26,142.04,142.29,140.05,141.7,2947097.0
2020-10-27,133.24,136.08,131.87,131.9,11374611.0
2020-10-28,130.6,134.1,130.31,131.31,6188028.0
2020-10-29,132.0,133.13,130.38,132.55,4099914.0
2020-10-30,131.76,133.1,129.21,130.46,4336046.0
2020-11-02,132.04,133.95,129.99,131.63,3449595.0
2020-11-03,133.07,134.07,130.7,130.98,3628832.0
2020-11-04,135.08,151.98,134.9,148.59,12211676.0
2020-11-05,146.89,148.81,144.7,145.52,5730964.0
2020-11-06,145.05,147.39,139.1,142.74,6229782.0
2020-11-09,142.54,144.75,140.6,142.33,5493775.0
2020-11-10,147.57,149.2,143.79,146.56,5376964.0
2020-11-11,148.38,148.38,143.37,144.76,3046843.0
2020-11-12,142.93,143.46,139.86,141.03,3464669.0
2020-11-13,142.63,143.21,141.32,142.38,2144882.0
2020-11-16,143.06,144.3,140.0,140.59,4957963.0
2020-11-17,139.94,141.96,138.61,141.2,3619448.0
2020-11-18,141.43,142.42,140.13,140.17,2795172.0
2020-11-19,140.29,143.89,138.92,143.41,4626099.0
2020-11-20,143.0,147.09,142.84,145.49,5064305.0
2020-11-23,145.8,145.8,141.16,143.38,3794513.0
2020-11-24,143.43,145.64,143.11,144.9,4127874.0
2020-11-25,144.89,145.34,142.61,144.75,3223766.0
2020-11-27,145.89,147.92,145.36,147.44,1753995.0
2020-11-30,147.2,148.17,144.9,145.65,5842198.0
2020-12-01,146.62,148.06,145.26,145.56,3954412.0
2020-12-02,145.36,147.09,144.38,145.16,3757360.0
2020-12-03,145.7,146.5,143.13,144.11,4059610.0
2020-12-04,144.07,148.72,144.0,148.45,3058757.0
2020-12-07,147.5,148.33,146.48,147.42,2637180.0
2020-12-08,147.28,150.14,146.91,149.3,2754502.0
2020-12-09,155.0,158.94,153.68,158.0,8364372.0
2020-12-10,159.31,162.0,158.18,161.0,6430596.0
2020-12-11,159.72,161.18,159.06,160.04,3435693.0
2020-12-14,161.2,162.29,157.83,157.91,4390109.0
2020-12-15,160.81,168.23,158.05,167.43,6976079.0
2020-12-16,169.69,173.19,166.75,172.05,6009932.0
2020-12-17,172.3,173.9,171.1,172.63,3473825.0
2020-12-18,172.62,172.89,169.0,171.4,7356515.0
2020-12-21,169.0,169.0,165.8,168.78,3656017.0
2020-12-22,167.71,168.39,165.87,166.72,2448907.0
2020-12-23,166.6,168.0,165.47,165.48,1697282.0
2020-12-24,166.21,167.94,165.85,166.66,627229.0
2020-12-28,166.9,167.6,165.21,166.5,1482012.0
2020-12-29,166.63,167.75,165.91,166.58,1712024.0
2020-12-30,167.44,168.39,166.68,167.01,1413465.0
2020-12-31,167.07,169.14,166.29,168.84,1643767.0
2021-01-04,169.02,169.48,163.1,165.5,3164894.0
2021-01-05,165.19,166.66,163.2,166.32,2322787.0
2021-01-06,162.98,167.28,162.97,164.32,3619696.0
2021-01-07,164.18,167.12,161.78,165.83,3025518.0
2021-01-08,166.22,166.86,164.64,166.41,3438248.0
2021-01-11,185.0,189.3,182.02,185.94,11402288.0
2021-01-12,182.25,184.24,177.44,178.8,7179275.0
2021-01-13,179.83,187.62,179.34,185.5,7303875.0
2021-01-14,184.93,188.96,184.58,186.69,4413184.0
2021-01-15,186.8,191.78,186.8,190.77,6624572.0
2021-01-19,196.0,199.52,194.07,198.48,7729052.0
2021-01-20,198.77,201.77,198.68,201.26,5335808.0
2021-01-21,203.7,204.72,198.01,202.35,8702898.0
2021-01-22,202.04,206.54,200.56,206.14,6128788.0
2021-01-25,208.24,212.53,208.09,212.35,5959055.0
2021-01-26,213.61,213.61,210.6,212.72,6601482.0
2021-01-27,210.12,212.02,205.1,207.57,7358032.0
2021-01-28,208.01,211.84,207.57,210.12,5460392.0
2021-01-29,211.47,218.0,204.46,207.97,8401721.0
2021-02-01,209.61,209.89,203.1,203.14,5383786.0
2021-02-02,204.38,205.9,197.35,197.56,5314567.0
2021-02-03,197.82,200.59,196.89,196.96,3679090.0
2021-02-04,196.81,201.88,195.64,201.62,2924329.0
2021-02-05,201.35,202.92,200.85,201.77,2732210.0
2021-02-08,202.38,206.43,201.91,205.77,2909487.0
2021-02-09,203.75,204.95,200.32,201.71,2661320.0
2021-02-10,204.71,205.55,201.64,204.39,3062709.0
2021-02-11,202.27,204.18,201.62,202.58,3544689.0
2021-02-12,201.65,208.22,201.15,207.29,2611297.0
2021-02-16,205.98,207.49,203.61,205.76,2741949.0
2021-02-17,203.6,206.69,203.6,206.46,3339286.0
2021-02-18,205.48,205.48,200.95,201.12,3919791.0
2021-02-19,201.13,202.88,200.33,200.92,3434858.0
2021-02-22,199.5,201.61,197.96,200.68,2263632.0
2021-02-23,200.31,204.31,198.68,202.48,3287678.0
2021-02-24,201.67,206.46,201.63,204.52,2848792.0
2021-02-25,203.57,205.55,201.75,203.82,2386804.0
2021-02-26,206.3,206.99,202.06,204.89,3887878.0
2021-03-01,205.01,208.24,204.78,206.47,2797548.0
2021-03-02,208.84,209.95,204.1,204.14,3445286.0
2021-03-03,204.12,204.31,199.7,202.0,3660317.0
2021-03-04,203.73,204.74,198.61,200.54,4308430.0
2021-03-05,200.62,207.67,200.62,206.92,3876160.0
2021-03-08,207.28,210.89,206.32,207.03,3300343.0
2021-03-09,208.21,212.16,206.06,206.11,4227322.0
2021-03-10,207.69,208.04,204.39,205.45,3400164.0
2021-03-11,206.51,207.25,204.27,205.21,4037377.0
2021-03-12,204.89,208.46,202.28,208.08,4541373.0
2021-03-15,191.91,193.18,188.2,189.16,12405564.0
2021-03-16,191.5,191.62,187.23,190.9,6194240.0
2021-03-17,189.73,189.83,186.56,186.73,5134224.0
2021-03-18,186.02,187.09,183.8,183.93,4239983.0
2021-03-19,184.7,185.8,183.88,184.29,6048561.0
2021-03-22,184.29,185.91,183.2,185.84,2666600.0
2021-03-23,185.35,186.66,183.25,183.68,3284889.0
2021-03-24,183.7,183.84,179.82,180.17,3931458.0
2021-03-25,181.0,183.64,180.22,183.09,2630505.0
2021-03-26,184.0,185.91,182.63,185.31,2868368.0
2021-03-29,184.66,187.67,183.5,186.34,3002626.0
2021-03-30,185.53,186.86,184.71,185.5,2523602.0
2021-03-31,185.57,187.94,185.26,186.82,3621314.0
2021-04-01,186.82,188.07,184.66,185.24,2340366.0
2021-04-05,185.59,185.9,183.1,184.89,2864920.0
2021-04-06,184.69,185.63,182.49,182.8,2488379.0
2021-04-07,183.2,183.2,181.22,182.32,3406606.0
2021-04-08,182.95,183.97,182.47,182.61,2393198.0
2021-04-09,182.53,185.14,182.41,184.49,2611218.0
2021-04-12,183.0,183.94,180.88,181.82,2876088.0
2021-04-13,181.18,183.64,181.18,182.53,3089142.0
2021-04-14,182.59,184.47,182.05,183.0,2002075.0
2021-04-15,183.22,187.72,183.22,185.92,2586643.0
2021-04-16,187.93,190.3,186.88,189.25,3732096.0
2021-04-19,188.67,190.88,188.07,189.64,2966439.0
2021-04-20,190.41,193.5,190.17,190.61,2461129.0
2021-04-21,190.75,193.01,189.8,190.95,2219772.0
2021-04-22,189.5,191.27,186.75,187.05,2982838.0
2021-04-23,187.03,189.13,187.03,188.72,2483203.0
2021-04-26,188.57,188.65,186.06,187.22,2797528.0
2021-04-27,184.0,185.87,180.79,182.21,6838740.0
2021-04-28,181.45,182.0,178.58,180.55,4682764.0
2021-04-29,181.18,182.63,180.0,182.2,2432461.0
2021-04-30,181.83,183.95,181.19,182.77,3103881.0
2021-05-03,182.99,186.35,182.92,185.92,3196957.0
2021-05-04,187.53,190.08,186.78,188.2,3703540.0
2021-05-05,188.75,193.57,188.75,192.81,2773684.0
2021-05-06,191.79,194.1,189.32,193.89,3101937.0
2021-05-07,194.73,196.27,193.9,195.42,2526753.0
2021-05-10,196.17,196.61,193.5,194.76,2242047.0
2021-05-11,193.39,195.75,193.01,194.75,1850449.0
2021-05-12,194.75,195.65,192.73,193.2,2397601.0
2021-05-13,192.25,196.11,191.75,194.94,2175323.0
2021-05-14,194.94,197.27,194.92,196.21,1823874.0
2021-05-17,196.48,199.61,195.09,195.53,2465967.0
2021-05-18,195.0,196.35,193.58,194.63,2369384.0
2021-05-19,192.41,197.39,192.41,196.51,3070497.0
2021-05-20,197.16,201.08,196.17,199.53,3494708.0
2021-05-21,199.54,201.92,199.47,199.88,2579208.0
2021-05-24,201.19,203.62,200.04,201.02,2074926.0
2021-05-25,201.43,201.85,199.14,199.22,2919227.0
2021-05-26,199.23,202.44,198.25,200.99,2891438.0
2021-05-27,200.65,201.38,195.5,199.2,9340280.0
2021-05-28,199.12,202.28,198.53,199.74,2386024.0
2021-06-01,200.01,200.89,196.68,198.42,3070326.0
2021-06-02,199.62,200.92,198.25,199.13,2030286.0
2021-06-03,198.99,203.64,198.61,202.7,3066605.0
2021-06-04,202.82,204.45,201.29,202.02,2817826.0
2021-06-07,200.84,233.33,200.84,222.52,17231372.0
2021-06-08,221.07,222.27,217.37,220.7,4618467.0
2021-06-09,221.35,226.73,220.26,226.0,4934884.0
2021-06-10,226.97,235.85,226.25,233.54,5598166.0
2021-06-11,227.41,229.59,221.56,224.09,5635964.0
2021-06-14,224.45,226.66,223.02,226.1,2720733.0
2021-06-15,226.1,226.66,222.87,223.52,2188900.0
2021-06-16,223.5,224.36,220.2,220.76,2548827.0
2021-06-17,220.99,223.1,220.27,222.21,1891008.0
2021-06-18,220.91,221.05,218.32,218.55,4016656.0
2021-06-21,219.01,223.77,218.08,222.67,3671287.0
2021-06-22,222.63,223.61,220.51,221.44,1658943.0
2021-06-23,221.12,222.24,217.0,217.1,2419664.0
2021-06-24,234.79,239.37,230.42,232.97,12290462.0
2021-06-25,233.98,233.98,229.39,230.22,6992228.0
2021-06-28,229.0,229.88,226.88,228.22,2507615.0
2021-06-29,227.5,231.4,227.5,229.37,1621247.0
2021-06-30,229.67,230.85,229.06,229.52,1786736.0
2021-07-01,229.5,231.5,228.66,231.13,1977362.0
2021-07-02,231.97,234.21,231.33,233.96,1994140.0
2021-07-06,233.8,235.58,233.23,235.42,3125526.0
2021-07-07,233.34,236.59,233.34,235.82,3141508.0
2021-07-08,232.13,237.27,232.1,237.12,2431482.0
2021-07-09,237.8,238.47,232.75,234.99,4030341.0
2021-07-12,235.0,238.0,235.0,236.01,2928611.0
2021-07-13,235.98,236.65,234.03,235.3,1974044.0
2021-07-14,234.03,237.23,234.03,236.35,2103449.0
2021-07-15,236.84,236.84,230.69,231.47,3611300.0
2021-07-16,231.96,233.04,231.21,232.46,2229059.0
2021-07-19,232.62,234.3,230.57,234.14,2305943.0
2021-07-20,234.16,237.75,233.94,235.02,2297813.0
2021-07-21,236.38,237.37,233.59,237.29,1651502.0
2021-07-22,237.29,239.7,236.37,238.49,1703495.0
2021-07-23,239.09,244.55,238.56,244.15,2448303.0
2021-07-26,242.57,245.28,242.57,243.21,2678920.0
2021-07-27,243.71,244.06,242.66,243.58,2116551.0
2021-07-28,243.37,248.4,242.64,246.51,1688130.0
2021-07-29,247.5,248.24,242.24,245.33,1924383.0
2021-07-30,244.9,245.95,242.63,243.5,1905119.0
2021-08-02,244.66,247.88,244.25,246.6,1958943.0
2021-08-03,244.75,259.37,243.5,255.99,5406183.0
2021-08-04,256.66,270.65,255.42,262.47,3892600.0
2021-08-05,263.62,265.51,261.33,264.19,2262446.0
2021-08-06,263.5,264.27,260.74,263.44,2155214.0
2021-08-09,265.03,273.04,264.5,267.16,3238463.0
2021-08-10,266.31,271.08,266.18,269.45,2060223.0
2021-08-11,269.48,270.94,262.66,264.1,2813289.0
2021-08-12,263.2,264.54,261.49,263.47,2100876.0
2021-08-13,263.15,265.69,263.02,264.21,1482410.0
2021-08-16,264.22,270.26,264.22,269.94,2623287.0
2021-08-17,271.16,275.87,267.18,272.71,2096073.0
2021-08-18,271.61,274.76,268.03,268.52,2527494.0
2021-08-19,267.54,271.85,265.43,270.4,1901013.0
2021-08-20,269.38,272.87,269.06,270.91,1536829.0
2021-08-23,272.65,272.91,267.7,267.82,2438890.0
2021-08-24,266.2,267.44,261.78,262.77,3736297.0
2021-08-25,262.4,264.52,261.29,263.87,2388585.0
2021-08-26,264.72,265.59,260.58,261.32,1732985.0
2021-08-27,262.52,263.13,258.58,259.75,1839899.0
2021-08-30,259.45,264.07,259.45,262.31,1300723.0
2021-08-31,261.62,263.64,257.86,258.29,2733435.0
2021-09-01,259.27,259.27,254.49,257.4,2956822.0
2021-09-02,257.41,259.73,256.47,259.57,1469713.0
2021-09-03,260.83,260.99,256.78,259.53,1124527.0
2021-09-07,259.0,260.82,254.41,254.8,2403689.0
2021-09-08,254.95,255.71,253.68,254.84,1542529.0
2021-09-09,254.11,254.11,239.67,240.0,4976593.0
2021-09-10,241.4,243.89,238.57,239.5,4633548.0
2021-09-13,240.77,241.15,235.15,237.96,2832834.0
2021-09-14,238.46,239.79,231.98,233.09,3825977.0
2021-09-15,233.95,239.38,233.06,233.73,2802576.0
2021-09-16,234.08,234.69,229.73,231.04,2958684.0
2021-09-17,229.71,230.83,228.23,230.1,4480241.0
2021-09-20,227.54,232.73,227.29,231.64,2803437.0
2021-09-21,232.06,233.72,229.74,230.17,2172825.0
2021-09-22,230.0,231.03,227.58,228.3,2529635.0
2021-09-23,229.3,234.2,229.01,232.18,1912322.0
2021-09-24,232.05,235.38,231.34,231.68,1642578.0
2021-09-27,230.61,231.06,225.61,226.4,2785922.0
2021-09-28,226.47,226.47,220.2,221.6,3583251.0
2021-09-29,225.41,231.44,224.56,230.36,3971031.0
2021-09-30,232.06,237.16,230.8,231.05,3787048.0
2021-10-01,231.01,231.68,225.45,229.59,2215772.0
2021-10-04,227.17,230.19,224.22,224.85,4784747.0
2021-10-05,226.44,232.56,226.17,230.93,2802025.0
2021-10-06,231.31,231.31,226.05,227.85,2462722.0
2021-10-07,229.25,234.11,229.0,233.18,2001803.0
2021-10-08,233.42,235.81,231.55,233.94,2563117.0
2021-10-11,237.27,237.99,233.6,233.67,1892511.0
2021-10-12,234.7,235.07,231.98,232.78,1719458.0
2021-10-13,234.07,237.92,232.8,236.44,2105892.0
2021-10-14,237.01,238.44,234.11,236.69,1824765.0
2021-10-15,237.7,239.3,235.82,237.88,2598357.0
2021-10-18,237.17,242.66,236.7,238.98,2545987.0
2021-10-19,239.06,242.55,239.06,242.31,1573492.0
2021-10-20,243.85,245.9,243.04,243.72,1537772.0
2021-10-21,244.95,244.95,239.83,241.17,1717891.0
2021-10-22,240.96,244.04,239.56,243.75,1960703.0
2021-10-25,244.54,246.27,240.52,245.05,2763099.0
2021-10-26,244.5,248.92,237.09,248.44,4532952.0
2021-10-27,248.69,254.46,248.32,250.17,3181498.0
2021-10-28,250.16,256.75,250.08,253.35,3386510.0
2021-10-29,253.78,256.47,251.77,254.76,3152015.0
2021-11-01,255.11,256.48,248.05,249.31,2735846.0
2021-11-02,251.25,259.3,249.4,256.85,3987869.0
2021-11-03,257.77,266.79,257.76,266.26,4382930.0
2021-11-04,265.67,271.11,265.27,271.0,4133581.0
2021-11-05,268.99,269.49,258.56,265.0,3745717.0
2021-11-08,263.99,266.91,259.15,260.53,2386204.0
2021-11-09,260.53,262.16,258.39,262.02,1963849.0
2021-11-10,262.0,266.0,261.6,264.65,2215238.0
2021-11-11,263.54,264.32,261.95,262.63,1739439.0
2021-11-12,261.78,262.52,258.93,259.65,1964191.0
2021-11-15,260.19,260.19,257.16,258.43,1903164.0
2021-11-16,256.96,260.35,255.99,257.72,2565741.0
2021-11-17,255.71,264.55,255.71,261.18,2873559.0
2021-11-18,262.0,263.8,259.82,261.33,1689635.0
2021-11-19,266.26,270.8,260.3,260.7,2788210.0
2021-11-22,262.22,263.99,259.13,260.44,1997790.0
2021-11-23,259.47,262.76,259.25,261.96,1986326.0
2021-11-24,262.77,264.94,260.05,262.0,2518580.0
2021-11-26,261.8,265.88,259.03,260.37,1495480.0
2021-11-29,261.6,262.32,254.5,254.83,4041677.0
2021-11-30,253.59,254.0,246.48,248.04,8265918.0
2021-12-01,250.49,255.3,247.89,249.13,3241515.0
2021-12-02,247.57,249.98,245.12,247.88,3817784.0
2021-12-03,252.13,253.48,243.08,245.58,4169687.0
2021-12-06,246.23,246.94,241.53,246.33,3491184.0
2021-12-07,245.62,245.62,241.45,245.11,4035797.0
2021-12-08,246.61,248.18,239.47,244.32,3636201.0
2021-12-09,244.74,245.91,242.75,242.9,2291050.0
2021-12-10,242.65,244.58,241.2,244.14,2380759.0
2021-12-13,245.51,250.7,245.46,248.53,3016836.0
2021-12-14,247.74,250.01,246.39,249.38,3423994.0
2021-12-15,262.0,275.54,257.21,275.28,10016675.0
2021-12-16,275.67,283.9,272.05,279.04,5546435.0
2021-12-17,277.35,277.35,265.33,267.42,7588876.0
2021-12-20,269.23,270.01,260.35,263.48,3479415.0
2021-12-21,263.9,265.95,260.57,264.88,2702522.0
2021-12-22,264.74,266.56,262.85,266.5,2720994.0
2021-12-23,269.05,275.27,266.68,273.1,2632221.0
2021-12-27,275.04,280.3,274.72,278.41,1677639.0
2021-12-28,279.78,279.78,275.89,276.43,1034224.0
2021-12-29,275.82,279.36,275.74,278.42,1112299.0
2021-12-30,279.19,280.65,276.37,277.25,1181480.0
2021-12-31,277.47,278.73,276.01,276.22,1315736.0
2022-01-03,275.36,275.36,267.06,271.73,2621415.0
2022-01-04,269.0,269.88,263.58,266.81,2340621.0
2022-01-05,268.16,268.77,260.42,260.65,3004151.0
2022-01-06,261.08,261.3,255.46,259.33,2863297.0
2022-01-07,261.0,261.25,256.71,259.5,2245240.0
2022-01-10,258.46,260.16,255.89,260.11,2576704.0
2022-01-11,261.59,262.41,257.06,262.32,2294001.0
2022-01-12,252.58,257.44,250.97,255.92,6562799.0
2022-01-13,254.63,255.5,248.55,249.67,3726509.0
2022-01-14,251.41,251.41,242.9,244.12,2894255.0
2022-01-18,242.75,248.52,242.09,247.07,3241277.0
2022-01-19,246.33,250.41,244.72,245.05,2487565.0
2022-01-20,245.58,247.95,242.5,243.13,2655380.0
2022-01-21,246.88,247.88,242.12,243.06,2788638.0
2022-01-24,241.89,243.76,232.68,240.42,3716587.0
2022-01-25,236.73,241.53,235.12,239.46,2525106.0
2022-01-26,239.61,242.43,235.91,237.86,2913234.0
2022-01-27,239.98,243.27,235.76,236.72,2178965.0
2022-01-28,237.49,245.22,235.05,245.1,3081139.0
2022-01-31,243.27,245.49,241.92,245.39,3237085.0
2022-02-01,246.88,248.84,243.26,248.28,2449373.0
2022-02-02,244.88,251.88,244.02,250.83,2586720.0
2022-02-03,247.5,248.12,241.1,244.81,3473574.0
2022-02-04,242.0,244.1,241.22,242.27,3569451.0
2022-02-07,242.41,244.03,240.3,243.55,3948368.0
2022-02-08,241.23,242.89,237.47,239.91,2614999.0
2022-02-09,241.26,244.46,241.06,243.27,1759921.0
2022-02-10,239.42,244.09,238.11,239.64,2283142.0
2022-02-11,239.23,240.63,234.85,235.74,2054452.0
2022-02-14,234.34,236.88,231.87,234.69,2572055.0
2022-02-15,237.6,244.79,236.65,243.84,3409708.0
2022-02-16,242.58,247.02,242.58,245.58,2458988.0
2022-02-17,245.8,245.8,240.41,240.97,2059125.0
2022-02-18,238.08,242.43,238.02,240.31,2518105.0
2022-02-22,238.08,240.86,237.52,239.13,2936714.0
2022-02-23,240.55,242.68,238.02,238.31,2296253.0
2022-02-24,235.18,243.93,234.0,243.08,3272267.0
2022-02-25,244.52,252.9,243.72,250.85,2442360.0
2022-02-28,246.15,250.06,244.59,249.95,3188813.0
2022-03-01,248.97,250.34,245.44,249.5,2873291.0
2022-03-02,249.62,256.48,249.06,254.17,2452100.0
2022-03-03,254.3,259.58,254.3,258.64,3153842.0
2022-03-04,256.21,263.46,255.52,262.87,3497133.0
2022-03-07,260.71,263.63,257.86,261.64,3074955.0
2022-03-08,259.71,265.3,258.91,259.93,3482650.0
2022-03-09,264.27,267.79,262.07,262.79,2965866.0
2022-03-10,263.83,267.73,262.84,266.02,2797440.0
2022-03-11,265.07,271.72,265.07,266.3,2469637.0
2022-03-14,269.34,270.9,267.32,269.0,2713824.0
2022-03-15,271.47,276.48,269.87,275.46,4396863.0
2022-03-16,277.85,278.61,273.01,276.44,3148591.0
2022-03-17,275.66,285.89,275.66,285.51,3270105.0
2022-03-18,286.12,291.35,284.86,287.64,4557921.0
2022-03-21,287.76,295.33,287.76,289.64,3495714.0
2022-03-22,290.5,290.56,283.39,285.02,3791830.0
2022-03-23,284.24,288.18,283.35,284.19,3149382.0
2022-03-24,286.29,288.85,284.66,287.69,2412353.0
2022-03-25,288.5,291.65,286.58,289.02,2400056.0
2022-03-28,291.58,292.45,288.31,291.66,2195001.0
2022-03-29,292.21,293.14,287.58,288.39,2798056.0
2022-03-30,288.79,292.29,287.99,289.89,2220148.0
2022-03-31,289.89,291.8,285.92,286.37,3227759.0
2022-04-01,287.07,293.14,284.0,292.67,3066159.0
2022-04-04,292.75,294.98,290.95,291.42,3014182.0
2022-04-05,291.06,295.83,289.1,292.49,2324254.0
2022-04-06,293.48,306.56,293.48,305.84,4672935.0
2022-04-07,305.72,314.0,305.0,308.43,4270824.0
2022-04-08,308.72,312.38,307.95,311.69,3024679.0
2022-04-11,313.09,313.76,308.05,308.96,2178073.0
2022-04-12,306.58,309.61,304.18,308.08,2688230.0
2022-04-13,307.02,308.3,300.41,302.67,2528740.0
2022-04-14,303.27,304.47,300.19,301.86,1898106.0
2022-04-18,300.23,302.06,296.8,298.82,1581398.0
2022-04-19,299.54,299.69,293.8,297.01,2021659.0
2022-04-20,297.8,299.0,292.3,292.92,2608630.0
2022-04-21,293.08,293.45,286.66,289.61,2716751.0
2022-04-22,289.3,289.62,278.4,278.73,2772584.0
2022-04-25,278.87,285.95,276.83,285.2,2410175.0
2022-04-26,284.51,290.21,282.79,282.83,2166647.0
2022-04-27,282.86,288.13,280.59,285.09,2352078.0
2022-04-28,295.76,300.51,288.56,297.27,5887534.0
2022-04-29,296.14,297.31,289.14,292.13,3910872.0
2022-05-02,291.2,292.84,284.28,289.56,2790024.0
2022-05-03,288.08,289.81,284.11,288.07,2109522.0
2022-05-04,287.92,296.98,284.12,294.9,2743561.0
2022-05-05,293.41,294.99,288.3,292.37,3120381.0
2022-05-06,291.98,298.25,288.52,296.9,2931169.0
2022-05-09,293.65,294.93,286.65,289.23,3460544.0
2022-05-10,289.08,293.43,285.0,285.7,3140981.0
2022-05-11,283.93,294.5,283.0,286.69,2625192.0
2022-05-12,283.1,291.99,283.1,291.8,2369996.0
2022-05-13,293.06,293.06,286.51,291.63,2337673.0
2022-05-16,291.7,309.44,291.6,299.38,5118315.0
2022-05-17,298.61,303.4,293.39,301.4,2552984.0
2022-05-18,299.04,302.6,294.03,295.19,2161429.0
2022-05-19,292.52,293.58,284.37,286.27,3157441.0
2022-05-20,288.27,299.24,288.27,298.85,3129140.0
2022-05-23,300.27,304.92,299.35,302.6,2873617.0
2022-05-24,302.6,307.67,299.8,305.96,2804943.0
2022-05-25,305.15,310.42,304.64,307.01,3195708.0
2022-05-26,307.01,313.91,303.61,313.46,3284351.0
2022-05-27,312.58,324.08,311.26,323.48,3694287.0
2022-05-31,316.45,318.46,309.03,313.44,6298904.0
2022-06-01,313.44,313.9,305.59,311.08,2731736.0
2022-06-02,310.57,310.66,298.16,302.43,3703312.0
2022-06-03,301.36,305.81,300.7,301.65,2490022.0
2022-06-06,314.51,315.13,303.09,303.36,3734398.0
2022-06-07,304.37,312.15,303.02,312.1,3652818.0
2022-06-08,312.37,315.5,310.81,313.49,2684523.0
2022-06-09,310.15,311.92,303.11,303.25,1965302.0
2022-06-10,299.23,301.66,296.87,297.01,2471662.0
2022-06-13,290.7,293.16,288.51,291.28,2898757.0
2022-06-14,290.01,292.0,287.29,290.79,2422560.0
2022-06-15,292.64,296.34,288.53,292.99,1970129.0
2022-06-16,290.36,290.36,283.11,288.07,2628808.0
2022-06-17,290.75,300.99,289.68,290.9,6900000.0
2022-06-21,293.56,299.28,290.31,297.34,2821032.0
2022-06-22,295.57,309.65,295.57,306.69,4535781.0
2022-06-23,309.5,313.19,307.19,312.72,3728272.0
2022-06-24,319.12,325.82,319.01,325.62,5449348.0
2022-06-27,324.66,330.85,322.0,327.27,3218928.0
2022-06-28,326.49,329.07,316.76,317.62,2747936.0
2022-06-29,319.13,324.7,317.65,323.0,2562097.0
2022-06-30,319.34,327.05,319.34,324.23,2732623.0
2022-07-01,324.79,325.4,317.76,324.71,1817501.0
2022-07-05,323.61,327.43,318.93,327.18,2107864.0
2022-07-06,327.18,332.74,326.75,330.15,2252141.0
2022-07-07,325.38,330.5,325.38,327.95,2394937.0
2022-07-08,326.55,334.52,326.16,330.47,1898179.0
2022-07-11,330.68,332.68,329.43,331.07,1342891.0
2022-07-12,330.0,331.99,323.36,323.59,2058195.0
2022-07-13,322.55,324.68,320.83,322.46,2564255.0
2022-07-14,318.34,327.76,315.51,326.89,2614992.0
2022-07-15,330.86,335.33,328.17,331.6,3324470.0
2022-07-18,330.48,331.97,319.71,321.77,2116353.0
2022-07-19,324.09,327.38,321.84,326.2,1628190.0
2022-07-20,327.09,327.82,320.31,322.03,2051004.0
2022-07-21,321.45,328.05,319.71,326.92,1692087.0
2022-07-22,326.95,329.22,325.83,328.75,1850844.0
2022-07-25,329.15,332.27,328.06,331.55,1741695.0
2022-07-26,330.92,332.57,328.61,331.56,1812278.0
2022-07-27,328.98,330.87,325.19,328.94,1643041.0
2022-07-28,331.8,333.59,321.74,330.8,2350979.0
2022-07-29,331.06,331.06,326.82,329.69,3399760.0
2022-08-01,328.36,330.43,323.46,324.15,2461554.0
2022-08-02,326.59,328.98,319.36,320.2,3404936.0
2022-08-03,320.89,320.98,310.22,313.83,5148457.0
2022-08-04,310.92,310.92,302.24,305.79,4695872.0
2022-08-05,302.24,305.32,300.31,301.32,2814091.0
2022-08-08,300.73,306.12,296.53,302.5,3219017.0
2022-08-09,305.76,306.7,301.3,303.02,2122910.0
2022-08-10,305.63,307.13,302.59,304.61,2350720.0
2022-08-11,301.22,305.42,299.63,301.17,2198806.0
2022-08-12,302.92,308.49,301.3,308.08,2304442.0
2022-08-15,309.21,314.61,307.31,313.94,2795511.0
2022-08-16,314.74,314.74,309.63,310.31,2247552.0
2022-08-17,310.01,320.6,310.01,316.82,2746970.0
2022-08-18,316.75,318.96,314.2,316.72,2261552.0
2022-08-19,317.51,325.75,317.5,322.77,3393210.0
2022-08-22,322.5,325.77,320.39,323.1,2485826.0
2022-08-23,321.1,321.84,313.87,315.1,2962031.0
2022-08-24,316.47,320.86,315.22,318.87,1826311.0
2022-08-25,321.22,323.37,315.83,323.14,1977436.0
2022-08-26,323.59,324.59,315.27,315.56,1857332.0
2022-08-29,313.92,314.87,309.68,310.15,1696911.0
2022-08-30,310.78,311.97,306.01,307.04,1979739.0
2022-08-31,307.49,308.82,301.11,301.23,3182905.0
2022-09-01,301.0,309.41,300.5,309.13,2938292.0
2022-09-02,310.96,310.96,299.76,301.33,2525056.0
2022-09-06,302.87,312.83,302.23,306.82,2322207.0
2022-09-07,310.6,312.4,304.88,311.6,2228121.0
2022-09-08,311.62,315.73,307.59,315.5,2212283.0
2022-09-09,317.71,320.17,315.22,317.7,2177097.0
2022-09-12,319.43,320.45,314.88,315.22,2077146.0
2022-09-13,310.01,312.31,304.99,306.48,2272193.0
2022-09-14,306.86,311.81,305.9,309.61,2002873.0
2022-09-15,310.81,312.28,305.75,309.47,2347397.0
2022-09-16,307.55,311.96,306.74,308.89,4380181.0
2022-09-19,306.52,306.52,297.65,305.09,2515403.0
2022-09-20,303.52,303.82,298.94,301.73,1816480.0
2022-09-21,302.75,304.53,296.32,296.48,2240379.0
2022-09-22,301.04,312.61,299.96,310.87,5911457.0
2022-09-23,311.87,315.18,305.12,311.46,4571318.0
2022-09-26,310.41,311.73,304.88,307.5,3759770.0
2022-09-27,309.45,313.95,308.32,311.1,2980708.0
2022-09-28,333.68,341.7,328.1,334.38,9435033.0
2022-09-29,331.34,334.68,327.27,330.01,3742041.0
2022-09-30,328.97,329.51,322.42,323.35,4473183.0
2022-10-03,325.8,329.35,317.05,321.55,3340554.0
2022-10-04,322.5,330.1,321.78,329.89,2622134.0
2022-10-05,328.4,333.85,327.52,331.78,2185603.0
2022-10-06,328.46,339.26,326.87,332.95,4297111.0
2022-10-07,332.57,333.07,324.9,326.66,2600521.0
2022-10-10,326.23,327.01,320.24,323.89,1955580.0
2022-10-11,319.45,329.03,319.43,327.6,2598958.0
2022-10-12,327.8,333.65,323.88,324.57,1764694.0
2022-10-13,320.57,333.37,319.1,332.1,2656483.0
2022-10-14,331.49,335.29,328.23,331.39,2231533.0
2022-10-17,332.45,337.58,331.75,332.76,2229645.0
2022-10-18,333.51,335.33,330.37,335.03,2087157.0
2022-10-19,333.57,335.63,325.97,329.29,2417801.0
2022-10-20,329.97,331.43,325.9,329.07,1761197.0
2022-10-21,330.17,342.43,326.77,340.77,3273009.0
2022-10-24,345.82,351.77,344.22,347.9,3375398.0
2022-10-25,346.82,352.33,343.05,351.31,2512463.0
2022-10-26,353.25,361.48,350.44,357.86,2373528.0
2022-10-27,361.19,361.19,355.32,356.33,2347323.0
2022-10-28,360.42,362.0,357.04,359.9,2941780.0
2022-10-31,359.34,363.92,350.46,362.09,4256284.0
2022-11-01,346.37,358.99,340.75,352.58,7010823.0
2022-11-02,354.16,363.15,350.21,354.96,3774767.0
2022-11-03,355.58,362.83,351.51,361.68,2601866.0
2022-11-04,364.89,365.88,353.33,357.41,3004584.0
2022-11-07,359.57,367.0,357.5,365.07,2558964.0
2022-11-08,365.15,368.75,361.93,366.66,3277023.0
2022-11-09,367.9,369.8,361.91,363.27,2322790.0
2022-11-10,368.66,369.0,363.0,368.72,2993382.0
2022-11-11,366.16,367.83,344.52,352.3,6643284.0
2022-11-14,359.99,360.8,340.12,356.06,4716661.0
2022-11-15,357.49,357.49,346.36,349.95,4179626.0
2022-11-16,350.1,356.88,349.96,352.93,3563866.0
2022-11-17,352.61,362.3,352.61,360.77,2931017.0
2022-11-18,363.45,364.67,359.35,361.67,2420917.0
2022-11-21,359.37,363.76,355.37,361.17,1999238.0
2022-11-22,362.63,362.8,357.3,360.88,2460039.0
2022-11-23,361.23,362.47,358.63,361.72,1993096.0
2022-11-25,363.27,365.83,361.55,365.25,1039094.0
2022-11-28,363.54,369.51,361.0,365.77,2481913.0
2022-11-29,366.64,366.64,360.64,363.95,2205954.0
2022-11-30,365.07,372.35,361.8,371.08,5553659.0
2022-12-01,374.83,375.18,368.49,370.33,2513575.0
2022-12-02,366.08,375.04,365.0,374.76,1925282.0
2022-12-05,374.81,375.25,368.28,369.29,2295266.0
2022-12-06,367.0,370.64,365.52,368.54,1970682.0
2022-12-07,368.81,375.23,368.76,371.97,1628729.0
2022-12-08,373.26,373.26,366.5,371.79,2090919.0
2022-12-09,372.95,374.0,360.81,360.99,2786459.0
2022-12-12,363.3,367.83,362.5,367.25,2639244.0
2022-12-13,361.77,372.74,358.32,358.66,5032332.0
2022-12-14,359.37,369.42,357.05,363.5,5095016.0
2022-12-15,362.23,363.96,356.69,360.01,3437312.0
2022-12-16,358.84,360.48,355.17,359.87,6612364.0
2022-12-19,360.19,360.19,354.61,357.78,2658130.0
2022-12-20,358.0,361.45,356.34,359.64,2275630.0
2022-12-21,362.63,370.68,361.21,368.01,2211226.0
2022-12-22,366.12,369.76,362.29,365.31,1958057.0
2022-12-23,364.62,367.9,362.47,367.9,1030262.0
2022-12-27,368.91,369.73,364.33,364.88,1371892.0
2022-12-28,367.78,368.01,363.94,365.22,994993.0
2022-12-29,368.1,370.95,366.46,367.02,1077486.0
2022-12-30,367.73,367.95,362.11,365.84,1387998.0
2023-01-03,368.41,369.0,361.46,364.99,2006431.0
2023-01-04,365.42,367.11,360.34,363.1,1885722.0
2023-01-05,362.71,362.71,352.96,358.92,2008051.0
2023-01-06,359.44,366.7,357.58,362.94,2129885.0
2023-01-09,363.91,364.97,348.79,349.83,2980039.0
2023-01-10,349.12,353.21,343.34,352.75,2465026.0
2023-01-11,354.0,361.76,351.0,360.41,2602351.0
2023-01-12,359.05,360.5,353.08,359.12,2018697.0
2023-01-13,359.12,363.31,358.64,361.62,1690548.0
2023-01-17,362.98,362.98,356.55,357.74,2435221.0
2023-01-18,356.37,359.0,351.58,352.01,2301985.0
2023-01-19,352.38,355.8,350.42,351.08,2649370.0
2023-01-20,346.9,349.07,341.58,346.07,5388588.0
2023-01-23,346.41,346.61,340.22,342.21,3393933.0
2023-01-24,343.28,384.44,302.14,346.39,2241080.0
2023-01-25,345.47,349.78,345.1,349.73,2501833.0
2023-01-26,351.09,352.18,346.73,348.01,2575700.0
2023-01-27,347.45,348.09,341.53,342.1,2362779.0
2023-01-30,344.68,347.8,339.46,340.5,2647295.0
2023-01-31,341.65,344.4,339.38,344.15,2406463.0
2023-02-01,343.79,345.94,337.52,342.57,2990140.0
2023-02-02,334.65,335.3,317.0,330.7,13032112.0
2023-02-03,332.95,342.33,329.37,339.08,5670028.0
2023-02-06,340.21,343.42,334.62,337.66,3055168.0
2023-02-07,336.05,340.96,332.69,339.68,2463711.0
2023-02-08,338.94,342.87,337.82,340.73,2398917.0
2023-02-09,340.87,347.35,340.5,341.79,3072215.0
2023-02-10,343.37,348.43,342.73,345.12,1979910.0
2023-02-13,346.67,350.81,346.0,350.4,2291360.0
2023-02-14,350.3,353.82,347.28,347.56,2028421.0
2023-02-15,345.55,346.87,334.35,335.01,3601329.0
2023-02-16,332.43,332.93,325.72,326.07,3653229.0
2023-02-17,324.43,331.58,320.5,328.4,3695704.0
2023-02-21,326.65,331.72,326.33,327.51,2515573.0
2023-02-22,328.86,332.6,326.33,329.07,2379834.0
2023-02-23,330.09,332.83,325.69,327.52,2228855.0
2023-02-24,326.08,327.23,320.09,321.64,2594085.0
2023-02-27,322.9,323.4,315.9,316.62,3043076.0
2023-02-28,315.7,315.7,309.64,311.22,3966273.0
2023-03-01,309.94,316.91,309.2,314.17,3579888.0
2023-03-02,311.36,316.3,310.53,315.05,2885183.0
2023-03-03,317.51,320.16,315.24,318.43,3002879.0
2023-03-06,316.94,320.24,316.5,318.96,2673695.0
2023-03-07,319.51,320.35,309.6,310.63,2619830.0
2023-03-08,310.5,313.03,309.32,312.54,2312488.0
2023-03-09,312.49,318.77,312.31,316.85,3919985.0
2023-03-10,318.85,326.53,314.34,315.02,4596994.0
2023-03-13,316.92,331.8,316.92,324.49,5275580.0
2023-03-14,325.49,327.28,321.44,327.07,4213403.0
2023-03-15,324.12,331.36,324.12,329.47,4742933.0
2023-03-16,327.64,331.7,325.04,329.53,3498220.0
2023-03-17,331.43,334.95,328.1,329.18,8679274.0
2023-03-20,330.68,333.94,329.01,333.6,3540705.0
2023-03-21,334.4,334.44,328.08,331.08,3240485.0
2023-03-22,332.79,335.6,330.65,330.97,2472253.0
2023-03-23,331.37,335.34,330.21,332.64,2703380.0
2023-03-24,332.14,336.93,328.77,336.13,2791947.0
2023-03-27,327.98,336.22,323.26,334.6,3102373.0
2023-03-28,336.62,338.83,334.71,337.65,2433259.0
2023-03-29,339.01,339.77,334.58,335.87,2743536.0
2023-03-30,337.01,341.31,336.07,340.69,2146769.0
2023-03-31,342.0,343.65,340.69,343.42,2933113.0
2023-04-03,343.72,351.54,342.3,350.74,3039298.0
2023-04-04,354.48,359.0,351.27,354.62,3585346.0
2023-04-05,358.08,364.85,357.93,362.24,3442447.0
2023-04-06,364.1,369.5,364.1,368.29,3531556.0
2023-04-10,368.28,368.35,363.04,367.0,1867972.0
2023-04-11,367.82,368.8,363.59,364.04,2026404.0
2023-04-12,363.97,372.44,363.33,369.05,2672578.0
2023-04-13,372.62,375.56,370.31,375.15,2839228.0
2023-04-14,374.1,376.31,372.51,374.73,2287487.0
2023-04-17,375.0,375.89,371.16,372.35,2059795.0
2023-04-18,373.0,374.26,369.66,369.91,1925312.0
2023-04-19,371.31,371.31,367.35,370.47,2173016.0
2023-04-20,371.32,376.06,369.76,374.81,2766219.0
2023-04-21,378.47,386.27,378.0,385.24,3680167.0
2023-04-24,385.15,387.05,381.62,383.35,2059738.0
2023-04-25,385.05,390.48,384.0,384.84,2648081.0
2023-04-26,382.69,382.69,370.68,376.27,3160294.0
2023-04-27,393.43,398.53,380.77,390.35,4979506.0
2023-04-28,398.96,404.31,392.51,395.86,5349187.0
2023-05-01,397.33,407.35,392.26,405.81,4088970.0
2023-05-02,407.62,411.54,399.26,404.2,3884094.0
2023-05-03,416.01,434.2,414.31,431.19,10126950.0
2023-05-04,431.34,432.7,425.22,428.44,4070139.0
2023-05-05,428.1,431.27,424.56,427.81,2752925.0
2023-05-08,428.41,435.0,423.0,432.72,2478066.0
2023-05-09,431.77,435.6,428.05,428.38,2601602.0
2023-05-10,427.75,438.39,426.06,435.92,2766223.0
2023-05-11,435.84,436.85,431.12,435.55,2595621.0
2023-05-12,439.93,445.54,434.42,434.43,3939002.0
2023-05-15,436.66,436.66,430.67,434.51,2234408.0
2023-05-16,434.82,438.48,430.66,436.65,2128829.0
2023-05-17,438.3,438.95,432.73,437.47,2273882.0
2023-05-18,436.92,439.52,433.59,437.89,2267894.0
2023-05-19,438.92,447.51,438.92,442.38,3442808.0
2023-05-22,444.52,454.95,432.39,433.99,4396307.0
2023-05-23,432.92,435.89,421.51,423.21,4491803.0
2023-05-24,423.88,428.96,420.26,425.77,3131808.0
2023-05-25,425.45,428.2,419.8,427.31,2881985.0
2023-05-26,425.83,431.67,423.67,425.79,2338419.0
2023-05-30,423.4,428.73,422.06,427.24,2595727.0
2023-05-31,426.39,430.56,424.01,429.46,3950316.0
2023-06-01,429.46,436.79,428.13,436.49,2914430.0
2023-06-02,441.8,444.7,436.78,442.33,2498836.0
2023-06-05,444.5,447.8,441.71,444.26,2113523.0
2023-06-06,447.83,448.87,440.02,443.07,1495297.0
2023-06-07,442.61,446.69,435.68,436.37,2457957.0
2023-06-08,436.01,447.47,432.34,445.66,2040486.0
2023-06-09,449.86,449.86,442.6,446.04,2082130.0
2023-06-12,446.15,446.99,438.68,445.31,2566665.0
2023-06-13,444.01,447.4,442.25,445.72,1765952.0
2023-06-14,444.29,448.78,443.54,447.72,2163368.0
2023-06-15,448.0,456.58,447.69,453.93,2286458.0
2023-06-16,455.7,456.98,447.5,447.71,4295231.0
2023-06-20,446.72,454.88,445.11,451.95,2506373.0
2023-06-21,456.43,456.43,450.21,453.0,2347549.0
2023-06-22,455.0,462.26,453.82,457.68,2912727.0
2023-06-23,457.0,460.01,452.32,458.84,4831250.0
2023-06-26,465.0,465.26,448.92,452.76,3212420.0
2023-06-27,462.98,467.98,451.7,464.5,4137771.0
2023-06-28,469.0,469.0,457.32,458.7,2854101.0
2023-06-29,460.81,465.83,457.51,464.49,2112179.0
2023-06-30,466.03,469.87,464.0,468.98,3172375.0
2023-07-03,466.83,466.83,457.37,461.42,2113173.0
2023-07-05,462.49,467.25,460.0,465.7,2130187.0
2023-07-06,462.52,467.6,461.62,463.21,2192405.0
2023-07-07,462.08,463.61,451.24,452.08,2914324.0
2023-07-10,452.96,454.67,449.71,453.16,2010984.0
2023-07-11,450.0,450.56,437.61,439.39,3571680.0
2023-07-12,438.47,444.3,435.01,440.6,3107572.0
2023-07-13,440.6,442.24,434.34,434.7,2863937.0
2023-07-14,441.1,450.45,440.87,449.46,2954518.0
2023-07-17,449.45,450.62,443.26,447.14,2348057.0
2023-07-18,446.95,453.32,445.04,451.2,2237119.0
2023-07-19,451.62,455.0,448.56,453.56,2212439.0
2023-07-20,455.15,465.22,455.0,463.82,2623991.0
2023-07-21,465.07,467.04,461.97,462.04,2226733.0
2023-07-24,462.0,465.64,457.67,459.32,2190229.0
2023-07-25,457.76,460.92,456.6,457.54,1737545.0
2023-07-26,455.0,455.0,446.56,453.59,1958814.0
2023-07-27,454.71,458.68,452.25,454.99,1883473.0
2023-07-28,455.54,459.57,451.78,458.48,1437695.0
2023-07-31,458.83,459.02,450.8,454.55,2110442.0
2023-08-01,456.05,457.37,451.45,453.09,1738756.0
2023-08-02,455.23,461.64,451.32,454.48,2366620.0
2023-08-03,451.55,454.1,448.26,449.16,2414088.0
2023-08-04,449.24,452.47,446.89,449.49,1869868.0
2023-08-07,453.24,455.0,450.58,454.08,2444456.0
2023-08-08,505.05,538.0,502.71,521.6,15080968.0
2023-08-09,520.0,532.53,516.89,526.23,5374684.0
2023-08-10,522.5,528.74,519.99,521.34,4107954.0
2023-08-11,523.73,531.81,520.0,528.28,2523610.0
2023-08-14,530.45,542.3,529.25,538.0,3980323.0
2023-08-15,536.3,547.29,533.78,546.62,2824352.0
2023-08-16,548.78,552.87,542.5,546.24,2596061.0
2023-08-17,543.95,548.8,537.39,537.66,2549378.0
2023-08-18,535.19,547.77,533.9,546.43,2957995.0
2023-08-21,547.0,553.5,545.75,550.05,2304838.0
2023-08-22,549.53,556.09,547.28,553.66,1936746.0
2023-08-23,556.72,557.4,548.21,553.36,2120738.0
2023-08-24,553.0,556.98,547.3,548.0,1776513.0
2023-08-25,549.5,556.09,547.08,553.65,1847207.0
2023-08-28,551.81,556.23,550.12,553.92,1373411.0
2023-08-29,553.45,556.34,549.86,553.9,1700885.0
2023-08-30,555.01,557.75,547.04,547.99,2190837.0
2023-08-31,547.89,557.41,543.0,554.2,3043094.0
2023-09-01,556.32,559.21,553.51,557.11,2030228.0
2023-09-05,558.98,561.93,556.71,558.19,2256868.0
2023-09-06,560.01,561.59,552.7,559.95,2424034.0
2023-09-07,564.19,576.31,562.62,573.23,3706209.0
2023-09-08,572.33,587.55,571.22,586.46,4308709.0
2023-09-11,587.14,598.16,584.48,595.56,3875634.0
2023-09-12,590.97,601.13,587.85,599.3,3210931.0
2023-09-13,594.68,600.75,591.7,598.88,3126080.0
2023-09-14,599.89,601.84,590.01,591.61,3242541.0
2023-09-15,592.43,594.06,575.06,575.66,5940651.0
2023-09-18,576.85,578.0,564.41,571.28,2722984.0
2023-09-19,571.62,578.41,570.63,574.96,2185383.0
2023-09-20,573.42,575.25,569.19,569.64,1870194.0
2023-09-21,566.42,568.0,542.5,550.13,4050239.0
2023-09-22,551.46,555.49,547.63,550.54,2353841.0
2023-09-25,552.53,552.66,545.75,552.29,1685669.0
2023-09-26,552.36,554.13,548.0,550.01,1864276.0
2023-09-27,550.53,551.69,543.66,549.76,2003944.0
2023-09-28,551.32,551.68,541.4,544.45,2178589.0
2023-09-29,545.0,546.09,532.2,537.13,2967135.0
2023-10-02,535.8,540.64,526.81,538.29,2809582.0
2023-10-03,536.0,537.34,516.57,525.19,3265689.0
2023-10-04,526.0,536.17,523.63,531.46,2220418.0
2023-10-05,533.54,542.5,531.61,541.48,2949353.0
2023-10-06,543.74,566.36,542.71,565.22,4743268.0
2023-10-09,564.02,579.79,563.58,571.76,4207871.0
2023-10-10,571.08,585.95,569.73,579.31,3515956.0
2023-10-11,597.05,608.79,585.01,605.28,5847880.0
2023-10-12,606.04,613.0,602.2,610.5,4055133.0
2023-10-13,616.0,629.97,602.56,609.2,3971405.0
2023-10-16,610.99,621.98,608.43,616.64,2941170.0
2023-10-17,619.0,620.4,602.53,608.31,2910894.0
2023-10-18,607.24,615.88,603.24,607.24,2048595.0
2023-10-19,605.15,605.15,578.34,590.8,3491877.0
2023-10-20,586.65,596.92,580.88,584.64,3666548.0
2023-10-23,586.06,588.34,576.14,576.65,2781375.0
2023-10-24,579.45,594.52,579.1,592.43,2632039.0
2023-10-25,597.07,599.7,585.87,586.46,2282328.0
2023-10-26,580.0,581.0,566.16,568.1,2845173.0
2023-10-27,564.38,570.81,556.64,560.23,2716998.0
2023-10-30,570.7,573.21,562.55,565.71,2290571.0
2023-10-31,572.46,572.46,547.61,553.93,3660638.0
2023-11-01,555.0,558.43,551.26,554.46,2931393.0
2023-11-02,578.0,597.44,571.99,580.29,5179106.0
2023-11-03,581.16,582.99,567.18,567.81,3055820.0
2023-11-06,571.1,597.71,571.01,595.19,3977038.0
2023-11-07,597.0,601.94,590.12,599.93,3167671.0
2023-11-08,606.09,625.87,592.18,619.13,7766278.0
2023-11-09,615.02,615.65,583.43,591.32,6275850.0
2023-11-10,595.53,598.86,586.0,597.71,3646698.0
2023-11-13,594.71,618.75,578.15,612.71,5742032.0
2023-11-14,609.4,616.04,602.67,610.82,3826187.0
2023-11-15,610.75,612.91,584.42,588.54,4286287.0
2023-11-16,591.72,595.09,581.75,588.75,3029615.0
2023-11-17,591.67,596.18,587.21,591.71,2628336.0
2023-11-20,592.0,604.86,590.69,597.6,2830651.0
2023-11-21,597.9,601.56,591.77,592.6,1850234.0
2023-11-22,595.4,599.18,586.75,595.09,2052357.0
2023-11-24,599.2,603.5,596.98,601.1,1341674.0
2023-11-27,601.35,603.69,591.14,591.53,2628949.0
2023-11-28,592.0,595.38,589.36,591.6,1792546.0
2023-11-29,592.95,594.54,584.44,591.86,1908194.0
2023-11-30,591.26,596.23,586.21,591.04,5657860.0
2023-12-01,591.7,601.97,583.0,584.04,3636152.0
2023-12-04,581.87,587.09,574.33,585.68,2576861.0
2023-12-05,583.85,591.8,579.37,588.15,2156573.0
2023-12-06,591.89,593.9,584.4,589.25,2092913.0
2023-12-07,588.28,588.87,577.61,588.27,2094449.0
2023-12-08,589.43,598.3,584.77,598.05,2444639.0
2023-12-11,599.25,601.19,567.41,584.04,5613213.0
2023-12-12,581.02,585.85,578.17,584.76,2844991.0
2023-12-13,583.26,598.67,582.31,597.5,3111393.0
2023-12-14,594.42,594.5,568.69,573.67,5274130.0
2023-12-15,570.35,573.71,561.65,572.04,5316023.0
2023-12-18,576.47,583.05,575.7,579.76,3033311.0
2023-12-19,580.95,585.11,577.25,579.81,2192215.0
2023-12-20,575.42,579.86,570.03,570.21,2644434.0
2023-12-21,571.23,575.0,567.02,572.0,1786223.0
2023-12-22,571.52,575.9,567.42,570.39,2225685.0
2023-12-26,570.2,572.77,567.64,570.67,1678766.0
2023-12-27,570.5,583.68,570.5,581.51,2162266.0
2023-12-28,581.98,586.69,580.0,580.85,1972882.0
2023-12-29,582.85,586.17,579.47,582.92,1998383.0
2024-01-02,581.01,592.72,579.05,592.2,3225563.0
2024-01-03,600.0,619.84,598.8,617.7,5122794.0
2024-01-04,626.83,636.41,613.27,614.5,6268705.0
2024-01-05,614.5,619.94,610.19,618.55,2402857.0
2024-01-08,622.0,626.06,609.59,626.03,2452496.0
2024-01-09,629.83,634.42,623.72,625.48,2917546.0
2024-01-10,627.56,637.05,625.76,630.19,2676842.0
2024-01-11,634.28,639.76,628.14,635.72,2688950.0
2024-01-12,638.2,644.0,633.01,642.92,2066522.0
2024-01-16,643.88,647.73,633.67,634.57,2412325.0
2024-01-17,639.13,640.52,625.19,628.91,2123804.0
2024-01-18,622.59,623.88,612.7,623.35,3384223.0
2024-01-19,623.0,629.59,620.0,628.58,3124218.0
2024-01-22,630.0,632.64,625.0,630.88,2029812.0
2024-01-23,628.5,630.0,614.82,629.68,2524403.0
2024-01-24,633.52,643.16,632.0,633.7,2276078.0
2024-01-25,630.2,632.61,624.68,627.62,2407112.0
2024-01-26,637.65,639.6,630.5,639.25,2409181.0
2024-01-29,641.66,645.65,639.77,645.0,2717632.0
2024-01-30,645.79,646.8,641.0,644.98,2005707.0
2024-01-31,650.38,663.55,637.0,645.61,4717698.0
2024-02-01,647.58,660.52,643.17,660.43,2492909.0
2024-02-02,661.5,672.61,659.73,667.65,3017682.0
2024-02-05,691.32,711.88,682.53,706.2,7567424.0
2024-02-06,742.0,742.0,691.1,705.03,8194226.0
2024-02-07,710.47,740.99,707.02,725.38,5790318.0
2024-02-08,730.41,741.0,725.75,735.68,4635488.0
2024-02-09,736.85,745.7,733.61,740.16,2831409.0
2024-02-12,740.8,740.8,726.45,737.26,2930726.0
2024-02-13,730.18,742.98,730.18,742.97,2857886.0
2024-02-14,746.41,764.05,745.0,757.31,3392955.0
2024-02-15,756.0,762.99,750.01,757.78,2506328.0
2024-02-16,771.03,794.47,763.5,782.06,5001270.0
2024-02-20,789.8,793.38,753.2,755.66,4698183.0
2024-02-21,736.98,749.5,733.24,745.91,3545704.0
2024-02-22,763.0,775.12,756.27,769.64,3163066.0
2024-02-23,774.0,777.65,762.26,769.54,2392970.0
2024-02-26,771.3,780.22,769.12,771.92,2241892.0
2024-02-27,753.41,772.95,745.44,765.0,2715465.0
2024-02-28,762.0,763.0,751.66,757.64,2714857.0
2024-02-29,755.4,756.46,744.03,753.68,3902415.0
2024-03-01,769.27,784.08,764.13,782.12,4243854.0
2024-03-04,799.07,800.78,786.16,792.28,3851060.0
2024-03-05,785.94,788.53,769.28,777.59,3166514.0
2024-03-06,784.2,787.85,774.0,779.77,2514402.0
2024-03-07,772.69,792.99,761.12,780.16,3974429.0
2024-03-08,778.25,780.0,755.0,762.14,4046822.0
2024-03-11,752.9,756.8,727.62,734.37,3966941.0
2024-03-12,740.86,755.97,738.01,754.95,2695035.0
2024-03-13,758.31,760.77,745.71,757.84,2356888.0
2024-03-14,767.24,768.0,749.4,760.73,2646835.0
2024-03-15,754.9,760.89,747.71,754.17,3729367.0
2024-03-18,761.18,769.68,758.25,762.66,2520645.0
2024-03-19,760.39,773.85,755.0,772.78,2555268.0
2024-03-20,772.51,773.16,756.64,772.86,2036717.0
2024-03-21,774.14,780.54,758.88,770.26,3011928.0
2024-03-22,770.24,777.0,767.28,770.61,1979933.0
2024-03-25,770.27,778.49,768.15,773.14,1805696.0
2024-03-26,774.2,778.33,769.0,774.9,2098648.0
2024-03-27,778.9,785.26,767.38,778.18,2297326.0
2024-03-28,780.32,793.67,776.44,777.96,3208789.0
2024-04-01,776.0,777.5,753.82,760.55,2920225.0
2024-04-02,755.07,765.07,753.5,763.96,2596155.0
2024-04-03,767.0,787.25,765.41,775.99,3041616.0
2024-04-04,781.54,787.9,767.82,768.08,2351768.0
2024-04-05,765.47,786.71,763.09,784.21,2112686.0
2024-04-08,785.0,785.2,773.35,777.29,1663572.0
2024-04-09,777.88,777.88,750.65,757.24,2464166.0
2024-04-10,751.28,765.26,746.83,761.98,1699746.0
2024-04-11,759.78,763.33,750.67,759.59,1594421.0
2024-04-12,759.59,763.5,749.78,751.64,2490155.0
2024-04-15,760.5,768.0,749.52,750.77,2357914.0
2024-04-16,751.91,753.14,743.0,746.74,2569189.0
2024-04-17,760.96,771.83,744.88,750.77,3068754.0
2024-04-18,749.59,752.2,743.77,745.95,1716789.0
2024-04-19,748.9,750.01,722.07,726.31,3504124.0
2024-04-22,729.74,737.88,725.42,731.33,2352972.0
2024-04-23,741.0,746.16,731.44,745.69,2041617.0
2024-04-24,752.64,752.64,728.78,732.2,2131604.0
2024-04-25,724.48,727.99,718.3,724.87,2607223.0
2024-04-26,724.0,737.45,721.0,733.51,2007837.0
2024-04-29,736.0,740.58,729.61,737.2,2727506.0
2024-04-30,775.52,795.5,767.66,781.1,7434079.0
2024-05-01,774.57,782.6,768.25,776.75,2802245.0
2024-05-02,778.08,778.08,754.29,755.91,3200084.0
2024-05-03,743.1,745.0,730.34,734.97,4590921.0
2024-05-06,738.04,766.99,736.0,766.68,3396373.0
2024-05-07,767.93,779.09,762.11,777.77,2878906.0
2024-05-08,779.0,781.35,772.2,775.0,2089804.0
2024-05-09,777.0,784.0,769.2,771.55,2521568.0
2024-05-10,775.0,777.42,760.0,760.0,2081779.0
2024-05-13,763.05,763.55,750.53,757.7,1848501.0
2024-05-14,751.52,764.5,751.52,763.98,1955928.0
2024-05-15,766.73,787.66,763.1,787.02,3036880.0
2024-05-16,785.0,786.48,770.14,771.12,2299316.0
2024-05-17,771.68,774.87,767.1,770.0,1669048.0
2024-05-20,766.9,784.33,766.12,783.18,2188048.0
2024-05-21,792.0,816.61,791.39,803.17,4333137.0
2024-05-22,801.0,804.88,795.25,802.91,1766183.0
2024-05-23,808.1,820.6,802.16,808.45,3024305.0
2024-05-24,810.75,810.75,804.15,807.43,1775115.0
2024-05-28,810.45,810.45,788.25,807.86,2482691.0
2024-05-29,801.85,815.61,801.85,811.53,2379507.0
2024-05-30,814.44,819.99,806.11,815.06,1984889.0
2024-05-31,817.57,826.21,811.1,820.34,4470565.0
2024-06-03,823.79,838.28,818.5,831.26,2536125.0
2024-06-04,835.21,835.47,825.31,832.59,1747487.0
2024-06-05,834.69,838.45,817.62,831.76,2167898.0
2024-06-06,834.9,846.97,831.88,837.29,2108488.0
2024-06-07,837.76,856.81,837.01,849.99,2467397.0
2024-06-10,855.0,871.63,849.39,865.0,3428677.0
2024-06-11,883.98,883.98,852.23,865.82,4104750.0
2024-06-12,872.0,872.0,853.85,867.3,2592141.0
2024-06-13,868.68,885.06,861.5,883.33,2238933.0
2024-06-14,882.55,884.61,876.0,878.45,2022270.0
2024-06-17,879.45,892.2,876.86,885.01,2531108.0
2024-06-18,889.18,894.87,884.0,891.46,2435227.0
2024-06-20,891.68,905.45,870.13,885.99,3358598.0
2024-06-21,884.57,891.97,879.8,883.88,3448064.0
2024-06-24,889.0,903.58,882.94,890.11,2876423.0
2024-06-25,893.06,909.42,891.5,904.61,2837580.0
2024-06-26,904.0,906.34,897.84,901.26,2229510.0
2024-06-27,904.01,909.57,899.72,909.04,1946797.0
2024-06-28,912.12,915.54,905.38,905.38,3374463.0
2024-07-01,912.0,916.83,904.31,914.37,2545390.0
2024-07-02,901.8,912.0,878.5,906.71,4579789.0
2024-07-03,910.56,918.5,884.0,898.1,3078367.0
2024-07-05,897.0,916.46,896.9,914.57,2880153.0
2024-07-08,920.0,928.6,912.0,918.0,2361548.0
2024-07-09,930.0,935.0,920.78,932.5,2417667.0
2024-07-10,937.83,945.69,933.0,939.78,2681644.0
2024-07-11,935.0,942.88,918.62,934.14,2856406.0
2024-07-12,937.0,950.79,936.03,948.4,2313194.0
2024-07-15,957.63,966.1,948.09,950.46,2356973.0
2024-07-16,954.0,956.39,938.38,941.6,2110627.0
2024-07-17,914.0,925.0,902.64,905.59,4197479.0
2024-07-18,908.5,909.87,836.66,848.9,7642591.0
2024-07-19,860.99,880.21,853.0,857.47,3770934.0
2024-07-22,863.77,874.42,856.82,865.97,2903746.0
2024-07-23,870.0,887.72,864.08,878.29,2083449.0
2024-07-24,872.5,878.34,854.27,859.88,2717174.0
2024-07-25,844.53,851.62,806.38,821.19,5466313.0
2024-07-26,811.87,822.01,801.3,804.62,4172343.0
2024-07-29,812.71,824.77,804.0,807.79,2472964.0
2024-07-30,815.45,821.9,775.81,790.21,3845549.0
2024-07-31,800.39,811.14,792.09,804.27,2959934.0
2024-08-01,834.52,840.89,820.18,832.44,4059262.0
2024-08-02,822.29,822.29,787.02,804.46,3514263.0
2024-08-05,758.0,792.94,747.55,775.26,4659709.0
2024-08-06,789.01,806.27,785.0,793.18,3435433.0
2024-08-07,777.76,786.58,763.02,772.14,4401282.0
2024-08-08,873.0,877.78,825.24,845.31,9428957.0
2024-08-09,859.0,908.49,859.0,891.68,6583174.0
2024-08-12,903.95,904.72,883.0,884.38,4202095.0
2024-08-13,894.08,914.69,890.33,908.05,3504774.0
2024-08-14,910.0,934.38,903.79,931.68,3560870.0
2024-08-15,936.05,937.96,920.0,931.58,3076949.0
2024-08-16,926.3,936.3,919.39,922.12,2361512.0
2024-08-19,922.12,926.0,916.5,921.81,2372292.0
2024-08-20,934.25,967.0,930.51,949.97,4957284.0
2024-08-21,953.51,956.5,939.17,951.97,2614137.0
2024-08-22,952.55,972.53,948.14,954.17,3181735.0
2024-08-23,956.87,960.5,943.11,952.74,2061340.0
2024-08-26,949.2,955.0,942.77,950.53,2165249.0
2024-08-27,951.57,972.48,949.95,954.48,2909934.0
2024-08-28,953.42,958.34,943.26,948.94,1700080.0
2024-08-29,954.99,957.52,936.0,940.2,1762233.0
2024-08-30,943.64,961.0,940.51,960.02,2552245.0
2024-09-03,957.77,969.65,951.58,956.53,2529024.0
2024-09-04,950.01,954.0,938.01,946.31,1890767.0
2024-09-05,943.0,943.0,906.17,912.75,3198090.0
2024-09-06,917.59,927.9,893.0,902.71,3438257.0
2024-09-09,911.36,915.43,895.91,908.27,2405576.0
2024-09-10,915.9,915.9,895.0,901.25,1929527.0
2024-09-11,903.9,921.54,897.2,920.89,2720570.0
2024-09-12,922.5,937.62,918.63,935.02,2511212.0
2024-09-13,939.15,942.35,922.1,923.71,2044537.0
2024-09-16,930.25,932.6,920.43,923.54,1760010.0
2024-09-17,922.47,922.47,902.3,906.18,2246889.0
2024-09-18,906.31,915.5,903.46,904.97,1775867.0
2024-09-19,912.85,916.81,903.86,915.04,2445763.0
2024-09-20,921.99,939.86,913.2,921.49,9907224.0
2024-09-23,921.0,922.0,909.45,918.52,2291724.0
2024-09-24,922.12,925.68,909.2,924.43,2766361.0
2024-09-25,931.66,939.3,921.19,924.56,1804547.0
2024-09-26,920.65,921.85,905.3,909.32,2691560.0
2024-09-27,895.0,901.21,875.61,877.79,4375025.0
2024-09-30,863.65,887.43,858.81,885.94,3244841.0
2024-10-01,887.65,891.27,878.87,884.48,2454103.0
2024-10-02,879.24,893.35,878.7,891.07,1751173.0
2024-10-03,885.7,892.0,880.88,885.55,1972875.0
2024-10-04,885.91,888.97,876.89,887.16,1970712.0
2024-10-07,891.84,905.28,889.57,898.4,2915395.0
2024-10-08,903.0,921.97,902.22,913.72,2199545.0
2024-10-09,915.63,921.35,912.0,919.74,1819896.0
2024-10-10,924.0,924.0,905.15,910.69,1681231.0
2024-10-11,914.35,932.24,911.18,932.06,2292601.0
2024-10-14,935.0,937.0,926.0,929.51,1550059.0
2024-10-15,927.83,927.83,907.8,913.32,2282642.0
2024-10-16,911.0,917.8,897.84,916.42,1644673.0
2024-10-17,922.5,930.51,916.04,917.12,2190871.0
2024-10-18,918.21,920.92,905.62,917.97,2286613.0
2024-10-21,919.0,919.0,904.56,906.13,1591661.0
2024-10-22,901.95,911.12,900.2,909.15,1390682.0
2024-10-23,908.5,908.5,891.73,903.25,2644388.0
2024-10-24,898.33,900.0,888.28,891.32,1794713.0
2024-10-25,898.0,900.96,889.45,892.7,2224719.0
2024-10-28,899.13,899.13,890.78,895.59,2083216.0
2024-10-29,896.8,907.98,896.8,903.58,3164280.0
2024-10-30,800.0,860.5,769.0,846.83,18252396.0
2024-10-31,836.5,853.5,825.24,829.74,6577799.0
2024-11-01,831.99,833.0,816.73,818.93,5263124.0
2024-11-04,804.8,820.19,803.68,806.14,3911571.0
2024-11-05,803.69,809.21,797.49,806.06,3726200.0
2024-11-06,818.0,820.73,767.61,776.38,8254490.0
2024-11-07,780.75,802.55,778.19,797.45,4520316.0
2024-11-08,803.0,847.27,801.26,831.54,7210881.0
2024-11-11,831.3,844.0,824.62,832.44,3339145.0
2024-11-12,831.89,833.99,810.72,818.86,3376540.0
2024-11-13,818.8,829.1,811.29,811.81,3058349.0
2024-11-14,809.82,809.82,783.51,786.23,3995429.0
2024-11-15,774.0,777.98,744.2,746.2,7303739.0
2024-11-18,731.99,734.0,711.4,727.2,9148655.0
2024-11-19,716.2,730.0,712.42,729.73,5822758.0
2024-11-20,735.3,757.37,735.3,753.41,5154177.0
2024-11-21,747.0,753.0,735.0,749.92,4141534.0
2024-11-22,754.0,761.28,745.08,748.01,4012706.0
2024-11-25,751.1,755.0,740.01,755.0,5689312.0
2024-11-26,782.06,807.0,773.95,789.32,6618116.0
2024-11-27,790.0,794.83,780.3,788.19,2713634.0
2024-11-29,791.71,800.33,789.33,795.35,2206918.0
2024-12-02,797.85,805.35,795.22,799.8,2894664.0
2024-12-03,801.37,817.13,801.37,813.33,2781202.0
2024-12-04,828.92,846.46,820.5,829.84,3869699.0
2024-12-05,832.0,832.0,817.46,825.62,2421133.0
2024-12-06,828.25,841.0,825.69,826.71,3045223.0
2024-12-09,823.0,823.7,801.28,803.58,3172696.0
2024-12-10,811.8,814.0,797.0,799.58,2693793.0
2024-12-11,799.37,799.5,786.37,796.03,3509805.0
2024-12-12,794.52,801.84,778.39,782.35,2822328.0
2024-12-13,780.0,794.24,772.99,789.12,3058592.0
2024-12-16,790.0,799.78,775.25,779.0,3424717.0
2024-12-17,776.4,788.0,772.43,778.62,3923236.0
2024-12-18,777.0,779.0,762.5,764.71,3350185.0
2024-12-19,765.1,772.97,752.4,757.54,4032791.0
2024-12-20,813.33,813.33,766.61,767.76,9924063.0
2024-12-23,783.6,799.36,773.07,796.28,3620473.0
2024-12-24,795.0,797.75,787.1,795.67,1165383.0
2024-12-26,793.11,803.91,791.5,794.14,1274500.0
2024-12-27,791.48,793.29,779.22,783.17,2096063.0
2024-12-30,781.0,781.0,771.0,773.84,1718298.0
2024-12-31,775.21,775.21,764.3,772.0,2322727.0
2025-01-02,780.0,787.0,771.77,778.07,1939004.0
2025-01-03,778.5,785.84,775.53,781.98,1799306.0
2025-01-06,782.09,784.77,763.35,765.1,3988886.0
2025-01-07,765.0,783.96,761.62,773.29,3575347.0
2025-01-08,774.0,792.56,770.66,787.22,3477699.0
2025-01-10,791.28,800.0,784.86,799.9,3971903.0
2025-01-13,793.0,805.34,783.61,797.48,3683068.0
2025-01-14,786.6,786.6,729.0,744.91,10366472.0
2025-01-15,747.97,754.6,735.27,746.74,5730172.0
2025-01-16,747.7,765.51,746.4,757.6,3064981.0
2025-01-17,749.84,755.28,725.01,725.72,5499408.0
2025-01-21,730.56,743.28,726.53,742.35,5120120.0
2025-01-22,745.08,760.37,739.05,753.98,3736990.0
2025-01-23,748.88,766.6,744.25,766.6,3125574.0
2025-01-24,758.0,789.29,758.0,785.41,4168043.0
2025-01-27,779.99,809.25,778.71,808.17,3913982.0
2025-01-28,806.5,816.15,800.11,804.99,2807050.0
2025-01-29,806.19,809.12,799.0,804.08,1826610.0
2025-01-30,806.74,824.62,805.0,823.23,2642304.0
2025-01-31,822.0,827.35,811.03,811.08,2561796.0
2025-02-03,803.5,817.96,801.75,810.43,2808399.0
2025-02-04,809.0,829.04,805.93,826.07,4298234.0
2025-02-05,833.2,846.9,831.06,842.18,4569821.0
2025-02-06,833.61,887.74,833.61,870.37,7137222.0
2025-02-07,874.99,889.36,869.62,878.31,4424711.0
2025-02-10,877.75,880.0,859.37,868.88,3063506.0
2025-02-11,870.0,874.19,860.5,865.0,1944225.0
2025-02-12,856.85,877.78,856.11,872.97,2532879.0
2025-02-13,875.55,883.5,867.8,871.86,2471260.0
2025-02-14,868.67,873.5,841.49,844.27,3220685.0
2025-02-18,856.5,862.73,851.36,857.2,4288368.0
2025-02-19,855.15,881.33,855.15,867.05,3204587.0
2025-02-20,866.99,880.32,864.0,873.12,2989876.0
2025-02-21,880.0,894.4,873.43,873.68,3938258.0
2025-02-24,875.83,893.11,870.02,881.4,3016108.0
2025-02-25,889.0,912.0,889.0,901.8,5110649.0
2025-02-26,899.0,922.43,896.6,915.01,3032552.0
2025-02-27,914.8,925.5,904.06,905.16,3082394.0
2025-02-28,901.63,921.22,892.61,920.63,4070077.0
2025-03-03,914.05,935.62,910.0,929.72,3979075.0
2025-03-04,922.65,929.16,902.79,911.06,3342919.0
2025-03-05,906.65,930.49,901.64,929.72,3108862.0
2025-03-06,924.06,931.38,898.28,912.76,3270804.0
2025-03-07,905.39,908.0,861.39,869.58,4816808.0
2025-03-10,852.1,863.19,825.78,829.76,5960444.0
2025-03-11,826.5,832.35,811.64,824.06,3796147.0
2025-03-12,814.95,834.65,813.26,821.86,3014160.0
2025-03-13,820.01,821.11,795.38,801.65,3564701.0
2025-03-14,803.11,815.21,800.0,813.48,3100098.0
2025-03-17,814.5,829.0,814.5,824.76,2545771.0
2025-03-18,832.45,836.29,812.61,822.51,2354935.0
2025-03-19,822.45,842.13,819.5,837.01,3790060.0
2025-03-20,837.63,854.39,832.46,842.57,4401338.0
2025-03-21,837.29,850.42,825.32,837.57,5957585.0
2025-03-24,846.16,866.87,837.76,864.9,3101956.0
2025-03-25,868.75,874.92,847.92,852.35,2669835.0
2025-03-26,845.69,851.41,826.4,826.76,2562668.0
2025-03-27,821.76,826.77,815.29,821.67,2127032.0
2025-03-28,820.0,829.78,817.43,822.51,2124829.0
2025-03-31,811.4,828.01,789.4,825.91,3737158.0
2025-04-01,818.6,820.66,797.0,805.23,2986817.0
2025-04-02,796.92,819.85,795.04,818.22,2681275.0
2025-04-03,808.3,818.79,787.06,789.09,2672138.0
2025-04-04,763.85,768.27,734.7,738.21,5295834.0
2025-04-07,697.0,748.0,677.09,723.73,6273229.0
2025-04-08,755.0,763.5,713.28,726.24,4112056.0
2025-04-09,703.36,754.83,689.0,753.71,6616341.0
2025-04-10,738.89,741.95,691.77,720.91,4161406.0
2025-04-11,721.16,735.84,711.97,732.41,3602783.0
2025-04-14,750.75,759.56,734.52,754.35,3460668.0
2025-04-15,755.57,765.31,751.49,757.18,2457215.0
2025-04-16,754.89,756.3,730.34,734.9,3302258.0
2025-04-17,838.0,858.0,821.84,839.96,10847051.0
2025-04-21,844.5,844.5,807.0,818.02,3325325.0
2025-04-22,821.88,832.0,814.0,827.54,3084578.0
2025-04-23,842.95,846.01,818.64,829.42,2713484.0
2025-04-24,836.0,862.25,829.21,859.73,2938666.0
2025-04-25,859.66,885.58,851.07,884.54,3397062.0
2025-04-28,870.5,882.25,864.41,877.29,3453818.0
2025-04-29,873.34,892.47,873.34,885.2,2454053.0
2025-04-30,886.0,902.5,882.12,898.95,4367197.0
2025-05-01,843.89,850.93,792.07,794.1,12594232.0
2025-05-02,825.0,831.53,807.59,823.62,6057173.0
2025-05-05,819.51,829.64,812.03,821.46,2887912.0
2025-05-06,820.0,820.0,770.35,775.12,5968015.0
2025-05-07,781.68,784.34,772.26,776.72,3810795.0
2025-05-08,763.61,769.98,739.08,751.45,6159838.0
2025-05-09,755.0,762.01,733.0,734.57,4070396.0
2025-05-12,725.13,765.33,722.18,755.57,9168751.0
2025-05-13,757.75,759.5,740.85,746.06,4521397.0
2025-05-14,747.89,759.5,714.03,715.56,7546636.0
2025-05-15,725.09,738.68,712.21,733.29,5210737.0
2025-05-16,740.0,758.87,738.0,757.39,4639407.0
2025-05-19,752.89,758.72,747.56,755.11,4061320.0
2025-05-20,758.39,763.49,743.0,747.01,3872264.0
2025-05-21,747.1,750.52,723.97,724.95,4055458.0
2025-05-22,717.12,722.19,711.55,715.2,4246909.0
2025-05-23,712.9,719.64,709.0,713.71,2631917.0
2025-05-27,717.75,731.31,714.33,725.22,3791524.0
2025-05-28,728.33,729.99,714.74,719.39,2942265.0
2025-05-29,720.6,727.33,716.96,722.57,2785717.0
2025-05-30,724.7,745.9,717.11,737.67,6104761.0
2025-06-02,734.8,747.37,730.7,747.12,2942379.0
2025-06-03,746.0,757.0,741.46,750.78,3055131.0
2025-06-04,756.39,772.62,756.0,765.84,3134328.0
2025-06-05,769.78,770.0,753.05,765.68,3636932.0
2025-06-06,769.25,772.6,765.2,769.88,2069202.0
2025-06-09,771.37,779.29,767.59,773.71,2256856.0
2025-06-10,777.09,808.63,777.0,807.19,4739920.0
2025-06-11,808.02,820.72,805.03,808.61,3123369.0
2025-06-12,809.36,818.55,806.35,812.03,2267748.0
2025-06-13,810.29,825.0,808.1,819.36,2753794.0
2025-06-16,824.0,825.0,805.76,807.58,2820231.0
2025-06-17,805.3,805.3,788.93,791.24,2873842.0
2025-06-18,790.0,790.62,779.44,785.03,2442126.0
2025-06-20,786.0,786.0,755.56,762.73,6200180.0
2025-06-23,770.66,793.21,763.83,770.64,3948954.0
2025-06-24,773.07,784.44,763.02,778.08,2787810.0
2025-06-25,779.62,798.95,773.59,792.3,3022167.0
2025-06-26,793.95,798.8,788.25,795.12,3114402.0
2025-06-27,795.8,802.5,774.64,775.45,4110685.0
2025-06-30,777.0,785.0,774.0,779.53,3041074.0
2025-07-01,776.5,790.0,773.0,775.9,2733356.0
2025-07-02,776.5,779.84,768.0,779.28,1977791.0
2025-07-03,780.54,783.55,773.0,780.67,1450772.0
2025-07-07,779.47,781.15,762.03,772.87,2576159.0
2025-07-08,774.85,792.69,768.8,777.66,3300822.0
2025-07-09,782.0,794.0,781.99,786.92,2701982.0
2025-07-10,789.67,799.49,786.43,790.65,3130680.0
2025-07-11,787.0,795.73,777.2,793.01,2852024.0
2025-07-14,788.67,800.88,787.36,799.34,2401055.0
2025-07-15,800.87,805.42,764.38,771.75,4172247.0
2025-07-16,775.48,796.04,772.16,789.8,3254582.0
2025-07-17,786.79,790.0,760.02,761.5,4102689.0
2025-07-18,764.78,775.96,760.5,771.71,3357445.0
2025-07-21,769.99,772.0,760.5,762.18,3056866.0
2025-07-22,763.2,778.29,762.5,776.44,2495849.0
2025-07-23,780.45,800.09,777.08,798.89,2682202.0
2025-07-24,802.57,810.14,797.65,805.43,2786462.0
2025-07-25,808.75,815.19,802.37,812.69,2976218.0
2025-07-28,813.08,820.22,802.5,808.11,2586845.0
2025-07-29,773.46,779.49,755.18,762.95,7093601.0
2025-07-30,776.0,778.1,758.41,760.08,4335708.0
2025-07-31,750.0,766.45,735.44,740.07,5807897.0
2025-08-01,747.58,768.0,745.99,762.33,4858478.0
2025-08-04,762.37,774.48,752.57,769.0,3351063.0
2025-08-05,766.75,769.94,759.52,765.95,3613777.0
2025-08-06,756.59,763.0,740.19,746.37,4738431.0
2025-08-07,675.45,678.29,633.2,640.86,26070634.0
2025-08-08,655.0,656.18,623.78,625.65,14104472.0
2025-08-11,629.36,654.44,625.9,635.22,11282389.0
2025-08-12,639.5,646.18,629.4,639.43,6903781.0
2025-08-13,650.4,661.75,644.5,660.49,6300448.0
2025-08-14,662.65,685.48,655.1,684.43,8364828.0
2025-08-15,693.35,706.79,685.8,701.23,8216214.0
2025-08-18,697.02,707.75,693.5,698.05,4990775.0
2025-08-19,706.03,714.27,698.55,703.21,5932884.0
2025-08-20,704.0,705.8,685.15,705.44,4133089.0
2025-08-21,705.79,718.4,705.2,709.82,3613760.0
2025-08-22,715.04,719.46,709.43,711.68,3219044.0
2025-08-25,711.99,713.5,694.23,695.33,2894648.0
2025-08-26,715.1,736.18,713.1,736.03,7689901.0
2025-08-27,738.45,746.59,731.55,734.17,4322702.0
2025-08-28,737.26,738.59,726.34,731.96,3114675.0
2025-08-29,733.3,737.42,728.5,732.58,2549498.0
2025-09-02,726.94,737.14,723.64,735.19,3221353.0
2025-09-03,733.41,737.83,729.02,737.83,2221304.0
2025-09-04,736.85,747.0,735.33,742.91,2422515.0
2025-09-05,743.1,744.7,722.57,727.21,3954754.0
2025-09-08,730.36,742.7,719.22,738.64,4533267.0
2025-09-09,735.21,752.84,733.87,750.61,2984432.0
2025-09-10,748.56,755.8,742.48,754.62,2474367.0
2025-09-11,754.52,761.13,750.37,756.28,2196768.0
2025-09-12,757.83,761.6,748.0,755.39,2196342.0
2025-09-15,752.97,756.34,742.11,748.19,2789212.0
2025-09-16,746.49,770.38,744.54,764.71,3878823.0
2025-09-17,763.0,776.96,756.34,760.13,3466347.0
2025-09-18,762.0,772.53,759.01,762.93,3459015.0
2025-09-19,766.0,766.0,749.2,751.99,7346947.0
2025-09-22,747.5,762.04,746.27,754.95,2525641.0
2025-09-23,750.4,753.0,743.17,746.98,2907486.0
2025-09-24,746.91,746.94,736.16,741.85,2242425.0
2025-09-25,736.79,740.0,712.05,714.59,5117360.0
2025-09-26,724.12,729.0,717.08,724.54,3557022.0
2025-09-29,724.28,727.86,716.08,726.51,3307830.0
2025-09-30,724.02,766.35,724.02,763.0,6230066.0
2025-10-01,762.6,833.3,762.6,825.42,10116708.0
2025-10-02,815.0,834.46,812.81,819.85,4290165.0
2025-10-03,820.31,848.13,816.1,839.87,5086034.0
2025-10-06,841.0,856.57,838.66,845.05,3649278.0
2025-10-07,845.5,848.54,836.58,843.63,2608961.0
2025-10-08,848.0,856.0,844.99,845.72,2178892.0
2025-10-09,853.28,860.25,845.7,855.35,3069444.0
2025-10-10,857.64,864.35,830.11,833.49,3426745.0
2025-10-13,832.2,835.32,817.35,819.4,2165268.0
2025-10-14,820.06,822.09,806.0,812.35,1926149.0
2025-10-15,813.0,830.19,808.58,826.57,2354806.0
2025-10-16,825.93,834.7,815.37,819.38,2248058.0
2025-10-17,786.5,804.44,783.85,802.83,3981952.0
2025-10-20,804.0,809.41,799.77,808.96,2278411.0
2025-10-21,807.0,812.99,798.71,799.57,2096867.0
2025-10-22,798.23,815.94,793.82,812.43,2928867.0
2025-10-23,806.4,824.7,806.02,821.04,2632569.0
2025-10-24,815.55,834.15,812.5,825.45,2209560.0
2025-10-27,826.85,826.85,811.48,826.41,2112265.0
2025-10-28,822.4,829.46,814.05,820.1,2491083.0
2025-10-29,827.31,830.29,809.63,813.53,3584056.0
2025-10-30,837.5,853.0,812.25,844.5,6034432.0
2025-10-31,838.85,869.91,834.19,862.86,5013373.0
2025-11-03,866.48,901.34,862.62,896.53,5399291.0
2025-11-04,890.35,915.22,883.64,906.86,5910116.0
2025-11-05,911.08,955.46,907.86,925.81,7268676.0
2025-11-06,926.75,949.9,916.26,937.44,6414413.0
2025-11-07,931.96,932.0,900.9,924.37,4371736.0
2025-11-10,938.77,981.99,938.41,966.64,5692050.0
2025-11-11,966.55,999.95,965.28,988.62,4164461.0
2025-11-12,995.38,1022.42,990.1,1017.78,5179519.0
2025-11-13,1011.47,1032.95,1010.09,1022.87,4151799.0
2025-11-14,1008.91,1033.62,1007.78,1025.28,3860862.0
2025-11-17,1004.0,1032.14,998.3,1021.7,4717861.0
2025-11-18,1014.31,1040.72,1014.01,1030.05,3428103.0
2025-11-19,1029.3,1055.59,1026.25,1049.6,3568531.0
2025-11-20,1046.74,1057.0,1038.25,1043.29,3131759.0
2025-11-21,1042.3101,1066.65,1038.0,1059.7,4264105.0
2025-11-24,1058.41,1075.72,1049.38,1070.16,5476172.0
2025-11-25,1074.0,1111.11,1073.25,1109.9399,4180006.0
2025-11-26,1104.99,1111.99,1098.1,1104.34,3092201.0
2025-11-28,1096.72,1099.05,1067.6899,1075.47,2732168.0
2025-12-01,1074.38,1084.15,1055.0,1057.89,3068283.0
2025-12-02,1053.4301,1068.1801,1040.36,1046.12,3277652.0
2025-12-03,1044.52,1051.48,1022.32,1033.5601,3440672.0
2025-12-04,1033.0,1033.0,1007.18,1014.49,3854331.0
2025-12-05,1019.99,1027.39,1004.0,1010.31,2500755.0
2025-12-08,1012.97,1014.2,988.88,997.59,3082133.0
2025-12-09,1000.0,1012.0,979.18,982.22,2568247.0
2025-12-10,985.55,1003.0,977.12,993.64,2965058.0
2025-12-11,1008.15,1031.5601,987.0,1009.38,4514288.0
2025-12-12,1011.0,1028.9,1003.5,1027.51,3273223.0
2025-12-15,1032.96,1065.0,1032.55,1062.1899,4645186.0
2025-12-16,1068.2,1068.25,1036.23,1054.29,4023115.0
2025-12-17,1058.13,1064.3,1036.41,1041.79,3725200.0
2025-12-18,1043.49,1079.26,1039.54,1056.88,3846947.0
2025-12-19,1061.4,1075.38,1059.01,1071.4399,5828463.0
2025-12-22,1076.72,1083.48,1063.0,1076.48,2618818.0
2025-12-23,1065.0601,1088.48,1063.5,1071.64,2107557.0
2025-12-24,1073.6,1085.73,1072.71,1076.98,932804.0
2025-12-26,1076.75,1081.39,1068.3,1077.75,1014248.0
2025-12-29,1077.95,1085.5,1074.38,1078.73,1651820.0
2025-12-30,1079.89,1082.37,1072.0699,1079.75,1251132.0
2025-12-31,1080.0,1083.5,1074.4301,1074.6801,1645783.0
2026-01-02,1076.38,1080.66,1052.08,1080.36,2467843.0
2026-01-05,1069.25,1085.38,1033.38,1041.51,4081584.0
2026-01-06,1042.6801,1070.83,1039.9301,1064.04,2689868.0
2026-01-07,1074.0601,1117.66,1074.0601,1108.09,4651435.0
2026-01-08,1111.11,1133.95,1070.15,1085.1899,3154043.0
2026-01-09,1088.83,1104.52,1063.03,1063.5601,2559927.0
2026-01-12,1060.0,1083.36,1058.0,1081.0,2377711.0
2026-01-13,1085.0,1090.22,1069.09,1077.1899,2193487.0
2026-01-14,1081.75,1084.0,1061.12,1073.29,1911502.0
2026-01-15,1068.49,1068.49,1012.57,1032.97,4181826.0
2026-01-16,1024.4301,1049.9399,1018.0,1038.4,3820025.0
2026-01-20,1027.63,1045.85,1015.96,1041.29,2484063.0
2026-01-21,1043.86,1081.33,1042.02,1078.52,3680593.0
2026-01-22,1077.5601,1095.48,1071.74,1087.38,2477694.0
2026-01-23,1085.25,1085.25,1063.02,1064.29,2591783.0
2026-01-26,1062.52,1067.08,1043.3199,1062.75,2244068.0
2026-01-27,1061.25,1073.39,1034.8101,1039.51,2586797.0
2026-01-28,1029.11,1029.6899,1004.14,1023.8,3299413.0
2026-01-29,1024.9399,1040.0,1018.0,1024.14,2291668.0
2026-01-30,1032.4,1048.5699,1020.0,1037.15,3302128.0
2026-02-02,1037.5699,1057.41,1037.5699,1044.13,2755788.0
2026-02-03,1043.5,1048.8,993.58,1003.46,5479248.0
2026-02-04,1075.12,1114.0,1065.0,1107.12,7115205.0
2026-02-05,1064.64,1075.0,1005.83,1020.84,7719298.0
2026-02-06,1058.0,1060.02,1033.27,1058.1801,4885066.0
2026-02-09,1072.65,1106.9399,1042.92,1044.67,3421489.0
2026-02-10,1050.66,1055.65,1023.88,1025.0,3535919.0
2026-02-11,1027.4399,1030.1,1012.62,1015.21,2597325.0
2026-02-12,1024.87,1059.84,1012.0,1038.27,3590861.0
2026-02-13,1042.98,1064.34,1033.6899,1040.0,2697762.0
2026-02-17,1048.0,1067.0,1034.88,1036.05,2984193.0
2026-02-18,1033.5,1037.54,1011.31,1020.56,3235856.0
2026-02-19,1010.82,1025.22,1007.0,1023.22,2144823.0
2026-02-20,1023.86,1028.65,1002.46,1009.52,3247709.0
2026-02-23,1050.0,1064.45,1034.0,1058.5601,4766661.0
2026-02-24,1043.76,1058.9,1024.08,1042.15,2802179.0
2026-02-25,1039.34,1053.62,1027.0,1028.83,2479805.0
2026-02-26,1029.14,1029.14,1007.38,1022.02,2665060.0
2026-02-27,1019.16,1053.0,1017.36,1051.99,4317967.0
2026-03-02,1045.0,1056.2,1013.0,1017.97,3091545.0
2026-03-03,1012.06,1020.01,995.07,1007.73,2845151.0
2026-03-04,1008.5,1015.66,993.66,1003.57,1963649.0
2026-03-05,993.2,993.56,965.6,983.26,3773162.0
2026-03-06,973.97,991.22,966.09,990.33,2626129.0
2026-03-09,988.88,1008.93,980.58,1008.39,2801057.0
2026-03-10,1008.2,1012.0,994.0,1001.35,1662336.0
2026-03-11,1001.55,1002.93,990.3,999.84,1447178.0
2026-03-12,993.45,994.5,973.16,977.25,2337597.0
2026-03-13,978.0,1003.22,978.0,985.08,1982842.0
2026-03-16,991.99,998.17,975.51,989.12,2289369.0
2026-03-17,982.0,982.0,925.25,930.35,5633277.0
2026-03-18,927.0,929.0,905.11,918.05,3442382.0
2026-03-19,916.88,924.53,910.86,917.5,2376913.0
2026-03-20,914.72,925.38,899.29,906.7,4817171.0
2026-03-23,913.0,926.78,907.23,910.55,2816702.0
2026-03-24,909.5,909.5,895.61,903.02,2571653.0
2026-03-25,910.35,922.15,909.09,916.31,2176390.0
2026-03-26,912.54,916.35,896.29,897.0,2162092.0
2026-03-27,896.0,900.83,877.11,878.24,2737260.0
2026-03-30,887.97,897.43,883.11,886.63,3069821.0
2026-03-31,893.49,924.14,892.14,919.77,3463362.0
2026-04-01,925.4,976.68,925.4,954.52,6265244.0
2026-04-02,948.5,957.69,930.02,935.58,2725844.0
2026-04-06,935.58,936.0,919.78,927.06,1819552.0
2026-04-07,927.0,932.66,898.45,931.09,2711259.0
2026-04-08,941.51,961.14,933.13,953.3,2567195.0
2026-04-09,953.3,963.76,939.29,955.19,1672199.0
2026-04-10,959.14,963.94,935.54,939.47,1958050.0
2026-04-13,938.75,945.9,927.17,929.55,2088712.0
2026-04-14,925.58,939.93,915.04,922.5,2358404.0
2026-04-15,923.94,930.0,888.03,905.03,4230860.0
2026-04-16,913.0,920.0,898.15,903.99,2834646.0
2026-04-17,912.52,929.99,912.52,927.03,3263703.0
2026-04-20,928.0,929.64,912.5,919.9,1925792.0
2026-04-21,913.31,913.31,881.11,903.02,4056773.0
2026-04-22,908.6,922.54,902.23,921.48,2621938.0
2026-04-23,929.5,930.0,911.89,917.65,2143612.0
2026-04-24,900.7,900.7,871.73,883.96,4460371.0
2026-04-27,879.82,891.2,868.04,868.27,2697362.0
2026-04-28,873.15,878.15,863.35,874.0,2558389.0
2026-04-29,868.03,869.02,850.51,851.21,3896161.0
2026-04-30,898.78,945.5,896.8,934.6,8230625.0
2026-05-01,949.0,984.45,943.8,963.33,4350769.0
2026-05-04,960.0,974.22,951.76,967.93,3695472.0
2026-05-05,968.77,992.8,964.41,988.87,2952953.0
2026-05-06,989.67,996.48,983.5,987.05,3918223.0
2026-05-07,985.55,989.0,967.1,974.96,3492908.0
2026-05-08,976.0,980.0,947.51,948.45,3556484.0
2026-05-11,948.91,995.0,943.26,966.99,3515040.0
2026-05-12,970.69,997.52,970.69,989.87,3035552.0
2026-05-13,994.36,1022.82,992.0,1015.75,3483594.0
2026-05-14,1016.0,1018.17,996.01,1006.7,1749248.0
2026-05-15,1004.11,1014.38,997.41,1004.92,2815174.0
2026-05-18,1001.88,1003.0,978.87,988.09,2015270.0
2026-05-19,989.51,1021.8,984.6,1021.41,3793847.0
2026-05-20,1024.35,1037.88,1003.69,1018.87,2997426.0
2026-05-21,1025.0,1047.3,1022.0,1041.65,2704425.0
2026-05-22,1047.26,1070.34,1047.0699,1065.0,3471472.0
2026-05-26,1075.0,1082.0,1060.36,1064.74,2981282.0
2026-05-27,1072.49,1093.0,1069.9,1082.92,2584572.0
2026-05-28,1097.0,1149.1,1092.01,1126.8,4603107.0
2026-05-29,1127.0,1132.66,1089.01,1105.0,4601987.0
2026-06-01,1101.5,1106.17,1071.6,1082.2,2691787.0
2026-06-02,1072.71,1078.22,1052.15,1064.15,2405900.0
2026-06-03,1064.15,1093.28,1053.51,1078.78,2651581.0
2026-06-04,1104.27,1140.46,1101.62,1125.27,4044402.0
2026-06-05,1146.1,1166.29,1131.03,1131.42,4122197.0
2026-06-08,1155.09,1182.73,1143.59,1149.15,4500860.0
2026-06-09,1161.8,1174.59,1137.75,1144.6801,3820565.0
2026-06-10,1152.0,1166.42,1133.53,1136.37,2697600.0
2026-06-11,1142.0,1170.12,1125.64,1160.95,2763433.0
2026-06-12,1166.5,1169.99,1132.8101,1133.0,2435462.0
2026-06-15,1135.0,1137.49,1112.01,1129.35,3165043.0
2026-06-16,1140.0,1146.6899,1115.5,1122.5,2260188.0
2026-06-17,1120.0,1121.49,1104.9,1112.0,2382242.0
2026-06-18,1120.0,1122.33,1088.66,1098.5699,4468549.0
2026-06-22,1112.2,1119.45,1093.15,1102.08,3014368.0
2026-06-23,1110.74,1122.02,1079.22,1107.08,3313733.0
2026-06-24,1124.12,1135.14,1100.98,1117.26,2905816.0
2026-06-25,1121.02,1145.4301,1114.0,1127.6899,2758785.0
2026-06-26,1128.01,1215.76,1128.0,1208.12,7722772.0
2026-06-29,1219.4301,1238.0,1203.14,1229.9301,3681455.0
2026-06-30,1230.0,1230.05,1190.2,1199.4301,3719123.0
2026-07-01,1217.51,1217.51,1173.9301,1191.74,2718360.0
2026-07-02,1199.48,1232.0,1180.3,1213.91,3296577.0
2026-07-06,1206.3199,1213.79,1183.34,1200.0601,2347894.0
2026-07-07,1237.95,1249.45,1222.77,1235.5601,2931136.0
2026-07-08,1221.45,1241.89,1204.16,1215.83,2607713.0
2026-07-09,1218.0,1230.0,1200.37,1216.95,2087618.0
2026-07-10,1220.0,1220.0,1178.3199,1188.58,2009378.0
2026-07-13,1181.8,1196.29,1166.01,1181.87,2071423.0
2026-07-14,1174.99,1174.99,1140.74,1152.54,2640471.0
2026-07-15,1150.0,1160.8199,1134.4,1156.63,2550842.0
2026-07-16,1165.15,1189.0699,1141.2,1169.17,2789058.0
2026-07-17,1152.38,1187.95,1151.01,1179.11,2756755.0
2026-07-20,1184.89,1187.12,1144.4301,1146.9,2643487.0
2026-07-21,1142.9,1177.58,1139.0,1175.41,2091224.0
2026-07-22,1175.1899,1175.1899,1153.5,1163.01,1555217.0
2026-07-23,1147.66,1189.59,1141.78,1185.87,1906090.0
2026-07-24,1197.16,1206.9399,1187.5,1196.03,1982456.0
2026-07-27,1206.65,1206.65,1183.45,1197.53,1592850.0
2026-07-28,1217.1,1232.0,1205.01,1220.66,2375854.0
2026-07-29,1215.1801,1229.1899,1204.8,1210.02,2171552.0
2026-07-30,1178.28,1186.65,1153.14,1154.97,3028444.0
2026-07-31,1146.09,1150.63,1119.0,1148.84,2883567.0
2026-08-03,1158.5699,1161.9399,1109.15,1121.36,2929405.0
2026-08-04,1118.9,1135.83,1109.16,1115.6801,4087188.0
2026-08-05,1174.0,1216.9399,1138.4301,1169.86,6439009.0
2026-08-06,1198.0,1230.88,1173.5,1191.9399,3421321.0
2026-08-07,1191.0,1196.8,1161.2,1185.71,2897668.0
2026-08-10,1184.75,1231.9399,1184.41,1231.9399,3009965.0
2026-08-11,1229.0,1238.0,1209.53,1215.02,2112097.0
2026-08-12,1202.46,1226.5,1191.08,1220.28,1940491.0
2026-08-13,1235.78,1240.1,1206.0,1209.0,1925718.0
2026-08-14,1196.1801,1199.0,1171.2,1180.16,2272439.0
2026-08-17,1176.91,1198.52,1163.5,1183.16,1806389.0
2026-08-18,1203.67,1228.47,1194.01,1225.73,2507037.0
2026-08-19,1244.0,1292.65,1240.54,1280.34,4539747.0
2026-08-20,1274.84,1280.28,1243.23,1244.4,2620715.0
2026-08-21,1234.02,1271.22,1230.0,1255.4,2502143.0
2026-08-24,1262.0,1262.14,1230.95,1246.9301,1664821.0
2026-08-25,1249.5,1264.73,1229.79,1233.66,2141211.0
2026-08-26,1237.16,1237.16,1180.01,1189.41,3002240.0
2026-08-27,1183.46,1190.11,1171.71,1176.1,2731910.0
2026-08-28,1180.0,1180.0,1162.9301,1174.61,2451064.0
2026-08-31,1172.08,1172.08,1147.0,1156.73,3056838.0
2026-09-01,1188.0,1188.3199,1156.85,1160.0,2520474.0
2026-09-02,1164.15,1187.83,1158.0,1160.08,2445403.0
2026-09-03,1171.22,1171.66,1137.5,1159.6,2550778.0
2026-09-04,1153.02,1158.4399,1138.3101,1149.36,2219362.0
2026-09-08,1133.0,1134.53,1113.55,1123.91,2401407.0
2026-09-09,1130.13,1138.79,1119.0,1124.21,2045109.0
2026-09-10,1131.13,1133.79,1120.52,1123.0,1995808.0
2026-09-11,1129.555,1130.515,1113.5,1114.825,1360410.0
