date,open,high,low,close,volume
2011-07-01,20.6,23.72,20.5,21.1,8334166.0
2011-07-05,21.1,21.5,20.83,21.1,11822948.0
2011-07-06,20.8,21.12,20.5,20.94,10982848.0
2011-07-07,21.09,21.63,20.85,20.89,16707598.0
2011-07-08,20.4,21.3,20.26,20.7,16416852.0
2011-07-11,20.4,20.4,19.75,20.05,9495018.0
2011-07-12,19.93,20.5,19.72,20.24,8011122.0
2011-07-13,20.26,20.62,19.62,19.98,11642740.0
2011-07-14,19.99,20.01,19.1,19.32,11532684.0
2011-07-15,19.5,19.74,19.05,19.58,9938772.0
2011-07-18,19.36,19.8,18.88,19.56,8311406.0
2011-07-19,19.63,19.97,19.57,19.87,6422988.0
2011-07-20,19.9,19.97,19.7,19.76,5448966.0
2011-07-21,19.76,20.12,19.56,20.05,7249604.0
2011-07-22,20.14,20.41,19.95,20.28,6645548.0
2011-07-25,20.62,21.06,20.33,20.68,8899060.0
2011-07-26,20.69,21.86,20.64,21.52,11324110.0
2011-07-27,21.51,21.65,20.99,21.03,6998306.0
2011-07-28,21.22,21.47,21.09,21.39,6654416.0
2011-07-29,21.17,22.31,20.99,21.9,10709548.0
2011-08-01,22.52,22.69,22.0,22.49,11521572.0
2011-08-02,22.26,22.45,21.12,21.17,10995420.0
2011-08-03,21.64,22.7,19.51,20.72,13413710.0
2011-08-04,20.35,20.35,18.61,19.21,15377930.0
2011-08-05,19.45,19.61,16.72,18.66,12348478.0
2011-08-08,17.62,18.0,14.74,16.17,16542858.0
2011-08-09,16.53,18.2,16.21,18.05,12054012.0
2011-08-10,17.77,18.42,17.06,17.56,9683068.0
2011-08-11,17.95,19.3,17.72,18.67,8756314.0
2011-08-12,18.8,19.56,18.45,18.7,5906768.0
2011-08-15,18.94,19.83,18.94,19.55,5365382.0
2011-08-16,19.18,19.72,19.06,19.43,6532386.0
2011-08-17,19.82,19.98,19.41,19.55,5627486.0
2011-08-18,19.06,19.25,17.7,18.31,7501524.0
2011-08-19,17.89,18.33,17.32,17.5,9878424.0
2011-08-22,17.91,18.0,16.17,16.28,10774064.0
2011-08-23,16.32,17.35,16.02,17.12,10359812.0
2011-08-24,17.2,18.01,16.85,17.92,6723308.0
2011-08-25,18.09,18.45,16.96,17.19,6375852.0
2011-08-26,17.2,18.38,17.03,17.43,5880400.0
2011-08-29,17.64,18.18,17.52,18.0,4174906.0
2011-08-30,17.94,18.19,17.38,18.01,4385148.0
2011-08-31,18.25,18.73,18.25,18.53,5730894.0
2011-09-01,18.72,19.11,18.45,18.5,4515342.0
2011-09-02,17.92,18.5,17.56,17.71,3594036.0
2011-09-06,17.11,17.7,16.65,17.5,5723798.0
2011-09-07,17.79,18.47,17.62,18.15,5212430.0
2011-09-08,18.08,19.08,17.78,18.86,4086528.0
2011-09-09,18.31,18.89,17.97,18.17,5888904.0
2011-09-12,17.67,18.44,17.44,18.33,3919196.0
2011-09-13,18.2,18.32,17.22,17.67,7146900.0
2011-09-14,17.62,17.66,17.23,17.51,7640694.0
2011-09-15,17.94,18.48,17.61,17.71,6081222.0
2011-09-16,17.76,17.83,17.43,17.55,7195320.0
2011-09-19,17.09,17.28,16.55,16.77,5096530.0
2011-09-20,16.78,17.11,16.75,16.84,3859134.0
2011-09-21,16.67,17.23,16.17,16.2,4013026.0
2011-09-22,15.58,15.7,14.42,14.73,11073584.0
2011-09-23,14.59,15.16,14.53,14.77,6767804.0
2011-09-26,14.95,15.18,14.75,15.05,7970858.0
2011-09-27,15.41,15.91,14.85,14.91,9412360.0
2011-09-28,14.98,15.32,14.46,14.49,8844310.0
2011-09-29,14.84,14.93,13.18,13.92,10516798.0
2011-09-30,13.69,13.97,13.41,13.53,9626644.0
2011-10-03,13.45,13.9,13.31,13.57,8648054.0
2011-10-04,13.4,14.4,13.34,14.38,10289392.0
2011-10-05,14.53,15.89,14.27,15.74,10463722.0
2011-10-06,15.76,16.67,15.55,16.65,7978256.0
2011-10-07,16.86,16.99,15.62,15.8,8532646.0
2011-10-10,16.14,16.74,16.04,16.49,5005154.0
2011-10-11,16.34,16.81,16.22,16.58,6614850.0
2011-10-12,16.71,17.07,16.64,16.78,7544192.0
2011-10-13,16.67,16.94,16.42,16.89,6341138.0
2011-10-14,17.22,18.1,17.17,18.07,6739428.0
2011-10-17,18.02,18.24,17.42,17.47,4717522.0
2011-10-18,17.38,18.27,17.08,18.09,4533540.0
2011-10-19,18.09,18.53,17.73,17.8,6033676.0
2011-10-20,17.8,18.33,17.65,18.25,4675274.0
2011-10-21,18.45,18.84,18.25,18.67,6436096.0
2011-10-24,18.77,19.24,17.77,17.92,6574156.0
2011-10-25,17.33,17.33,15.7,16.49,18550456.0
2011-10-26,16.91,17.48,16.6,17.36,7476944.0
2011-10-27,17.64,18.86,17.64,18.67,7726000.0
2011-10-28,18.59,18.81,18.13,18.66,7259866.0
2011-10-31,18.5,18.5,17.71,17.95,6581156.0
2011-11-01,17.75,19.06,17.15,18.0,13191230.0
2011-11-02,18.45,19.22,18.38,19.17,9171328.0
2011-11-03,19.5,19.77,19.05,19.33,7803070.0
2011-11-04,19.1,19.36,18.75,19.31,5657508.0
2011-11-07,19.07,19.52,19.07,19.46,4110894.0
2011-11-08,19.51,19.72,18.86,19.06,5019030.0
2011-11-09,18.51,19.5,18.27,18.51,6973898.0
2011-11-10,18.84,18.94,18.0,18.85,6920674.0
2011-11-11,19.14,19.59,18.82,18.89,8037156.0
2011-11-14,18.72,18.82,17.68,18.35,8146394.0
2011-11-15,18.25,18.66,18.12,18.49,5613616.0
2011-11-16,17.37,17.53,16.1,16.32,24772674.0
2011-11-17,16.36,16.67,15.62,15.81,15641930.0
2011-11-18,15.93,16.48,15.81,16.41,6335628.0
2011-11-21,16.17,16.66,15.65,16.42,6564458.0
2011-11-22,16.55,16.77,16.11,16.76,6095486.0
2011-11-23,16.49,16.72,16.25,16.42,8240044.0
2011-11-25,16.32,16.36,16.09,16.14,2732078.0
2011-11-28,16.81,17.09,16.33,16.64,7630844.0
2011-11-29,16.75,16.81,16.39,16.58,7636034.0
2011-11-30,17.06,17.26,16.23,16.69,12317310.0
2011-12-01,16.96,17.17,16.67,16.98,5997194.0
2011-12-02,17.21,17.39,16.57,16.66,7471192.0
2011-12-05,17.01,17.73,16.93,17.2,9112118.0
2011-12-06,17.28,17.39,17.0,17.32,5932116.0
2011-12-07,17.23,17.3,16.91,17.25,8031386.0
2011-12-08,17.17,17.28,16.75,17.01,9874768.0
2011-12-09,17.01,17.45,16.9,17.44,6378440.0
2011-12-12,17.21,17.3,16.95,17.3,10916768.0
2011-12-13,17.06,17.44,16.73,16.98,7383274.0
2011-12-14,16.83,16.92,16.01,16.34,7003656.0
2011-12-15,16.5,16.64,16.17,16.26,3495654.0
2011-12-16,16.42,16.62,15.9,15.98,8457028.0
2011-12-19,16.0,16.41,15.86,15.97,6274492.0
2011-12-20,16.33,16.48,15.9,16.1,6290906.0
2011-12-21,16.02,16.42,16.0,16.33,4308726.0
2011-12-22,16.47,16.7,16.33,16.66,3692972.0
2011-12-23,16.66,16.79,16.6,16.76,1840874.0
2011-12-27,16.77,16.99,16.69,16.83,1539802.0
2011-12-28,16.8,16.92,16.37,16.57,3284856.0
2011-12-29,16.67,16.68,16.43,16.64,2126884.0
2011-12-30,16.67,16.75,16.5,16.65,2165414.0
2012-01-03,17.27,17.48,16.68,16.7,5043190.0
2012-01-04,16.65,16.94,16.6,16.88,5791266.0
2012-01-05,16.53,16.57,15.5,15.96,12391840.0
2012-01-06,15.98,16.01,15.56,15.83,7554512.0
2012-01-09,15.81,15.85,15.12,15.48,9678810.0
2012-01-10,15.76,15.94,15.48,15.91,6010902.0
2012-01-11,15.78,16.54,15.53,16.44,11266584.0
2012-01-12,16.48,16.67,16.25,16.32,5585976.0
2012-01-13,16.25,16.65,16.17,16.51,6199492.0
2012-01-17,16.72,16.98,16.47,16.77,4440462.0
2012-01-18,16.72,17.92,16.6,17.73,7981170.0
2012-01-19,17.83,18.05,17.54,17.92,6295634.0
2012-01-20,18.63,18.89,18.38,18.58,9684968.0
2012-01-23,18.58,19.0,18.5,18.93,5406420.0
2012-01-24,18.74,19.52,18.56,19.52,7421998.0
2012-01-25,19.38,19.42,18.97,19.38,10327274.0
2012-01-26,19.49,19.5,18.67,18.75,6187528.0
2012-01-27,18.7,19.03,18.6,18.76,6156486.0
2012-01-30,18.49,18.82,18.45,18.74,3700296.0
2012-01-31,19.38,19.38,18.64,19.11,10394526.0
2012-02-01,20.85,21.74,20.33,20.94,22296490.0
2012-02-02,20.73,21.5,20.5,21.28,7455228.0
2012-02-03,21.56,22.14,21.5,21.99,10732430.0
2012-02-06,22.1,22.52,21.88,22.21,10962108.0
2012-02-07,22.15,22.5,21.6,21.96,11722174.0
2012-02-08,22.08,22.71,22.06,22.48,15936286.0
2012-02-09,22.38,22.62,21.92,22.42,7107892.0
2012-02-10,22.18,22.39,21.9,22.04,7004800.0
2012-02-13,22.1,22.31,21.57,21.74,8935116.0
2012-02-14,21.55,22.33,21.53,22.01,8469194.0
2012-02-15,22.2,22.5,21.73,21.85,8363134.0
2012-02-16,21.81,22.25,21.78,22.05,6863884.0
2012-02-17,22.15,22.25,21.63,21.72,7104932.0
2012-02-21,21.74,22.02,21.64,21.91,6473416.0
2012-02-22,21.94,22.21,21.74,21.76,7642260.0
2012-02-23,21.7,22.17,21.65,21.84,5967188.0
2012-02-24,21.93,22.0,21.4,21.43,5858282.0
2012-02-27,21.31,21.57,21.09,21.31,9289612.0
2012-02-28,21.27,21.3,20.66,20.83,15318254.0
2012-02-29,20.85,21.22,20.72,20.77,10256640.0
2012-03-01,20.78,21.41,20.78,21.36,10728796.0
2012-03-02,21.26,21.56,20.99,21.09,5397862.0
2012-03-05,21.14,21.44,20.85,21.38,4696678.0
2012-03-06,21.13,21.36,20.89,21.0,5533160.0
2012-03-07,20.91,21.63,20.91,21.27,5985126.0
2012-03-08,21.55,21.92,21.27,21.82,11870048.0
2012-03-09,21.83,22.0,21.57,21.95,5795382.0
2012-03-12,21.88,21.94,21.52,21.89,6024302.0
2012-03-13,21.95,22.16,21.82,22.02,8265518.0
2012-03-14,22.06,22.18,21.84,21.95,5444714.0
2012-03-15,22.02,22.21,21.75,21.95,5544370.0
2012-03-16,22.12,22.2,21.81,22.09,7662310.0
2012-03-19,22.06,22.48,22.05,22.27,3862738.0
2012-03-20,22.17,22.17,21.83,21.9,4488714.0
2012-03-21,21.89,22.01,21.62,21.84,5243230.0
2012-03-22,21.58,21.85,21.46,21.68,6899838.0
2012-03-23,21.63,22.18,21.6,22.0,4814760.0
2012-03-26,22.38,22.67,22.22,22.6,8455956.0
2012-03-27,22.65,22.69,21.99,22.0,6284640.0
2012-03-28,21.88,21.96,21.57,21.78,7307766.0
2012-03-29,21.58,21.74,21.45,21.62,5024904.0
2012-03-30,21.76,22.0,21.64,21.68,7078436.0
2012-04-02,21.69,21.84,21.5,21.72,9149610.0
2012-04-03,21.74,21.78,21.0,21.2,12358070.0
2012-04-04,21.06,21.33,20.88,21.3,7822444.0
2012-04-05,21.14,21.47,20.9,21.07,5284674.0
2012-04-09,20.81,21.39,20.81,21.23,5671214.0
2012-04-10,21.17,21.32,20.89,20.92,7829724.0
2012-04-11,21.15,21.16,20.67,20.75,6079918.0
2012-04-12,20.71,21.3,20.61,20.88,12313206.0
2012-04-13,20.85,21.08,20.74,20.81,5088508.0
2012-04-16,20.39,20.58,19.99,20.0,11497944.0
2012-04-17,20.11,20.42,20.0,20.0,7422832.0
2012-04-18,19.9,19.99,19.72,19.93,6830656.0
2012-04-19,19.99,20.23,19.79,19.87,4941484.0
2012-04-20,19.92,20.1,19.83,19.95,5271382.0
2012-04-23,19.6,20.09,19.58,20.0,4999016.0
2012-04-24,20.04,20.2,19.94,20.13,3121724.0
2012-04-25,20.28,20.39,19.85,20.06,3938404.0
2012-04-26,20.0,20.39,19.97,20.33,3327402.0
2012-04-27,20.51,20.83,20.5,20.64,5669502.0
2012-04-30,20.73,21.0,20.66,20.81,6763538.0
2012-05-01,21.36,21.43,20.52,20.6,9434098.0
2012-05-02,20.57,20.93,20.48,20.75,5196624.0
2012-05-03,20.74,20.75,20.07,20.18,6793286.0
2012-05-04,20.05,20.17,19.67,19.87,7031506.0
2012-05-07,19.72,19.98,19.64,19.83,7366428.0
2012-05-08,19.8,19.8,19.1,19.26,7882350.0
2012-05-09,19.0,19.31,18.97,19.1,7388382.0
2012-05-10,19.08,19.5,19.0,19.1,6077600.0
2012-05-11,19.02,19.03,18.57,18.6,7818494.0
2012-05-14,18.37,18.38,17.85,17.91,8644678.0
2012-05-15,17.92,18.09,17.59,17.65,7119614.0
2012-05-16,17.74,18.1,17.43,17.64,7301960.0
2012-05-17,17.64,17.89,17.43,17.43,6667708.0
2012-05-18,17.52,17.8,17.22,17.46,10112964.0
2012-05-21,17.48,18.05,17.43,17.98,4373012.0
2012-05-22,18.05,18.26,17.58,17.69,5883774.0
2012-05-23,17.57,17.74,17.2,17.71,5765566.0
2012-05-24,17.81,17.9,17.6,17.9,5162102.0
2012-05-25,17.82,18.52,17.82,18.44,6079600.0
2012-05-29,18.57,18.69,18.42,18.61,6731138.0
2012-05-30,18.42,18.48,18.15,18.29,5838870.0
2012-05-31,18.35,18.36,17.64,18.03,7846572.0
2012-06-01,17.68,17.86,17.52,17.62,5773658.0
2012-06-04,17.61,17.74,16.83,17.14,6215454.0
2012-06-05,17.14,17.67,17.13,17.6,5363462.0
2012-06-06,17.81,18.53,17.76,18.16,5931834.0
2012-06-07,18.55,19.02,18.4,18.62,7936748.0
2012-06-08,18.47,18.7,18.31,18.68,4541444.0
2012-06-11,18.96,19.18,18.67,18.94,6474814.0
2012-06-12,18.94,19.66,18.93,19.53,8485248.0
2012-06-13,19.4,19.48,19.15,19.38,5740946.0
2012-06-14,19.43,19.82,19.34,19.7,3944816.0
2012-06-15,19.49,20.09,19.49,20.08,8011600.0
2012-06-18,19.94,20.01,19.53,19.92,7129076.0
2012-06-19,20.09,20.6,19.88,20.43,7782866.0
2012-06-20,20.84,21.42,20.71,21.4,13889380.0
2012-06-21,21.45,21.49,20.57,20.67,8412766.0
2012-06-22,20.85,20.96,20.44,20.9,13381706.0
2012-06-25,20.74,20.74,20.17,20.67,5619434.0
2012-06-26,20.67,21.41,20.66,21.27,7313136.0
2012-06-27,21.38,21.42,20.97,21.26,5665514.0
2012-06-28,21.13,22.12,21.02,22.09,8631760.0
2012-06-29,22.45,22.67,22.01,22.46,10998836.0
2012-07-02,22.8,23.26,22.44,23.03,7390554.0
2012-07-03,23.18,23.18,22.5,22.68,7438426.0
2012-07-05,22.5,22.55,22.06,22.1,8391204.0
2012-07-06,21.85,22.27,21.67,22.25,4712892.0
2012-07-09,22.27,22.27,21.99,22.19,5588286.0
2012-07-10,22.33,22.49,21.91,22.0,5399702.0
2012-07-11,22.06,22.49,21.79,22.19,7089560.0
2012-07-12,21.65,21.88,21.3,21.72,9386826.0
2012-07-13,21.84,22.51,21.72,22.48,8649852.0
2012-07-16,22.38,22.48,22.13,22.42,5437422.0
2012-07-17,22.51,22.82,22.27,22.73,6909556.0
2012-07-18,22.63,23.58,22.63,23.42,6735690.0
2012-07-19,23.48,23.74,22.67,22.75,7954764.0
2012-07-20,22.68,22.86,22.53,22.78,3373072.0
2012-07-23,22.42,23.05,22.3,22.93,4756112.0
2012-07-24,22.83,22.92,21.81,22.22,7523658.0
2012-07-25,22.36,22.42,22.07,22.25,4708046.0
2012-07-26,22.66,23.08,22.54,22.91,5176230.0
2012-07-27,22.89,23.55,22.89,23.52,5084948.0
2012-07-30,23.42,23.97,23.1,23.74,5356848.0
2012-07-31,23.7,24.44,23.39,23.65,9496422.0
2012-08-01,23.81,23.91,22.18,23.4,18800860.0
2012-08-02,23.12,24.09,23.12,24.0,9223596.0
2012-08-03,24.46,24.83,24.15,24.69,7230632.0
2012-08-06,24.78,24.83,24.43,24.67,4207566.0
2012-08-07,24.85,25.4,24.75,25.22,6975620.0
2012-08-08,24.98,25.0,24.36,24.74,5830398.0
2012-08-09,24.75,24.75,24.36,24.4,5698344.0
2012-08-10,24.16,24.81,23.98,24.78,5729590.0
2012-08-13,24.78,24.9,24.41,24.78,4854946.0
2012-08-14,24.8,24.8,24.36,24.57,4362804.0
2012-08-15,24.58,24.92,24.33,24.86,5189348.0
2012-08-16,24.83,25.02,24.6,24.85,6093456.0
2012-08-17,24.88,25.08,24.51,24.62,6759866.0
2012-08-20,24.67,24.94,24.52,24.77,5108698.0
2012-08-21,24.85,25.09,24.38,24.46,5700078.0
2012-08-22,24.47,24.68,24.07,24.62,3986078.0
2012-08-23,24.55,24.62,24.27,24.52,2757098.0
2012-08-24,24.42,24.47,24.02,24.38,3464860.0
2012-08-27,24.5,25.25,24.48,24.8,5755414.0
2012-08-28,24.76,25.25,24.73,24.92,5282840.0
2012-08-29,24.95,25.11,24.82,24.86,3183368.0
2012-08-30,24.72,25.5,24.58,25.41,5626952.0
2012-08-31,25.51,25.97,25.42,25.88,7880858.0
2012-09-04,25.87,25.88,25.14,25.4,5189204.0
2012-09-05,25.38,25.42,25.1,25.16,5202588.0
2012-09-06,25.36,25.81,25.25,25.46,5434082.0
2012-09-07,25.58,25.99,25.51,25.94,3713282.0
2012-09-10,25.95,26.31,25.95,26.18,3613404.0
2012-09-11,26.25,26.75,26.23,26.67,5511140.0
2012-09-12,26.83,27.15,26.73,26.74,6444028.0
2012-09-13,26.81,27.41,26.42,27.33,5895630.0
2012-09-14,27.45,28.11,27.38,27.81,6451074.0
2012-09-17,27.58,27.58,26.46,26.82,7284190.0
2012-09-18,26.04,26.44,25.36,26.03,13021382.0
2012-09-19,26.0,26.75,25.99,26.6,7473334.0
2012-09-20,26.47,26.81,26.18,26.68,5248062.0
2012-09-21,26.82,27.06,26.7,26.86,6565244.0
2012-09-24,26.76,26.99,26.6,26.73,3611468.0
2012-09-25,26.91,27.25,26.81,26.83,7181204.0
2012-09-26,26.76,27.0,26.0,26.5,6965356.0
2012-09-27,26.49,27.26,26.38,27.26,4347332.0
2012-09-28,27.18,27.33,26.91,27.3,4748378.0
2012-10-01,27.44,27.94,27.12,27.67,5216522.0
2012-10-02,27.72,27.9,27.58,27.69,4060030.0
2012-10-03,27.7,27.7,27.23,27.26,4394082.0
2012-10-04,27.39,27.89,27.33,27.8,5613172.0
2012-10-05,28.0,28.46,27.37,27.43,6538164.0
2012-10-08,28.61,30.02,28.24,28.96,18623726.0
2012-10-09,29.27,29.5,28.56,28.57,8248004.0
2012-10-10,28.38,28.83,27.39,27.65,10620902.0
2012-10-11,28.25,28.33,27.32,27.33,7214824.0
2012-10-12,27.33,27.48,26.36,27.15,8333200.0
2012-10-15,27.12,27.42,26.79,27.19,4308456.0
2012-10-16,27.41,27.74,27.25,27.52,3856780.0
2012-10-17,27.67,28.05,27.53,27.88,4027678.0
2012-10-18,27.81,28.0,27.33,27.4,5600392.0
2012-10-19,27.58,27.83,27.23,27.47,4888094.0
2012-10-22,27.59,27.75,26.85,27.26,4712624.0
2012-10-23,26.75,26.86,26.3,26.62,5155308.0
2012-10-24,26.78,27.27,26.67,26.85,3486042.0
2012-10-25,26.99,27.25,26.68,26.98,2833572.0
2012-10-26,27.27,27.86,27.19,27.81,4881608.0
2012-10-31,27.83,27.9,27.0,27.47,5480702.0
2012-11-01,27.44,27.59,26.29,27.01,7262250.0
2012-11-02,27.28,27.28,26.18,26.52,6790144.0
2012-11-05,26.53,27.65,26.52,27.38,6719774.0
2012-11-06,27.7,28.59,27.48,28.49,8509222.0
2012-11-07,28.02,28.39,27.43,27.73,5502382.0
2012-11-08,27.72,28.06,27.11,27.16,5078844.0
2012-11-09,26.79,26.93,26.33,26.56,6529300.0
2012-11-12,26.75,27.37,26.75,26.94,5294024.0
2012-11-13,26.82,27.47,26.63,26.95,4391742.0
2012-11-14,27.15,27.23,26.49,26.57,5887894.0
2012-11-15,26.64,27.19,26.52,27.03,6307188.0
2012-11-16,27.01,27.26,26.75,27.17,7317992.0
2012-11-19,27.43,28.34,27.42,28.28,6946620.0
2012-11-20,28.28,28.9,28.17,28.5,6523472.0
2012-11-21,28.74,29.0,28.57,28.92,4166872.0
2012-11-23,29.11,29.5,29.07,29.49,2007410.0
2012-11-26,29.38,29.55,29.17,29.53,4679142.0
2012-11-27,29.67,29.68,29.25,29.3,5961260.0
2012-11-28,28.98,29.78,28.84,29.62,5923770.0
2012-11-29,29.72,29.95,29.56,29.73,5281226.0
2012-11-30,29.61,29.88,29.43,29.77,5146756.0
2012-12-03,29.9,29.95,29.45,29.77,5783242.0
2012-12-04,29.68,29.94,29.54,29.58,4738186.0
2012-12-05,29.7,29.93,28.75,29.06,6392616.0
2012-12-06,28.97,29.83,28.88,29.7,8582196.0
2012-12-07,29.93,30.37,29.68,30.35,8381984.0
2012-12-10,30.25,31.25,30.24,31.0,8624082.0
2012-12-11,31.06,31.38,30.58,30.71,8739882.0
2012-12-12,30.91,31.11,30.32,30.76,7966230.0
2012-12-13,30.75,31.02,30.5,30.89,6203294.0
2012-12-14,30.85,31.5,30.85,31.42,6894504.0
2012-12-17,31.47,31.68,31.22,31.48,5535752.0
2012-12-18,31.57,31.69,31.38,31.5,4917470.0
2012-12-19,31.5,31.72,31.08,31.11,8450990.0
2012-12-20,31.21,31.32,30.98,31.13,5217956.0
2012-12-21,30.67,31.25,30.58,31.07,8529074.0
2012-12-24,30.92,31.5,30.89,31.18,2139320.0
2012-12-26,31.32,31.32,30.69,30.83,2978650.0
2012-12-27,30.85,31.08,30.39,31.01,3663012.0
2012-12-28,30.76,30.88,30.51,30.56,3272366.0
2012-12-31,30.49,31.5,30.44,31.5,4202694.0
2013-01-02,32.08,32.1,31.41,32.01,6321206.0
2013-01-03,31.95,32.0,30.98,31.11,7296822.0
2013-01-04,31.2,31.57,30.5,31.27,6589098.0
2013-01-07,31.04,31.04,30.02,30.12,11086844.0
2013-01-08,30.23,30.86,30.14,30.77,9827382.0
2013-01-09,31.03,31.33,30.88,31.21,7302024.0
2013-01-10,31.44,31.5,31.02,31.4,6480962.0
2013-01-11,31.35,31.49,30.85,31.0,6742668.0
2013-01-14,31.1,31.32,30.95,31.31,4476226.0
2013-01-15,31.16,32.22,31.1,32.13,5688752.0
2013-01-16,32.0,32.69,31.98,32.37,5763442.0
2013-01-17,32.6,33.04,32.52,32.69,7049776.0
2013-01-18,32.84,32.96,31.95,32.6,7196984.0
2013-01-22,32.63,33.82,32.57,33.56,6046464.0
2013-01-23,33.62,34.04,33.26,33.79,7568088.0
2013-01-24,33.78,34.54,33.78,34.33,5068168.0
2013-01-25,34.44,34.5,34.04,34.33,4656824.0
2013-01-28,34.28,34.59,33.31,34.33,5798336.0
2013-01-29,34.99,36.21,34.93,35.99,11115036.0
2013-01-30,36.55,36.7,35.44,36.44,10041986.0
2013-01-31,36.35,37.51,36.19,37.1,8100404.0
2013-02-01,37.53,38.21,37.28,38.1,7499770.0
2013-02-04,37.83,38.61,37.72,38.4,7423820.0
2013-02-05,38.67,38.7,38.08,38.34,8406454.0
2013-02-06,38.26,39.19,38.26,38.9,6358906.0
2013-02-07,38.98,39.56,38.71,39.51,8834286.0
2013-02-08,39.78,41.04,39.78,40.72,8354446.0
2013-02-11,40.85,41.25,40.54,40.85,7027128.0
2013-02-12,40.89,41.0,40.12,40.44,6500644.0
2013-02-13,40.38,40.95,40.23,40.83,4563476.0
2013-02-14,40.59,41.88,40.46,41.58,5921190.0
2013-02-15,41.4,41.59,40.76,41.28,5679968.0
2013-02-19,41.51,42.13,41.28,42.1,8598254.0
2013-02-20,42.03,42.31,40.03,40.12,9563334.0
2013-02-21,39.94,40.6,38.83,40.29,10590600.0
2013-02-22,40.65,40.79,39.98,40.76,5221710.0
2013-02-25,40.87,41.47,39.62,39.64,5922546.0
2013-02-26,39.69,40.33,39.17,40.28,5783066.0
2013-02-27,40.19,41.63,40.09,41.37,5972972.0
2013-02-28,41.32,41.93,41.28,41.44,4813234.0
2013-03-01,41.17,42.51,41.17,42.51,6742068.0
2013-03-04,42.4,44.97,42.35,44.9,11789466.0
2013-03-05,45.04,45.24,43.85,44.38,12052414.0
2013-03-06,44.62,44.84,44.13,44.27,5950438.0
2013-03-07,44.3,44.51,43.64,44.14,7404188.0
2013-03-08,44.52,44.7,43.81,44.51,7495980.0
2013-03-11,44.24,44.29,43.5,43.94,7916312.0
2013-03-12,43.87,44.93,43.64,44.49,5937202.0
2013-03-13,44.26,44.37,43.09,43.42,9499732.0
2013-03-14,43.63,43.93,43.04,43.85,7342152.0
2013-03-15,43.9,44.31,43.65,43.97,9877226.0
2013-03-18,43.45,44.87,43.15,44.37,5541126.0
2013-03-19,44.33,44.74,43.67,44.15,6270030.0
2013-03-20,44.73,45.99,44.54,45.56,6160628.0
2013-03-21,45.26,45.62,44.52,44.53,7650366.0
2013-03-22,44.73,45.94,44.6,45.46,5066038.0
2013-03-25,45.88,46.37,44.85,45.1,5702926.0
2013-03-26,45.35,45.78,45.1,45.47,5243746.0
2013-03-27,45.26,45.44,44.7,44.83,5737926.0
2013-03-28,44.83,45.22,44.65,44.8,5276128.0
2013-04-01,44.78,45.01,44.15,44.92,4971310.0
2013-04-02,45.19,45.27,42.38,42.74,8669852.0
2013-04-03,42.74,42.74,39.25,40.69,18626990.0
2013-04-04,40.58,41.95,40.38,41.31,8338220.0
2013-04-05,40.53,41.42,39.75,41.19,6353302.0
2013-04-08,41.44,41.74,40.97,41.68,4993212.0
2013-04-09,41.83,42.69,41.33,42.4,5207830.0
2013-04-10,42.58,42.78,42.0,42.17,5100942.0
2013-04-11,42.15,42.28,40.38,41.03,10707510.0
2013-04-12,40.49,40.71,39.2,40.15,9943852.0
2013-04-15,39.6,40.1,38.57,38.76,10915688.0
2013-04-16,39.2,39.69,38.83,39.44,7204262.0
2013-04-17,38.87,39.17,37.6,38.31,7759072.0
2013-04-18,38.28,38.99,37.65,38.49,7908826.0
2013-04-19,38.71,39.38,38.39,39.38,6213124.0
2013-04-22,39.43,40.42,38.98,39.99,5784058.0
2013-04-23,40.06,40.99,40.03,40.78,5274386.0
2013-04-24,41.03,41.76,40.97,41.31,5325760.0
2013-04-25,41.6,42.15,40.69,40.81,5400852.0
2013-04-26,40.8,40.85,40.21,40.67,4257232.0
2013-04-29,40.85,41.67,40.81,41.21,5419062.0
2013-04-30,39.97,40.81,38.42,39.18,13876302.0
2013-05-01,38.8,38.81,36.73,36.74,15908596.0
2013-05-02,36.83,38.31,36.78,37.9,9519700.0
2013-05-03,38.24,39.34,38.24,39.05,8823820.0
2013-05-06,38.99,40.39,38.86,40.17,5726772.0
2013-05-07,40.44,40.96,40.09,40.72,6623744.0
2013-05-08,40.62,40.68,39.13,39.31,7932536.0
2013-05-09,39.22,39.49,38.58,39.24,5669112.0
2013-05-10,38.88,38.88,38.11,38.69,7921288.0
2013-05-13,38.61,38.84,37.9,38.22,6110332.0
2013-05-14,38.21,38.98,38.08,38.92,5706002.0
2013-05-15,38.94,40.15,38.94,39.69,5736542.0
2013-05-16,39.52,40.38,39.15,39.26,6028308.0
2013-05-17,39.56,41.53,39.56,41.34,8992960.0
2013-05-20,41.33,43.0,41.27,42.3,7580028.0
2013-05-21,42.27,42.27,40.94,41.44,6178150.0
2013-05-22,41.47,41.98,40.47,41.22,7025956.0
2013-05-23,40.44,41.53,40.06,41.18,4425618.0
2013-05-24,40.95,41.06,40.35,41.03,3205706.0
2013-05-28,41.74,42.22,41.4,41.88,4441864.0
2013-05-29,41.55,42.06,41.12,41.85,2994430.0
2013-05-30,41.81,42.03,41.26,41.77,4177660.0
2013-05-31,41.65,42.22,41.25,41.25,5174114.0
2013-06-03,41.31,41.51,40.08,41.01,4824020.0
2013-06-04,40.78,41.26,39.92,40.31,4819376.0
2013-06-05,40.21,41.04,39.78,39.97,5644764.0
2013-06-06,39.95,41.38,39.83,41.38,5384072.0
2013-06-07,41.42,41.88,40.99,41.81,4276894.0
2013-06-10,41.81,42.08,41.12,41.21,4506562.0
2013-06-11,40.46,40.89,39.92,39.93,4611172.0
2013-06-12,40.4,40.47,39.51,39.64,5115980.0
2013-06-13,39.56,40.51,39.51,40.4,4457020.0
2013-06-14,40.05,40.51,39.75,39.81,3119152.0
2013-06-17,40.05,40.25,39.35,39.5,4654636.0
2013-06-18,39.37,39.9,39.23,39.46,7257186.0
2013-06-19,39.63,40.22,39.15,39.15,4919496.0
2013-06-20,38.59,38.6,36.43,36.9,10556288.0
2013-06-21,37.24,37.25,35.36,36.4,11564956.0
2013-06-24,35.96,35.98,34.65,35.19,7746204.0
2013-06-25,35.77,36.22,35.72,36.04,7365438.0
2013-06-26,36.42,36.93,36.07,36.22,6059910.0
2013-06-27,36.56,36.85,35.35,35.53,7349992.0
2013-06-28,35.42,35.56,35.15,35.53,15079410.0
2013-07-01,35.42,36.33,35.03,35.19,5556034.0
2013-07-02,35.29,35.44,34.17,34.65,8501494.0
2013-07-03,34.56,35.42,33.79,35.37,5515112.0
2013-07-05,34.46,35.33,33.8,34.49,6162146.0
2013-07-08,34.6,35.24,34.6,34.72,6803188.0
2013-07-09,34.97,35.19,34.69,35.06,4819228.0
2013-07-10,35.21,35.22,33.97,34.15,7129202.0
2013-07-11,34.75,35.84,34.39,35.76,7578482.0
2013-07-12,35.21,37.1,35.1,36.62,8991162.0
2013-07-15,36.6,36.96,36.17,36.55,5191376.0
2013-07-16,35.74,36.22,34.53,34.97,10226896.0
2013-07-17,34.96,35.42,34.87,34.88,4450408.0
2013-07-18,34.99,35.05,34.0,34.15,8348490.0
2013-07-19,34.43,34.83,33.94,34.8,6667186.0
2013-07-22,34.83,35.12,34.5,34.92,4830784.0
2013-07-23,35.03,36.18,34.97,35.88,5401108.0
2013-07-24,35.92,35.94,34.94,35.19,5162080.0
2013-07-25,35.04,36.08,34.9,36.03,5070648.0
2013-07-26,35.99,36.38,35.69,35.96,3327106.0
2013-07-29,35.99,36.24,35.67,36.12,3747292.0
2013-07-30,36.25,36.79,36.12,36.51,5062980.0
2013-07-31,36.53,37.38,36.19,36.67,5855798.0
2013-08-01,36.93,38.01,36.93,37.54,6840236.0
2013-08-02,36.94,37.08,35.78,35.97,7230610.0
2013-08-05,35.88,35.97,35.42,35.85,3974942.0
2013-08-06,35.85,36.6,35.25,35.56,7383618.0
2013-08-07,35.55,36.15,35.4,35.86,5625230.0
2013-08-08,35.94,36.95,35.88,36.24,5427268.0
2013-08-09,36.37,36.71,36.25,36.62,4739356.0
2013-08-12,36.47,36.87,36.22,36.53,4768864.0
2013-08-13,36.69,37.53,36.51,37.47,4176724.0
2013-08-14,37.38,37.74,36.83,36.85,6723868.0
2013-08-15,36.63,36.64,35.29,35.33,8018256.0
2013-08-16,35.33,35.33,34.42,35.0,7379482.0
2013-08-19,34.81,35.46,34.51,34.53,6285770.0
2013-08-20,34.53,35.83,34.27,35.49,6651056.0
2013-08-21,35.37,36.49,35.12,35.92,5060814.0
2013-08-22,36.14,37.87,35.98,37.43,7023650.0
2013-08-23,37.53,38.29,37.34,37.53,7869808.0
2013-08-26,37.62,38.06,37.35,37.4,5877374.0
2013-08-27,36.94,37.24,36.35,36.55,6440548.0
2013-08-28,36.66,37.28,36.54,37.02,4335968.0
2013-08-29,36.91,37.38,36.6,36.81,3831480.0
2013-08-30,36.97,37.33,36.1,36.26,4815562.0
2013-09-03,36.82,37.28,36.58,36.72,4477394.0
2013-09-04,36.56,36.99,36.35,36.83,3638350.0
2013-09-05,36.88,37.17,36.03,36.05,4892066.0
2013-09-06,36.13,36.36,35.24,35.42,6014182.0
2013-09-09,35.43,35.5,34.67,34.81,7781138.0
2013-09-10,34.74,34.78,33.96,34.05,8854066.0
2013-09-11,34.08,34.19,33.33,33.85,7547068.0
2013-09-12,33.84,33.9,33.31,33.47,5362218.0
2013-09-13,33.66,34.29,33.56,33.94,5797472.0
2013-09-16,34.17,34.28,33.45,33.47,4384850.0
2013-09-17,33.44,33.74,32.78,33.1,6659444.0
2013-09-18,33.12,33.31,32.68,33.13,8218064.0
2013-09-19,33.38,33.78,32.57,32.71,9785426.0
2013-09-20,32.72,32.9,32.19,32.26,10430248.0
2013-09-23,32.22,32.29,31.47,31.5,7327834.0
2013-09-24,31.49,32.35,31.25,32.15,9040978.0
2013-09-25,32.27,32.68,31.81,32.24,8645512.0
2013-09-26,32.33,32.47,31.83,32.07,6170722.0
2013-09-27,32.25,32.81,32.15,32.47,7116138.0
2013-09-30,31.94,32.28,31.52,32.16,9147714.0
2013-10-01,32.08,32.38,31.69,32.15,6648726.0
2013-10-02,31.98,32.97,31.98,32.67,8029354.0
2013-10-03,32.49,32.81,32.3,32.62,5098344.0
2013-10-04,32.42,32.87,32.09,32.62,5138224.0
2013-10-07,32.43,32.56,31.58,31.96,5026676.0
2013-10-08,31.94,31.99,31.25,31.25,6714478.0
2013-10-09,31.26,31.26,30.66,31.05,7421992.0
2013-10-10,31.69,32.96,31.5,32.65,8428440.0
2013-10-11,32.65,33.94,32.51,33.62,8977110.0
2013-10-14,33.24,33.69,32.94,33.6,4481888.0
2013-10-15,33.85,34.56,33.76,34.22,9239226.0
2013-10-16,34.68,34.68,34.1,34.47,6075250.0
2013-10-17,34.38,35.19,34.26,35.09,6378986.0
2013-10-18,35.35,35.37,34.94,35.37,5053426.0
2013-10-21,35.49,35.78,35.22,35.47,4219218.0
2013-10-22,35.69,36.6,35.69,36.25,7315264.0
2013-10-23,36.15,37.58,35.99,36.04,10102428.0
2013-10-24,36.0,36.0,34.51,34.6,10607520.0
2013-10-25,34.71,35.13,34.21,34.94,6272858.0
2013-10-28,35.15,36.29,35.15,35.6,5972356.0
2013-10-29,35.6,36.23,35.29,35.41,3767966.0
2013-10-30,35.49,36.29,35.01,36.26,7804794.0
2013-10-31,36.18,37.5,35.79,35.83,9672360.0
2013-11-01,35.92,36.03,35.08,35.43,7032078.0
2013-11-04,35.49,35.88,35.09,35.85,4845260.0
2013-11-05,35.6,35.74,35.22,35.36,5071602.0
2013-11-06,35.6,35.98,35.06,35.2,5272584.0
2013-11-07,35.03,35.54,34.69,35.22,8184850.0
2013-11-08,35.2,35.94,34.9,35.83,5051504.0
2013-11-11,35.78,36.12,35.4,36.1,3816186.0
2013-11-12,36.15,37.21,36.03,37.01,6765118.0
2013-11-13,36.88,37.58,36.62,37.55,5737824.0
2013-11-14,37.74,39.7,37.69,39.43,13853260.0
2013-11-15,39.31,39.75,38.87,39.42,9418500.0
2013-11-18,39.37,39.63,38.6,38.72,6700796.0
2013-11-19,38.74,39.88,38.37,39.42,10812860.0
2013-11-20,39.51,39.58,38.42,38.7,5747980.0
2013-11-21,38.75,39.49,38.41,39.39,5360642.0
2013-11-22,39.67,40.22,39.64,40.12,6741284.0
2013-11-25,40.28,41.05,39.87,40.89,9178436.0
2013-11-26,41.1,41.66,40.76,40.78,9426522.0
2013-11-27,40.78,42.83,40.78,42.17,11929234.0
2013-11-29,42.32,42.32,41.31,41.37,3893736.0
2013-12-02,41.92,44.12,41.71,43.71,12023246.0
2013-12-03,43.46,44.15,43.19,43.49,9650498.0
2013-12-04,42.04,42.92,41.12,41.63,14658188.0
2013-12-05,42.24,42.7,41.41,41.92,10253670.0
2013-12-06,42.36,44.43,42.33,43.6,12493130.0
2013-12-09,43.88,44.4,42.71,42.78,12114364.0
2013-12-10,42.73,44.03,41.62,43.76,10818942.0
2013-12-11,43.6,43.74,42.58,42.99,6910404.0
2013-12-12,43.06,43.42,42.22,42.85,6871122.0
2013-12-13,42.9,43.01,41.76,42.6,7494304.0
2013-12-16,42.72,43.67,42.72,43.17,9189118.0
2013-12-17,43.17,43.49,42.69,43.04,5618602.0
2013-12-18,42.91,43.81,42.4,43.39,7971948.0
2013-12-19,43.57,43.9,42.76,42.85,6993166.0
2013-12-20,42.75,44.03,42.72,43.63,11516678.0
2013-12-23,44.1,44.97,43.92,44.38,4918230.0
2013-12-24,44.36,44.69,44.03,44.67,1793480.0
2013-12-26,44.57,44.9,44.47,44.77,2618436.0
2013-12-27,44.94,44.94,43.88,44.56,3128834.0
2013-12-30,44.54,44.74,43.74,44.25,3245118.0
2013-12-31,44.51,45.97,44.51,45.87,6417606.0
2014-01-02,45.74,45.91,44.42,44.74,6070238.0
2014-01-03,44.92,45.12,43.89,44.13,4357374.0
2014-01-06,44.28,45.01,44.06,44.35,4191576.0
2014-01-07,44.46,44.72,43.26,44.5,7566960.0
2014-01-08,44.62,44.62,43.56,44.34,8400382.0
2014-01-09,44.51,45.93,44.35,45.52,10665486.0
2014-01-10,45.5,45.93,44.62,45.49,5297766.0
2014-01-13,45.49,45.78,43.83,44.08,6918654.0
2014-01-14,44.69,45.22,44.2,44.55,6102010.0
2014-01-15,44.79,44.81,42.49,43.33,11716320.0
2014-01-16,43.13,43.4,42.34,42.85,7891538.0
2014-01-17,42.76,43.33,42.51,42.64,7060226.0
2014-01-21,43.14,43.76,42.91,43.17,5157356.0
2014-01-22,43.38,43.46,42.24,42.79,5248192.0
2014-01-23,43.43,43.43,41.88,42.72,8390744.0
2014-01-24,42.17,42.25,41.03,41.49,5502118.0
2014-01-27,41.49,41.99,40.69,41.75,8472682.0
2014-01-28,41.67,41.76,41.0,41.58,5317212.0
2014-01-29,42.19,44.1,41.01,43.26,15533510.0
2014-01-30,43.93,44.47,42.89,43.75,6661758.0
2014-01-31,43.54,44.38,43.1,43.53,8399550.0
2014-02-03,43.7,43.7,41.79,42.17,9182634.0
2014-02-04,42.28,42.33,40.6,41.62,10087164.0
2014-02-05,41.29,41.47,40.34,41.15,10038106.0
2014-02-06,41.17,41.74,40.83,41.67,5265126.0
2014-02-07,41.88,42.76,41.78,42.24,5137772.0
2014-02-10,42.23,42.25,41.01,41.26,6340288.0
2014-02-11,41.25,42.45,41.17,42.23,7046856.0
2014-02-12,42.29,42.81,41.93,42.1,5172834.0
2014-02-13,41.97,42.92,41.95,42.79,6113472.0
2014-02-14,42.78,44.33,42.44,43.85,6001196.0
2014-02-18,44.03,44.57,43.51,43.85,5360026.0
2014-02-19,43.74,44.54,43.41,43.51,6390514.0
2014-02-20,43.69,44.37,43.19,43.97,5420830.0
2014-02-21,43.96,44.24,43.58,43.65,4939604.0
2014-02-24,44.38,44.77,44.01,44.06,5838960.0
2014-02-25,44.06,45.54,43.86,44.94,9419040.0
2014-02-26,44.87,45.46,43.78,44.02,6570432.0
2014-02-27,44.0,44.0,41.68,42.08,14379770.0
2014-02-28,41.99,42.58,41.76,42.0,6486014.0
2014-03-03,41.88,42.74,41.44,41.69,6215102.0
2014-03-04,42.05,42.46,41.45,42.35,7198802.0
2014-03-05,42.1,43.38,42.05,43.09,6024188.0
2014-03-06,43.26,45.0,43.26,44.74,9340952.0
2014-03-07,45.03,45.3,44.6,45.0,8229780.0
2014-03-10,45.0,45.96,44.93,45.54,8218930.0
2014-03-11,45.62,45.87,44.89,45.65,7221642.0
2014-03-12,45.59,47.34,45.56,47.25,10853470.0
2014-03-13,47.19,47.26,46.06,46.28,8558816.0
2014-03-14,46.26,47.34,46.21,46.99,6533428.0
2014-03-17,47.14,47.44,46.65,46.78,7592474.0
2014-03-18,46.79,47.33,46.38,47.07,6144092.0
2014-03-19,46.94,47.0,45.63,45.83,5648454.0
2014-03-20,45.75,46.28,45.37,45.96,5188316.0
2014-03-21,46.33,46.79,45.16,45.35,9785308.0
2014-03-24,45.49,45.92,44.53,44.81,7331076.0
2014-03-25,45.01,45.87,44.99,45.32,5048490.0
2014-03-26,45.42,45.79,44.51,44.55,5223482.0
2014-03-27,44.38,44.47,43.37,43.65,6879016.0
2014-03-28,43.88,44.19,43.56,43.83,4366222.0
2014-03-31,44.0,44.22,43.4,43.52,5579932.0
2014-04-01,43.58,44.8,43.53,44.77,8850008.0
2014-04-02,44.33,44.33,43.38,43.58,7907870.0
2014-04-03,43.78,43.88,43.54,43.58,5124432.0
2014-04-04,43.88,44.19,43.24,43.55,5920570.0
2014-04-07,43.4,43.56,42.08,42.54,5041948.0
2014-04-08,42.6,42.74,41.4,41.95,7488362.0
2014-04-09,41.88,43.19,41.65,42.56,6291332.0
2014-04-10,42.48,43.37,41.97,42.26,6598358.0
2014-04-11,42.17,42.61,41.33,41.65,7891340.0
2014-04-14,41.97,42.42,41.65,42.28,5615182.0
2014-04-15,42.4,43.33,42.31,43.29,7724956.0
2014-04-16,43.58,44.47,43.22,44.39,6155386.0
2014-04-17,44.27,45.21,44.23,44.96,5594012.0
2014-04-21,44.28,45.27,44.28,45.07,3252216.0
2014-04-22,44.76,45.63,43.9,45.19,6409868.0
2014-04-23,45.33,45.74,45.15,45.42,4273778.0
2014-04-24,45.51,45.78,44.93,45.37,4380346.0
2014-04-25,45.51,45.83,45.22,45.37,4442750.0
2014-04-28,45.78,47.08,45.07,46.46,7105674.0
2014-04-29,46.81,47.29,46.53,46.69,4785464.0
2014-04-30,46.65,47.14,46.4,46.47,9770864.0
2014-05-01,44.5,48.64,44.37,47.72,11084432.0
2014-05-02,47.81,48.5,47.21,47.88,5491502.0
2014-05-05,47.72,48.37,47.22,47.9,6481726.0
2014-05-06,47.79,48.85,47.67,48.35,7757492.0
2014-05-07,48.24,48.4,47.33,47.6,5786036.0
2014-05-08,47.6,48.06,46.16,46.4,6225014.0
2014-05-09,46.59,46.59,45.35,45.65,4853588.0
2014-05-12,45.82,46.58,45.79,46.01,4840892.0
2014-05-13,46.24,46.78,43.02,45.88,5439674.0
2014-05-14,45.83,46.5,44.97,45.91,5395466.0
2014-05-15,45.6,45.61,44.56,44.95,5937402.0
2014-05-16,44.92,45.02,44.28,44.53,4317684.0
2014-05-19,44.15,44.79,44.05,44.44,4890932.0
2014-05-20,44.31,45.16,44.17,44.31,4671566.0
2014-05-21,44.4,44.65,43.35,43.85,5646436.0
2014-05-22,43.78,44.92,43.38,43.46,7462216.0
2014-05-23,43.44,43.79,43.1,43.57,4625922.0
2014-05-27,43.6,43.87,43.28,43.47,5096008.0
2014-05-28,43.69,44.58,43.49,43.69,7556068.0
2014-05-29,44.22,44.99,43.51,44.9,5173462.0
2014-05-30,44.76,45.0,44.38,44.69,4271620.0
2014-06-02,44.94,45.01,44.33,44.86,3391890.0
2014-06-03,44.88,44.9,44.0,44.04,4737352.0
2014-06-04,44.0,44.49,43.62,43.92,5627292.0
2014-06-05,44.06,44.38,43.6,43.95,8724586.0
2014-06-06,44.19,44.19,43.42,43.85,4157354.0
2014-06-09,43.74,44.3,43.49,43.75,4777160.0
2014-06-10,43.75,43.78,42.58,42.85,8261234.0
2014-06-11,43.21,43.21,42.51,42.85,4279016.0
2014-06-12,43.06,43.42,42.42,43.33,8324344.0
2014-06-13,43.4,43.58,43.08,43.21,4127354.0
2014-06-16,43.19,43.35,42.87,42.94,3916214.0
2014-06-17,42.87,43.33,42.42,43.29,7714696.0
2014-06-18,43.32,44.44,42.89,44.32,6749994.0
2014-06-19,44.5,44.88,44.38,44.81,5882558.0
2014-06-20,44.9,45.1,44.49,44.81,7134000.0
2014-06-23,44.9,45.08,44.38,44.49,3866132.0
2014-06-24,44.53,44.68,43.15,43.22,6239724.0
2014-06-25,40.38,41.05,38.98,40.49,27575854.0
2014-06-26,40.33,40.82,40.04,40.47,9658250.0
2014-06-27,40.51,40.62,39.58,39.7,14646060.0
2014-06-30,39.67,39.76,38.97,39.03,7780874.0
2014-07-01,39.13,39.49,38.94,39.31,5785328.0
2014-07-02,39.13,40.17,39.1,39.94,6280162.0
2014-07-03,39.99,40.5,39.76,40.45,4323442.0
2014-07-07,40.22,40.5,39.54,39.74,5309392.0
2014-07-08,39.79,39.83,38.9,38.92,6529048.0
2014-07-09,39.04,39.31,38.59,39.04,5026882.0
2014-07-10,38.63,38.94,38.36,38.71,6558860.0
2014-07-11,39.29,39.78,38.97,39.43,5679596.0
2014-07-14,39.61,39.65,38.88,39.04,4885916.0
2014-07-15,38.73,39.82,38.62,39.51,6498510.0
2014-07-16,39.62,39.83,39.0,39.22,5106660.0
2014-07-17,39.01,39.28,38.33,38.38,5252074.0
2014-07-18,38.66,38.83,38.39,38.46,5385782.0
2014-07-21,38.53,38.58,37.92,37.97,5123176.0
2014-07-22,38.19,38.5,37.84,37.9,5202296.0
2014-07-23,38.15,38.66,37.94,38.31,4275076.0
2014-07-24,38.41,39.12,38.38,38.72,5539746.0
2014-07-25,38.75,39.33,38.58,39.29,6125074.0
2014-07-28,39.42,39.67,38.82,38.9,5551698.0
2014-07-29,39.26,40.24,39.18,39.81,8105746.0
2014-07-30,39.79,40.06,39.23,39.49,6335192.0
2014-07-31,40.54,42.49,40.54,41.74,15821474.0
2014-08-01,41.85,43.04,41.42,41.78,13103456.0
2014-08-04,41.75,42.44,41.4,42.24,6393974.0
2014-08-05,41.89,42.9,41.64,42.51,7867054.0
2014-08-06,42.33,43.66,42.33,43.38,7819174.0
2014-08-07,43.55,43.78,42.83,43.25,4041108.0
2014-08-08,43.42,43.85,43.1,43.75,3274344.0
2014-08-11,43.65,43.85,43.13,43.23,3574348.0
2014-08-12,43.18,43.42,42.71,42.96,3156680.0
2014-08-13,43.2,43.56,42.52,43.4,4500212.0
2014-08-14,43.56,44.34,43.46,44.13,4561688.0
2014-08-15,44.3,44.41,43.66,44.22,6883340.0
2014-08-18,43.99,44.76,43.99,44.73,5004426.0
2014-08-19,44.72,45.56,44.7,45.48,4194318.0
2014-08-20,45.34,45.65,45.06,45.33,3995920.0
2014-08-21,45.38,45.38,44.64,44.71,4776488.0
2014-08-22,44.74,45.02,44.34,44.9,4416348.0
2014-08-25,44.98,45.24,44.81,44.98,3758506.0
2014-08-26,44.94,45.08,44.31,44.9,3747730.0
2014-08-27,45.06,45.06,44.53,44.77,4036480.0
2014-08-28,44.58,45.15,44.58,45.07,2681854.0
2014-08-29,44.92,45.28,44.77,45.19,3281176.0
2014-09-02,45.06,45.31,43.88,44.44,5939222.0
2014-09-03,44.66,45.01,44.41,44.89,5477604.0
2014-09-04,44.84,45.49,44.59,45.16,6382236.0
2014-09-05,45.09,45.49,44.76,45.49,4693934.0
2014-09-08,45.38,46.13,45.2,45.88,4197326.0
2014-09-09,45.7,45.93,45.16,45.54,5839050.0
2014-09-10,45.53,45.59,44.07,44.9,9845778.0
2014-09-11,44.65,45.13,43.93,44.13,9604164.0
2014-09-12,44.1,44.18,42.91,43.11,8215820.0
2014-09-15,43.02,44.04,42.54,43.95,8076414.0
2014-09-16,43.8,44.6,43.66,43.77,5515578.0
2014-09-17,44.0,44.03,42.95,43.77,7038322.0
2014-09-18,43.85,44.13,42.95,43.34,5820786.0
2014-09-19,43.53,44.11,43.46,44.0,7768892.0
2014-09-22,43.81,44.0,42.68,42.72,5316722.0
2014-09-23,42.73,43.45,41.99,42.03,9688726.0
2014-09-24,41.91,42.1,41.16,41.92,7517370.0
2014-09-25,41.84,41.99,41.41,41.82,5787680.0
2014-09-26,41.78,42.48,41.73,42.19,4092864.0
2014-09-29,41.88,42.4,41.57,41.88,5069646.0
2014-09-30,41.91,42.32,41.64,42.02,5853696.0
2014-10-01,42.14,42.2,40.83,40.9,5749684.0
2014-10-02,40.9,41.18,39.8,40.16,8026432.0
2014-10-03,40.34,40.34,39.63,40.09,10049330.0
2014-10-06,40.13,40.52,39.26,40.12,5227682.0
2014-10-07,40.02,41.05,40.02,40.09,7022316.0
2014-10-08,40.19,41.86,39.85,41.81,7956966.0
2014-10-09,41.7,42.14,40.38,40.58,5595528.0
2014-10-10,40.74,41.76,39.84,40.48,6964790.0
2014-10-13,40.45,41.36,39.51,39.59,6491228.0
2014-10-14,39.61,40.12,38.38,38.9,10668798.0
2014-10-15,38.34,39.27,37.32,37.81,9307722.0
2014-10-16,37.17,39.62,37.0,38.91,10641292.0
2014-10-17,39.17,39.94,38.7,39.31,6795468.0
2014-10-20,39.24,40.38,39.24,40.0,5336656.0
2014-10-21,40.03,42.31,40.03,42.16,7371774.0
2014-10-22,42.2,42.77,41.43,41.46,4256986.0
2014-10-23,42.09,42.6,41.82,41.95,4831692.0
2014-10-24,42.09,42.69,41.42,42.58,3485374.0
2014-10-27,42.17,42.96,41.49,42.89,6993794.0
2014-10-28,43.0,44.42,42.5,44.24,6601622.0
2014-10-29,44.62,44.8,42.76,43.38,7878098.0
2014-10-30,44.31,45.69,43.9,45.01,14001400.0
2014-10-31,44.87,45.37,44.04,45.13,7236604.0
2014-11-03,45.24,45.94,45.24,45.49,10483736.0
2014-11-04,45.56,46.09,44.76,44.99,8183360.0
2014-11-05,45.17,45.63,44.49,45.03,6508428.0
2014-11-06,45.27,46.29,45.24,46.24,7233476.0
2014-11-07,46.3,46.72,45.85,46.72,7025368.0
2014-11-10,46.93,47.27,46.42,46.73,6703986.0
2014-11-11,46.68,47.35,46.26,46.99,5727026.0
2014-11-12,46.91,47.48,46.75,47.19,5957442.0
2014-11-13,46.81,47.07,45.86,46.45,6880202.0
2014-11-14,46.72,47.04,45.85,45.87,7134394.0
2014-11-17,45.68,46.51,45.53,45.94,9015696.0
2014-11-18,46.14,47.0,45.85,46.62,8154462.0
2014-11-19,46.68,47.06,46.23,46.58,8838616.0
2014-11-20,46.56,47.47,46.49,47.26,6156204.0
2014-11-21,47.9,48.65,47.66,48.14,8870990.0
2014-11-24,48.02,48.37,47.63,47.74,4756420.0
2014-11-25,47.97,48.13,47.24,47.3,5583094.0
2014-11-26,47.34,47.94,47.21,47.52,3290424.0
2014-11-28,46.31,46.31,44.51,44.73,7651624.0
2014-12-01,44.38,45.28,44.31,45.08,6449474.0
2014-12-02,45.04,47.24,44.93,46.75,9013288.0
2014-12-03,46.77,48.24,46.77,47.69,6801004.0
2014-12-04,48.18,48.23,46.92,48.02,5121738.0
2014-12-05,47.86,48.26,45.67,45.76,9278036.0
2014-12-08,45.31,45.83,43.81,44.04,7801676.0
2014-12-09,43.76,44.13,42.74,44.06,14885212.0
2014-12-10,43.42,43.92,41.51,42.21,10562518.0
2014-12-11,42.31,43.05,41.53,41.62,8591028.0
2014-12-12,40.67,42.26,39.92,41.28,7719414.0
2014-12-15,41.42,41.78,40.26,40.37,7760932.0
2014-12-16,40.01,41.76,39.68,40.78,6132262.0
2014-12-17,40.56,42.4,40.29,42.05,7400868.0
2014-12-18,42.77,42.87,40.47,41.7,6876438.0
2014-12-19,42.01,43.34,41.74,43.28,8382790.0
2014-12-22,42.91,43.48,42.49,43.33,5983412.0
2014-12-23,43.63,44.1,43.31,43.87,3625312.0
2014-12-24,43.66,44.24,43.28,43.99,2572020.0
2014-12-26,44.1,45.05,44.02,44.54,3188486.0
2014-12-29,44.74,45.3,44.66,45.21,4696192.0
2014-12-30,44.93,45.51,44.88,45.0,4362126.0
2014-12-31,45.16,45.24,44.77,44.81,3204174.0
2015-01-02,44.45,45.62,44.45,45.5,5359318.0
2015-01-05,45.1,45.33,43.6,44.23,10492758.0
2015-01-06,44.24,44.84,43.29,43.78,5604532.0
2015-01-07,44.3,44.5,43.5,44.15,7011946.0
2015-01-08,44.66,45.42,44.43,45.2,7000112.0
2015-01-09,45.12,45.27,43.86,43.92,5370558.0
2015-01-12,43.41,43.76,42.19,42.39,8258216.0
2015-01-13,42.03,42.9,39.79,40.11,12575112.0
2015-01-14,39.69,39.7,37.66,38.49,14329406.0
2015-01-15,38.66,38.8,37.3,38.1,9460456.0
2015-01-16,38.28,39.02,38.2,38.46,9135786.0
2015-01-20,38.46,40.05,38.41,39.89,7446256.0
2015-01-21,39.91,40.56,39.69,40.16,7159278.0
2015-01-22,40.53,41.81,40.16,41.66,7920490.0
2015-01-23,41.49,43.93,41.46,43.26,9277904.0
2015-01-26,43.31,43.96,43.26,43.77,6269230.0
2015-01-27,43.42,44.15,43.37,44.02,4695876.0
2015-01-28,44.18,44.96,43.63,44.33,8432102.0
2015-01-29,44.84,45.3,43.77,44.69,5209136.0
2015-01-30,44.19,46.38,44.09,45.98,9757894.0
2015-02-02,46.1,46.67,45.16,46.65,6282726.0
2015-02-03,46.42,47.59,46.32,47.59,8428576.0
2015-02-04,47.69,48.28,46.85,47.77,9119638.0
2015-02-05,48.15,48.81,47.78,48.33,6988310.0
2015-02-06,48.35,49.64,48.08,49.12,9894102.0
2015-02-09,49.01,49.91,48.79,49.77,8388106.0
2015-02-10,49.92,50.99,49.06,50.77,9031642.0
2015-02-11,50.31,50.67,49.77,50.14,5344434.0
2015-02-12,50.65,50.65,49.78,50.38,6356200.0
2015-02-13,50.56,51.45,50.38,51.42,5890552.0
2015-02-17,51.29,51.99,50.56,51.59,6645702.0
2015-02-18,51.23,52.03,50.93,51.99,4855780.0
2015-02-19,51.76,52.62,51.56,52.51,5253862.0
2015-02-20,52.51,53.16,51.84,52.46,6478676.0
2015-02-23,52.45,53.74,52.26,52.85,5050938.0
2015-02-24,53.01,53.08,51.76,52.27,5082414.0
2015-02-25,52.38,52.92,51.65,52.01,5199920.0
2015-02-26,52.3,53.84,52.03,53.2,6895470.0
2015-02-27,53.41,53.78,52.16,52.18,4386254.0
2015-03-02,51.73,51.73,50.31,50.57,9263922.0
2015-03-03,50.95,51.52,50.6,51.06,7100920.0
2015-03-04,50.68,51.19,50.12,50.69,5459274.0
2015-03-05,50.86,51.21,50.52,50.56,3759634.0
2015-03-06,50.18,50.99,48.87,48.92,4593566.0
2015-03-09,49.23,50.63,49.03,49.56,5025892.0
2015-03-10,49.05,49.06,47.68,47.74,6255076.0
2015-03-11,47.86,48.45,47.46,48.12,5476448.0
2015-03-12,48.63,49.26,47.41,47.52,4567280.0
2015-03-13,47.94,48.33,47.42,47.78,4498128.0
2015-03-16,47.51,48.74,46.83,48.71,4739114.0
2015-03-17,48.19,48.66,47.68,48.55,3544324.0
2015-03-18,48.43,50.38,48.34,50.19,5108278.0
2015-03-19,49.76,50.01,49.43,49.71,3165978.0
2015-03-20,49.94,51.1,49.68,50.81,7781276.0
2015-03-23,51.01,51.58,50.87,50.89,5235892.0
2015-03-24,50.6,51.31,50.43,50.53,3938830.0
2015-03-25,51.09,52.11,51.03,51.22,6384676.0
2015-03-26,51.71,51.71,50.05,50.12,4386372.0
2015-03-27,50.38,50.47,49.31,49.51,4887446.0
2015-03-30,49.9,51.21,49.88,51.13,4502154.0
2015-03-31,50.62,51.71,50.52,50.88,5779276.0
2015-04-01,51.06,51.5,50.34,50.56,5426804.0
2015-04-02,50.33,50.7,48.13,48.22,8616978.0
2015-04-06,48.5,49.5,48.16,48.95,5108258.0
2015-04-07,49.17,49.27,48.3,48.8,5944374.0
2015-04-08,49.4,49.67,48.85,49.0,4358762.0
2015-04-09,49.01,49.85,48.7,49.61,5467900.0
2015-04-10,49.73,49.94,49.41,49.89,2707938.0
2015-04-13,49.84,50.02,48.09,48.28,7488972.0
2015-04-14,48.59,49.02,48.29,48.7,6153400.0
2015-04-15,48.81,49.66,48.65,48.7,5412332.0
2015-04-16,48.68,50.02,48.52,49.68,6300462.0
2015-04-17,49.49,49.81,48.8,49.04,5224590.0
2015-04-20,49.34,49.98,49.01,49.34,4473266.0
2015-04-21,49.36,49.84,49.19,49.69,3214118.0
2015-04-22,49.98,50.77,49.73,50.74,4482650.0
2015-04-23,50.78,50.92,49.95,50.52,3613102.0
2015-04-24,50.33,51.4,50.33,51.26,4214428.0
2015-04-27,51.59,51.72,51.06,51.15,4899312.0
2015-04-28,51.0,51.42,50.74,50.94,3160488.0
2015-04-29,51.37,51.62,50.47,50.95,4841212.0
2015-04-30,51.49,51.96,48.56,48.96,10060464.0
2015-05-01,49.15,51.27,49.01,51.01,5698360.0
2015-05-04,50.9,51.28,50.23,50.31,4090894.0
2015-05-05,50.53,50.83,50.26,50.59,3848080.0
2015-05-06,50.67,51.14,49.56,50.19,4899442.0
2015-05-07,50.22,51.41,49.65,51.02,4755648.0
2015-05-08,51.34,52.44,50.53,52.12,5191166.0
2015-05-11,52.18,52.75,50.4,50.82,4492702.0
2015-05-12,50.78,50.78,49.99,50.34,3628420.0
2015-05-13,50.69,51.02,50.4,50.82,2999606.0
2015-05-14,50.87,52.16,50.87,52.03,3743686.0
2015-05-15,51.73,51.99,50.91,51.41,3199358.0
2015-05-18,51.27,51.92,50.9,51.81,2567870.0
2015-05-19,51.09,51.92,51.09,51.81,3442684.0
2015-05-20,52.06,52.16,51.42,51.84,3563356.0
2015-05-21,51.83,52.1,51.44,51.51,4210320.0
2015-05-22,51.32,51.96,51.12,51.22,4338012.0
2015-05-26,51.04,51.17,49.52,49.9,6472988.0
2015-05-27,50.38,50.77,49.83,50.16,4689542.0
2015-05-28,50.07,51.22,49.86,51.06,3653040.0
2015-05-29,51.17,52.18,50.92,51.41,5635120.0
2015-06-01,51.26,52.13,51.26,51.45,4692798.0
2015-06-02,51.38,51.57,50.63,51.2,3849182.0
2015-06-03,51.03,51.27,50.5,50.78,5167664.0
2015-06-04,50.34,50.67,49.66,49.84,6044314.0
2015-06-05,49.76,50.43,49.66,50.14,5814086.0
2015-06-08,50.09,50.76,49.82,49.91,3041712.0
2015-06-09,50.08,50.3,49.34,49.34,4973800.0
2015-06-10,49.77,50.8,49.59,50.58,4799524.0
2015-06-11,50.83,52.13,50.6,51.71,4141727.0
2015-06-12,51.37,51.37,50.08,50.71,4201654.0
2015-06-15,50.3,50.87,50.18,50.74,3648837.0
2015-06-16,50.61,51.08,50.15,50.87,3049684.0
2015-06-17,51.28,52.13,50.29,50.98,4327201.0
2015-06-18,51.23,52.19,51.05,51.62,3742877.0
2015-06-19,51.5,52.46,51.42,51.58,4295602.0
2015-06-22,51.84,51.89,51.22,51.57,2555434.0
2015-06-23,51.68,52.17,51.37,51.87,4048356.0
2015-06-24,51.76,52.28,51.34,51.36,3531380.0
2015-06-25,51.44,51.71,50.71,51.12,2813655.0
2015-06-26,50.84,51.95,50.84,51.65,9232248.0
2015-06-29,50.87,51.6,50.48,50.53,2832546.0
2015-06-30,51.03,52.55,51.0,51.99,3946697.0
2015-07-01,52.85,54.04,52.09,53.45,7556750.0
2015-07-02,53.56,54.42,53.48,53.69,3549754.0
2015-07-06,53.12,55.0,53.1,54.44,4622039.0
2015-07-07,54.5,55.58,53.58,55.22,6941585.0
2015-07-08,55.08,55.21,53.48,53.65,3632778.0
2015-07-09,54.26,54.39,52.91,53.06,5963258.0
2015-07-10,53.55,54.34,53.49,54.17,4473780.0
2015-07-13,59.01,60.06,57.98,58.46,14320772.0
2015-07-14,58.5,59.19,57.9,58.47,7000622.0
2015-07-15,58.12,58.57,56.93,57.19,5316051.0
2015-07-16,57.67,58.27,57.3,58.16,5929962.0
2015-07-17,57.84,58.29,57.18,58.26,4507883.0
2015-07-20,58.29,58.73,57.11,57.21,4103548.0
2015-07-21,57.19,57.83,56.39,56.83,3330359.0
2015-07-22,56.76,57.67,56.45,56.75,4207305.0
2015-07-23,56.77,57.17,55.87,56.01,4170140.0
2015-07-24,56.17,56.47,55.19,56.0,5449045.0
2015-07-27,54.97,55.32,53.75,54.14,8150914.0
2015-07-28,54.18,54.61,53.47,54.19,6126089.0
2015-07-29,54.38,55.62,53.91,55.49,6782334.0
2015-07-30,53.15,54.31,52.43,53.62,8238419.0
2015-07-31,53.68,54.82,53.51,54.35,6042875.0
2015-08-03,54.62,54.87,52.78,52.88,6816003.0
2015-08-04,52.95,53.23,51.6,51.87,6719273.0
2015-08-05,52.44,52.88,51.27,51.36,6923749.0
2015-08-06,51.49,52.02,50.78,51.83,6241744.0
2015-08-07,51.41,52.1,50.79,50.85,5200128.0
2015-08-10,51.9,53.25,51.33,52.94,4897977.0
2015-08-11,52.19,55.6,51.94,55.54,7974879.0
2015-08-12,55.07,57.75,54.57,57.48,8129892.0
2015-08-13,57.22,57.95,56.29,56.67,4881356.0
2015-08-14,56.43,56.8,54.87,55.34,4516457.0
2015-08-17,54.74,55.98,54.45,55.55,2646443.0
2015-08-18,55.24,55.57,54.51,55.16,2966691.0
2015-08-19,55.07,55.23,53.43,54.18,4168375.0
2015-08-20,53.79,54.49,52.93,52.97,4835653.0
2015-08-21,51.54,51.76,48.06,48.06,12564712.0
2015-08-24,44.36,46.83,43.21,45.5,13158007.0
2015-08-25,47.13,47.41,43.38,43.45,8947449.0
2015-08-26,44.95,45.28,43.1,45.2,10292571.0
2015-08-27,46.03,46.9,44.97,46.35,7755129.0
2015-08-28,46.4,47.45,46.4,46.9,7196703.0
2015-08-31,46.84,47.77,46.11,46.99,7783887.0
2015-09-01,45.88,46.59,45.37,45.74,6551668.0
2015-09-02,46.5,46.55,45.07,46.49,4970546.0
2015-09-03,46.7,47.65,46.4,46.66,5437971.0
2015-09-04,45.92,46.63,45.79,46.02,3597194.0
2015-09-08,46.28,47.5,46.27,47.4,4154153.0
2015-09-09,47.81,48.64,47.04,47.13,5960290.0
2015-09-10,47.26,48.29,46.9,47.84,5334607.0
2015-09-11,47.35,47.6,46.49,47.55,3643795.0
2015-09-14,47.39,47.42,46.05,46.2,4080951.0
2015-09-15,46.27,47.07,45.88,46.93,3755408.0
2015-09-16,47.02,47.14,45.39,46.35,7669242.0
2015-09-17,46.19,47.52,45.66,46.51,5194173.0
2015-09-18,45.56,47.12,45.42,45.77,6192324.0
2015-09-21,46.17,47.13,45.73,45.85,3244650.0
2015-09-22,45.16,46.32,45.02,45.62,4515755.0
2015-09-23,45.78,46.88,45.62,45.94,3288635.0
2015-09-24,45.76,46.66,45.23,46.35,3582127.0
2015-09-25,46.62,47.43,46.28,47.01,4736057.0
2015-09-28,46.42,47.37,44.25,44.71,4127879.0
2015-09-29,45.06,46.28,44.77,45.22,5439447.0
2015-09-30,45.82,46.73,45.25,46.01,5986940.0
2015-10-01,46.17,47.68,45.71,47.61,5413260.0
2015-10-02,46.6,48.12,46.38,48.07,4639177.0
2015-10-05,48.63,50.35,48.4,50.26,4987222.0
2015-10-06,50.15,50.75,49.63,49.72,5707630.0
2015-10-07,50.34,50.81,48.61,49.97,5432685.0
2015-10-08,49.89,50.99,49.54,50.76,3570765.0
2015-10-09,50.75,50.93,48.66,49.32,4880612.0
2015-10-12,49.56,49.78,49.02,49.45,2778950.0
2015-10-13,49.24,49.79,48.3,48.46,3816425.0
2015-10-14,48.5,48.88,47.8,48.27,3635936.0
2015-10-15,48.5,49.84,48.21,49.78,4517502.0
2015-10-16,50.31,50.88,49.76,50.81,4642636.0
2015-10-19,50.34,50.55,48.48,48.74,4341580.0
2015-10-20,48.35,48.54,46.71,47.02,5012317.0
2015-10-21,47.2,47.57,46.24,46.46,4900315.0
2015-10-22,46.9,47.72,46.65,47.33,5531109.0
2015-10-23,47.51,48.65,47.29,48.27,3314226.0
2015-10-26,48.28,49.6,48.18,48.4,3702723.0
2015-10-27,48.02,48.71,47.7,48.66,5123144.0
2015-10-28,48.75,49.79,48.43,49.52,5051601.0
2015-10-29,49.1,51.06,48.52,50.92,4959714.0
2015-10-30,51.09,52.45,49.98,51.48,5376659.0
2015-11-02,51.45,53.05,51.05,52.6,4317159.0
2015-11-03,52.57,55.05,52.41,54.31,6035256.0
2015-11-04,54.42,55.08,53.82,54.48,4567701.0
2015-11-05,54.88,55.6,54.23,55.33,5881440.0
2015-11-06,55.02,55.72,54.75,55.65,3043275.0
2015-11-09,55.63,56.16,53.92,54.0,3187312.0
2015-11-10,54.0,54.71,53.51,54.45,2645059.0
2015-11-11,54.77,55.55,54.13,54.53,3078162.0
2015-11-12,53.75,54.78,52.81,54.39,5816906.0
2015-11-13,54.31,54.73,53.24,53.36,4016900.0
2015-11-16,53.18,53.6,52.28,53.45,4258477.0
2015-11-17,53.33,54.42,53.06,53.94,4277435.0
2015-11-18,53.95,55.44,53.68,55.36,3395658.0
2015-11-19,55.29,55.72,54.77,55.49,3559962.0
2015-11-20,55.65,56.05,55.41,55.61,3573834.0
2015-11-23,54.46,56.16,54.26,56.09,5128686.0
2015-11-24,56.09,57.34,55.76,56.87,3290597.0
2015-11-25,57.23,59.01,56.76,57.73,6586042.0
2015-11-27,57.15,58.6,57.09,58.25,1718061.0
2015-11-30,58.34,58.97,57.72,58.09,5534837.0
2015-12-01,58.5,59.22,57.71,59.02,4660794.0
2015-12-02,58.79,59.67,57.21,57.69,5086581.0
2015-12-03,57.92,58.2,54.0,54.12,9487577.0
2015-12-04,54.51,55.99,54.08,55.31,7325169.0
2015-12-07,54.72,55.23,52.24,53.37,7250636.0
2015-12-08,52.49,53.21,52.2,52.41,4990872.0
2015-12-09,52.23,52.73,50.46,51.66,7146466.0
2015-12-10,51.92,52.91,51.31,52.03,4236083.0
2015-12-11,51.17,51.46,49.11,49.3,6665221.0
2015-12-14,49.17,49.17,47.26,47.67,9474171.0
2015-12-15,48.64,49.42,48.03,48.84,9240229.0
2015-12-16,48.68,49.66,48.49,49.38,6943519.0
2015-12-17,49.61,51.58,49.55,51.0,6733892.0
2015-12-18,51.03,51.32,49.95,50.03,8334121.0
2015-12-21,50.28,51.1,49.91,51.08,5264584.0
2015-12-22,51.54,52.13,50.96,51.28,4619219.0
2015-12-23,51.7,52.41,51.21,52.39,4457698.0
2015-12-24,52.13,52.76,51.61,52.32,1372138.0
2015-12-28,51.77,51.93,50.79,51.28,2325778.0
2015-12-29,52.02,52.19,51.48,51.84,1927807.0
2015-12-30,51.61,52.86,51.53,51.98,2757735.0
2015-12-31,51.67,52.24,51.04,51.52,2567899.0
2016-01-04,51.36,52.51,50.34,50.92,5497256.0
2016-01-05,51.08,51.9,49.72,50.28,5485062.0
2016-01-06,48.98,49.47,47.61,48.4,7328538.0
2016-01-07,47.52,48.54,46.97,47.67,7563519.0
2016-01-08,48.02,48.23,45.82,45.87,5025970.0
2016-01-11,46.12,46.65,43.97,45.4,7508740.0
2016-01-12,45.89,46.76,44.8,46.07,4931889.0
2016-01-13,46.39,46.45,41.53,41.96,9902160.0
2016-01-14,42.24,43.87,40.81,43.34,9076027.0
2016-01-15,41.71,42.43,40.72,41.1,7876147.0
2016-01-19,42.08,42.65,40.13,40.88,5665017.0
2016-01-20,39.85,40.82,38.63,40.18,7634249.0
2016-01-21,39.71,40.43,38.8,39.29,7611511.0
2016-01-22,40.43,43.66,40.18,42.51,9569587.0
2016-01-25,41.85,42.91,40.35,40.45,5836451.0
2016-01-26,40.76,41.26,40.05,41.24,5022212.0
2016-01-27,41.25,41.54,39.21,39.54,8433155.0
2016-01-28,40.82,41.16,39.18,39.9,4811048.0
2016-01-29,40.24,41.47,39.53,41.47,7007464.0
2016-02-01,41.33,41.87,40.48,41.45,6672141.0
2016-02-02,40.75,41.06,39.43,39.95,6799421.0
2016-02-03,39.49,39.75,35.08,36.88,15690048.0
2016-02-04,36.67,37.02,33.8,34.62,17638105.0
2016-02-05,34.2,34.33,31.72,31.98,15529663.0
2016-02-08,31.52,31.53,29.39,30.41,17272974.0
2016-02-09,29.97,31.51,28.92,31.08,16889055.0
2016-02-10,31.3,32.36,30.82,31.35,9776543.0
2016-02-11,30.65,31.06,28.93,30.51,11198937.0
2016-02-12,30.54,31.63,30.28,31.41,7304159.0
2016-02-16,32.01,32.41,31.32,32.22,7469657.0
2016-02-17,32.54,32.86,32.06,32.64,7617745.0
2016-02-18,33.38,33.38,30.5,31.05,7977259.0
2016-02-19,30.52,31.28,30.32,31.27,5887554.0
2016-02-22,31.47,33.13,31.45,33.06,6627151.0
2016-02-23,32.8,33.16,31.27,31.29,6632378.0
2016-02-24,30.83,33.77,30.63,33.65,9142146.0
2016-02-25,33.56,34.12,32.81,33.9,6777514.0
2016-02-26,34.39,35.14,33.72,33.9,5919413.0
2016-02-29,34.01,34.63,33.8,33.93,7611848.0
2016-03-01,33.91,34.53,33.71,34.31,7681550.0
2016-03-02,34.27,34.76,33.57,34.39,5810896.0
2016-03-03,35.78,37.13,35.1,37.0,9908165.0
2016-03-04,37.64,37.64,36.13,36.74,7528532.0
2016-03-07,36.76,37.12,35.58,36.54,6840381.0
2016-03-08,36.75,36.92,34.8,34.85,7230649.0
2016-03-09,35.54,37.1,35.26,36.74,7656703.0
2016-03-10,36.51,36.63,35.38,36.02,6048922.0
2016-03-11,36.63,37.6,35.88,37.4,5110165.0
2016-03-14,36.83,37.36,36.01,36.72,4473825.0
2016-03-15,36.06,36.57,35.6,36.31,4699940.0
2016-03-16,36.51,38.27,36.35,38.07,7734533.0
2016-03-17,37.75,38.27,36.91,37.2,7819966.0
2016-03-18,37.45,38.25,37.21,37.91,9248928.0
2016-03-21,37.75,38.28,37.52,38.1,4143718.0
2016-03-22,37.7,38.56,37.67,38.25,4779972.0
2016-03-23,38.35,38.35,36.47,36.92,5294390.0
2016-03-24,36.58,37.03,35.87,36.55,4945219.0
2016-03-28,36.7,36.93,36.11,36.66,3849659.0
2016-03-29,36.17,36.37,35.43,36.34,5832715.0
2016-03-30,36.81,36.85,35.68,36.26,5087840.0
2016-03-31,36.12,37.02,35.32,36.86,5148721.0
2016-04-01,36.1,36.3,35.59,36.07,4312641.0
2016-04-04,35.73,36.91,35.68,36.33,3225687.0
2016-04-05,36.02,36.69,35.42,35.96,4397449.0
2016-04-06,36.29,36.39,34.74,36.15,6859745.0
2016-04-07,35.93,37.24,35.86,37.14,8238539.0
2016-04-08,37.65,39.02,37.5,38.38,6048091.0
2016-04-11,38.66,38.81,37.64,37.67,4808159.0
2016-04-12,37.88,38.93,37.37,38.67,7376858.0
2016-04-13,38.89,39.59,38.41,39.34,4598831.0
2016-04-14,39.38,39.86,38.65,39.1,4263246.0
2016-04-15,39.02,39.27,37.46,37.58,7522671.0
2016-04-18,37.11,38.17,36.79,38.1,3663809.0
2016-04-19,38.51,38.69,37.18,38.01,4934276.0
2016-04-20,37.88,39.18,37.42,39.13,4593726.0
2016-04-21,39.11,40.56,38.7,40.4,8873001.0
2016-04-22,40.52,41.6,40.41,41.14,6155180.0
2016-04-25,40.96,41.23,40.25,40.86,3947763.0
2016-04-26,41.08,41.37,40.52,41.14,3854710.0
2016-04-27,41.39,41.93,40.48,41.05,6778734.0
2016-04-28,40.2,42.94,39.85,40.66,7923002.0
2016-04-29,40.45,40.67,37.76,38.76,7856215.0
2016-05-02,38.71,38.91,37.31,38.26,7610783.0
2016-05-03,37.58,37.93,36.97,37.67,5565017.0
2016-05-04,37.51,37.68,35.62,35.9,5744303.0
2016-05-05,36.4,36.74,35.56,35.77,5097886.0
2016-05-06,35.55,36.65,35.46,35.56,4980260.0
2016-05-09,35.37,35.46,33.69,34.63,6539767.0
2016-05-10,35.1,35.35,34.39,35.13,5512275.0
2016-05-11,35.1,36.34,34.74,35.58,5005302.0
2016-05-12,35.58,36.33,34.48,34.67,4564053.0
2016-05-13,34.55,35.62,34.35,35.17,6937872.0
2016-05-16,35.46,35.67,34.45,35.63,6189373.0
2016-05-17,35.53,36.85,35.53,36.07,5278557.0
2016-05-18,36.02,37.54,36.01,36.74,4593651.0
2016-05-19,36.04,37.12,35.61,36.1,6881387.0
2016-05-20,36.28,36.64,35.5,36.63,4728670.0
2016-05-23,36.4,37.09,35.55,35.57,3577397.0
2016-05-24,35.77,36.19,35.4,35.81,4533299.0
2016-05-25,36.21,36.21,35.23,35.68,4667831.0
2016-05-26,35.9,35.9,34.38,34.55,3698441.0
2016-05-27,34.56,35.13,34.06,35.11,3098099.0
2016-05-31,35.16,35.56,34.39,34.83,6213984.0
2016-06-01,34.55,36.53,34.43,36.44,7371838.0
2016-06-02,36.48,37.49,36.12,36.68,6626011.0
2016-06-03,36.63,36.71,35.17,35.46,5428370.0
2016-06-06,35.68,35.7,34.72,35.29,4926254.0
2016-06-07,35.46,36.88,35.34,36.65,5602247.0
2016-06-08,36.99,37.12,36.01,36.88,7202307.0
2016-06-09,36.35,37.17,35.8,36.95,6032097.0
2016-06-10,36.4,36.94,36.23,36.4,5103278.0
2016-06-13,36.05,36.22,33.93,33.96,8104007.0
2016-06-14,33.88,34.5,32.13,32.81,9838407.0
2016-06-15,32.41,34.55,32.02,33.2,8382511.0
2016-06-16,32.99,33.5,32.34,33.39,5010077.0
2016-06-17,33.54,34.27,33.17,33.5,7417309.0
2016-06-20,34.0,34.65,33.61,34.59,6165645.0
2016-06-21,34.61,35.38,34.3,35.2,5464015.0
2016-06-22,35.2,35.63,34.94,35.26,4888098.0
2016-06-23,35.9,36.63,35.44,36.62,5518683.0
2016-06-24,34.83,35.88,34.75,35.33,11571613.0
2016-06-27,34.77,34.84,32.84,32.93,8480659.0
2016-06-28,33.9,35.72,33.8,35.7,9479615.0
2016-06-29,36.06,37.67,35.84,37.26,9061612.0
2016-06-30,37.16,37.99,36.04,37.96,8066411.0
2016-07-01,37.66,39.44,37.64,39.27,7446208.0
2016-07-05,38.77,38.92,37.83,38.78,7322771.0
2016-07-06,38.56,38.58,35.94,36.5,10528779.0
2016-07-07,36.76,37.32,35.16,35.48,10001997.0
2016-07-08,35.89,36.88,35.43,36.4,5719330.0
2016-07-11,36.42,37.11,36.09,36.44,5288266.0
2016-07-12,36.9,37.76,36.51,37.54,5724490.0
2016-07-13,37.5,37.82,36.16,36.98,6007496.0
2016-07-14,37.23,37.78,36.94,37.39,7515821.0
2016-07-15,37.64,37.83,36.39,36.55,10004831.0
2016-07-18,36.51,37.48,35.97,37.04,6841389.0
2016-07-19,37.0,37.69,36.89,37.53,4975733.0
2016-07-20,37.3,37.98,36.78,37.8,3505981.0
2016-07-21,38.0,38.21,37.07,37.13,3817274.0
2016-07-22,37.26,37.84,36.76,37.82,4291826.0
2016-07-25,37.43,37.47,36.73,36.9,5337212.0
2016-07-26,36.8,38.77,36.58,38.61,5789673.0
2016-07-27,38.66,39.03,37.65,37.83,7513817.0
2016-07-28,38.29,38.95,37.02,38.17,6364186.0
2016-07-29,38.01,39.61,37.64,39.39,8334908.0
2016-08-01,39.13,39.57,38.54,38.8,8869141.0
2016-08-02,39.31,39.78,38.23,38.79,6051975.0
2016-08-03,38.37,41.45,38.37,41.22,10374070.0
2016-08-04,41.19,41.66,40.32,40.63,7258673.0
2016-08-05,40.8,42.19,40.61,41.91,5781199.0
2016-08-08,42.24,42.59,41.69,41.93,5419360.0
2016-08-09,41.95,41.95,40.86,41.03,3650087.0
2016-08-10,41.17,42.17,40.79,40.99,5790588.0
2016-08-11,41.08,42.41,40.96,41.9,4496119.0
2016-08-12,42.15,42.17,41.01,41.71,5268151.0
2016-08-15,41.72,41.77,40.91,41.21,4106280.0
2016-08-16,41.16,42.39,41.14,42.13,4935621.0
2016-08-17,42.19,42.44,41.78,42.21,4217987.0
2016-08-18,42.28,42.5,41.77,42.49,4337010.0
2016-08-19,42.1,42.33,41.81,42.01,3460250.0
2016-08-22,41.72,41.81,40.52,41.1,5527065.0
2016-08-23,41.54,42.24,41.32,41.93,4376528.0
2016-08-24,42.11,42.37,41.65,41.97,4455829.0
2016-08-25,42.06,42.2,41.47,41.9,3486296.0
2016-08-26,42.02,42.36,41.41,41.85,2898137.0
2016-08-29,41.85,42.65,41.82,42.29,2414603.0
2016-08-30,42.37,42.77,41.96,42.68,2866415.0
2016-08-31,42.54,42.97,41.95,42.51,3362760.0
2016-09-01,42.55,42.6,41.39,41.91,3870576.0
2016-09-02,42.37,42.53,41.77,42.32,3164782.0
2016-09-06,42.56,43.14,42.25,42.97,4003258.0
2016-09-07,42.99,43.44,42.77,43.09,4288197.0
2016-09-08,43.29,43.86,42.73,43.45,4807218.0
2016-09-09,42.94,43.25,42.23,42.24,4367177.0
2016-09-12,41.73,43.67,41.25,43.34,6157351.0
2016-09-13,42.58,43.11,42.05,42.5,4355689.0
2016-09-14,42.46,43.03,41.51,41.87,5301749.0
2016-09-15,42.13,44.14,42.04,43.74,6679305.0
2016-09-16,43.14,43.85,42.43,43.62,7023573.0
2016-09-19,43.99,44.56,43.41,43.73,6621347.0
2016-09-20,43.86,43.94,42.55,42.55,5480055.0
2016-09-21,42.92,43.27,42.57,43.21,4879279.0
2016-09-22,43.6,43.82,42.67,42.69,5651250.0
2016-09-23,42.29,42.97,41.44,42.28,7784258.0
2016-09-26,42.51,42.67,41.44,41.48,6550349.0
2016-09-27,41.18,42.04,40.81,41.85,4728435.0
2016-09-28,42.2,42.69,41.47,42.64,5304387.0
2016-09-29,42.42,42.71,39.29,39.74,13820884.0
2016-09-30,40.11,40.99,39.52,40.59,7756305.0
2016-10-03,40.77,41.03,40.27,40.96,5327281.0
2016-10-04,41.13,42.31,41.09,41.38,4106905.0
2016-10-05,41.87,42.65,41.67,42.27,4099500.0
2016-10-06,42.61,42.7,41.64,42.36,5607361.0
2016-10-07,42.36,42.47,41.51,41.77,4427856.0
2016-10-10,42.48,42.63,42.02,42.47,3808282.0
2016-10-11,42.5,42.95,41.56,41.96,5130635.0
2016-10-12,41.81,41.99,40.95,41.66,3738604.0
2016-10-13,41.27,41.79,40.44,41.56,4327479.0
2016-10-14,41.94,41.98,41.14,41.65,4642061.0
2016-10-17,41.64,42.28,41.46,41.85,4100275.0
2016-10-18,42.23,43.04,42.15,42.73,3060650.0
2016-10-19,42.92,43.07,42.25,42.65,7261229.0
2016-10-20,42.41,43.24,42.22,43.05,3051056.0
2016-10-21,42.66,44.26,42.56,44.09,4808886.0
2016-10-24,44.14,44.33,43.57,43.78,5061663.0
2016-10-25,43.69,44.59,43.38,43.69,6612655.0
2016-10-26,43.32,44.89,43.26,44.26,6606639.0
2016-10-27,44.05,44.16,41.5,42.81,13679446.0
2016-10-28,42.56,43.04,41.88,42.82,8268479.0
2016-10-31,43.21,43.96,43.18,43.59,8739904.0
2016-11-01,44.28,44.91,41.74,42.34,12845601.0
2016-11-02,41.89,42.53,40.7,41.0,7099081.0
2016-11-03,41.21,41.46,40.01,41.18,5769574.0
2016-11-04,41.0,41.77,40.93,41.23,3246394.0
2016-11-07,41.98,42.62,41.82,42.6,7400848.0
2016-11-08,42.5,42.54,41.66,41.82,4413061.0
2016-11-09,41.65,43.91,41.43,43.57,8587742.0
2016-11-10,43.56,44.6,43.28,43.82,5939901.0
2016-11-11,43.61,44.06,42.92,43.96,6497312.0
2016-11-14,43.61,44.19,43.37,43.59,6751825.0
2016-11-15,43.69,44.34,42.78,43.83,8535305.0
2016-11-16,43.6,43.88,43.11,43.49,4165580.0
2016-11-17,43.85,44.29,43.19,43.36,3985346.0
2016-11-18,43.2,43.6,42.57,43.31,4892630.0
2016-11-21,45.4,47.28,44.9,47.17,20270935.0
2016-11-22,47.27,48.81,47.27,47.87,13036972.0
2016-11-23,47.5,48.12,47.31,47.71,4404608.0
2016-11-25,47.48,48.23,47.37,48.2,1988108.0
2016-11-28,48.52,48.83,46.96,47.05,5624459.0
2016-11-29,46.59,46.95,45.87,45.98,7758660.0
2016-11-30,46.26,47.27,44.6,47.02,11079852.0
2016-12-01,47.49,49.29,47.19,47.74,8711742.0
2016-12-02,47.65,48.69,47.65,47.8,4422890.0
2016-12-05,48.27,48.62,47.67,48.01,4806625.0
2016-12-06,47.89,47.91,47.15,47.23,5347870.0
2016-12-07,47.85,50.29,47.65,49.65,9689706.0
2016-12-08,50.1,50.71,49.57,50.06,5206814.0
2016-12-09,49.95,50.58,49.16,49.44,6294481.0
2016-12-12,50.43,50.65,48.47,49.09,5550274.0
2016-12-13,49.32,49.78,48.93,49.24,4919119.0
2016-12-14,48.74,49.48,48.31,48.42,5243292.0
2016-12-15,48.8,49.25,48.39,48.88,5435985.0
2016-12-16,49.15,50.48,49.0,50.11,6769615.0
2016-12-19,49.69,49.78,49.01,49.44,4203213.0
2016-12-20,49.6,49.81,49.06,49.38,3368143.0
2016-12-21,49.2,49.37,48.1,48.99,8127110.0
2016-12-22,49.33,50.7,49.28,50.34,6110724.0
2016-12-23,50.14,51.0,49.87,50.78,3347234.0
2016-12-27,50.81,51.14,50.67,51.12,3501002.0
2016-12-28,51.6,51.6,50.29,50.33,3240663.0
2016-12-29,50.71,51.08,50.08,50.45,2684003.0
2016-12-30,50.44,50.61,50.0,50.35,3477242.0
2017-01-03,53.7,54.59,52.44,52.93,13329197.0
2017-01-04,52.95,53.5,51.03,51.24,10980420.0
2017-01-05,51.5,51.79,50.03,51.05,9534922.0
2017-01-06,51.11,51.25,50.29,50.37,4748268.0
2017-01-09,50.02,50.22,49.36,49.46,8037726.0
2017-01-10,49.5,49.96,48.97,48.97,5124394.0
2017-01-11,49.4,50.0,49.1,49.66,6681549.0
2017-01-12,49.61,49.73,48.73,49.25,3952609.0
2017-01-13,48.91,49.14,47.85,48.38,5758470.0
2017-01-17,48.61,49.6,48.26,48.73,5121278.0
2017-01-18,48.34,49.34,48.2,48.9,3752211.0
2017-01-19,48.94,49.02,47.93,48.37,4185741.0
2017-01-20,48.79,49.04,48.41,48.76,5033334.0
2017-01-23,48.56,48.77,48.12,48.72,8149227.0
2017-01-24,49.12,50.48,48.97,50.09,7319677.0
2017-01-25,50.31,50.31,49.16,49.67,7580229.0
2017-01-26,50.09,50.09,49.28,49.44,4333326.0
2017-01-27,49.59,50.0,48.67,49.08,5083977.0
2017-01-30,49.12,49.2,48.12,48.36,5473874.0
2017-01-31,48.54,48.6,46.88,48.05,5308936.0
2017-02-01,49.68,49.97,47.1,47.71,7659253.0
2017-02-02,48.21,48.5,47.43,47.9,4151292.0
2017-02-03,47.82,48.5,47.17,48.16,3778917.0
2017-02-06,48.19,48.75,47.8,48.37,7976535.0
2017-02-07,48.13,48.51,47.58,47.93,3999699.0
2017-02-08,47.57,49.14,47.39,49.12,4461304.0
2017-02-09,49.65,50.08,49.23,49.93,4232154.0
2017-02-10,50.37,50.47,49.68,50.14,2788007.0
2017-02-13,50.13,50.68,49.92,50.28,3256517.0
2017-02-14,50.03,50.97,49.7,50.96,4359308.0
2017-02-15,50.74,51.16,50.27,50.64,4396124.0
2017-02-16,50.99,51.0,49.86,49.96,2955418.0
2017-02-17,49.49,50.05,49.41,50.02,3352675.0
2017-02-21,50.35,50.61,49.99,50.38,3963511.0
2017-02-22,50.1,50.37,49.57,49.81,3157880.0
2017-02-23,50.39,50.65,49.92,50.35,2673896.0
2017-02-24,50.0,50.04,49.43,50.03,3118658.0
2017-02-27,50.02,50.94,49.99,50.76,5134802.0
2017-02-28,50.5,51.17,49.49,49.6,5659388.0
2017-03-01,50.0,51.5,49.97,50.99,5952844.0
2017-03-02,50.9,51.41,50.4,51.04,4947428.0
2017-03-03,51.18,51.38,50.8,51.27,3997345.0
2017-03-06,51.03,51.31,50.51,51.15,6826664.0
2017-03-07,51.14,51.45,50.11,50.15,3413679.0
2017-03-08,50.15,50.94,50.08,50.22,5849211.0
2017-03-09,49.99,50.18,48.92,49.28,4952235.0
2017-03-10,49.58,49.95,48.97,49.87,4704383.0
2017-03-13,49.87,51.09,49.86,50.99,5771626.0
2017-03-14,50.52,50.59,49.67,50.01,5882976.0
2017-03-15,50.48,51.6,50.16,51.56,6299222.0
2017-03-16,51.55,52.24,51.11,51.18,5216118.0
2017-03-17,51.47,51.75,50.55,50.79,5309613.0
2017-03-20,50.66,50.81,50.16,50.5,5599342.0
2017-03-21,50.48,50.61,49.15,49.26,5192683.0
2017-03-22,49.11,49.83,48.93,49.57,4048680.0
2017-03-23,49.55,49.95,49.18,49.3,2721533.0
2017-03-24,49.51,49.52,48.81,48.87,3563205.0
2017-03-27,48.38,49.06,48.18,48.83,3191787.0
2017-03-28,48.93,49.15,48.61,49.03,4069800.0
2017-03-29,49.02,50.62,48.97,50.55,3867402.0
2017-03-30,50.81,50.81,50.0,50.14,5893493.0
2017-03-31,49.89,50.84,49.83,50.54,4851509.0
2017-04-03,50.68,50.84,49.63,49.94,2746672.0
2017-04-04,50.22,50.32,49.54,50.3,2445737.0
2017-04-05,50.66,51.18,49.4,49.44,4060346.0
2017-04-06,49.67,50.45,49.49,49.84,4536125.0
2017-04-07,49.75,50.43,49.51,50.02,3526839.0
2017-04-10,50.32,50.8,50.12,50.14,3773903.0
2017-04-11,50.19,50.54,49.91,50.43,4537252.0
2017-04-12,50.57,50.94,49.83,49.94,2986648.0
2017-04-13,49.86,50.0,49.1,49.24,3373789.0
2017-04-17,49.28,49.95,49.27,49.9,3563187.0
2017-04-18,49.63,50.01,48.64,48.94,3526540.0
2017-04-19,48.8,49.16,47.78,48.19,5526760.0
2017-04-20,48.28,49.02,48.13,48.54,3066780.0
2017-04-21,48.55,49.0,48.36,48.56,4201443.0
2017-04-24,49.36,50.44,49.11,50.19,5269881.0
2017-04-25,50.27,50.42,49.89,50.03,3813621.0
2017-04-26,49.74,50.11,49.32,49.6,4885477.0
2017-04-27,49.47,51.62,49.46,51.02,6786629.0
2017-04-28,51.27,51.33,50.68,50.94,3648520.0
2017-05-01,51.17,51.18,50.48,50.86,3340937.0
2017-05-02,51.08,51.62,51.02,51.42,4864113.0
2017-05-03,51.11,51.69,50.88,51.24,4533448.0
2017-05-04,51.11,51.11,49.37,49.56,5862446.0
2017-05-05,49.78,50.73,49.46,50.66,5806274.0
2017-05-08,50.62,51.5,50.41,51.34,5924063.0
2017-05-09,51.5,51.68,50.97,51.46,3965002.0
2017-05-10,51.83,52.66,51.31,52.34,5966006.0
2017-05-11,52.5,53.24,52.27,52.51,4701640.0
2017-05-12,52.42,53.04,52.38,52.67,2946460.0
2017-05-15,52.97,53.52,52.52,52.99,4787722.0
2017-05-16,52.73,52.73,51.77,52.48,5047024.0
2017-05-17,51.79,52.84,51.79,52.05,4347950.0
2017-05-18,51.66,52.46,51.3,51.94,4092207.0
2017-05-19,52.16,53.1,51.91,52.78,4718943.0
2017-05-22,52.94,53.18,52.69,52.98,2405422.0
2017-05-23,53.0,53.32,52.75,53.08,2199071.0
2017-05-24,52.94,53.27,52.76,53.13,2923199.0
2017-05-25,53.16,53.91,52.43,52.45,3952038.0
2017-05-26,52.42,52.86,52.24,52.82,3843575.0
2017-05-30,52.42,53.19,52.32,52.42,4004671.0
2017-05-31,52.3,52.77,51.63,52.04,4572255.0
2017-06-01,52.41,53.57,52.38,53.13,8751103.0
2017-06-02,52.86,53.13,52.44,52.7,4461399.0
2017-06-05,52.57,53.16,52.44,52.8,3261462.0
2017-06-06,52.58,53.16,52.42,53.09,3252718.0
2017-06-07,52.84,53.17,52.47,52.97,3672843.0
2017-06-08,52.89,53.96,52.86,53.43,4651962.0
2017-06-09,53.55,54.97,53.46,54.71,9652324.0
2017-06-12,54.93,55.2,53.85,54.47,6217140.0
2017-06-13,54.48,55.05,54.34,55.03,3303705.0
2017-06-14,54.87,54.9,53.29,53.35,5523798.0
2017-06-15,53.1,53.33,52.76,52.99,4004535.0
2017-06-16,53.31,53.77,53.01,53.77,6775935.0
2017-06-19,53.81,54.37,53.81,54.29,3747955.0
2017-06-20,53.67,53.81,52.47,52.85,4838603.0
2017-06-21,52.93,52.99,51.18,51.73,5732128.0
2017-06-22,52.12,52.12,51.09,51.17,4936167.0
2017-06-23,51.19,51.65,50.74,51.5,6052501.0
2017-06-26,51.64,52.06,51.25,51.33,4827041.0
2017-06-27,51.4,52.35,51.08,51.85,3775064.0
2017-06-28,52.12,52.86,51.85,52.62,3171506.0
2017-06-29,52.89,53.02,51.72,51.81,4580549.0
2017-06-30,52.14,52.61,51.7,52.33,2917392.0
2017-07-03,52.63,53.37,52.62,53.1,1740942.0
2017-07-05,52.83,53.07,52.23,52.9,4098330.0
2017-07-06,53.14,53.52,52.62,52.85,3074631.0
2017-07-07,52.87,54.15,52.68,54.07,3908066.0
2017-07-10,53.95,54.51,53.91,54.08,3031920.0
2017-07-11,53.92,54.57,53.83,54.2,3289703.0
2017-07-12,54.74,54.8,53.72,53.76,2538597.0
2017-07-13,53.68,53.88,53.22,53.84,2613960.0
2017-07-14,53.81,54.05,53.6,53.81,2788711.0
2017-07-17,53.86,54.49,53.61,54.31,4615097.0
2017-07-18,54.62,54.84,54.22,54.83,2758612.0
2017-07-19,54.9,55.71,54.74,55.55,3365617.0
2017-07-20,55.76,55.83,54.81,55.4,3000510.0
2017-07-21,55.34,55.57,54.84,55.34,2101873.0
2017-07-24,55.57,55.87,55.33,55.56,2306915.0
2017-07-25,56.17,56.64,55.95,56.02,4102414.0
2017-07-26,56.39,56.61,55.64,55.66,4010480.0
2017-07-27,54.27,56.46,53.51,56.15,5047490.0
2017-07-28,55.92,56.21,54.93,54.98,3412353.0
2017-07-31,55.16,56.2,55.02,55.99,2973143.0
2017-08-01,56.11,56.81,55.91,56.53,2918424.0
2017-08-02,56.14,56.69,56.06,56.2,2908214.0
2017-08-03,56.18,56.27,55.75,55.89,2683033.0
2017-08-04,55.98,56.45,55.66,55.79,3468120.0
2017-08-07,55.59,55.7,54.85,54.9,3182588.0
2017-08-08,54.9,55.06,54.31,54.44,2312629.0
2017-08-09,54.43,54.69,52.83,52.99,4329150.0
2017-08-10,53.04,53.04,52.13,52.21,3676156.0
2017-08-11,52.03,52.34,51.69,52.16,3303532.0
2017-08-14,52.08,52.69,52.06,52.31,2248732.0
2017-08-15,52.25,52.37,51.76,51.89,3015469.0
2017-08-16,52.0,52.06,50.91,51.06,3896746.0
2017-08-17,50.72,50.89,49.68,49.7,4586245.0
2017-08-18,49.62,50.54,49.43,50.11,3661324.0
2017-08-21,50.07,50.1,49.45,49.45,3561064.0
2017-08-22,49.71,49.96,49.3,49.67,3257469.0
2017-08-23,49.43,50.38,49.33,50.17,4527197.0
2017-08-24,50.26,51.54,50.19,51.13,4070142.0
2017-08-25,51.47,52.2,51.36,51.72,3101428.0
2017-08-28,52.33,52.97,52.03,52.52,5812351.0
2017-08-29,52.17,52.52,51.12,51.43,5375924.0
2017-08-30,51.53,52.54,51.37,52.33,4249938.0
2017-08-31,52.66,52.86,52.0,52.45,4895517.0
2017-09-01,52.55,54.32,52.5,54.28,3976632.0
2017-09-05,53.58,53.65,50.52,51.79,8375702.0
2017-09-06,51.64,52.57,51.49,52.37,6461881.0
2017-09-07,52.63,53.1,52.34,52.63,3902701.0
2017-09-08,52.66,53.71,52.52,53.42,4656368.0
2017-09-11,53.37,53.84,52.59,53.75,4580145.0
2017-09-12,53.95,54.48,53.58,53.77,3426014.0
2017-09-13,54.0,54.08,52.7,53.21,4395933.0
2017-09-14,53.27,53.33,52.31,52.34,5402443.0
2017-09-15,52.33,53.12,52.26,52.96,9062782.0
2017-09-18,53.06,53.73,52.93,53.58,4521981.0
2017-09-19,53.75,54.34,53.38,54.2,4522542.0
2017-09-20,54.38,54.7,54.03,54.43,4221689.0
2017-09-21,54.43,54.89,54.26,54.37,4038035.0
2017-09-22,54.24,55.01,54.13,54.73,3681410.0
2017-09-25,55.0,55.81,54.98,55.53,4594587.0
2017-09-26,55.36,55.65,55.07,55.38,4032771.0
2017-09-27,54.74,55.78,54.61,55.24,3857900.0
2017-09-28,55.26,55.78,55.15,55.47,3762903.0
2017-09-29,55.46,56.55,55.29,56.08,3723894.0
2017-10-02,55.94,56.27,55.53,55.89,2712497.0
2017-10-03,55.53,56.31,55.25,56.14,3199927.0
2017-10-04,56.17,56.7,55.9,56.31,2804565.0
2017-10-05,56.48,56.9,56.14,56.25,2886506.0
2017-10-06,55.8,56.4,55.71,56.02,3917411.0
2017-10-09,56.13,56.49,56.04,56.14,3281532.0
2017-10-10,56.72,57.02,56.18,56.25,3621799.0
2017-10-11,56.31,56.54,56.14,56.22,4164081.0
2017-10-12,55.93,56.9,55.8,56.55,3048423.0
2017-10-13,56.84,56.92,56.29,56.37,2839241.0
2017-10-16,56.42,56.57,55.68,55.72,5437894.0
2017-10-17,55.74,56.53,55.73,56.51,3017914.0
2017-10-18,56.52,56.86,56.4,56.75,2905912.0
2017-10-19,56.34,57.14,56.17,57.1,3403697.0
2017-10-20,57.3,57.74,57.15,57.49,3904883.0
2017-10-23,57.48,57.49,56.26,56.34,3734715.0
2017-10-24,56.54,57.27,56.54,56.99,3428911.0
2017-10-25,56.96,57.14,55.89,56.44,4895522.0
2017-10-26,57.52,57.92,55.87,57.27,4239542.0
2017-10-27,57.68,58.93,57.4,58.47,4159870.0
2017-10-30,58.5,59.57,58.25,59.06,3887715.0
2017-10-31,59.78,60.16,58.83,59.74,5157554.0
2017-11-01,60.24,61.9,60.07,60.89,5609440.0
2017-11-02,61.06,62.34,60.87,62.17,5216057.0
2017-11-03,62.26,62.78,61.9,62.2,3660716.0
2017-11-06,62.34,62.53,62.1,62.35,3695372.0
2017-11-07,62.58,63.12,62.15,63.11,3725447.0
2017-11-08,63.29,63.41,62.56,63.22,4834161.0
2017-11-09,62.66,62.73,60.9,61.66,5014833.0
2017-11-10,61.98,62.28,61.61,61.72,3220126.0
2017-11-13,61.79,62.55,61.71,62.2,2823438.0
2017-11-14,62.32,63.08,61.95,62.87,4490152.0
2017-11-15,60.45,61.81,60.1,61.5,4743604.0
2017-11-16,61.51,62.58,61.15,62.01,3981337.0
2017-11-17,61.87,62.45,61.64,62.27,3195943.0
2017-11-20,62.11,62.53,61.75,61.94,2573647.0
2017-11-21,62.19,62.36,61.8,62.29,2532882.0
2017-11-22,62.35,62.4,61.26,62.01,2955995.0
2017-11-24,62.16,62.25,61.58,62.03,1407446.0
2017-11-27,61.95,62.45,61.6,61.88,6393029.0
2017-11-28,62.29,62.38,61.65,62.22,2889915.0
2017-11-29,62.01,62.24,60.95,61.4,4231022.0
2017-11-30,61.69,62.78,61.44,62.63,4883684.0
2017-12-01,62.82,63.06,61.59,62.84,5187779.0
2017-12-04,62.92,64.32,62.61,63.3,4242885.0
2017-12-05,63.42,65.41,63.15,64.54,4256146.0
2017-12-06,64.32,64.46,63.27,63.46,2354799.0
2017-12-07,63.1,64.07,63.0,64.0,3362728.0
2017-12-08,64.19,64.94,63.95,64.75,3084744.0
2017-12-11,64.55,65.08,64.33,64.46,2768848.0
2017-12-12,64.82,65.29,64.27,64.49,2591904.0
2017-12-13,64.3,64.41,63.8,64.15,2966069.0
2017-12-14,64.16,65.04,64.06,64.66,4319031.0
2017-12-15,64.95,66.19,64.7,65.75,10013861.0
2017-12-18,65.87,66.38,65.73,66.01,3386423.0
2017-12-19,66.03,66.12,64.68,64.75,4367540.0
2017-12-20,65.06,65.86,64.76,65.66,5163554.0
2017-12-21,65.7,66.79,65.42,66.33,5675746.0
2017-12-22,66.7,66.85,66.22,66.36,3449475.0
2017-12-26,66.55,67.07,66.41,66.84,2309923.0
2017-12-27,66.72,66.89,66.36,66.42,2195495.0
2017-12-28,66.43,66.56,66.16,66.4,3124371.0
2017-12-29,66.47,66.75,65.96,65.98,2289136.0
2018-01-02,66.11,67.25,65.98,67.18,3055886.0
2018-01-03,67.41,68.96,67.41,68.61,4844035.0
2018-01-04,68.66,69.06,68.4,68.68,3156419.0
2018-01-05,68.87,69.46,68.51,69.34,3512317.0
2018-01-08,69.07,69.68,69.01,69.39,3212844.0
2018-01-09,69.39,69.55,68.91,69.0,2980252.0
2018-01-10,68.79,69.63,68.45,69.51,2719440.0
2018-01-11,69.72,70.43,69.35,70.25,2494515.0
2018-01-12,70.47,71.5,70.47,71.42,2628238.0
2018-01-16,71.63,71.83,70.61,70.78,4401465.0
2018-01-17,71.03,72.48,70.92,71.98,3489705.0
2018-01-18,71.78,72.52,71.16,71.49,3610580.0
2018-01-19,71.66,72.03,71.09,71.89,3894320.0
2018-01-22,72.04,73.2,71.72,73.16,4365722.0
2018-01-23,73.31,73.5,72.64,73.12,2852575.0
2018-01-24,73.37,73.53,71.29,71.59,3933937.0
2018-01-25,72.08,72.23,71.01,71.08,2895025.0
2018-01-26,71.29,72.02,71.19,71.74,3556083.0
2018-01-29,71.51,71.75,69.97,70.15,4153079.0
2018-01-30,69.12,69.58,67.81,69.13,4841675.0
2018-01-31,69.24,69.64,68.21,69.27,6424973.0
2018-02-01,69.77,70.49,67.12,68.69,6953478.0
2018-02-02,68.33,69.45,66.81,67.41,5035082.0
2018-02-05,66.08,67.43,63.23,64.58,5891644.0
2018-02-06,62.93,65.94,62.26,65.69,4615416.0
2018-02-07,66.97,67.64,64.94,65.09,5065003.0
2018-02-08,64.91,65.35,62.77,62.79,4379259.0
2018-02-09,63.65,64.58,61.46,63.84,4871417.0
2018-02-12,64.48,65.7,64.02,64.77,3423731.0
2018-02-13,64.71,66.4,64.29,66.08,3570969.0
2018-02-14,65.46,68.42,65.18,68.16,4690034.0
2018-02-15,68.16,68.82,66.88,67.8,4187177.0
2018-02-16,67.6,68.43,66.98,67.93,3301291.0
2018-02-20,67.77,67.89,65.83,66.25,3236025.0
2018-02-21,66.29,67.49,66.13,66.27,4522742.0
2018-02-22,66.47,67.65,66.41,66.46,4149547.0
2018-02-23,66.88,67.17,65.76,66.81,2896416.0
2018-02-26,66.92,67.05,66.06,66.29,3243153.0
2018-02-27,66.16,67.09,65.59,65.6,4395610.0
2018-02-28,65.96,65.96,64.05,64.06,5536573.0
2018-03-01,64.27,65.58,64.14,64.79,4264752.0
2018-03-02,64.38,65.42,64.1,65.19,2890128.0
2018-03-05,64.88,66.5,64.6,66.16,3662047.0
2018-03-06,66.62,67.87,66.23,67.39,3731063.0
2018-03-07,66.96,68.11,66.68,67.68,3536806.0
2018-03-08,68.12,69.07,67.39,69.03,4015615.0
2018-03-09,69.73,70.68,69.43,70.22,4110401.0
2018-03-12,70.24,70.48,69.17,69.27,3175940.0
2018-03-13,69.38,70.29,68.76,69.24,3246001.0
2018-03-14,69.65,70.02,69.15,69.36,3328600.0
2018-03-15,69.56,69.77,67.45,68.63,4534787.0
2018-03-16,68.77,69.98,68.5,69.68,6081673.0
2018-03-19,69.32,69.57,68.72,69.21,2773968.0
2018-03-20,69.7,71.82,69.44,71.46,4723539.0
2018-03-21,71.81,73.88,71.71,73.21,4355912.0
2018-03-22,72.37,73.89,72.11,72.97,3809487.0
2018-03-23,73.4,74.48,71.17,71.28,5858189.0
2018-03-26,72.1,74.06,72.08,73.68,4245366.0
2018-03-27,73.88,74.92,72.4,72.88,3640426.0
2018-03-28,73.13,73.43,71.59,71.82,4082257.0
2018-03-29,72.23,73.64,72.13,73.11,2790871.0
2018-04-02,72.95,73.38,70.84,71.8,3372649.0
2018-04-03,72.7,72.79,71.38,72.6,3659955.0
2018-04-04,71.59,72.82,70.31,72.57,4382756.0
2018-04-05,73.24,73.95,72.73,73.41,4706477.0
2018-04-06,72.71,73.46,71.53,72.45,3211517.0
2018-04-09,72.36,72.99,71.65,71.67,3889807.0
2018-04-10,72.94,74.13,72.86,73.7,4051871.0
2018-04-11,73.71,74.47,73.41,74.02,3916755.0
2018-04-12,74.3,74.62,73.42,74.25,2357922.0
2018-04-13,74.46,75.0,73.97,74.59,2485605.0
2018-04-16,74.98,77.92,74.78,77.52,4840037.0
2018-04-17,77.79,78.82,76.6,78.55,3866202.0
2018-04-18,79.07,79.98,78.51,78.78,4192678.0
2018-04-19,78.8,79.81,78.21,79.4,3147642.0
2018-04-20,79.4,80.04,79.14,79.76,2557656.0
2018-04-23,79.98,80.22,78.88,79.85,2946925.0
2018-04-24,80.32,81.63,79.12,79.78,4744074.0
2018-04-25,79.19,80.28,78.18,80.23,3271950.0
2018-04-26,80.7,83.27,79.96,82.93,4330106.0
2018-04-27,82.56,82.63,81.31,81.43,3287684.0
2018-04-30,75.0,79.01,74.1,74.91,28076508.0
2018-05-01,74.28,74.43,70.46,72.9,20929481.0
2018-05-02,73.02,77.63,72.94,75.84,13325490.0
2018-05-03,76.28,77.72,74.52,77.46,9029130.0
2018-05-04,76.9,77.51,76.1,76.94,5612125.0
2018-05-07,77.23,78.97,76.46,76.5,5856893.0
2018-05-08,76.43,76.92,74.28,75.31,6857100.0
2018-05-09,76.17,78.11,75.84,77.11,4827045.0
2018-05-10,78.09,78.25,76.62,77.54,4532071.0
2018-05-11,77.54,77.97,76.99,77.33,3549168.0
2018-05-14,77.79,78.6,77.52,78.34,4936685.0
2018-05-15,77.85,78.64,76.72,77.29,5869412.0
2018-05-16,77.1,77.27,75.93,76.73,6890340.0
2018-05-17,77.59,80.92,77.24,80.71,9675608.0
2018-05-18,80.58,80.72,79.1,79.53,4015659.0
2018-05-21,80.02,80.11,78.59,78.85,3866510.0
2018-05-22,79.16,80.36,78.25,78.49,4111864.0
2018-05-23,77.77,78.93,77.21,78.87,4419284.0
2018-05-24,78.17,79.26,77.55,79.11,6090007.0
2018-05-25,77.9,77.97,75.93,77.0,6418963.0
2018-05-29,77.01,78.84,76.53,77.61,6145496.0
2018-05-30,78.77,80.47,77.96,79.55,6100565.0
2018-05-31,79.4,82.69,79.03,79.03,8272057.0
2018-06-01,79.78,82.03,79.0,81.92,6979799.0
2018-06-04,82.3,83.33,81.55,81.93,6655278.0
2018-06-05,81.9,82.2,79.73,80.33,4851784.0
2018-06-06,80.05,80.15,77.55,78.76,6320276.0
2018-06-07,79.52,79.61,78.35,79.15,4197597.0
2018-06-08,78.84,79.34,78.03,78.99,4058839.0
2018-06-11,78.94,78.94,76.84,77.77,5268216.0
2018-06-12,77.89,78.31,75.22,75.46,7553175.0
2018-06-13,75.61,75.79,74.44,74.88,4645592.0
2018-06-14,75.61,76.19,75.08,75.19,4880471.0
2018-06-15,74.71,75.46,73.27,73.56,8448851.0
2018-06-18,73.64,75.23,73.25,74.79,4517801.0
2018-06-19,74.01,75.15,73.71,74.52,3828072.0
2018-06-20,74.5,74.91,73.3,73.82,3217160.0
2018-06-21,73.46,73.8,72.23,72.48,4776333.0
2018-06-22,73.94,74.18,72.56,72.62,11897879.0
2018-06-25,72.83,72.9,69.28,69.97,7899373.0
2018-06-26,70.07,71.23,70.05,70.54,4478774.0
2018-06-27,71.02,71.69,69.03,69.2,5758897.0
2018-06-28,69.47,70.48,69.06,69.49,4546345.0
2018-06-29,69.91,71.27,69.71,70.16,5576830.0
2018-07-02,69.69,70.4,69.2,70.27,5351195.0
2018-07-03,70.67,72.62,70.28,70.82,6832062.0
2018-07-05,71.41,72.46,68.18,69.6,8436495.0
2018-07-06,69.21,70.98,69.12,70.2,4055068.0
2018-07-09,70.45,72.17,70.4,71.82,5463315.0
2018-07-10,71.89,73.18,71.78,71.87,3965514.0
2018-07-11,70.96,71.69,69.29,69.96,4441156.0
2018-07-12,70.49,70.67,69.27,70.51,3951241.0
2018-07-13,70.87,71.98,70.48,71.74,4885009.0
2018-07-16,71.05,71.9,70.79,71.42,3077120.0
2018-07-17,71.38,72.64,70.83,71.7,3110655.0
2018-07-18,71.47,72.75,70.61,72.56,5089496.0
2018-07-19,72.89,73.45,72.6,72.86,3148746.0
2018-07-20,72.65,73.26,72.1,72.52,4232186.0
2018-07-23,73.06,73.39,72.31,73.0,3605806.0
2018-07-24,73.43,74.56,73.04,73.74,4223706.0
2018-07-25,73.86,74.86,73.36,74.72,5224311.0
2018-07-26,75.94,80.63,75.41,80.16,11435378.0
2018-07-27,80.62,81.9,79.7,80.99,5450941.0
2018-07-30,81.57,82.27,81.19,81.5,4166282.0
2018-07-31,81.62,82.61,80.72,80.83,4686745.0
2018-08-01,80.25,81.07,79.85,80.76,4279442.0
2018-08-02,80.28,80.29,79.22,79.73,3785084.0
2018-08-03,79.72,80.34,78.41,79.09,3075146.0
2018-08-06,79.4,79.93,78.81,79.84,3837146.0
2018-08-07,80.4,81.93,80.11,81.27,4145815.0
2018-08-08,80.74,81.99,80.18,81.69,3171187.0
2018-08-09,81.85,82.18,80.45,80.75,3027634.0
2018-08-10,80.34,81.24,80.33,80.93,2708360.0
2018-08-13,81.13,81.74,80.03,80.09,2307768.0
2018-08-14,80.71,80.86,79.28,80.11,3413789.0
2018-08-15,79.02,79.32,76.81,77.18,6162848.0
2018-08-16,77.53,78.43,76.58,76.69,4075581.0
2018-08-17,77.27,77.37,76.22,77.11,3374383.0
2018-08-20,77.18,79.22,77.18,78.76,3352711.0
2018-08-21,79.03,80.8,78.81,79.01,5733392.0
2018-08-22,79.02,80.52,79.02,80.21,3838676.0
2018-08-23,80.28,81.74,79.95,81.62,3392334.0
2018-08-24,82.12,83.86,81.68,83.82,6092013.0
2018-08-27,84.05,84.79,83.19,83.68,4305196.0
2018-08-28,83.71,84.58,83.51,83.91,3222985.0
2018-08-29,84.15,84.55,82.95,83.72,3624980.0
2018-08-30,83.94,83.95,82.03,83.12,4420523.0
2018-08-31,82.79,83.0,81.08,82.29,6666819.0
2018-09-04,82.75,85.08,82.6,84.28,6036314.0
2018-09-05,84.06,84.47,82.42,83.94,5718941.0
2018-09-06,83.78,85.34,82.75,82.8,4468240.0
2018-09-07,82.77,82.85,81.52,82.51,3589185.0
2018-09-10,82.7,83.1,82.15,82.43,4067844.0
2018-09-11,82.09,83.85,81.71,83.52,3835546.0
2018-09-12,83.61,85.22,83.59,84.2,5581885.0
2018-09-13,84.3,84.54,82.87,84.09,4575899.0
2018-09-14,84.04,84.74,83.88,84.34,3294370.0
2018-09-17,84.43,84.49,83.38,83.82,3510430.0
2018-09-18,84.24,84.65,83.44,83.97,4562986.0
2018-09-19,83.27,83.78,80.09,80.54,6867492.0
2018-09-20,81.0,82.55,79.57,81.93,6500038.0
2018-09-21,82.4,83.98,81.93,83.37,8531589.0
2018-09-24,83.98,86.36,83.7,85.79,6852973.0
2018-09-25,86.67,88.45,84.94,85.05,7512397.0
2018-09-26,84.71,85.21,82.45,84.53,7954988.0
2018-09-27,84.88,85.95,82.71,83.04,8087932.0
2018-09-28,82.45,83.0,79.97,79.97,39153794.0
2018-10-01,81.61,83.32,81.16,82.43,6696718.0
2018-10-02,82.98,83.42,81.59,83.28,7100139.0
2018-10-03,84.32,86.56,84.0,86.39,8331715.0
2018-10-04,86.05,86.32,84.01,85.27,6911340.0
2018-10-05,84.82,85.0,83.23,84.51,7580830.0
2018-10-08,84.0,84.16,81.87,83.86,9552151.0
2018-10-09,83.96,84.48,82.86,83.76,5322782.0
2018-10-10,84.71,85.06,80.65,80.65,10626514.0
2018-10-11,80.3,81.81,78.34,78.73,9010230.0
2018-10-12,80.15,80.84,78.9,80.08,8179216.0
2018-10-15,80.0,80.34,77.79,77.79,7960625.0
2018-10-16,79.05,80.25,78.27,80.07,5907450.0
2018-10-17,79.61,80.46,78.62,79.15,5630269.0
2018-10-18,78.44,79.9,78.26,78.82,4859618.0
2018-10-19,75.78,76.58,73.73,73.92,13322750.0
2018-10-22,74.0,74.56,72.22,74.13,5154204.0
2018-10-23,72.62,72.72,68.94,72.09,8639991.0
2018-10-24,71.88,72.0,67.82,68.06,12254689.0
2018-10-25,69.52,70.51,69.01,69.96,8315836.0
2018-10-26,69.06,69.75,67.29,68.86,7837703.0
2018-10-29,69.85,70.46,66.29,67.23,6307353.0
2018-10-30,67.45,69.13,66.64,68.8,6470590.0
2018-10-31,69.89,72.12,69.82,70.45,9638899.0
2018-11-01,69.8,72.44,68.75,71.08,8070853.0
2018-11-02,71.79,73.0,69.25,69.49,5685491.0
2018-11-05,70.51,70.92,68.84,69.76,4841684.0
2018-11-06,69.75,69.76,67.9,68.37,6809973.0
2018-11-07,68.98,69.97,68.1,69.82,7305300.0
2018-11-08,69.62,69.76,67.29,67.7,7182488.0
2018-11-09,67.15,67.66,66.08,67.18,6340722.0
2018-11-12,67.68,67.92,65.77,65.9,4588847.0
2018-11-13,65.41,66.23,63.65,64.17,8936078.0
2018-11-14,65.28,65.86,63.17,63.84,6395603.0
2018-11-15,63.59,65.6,63.26,65.36,6149863.0
2018-11-16,65.72,66.39,64.97,65.44,6373725.0
2018-11-19,65.09,65.5,62.59,63.41,6337723.0
2018-11-20,61.59,63.07,60.64,61.89,7603035.0
2018-11-21,62.26,64.27,62.01,63.73,6438707.0
2018-11-23,62.53,63.1,61.7,61.73,2695031.0
2018-11-26,62.81,64.44,62.59,64.18,5448317.0
2018-11-27,63.84,64.6,63.44,63.74,5096765.0
2018-11-28,63.62,65.54,62.42,65.28,6229313.0
2018-11-29,65.04,65.99,64.82,64.9,5096936.0
2018-11-30,64.78,65.57,64.3,65.16,6237150.0
2018-12-03,66.0,66.88,63.28,64.66,9308048.0
2018-12-04,64.75,66.51,63.28,63.34,7711616.0
2018-12-06,63.0,63.63,61.8,63.55,7501268.0
2018-12-07,64.13,66.1,61.13,61.56,9721853.0
2018-12-10,61.02,62.02,59.55,60.98,8768762.0
2018-12-11,61.45,62.43,60.87,61.34,5555061.0
2018-12-12,62.27,63.37,62.02,62.04,5484145.0
2018-12-13,62.2,62.65,61.58,62.12,6501735.0
2018-12-14,61.56,62.69,59.55,59.87,8583231.0
2018-12-17,59.5,60.36,58.13,58.84,9197939.0
2018-12-18,59.15,60.54,58.67,58.96,12023627.0
2018-12-19,59.19,61.15,58.18,58.63,15030134.0
2018-12-20,57.88,60.0,57.09,57.42,11900624.0
2018-12-21,57.17,58.73,56.49,56.74,14239838.0
2018-12-24,55.31,56.41,54.29,54.32,4508785.0
2018-12-26,54.63,58.38,54.44,58.35,6036756.0
2018-12-27,57.02,59.12,56.55,59.1,5766238.0
2018-12-28,59.46,59.92,57.8,58.24,4563598.0
2018-12-31,58.58,59.22,57.91,59.01,4358124.0
2019-01-02,58.17,60.28,57.79,59.64,6608102.0
2019-01-03,59.71,60.04,58.04,58.77,6290620.0
2019-01-04,59.88,61.72,59.25,61.65,6297550.0
2019-01-07,62.0,63.07,61.16,62.26,6333113.0
2019-01-08,62.61,63.64,61.89,62.87,5884769.0
2019-01-09,63.16,65.26,62.62,64.22,7195797.0
2019-01-10,64.15,64.5,62.5,63.63,8083322.0
2019-01-11,63.45,66.14,63.22,64.87,6863910.0
2019-01-14,64.29,65.45,64.29,64.88,4772878.0
2019-01-15,65.48,65.55,63.93,64.33,4285312.0
2019-01-16,64.0,64.57,63.65,64.34,5277936.0
2019-01-17,63.9,65.82,63.47,65.79,4533113.0
2019-01-18,66.32,66.42,64.86,66.09,5746118.0
2019-01-22,65.67,66.53,64.67,64.82,6166288.0
2019-01-23,65.0,65.84,63.98,64.85,4357718.0
2019-01-24,64.87,65.07,62.95,63.11,7318651.0
2019-01-25,63.68,64.86,63.02,64.08,7914722.0
2019-01-28,63.63,64.42,63.11,63.72,11002710.0
2019-01-29,63.57,64.38,63.0,64.14,5923227.0
2019-01-30,64.77,65.82,64.19,65.33,5745807.0
2019-01-31,66.13,67.11,65.65,66.26,8782237.0
2019-02-01,66.68,67.2,65.34,65.47,5216929.0
2019-02-04,65.4,66.17,65.21,65.91,5553672.0
2019-02-05,66.0,67.18,65.86,67.18,5403572.0
2019-02-06,66.9,67.79,66.69,66.87,5484156.0
2019-02-07,66.89,68.74,63.06,63.7,9498466.0
2019-02-08,63.52,64.1,61.92,62.72,8276518.0
2019-02-11,62.54,63.44,61.22,61.72,9648013.0
2019-02-12,62.31,62.89,61.71,61.87,6478790.0
2019-02-13,62.05,63.81,61.85,63.65,4140992.0
2019-02-14,63.35,64.72,63.04,64.04,4824401.0
2019-02-15,64.86,65.46,64.54,65.15,5166334.0
2019-02-19,64.5,65.42,64.26,65.01,3836549.0
2019-02-20,65.05,65.95,64.48,65.11,5470534.0
2019-02-21,65.01,65.98,64.47,64.66,7231796.0
2019-02-22,65.28,65.86,64.77,65.02,3544559.0
2019-02-25,64.97,65.23,64.45,64.75,4054734.0
2019-02-26,64.78,65.31,64.54,64.59,3746388.0
2019-02-27,64.65,64.86,63.33,63.4,5805567.0
2019-02-28,63.38,63.44,61.64,62.01,7499370.0
2019-03-01,62.12,63.2,62.12,62.68,6069801.0
2019-03-04,62.7,62.88,60.34,62.01,7025329.0
2019-03-05,61.79,61.89,60.31,60.81,7254535.0
2019-03-06,60.39,60.74,59.6,59.93,8212525.0
2019-03-07,59.93,60.16,58.69,58.84,5830749.0
2019-03-08,57.82,57.94,56.88,57.5,7630994.0
2019-03-11,57.89,59.22,57.73,59.2,6670482.0
2019-03-12,59.16,60.0,58.86,58.86,5849105.0
2019-03-13,59.01,59.59,58.93,59.57,6243470.0
2019-03-14,59.65,59.93,58.9,59.69,5473419.0
2019-03-15,59.45,61.27,59.4,60.45,9173787.0
2019-03-18,60.81,62.2,60.8,62.08,7657908.0
2019-03-19,62.4,63.04,61.79,62.03,6237087.0
2019-03-20,61.75,62.74,60.82,62.19,8136000.0
2019-03-21,62.03,63.35,61.71,62.79,6306667.0
2019-03-22,62.12,62.5,60.63,61.3,4664623.0
2019-03-25,61.13,61.44,60.36,61.17,5190100.0
2019-03-26,61.85,62.83,61.24,61.96,4191643.0
2019-03-27,61.7,62.51,61.38,62.19,4793360.0
2019-03-28,61.79,62.28,60.6,60.95,5095532.0
2019-03-29,61.4,61.53,59.71,59.85,8244978.0
2019-04-01,60.46,61.25,59.72,61.05,6993505.0
2019-04-02,60.89,60.89,59.37,59.92,7284205.0
2019-04-03,60.38,61.16,60.13,60.38,6979439.0
2019-04-04,60.43,61.88,60.21,61.35,5838988.0
2019-04-05,61.39,63.5,61.39,63.47,7359706.0
2019-04-08,63.58,63.67,62.64,63.36,7353226.0
2019-04-09,63.03,63.4,61.88,62.16,6047181.0
2019-04-10,62.35,63.99,62.05,63.6,8247958.0
2019-04-11,63.85,64.53,63.06,63.11,5284921.0
2019-04-12,63.82,63.95,61.4,61.59,10104431.0
2019-04-15,61.49,61.78,60.29,60.54,7075912.0
2019-04-16,60.5,60.6,59.49,60.02,7899857.0
2019-04-17,60.7,61.14,60.18,60.24,5500460.0
2019-04-18,60.33,60.81,59.69,59.81,6364147.0
2019-04-22,60.36,61.4,60.27,61.13,6186994.0
2019-04-23,61.29,61.51,60.39,61.06,6804701.0
2019-04-24,61.07,61.35,59.46,59.5,7056455.0
2019-04-25,59.76,61.47,59.55,60.65,6554304.0
2019-04-26,60.29,61.17,60.0,60.39,6244836.0
2019-04-29,60.5,61.37,60.27,60.99,4506839.0
2019-04-30,61.46,62.2,60.82,60.87,5005439.0
2019-05-01,61.1,61.73,59.95,59.95,4991312.0
2019-05-02,60.03,60.6,58.18,58.69,6849505.0
2019-05-03,59.26,60.18,59.22,59.96,5626661.0
2019-05-06,59.25,59.67,58.4,59.49,6409376.0
2019-05-07,58.75,59.5,57.53,59.43,9697074.0
2019-05-08,57.88,58.14,54.96,55.23,16021737.0
2019-05-09,55.17,55.72,52.5,52.96,15870566.0
2019-05-10,53.0,53.72,52.03,53.15,10158965.0
2019-05-13,52.31,52.87,50.6,50.72,7505257.0
2019-05-14,51.0,51.66,50.69,51.31,7644210.0
2019-05-15,50.68,51.45,50.19,51.19,7209889.0
2019-05-16,51.26,53.25,51.26,52.86,11750671.0
2019-05-17,52.36,52.61,51.77,51.95,6239627.0
2019-05-20,51.7,52.31,51.34,52.12,5315892.0
2019-05-21,52.59,53.78,52.48,53.28,6908666.0
2019-05-22,52.93,53.08,51.74,51.92,5547677.0
2019-05-23,51.08,51.16,49.71,50.14,10246019.0
2019-05-24,50.37,50.77,49.77,50.29,4860835.0
2019-05-28,50.59,50.75,48.95,49.0,8418531.0
2019-05-29,48.28,49.1,48.02,48.99,5895143.0
2019-05-30,48.74,48.89,46.95,47.11,8278996.0
2019-05-31,46.2,46.4,45.47,45.99,12939031.0
2019-06-03,46.11,47.25,46.02,47.13,8684117.0
2019-06-04,47.49,48.66,47.14,48.49,8225465.0
2019-06-05,48.86,48.86,47.02,47.69,7868303.0
2019-06-06,47.65,48.22,46.81,48.1,9358551.0
2019-06-07,48.39,48.65,46.33,46.99,10343184.0
2019-06-10,47.47,48.47,47.42,47.68,7440426.0
2019-06-11,48.14,48.47,47.76,47.77,5619134.0
2019-06-12,47.64,47.89,46.9,46.97,6602294.0
2019-06-13,47.44,48.1,47.13,47.9,6491445.0
2019-06-14,47.8,48.0,47.33,47.96,5463394.0
2019-06-17,47.98,49.0,47.75,48.71,8369109.0
2019-06-18,48.8,50.05,48.8,49.64,7502223.0
2019-06-19,49.76,50.4,49.37,49.66,7330485.0
2019-06-20,50.53,52.29,50.51,51.95,10766098.0
2019-06-21,52.58,53.19,51.9,52.66,11668316.0
2019-06-24,52.19,52.89,51.54,51.6,5949404.0
2019-06-25,51.38,52.04,51.09,51.39,5471794.0
2019-06-26,51.91,54.28,51.91,54.21,9095620.0
2019-06-27,54.25,55.31,53.83,54.37,7700210.0
2019-06-28,54.51,55.95,54.16,55.88,10298999.0
2019-07-01,56.9,57.13,54.97,55.12,8067857.0
2019-07-02,54.75,54.98,53.98,54.49,6677512.0
2019-07-03,54.43,54.92,54.1,54.32,3229466.0
2019-07-05,54.05,55.13,53.94,54.87,3413962.0
2019-07-08,54.7,55.06,54.21,54.34,4642188.0
2019-07-09,54.01,54.97,53.81,54.64,4702585.0
2019-07-10,55.31,55.6,54.13,54.98,3963125.0
2019-07-11,55.26,55.63,54.82,55.44,4144655.0
2019-07-12,55.47,55.87,55.3,55.48,3792317.0
2019-07-15,55.6,55.6,53.85,54.83,5764408.0
2019-07-16,54.79,55.91,54.42,55.68,6097623.0
2019-07-17,55.46,55.82,54.07,54.31,4609658.0
2019-07-18,54.02,55.42,53.7,55.36,4279463.0
2019-07-19,55.56,55.75,54.75,55.24,3284790.0
2019-07-22,55.48,55.94,54.66,55.22,2725886.0
2019-07-23,55.2,55.83,55.19,55.71,3649910.0
2019-07-24,55.54,57.81,55.45,57.62,7114252.0
2019-07-25,57.6,57.78,55.87,56.5,5127300.0
2019-07-26,56.36,57.08,56.18,56.84,3452884.0
2019-07-29,56.55,56.78,55.62,56.16,4604161.0
2019-07-30,55.8,57.26,55.37,57.05,3746312.0
2019-07-31,57.03,57.61,55.51,56.39,5682236.0
2019-08-01,57.92,58.6,54.84,55.36,8254633.0
2019-08-02,55.1,55.4,53.34,53.62,5094702.0
2019-08-05,52.6,52.67,49.94,50.67,8055890.0
2019-08-06,51.27,51.57,49.14,49.59,7722502.0
2019-08-07,48.9,48.91,47.4,48.13,9238018.0
2019-08-08,48.32,49.54,48.06,49.52,7974810.0
2019-08-09,49.44,49.56,48.37,48.39,4353766.0
2019-08-12,47.75,47.99,46.09,46.41,5430247.0
2019-08-13,46.23,48.04,45.64,47.15,5262525.0
2019-08-14,46.55,46.62,44.27,44.63,9399163.0
2019-08-15,44.51,45.55,43.96,45.4,6292788.0
2019-08-16,45.85,46.38,45.54,46.22,5028414.0
2019-08-19,47.0,48.19,46.91,47.81,5337623.0
2019-08-20,46.99,47.27,46.48,46.72,4452139.0
2019-08-21,47.38,47.78,46.5,47.23,3815871.0
2019-08-22,47.23,47.65,46.7,46.89,3312039.0
2019-08-23,46.45,47.61,45.56,45.76,6216646.0
2019-08-26,46.12,46.57,45.44,46.04,9283899.0
2019-08-27,46.46,46.82,45.11,45.33,3926981.0
2019-08-28,45.3,46.71,44.91,46.33,4258316.0
2019-08-29,46.76,48.88,46.73,48.56,8793772.0
2019-08-30,48.76,49.99,48.72,49.21,5659573.0
2019-09-03,48.32,49.83,47.62,49.64,8002107.0
2019-09-04,50.2,50.82,49.26,50.66,4851991.0
2019-09-05,51.34,52.94,50.93,52.48,8812615.0
2019-09-06,52.56,52.94,51.61,52.47,5276518.0
2019-09-09,52.94,54.0,52.72,53.58,5218543.0
2019-09-10,53.67,55.07,53.21,54.48,6929698.0
2019-09-11,55.0,55.35,53.6,54.11,6531721.0
2019-09-12,53.22,53.71,52.54,53.19,7028096.0
2019-09-13,53.37,54.19,52.98,53.29,7377112.0
2019-09-16,53.5,53.7,51.28,52.41,9626055.0
2019-09-17,51.99,53.8,51.3,53.41,6190344.0
2019-09-18,53.19,53.8,52.73,53.76,3253464.0
2019-09-19,54.11,54.31,53.63,53.92,3638493.0
2019-09-20,54.13,55.86,54.12,55.1,7973799.0
2019-09-23,54.35,56.31,54.35,55.78,5464306.0
2019-09-24,55.73,55.94,54.96,55.48,5541837.0
2019-09-25,59.27,60.35,58.05,60.15,17207717.0
2019-09-26,59.7,61.08,59.25,60.84,9508733.0
2019-09-27,61.4,62.82,60.85,62.42,13049506.0
2019-09-30,62.16,62.3,60.52,60.75,9328564.0
2019-10-01,61.26,61.63,60.33,60.38,6313180.0
2019-10-02,59.53,60.0,58.66,59.2,6204591.0
2019-10-03,58.78,60.07,58.24,60.0,4511149.0
2019-10-04,60.25,60.99,59.72,60.74,6189245.0
2019-10-07,60.99,61.48,60.26,60.4,3464560.0
2019-10-08,59.89,60.5,59.56,59.82,4855057.0
2019-10-09,60.3,61.22,60.24,60.56,5496293.0
2019-10-10,60.81,62.0,60.73,61.93,4525245.0
2019-10-11,62.91,64.1,62.28,63.42,8395476.0
2019-10-14,62.73,63.73,62.45,63.14,3816442.0
2019-10-15,62.95,64.56,62.32,64.05,4951524.0
2019-10-16,63.75,64.16,62.61,62.69,4374358.0
2019-10-17,63.29,65.41,63.07,64.1,7050003.0
2019-10-18,63.9,65.54,63.78,65.14,12749070.0
2019-10-21,65.45,66.05,64.67,64.67,4691611.0
2019-10-22,65.04,65.88,64.86,65.18,3478929.0
2019-10-23,65.09,65.96,64.74,65.87,5944001.0
2019-10-24,66.25,66.77,65.4,66.35,4909763.0
2019-10-25,66.35,68.5,65.75,68.01,6248210.0
2019-10-28,68.29,68.59,67.22,67.58,4748677.0
2019-10-29,67.77,69.65,67.61,68.02,7274762.0
2019-10-30,68.69,68.89,65.18,66.19,6873385.0
2019-10-31,66.6,66.94,61.38,63.95,15931465.0
2019-11-01,64.85,66.83,64.73,66.47,7377500.0
2019-11-04,66.92,68.5,66.72,67.94,6145128.0
2019-11-05,68.15,68.73,66.12,66.44,7018480.0
2019-11-06,66.0,66.01,64.07,64.28,5081446.0
2019-11-07,65.11,66.82,64.93,66.25,5980309.0
2019-11-08,65.87,66.46,64.87,66.23,4488265.0
2019-11-11,65.44,66.45,65.06,65.71,2255036.0
2019-11-12,65.93,66.24,64.41,64.9,5518505.0
2019-11-13,64.3,64.9,63.76,64.25,4351156.0
2019-11-14,64.49,65.21,64.16,64.45,4440797.0
2019-11-15,64.92,65.29,64.38,64.69,4469459.0
2019-11-18,64.51,64.74,63.88,64.54,3310712.0
2019-11-19,63.78,63.89,61.72,61.85,4758336.0
2019-11-20,61.75,62.15,59.82,61.8,8599865.0
2019-11-21,62.06,63.32,61.94,63.24,3842041.0
2019-11-22,63.35,63.59,62.26,62.36,2379579.0
2019-11-25,62.46,63.06,62.11,62.43,6855852.0
2019-11-26,62.51,62.65,61.4,61.67,9866696.0
2019-11-27,61.93,62.26,60.95,61.47,4197793.0
2019-11-29,61.24,61.49,60.39,60.64,3545119.0
2019-12-02,60.88,61.52,60.48,60.87,4328093.0
2019-12-03,60.09,60.43,59.24,60.03,5358960.0
2019-12-04,60.85,60.99,59.98,60.03,3884136.0
2019-12-05,60.16,60.34,59.61,59.85,3205176.0
2019-12-06,60.27,61.0,60.12,60.2,3970444.0
2019-12-09,59.11,59.75,58.2,58.43,5810938.0
2019-12-10,58.33,59.04,57.72,58.67,3993913.0
2019-12-11,58.6,58.83,56.71,57.11,7712314.0
2019-12-12,56.98,59.15,56.85,59.0,4380484.0
2019-12-13,59.24,60.51,58.27,58.61,4836624.0
2019-12-16,59.21,61.58,58.96,60.75,8166001.0
2019-12-17,60.98,61.68,60.74,61.21,5519448.0
2019-12-18,61.34,61.83,60.71,60.91,4787082.0
2019-12-19,61.04,61.41,60.32,61.13,5252145.0
2019-12-20,61.68,62.14,61.03,61.61,8907195.0
2019-12-23,61.45,61.56,60.47,60.66,6449713.0
2019-12-24,60.59,61.0,60.34,60.97,1570695.0
2019-12-26,61.02,61.33,60.34,60.47,3655933.0
2019-12-27,60.69,60.85,60.01,60.38,3682842.0
2019-12-30,60.36,60.69,59.62,59.67,3363674.0
2019-12-31,59.5,60.35,59.02,60.25,3356997.0
2020-01-02,60.88,61.92,60.38,61.91,4425042.0
2020-01-03,61.06,61.36,58.17,58.23,9674271.0
2020-01-06,57.72,58.73,57.02,58.22,7878031.0
2020-01-07,57.59,59.17,57.23,59.14,6584133.0
2020-01-08,58.92,59.11,57.79,58.52,5585203.0
2020-01-09,58.42,59.42,57.96,59.39,6180041.0
2020-01-10,59.66,61.07,59.43,60.22,4941493.0
2020-01-13,60.26,60.49,59.31,59.62,4044960.0
2020-01-14,59.51,60.12,59.13,59.84,5413569.0
2020-01-15,59.53,59.69,57.72,58.13,7231292.0
2020-01-16,58.45,58.56,57.3,57.53,7222343.0
2020-01-17,57.54,57.61,56.56,56.89,6122646.0
2020-01-21,56.4,56.6,55.7,56.18,6499846.0
2020-01-22,56.43,56.49,55.87,55.97,4152002.0
2020-01-23,55.48,55.84,53.95,55.33,5106995.0
2020-01-24,55.14,55.28,53.96,54.49,4607590.0
2020-01-27,53.17,53.35,52.25,52.7,7797172.0
2020-01-28,53.02,53.67,52.29,52.93,5148687.0
2020-01-29,54.6,55.94,52.36,53.59,9915477.0
2020-01-30,52.78,54.62,52.76,54.35,5282610.0
2020-01-31,54.0,55.73,53.65,54.5,9482645.0
2020-02-03,54.54,54.69,52.04,52.06,7341415.0
2020-02-04,53.37,53.84,52.24,53.39,7008960.0
2020-02-05,54.01,55.74,54.01,55.54,6227668.0
2020-02-06,55.82,56.09,55.28,55.46,3572139.0
2020-02-07,55.0,55.41,54.5,54.69,5589065.0
2020-02-10,54.39,55.09,53.89,55.07,4114111.0
2020-02-11,55.55,57.16,55.08,56.76,6780852.0
2020-02-12,58.29,59.01,57.65,58.93,8065043.0
2020-02-13,58.69,60.07,58.31,59.5,6661113.0
2020-02-14,59.49,59.9,58.05,58.33,6811949.0
2020-02-18,57.18,57.3,56.3,56.47,5258787.0
2020-02-19,56.65,57.93,56.29,57.69,7065112.0
2020-02-20,58.7,60.35,58.25,60.26,13576285.0
2020-02-21,60.03,60.22,58.93,59.13,6490798.0
2020-02-24,57.0,57.01,55.28,55.87,10276810.0
2020-02-25,56.07,56.15,52.78,53.12,8826260.0
2020-02-26,53.11,54.46,52.09,52.27,6041580.0
2020-02-27,50.73,50.76,47.83,47.93,13247456.0
2020-02-28,46.29,47.53,45.02,47.42,14193678.0
2020-03-02,47.89,48.21,45.69,47.73,11884657.0
2020-03-03,47.53,48.25,44.81,45.17,8506446.0
2020-03-04,46.1,46.25,44.81,45.88,6923959.0
2020-03-05,42.09,42.79,39.63,41.21,15767448.0
2020-03-06,40.17,40.85,38.05,39.15,13936970.0
2020-03-09,31.89,37.25,30.78,33.82,14834816.0
2020-03-10,36.08,36.71,33.04,34.52,12203683.0
2020-03-11,33.11,34.14,29.43,31.36,13536660.0
2020-03-12,28.17,28.17,22.5,22.89,23938996.0
2020-03-13,25.84,26.29,22.71,24.92,17766889.0
2020-03-16,21.13,23.75,19.99,20.29,14482359.0
2020-03-17,20.83,21.75,18.46,20.3,13424787.0
2020-03-18,18.6,19.1,15.58,16.75,17496950.0
2020-03-19,17.01,17.77,15.26,16.72,17581678.0
2020-03-20,17.61,19.86,16.43,18.95,19580412.0
2020-03-23,18.62,18.82,16.5,16.62,12971090.0
2020-03-24,17.99,18.77,16.83,17.5,14391439.0
2020-03-25,18.25,22.33,16.57,21.11,18300250.0
2020-03-26,22.25,24.86,22.08,23.14,18509020.0
2020-03-27,22.05,23.93,20.6,23.15,11426336.0
2020-03-30,22.83,24.7,21.5,24.33,10262979.0
2020-03-31,25.53,25.64,22.69,23.62,11633027.0
2020-04-01,21.97,22.69,20.65,20.87,9305056.0
2020-04-02,22.23,24.8,20.94,21.22,11990433.0
2020-04-03,22.4,22.51,18.27,20.06,14114521.0
2020-04-06,21.16,23.53,21.07,23.09,10180003.0
2020-04-07,24.88,26.0,22.1,22.51,14246865.0
2020-04-08,23.25,25.28,23.18,24.31,18008627.0
2020-04-09,26.07,27.27,24.03,25.63,15625778.0
2020-04-13,26.8,26.8,24.72,25.33,11670062.0
2020-04-14,25.32,26.46,25.32,26.3,11312392.0
2020-04-15,24.81,24.81,23.51,23.98,8269069.0
2020-04-16,24.02,24.11,21.9,21.95,11792581.0
2020-04-17,22.5,25.5,22.42,25.45,13646123.0
2020-04-20,23.17,25.91,22.75,24.85,9923381.0
2020-04-21,24.18,25.08,23.04,23.72,11871930.0
2020-04-22,24.9,25.3,24.09,24.69,9894318.0
2020-04-23,25.45,26.89,25.17,25.94,9947791.0
2020-04-24,26.26,26.68,25.4,25.76,10757010.0
2020-04-27,25.93,26.58,25.04,26.45,7702485.0
2020-04-28,27.13,28.62,26.46,28.43,8460733.0
2020-04-29,29.8,33.32,29.51,33.04,15179654.0
2020-04-30,33.1,33.91,31.21,32.08,18487294.0
2020-05-01,30.3,30.79,28.89,29.24,7456865.0
2020-05-04,28.78,31.57,28.52,31.53,13776141.0
2020-05-05,34.16,34.4,30.75,31.14,13474484.0
2020-05-06,31.33,31.73,29.51,29.53,7794672.0
2020-05-07,30.51,31.45,30.04,30.78,10624067.0
2020-05-08,31.64,33.33,31.08,33.03,8064345.0
2020-05-11,32.5,33.09,32.01,32.7,7232871.0
2020-05-12,33.01,33.48,32.21,32.21,7025535.0
2020-05-13,31.57,32.55,30.27,31.05,8503621.0
2020-05-14,30.03,31.65,28.82,30.89,7941361.0
2020-05-15,30.65,31.26,29.88,30.3,9469074.0
2020-05-18,32.14,35.31,31.98,34.95,13237629.0
2020-05-19,34.72,35.38,33.08,34.5,13057224.0
2020-05-20,35.35,37.28,35.15,36.82,18678495.0
2020-05-21,36.89,37.42,35.36,35.69,11427225.0
2020-05-22,35.57,35.84,34.44,35.57,5683031.0
2020-05-26,37.09,37.53,36.61,36.83,10481777.0
2020-05-27,37.58,37.94,35.56,36.58,10878092.0
2020-05-28,36.7,36.7,34.96,35.18,6999450.0
2020-05-29,34.75,35.43,34.11,35.14,11450400.0
2020-06-01,35.44,36.83,34.35,36.5,7416185.0
2020-06-02,37.0,37.94,36.48,37.72,7533091.0
2020-06-03,38.5,39.22,38.17,38.59,9151226.0
2020-06-04,38.2,38.86,37.53,38.04,9239309.0
2020-06-05,40.95,42.01,40.47,41.56,10867700.0
2020-06-08,43.5,44.12,41.53,42.21,14498147.0
2020-06-09,40.26,40.94,39.36,40.41,8264548.0
2020-06-10,40.14,40.8,39.13,39.19,7984815.0
2020-06-11,35.76,37.88,35.17,35.33,10531737.0
2020-06-12,37.63,37.9,35.33,36.62,7688886.0
2020-06-15,34.8,38.2,34.61,37.84,9573732.0
2020-06-16,40.11,40.48,37.62,38.64,7256899.0
2020-06-17,38.5,38.64,37.12,37.13,5498538.0
2020-06-18,36.95,39.0,36.41,38.47,6219250.0
2020-06-19,41.75,41.8,38.19,38.19,25989033.0
2020-06-22,37.64,38.78,37.02,38.61,10442623.0
2020-06-23,39.05,39.7,38.67,38.8,5808151.0
2020-06-24,37.88,38.16,35.73,36.23,7993838.0
2020-06-25,35.53,37.03,35.12,36.69,8370660.0
2020-06-26,36.39,39.05,34.66,35.37,14780892.0
2020-06-29,35.35,36.43,35.0,35.4,4630869.0
2020-06-30,35.19,37.66,34.69,37.38,6542083.0
2020-07-01,37.6,38.06,35.46,35.68,6026362.0
2020-07-02,36.23,37.42,35.93,36.07,5716292.0
2020-07-06,36.82,37.12,35.32,36.36,6860014.0
2020-07-07,35.62,35.92,34.63,34.69,6752039.0
2020-07-08,34.73,34.81,33.54,34.15,12174145.0
2020-07-09,34.26,34.26,32.57,33.35,10668617.0
2020-07-10,33.05,36.26,33.02,36.2,9439698.0
2020-07-13,36.43,36.45,35.05,35.31,8333349.0
2020-07-14,34.8,36.29,34.4,36.2,8771269.0
2020-07-15,37.28,37.73,36.49,37.57,4805054.0
2020-07-16,37.03,37.95,36.65,37.39,3380705.0
2020-07-17,37.64,39.63,37.2,37.93,10381989.0
2020-07-20,37.39,38.31,36.68,36.75,7093429.0
2020-07-21,37.29,38.76,37.16,38.54,6676421.0
2020-07-22,37.9,38.91,37.4,38.73,7550210.0
2020-07-23,38.2,39.5,38.11,38.88,4573766.0
2020-07-24,38.7,39.36,38.45,38.7,3728635.0
2020-07-27,38.52,38.91,37.75,38.52,3290339.0
2020-07-28,38.28,38.86,37.87,38.12,4820988.0
2020-07-29,38.34,39.95,38.23,39.91,5097263.0
2020-07-30,39.02,39.27,37.63,38.08,5949246.0
2020-07-31,37.69,38.55,37.24,38.2,9998483.0
2020-08-03,38.81,40.04,37.42,38.57,24368391.0
2020-08-04,37.78,38.57,36.51,37.69,13185650.0
2020-08-05,38.08,38.13,36.27,36.43,14966681.0
2020-08-06,36.06,36.88,35.49,35.73,7172451.0
2020-08-07,35.59,36.75,35.25,36.67,5469009.0
2020-08-10,36.9,37.15,36.05,37.13,9232585.0
2020-08-11,37.88,38.68,36.73,36.95,7622225.0
2020-08-12,38.03,38.45,37.35,38.13,8281882.0
2020-08-13,37.5,38.07,37.12,37.26,5040131.0
2020-08-14,37.13,38.38,36.9,38.35,5768146.0
2020-08-17,38.37,39.08,38.04,38.65,5424610.0
2020-08-18,37.93,38.22,37.23,37.24,5824248.0
2020-08-19,37.18,37.83,36.7,37.18,5357073.0
2020-08-20,36.7,36.7,35.62,35.62,8116993.0
2020-08-21,35.48,35.69,34.96,35.4,6586109.0
2020-08-24,35.8,37.02,35.48,36.81,7215672.0
2020-08-25,36.97,37.0,36.01,36.45,7086639.0
2020-08-26,36.32,36.6,35.3,35.33,5174679.0
2020-08-27,35.58,35.58,34.4,34.98,7384674.0
2020-08-28,35.11,37.26,35.1,37.09,7090756.0
2020-08-31,37.01,37.07,35.46,35.46,5727749.0
2020-09-01,35.01,35.86,34.63,34.97,5048969.0
2020-09-02,35.03,35.43,34.59,35.01,5556916.0
2020-09-03,35.1,35.83,33.94,34.26,6314756.0
2020-09-04,34.54,34.78,33.23,33.64,7278876.0
2020-09-08,33.04,33.41,32.23,32.33,6645462.0
2020-09-09,32.72,32.75,31.74,31.77,7017530.0
2020-09-10,31.86,31.97,30.22,30.27,8887047.0
2020-09-11,30.31,31.6,30.14,31.25,8273128.0
2020-09-14,31.49,32.49,31.48,32.02,9334924.0
2020-09-15,31.98,32.47,30.95,31.09,5248746.0
2020-09-16,31.31,33.06,30.75,32.36,9230793.0
2020-09-17,31.55,32.4,31.44,32.12,8454644.0
2020-09-18,31.75,32.61,31.64,32.28,12106866.0
2020-09-21,30.8,31.34,30.25,31.25,10301612.0
2020-09-22,31.1,31.71,30.88,31.04,9786320.0
2020-09-23,30.89,31.16,28.7,28.73,8669211.0
2020-09-24,28.51,29.15,27.57,28.62,9454381.0
2020-09-25,28.07,28.89,27.63,28.63,6647204.0
2020-09-28,29.46,30.31,29.18,29.95,7495975.0
2020-09-29,29.92,30.27,29.12,29.43,4857968.0
2020-09-30,29.59,30.21,29.13,29.34,5788782.0
2020-10-01,28.77,28.98,27.39,27.71,7880324.0
2020-10-02,26.82,28.64,26.56,28.27,7342843.0
2020-10-05,28.7,29.47,28.62,29.24,6615068.0
2020-10-06,29.77,30.3,28.76,28.83,5367881.0
2020-10-07,28.99,29.27,28.55,29.21,5507766.0
2020-10-08,29.39,31.14,29.28,31.12,6636033.0
2020-10-09,31.35,31.39,30.07,30.12,7514024.0
2020-10-12,29.97,30.51,29.62,30.49,4393244.0
2020-10-13,30.17,30.49,29.08,29.38,6551827.0
2020-10-14,29.54,30.6,29.43,29.91,4926179.0
2020-10-15,29.15,30.57,28.59,30.54,5150512.0
2020-10-16,30.42,30.52,29.32,29.37,5030242.0
2020-10-19,29.31,29.51,28.17,28.25,8570439.0
2020-10-20,28.6,29.5,28.5,29.24,6049696.0
2020-10-21,28.74,29.49,28.29,28.82,5732504.0
2020-10-22,28.61,29.65,28.09,29.51,6250024.0
2020-10-23,29.87,30.58,29.06,29.89,6050903.0
2020-10-26,29.25,29.29,28.15,28.6,6438524.0
2020-10-27,28.44,29.0,28.05,28.19,4681213.0
2020-10-28,27.27,27.94,26.79,27.5,8389005.0
2020-10-29,27.01,28.88,26.77,28.83,6478536.0
2020-10-30,28.5,29.53,28.16,29.5,8784816.0
2020-11-02,28.92,31.81,28.54,31.3,11738205.0
2020-11-03,31.89,32.34,31.46,31.91,8395626.0
2020-11-04,31.82,32.72,31.13,31.7,7392548.0
2020-11-05,31.65,32.52,31.52,31.83,7109469.0
2020-11-06,31.7,32.47,31.29,31.58,7181674.0
2020-11-09,35.68,38.22,35.65,36.47,17209780.0
2020-11-10,37.4,37.67,36.28,37.64,12599760.0
2020-11-11,37.84,38.22,36.74,37.19,5687622.0
2020-11-12,36.48,36.64,34.42,34.7,8953906.0
2020-11-13,35.19,37.63,35.02,37.56,7920529.0
2020-11-16,39.4,40.87,38.67,40.73,15288181.0
2020-11-17,39.21,40.66,38.16,40.61,7931279.0
2020-11-18,40.89,41.07,38.53,38.54,9135964.0
2020-11-19,37.45,39.24,37.21,39.08,6149206.0
2020-11-20,38.99,39.17,38.2,38.26,4603093.0
2020-11-23,39.0,41.35,38.88,41.22,8988162.0
2020-11-24,42.73,42.87,41.43,42.45,12176998.0
2020-11-25,41.89,42.21,41.34,41.48,5782503.0
2020-11-27,41.16,41.89,41.04,41.42,4122182.0
2020-11-30,40.83,41.49,38.64,38.88,13248395.0
2020-12-01,40.22,41.28,39.32,39.45,5942591.0
2020-12-02,39.0,41.23,38.74,40.58,5792612.0
2020-12-03,40.75,41.92,40.25,40.99,4191696.0
2020-12-04,41.76,43.56,41.72,42.91,5557723.0
2020-12-07,42.25,42.74,40.89,42.21,5835296.0
2020-12-08,41.55,43.31,41.49,42.45,4107192.0
2020-12-09,43.18,43.88,41.94,42.64,4302184.0
2020-12-10,42.45,44.69,42.34,43.83,9325091.0
2020-12-11,43.29,43.43,42.28,42.91,3651564.0
2020-12-14,43.31,43.9,40.52,40.76,6498394.0
2020-12-15,41.4,42.29,40.83,42.25,5045539.0
2020-12-16,42.06,42.24,41.38,41.65,5975521.0
2020-12-17,41.99,41.99,40.41,40.58,7226999.0
2020-12-18,40.06,40.56,39.72,40.35,12846436.0
2020-12-21,39.0,40.29,38.3,39.75,6302479.0
2020-12-22,39.65,40.29,39.56,39.67,7608306.0
2020-12-23,40.0,41.65,40.0,41.31,4944717.0
2020-12-24,40.88,41.23,40.39,41.21,1989270.0
2020-12-28,41.26,42.38,40.7,40.78,4294142.0
2020-12-29,40.98,41.31,40.48,40.73,3363063.0
2020-12-30,40.91,41.87,40.83,41.57,3152281.0
2020-12-31,41.5,41.99,41.06,41.36,3361432.0
2021-01-04,41.73,42.226,40.3022,40.75,4174125.0
2021-01-05,41.01,43.32,40.94,42.09,5869059.0
2021-01-06,43.12,43.57,41.955,42.95,6819910.0
2021-01-07,43.23,44.78,42.88,44.17,6420619.0
2021-01-08,44.75,44.79,43.11,43.18,5255111.0
2021-01-11,42.41,43.84,42.06,43.59,4223094.0
2021-01-12,43.7,45.78,43.5,45.58,10484750.0
2021-01-13,45.36,45.43,43.63,44.32,7234608.0
2021-01-14,44.5,46.08,44.01,45.52,8816177.0
2021-01-15,44.9,45.0,43.33,43.98,7718969.0
2021-01-19,44.34,46.64,44.02,46.09,7186269.0
2021-01-20,46.47,46.93,45.21,46.17,5529335.0
2021-01-21,46.2,46.46,45.01,45.39,5204738.0
2021-01-22,44.18,45.84,43.77,45.75,3645134.0
2021-01-25,44.92,46.44,44.43,46.23,7148386.0
2021-01-26,46.68,47.19,44.98,45.16,4268189.0
2021-01-27,44.0,45.51,43.18,43.94,8826522.0
2021-01-28,44.38,45.28,43.46,44.77,6253779.0
2021-01-29,44.28,45.41,43.11,43.16,6180906.0
2021-02-01,43.77,44.06,42.32,43.45,5232100.0
2021-02-02,44.44,46.42,44.01,45.15,7112286.0
2021-02-03,45.57,47.46,45.4,47.3,6492027.0
2021-02-04,47.82,48.28,46.59,47.33,5007509.0
2021-02-05,48.01,48.23,47.23,47.65,3846121.0
2021-02-08,48.22,49.86,48.15,49.48,9360398.0
2021-02-09,49.05,49.09,48.13,48.87,5076941.0
2021-02-10,49.06,50.17,48.32,49.81,4938465.0
2021-02-11,49.84,49.94,48.66,49.76,3753745.0
2021-02-12,49.44,50.58,49.25,50.46,3907161.0
2021-02-16,50.81,52.08,50.72,51.46,10784570.0
2021-02-17,51.56,52.12,50.46,51.89,5665162.0
2021-02-18,51.64,51.93,50.81,51.22,4952121.0
2021-02-19,51.59,53.31,51.53,53.0,7603636.0
2021-02-22,53.61,55.7,53.39,54.85,8770031.0
2021-02-23,55.05,56.14,53.82,55.77,7649440.0
2021-02-24,56.05,56.99,55.83,56.65,6605393.0
2021-02-25,56.98,56.98,54.44,55.07,6781620.0
2021-02-26,54.82,55.23,52.17,54.62,6259894.0
2021-03-01,55.94,56.75,55.0,56.1,6159649.0
2021-03-02,56.5,57.07,55.65,56.03,6094650.0
2021-03-03,56.43,57.69,55.77,56.07,5259859.0
2021-03-04,56.3,57.46,54.95,56.51,7032376.0
2021-03-05,58.17,58.32,55.06,57.32,6865925.0
2021-03-08,58.07,58.77,56.62,57.16,7192274.0
2021-03-09,56.69,58.18,55.81,55.87,5278466.0
2021-03-10,56.36,58.43,56.36,58.18,6504305.0
2021-03-11,58.67,59.93,57.875,58.0,6318519.0
2021-03-12,58.47,58.63,57.32,57.75,5053522.0
2021-03-15,57.9,58.2,56.57,57.86,5901571.0
2021-03-16,56.86,57.04,55.52,56.21,10415300.0
2021-03-17,55.79,56.62,54.73,56.21,7586413.0
2021-03-18,55.66,55.66,52.81,52.85,9733629.0
2021-03-19,53.06,54.54,52.41,53.76,14090220.0
2021-03-22,53.5,53.98,52.95,53.35,4805316.0
2021-03-23,52.51,53.43,51.8,52.44,6252226.0
2021-03-24,53.5,54.65,53.07,53.17,6802920.0
2021-03-25,52.35,54.185,51.12,53.88,5087911.0
2021-03-26,54.9,55.32,54.0,55.02,3822478.0
2021-03-29,54.14,54.63,53.2,53.53,4552207.0
2021-03-30,52.97,54.23,52.77,53.6,3228859.0
2021-03-31,53.5,53.82,53.07,53.49,4984833.0
2021-04-01,53.89,55.8163,53.5,55.8,5490760.0
2021-04-05,55.5,55.76,53.385,53.96,5589866.0
2021-04-06,54.37,55.22,53.25,53.68,5008999.0
2021-04-07,53.53,54.17,53.315,53.99,3850368.0
2021-04-08,53.2,53.82,52.34,53.36,6030976.0
2021-04-09,53.36,53.81,52.66,52.83,3191939.0
2021-04-12,53.42,53.75,52.02,52.21,3677946.0
2021-04-13,51.8,52.71,51.55,52.57,3059453.0
2021-04-14,53.09,54.88,52.97,53.87,4587455.0
2021-04-15,53.7,53.915,52.89,53.87,4410724.0
2021-04-16,55.2,55.58,53.72,54.26,6161351.0
2021-04-19,53.85,54.33,52.86,53.43,3991635.0
2021-04-20,53.09,53.23,51.45,52.05,4337449.0
2021-04-21,51.43,53.42,51.28,53.31,3457675.0
2021-04-22,53.31,53.31,51.975,52.06,7656239.0
2021-04-23,52.44,53.235,52.09,53.0,4179298.0
2021-04-26,52.84,53.58,52.72,53.27,4488708.0
2021-04-27,53.46,54.06,53.125,53.89,4867212.0
2021-04-28,54.41,55.74,54.37,55.44,5895986.0
2021-04-29,56.31,57.25,55.65,56.04,5505359.0
2021-04-30,55.39,57.1,55.16,55.65,4773025.0
2021-05-03,56.52,57.675,56.16,57.16,7066620.0
2021-05-04,56.0,58.22,55.38,57.3,7081662.0
2021-05-05,57.95,59.39,57.2,59.37,6316573.0
2021-05-06,59.5,60.05,58.845,59.46,7405592.0
2021-05-07,59.0,60.23,58.675,60.0,8178374.0
2021-05-10,60.52,61.105,59.64,59.81,6884634.0
2021-05-11,58.75,59.46,57.96,58.64,5801405.0
2021-05-12,58.7,60.52,58.7,58.97,7541598.0
2021-05-13,58.33,60.1,58.02,58.78,5492179.0
2021-05-14,59.46,61.95,55.98,60.08,31341800.0
2021-05-17,60.11,61.76,60.05,61.52,11251770.0
2021-05-18,61.18,61.88,60.27,60.33,11782140.0
2021-05-19,59.13,60.05,58.78,59.55,9215442.0
2021-05-20,59.42,59.95,58.77,59.67,8310619.0
2021-05-21,60.12,60.55,59.45,59.59,9741409.0
2021-05-24,60.04,60.9,59.59,60.73,11488310.0
2021-05-25,60.7,60.91,59.89,60.01,8911994.0
2021-05-26,60.25,61.07,60.06,60.8,8740794.0
2021-05-27,60.88,61.575,60.79,61.4,11339240.0
2021-05-28,61.59,61.97,61.18,61.8,8963035.0
2021-06-01,62.5,63.05,62.09,62.5,6361543.0
2021-06-02,63.0,63.38,62.14,62.98,7552530.0
2021-06-03,62.9,63.698,62.47,63.26,7620782.0
2021-06-04,63.69,63.875,62.81,63.67,5751801.0
2021-06-07,63.62,64.025,63.02,63.34,5920296.0
2021-06-08,63.26,64.17,62.79,64.09,9854992.0
2021-06-09,64.29,64.7,63.55,63.61,13185670.0
2021-06-10,64.66,64.84,63.05,63.44,6980253.0
2021-06-11,63.7,64.0,63.16,63.18,3631599.0
2021-06-14,63.38,63.71,62.77,62.99,8772243.0
2021-06-15,63.3,64.285,63.065,63.67,6231954.0
2021-06-16,63.47,63.815,62.7,63.28,5432464.0
2021-06-17,63.27,63.76,60.43,60.96,7210167.0
2021-06-18,60.17,60.51,58.86,58.87,8980619.0
2021-06-21,59.33,61.17,59.15,61.05,4657925.0
2021-06-22,60.74,61.685,60.38,61.34,4246900.0
2021-06-23,62.06,62.85,61.53,61.55,3538820.0
2021-06-24,62.0,62.5,61.44,62.34,2646001.0
2021-06-25,62.48,62.73,61.71,62.55,9623052.0
2021-06-28,62.4,62.53,60.41,60.5,6040986.0
2021-06-29,60.92,61.12,60.01,60.08,3630124.0
2021-06-30,60.3,60.85,60.04,60.42,3822264.0
2021-07-01,61.45,61.78,60.82,61.27,4013947.0
2021-07-02,61.5,61.5,60.385,61.07,4312483.0
2021-07-06,60.81,60.98,58.8,58.97,9406640.0
2021-07-07,58.8,59.18,57.32,57.95,4186516.0
2021-07-08,56.75,57.91,56.3766,57.45,6898577.0
2021-07-09,58.07,58.745,57.18,58.68,5776238.0
2021-07-12,58.14,59.17,57.62,58.33,4943608.0
2021-07-13,57.97,58.16,57.16,57.4,4935171.0
2021-07-14,57.22,57.84,55.015,55.12,7799825.0
2021-07-15,54.6,55.17,54.02,54.25,7349022.0
2021-07-16,54.675,54.83,53.14,53.26,6763734.0
2021-07-19,51.37,51.79,50.19,50.88,10787800.0
2021-07-20,51.07,52.27,50.46,52.12,5664684.0
2021-07-21,52.96,54.51,52.93,54.08,5799010.0
2021-07-22,53.82,53.82,52.79,53.39,3179290.0
2021-07-23,53.2,53.7,52.64,53.43,3058369.0
2021-07-26,53.83,54.74,53.782,54.66,3948237.0
2021-07-27,53.99,54.48,53.61,54.34,3625590.0
2021-07-28,54.65,55.81,54.14,55.28,3196533.0
2021-07-29,56.11,56.465,55.47,55.93,3210835.0
2021-07-30,55.5,56.09,54.78,55.22,3642459.0
2021-08-02,55.29,56.41,54.235,54.46,5258615.0
2021-08-03,54.28,55.95,53.66,55.94,4892466.0
2021-08-04,54.75,55.915,54.185,54.38,6117996.0
2021-08-05,55.16,57.33,55.02,56.49,7163170.0
2021-08-06,57.34,57.77,56.45,57.41,6352480.0
2021-08-09,56.53,57.88,56.45,57.22,5451672.0
2021-08-10,57.7,58.665,57.46,58.48,6051609.0
2021-08-11,58.3,59.22,58.08,59.14,4856562.0
2021-08-12,58.94,59.58,58.44,59.54,4951460.0
2021-08-13,59.58,59.91,59.08,59.15,3639809.0
2021-08-16,58.31,58.98,57.88,58.38,5633228.0
2021-08-17,57.42,58.27,56.73,57.1,5789055.0
2021-08-18,56.98,57.84,56.21,56.28,4413998.0
2021-08-19,55.44,55.92,53.55,54.23,8185944.0
2021-08-20,53.64,54.9,53.47,54.77,5964061.0
2021-08-23,55.94,56.98,55.79,56.82,4499584.0
2021-08-24,57.3,58.36,57.04,57.96,4597434.0
2021-08-25,57.91,59.2,57.5,58.63,5268758.0
2021-08-26,58.74,58.89,58.01,58.09,4982566.0
2021-08-27,58.79,60.5266,58.79,60.02,6556036.0
2021-08-30,60.33,60.49,58.87,58.93,6139022.0
2021-08-31,58.58,59.82,58.58,59.27,6464059.0
2021-09-01,59.1,59.41,57.02,57.25,6489310.0
2021-09-02,57.84,58.67,57.37,57.9,5402409.0
2021-09-03,57.72,58.49,57.5,58.24,5010211.0
2021-09-07,58.28,59.715,58.06,58.57,4953583.0
2021-09-08,58.86,59.25,57.06,57.11,7420249.0
2021-09-09,56.67,58.14,56.51,57.25,5004928.0
2021-09-10,58.19,58.23,56.53,56.87,4866452.0
2021-09-13,57.63,58.64,57.58,58.61,5885415.0
2021-09-14,59.32,59.34,57.44,57.56,5609150.0
2021-09-15,58.21,59.68,58.15,59.57,6875217.0
2021-09-16,59.535,59.72,58.75,59.1,4135818.0
2021-09-17,58.85,59.5384,58.47,58.86,7621077.0
2021-09-20,57.1,58.31,56.08,57.13,6919995.0
2021-09-21,58.04,58.36,56.67,57.84,4525227.0
2021-09-22,58.81,60.73,58.51,59.91,7604315.0
2021-09-23,59.95,61.92,59.76,61.8,5851870.0
2021-09-24,61.34,62.28,61.01,61.89,3860888.0
2021-09-27,62.99,63.8,62.79,63.09,7532895.0
2021-09-28,63.84,63.94,62.32,62.51,6093460.0
2021-09-29,62.68,62.68,61.735,61.93,4963257.0
2021-09-30,61.97,63.03,61.515,61.81,6536991.0
2021-10-01,62.0,63.595,61.91,63.56,6868174.0
2021-10-04,63.92,64.69,62.89,63.02,9084677.0
2021-10-05,63.41,64.34,62.1501,63.25,7908182.0
2021-10-06,62.49,63.4,61.44,62.86,9077654.0
2021-10-07,63.52,64.345,63.365,63.5,6021767.0
2021-10-08,64.02,65.26,63.92,65.16,6425053.0
2021-10-11,66.0,66.14,64.491,64.56,4831978.0
2021-10-12,64.5,65.345,64.25,64.74,6470260.0
2021-10-13,64.3,65.42,63.7,65.26,5142304.0
2021-10-14,66.26,67.0,65.63,66.68,6837894.0
2021-10-15,67.51,67.92,66.64,66.8,6186156.0
2021-10-18,67.31,67.42,66.035,66.4,4911302.0
2021-10-19,67.0,67.21,66.445,66.83,4881167.0
2021-10-20,66.0,67.345,65.78,67.21,5194868.0
2021-10-21,66.93,67.99,66.425,67.03,5806608.0
2021-10-22,67.19,67.625,66.52,67.52,3977804.0
2021-10-25,68.0,68.71,67.575,68.2,4679377.0
2021-10-26,68.28,68.775,67.57,68.47,5532538.0
2021-10-27,67.75,67.86,66.07,66.15,6473899.0
2021-10-28,66.04,67.24,65.97,66.67,5548889.0
2021-10-29,66.78,66.79,65.49,65.93,7667957.0
2021-11-01,66.47,67.41,66.43,67.26,4761190.0
2021-11-02,67.01,68.78,64.065,64.64,8026660.0
2021-11-03,64.24,64.3299,63.17,63.68,7830112.0
2021-11-04,64.44,64.52,62.315,63.57,9258865.0
2021-11-05,64.73,66.05,64.13,65.81,10113810.0
2021-11-08,66.445,67.095,65.63,65.67,5393781.0
2021-11-09,65.71,67.27,65.66,67.13,6152231.0
2021-11-10,66.56,67.325,65.28,65.52,6560867.0
2021-11-11,65.61,66.79,65.52,66.0,5166946.0
2021-11-12,65.58,66.23,65.43,65.8,4044754.0
2021-11-15,66.17,67.1,65.45,66.12,6236698.0
2021-11-16,65.71,65.85,64.51,64.84,5281952.0
2021-11-17,64.02,65.1,63.34,63.58,5484979.0
2021-11-18,63.41,64.02,62.0,62.7,6912029.0
2021-11-19,61.36,62.1,60.175,60.28,7817222.0
2021-11-22,60.2,62.52,60.2,61.69,6274385.0
2021-11-23,62.42,63.985,62.26,63.85,6971193.0
2021-11-24,63.16,64.92,63.12,64.55,5191785.0
2021-11-26,60.97,62.03,59.55,61.35,5847867.0
2021-11-29,62.98,64.19,61.34,61.78,6166538.0
2021-11-30,60.31,61.33,59.75,60.85,14326150.0
2021-12-01,62.57,63.88,60.84,60.91,6552360.0
2021-12-02,60.91,63.47,60.56,63.33,6298492.0
2021-12-03,64.19,64.24,61.37,61.67,8031832.0
2021-12-06,62.8,63.79,61.63,62.86,5915346.0
2021-12-07,63.69,65.41,63.69,64.23,7347288.0
2021-12-08,64.41,65.24,63.87,64.06,5430423.0
2021-12-09,63.22,63.78,62.99,63.34,5373808.0
2021-12-10,63.97,64.13,62.76,63.69,4714347.0
2021-12-13,62.93,63.29,61.72,61.81,5416833.0
2021-12-14,61.48,63.51,61.13,62.45,5700766.0
2021-12-15,62.26,62.92,61.08,62.48,5561920.0
2021-12-16,63.28,64.18,62.69,62.77,6067909.0
2021-12-17,62.58,63.225,61.305,62.45,13809310.0
2021-12-20,60.95,61.46,59.96,60.91,7136692.0
2021-12-21,61.645,63.73,61.6,63.42,5679200.0
2021-12-22,63.495,64.0636,62.97,63.1,5168382.0
2021-12-23,63.75,64.53,63.02,63.04,4658293.0
2021-12-27,62.59,64.09,62.17,64.08,4335128.0
2021-12-28,64.4,65.17,64.24,64.37,4775084.0
2021-12-29,64.2,64.62,63.7,63.95,5253724.0
2021-12-30,64.05,64.67,63.39,63.43,4049898.0
2021-12-31,63.29,64.33,63.285,63.99,3546378.0
2022-01-03,64.44,66.25,64.27,65.66,5856867.0
2022-01-04,66.3,67.9901,66.05,67.81,8469169.0
2022-01-05,68.98,69.94,68.09,68.24,8747164.0
2022-01-06,69.78,70.375,68.82,70.15,7923752.0
2022-01-07,70.1,71.01,69.82,70.93,6443503.0
2022-01-10,70.95,71.41,69.86,70.45,5922719.0
2022-01-11,71.32,72.8,70.61,72.69,6882977.0
2022-01-12,73.0,73.86,72.37,73.08,6861786.0
2022-01-13,73.34,74.135,72.855,73.12,5486543.0
2022-01-14,73.0,74.765,72.94,74.74,7237116.0
2022-01-18,74.97,75.88,73.495,74.55,7810688.0
2022-01-19,75.27,75.65,73.22,73.35,6582839.0
2022-01-20,72.635,74.25,71.81,71.99,7200607.0
2022-01-21,71.45,71.625,69.84,70.7,10194340.0
2022-01-24,69.05,70.72,67.49,70.39,9625161.0
2022-01-25,69.9,71.85,68.74,71.5,10674240.0
2022-01-26,72.39,73.2,70.42,70.98,7942808.0
2022-01-27,72.63,73.285,70.54,71.9,9216685.0
2022-01-28,71.8,72.54,70.12,71.8,7761322.0
2022-01-31,71.46,71.93,70.33,71.75,6729390.0
2022-02-01,71.07,74.205,70.7801,74.02,7660296.0
2022-02-02,76.29,78.78,76.05,78.5,12585440.0
2022-02-03,78.58,78.9,76.625,76.97,7069255.0
2022-02-04,77.62,78.935,77.31,78.19,6173156.0
2022-02-07,78.17,80.56,77.77,79.83,7263922.0
2022-02-08,79.95,80.46,78.41,79.29,7949606.0
2022-02-09,79.27,80.775,79.27,79.79,5570258.0
2022-02-10,79.63,81.31,79.28,79.74,6398131.0
2022-02-11,80.21,81.385,79.69,81.19,6516873.0
2022-02-14,80.86,81.1,78.54,79.16,6547174.0
2022-02-15,77.3,79.12,76.91,78.41,4313309.0
2022-02-16,79.15,80.28,77.65,78.06,5735140.0
2022-02-17,77.83,78.32,76.68,76.96,7034785.0
2022-02-18,76.22,77.7,76.18,77.02,4845357.0
2022-02-22,78.46,78.6,74.795,75.63,4872048.0
2022-02-23,76.27,76.93,75.471,75.72,5763739.0
2022-02-24,76.06,76.41,72.75,74.46,7497740.0
2022-02-25,75.22,77.03,74.96,76.54,5275916.0
2022-02-28,75.61,77.9,75.4132,77.87,8031320.0
2022-03-01,78.55,79.28,74.4,75.01,6502342.0
2022-03-02,76.18,77.75,74.32,76.99,8013274.0
2022-03-03,76.87,78.455,76.65,77.37,5694478.0
2022-03-04,76.36,77.77,76.16,77.73,6663928.0
2022-03-07,77.77,78.685,73.35,74.54,9396739.0
2022-03-08,76.61,78.33,75.15,76.22,10534160.0
2022-03-09,74.8,77.28,73.5,75.43,8088733.0
2022-03-10,76.04,78.245,75.36,77.93,7369005.0
2022-03-11,77.36,79.93,77.36,78.51,8530014.0
2022-03-14,77.69,78.7,75.51,76.66,7896708.0
2022-03-15,75.1,75.32,73.175,74.4,7873049.0
2022-03-16,75.16,76.0,74.24,74.86,6809788.0
2022-03-17,75.75,77.25,75.585,77.15,7091300.0
2022-03-18,77.11,78.4,76.06,78.32,17588380.0
2022-03-21,79.8,80.22,79.17,79.98,6260927.0
2022-03-22,79.94,80.25,78.27,79.25,5131519.0
2022-03-23,80.07,80.95,79.69,80.46,4641248.0
2022-03-24,80.99,81.75,80.39,81.39,4247113.0
2022-03-25,81.0,82.41,80.76,82.23,5186737.0
2022-03-28,81.03,82.435,80.7444,81.97,4447904.0
2022-03-29,80.66,83.15,80.4868,83.14,4203765.0
2022-03-30,84.18,85.5,83.71,85.35,5880396.0
2022-03-31,84.59,87.1,84.1975,85.5,7041173.0
2022-04-01,85.28,86.27,84.27,84.81,7411874.0
2022-04-04,85.01,85.98,84.45,85.07,3802330.0
2022-04-05,85.51,86.44,84.64,84.71,3789284.0
2022-04-06,85.35,85.94,84.03,85.57,4564461.0
2022-04-07,85.97,86.37,83.95,85.85,4205620.0
2022-04-08,86.52,87.67,85.75,86.9,5088894.0
2022-04-11,86.22,86.34,84.73,84.88,4464721.0
2022-04-12,86.41,87.52,85.55,85.8,4236091.0
2022-04-13,86.67,87.64,85.76,87.59,3342274.0
2022-04-14,87.44,88.32,87.0,87.2,4080464.0
2022-04-18,88.44,90.61,88.03,90.11,5281272.0
2022-04-19,89.7,91.21,89.39,90.44,3868903.0
2022-04-20,90.75,91.875,90.54,90.98,4808958.0
2022-04-21,92.0,93.16,88.68,88.74,5588175.0
2022-04-22,88.42,89.58,87.0,87.08,4052170.0
2022-04-25,84.68,84.99,81.57,84.26,4915571.0
2022-04-26,84.85,86.96,84.24,85.47,5208434.0
2022-04-27,85.85,88.04,84.42,87.25,5220083.0
2022-04-28,87.85,90.23,86.67,89.69,5160459.0
2022-04-29,89.83,90.54,87.19,87.26,5081932.0
2022-05-02,87.44,89.34,86.45,89.12,5088222.0
2022-05-03,88.65,93.21,87.45,92.65,5831571.0
2022-05-04,94.06,96.55,92.94,96.35,5416278.0
2022-05-05,96.38,96.9,92.21,94.1,5020677.0
2022-05-06,95.25,96.0,92.04,95.92,4572192.0
2022-05-09,93.6,94.53,90.65,90.86,6756748.0
2022-05-10,91.95,94.77,89.81,91.72,6186548.0
2022-05-11,93.16,95.6,91.58,91.96,6411017.0
2022-05-12,92.37,93.23,90.585,92.74,6985519.0
2022-05-13,94.33,96.72,94.27,95.88,5834858.0
2022-05-16,95.1,97.93,95.1,96.47,5703539.0
2022-05-17,97.83,98.29,95.67,97.55,5576321.0
2022-05-18,97.98,98.2,94.52,96.21,6277719.0
2022-05-19,94.25,97.73,94.0167,95.76,7399932.0
2022-05-20,96.48,97.46,94.49,96.56,5892868.0
2022-05-23,97.63,98.95,96.14,96.91,5440225.0
2022-05-24,95.89,97.84,95.21,97.3,3941342.0
2022-05-25,97.27,100.08,97.1,99.02,5486162.0
2022-05-26,99.77,100.361,98.76,99.48,4520599.0
2022-05-27,99.69,102.55,99.59,102.1,5987384.0
2022-05-31,102.91,104.61,101.43,101.79,11267090.0
2022-06-01,102.86,104.61,101.66,103.91,5366601.0
2022-06-02,103.2,104.63,102.68,104.27,5154189.0
2022-06-03,104.42,106.1399,104.265,105.62,5665396.0
2022-06-06,105.83,110.31,105.81,109.39,7557254.0
2022-06-07,108.78,113.66,108.77,113.65,7723904.0
2022-06-08,114.06,114.35,112.47,112.87,6385388.0
2022-06-09,112.52,113.46,111.3,111.36,6594863.0
2022-06-10,109.27,110.89,106.97,108.34,7421503.0
2022-06-13,104.73,105.8,101.29,102.17,8749089.0
2022-06-14,104.7,106.75,101.21,102.67,8432770.0
2022-06-15,102.98,103.28,96.84,98.9,13175830.0
2022-06-16,96.54,97.57,91.21,91.98,14308200.0
2022-06-17,91.74,92.46,85.63,87.29,26759320.0
2022-06-21,89.98,92.86,89.51,91.36,11309250.0
2022-06-22,87.63,91.12,87.44,89.06,9820325.0
2022-06-23,90.22,90.48,83.6,84.63,9130045.0
2022-06-24,85.9,88.03,84.55,85.68,20112530.0
2022-06-27,87.27,88.58,86.07,87.94,5225428.0
2022-06-28,89.52,91.35,87.63,88.69,5305844.0
2022-06-29,89.71,90.3,84.1443,84.48,5066261.0
2022-06-30,83.09,84.49,81.31,82.21,6762749.0
2022-07-01,83.0,85.05,81.085,84.48,5971928.0
2022-07-05,82.57,84.329,79.475,81.74,7247742.0
2022-07-06,80.91,82.53,77.62,79.31,8348482.0
2022-07-07,81.65,84.24,81.25,83.43,6299939.0
2022-07-08,84.49,85.18,82.49,83.27,3825503.0
2022-07-11,82.28,84.09,81.83,83.63,4050712.0
2022-07-12,81.5,83.44,81.05,82.75,4458195.0
2022-07-13,81.64,84.07,81.31,81.94,4485931.0
2022-07-14,79.39,80.76,77.92,80.68,4935756.0
2022-07-15,82.5,84.5,81.68,84.42,4706345.0
2022-07-18,86.01,87.53,84.77,85.23,4032372.0
2022-07-19,85.18,88.28,85.14,87.85,4302550.0
2022-07-20,87.34,89.26,86.73,88.79,3131956.0
2022-07-21,86.25,87.41,83.62,86.45,4713675.0
2022-07-22,86.59,87.78,85.14,85.65,3950018.0
2022-07-25,86.8,89.05,86.37,88.8,3206611.0
2022-07-26,89.82,90.05,87.35,87.96,3338719.0
2022-07-27,88.68,90.715,87.61,89.98,3051795.0
2022-07-28,91.05,91.91,88.25,89.59,3800817.0
2022-07-29,90.71,91.96,89.95,91.66,6740908.0
2022-08-01,90.02,90.7,88.33,90.32,4470934.0
2022-08-02,90.85,94.91,90.62,93.62,6764616.0
2022-08-03,94.49,96.5,92.115,92.68,6162042.0
2022-08-04,92.0,92.61,89.77,90.17,4368805.0
2022-08-05,89.06,91.82,88.69,90.22,3833275.0
2022-08-08,90.64,91.79,89.95,90.39,4418803.0
2022-08-09,91.7,93.86,91.7,93.35,4302880.0
2022-08-10,94.2,95.73,92.54,95.18,4373805.0
2022-08-11,96.41,97.335,95.06,96.71,4476182.0
2022-08-12,96.5,97.75,96.23,97.47,3605180.0
2022-08-15,94.48,96.105,93.8,95.79,3352269.0
2022-08-16,96.66,97.64,95.845,96.65,3697653.0
2022-08-17,96.09,99.4229,95.88,98.62,3652176.0
2022-08-18,99.7,101.34,99.5,100.79,3837632.0
2022-08-19,100.35,101.52,100.09,100.45,3237572.0
2022-08-22,100.0,101.26,98.55,100.42,5836951.0
2022-08-23,101.89,103.84,101.63,103.49,3550387.0
2022-08-24,103.88,104.94,103.36,104.78,3601416.0
2022-08-25,105.05,106.04,104.67,105.97,2869338.0
2022-08-26,106.03,106.8,104.02,104.34,3545268.0
2022-08-29,103.81,106.72,103.28,105.0,4563252.0
2022-08-30,103.3,103.83,101.21,101.5,6281671.0
2022-08-31,99.66,102.92,99.15,100.75,6636190.0
2022-09-01,98.93,100.07,95.58,96.76,7519985.0
2022-09-02,98.37,100.175,98.18,99.13,4207513.0
2022-09-06,99.95,100.27,97.56,98.46,4122882.0
2022-09-07,97.0,98.85,95.64,98.34,4176235.0
2022-09-08,98.72,98.99,97.33,98.45,4040095.0
2022-09-09,100.2,100.56,99.05,100.01,3572850.0
2022-09-12,101.23,101.6201,99.1,99.94,3233882.0
2022-09-13,98.26,99.76,97.17,97.65,4777370.0
2022-09-14,98.8,100.19,97.14,98.32,5021478.0
2022-09-15,96.96,96.96,94.77,96.14,6584987.0
2022-09-16,95.95,96.32,93.54,95.65,18821740.0
2022-09-19,92.89,96.445,92.26,96.3,4201980.0
2022-09-20,95.4,97.57,95.4,97.2,3929977.0
2022-09-21,99.01,99.22,94.61,94.67,4218801.0
2022-09-22,95.98,97.0588,95.13,95.98,3163051.0
2022-09-23,92.7,92.95,90.03,91.45,8267956.0
2022-09-26,90.8,93.06,89.4,89.54,5627391.0
2022-09-27,91.43,93.57,91.15,92.85,3748643.0
2022-09-28,93.36,100.57,93.1,100.09,5233450.0
2022-09-29,99.5,99.8,97.2647,98.7,2767749.0
2022-09-30,98.45,100.94,98.03,99.33,5011684.0
2022-10-03,102.41,103.96,100.21,102.79,3777772.0
2022-10-04,104.6,107.8,104.05,107.72,5011092.0
2022-10-05,107.27,108.54,104.81,107.58,4493415.0
2022-10-06,106.92,108.39,106.21,107.86,2396886.0
2022-10-07,108.26,109.0199,105.71,106.84,3114945.0
2022-10-10,107.38,108.63,105.09,106.06,2751454.0
2022-10-11,104.39,105.31,102.61,103.43,3213516.0
2022-10-12,103.06,105.85,101.64,104.96,3051947.0
2022-10-13,103.79,110.2,103.33,109.07,3243894.0
2022-10-14,108.41,109.91,103.68,104.1,3055695.0
2022-10-17,105.96,107.61,104.805,105.37,2340667.0
2022-10-18,106.92,108.62,106.088,108.16,2755271.0
2022-10-19,108.21,110.17,107.55,108.87,3627215.0
2022-10-20,109.59,111.61,108.605,109.34,2733116.0
2022-10-21,109.82,111.62,107.73,111.38,3074863.0
2022-10-24,111.53,112.3,110.32,111.46,2691269.0
2022-10-25,110.74,111.84,109.63,111.44,3139158.0
2022-10-26,112.11,114.16,110.49,113.12,2477731.0
2022-10-27,114.58,115.72,113.37,113.65,2518706.0
2022-10-28,114.6,114.8899,112.34,113.57,2552826.0
2022-10-31,112.22,115.12,112.02,113.62,3158527.0
2022-11-01,113.84,119.84,112.77,119.2,5767338.0
2022-11-02,119.08,119.16,114.7,114.73,4001439.0
2022-11-03,114.11,118.94,113.28,118.2,3042142.0
2022-11-04,120.32,120.98,116.38,117.65,2748583.0
2022-11-07,118.09,120.38,117.66,119.5,4505804.0
2022-11-08,119.43,119.625,117.32,119.1,2108841.0
2022-11-09,118.44,119.41,115.72,115.86,2882369.0
2022-11-10,118.44,119.43,116.485,119.18,2875487.0
2022-11-11,120.72,122.69,119.845,121.23,3390221.0
2022-11-14,121.15,123.12,120.41,120.53,2801038.0
2022-11-15,120.88,121.42,118.19,120.0,3580655.0
2022-11-16,118.73,120.535,118.14,119.86,2758644.0
2022-11-17,118.19,120.49,117.7545,120.4,3202198.0
2022-11-18,118.69,121.83,117.97,121.18,3783502.0
2022-11-21,119.97,120.79,116.59,120.31,5107356.0
2022-11-22,121.99,127.32,121.83,126.6,4314031.0
2022-11-23,124.76,127.35,124.28,125.6,3941363.0
2022-11-25,126.22,127.62,125.07,125.2,1588506.0
2022-11-28,122.5,124.6599,121.52,121.92,3414724.0
2022-11-29,122.7,124.64,122.16,123.47,2921495.0
2022-11-30,124.51,124.93,120.39,121.81,7568560.0
2022-12-01,122.7,123.09,120.18,120.23,3243598.0
2022-12-02,119.64,121.19,117.57,118.23,3889225.0
2022-12-05,118.75,119.3,111.98,112.45,4945647.0
2022-12-06,111.81,113.75,108.13,109.29,5049361.0
2022-12-07,109.21,110.815,107.86,109.0,5190248.0
2022-12-08,110.72,111.54,108.36,108.85,4547387.0
2022-12-09,108.35,110.1,106.52,106.83,5379930.0
2022-12-12,107.3,111.21,106.62,111.21,5812632.0
2022-12-13,112.8,113.8,110.36,111.12,4260294.0
2022-12-14,111.61,112.68,109.69,110.94,4257790.0
2022-12-15,110.17,110.98,108.07,110.87,4255915.0
2022-12-16,108.47,110.21,107.7,109.75,14691260.0
2022-12-19,110.63,112.4,110.2729,111.07,3408890.0
2022-12-20,111.32,114.36,111.07,113.01,3520727.0
2022-12-21,114.6,115.16,112.8,114.55,3226056.0
2022-12-22,114.6,114.73,109.63,111.65,2700327.0
2022-12-23,112.66,115.39,112.08,115.12,2388039.0
2022-12-27,115.74,117.11,115.23,116.82,2420033.0
2022-12-28,116.75,116.99,113.96,114.52,2650566.0
2022-12-29,114.52,116.41,114.25,116.18,2054071.0
2022-12-30,115.67,116.76,115.39,116.39,2370808.0
2023-01-03,115.65,115.65,110.32,110.92,4363887.0
2023-01-04,109.08,112.14,109.0,110.58,3664596.0
2023-01-05,110.58,115.78,110.25,115.73,4093558.0
2023-01-06,116.85,119.35,116.06,116.82,3102813.0
2023-01-09,119.39,119.92,114.89,115.76,3716831.0
2023-01-10,115.73,116.89,114.04,116.5,2752352.0
2023-01-11,118.31,118.77,117.17,117.6,2977033.0
2023-01-12,118.45,121.83,118.45,121.01,3091314.0
2023-01-13,121.12,122.89,120.24,121.93,2780709.0
2023-01-17,122.83,125.3,121.29,121.77,3746939.0
2023-01-18,122.83,125.85,121.01,121.31,3709344.0
2023-01-19,120.47,123.66,120.22,123.23,2475569.0
2023-01-20,123.26,126.15,122.534,125.72,2882014.0
2023-01-23,126.24,128.825,126.081,126.88,3963352.0
2023-01-24,117.31,130.74,117.31,130.21,3782202.0
2023-01-25,129.46,130.85,128.29,129.81,3671645.0
2023-01-26,130.71,135.42,129.69,135.35,4005337.0
2023-01-27,135.16,136.46,132.4,132.85,3400601.0
2023-01-30,132.2,133.5,129.01,129.14,4152328.0
2023-01-31,131.55,133.0,126.71,128.52,5408672.0
2023-02-01,128.85,129.1,121.87,122.97,5189881.0
2023-02-02,122.76,122.83,118.09,119.9,6275745.0
2023-02-03,120.57,121.875,118.04,118.2,3255123.0
2023-02-06,118.54,119.41,114.115,116.41,4190064.0
2023-02-07,116.78,122.64,116.78,122.23,5361908.0
2023-02-08,122.1,122.72,119.58,121.56,3005452.0
2023-02-09,121.5,122.31,119.75,120.74,2788541.0
2023-02-10,122.58,127.08,122.58,126.79,3467618.0
2023-02-13,126.12,127.86,125.14,127.81,3499762.0
2023-02-14,126.87,129.355,126.55,128.64,3174489.0
2023-02-15,126.44,127.42,125.27,127.11,3049842.0
2023-02-16,126.6,128.62,126.19,126.51,2595050.0
2023-02-17,124.72,125.0,121.55,122.5,3275855.0
2023-02-21,121.67,124.71,121.67,123.07,3988081.0
2023-02-22,122.66,124.92,121.99,122.78,3142874.0
2023-02-23,124.86,126.47,122.88,125.52,2893662.0
2023-02-24,123.56,125.46,121.54,124.92,3218737.0
2023-02-27,125.5,127.58,125.34,126.58,3057628.0
2023-02-28,127.72,127.79,123.54,123.6,5774574.0
2023-03-01,123.67,129.97,123.06,129.19,4295291.0
2023-03-02,128.71,130.395,127.88,129.63,3054078.0
2023-03-03,129.52,134.1355,128.78,133.5,3651780.0
2023-03-06,132.21,133.24,130.64,131.92,3271530.0
2023-03-07,131.56,132.68,129.3,130.21,3592557.0
2023-03-08,130.0,131.76,125.63,127.87,3516743.0
2023-03-09,128.95,132.45,128.25,128.38,3370852.0
2023-03-10,129.06,132.02,128.0334,128.55,3746735.0
2023-03-13,124.97,126.42,121.87,123.78,4107674.0
2023-03-14,124.71,130.74,124.29,127.78,4528122.0
2023-03-15,123.38,124.5,119.59,122.69,6669090.0
2023-03-16,120.27,125.98,119.46,125.16,6170646.0
2023-03-17,125.2,125.73,122.89,123.66,13118670.0
2023-03-20,123.64,127.3,123.46,126.25,4830744.0
2023-03-21,128.54,130.04,126.71,128.29,4607878.0
2023-03-22,128.26,130.75,126.91,126.98,3225956.0
2023-03-23,127.33,130.5,124.98,126.15,3236283.0
2023-03-24,123.32,125.51,120.58,124.7,3856137.0
2023-03-27,126.3,129.93,125.89,128.91,4107355.0
2023-03-28,127.05,132.71,127.0,131.57,3913210.0
2023-03-29,134.01,135.13,132.995,134.08,4418774.0
2023-03-30,135.02,135.27,133.0,133.94,2936187.0
2023-03-31,134.19,134.9,132.86,134.83,3143368.0
2023-04-03,137.23,138.83,132.93,135.64,4745657.0
2023-04-04,134.28,134.47,124.9,125.82,5256801.0
2023-04-05,125.5,133.4,125.06,132.71,6391331.0
2023-04-06,132.95,133.05,128.38,128.68,3280091.0
2023-04-10,128.73,131.97,128.73,131.24,2765901.0
2023-04-11,131.99,133.34,131.09,132.19,2582925.0
2023-04-12,131.69,132.09,130.0,130.22,2411924.0
2023-04-13,129.46,131.1,127.7,130.48,2495423.0
2023-04-14,130.47,131.78,129.44,130.78,2402720.0
2023-04-17,130.21,130.66,127.62,129.3,2875349.0
2023-04-18,128.15,129.665,127.355,129.06,2960612.0
2023-04-19,127.94,128.4,124.71,126.39,3835562.0
2023-04-20,125.06,126.34,124.405,125.69,3061131.0
2023-04-21,125.63,126.06,122.65,123.53,3256262.0
2023-04-24,123.31,127.636,123.02,126.51,4208145.0
2023-04-25,125.18,125.7499,122.51,123.15,2884934.0
2023-04-26,123.4,123.82,121.3203,122.53,3425211.0
2023-04-27,122.53,123.07,120.58,121.43,4610790.0
2023-04-28,120.49,123.17,119.75,122.0,5342330.0
2023-05-01,121.44,122.94,120.82,122.46,4173223.0
2023-05-02,122.0,122.43,114.56,116.97,5342436.0
2023-05-03,115.37,116.77,109.895,110.07,6635083.0
2023-05-04,109.54,110.4799,104.44,105.06,7334114.0
2023-05-05,107.93,108.46,106.68,106.9,4351117.0
2023-05-08,108.52,109.79,107.71,108.71,4440937.0
2023-05-09,107.88,111.89,107.69,110.94,5638008.0
2023-05-10,111.53,112.97,109.29,111.72,5078448.0
2023-05-11,109.59,111.67,108.99,110.1,3579495.0
2023-05-12,111.17,111.76,109.08,109.88,3260415.0
2023-05-15,110.41,111.94,109.5239,110.63,3937735.0
2023-05-16,109.88,110.84,106.48,106.75,4514762.0
2023-05-17,108.32,111.265,107.105,110.63,3730626.0
2023-05-18,109.95,111.3,108.67,110.98,3359306.0
2023-05-19,111.81,112.143,109.855,110.31,2325541.0
2023-05-22,110.53,111.78,110.35,110.63,3000281.0
2023-05-23,110.88,111.51,109.42,109.92,3982028.0
2023-05-24,111.05,111.3988,109.18,110.54,3699126.0
2023-05-25,109.02,109.79,107.43,109.52,3897612.0
2023-05-26,110.18,110.3045,107.69,108.81,3479350.0
2023-05-30,106.54,108.22,106.16,107.79,4101954.0
2023-05-31,105.61,106.55,104.32,104.91,12831940.0
2023-06-01,105.45,107.27,104.815,105.87,4180028.0
2023-06-02,107.94,109.88,106.76,108.91,3627588.0
2023-06-05,109.85,109.85,107.6,108.69,2744741.0
2023-06-06,107.05,109.41,106.95,109.03,2949632.0
2023-06-07,109.13,114.16,108.94,114.12,4090925.0
2023-06-08,114.0,114.59,110.49,112.43,3811942.0
2023-06-09,112.74,113.54,111.22,113.01,2699216.0
2023-06-12,111.09,113.83,111.045,112.37,3063778.0
2023-06-13,113.75,115.6,112.32,112.5,3174993.0
2023-06-14,113.46,114.1,110.64,111.64,3152402.0
2023-06-15,111.81,114.49,111.81,113.83,3240412.0
2023-06-16,114.06,114.5,112.59,113.29,10770600.0
2023-06-20,112.91,113.1297,110.69,110.94,3816636.0
2023-06-21,110.45,113.14,109.94,112.0,2943570.0
2023-06-22,110.3,111.89,108.88,111.42,2911860.0
2023-06-23,109.71,112.03,109.71,111.64,3536104.0
2023-06-26,111.51,113.69,111.27,113.04,2352059.0
2023-06-27,113.14,114.68,112.42,113.98,2341864.0
2023-06-28,113.89,115.35,112.885,115.1,2514752.0
2023-06-29,115.25,117.0,115.1,116.34,2324891.0
2023-06-30,116.79,117.47,115.5,116.6,2654569.0
2023-07-03,117.16,118.61,116.835,117.54,1537197.0
2023-07-05,117.7,117.9,115.66,116.21,2777208.0
2023-07-06,115.42,115.9,112.82,113.34,3084863.0
2023-07-07,113.36,119.1,113.2,118.02,4147642.0
2023-07-10,117.58,118.94,117.15,117.84,2582577.0
2023-07-11,118.51,120.2835,117.95,120.01,2652589.0
2023-07-12,121.0,122.425,119.42,119.96,2395668.0
2023-07-13,119.94,121.14,118.81,119.92,2374533.0
2023-07-14,119.54,119.54,117.54,118.41,2007451.0
2023-07-17,118.04,119.37,117.275,118.13,2117325.0
2023-07-18,117.93,121.59,117.63,119.43,2314149.0
2023-07-19,119.46,122.21,119.46,122.11,2883244.0
2023-07-20,123.0,124.3,122.08,124.25,3143068.0
2023-07-21,125.0,126.16,123.955,125.82,2587371.0
2023-07-24,126.5,129.93,126.215,128.39,3079649.0
2023-07-25,127.8,130.11,127.14,128.61,2994903.0
2023-07-26,127.74,131.085,127.705,130.35,2863703.0
2023-07-27,130.68,131.35,128.07,129.58,3027169.0
2023-07-28,130.09,131.94,129.68,131.83,2559231.0
2023-07-31,132.03,133.9,131.91,133.02,4066578.0
2023-08-01,131.79,135.0,131.21,134.94,3491881.0
2023-08-02,135.12,137.415,133.645,135.87,4479106.0
2023-08-03,135.45,137.385,133.645,136.22,3719515.0
2023-08-04,137.28,139.85,136.79,137.95,3483599.0
2023-08-07,139.14,141.7,138.775,140.0,4106494.0
2023-08-08,138.56,142.62,137.565,141.78,4232336.0
2023-08-09,143.0,146.56,142.3177,144.05,4779251.0
2023-08-10,145.01,147.5179,144.27,145.28,4137326.0
2023-08-11,145.72,149.76,145.709,149.75,4395957.0
2023-08-14,149.0,149.7,147.53,148.54,3440252.0
2023-08-15,144.65,146.32,141.72,142.62,5569512.0
2023-08-16,142.6,145.16,141.105,141.4,3623316.0
2023-08-17,143.35,145.2,142.27,142.49,3351405.0
2023-08-18,141.5,144.72,141.12,144.62,3154528.0
2023-08-21,145.1,145.46,141.275,142.85,3495318.0
2023-08-22,143.25,144.29,142.53,142.95,2330386.0
2023-08-23,141.85,143.43,139.68,143.25,3645632.0
2023-08-24,142.85,144.75,142.04,143.6,2888155.0
2023-08-25,144.26,145.68,142.29,143.98,4481147.0
2023-08-28,144.22,145.27,142.21,143.03,2520439.0
2023-08-29,142.88,143.461,141.66,143.27,2673603.0
2023-08-30,143.84,143.97,142.85,143.14,2539327.0
2023-08-31,143.55,143.75,139.825,142.77,5114721.0
2023-09-01,145.1,146.91,144.7,145.96,3027739.0
2023-09-05,146.63,148.29,146.21,147.02,3080889.0
2023-09-06,146.65,148.6,146.0204,147.89,2593758.0
2023-09-07,148.63,151.03,148.0,150.89,3641548.0
2023-09-08,152.4,156.87,151.81,155.31,4432247.0
2023-09-11,155.94,157.99,152.98,154.07,3803002.0
2023-09-12,154.65,156.73,153.29,155.83,2841342.0
2023-09-13,155.95,156.51,153.99,155.48,3177277.0
2023-09-14,157.15,157.72,155.89,156.19,3526417.0
2023-09-15,154.23,155.81,153.04,153.81,11636400.0
2023-09-18,155.52,157.831,155.1,156.34,3003576.0
2023-09-19,157.65,157.65,150.2775,152.15,4508270.0
2023-09-20,151.91,154.68,151.72,152.67,2540202.0
2023-09-21,155.74,159.5,153.25,154.77,4152762.0
2023-09-22,155.72,157.68,153.19,153.46,2809267.0
2023-09-25,152.66,154.74,152.24,154.2,2123802.0
2023-09-26,152.88,152.995,150.32,151.02,3004875.0
2023-09-27,152.02,153.6039,151.23,152.43,2709848.0
2023-09-28,151.89,156.18,151.86,154.43,2994709.0
2023-09-29,154.21,154.63,150.065,151.34,3331172.0
2023-10-02,151.06,151.6,148.4,150.02,3986903.0
2023-10-03,148.37,149.42,144.24,147.27,3734171.0
2023-10-04,144.85,144.94,139.32,141.89,5777650.0
2023-10-05,140.41,143.72,139.9266,142.28,4003717.0
2023-10-06,142.85,145.54,141.7,143.18,3372115.0
2023-10-09,145.51,147.07,143.8743,146.57,3353953.0
2023-10-10,145.62,149.43,145.62,148.91,2946415.0
2023-10-11,147.66,149.35,146.47,148.52,2825130.0
2023-10-12,149.35,149.66,146.26,147.59,2773972.0
2023-10-13,149.43,150.41,148.1,148.2,2568781.0
2023-10-16,149.42,151.71,149.03,150.75,2406882.0
2023-10-17,150.51,152.5,150.465,151.34,1991376.0
2023-10-18,151.42,154.33,151.35,153.99,2215720.0
2023-10-19,153.93,154.33,152.14,152.84,1906622.0
2023-10-20,152.68,153.77,150.81,150.86,2478896.0
2023-10-23,150.77,150.98,147.89,149.45,2422736.0
2023-10-24,149.7,151.39,148.35,148.63,1759134.0
2023-10-25,149.14,150.29,147.15,147.35,2479483.0
2023-10-26,146.55,148.415,144.1101,148.06,2929297.0
2023-10-27,147.73,148.27,144.555,146.0,3524323.0
2023-10-30,146.88,148.53,144.51,146.86,2949028.0
2023-10-31,148.4,151.98,144.46,151.25,4139714.0
2023-11-01,152.43,157.64,151.25,155.21,4023244.0
2023-11-02,155.22,159.65,153.93,155.77,3828353.0
2023-11-03,155.45,155.49,149.9,150.78,3275872.0
2023-11-06,152.0,152.64,148.74,149.92,2427680.0
2023-11-07,148.3,148.58,144.74,146.16,2843250.0
2023-11-08,145.23,146.175,143.09,143.5,2949816.0
2023-11-09,144.0,145.0,141.42,141.8,2297464.0
2023-11-10,143.4,145.42,142.545,145.13,2377760.0
2023-11-13,145.07,147.355,144.48,146.76,2400900.0
2023-11-14,147.3,151.1,147.3,150.67,2986441.0
2023-11-15,149.73,152.805,149.3,150.33,3226651.0
2023-11-16,148.88,150.49,143.875,145.1,3494230.0
2023-11-17,146.25,150.27,145.9,147.9,3453121.0
2023-11-20,148.91,150.6315,148.54,148.99,2387198.0
2023-11-21,147.91,148.21,146.095,147.63,1926801.0
2023-11-22,145.0,149.38,144.06,149.21,2422667.0
2023-11-24,149.79,151.51,149.36,149.5,1264258.0
2023-11-27,149.05,150.695,148.36,150.55,2178824.0
2023-11-28,151.0,152.57,149.83,149.99,2465065.0
2023-11-29,151.31,152.26,147.16,147.42,2936142.0
2023-11-30,148.42,151.63,147.26,149.19,5973467.0
2023-12-01,148.78,153.77,148.44,151.42,3124568.0
2023-12-04,150.0,151.98,148.465,151.39,3075239.0
2023-12-05,151.44,153.02,148.62,148.92,2761282.0
2023-12-06,147.76,147.76,143.09,143.18,4039855.0
2023-12-07,143.61,145.0,140.975,141.58,3606635.0
2023-12-08,142.61,144.145,142.065,143.02,3092155.0
2023-12-11,142.5,144.74,142.27,143.85,3017797.0
2023-12-12,142.53,143.97,141.45,143.37,2930267.0
2023-12-13,143.21,146.8,142.57,146.66,3457513.0
2023-12-14,149.06,150.89,147.32,150.89,3559776.0
2023-12-15,145.71,149.5,144.514,148.38,12266880.0
2023-12-18,150.93,153.0675,150.385,151.81,3307387.0
2023-12-19,151.87,153.84,150.97,153.77,2584131.0
2023-12-20,154.33,156.2799,153.42,153.63,3166098.0
2023-12-21,153.65,155.11,151.39,152.66,2064789.0
2023-12-22,153.85,154.18,150.78,150.87,2121418.0
2023-12-26,151.82,153.14,150.67,152.08,1525456.0
2023-12-27,151.48,151.92,149.55,149.88,1712705.0
2023-12-28,149.01,149.5,146.87,146.88,2372470.0
2023-12-29,147.91,149.72,147.6,148.36,2507120.0
2024-01-02,149.03,152.41,149.03,152.36,3187634.0
2024-01-03,152.5,159.99,152.38,157.89,4674164.0
2024-01-04,159.83,162.31,153.34,153.4,4495841.0
2024-01-05,154.75,155.98,151.555,152.5,3373870.0
2024-01-08,150.0,156.34,148.4601,156.26,3108221.0
2024-01-09,155.98,156.125,153.89,154.31,2767893.0
2024-01-10,154.71,155.9,151.94,152.84,2327407.0
2024-01-11,153.42,156.0,153.42,155.39,2534121.0
2024-01-12,157.65,158.91,156.5,157.46,2473635.0
2024-01-16,158.41,160.015,154.0,154.12,3267961.0
2024-01-17,152.44,154.765,151.425,152.0,2691040.0
2024-01-18,151.55,152.35,148.89,151.8,2722134.0
2024-01-19,152.32,153.08,151.733,152.98,2492742.0
2024-01-22,153.18,154.52,151.61,154.44,2661292.0
2024-01-23,153.76,154.905,152.46,153.97,2601645.0
2024-01-24,154.97,155.54,154.0,155.1,1850979.0
2024-01-25,156.5,157.97,154.895,157.27,2912529.0
2024-01-26,157.19,160.83,156.29,160.52,3248630.0
2024-01-29,160.55,160.94,158.5,160.14,3124003.0
2024-01-30,162.25,170.18,158.57,169.89,5858732.0
2024-01-31,169.99,171.42,163.62,165.6,4260362.0
2024-02-01,166.44,169.23,163.5,167.53,3203733.0
2024-02-02,167.83,168.43,164.29,166.33,2301106.0
2024-02-05,165.51,171.57,164.3701,171.12,3430280.0
2024-02-06,171.4,173.325,166.44,166.64,2782990.0
2024-02-07,167.34,169.92,167.11,169.59,1952417.0
2024-02-08,169.59,171.3899,168.65,169.68,1789584.0
2024-02-09,169.81,170.6908,168.73,169.97,2185905.0
2024-02-12,170.56,171.7,168.69,168.89,2772276.0
2024-02-13,168.5,170.9,166.84,169.88,2367017.0
2024-02-14,171.18,171.6777,167.125,169.88,2510050.0
2024-02-15,169.11,172.5,168.82,171.31,2094962.0
2024-02-16,171.46,172.18,169.91,170.01,1964333.0
2024-02-20,168.66,168.81,163.62,164.29,2896213.0
2024-02-21,164.62,166.37,163.9,166.05,2544250.0
2024-02-22,165.12,167.98,163.6598,167.75,2561453.0
2024-02-23,167.03,170.47,166.2,169.54,1929247.0
2024-02-26,169.63,175.29,169.03,172.44,2736033.0
2024-02-27,172.92,174.16,170.91,171.13,2046218.0
2024-02-28,170.74,171.57,166.37,167.16,2605248.0
2024-02-29,167.37,170.0,166.5,169.23,4548312.0
2024-03-01,170.35,174.33,170.35,173.21,2763064.0
2024-03-04,172.71,175.97,171.34,173.75,3154656.0
2024-03-05,173.25,177.99,172.94,175.17,2777750.0
2024-03-06,176.0,177.36,173.5,175.18,2483971.0
2024-03-07,176.5,180.23,175.65,178.97,2726890.0
2024-03-08,178.1,181.18,178.1,179.55,2513081.0
2024-03-11,178.41,181.63,177.15,181.41,2467307.0
2024-03-12,181.35,182.95,178.65,181.2,2744106.0
2024-03-13,183.28,189.82,183.23,188.89,3510301.0
2024-03-14,190.7,192.265,187.76,188.98,3005088.0
2024-03-15,189.23,195.1185,189.23,193.84,9044654.0
2024-03-18,194.76,195.06,192.16,193.48,2073495.0
2024-03-19,193.55,196.75,193.0,196.57,2509655.0
2024-03-20,195.52,198.37,194.57,197.75,1957295.0
2024-03-21,198.09,199.89,196.33,199.21,1681534.0
2024-03-22,200.0,200.62,198.3,200.17,2281392.0
2024-03-25,201.0,203.015,199.52,199.83,2042221.0
2024-03-26,199.99,200.89,197.1,197.38,1673425.0
2024-03-27,196.66,198.1,195.35,196.99,1675007.0
2024-03-28,197.75,202.05,195.95,201.5,6064106.0
2024-04-01,201.29,205.49,199.46,204.41,2201092.0
2024-04-02,205.47,211.54,204.5001,211.38,3517268.0
2024-04-03,211.75,218.59,211.75,214.96,3902712.0
2024-04-04,216.98,218.85,215.4,216.25,3189724.0
2024-04-05,219.57,221.11,217.63,219.13,2689990.0
2024-04-08,218.57,219.74,216.6,216.98,2478364.0
2024-04-09,216.98,217.995,210.08,212.12,3052511.0
2024-04-10,211.83,215.24,210.5675,211.22,2663899.0
2024-04-11,212.13,213.8376,209.05,212.27,2208791.0
2024-04-12,213.86,214.0,207.65,208.77,2086940.0
2024-04-15,210.55,210.8,206.18,207.02,2586963.0
2024-04-16,207.35,207.68,201.66,203.86,1599848.0
2024-04-17,204.98,205.605,201.415,202.46,1816833.0
2024-04-18,203.06,203.06,193.74,195.02,2713552.0
2024-04-19,196.32,198.58,195.03,196.38,1748806.0
2024-04-22,196.25,199.37,194.3,198.25,1437223.0
2024-04-23,196.8,199.79,194.8,199.65,1703224.0
2024-04-24,198.82,199.46,195.03,199.14,1473294.0
2024-04-25,198.15,200.39,196.46,199.51,1295208.0
2024-04-26,197.54,198.8534,195.865,198.39,1954070.0
2024-04-29,198.0,201.36,197.68,200.51,2051929.0
2024-04-30,194.49,196.98,181.4,181.72,5782073.0
2024-05-01,181.1,184.06,176.87,178.97,3856878.0
2024-05-02,179.59,183.81,179.05,182.95,2682721.0
2024-05-03,183.76,184.56,180.12,182.55,1868555.0
2024-05-06,184.05,184.77,182.41,182.78,1906330.0
2024-05-07,182.96,184.24,180.33,180.92,1706675.0
2024-05-08,180.18,182.75,179.4201,180.93,1844618.0
2024-05-09,181.38,183.82,180.54,182.93,1295908.0
2024-05-10,183.7,184.7218,178.62,179.56,1584400.0
2024-05-13,180.07,180.25,177.3,177.86,1681005.0
2024-05-14,175.33,175.59,169.14,174.51,4660938.0
2024-05-15,173.2,173.65,170.11,172.65,2546599.0
2024-05-16,172.2,175.68,172.0,174.77,2788157.0
2024-05-17,176.06,181.05,175.8422,179.67,3142696.0
2024-05-20,179.72,180.43,175.2,176.08,2454906.0
2024-05-21,175.61,178.925,175.61,176.58,2345371.0
2024-05-22,175.62,177.9,174.08,176.02,2249980.0
2024-05-23,177.88,177.93,175.65,176.56,2740747.0
2024-05-24,177.4,178.92,176.21,177.8,1805957.0
2024-05-28,177.94,180.64,177.94,179.16,2380997.0
2024-05-29,178.8,178.99,172.33,172.46,2624477.0
2024-05-30,172.0,175.32,171.0,172.01,2571753.0
2024-05-31,172.42,177.53,172.17,176.61,3935572.0
2024-06-03,176.37,176.54,172.86,174.75,2513923.0
2024-06-04,173.18,175.94,171.415,175.26,2318969.0
2024-06-05,176.16,176.91,173.5,173.92,2148547.0
2024-06-06,173.47,176.84,173.16,175.73,2229137.0
2024-06-07,175.43,178.17,174.25,175.1,1908971.0
2024-06-10,175.0,176.11,172.9,174.34,2526075.0
2024-06-11,173.25,175.17,171.27,174.46,2097809.0
2024-06-12,175.9,176.32,168.14,168.76,3080335.0
2024-06-13,169.27,172.1,167.9473,170.51,3284135.0
2024-06-14,169.46,171.17,168.715,170.07,2933965.0
2024-06-17,169.48,172.23,169.04,171.73,3006493.0
2024-06-18,173.25,175.5,171.1,172.45,2558032.0
2024-06-20,172.89,177.21,172.5,173.66,3176698.0
2024-06-21,174.93,175.49,172.36,172.67,7346460.0
2024-06-24,172.77,174.61,172.55,173.99,2327773.0
2024-06-25,173.77,175.49,171.56,175.19,2149543.0
2024-06-26,175.89,176.29,172.8,174.3,1704099.0
2024-06-27,175.71,177.28,172.14,172.91,1648826.0
2024-06-28,174.96,174.96,172.02,173.48,3656319.0
2024-07-01,175.0,175.58,171.7,174.79,1705250.0
2024-07-02,177.41,177.94,173.51,174.14,2531590.0
2024-07-03,173.69,175.0,171.7,174.99,1344597.0
2024-07-05,174.13,174.52,169.6908,170.74,1587492.0
2024-07-08,169.34,171.78,166.74,167.47,1897578.0
2024-07-09,164.0,166.6,162.82,162.92,3710051.0
2024-07-10,162.01,163.8,161.24,162.18,2457599.0
2024-07-11,161.64,165.95,161.14,164.29,2212458.0
2024-07-12,165.38,165.67,162.11,165.46,2256566.0
2024-07-15,166.82,168.66,166.07,166.71,2198834.0
2024-07-16,165.53,167.99,163.775,167.67,2271626.0
2024-07-17,168.0,172.48,164.17,165.56,3218719.0
2024-07-18,167.0,168.25,164.03,164.52,3014605.0
2024-07-19,165.64,166.88,164.01,165.16,3037126.0
2024-07-22,165.1,167.69,164.12,165.9,2620859.0
2024-07-23,165.9,166.31,163.55,163.97,2018340.0
2024-07-24,164.05,167.73,163.72,167.55,2534886.0
2024-07-25,167.76,172.57,165.83,171.5,2366500.0
2024-07-26,172.09,173.1,170.01,172.65,1789399.0
2024-07-29,172.55,173.96,169.74,171.96,1744534.0
2024-07-30,172.22,179.47,171.96,178.29,2357999.0
2024-07-31,180.94,183.31,176.94,177.02,1852860.0
2024-08-01,177.34,179.46,171.98,173.18,1363286.0
2024-08-02,171.17,171.59,164.08,164.64,2599758.0
2024-08-05,159.15,162.71,157.5,162.05,2702407.0
2024-08-06,165.34,173.63,164.02,170.89,2467884.0
2024-08-07,172.89,173.28,168.57,169.35,1753512.0
2024-08-08,170.0,174.881,169.715,174.15,2373276.0
2024-08-09,173.7,176.41,173.34,175.83,2321874.0
2024-08-12,177.1,178.36,175.14,176.38,2970549.0
2024-08-13,174.48,175.89,173.13,175.75,2087326.0
2024-08-14,176.62,179.62,175.85,179.05,2968929.0
2024-08-15,180.52,182.0,179.0,180.75,2391395.0
2024-08-16,179.66,182.36,179.26,180.03,2452592.0
2024-08-19,180.44,180.44,178.0,178.9,2076635.0
2024-08-20,178.36,178.43,171.55,171.61,2701144.0
2024-08-21,171.56,174.49,171.0,171.97,2088076.0
2024-08-22,172.01,173.17,171.04,171.78,2178855.0
2024-08-23,173.1,175.53,172.65,175.31,1995981.0
2024-08-26,176.7,177.572,172.82,173.2,1903237.0
2024-08-27,172.75,172.9,169.79,169.89,1657218.0
2024-08-28,169.0,171.95,168.08,169.93,2143129.0
2024-08-29,169.4,171.53,167.28,170.97,2338712.0
2024-08-30,170.34,177.48,169.96,177.12,3460905.0
2024-09-03,174.53,175.65,172.8,173.82,3523796.0
2024-09-04,174.14,176.775,171.24,171.75,2471382.0
2024-09-05,172.66,172.86,168.09,168.46,2879312.0
2024-09-06,168.95,170.1,164.8,166.0,2242556.0
2024-09-09,167.22,167.71,162.68,163.25,3642879.0
2024-09-10,163.97,164.9,160.17,163.54,2800505.0
2024-09-11,163.18,163.59,157.22,158.61,3379576.0
2024-09-12,158.61,161.88,158.58,161.49,2370629.0
2024-09-13,162.73,165.81,161.97,163.58,2563058.0
2024-09-16,164.83,166.09,159.05,161.01,2152127.0
2024-09-17,161.54,163.97,161.0,163.87,1520261.0
2024-09-18,164.59,167.02,162.27,164.67,2688473.0
2024-09-19,166.55,168.05,164.81,166.35,2132060.0
2024-09-20,164.88,164.98,160.86,164.39,7789919.0
2024-09-23,162.5,166.43,162.41,164.22,6479404.0
2024-09-24,166.19,166.6167,162.14,162.45,4663283.0
2024-09-25,162.05,165.685,161.28,161.66,2320668.0
2024-09-26,160.71,168.57,160.4,163.44,7205710.0
2024-09-27,164.0,164.94,162.14,163.65,1557514.0
2024-09-30,163.25,164.2,161.25,162.91,2312963.0
2024-10-01,160.7,166.8799,160.61,165.82,2556550.0
2024-10-02,166.39,166.87,162.44,165.38,2847062.0
2024-10-03,165.79,175.625,164.47,174.84,3325776.0
2024-10-04,176.71,177.64,170.28,171.98,2241691.0
2024-10-07,171.22,174.46,170.92,173.27,2201327.0
2024-10-08,170.77,171.02,157.15,159.99,5060638.0
2024-10-09,159.0,163.43,158.4,162.61,2243382.0
2024-10-10,162.58,167.2345,161.9501,164.85,1990190.0
2024-10-11,164.01,166.85,163.4,164.26,1839445.0
2024-10-14,163.33,163.87,162.05,162.5,2086132.0
2024-10-15,157.94,159.8,156.81,157.02,2557761.0
2024-10-16,157.43,158.8,157.01,157.9,1504950.0
2024-10-17,158.42,159.7778,157.25,158.31,2409107.0
2024-10-18,158.2,159.22,156.95,158.3,2214886.0
2024-10-21,158.79,159.04,156.16,156.91,2203808.0
2024-10-22,157.5,158.57,156.75,158.24,1867192.0
2024-10-23,157.0,158.63,152.3803,153.76,3439062.0
2024-10-24,154.5,154.72,151.86,152.88,1550664.0
2024-10-25,154.28,154.61,151.93,152.36,1046293.0
2024-10-28,150.0,151.54,148.29,151.07,3899330.0
2024-10-29,150.58,150.67,144.9,145.28,2827885.0
2024-10-30,145.23,146.44,144.27,144.76,2541191.0
2024-10-31,145.97,146.63,144.69,145.47,2316216.0
2024-11-01,146.4,147.48,142.835,143.13,2149700.0
2024-11-04,143.72,146.3799,143.4,144.94,2377947.0
2024-11-05,152.36,152.4,146.49,149.56,4008716.0
2024-11-06,155.0,156.97,152.29,155.25,3094237.0
2024-11-07,155.2,155.7,152.39,154.0,1772064.0
2024-11-08,153.31,154.0,151.28,153.75,1718368.0
2024-11-11,153.47,156.14,152.65,156.06,1992444.0
2024-11-12,155.76,156.43,154.38,155.21,1785629.0
2024-11-13,154.4,159.2,154.1,159.11,2448115.0
2024-11-14,159.16,159.86,156.53,158.14,1863206.0
2024-11-15,156.01,160.01,156.01,157.52,2258883.0
2024-11-18,158.46,160.19,157.26,159.92,2099671.0
2024-11-19,158.22,161.1,157.96,158.8,1637077.0
2024-11-20,158.33,159.45,156.61,159.38,1606792.0
2024-11-21,160.29,161.61,158.46,159.29,1505501.0
2024-11-22,159.34,160.655,158.07,158.48,1421230.0
2024-11-25,158.62,160.0,156.19,156.5,3721225.0
2024-11-26,156.85,157.945,155.83,157.14,2072299.0
2024-11-27,157.16,158.99,155.04,155.36,1286082.0
2024-11-29,155.72,156.55,154.23,156.15,965504.0
2024-12-02,156.15,157.58,153.55,157.41,2267112.0
2024-12-03,158.0,159.1,155.295,155.49,2035763.0
2024-12-04,154.62,154.8999,149.08,150.4,2240921.0
2024-12-05,150.96,151.5,148.13,150.1,2199233.0
2024-12-06,150.27,151.21,149.02,150.94,2684444.0
2024-12-09,151.89,155.75,151.52,152.98,2527970.0
2024-12-10,152.82,153.79,149.77,151.06,3431484.0
2024-12-11,151.06,153.17,149.61,151.97,2796187.0
2024-12-12,151.65,151.89,146.18,146.28,2723225.0
2024-12-13,145.98,146.435,144.35,145.56,2014740.0
2024-12-16,144.32,145.01,137.8905,138.19,3518542.0
2024-12-17,137.17,140.11,136.4335,137.99,4076676.0
2024-12-18,137.52,138.2903,134.16,135.06,3959547.0
2024-12-19,135.83,136.81,130.71,131.65,3897329.0
2024-12-20,132.0,133.42,130.54,133.38,11493710.0
2024-12-23,133.6,134.54,131.88,133.98,3509363.0
2024-12-24,133.82,135.35,132.719,135.35,1419547.0
2024-12-26,135.47,135.805,134.01,135.39,1566545.0
2024-12-27,135.19,137.0,133.9413,135.67,1770112.0
2024-12-30,135.57,137.16,134.52,135.6,2010943.0
2024-12-31,135.85,139.75,135.7,139.5,2179421.0
2025-01-02,140.5,142.405,139.55,141.49,2586798.0
2025-01-03,141.875,143.01,140.84,142.74,2531130.0
2025-01-06,142.315,144.51,139.71,140.53,3757679.0
2025-01-07,141.7,143.03,140.51,141.66,3064944.0
2025-01-08,140.0,142.76,138.94,142.33,2691945.0
2025-01-10,144.26,145.31,140.9103,142.27,3593076.0
2025-01-13,143.35,151.26,142.78,146.75,3673313.0
2025-01-14,146.42,150.14,144.85,149.42,2511227.0
2025-01-15,151.37,153.13,150.44,151.95,2456265.0
2025-01-16,151.0,152.955,150.72,151.7,1862238.0
2025-01-17,151.5,153.54,149.9501,152.7,2486506.0
2025-01-21,152.25,152.69,149.47,150.82,2669412.0
2025-01-22,149.32,150.5899,147.42,147.61,3310183.0
2025-01-23,148.8,154.43,148.708,154.31,2949561.0
2025-01-24,153.87,155.72,151.18,151.61,4319391.0
2025-01-27,153.11,154.85,150.9,152.6,2291902.0
2025-01-28,152.6,153.05,149.2,150.64,2204692.0
2025-01-29,150.5,153.09,150.07,151.39,1785432.0
2025-01-30,154.82,155.045,148.35,149.96,2084474.0
2025-01-31,150.18,150.18,145.23,145.71,2721088.0
2025-02-03,145.15,148.605,143.11,147.0,3176089.0
2025-02-04,147.02,157.45,145.0,156.91,5832782.0
2025-02-05,155.81,158.48,154.7601,157.31,3314068.0
2025-02-06,158.0,158.99,150.79,151.93,2389162.0
2025-02-07,152.6,152.685,150.03,150.12,2377528.0
2025-02-10,151.68,155.67,151.4,153.78,2221276.0
2025-02-11,155.27,157.03,152.14,155.3,3666944.0
2025-02-12,154.04,155.11,149.155,149.21,2510544.0
2025-02-13,149.0,156.1094,146.88,154.09,3179247.0
2025-02-14,154.57,158.45,154.57,156.06,2411873.0
2025-02-18,156.15,160.45,155.9527,159.03,2859136.0
2025-02-19,157.75,159.47,156.33,156.64,2549755.0
2025-02-20,156.15,159.04,155.0,158.27,2464682.0
2025-02-21,157.32,158.38,153.49,153.74,1996323.0
2025-02-24,153.74,154.89,150.59,152.7,3688749.0
2025-02-25,153.13,154.66,149.31,150.59,2435705.0
2025-02-26,151.24,151.24,144.96,146.3,2281569.0
2025-02-27,147.11,149.66,145.9,147.98,2422056.0
2025-02-28,147.15,150.37,145.87,150.18,3007810.0
2025-03-03,151.23,152.75,144.55,145.82,2714547.0
2025-03-04,143.57,144.78,139.4456,142.62,3298136.0
2025-03-05,140.05,140.965,132.795,135.12,4745227.0
2025-03-06,134.12,138.13,133.73,137.56,2462946.0
2025-03-07,137.87,141.16,136.91,137.55,2832650.0
2025-03-10,138.54,140.145,135.71,136.26,2799294.0
2025-03-11,137.52,138.27,133.73,134.72,2750643.0
2025-03-12,133.75,138.485,133.75,137.12,2426199.0
2025-03-13,137.28,140.0,135.71,137.02,1885377.0
2025-03-14,137.33,141.65,137.0163,141.15,1708284.0
2025-03-17,141.69,147.1,141.65,146.16,2324027.0
2025-03-18,147.65,148.72,144.69,146.0,2797877.0
2025-03-19,146.51,150.61,145.75,149.57,3591362.0
2025-03-20,148.03,152.08,147.68,151.95,3638827.0
2025-03-21,151.09,152.05,147.84,149.96,6814264.0
2025-03-24,151.14,153.45,147.56,148.68,3087676.0
2025-03-25,149.58,151.36,148.41,149.09,3562062.0
2025-03-26,150.92,153.8852,149.35,149.81,1981201.0
2025-03-27,149.05,149.7,146.83,147.35,1579095.0
2025-03-28,147.0,147.54,143.37,144.1,1689098.0
2025-03-31,143.26,146.5,142.49,145.69,2483365.0
2025-04-01,145.77,146.95,142.04,146.63,1898805.0
2025-04-02,144.85,148.125,144.27,147.9,1654752.0
2025-04-03,140.0,140.675,127.69,128.59,5076207.0
2025-04-04,124.66,126.0,115.9696,121.07,5833219.0
2025-04-07,118.09,128.41,115.1,121.66,4922844.0
2025-04-08,124.08,126.13,116.32,118.55,4459670.0
2025-04-09,115.63,133.1,115.42,131.42,5604411.0
2025-04-10,127.07,130.2,118.65,121.53,3970634.0
2025-04-11,120.74,123.7973,117.7383,123.43,2901225.0
2025-04-14,126.99,127.45,123.29,124.85,2709609.0
2025-04-15,124.04,125.79,121.69,122.23,2416189.0
2025-04-16,123.665,127.87,122.72,124.07,2897300.0
2025-04-17,125.6,128.93,125.6,127.72,2387715.0
2025-04-21,125.28,127.08,124.0,126.72,2425136.0
2025-04-22,129.4,132.18,128.21,131.39,1736236.0
2025-04-23,134.36,136.62,132.0,134.3,2996333.0
2025-04-24,135.27,138.26,134.035,137.54,3061566.0
2025-04-25,136.37,137.67,135.79,137.44,1681151.0
2025-04-28,137.45,138.38,135.99,137.58,1868397.0
2025-04-29,136.29,138.66,135.88,138.31,1747586.0
2025-04-30,135.65,138.0,133.0,137.41,2549276.0
2025-05-01,138.29,141.39,136.8,137.72,2053477.0
2025-05-02,139.85,142.17,137.3,141.55,1944833.0
2025-05-05,141.23,144.68,140.36,143.33,3427400.0
2025-05-06,144.72,146.35,141.91,144.55,3304165.0
2025-05-07,145.19,146.04,142.73,144.69,3135366.0
2025-05-08,145.28,151.75,145.28,149.97,2643939.0
2025-05-09,151.79,152.32,149.645,150.89,1567501.0
2025-05-12,158.96,161.39,156.21,158.14,3419190.0
2025-05-13,159.24,164.86,157.71,162.84,4014902.0
2025-05-14,161.36,164.5393,161.16,163.52,2291227.0
2025-05-15,161.02,165.52,160.88,165.29,2300052.0
2025-05-16,165.7,165.7,162.84,164.12,2836148.0
2025-05-19,162.96,164.0399,160.7,162.27,1987756.0
2025-05-20,162.15,163.34,161.14,161.53,1431726.0
2025-05-21,158.95,159.76,156.63,156.7,2832246.0
2025-05-22,156.0,160.58,154.65,158.89,2365372.0
2025-05-23,157.44,160.1,157.44,159.11,1576925.0
2025-05-27,160.27,163.2,158.95,162.33,2480118.0
2025-05-28,163.26,163.27,158.33,158.61,1513761.0
2025-05-29,158.0,160.07,156.3603,159.92,1961172.0
2025-05-30,159.78,161.3,159.13,160.74,4475396.0
2025-06-02,163.91,163.91,156.02,158.75,2960513.0
2025-06-03,159.12,163.74,157.83,161.97,2004856.0
2025-06-04,161.41,162.785,156.811,156.95,2582218.0
2025-06-05,157.7,159.18,155.93,158.21,1533604.0
2025-06-06,159.12,161.56,158.555,160.12,1351716.0
2025-06-09,161.79,162.33,159.74,160.27,1895795.0
2025-06-10,161.92,164.56,161.49,162.64,1976107.0
2025-06-11,164.44,166.0,162.56,164.66,2019185.0
2025-06-12,162.7,165.16,161.66,165.07,1726067.0
2025-06-13,164.64,166.72,163.86,166.15,2705512.0
2025-06-16,164.61,167.77,163.62,166.78,2885840.0
2025-06-17,168.36,171.3399,166.25,170.08,3850797.0
2025-06-18,169.53,171.34,167.2805,167.42,2593734.0
2025-06-20,167.62,169.93,167.17,169.12,6556489.0
2025-06-23,170.58,170.7099,165.73,166.61,3356798.0
2025-06-24,164.6,167.27,163.4,165.29,2875965.0
2025-06-25,165.13,167.19,164.5,165.69,2006911.0
2025-06-26,166.65,168.805,165.765,167.52,1711454.0
2025-06-27,166.16,167.84,164.5,167.41,8636562.0
2025-06-30,166.72,168.09,165.6217,166.11,1661003.0
2025-07-01,166.36,171.48,165.62,169.95,1949322.0
2025-07-02,171.47,174.46,170.1755,174.46,1556856.0
2025-07-03,173.28,176.8676,173.0,176.05,1135939.0
2025-07-07,174.96,177.5,174.4163,176.45,1692608.0
2025-07-08,176.71,180.56,176.47,179.93,2426450.0
2025-07-09,179.93,180.77,178.03,179.27,1976240.0
2025-07-10,179.13,183.1,177.58,182.26,3765828.0
2025-07-11,181.75,182.09,179.26,179.86,4388213.0
2025-07-14,177.89,178.6,173.99,175.63,2732238.0
2025-07-15,175.86,177.28,174.56,175.62,1784954.0
2025-07-16,176.4,177.15,171.48,172.37,2585081.0
2025-07-17,172.86,174.68,172.43,174.17,1619726.0
2025-07-18,176.65,178.33,174.21,174.21,2623699.0
2025-07-21,174.99,176.47,173.95,174.88,1458156.0
2025-07-22,174.81,176.865,174.44,175.25,1431346.0
2025-07-23,175.76,177.75,175.02,177.54,1798292.0
2025-07-24,174.99,176.57,170.12,171.31,2607379.0
2025-07-25,172.07,173.225,170.34,171.57,1287759.0
2025-07-28,172.7,174.955,171.8701,174.8,1100399.0
2025-07-29,175.25,175.5,172.99,175.43,1296340.0
2025-07-30,173.81,174.02,169.45,170.78,1494576.0
2025-07-31,170.33,171.92,169.173,170.19,1340662.0
2025-08-01,167.8,168.0,164.775,165.53,1385321.0
2025-08-04,166.4,168.78,165.76,167.96,2068509.0
2025-08-05,169.47,170.09,165.49,168.92,1923410.0
2025-08-06,169.67,170.3,160.845,162.44,2755537.0
2025-08-07,164.27,165.0,161.44,161.51,1587808.0
2025-08-08,162.22,163.16,160.29,160.84,1278171.0
2025-08-11,162.47,162.83,158.0801,158.59,1784184.0
2025-08-12,160.0,161.62,158.547,159.11,2291850.0
2025-08-13,159.0,161.83,158.0001,161.73,2071968.0
2025-08-14,160.66,162.58,159.01,162.32,1373247.0
2025-08-15,162.48,163.47,161.53,162.34,1831457.0
2025-08-18,161.37,162.95,160.87,162.67,1487787.0
2025-08-19,162.36,165.345,161.8,164.38,2155341.0
2025-08-20,163.95,166.66,163.37,165.82,1540075.0
2025-08-21,165.01,166.08,163.1,164.94,1299678.0
2025-08-22,165.71,171.08,165.08,170.88,1734072.0
2025-08-25,170.72,172.8,170.31,172.18,1477305.0
2025-08-26,170.99,173.57,170.23,173.51,3153896.0
2025-08-27,173.25,178.5537,173.0586,177.89,1820563.0
2025-08-28,178.38,179.33,175.4605,179.3,1844100.0
2025-08-29,179.78,181.425,178.19,179.71,1753840.0
2025-09-02,178.86,180.24,177.9025,180.15,2245614.0
2025-09-03,180.0,183.5,177.35,179.0,1751373.0
2025-09-04,179.66,180.13,178.16,178.98,1494012.0
2025-09-05,178.5,180.48,177.05,180.28,1696279.0
2025-09-08,179.93,181.24,176.89,181.19,2006803.0
2025-09-09,182.39,186.282,178.475,183.18,2307706.0
2025-09-10,183.0,184.78,177.42,181.69,1800282.0
2025-09-11,182.28,183.74,180.66,182.31,1265815.0
2025-09-12,183.0,183.54,179.83,180.28,1500305.0
2025-09-15,180.11,181.94,178.875,179.94,1765485.0
2025-09-16,181.28,184.53,180.0,182.99,2250063.0
2025-09-17,182.82,186.08,182.055,184.68,1885830.0
2025-09-18,186.0,186.0,182.03,185.03,1570757.0
2025-09-19,185.3,185.73,182.86,185.46,6246901.0
2025-09-22,185.58,188.7,185.2478,187.25,1783239.0
2025-09-23,187.74,192.61,187.17,190.87,1787467.0
2025-09-24,191.51,194.92,191.0,193.1,1526773.0
2025-09-25,193.1,196.7,192.075,196.44,1811431.0
2025-09-26,198.0,201.61,197.07,198.69,2042793.0
2025-09-29,198.33,198.44,194.495,196.47,1402212.0
2025-09-30,194.78,195.64,191.29,192.74,1532154.0
2025-10-01,192.09,193.4758,191.08,192.31,1265196.0
2025-10-02,191.03,192.94,189.42,192.24,1642839.0
2025-10-03,195.25,198.75,193.14,193.14,1968743.0
2025-10-06,193.62,197.1,193.19,193.52,1013228.0
2025-10-07,192.72,193.4899,187.805,191.54,1352292.0
2025-10-08,191.0,191.16,188.02,188.71,2416746.0
2025-10-09,189.72,190.89,186.63,187.56,1284034.0
2025-10-10,186.0,187.68,180.72,180.89,1678432.0
2025-10-13,183.75,185.0899,182.37,183.4,1095515.0
2025-10-14,181.41,186.09,181.25,183.12,1389673.0
2025-10-15,184.65,185.415,181.91,183.83,1882647.0
2025-10-16,185.3,185.3,180.32,181.15,1193732.0
2025-10-17,183.36,185.5,181.18,184.47,1954288.0
2025-10-20,184.93,187.3,184.68,186.27,957927.0
2025-10-21,186.11,186.7,182.61,182.87,1282408.0
2025-10-22,184.07,188.82,181.79,188.54,1710115.0
2025-10-23,190.09,197.33,189.97,195.96,1931394.0
2025-10-24,196.89,198.79,195.97,196.22,1233261.0
2025-10-27,196.72,197.56,194.34,196.23,2622610.0
2025-10-28,194.63,196.1446,191.95,192.21,1170993.0
2025-10-29,191.57,197.46,190.32,195.75,1624593.0
2025-10-30,196.44,200.65,195.49,195.63,1697231.0
2025-10-31,196.2,196.5,193.33,194.91,1538966.0
2025-11-03,194.76,196.525,193.46,195.79,1443245.0
2025-11-04,179.1,187.24,175.0,183.78,5838713.0
2025-11-05,184.79,189.655,184.01,186.18,2092865.0
2025-11-06,187.62,195.93,187.62,192.72,3079281.0
2025-11-07,194.1,197.07,191.57,193.76,2174192.0
2025-11-10,193.33,198.76,191.55,196.36,2269126.0
2025-11-11,197.8,201.72,197.42,200.13,2132877.0
2025-11-12,199.64,202.25,196.35,196.9,2506234.0
2025-11-13,197.23,199.4025,193.71,194.58,2218083.0
2025-11-14,196.64,202.295,195.36,199.98,1714728.0
2025-11-17,198.88,199.37,195.295,195.97,1984010.0
2025-11-18,195.62,199.66,195.0,199.61,1545573.0
2025-11-19,193.22,196.2,190.49,195.52,2076823.0
2025-11-20,195.62,197.955,187.415,187.87,2983889.0
2025-11-21,187.89,192.065,186.56,190.62,1914473.0
2025-11-24,189.54,191.76,186.45,190.18,2533407.0
2025-11-25,188.8,191.2,187.14,190.0,1594435.0
2025-11-26,189.99,193.5,189.75,191.74,1253617.0
2025-11-28,193.12,196.0,192.9401,193.73,1020932.0
2025-12-01,194.12,198.165,194.12,196.14,1703723.0
2025-12-02,194.65,194.68,189.77,192.7,1911660.0
2025-12-03,193.26,193.9979,188.455,189.43,2415909.0
2025-12-04,188.61,191.7,187.64,190.15,2103003.0
2025-12-05,189.91,193.53,189.91,190.53,1441766.0
2025-12-08,188.39,191.57,186.92,189.66,2258666.0
2025-12-09,189.72,192.17,188.5845,190.73,1808620.0
2025-12-10,190.83,192.415,187.52,191.3,2782596.0
2025-12-11,188.73,190.37,186.62,187.11,2603205.0
2025-12-12,187.9,188.19,184.13,185.77,2419273.0
2025-12-15,185.01,185.82,184.02,185.51,2402750.0
2025-12-16,184.01,185.17,175.25,176.79,2889200.0
2025-12-17,177.29,177.53,172.8601,174.5,3050877.0
2025-12-18,173.41,174.38,167.13,168.11,2888624.0
2025-12-19,168.39,170.5302,167.27,168.32,6618083.0
2025-12-22,169.9,170.7895,164.64,164.77,1999839.0
2025-12-23,165.27,166.95,164.22,166.4,2380588.0
2025-12-24,165.54,166.3099,164.45,165.73,996151.0
2025-12-26,165.01,165.8799,163.34,163.69,1262312.0
2025-12-29,164.79,165.0,162.62,163.6,1847571.0
2025-12-30,164.59,164.805,162.82,163.82,1224080.0
2025-12-31,164.09,164.165,161.93,162.63,1323765.0
2026-01-02,162.85,165.36,162.33,165.14,1409405.0
2026-01-05,173.15,177.6999,171.5,174.94,5033221.0
2026-01-06,175.13,175.68,170.23,170.42,2378701.0
2026-01-07,173.36,176.65,168.6936,172.51,2731070.0
2026-01-08,172.76,178.83,171.55,177.07,2409260.0
2026-01-09,178.02,178.8,174.38,176.17,2589010.0
2026-01-12,175.92,177.319,174.0001,175.54,2096302.0
2026-01-13,175.71,179.09,174.4,175.85,2546714.0
2026-01-14,176.19,183.43,176.0,181.09,2825673.0
2026-01-15,179.33,179.785,177.01,177.59,2004504.0
2026-01-16,177.2,178.75,174.96,175.63,1627498.0
2026-01-20,176.69,177.7398,174.05,174.88,1302261.0
2026-01-21,178.4,182.57,177.22,177.48,2389130.0
2026-01-22,176.48,177.95,174.31,175.76,1877473.0
2026-01-23,177.68,181.61,175.0622,175.38,1635143.0
2026-01-26,177.35,177.5,172.24,172.54,1610858.0
2026-01-27,172.92,174.0099,170.495,171.79,2452638.0
2026-01-28,173.0,174.0,170.0801,172.01,1691272.0
2026-01-29,175.41,180.74,175.24,175.74,2826228.0
2026-01-30,175.13,176.75,172.0,176.19,2098525.0
2026-02-02,172.74,177.32,171.735,176.91,3026999.0
2026-02-03,180.69,187.64,172.44,187.58,5254912.0
2026-02-04,188.99,197.58,188.14,195.92,4157883.0
2026-02-05,193.57,195.83,190.9925,195.83,1900662.0
2026-02-06,196.79,204.37,196.17,203.0,2316012.0
2026-02-09,204.05,206.45,202.31,204.26,2004808.0
2026-02-10,204.12,204.27,200.96,204.15,1814674.0
2026-02-11,206.47,209.4,205.0601,208.64,1629160.0
2026-02-12,209.0,210.32,197.81,198.02,1917441.0
2026-02-13,196.38,204.315,195.75,203.26,1592788.0
2026-02-17,204.75,207.3,197.63,200.54,2222289.0
2026-02-18,201.4,202.0,198.39,199.57,1561629.0
2026-02-19,200.54,201.981,196.31,196.47,2013361.0
2026-02-20,195.94,198.45,194.58,196.76,1714061.0
2026-02-23,196.33,199.75,190.44,192.82,2214175.0
2026-02-24,191.31,195.33,190.84,195.29,1938304.0
2026-02-25,196.0,197.5,192.24,195.77,1886423.0
2026-02-26,194.21,202.84,193.42,201.07,2021416.0
2026-02-27,200.0,200.01,190.32,198.21,4760546.0
2026-03-02,203.93,210.42,202.17,209.82,3771754.0
2026-03-03,213.67,215.5711,206.05,211.98,2759358.0
2026-03-04,212.1,222.05,211.995,220.77,3440376.0
2026-03-05,224.9,228.55,213.96,217.36,3731696.0
2026-03-06,217.75,221.43,214.2501,221.28,3399056.0
2026-03-09,223.56,223.66,213.68,215.7,4136742.0
2026-03-10,215.0,220.3,212.375,215.23,2189715.0
2026-03-11,217.39,226.84,216.2,226.74,2223300.0
2026-03-12,227.41,236.105,227.0,230.07,4233167.0
2026-03-13,228.17,231.87,225.85,226.18,2613173.0
2026-03-16,228.42,230.59,225.25,228.94,2739893.0
2026-03-17,230.0,234.5,228.85,233.26,2007991.0
2026-03-18,234.5,238.77,232.14,236.24,3006527.0
2026-03-19,237.53,242.98,234.71,235.78,4218919.0
2026-03-20,236.1,238.13,232.31,232.53,6344065.0
2026-03-23,227.62,237.1,225.92,232.53,2894701.0
2026-03-24,238.79,247.14,238.405,243.91,3513209.0
2026-03-25,242.5,246.48,239.3702,241.25,2259908.0
2026-03-26,241.89,249.76,240.58,248.31,2038258.0
2026-03-27,247.33,252.83,245.87,251.91,2449748.0
2026-03-30,254.0,255.77,244.83,245.16,2631201.0
2026-03-31,245.5,251.12,239.56,244.18,3033808.0
2026-04-01,241.35,242.9999,233.17,238.16,3277727.0
2026-04-02,245.0,247.7299,238.79,241.73,1842716.0
2026-04-06,239.58,241.955,237.75,241.4,1490458.0
2026-04-07,242.62,247.07,241.33,245.42,1975993.0
2026-04-08,232.31,233.56,228.0564,231.98,2924066.0
2026-04-09,231.25,234.45,218.88,223.52,2865043.0
2026-04-10,221.04,223.2837,216.97,222.62,2216710.0
2026-04-13,225.0,228.38,221.65,225.29,2039711.0
2026-04-14,225.58,225.98,221.12,223.93,1524260.0
2026-04-15,222.45,225.84,220.565,223.03,1528043.0
2026-04-16,223.77,230.17,223.43,226.24,2068063.0
2026-04-17,217.25,220.08,210.64,213.69,3800321.0
2026-04-20,214.11,216.2032,213.29,214.12,1417375.0
2026-04-21,215.87,220.79,213.06,220.35,1466612.0
2026-04-22,222.66,224.14,218.5701,222.07,2240673.0
2026-04-23,223.53,224.16,220.345,221.1,2249374.0
2026-04-24,221.04,224.58,219.3101,224.14,1523642.0
2026-04-27,225.11,230.76,224.1,227.21,1883174.0
2026-04-28,230.04,233.725,227.08,232.59,1924651.0
2026-04-29,235.93,245.295,235.3426,241.81,2686002.0
2026-04-30,237.73,249.21,235.86,248.29,2356722.0
2026-05-01,248.0,250.0,241.01,246.15,1841853.0
2026-05-04,246.74,253.29,245.49,252.54,2316770.0
2026-05-05,256.0,261.61,251.89,260.51,2500233.0
2026-05-06,253.0,254.72,244.46,245.78,2664476.0
2026-05-07,241.76,242.27,234.14,242.26,2458113.0
2026-05-08,242.2,247.885,238.71,244.87,2575017.0
2026-05-11,248.85,252.5,247.76,252.48,2429065.0
2026-05-12,254.18,257.61,251.76,251.99,2669562.0
2026-05-13,253.38,254.9398,245.51,249.09,4157711.0
2026-05-14,248.05,251.546,247.3966,248.82,2009720.0
2026-05-15,252.23,255.4,250.64,255.03,2156867.0
2026-05-18,252.05,261.04,249.49,259.53,2032307.0
2026-05-19,260.83,263.495,256.6476,263.02,1770656.0
2026-05-20,260.04,264.1422,254.7,258.37,2210133.0
2026-05-21,261.15,262.055,247.9994,248.43,2623975.0
2026-05-22,249.0,255.83,248.0001,254.65,1926483.0
2026-05-26,251.86,258.26,248.02,248.05,2404770.0
2026-05-27,242.68,250.8025,241.36,247.05,1995632.0
2026-05-28,249.89,253.74,249.03,251.33,2826342.0
2026-05-29,250.44,251.605,247.4,248.77,2862454.0
2026-06-01,252.68,260.97,251.5,258.66,2426906.0
2026-06-02,257.02,264.84,256.97,263.06,2350370.0
2026-06-03,265.58,272.46,263.1301,267.21,2333788.0
2026-06-04,263.11,270.34,261.4807,267.05,2123377.0
2026-06-05,265.29,269.6599,261.9,262.01,2160705.0
2026-06-08,265.65,271.28,262.92,266.17,1814678.0
2026-06-09,264.35,266.44,256.5273,258.15,3233561.0
2026-06-10,258.19,269.3499,258.19,263.28,2109252.0
2026-06-11,268.0,269.7656,260.06,260.81,2072697.0
2026-06-12,260.91,267.83,259.02,263.58,1701545.0
2026-06-15,253.75,255.96,248.675,250.86,3457029.0
2026-06-16,247.63,251.755,246.78,250.47,2687505.0
2026-06-17,249.81,250.52,244.14,244.61,2381235.0
2026-06-18,242.86,243.36,238.28,242.91,4962727.0
2026-06-22,242.51,247.895,240.0,247.29,1877780.0
2026-06-23,245.28,249.67,244.47,248.52,1501616.0
2026-06-24,243.63,248.65,240.2227,246.51,1684082.0
2026-06-25,245.06,253.73,244.605,253.56,1807156.0
2026-06-26,252.98,256.71,251.455,254.06,6961329.0
2026-06-29,256.61,265.83,256.36,259.22,2393247.0
2026-06-30,260.62,262.08,254.79,255.67,1907652.0
2026-07-01,257.46,264.96,255.01,264.87,1872056.0
2026-07-02,267.0,270.4,264.325,266.35,1722195.0
2026-07-06,266.52,272.35,265.38,268.99,1720369.0
2026-07-07,267.65,269.49,261.565,266.33,1838818.0
2026-07-08,271.63,281.25,270.0,280.68,2467740.0
2026-07-09,281.43,283.68,279.05,283.3,1844236.0
2026-07-10,286.32,287.147,277.55,283.74,1932683.0
2026-07-13,290.82,299.05,289.54,296.88,2146235.0
2026-07-14,300.0,303.69,296.72,303.4,2266011.0
2026-07-15,301.53,304.36,295.21,299.18,2325436.0
2026-07-16,301.99,308.415,301.01,305.85,1871320.0
2026-07-17,311.73,313.15,306.81,312.6,2139401.0
2026-07-20,312.95,319.36,312.95,315.31,1589626.0
2026-07-21,319.26,321.0,315.234,319.76,2121114.0
2026-07-22,326.67,326.92,315.68,315.82,2589742.0
2026-07-23,323.4,323.755,311.2,312.27,2298560.0
2026-07-24,311.7,316.49,308.68,309.24,2000765.0
2026-07-27,306.68,313.735,305.39,312.35,2378451.0
2026-07-28,313.19,315.0,305.95,306.05,1827596.0
2026-07-29,312.85,315.72,307.39,308.72,1605308.0
2026-07-30,304.9,316.53,304.9,314.08,1963978.0
2026-07-31,316.31,317.4,311.01,316.47,1688679.0
2026-08-03,311.12,317.7199,305.84,307.03,2105267.0
2026-08-04,308.83,315.12,301.57,312.61,2507173.0
2026-08-05,314.5,315.495,297.37,297.75,2778931.0
2026-08-06,303.17,303.33,293.72,299.25,1976697.0
2026-08-07,295.14,301.49,290.3601,298.2,2300277.0
2026-08-10,302.2,320.42,302.2,320.32,4058733.0
2026-08-11,319.0,336.45,318.0,336.42,3183067.0
2026-08-12,335.045,348.35,331.99,348.25,2977412.0
2026-08-13,345.4,357.195,344.0,356.37,2232907.0
2026-08-14,356.99,360.1,352.48,355.42,2188507.0
2026-08-17,358.57,363.3425,355.265,358.18,3043639.0
2026-08-18,363.06,367.24,356.93,366.21,2033776.0
2026-08-19,365.21,365.865,359.0001,360.75,2398504.0
2026-08-20,363.375,367.595,356.69,358.23,2895839.0
2026-08-21,358.875,365.21,357.75,360.72,2236553.0
2026-08-24,359.78,367.5,357.97,362.52,2169111.0
2026-08-25,358.34,361.97,354.62,354.88,2205706.0
2026-08-26,350.79,365.32,347.67,362.27,2089976.0
2026-08-27,362.79,366.65,356.41,363.54,3019978.0
2026-08-28,363.74,369.12,363.15,368.83,1919203.0
2026-08-31,374.24,376.559,366.6814,373.32,3627294.0
2026-09-01,380.78,383.01,373.0,383.0,2379504.0
2026-09-02,380.37,391.98,380.04,387.0,2399410.0
2026-09-03,383.95,398.5246,382.92,387.71,2136586.0
2026-09-04,386.1,391.0,379.1,388.9,1875286.0
2026-09-08,396.5,399.62,395.05,397.77,1845318.0
2026-09-09,402.0,402.0,393.54,399.44,1973719.0
2026-09-10,405.01,405.13,392.22,392.42,2568284.0
2026-09-11,395.51,408.48,394.52,395.96,2583456.0
