date,open,high,low,close,volume
2004-01-02,9.58,9.61,9.44,9.48,19281600.0
2004-01-05,9.57,9.77,9.46,9.68,40955200.0
2004-01-06,9.61,10.18,9.6,10.05,58576000.0
2004-01-07,10.05,10.4,10.05,10.36,55470400.0
2004-01-08,10.43,10.54,10.23,10.52,36689600.0
2004-01-09,10.38,10.69,10.26,10.38,35232000.0
2004-01-12,10.4,10.8,10.22,10.76,41544000.0
2004-01-13,10.73,10.92,10.56,10.73,45211200.0
2004-01-14,10.86,10.88,10.35,10.5,38974400.0
2004-01-15,10.45,10.86,10.31,10.8,51115200.0
2004-01-16,10.88,11.0,10.71,10.91,29560000.0
2004-01-20,10.93,11.16,10.9,11.14,29235200.0
2004-01-21,10.76,10.8,10.37,10.77,89646400.0
2004-01-22,10.89,10.96,10.57,10.59,38230400.0
2004-01-23,10.63,10.71,10.37,10.48,24875200.0
2004-01-26,10.4,10.5,10.21,10.44,29435200.0
2004-01-27,10.48,10.74,10.42,10.61,48664000.0
2004-01-28,10.73,10.96,10.48,10.59,41244800.0
2004-01-29,10.62,10.63,10.13,10.48,33836800.0
2004-01-30,10.43,10.71,10.26,10.4,24860800.0
2004-02-02,10.46,10.65,10.29,10.29,25299200.0
2004-02-03,10.26,10.48,10.19,10.34,18376000.0
2004-02-04,10.1,10.18,9.76,9.81,48158400.0
2004-02-05,9.85,10.36,9.85,10.32,48016000.0
2004-02-06,10.3,10.72,10.25,10.66,31035200.0
2004-02-09,10.73,10.91,10.65,10.74,28545600.0
2004-02-10,10.68,10.88,10.62,10.8,33876800.0
2004-02-11,10.8,10.99,10.71,10.95,45435200.0
2004-02-12,10.83,10.93,10.65,10.69,42812800.0
2004-02-13,10.65,10.94,10.64,10.82,52376000.0
2004-02-17,10.98,11.12,10.8,10.87,40948800.0
2004-02-18,11.05,11.54,11.04,11.34,70064000.0
2004-02-19,11.49,11.59,10.8,10.83,57403200.0
2004-02-20,10.93,10.98,10.44,10.57,68968000.0
2004-02-23,10.6,10.63,10.18,10.36,37617600.0
2004-02-24,10.31,10.55,10.22,10.55,68532800.0
2004-02-25,10.56,10.88,10.55,10.78,49892800.0
2004-02-26,10.79,10.98,10.56,10.72,64604800.0
2004-02-27,11.43,11.52,10.95,11.44,175731200.0
2004-03-01,11.56,11.57,11.19,11.43,57961600.0
2004-03-02,11.42,11.57,11.18,11.19,44643200.0
2004-03-03,11.16,11.19,10.85,10.89,40110400.0
2004-03-04,10.85,11.19,10.85,11.14,51227200.0
2004-03-05,11.0,11.34,10.94,10.96,37780800.0
2004-03-08,11.05,11.09,10.53,10.54,28188800.0
2004-03-09,10.52,10.56,10.13,10.28,56403200.0
2004-03-10,10.31,10.41,10.07,10.16,41406400.0
2004-03-11,10.07,10.31,9.97,10.05,45905600.0
2004-03-12,10.22,10.53,10.22,10.46,44640000.0
2004-03-15,10.39,10.44,10.03,10.08,37590400.0
2004-03-16,10.23,10.32,10.02,10.15,36222400.0
2004-03-17,10.47,10.58,10.3,10.44,47792000.0
2004-03-18,10.41,10.56,10.29,10.34,46561600.0
2004-03-19,10.38,10.52,10.18,10.39,45364800.0
2004-03-22,10.31,10.36,10.07,10.33,33320000.0
2004-03-23,10.47,10.49,10.1,10.25,45534400.0
2004-03-24,10.27,10.27,9.9,9.97,80001600.0
2004-03-25,10.07,10.36,10.01,10.29,50483200.0
2004-03-26,10.34,10.81,10.29,10.66,59859200.0
2004-03-29,10.78,10.94,10.73,10.78,33219200.0
2004-03-30,10.8,11.31,10.8,11.3,71564800.0
2004-03-31,11.26,11.36,11.21,11.24,41656000.0
2004-04-01,11.26,11.74,11.26,11.4,51372800.0
2004-04-02,11.59,11.79,11.45,11.74,54875200.0
2004-04-05,11.73,12.02,11.69,11.98,34412800.0
2004-04-06,11.86,11.88,11.65,11.8,38440000.0
2004-04-07,11.6,11.89,11.4,11.77,67902400.0
2004-04-08,11.89,12.12,11.82,12.02,53310400.0
2004-04-12,12.05,12.1,11.93,11.98,42137600.0
2004-04-13,12.06,12.13,11.89,11.9,35918400.0
2004-04-14,11.77,11.91,11.51,11.56,36347200.0
2004-04-15,11.53,11.69,11.27,11.39,36604800.0
2004-04-16,11.39,11.4,11.02,11.24,51003200.0
2004-04-19,11.19,11.53,11.19,11.44,22289600.0
2004-04-20,11.45,11.52,11.02,11.03,34411200.0
2004-04-21,11.02,11.04,10.68,11.0,65300800.0
2004-04-22,10.87,10.94,10.66,10.81,69747200.0
2004-04-23,11.02,11.27,10.95,11.1,53590400.0
2004-04-26,11.03,11.11,10.64,10.67,40739200.0
2004-04-27,10.71,10.78,10.38,10.49,28265600.0
2004-04-28,10.49,10.53,10.19,10.24,37966400.0
2004-04-29,10.27,10.43,9.6,9.88,65377600.0
2004-04-30,9.91,10.12,9.61,9.73,38929600.0
2004-05-03,9.8,9.86,9.38,9.51,47657600.0
2004-05-04,9.59,9.88,9.59,9.73,44030400.0
2004-05-05,9.84,10.26,9.76,10.04,58785600.0
2004-05-06,9.9,10.05,9.63,9.8,43609600.0
2004-05-07,9.73,10.4,9.73,10.12,58859200.0
2004-05-10,10.18,10.3,9.9,10.03,67801600.0
2004-05-11,10.19,10.41,10.01,10.41,37526400.0
2004-05-12,10.39,10.41,9.95,10.23,44302400.0
2004-05-13,10.19,10.45,10.16,10.33,43411200.0
2004-05-14,10.37,10.38,9.74,9.93,60691200.0
2004-05-17,9.79,9.81,9.52,9.61,71956800.0
2004-05-18,9.72,9.78,9.64,9.73,49638400.0
2004-05-19,9.94,10.27,9.88,9.99,68545600.0
2004-05-20,10.05,10.1,9.56,9.96,130076800.0
2004-05-21,10.52,11.05,10.47,11.02,185387200.0
2004-05-24,11.12,11.13,10.82,11.11,67571200.0
2004-05-25,11.15,11.59,11.06,11.58,57227200.0
2004-05-26,11.6,11.6,11.35,11.48,48329600.0
2004-05-27,11.5,11.79,11.48,11.75,47388800.0
2004-05-28,11.66,11.89,11.64,11.89,49011200.0
2004-06-01,11.75,11.88,11.62,11.77,36364800.0
2004-06-02,11.73,11.76,11.26,11.37,43216000.0
2004-06-03,11.32,11.62,11.26,11.41,44195200.0
2004-06-04,11.62,11.75,11.57,11.61,27144000.0
2004-06-07,11.69,12.05,11.65,12.05,28643200.0
2004-06-08,11.92,12.2,11.85,11.95,46691200.0
2004-06-09,11.94,12.0,11.56,11.61,32659200.0
2004-06-10,11.76,11.81,11.62,11.8,20926400.0
2004-06-14,11.72,11.79,11.55,11.62,24985600.0
2004-06-15,11.8,12.01,11.69,12.0,36232000.0
2004-06-16,11.99,12.57,11.9,12.47,75516800.0
2004-06-17,12.38,12.45,12.01,12.04,61739200.0
2004-06-18,11.96,12.5,11.88,12.39,53105600.0
2004-06-21,12.43,12.52,11.71,11.81,69900800.0
2004-06-22,11.86,12.43,11.78,12.43,63662400.0
2004-06-23,12.41,13.0,12.26,13.0,75406400.0
2004-06-24,12.94,13.31,12.77,13.15,88049600.0
2004-06-25,13.07,13.24,12.97,13.15,59980800.0
2004-06-28,13.12,13.18,12.6,12.69,70404800.0
2004-06-29,13.06,13.31,12.77,12.99,17521600.0
2004-06-30,13.0,13.39,12.93,13.35,14049200.0
2004-07-01,13.21,13.27,12.45,12.49,22795200.0
2004-07-02,12.57,12.65,12.15,12.31,15622000.0
2004-07-06,12.01,12.07,11.57,11.82,19075600.0
2004-07-07,11.86,12.39,11.86,11.94,11087600.0
2004-07-08,11.88,12.18,11.69,11.76,15804000.0
2004-07-09,12.02,12.1,11.78,11.88,7778400.0
2004-07-12,11.55,11.62,11.34,11.53,15460400.0
2004-07-13,11.56,11.91,11.56,11.78,10523600.0
2004-07-14,11.35,11.89,11.25,11.59,15337600.0
2004-07-15,11.56,12.27,11.47,12.05,21372400.0
2004-07-16,12.19,12.19,11.4,11.52,13152800.0
2004-07-19,11.61,11.8,11.15,11.36,11423200.0
2004-07-20,11.32,11.77,11.23,11.77,10425200.0
2004-07-21,11.86,12.1,11.02,11.06,19564400.0
2004-07-22,11.25,11.58,11.01,11.52,14267200.0
2004-07-23,11.35,11.43,11.04,11.42,18369600.0
2004-07-26,11.43,11.45,10.87,11.1,13164000.0
2004-07-27,11.23,11.43,10.35,11.31,19868000.0
2004-07-28,11.07,11.32,10.79,11.29,15909600.0
2004-07-29,11.42,11.78,11.4,11.67,17259600.0
2004-07-30,11.6,11.78,11.44,11.61,12496000.0
2004-08-02,11.53,11.73,11.4,11.64,7896000.0
2004-08-03,11.59,11.6,11.11,11.15,8914800.0
2004-08-04,11.18,11.59,10.98,11.45,10886400.0
2004-08-05,11.5,11.92,11.45,11.6,17258000.0
2004-08-06,11.29,11.75,11.2,11.31,24830400.0
2004-08-09,11.35,11.59,11.33,11.5,18875600.0
2004-08-10,11.58,11.68,11.36,11.57,16518000.0
2004-08-11,11.0,11.25,10.23,10.7,32877600.0
2004-08-12,10.55,10.7,10.1,10.15,22989600.0
2004-08-13,10.3,10.32,9.66,9.89,38841600.0
2004-08-16,9.93,10.32,9.91,10.1,21713200.0
2004-08-17,10.3,10.71,10.3,10.35,25664000.0
2004-08-18,10.24,11.02,10.19,10.89,28711200.0
2004-08-19,10.81,11.01,10.75,10.86,43591600.0
2004-08-20,10.73,12.23,10.73,11.99,64932000.0
2004-08-23,12.07,12.18,11.74,11.95,22426400.0
2004-08-24,11.99,12.02,11.3,11.43,35098000.0
2004-08-25,11.38,11.8,11.32,11.79,21718400.0
2004-08-26,11.57,11.73,11.44,11.55,7675600.0
2004-08-27,11.55,11.98,11.53,11.85,11423600.0
2004-08-30,11.77,11.86,11.4,11.43,6412400.0
2004-08-31,11.45,11.7,11.24,11.56,10597200.0
2004-09-01,11.56,11.98,11.48,11.84,12876000.0
2004-09-02,11.88,12.12,11.66,11.99,9789600.0
2004-09-03,11.52,11.85,11.34,11.44,21951200.0
2004-09-07,11.64,11.79,11.52,11.69,16811600.0
2004-09-08,11.6,11.78,11.45,11.57,14075200.0
2004-09-09,11.93,12.9,11.8,12.71,38690000.0
2004-09-10,12.73,13.12,12.46,13.12,30467600.0
2004-09-13,13.18,13.73,13.12,13.44,31976000.0
2004-09-14,13.3,13.57,12.97,13.48,22634800.0
2004-09-15,13.23,13.24,12.82,12.95,15345200.0
2004-09-16,13.18,13.3,12.9,13.19,18603200.0
2004-09-17,13.15,13.23,13.02,13.17,17870400.0
2004-09-20,13.1,13.93,12.93,13.48,27404800.0
2004-09-21,13.45,13.64,13.31,13.62,18476800.0
2004-09-22,13.3,13.44,13.07,13.09,16525200.0
2004-09-23,13.15,13.39,12.98,13.27,12533600.0
2004-09-24,13.38,13.47,12.83,13.14,10218000.0
2004-09-27,12.98,13.04,12.77,12.85,8801200.0
2004-09-28,12.82,12.93,12.43,12.64,15632400.0
2004-09-29,12.61,12.85,12.56,12.6,16297600.0
2004-09-30,12.69,13.19,12.66,13.06,21934400.0
2004-10-01,13.23,14.06,13.15,14.02,24097200.0
2004-10-04,14.05,14.75,14.05,14.25,32890800.0
2004-10-05,14.22,14.52,13.92,14.42,19346800.0
2004-10-06,14.27,14.9,14.15,14.87,20011600.0
2004-10-07,14.88,14.88,14.12,14.41,20430000.0
2004-10-08,14.3,14.52,13.98,14.19,12950800.0
2004-10-11,13.94,14.12,13.51,13.92,17765600.0
2004-10-12,13.65,13.97,13.52,13.91,11245600.0
2004-10-13,14.4,14.74,14.25,14.56,34690400.0
2004-10-14,14.44,14.84,14.38,14.6,20968000.0
2004-10-15,14.17,14.57,14.07,14.35,16227200.0
2004-10-18,14.31,14.45,13.97,14.39,13443600.0
2004-10-19,14.74,14.95,14.32,14.45,21558000.0
2004-10-20,14.38,14.77,14.15,14.6,14174000.0
2004-10-21,14.7,15.03,14.36,14.95,24379600.0
2004-10-22,14.93,15.0,13.91,14.05,23863600.0
2004-10-25,13.75,13.93,13.38,13.52,32445200.0
2004-10-26,13.66,13.74,13.24,13.46,14660000.0
2004-10-27,13.4,14.57,13.38,14.4,24433200.0
2004-10-28,14.33,14.77,14.29,14.52,19880400.0
2004-10-29,14.35,14.61,14.12,14.28,11200000.0
2004-11-01,14.31,14.39,14.06,14.21,7607200.0
2004-11-02,14.2,14.8,14.13,14.41,15976800.0
2004-11-03,14.9,14.98,14.15,14.26,14322800.0
2004-11-04,14.16,14.5,13.76,14.26,13735600.0
2004-11-05,14.47,14.6,13.97,14.11,12412000.0
2004-11-08,13.99,14.33,13.6,13.82,13856800.0
2004-11-09,13.76,14.21,13.61,13.98,12832800.0
2004-11-10,13.88,14.12,13.7,13.82,13882400.0
2004-11-11,14.0,14.32,13.89,14.23,14608400.0
2004-11-12,14.32,15.59,14.27,15.4,36869200.0
2004-11-15,15.22,15.34,14.78,15.02,25860800.0
2004-11-16,14.75,14.98,14.45,14.69,32679200.0
2004-11-17,14.91,15.27,14.76,15.02,24013600.0
2004-11-18,14.78,15.46,14.72,15.18,32271600.0
2004-11-19,15.71,15.98,15.12,15.42,48741200.0
2004-11-22,15.35,15.59,15.07,15.44,11400400.0
2004-11-23,15.51,15.88,15.3,15.67,18388800.0
2004-11-24,15.85,16.0,15.6,15.7,10756000.0
2004-11-26,15.54,15.96,15.52,15.77,2819600.0
2004-11-29,15.93,16.0,15.32,15.41,9760000.0
2004-11-30,15.62,16.19,15.5,16.03,18302000.0
2004-12-01,16.14,16.7,16.14,16.57,25598800.0
2004-12-02,16.6,17.22,16.55,16.89,20047600.0
2004-12-03,16.97,17.25,16.94,17.01,14078000.0
2004-12-06,17.13,17.25,16.76,17.07,8438800.0
2004-12-07,17.23,17.45,16.69,16.73,16088800.0
2004-12-08,16.72,17.0,16.41,17.0,12062400.0
2004-12-09,16.4,17.05,16.4,16.93,19371200.0
2004-12-10,16.93,17.18,16.75,16.81,6850000.0
2004-12-13,17.01,17.39,16.99,17.17,8452800.0
2004-12-14,17.17,17.49,17.14,17.44,8537200.0
2004-12-15,17.44,17.73,17.19,17.7,9272400.0
2004-12-16,17.64,17.97,17.36,17.61,13377600.0
2004-12-17,17.45,17.78,17.27,17.69,10288000.0
2004-12-20,17.69,17.94,17.17,17.3,12919600.0
2004-12-21,17.22,17.51,16.88,17.48,10998800.0
2004-12-22,17.41,17.51,17.07,17.3,8389600.0
2004-12-23,17.31,17.86,17.07,17.77,8982400.0
2004-12-27,17.89,17.9,17.41,17.52,5241600.0
2004-12-28,17.64,17.75,17.4,17.61,5860400.0
2004-12-29,17.51,17.75,17.49,17.62,4351200.0
2004-12-30,17.62,18.1,17.55,17.72,8111600.0
2004-12-31,17.75,17.95,17.62,17.74,4783200.0
2005-01-03,17.8,17.92,17.06,17.36,12418800.0
2005-01-04,17.14,17.44,16.12,16.39,20467600.0
2005-01-05,16.34,16.83,16.23,16.45,15476400.0
2005-01-06,16.54,16.77,16.44,16.52,14073200.0
2005-01-07,16.91,17.42,16.77,17.25,23436800.0
2005-01-10,17.17,17.38,17.02,17.15,10139200.0
2005-01-11,17.08,17.25,16.87,17.14,10984000.0
2005-01-12,17.21,17.38,16.78,17.28,9644400.0
2005-01-13,17.34,17.5,17.16,17.24,10127200.0
2005-01-14,17.35,17.75,17.29,17.44,10478400.0
2005-01-18,17.25,17.79,17.25,17.75,14534400.0
2005-01-19,17.75,17.75,17.0,17.04,10535200.0
2005-01-20,16.92,17.28,16.47,16.56,18076800.0
2005-01-21,16.58,16.69,15.77,15.94,33651600.0
2005-01-24,15.82,15.99,15.53,15.69,16445200.0
2005-01-25,15.73,16.25,15.73,16.04,14810400.0
2005-01-26,16.06,16.62,16.0,16.57,16895600.0
2005-01-27,16.57,16.7,16.28,16.62,10795600.0
2005-01-28,16.67,16.75,16.04,16.36,10962800.0
2005-01-31,16.58,16.94,16.5,16.73,9401600.0
2005-02-01,16.7,17.15,16.6,16.69,11169200.0
2005-02-02,16.85,16.9,16.33,16.52,10880400.0
2005-02-03,16.45,16.5,16.13,16.18,11434800.0
2005-02-04,16.34,17.08,16.34,17.07,14462000.0
2005-02-07,17.18,17.74,17.09,17.31,13568800.0
2005-02-08,17.33,17.87,17.32,17.8,15785200.0
2005-02-09,17.73,17.8,17.12,17.29,11310000.0
2005-02-10,17.4,17.7,17.1,17.26,15709200.0
2005-02-11,17.18,18.35,16.95,18.11,39772000.0
2005-02-14,18.22,18.6,18.12,18.42,18296400.0
2005-02-15,18.52,19.04,18.34,18.5,13302800.0
2005-02-16,18.49,18.69,18.11,18.23,15042400.0
2005-02-17,18.45,18.6,18.2,18.28,16388000.0
2005-02-18,18.19,18.72,18.15,18.58,13768000.0
2005-02-22,18.49,18.83,18.0,18.01,18511200.0
2005-02-23,18.2,18.23,17.84,17.99,12219200.0
2005-02-24,17.83,18.22,17.77,18.07,22853600.0
2005-02-25,18.6,18.83,18.01,18.75,24275200.0
2005-02-28,18.7,19.15,17.87,18.3,21362000.0
2005-03-01,18.34,18.88,18.28,18.73,14910400.0
2005-03-02,18.68,19.19,18.59,18.83,19252400.0
2005-03-03,19.01,19.12,18.4,18.62,11637600.0
2005-03-04,18.88,18.9,18.67,18.77,9490000.0
2005-03-07,18.69,19.45,18.69,19.13,17466800.0
2005-03-08,19.17,19.38,18.83,18.98,12956400.0
2005-03-09,19.11,19.31,18.67,18.75,11284400.0
2005-03-10,18.92,19.14,18.46,18.94,8875200.0
2005-03-11,19.05,19.25,18.25,18.46,15523600.0
2005-03-14,18.55,18.65,18.26,18.49,8706800.0
2005-03-15,18.56,18.68,18.0,18.07,14353200.0
2005-03-16,17.83,18.31,17.61,17.91,14972800.0
2005-03-17,17.81,18.08,17.78,17.88,8677200.0
2005-03-18,17.9,18.01,17.65,17.73,12964000.0
2005-03-21,17.78,18.06,17.67,17.86,9854400.0
2005-03-22,18.5,19.19,18.47,18.52,31876000.0
2005-03-23,18.69,19.12,18.52,18.57,20822000.0
2005-03-24,18.65,19.02,18.6,18.64,11272000.0
2005-03-28,18.74,19.0,18.67,18.79,12439600.0
2005-03-29,18.76,19.07,18.26,18.42,11929200.0
2005-03-30,18.52,18.95,18.47,18.94,8174000.0
2005-03-31,19.0,19.25,18.85,19.17,13330400.0
2005-04-01,19.27,19.33,18.67,18.84,13016800.0
2005-04-04,18.83,18.83,18.42,18.64,11916000.0
2005-04-05,18.64,18.88,18.33,18.47,9534400.0
2005-04-06,18.62,18.95,18.53,18.58,8028400.0
2005-04-07,18.53,18.91,18.51,18.85,9154400.0
2005-04-08,18.82,18.93,18.16,18.19,25174800.0
2005-04-11,18.24,18.34,17.42,17.73,37400400.0
2005-04-12,17.76,17.81,17.06,17.54,32518800.0
2005-04-13,17.44,17.84,17.27,17.42,12359600.0
2005-04-14,17.33,17.6,17.07,17.23,15533200.0
2005-04-15,16.9,17.1,16.31,16.46,24689600.0
2005-04-18,16.42,16.73,16.4,16.61,12230800.0
2005-04-19,16.83,17.16,16.82,17.01,16466000.0
2005-04-20,17.27,17.45,16.61,16.8,13806800.0
2005-04-21,17.25,17.42,17.08,17.35,10005200.0
2005-04-22,17.35,17.61,17.2,17.56,11368400.0
2005-04-25,17.65,17.84,17.34,17.61,9693600.0
2005-04-26,17.47,17.5,16.78,17.08,18562400.0
2005-04-27,16.88,17.1,16.73,16.83,12000400.0
2005-04-28,16.75,17.17,16.55,16.62,12832400.0
2005-04-29,16.78,16.99,16.09,16.71,20966400.0
2005-05-02,16.9,17.06,16.83,16.92,11538000.0
2005-05-03,16.85,17.17,16.46,16.58,20259600.0
2005-05-04,16.68,17.14,16.6,17.06,22521600.0
2005-05-05,17.03,17.25,16.73,16.88,13690400.0
2005-05-06,17.05,17.1,16.81,16.99,10704800.0
2005-05-09,17.0,17.2,16.73,17.18,13386000.0
2005-05-10,17.03,17.19,16.89,16.99,8970400.0
2005-05-11,17.09,17.3,16.88,17.17,12168400.0
2005-05-12,17.28,17.82,17.28,17.59,13428400.0
2005-05-13,17.93,18.49,17.84,18.27,19216800.0
2005-05-16,18.42,18.69,18.02,18.69,15988400.0
2005-05-17,18.65,19.09,18.52,19.07,16838000.0
2005-05-18,19.2,19.89,19.09,19.28,28121600.0
2005-05-19,19.24,19.64,18.98,19.26,23498000.0
2005-05-20,19.4,20.0,19.12,19.99,30245200.0
2005-05-23,19.94,20.24,19.87,19.9,20432000.0
2005-05-24,19.81,20.79,19.81,20.74,21969600.0
2005-05-25,20.62,20.68,20.05,20.3,16372400.0
2005-05-26,20.49,20.61,20.26,20.34,10664000.0
2005-05-27,20.4,20.42,20.09,20.23,6744800.0
2005-05-31,20.45,20.55,20.15,20.5,10009600.0
2005-06-01,20.42,20.65,20.06,20.25,14928000.0
2005-06-02,20.16,20.5,20.09,20.44,8431200.0
2005-06-03,20.49,20.5,20.05,20.06,8745200.0
2005-06-06,20.14,20.22,19.86,20.01,9046000.0
2005-06-07,20.06,20.5,19.76,19.84,13884400.0
2005-06-08,20.01,20.16,19.64,19.8,6951200.0
2005-06-09,19.88,20.45,19.65,20.45,13092400.0
2005-06-10,20.35,20.5,20.05,20.14,11214800.0
2005-06-13,20.18,20.23,19.85,20.05,6876000.0
2005-06-14,20.09,20.09,19.67,19.74,5950800.0
2005-06-15,19.34,19.68,19.17,19.65,18585200.0
2005-06-16,19.62,19.83,19.5,19.76,5465200.0
2005-06-17,19.94,19.94,19.27,19.5,17177600.0
2005-06-20,19.31,19.47,19.08,19.36,8660400.0
2005-06-21,19.3,19.8,19.3,19.73,9373600.0
2005-06-22,19.89,19.93,19.43,19.58,10000800.0
2005-06-23,19.65,20.42,19.65,19.74,17985200.0
2005-06-24,19.74,19.99,19.45,19.6,8616000.0
2005-06-27,19.58,19.67,19.31,19.38,8128800.0
2005-06-28,19.45,19.46,18.92,19.36,18725600.0
2005-06-29,19.31,19.38,18.98,19.22,9379600.0
2005-06-30,19.25,19.49,18.97,18.99,7516800.0
2005-07-01,19.08,19.11,18.66,19.0,7386400.0
2005-07-05,18.89,19.6,18.81,19.59,9984800.0
2005-07-06,19.5,20.0,19.45,19.85,10727200.0
2005-07-07,19.62,20.0,19.45,19.91,10736800.0
2005-07-08,20.01,20.11,19.72,19.95,9666000.0
2005-07-11,20.07,20.26,19.89,20.11,13656400.0
2005-07-12,20.12,20.38,20.0,20.34,12347600.0
2005-07-13,20.38,20.77,20.27,20.77,15932400.0
2005-07-14,20.89,21.08,20.56,21.02,16372800.0
2005-07-15,21.22,21.23,20.8,20.97,14134800.0
2005-07-18,20.9,21.0,20.74,20.92,7272000.0
2005-07-19,21.56,21.56,20.91,21.05,7396800.0
2005-07-20,20.84,21.17,20.54,21.16,12612400.0
2005-07-21,21.17,21.23,20.67,20.84,13846000.0
2005-07-22,21.23,22.08,21.17,21.41,21104000.0
2005-07-25,21.5,21.65,21.23,21.47,13021600.0
2005-07-26,21.61,21.86,21.49,21.77,12086800.0
2005-07-27,21.51,22.27,21.35,22.19,12887600.0
2005-07-28,22.12,22.17,21.84,22.07,8985600.0
2005-07-29,22.06,22.11,21.79,21.84,5489600.0
2005-08-01,21.93,22.53,21.9,22.5,10873600.0
2005-08-02,22.4,22.84,22.28,22.42,14852800.0
2005-08-03,22.4,22.42,22.05,22.33,9168800.0
2005-08-04,22.1,22.12,21.41,21.53,12974800.0
2005-08-05,21.51,21.7,21.18,21.58,6968400.0
2005-08-08,21.65,21.8,21.35,21.38,5902000.0
2005-08-09,21.52,22.33,21.5,22.11,15242800.0
2005-08-10,22.1,22.38,21.6,21.66,10122000.0
2005-08-11,21.7,22.06,21.63,22.04,10294800.0
2005-08-12,21.87,22.33,21.52,22.33,14371200.0
2005-08-15,22.2,22.57,22.17,22.53,7464400.0
2005-08-16,22.46,22.5,21.8,21.94,11542400.0
2005-08-17,22.0,22.12,21.62,21.73,15571600.0
2005-08-18,21.79,21.99,21.45,21.99,16756400.0
2005-08-19,22.48,22.73,22.0,22.1,25053600.0
2005-08-22,22.56,22.92,22.3,22.9,20465600.0
2005-08-23,23.02,23.46,23.0,23.36,20083200.0
2005-08-24,23.27,23.65,23.08,23.14,14314000.0
2005-08-25,23.3,23.33,23.03,23.21,7470400.0
2005-08-26,23.25,23.25,22.53,22.68,12771200.0
2005-08-29,22.56,23.24,22.47,23.2,11606000.0
2005-08-30,23.0,23.55,22.92,23.53,16884400.0
2005-08-31,23.55,23.62,23.23,23.59,13996800.0
2005-09-01,23.55,23.75,23.14,23.18,11246800.0
2005-09-02,23.28,23.28,22.98,23.21,8092800.0
2005-09-06,23.33,23.39,22.85,23.19,11410800.0
2005-09-07,23.22,23.28,22.84,23.23,11818000.0
2005-09-08,23.25,23.77,23.07,23.69,11841600.0
2005-09-09,23.8,23.98,23.7,23.95,15541600.0
2005-09-12,23.98,24.1,23.67,23.82,8556000.0
2005-09-13,23.73,23.75,23.19,23.33,16079200.0
2005-09-14,23.25,23.42,22.67,22.78,13740400.0
2005-09-15,22.77,23.05,22.44,22.6,12878800.0
2005-09-16,22.55,23.58,22.48,23.57,25493600.0
2005-09-19,23.5,23.75,23.0,23.1,12774000.0
2005-09-20,23.29,23.35,22.75,22.76,8942000.0
2005-09-21,23.0,23.0,22.52,22.61,10240400.0
2005-09-22,22.69,22.74,21.45,21.75,28173600.0
2005-09-23,21.8,22.36,21.66,22.3,16428800.0
2005-09-26,22.56,22.94,22.15,22.24,19345600.0
2005-09-27,22.34,22.35,21.73,21.89,11388800.0
2005-09-28,22.0,22.47,21.96,22.33,11900800.0
2005-09-29,22.29,22.3,21.92,22.08,12938400.0
2005-09-30,22.18,23.16,22.09,23.06,19604400.0
2005-10-03,23.0,23.39,22.95,23.05,11901600.0
2005-10-04,23.18,23.77,22.96,23.0,13963200.0
2005-10-05,23.12,23.18,22.22,22.39,16194000.0
2005-10-06,22.47,22.47,21.66,21.92,18126400.0
2005-10-07,22.0,22.34,21.67,21.96,10392800.0
2005-10-10,22.0,22.1,21.5,21.62,10837200.0
2005-10-11,21.63,21.87,20.93,21.35,18875200.0
2005-10-12,21.13,21.43,20.9,21.03,18853600.0
2005-10-13,21.15,21.83,20.76,21.72,13838000.0
2005-10-14,21.72,21.88,21.5,21.77,10999600.0
2005-10-17,21.77,22.07,21.63,22.05,7880800.0
2005-10-18,22.02,22.2,21.83,21.98,9460400.0
2005-10-19,21.92,22.5,21.43,22.5,19116400.0
2005-10-20,22.62,23.0,22.36,22.57,11453600.0
2005-10-21,22.99,22.99,22.53,22.76,12744800.0
2005-10-24,22.69,23.32,22.54,23.32,11730400.0
2005-10-25,23.23,23.57,22.98,23.18,12039200.0
2005-10-26,23.07,23.45,22.7,22.75,10388800.0
2005-10-27,22.77,22.82,21.75,21.75,13166400.0
2005-10-28,21.9,22.28,20.81,22.2,24798000.0
2005-10-31,22.48,23.32,22.47,23.2,17629200.0
2005-11-01,23.15,23.19,22.74,22.81,9064000.0
2005-11-02,22.85,23.66,22.84,23.55,11646800.0
2005-11-03,23.8,25.06,23.77,23.97,22932400.0
2005-11-04,24.12,24.48,23.93,24.4,9879600.0
2005-11-07,24.61,24.73,24.4,24.45,7532400.0
2005-11-08,24.36,24.65,24.23,24.52,7360400.0
2005-11-09,24.29,24.77,24.17,24.73,10701200.0
2005-11-10,24.77,25.46,24.29,25.44,16528000.0
2005-11-11,25.49,25.59,24.75,24.89,10230800.0
2005-11-14,24.95,25.17,24.76,24.88,7152000.0
2005-11-15,24.99,25.01,24.56,24.72,8379200.0
2005-11-16,24.83,24.94,24.51,24.76,8210800.0
2005-11-17,25.0,25.5,24.44,25.25,19277200.0
2005-11-18,26.85,29.41,26.7,28.52,94542400.0
2005-11-21,28.43,28.55,28.0,28.27,18480400.0
2005-11-22,28.3,28.52,28.05,28.34,12579200.0
2005-11-23,28.35,28.51,27.75,27.87,9281600.0
2005-11-25,27.95,28.17,27.72,28.14,3706400.0
2005-11-28,28.3,28.62,28.19,28.47,14050400.0
2005-11-29,28.65,28.74,27.33,27.39,18668800.0
2005-11-30,27.44,28.22,27.1,27.77,28712800.0
2005-12-01,28.11,29.12,28.07,29.09,21647200.0
2005-12-02,29.25,29.72,29.03,29.41,18334800.0
2005-12-05,29.43,29.64,29.03,29.56,17932000.0
2005-12-06,29.72,30.0,29.36,29.47,19623200.0
2005-12-07,29.5,29.7,28.83,28.95,12675600.0
2005-12-08,29.23,29.31,28.5,28.75,12264800.0
2005-12-09,28.75,30.0,28.75,29.95,16337200.0
2005-12-12,30.08,30.29,29.58,29.98,10888400.0
2005-12-13,29.9,30.09,29.63,29.66,10776800.0
2005-12-14,29.79,30.49,29.12,29.69,15764800.0
2005-12-15,29.7,29.93,29.36,29.41,7708400.0
2005-12-16,29.56,30.04,29.25,29.81,14740800.0
2005-12-19,30.0,30.24,28.99,29.03,15156000.0
2005-12-20,29.13,29.66,28.56,29.48,12582000.0
2005-12-21,28.69,28.89,27.56,27.71,52348800.0
2005-12-22,27.89,28.49,27.64,28.37,18594400.0
2005-12-23,28.34,28.82,28.34,28.47,8112000.0
2005-12-27,28.69,28.9,27.85,28.11,8858800.0
2005-12-28,28.27,28.48,27.47,28.36,10522400.0
2005-12-29,28.38,28.64,28.25,28.31,7440800.0
2005-12-30,28.29,28.29,27.65,28.05,7789200.0
2006-01-03,14.18,14.62,13.78,14.54,17558392.0
2006-01-04,14.56,14.73,14.37,14.45,13388912.0
2006-01-05,14.56,15.05,14.49,15.04,17197460.0
2006-01-06,15.13,15.47,14.87,15.35,18194868.0
2006-01-09,15.49,15.65,15.38,15.52,18054756.0
2006-01-10,15.73,16.25,15.57,16.25,35990176.0
2006-01-11,16.38,16.84,16.37,16.71,37692496.0
2006-01-12,16.67,16.67,15.94,15.98,25622656.0
2006-01-13,16.01,16.16,15.58,16.11,22799564.0
2006-01-17,16.06,16.06,15.65,15.74,14206968.0
2006-01-18,15.38,16.07,15.24,15.99,23814224.0
2006-01-19,16.42,16.55,16.24,16.27,17887128.0
2006-01-20,16.24,16.36,15.55,15.6,18027932.0
2006-01-23,15.75,15.99,15.6,15.74,16393816.0
2006-01-24,15.84,16.34,15.84,16.31,15035180.0
2006-01-25,16.52,16.53,15.87,16.07,13380684.0
2006-01-26,16.32,16.67,16.07,16.52,15252760.0
2006-01-27,17.4,18.42,17.3,17.66,44894824.0
2006-01-30,17.41,17.57,17.02,17.22,17388732.0
2006-01-31,17.33,17.47,16.93,17.1,16980944.0
2006-02-01,16.95,17.06,16.73,16.92,18655792.0
2006-02-02,16.97,17.35,16.78,16.98,18742636.0
2006-02-03,17.0,17.01,16.5,16.6,19837932.0
2006-02-06,16.77,17.12,16.67,17.0,13807512.0
2006-02-07,16.98,17.24,16.57,16.74,17974676.0
2006-02-08,16.92,16.97,16.53,16.93,15203104.0
2006-02-09,16.98,17.4,16.92,17.18,19974768.0
2006-02-10,17.08,17.23,16.42,16.78,20419744.0
2006-02-13,16.68,16.83,15.75,15.83,32048120.0
2006-02-14,15.9,16.15,15.35,16.06,34030640.0
2006-02-15,16.08,16.28,15.79,15.99,17742344.0
2006-02-16,16.06,16.46,16.05,16.37,15923080.0
2006-02-17,16.41,16.42,15.93,15.93,15607520.0
2006-02-21,15.97,16.0,15.36,15.57,28650580.0
2006-02-22,15.5,16.09,15.26,16.08,22768316.0
2006-02-23,16.11,16.14,15.66,15.7,40487548.0
2006-02-24,15.81,16.04,15.39,15.57,57295664.0
2006-02-27,15.7,15.8,15.52,15.6,14724880.0
2006-02-28,15.6,15.8,15.27,15.31,16619476.0
2006-03-01,15.34,16.32,15.27,16.3,32411204.0
2006-03-02,16.25,16.56,15.99,16.2,32844648.0
2006-03-03,16.12,16.45,15.99,15.99,19403552.0
2006-03-06,16.03,16.17,15.51,15.58,18555388.0
2006-03-07,15.48,15.49,14.54,14.74,39772944.0
2006-03-08,14.69,15.02,14.42,14.85,25989816.0
2006-03-09,14.98,15.14,14.59,14.65,20335624.0
2006-03-10,14.75,14.9,14.2,14.28,19411868.0
2006-03-13,14.41,14.62,14.09,14.24,22236908.0
2006-03-14,14.31,14.69,14.18,14.68,21458628.0
2006-03-15,14.75,14.89,14.34,14.47,21560136.0
2006-03-16,14.6,14.73,13.81,13.81,28450428.0
2006-03-17,13.7,13.87,13.4,13.55,41327428.0
2006-03-20,13.61,14.12,13.61,13.97,26405820.0
2006-03-21,13.82,14.34,13.62,13.67,26570320.0
2006-03-22,13.56,13.88,13.4,13.65,38283292.0
2006-03-23,13.76,14.23,13.7,14.19,38247172.0
2006-03-24,14.11,14.44,14.09,14.44,22542592.0
2006-03-27,14.36,14.54,14.27,14.31,13754396.0
2006-03-28,14.32,14.35,13.63,13.69,22076948.0
2006-03-29,13.77,13.99,13.59,13.85,29734612.0
2006-03-30,13.94,14.05,13.65,13.74,20474528.0
2006-03-31,13.77,13.82,13.46,13.52,17267372.0
2006-04-03,13.65,14.16,13.62,13.93,24060296.0
2006-04-04,14.01,14.29,13.74,13.77,27573844.0
2006-04-05,13.74,14.52,13.73,14.49,34389460.0
2006-04-06,14.64,15.11,14.56,15.05,44556492.0
2006-04-07,15.02,15.14,14.74,14.94,32418568.0
2006-04-10,15.01,15.15,14.54,14.58,17267628.0
2006-04-11,14.59,14.71,14.04,14.12,24810772.0
2006-04-12,14.11,14.32,13.98,14.12,14918668.0
2006-04-13,14.18,14.61,14.14,14.39,15702256.0
2006-04-17,14.48,14.66,14.16,14.19,17732812.0
2006-04-18,14.28,14.84,14.24,14.78,19387272.0
2006-04-19,14.82,15.28,14.55,15.22,26534292.0
2006-04-20,15.28,15.57,15.08,15.24,26058752.0
2006-04-21,15.11,15.18,14.33,14.4,35906676.0
2006-04-24,14.44,14.46,13.87,14.12,22604768.0
2006-04-25,14.19,14.22,13.9,13.98,18981196.0
2006-04-26,14.04,14.14,13.69,13.84,13948164.0
2006-04-27,13.69,14.28,13.6,14.05,30037868.0
2006-04-28,14.13,14.5,14.05,14.27,16204424.0
2006-05-01,14.28,14.38,13.81,13.94,23458288.0
2006-05-02,14.04,14.06,13.6,13.72,21151544.0
2006-05-03,13.73,13.95,13.62,13.94,22468524.0
2006-05-04,13.94,14.37,13.9,14.26,21388240.0
2006-05-05,14.6,14.77,14.4,14.48,21154984.0
2006-05-08,14.43,14.45,14.01,14.28,18749484.0
2006-05-09,14.23,14.34,13.88,14.18,21395336.0
2006-05-10,14.09,14.36,13.97,14.0,15825596.0
2006-05-11,14.01,14.01,13.48,13.6,28702384.0
2006-05-12,13.51,13.97,13.19,13.69,42785960.0
2006-05-15,13.57,13.91,12.84,13.02,39095512.0
2006-05-16,13.12,13.25,12.53,12.56,39164020.0
2006-05-17,12.55,12.75,12.19,12.59,45081584.0
2006-05-18,12.73,12.75,12.39,12.43,38106940.0
2006-05-19,13.38,14.14,13.23,14.06,77557660.0
2006-05-22,13.85,13.97,12.9,13.25,57036480.0
2006-05-23,13.31,13.41,12.6,13.05,59681076.0
2006-05-24,13.01,13.42,12.65,12.81,42039960.0
2006-05-25,12.99,13.0,12.32,12.4,39930376.0
2006-05-26,12.51,12.72,12.18,12.4,27634344.0
2006-05-30,12.34,12.35,11.7,11.7,35136844.0
2006-05-31,11.82,12.06,11.75,11.91,37703116.0
2006-06-01,11.91,12.4,11.81,12.4,28163288.0
2006-06-02,12.6,12.75,12.41,12.55,29536932.0
2006-06-05,12.56,12.7,12.25,12.32,22630636.0
2006-06-06,12.33,12.45,12.08,12.11,29109540.0
2006-06-07,12.17,12.29,11.86,11.94,22544772.0
2006-06-08,11.86,11.91,11.36,11.77,29153296.0
2006-06-09,11.98,12.32,11.77,11.88,20108400.0
2006-06-12,11.97,12.16,11.69,11.7,18244928.0
2006-06-13,11.64,12.11,11.56,11.71,30761692.0
2006-06-14,11.86,12.24,11.84,12.18,25751052.0
2006-06-15,12.29,13.14,12.28,13.05,33858956.0
2006-06-16,13.01,13.27,12.69,13.15,30926096.0
2006-06-19,13.27,13.37,13.06,13.11,22271856.0
2006-06-20,13.15,13.15,12.53,12.61,20148028.0
2006-06-21,12.65,13.08,12.49,12.79,21534196.0
2006-06-22,12.75,13.06,12.6,12.9,17234028.0
2006-06-23,12.86,13.07,12.73,12.85,10362036.0
2006-06-26,12.85,13.03,12.81,12.98,6834768.0
2006-06-27,11.64,11.88,10.78,11.03,163416008.0
2006-06-28,10.97,10.97,10.41,10.58,95965144.0
2006-06-29,10.65,11.28,10.65,11.26,49513500.0
2006-06-30,11.27,11.29,11.02,11.08,26214248.0
2006-07-03,11.14,11.31,11.06,11.21,6427312.0
2006-07-05,10.78,10.78,10.23,10.32,54701724.0
2006-07-06,10.27,10.72,10.14,10.31,31816168.0
2006-07-07,10.33,10.7,10.23,10.43,28072164.0
2006-07-10,10.49,10.62,9.77,9.84,32487752.0
2006-07-11,9.8,10.3,9.69,10.23,27401480.0
2006-07-12,10.2,10.2,9.93,10.11,23004696.0
2006-07-13,9.99,10.08,9.73,9.73,38837096.0
2006-07-14,9.81,9.97,9.37,9.51,32017200.0
2006-07-17,9.55,9.72,9.44,9.58,17059812.0
2006-07-18,9.53,9.66,8.78,9.16,57924680.0
2006-07-19,9.1,9.36,8.98,9.33,55189268.0
2006-07-20,9.4,9.5,9.12,9.13,27388248.0
2006-07-21,8.82,8.85,8.35,8.44,47931996.0
2006-07-24,8.45,8.62,8.35,8.56,22158248.0
2006-07-25,17.28,17.7,17.12,17.33,10202747.0
2006-07-26,17.27,17.5,16.79,17.34,9385431.0
2006-07-27,17.58,18.2,17.4,17.88,8877628.0
2006-07-28,18.26,18.48,18.06,18.31,7597085.0
2006-07-31,18.38,18.9,18.2,18.55,6907665.0
2006-08-01,18.41,18.47,17.64,18.03,9850481.0
2006-08-02,18.09,18.64,18.03,18.46,5202667.0
2006-08-03,18.09,18.87,18.08,18.34,7612535.0
2006-08-04,18.71,18.98,18.25,18.53,6288827.0
2006-08-07,18.5,18.7,17.76,18.0,9423012.0
2006-08-08,17.94,18.27,17.25,17.35,13384093.0
2006-08-09,17.77,18.29,17.55,17.65,11412600.0
2006-08-10,17.6,18.17,17.37,18.0,7008252.0
2006-08-11,18.25,18.29,17.48,17.59,5147164.0
2006-08-14,17.84,18.15,17.48,17.48,5934429.0
2006-08-15,17.93,18.8,17.86,18.62,11900356.0
2006-08-16,18.93,20.85,18.73,20.66,23772764.0
2006-08-17,20.0,21.25,20.0,20.48,23419106.0
2006-08-18,18.73,19.39,18.53,19.05,37853261.0
2006-08-21,18.86,18.87,18.4,18.63,7541670.0
2006-08-22,18.53,18.79,17.92,18.02,9572038.0
2006-08-23,18.16,18.56,17.52,17.59,10729021.0
2006-08-24,17.8,17.8,17.3,17.52,7829333.0
2006-08-25,17.56,17.75,17.28,17.32,7766542.0
2006-08-28,17.42,17.58,17.31,17.53,5502185.0
2006-08-29,17.58,17.74,17.29,17.59,8804870.0
2006-08-30,17.56,17.89,17.44,17.76,11736837.0
2006-08-31,17.78,17.8,17.33,17.51,9984824.0
2006-09-01,17.68,17.84,17.33,17.78,8170822.0
2006-09-05,17.9,18.57,17.43,18.53,12082787.0
2006-09-06,18.75,19.25,17.85,17.87,26972354.0
2006-09-07,17.7,18.35,17.58,18.0,12565494.0
2006-09-08,18.11,18.16,17.71,17.78,6424793.0
2006-09-11,17.64,18.11,17.39,17.79,8889162.0
2006-09-12,17.94,19.36,17.9,19.35,16545601.0
2006-09-13,18.96,19.59,18.7,18.92,13945967.0
2006-09-14,18.9,19.92,18.82,19.53,19159528.0
2006-09-15,19.9,20.6,19.56,19.99,24525226.0
2006-09-18,20.07,20.97,19.98,20.85,18518399.0
2006-09-19,21.1,21.12,19.81,20.34,16352254.0
2006-09-20,20.63,20.67,19.94,20.39,11382495.0
2006-09-21,20.48,20.49,19.17,19.31,19385180.0
2006-09-22,19.32,19.43,18.75,18.87,17723878.0
2006-09-25,19.2,19.5,18.82,19.29,14538276.0
2006-09-26,19.27,19.44,18.8,18.83,12691191.0
2006-09-27,19.0,20.1,18.87,19.67,21794187.0
2006-09-28,19.77,20.03,19.5,19.67,12688543.0
2006-09-29,19.86,20.1,19.34,19.37,14238840.0
2006-10-02,19.49,19.7,19.07,19.09,17026541.0
2006-10-03,16.25,17.15,15.91,16.8,80503070.0
2006-10-04,16.68,16.75,16.07,16.41,31798594.0
2006-10-05,16.43,16.96,16.29,16.91,18080850.0
2006-10-06,16.75,17.24,16.62,17.01,11268280.0
2006-10-09,17.0,17.44,16.9,17.09,9032908.0
2006-10-10,17.24,17.35,16.89,17.26,9373234.0
2006-10-11,17.13,17.94,17.09,17.61,11894940.0
2006-10-12,17.81,17.85,17.33,17.42,10742439.0
2006-10-13,17.45,17.47,17.19,17.3,8679264.0
2006-10-16,17.54,18.24,17.46,17.95,13138933.0
2006-10-17,17.8,17.88,17.35,17.49,11282722.0
2006-10-18,17.8,17.82,16.91,16.99,14818684.0
2006-10-19,16.98,17.15,16.75,16.92,15148466.0
2006-10-20,17.0,17.37,16.62,17.09,11383423.0
2006-10-23,16.97,17.01,16.27,16.37,17358447.0
2006-10-24,16.46,16.6,16.2,16.32,12579222.0
2006-10-25,16.52,16.8,16.39,16.49,13408530.0
2006-10-26,16.67,17.0,16.54,16.88,19408680.0
2006-10-27,16.96,17.92,16.93,17.65,29082164.0
2006-10-30,17.8,17.83,17.27,17.57,8924335.0
2006-10-31,17.69,18.4,17.62,18.28,19087360.0
2006-11-01,18.42,18.68,17.82,17.86,15059003.0
2006-11-02,17.71,18.44,17.69,18.34,15297060.0
2006-11-03,18.75,18.87,18.3,18.36,13238858.0
2006-11-06,18.65,18.8,18.37,18.69,8930694.0
2006-11-07,18.69,19.44,18.68,19.25,16843696.0
2006-11-08,18.97,19.39,18.8,19.15,8935730.0
2006-11-09,19.58,19.64,18.11,18.21,19567009.0
2006-11-10,18.39,18.82,18.22,18.8,8482837.0
2006-11-13,18.98,19.48,18.86,19.32,10710928.0
2006-11-14,19.41,19.8,18.95,19.73,11131480.0
2006-11-15,19.85,20.16,19.55,19.67,14780288.0
2006-11-16,19.75,19.75,19.28,19.62,19789266.0
2006-11-17,18.54,19.5,18.3,19.05,28332721.0
2006-11-20,19.49,20.94,19.3,20.86,30398506.0
2006-11-21,21.23,21.35,20.18,20.35,24818155.0
2006-11-22,20.5,20.97,20.05,20.81,14555217.0
2006-11-24,20.5,20.94,20.4,20.61,4667354.0
2006-11-27,20.58,20.95,20.06,20.08,13134868.0
2006-11-28,19.93,20.34,19.53,20.2,17322699.0
2006-11-29,20.67,20.86,20.1,20.3,13045004.0
2006-11-30,20.52,20.9,20.15,20.61,13134267.0
2006-12-01,20.56,20.7,19.93,20.2,13424081.0
2006-12-04,20.3,20.7,20.05,20.45,8870021.0
2006-12-05,20.6,20.85,20.46,20.54,8530413.0
2006-12-06,20.8,21.6,20.66,21.24,17380957.0
2006-12-07,21.44,21.85,20.78,20.87,18460557.0
2006-12-08,20.6,21.05,20.37,20.71,11806036.0
2006-12-11,20.7,20.98,20.47,20.54,7610069.0
2006-12-12,20.5,20.64,19.96,20.17,12620763.0
2006-12-13,20.39,20.39,19.72,19.79,16354848.0
2006-12-14,19.85,20.28,19.8,20.12,8743295.0
2006-12-15,20.34,20.4,19.81,20.01,10348808.0
2006-12-18,20.09,20.25,19.54,19.69,9591672.0
2006-12-19,19.6,20.06,19.35,19.97,9742595.0
2006-12-20,20.1,20.18,19.7,19.79,7422491.0
2006-12-21,19.7,19.97,19.2,19.4,7982210.0
2006-12-22,19.51,19.77,19.22,19.3,5379175.0
2006-12-26,19.38,19.48,19.27,19.33,3518517.0
2006-12-27,19.55,19.6,19.21,19.27,4914332.0
2006-12-28,19.19,19.35,19.1,19.15,5159114.0
2006-12-29,19.15,19.51,19.13,19.19,4977785.0
2007-01-03,19.4,20.1,19.18,19.54,12819910.0
2007-01-04,19.57,20.11,19.2,19.95,13384443.0
2007-01-05,19.52,19.58,19.17,19.41,12776991.0
2007-01-08,19.36,19.73,19.25,19.38,7557958.0
2007-01-09,19.56,19.97,19.2,19.73,17781109.0
2007-01-10,19.75,21.1,19.65,20.88,28507922.0
2007-01-11,20.81,21.05,20.14,20.7,24544793.0
2007-01-12,20.29,20.75,20.17,20.39,13828931.0
2007-01-16,20.3,20.57,19.8,19.9,13090356.0
2007-01-17,19.81,20.04,19.52,19.6,10721552.0
2007-01-18,19.4,19.5,18.6,18.76,17926201.0
2007-01-19,18.57,19.0,18.42,18.45,13631212.0
2007-01-22,18.54,18.55,17.92,18.3,14233677.0
2007-01-23,18.2,18.64,18.15,18.35,11030768.0
2007-01-24,18.74,19.45,18.54,19.35,14822844.0
2007-01-25,19.4,19.84,18.8,18.95,16176074.0
2007-01-26,18.96,19.27,18.49,19.02,11891931.0
2007-01-29,18.93,19.05,18.6,19.04,9492587.0
2007-01-30,19.16,19.16,18.75,18.79,5271889.0
2007-01-31,18.77,18.84,18.14,18.29,18321289.0
2007-02-01,18.4,18.45,17.9,18.35,24954631.0
2007-02-02,18.38,18.71,18.32,18.46,9972039.0
2007-02-05,18.21,18.49,17.95,18.19,14199386.0
2007-02-06,18.21,18.4,18.0,18.38,13247186.0
2007-02-07,18.75,18.95,18.43,18.8,18898886.0
2007-02-08,18.78,18.8,18.46,18.55,9622231.0
2007-02-09,18.87,19.2,18.26,18.31,16350941.0
2007-02-12,18.35,18.41,17.86,17.91,13736698.0
2007-02-13,18.11,18.31,17.92,18.26,15548551.0
2007-02-14,18.38,18.69,18.35,18.49,13527635.0
2007-02-15,18.46,19.39,18.41,19.35,20367988.0
2007-02-16,19.27,19.86,19.17,19.81,18044253.0
2007-02-20,19.77,20.02,19.4,19.83,11525155.0
2007-02-21,19.84,20.05,19.5,19.96,13531320.0
2007-02-22,20.19,20.43,19.92,20.18,13778652.0
2007-02-23,20.05,20.32,19.85,20.08,12345996.0
2007-02-26,19.92,20.05,19.58,19.86,16900617.0
2007-02-27,20.33,21.2,20.21,20.46,40888183.0
2007-02-28,20.3,20.68,20.03,20.52,17248914.0
2007-03-01,20.12,20.84,20.0,20.4,17027056.0
2007-03-02,20.35,20.5,19.8,19.83,13180541.0
2007-03-05,19.25,19.64,19.06,19.09,13428877.0
2007-03-06,19.28,19.4,19.03,19.24,13558422.0
2007-03-07,19.18,19.45,18.93,19.03,8221489.0
2007-03-08,19.37,19.45,18.75,18.78,14808392.0
2007-03-09,19.01,19.08,18.5,18.64,9684897.0
2007-03-12,18.66,19.08,18.6,18.86,7872254.0
2007-03-13,18.3,18.44,17.82,17.84,16882908.0
2007-03-14,17.85,18.02,17.34,17.97,17504513.0
2007-03-15,17.98,18.31,17.95,18.13,12047614.0
2007-03-16,18.06,18.21,17.64,17.79,8436883.0
2007-03-19,17.96,18.05,17.34,17.46,10447810.0
2007-03-20,17.5,18.05,17.4,17.93,11683755.0
2007-03-21,17.97,18.08,17.68,18.07,8265657.0
2007-03-22,18.1,18.25,17.79,18.08,8885148.0
2007-03-23,18.05,18.37,18.05,18.2,6602930.0
2007-03-26,18.09,18.17,17.67,18.0,8546541.0
2007-03-27,17.92,18.1,17.65,17.67,7006006.0
2007-03-28,17.6,17.64,17.02,17.09,16874214.0
2007-03-29,17.22,17.25,16.7,16.77,13420651.0
2007-03-30,16.91,17.15,16.74,16.81,11153019.0
2007-04-02,16.77,16.86,16.42,16.68,8993169.0
2007-04-03,16.69,16.77,16.42,16.58,12658986.0
2007-04-04,16.68,17.1,16.6,16.85,8962985.0
2007-04-05,16.91,17.25,16.89,17.18,7005945.0
2007-04-09,17.32,17.35,16.97,17.0,7209365.0
2007-04-10,16.92,17.07,16.66,16.95,5856219.0
2007-04-11,16.97,17.1,16.8,16.89,6398404.0
2007-04-12,16.83,17.01,16.77,16.91,5754223.0
2007-04-13,16.95,16.97,16.71,16.83,5996254.0
2007-04-16,16.86,17.02,16.72,16.79,6266645.0
2007-04-17,16.8,17.1,16.63,17.06,7886988.0
2007-04-18,16.98,17.48,16.85,17.18,9124999.0
2007-04-19,17.03,17.64,16.91,17.35,7015109.0
2007-04-20,17.68,17.69,17.08,17.34,9862398.0
2007-04-23,17.25,17.3,16.6,16.67,13019582.0
2007-04-24,16.85,17.07,16.51,16.94,13172895.0
2007-04-25,16.81,16.92,16.6,16.75,14752389.0
2007-04-26,16.75,16.91,16.65,16.7,18588317.0
2007-04-27,16.46,16.51,16.04,16.28,26177852.0
2007-04-30,16.26,16.4,16.0,16.14,17520272.0
2007-05-01,16.18,16.51,15.98,16.38,15310381.0
2007-05-02,16.4,16.67,16.25,16.53,8076952.0
2007-05-03,16.44,17.36,16.26,17.1,19776338.0
2007-05-04,17.28,17.71,17.03,17.6,18022508.0
2007-05-07,18.3,18.46,17.69,17.8,19382276.0
2007-05-08,18.0,18.01,17.52,17.74,8009368.0
2007-05-09,17.55,17.76,17.43,17.72,10543241.0
2007-05-10,17.88,18.18,17.23,17.35,11604823.0
2007-05-11,17.42,17.64,17.32,17.52,4748159.0
2007-05-14,17.59,17.71,17.15,17.2,6245526.0
2007-05-15,17.23,17.47,16.88,16.96,9744989.0
2007-05-16,17.03,17.11,16.7,17.04,10790716.0
2007-05-17,17.22,17.25,16.84,17.0,12499580.0
2007-05-18,17.3,17.44,16.45,16.51,21501632.0
2007-05-21,16.55,16.63,16.3,16.37,15506137.0
2007-05-22,16.45,16.49,16.26,16.3,8308480.0
2007-05-23,16.31,16.34,16.0,16.02,12273184.0
2007-05-24,15.9,15.9,15.28,15.5,34872284.0
2007-05-25,15.57,15.69,15.25,15.51,16132832.0
2007-05-29,15.78,16.12,15.75,15.93,13758637.0
2007-05-30,15.79,15.79,15.47,15.57,13317458.0
2007-05-31,15.55,15.79,15.36,15.7,13929475.0
2007-06-01,15.81,16.34,15.75,16.24,16136977.0
2007-06-04,16.08,16.39,15.95,16.04,8139860.0
2007-06-05,16.02,16.26,15.77,16.26,12534178.0
2007-06-06,16.12,16.35,15.77,15.81,13301335.0
2007-06-07,15.82,16.2,15.75,15.89,13445465.0
2007-06-08,15.92,16.46,15.8,16.45,14264991.0
2007-06-11,16.34,16.68,16.33,16.37,9354066.0
2007-06-12,16.25,16.93,16.13,16.71,17087078.0
2007-06-13,16.88,17.18,16.68,17.05,13931854.0
2007-06-14,17.11,17.3,16.89,16.97,12348219.0
2007-06-15,17.21,17.27,16.88,17.05,12540839.0
2007-06-18,17.13,17.17,16.91,17.09,7326779.0
2007-06-19,16.92,17.67,16.75,17.64,17335007.0
2007-06-20,17.65,17.76,17.36,17.36,9563297.0
2007-06-21,17.35,17.87,17.27,17.76,14969042.0
2007-06-22,17.71,18.0,17.4,18.0,46177966.0
2007-06-25,17.89,17.96,17.03,17.11,19319319.0
2007-06-26,17.35,17.41,16.92,17.31,17125962.0
2007-06-27,17.26,17.65,17.09,17.51,14606909.0
2007-06-28,17.48,17.53,17.14,17.21,13340340.0
2007-06-29,17.66,18.45,17.54,18.21,28053731.0
2007-07-02,17.96,18.2,17.73,18.08,15097236.0
2007-07-03,18.31,18.88,18.27,18.32,14446243.0
2007-07-05,18.39,18.61,18.06,18.22,13768717.0
2007-07-06,18.25,18.33,17.91,18.22,14791579.0
2007-07-09,18.17,18.3,18.02,18.2,8991479.0
2007-07-10,18.0,19.1,17.94,18.47,21779917.0
2007-07-11,18.4,18.4,17.81,17.92,20114451.0
2007-07-12,18.07,18.49,17.75,18.44,15349032.0
2007-07-13,18.45,18.77,18.33,18.58,18878894.0
2007-07-16,18.97,19.0,18.57,18.63,13250486.0
2007-07-17,18.74,19.69,18.73,19.4,21472443.0
2007-07-18,19.15,19.36,18.91,19.04,14318102.0
2007-07-19,19.25,19.6,19.07,19.51,29823417.0
2007-07-20,19.79,20.04,19.49,19.64,22249599.0
2007-07-23,19.77,19.9,19.22,19.26,16245856.0
2007-07-24,19.1,19.23,18.58,18.82,16592725.0
2007-07-25,18.95,19.02,18.5,18.79,11822038.0
2007-07-26,18.6,19.26,18.5,18.59,19657457.0
2007-07-27,18.58,19.17,18.55,18.58,20449101.0
2007-07-30,18.66,18.99,18.58,18.89,8786146.0
2007-07-31,19.06,19.08,17.8,18.0,25907998.0
2007-08-01,18.0,18.01,17.2,17.54,23268888.0
2007-08-02,17.36,17.51,16.6,17.32,22846007.0
2007-08-03,17.54,17.58,16.86,16.86,12780679.0
2007-08-06,16.86,17.09,16.29,17.01,12635319.0
2007-08-07,16.98,17.18,16.38,17.09,13784426.0
2007-08-08,17.24,17.95,17.18,17.6,12792766.0
2007-08-09,17.25,17.93,16.98,17.58,13384192.0
2007-08-10,17.57,17.8,17.0,17.56,10905756.0
2007-08-13,17.63,17.69,17.19,17.46,9013311.0
2007-08-14,17.5,17.78,17.34,17.38,9279304.0
2007-08-15,17.28,17.54,16.87,16.94,9189475.0
2007-08-16,17.07,17.14,16.16,16.44,17910328.0
2007-08-17,16.78,17.1,16.44,16.72,12176232.0
2007-08-20,16.82,17.24,16.51,17.1,11274935.0
2007-08-21,17.01,17.08,16.8,16.97,11941645.0
2007-08-22,17.16,17.8,16.94,17.69,18251870.0
2007-08-23,17.79,18.25,17.74,17.85,21800001.0
2007-08-24,16.0,16.28,15.68,15.75,71828267.0
2007-08-27,15.72,15.76,15.27,15.39,20087125.0
2007-08-28,15.35,15.79,15.33,15.52,11123830.0
2007-08-29,15.9,16.3,15.76,16.25,14253156.0
2007-08-30,16.17,16.27,15.88,16.05,12059009.0
2007-08-31,16.29,16.66,16.13,16.57,9470787.0
2007-09-04,16.59,17.18,16.48,17.03,10071958.0
2007-09-05,16.94,17.16,16.81,17.12,8803470.0
2007-09-06,17.15,17.24,16.85,16.87,8096085.0
2007-09-07,16.65,16.74,16.22,16.44,9840629.0
2007-09-10,16.58,16.78,16.16,16.53,6878283.0
2007-09-11,16.75,17.0,16.62,16.72,11177910.0
2007-09-12,16.71,17.0,16.34,16.37,12479883.0
2007-09-13,16.48,16.6,16.27,16.52,9609794.0
2007-09-14,16.33,16.65,16.26,16.4,8554437.0
2007-09-17,16.36,16.38,15.89,16.0,11819173.0
2007-09-18,16.07,16.25,15.95,16.2,13794825.0
2007-09-19,16.25,16.39,15.42,15.57,25925732.0
2007-09-20,15.55,15.77,15.49,15.64,10512370.0
2007-09-21,15.64,16.1,15.64,15.94,12306664.0
2007-09-24,16.01,16.23,15.72,15.8,10364758.0
2007-09-25,15.78,16.06,15.76,16.0,7043951.0
2007-09-26,16.1,16.7,16.1,16.53,12536412.0
2007-09-27,16.67,16.68,16.28,16.31,7019858.0
2007-09-28,16.35,16.5,16.22,16.37,6277431.0
2007-10-01,16.14,16.33,16.05,16.29,9738946.0
2007-10-02,16.34,16.99,16.24,16.85,11381276.0
2007-10-03,16.7,16.88,16.44,16.58,5814586.0
2007-10-04,16.55,16.79,16.45,16.76,6256479.0
2007-10-05,16.77,16.88,16.59,16.78,8164279.0
2007-10-08,16.67,16.76,16.51,16.73,6256414.0
2007-10-09,16.65,16.73,16.38,16.53,9670161.0
2007-10-10,16.46,16.78,16.45,16.77,13854834.0
2007-10-11,16.82,17.34,16.6,16.9,17443363.0
2007-10-12,16.98,17.16,16.9,17.13,9412436.0
2007-10-15,16.74,17.37,16.74,16.95,11145734.0
2007-10-16,16.83,17.08,16.76,16.87,8165572.0
2007-10-17,17.15,17.48,17.05,17.48,19366706.0
2007-10-18,17.44,18.01,17.29,17.91,15793855.0
2007-10-19,17.94,18.1,17.25,17.48,14515013.0
2007-10-22,17.46,17.69,17.12,17.61,8975828.0
2007-10-23,17.75,18.03,17.59,18.03,10657087.0
2007-10-24,17.55,17.66,16.77,17.22,22281633.0
2007-10-25,17.3,17.32,16.28,16.64,20825945.0
2007-10-26,16.95,17.0,16.39,16.85,13802971.0
2007-10-29,16.9,17.91,16.9,17.86,13451421.0
2007-10-30,17.88,18.09,17.58,17.98,8268635.0
2007-10-31,18.01,18.2,17.51,18.03,9902558.0
2007-11-01,17.84,18.5,17.75,18.18,13050322.0
2007-11-02,18.5,18.55,17.78,18.29,9248874.0
2007-11-05,18.07,18.44,17.84,18.25,7823421.0
2007-11-06,18.15,18.84,18.15,18.59,13253849.0
2007-11-07,18.38,18.57,18.19,18.36,10633604.0
2007-11-08,18.12,18.33,17.51,17.81,13464704.0
2007-11-09,17.66,18.01,17.25,17.55,10123069.0
2007-11-12,17.47,17.8,17.1,17.14,10964987.0
2007-11-13,17.27,17.65,17.11,17.61,9729264.0
2007-11-14,17.59,17.69,17.16,17.2,11279195.0
2007-11-15,17.0,17.51,17.0,17.37,8170522.0
2007-11-16,17.36,17.61,17.26,17.52,11463563.0
2007-11-19,17.31,17.56,16.44,16.5,12054210.0
2007-11-20,16.65,16.92,15.79,16.1,14222668.0
2007-11-21,16.01,16.75,15.63,16.24,13886150.0
2007-11-23,16.29,16.57,16.0,16.52,2966316.0
2007-11-26,16.34,16.89,15.97,15.99,8911534.0
2007-11-27,16.07,16.68,16.02,16.65,19959129.0
2007-11-28,15.41,15.59,14.5,14.96,41770545.0
2007-11-29,14.82,15.29,14.82,15.19,11989224.0
2007-11-30,15.22,15.35,14.85,14.94,7670276.0
2007-12-03,14.86,15.3,14.82,15.11,8061340.0
2007-12-04,15.08,15.25,14.93,14.95,7818636.0
2007-12-05,15.28,15.59,15.12,15.4,9490636.0
2007-12-06,15.39,15.65,15.21,15.34,6476612.0
2007-12-07,15.25,15.65,15.22,15.65,6316208.0
2007-12-10,15.53,15.95,15.21,15.24,7821924.0
2007-12-11,15.25,15.34,14.71,14.82,13311060.0
2007-12-12,15.0,15.14,14.49,14.71,11862967.0
2007-12-13,14.67,14.98,14.24,14.52,9802868.0
2007-12-14,14.29,14.5,14.15,14.39,9623025.0
2007-12-17,14.15,14.56,14.15,14.27,8046155.0
2007-12-18,14.31,14.67,14.27,14.58,6334455.0
2007-12-19,14.55,14.69,14.35,14.4,11237705.0
2007-12-20,14.48,14.5,14.13,14.38,13464532.0
2007-12-21,14.54,14.55,14.15,14.25,10209281.0
2007-12-24,14.1,14.23,14.0,14.14,4405879.0
2007-12-26,14.16,14.33,14.0,14.12,5849681.0
2007-12-27,14.04,14.12,13.71,13.74,6463648.0
2007-12-28,13.78,14.1,13.49,14.01,9354533.0
2007-12-31,14.02,14.1,13.81,13.98,9614513.0
2008-01-02,13.9,13.94,13.22,13.33,20485034.0
2008-01-03,13.32,13.35,12.8,13.23,16088932.0
2008-01-04,12.96,12.99,12.0,12.31,14879091.0
2008-01-07,12.37,12.41,11.71,12.01,16949214.0
2008-01-08,12.06,12.15,11.04,11.14,22130982.0
2008-01-09,11.2,11.64,10.99,11.58,20173296.0
2008-01-10,11.52,11.73,11.19,11.47,13136580.0
2008-01-11,11.37,11.46,10.83,10.85,12672460.0
2008-01-14,11.26,11.48,11.08,11.24,14425258.0
2008-01-15,11.13,11.2,10.67,10.72,8666906.0
2008-01-16,10.32,11.35,10.3,10.98,19434049.0
2008-01-17,11.02,11.18,10.49,10.53,11235519.0
2008-01-18,10.48,10.99,10.27,10.74,19717404.0
2008-01-22,10.2,10.47,9.99,10.17,18931014.0
2008-01-23,10.03,10.61,9.77,10.49,18288090.0
2008-01-24,10.92,11.95,10.9,11.63,24327573.0
2008-01-25,12.0,12.19,11.48,11.53,20566314.0
2008-01-28,11.52,11.9,11.36,11.88,11033580.0
2008-01-29,12.0,12.04,11.61,11.93,10508161.0
2008-01-30,11.9,12.19,11.14,11.85,9445107.0
2008-01-31,11.8,12.01,11.63,11.87,10683812.0
2008-02-01,12.05,13.03,11.92,12.76,16029536.0
2008-02-04,12.8,12.93,12.42,12.55,7504278.0
2008-02-05,12.25,12.4,11.7,11.77,8722095.0
2008-02-06,11.78,11.87,10.51,10.57,21037204.0
2008-02-07,10.41,10.99,10.02,10.83,18521924.0
2008-02-08,10.74,11.3,10.71,11.03,13314550.0
2008-02-11,11.15,11.58,10.9,11.42,8481220.0
2008-02-12,11.46,11.51,11.01,11.07,8372591.0
2008-02-13,11.25,11.34,10.9,11.22,10114524.0
2008-02-14,11.25,11.32,10.85,10.98,8108298.0
2008-02-15,11.04,11.04,10.62,10.77,7979058.0
2008-02-19,10.94,10.96,10.43,10.47,9031735.0
2008-02-20,10.49,11.08,10.41,10.99,16656437.0
2008-02-21,11.31,11.6,11.15,11.31,16523649.0
2008-02-22,11.25,11.31,10.58,11.12,32670993.0
2008-02-25,11.4,11.83,11.32,11.77,16682004.0
2008-02-26,11.74,12.17,11.63,12.05,13607108.0
2008-02-27,12.05,12.22,11.63,11.85,19333297.0
2008-02-28,11.78,11.79,11.24,11.4,13886734.0
2008-02-29,11.25,11.4,11.08,11.31,15343830.0
2008-03-03,11.3,11.88,11.3,11.71,16569489.0
2008-03-04,11.66,11.96,11.33,11.93,13697750.0
2008-03-05,11.96,12.18,11.57,11.75,13803640.0
2008-03-06,11.86,12.0,11.48,11.52,24049132.0
2008-03-07,10.76,11.08,10.25,10.94,34989599.0
2008-03-10,10.83,11.07,10.62,10.62,11433390.0
2008-03-11,10.82,11.0,10.49,10.78,19009581.0
2008-03-12,10.8,11.19,10.7,10.96,7491474.0
2008-03-13,10.91,11.8,10.76,11.68,16577284.0
2008-03-14,11.76,11.85,11.06,11.27,10083526.0
2008-03-17,10.91,11.46,10.69,11.27,12172908.0
2008-03-18,11.5,11.69,11.04,11.29,14179097.0
2008-03-19,11.3,11.35,10.75,10.75,13339306.0
2008-03-20,10.69,10.75,10.42,10.64,13264699.0
2008-03-24,10.67,11.38,10.67,11.27,16381628.0
2008-03-25,11.35,11.5,11.16,11.31,10841737.0
2008-03-26,11.26,12.0,10.98,11.55,21088062.0
2008-03-27,11.46,11.64,11.17,11.21,7835624.0
2008-03-28,11.32,11.51,11.08,11.13,6772718.0
2008-03-31,11.08,11.25,10.76,10.88,11038634.0
2008-04-01,11.11,11.26,10.95,11.11,13626619.0
2008-04-02,11.15,11.52,11.13,11.23,15656445.0
2008-04-03,11.3,11.76,11.07,11.56,24383069.0
2008-04-04,11.62,11.79,11.22,11.56,18643908.0
2008-04-07,11.61,11.69,11.12,11.22,13486493.0
2008-04-08,11.09,11.17,10.89,11.02,11755601.0
2008-04-09,11.03,11.1,10.86,10.91,11214209.0
2008-04-10,10.9,11.24,10.59,11.12,13285681.0
2008-04-11,10.89,10.98,10.62,10.64,8151418.0
2008-04-14,10.6,10.86,10.51,10.61,10794418.0
2008-04-15,10.66,10.78,10.35,10.5,11092776.0
2008-04-16,10.76,10.95,10.53,10.87,14325728.0
2008-04-17,10.77,11.08,10.64,10.74,6922581.0
2008-04-18,11.01,11.53,10.97,11.31,17668372.0
2008-04-21,11.45,11.97,11.41,11.97,14510106.0
2008-04-22,11.75,11.81,11.48,11.57,16131038.0
2008-04-23,11.8,12.49,11.8,12.46,27005251.0
2008-04-24,12.56,13.2,12.31,13.16,32696117.0
2008-04-25,13.1,13.17,12.55,13.14,16466805.0
2008-04-28,13.34,13.4,12.9,12.93,12157725.0
2008-04-29,12.86,13.07,12.75,13.04,8578921.0
2008-04-30,13.06,13.16,12.82,12.95,10318704.0
2008-05-01,12.91,13.58,12.8,13.55,16149292.0
2008-05-02,13.68,13.69,13.0,13.33,15782013.0
2008-05-05,13.35,13.38,13.03,13.18,9023534.0
2008-05-06,13.11,13.24,12.79,13.2,10405464.0
2008-05-07,13.12,13.52,13.04,13.18,9632380.0
2008-05-08,13.22,13.44,13.0,13.3,7569501.0
2008-05-09,13.19,13.5,13.07,13.39,7355518.0
2008-05-12,13.52,13.77,13.25,13.7,13803738.0
2008-05-13,13.87,14.51,13.75,14.3,17598735.0
2008-05-14,14.48,14.56,13.93,14.03,15151484.0
2008-05-15,14.09,15.01,14.06,14.83,16169601.0
2008-05-16,14.95,15.25,14.65,15.15,17418634.0
2008-05-19,15.16,15.44,14.7,14.83,11347796.0
2008-05-20,14.58,14.58,13.93,14.39,12546350.0
2008-05-21,14.53,14.7,13.98,14.13,10293831.0
2008-05-22,14.21,14.54,14.16,14.37,8520335.0
2008-05-23,14.2,14.45,14.12,14.44,6781165.0
2008-05-27,13.89,14.26,13.6,14.21,14621897.0
2008-05-28,14.25,14.34,13.94,14.34,9725059.0
2008-05-29,14.35,14.35,13.95,14.08,22714115.0
2008-05-30,16.95,17.86,16.82,17.36,73808286.0
2008-06-02,17.33,17.69,17.03,17.28,19978570.0
2008-06-03,17.39,17.45,17.05,17.3,16041638.0
2008-06-04,17.35,17.49,16.87,17.01,21370030.0
2008-06-05,17.07,17.7,16.99,17.6,14363875.0
2008-06-06,17.37,17.55,16.94,17.05,9713637.0
2008-06-09,17.06,17.13,16.52,16.98,9455296.0
2008-06-10,16.8,16.85,16.02,16.1,19116667.0
2008-06-11,16.02,16.17,15.73,15.76,11847290.0
2008-06-12,16.08,16.45,15.81,15.97,12051817.0
2008-06-13,16.19,17.41,16.09,16.88,17185991.0
2008-06-16,16.83,17.17,16.62,16.75,14113531.0
2008-06-17,16.77,16.99,16.57,16.61,11533535.0
2008-06-18,16.5,16.79,16.16,16.35,10374667.0
2008-06-19,16.25,17.52,16.11,17.5,16927601.0
2008-06-20,17.27,17.55,17.09,17.47,17242120.0
2008-06-23,17.69,18.06,17.54,17.62,14978224.0
2008-06-24,17.39,17.78,17.17,17.38,10473870.0
2008-06-25,17.67,18.31,17.6,18.06,13445258.0
2008-06-26,17.5,17.75,16.89,17.23,19305125.0
2008-06-27,17.12,17.8,16.86,17.68,14963931.0
2008-06-30,17.76,18.2,17.44,17.66,10733985.0
2008-07-01,17.34,17.93,17.28,17.79,14807214.0
2008-07-02,17.84,17.84,16.95,16.97,9969671.0
2008-07-03,16.9,17.07,16.29,16.92,13186170.0
2008-07-07,17.01,17.67,16.69,17.02,11183873.0
2008-07-08,17.01,17.09,16.22,16.79,15617230.0
2008-07-09,16.69,16.77,15.4,15.5,23545764.0
2008-07-10,15.57,15.89,15.09,15.66,20029837.0
2008-07-11,15.31,15.48,14.36,15.36,25932998.0
2008-07-14,15.65,15.77,14.77,15.09,12066111.0
2008-07-15,14.92,15.49,14.55,15.05,14988231.0
2008-07-16,15.13,15.52,14.77,15.51,12291227.0
2008-07-17,15.76,16.21,15.58,16.0,13756834.0
2008-07-18,15.82,15.99,15.22,15.55,11633208.0
2008-07-21,15.57,15.65,14.87,15.08,10653249.0
2008-07-22,14.89,15.27,14.49,15.24,13350942.0
2008-07-23,15.38,15.7,14.9,15.09,12158287.0
2008-07-24,14.7,14.8,14.35,14.47,16476224.0
2008-07-25,14.09,14.92,13.99,14.79,18424430.0
2008-07-28,14.55,14.82,14.43,14.48,8222096.0
2008-07-29,14.59,14.92,14.48,14.78,11124527.0
2008-07-30,14.84,15.0,14.4,14.71,9918658.0
2008-07-31,14.47,15.14,14.42,14.79,14173296.0
2008-08-01,14.77,15.01,14.55,14.69,9371949.0
2008-08-04,14.57,14.68,14.16,14.23,12813369.0
2008-08-05,14.36,14.72,14.09,14.59,13182743.0
2008-08-06,14.64,15.12,14.17,14.88,15284880.0
2008-08-07,14.92,15.72,14.61,15.3,17016448.0
2008-08-08,15.37,15.82,15.21,15.55,9752216.0
2008-08-11,15.9,16.21,15.79,15.82,15913440.0
2008-08-12,15.98,15.99,15.24,15.93,19545415.0
2008-08-13,15.88,16.2,15.66,16.02,11037296.0
2008-08-14,15.91,16.46,15.78,16.32,8584336.0
2008-08-15,16.43,16.63,15.85,15.88,19320740.0
2008-08-18,16.0,16.1,15.54,15.86,11459379.0
2008-08-19,15.74,16.04,15.54,15.87,13027910.0
2008-08-20,16.0,16.31,15.86,16.05,9217340.0
2008-08-21,16.08,16.25,15.71,15.84,6741027.0
2008-08-22,16.04,16.19,15.88,15.99,6452079.0
2008-08-25,16.17,16.17,15.62,15.67,10843169.0
2008-08-26,14.88,15.12,14.29,14.63,38614948.0
2008-08-27,14.73,14.85,14.26,14.44,21113477.0
2008-08-28,14.71,14.89,14.4,14.76,23304696.0
2008-08-29,14.17,14.44,13.8,14.11,30079342.0
2008-09-02,14.35,14.41,13.87,14.17,12711246.0
2008-09-03,13.98,13.98,12.55,12.63,32022218.0
2008-09-04,12.27,12.29,11.71,11.94,32880250.0
2008-09-05,11.72,12.49,11.72,12.39,18523890.0
2008-09-08,12.73,12.85,11.96,12.11,13565961.0
2008-09-09,12.14,12.15,11.46,11.62,15024858.0
2008-09-10,11.82,11.86,11.32,11.39,11918308.0
2008-09-11,11.17,11.94,11.05,11.68,16451860.0
2008-09-12,11.48,11.68,11.32,11.6,11554156.0
2008-09-15,11.19,11.24,10.58,10.8,18164133.0
2008-09-16,10.4,10.97,10.31,10.69,22618851.0
2008-09-17,10.37,10.61,10.09,10.12,18691647.0
2008-09-18,10.51,10.98,10.11,10.59,19639385.0
2008-09-19,11.22,11.83,10.93,11.06,21100635.0
2008-09-22,10.98,11.05,10.44,10.47,5423062.0
2008-09-23,10.43,10.6,10.08,10.24,8193159.0
2008-09-24,10.39,10.68,10.22,10.48,9097070.0
2008-09-25,10.59,10.97,10.32,10.76,12544527.0
2008-09-26,10.27,10.31,9.57,9.7,30933239.0
2008-09-29,9.5,9.57,8.45,8.63,23931066.0
2008-09-30,8.8,9.3,8.56,9.3,13181170.0
2008-10-01,9.26,9.32,8.89,9.12,8130789.0
2008-10-02,9.01,9.05,8.49,8.54,11828254.0
2008-10-03,8.69,9.15,8.42,8.51,13966676.0
2008-10-06,8.25,8.4,7.66,8.11,19330144.0
2008-10-07,8.4,8.41,7.56,7.58,13117356.0
2008-10-08,7.3,8.03,7.2,7.52,19932600.0
2008-10-09,7.73,7.96,7.15,7.3,11296144.0
2008-10-10,7.12,7.58,6.63,7.0,16313221.0
2008-10-13,7.29,7.89,7.27,7.84,10706237.0
2008-10-14,8.13,8.29,7.62,7.68,14823079.0
2008-10-15,7.79,7.93,7.08,7.14,12260631.0
2008-10-16,7.14,7.43,6.77,7.39,13703008.0
2008-10-17,7.27,7.72,7.08,7.37,10352160.0
2008-10-20,7.57,7.57,6.95,7.27,10400783.0
2008-10-21,7.15,7.19,6.73,6.74,13194903.0
2008-10-22,6.79,7.0,6.4,6.57,15045278.0
2008-10-23,6.51,6.58,6.08,6.31,13573094.0
2008-10-24,5.72,6.34,5.61,6.09,18567693.0
2008-10-27,6.01,6.39,5.93,6.06,11211957.0
2008-10-28,6.31,6.53,5.75,6.49,16520144.0
2008-10-29,6.54,7.15,6.25,6.94,15792302.0
2008-10-30,7.08,7.58,7.06,7.18,14488440.0
2008-10-31,6.99,7.18,6.66,6.96,9627368.0
2008-11-03,6.91,6.99,6.55,6.7,9668008.0
2008-11-04,7.22,7.69,7.11,7.36,22085991.0
2008-11-05,7.29,7.57,7.11,7.11,9703989.0
2008-11-06,7.04,7.17,6.57,6.62,11521267.0
2008-11-07,6.67,6.71,6.3,6.49,10506747.0
2008-11-10,6.7,6.75,6.11,6.17,7944614.0
2008-11-11,6.14,6.21,5.8,6.1,8950749.0
2008-11-12,6.11,6.11,5.69,5.73,8660745.0
2008-11-13,5.7,6.17,5.28,6.16,12852908.0
2008-11-14,6.14,6.14,5.59,5.81,10727858.0
2008-11-17,5.69,5.91,5.51,5.68,9416535.0
2008-11-18,5.73,5.87,5.42,5.55,10809306.0
2008-11-19,5.47,5.62,5.04,5.04,9590388.0
2008-11-20,4.93,5.25,4.71,4.78,18176823.0
2008-11-21,4.88,5.12,4.48,5.11,17064756.0
2008-11-24,5.29,5.54,5.08,5.53,11887459.0
2008-11-25,5.47,5.65,5.28,5.34,9530469.0
2008-11-26,5.3,5.8,5.19,5.8,9407401.0
2008-11-28,5.72,5.85,5.6,5.8,2589981.0
2008-12-01,5.68,5.68,5.21,5.21,8755995.0
2008-12-02,5.29,5.34,4.93,5.09,15866436.0
2008-12-03,5.59,6.18,5.5,6.13,27267432.0
2008-12-04,5.95,6.06,5.55,5.7,11402247.0
2008-12-05,5.78,5.78,5.3,5.76,12298074.0
2008-12-08,5.95,5.95,5.53,5.73,13474387.0
2008-12-09,5.66,6.58,5.52,6.4,23738890.0
2008-12-10,6.45,7.0,6.3,6.5,20158706.0
2008-12-11,6.41,6.65,6.14,6.19,10434312.0
2008-12-12,6.07,6.67,6.0,6.57,16581800.0
2008-12-15,6.59,6.71,6.3,6.64,10861649.0
2008-12-16,6.76,7.34,6.73,7.29,23040591.0
2008-12-17,7.06,7.57,6.97,7.18,28022767.0
2008-12-18,7.23,7.27,6.71,6.84,20339820.0
2008-12-19,6.97,7.26,6.92,7.13,18125879.0
2008-12-22,7.02,7.28,6.69,6.89,15502306.0
2008-12-23,6.84,6.99,6.5,6.59,10116606.0
2008-12-24,6.53,6.66,6.51,6.56,3091801.0
2008-12-26,6.6,6.64,6.3,6.45,4734947.0
2008-12-29,6.46,6.5,6.05,6.27,16013947.0
2008-12-30,6.39,6.65,6.21,6.64,10734517.0
2008-12-31,6.54,6.75,6.47,6.67,6976111.0
2009-01-02,6.67,7.25,6.55,7.11,10971958.0
2009-01-05,7.0,7.3,6.97,7.02,12329384.0
2009-01-06,7.02,7.73,7.02,7.64,17849266.0
2009-01-07,7.35,7.48,7.0,7.31,14301961.0
2009-01-08,7.23,7.35,7.04,7.28,10462946.0
2009-01-09,7.28,7.35,6.8,6.86,15493270.0
2009-01-12,6.77,6.83,6.37,6.52,11035955.0
2009-01-13,6.44,6.81,6.15,6.38,18447287.0
2009-01-14,6.3,6.4,6.13,6.31,11101853.0
2009-01-15,6.31,6.65,6.21,6.5,11092202.0
2009-01-16,6.63,6.87,6.22,6.31,26170952.0
2009-01-20,6.25,6.29,5.66,5.8,21009771.0
2009-01-21,5.88,6.17,5.85,6.16,14167691.0
2009-01-22,5.98,6.32,5.81,6.21,20009867.0
2009-01-23,6.09,6.86,6.0,6.75,21259900.0
2009-01-26,6.76,7.08,6.58,6.84,14629753.0
2009-01-27,6.94,7.31,6.93,7.2,12289836.0
2009-01-28,7.34,7.56,7.24,7.52,14549893.0
2009-01-29,7.37,7.43,7.14,7.23,10584553.0
2009-01-30,7.2,7.43,7.1,7.29,14751683.0
2009-02-02,7.15,7.46,7.1,7.34,8570560.0
2009-02-03,7.34,7.53,7.17,7.49,11398041.0
2009-02-04,7.48,7.95,7.29,7.68,18363030.0
2009-02-05,7.93,8.21,7.8,8.08,26022076.0
2009-02-06,8.08,8.44,8.04,8.28,15020436.0
2009-02-09,8.37,8.4,8.07,8.16,12027397.0
2009-02-10,8.16,8.28,7.69,7.84,15758456.0
2009-02-11,7.97,8.05,7.66,7.83,11769449.0
2009-02-12,7.78,7.94,7.52,7.93,18204759.0
2009-02-13,8.02,8.29,7.92,8.19,12142390.0
2009-02-17,7.9,7.94,7.35,7.44,20967110.0
2009-02-18,7.63,7.72,7.24,7.49,11596278.0
2009-02-19,7.56,7.73,6.96,7.0,12414492.0
2009-02-20,6.9,7.16,6.57,7.02,22824898.0
2009-02-23,7.1,7.1,6.56,6.61,10331464.0
2009-02-24,7.02,7.51,6.95,7.48,21835718.0
2009-02-25,7.45,7.83,7.29,7.64,19812936.0
2009-02-26,7.68,7.96,7.49,7.51,10918993.0
2009-02-27,7.43,7.66,7.23,7.51,13436882.0
2009-03-02,7.32,7.62,7.07,7.13,14385189.0
2009-03-03,7.26,7.41,6.99,7.18,10959129.0
2009-03-04,7.34,7.79,7.22,7.58,13855584.0
2009-03-05,7.44,7.87,7.41,7.52,24563325.0
2009-03-06,8.3,8.3,7.95,8.06,39081506.0
2009-03-09,8.02,8.5,7.63,7.67,21100372.0
2009-03-10,7.98,8.4,7.93,8.3,19271093.0
2009-03-11,8.42,8.77,8.37,8.64,18919021.0
2009-03-12,8.61,8.94,8.6,8.86,14441369.0
2009-03-13,8.85,9.14,8.67,8.98,15746029.0
2009-03-16,8.91,9.0,8.3,8.39,12599203.0
2009-03-17,8.47,8.89,8.35,8.88,19073590.0
2009-03-18,8.94,9.5,8.83,9.46,27449264.0
2009-03-19,9.49,9.5,8.8,8.87,20827548.0
2009-03-20,9.03,9.16,8.54,8.75,13157857.0
2009-03-23,8.95,9.28,8.78,9.28,11264089.0
2009-03-24,9.21,9.36,9.02,9.11,12777734.0
2009-03-25,9.45,9.69,8.86,9.18,16423032.0
2009-03-26,9.26,9.68,9.18,9.65,13772343.0
2009-03-27,9.51,9.57,9.21,9.27,7089096.0
2009-03-30,9.18,9.25,8.87,9.04,9204461.0
2009-03-31,9.16,9.39,9.04,9.16,9177977.0
2009-04-01,8.93,9.59,8.88,9.47,13392164.0
2009-04-02,9.64,10.09,9.53,9.87,15639401.0
2009-04-03,10.06,10.19,9.71,10.06,18897127.0
2009-04-06,9.75,9.78,9.4,9.73,13330285.0
2009-04-07,9.55,9.6,9.3,9.47,8584953.0
2009-04-08,9.5,10.06,9.5,10.05,15375024.0
2009-04-09,10.32,10.7,10.25,10.47,15527881.0
2009-04-13,10.5,10.5,9.95,10.23,12704426.0
2009-04-14,10.2,10.76,10.07,10.3,15127323.0
2009-04-15,10.23,10.57,9.97,10.31,23025291.0
2009-04-16,10.52,10.68,10.27,10.62,11098033.0
2009-04-17,10.48,10.56,10.3,10.42,6926211.0
2009-04-20,10.1,10.17,9.75,9.79,9774243.0
2009-04-21,9.83,10.05,9.6,9.88,13992170.0
2009-04-22,9.61,10.43,9.55,10.12,13396481.0
2009-04-23,10.2,10.21,9.7,10.17,11293226.0
2009-04-24,10.19,10.49,9.91,10.41,10709888.0
2009-04-27,10.31,10.79,10.23,10.48,11060339.0
2009-04-28,10.37,10.37,10.05,10.15,10844630.0
2009-04-29,10.26,10.64,10.12,10.32,12919641.0
2009-04-30,10.34,11.25,10.33,10.98,24823967.0
2009-05-01,11.17,11.41,10.94,11.25,15954335.0
2009-05-04,11.4,11.93,11.4,11.59,16159787.0
2009-05-05,11.5,11.56,11.06,11.29,13255607.0
2009-05-06,11.42,11.72,11.06,11.61,20566127.0
2009-05-07,11.74,11.78,10.6,10.91,15874570.0
2009-05-08,10.85,10.87,10.06,10.57,21808737.0
2009-05-11,10.35,10.96,10.3,10.72,13312918.0
2009-05-12,10.81,10.85,10.2,10.36,9991451.0
2009-05-13,10.3,10.37,9.98,10.19,11028841.0
2009-05-14,10.21,10.82,10.13,10.68,10268727.0
2009-05-15,10.68,10.91,10.5,10.69,9478363.0
2009-05-18,11.15,11.35,10.92,11.28,16505575.0
2009-05-19,11.2,11.67,11.11,11.39,14174960.0
2009-05-20,11.5,11.62,11.13,11.28,11948230.0
2009-05-21,11.18,11.35,10.94,11.09,12384900.0
2009-05-22,11.06,11.15,10.76,10.96,9942022.0
2009-05-26,10.78,11.65,10.76,11.62,16389966.0
2009-05-27,11.7,11.91,11.43,11.5,24063305.0
2009-05-28,11.73,11.76,11.16,11.69,21394629.0
2009-05-29,11.66,11.84,11.01,11.43,27548655.0
2009-06-01,11.65,12.22,11.52,12.13,20415548.0
2009-06-02,11.56,11.67,10.96,11.16,25323784.0
2009-06-03,10.8,11.03,10.62,10.78,17913364.0
2009-06-04,10.88,11.38,10.83,11.34,12321147.0
2009-06-05,11.4,11.56,11.1,11.37,12146039.0
2009-06-08,11.14,11.3,10.91,11.21,8462639.0
2009-06-09,11.79,12.94,11.75,12.84,48117830.0
2009-06-10,12.8,12.93,12.31,12.92,20916131.0
2009-06-11,12.72,12.85,12.39,12.51,14575987.0
2009-06-12,12.53,12.55,12.1,12.33,9841974.0
2009-06-15,12.22,12.53,12.04,12.47,10991546.0
2009-06-16,12.51,12.6,11.94,11.95,13231564.0
2009-06-17,11.95,12.09,11.45,11.66,28116029.0
2009-06-18,11.75,11.77,11.17,11.27,18644350.0
2009-06-19,11.5,12.03,11.47,12.01,22292550.0
2009-06-22,12.35,12.38,11.45,11.48,29852330.0
2009-06-23,11.39,11.62,11.05,11.52,19013559.0
2009-06-24,11.7,11.9,11.61,11.77,11422398.0
2009-06-25,11.7,12.08,11.56,12.0,11955630.0
2009-06-26,11.97,12.2,11.76,11.8,16626685.0
2009-06-29,11.84,11.93,11.6,11.67,10205939.0
2009-06-30,11.79,11.88,11.45,11.64,8914121.0
2009-07-01,11.71,12.05,11.61,11.74,7905351.0
2009-07-02,11.6,11.75,11.43,11.67,9181899.0
2009-07-06,11.6,11.73,11.14,11.4,6850634.0
2009-07-07,11.85,12.05,11.46,11.5,18813027.0
2009-07-08,11.62,11.63,11.03,11.28,12691982.0
2009-07-09,11.46,11.83,11.33,11.64,11749632.0
2009-07-10,11.58,11.82,11.47,11.68,9068482.0
2009-07-13,11.69,11.91,11.34,11.89,10986170.0
2009-07-14,11.87,12.34,11.8,12.23,17568493.0
2009-07-15,12.73,12.9,12.59,12.74,16570032.0
2009-07-16,12.69,13.3,12.62,13.11,17725118.0
2009-07-17,13.15,13.18,12.82,13.17,7221062.0
2009-07-20,13.35,13.48,13.0,13.44,8358496.0
2009-07-21,13.44,13.65,12.99,13.61,16756636.0
2009-07-22,13.59,14.08,13.5,13.98,14350795.0
2009-07-23,14.01,14.07,13.79,13.98,12247412.0
2009-07-24,13.65,13.81,13.36,13.58,12401854.0
2009-07-27,13.55,13.79,13.41,13.71,7624067.0
2009-07-28,13.67,14.15,13.65,14.11,10710611.0
2009-07-29,13.93,13.98,13.61,13.75,9809836.0
2009-07-30,13.99,14.0,13.49,13.59,22035942.0
2009-07-31,13.47,13.74,13.24,13.34,12341899.0
2009-08-03,13.47,13.93,13.47,13.8,11019310.0
2009-08-04,13.87,14.47,13.71,14.13,14301865.0
2009-08-05,14.13,14.24,13.73,14.04,11560250.0
2009-08-06,13.89,14.12,13.54,13.59,9608700.0
2009-08-07,14.0,14.01,13.38,13.54,11034155.0
2009-08-10,13.54,13.67,13.26,13.32,6951031.0
2009-08-11,13.28,13.54,13.13,13.31,9810025.0
2009-08-12,13.31,13.9,13.29,13.78,8237476.0
2009-08-13,13.86,14.26,13.7,14.25,11343618.0
2009-08-14,14.07,14.18,13.61,13.69,7508843.0
2009-08-17,13.43,13.49,13.21,13.27,7667644.0
2009-08-18,13.41,13.76,13.41,13.68,9279048.0
2009-08-19,13.48,13.98,13.3,13.92,10601389.0
2009-08-20,13.96,14.15,13.8,14.01,9284797.0
2009-08-21,14.16,14.29,13.84,14.23,8104649.0
2009-08-24,14.33,14.39,13.85,13.91,10845679.0
2009-08-25,13.9,14.12,13.76,14.09,8819862.0
2009-08-26,14.13,14.44,14.0,14.4,11502620.0
2009-08-27,14.36,14.65,14.01,14.63,20595629.0
2009-08-28,15.66,15.85,15.19,15.36,26351908.0
2009-08-31,15.23,15.34,15.1,15.25,10701209.0
2009-09-01,15.24,15.7,14.92,15.02,13278190.0
2009-09-02,14.97,15.14,14.83,14.9,9212099.0
2009-09-03,14.94,15.13,14.89,14.97,10305012.0
2009-09-04,15.01,15.7,14.91,15.7,9216175.0
2009-09-08,15.85,16.3,15.78,16.25,12251926.0
2009-09-09,16.16,16.37,15.99,16.32,9993167.0
2009-09-10,16.37,16.71,16.24,16.41,10809136.0
2009-09-11,16.72,16.72,16.02,16.32,10250885.0
2009-09-14,16.16,16.4,16.09,16.17,7136649.0
2009-09-15,16.16,16.36,16.09,16.21,10275537.0
2009-09-16,16.31,16.49,15.94,16.43,13857893.0
2009-09-17,16.32,16.6,15.92,15.93,11558037.0
2009-09-18,16.09,16.24,15.88,16.07,11027683.0
2009-09-21,15.92,16.0,15.62,15.76,9926312.0
2009-09-22,15.83,16.11,15.72,15.98,7244007.0
2009-09-23,16.26,16.54,16.19,16.22,10600881.0
2009-09-24,16.28,16.3,15.55,15.7,10315457.0
2009-09-25,15.47,15.91,15.32,15.72,12043841.0
2009-09-28,15.82,16.48,15.77,16.22,8663761.0
2009-09-29,16.2,16.34,15.8,15.92,8903812.0
2009-09-30,15.98,16.3,15.71,16.19,10802602.0
2009-10-01,16.16,16.19,14.95,14.96,13044476.0
2009-10-02,14.82,15.56,14.76,15.09,11536296.0
2009-10-05,15.28,15.44,14.98,15.25,7876053.0
2009-10-06,15.41,15.71,15.3,15.48,8271619.0
2009-10-07,15.45,15.49,14.99,15.12,11174852.0
2009-10-08,15.23,15.27,14.73,14.9,14294554.0
2009-10-09,14.9,15.65,14.83,15.62,10766824.0
2009-10-12,15.8,16.1,15.47,15.97,12106300.0
2009-10-13,15.89,16.23,15.8,16.0,12908998.0
2009-10-14,16.4,16.48,16.2,16.41,12157262.0
2009-10-15,16.26,16.32,15.73,15.84,11582039.0
2009-10-16,15.67,15.71,14.95,15.5,19582853.0
2009-10-19,15.67,15.84,15.28,15.57,11834683.0
2009-10-20,15.62,15.72,15.15,15.24,19023589.0
2009-10-21,15.27,15.34,14.89,14.99,13820946.0
2009-10-22,14.94,15.02,14.48,14.88,12663972.0
2009-10-23,14.92,14.99,14.39,14.58,12362377.0
2009-10-26,15.11,15.39,14.83,14.99,21191160.0
2009-10-27,15.09,15.34,14.42,14.44,16600009.0
2009-10-28,14.22,14.51,13.67,13.73,19795675.0
2009-10-29,13.93,14.32,13.87,14.24,10100611.0
2009-10-30,14.21,14.22,13.69,13.73,9602086.0
2009-11-02,13.77,13.97,13.5,13.83,8150447.0
2009-11-03,13.59,13.98,13.36,13.94,7615188.0
2009-11-04,14.12,14.63,13.97,14.23,12630821.0
2009-11-05,14.43,14.86,14.41,14.7,9844738.0
2009-11-06,14.59,14.9,14.5,14.73,7604951.0
2009-11-09,15.0,15.34,14.96,15.24,8809492.0
2009-11-10,15.29,15.55,15.11,15.46,10999899.0
2009-11-11,15.57,15.82,15.39,15.54,8343913.0
2009-11-12,15.57,15.8,15.24,15.28,10018188.0
2009-11-13,15.32,15.89,15.27,15.84,8533290.0
2009-11-16,15.99,16.3,15.95,16.24,10732044.0
2009-11-17,16.39,16.47,16.15,16.41,7976656.0
2009-11-18,16.33,16.4,16.08,16.09,9034848.0
2009-11-19,15.58,15.59,14.86,15.27,20580874.0
2009-11-20,15.08,15.33,14.95,15.28,9418268.0
2009-11-23,15.5,15.67,15.44,15.61,9349200.0
2009-11-24,15.65,15.76,15.42,15.66,8829198.0
2009-11-25,15.72,15.94,15.66,15.9,6977311.0
2009-11-27,15.46,15.79,15.37,15.63,3157421.0
2009-11-30,15.64,15.68,15.12,15.42,12812813.0
2009-12-01,15.72,16.09,15.68,16.03,8370177.0
2009-12-02,16.04,16.57,16.0,16.53,9869487.0
2009-12-03,16.69,16.85,16.52,16.53,12875791.0
2009-12-04,17.9,18.2,17.44,18.06,27745683.0
2009-12-07,18.06,18.38,17.81,17.91,12996573.0
2009-12-08,17.62,18.07,17.59,17.86,13745222.0
2009-12-09,17.94,18.27,17.75,18.27,9309645.0
2009-12-10,18.3,18.72,18.26,18.67,13057561.0
2009-12-11,18.73,18.73,18.26,18.43,10923441.0
2009-12-14,18.48,19.02,18.35,18.99,13009740.0
2009-12-15,18.96,18.98,18.69,18.73,9232254.0
2009-12-16,18.9,19.74,18.83,19.54,18137923.0
2009-12-17,19.28,19.53,19.2,19.25,15241179.0
2009-12-18,19.39,20.0,19.31,19.99,20632497.0
2009-12-21,19.95,20.05,19.86,19.96,9032413.0
2009-12-22,19.98,20.25,19.94,20.02,7583427.0
2009-12-23,20.09,20.23,19.96,20.07,6278425.0
2009-12-24,20.16,20.79,20.15,20.68,5364495.0
2009-12-28,20.72,20.98,20.42,20.56,7726343.0
2009-12-29,20.6,20.63,20.12,20.26,6186898.0
2009-12-30,20.57,20.99,20.53,20.83,10887819.0
2009-12-31,20.92,21.07,20.75,20.75,7476082.0
2010-01-04,21.0,21.31,20.93,21.03,9392872.0
2010-01-05,20.94,21.52,20.85,21.43,13749447.0
2010-01-06,21.5,21.76,21.3,21.62,11170783.0
2010-01-07,21.59,21.64,21.06,21.12,10263411.0
2010-01-08,21.14,21.45,21.06,21.36,12276126.0
2010-01-11,21.36,21.57,21.05,21.2,7378130.0
2010-01-12,21.28,21.29,20.26,20.36,13540030.0
2010-01-13,20.44,20.88,19.92,20.69,15758207.0
2010-01-14,20.56,20.64,20.27,20.4,9136172.0
2010-01-15,20.6,20.6,19.54,19.58,15971546.0
2010-01-19,19.76,20.4,19.66,20.35,11612682.0
2010-01-20,20.29,20.3,19.61,19.97,10968845.0
2010-01-21,20.4,20.7,19.92,20.05,12630035.0
2010-01-22,20.0,20.05,18.76,18.81,18309175.0
2010-01-25,19.05,19.39,18.89,18.94,13255612.0
2010-01-26,18.87,19.22,18.68,18.81,14048942.0
2010-01-27,18.77,19.2,18.71,19.06,9174330.0
2010-01-28,19.03,19.06,18.26,18.5,13266468.0
2010-01-29,18.74,18.84,17.25,17.43,20415139.0
2010-02-01,17.52,18.57,17.52,18.55,16483463.0
2010-02-02,18.41,18.77,18.34,18.64,10445010.0
2010-02-03,18.5,19.01,18.46,18.96,10464556.0
2010-02-04,18.72,18.85,17.92,17.98,11332637.0
2010-02-05,18.05,18.25,17.58,18.17,13341719.0
2010-02-08,18.24,18.66,17.88,18.07,9815139.0
2010-02-09,18.38,18.51,17.98,18.24,13912796.0
2010-02-10,18.28,18.46,17.82,18.26,9385315.0
2010-02-11,18.35,19.265,18.0702,19.12,14690122.0
2010-02-12,19.0,19.69,18.85,19.39,15845023.0
2010-02-16,19.65,20.19,19.55,20.06,12889520.0
2010-02-17,20.19,20.26,19.86,19.99,7134378.0
2010-02-18,19.83,20.09,19.69,19.97,6988675.0
2010-02-19,19.89,20.48,19.89,20.04,11913708.0
2010-02-22,20.33,20.38,19.89,19.96,8366894.0
2010-02-23,19.86,19.86,19.22,19.42,8424465.0
2010-02-24,19.6,19.82,19.1,19.28,14760130.0
2010-02-25,18.94,19.22,18.51,19.19,11445147.0
2010-02-26,19.12,19.32,18.71,19.32,9181584.0
2010-03-01,19.48,20.23,19.42,20.08,12376431.0
2010-03-02,20.6,20.83,20.27,20.38,13893099.0
2010-03-03,20.56,20.6,19.81,19.96,14590695.0
2010-03-04,20.1,20.2,19.84,20.13,25577783.0
2010-03-05,19.67,20.41,19.53,20.4,38196472.0
2010-03-08,20.44,20.61,20.16,20.27,11320982.0
2010-03-09,20.15,20.65,20.11,20.29,11836391.0
2010-03-10,20.27,20.75,20.25,20.64,12200062.0
2010-03-11,20.53,20.55,20.21,20.51,9462780.0
2010-03-12,20.51,20.56,20.02,20.28,10320051.0
2010-03-15,20.16,20.22,19.74,19.87,9587375.0
2010-03-16,20.04,20.45,19.8,20.41,10916134.0
2010-03-17,20.45,20.71,20.17,20.45,13971964.0
2010-03-18,20.45,20.75,20.14,20.31,8176478.0
2010-03-19,20.29,20.36,19.85,20.06,9936224.0
2010-03-22,19.98,20.67,19.9,20.56,10904119.0
2010-03-23,20.63,21.46,20.61,21.14,22674929.0
2010-03-24,20.92,21.07,20.73,20.77,10633942.0
2010-03-25,21.1,21.19,20.4,20.44,17257978.0
2010-03-26,20.53,20.69,20.0,20.03,13712067.0
2010-03-29,20.2,20.5,20.16,20.46,7839664.0
2010-03-30,20.62,20.9,20.4,20.76,10352987.0
2010-03-31,20.44,20.64,20.1,20.42,11866204.0
2010-04-01,20.45,20.95,20.21,20.38,11053735.0
2010-04-05,20.44,20.98,20.37,20.96,9977940.0
2010-04-06,20.74,21.0,20.62,20.85,7554813.0
2010-04-07,20.83,20.89,20.51,20.69,6381335.0
2010-04-08,20.46,20.68,20.17,20.63,9324745.0
2010-04-09,20.71,20.98,20.53,20.97,7897046.0
2010-04-12,20.96,21.31,20.86,21.14,9371990.0
2010-04-13,21.06,21.19,20.76,20.94,10502069.0
2010-04-14,21.43,22.58,21.41,22.55,25513603.0
2010-04-15,22.59,22.87,22.51,22.58,16252520.0
2010-04-16,22.54,22.57,21.63,22.1,19563501.0
2010-04-19,21.9,21.91,21.2,21.62,17608134.0
2010-04-20,21.92,22.38,21.82,21.84,15948978.0
2010-04-21,22.16,22.48,21.37,21.76,13843852.0
2010-04-22,21.43,21.9,20.96,21.81,13804018.0
2010-04-23,21.85,22.41,21.74,22.18,17553001.0
2010-04-26,22.31,22.48,21.78,21.84,11023707.0
2010-04-27,22.08,22.5,21.39,21.42,18909244.0
2010-04-28,21.75,22.08,21.26,21.6,10139890.0
2010-04-29,21.51,21.87,21.41,21.82,8875499.0
2010-04-30,21.73,21.8,20.59,20.66,15123468.0
2010-05-03,20.88,21.05,20.6,20.79,9403787.0
2010-05-04,20.39,20.52,19.28,19.63,19914368.0
2010-05-05,19.36,20.0,19.2,19.42,17851493.0
2010-05-06,19.38,19.79,18.13,18.86,21144058.0
2010-05-07,18.63,19.26,18.13,18.86,24432401.0
2010-05-10,19.93,20.97,18.31,19.89,11487273.0
2010-05-11,19.68,20.09,19.36,19.51,9373475.0
2010-05-12,19.69,20.07,19.57,19.94,11964880.0
2010-05-13,19.73,20.09,19.12,19.28,14003587.0
2010-05-14,18.77,18.77,17.61,18.49,31966830.0
2010-05-17,18.51,18.83,17.93,18.58,14860679.0
2010-05-18,18.79,18.82,17.86,18.02,15580705.0
2010-05-19,18.02,18.75,17.74,18.51,22764385.0
2010-05-20,18.02,18.3,17.38,17.84,27444406.0
2010-05-21,18.08,19.7,17.95,19.32,30406784.0
2010-05-24,19.35,19.36,18.42,18.47,17773923.0
2010-05-25,17.69,18.64,17.45,18.55,21718597.0
2010-05-26,18.82,19.24,18.34,18.37,27476835.0
2010-05-27,18.99,19.26,18.81,19.25,14978568.0
2010-05-28,19.46,19.48,18.59,18.98,15715288.0
2010-06-01,18.88,19.46,18.65,18.65,14600174.0
2010-06-02,18.79,19.54,18.53,19.52,14229146.0
2010-06-03,19.57,19.76,19.09,19.52,12357042.0
2010-06-04,19.05,19.53,18.73,18.81,10020495.0
2010-06-07,18.89,19.01,17.97,18.06,14085154.0
2010-06-08,17.93,17.94,16.65,17.21,32494844.0
2010-06-09,17.28,17.84,16.95,17.04,15682388.0
2010-06-10,17.19,17.54,17.12,17.45,11329823.0
2010-06-11,17.26,17.89,17.15,17.88,11744889.0
2010-06-14,18.4,18.42,17.44,17.49,21338618.0
2010-06-15,17.76,19.03,17.75,18.94,20492259.0
2010-06-16,18.81,19.31,18.46,19.25,18193389.0
2010-06-17,19.4,19.45,18.77,19.09,13540148.0
2010-06-18,19.06,19.23,18.96,19.04,11335822.0
2010-06-21,19.43,19.45,18.39,18.53,21615106.0
2010-06-22,18.63,18.91,18.29,18.37,22697266.0
2010-06-23,18.27,18.78,18.11,18.48,11936785.0
2010-06-24,18.47,18.6,17.51,17.67,18030876.0
2010-06-25,17.66,17.68,17.05,17.37,19046219.0
2010-06-28,17.4,17.5,16.98,17.13,13492451.0
2010-06-29,16.78,16.86,16.13,16.28,18388083.0
2010-06-30,16.22,16.34,15.72,15.76,16709932.0
2010-07-01,15.73,16.47,15.71,16.3,23504860.0
2010-07-02,16.3,16.4,15.8,16.06,10102916.0
2010-07-06,16.47,16.64,15.63,15.84,15366637.0
2010-07-07,15.79,16.59,15.75,16.57,15757278.0
2010-07-08,16.68,16.74,16.16,16.47,20615816.0
2010-07-09,16.25,16.71,16.12,16.62,12001128.0
2010-07-12,16.74,17.3,16.6,17.2,17660581.0
2010-07-13,17.45,17.49,17.1,17.35,14882975.0
2010-07-14,17.76,17.9,17.22,17.47,16818802.0
2010-07-15,17.46,17.49,17.04,17.35,11764284.0
2010-07-16,17.22,17.3,16.59,16.63,13870722.0
2010-07-19,16.76,17.16,16.68,17.05,9719309.0
2010-07-20,16.62,16.85,16.28,16.79,14057952.0
2010-07-21,16.57,16.82,16.22,16.31,19155411.0
2010-07-22,16.48,16.8,16.35,16.64,14306978.0
2010-07-23,16.55,16.59,16.1,16.47,20986551.0
2010-07-26,16.5,16.55,16.19,16.31,13505641.0
2010-07-27,16.35,16.38,15.8,15.94,19317485.0
2010-07-28,15.92,16.0,15.33,15.37,22948102.0
2010-07-29,15.39,15.43,14.69,14.87,32718894.0
2010-07-30,14.69,15.08,14.4,14.92,31269811.0
2010-08-02,15.21,15.39,14.88,15.28,11731410.0
2010-08-03,15.18,15.2,14.88,14.97,9973408.0
2010-08-04,15.02,15.3,14.78,15.26,14800769.0
2010-08-05,15.4,15.62,15.11,15.14,14114385.0
2010-08-06,14.96,15.32,14.92,15.2,10610308.0
2010-08-09,15.32,15.52,15.08,15.4,7625456.0
2010-08-10,15.11,15.15,14.66,14.82,15465809.0
2010-08-11,14.49,14.62,14.26,14.55,17174190.0
2010-08-12,14.1,14.7,13.87,14.66,18988642.0
2010-08-13,14.63,14.95,14.5,14.51,12869024.0
2010-08-16,14.39,14.91,14.37,14.68,10802865.0
2010-08-17,14.88,15.1,14.69,14.75,9833214.0
2010-08-18,14.74,15.08,14.68,14.98,10816549.0
2010-08-19,14.92,15.06,14.65,14.91,17480872.0
2010-08-20,16.63,16.73,16.07,16.16,41255647.0
2010-08-23,16.4,16.44,15.65,15.72,19451577.0
2010-08-24,15.54,16.3,15.44,16.22,27857888.0
2010-08-25,16.26,16.59,15.89,16.53,21624076.0
2010-08-26,16.62,16.67,15.98,16.0,22707493.0
2010-08-27,16.21,16.71,15.7,16.57,19153911.0
2010-08-30,16.7,16.74,16.41,16.47,13567294.0
2010-08-31,16.34,16.55,15.74,15.91,16234272.0
2010-09-01,16.1,16.56,16.08,16.24,14936966.0
2010-09-02,16.34,16.81,16.18,16.81,11965806.0
2010-09-03,17.05,17.24,16.65,17.0,11345553.0
2010-09-07,16.95,17.29,16.88,17.13,16561803.0
2010-09-08,17.1,17.44,16.93,17.39,16721899.0
2010-09-09,17.44,17.59,17.16,17.4,14321788.0
2010-09-10,17.45,17.54,16.84,17.02,18177506.0
2010-09-13,17.18,17.64,17.15,17.47,14491172.0
2010-09-14,17.43,17.55,16.91,17.44,16557021.0
2010-09-15,17.32,17.39,17.0,17.32,11484971.0
2010-09-16,17.24,17.5,17.11,17.32,9940737.0
2010-09-17,17.67,17.99,17.64,17.91,18898807.0
2010-09-20,17.97,18.0,17.51,17.68,13380706.0
2010-09-21,17.75,17.75,17.5,17.54,10863137.0
2010-09-22,17.5,17.53,16.97,17.22,19249004.0
2010-09-23,17.1,17.78,16.85,17.35,12223486.0
2010-09-24,17.7,18.16,17.67,17.72,17590114.0
2010-09-27,17.74,17.77,17.39,17.43,13124021.0
2010-09-28,17.46,17.77,17.16,17.5,17065932.0
2010-09-29,17.47,17.82,17.37,17.7,12846388.0
2010-09-30,17.85,18.09,17.35,17.51,17328938.0
2010-10-01,17.64,17.99,17.46,17.5,15859196.0
2010-10-04,17.39,17.44,16.86,17.23,12848735.0
2010-10-05,17.11,17.15,16.5,16.9,34347486.0
2010-10-06,16.78,16.97,16.28,16.42,18062067.0
2010-10-07,16.47,16.74,16.26,16.58,10680792.0
2010-10-08,16.57,16.91,16.41,16.77,16751571.0
2010-10-11,16.89,16.98,16.69,16.71,7834358.0
2010-10-12,16.69,17.06,16.44,16.98,15386159.0
2010-10-13,17.14,17.44,16.75,17.31,15116100.0
2010-10-14,17.38,17.47,17.0,17.15,12242047.0
2010-10-15,17.23,17.39,16.95,17.11,15113042.0
2010-10-18,17.08,17.1,16.74,16.9,10394087.0
2010-10-19,16.77,17.02,16.51,16.71,11144343.0
2010-10-20,16.75,17.29,16.72,17.05,15274240.0
2010-10-21,17.08,17.24,16.87,17.23,11856234.0
2010-10-22,17.23,17.74,17.17,17.7,9180661.0
2010-10-25,17.79,17.98,17.39,17.57,14383136.0
2010-10-26,17.39,17.76,17.28,17.51,7460043.0
2010-10-27,17.68,18.82,17.62,18.7,28890982.0
2010-10-28,18.77,19.3,18.65,19.2,19631773.0
2010-10-29,19.31,19.42,18.97,19.28,15393560.0
2010-11-01,19.4,19.74,19.14,19.51,13795496.0
2010-11-02,19.8,20.09,19.58,19.63,16311201.0
2010-11-03,19.61,19.79,19.46,19.69,9954928.0
2010-11-04,19.98,20.7,19.84,20.52,15143234.0
2010-11-05,20.76,20.95,20.37,20.8,12425572.0
2010-11-08,20.65,21.0,20.65,20.77,6746437.0
2010-11-09,20.76,20.79,20.33,20.45,10424885.0
2010-11-10,20.5,20.55,19.96,20.26,10727156.0
2010-11-11,19.65,20.1,18.93,20.02,15637891.0
2010-11-12,19.96,20.37,19.47,19.83,13654042.0
2010-11-15,19.99,20.09,19.22,19.43,13889707.0
2010-11-16,19.33,19.44,18.82,18.94,13646331.0
2010-11-17,18.99,19.34,18.69,18.74,13169335.0
2010-11-18,19.09,19.31,18.86,18.94,18388418.0
2010-11-19,19.39,20.43,19.25,20.09,33654132.0
2010-11-22,20.04,20.25,19.82,20.0,11145113.0
2010-11-23,19.77,20.11,19.68,19.8,10386420.0
2010-11-24,19.99,20.05,19.7,19.81,10137053.0
2010-11-26,19.72,19.81,19.58,19.58,3601471.0
2010-11-29,19.53,19.76,19.06,19.4,11138242.0
2010-11-30,19.27,19.62,19.12,19.28,9085335.0
2010-12-01,19.63,20.2,19.61,20.2,15872513.0
2010-12-02,20.17,20.49,19.94,20.46,18773315.0
2010-12-03,20.0,20.55,19.9,20.44,13006193.0
2010-12-06,20.41,20.5,20.1,20.24,6898549.0
2010-12-07,20.53,20.65,20.16,20.19,7705120.0
2010-12-08,20.33,20.33,19.88,20.1,9493109.0
2010-12-09,20.26,20.28,19.73,19.75,8165580.0
2010-12-10,19.76,19.82,19.39,19.56,11118748.0
2010-12-13,19.65,19.82,19.11,19.15,12849929.0
2010-12-14,19.18,19.52,18.94,19.13,8130350.0
2010-12-15,19.09,19.3,18.6,18.62,11469455.0
2010-12-16,18.72,18.83,18.52,18.57,7891579.0
2010-12-17,18.74,19.12,18.66,18.86,20617981.0
2010-12-20,18.76,19.21,18.47,19.05,15355622.0
2010-12-21,19.1,19.17,19.0,19.07,7910457.0
2010-12-22,19.06,19.09,18.64,18.88,8287199.0
2010-12-23,18.83,19.05,18.77,18.93,5530562.0
2010-12-27,18.87,18.87,18.51,18.72,6343595.0
2010-12-28,18.74,18.75,18.37,18.55,6148460.0
2010-12-29,18.56,18.6,18.41,18.44,4007120.0
2010-12-30,18.43,18.44,18.19,18.37,5560080.0
2010-12-31,18.37,18.55,18.2,18.55,5687440.0
2011-01-03,18.74,18.9,18.39,18.54,13439137.0
2011-01-04,18.56,18.73,17.95,18.12,29106341.0
2011-01-05,18.01,18.56,17.78,18.56,15256417.0
2011-01-06,18.67,19.66,18.55,19.56,17353992.0
2011-01-07,19.85,20.34,19.46,20.04,23809985.0
2011-01-10,19.97,20.45,19.76,20.28,15554187.0
2011-01-11,20.47,20.66,20.25,20.52,11327315.0
2011-01-12,20.72,20.99,20.38,20.99,12941096.0
2011-01-13,21.0,21.5,20.77,21.43,15790890.0
2011-01-14,21.47,21.88,21.29,21.87,12481116.0
2011-01-18,21.54,22.01,21.54,21.89,10643557.0
2011-01-19,21.57,21.59,21.06,21.23,13419908.0
2011-01-20,20.79,20.87,20.06,20.43,18863910.0
2011-01-21,20.69,20.8,19.98,20.08,11909591.0
2011-01-24,20.14,20.44,19.91,19.97,12730215.0
2011-01-25,19.95,19.98,19.57,19.79,12220886.0
2011-01-26,19.95,20.11,19.64,20.01,7322982.0
2011-01-27,20.25,20.49,20.04,20.27,10328581.0
2011-01-28,20.28,20.31,19.09,19.16,17031830.0
2011-01-31,19.19,19.32,18.82,19.01,14053171.0
2011-02-01,19.25,19.77,19.13,19.57,12508310.0
2011-02-02,19.35,19.64,19.21,19.5,9701720.0
2011-02-03,19.41,19.71,19.34,19.48,12334347.0
2011-02-04,19.57,20.04,19.56,19.75,18173485.0
2011-02-07,19.82,20.24,19.7,20.09,14144902.0
2011-02-08,20.08,20.42,19.85,20.24,11278483.0
2011-02-09,20.19,20.31,19.79,19.87,10597090.0
2011-02-10,19.7,19.76,19.47,19.66,10685274.0
2011-02-11,19.59,19.87,19.51,19.75,7588246.0
2011-02-14,19.7,20.18,19.59,19.77,10210111.0
2011-02-15,19.72,19.77,18.63,18.78,32298167.0
2011-02-16,18.94,18.98,18.69,18.83,14228593.0
2011-02-17,18.74,19.34,18.65,19.02,12786054.0
2011-02-18,19.05,19.12,18.75,18.89,9349616.0
2011-02-22,18.45,18.67,18.15,18.23,13068613.0
2011-02-23,18.16,18.21,17.89,17.97,14077101.0
2011-02-24,17.95,18.16,17.6,18.01,13616550.0
2011-02-25,18.39,18.93,18.3,18.91,15571150.0
2011-02-28,18.9,18.91,18.15,18.28,17745350.0
2011-03-01,18.38,18.53,18.02,18.02,12319086.0
2011-03-02,17.95,18.26,17.9,17.99,10264016.0
2011-03-03,18.15,18.42,17.78,18.22,21865387.0
2011-03-04,16.71,17.0,15.99,16.13,60903976.0
2011-03-07,16.22,16.27,15.65,15.81,23722188.0
2011-03-08,15.84,16.23,15.81,16.19,19888931.0
2011-03-09,16.1,16.37,15.91,16.16,17607612.0
2011-03-10,15.89,16.19,15.71,15.84,18812963.0
2011-03-11,15.72,15.85,15.39,15.67,20049010.0
2011-03-14,15.51,15.72,15.34,15.63,15802595.0
2011-03-15,15.16,15.77,14.93,15.59,23059497.0
2011-03-16,15.44,15.86,15.35,15.36,17923032.0
2011-03-17,15.58,15.65,15.33,15.42,13971915.0
2011-03-18,15.55,15.75,15.43,15.62,15112852.0
2011-03-21,15.85,15.85,15.42,15.51,17792012.0
2011-03-22,15.5,15.81,15.17,15.63,15490658.0
2011-03-23,15.61,16.1,15.5,15.96,13244282.0
2011-03-24,16.1,16.5,16.04,16.31,12824039.0
2011-03-25,16.17,16.36,15.96,16.07,14107393.0
2011-03-28,16.08,16.22,15.8,16.15,15104585.0
2011-03-29,16.36,16.38,15.99,16.12,9172474.0
2011-03-30,16.28,16.35,15.92,15.97,14101914.0
2011-03-31,15.98,16.0,15.53,15.55,15945412.0
2011-04-01,15.63,15.99,15.59,15.93,22363175.0
2011-04-04,15.94,16.02,15.5,15.53,12528204.0
2011-04-05,15.73,15.98,15.7,15.85,12125967.0
2011-04-06,15.95,16.05,15.58,15.93,16039076.0
2011-04-07,15.96,16.48,15.95,16.16,27212903.0
2011-04-08,16.54,16.68,16.18,16.39,20364107.0
2011-04-11,16.35,16.41,15.78,16.05,24259557.0
2011-04-12,15.85,15.95,15.78,15.85,14991333.0
2011-04-13,15.95,16.03,15.58,15.65,13939757.0
2011-04-14,15.58,15.7,15.38,15.66,16878618.0
2011-04-15,15.66,16.05,15.55,15.97,16486433.0
2011-04-18,15.62,15.63,15.04,15.24,16867768.0
2011-04-19,15.19,15.41,14.92,15.38,13298006.0
2011-04-20,15.66,15.96,15.56,15.92,12936243.0
2011-04-21,15.99,16.05,15.63,15.7,8257463.0
2011-04-25,15.71,15.88,15.68,15.83,7652829.0
2011-04-26,15.87,15.9,15.7,15.81,8480846.0
2011-04-27,15.77,15.77,15.48,15.74,9276954.0
2011-04-28,15.72,15.93,15.63,15.83,12450395.0
2011-04-29,15.55,15.65,15.4,15.43,19738801.0
2011-05-02,15.46,15.49,15.25,15.29,8548615.0
2011-05-03,15.22,15.31,14.85,15.0,15750577.0
2011-05-04,14.99,15.17,14.88,15.0,10229368.0
2011-05-05,14.94,14.94,14.44,14.57,22533087.0
2011-05-06,14.67,14.87,14.45,14.68,11345273.0
2011-05-09,14.73,14.87,14.49,14.8,10506756.0
2011-05-10,14.96,15.17,14.86,15.05,12313017.0
2011-05-11,15.09,15.14,14.67,14.83,10895385.0
2011-05-12,14.81,15.02,14.69,14.94,8900549.0
2011-05-13,14.91,15.01,14.53,14.6,10615830.0
2011-05-16,14.51,14.54,14.08,14.19,15921473.0
2011-05-17,14.17,14.35,14.01,14.3,10434670.0
2011-05-18,14.31,14.59,14.3,14.54,5984373.0
2011-05-19,14.55,14.6,14.35,14.43,3864139.0
2011-05-20,14.38,14.5,14.15,14.34,8413250.0
2011-05-23,14.13,14.53,14.11,14.34,10691438.0
2011-05-24,14.42,14.52,14.18,14.21,7449754.0
2011-05-25,14.21,14.34,14.1,14.18,6240156.0
2011-05-26,14.24,14.64,14.07,14.56,16436489.0
2011-05-27,16.11,16.36,15.96,16.17,64358531.0
2011-05-31,16.24,16.36,15.92,16.24,18464312.0
2011-06-01,16.23,16.27,15.7,15.72,16254427.0
2011-06-02,15.75,15.88,15.65,15.73,11146504.0
2011-06-03,15.48,15.72,15.13,15.15,16282624.0
2011-06-06,15.13,15.28,14.94,14.96,7044087.0
2011-06-07,15.01,15.21,14.98,15.0,11331048.0
2011-06-08,14.93,15.02,14.65,14.71,11890337.0
2011-06-09,14.72,14.95,14.56,14.82,8119448.0
2011-06-10,14.73,14.8,14.32,14.4,13860508.0
2011-06-13,14.4,14.44,14.04,14.11,11427843.0
2011-06-14,14.28,14.68,14.2,14.22,13835710.0
2011-06-15,14.08,14.41,14.01,14.05,11128236.0
2011-06-16,14.05,14.13,13.66,13.79,9553969.0
2011-06-17,13.9,13.9,13.17,13.21,29757656.0
2011-06-20,13.35,13.65,13.28,13.4,14135329.0
2011-06-21,13.47,14.04,13.39,13.97,15344348.0
2011-06-22,13.96,14.11,13.8,13.89,8286701.0
2011-06-23,13.7,14.47,13.66,14.46,17405835.0
2011-06-24,14.43,14.54,14.03,14.06,19840374.0
2011-06-27,14.05,14.27,13.9,14.14,7392709.0
2011-06-28,14.18,14.32,14.07,14.15,7683316.0
2011-06-29,14.24,14.48,14.23,14.33,13076738.0
2011-06-30,14.4,14.84,14.37,14.77,9462376.0
2011-07-01,14.79,15.2,14.7,15.11,9706173.0
2011-07-05,15.28,15.34,15.05,15.19,10963116.0
2011-07-06,15.15,15.25,14.98,15.08,6590782.0
2011-07-07,15.21,15.61,15.13,15.39,10344748.0
2011-07-08,15.21,15.45,15.13,15.41,8560457.0
2011-07-11,15.15,15.24,14.8,14.86,8785402.0
2011-07-12,14.81,14.88,14.51,14.81,9036832.0
2011-07-13,14.85,15.03,14.6,14.72,9302012.0
2011-07-14,14.75,15.06,14.54,14.68,12456499.0
2011-07-15,14.71,14.93,14.54,14.87,9404001.0
2011-07-18,14.79,15.07,14.4,14.63,10637267.0
2011-07-19,14.78,15.23,14.71,15.18,8934498.0
2011-07-20,15.21,15.33,14.94,15.08,6013428.0
2011-07-21,15.06,15.27,14.68,15.15,9925682.0
2011-07-22,15.18,15.54,15.18,15.33,8288744.0
2011-07-25,15.19,15.4,15.09,15.29,6083863.0
2011-07-26,15.4,15.93,15.35,15.52,11230703.0
2011-07-27,15.38,15.38,15.01,15.04,8270024.0
2011-07-28,15.04,15.17,14.81,14.98,8530637.0
2011-07-29,14.8,15.02,14.68,14.82,8538283.0
2011-08-01,15.02,15.13,14.64,14.86,7809389.0
2011-08-02,14.74,14.98,14.26,14.27,8813092.0
2011-08-03,14.27,14.34,13.78,14.25,14066498.0
2011-08-04,13.99,14.08,13.45,13.46,14071046.0
2011-08-05,13.61,13.73,12.33,13.02,27488390.0
2011-08-08,12.33,12.83,11.77,11.96,26487483.0
2011-08-09,12.2,12.3,11.23,11.98,26655844.0
2011-08-10,11.75,12.29,11.41,11.94,22144802.0
2011-08-11,12.03,12.79,11.97,12.63,16175305.0
2011-08-12,12.72,12.85,12.39,12.58,7322527.0
2011-08-15,12.67,13.02,12.63,13.0,7296374.0
2011-08-16,12.86,13.22,12.74,12.94,11135223.0
2011-08-17,13.01,13.17,12.63,12.85,12327955.0
2011-08-18,12.46,12.53,11.9,11.97,15725041.0
2011-08-19,12.87,13.49,12.56,12.68,30482274.0
2011-08-22,13.0,13.1,12.45,12.56,13720630.0
2011-08-23,12.66,13.06,12.59,13.05,13322035.0
2011-08-24,12.99,13.09,12.69,13.07,10004397.0
2011-08-25,13.09,13.25,12.56,12.63,13973322.0
2011-08-26,12.54,12.99,12.4,12.89,9099305.0
2011-08-29,13.08,13.18,12.94,13.16,12463475.0
2011-08-30,13.08,13.31,13.02,13.22,9210092.0
2011-08-31,13.28,13.57,13.04,13.15,11133141.0
2011-09-01,13.22,13.33,13.02,13.02,6727259.0
2011-09-02,12.73,12.94,12.56,12.89,8173054.0
2011-09-06,12.32,12.85,12.3,12.83,7913967.0
2011-09-07,13.05,13.55,13.03,13.5,8482343.0
2011-09-08,13.43,13.87,13.3,13.43,9097405.0
2011-09-09,13.27,14.13,13.27,13.69,18818559.0
2011-09-12,13.5,14.4,13.3,14.39,16468128.0
2011-09-13,14.44,14.62,14.29,14.58,12883759.0
2011-09-14,14.68,15.01,14.47,14.8,14200453.0
2011-09-15,14.95,15.43,14.89,15.2,19796776.0
2011-09-16,15.08,15.37,14.98,15.17,11739810.0
2011-09-19,14.91,15.36,14.74,15.24,10912650.0
2011-09-20,15.17,15.39,15.0,15.02,11864056.0
2011-09-21,15.05,15.28,14.85,14.86,10942559.0
2011-09-22,14.31,14.7,14.23,14.57,17787711.0
2011-09-23,14.35,15.38,14.22,15.3,15147567.0
2011-09-26,15.4,15.5,14.86,15.35,10703449.0
2011-09-27,15.44,15.66,15.13,15.23,13284801.0
2011-09-28,15.31,15.36,14.86,14.89,12525863.0
2011-09-29,15.16,15.3,14.56,14.96,10857347.0
2011-09-30,14.74,14.87,14.5,14.52,14145938.0
2011-10-03,14.41,14.58,14.09,14.15,12398741.0
2011-10-04,13.98,14.65,13.72,14.55,17981616.0
2011-10-05,14.54,15.03,14.17,15.0,11467742.0
2011-10-06,15.01,15.55,14.96,15.43,13283561.0
2011-10-07,15.48,15.59,15.16,15.35,8948470.0
2011-10-10,15.6,15.91,15.47,15.67,7743709.0
2011-10-11,15.6,15.66,15.11,15.31,12966816.0
2011-10-12,15.45,15.45,14.94,15.11,19165699.0
2011-10-13,15.02,15.21,14.94,15.13,16933056.0
2011-10-14,15.34,15.34,14.7,14.98,16351136.0
2011-10-17,14.89,14.89,14.08,14.3,19390408.0
2011-10-18,14.31,14.62,14.11,14.56,17788040.0
2011-10-19,14.54,14.63,13.56,13.7,25561496.0
2011-10-20,12.99,13.63,12.99,13.32,30418573.0
2011-10-21,13.54,13.77,13.01,13.14,24074088.0
2011-10-24,13.22,13.82,13.2,13.8,22294745.0
2011-10-25,13.76,13.95,13.38,13.4,11992307.0
2011-10-26,13.64,13.79,13.24,13.66,11398914.0
2011-10-27,14.07,14.22,13.53,14.07,17821523.0
2011-10-28,14.03,14.29,13.87,14.09,11434245.0
2011-10-31,13.88,14.15,13.85,13.99,9183324.0
2011-11-01,13.62,13.67,13.31,13.52,15093341.0
2011-11-02,13.69,13.87,13.5,13.6,8689011.0
2011-11-03,13.72,13.91,13.26,13.9,11790669.0
2011-11-04,13.76,14.3,13.7,14.24,11726839.0
2011-11-07,14.24,14.41,14.01,14.39,11140785.0
2011-11-08,14.54,14.69,14.22,14.62,14345928.0
2011-11-09,14.23,14.46,14.05,14.11,11898919.0
2011-11-10,14.32,14.59,14.02,14.48,13610128.0
2011-11-11,14.59,15.03,14.53,14.92,11438959.0
2011-11-14,14.86,15.04,14.51,14.84,9279699.0
2011-11-15,14.79,15.17,14.66,15.08,12154990.0
2011-11-16,14.96,15.1,14.63,14.68,12267494.0
2011-11-17,14.134,14.3,13.58,13.76,26839341.0
2011-11-18,14.5,14.9,14.35,14.65,31037536.0
2011-11-21,14.4,14.62,14.13,14.38,15624467.0
2011-11-22,14.33,14.33,13.89,14.01,14338374.0
2011-11-23,13.88,13.9,13.24,13.39,12476187.0
2011-11-25,13.28,13.53,13.13,13.14,4484905.0
2011-11-28,13.61,13.68,13.23,13.38,9526320.0
2011-11-29,13.52,13.52,13.13,13.2,8374251.0
2011-11-30,13.55,14.15,13.38,14.12,13693942.0
2011-12-01,14.19,14.2,13.71,13.86,8822854.0
2011-12-02,14.43,14.47,13.76,13.79,13590022.0
2011-12-05,14.03,14.12,13.74,13.78,10821046.0
2011-12-06,13.84,14.21,13.74,14.1,12373263.0
2011-12-07,14.34,14.7,14.16,14.58,14271254.0
2011-12-08,14.35,14.55,14.12,14.15,8549057.0
2011-12-09,14.16,14.38,13.92,14.29,6789136.0
2011-12-12,14.13,14.16,13.9,14.11,7189360.0
2011-12-13,14.26,14.4,13.68,13.77,10199662.0
2011-12-14,13.77,13.91,13.42,13.49,8174292.0
2011-12-15,13.8,13.84,13.25,13.32,8414279.0
2011-12-16,13.35,13.65,13.325,13.52,8139371.0
2011-12-19,13.61,13.65,13.19,13.22,6930108.0
2011-12-20,13.4301,13.93,13.39,13.9,12354003.0
2011-12-21,13.89,13.98,13.56,13.79,8376368.0
2011-12-22,13.8,14.38,13.8,14.31,9551396.0
2011-12-23,14.29,14.36,14.07,14.14,4533533.0
2011-12-27,14.15,14.15,13.9,13.91,6446908.0
2011-12-28,13.96,13.96,13.68,13.73,5293762.0
2011-12-29,13.73,13.88,13.7,13.75,3107369.0
2011-12-30,13.7,13.88,13.7,13.85,3182412.0
2012-01-03,14.13,14.3,13.85,13.98,7046978.0
2012-01-04,13.95,14.22,13.8,14.19,7097620.0
2012-01-05,14.47,15.3,14.46,15.23,27001143.0
2012-01-06,15.28,15.78,15.24,15.72,23179924.0
2012-01-09,15.88,16.03,15.43,15.85,17819630.0
2012-01-10,16.01,16.06,15.53,15.62,15533313.0
2012-01-11,15.4,15.46,14.83,15.27,23509445.0
2012-01-12,15.22,15.35,15.02,15.23,9840353.0
2012-01-13,15.1,15.1,14.69,14.78,13651743.0
2012-01-17,14.99,15.05,14.39,14.46,16915292.0
2012-01-18,14.55,15.25,14.37,15.12,18902332.0
2012-01-19,15.23,15.63,15.21,15.46,12597824.0
2012-01-20,15.43,15.6,15.24,15.53,11168414.0
2012-01-23,15.52,16.0,15.34,15.97,20124274.0
2012-01-24,15.74,16.11,15.64,15.75,18576444.0
2012-01-25,15.78,16.12,15.5,16.02,12865540.0
2012-01-26,16.18,16.2,15.66,15.76,11323168.0
2012-01-27,15.27,16.29,15.23,15.79,23460460.0
2012-01-30,15.65,15.84,15.35,15.74,9781029.0
2012-01-31,15.85,15.94,15.47,15.54,8793959.0
2012-02-01,15.78,16.05,15.7,15.94,14224369.0
2012-02-02,16.0,16.56,15.76,16.51,13309952.0
2012-02-03,16.75,16.86,16.6,16.64,11676794.0
2012-02-06,16.55,16.56,16.21,16.34,8077973.0
2012-02-07,16.38,16.42,16.07,16.28,9217266.0
2012-02-08,16.31,16.73,16.25,16.43,8984268.0
2012-02-09,16.46,16.64,16.23,16.43,5808881.0
2012-02-10,16.2,16.28,16.02,16.05,6191157.0
2012-02-13,16.05,16.17,15.66,15.94,8576521.0
2012-02-14,15.87,16.03,15.75,16.0,6805189.0
2012-02-15,16.05,16.21,15.86,16.14,8026127.0
2012-02-16,16.23,16.78,16.21,16.73,9003121.0
2012-02-17,16.72,16.78,16.33,16.37,9627139.0
2012-02-21,16.39,16.53,15.99,16.0,12798184.0
2012-02-22,16.0,16.35,15.91,16.0,15894037.0
2012-02-23,15.97,16.08,15.66,16.06,16049944.0
2012-02-24,16.31,16.31,15.35,15.46,26893034.0
2012-02-27,15.35,15.55,15.22,15.32,13641920.0
2012-02-28,15.36,15.42,15.08,15.26,14525660.0
2012-02-29,15.27,15.28,14.89,15.0,14473868.0
2012-03-01,15.02,15.25,14.92,15.1,10878949.0
2012-03-02,15.04,15.25,14.955,15.07,12991696.0
2012-03-05,15.0,15.04,14.56,14.79,15285964.0
2012-03-06,14.56,14.79,14.47,14.62,10650721.0
2012-03-07,14.69,14.98,14.62,14.81,8150117.0
2012-03-08,14.88,15.04,14.8,14.96,13081885.0
2012-03-09,14.94,15.11,14.78,14.87,11425900.0
2012-03-12,14.87,15.21,14.78,15.04,11592197.0
2012-03-13,15.22,15.48,15.1,15.48,10555225.0
2012-03-14,15.62,15.73,15.14,15.37,12974578.0
2012-03-15,15.37,15.7,15.32,15.63,9896649.0
2012-03-16,15.6,15.73,15.36,15.38,8215196.0
2012-03-19,15.31,15.57,15.27,15.44,5464499.0
2012-03-20,15.34,15.82,15.31,15.76,11191976.0
2012-03-21,15.74,15.85,15.56,15.74,5764649.0
2012-03-22,15.62,15.97,15.55,15.78,10655611.0
2012-03-23,15.75,15.87,15.57,15.84,8087545.0
2012-03-26,15.9,16.0,15.75,15.87,8052852.0
2012-03-27,15.85,15.92,15.62,15.75,6887831.0
2012-03-28,15.76,15.91,15.57,15.62,7943483.0
2012-03-29,15.53,15.8,15.33,15.74,8021089.0
2012-03-30,15.78,15.8,15.49,15.73,7010287.0
2012-04-02,15.65,15.89,15.44,15.88,8221078.0
2012-04-03,15.78,15.88,15.55,15.65,11192714.0
2012-04-04,15.5,15.58,15.14,15.29,9247936.0
2012-04-05,15.19,15.33,15.1,15.14,5128123.0
2012-04-09,14.94,15.0,14.78,14.94,11006391.0
2012-04-10,14.94,14.99,14.54,14.75,15641805.0
2012-04-11,14.83,15.14,14.82,15.07,10004933.0
2012-04-12,15.04,15.44,15.03,15.31,4815833.0
2012-04-13,15.2,15.3,15.0,15.12,5189307.0
2012-04-16,15.17,15.41,15.03,15.25,6708836.0
2012-04-17,15.3,15.47,15.28,15.41,6641088.0
2012-04-18,15.3,15.67,15.12,15.6,8418624.0
2012-04-19,15.58,15.9,15.34,15.44,8236768.0
2012-04-20,15.42,15.51,15.18,15.2,8484390.0
2012-04-23,15.11,15.17,14.78,15.11,11558455.0
2012-04-24,15.15,15.2,14.69,14.72,7563566.0
2012-04-25,15.01,15.05,14.74,14.96,13347836.0
2012-04-26,14.99,15.37,14.93,15.35,13143558.0
2012-04-27,15.07,15.15,14.65,14.89,13391931.0
2012-04-30,14.87,15.06,14.73,15.01,8718367.0
2012-05-01,15.01,15.26,14.92,14.99,9856427.0
2012-05-02,14.88,14.98,14.73,14.82,7768140.0
2012-05-03,14.81,14.94,14.17,14.28,13179971.0
2012-05-04,14.22,14.34,13.8,14.02,10295802.0
2012-05-07,13.92,14.15,13.88,13.97,11615770.0
2012-05-08,13.92,13.94,13.57,13.9,14489951.0
2012-05-09,13.42,13.79,13.27,13.66,15596218.0
2012-05-10,13.72,13.78,13.4,13.56,9122080.0
2012-05-11,13.53,14.0,13.52,13.81,9607954.0
2012-05-14,13.67,13.81,13.49,13.53,8737152.0
2012-05-15,13.55,13.73,13.34,13.38,8849605.0
2012-05-16,13.43,13.76,13.42,13.56,14835325.0
2012-05-17,13.65,13.79,13.3,13.3,14602266.0
2012-05-18,13.81,13.84,12.67,12.755,25081621.0
2012-05-21,12.78,13.29,12.77,13.25,20246152.0
2012-05-22,13.26,13.26,12.78,12.99,24103156.0
2012-05-23,12.87,13.15,12.69,13.1,18618293.0
2012-05-24,13.11,13.11,12.75,12.86,13832863.0
2012-05-25,12.83,13.16,12.83,13.07,8254049.0
2012-05-29,13.14,13.27,12.95,13.05,10718070.0
2012-05-30,12.89,12.89,12.71,12.78,12064974.0
2012-05-31,12.74,12.79,12.4,12.53,13367945.0
2012-06-01,12.34,12.4,11.96,11.97,18855246.0
2012-06-04,12.04,12.28,11.89,12.02,8513013.0
2012-06-05,12.25,12.34,12.0,12.295,9071315.0
2012-06-06,12.36,12.7,12.35,12.66,8919829.0
2012-06-07,12.78,12.92,12.23,12.23,14188682.0
2012-06-08,12.1,12.35,12.03,12.28,8871030.0
2012-06-11,12.28,12.3695,11.89,11.905,9429641.0
2012-06-12,11.98,12.15,11.93,12.05,7668645.0
2012-06-13,12.0,12.01,11.67,11.77,12124282.0
2012-06-14,11.83,11.83,11.56,11.6,11950616.0
2012-06-15,11.57,11.7,11.5,11.52,9844482.0
2012-06-18,11.43,12.06,11.43,12.0,9658137.0
2012-06-19,11.99,12.15,11.9,12.1,6026046.0
2012-06-20,12.08,12.18,11.93,12.01,7223590.0
2012-06-21,11.96,12.0,11.36,11.4,9567307.0
2012-06-22,11.5,11.51,11.33,11.43,8632879.0
2012-06-25,11.36,11.45,11.02,11.05,12970208.0
2012-06-26,11.09,11.15,10.94,11.03,12293398.0
2012-06-27,11.12,11.43,10.99,11.33,14825325.0
2012-06-28,11.15,11.27,10.87,11.03,13372554.0
2012-06-29,11.23,11.32,11.14,11.28,9106513.0
2012-07-02,11.33,11.4,11.14,11.16,6784362.0
2012-07-03,11.12,11.22,11.06,11.12,3436912.0
2012-07-05,11.12,11.16,10.93,11.04,7313263.0
2012-07-06,10.96,11.01,10.64,10.8,10356209.0
2012-07-09,10.77,10.87,10.6,10.84,11103916.0
2012-07-10,10.84,10.96,10.56,10.65,8450120.0
2012-07-11,10.66,10.74,10.45,10.52,9238128.0
2012-07-12,10.42,10.51,10.27,10.44,10807738.0
2012-07-13,10.47,10.62,10.45,10.53,12058213.0
2012-07-16,10.48,10.6,10.36,10.38,9677080.0
2012-07-17,10.42,10.57,10.35,10.51,10818566.0
2012-07-18,10.48,11.01,10.44,10.87,7250141.0
2012-07-19,11.06,11.4,11.0,11.14,10887470.0
2012-07-20,11.17,11.22,10.8,10.86,8840542.0
2012-07-23,10.65,10.75,10.47,10.7,9373060.0
2012-07-24,10.69,10.75,10.48,10.65,7811940.0
2012-07-25,10.72,10.97,10.67,10.89,6573212.0
2012-07-26,11.43,11.52,11.18,11.4,14673573.0
2012-07-27,11.35,11.69,11.2,11.62,11288270.0
2012-07-30,11.55,11.75,11.22,11.33,7247919.0
2012-07-31,11.37,11.63,11.26,11.26,11167812.0
2012-08-01,11.32,11.42,10.96,11.14,11468462.0
2012-08-02,11.08,11.26,10.91,11.11,9691406.0
2012-08-03,11.21,11.44,11.15,11.35,11909838.0
2012-08-06,11.4,11.41,11.09,11.12,9163746.0
2012-08-07,11.2,11.76,11.17,11.68,12594838.0
2012-08-08,11.68,11.89,11.62,11.8,8094437.0
2012-08-09,11.8,11.98,11.77,11.94,7260196.0
2012-08-10,11.89,12.13,11.87,12.11,8047699.0
2012-08-13,12.11,12.2,11.81,11.99,6160955.0
2012-08-14,12.13,12.17,11.72,11.78,12870152.0
2012-08-15,11.78,11.97,11.77,11.94,8729075.0
2012-08-16,12.0,12.32,11.92,12.28,16812779.0
2012-08-17,10.73,10.85,10.3,10.54,54106896.0
2012-08-20,10.51,10.58,10.41,10.44,14119176.0
2012-08-21,10.45,10.74,10.45,10.62,11722821.0
2012-08-22,10.58,10.67,10.49,10.58,8893949.0
2012-08-23,10.53,10.56,10.35,10.42,8269184.0
2012-08-24,10.42,10.49,10.33,10.45,6801040.0
2012-08-27,10.47,10.49,10.32,10.35,5798461.0
2012-08-28,10.32,10.39,10.28,10.29,8241345.0
2012-08-29,10.29,10.6,10.28,10.48,15275266.0
2012-08-30,10.4,10.47,10.15,10.18,8641221.0
2012-08-31,10.24,10.31,10.03,10.16,9506546.0
2012-09-04,10.21,10.24,9.98,10.09,9959749.0
2012-09-05,10.11,10.3,10.02,10.24,7155497.0
2012-09-06,10.33,10.52,10.22,10.43,8086585.0
2012-09-07,10.41,10.54,10.33,10.48,5869368.0
2012-09-10,10.48,10.52,10.17,10.21,7997141.0
2012-09-11,10.24,10.37,10.12,10.35,6490264.0
2012-09-12,10.37,10.49,10.22,10.25,8200511.0
2012-09-13,10.11,10.28,9.98,10.2,11818776.0
2012-09-14,10.05,10.39,10.03,10.34,13140569.0
2012-09-17,10.23,10.29,10.07,10.1,7567245.0
2012-09-18,10.11,10.3,10.05,10.25,11494162.0
2012-09-19,10.31,10.33,10.07,10.09,9328751.0
2012-09-20,10.03,10.09,9.88,10.01,14157189.0
2012-09-21,10.05,10.12,9.79,9.81,14223575.0
2012-09-24,9.76,9.79,9.43,9.48,16389697.0
2012-09-25,9.5,9.6,9.24,9.24,11045952.0
2012-09-26,9.02,9.24,8.95,9.205,14762804.0
2012-09-27,9.23,9.41,9.11,9.33,13151993.0
2012-09-28,9.29,9.3,9.14,9.15,10196657.0
2012-10-01,9.18,9.34,9.11,9.19,8900398.0
2012-10-02,9.19,9.29,9.05,9.27,14936407.0
2012-10-03,9.28,9.35,9.16,9.19,14852556.0
2012-10-04,9.18,9.38,9.1,9.37,8263298.0
2012-10-05,9.39,9.5,9.21,9.25,8268918.0
2012-10-08,9.21,9.28,9.12,9.2,3998683.0
2012-10-09,9.18,9.24,8.97,9.0,10466008.0
2012-10-10,8.95,9.03,8.79,8.82,11751708.0
2012-10-11,8.87,9.0,8.7,8.88,21526641.0
2012-10-12,8.88,8.99,8.68,8.75,15317395.0
2012-10-15,8.74,8.87,8.67,8.71,10050102.0
2012-10-16,8.8,9.0,8.75,8.97,8285095.0
2012-10-17,8.92,9.05,8.81,9.0,11597443.0
2012-10-18,8.96,8.98,8.82,8.83,11000049.0
2012-10-19,7.95,7.96,7.52,7.57,54487589.0
2012-10-22,7.62,7.67,7.34,7.46,17762307.0
2012-10-23,7.36,7.72,7.32,7.62,16594242.0
2012-10-24,7.68,7.7,7.4,7.58,14488492.0
2012-10-25,7.66,7.76,7.51,7.74,10333314.0
2012-10-26,7.72,7.83,7.63,7.75,10853158.0
2012-10-31,7.77,7.98,7.75,7.89,9025242.0
2012-11-01,7.89,8.13,7.89,8.09,9030081.0
2012-11-02,8.03,8.13,7.94,7.98,7222893.0
2012-11-05,7.96,8.16,7.92,8.14,5873301.0
2012-11-06,8.17,8.25,8.04,8.16,8362536.0
2012-11-07,8.1,8.1,7.85,7.92,8227883.0
2012-11-08,7.94,7.99,7.8,7.83,5074354.0
2012-11-09,7.83,8.04,7.75,7.77,6744147.0
2012-11-12,7.84,7.84,7.64,7.78,4580999.0
2012-11-13,7.85,7.85,7.55,7.56,6240591.0
2012-11-14,7.64,7.69,7.34,7.36,12407077.0
2012-11-15,7.43,7.61,7.38,7.41,11996113.0
2012-11-16,7.55,7.6,7.05,7.4,20595698.0
2012-11-19,7.42,7.73,7.4,7.7,10262907.0
2012-11-20,7.65,7.81,7.57,7.81,15159779.0
2012-11-21,7.8,7.9,7.75,7.82,9120102.0
2012-11-23,7.84,8.08,7.82,8.07,4589781.0
2012-11-26,8.02,8.39,7.99,8.36,15421853.0
2012-11-27,8.35,8.45,8.26,8.29,11535346.0
2012-11-28,8.2,8.57,8.14,8.54,12998747.0
2012-11-29,8.63,8.715,8.35,8.48,13506856.0
2012-11-30,8.47,8.51,8.32,8.46,19913169.0
2012-12-03,8.55,8.57,8.42,8.51,10521039.0
2012-12-04,8.52,8.72,8.45,8.66,13837701.0
2012-12-05,8.62,8.75,8.55,8.73,16800412.0
2012-12-06,8.72,8.88,8.59,8.87,16157417.0
2012-12-07,8.95,8.96,8.74,8.79,10797464.0
2012-12-10,8.67,8.8,8.52,8.63,11268112.0
2012-12-11,8.64,8.7,8.55,8.64,13108790.0
2012-12-12,8.69,8.79,8.4,8.48,11347468.0
2012-12-13,8.49,8.56,8.25,8.34,9228291.0
2012-12-14,8.31,8.38,8.15,8.21,7885125.0
2012-12-17,8.25,8.35,8.15,8.32,8772428.0
2012-12-18,8.45,8.67,8.4,8.62,12543997.0
2012-12-19,8.75,8.86,8.67,8.71,10109822.0
2012-12-20,8.69,8.73,8.43,8.45,8287321.0
2012-12-21,8.2,8.38,8.15,8.34,18962738.0
2012-12-24,8.29,8.32,8.19,8.25,2526344.0
2012-12-26,8.25,8.37,7.19,7.4,30435670.0
2012-12-27,7.17,7.27,6.98,7.14,35280831.0
2012-12-28,7.08,7.21,7.05,7.17,19906700.0
2012-12-31,7.14,7.29,7.08,7.26,11255141.0
2013-01-02,7.45,7.58,7.18,7.39,18852121.0
2013-01-03,7.47,7.66,7.33,7.49,14385554.0
2013-01-04,7.51,7.85,7.42,7.81,17511101.0
2013-01-07,7.79,7.98,7.73,7.83,11854853.0
2013-01-08,7.9,8.11,7.87,7.91,14708546.0
2013-01-09,8.06,8.19,7.97,8.18,17503447.0
2013-01-10,8.25,8.5,8.21,8.48,17807327.0
2013-01-11,8.43,8.64,8.43,8.62,8996668.0
2013-01-14,8.63,8.76,8.39,8.74,12004561.0
2013-01-15,8.71,8.72,8.56,8.66,8006461.0
2013-01-16,8.62,8.76,8.61,8.73,5613366.0
2013-01-17,8.71,8.85,8.53,8.69,17066531.0
2013-01-18,8.58,8.7,8.5,8.68,8266760.0
2013-01-22,8.64,8.93,8.58,8.88,10979242.0
2013-01-23,8.88,9.38,8.73,9.31,27890686.0
2013-01-24,9.22,9.25,9.04,9.11,11419813.0
2013-01-25,9.18,9.36,9.12,9.16,8464276.0
2013-01-28,9.19,9.49,9.15,9.42,8544203.0
2013-01-29,9.26,9.47,9.25,9.45,10042973.0
2013-01-30,9.43,9.6,9.25,9.27,10116160.0
2013-01-31,9.3,9.36,9.17,9.25,7197807.0
2013-02-01,9.38,9.54,9.3,9.51,8209559.0
2013-02-04,9.42,9.53,9.26,9.28,6429133.0
2013-02-05,9.55,9.56,9.39,9.46,7120949.0
2013-02-06,9.5,9.56,9.43,9.5,6958264.0
2013-02-07,9.47,9.5,9.16,9.28,9249201.0
2013-02-08,9.29,9.48,9.25,9.46,7550681.0
2013-02-11,9.46,9.56,9.4,9.55,5034440.0
2013-02-12,9.52,9.61,9.42,9.45,7250257.0
2013-02-13,9.44,9.48,9.28,9.39,9029280.0
2013-02-14,9.34,9.57,9.3,9.52,7164445.0
2013-02-15,9.51,9.61,9.32,9.35,6682817.0
2013-02-19,9.38,9.38,9.22,9.28,10356380.0
2013-02-20,9.36,9.5,9.23,9.24,8929015.0
2013-02-21,9.3,9.56,9.16,9.47,15324586.0
2013-02-22,9.98,9.99,9.35,9.89,25406997.0
2013-02-25,9.95,10.13,9.85,9.85,13560554.0
2013-02-26,9.9,10.08,9.86,10.04,11061393.0
2013-02-27,10.0,10.38,9.99,10.28,8450490.0
2013-02-28,10.3,10.34,10.09,10.1,8769998.0
2013-03-01,10.08,10.32,9.95,10.27,8034242.0
2013-03-04,10.23,10.4,10.1,10.31,7815258.0
2013-03-05,10.32,10.46,10.28,10.37,8857100.0
2013-03-06,10.42,10.5,10.3,10.46,7707610.0
2013-03-07,10.51,10.55,10.29,10.37,5279165.0
2013-03-08,10.4,10.8,10.36,10.69,10595664.0
2013-03-11,10.66,10.73,10.62,10.69,5099488.0
2013-03-12,10.59,10.72,10.49,10.58,5354778.0
2013-03-13,10.64,10.71,10.49,10.7,6217918.0
2013-03-14,10.76,10.99,10.71,10.85,7846649.0
2013-03-15,10.8,10.84,10.57,10.7,7283146.0
2013-03-18,10.51,10.63,10.42,10.52,5589870.0
2013-03-19,10.53,10.57,10.16,10.32,8219388.0
2013-03-20,10.38,10.57,10.38,10.45,5813020.0
2013-03-21,10.41,10.43,10.13,10.14,9140029.0
2013-03-22,10.26,10.36,10.18,10.21,5087323.0
2013-03-25,10.23,10.36,10.18,10.28,5757037.0
2013-03-26,10.28,10.51,10.25,10.49,4379763.0
2013-03-27,10.46,10.55,10.36,10.51,3461095.0
2013-03-28,10.41,10.58,10.38,10.57,4664719.0
2013-04-01,10.54,10.58,10.33,10.39,4456823.0
2013-04-02,10.39,10.4,10.1,10.12,4672935.0
2013-04-03,10.17,10.28,9.96,10.01,8062335.0
2013-04-04,9.99,10.43,9.95,10.38,7569946.0
2013-04-05,10.15,10.31,10.04,10.28,7052454.0
2013-04-08,10.24,10.48,10.22,10.47,5208751.0
2013-04-09,10.47,10.51,10.12,10.41,8512680.0
2013-04-10,10.44,10.62,10.34,10.52,8594057.0
2013-04-11,10.38,10.46,10.18,10.32,7945321.0
2013-04-12,10.29,10.61,10.21,10.44,8641590.0
2013-04-15,10.33,10.36,10.15,10.15,9139038.0
2013-04-16,10.22,10.29,10.15,10.26,6112690.0
2013-04-17,10.18,10.19,9.79,9.86,9357381.0
2013-04-18,9.91,9.93,9.46,9.55,9976052.0
2013-04-19,9.57,9.74,9.49,9.73,6942317.0
2013-04-22,9.75,10.14,9.69,10.07,8852339.0
2013-04-23,10.17,10.33,10.07,10.21,6162753.0
2013-04-24,10.2,10.4,10.1,10.37,7567140.0
2013-04-25,10.41,10.68,10.35,10.56,6427933.0
2013-04-26,10.47,10.64,10.41,10.54,5721507.0
2013-04-29,10.53,10.76,10.53,10.64,6503901.0
2013-04-30,10.63,10.79,10.56,10.76,6631720.0
2013-05-01,10.75,10.99,10.72,10.9,10697455.0
2013-05-02,10.88,10.94,10.34,10.77,18057210.0
2013-05-03,10.89,10.99,10.66,10.71,6391974.0
2013-05-06,10.75,10.91,10.71,10.8,3176810.0
2013-05-07,10.78,10.8,10.46,10.6,8832026.0
2013-05-08,10.59,10.87,10.58,10.83,4465814.0
2013-05-09,10.77,10.83,10.64,10.8,6641771.0
2013-05-10,10.85,10.93,10.78,10.93,3723253.0
2013-05-13,10.94,11.25,10.89,11.07,8702451.0
2013-05-14,11.1,11.3,11.07,11.16,6567133.0
2013-05-15,11.18,11.38,11.15,11.23,4830901.0
2013-05-16,11.29,11.45,11.21,11.3,3808313.0
2013-05-17,11.38,11.53,11.35,11.43,5862407.0
2013-05-20,11.4,11.62,11.34,11.54,5024229.0
2013-05-21,11.52,11.69,11.42,11.59,6719294.0
2013-05-22,11.58,11.7,11.29,11.36,8025945.0
2013-05-23,11.13,11.41,10.8,11.31,11771263.0
2013-05-24,11.85,11.9,11.21,11.34,14337938.0
2013-05-28,11.44,11.51,11.28,11.29,7009700.0
2013-05-29,11.18,11.69,11.18,11.43,8858793.0
2013-05-30,11.45,11.5,10.98,11.05,10961249.0
2013-05-31,11.08,11.16,10.82,10.85,10434220.0
2013-06-03,10.86,11.01,10.57,10.89,9117709.0
2013-06-04,10.94,10.98,10.72,10.81,6938102.0
2013-06-05,10.73,10.83,10.63,10.71,6322313.0
2013-06-06,10.7,10.89,10.68,10.76,6177179.0
2013-06-07,10.8,11.35,10.74,11.24,11186847.0
2013-06-10,11.07,11.25,11.04,11.15,8983255.0
2013-06-11,10.95,11.15,10.82,10.87,9211813.0
2013-06-12,11.02,11.19,10.84,10.96,9283503.0
2013-06-13,11.0,11.09,10.88,11.03,6069178.0
2013-06-14,11.05,11.13,11.0,11.01,4029156.0
2013-06-17,11.2,11.38,11.16,11.34,7829846.0
2013-06-18,11.37,11.57,11.32,11.57,6058242.0
2013-06-19,11.52,11.6,11.22,11.24,5914215.0
2013-06-20,11.07,11.22,11.0,11.17,7151197.0
2013-06-21,11.23,11.29,11.06,11.19,7437034.0
2013-06-24,11.03,11.15,10.82,11.01,7763749.0
2013-06-25,11.22,11.53,11.15,11.46,9835995.0
2013-06-26,11.51,11.74,11.36,11.73,9383629.0
2013-06-27,11.79,11.94,11.73,11.83,6850217.0
2013-06-28,11.68,11.83,11.61,11.71,5603981.0
2013-07-01,11.89,12.01,11.73,11.75,5005960.0
2013-07-02,11.75,11.94,11.57,11.72,3469198.0
2013-07-03,11.69,11.99,11.65,11.93,3149326.0
2013-07-05,11.96,12.03,11.88,12.03,2936084.0
2013-07-08,12.03,12.08,11.51,11.54,5671541.0
2013-07-09,11.56,11.85,11.56,11.73,3292881.0
2013-07-10,11.73,11.8,11.62,11.71,3405284.0
2013-07-11,11.81,12.0,11.79,11.99,3625872.0
2013-07-12,11.95,12.09,11.89,12.01,2758692.0
2013-07-15,11.98,12.09,11.93,11.97,2861647.0
2013-07-16,11.99,12.02,11.74,11.86,4181294.0
2013-07-17,11.86,12.02,11.86,12.01,2687664.0
2013-07-18,12.0,12.0,11.73,11.87,3932127.0
2013-07-19,11.88,12.08,11.81,12.03,5359603.0
2013-07-22,12.08,12.08,11.93,11.95,3842299.0
2013-07-23,11.96,12.19,11.96,11.99,4506233.0
2013-07-24,12.01,12.22,11.94,11.98,4586163.0
2013-07-25,11.96,12.02,11.65,11.96,5205605.0
2013-07-26,11.84,11.95,11.81,11.89,1875006.0
2013-07-29,11.93,12.14,11.9,12.1,4689729.0
2013-07-30,12.18,12.7,12.12,12.64,9166984.0
2013-07-31,12.62,13.06,12.56,12.98,10268817.0
2013-08-01,13.1,13.18,12.95,13.07,6050600.0
2013-08-02,13.02,13.17,12.97,13.12,4076364.0
2013-08-05,13.03,13.11,12.97,13.01,4575751.0
2013-08-06,12.98,13.08,12.69,12.81,6026991.0
2013-08-07,12.83,12.97,12.74,12.86,6234685.0
2013-08-08,12.9,12.98,12.72,12.82,3007384.0
2013-08-09,12.81,12.97,12.68,12.7,3553810.0
2013-08-12,12.61,12.89,12.56,12.71,3713573.0
2013-08-13,13.06,13.47,13.0,13.38,7079437.0
2013-08-14,13.4,13.51,13.17,13.18,7485718.0
2013-08-15,13.07,13.18,12.92,13.04,4426867.0
2013-08-16,13.0,13.12,12.96,13.0,3486155.0
2013-08-19,13.02,13.22,12.96,13.15,3672518.0
2013-08-20,13.23,13.24,13.04,13.17,6693621.0
2013-08-21,13.08,13.21,12.99,13.05,6550148.0
2013-08-22,13.11,13.21,12.88,12.96,4231424.0
2013-08-23,12.73,12.73,11.68,12.19,21560305.0
2013-08-26,12.15,12.15,11.88,11.99,13564385.0
2013-08-27,11.9,11.9,11.63,11.64,12901999.0
2013-08-28,11.58,12.09,11.57,11.84,7756686.0
2013-08-29,11.85,12.02,11.8,12.02,5659165.0
2013-08-30,12.02,12.11,11.92,12.11,6783295.0
2013-09-03,12.16,12.42,12.16,12.26,6931722.0
2013-09-04,12.37,12.4,12.21,12.26,7195079.0
2013-09-05,12.27,12.41,11.99,12.02,8160103.0
2013-09-06,12.05,12.21,11.82,12.06,7305646.0
2013-09-09,12.08,12.59,12.08,12.57,7203308.0
2013-09-10,12.85,13.0,12.68,12.8,9017245.0
2013-09-11,12.69,12.86,12.69,12.81,5709993.0
2013-09-12,12.77,12.89,12.52,12.54,4533400.0
2013-09-13,12.59,12.66,12.44,12.65,3253515.0
2013-09-16,12.76,12.86,12.6,12.75,4049737.0
2013-09-17,12.78,12.89,12.63,12.67,3064517.0
2013-09-18,12.59,12.73,12.44,12.7,4853986.0
2013-09-19,12.7,12.82,12.5,12.56,3865550.0
2013-09-20,12.56,12.77,12.45,12.46,7225270.0
2013-09-23,12.5,12.57,11.71,12.03,19153198.0
2013-09-24,12.0,12.14,11.9,12.0,5442851.0
2013-09-25,12.0,12.09,11.9,11.96,4639956.0
2013-09-26,12.0,12.09,11.96,11.99,3298406.0
2013-09-27,11.95,11.97,11.68,11.68,7102037.0
2013-09-30,11.49,11.62,11.24,11.5,9124935.0
2013-10-01,11.43,11.57,11.21,11.27,11336905.0
2013-10-02,11.18,11.37,11.17,11.28,5689350.0
2013-10-03,11.28,11.38,11.06,11.31,5847530.0
2013-10-04,11.32,11.37,11.12,11.15,4479408.0
2013-10-07,11.05,11.16,10.95,11.03,3705204.0
2013-10-08,11.03,11.14,10.87,10.96,6620164.0
2013-10-09,10.98,11.17,10.92,11.08,10148176.0
2013-10-10,11.18,11.47,11.13,11.42,8365070.0
2013-10-11,11.46,11.47,11.22,11.28,3973827.0
2013-10-14,11.15,11.46,11.12,11.42,4713180.0
2013-10-15,11.53,11.57,11.31,11.31,5004534.0
2013-10-16,11.32,11.56,11.3,11.52,4394779.0
2013-10-17,11.44,11.75,11.4,11.75,4747040.0
2013-10-18,11.78,11.83,11.65,11.75,5402317.0
2013-10-21,11.78,12.03,11.73,12.02,5597975.0
2013-10-22,12.02,12.22,11.93,12.17,8738106.0
2013-10-23,12.04,12.13,11.92,11.97,13714306.0
2013-10-24,12.0,12.03,11.55,11.87,9590730.0
2013-10-25,11.89,12.04,11.88,11.96,5206929.0
2013-10-28,11.92,12.02,11.88,11.96,5460600.0
2013-10-29,11.95,12.03,11.9,12.0,4390538.0
2013-10-30,12.01,12.18,11.99,12.06,3136122.0
2013-10-31,12.06,12.17,11.88,12.0,5774115.0
2013-11-01,11.98,12.13,11.94,12.02,4717873.0
2013-11-04,12.1,12.1,11.96,12.01,3309246.0
2013-11-05,11.92,13.33,11.78,13.04,30211391.0
2013-11-06,13.02,13.16,12.81,13.01,12576968.0
2013-11-07,13.0,13.09,12.81,13.01,10350494.0
2013-11-08,13.03,13.35,13.0,13.35,6246177.0
2013-11-11,13.33,13.49,13.22,13.48,3295558.0
2013-11-12,13.4,13.68,13.35,13.67,6219965.0
2013-11-13,13.66,14.02,13.62,13.96,7441105.0
2013-11-14,13.89,13.93,13.56,13.69,6410707.0
2013-11-15,13.75,13.94,13.71,13.87,3632415.0
2013-11-18,13.93,13.99,13.78,13.79,4119078.0
2013-11-19,13.74,13.8,13.33,13.37,7295347.0
2013-11-20,13.28,13.4,13.14,13.3,6666478.0
2013-11-21,13.35,13.88,13.31,13.83,9017333.0
2013-11-22,14.5,14.64,14.21,14.58,12404390.0
2013-11-25,14.53,14.61,14.33,14.48,8914976.0
2013-11-26,14.44,14.59,14.2,14.27,5700605.0
2013-11-27,14.33,14.48,14.21,14.31,3321669.0
2013-11-29,14.28,14.45,14.2,14.23,1579238.0
2013-12-02,14.32,14.57,14.2,14.24,4946580.0
2013-12-03,14.12,14.14,13.87,14.12,8935403.0
2013-12-04,14.05,14.24,14.05,14.21,6115768.0
2013-12-05,14.16,14.19,13.8,13.85,6300447.0
2013-12-06,14.05,14.2,13.59,13.6,8264022.0
2013-12-09,13.39,13.6,13.32,13.42,8630042.0
2013-12-10,13.35,13.56,13.3,13.46,11448542.0
2013-12-11,13.54,13.84,13.45,13.49,7646580.0
2013-12-12,13.47,13.47,13.16,13.16,6031580.0
2013-12-13,13.25,13.31,13.12,13.15,4821985.0
2013-12-16,13.6,13.97,13.58,13.62,8884706.0
2013-12-17,13.69,13.75,13.55,13.56,6812820.0
2013-12-18,13.51,13.54,13.14,13.46,4457754.0
2013-12-19,13.4,13.6,13.36,13.45,3332645.0
2013-12-20,13.41,13.5,13.31,13.34,3216052.0
2013-12-23,13.4,13.48,13.25,13.45,3304273.0
2013-12-24,13.42,13.5,13.39,13.42,952095.0
2013-12-26,13.4,13.98,13.36,13.76,7582641.0
2013-12-27,13.85,13.89,13.6,13.63,2583504.0
2013-12-30,13.6,13.84,13.58,13.76,2905570.0
2013-12-31,14.31,14.64,14.26,14.38,10160586.0
2014-01-02,14.38,14.44,14.04,14.17,5272094.0
2014-01-03,14.16,14.25,14.06,14.16,2691358.0
2014-01-06,14.27,14.72,14.16,14.64,8749844.0
2014-01-07,14.65,15.12,14.65,14.7,12632460.0
2014-01-08,14.71,15.03,14.64,14.97,6496469.0
2014-01-09,15.11,15.3,15.04,15.15,6378140.0
2014-01-10,15.34,15.49,15.18,15.21,6934511.0
2014-01-13,15.16,15.29,15.1,15.23,4993333.0
2014-01-14,15.24,15.82,15.24,15.81,8447799.0
2014-01-15,15.58,15.75,15.28,15.52,11675041.0
2014-01-16,15.35,15.46,14.73,14.76,11260699.0
2014-01-17,14.77,14.96,14.57,14.68,6519446.0
2014-01-21,14.78,14.93,14.58,14.89,5426997.0
2014-01-22,14.9,15.35,14.89,15.33,6774431.0
2014-01-23,15.18,15.33,15.04,15.18,5288081.0
2014-01-24,15.05,15.1,14.76,14.76,5275588.0
2014-01-27,14.85,15.03,14.59,14.83,5180718.0
2014-01-28,14.76,14.94,14.54,14.93,5853603.0
2014-01-29,14.77,15.04,14.66,14.87,5181381.0
2014-01-30,15.03,15.15,14.91,15.03,3749241.0
2014-01-31,14.88,15.08,14.82,14.93,4202880.0
2014-02-03,14.98,14.99,14.4,14.45,5534335.0
2014-02-04,14.46,14.61,14.33,14.43,3380317.0
2014-02-05,14.41,14.64,14.35,14.53,3603941.0
2014-02-06,14.54,14.66,14.51,14.62,1999645.0
2014-02-07,14.65,14.96,14.64,14.9,4527811.0
2014-02-10,14.83,14.93,14.69,14.86,3746620.0
2014-02-11,14.86,14.9,14.53,14.82,3832838.0
2014-02-12,14.88,15.26,14.86,15.25,5154599.0
2014-02-13,15.15,15.3,15.06,15.23,3508723.0
2014-02-14,15.32,15.4,15.06,15.32,3233859.0
2014-02-18,15.36,15.83,15.34,15.73,6531194.0
2014-02-19,15.76,15.94,15.63,15.77,6137134.0
2014-02-20,15.71,16.15,15.71,16.13,7730256.0
2014-02-21,16.02,16.62,15.28,15.6,11432726.0
2014-02-24,15.56,15.88,15.4,15.42,7359503.0
2014-02-25,15.4,15.44,15.03,15.11,6855860.0
2014-02-26,15.1,15.42,15.09,15.28,3184497.0
2014-02-27,15.26,15.45,15.13,15.32,4979544.0
2014-02-28,15.35,15.49,15.2,15.29,3158055.0
2014-03-03,15.09,15.48,14.84,15.43,3938282.0
2014-03-04,15.5,15.7,15.5,15.67,3966919.0
2014-03-05,15.74,15.84,15.57,15.73,3322289.0
2014-03-06,15.79,15.92,15.72,15.87,4043855.0
2014-03-07,15.84,15.95,15.79,15.87,2941354.0
2014-03-10,15.79,15.89,15.52,15.59,2546379.0
2014-03-11,15.58,15.95,15.54,15.85,7231651.0
2014-03-12,15.73,15.92,15.68,15.89,6247838.0
2014-03-13,15.96,15.98,15.56,15.73,3688089.0
2014-03-14,15.65,15.89,15.63,15.81,4098233.0
2014-03-17,15.7,15.86,15.66,15.67,3440430.0
2014-03-18,15.62,15.95,15.6,15.83,4621279.0
2014-03-19,15.87,16.02,15.7,15.93,4595165.0
2014-03-20,15.93,16.21,15.9,16.18,4730432.0
2014-03-21,16.2,16.36,16.14,16.19,7935244.0
2014-03-24,16.25,16.25,15.87,15.9,4326187.0
2014-03-25,15.9,15.94,15.69,15.76,4371785.0
2014-03-26,15.85,15.89,15.29,15.3,4568910.0
2014-03-27,15.31,15.54,15.2,15.31,2980853.0
2014-03-28,15.49,15.53,15.36,15.43,2012511.0
2014-03-31,15.49,15.75,15.46,15.75,4956424.0
2014-04-01,16.31,16.65,16.14,16.2,13113708.0
2014-04-02,16.16,16.28,16.03,16.23,5157896.0
2014-04-03,16.2,16.34,15.88,15.88,4907705.0
2014-04-04,15.99,16.19,15.79,15.94,7439081.0
2014-04-07,15.85,16.07,15.75,15.81,4832058.0
2014-04-08,15.91,16.1,15.71,16.02,6393603.0
2014-04-09,16.04,16.19,15.89,15.94,3647457.0
2014-04-10,15.9,15.94,15.27,15.27,4228171.0
2014-04-11,15.24,15.42,14.92,14.94,3241429.0
2014-04-14,15.01,15.17,14.83,15.16,5282541.0
2014-04-15,15.23,15.29,14.97,15.22,3486831.0
2014-04-16,15.35,15.35,14.99,15.28,2595621.0
2014-04-17,15.29,15.68,15.16,15.61,3079180.0
2014-04-21,15.61,15.81,15.54,15.8,3566617.0
2014-04-22,15.75,15.89,15.66,15.79,1382047.0
2014-04-23,15.82,15.84,15.61,15.81,2438414.0
2014-04-24,15.81,15.98,15.76,15.9,2947271.0
2014-04-25,15.87,15.99,15.74,15.88,6475347.0
2014-04-28,15.9,15.92,15.64,15.72,6771193.0
2014-04-29,15.78,15.95,15.74,15.87,5159518.0
2014-04-30,15.73,15.92,15.69,15.86,4190688.0
2014-05-01,15.84,16.03,15.47,15.85,6403092.0
2014-05-02,15.86,15.94,15.7,15.83,2936063.0
2014-05-05,15.83,16.01,15.75,15.91,3854653.0
2014-05-06,15.93,15.94,15.37,15.4,3477704.0
2014-05-07,15.45,15.54,15.2,15.32,2663837.0
2014-05-08,15.31,15.7,15.29,15.4,2011633.0
2014-05-09,15.27,15.54,15.16,15.48,2359831.0
2014-05-12,15.52,15.72,15.52,15.64,3862281.0
2014-05-13,15.69,15.71,15.16,15.19,8483930.0
2014-05-14,15.17,15.43,15.15,15.3,2503007.0
2014-05-15,15.36,15.41,14.98,15.19,2158596.0
2014-05-16,15.08,15.33,15.0,15.33,2634589.0
2014-05-19,15.31,15.64,15.26,15.62,2967202.0
2014-05-20,15.63,15.67,15.26,15.27,2678747.0
2014-05-21,15.38,15.52,15.29,15.44,2411724.0
2014-05-22,15.35,15.63,15.35,15.59,4240812.0
2014-05-23,15.18,15.95,14.89,15.89,11121339.0
2014-05-27,15.97,16.0,15.71,15.76,3830841.0
2014-05-28,15.85,15.87,15.67,15.72,2689106.0
2014-05-29,15.75,15.88,15.66,15.74,3148189.0
2014-05-30,15.78,15.79,15.53,15.57,3970258.0
2014-06-02,15.6,15.96,15.58,15.92,6223780.0
2014-06-03,15.92,16.08,15.82,16.06,4736313.0
2014-06-04,16.0,16.09,15.86,16.02,4026821.0
2014-06-05,15.39,15.4,15.05,15.22,16134838.0
2014-06-06,15.27,15.36,15.18,15.21,3620974.0
2014-06-09,15.07,15.21,14.66,14.84,9699835.0
2014-06-10,14.73,15.12,14.72,14.83,6638566.0
2014-06-11,15.05,15.37,15.02,15.15,7533268.0
2014-06-12,15.14,15.24,14.88,14.94,5624589.0
2014-06-13,14.91,14.96,14.59,14.89,9544073.0
2014-06-16,14.82,14.95,14.52,14.59,6269482.0
2014-06-17,14.62,14.94,14.58,14.83,10345186.0
2014-06-18,14.83,15.04,14.75,14.78,5412678.0
2014-06-19,14.85,14.89,14.64,14.7,8112162.0
2014-06-20,14.78,14.88,14.61,14.83,12762016.0
2014-06-23,14.78,14.83,14.64,14.71,5762629.0
2014-06-24,14.73,14.73,14.35,14.37,7651631.0
2014-06-25,14.35,14.5,14.17,14.49,10618721.0
2014-06-26,14.44,14.48,14.3,14.35,4056174.0
2014-06-27,14.34,14.38,14.17,14.18,5199471.0
2014-06-30,14.14,14.41,14.12,14.33,7938018.0
2014-07-01,14.38,14.72,14.38,14.61,5630837.0
2014-07-02,14.61,14.62,14.49,14.54,3482026.0
2014-07-03,14.63,14.74,14.57,14.63,2418534.0
2014-07-07,14.6,14.67,14.45,14.54,3467441.0
2014-07-08,14.54,14.69,14.41,14.64,11127342.0
2014-07-09,14.29,14.53,14.21,14.33,6506165.0
2014-07-10,14.12,14.42,14.05,14.26,6375626.0
2014-07-11,14.34,14.35,14.07,14.11,3069162.0
2014-07-14,14.09,14.19,13.8,13.92,7725206.0
2014-07-15,14.01,14.19,13.9,14.18,8657003.0
2014-07-16,14.24,14.45,14.15,14.39,5846506.0
2014-07-17,14.34,14.49,14.09,14.1,3707352.0
2014-07-18,14.04,14.29,13.96,14.23,5651181.0
2014-07-21,14.15,14.24,14.05,14.2,4031407.0
2014-07-22,14.21,14.27,14.1,14.16,4671665.0
2014-07-23,14.16,14.2,13.94,13.95,4508310.0
2014-07-24,13.92,14.0,13.83,13.96,2459371.0
2014-07-25,13.92,13.93,13.38,13.39,8181780.0
2014-07-28,13.42,13.44,13.1,13.24,12388400.0
2014-07-29,13.3,13.48,13.24,13.41,9352034.0
2014-07-30,13.48,13.72,13.47,13.62,7568357.0
2014-07-31,13.46,13.57,13.2,13.34,6598910.0
2014-08-01,13.31,13.47,13.26,13.39,3112686.0
2014-08-04,13.44,13.46,13.27,13.31,2653412.0
2014-08-05,13.2,13.35,13.01,13.05,7225892.0
2014-08-06,13.01,13.24,12.96,13.09,4248997.0
2014-08-07,13.18,13.21,12.8,12.8,4373701.0
2014-08-08,12.85,12.93,12.73,12.92,6599730.0
2014-08-11,12.99,13.18,12.93,13.12,6367042.0
2014-08-12,13.16,13.26,13.0,13.08,3084195.0
2014-08-13,13.11,13.3,13.11,13.26,4106423.0
2014-08-14,13.29,13.51,13.25,13.33,4470964.0
2014-08-15,13.35,13.43,13.17,13.33,2851733.0
2014-08-18,13.34,13.44,13.3,13.43,4153644.0
2014-08-19,13.5,13.55,13.4,13.49,3011590.0
2014-08-20,13.52,13.73,13.46,13.54,4317723.0
2014-08-21,13.55,13.66,13.47,13.64,7926552.0
2014-08-22,13.6,13.94,13.38,13.87,12827874.0
2014-08-25,13.91,13.93,13.5,13.52,5675143.0
2014-08-26,13.54,13.57,13.44,13.49,4505392.0
2014-08-27,13.45,13.8,13.45,13.76,7166671.0
2014-08-28,13.65,13.93,13.65,13.92,5423359.0
2014-08-29,13.9,14.12,13.81,13.91,6451740.0
2014-09-02,13.94,13.96,13.8,13.85,4515867.0
2014-09-03,14.12,14.16,14.02,14.03,5132112.0
2014-09-04,14.03,14.15,13.95,14.13,5395550.0
2014-09-05,14.12,14.25,14.1,14.13,5174682.0
2014-09-08,14.13,14.19,13.99,14.02,3712733.0
2014-09-09,13.99,14.0,13.85,13.89,4026399.0
2014-09-10,13.85,13.92,13.78,13.89,2909124.0
2014-09-11,13.78,13.95,13.78,13.89,2254769.0
2014-09-12,13.79,13.94,13.75,13.86,3893772.0
2014-09-15,13.85,13.87,13.6,13.73,4005111.0
2014-09-16,13.73,13.98,13.68,13.92,5870156.0
2014-09-17,13.89,14.09,13.81,13.85,9179023.0
2014-09-18,13.94,13.95,13.81,13.89,3557685.0
2014-09-19,13.92,13.98,13.77,13.95,5409621.0
2014-09-22,13.86,13.87,13.56,13.57,4570533.0
2014-09-23,13.54,13.63,13.39,13.39,4832518.0
2014-09-24,13.73,13.92,13.56,13.81,17087285.0
2014-09-25,13.74,13.83,13.57,13.72,10142188.0
2014-09-26,13.78,13.83,13.61,13.63,2755498.0
2014-09-29,13.53,13.66,13.49,13.58,2267997.0
2014-09-30,13.59,13.59,13.42,13.48,3659031.0
2014-10-01,13.43,13.43,13.18,13.37,6746822.0
2014-10-02,13.35,13.39,13.01,13.14,5150183.0
2014-10-03,13.21,13.33,13.05,13.18,4516502.0
2014-10-06,13.17,13.31,13.07,13.15,5678000.0
2014-10-07,13.1,13.24,13.03,13.04,6606375.0
2014-10-08,13.11,13.39,13.0,13.35,6073210.0
2014-10-09,13.35,13.35,13.04,13.13,4338118.0
2014-10-10,12.87,12.96,12.08,12.19,17569133.0
2014-10-13,12.18,12.26,11.65,11.67,13606724.0
2014-10-14,11.9,12.19,11.71,11.9,8071409.0
2014-10-15,11.72,11.99,11.65,11.91,7276011.0
2014-10-16,11.78,12.25,11.72,12.15,6702910.0
2014-10-17,12.23,12.45,12.14,12.15,5223456.0
2014-10-20,12.16,12.51,12.11,12.47,4385086.0
2014-10-21,12.58,12.81,12.56,12.75,3891172.0
2014-10-22,12.83,12.85,12.5,12.68,5263604.0
2014-10-23,12.81,12.95,12.74,12.89,3241387.0
2014-10-24,12.93,13.1,12.87,13.03,3012025.0
2014-10-27,13.04,13.05,12.91,13.03,2620816.0
2014-10-28,13.06,13.17,13.03,13.07,3721269.0
2014-10-29,13.02,13.14,12.88,12.98,3501544.0
2014-10-30,12.91,12.91,12.55,12.7,3860893.0
2014-10-31,12.91,13.44,12.89,13.44,4573062.0
2014-11-03,13.4,13.67,13.36,13.53,3847654.0
2014-11-04,13.49,13.57,13.37,13.5,2905223.0
2014-11-05,13.54,13.7,13.4,13.7,4226519.0
2014-11-06,13.59,13.62,13.34,13.37,2276935.0
2014-11-07,13.35,13.46,13.25,13.38,1861092.0
2014-11-10,13.38,13.57,13.36,13.57,3446016.0
2014-11-11,13.54,13.62,13.25,13.34,2998185.0
2014-11-12,13.25,13.38,13.19,13.33,2170012.0
2014-11-13,12.96,13.18,12.84,12.9,8117579.0
2014-11-14,12.87,13.15,12.76,13.14,4448481.0
2014-11-17,13.09,13.14,12.81,13.04,4051855.0
2014-11-18,13.08,13.57,13.08,13.48,5006056.0
2014-11-19,13.46,13.48,13.25,13.37,4150008.0
2014-11-20,13.26,13.54,13.14,13.3,5507671.0
2014-11-21,13.75,14.44,13.7,13.99,14134949.0
2014-11-24,13.97,14.07,13.78,13.9,7057872.0
2014-11-25,13.89,14.15,13.87,14.07,6489204.0
2014-11-26,14.06,14.4,14.05,14.37,3912037.0
2014-11-28,14.33,14.34,14.15,14.32,2202734.0
2014-12-01,14.24,14.35,14.06,14.26,4137139.0
2014-12-02,14.25,14.52,14.23,14.5,5999154.0
2014-12-03,14.54,15.15,14.49,15.09,15420264.0
2014-12-04,14.95,15.09,14.81,15.01,7682259.0
2014-12-05,14.97,15.15,14.92,15.1,5748994.0
2014-12-08,14.79,15.28,14.78,15.23,11987725.0
2014-12-09,14.8,15.12,14.64,14.75,15734296.0
2014-12-10,14.73,14.93,14.27,14.29,6379197.0
2014-12-11,14.38,14.64,14.34,14.4,6611937.0
2014-12-12,14.42,14.48,14.18,14.19,5668593.0
2014-12-15,14.31,14.4,13.95,14.08,5533442.0
2014-12-16,14.07,14.22,13.78,13.79,4197534.0
2014-12-17,13.81,14.21,13.75,14.2,5544582.0
2014-12-18,14.4,14.4,14.13,14.19,3855919.0
2014-12-19,14.3,14.3,14.05,14.18,4559533.0
2014-12-22,14.09,14.43,14.09,14.42,2891246.0
2014-12-23,14.55,14.64,14.29,14.33,1485126.0
2014-12-24,14.38,14.42,14.29,14.33,556795.0
2014-12-26,14.35,14.46,14.31,14.37,2185787.0
2014-12-29,14.31,14.41,14.3,14.33,2222369.0
2014-12-30,14.3,14.52,14.18,14.47,3697080.0
2014-12-31,14.43,14.64,14.39,14.5,2882235.0
2015-01-02,14.55,14.69,14.32,14.52,3179799.0
2015-01-05,14.46,14.53,14.23,14.28,3481422.0
2015-01-06,14.3,15.04,13.84,14.83,16126346.0
2015-01-07,14.88,15.08,14.66,15.04,9601545.0
2015-01-08,15.12,16.19,15.12,16.02,27679701.0
2015-01-09,16.0,16.16,15.79,16.03,9152809.0
2015-01-12,15.91,16.09,15.83,15.92,9750611.0
2015-01-13,15.97,16.01,15.51,15.71,17136758.0
2015-01-14,15.5,15.89,15.46,15.51,18925926.0
2015-01-15,15.55,15.79,15.31,15.35,7399364.0
2015-01-16,15.28,15.67,15.2,15.54,5560697.0
2015-01-20,15.53,15.81,15.49,15.69,4269859.0
2015-01-21,15.55,15.8,15.55,15.76,4014809.0
2015-01-22,15.69,15.75,15.46,15.69,4296088.0
2015-01-23,15.68,15.9,15.36,15.52,7693245.0
2015-01-26,15.22,15.63,15.21,15.63,5822708.0
2015-01-27,15.47,15.62,15.34,15.48,3493348.0
2015-01-28,15.59,15.65,15.28,15.3,4505598.0
2015-01-29,15.38,15.53,14.93,15.27,6586177.0
2015-01-30,15.17,15.77,15.1,15.49,11557411.0
2015-02-02,15.47,15.51,14.9,15.4,8577678.0
2015-02-03,15.8,15.98,15.76,15.94,9321937.0
2015-02-04,15.73,16.19,15.71,16.13,8467561.0
2015-02-05,16.12,16.19,16.01,16.18,6680946.0
2015-02-06,16.2,16.4,16.18,16.23,7267825.0
2015-02-09,16.18,16.18,15.97,16.07,4412357.0
2015-02-10,16.2,16.42,16.11,16.35,7779633.0
2015-02-11,16.39,16.46,16.11,16.36,7328146.0
2015-02-12,16.48,16.56,16.2,16.51,6185342.0
2015-02-13,16.52,16.75,16.46,16.59,7985033.0
2015-02-17,16.52,16.56,16.2,16.34,10002723.0
2015-02-18,16.35,16.4,16.17,16.23,9004192.0
2015-02-19,16.24,16.45,16.19,16.4,8223567.0
2015-02-20,16.31,16.78,15.99,16.29,18541495.0
2015-02-23,16.21,16.26,15.99,16.09,5147394.0
2015-02-24,16.06,16.24,16.01,16.18,7421998.0
2015-02-25,15.94,16.44,15.94,16.34,11431816.0
2015-02-26,16.39,16.41,16.03,16.1,6481966.0
2015-02-27,16.1,16.26,16.07,16.12,9878774.0
2015-03-02,16.3,16.47,16.17,16.41,8150925.0
2015-03-03,16.2,16.35,15.96,16.0,8055803.0
2015-03-04,15.91,16.23,15.81,16.21,5227087.0
2015-03-05,16.28,16.51,16.11,16.51,7847515.0
2015-03-06,16.71,16.74,16.49,16.56,10584207.0
2015-03-09,16.5,16.66,16.42,16.5,6201592.0
2015-03-10,16.4,16.54,16.3,16.32,5585783.0
2015-03-11,16.35,16.39,16.14,16.19,5481042.0
2015-03-12,15.8,16.21,15.8,16.07,5129908.0
2015-03-13,16.02,16.15,15.91,16.06,4090017.0
2015-03-16,16.06,16.22,15.96,15.99,5374076.0
2015-03-17,16.01,16.04,15.66,15.73,7294434.0
2015-03-18,15.76,15.92,15.53,15.83,4311975.0
2015-03-19,15.78,16.0,15.75,15.8,3703034.0
2015-03-20,15.92,15.99,15.7,15.72,7464342.0
2015-03-23,15.7,15.79,15.52,15.58,7095072.0
2015-03-24,15.59,15.63,15.39,15.47,4594644.0
2015-03-25,15.56,15.56,14.85,14.87,11158502.0
2015-03-26,14.7,15.11,14.53,14.96,7742001.0
2015-03-27,14.95,15.29,14.79,15.24,7632273.0
2015-03-30,15.25,15.26,15.01,15.18,4602277.0
2015-03-31,15.17,15.17,14.65,14.7,8957917.0
2015-04-01,14.66,14.99,14.66,14.97,7544921.0
2015-04-02,14.89,15.0,14.76,14.77,4849620.0
2015-04-06,14.37,15.04,14.37,14.93,6616667.0
2015-04-07,15.07,15.3,14.93,15.06,5803579.0
2015-04-08,15.02,15.15,14.87,15.0,5439672.0
2015-04-09,15.1,15.4,14.98,15.38,6092508.0
2015-04-10,15.25,15.38,15.22,15.27,2623435.0
2015-04-13,15.24,15.39,15.15,15.26,4363227.0
2015-04-14,15.22,15.27,15.07,15.15,5355045.0
2015-04-15,15.25,15.38,15.13,15.36,4338533.0
2015-04-16,15.39,15.47,15.27,15.33,4672006.0
2015-04-17,15.2,15.28,14.89,15.01,4272993.0
2015-04-20,15.0,15.13,14.92,15.02,3837732.0
2015-04-21,15.13,15.16,14.9,14.94,3384350.0
2015-04-22,15.0,15.1,14.66,14.76,7905980.0
2015-04-23,14.42,14.58,14.4,14.54,10513115.0
2015-04-24,14.63,14.64,14.05,14.31,9715562.0
2015-04-27,13.82,14.32,13.71,14.07,14790387.0
2015-04-28,14.01,14.13,13.81,14.12,5986561.0
2015-04-29,13.81,14.18,13.81,14.06,7376399.0
2015-04-30,14.0,14.15,13.92,14.01,6961740.0
2015-05-01,14.1,14.37,14.02,14.3,4174306.0
2015-05-04,14.38,14.39,14.16,14.17,3635511.0
2015-05-05,14.11,14.13,13.82,13.9,5781567.0
2015-05-06,13.95,14.08,13.83,14.06,3892321.0
2015-05-07,14.05,14.15,13.97,14.09,4707570.0
2015-05-08,14.2,14.54,14.11,14.19,5690364.0
2015-05-11,14.17,14.2,14.07,14.08,2822288.0
2015-05-12,14.01,14.15,13.96,14.09,2879668.0
2015-05-13,14.13,14.31,14.05,14.11,2563137.0
2015-05-14,14.2,14.29,14.12,14.24,3990103.0
2015-05-15,14.27,14.36,14.25,14.29,3185169.0
2015-05-18,14.35,14.41,14.25,14.39,4041939.0
2015-05-19,14.38,14.41,14.12,14.16,3009629.0
2015-05-20,14.07,14.28,14.07,14.14,3158744.0
2015-05-21,14.12,14.51,14.04,14.37,6843129.0
2015-05-22,14.06,14.21,13.05,13.14,20867143.0
2015-05-26,13.41,13.5,13.19,13.44,12119274.0
2015-05-27,13.45,13.94,13.29,13.9,13306211.0
2015-05-28,14.2,14.34,13.97,14.2,14602213.0
2015-05-29,14.08,14.26,13.86,13.99,10582654.0
2015-06-01,14.18,14.38,13.99,14.09,10126601.0
2015-06-02,14.08,14.11,13.94,14.01,6947516.0
2015-06-03,14.1,14.33,14.04,14.1,10375317.0
2015-06-04,14.04,14.19,13.93,14.12,6319944.0
2015-06-05,14.1,14.26,14.05,14.2,6796087.0
2015-06-08,14.11,14.15,13.85,13.89,6222603.0
2015-06-09,13.91,14.18,13.91,14.13,8601535.0
2015-06-10,14.11,14.19,14.0,14.17,9788898.0
2015-06-11,14.16,14.47,14.16,14.47,9551467.0
2015-06-12,14.34,14.39,14.21,14.29,6110660.0
2015-06-15,14.16,14.17,14.07,14.09,6726879.0
2015-06-16,14.14,14.19,13.9,14.13,7132625.0
2015-06-17,14.12,14.16,14.03,14.1,6825568.0
2015-06-18,14.31,14.52,14.3,14.46,9426450.0
2015-06-19,14.54,14.71,14.49,14.6,7633681.0
2015-06-22,14.64,14.73,14.48,14.59,6622851.0
2015-06-23,14.63,14.68,14.47,14.49,6118158.0
2015-06-24,14.6,14.61,14.33,14.35,5077320.0
2015-06-25,14.36,14.57,14.32,14.32,4537924.0
2015-06-26,14.24,14.32,13.89,13.93,8462528.0
2015-06-29,13.74,13.75,13.25,13.28,8575929.0
2015-06-30,13.41,13.42,13.08,13.19,7352077.0
2015-07-01,13.25,13.36,13.23,13.3,4932621.0
2015-07-02,13.31,13.49,13.28,13.42,3596139.0
2015-07-06,13.29,13.4,13.1,13.26,6022671.0
2015-07-07,13.39,13.39,12.78,13.16,5781163.0
2015-07-08,13.02,13.09,12.76,12.82,4608279.0
2015-07-09,13.01,13.08,12.4,12.4,7442170.0
2015-07-10,12.52,12.6,12.37,12.51,4569168.0
2015-07-13,12.76,13.38,12.56,13.19,16087204.0
2015-07-14,13.18,13.18,12.85,12.92,7471692.0
2015-07-15,12.94,12.99,12.62,12.71,4543534.0
2015-07-16,12.8,12.88,12.7,12.78,3365896.0
2015-07-17,12.87,13.07,12.53,12.85,11257741.0
2015-07-20,12.86,12.94,12.56,12.58,6114711.0
2015-07-21,12.59,12.69,12.53,12.58,3583936.0
2015-07-22,12.42,12.48,12.26,12.4,6469835.0
2015-07-23,12.5,12.64,12.27,12.42,4888790.0
2015-07-24,12.53,12.55,12.17,12.19,4148877.0
2015-07-27,12.09,12.33,11.95,12.29,4032527.0
2015-07-28,12.37,12.65,12.25,12.44,4778684.0
2015-07-29,12.4,12.59,12.22,12.58,2934331.0
2015-07-30,12.73,12.76,12.52,12.65,3359807.0
2015-07-31,12.64,12.72,12.44,12.44,3987796.0
2015-08-03,12.41,12.5,12.34,12.48,3276787.0
2015-08-04,12.28,13.18,12.06,12.26,12873905.0
2015-08-05,12.45,13.35,12.38,12.86,13779082.0
2015-08-06,12.95,12.98,12.19,12.44,6833774.0
2015-08-07,12.4,12.55,12.23,12.51,5939788.0
2015-08-10,12.54,12.72,12.53,12.64,4759546.0
2015-08-11,12.63,12.77,12.46,12.55,5832107.0
2015-08-12,12.41,12.51,12.16,12.4,5286099.0
2015-08-13,12.37,12.41,12.15,12.26,4254269.0
2015-08-14,12.36,12.5,12.23,12.43,3161754.0
2015-08-17,12.14,12.58,12.14,12.42,3132139.0
2015-08-18,12.43,12.48,12.15,12.16,4399676.0
2015-08-19,12.34,12.34,11.89,11.91,5422708.0
2015-08-20,11.45,12.08,11.11,11.42,11948792.0
2015-08-21,11.4,11.46,11.13,11.17,6382147.0
2015-08-24,10.1,11.19,10.1,10.61,12090370.0
2015-08-25,11.08,11.15,10.37,10.38,6400579.0
2015-08-26,10.68,10.97,10.0,10.48,7518221.0
2015-08-27,10.58,11.14,10.52,11.12,8816344.0
2015-08-28,11.1,11.37,10.97,11.32,6471046.0
2015-08-31,11.27,11.42,11.16,11.27,3399582.0
2015-09-01,10.96,11.22,10.84,10.89,3788968.0
2015-09-02,11.14,11.17,10.83,11.02,4142169.0
2015-09-03,11.14,11.26,11.03,11.12,3389834.0
2015-09-04,10.97,11.09,10.82,10.85,3430863.0
2015-09-08,10.88,11.0,10.61,10.91,4200339.0
2015-09-09,11.05,11.06,10.51,10.54,3381904.0
2015-09-10,10.53,10.69,10.42,10.55,3391948.0
2015-09-11,8.22,9.09,8.21,8.84,45292725.0
2015-09-14,8.65,8.7,8.44,8.62,15023203.0
2015-09-15,8.65,8.71,8.5,8.64,9783483.0
2015-09-16,8.65,9.08,8.64,9.04,8961845.0
2015-09-17,9.06,9.1,8.83,8.9,6356663.0
2015-09-18,8.78,8.82,8.52,8.65,7862278.0
2015-09-21,8.71,8.75,8.52,8.65,5839594.0
2015-09-22,8.58,8.88,8.5,8.84,10640177.0
2015-09-23,8.79,8.91,8.6,8.72,8491064.0
2015-09-24,8.7,9.16,8.51,9.03,12867294.0
2015-09-25,9.43,9.7,8.97,9.33,31103487.0
2015-09-28,9.16,9.28,9.03,9.05,6097395.0
2015-09-29,9.24,9.29,8.93,9.05,10514595.0
2015-09-30,9.24,9.3,8.91,9.05,12216238.0
2015-10-01,8.98,9.02,8.69,8.85,13252455.0
2015-10-02,8.81,9.1,8.65,9.08,14169505.0
2015-10-05,9.27,9.37,9.11,9.13,8773890.0
2015-10-06,9.28,9.54,9.15,9.48,10231389.0
2015-10-07,9.64,9.73,9.37,9.49,8196357.0
2015-10-08,9.54,9.54,9.37,9.43,5145386.0
2015-10-09,9.4,9.61,9.37,9.41,2928291.0
2015-10-12,9.16,9.28,9.05,9.25,5016749.0
2015-10-13,9.26,9.44,9.22,9.29,4334602.0
2015-10-14,9.26,9.59,9.25,9.53,7702025.0
2015-10-15,9.59,9.74,9.35,9.42,7703949.0
2015-10-16,9.42,9.64,9.24,9.35,8355018.0
2015-10-19,9.4,9.61,9.3,9.45,5992236.0
2015-10-20,9.46,9.58,9.14,9.22,8164792.0
2015-10-21,9.42,9.42,9.08,9.09,8747628.0
2015-10-22,9.15,9.22,9.03,9.14,11425939.0
2015-10-23,9.28,9.62,9.17,9.56,8303957.0
2015-10-26,9.49,9.54,9.36,9.45,6784292.0
2015-10-27,7.61,8.19,7.55,8.05,51478184.0
2015-10-28,7.8,8.35,7.8,8.28,10012805.0
2015-10-29,8.32,8.4,8.19,8.22,6419934.0
2015-10-30,8.25,8.29,8.13,8.21,8252150.0
2015-11-02,8.21,8.41,8.19,8.4,3991021.0
2015-11-03,8.43,8.57,8.4,8.55,5578760.0
2015-11-04,8.55,8.88,8.51,8.62,8109181.0
2015-11-05,8.62,8.8,8.6,8.7,4906327.0
2015-11-06,8.68,8.98,8.61,8.9,5651403.0
2015-11-09,8.88,9.02,8.82,8.9,5126136.0
2015-11-10,8.89,8.95,8.62,8.73,4952215.0
2015-11-11,8.78,8.84,8.61,8.81,4249037.0
2015-11-12,8.67,8.82,8.6,8.6,3442542.0
2015-11-13,8.56,8.63,8.4,8.52,3244499.0
2015-11-16,8.54,8.62,8.41,8.62,4625328.0
2015-11-17,8.61,8.66,8.41,8.5,5850082.0
2015-11-18,8.6,8.6,8.42,8.48,5897559.0
2015-11-19,8.46,8.81,8.43,8.77,4760708.0
2015-11-20,8.76,8.86,8.69,8.71,2325951.0
2015-11-23,8.71,8.74,8.63,8.66,3806829.0
2015-11-24,8.64,8.78,8.54,8.55,3744146.0
2015-11-25,8.53,8.57,8.45,8.5,5020624.0
2015-11-27,8.54,8.74,8.48,8.74,1146789.0
2015-11-30,8.78,8.86,8.69,8.86,4819092.0
2015-12-01,8.91,9.42,8.87,9.38,6729052.0
2015-12-02,9.41,9.6,9.38,9.55,5825468.0
2015-12-03,9.59,9.62,9.01,9.1,5229404.0
2015-12-04,9.17,9.29,8.99,9.24,4647428.0
2015-12-07,8.75,9.55,8.71,9.09,5709907.0
2015-12-08,8.82,8.9,8.37,8.42,8312826.0
2015-12-09,8.43,8.65,8.22,8.27,5499328.0
2015-12-10,8.29,8.48,8.2,8.42,3102594.0
2015-12-11,8.26,8.39,8.16,8.23,3946676.0
2015-12-14,8.16,8.23,7.98,8.04,4199492.0
2015-12-15,8.12,8.29,8.05,8.24,4775509.0
2015-12-16,8.32,8.57,8.21,8.56,5724177.0
2015-12-17,8.6,8.66,8.41,8.47,5785816.0
2015-12-18,8.35,8.58,8.3,8.57,7085840.0
2015-12-21,8.58,8.69,8.47,8.55,3430578.0
2015-12-22,8.53,8.69,8.31,8.68,2702466.0
2015-12-23,8.59,8.94,8.59,8.94,3433484.0
2015-12-24,8.95,9.05,8.86,9.02,829273.0
2015-12-28,8.94,8.97,8.79,8.89,1579185.0
2015-12-29,8.89,8.99,8.87,8.96,2799600.0
2015-12-30,8.89,9.02,8.76,8.76,1887528.0
2015-12-31,8.77,8.96,8.7,8.82,3018554.0
2016-01-04,8.67,8.84,8.63,8.8,6680515.0
2016-01-05,8.74,8.85,8.5,8.52,4968580.0
2016-01-06,8.43,8.44,8.03,8.05,7374548.0
2016-01-07,7.92,8.17,7.85,8.13,6480427.0
2016-01-08,8.34,8.34,8.16,8.22,5879773.0
2016-01-11,8.24,8.36,8.17,8.32,4981237.0
2016-01-12,8.41,8.65,8.3,8.48,5152258.0
2016-01-13,8.55,8.65,8.15,8.29,5745736.0
2016-01-14,8.26,8.49,8.13,8.34,5135708.0
2016-01-15,8.12,8.24,7.96,8.11,6940160.0
2016-01-19,8.43,8.43,7.73,7.77,6357412.0
2016-01-20,7.63,8.0,7.4,7.91,6162407.0
2016-01-21,7.94,8.19,7.78,8.11,7685452.0
2016-01-22,8.25,8.34,8.13,8.18,3901321.0
2016-01-25,8.13,8.32,8.08,8.18,4315896.0
2016-01-26,8.19,8.42,8.15,8.33,4473952.0
2016-01-27,8.21,8.38,8.03,8.19,4910435.0
2016-01-28,8.26,8.39,8.18,8.38,4550629.0
2016-01-29,8.37,8.86,8.37,8.85,6687647.0
2016-02-01,8.71,9.09,8.55,8.93,6969526.0
2016-02-02,8.85,8.95,8.63,8.67,10769024.0
2016-02-03,9.01,9.31,8.63,9.27,15421129.0
2016-02-04,9.12,9.5,9.0,9.3,4798513.0
2016-02-05,9.21,9.33,8.94,8.96,4278282.0
2016-02-08,8.92,8.96,8.72,8.85,5644731.0
2016-02-09,8.68,8.91,8.62,8.7,5845878.0
2016-02-10,8.72,8.88,8.54,8.58,4566059.0
2016-02-11,8.5,8.57,8.32,8.41,3706382.0
2016-02-12,8.44,8.73,8.42,8.61,2367214.0
2016-02-16,8.66,9.12,8.66,9.12,3157647.0
2016-02-17,9.21,9.39,9.1,9.3,4775927.0
2016-02-18,9.53,9.77,9.21,9.28,5345951.0
2016-02-19,9.31,9.37,9.05,9.16,4008170.0
2016-02-22,9.14,9.39,9.14,9.3,4719272.0
2016-02-23,9.3,9.4,9.22,9.26,4349625.0
2016-02-24,9.17,9.54,9.09,9.49,4038848.0
2016-02-25,9.51,9.59,9.29,9.55,3211885.0
2016-02-26,9.6,9.64,9.46,9.54,6593363.0
2016-02-29,9.58,9.73,9.51,9.55,3301636.0
2016-03-01,9.8,9.95,9.71,9.75,6725468.0
2016-03-02,9.75,10.02,9.69,9.94,7995636.0
2016-03-03,10.0,10.02,9.69,9.8,5242564.0
2016-03-04,9.61,9.85,9.55,9.75,4062108.0
2016-03-07,10.01,10.19,9.78,10.17,5836230.0
2016-03-08,9.92,10.05,9.7,9.84,4218638.0
2016-03-09,9.9,9.9,9.72,9.87,3312551.0
2016-03-10,9.9,10.02,9.82,10.0,4278920.0
2016-03-11,10.02,10.3,10.02,10.28,2898382.0
2016-03-14,10.15,10.33,10.15,10.26,4123630.0
2016-03-15,10.19,10.24,10.17,10.22,3026164.0
2016-03-16,10.16,10.39,10.13,10.27,3438539.0
2016-03-17,10.22,10.36,10.08,10.27,3323549.0
2016-03-18,10.22,10.38,10.22,10.37,4500899.0
2016-03-21,10.37,10.52,10.26,10.48,2258070.0
2016-03-22,10.37,10.51,10.29,10.41,4377069.0
2016-03-23,10.33,10.4,10.22,10.29,2809480.0
2016-03-24,10.14,10.26,10.05,10.24,1766097.0
2016-03-28,10.24,10.26,10.13,10.19,2036413.0
2016-03-29,10.11,10.38,10.04,10.31,2999990.0
2016-03-30,10.2,10.4,10.2,10.32,2678681.0
2016-03-31,10.32,10.49,10.3,10.31,5217776.0
2016-04-01,9.83,10.04,9.74,9.94,8303853.0
2016-04-04,9.95,10.0,9.57,9.62,4192389.0
2016-04-05,10.74,10.93,10.55,10.88,20773815.0
2016-04-06,10.99,11.0,10.61,10.91,9489629.0
2016-04-07,10.75,10.98,10.67,10.69,4231264.0
2016-04-08,10.93,10.93,10.48,10.52,3030488.0
2016-04-11,10.61,10.88,10.54,10.69,2787576.0
2016-04-12,10.69,10.72,10.57,10.66,2196183.0
2016-04-13,10.71,10.86,10.66,10.78,3027123.0
2016-04-14,10.68,10.74,10.23,10.46,7814668.0
2016-04-15,10.37,10.43,10.14,10.18,5593771.0
2016-04-18,10.09,10.13,9.88,9.9,11158742.0
2016-04-19,9.96,10.0,9.76,9.8,4254040.0
2016-04-20,9.77,9.97,9.72,9.88,3549840.0
2016-04-21,9.91,9.95,9.78,9.81,2014255.0
2016-04-22,9.95,10.44,9.95,10.18,7376672.0
2016-04-25,10.18,10.23,9.92,9.95,3628652.0
2016-04-26,9.98,10.1,9.96,9.96,3403685.0
2016-04-27,9.92,10.39,9.92,10.38,6272648.0
2016-04-28,10.4,10.88,10.26,10.44,9517468.0
2016-04-29,10.41,10.48,9.91,9.98,10192855.0
2016-05-02,9.95,10.01,9.68,9.75,5410184.0
2016-05-03,9.85,9.91,9.6,9.65,5548889.0
2016-05-04,9.63,9.72,9.42,9.48,4054166.0
2016-05-05,9.51,9.58,9.34,9.55,4732236.0
2016-05-06,9.48,9.58,9.43,9.57,2563815.0
2016-05-09,9.86,10.0,9.57,9.66,4059029.0
2016-05-10,9.65,9.89,9.57,9.74,2617291.0
2016-05-11,9.69,9.81,9.65,9.72,1899091.0
2016-05-12,9.76,9.8,9.39,9.51,2306340.0
2016-05-13,9.55,9.68,9.45,9.52,2844592.0
2016-05-16,9.55,9.76,9.53,9.7,2890495.0
2016-05-17,9.71,9.9,9.6,9.73,2935523.0
2016-05-18,9.68,10.05,9.56,9.8,3023726.0
2016-05-19,9.75,9.92,9.65,9.73,3976395.0
2016-05-20,9.85,10.01,9.81,9.94,6322314.0
2016-05-23,9.95,10.08,9.91,9.93,5205890.0
2016-05-24,9.96,10.04,9.91,10.01,3366054.0
2016-05-25,10.03,10.16,9.9,10.06,4561600.0
2016-05-26,10.11,10.2,10.05,10.15,8219174.0
2016-05-27,10.15,10.26,10.04,10.07,3778557.0
2016-05-31,10.04,10.29,9.52,10.23,4917074.0
2016-06-01,10.19,10.26,10.13,10.25,2125155.0
2016-06-02,10.19,10.31,10.16,10.28,2437872.0
2016-06-03,10.26,10.3,10.1,10.17,2375752.0
2016-06-06,10.18,10.2,9.99,10.01,3522146.0
2016-06-07,10.06,10.14,10.04,10.1,3627596.0
2016-06-08,10.09,10.22,10.05,10.18,4548179.0
2016-06-09,9.95,10.3,9.95,10.26,3246385.0
2016-06-10,9.79,10.12,9.54,9.82,19122383.0
2016-06-13,9.7,9.81,9.59,9.71,5710878.0
2016-06-14,9.68,9.97,9.67,9.91,8743300.0
2016-06-15,9.96,10.14,9.93,10.04,4194338.0
2016-06-16,10.02,10.35,9.91,10.31,5900366.0
2016-06-17,10.32,10.34,10.0,10.02,6536476.0
2016-06-20,10.16,10.34,10.08,10.14,4919077.0
2016-06-21,10.2,10.28,10.05,10.09,9349527.0
2016-06-22,10.1,10.27,10.04,10.22,6834922.0
2016-06-23,10.31,10.42,10.22,10.41,3811001.0
2016-06-24,10.03,10.14,9.77,9.78,7979740.0
2016-06-27,9.65,9.71,9.05,9.12,8960492.0
2016-06-28,9.2,9.33,9.13,9.23,5383086.0
2016-06-29,9.34,9.47,9.28,9.44,4258724.0
2016-06-30,9.47,9.56,9.35,9.53,5310844.0
2016-07-01,9.49,9.62,9.49,9.53,2512512.0
2016-07-05,9.54,9.54,9.31,9.37,2037630.0
2016-07-06,9.33,9.46,9.13,9.44,2573687.0
2016-07-07,9.63,9.78,9.56,9.77,4868190.0
2016-07-08,9.82,10.0,9.8,10.0,3384480.0
2016-07-11,10.08,10.2,9.99,10.0,2556625.0
2016-07-12,10.25,10.32,10.04,10.05,4393779.0
2016-07-13,10.07,10.17,10.0,10.01,3237131.0
2016-07-14,10.1,10.15,10.02,10.09,1845526.0
2016-07-15,10.1,10.18,9.99,10.0,1946290.0
2016-07-18,10.1,10.24,9.91,10.08,5288982.0
2016-07-19,10.01,10.08,9.68,9.85,6764369.0
2016-07-20,10.4,11.4,10.37,11.24,26370666.0
2016-07-21,11.18,11.29,11.02,11.28,12722358.0
2016-07-22,11.37,11.71,11.24,11.71,13958829.0
2016-07-25,11.67,11.72,11.49,11.54,9962289.0
2016-07-26,11.6,11.72,11.49,11.64,12087089.0
2016-07-27,11.75,11.9,11.47,11.67,9173069.0
2016-07-28,12.0,12.05,11.51,11.89,17393658.0
2016-07-29,11.88,12.0,11.64,11.75,9856475.0
2016-08-01,11.8,11.95,11.72,11.85,8221873.0
2016-08-02,11.84,11.88,11.36,11.36,5784331.0
2016-08-03,11.31,11.41,11.27,11.3,5348587.0
2016-08-04,11.3,11.49,11.27,11.41,3882805.0
2016-08-05,11.46,11.51,11.4,11.41,2375534.0
2016-08-08,11.46,11.55,11.37,11.41,3892679.0
2016-08-09,11.42,11.62,11.42,11.59,4307188.0
2016-08-10,11.59,11.59,11.41,11.47,2496710.0
2016-08-11,11.5,11.54,11.34,11.42,2969291.0
2016-08-12,11.44,11.51,11.38,11.4,2273324.0
2016-08-15,11.39,11.74,11.3,11.7,6660893.0
2016-08-16,11.69,11.73,11.52,11.54,2254258.0
2016-08-17,11.47,11.64,11.42,11.61,3775849.0
2016-08-18,11.64,11.7,11.38,11.65,2948049.0
2016-08-19,11.72,12.23,11.68,12.15,8795307.0
2016-08-22,12.18,12.46,12.04,12.43,8211613.0
2016-08-23,12.56,12.58,12.17,12.22,3464867.0
2016-08-24,12.22,12.39,12.05,12.11,2806252.0
2016-08-25,12.13,12.27,12.09,12.18,2614988.0
2016-08-26,12.14,12.46,12.14,12.27,4581545.0
2016-08-29,12.4,12.6,12.28,12.3,2659748.0
2016-08-30,12.27,12.48,12.17,12.3,3011566.0
2016-08-31,12.42,12.59,12.29,12.4,4895686.0
2016-09-01,12.45,12.88,12.4,12.87,8179508.0
2016-09-02,12.96,13.06,12.7,13.01,7731502.0
2016-09-06,12.51,12.94,12.13,12.94,21742598.0
2016-09-07,12.57,12.82,12.55,12.63,7478444.0
2016-09-08,12.59,12.83,12.52,12.55,6410324.0
2016-09-09,12.54,12.69,12.09,12.31,6891497.0
2016-09-12,12.07,12.54,12.03,12.54,6237246.0
2016-09-13,12.42,12.64,12.26,12.45,4178548.0
2016-09-14,12.48,12.55,12.25,12.46,2831976.0
2016-09-15,12.49,12.7,12.45,12.57,4362865.0
2016-09-16,12.95,12.99,12.6,12.74,9954143.0
2016-09-19,12.77,13.04,12.77,12.9,9253994.0
2016-09-20,12.9,12.94,12.55,12.59,4774696.0
2016-09-21,12.7,12.94,12.65,12.92,5813901.0
2016-09-22,12.95,13.04,12.84,12.96,3400724.0
2016-09-23,12.91,13.12,12.73,13.01,5331995.0
2016-09-26,12.9,13.02,12.83,12.87,6302073.0
2016-09-27,12.83,13.1,12.77,13.09,5479160.0
2016-09-28,13.15,13.45,13.04,13.17,7100680.0
2016-09-29,13.18,13.46,13.05,13.24,6707513.0
2016-09-30,13.25,13.56,13.25,13.27,7375593.0
2016-10-03,13.2,13.33,13.0,13.02,4013050.0
2016-10-04,13.07,13.23,12.95,13.02,3315153.0
2016-10-05,13.1,13.24,13.09,13.17,2248973.0
2016-10-06,13.13,13.2,12.98,13.18,1914366.0
2016-10-07,13.16,13.18,13.03,13.11,2538526.0
2016-10-10,13.16,13.26,13.08,13.17,1666777.0
2016-10-11,13.14,13.2,12.73,12.83,5039846.0
2016-10-12,13.16,13.2,12.79,12.94,4372285.0
2016-10-13,12.8,13.05,12.58,13.0,4670230.0
2016-10-14,13.1,13.2,12.98,13.0,3459053.0
2016-10-17,13.0,13.02,12.78,12.87,3287268.0
2016-10-18,13.0,13.04,12.94,13.01,2187708.0
2016-10-19,12.84,13.02,12.76,12.91,3741116.0
2016-10-20,12.91,13.13,12.85,13.05,3417181.0
2016-10-21,12.99,13.07,12.84,12.9,2676974.0
2016-10-24,12.95,13.08,12.91,13.07,1943286.0
2016-10-25,13.1,13.32,12.97,13.16,3578307.0
2016-10-26,13.05,13.51,13.05,13.4,5968007.0
2016-10-27,13.42,13.61,13.1,13.12,3973275.0
2016-10-28,13.54,13.54,13.05,13.1,7225105.0
2016-10-31,13.14,13.2,12.95,13.03,2958935.0
2016-11-01,13.18,13.23,12.79,12.95,4219350.0
2016-11-02,12.95,13.1,12.85,12.94,3856208.0
2016-11-03,12.85,12.89,12.41,12.63,4594421.0
2016-11-04,12.57,12.68,12.44,12.52,3844461.0
2016-11-07,12.69,12.87,12.6,12.85,4462122.0
2016-11-08,12.81,12.87,12.68,12.7,3028345.0
2016-11-09,12.39,12.78,12.3,12.7,4299395.0
2016-11-10,12.83,12.96,12.31,12.49,4804002.0
2016-11-11,12.48,12.99,12.48,12.98,6271045.0
2016-11-14,12.98,13.24,12.88,13.19,6260870.0
2016-11-15,13.31,13.52,13.15,13.43,4803416.0
2016-11-16,13.41,13.52,13.36,13.43,3932994.0
2016-11-17,13.45,13.58,13.23,13.36,7845961.0
2016-11-18,14.69,14.8,14.15,14.8,25437256.0
2016-11-21,14.73,14.99,14.67,14.75,9770020.0
2016-11-22,14.82,14.88,14.73,14.81,5527509.0
2016-11-23,14.75,14.82,14.61,14.69,3734360.0
2016-11-25,14.64,14.79,14.61,14.66,1412732.0
2016-11-28,14.53,14.7,14.46,14.48,4930400.0
2016-11-29,14.44,14.5,14.3,14.38,3883538.0
2016-11-30,14.35,14.54,14.3,14.34,5543143.0
2016-12-01,14.33,14.46,13.85,13.98,7527898.0
2016-12-02,13.86,14.06,13.8,14.02,4081617.0
2016-12-05,13.59,14.21,13.59,14.03,7528445.0
2016-12-06,14.13,14.19,14.03,14.06,3405068.0
2016-12-07,14.08,14.43,14.03,14.37,6400986.0
2016-12-08,14.35,14.42,14.22,14.25,4509385.0
2016-12-09,14.4,14.45,14.26,14.35,6258799.0
2016-12-12,14.18,14.31,14.01,14.17,3747197.0
2016-12-13,14.18,14.36,14.15,14.31,4530154.0
2016-12-14,14.31,14.41,14.23,14.26,2833936.0
2016-12-15,14.33,14.53,14.3,14.49,3305881.0
2016-12-16,14.54,14.67,14.32,14.32,5331716.0
2016-12-19,14.32,14.4,14.19,14.2,3685014.0
2016-12-20,14.24,14.4,14.18,14.34,3476483.0
2016-12-21,14.35,14.5,14.35,14.38,2912471.0
2016-12-22,14.46,14.46,14.16,14.29,2924814.0
2016-12-23,14.23,14.36,14.23,14.32,1395692.0
2016-12-27,14.33,14.45,14.28,14.34,1659964.0
2016-12-28,14.34,14.35,14.09,14.14,2445724.0
2016-12-29,14.1,14.23,14.01,14.11,3334170.0
2016-12-30,14.1,14.19,13.84,13.87,3147284.0
2017-01-03,13.93,14.12,13.85,14.05,5121547.0
2017-01-04,14.04,14.26,14.04,14.24,4478753.0
2017-01-05,14.26,14.41,14.03,14.04,3006391.0
2017-01-06,14.08,14.23,13.94,14.18,2695832.0
2017-01-09,14.18,14.39,14.14,14.37,4363659.0
2017-01-10,14.37,14.59,14.37,14.56,4929420.0
2017-01-11,14.51,14.6,14.38,14.54,4407634.0
2017-01-12,14.44,14.53,14.07,14.42,3201670.0
2017-01-13,14.48,14.6,14.45,14.47,2149358.0
2017-01-17,14.39,14.51,14.19,14.22,1978373.0
2017-01-18,14.3,14.31,14.11,14.21,1960280.0
2017-01-19,14.18,14.26,14.1,14.1,2185491.0
2017-01-20,14.15,14.26,14.08,14.11,3401910.0
2017-01-23,14.04,14.15,13.83,13.95,4831837.0
2017-01-24,14.01,14.52,13.97,14.51,8416836.0
2017-01-25,14.66,15.28,14.65,15.26,13865763.0
2017-01-26,15.36,15.45,15.08,15.12,7608768.0
2017-01-27,15.11,15.24,15.05,15.09,2596690.0
2017-01-30,14.97,15.08,14.8,14.91,3847285.0
2017-01-31,14.97,14.97,14.69,14.87,3233675.0
2017-02-01,15.49,15.59,15.13,15.33,8472072.0
2017-02-02,15.25,15.42,15.17,15.39,6223532.0
2017-02-03,15.45,15.76,15.38,15.72,7292392.0
2017-02-06,15.79,15.88,15.65,15.76,5165355.0
2017-02-07,15.86,15.89,15.56,15.72,4592262.0
2017-02-08,15.75,15.83,15.63,15.68,2793252.0
2017-02-09,15.65,15.71,15.49,15.66,4082249.0
2017-02-10,15.68,15.73,15.46,15.48,2230002.0
2017-02-13,15.6,15.73,15.53,15.68,2620484.0
2017-02-14,15.75,15.76,15.48,15.58,2469125.0
2017-02-15,15.59,15.82,15.54,15.81,5892535.0
2017-02-16,15.81,15.88,15.67,15.79,2906942.0
2017-02-17,15.7,15.82,15.56,15.81,2536916.0
2017-02-21,15.86,16.26,15.82,16.21,6043811.0
2017-02-22,16.23,16.3,16.11,16.28,3537020.0
2017-02-23,16.3,16.3,15.86,16.01,4809785.0
2017-02-24,15.8,16.04,15.55,16.01,3785719.0
2017-02-27,16.02,16.04,15.8,16.02,5707965.0
2017-02-28,16.07,16.08,15.57,15.6,6865173.0
2017-03-01,15.95,16.0,15.77,15.93,11465392.0
2017-03-02,15.94,16.0,15.74,15.85,9179077.0
2017-03-03,16.25,16.37,15.93,16.09,13947200.0
2017-03-06,16.01,16.09,15.67,16.03,7754387.0
2017-03-07,16.0,16.13,15.84,15.94,4147501.0
2017-03-08,15.99,16.11,15.83,15.84,4115919.0
2017-03-09,15.8,15.93,15.76,15.83,3347269.0
2017-03-10,15.96,16.56,15.93,16.39,11111766.0
2017-03-13,16.7,16.72,16.15,16.27,10474590.0
2017-03-14,16.19,16.2,15.96,16.02,5895800.0
2017-03-15,16.05,16.13,15.97,16.0,3809184.0
2017-03-16,16.01,16.23,16.0,16.07,3892237.0
2017-03-17,16.06,16.16,15.99,16.12,5021429.0
2017-03-20,16.1,16.33,16.08,16.25,5733364.0
2017-03-21,16.3,16.34,15.65,15.7,9768785.0
2017-03-22,15.64,16.0,15.52,15.85,8221422.0
2017-03-23,15.77,16.12,15.72,15.91,4919590.0
2017-03-24,16.06,16.11,15.85,15.9,6088527.0
2017-03-27,15.7,15.81,15.45,15.73,5613231.0
2017-03-28,15.72,15.81,15.57,15.7,6630885.0
2017-03-29,15.65,15.81,15.62,15.74,4339030.0
2017-03-30,15.69,15.75,15.59,15.61,6500202.0
2017-03-31,15.49,15.58,15.26,15.26,7280787.0
2017-04-03,15.14,15.24,14.86,15.0,10896678.0
2017-04-04,14.91,15.06,14.87,14.96,5285832.0
2017-04-05,15.02,15.19,14.94,14.99,8699390.0
2017-04-06,15.16,15.21,14.9,15.1,8914182.0
2017-04-07,15.1,15.21,15.04,15.14,4794239.0
2017-04-10,15.17,15.24,15.01,15.08,3401653.0
2017-04-11,15.0,15.06,14.65,14.85,9600714.0
2017-04-12,14.8,14.86,14.58,14.81,9673193.0
2017-04-13,14.78,14.89,14.66,14.68,7409084.0
2017-04-17,14.73,14.88,14.66,14.83,3886412.0
2017-04-18,14.75,14.92,14.73,14.89,3497841.0
2017-04-19,14.97,15.23,14.83,14.9,5760720.0
2017-04-20,14.96,15.01,14.74,14.94,4632632.0
2017-04-21,14.88,15.04,14.72,14.9,3125900.0
2017-04-24,15.09,15.14,14.9,15.06,3394430.0
2017-04-25,15.12,15.56,15.11,15.49,9710823.0
2017-04-26,14.82,15.17,14.69,14.72,8307158.0
2017-04-27,14.95,15.16,14.9,15.09,5845588.0
2017-04-28,15.19,15.19,14.95,15.02,8507189.0
2017-05-01,15.03,15.12,14.94,14.99,3186108.0
2017-05-02,14.97,15.03,14.68,14.74,5444971.0
2017-05-03,14.69,15.16,14.64,15.11,6747393.0
2017-05-04,15.13,15.27,14.97,15.08,5547922.0
2017-05-05,15.08,15.18,15.02,15.16,4013939.0
2017-05-08,15.18,15.22,15.02,15.14,4449597.0
2017-05-09,15.16,15.55,15.1,15.54,4809319.0
2017-05-10,15.65,15.76,15.59,15.75,5772440.0
2017-05-11,15.7,15.82,15.57,15.71,3963287.0
2017-05-12,15.73,15.78,15.51,15.53,1950498.0
2017-05-15,15.62,16.12,15.5,16.11,7786922.0
2017-05-16,16.19,16.26,15.93,16.25,7247397.0
2017-05-17,16.14,16.14,15.25,15.26,10225810.0
2017-05-18,15.27,15.69,15.27,15.51,6230254.0
2017-05-19,15.6,16.09,15.6,16.01,8602643.0
2017-05-22,16.12,16.66,15.97,16.19,5693437.0
2017-05-23,16.25,16.39,16.08,16.36,9650595.0
2017-05-24,16.45,16.85,16.33,16.78,10956042.0
2017-05-25,16.84,17.14,16.78,16.94,17021002.0
2017-05-26,17.39,17.76,17.09,17.67,20181981.0
2017-05-30,17.74,17.8,17.2,17.37,10606552.0
2017-05-31,17.48,17.55,17.16,17.24,12083655.0
2017-06-01,17.29,17.79,17.28,17.78,11255177.0
2017-06-02,17.77,17.78,17.42,17.59,8213151.0
2017-06-05,17.59,17.68,17.51,17.53,5833774.0
2017-06-06,17.36,17.92,17.36,17.81,6680691.0
2017-06-07,17.81,17.86,17.56,17.72,6955568.0
2017-06-08,17.68,17.87,17.6,17.84,7666116.0
2017-06-09,17.86,17.86,16.9,17.26,8521816.0
2017-06-12,16.87,17.48,16.57,17.45,11370151.0
2017-06-13,17.6,17.84,17.45,17.74,6717545.0
2017-06-14,17.76,17.77,17.38,17.54,4715745.0
2017-06-15,17.17,17.59,17.06,17.41,6505852.0
2017-06-16,17.48,17.66,17.28,17.33,5705387.0
2017-06-19,17.49,17.63,17.35,17.45,4927682.0
2017-06-20,17.95,18.18,17.46,17.52,8652216.0
2017-06-21,17.64,17.73,17.45,17.54,4393732.0
2017-06-22,17.53,17.76,17.4,17.57,4926209.0
2017-06-23,17.55,17.78,17.41,17.67,4689450.0
2017-06-26,17.68,17.89,17.55,17.65,5830418.0
2017-06-27,17.54,17.54,16.79,16.79,7754963.0
2017-06-28,16.93,17.18,16.6,17.13,8498870.0
2017-06-29,17.03,17.19,16.61,16.83,7926559.0
2017-06-30,16.82,16.84,16.37,16.52,13271748.0
2017-07-03,16.67,16.71,16.07,16.09,3186339.0
2017-07-05,16.19,16.37,15.92,16.33,12620769.0
2017-07-06,16.09,16.26,16.01,16.07,9577121.0
2017-07-07,16.08,16.18,15.91,16.13,11131729.0
2017-07-10,16.09,16.21,15.91,16.12,8775052.0
2017-07-11,16.1,16.2,15.94,16.06,7173041.0
2017-07-12,16.24,16.54,16.23,16.37,7505526.0
2017-07-13,16.44,16.58,16.12,16.46,7629440.0
2017-07-14,16.49,16.61,16.43,16.58,3852738.0
2017-07-17,16.64,16.65,16.19,16.26,6464253.0
2017-07-18,16.18,16.32,16.0,16.21,9509875.0
2017-07-19,16.27,16.52,16.13,16.48,4766850.0
2017-07-20,16.5,16.52,16.2,16.48,3879587.0
2017-07-21,16.41,16.41,16.01,16.25,7426168.0
2017-07-24,16.26,16.37,16.13,16.23,3100244.0
2017-07-25,15.82,16.22,15.66,16.0,8446278.0
2017-07-26,16.07,16.2,15.96,16.05,4013596.0
2017-07-27,16.12,16.18,15.64,15.87,4017879.0
2017-07-28,15.81,15.87,15.5,15.59,6166998.0
2017-07-31,15.6,15.67,15.41,15.56,4669004.0
2017-08-01,15.76,15.8,15.4,15.77,9152698.0
2017-08-02,15.82,15.88,15.53,15.68,6916013.0
2017-08-03,15.73,15.77,15.42,15.5,4499366.0
2017-08-04,15.5,15.7,15.44,15.55,4100144.0
2017-08-07,15.6,15.69,15.52,15.68,3261555.0
2017-08-08,15.69,15.81,15.57,15.6,3337679.0
2017-08-09,15.51,15.61,15.4,15.5,2766106.0
2017-08-10,15.42,15.48,15.02,15.05,3962251.0
2017-08-11,15.05,15.42,14.87,15.39,3849629.0
2017-08-14,15.59,15.74,15.51,15.55,6831127.0
2017-08-15,15.57,15.86,15.49,15.82,4906652.0
2017-08-16,15.84,15.99,15.83,15.95,2892213.0
2017-08-17,15.89,15.97,15.47,15.55,4037948.0
2017-08-18,15.54,15.75,15.5,15.65,4615587.0
2017-08-21,15.65,15.65,15.5,15.62,5083147.0
2017-08-22,15.69,15.96,15.67,15.92,4793040.0
2017-08-23,15.78,15.97,15.69,15.89,7898985.0
2017-08-24,16.01,16.1,15.71,15.86,6878749.0
2017-08-25,16.63,17.48,16.6,17.05,14618783.0
2017-08-28,17.07,17.25,16.97,17.14,7281587.0
2017-08-29,16.93,17.33,16.84,17.26,5064788.0
2017-08-30,17.27,17.8,17.27,17.76,7770630.0
2017-08-31,17.79,17.97,17.74,17.91,6619970.0
2017-09-01,17.9,18.0,17.81,17.85,3165012.0
2017-09-05,17.62,17.96,17.58,17.84,6323671.0
2017-09-06,17.93,17.95,17.6,17.61,3588175.0
2017-09-07,17.67,17.7,17.47,17.47,3584408.0
2017-09-08,17.45,17.48,17.2,17.25,3442915.0
2017-09-11,17.44,17.45,17.22,17.37,6602201.0
2017-09-12,17.45,17.61,17.33,17.6,4092014.0
2017-09-13,17.62,17.87,17.56,17.82,6073519.0
2017-09-14,17.69,18.38,17.56,18.28,10066610.0
2017-09-15,18.39,18.56,18.2,18.34,7434838.0
2017-09-18,18.42,18.67,18.35,18.43,6963337.0
2017-09-19,18.46,18.6,18.13,18.15,6409757.0
2017-09-20,18.16,18.23,17.79,18.03,7037136.0
2017-09-21,18.03,18.19,17.88,18.03,5270413.0
2017-09-22,17.9,18.09,17.85,17.87,4497266.0
2017-09-25,17.78,17.87,17.49,17.61,6198913.0
2017-09-26,17.75,17.83,17.63,17.65,3193036.0
2017-09-27,17.81,18.15,17.76,17.92,4260869.0
2017-09-28,17.85,18.07,17.77,17.97,3711339.0
2017-09-29,18.03,18.23,17.89,17.9,4659317.0
2017-10-02,18.21,18.72,18.16,18.4,10239412.0
2017-10-03,18.4,18.58,18.3,18.43,2935824.0
2017-10-04,18.35,18.54,18.3,18.51,5757232.0
2017-10-05,18.51,18.51,18.31,18.37,3756043.0
2017-10-06,18.15,18.32,18.14,18.2,3496278.0
2017-10-09,18.31,18.54,18.31,18.45,4696415.0
2017-10-10,18.49,18.55,18.41,18.51,6872249.0
2017-10-11,18.45,18.55,18.42,18.51,4284527.0
2017-10-12,18.48,18.49,18.25,18.29,3503373.0
2017-10-13,18.4,18.4,18.23,18.28,3585668.0
2017-10-16,18.3,18.32,18.11,18.27,4712296.0
2017-10-17,18.24,18.42,18.19,18.36,2638118.0
2017-10-18,18.43,18.52,18.17,18.45,4107266.0
2017-10-19,18.34,18.45,18.13,18.41,1865097.0
2017-10-20,18.47,18.5,18.38,18.41,1609394.0
2017-10-23,18.7,18.88,18.45,18.47,5799889.0
2017-10-24,18.5,18.59,18.49,18.58,18445252.0
2017-10-25,18.49,18.57,18.37,18.39,8466229.0
2017-10-26,18.41,18.45,18.26,18.4,3913751.0
2017-10-27,18.59,18.59,18.24,18.44,4527028.0
2017-10-30,18.35,18.43,17.98,18.23,6057439.0
2017-10-31,18.32,18.5,18.28,18.47,3739139.0
2017-11-01,18.57,18.57,18.14,18.29,3327841.0
2017-11-02,18.27,18.38,17.85,18.28,3118149.0
2017-11-03,18.39,18.55,18.23,18.51,7349114.0
2017-11-06,20.14,21.08,19.96,20.2,19714054.0
2017-11-07,20.38,20.61,20.0,20.13,10688967.0
2017-11-08,20.15,20.23,20.08,20.15,6884097.0
2017-11-09,20.13,20.19,19.85,20.13,8638170.0
2017-11-10,20.19,20.19,20.06,20.13,6944410.0
2017-11-13,20.01,20.14,20.01,20.13,4383130.0
2017-11-14,20.07,20.16,20.04,20.12,3513847.0
2017-11-15,19.95,20.11,19.75,20.07,2887427.0
2017-11-16,20.11,20.33,20.09,20.26,6779421.0
2017-11-17,20.31,20.45,20.24,20.29,5145178.0
2017-11-20,20.8,21.81,20.12,21.59,67009768.0
2017-11-21,22.15,23.41,21.94,23.28,35752119.0
2017-11-22,23.78,24.22,23.43,23.83,27234870.0
2017-11-24,23.85,23.9,23.51,23.8,7191730.0
2017-11-27,23.61,23.7,23.19,23.38,14996588.0
2017-11-28,23.87,23.88,23.22,23.27,12527700.0
2017-11-29,23.53,23.86,22.02,22.21,19878607.0
2017-11-30,22.3,22.91,22.19,22.34,12993266.0
2017-12-01,22.13,22.29,21.68,22.18,13143256.0
2017-12-04,22.43,22.61,21.88,22.3,11231335.0
2017-12-05,22.21,22.65,21.78,21.97,7287909.0
2017-12-06,21.8,21.96,21.6,21.82,6346550.0
2017-12-07,22.1,22.28,21.81,22.0,6482291.0
2017-12-08,22.04,22.19,21.85,22.04,7064405.0
2017-12-11,22.02,22.33,21.98,22.05,5280493.0
2017-12-12,22.0,22.25,21.94,22.19,4662233.0
2017-12-13,22.31,22.52,21.77,21.83,6337418.0
2017-12-14,21.87,22.03,21.57,21.65,8099899.0
2017-12-15,21.71,21.83,21.42,21.62,8084262.0
2017-12-18,21.72,22.36,21.6,22.16,7887500.0
2017-12-19,22.32,22.42,22.01,22.37,5599293.0
2017-12-20,22.55,22.57,22.09,22.31,4402168.0
2017-12-21,22.39,22.39,21.97,22.05,5574999.0
2017-12-22,22.08,22.21,21.91,22.01,5235203.0
2017-12-26,21.81,21.98,21.66,21.84,3675545.0
2017-12-27,21.8,22.11,21.72,22.05,4091837.0
2017-12-28,22.05,22.15,21.81,21.89,3606493.0
2017-12-29,21.84,21.99,21.47,21.47,4256379.0
2018-01-02,21.66,22.35,21.41,22.2,5620449.0
2018-01-03,22.29,22.95,22.23,22.89,9013962.0
2018-01-04,22.97,23.47,22.83,23.41,9221178.0
2018-01-05,23.5,23.64,23.0,23.0,5855373.0
2018-01-08,22.97,23.24,22.89,23.17,5529720.0
2018-01-09,23.3,23.31,22.99,23.15,9579989.0
2018-01-10,22.83,23.22,22.6,23.14,9401938.0
2018-01-11,23.25,23.25,22.85,23.15,5198575.0
2018-01-12,23.14,24.21,23.13,23.84,18423579.0
2018-01-16,24.07,24.07,23.47,23.58,11257221.0
2018-01-17,23.65,23.86,23.48,23.59,7143421.0
2018-01-18,23.63,23.9,23.6,23.69,8558549.0
2018-01-19,23.84,23.9,23.64,23.68,7587439.0
2018-01-22,23.76,23.81,23.52,23.62,3620024.0
2018-01-23,23.68,23.81,23.28,23.53,10855725.0
2018-01-24,23.35,23.55,22.75,23.29,9443647.0
2018-01-25,23.59,23.6,22.97,23.01,9009944.0
2018-01-26,23.23,23.46,23.16,23.39,6143072.0
2018-01-29,23.37,23.49,23.24,23.45,6760243.0
2018-01-30,23.05,23.37,22.93,23.12,4374181.0
2018-01-31,23.34,23.54,23.26,23.33,11191538.0
2018-02-01,23.11,23.45,22.53,22.6,7988312.0
2018-02-02,22.38,22.59,21.87,22.43,9945318.0
2018-02-05,22.14,22.56,21.31,21.35,9355031.0
2018-02-06,20.87,21.83,20.51,21.7,13422355.0
2018-02-07,21.58,21.95,21.21,21.33,8684361.0
2018-02-08,21.44,21.53,20.37,20.74,11758102.0
2018-02-09,21.05,21.45,20.54,21.3,9943695.0
2018-02-12,21.48,22.04,21.39,21.92,6651402.0
2018-02-13,21.85,22.36,21.64,22.32,10983226.0
2018-02-14,22.15,22.43,22.0,22.26,6607321.0
2018-02-15,22.55,22.93,22.43,22.74,6664226.0
2018-02-16,22.65,22.91,22.43,22.68,5159261.0
2018-02-20,22.72,23.4,22.53,23.2,6183658.0
2018-02-21,23.27,23.57,22.96,23.19,7041731.0
2018-02-22,23.23,23.84,22.99,23.13,6857249.0
2018-02-23,23.3,23.36,23.0,23.25,4075086.0
2018-02-26,23.32,23.53,23.21,23.46,3701424.0
2018-02-27,23.54,23.95,23.38,23.38,7094136.0
2018-02-28,23.47,23.82,23.25,23.49,6577648.0
2018-03-01,23.57,23.75,23.01,23.31,4287391.0
2018-03-02,23.0,23.52,22.77,23.42,5972125.0
2018-03-05,23.22,23.6,23.01,23.49,6061332.0
2018-03-06,23.55,23.68,23.27,23.57,7222934.0
2018-03-07,23.5,23.85,23.33,23.69,14781090.0
2018-03-08,23.9,24.42,23.61,24.32,17008179.0
2018-03-09,24.21,25.18,23.85,24.34,17309967.0
2018-03-12,24.56,24.63,23.67,24.37,17785064.0
2018-03-13,24.1,24.53,22.8,22.94,22302725.0
2018-03-14,23.0,23.46,22.47,23.4,19368153.0
2018-03-15,23.52,23.77,23.02,23.19,10865794.0
2018-03-16,23.35,23.45,23.05,23.18,6957895.0
2018-03-19,22.93,23.27,22.55,22.82,11467733.0
2018-03-20,22.9,23.27,22.8,23.12,7531092.0
2018-03-21,23.04,23.38,22.92,23.0,5938462.0
2018-03-22,22.64,22.94,22.05,22.06,6817233.0
2018-03-23,22.16,22.36,21.47,21.48,6876469.0
2018-03-26,21.97,22.37,21.75,22.21,6215843.0
2018-03-27,22.32,22.37,21.24,21.39,7224868.0
2018-03-28,21.18,21.39,20.4,20.52,10366099.0
2018-03-29,20.64,21.09,20.5,21.0,8751854.0
2018-04-02,20.84,20.88,20.05,20.2,7141232.0
2018-04-03,20.54,20.66,20.13,20.42,8575155.0
2018-04-04,19.9,20.85,19.79,20.8,7086519.0
2018-04-05,21.47,21.59,21.03,21.13,11740770.0
2018-04-06,21.02,21.13,20.46,20.51,8925069.0
2018-04-09,20.7,21.18,20.57,20.6,5721221.0
2018-04-10,21.3,21.64,21.05,21.48,8843609.0
2018-04-11,21.4,22.4,21.4,22.07,10306678.0
2018-04-12,22.31,22.43,22.12,22.42,7179701.0
2018-04-13,22.63,22.66,21.73,22.01,8148071.0
2018-04-16,22.19,22.22,21.63,21.76,5774010.0
2018-04-17,21.95,22.25,21.9,22.25,4743987.0
2018-04-18,22.4,22.5,21.99,22.02,4904442.0
2018-04-19,21.55,21.84,20.98,21.04,10528007.0
2018-04-20,21.15,21.37,20.49,20.54,8796399.0
2018-04-23,20.61,20.78,20.35,20.36,5940720.0
2018-04-24,20.65,21.34,20.52,20.65,10595188.0
2018-04-25,20.58,20.68,20.18,20.38,5170799.0
2018-04-26,20.64,20.91,20.5,20.89,5420863.0
2018-04-27,20.96,21.06,20.33,20.35,5506845.0
2018-04-30,20.41,20.53,19.97,20.06,5808816.0
2018-05-01,19.88,20.35,19.8,20.32,4686676.0
2018-05-02,20.31,20.63,20.22,20.56,4952377.0
2018-05-03,20.2,20.89,19.43,20.8,19888813.0
2018-05-04,20.7,21.31,20.54,21.25,7676616.0
2018-05-07,21.3,21.49,20.74,20.8,7353435.0
2018-05-08,20.78,21.15,20.74,21.08,6513724.0
2018-05-09,21.08,21.42,21.0,21.29,4132973.0
2018-05-10,21.43,21.48,21.21,21.44,3870616.0
2018-05-11,21.31,21.39,20.82,21.02,6122513.0
2018-05-14,21.85,22.71,21.7,21.93,13913773.0
2018-05-15,21.8,21.86,21.41,21.7,6289381.0
2018-05-16,21.79,21.89,21.47,21.87,5405010.0
2018-05-17,21.8,22.13,21.56,21.63,7937116.0
2018-05-18,21.49,21.69,21.29,21.42,8304131.0
2018-05-21,21.9,22.02,21.35,21.44,7312009.0
2018-05-22,21.62,22.09,21.5,21.92,6113347.0
2018-05-23,21.83,22.08,21.72,22.05,5253323.0
2018-05-24,22.0,22.15,21.76,21.95,7478273.0
2018-05-25,22.54,22.75,22.15,22.49,24161984.0
2018-05-29,22.26,22.55,21.79,21.94,8735750.0
2018-05-30,22.17,22.18,21.57,21.99,9435173.0
2018-05-31,21.91,22.07,21.32,21.54,12753425.0
2018-06-01,21.9,22.68,21.54,22.17,10533690.0
2018-06-04,22.29,22.46,21.81,22.09,7150296.0
2018-06-05,22.2,22.2,21.81,22.03,5686867.0
2018-06-06,22.06,22.14,21.73,22.11,4966563.0
2018-06-07,22.45,22.95,22.16,22.2,13699907.0
2018-06-08,21.86,22.0,21.35,21.75,9299725.0
2018-06-11,21.66,21.91,21.27,21.37,10988601.0
2018-06-12,21.32,21.64,21.32,21.61,5356098.0
2018-06-13,21.71,22.1,21.61,22.0,10431126.0
2018-06-14,22.04,22.1,21.48,21.76,6318879.0
2018-06-15,21.9,22.0,21.57,21.91,7032356.0
2018-06-18,21.73,21.82,21.44,21.77,5472061.0
2018-06-19,21.53,21.63,20.77,21.32,10732361.0
2018-06-20,21.44,21.97,21.35,21.75,5308799.0
2018-06-21,21.94,22.09,21.22,21.24,4887267.0
2018-06-22,21.39,21.45,20.93,21.31,6890827.0
2018-06-25,20.98,21.02,19.98,20.18,9398334.0
2018-06-26,20.29,20.29,19.81,19.91,10091642.0
2018-06-27,20.85,20.86,20.12,20.12,11348351.0
2018-06-28,21.7,22.09,21.16,21.77,34399156.0
2018-06-29,21.73,22.06,21.36,21.44,19429254.0
2018-07-02,21.12,21.5,20.76,21.47,10320099.0
2018-07-03,21.45,21.59,20.92,21.02,7859373.0
2018-07-05,21.19,21.34,20.93,21.34,10280225.0
2018-07-06,21.21,21.75,21.1,21.63,7913209.0
2018-07-09,21.87,22.03,21.55,22.01,11541606.0
2018-07-10,22.21,22.91,22.2,22.66,29134517.0
2018-07-11,22.15,22.4,21.72,21.74,12153341.0
2018-07-12,22.0,22.26,21.75,22.14,10913967.0
2018-07-13,22.04,22.18,21.73,21.86,7650465.0
2018-07-16,21.86,21.97,21.14,21.15,10783185.0
2018-07-17,21.02,21.78,20.93,21.7,11203420.0
2018-07-18,21.7,21.9,21.37,21.58,7015443.0
2018-07-19,21.57,21.74,21.29,21.71,8743338.0
2018-07-20,21.65,22.11,21.46,21.86,7806515.0
2018-07-23,21.71,21.9,21.34,21.74,8083318.0
2018-07-24,21.98,22.19,21.45,21.55,7560389.0
2018-07-25,21.52,21.79,21.2,21.7,7760007.0
2018-07-26,21.65,22.12,21.65,22.06,9199571.0
2018-07-27,22.05,22.36,21.54,21.67,9672460.0
2018-07-30,21.79,21.89,20.99,21.24,5388486.0
2018-07-31,21.4,21.63,21.05,21.31,6984844.0
2018-08-01,21.3,21.61,21.09,21.2,8826732.0
2018-08-02,21.0,21.57,20.97,21.57,4599687.0
2018-08-03,21.5,21.64,21.17,21.37,6762819.0
2018-08-06,21.27,21.88,21.24,21.85,4740712.0
2018-08-07,21.89,22.18,21.83,22.17,5093670.0
2018-08-08,22.12,22.25,21.99,22.1,4788956.0
2018-08-09,22.02,22.05,21.67,21.69,3210567.0
2018-08-10,21.15,21.34,20.81,20.91,6189988.0
2018-08-13,20.91,21.08,20.77,20.79,5690301.0
2018-08-14,20.86,20.91,20.47,20.49,7805670.0
2018-08-15,20.28,20.44,19.89,20.09,9422991.0
2018-08-16,20.21,20.4,20.06,20.27,8183907.0
2018-08-17,20.08,20.39,19.72,19.78,12338369.0
2018-08-20,19.9,20.09,19.48,19.84,9106214.0
2018-08-21,19.96,20.39,19.85,20.3,7358611.0
2018-08-22,20.2,20.55,20.12,20.44,3587258.0
2018-08-23,20.46,20.65,20.21,20.24,4981297.0
2018-08-24,20.43,20.54,20.33,20.49,3692340.0
2018-08-27,20.64,20.92,20.48,20.49,7724134.0
2018-08-28,20.52,20.67,20.35,20.59,9077677.0
2018-08-29,20.61,21.24,20.55,21.07,8211489.0
2018-08-30,21.09,21.16,20.76,20.85,5522249.0
2018-08-31,20.88,21.08,20.62,20.68,8589405.0
2018-09-04,20.58,20.89,20.44,20.7,9769872.0
2018-09-05,20.7,20.75,20.4,20.48,9087394.0
2018-09-06,20.45,20.62,19.45,19.46,18985284.0
2018-09-07,20.89,20.9,19.28,19.45,36018330.0
2018-09-10,19.57,19.62,18.83,19.03,19795735.0
2018-09-11,18.69,19.13,18.55,18.8,15130129.0
2018-09-12,18.56,18.69,18.16,18.33,11965627.0
2018-09-13,18.5,18.66,18.14,18.54,14662244.0
2018-09-14,18.56,19.08,18.47,18.97,14161494.0
2018-09-17,18.72,18.87,18.36,18.44,8619225.0
2018-09-18,18.67,18.7,18.35,18.66,11315123.0
2018-09-19,18.74,18.93,18.31,18.45,11315553.0
2018-09-20,18.52,18.99,18.52,18.85,13849936.0
2018-09-21,18.82,18.92,18.56,18.85,15210370.0
2018-09-24,18.66,18.89,18.52,18.88,8833741.0
2018-09-25,18.96,18.98,18.49,18.59,9255658.0
2018-09-26,18.52,18.72,18.34,18.49,9113849.0
2018-09-27,18.56,18.98,18.42,18.71,11470519.0
2018-09-28,18.66,19.31,18.64,19.3,14835127.0
2018-10-01,19.39,19.49,19.11,19.27,10931906.0
2018-10-02,19.21,19.64,19.18,19.4,12588282.0
2018-10-03,19.5,19.62,19.14,19.57,11297211.0
2018-10-04,19.45,19.65,19.15,19.28,9869057.0
2018-10-05,19.22,19.42,18.33,18.6,10234963.0
2018-10-08,18.5,18.63,18.08,18.35,11235118.0
2018-10-09,18.25,18.66,18.0,18.47,16556329.0
2018-10-10,18.15,18.2,17.37,17.38,15497741.0
2018-10-11,17.41,18.56,17.18,17.72,18097826.0
2018-10-12,18.39,18.46,17.83,18.01,13115688.0
2018-10-15,18.13,18.48,17.97,18.12,11877027.0
2018-10-16,18.34,19.12,18.29,18.87,20762488.0
2018-10-17,19.07,19.1,18.38,18.96,17449277.0
2018-10-18,18.77,18.88,17.97,18.09,10601057.0
2018-10-19,18.2,18.45,17.57,17.76,8421465.0
2018-10-22,17.91,18.08,17.41,18.0,11774431.0
2018-10-23,17.42,17.91,17.1,17.54,14312917.0
2018-10-24,17.2,17.29,16.53,16.54,12471866.0
2018-10-25,16.9,17.16,16.75,16.84,16522594.0
2018-10-26,16.15,16.16,15.34,15.68,19423711.0
2018-10-29,15.82,16.2,15.31,15.6,12271863.0
2018-10-30,15.5,16.14,15.48,16.13,13097234.0
2018-10-31,16.41,16.63,16.18,16.41,9367293.0
2018-11-01,16.44,17.66,16.44,17.58,14167276.0
2018-11-02,17.2,17.63,16.87,17.59,10297814.0
2018-11-05,17.44,17.55,16.97,17.14,6203941.0
2018-11-06,17.09,17.27,16.74,16.86,9408832.0
2018-11-07,17.02,17.05,16.56,16.88,8988038.0
2018-11-08,16.76,16.93,16.6,16.71,7662159.0
2018-11-09,16.5,16.52,16.18,16.39,8858402.0
2018-11-12,16.1,16.13,15.56,15.79,8908190.0
2018-11-13,15.81,16.15,15.62,15.72,12521447.0
2018-11-14,15.93,16.09,15.59,15.73,7704478.0
2018-11-15,15.57,16.37,15.57,16.1,12062447.0
2018-11-16,15.73,16.09,15.6,15.9,14017597.0
2018-11-19,15.87,15.9,15.14,15.19,9245148.0
2018-11-20,14.73,15.44,14.69,15.22,9055423.0
2018-11-21,15.52,15.79,15.39,15.67,5389335.0
2018-11-23,15.46,15.78,15.43,15.65,2519812.0
2018-11-26,15.83,16.0,15.63,15.98,11318039.0
2018-11-27,15.9,16.17,15.6,16.02,9742468.0
2018-11-28,16.09,16.19,15.7,16.1,8329337.0
2018-11-29,15.97,16.31,15.88,16.07,6814114.0
2018-11-30,15.99,16.16,15.8,16.11,10689492.0
2018-12-03,16.53,16.72,16.32,16.38,9410432.0
2018-12-04,16.28,16.36,15.47,15.5,16395601.0
2018-12-06,15.97,16.25,15.26,16.09,28042986.0
2018-12-07,15.99,16.08,15.32,15.44,10758187.0
2018-12-10,15.4,15.7,15.19,15.35,11795974.0
2018-12-11,15.64,15.75,15.25,15.3,7947901.0
2018-12-12,15.58,15.9,15.34,15.35,12820694.0
2018-12-13,15.92,16.0,15.38,15.65,20932209.0
2018-12-14,15.43,15.64,15.3,15.38,9006600.0
2018-12-17,15.29,15.5,15.1,15.25,8722790.0
2018-12-18,15.36,15.99,15.36,15.44,12562542.0
2018-12-19,15.36,15.76,14.72,14.76,13503348.0
2018-12-20,14.76,15.33,14.63,14.85,12848987.0
2018-12-21,14.99,15.18,14.71,14.89,13027269.0
2018-12-24,14.77,14.84,14.4,14.41,4340089.0
2018-12-26,14.58,15.48,14.34,15.47,9799936.0
2018-12-27,15.26,15.71,15.18,15.7,8725260.0
2018-12-28,15.79,15.94,15.59,15.65,6684617.0
2018-12-31,15.88,16.22,15.83,16.19,12796012.0
2019-01-02,15.9,16.76,15.81,16.5,18511504.0
2019-01-03,16.14,16.39,15.7,15.77,13107643.0
2019-01-04,16.13,16.38,15.99,16.24,13825107.0
2019-01-07,16.27,16.7,16.25,16.61,8462928.0
2019-01-08,16.81,16.89,16.43,16.69,10637395.0
2019-01-09,16.81,17.11,16.74,17.09,7767523.0
2019-01-10,16.98,17.2,16.79,17.11,10672866.0
2019-01-11,17.01,17.48,16.95,17.33,15121253.0
2019-01-14,17.13,17.25,16.97,17.04,6910699.0
2019-01-15,17.05,17.27,16.79,16.84,10151300.0
2019-01-16,16.84,16.99,16.63,16.64,8583237.0
2019-01-17,16.52,16.6,16.33,16.52,12741314.0
2019-01-18,16.68,17.25,16.53,16.88,18502433.0
2019-01-22,16.76,16.82,16.4,16.66,10433189.0
2019-01-23,16.73,16.95,16.54,16.68,10392138.0
2019-01-24,17.0,17.85,16.97,17.5,20010176.0
2019-01-25,17.82,18.86,17.77,18.57,29600599.0
2019-01-28,17.96,18.57,17.8,18.36,12975804.0
2019-01-29,18.42,18.48,17.9,18.13,10201294.0
2019-01-30,18.44,18.48,18.16,18.37,9679555.0
2019-01-31,18.3,18.71,18.16,18.53,11476883.0
2019-02-01,18.55,18.66,18.28,18.41,7979789.0
2019-02-04,18.46,18.63,18.25,18.57,5047711.0
2019-02-05,18.39,18.72,18.28,18.66,7971941.0
2019-02-06,18.9,19.17,18.85,19.04,18243653.0
2019-02-07,17.98,18.49,17.95,18.33,21169909.0
2019-02-08,18.03,18.45,17.98,18.39,7981407.0
2019-02-11,18.48,19.06,18.36,19.05,9159486.0
2019-02-12,19.3,19.56,19.23,19.4,16531311.0
2019-02-13,19.53,19.71,19.24,19.29,11681928.0
2019-02-14,19.2,19.42,19.14,19.19,9543208.0
2019-02-15,19.37,19.37,18.76,18.83,12615961.0
2019-02-19,19.05,19.44,18.91,19.31,12043755.0
2019-02-20,19.32,19.92,19.27,19.8,12252192.0
2019-02-21,19.72,19.8,19.5,19.61,6174193.0
2019-02-22,19.75,19.89,19.56,19.65,7373472.0
2019-02-25,20.01,20.05,19.68,19.7,10597701.0
2019-02-26,19.64,19.95,19.57,19.88,11545236.0
2019-02-27,19.77,19.86,19.57,19.71,6274190.0
2019-02-28,19.58,20.28,19.57,19.95,12913975.0
2019-03-01,20.09,20.18,19.61,20.03,10152088.0
2019-03-04,20.18,20.37,19.84,20.14,11137026.0
2019-03-05,20.06,20.22,19.95,20.05,7351623.0
2019-03-06,20.05,20.11,19.6,19.6,10403334.0
2019-03-07,19.54,19.56,19.07,19.17,22402715.0
2019-03-08,18.57,18.82,18.08,18.68,21587815.0
2019-03-11,18.8,19.48,18.8,19.38,12695237.0
2019-03-12,19.44,19.98,19.33,19.79,13464310.0
2019-03-13,19.88,19.98,19.63,19.69,7603978.0
2019-03-14,19.66,19.81,19.36,19.41,5413069.0
2019-03-15,19.63,20.17,19.55,20.14,17340451.0
2019-03-18,20.09,20.15,19.67,19.95,7853396.0
2019-03-19,20.04,20.43,20.01,20.23,9277857.0
2019-03-20,20.21,20.35,19.97,20.01,8250319.0
2019-03-21,20.01,20.98,20.0,20.79,12587905.0
2019-03-22,20.6,20.69,19.65,19.71,11485102.0
2019-03-25,19.62,19.88,19.41,19.73,6611062.0
2019-03-26,19.92,20.11,19.51,19.69,6956996.0
2019-03-27,19.98,20.09,19.65,19.82,11039287.0
2019-03-28,19.92,20.07,19.39,19.42,12323426.0
2019-03-29,19.59,19.99,19.58,19.89,16222397.0
2019-04-01,20.12,20.31,20.0,20.25,10548675.0
2019-04-02,20.14,20.29,19.95,20.18,10597682.0
2019-04-03,20.48,20.88,20.39,20.63,18321309.0
2019-04-04,20.59,21.09,20.55,20.97,18746694.0
2019-04-05,20.99,21.36,20.81,21.3,15739671.0
2019-04-08,21.14,21.51,21.1,21.44,12445204.0
2019-04-09,21.32,21.72,21.27,21.71,14212732.0
2019-04-10,21.72,22.38,21.6,22.34,23481968.0
2019-04-11,22.35,22.64,22.09,22.64,13545954.0
2019-04-12,22.97,23.93,22.9,23.74,27099494.0
2019-04-15,23.84,24.11,23.54,23.71,22393984.0
2019-04-16,23.83,24.19,23.68,24.01,19847791.0
2019-04-17,24.33,25.41,24.33,24.87,25140276.0
2019-04-18,24.91,25.24,24.77,24.85,14936654.0
2019-04-22,24.7,24.98,24.52,24.84,9349388.0
2019-04-23,24.85,25.2,24.75,25.12,11051635.0
2019-04-24,25.36,25.74,25.25,25.47,15549892.0
2019-04-25,25.47,25.53,25.02,25.4,13981670.0
2019-04-26,24.89,25.13,24.75,25.06,18043037.0
2019-04-29,25.05,25.35,24.8,25.14,9213784.0
2019-04-30,25.02,25.33,24.86,25.02,16850340.0
2019-05-01,25.16,25.33,24.66,24.68,9213596.0
2019-05-02,24.64,24.99,24.45,24.71,8839073.0
2019-05-03,24.81,24.92,24.41,24.69,8489069.0
2019-05-06,23.63,24.49,23.55,24.43,8585474.0
2019-05-07,24.2,24.38,23.48,23.85,14175020.0
2019-05-08,23.71,24.13,23.67,23.86,7784368.0
2019-05-09,23.56,23.56,22.84,23.4,9471004.0
2019-05-10,23.36,23.7,22.92,23.51,7448570.0
2019-05-13,22.92,22.98,22.03,22.14,14438735.0
2019-05-14,22.49,22.95,22.32,22.89,10021216.0
2019-05-15,22.51,23.26,22.45,23.1,7282323.0
2019-05-16,22.61,23.28,22.35,23.1,9764720.0
2019-05-17,22.61,23.46,22.51,22.62,11575698.0
2019-05-20,22.06,22.33,21.57,21.74,17319320.0
2019-05-21,22.32,22.62,21.93,22.4,15334027.0
2019-05-22,22.12,22.63,22.02,22.6,10739368.0
2019-05-23,22.28,22.33,21.77,22.12,9991496.0
2019-05-24,22.2,22.41,21.91,21.92,4942717.0
2019-05-28,21.95,22.08,21.3,21.35,12785545.0
2019-05-29,22.07,22.21,21.53,22.02,14232403.0
2019-05-30,22.1,22.67,22.07,22.19,12816637.0
2019-05-31,22.26,22.64,21.79,22.3,19941265.0
2019-06-03,22.29,22.85,22.22,22.35,10711030.0
2019-06-04,22.7,23.46,22.49,23.42,15107704.0
2019-06-05,23.68,23.9,22.85,23.17,10973877.0
2019-06-06,23.29,23.74,23.07,23.69,8467236.0
2019-06-07,23.85,24.18,23.56,24.05,12180363.0
2019-06-10,24.17,24.85,24.14,24.45,14926697.0
2019-06-11,24.9,25.07,24.33,24.67,11312678.0
2019-06-12,24.48,24.56,23.9,24.06,7899737.0
2019-06-13,24.39,24.47,24.18,24.26,8078606.0
2019-06-14,23.62,24.0,23.43,23.83,5691293.0
2019-06-17,23.77,24.01,23.63,23.72,5066430.0
2019-06-18,23.97,24.6,23.92,24.55,8869027.0
2019-06-19,24.55,24.69,24.24,24.31,5964182.0
2019-06-20,24.87,24.92,24.03,24.12,8621485.0
2019-06-21,24.0,24.14,23.73,23.97,11021375.0
2019-06-24,23.92,24.14,23.75,23.78,6229809.0
2019-06-25,23.78,23.99,23.4,23.41,6013675.0
2019-06-26,23.82,24.2,23.67,23.71,10674045.0
2019-06-27,23.98,24.35,23.82,23.89,6706236.0
2019-06-28,24.13,24.24,23.75,23.87,14472418.0
2019-07-01,24.94,24.98,24.0,24.27,14323761.0
2019-07-02,24.23,24.24,23.94,24.03,6300472.0
2019-07-03,24.45,24.65,24.12,24.57,7971031.0
2019-07-05,24.46,24.53,24.05,24.3,5074014.0
2019-07-08,24.05,24.25,23.89,24.14,4879932.0
2019-07-09,24.01,24.67,24.0,24.56,6013288.0
2019-07-10,24.87,25.28,24.75,25.1,7479537.0
2019-07-11,25.11,25.15,24.71,24.89,6004591.0
2019-07-12,24.99,25.41,24.92,25.4,5473486.0
2019-07-15,25.55,26.18,25.55,26.01,9393083.0
2019-07-16,25.99,26.14,25.59,25.73,6720022.0
2019-07-17,26.01,26.28,25.69,26.1,10488498.0
2019-07-18,26.09,26.65,26.05,26.39,9970975.0
2019-07-19,26.6,26.61,25.85,25.92,7402033.0
2019-07-22,25.57,26.03,25.54,25.85,7112061.0
2019-07-23,26.09,26.52,25.98,26.5,6782352.0
2019-07-24,26.5,27.28,26.41,27.17,15198139.0
2019-07-25,26.95,27.39,26.8,27.21,15639188.0
2019-07-26,27.45,27.64,27.26,27.33,7531856.0
2019-07-29,27.33,27.41,27.01,27.28,4842620.0
2019-07-30,27.0,27.08,26.68,26.87,7175363.0
2019-07-31,26.9,27.01,26.01,26.26,9769086.0
2019-08-01,26.43,26.79,25.29,25.65,11023004.0
2019-08-02,25.18,25.45,24.89,25.03,8321967.0
2019-08-05,24.44,24.5,23.68,23.95,10797942.0
2019-08-06,24.45,24.73,24.06,24.27,10110278.0
2019-08-07,24.02,24.81,23.96,24.7,10635868.0
2019-08-08,25.0,25.37,24.69,25.36,9301884.0
2019-08-09,25.07,25.27,24.71,24.72,7308583.0
2019-08-12,24.59,24.84,23.81,23.92,10196276.0
2019-08-13,23.88,25.34,23.79,25.14,12419706.0
2019-08-14,24.48,24.85,24.28,24.7,5921836.0
2019-08-15,24.95,25.03,24.02,24.08,8574365.0
2019-08-16,24.45,25.13,24.42,24.94,6346683.0
2019-08-19,25.5,25.69,25.13,25.17,4654965.0
2019-08-20,25.17,25.21,24.89,24.92,3621795.0
2019-08-21,25.2,25.25,24.7,24.82,9520274.0
2019-08-22,25.06,25.11,24.61,24.8,6231811.0
2019-08-23,24.55,24.95,23.63,23.78,8106413.0
2019-08-26,24.07,24.17,23.52,23.6,7869338.0
2019-08-27,23.94,23.94,23.18,23.51,9613047.0
2019-08-28,23.46,23.63,23.22,23.58,7782461.0
2019-08-29,24.03,24.53,23.92,24.2,9814240.0
2019-08-30,24.17,24.87,23.55,23.97,16596719.0
2019-09-03,23.67,23.84,23.22,23.29,10936046.0
2019-09-04,23.53,24.13,23.53,24.03,9810621.0
2019-09-05,24.52,25.06,24.52,24.87,9064612.0
2019-09-06,24.98,25.06,24.64,24.86,7003929.0
2019-09-09,24.99,25.18,24.75,25.0,6396795.0
2019-09-10,24.92,25.01,24.52,24.81,6631061.0
2019-09-11,24.94,26.1,24.86,25.99,8264027.0
2019-09-12,26.16,26.53,25.88,25.97,8367310.0
2019-09-13,26.01,26.1,25.83,25.86,4544245.0
2019-09-16,25.74,25.75,25.32,25.4,7503766.0
2019-09-17,25.25,25.89,25.19,25.85,7008795.0
2019-09-18,25.93,25.95,25.28,25.62,6227822.0
2019-09-19,25.71,25.98,25.55,25.61,5307829.0
2019-09-20,25.64,25.71,24.72,24.84,11329025.0
2019-09-23,24.81,25.25,24.78,25.03,5965704.0
2019-09-24,25.2,25.26,24.14,24.31,8596145.0
2019-09-25,24.37,24.99,24.18,24.92,8553667.0
2019-09-26,24.93,25.13,24.55,24.99,5366702.0
2019-09-27,24.88,25.21,24.52,24.76,4234784.0
2019-09-30,24.98,25.01,24.59,24.97,5169596.0
2019-10-01,25.14,25.27,23.82,24.0,10828388.0
2019-10-02,23.75,24.11,23.51,23.99,9462910.0
2019-10-03,24.03,24.25,23.68,23.91,11583413.0
2019-10-04,24.43,24.5,24.17,24.43,7516583.0
2019-10-07,24.4,24.75,24.4,24.52,6384007.0
2019-10-08,24.19,24.29,22.94,22.95,11478949.0
2019-10-09,23.23,23.62,23.06,23.3,5424460.0
2019-10-10,23.38,23.71,23.12,23.29,6685732.0
2019-10-11,23.74,24.3,23.74,24.04,6757578.0
2019-10-14,24.0,24.09,23.76,24.05,3563519.0
2019-10-15,24.22,24.58,24.07,24.4,3711784.0
2019-10-16,24.3,24.44,23.76,23.78,4308882.0
2019-10-17,24.1,24.19,23.57,23.63,6907732.0
2019-10-18,23.58,23.73,23.21,23.68,5877257.0
2019-10-21,24.0,24.08,23.71,24.02,3741642.0
2019-10-22,24.13,24.18,23.8,24.1,7240555.0
2019-10-23,23.82,23.93,23.3,23.34,5886473.0
2019-10-24,23.76,24.44,23.73,24.4,8591089.0
2019-10-25,24.5,24.96,24.33,24.75,5645555.0
2019-10-28,25.19,25.29,25.02,25.15,4754840.0
2019-10-29,25.12,25.34,24.66,24.71,4758704.0
2019-10-30,24.73,24.88,24.25,24.4,4731075.0
2019-10-31,24.4,24.5,23.91,24.39,4440349.0
2019-11-01,24.55,25.34,24.38,25.14,6331750.0
2019-11-04,26.33,26.82,25.92,26.8,10065562.0
2019-11-05,26.99,27.47,26.81,27.04,8704796.0
2019-11-06,27.0,27.05,26.45,26.66,4833934.0
2019-11-07,27.08,27.18,26.73,26.88,4166376.0
2019-11-08,27.1,27.15,26.55,27.07,6356624.0
2019-11-11,27.0,27.1,26.73,26.95,3844451.0
2019-11-12,27.27,28.38,27.25,28.07,15690660.0
2019-11-13,27.78,28.37,27.63,28.11,8747369.0
2019-11-14,27.68,27.68,26.69,26.99,13235675.0
2019-11-15,27.36,27.44,26.82,26.86,7505503.0
2019-11-18,26.9,26.97,26.08,26.12,10850549.0
2019-11-19,26.16,26.49,25.76,26.36,7041967.0
2019-11-20,26.19,26.7,25.92,26.39,5501054.0
2019-11-21,26.23,26.53,25.99,26.14,4586758.0
2019-11-22,26.3,26.4,25.92,25.99,3543782.0
2019-11-25,26.28,26.88,26.18,26.68,6139002.0
2019-11-26,26.57,26.66,26.17,26.51,9175543.0
2019-11-27,26.68,26.88,26.62,26.68,3662209.0
2019-11-29,26.67,26.67,26.33,26.37,3318790.0
2019-12-02,26.44,26.45,25.78,25.81,7121146.0
2019-12-03,24.94,25.38,24.52,25.16,12183581.0
2019-12-04,24.65,24.89,23.7,23.92,26768327.0
2019-12-05,24.03,24.2,23.39,23.45,11028364.0
2019-12-06,23.92,24.37,23.7,24.17,10509643.0
2019-12-09,24.05,24.11,23.46,23.52,9009296.0
2019-12-10,23.65,24.08,23.57,23.68,8227573.0
2019-12-11,24.0,24.85,23.88,24.78,11826189.0
2019-12-12,24.84,25.75,24.84,25.63,12111430.0
2019-12-13,25.72,26.39,25.57,25.72,11555739.0
2019-12-16,26.02,26.24,25.75,25.93,7859902.0
2019-12-17,26.13,26.13,25.61,25.77,7207126.0
2019-12-18,25.87,25.95,25.49,25.58,7696553.0
2019-12-19,25.7,26.1,25.65,26.05,7768294.0
2019-12-20,26.22,26.25,25.75,25.96,8703429.0
2019-12-23,26.08,26.69,26.08,26.5,6328004.0
2019-12-24,26.53,26.61,26.26,26.55,3475705.0
2019-12-26,26.6,26.95,26.51,26.92,4384045.0
2019-12-27,27.03,27.1,26.63,26.69,5142712.0
2019-12-30,26.6,26.68,26.15,26.41,5835216.0
2019-12-31,26.29,26.62,26.24,26.56,3870961.0
2020-01-02,27.0,27.39,26.82,27.38,6504280.0
2020-01-03,26.61,27.06,26.47,26.67,9733297.0
2020-01-06,26.29,26.3,25.59,25.68,10437714.0
2020-01-07,25.87,26.39,25.79,26.25,7553716.0
2020-01-08,26.24,26.43,25.91,26.05,7867931.0
2020-01-09,26.41,26.47,25.87,26.1,8525237.0
2020-01-10,26.2,26.6,26.04,26.5,7201711.0
2020-01-13,26.73,27.54,26.65,27.52,11628673.0
2020-01-14,27.61,27.92,27.31,27.51,11440219.0
2020-01-15,27.35,27.39,26.61,26.72,11387855.0
2020-01-16,27.12,28.36,27.08,28.25,23666366.0
2020-01-17,28.5,28.85,28.24,28.49,11551182.0
2020-01-21,28.19,28.3,27.23,27.51,16252474.0
2020-01-22,27.68,28.14,27.61,27.77,7084270.0
2020-01-23,27.81,28.04,27.39,28.02,6735111.0
2020-01-24,28.31,28.34,26.96,27.31,7317191.0
2020-01-27,26.26,26.41,25.84,25.87,8398122.0
2020-01-28,26.19,26.59,26.06,26.33,6130578.0
2020-01-29,26.14,26.19,25.04,25.09,17660151.0
2020-01-30,24.92,25.22,24.17,24.8,17018975.0
2020-01-31,24.79,24.79,23.91,24.04,10871044.0
2020-02-03,24.2,24.5,24.1,24.21,9259007.0
2020-02-04,24.85,25.17,24.5,24.75,10544109.0
2020-02-05,25.3,26.05,25.02,25.84,10777653.0
2020-02-06,25.9,26.0,25.47,25.75,4263943.0
2020-02-07,24.4,24.46,23.86,24.02,20910398.0
2020-02-10,23.78,24.15,23.46,24.15,13403429.0
2020-02-11,24.59,25.78,24.59,25.5,19616847.0
2020-02-12,25.64,25.79,25.25,25.48,9362364.0
2020-02-13,25.12,25.52,24.78,25.22,6782895.0
2020-02-14,25.35,25.49,24.75,25.12,5264489.0
2020-02-18,24.71,24.97,24.56,24.79,6082256.0
2020-02-19,25.14,25.52,25.03,25.2,6274814.0
2020-02-20,25.16,25.49,24.74,25.13,5778016.0
2020-02-21,24.97,24.98,24.23,24.43,6711191.0
2020-02-24,22.93,23.42,22.47,22.96,13623010.0
2020-02-25,23.36,23.45,22.55,22.65,12658310.0
2020-02-26,22.82,23.35,22.18,22.36,11222597.0
2020-02-27,21.59,21.71,20.54,20.55,20046784.0
2020-02-28,19.59,21.34,19.5,21.3,23333655.0
2020-03-02,21.6,22.0,20.79,21.96,13312445.0
2020-03-03,22.12,22.72,21.25,21.3,12016749.0
2020-03-04,21.76,22.6,21.72,22.59,10687043.0
2020-03-05,24.46,25.8,24.33,24.93,30864708.0
2020-03-06,24.58,24.67,23.28,24.09,14684700.0
2020-03-09,22.15,23.52,22.0,22.22,13199123.0
2020-03-10,23.12,23.22,22.25,23.21,14173481.0
2020-03-11,22.7,22.91,21.84,22.01,10322204.0
2020-03-12,20.5,21.29,19.53,19.56,13800417.0
2020-03-13,20.84,21.0,18.95,20.78,12543808.0
2020-03-16,18.62,19.21,17.72,17.74,9805457.0
2020-03-17,18.13,19.15,17.18,18.82,11453737.0
2020-03-18,17.31,18.52,16.45,17.25,10930683.0
2020-03-19,17.33,19.52,16.89,18.84,10526703.0
2020-03-20,19.06,19.83,18.43,18.67,12976131.0
2020-03-23,18.7,19.11,17.82,18.96,9422025.0
2020-03-24,20.13,22.06,20.13,21.86,13566520.0
2020-03-25,22.01,23.1,21.45,21.6,11585612.0
2020-03-26,22.03,23.24,21.52,23.18,9371300.0
2020-03-27,22.45,23.16,21.89,22.35,10962273.0
2020-03-30,22.67,23.05,22.2,22.7,7438158.0
2020-03-31,22.65,23.58,22.23,22.63,14411924.0
2020-04-01,21.8,22.66,21.38,21.64,8253368.0
2020-04-02,21.29,22.83,21.29,22.65,9597261.0
2020-04-03,22.45,22.88,22.15,22.43,7963357.0
2020-04-06,23.37,23.99,22.95,23.84,4928118.0
2020-04-07,24.5,24.69,23.54,23.87,4522183.0
2020-04-08,24.2,24.82,23.86,24.74,3338565.0
2020-04-09,25.0,25.28,23.89,24.28,4943584.0
2020-04-13,24.28,24.51,24.05,24.51,3147831.0
2020-04-14,25.17,25.69,24.85,25.53,4974172.0
2020-04-15,25.31,25.31,24.81,25.15,4572710.0
2020-04-16,25.25,25.87,24.86,25.79,6846799.0
2020-04-17,26.33,26.59,25.7,25.95,2407071.0
2020-04-20,25.65,26.62,25.47,26.23,4288327.0
2020-04-21,25.91,26.13,24.86,25.28,5401821.0
2020-04-22,26.25,26.67,25.84,26.65,5237354.0
2020-04-23,26.53,26.99,26.22,26.42,4655885.0
2020-04-24,26.47,27.2,26.13,27.13,4405503.0
2020-04-27,27.55,28.06,27.17,27.43,6002087.0
2020-04-28,27.93,27.95,26.82,26.88,4783112.0
2020-04-29,27.3,27.96,27.21,27.75,4668175.0
2020-04-30,27.63,27.63,26.73,26.74,4023915.0
2020-05-01,26.06,26.37,25.14,25.43,5878304.0
2020-05-04,25.25,25.72,25.03,25.7,3397045.0
2020-05-05,26.24,26.55,25.99,26.27,4261424.0
2020-05-06,26.69,27.17,26.57,26.6,4374302.0
2020-05-07,26.9,27.01,26.24,26.44,3992221.0
2020-05-08,26.41,27.0,26.41,26.85,4731827.0
2020-05-11,26.23,26.74,26.16,26.34,4106066.0
2020-05-12,26.65,26.83,26.01,26.05,4480316.0
2020-05-13,26.28,26.41,25.41,25.78,3495344.0
2020-05-14,25.48,26.34,24.98,26.27,3841621.0
2020-05-15,25.63,26.41,25.44,26.34,2853325.0
2020-05-18,26.8,27.75,26.8,27.58,4161671.0
2020-05-19,27.75,28.32,27.35,27.37,3396762.0
2020-05-20,28.11,29.17,27.94,28.96,6846696.0
2020-05-21,28.9,29.52,28.82,29.1,5869524.0
2020-05-22,29.23,30.19,28.89,30.13,4860183.0
2020-05-26,31.96,31.96,30.29,30.4,7938474.0
2020-05-27,30.53,30.93,29.25,30.7,7112324.0
2020-05-28,30.53,31.07,29.69,29.97,7498877.0
2020-05-29,32.57,32.96,31.48,32.62,10477002.0
2020-06-01,32.46,33.16,31.95,32.98,6903098.0
2020-06-02,33.01,34.67,32.91,34.61,9332064.0
2020-06-03,35.25,36.87,35.23,35.96,10910133.0
2020-06-04,35.7,36.92,35.33,35.89,5682735.0
2020-06-05,36.34,36.74,35.76,35.89,5780899.0
2020-06-08,35.34,35.79,34.83,34.95,6565684.0
2020-06-09,34.36,35.62,34.26,35.17,5841323.0
2020-06-10,35.48,35.69,35.03,35.06,4107118.0
2020-06-11,33.98,34.51,33.24,33.32,5001038.0
2020-06-12,34.45,34.6,33.11,33.73,4139904.0
2020-06-15,33.0,34.48,32.68,34.39,4231185.0
2020-06-16,35.76,35.78,34.02,34.74,5103914.0
2020-06-17,34.92,35.47,34.82,34.98,2816085.0
2020-06-18,35.2,35.2,34.31,34.49,3235041.0
2020-06-19,34.95,34.95,33.93,33.98,3128932.0
2020-06-22,34.13,34.89,33.77,34.71,4309878.0
2020-06-23,35.06,35.1,34.34,34.36,2299260.0
2020-06-24,34.09,34.53,33.56,33.63,2746627.0
2020-06-25,33.56,33.89,32.96,33.87,2323309.0
2020-06-26,33.95,34.11,33.13,33.23,4082902.0
2020-06-29,33.19,33.79,32.64,33.56,3025638.0
2020-06-30,33.84,35.14,33.73,35.06,4327695.0
2020-07-01,35.0,35.02,34.3,34.37,3074593.0
2020-07-02,34.83,35.39,34.68,35.02,3261760.0
2020-07-06,35.82,36.47,35.63,36.16,4292653.0
2020-07-07,36.16,36.33,35.41,35.44,3340606.0
2020-07-08,35.92,37.6,35.69,37.58,8238299.0
2020-07-09,37.64,38.25,36.97,38.12,7245672.0
2020-07-10,38.43,38.48,37.71,38.31,3231522.0
2020-07-13,38.89,39.4,36.62,36.67,5606173.0
2020-07-14,36.09,37.35,35.58,37.23,3985344.0
2020-07-15,36.8,37.08,36.13,37.05,3111509.0
2020-07-16,36.39,36.63,35.86,36.59,3108143.0
2020-07-17,36.65,36.99,36.45,36.52,2741259.0
2020-07-20,36.55,36.99,36.24,36.88,3247983.0
2020-07-21,37.21,37.28,35.93,36.32,4460537.0
2020-07-22,36.48,36.48,35.67,36.01,3468789.0
2020-07-23,36.13,36.29,34.98,35.33,3173620.0
2020-07-24,35.1,35.52,34.28,34.99,4734980.0
2020-07-27,35.48,35.86,35.18,35.58,3128334.0
2020-07-28,35.18,35.51,34.88,34.98,2616329.0
2020-07-29,35.03,35.22,34.76,35.11,2479478.0
2020-07-30,34.67,36.04,34.42,35.94,4047137.0
2020-07-31,36.44,36.64,35.89,36.47,4434672.0
2020-08-03,37.03,37.58,37.0,37.37,5031931.0
2020-08-04,37.43,37.58,36.89,37.5,3292548.0
2020-08-05,37.6,37.81,36.89,37.77,3270434.0
2020-08-06,37.36,37.36,36.22,36.63,5319706.0
2020-08-07,36.68,36.75,35.34,36.08,5404326.0
2020-08-10,36.1,36.25,35.23,35.35,4742971.0
2020-08-11,35.37,35.47,34.6,34.69,3354929.0
2020-08-12,34.87,35.7,34.87,35.28,2492383.0
2020-08-13,35.15,35.15,34.42,34.7,6491829.0
2020-08-14,34.67,34.77,33.34,33.57,8188507.0
2020-08-17,33.69,33.94,33.32,33.78,3661502.0
2020-08-18,33.99,34.15,33.31,33.38,2278415.0
2020-08-19,33.33,33.57,33.02,33.11,2596868.0
2020-08-20,32.88,32.97,32.53,32.79,2767190.0
2020-08-21,32.92,33.46,32.68,33.46,3752468.0
2020-08-24,34.39,34.73,33.89,34.72,6330297.0
2020-08-25,34.72,35.28,34.56,35.21,5447076.0
2020-08-26,35.47,35.83,35.15,35.61,3427002.0
2020-08-27,35.89,36.6,35.34,35.91,7744309.0
2020-08-28,36.82,38.38,36.0,38.25,10233239.0
2020-08-31,37.99,39.24,37.79,38.78,4938318.0
2020-09-01,39.06,40.21,38.87,39.19,6513819.0
2020-09-02,39.97,41.34,39.11,41.19,5894205.0
2020-09-03,39.89,39.99,37.86,38.32,6151670.0
2020-09-04,37.66,38.47,35.94,37.36,5760898.0
2020-09-08,36.78,38.56,36.5,37.55,5508481.0
2020-09-09,38.29,39.62,37.81,39.45,5081899.0
2020-09-10,39.97,40.5,38.33,38.51,3494635.0
2020-09-11,39.05,39.35,38.14,38.76,3128448.0
2020-09-14,39.55,39.83,39.12,39.22,3547958.0
2020-09-15,39.53,39.74,38.81,39.01,3624756.0
2020-09-16,39.01,39.29,38.02,38.08,4684909.0
2020-09-17,37.32,38.9,36.79,38.7,3668920.0
2020-09-18,39.03,39.09,37.95,38.49,2601057.0
2020-09-21,37.91,38.43,37.31,38.38,3205788.0
2020-09-22,38.71,38.87,37.69,38.86,3801242.0
2020-09-23,38.82,38.94,37.52,37.57,2884592.0
2020-09-24,37.06,38.58,37.0,37.9,3390750.0
2020-09-25,37.93,38.17,37.17,38.05,3761509.0
2020-09-28,38.51,40.04,38.5,39.89,4254011.0
2020-09-29,39.96,40.56,39.37,39.4,3980917.0
2020-09-30,39.15,39.98,38.78,39.7,3258424.0
2020-10-01,40.41,40.72,39.84,40.31,3445456.0
2020-10-02,39.49,40.44,39.3,39.77,3506218.0
2020-10-05,40.28,41.83,40.03,41.52,5750480.0
2020-10-06,42.0,43.12,41.69,42.08,5380615.0
2020-10-07,43.09,43.67,42.35,42.62,6355711.0
2020-10-08,43.18,43.72,42.51,42.75,6057688.0
2020-10-09,43.83,44.94,43.39,44.7,5836691.0
2020-10-12,44.9,44.95,42.99,43.59,6001350.0
2020-10-13,44.03,44.24,43.3,43.78,3191905.0
2020-10-14,43.98,44.09,43.04,43.34,2820153.0
2020-10-15,42.67,43.15,42.54,42.95,2386282.0
2020-10-16,43.6,43.71,42.92,42.96,2255913.0
2020-10-19,43.22,43.62,41.78,41.85,3997220.0
2020-10-20,42.23,42.33,41.37,41.62,2920088.0
2020-10-21,41.56,41.77,40.34,40.4,4552760.0
2020-10-22,40.51,41.25,39.84,41.04,3674902.0
2020-10-23,41.21,41.47,40.48,41.43,3538434.0
2020-10-26,41.0,41.89,40.4,40.89,2574731.0
2020-10-27,41.19,41.8,40.84,41.47,2832963.0
2020-10-28,40.56,40.74,39.52,39.53,3604792.0
2020-10-29,36.09,39.69,35.3,38.21,23579226.0
2020-10-30,38.27,38.68,37.01,37.51,9216083.0
2020-11-02,37.9,37.91,36.51,36.89,6278772.0
2020-11-03,37.21,37.66,37.02,37.19,4210051.0
2020-11-04,37.8,39.49,37.37,39.16,7192314.0
2020-11-05,40.16,41.54,39.87,41.48,7781136.0
2020-11-06,41.42,45.81,40.99,45.13,13134900.0
2020-11-09,45.51,45.58,42.13,42.21,8745642.0
2020-11-10,41.88,42.07,39.41,40.32,8299809.0
2020-11-11,41.05,42.92,41.05,42.27,5763899.0
2020-11-12,42.17,42.45,41.29,41.6,3601784.0
2020-11-13,43.18,43.95,42.69,43.26,5298055.0
2020-11-16,43.5,43.82,42.68,43.31,3566576.0
2020-11-17,43.13,43.45,42.53,42.97,2500054.0
2020-11-18,42.86,43.62,42.73,43.09,2195552.0
2020-11-19,43.02,44.41,42.78,44.18,2775267.0
2020-11-20,44.31,44.81,43.94,43.96,2683390.0
2020-11-23,44.17,44.78,43.52,44.6,3065512.0
2020-11-24,44.91,44.92,43.78,44.84,2566703.0
2020-11-25,44.94,45.2,44.36,44.6,2259416.0
2020-11-27,44.82,45.58,44.82,45.11,1532574.0
2020-11-30,45.64,46.38,44.52,46.29,3399320.0
2020-12-01,46.77,47.21,46.22,46.64,4200075.0
2020-12-02,46.4,46.66,45.45,45.62,3689630.0
2020-12-03,45.94,45.97,45.01,45.52,6150709.0
2020-12-04,44.36,44.81,42.83,43.38,12649100.0
2020-12-07,43.46,44.21,43.14,44.14,4230199.0
2020-12-08,43.89,44.14,43.32,43.68,3814570.0
2020-12-09,43.8,44.32,42.42,42.56,3959081.0
2020-12-10,42.3,43.35,42.18,42.91,2815516.0
2020-12-11,42.96,43.32,42.1,42.94,3439306.0
2020-12-14,44.0,45.02,43.67,44.33,5786323.0
2020-12-15,45.0,45.43,44.52,45.16,3751924.0
2020-12-16,45.07,45.37,44.48,45.31,3631504.0
2020-12-17,45.96,47.24,45.83,47.1,4839949.0
2020-12-18,47.19,48.42,47.12,47.51,6501966.0
2020-12-21,47.02,47.69,46.42,47.25,4055655.0
2020-12-22,47.51,47.68,46.48,47.15,2246231.0
2020-12-23,47.16,47.48,46.36,46.41,3079337.0
2020-12-24,46.73,47.09,46.26,47.05,1988647.0
2020-12-28,47.88,48.1,46.76,46.98,2779675.0
2020-12-29,47.35,47.41,45.64,46.23,2786336.0
2020-12-30,46.68,47.63,46.54,47.5,2442464.0
2020-12-31,47.45,47.79,47.06,47.54,1987137.0
2021-01-04,47.81,48.56,45.84,46.31,11418630.0
2021-01-05,46.05,47.61,46.01,47.61,5710109.0
2021-01-06,46.78,47.6,46.36,46.51,6516434.0
2021-01-07,47.45,49.13,47.25,49.02,9090356.0
2021-01-08,49.89,50.64,48.41,49.08,11093190.0
2021-01-11,48.75,50.545,48.4287,50.24,9073919.0
2021-01-12,51.15,51.23,50.03,50.64,6390990.0
2021-01-13,50.61,50.71,49.43,50.24,5606828.0
2021-01-14,50.35,51.94,49.94,51.31,9324955.0
2021-01-15,51.47,51.7,50.27,50.77,7994501.0
2021-01-19,51.7,54.35,51.66,53.81,16424010.0
2021-01-20,55.19,55.7,53.98,54.08,11638390.0
2021-01-21,54.48,54.62,52.82,53.49,9327814.0
2021-01-22,52.95,53.37,52.58,52.62,6410462.0
2021-01-25,53.34,54.88,52.46,54.43,10775900.0
2021-01-26,54.902,54.94,53.2,54.0,8299287.0
2021-01-27,53.01,53.59,50.94,51.14,14169060.0
2021-01-28,51.57,53.06,51.41,52.18,9398006.0
2021-01-29,52.5,52.5,51.025,51.46,7818511.0
2021-02-01,52.06,53.06,51.61,52.87,6356501.0
2021-02-02,53.73,54.01,51.85,52.86,8708494.0
2021-02-03,52.865,52.99,50.73,51.11,10115090.0
2021-02-04,51.25,51.3528,49.94,50.3,11072120.0
2021-02-05,50.69,50.69,49.58,50.05,9308999.0
2021-02-08,50.58,51.615,50.4,51.6,7499709.0
2021-02-09,51.24,51.785,51.01,51.25,6605748.0
2021-02-10,51.26,51.38,49.84,50.59,7117932.0
2021-02-11,51.2,52.24,50.83,52.11,8797916.0
2021-02-12,52.08,54.1773,51.53,53.82,11378400.0
2021-02-16,54.5,54.56,52.58,52.94,7841826.0
2021-02-17,52.06,52.31,50.07,50.4,10335170.0
2021-02-18,49.98,50.99,49.25,50.47,11012710.0
2021-02-19,51.28,52.22,50.8,51.89,9959643.0
2021-02-22,51.165,51.4,49.48,49.69,13798730.0
2021-02-23,48.2,49.4,46.68,48.84,13210720.0
2021-02-24,48.59,49.28,47.45,49.26,12785280.0
2021-02-25,48.9,49.42,46.14,46.56,11476430.0
2021-02-26,47.35,48.59,46.62,48.28,11501130.0
2021-03-01,49.086,49.56,48.19,49.52,9348071.0
2021-03-02,49.81,49.88,47.78,47.83,9718204.0
2021-03-03,47.09,47.57,45.305,45.56,16898420.0
2021-03-04,43.06,43.59,39.89,40.095,33121290.0
2021-03-05,40.6,41.63,37.92,41.51,21673010.0
2021-03-08,42.36,42.92,39.97,40.06,18059870.0
2021-03-09,42.26,44.49,41.62,43.86,20324010.0
2021-03-10,44.64,44.89,42.73,42.84,21969020.0
2021-03-11,44.5,46.65,44.28,46.3,18895350.0
2021-03-12,44.914,47.47,44.91,47.16,16216940.0
2021-03-15,47.39,48.38,47.15,48.36,8372803.0
2021-03-16,48.73,49.19,47.58,47.96,9320722.0
2021-03-17,46.83,48.495,46.31,48.1,11421330.0
2021-03-18,47.4,47.43,45.48,45.55,9722043.0
2021-03-19,46.09,47.245,45.52,47.0,10172030.0
2021-03-22,47.81,48.555,47.31,47.67,7974081.0
2021-03-23,47.74,47.82,45.935,46.15,8492226.0
2021-03-24,46.93,47.44,45.18,45.25,18802070.0
2021-03-25,44.12,45.11,43.65,44.75,11073810.0
2021-03-26,44.55,47.07,44.42,46.97,10575400.0
2021-03-29,46.847,47.14,45.91,46.51,9303318.0
2021-03-30,46.338,47.53,45.92,47.33,8375491.0
2021-03-31,48.1,49.6,47.87,48.98,10221300.0
2021-04-01,49.7,50.0,48.782,49.66,11084680.0
2021-04-05,50.54,51.21,50.12,51.07,9557257.0
2021-04-06,50.588,51.22,50.11,50.85,9666292.0
2021-04-07,50.703,50.93,50.09,50.36,8130396.0
2021-04-08,51.0,51.49,49.91,50.38,7607453.0
2021-04-09,49.64,50.16,49.3,49.6,7054351.0
2021-04-12,49.3,50.07,48.7126,49.65,12191350.0
2021-04-13,49.73,49.9848,48.14,48.75,7682370.0
2021-04-14,48.82,49.32,47.82,48.07,6456590.0
2021-04-15,48.6,49.005,48.16,48.78,6630112.0
2021-04-16,48.68,48.88,47.41,47.91,12939800.0
2021-04-19,47.44,47.82,46.09,46.65,9722495.0
2021-04-20,46.22,47.13,45.66,45.84,21600670.0
2021-04-21,45.62,47.51,45.23,47.48,9507495.0
2021-04-22,47.77,47.77,45.04,45.11,11112400.0
2021-04-23,45.4,46.47,45.26,46.1,10249650.0
2021-04-26,46.48,47.4,46.27,47.32,9994892.0
2021-04-27,47.46,47.74,45.83,45.93,9981480.0
2021-04-28,45.845,47.02,45.5,46.8,9650571.0
2021-04-29,47.3,47.465,46.18,47.26,5626113.0
2021-04-30,46.39,46.71,45.05,45.21,8806514.0
2021-05-03,45.48,45.54,44.12,44.31,7360121.0
2021-05-04,43.69,44.5,42.685,44.49,9914790.0
2021-05-05,44.86,45.63,44.39,44.79,6351604.0
2021-05-06,44.45,45.665,44.05,45.54,6760527.0
2021-05-07,45.9,46.58,45.51,45.96,5898002.0
2021-05-10,45.56,45.87,44.29,44.32,9008005.0
2021-05-11,42.68,44.575,42.07,44.22,8225515.0
2021-05-12,42.9,43.09,41.16,41.51,13437660.0
2021-05-13,42.03,42.84,40.79,41.6,9175034.0
2021-05-14,42.48,43.81,41.88,43.36,7757627.0
2021-05-17,42.92,43.31,42.22,42.81,8715076.0
2021-05-18,43.08,43.23,42.34,42.45,6353534.0
2021-05-19,41.46,44.83,41.25,44.51,13074100.0
2021-05-20,44.82,46.4255,44.75,46.26,14275550.0
2021-05-21,46.78,46.78,45.91,46.22,7602629.0
2021-05-24,46.67,47.86,46.51,47.62,7934342.0
2021-05-25,47.97,48.43,47.52,48.03,8518072.0
2021-05-26,48.32,48.79,47.85,48.62,6634189.0
2021-05-27,48.3,48.67,47.855,48.36,6909755.0
2021-05-28,48.65,49.21,48.2,48.3,4169014.0
2021-06-01,48.74,48.95,47.57,47.75,5225364.0
2021-06-02,47.71,48.03,47.26,47.52,4922321.0
2021-06-03,47.0,47.9,46.77,47.18,6664516.0
2021-06-04,47.63,48.79,47.62,48.7,7265857.0
2021-06-07,48.91,48.9192,48.13,48.27,10989150.0
2021-06-08,51.18,52.65,49.4,50.73,20539060.0
2021-06-09,50.55,51.3,50.12,50.35,8731642.0
2021-06-10,50.32,51.9197,50.27,51.8,9481769.0
2021-06-11,51.65,52.11,51.22,52.1,7416162.0
2021-06-14,52.3,54.0,52.15,53.8,9430550.0
2021-06-15,53.69,53.88,53.1,53.59,7409004.0
2021-06-16,53.87,54.53,53.21,54.11,7507046.0
2021-06-17,53.85,55.405,53.81,55.12,8071483.0
2021-06-18,54.58,55.33,53.96,54.27,18784120.0
2021-06-21,54.3,55.34,53.7,54.82,6748767.0
2021-06-22,55.095,55.095,53.94,54.36,6423691.0
2021-06-23,54.23,54.84,54.23,54.53,3685950.0
2021-06-24,55.03,56.3,54.77,56.14,6387322.0
2021-06-25,56.3,56.54,55.86,56.3,9023042.0
2021-06-28,57.295,58.88,57.12,58.6,9568075.0
2021-06-29,58.545,58.95,57.84,58.76,5511975.0
2021-06-30,58.76,58.88,58.07,58.33,5264969.0
2021-07-01,57.97,57.975,56.79,57.39,6112875.0
2021-07-02,57.4,57.705,56.65,57.42,5437561.0
2021-07-06,57.96,57.99,56.81,57.5,5932175.0
2021-07-07,58.12,58.2,56.09,56.68,5527888.0
2021-07-08,55.25,56.64,55.0,56.27,6320449.0
2021-07-09,56.38,57.32,55.84,57.0,4665422.0
2021-07-12,56.643,57.42,56.52,57.33,4069387.0
2021-07-13,57.094,57.49,56.51,56.77,4304690.0
2021-07-14,57.58,57.58,55.91,56.01,4629423.0
2021-07-15,56.49,57.06,55.35,55.7,6740122.0
2021-07-16,55.9,56.19,53.77,53.97,6684912.0
2021-07-19,53.35,54.96,52.79,54.8,7771927.0
2021-07-20,54.85,57.03,54.45,56.56,7876075.0
2021-07-21,56.61,58.38,56.24,58.33,5839615.0
2021-07-22,57.57,58.0668,57.39,57.98,3278462.0
2021-07-23,58.45,59.27,57.81,58.92,4406569.0
2021-07-26,58.63,59.2399,58.45,58.95,3516282.0
2021-07-27,58.96,58.96,56.48,57.98,6082352.0
2021-07-28,58.07,59.13,57.97,58.99,5229420.0
2021-07-29,59.15,60.385,59.1,60.31,5502172.0
2021-07-30,59.792,60.6,59.51,60.51,4456525.0
2021-08-02,61.0,61.48,60.4,60.57,4456129.0
2021-08-03,60.214,61.43,59.345,61.34,6253348.0
2021-08-04,61.55,62.62,61.3531,61.89,8185217.0
2021-08-05,62.14,62.71,60.82,61.05,5947945.0
2021-08-06,60.49,61.06,60.38,60.54,3808544.0
2021-08-09,61.06,61.09,60.06,60.48,2497554.0
2021-08-10,60.69,60.87,58.54,59.75,3981578.0
2021-08-11,60.02,60.4,59.11,59.79,4029528.0
2021-08-12,59.0,60.99,58.61,59.86,6495736.0
2021-08-13,59.83,60.48,59.51,60.39,3155199.0
2021-08-16,60.13,60.25,58.7,59.16,5562049.0
2021-08-17,58.5,58.78,57.6,58.52,6497116.0
2021-08-18,58.13,59.1,57.77,57.84,3977413.0
2021-08-19,57.36,59.425,57.1044,58.98,4973789.0
2021-08-20,58.84,59.91,58.76,59.85,4617676.0
2021-08-23,60.7,62.19,60.34,62.0,7325478.0
2021-08-24,62.29,62.83,61.9319,62.55,5710824.0
2021-08-25,62.78,63.44,62.46,63.2,6336298.0
2021-08-26,63.5,64.07,62.83,63.24,6685658.0
2021-08-27,61.97,62.24,60.08,61.34,14782010.0
2021-08-30,61.57,63.07,61.48,61.96,6938174.0
2021-08-31,62.0,62.05,61.11,61.19,5267940.0
2021-09-01,61.62,61.7,60.6,60.72,4968261.0
2021-09-02,61.27,61.5,60.78,61.32,2777800.0
2021-09-03,61.265,62.2,61.1,61.51,2517997.0
2021-09-07,61.76,62.04,61.21,61.24,3021105.0
2021-09-08,60.87,61.335,59.9,60.37,3292554.0
2021-09-09,60.52,61.85,60.5,61.25,3305196.0
2021-09-10,61.92,62.6,61.12,61.17,4430169.0
2021-09-13,61.93,62.46,61.05,62.38,5246907.0
2021-09-14,62.6,63.03,61.86,62.3,3323664.0
2021-09-15,62.32,62.94,61.83,62.46,4436873.0
2021-09-16,61.92,63.33,61.63,63.25,4391470.0
2021-09-17,63.14,63.14,61.74,62.1,11428290.0
2021-09-20,60.8,61.24,59.39,60.68,7158741.0
2021-09-21,61.05,61.49,60.17,61.03,3468537.0
2021-09-22,61.5,62.86,61.27,62.67,3595680.0
2021-09-23,62.855,63.98,62.82,63.44,4530038.0
2021-09-24,63.0,63.9479,62.63,63.61,2912570.0
2021-09-27,62.76,63.58,62.06,63.07,4097473.0
2021-09-28,61.415,61.89,60.67,60.75,6982139.0
2021-09-29,61.08,61.82,60.08,60.15,4583745.0
2021-09-30,60.46,61.639,60.24,60.31,4970864.0
2021-10-01,60.8,60.87,58.35,59.83,6822672.0
2021-10-04,59.45,59.47,56.86,57.59,6955484.0
2021-10-05,58.38,60.0599,58.26,59.39,7195808.0
2021-10-06,58.68,64.27,58.5216,63.75,16659310.0
2021-10-07,65.0,67.19,64.51,65.15,15222490.0
2021-10-08,65.435,65.6,64.32,64.62,5665694.0
2021-10-11,64.255,64.87,63.39,63.44,4063394.0
2021-10-12,64.438,64.53,62.5,63.59,6357776.0
2021-10-13,64.34,64.7,63.2,63.42,6701272.0
2021-10-14,64.91,66.14,64.522,65.29,8491066.0
2021-10-15,65.895,66.28,65.26,65.65,5971324.0
2021-10-18,65.32,67.22,65.02,67.17,5342318.0
2021-10-19,67.35,68.12,66.62,67.85,7367547.0
2021-10-20,67.68,68.0,66.65,67.19,3979672.0
2021-10-21,66.58,67.11,65.94,67.07,5297649.0
2021-10-22,67.502,67.6999,65.87,66.31,5228237.0
2021-10-25,66.7,67.98,66.38,67.67,4999654.0
2021-10-26,68.68,69.09,67.665,67.73,6211626.0
2021-10-27,67.5,68.55,67.1502,67.7,4912039.0
2021-10-28,68.145,68.59,67.64,68.48,3526836.0
2021-10-29,67.88,68.88,67.75,68.5,5436680.0
2021-11-01,68.67,68.97,67.77,68.96,6106581.0
2021-11-02,69.0,71.4,68.91,69.91,7088098.0
2021-11-03,69.66,69.71,68.81,69.25,4134843.0
2021-11-04,69.81,71.63,68.84,71.54,8692305.0
2021-11-05,72.0,72.92,71.295,71.86,6343898.0
2021-11-08,72.15,73.76,71.79,73.0,6823700.0
2021-11-09,73.74,74.0638,72.18,72.94,4937909.0
2021-11-10,71.96,73.25,70.63,70.97,6463758.0
2021-11-11,71.58,73.52,71.56,73.42,5485337.0
2021-11-12,73.82,74.49,72.59,73.48,5454942.0
2021-11-15,73.56,73.66,71.53,72.92,4021223.0
2021-11-16,72.68,74.1,71.94,73.82,5087219.0
2021-11-17,73.88,74.33,73.14,73.64,4145690.0
2021-11-18,74.7,75.25,74.2,75.15,5798086.0
2021-11-19,75.13,75.7918,74.35,74.58,5458514.0
2021-11-22,75.1,76.12,72.44,72.75,8645460.0
2021-11-23,73.03,74.0,71.27,73.22,5792807.0
2021-11-24,72.47,74.0,71.8,73.86,4826037.0
2021-11-26,72.7,74.14,71.53,71.99,4596034.0
2021-11-29,73.355,75.29,73.0,75.02,9161436.0
2021-11-30,74.84,75.14,70.8,71.17,13173170.0
2021-12-01,72.745,75.0233,70.83,70.95,8819171.0
2021-12-02,70.34,72.16,69.301,71.03,10772610.0
2021-12-03,85.885,88.49,80.4701,83.59,51023660.0
2021-12-06,83.505,86.37,80.37,85.43,15634420.0
2021-12-07,87.455,92.4,86.89,91.51,21126730.0
2021-12-08,90.77,93.85,89.4,91.29,14554700.0
2021-12-09,90.66,92.79,89.67,90.03,11836040.0
2021-12-10,91.33,92.28,88.22,89.02,9660006.0
2021-12-13,89.44,89.82,86.49,86.59,7371538.0
2021-12-14,84.89,86.63,84.36,85.29,8595981.0
2021-12-15,85.43,88.84,84.0,88.37,14422030.0
2021-12-16,89.59,89.88,82.63,83.59,17014820.0
2021-12-17,82.0,85.37,81.58,84.03,16218650.0
2021-12-20,82.728,84.54,82.5,84.17,9546776.0
2021-12-21,86.635,87.29,84.46,86.3,10103750.0
2021-12-22,86.19,88.4,85.4701,88.29,9516414.0
2021-12-23,88.238,89.52,87.45,87.68,8016518.0
2021-12-27,88.0,91.18,87.8,90.81,7119772.0
2021-12-28,90.983,91.06,87.76,87.99,5803675.0
2021-12-29,88.07,88.97,87.71,88.54,3583045.0
2021-12-30,88.54,88.99,87.23,87.44,4303145.0
2021-12-31,87.59,88.54,87.445,87.49,3611562.0
2022-01-03,87.95,90.05,87.82,89.43,6819968.0
2022-01-04,90.28,91.783,86.41,88.37,11874950.0
2022-01-05,87.04,89.69,83.99,84.12,11010500.0
2022-01-06,82.711,86.27,82.0,85.53,9697131.0
2022-01-07,85.47,85.87,82.585,83.11,10289310.0
2022-01-10,81.11,82.33,77.39,82.21,16685050.0
2022-01-11,81.18,86.415,80.7994,86.23,15358710.0
2022-01-12,86.685,87.42,84.4,84.94,9308656.0
2022-01-13,85.91,86.65,78.5,78.65,13860640.0
2022-01-14,77.815,83.13,77.815,83.0,14780120.0
2022-01-18,80.3,81.54,77.42,77.67,12389540.0
2022-01-19,78.34,79.33,75.77,76.89,12153340.0
2022-01-20,77.34,78.65,73.73,73.8,10401220.0
2022-01-21,72.91,76.13,72.2001,72.55,14820380.0
2022-01-24,71.06,72.22,66.97,72.09,22097030.0
2022-01-25,69.59,70.26,66.95,67.02,17846790.0
2022-01-26,70.01,72.2,66.93,67.66,19451790.0
2022-01-27,69.36,70.25,64.72,64.89,13587920.0
2022-01-28,64.89,66.34,62.55,66.32,11456290.0
2022-01-31,66.89,71.44,66.88,71.4,12501680.0
2022-02-01,72.23,72.62,69.29,72.42,10089340.0
2022-02-02,74.11,75.13,71.86,74.08,11005470.0
2022-02-03,71.02,72.54,68.34,68.63,11944320.0
2022-02-04,68.77,71.94,68.66,71.1,7967119.0
2022-02-07,71.275,73.21,71.0921,71.57,6969227.0
2022-02-08,71.12,76.755,71.1105,76.5,13362560.0
2022-02-09,77.65,77.955,75.28,77.74,10748210.0
2022-02-10,74.89,78.19,73.18,73.84,12088840.0
2022-02-11,73.5,74.84,67.49,67.99,13642780.0
2022-02-14,68.075,69.89,66.62,67.75,12249920.0
2022-02-15,70.179,74.26,69.83,74.17,12668860.0
2022-02-16,72.585,72.83,70.57,72.1,7442269.0
2022-02-17,70.4,71.0,67.17,67.55,12107760.0
2022-02-18,68.186,69.05,66.26,67.34,9049067.0
2022-02-22,66.481,68.87,65.67,66.7,7595983.0
2022-02-23,67.53,68.77,64.67,64.82,9648229.0
2022-02-24,61.4,68.08,60.96,67.79,13272080.0
2022-02-25,67.86,69.32,66.3,68.75,8691731.0
2022-02-28,68.0,69.43,66.23,68.33,12495110.0
2022-03-01,68.47,68.54,64.14,64.95,12371190.0
2022-03-02,66.37,68.495,65.29,67.67,10682290.0
2022-03-03,68.33,68.9,64.69,65.2,18563490.0
2022-03-04,63.68,68.48,62.345,63.41,25859010.0
2022-03-07,64.96,66.59,60.965,61.17,17201630.0
2022-03-08,61.17,68.14,60.79,64.51,14892080.0
2022-03-09,66.318,67.28,65.0,66.55,10367600.0
2022-03-10,65.25,66.67,64.37,65.25,7693751.0
2022-03-11,65.97,66.52,62.94,63.09,6971974.0
2022-03-14,62.88,63.34,58.84,60.25,12496070.0
2022-03-15,61.3,65.97,60.93,65.78,12611250.0
2022-03-16,67.0,69.37,65.04,68.91,13280500.0
2022-03-17,67.915,69.48,66.9136,69.41,7304214.0
2022-03-18,69.105,71.77,68.0535,71.33,13982480.0
2022-03-21,70.66,71.72,69.101,70.71,7338246.0
2022-03-22,70.42,72.84,70.33,71.38,6645544.0
2022-03-23,70.43,72.02,68.85,68.94,6950349.0
2022-03-24,69.98,73.86,69.22,73.76,9556453.0
2022-03-25,73.715,74.86,73.01,74.37,10997840.0
2022-03-28,73.85,74.44,71.951,74.31,6988225.0
2022-03-29,75.92,76.59,74.3,76.16,7427184.0
2022-03-30,74.83,75.51,72.26,73.01,8727551.0
2022-03-31,73.31,73.8,71.6,71.71,8046677.0
2022-04-01,72.0,72.73,69.42,71.07,8033290.0
2022-04-04,71.56,73.0,70.73,72.96,9624073.0
2022-04-05,72.29,72.32,68.2,68.31,11140020.0
2022-04-06,66.77,67.73,64.94,66.5,14416540.0
2022-04-07,65.8,67.18,63.53,65.66,11019140.0
2022-04-08,65.61,65.74,62.99,63.15,10191000.0
2022-04-11,61.81,62.3669,60.47,60.73,12152040.0
2022-04-12,62.81,63.34,59.75,60.13,10070180.0
2022-04-13,60.775,63.75,60.09,63.3,9497421.0
2022-04-14,63.61,63.62,60.87,60.97,7542207.0
2022-04-18,60.61,62.47,60.15,61.73,5830708.0
2022-04-19,60.96,63.92,60.52,63.77,8055113.0
2022-04-20,64.5,65.13,62.48,62.94,6847470.0
2022-04-21,64.12,65.17,59.5,59.95,8136784.0
2022-04-22,59.8,60.52,58.32,58.44,8638103.0
2022-04-25,58.49,60.76,58.15,60.69,10497840.0
2022-04-26,59.9,60.43,57.85,57.95,10787330.0
2022-04-27,57.11,59.575,56.5701,56.72,9750004.0
2022-04-28,58.34,61.88,57.16,61.06,11584550.0
2022-04-29,59.751,62.73,58.01,58.08,9138123.0
2022-05-02,58.11,60.09,57.38,60.07,8337260.0
2022-05-03,60.12,60.72,59.06,60.41,6329444.0
2022-05-04,60.76,63.11,57.78,62.91,11676340.0
2022-05-05,61.91,61.99,57.33,58.29,11948930.0
2022-05-06,58.03,60.51,55.61,57.75,11582260.0
2022-05-09,56.7,57.69,53.54,53.73,12399890.0
2022-05-10,55.42,56.55,52.81,55.13,11114150.0
2022-05-11,54.44,55.69,52.33,52.54,9426362.0
2022-05-12,51.38,53.66,50.41,52.39,12005760.0
2022-05-13,53.83,58.03,53.43,57.57,13265930.0
2022-05-16,57.15,57.35,55.0,55.23,9417884.0
2022-05-17,57.18,59.01,56.69,58.28,8401124.0
2022-05-18,57.37,59.1,54.6871,55.01,10843390.0
2022-05-19,54.29,56.33,53.54,54.28,9730092.0
2022-05-20,55.86,55.91,51.05,54.07,13790100.0
2022-05-23,52.572,54.96,52.572,54.86,7554378.0
2022-05-24,53.35,53.58,51.56,52.4,10004890.0
2022-05-25,51.82,54.48,51.66,53.96,10589800.0
2022-05-26,53.25,57.23,53.15,56.99,16074510.0
2022-05-27,60.0,61.4,58.53,60.82,22143050.0
2022-05-31,60.58,61.0,58.4749,59.15,14203200.0
2022-06-01,59.34,60.16,56.63,58.04,9731597.0
2022-06-02,57.17,61.5,57.17,61.43,10128900.0
2022-06-03,59.91,61.06,58.785,58.96,7900298.0
2022-06-06,60.61,61.18,59.37,59.74,5894883.0
2022-06-07,59.0,61.24,58.57,61.02,7182096.0
2022-06-08,60.21,61.07,58.74,59.35,6343676.0
2022-06-09,58.82,59.84,56.43,56.48,8386574.0
2022-06-10,55.22,55.56,52.92,53.07,12030160.0
2022-06-13,50.82,51.26,48.66,48.81,14441960.0
2022-06-14,49.5,49.84,47.62,48.52,9614065.0
2022-06-15,48.7,50.49,47.69,49.2,11363710.0
2022-06-16,47.39,47.63,44.33,45.04,14987600.0
2022-06-17,45.15,46.2,43.68,46.04,16001810.0
2022-06-21,46.895,48.38,46.76,47.03,8834611.0
2022-06-22,45.89,47.43,45.75,46.39,7508775.0
2022-06-23,47.11,47.14,45.19,46.26,7252438.0
2022-06-24,47.21,49.05,46.88,48.22,20042320.0
2022-06-27,49.03,49.17,47.37,47.65,6915220.0
2022-06-28,47.65,48.6122,45.26,45.32,10323990.0
2022-06-29,44.6,44.63,43.27,44.32,8065279.0
2022-06-30,43.81,45.02,42.545,43.53,10010140.0
2022-07-01,42.77,43.55,41.75,42.55,8790141.0
2022-07-05,41.39,42.99,41.07,42.98,9799061.0
2022-07-06,42.78,44.45,42.5,43.82,8859058.0
2022-07-07,45.08,47.02,45.0626,46.6,10838230.0
2022-07-08,45.43,47.41,45.14,46.99,9130830.0
2022-07-11,45.88,46.38,45.01,45.2,5746203.0
2022-07-12,45.7,46.44,45.18,45.53,6897614.0
2022-07-13,44.59,46.63,44.15,46.14,6411725.0
2022-07-14,45.71,47.225,44.79,47.11,8595659.0
2022-07-15,47.78,48.33,46.98,48.22,7314799.0
2022-07-18,49.37,50.915,48.45,48.62,12622030.0
2022-07-19,49.61,52.34,49.52,52.08,14093880.0
2022-07-20,52.19,54.04,51.6374,53.68,13315460.0
2022-07-21,53.76,54.72,52.66,54.57,7900197.0
2022-07-22,54.57,54.57,51.35,52.02,10205570.0
2022-07-25,51.6,51.78,49.75,50.71,7416603.0
2022-07-26,50.5,50.97,48.97,49.48,7512308.0
2022-07-27,51.25,53.58,50.71,52.99,11212340.0
2022-07-28,53.5,54.09,52.22,53.77,6719928.0
2022-07-29,53.63,55.76,53.22,55.68,9048675.0
2022-08-01,54.98,55.87,53.97,55.33,6959698.0
2022-08-02,54.565,56.9,54.51,55.71,5241626.0
2022-08-03,55.57,58.425,55.55,58.22,9974452.0
2022-08-04,58.09,58.425,56.59,57.35,9768803.0
2022-08-05,56.07,57.6,56.01,56.94,7832719.0
2022-08-08,55.61,56.5,53.3,55.59,13962370.0
2022-08-09,54.14,54.18,50.42,51.26,16556770.0
2022-08-10,53.4,55.3417,52.38,54.99,13944910.0
2022-08-11,55.8,56.64,53.58,53.71,8965041.0
2022-08-12,54.64,55.59,54.18,55.36,7408429.0
2022-08-15,54.88,55.87,54.42,55.48,5062816.0
2022-08-16,55.215,55.36,53.7,54.35,5557142.0
2022-08-17,53.5,53.63,51.64,52.65,9196280.0
2022-08-18,52.91,55.77,52.665,54.55,8759175.0
2022-08-19,53.415,54.03,52.58,53.14,7418973.0
2022-08-22,51.38,52.245,50.55,50.93,7438888.0
2022-08-23,51.19,52.5163,51.0649,51.58,6093643.0
2022-08-24,51.51,52.54,51.23,52.24,6280806.0
2022-08-25,51.5,55.22,51.17,55.09,13229250.0
2022-08-26,54.224,54.29,49.98,50.17,23821800.0
2022-08-29,49.6,50.8997,48.91,48.99,10153340.0
2022-08-30,49.58,49.79,47.2,48.0,9703513.0
2022-08-31,47.56,48.08,46.3496,46.82,12090040.0
2022-09-01,45.405,46.1,43.63,45.97,16790770.0
2022-09-02,46.73,47.22,45.39,45.76,10358130.0
2022-09-06,45.895,46.11,44.82,45.09,7277176.0
2022-09-07,45.6,47.1,45.001,46.76,11024050.0
2022-09-08,46.3,48.505,45.68,48.15,9918673.0
2022-09-09,48.82,50.1,48.82,49.74,10922780.0
2022-09-12,50.03,50.595,49.39,50.25,9479801.0
2022-09-13,47.84,48.97,47.35,48.02,15732380.0
2022-09-14,48.05,49.45,47.58,48.41,7407193.0
2022-09-15,47.9,48.7,46.175,46.67,8870271.0
2022-09-16,45.655,46.49,44.95,46.35,12443820.0
2022-09-19,45.789,46.73,45.45,46.15,7830219.0
2022-09-20,45.66,46.19,45.07,45.29,5558637.0
2022-09-21,45.515,48.24,45.3475,45.46,11894570.0
2022-09-22,45.43,45.515,43.37,43.52,12084350.0
2022-09-23,42.88,43.43,42.31,43.29,11335160.0
2022-09-26,43.27,44.3306,42.52,42.61,8920813.0
2022-09-27,43.47,44.09,42.57,43.4,10397230.0
2022-09-28,42.67,44.85,42.64,44.55,9736121.0
2022-09-29,43.57,43.92,42.105,42.87,9648900.0
2022-09-30,42.37,44.845,42.2801,42.91,11123270.0
2022-10-03,43.61,45.07,43.48,44.5,9859682.0
2022-10-04,46.158,47.21,46.08,47.04,9763181.0
2022-10-05,45.91,49.08,45.57,48.36,15167920.0
2022-10-06,48.305,49.3,47.64,47.96,12586360.0
2022-10-07,46.16,46.385,42.225,42.35,18033770.0
2022-10-10,41.93,42.15,39.2,40.3,12942600.0
2022-10-11,40.0,40.11,38.0,38.66,17731640.0
2022-10-12,38.302,38.56,37.41,37.98,12698350.0
2022-10-13,35.99,40.06,35.3,39.13,18383910.0
2022-10-14,39.94,40.09,36.935,37.01,13050360.0
2022-10-17,38.36,39.235,37.6,37.87,11932640.0
2022-10-18,39.28,39.78,36.98,37.74,11895690.0
2022-10-19,37.37,38.62,37.1,38.1,8271283.0
2022-10-20,38.39,39.92,37.87,38.07,10037610.0
2022-10-21,37.66,39.62,37.57,39.54,9788359.0
2022-10-24,39.73,39.75,36.9,38.39,13403340.0
2022-10-25,38.62,41.39,38.53,40.61,12620340.0
2022-10-26,39.845,40.6,38.51,38.75,12270740.0
2022-10-27,40.5,42.62,40.03,40.06,18838080.0
2022-10-28,39.76,41.12,39.08,41.01,11454820.0
2022-10-31,40.4,40.78,39.23,39.68,10413840.0
2022-11-01,40.82,41.05,39.37,39.74,7646883.0
2022-11-02,40.36,41.99,39.0,39.05,13715310.0
2022-11-03,38.33,39.497,37.2,37.22,16890290.0
2022-11-04,38.44,39.97,37.98,38.97,16070300.0
2022-11-07,39.56,39.72,38.47,39.51,15185570.0
2022-11-08,40.86,40.96,38.95,39.79,12220680.0
2022-11-09,38.62,38.84,36.71,36.71,14401460.0
2022-11-10,39.01,42.72,39.0,42.65,17081050.0
2022-11-11,42.23,43.81,41.905,43.35,12133780.0
2022-11-14,42.96,43.45,41.83,43.16,11645490.0
2022-11-15,45.62,46.215,43.92,44.7,11831270.0
2022-11-16,43.53,43.83,41.9,42.25,12062730.0
2022-11-17,41.0,43.98,40.85,43.93,9372306.0
2022-11-18,44.845,45.08,43.77,44.0,8687623.0
2022-11-21,43.09,43.31,41.44,41.55,11008930.0
2022-11-22,41.75,42.93,41.25,42.92,11645630.0
2022-11-23,43.16,44.15,42.85,43.68,6078709.0
2022-11-25,43.17,43.79,42.88,42.98,4078234.0
2022-11-28,42.33,44.08,42.245,42.67,10949250.0
2022-11-29,42.95,43.56,42.21,42.91,6747199.0
2022-11-30,43.17,46.61,42.635,46.52,15933920.0
2022-12-01,47.12,47.34,44.83,45.4,15710140.0
2022-12-02,42.0,44.89,41.01,44.72,25050180.0
2022-12-05,44.09,45.08,42.33,42.97,11345810.0
2022-12-06,43.02,43.27,40.75,41.09,8779916.0
2022-12-07,40.48,41.25,39.88,40.41,8219818.0
2022-12-08,40.54,42.02,40.1401,41.7,9106091.0
2022-12-09,41.69,42.77,41.11,41.5,7312011.0
2022-12-12,41.5,42.88,41.0404,42.58,9327234.0
2022-12-13,45.32,45.99,42.33,43.51,12390250.0
2022-12-14,43.24,44.265,42.01,42.65,13428190.0
2022-12-15,41.63,41.68,39.97,40.02,12084750.0
2022-12-16,39.61,40.0,38.29,38.99,20177740.0
2022-12-19,38.94,39.05,38.0,38.4,10651310.0
2022-12-20,37.95,38.1,36.9,37.81,11441860.0
2022-12-21,38.12,38.965,38.12,38.87,9159966.0
2022-12-22,37.87,38.04,36.36,37.07,14075510.0
2022-12-23,36.74,37.575,36.29,37.19,6097631.0
2022-12-27,36.72,36.735,35.85,36.05,8452599.0
2022-12-28,35.78,36.23,35.09,35.38,8096193.0
2022-12-29,36.09,37.23,35.8,36.76,7724302.0
2022-12-30,35.88,37.1,35.58,37.04,8107121.0
2023-01-03,37.91,38.2,35.775,35.99,10336700.0
2023-01-04,36.8,36.94,35.64,36.61,10226260.0
2023-01-05,35.74,35.99,34.67,34.68,13007300.0
2023-01-06,35.15,36.44,33.75,36.1,21224910.0
2023-01-09,37.1,38.035,36.755,36.92,10529790.0
2023-01-10,36.55,37.34,36.02,37.01,9699553.0
2023-01-11,37.308,38.51,36.95,38.42,10319210.0
2023-01-12,38.36,40.135,37.42,39.31,14713050.0
2023-01-13,38.65,40.76,38.52,40.67,11871670.0
2023-01-17,40.62,41.16,40.03,41.03,13030260.0
2023-01-18,41.49,41.91,40.03,40.49,7445092.0
2023-01-19,39.975,40.23,38.54,38.57,10528270.0
2023-01-20,38.95,39.555,38.06,39.48,15860760.0
2023-01-23,40.2,42.845,40.105,42.75,13619480.0
2023-01-24,42.11,43.28,41.955,42.51,8960267.0
2023-01-25,41.72,42.8,40.77,42.74,9599968.0
2023-01-26,43.6,44.48,42.8,44.39,10503920.0
2023-01-27,43.48,44.795,43.48,44.25,7952962.0
2023-01-30,43.48,43.55,41.955,41.99,10071390.0
2023-01-31,42.08,43.19,41.82,43.15,9438377.0
2023-02-01,43.32,46.485,43.25,46.12,14963250.0
2023-02-02,46.994,49.485,46.74,48.76,17101440.0
2023-02-03,46.775,48.32,46.505,46.58,11962100.0
2023-02-06,45.63,46.7,44.85,45.03,7777254.0
2023-02-07,45.4,47.07,44.67,46.78,10537560.0
2023-02-08,46.46,46.86,45.05,45.1,9069549.0
2023-02-09,45.96,46.47,44.605,45.11,7770334.0
2023-02-10,44.62,44.765,43.54,44.55,7650219.0
2023-02-13,44.89,45.89,44.2,45.6,7045595.0
2023-02-14,45.01,47.5,44.78,47.21,9264518.0
2023-02-15,46.4,47.06,45.47,46.74,8589275.0
2023-02-16,46.03,47.13,45.64,45.69,11002710.0
2023-02-17,45.14,45.29,43.605,44.14,8651892.0
2023-02-21,43.56,44.05,42.36,42.6,9607253.0
2023-02-22,42.85,43.48,42.14,42.97,7643199.0
2023-02-23,45.05,45.365,43.62,45.25,12550710.0
2023-02-24,44.49,44.82,43.58,43.85,9142086.0
2023-02-27,44.87,44.9473,44.23,44.31,7026641.0
2023-02-28,44.12,45.7,44.01,45.15,9586961.0
2023-03-01,45.36,46.35,45.1,45.36,7761441.0
2023-03-02,44.81,46.6,44.045,46.23,13727390.0
2023-03-03,41.38,44.2766,41.1,44.04,38293210.0
2023-03-06,44.34,44.59,41.785,42.27,19056470.0
2023-03-07,42.04,42.2303,40.87,41.105,13917100.0
2023-03-08,41.16,43.18,41.085,43.15,14765410.0
2023-03-09,42.95,43.69,40.84,40.91,12030370.0
2023-03-10,40.91,40.935,38.14,38.68,21552730.0
2023-03-13,38.0,38.85,36.64,37.99,26159530.0
2023-03-14,38.915,39.415,37.94,38.61,16990310.0
2023-03-15,37.93,38.16,36.75,37.62,18999240.0
2023-03-16,37.59,40.53,37.4,40.36,16173500.0
2023-03-17,40.23,40.41,39.5,39.97,15184040.0
2023-03-20,39.88,40.42,39.51,40.35,8976464.0
2023-03-21,40.975,41.77,40.56,41.13,8798607.0
2023-03-22,41.01,42.07,40.06,40.16,9901599.0
2023-03-23,41.02,43.305,41.01,42.28,13344790.0
2023-03-24,41.55,41.83,40.39,41.065,10616700.0
2023-03-27,41.49,41.71,40.91,41.21,8762971.0
2023-03-28,41.11,41.16,39.57,40.45,9832144.0
2023-03-29,41.36,43.06,41.33,42.7,11803520.0
2023-03-30,43.575,43.87,42.84,43.25,9842017.0
2023-03-31,43.02,43.385,42.7,43.3,8713964.0
2023-04-03,42.92,43.29,41.67,41.95,9312346.0
2023-04-04,42.09,42.13,40.2,40.48,10340980.0
2023-04-05,40.075,40.1654,39.195,40.09,10814380.0
2023-04-06,39.52,39.935,38.86,39.26,8402486.0
2023-04-10,38.73,40.385,38.43,40.34,8696760.0
2023-04-11,40.36,40.6,39.84,40.09,7298520.0
2023-04-12,40.705,40.93,39.46,39.53,8471359.0
2023-04-13,39.9,40.695,39.71,40.39,8232862.0
2023-04-14,40.39,41.165,39.89,40.29,8209420.0
2023-04-17,39.66,40.62,39.41,40.46,7449173.0
2023-04-18,40.99,42.5973,40.8897,42.24,16610860.0
2023-04-19,41.52,41.915,41.0,41.03,11253310.0
2023-04-20,40.02,40.735,39.16,39.47,9846147.0
2023-04-21,39.2,39.25,37.965,39.02,13950730.0
2023-04-24,38.98,39.445,38.425,38.76,6290479.0
2023-04-25,38.2,38.2201,36.9,36.91,11514920.0
2023-04-26,37.7,38.16,37.42,38.08,11898740.0
2023-04-27,38.09,38.87,37.705,38.63,15976180.0
2023-04-28,38.76,39.52,38.56,39.48,9647354.0
2023-05-01,39.68,40.25,39.47,40.01,11314750.0
2023-05-02,39.61,40.01,38.89,39.49,14932350.0
2023-05-03,39.1,40.32,38.91,39.52,10699070.0
2023-05-04,39.125,39.635,38.63,39.34,11618090.0
2023-05-05,39.88,41.29,39.495,40.97,14043240.0
2023-05-08,40.85,41.19,40.4725,41.01,7515723.0
2023-05-09,40.194,40.365,39.76,39.99,10792030.0
2023-05-10,40.595,40.9,39.965,40.43,11554510.0
2023-05-11,40.26,40.515,39.301,39.73,12547890.0
2023-05-12,39.96,40.13,39.23,40.12,8538645.0
2023-05-15,40.33,42.08,40.19,42.07,8838134.0
2023-05-16,41.81,42.32,41.57,41.67,10653210.0
2023-05-17,42.3,43.905,42.035,43.59,12472060.0
2023-05-18,43.52,45.065,43.51,44.74,17331520.0
2023-05-19,44.93,45.51,44.7,45.46,11055490.0
2023-05-22,45.04,46.64,45.01,46.44,9368292.0
2023-05-23,45.73,47.2995,45.73,46.59,12710560.0
2023-05-24,45.5,46.08,45.0,45.98,13802370.0
2023-05-25,48.995,49.73,46.7,49.47,37900260.0
2023-05-26,58.665,65.75,58.58,65.51,94307250.0
2023-05-30,67.49,67.99,61.31,63.4,51926530.0
2023-05-31,61.8,63.1,58.33,58.49,37896670.0
2023-06-01,59.39,62.1,58.61,61.1,24980260.0
2023-06-02,62.22,62.48,59.1309,60.18,18030090.0
2023-06-05,59.58,59.6,57.2599,58.03,15900530.0
2023-06-06,58.1,60.31,58.04,59.14,16472020.0
2023-06-07,62.26,63.64,59.105,59.33,23824510.0
2023-06-08,59.205,60.36,58.36,59.72,12180960.0
2023-06-09,60.86,62.03,59.5678,60.01,14411340.0
2023-06-12,60.88,62.29,60.86,62.05,15926570.0
2023-06-13,63.32,63.43,61.81,63.05,12424250.0
2023-06-14,62.78,63.03,60.89,62.96,13383860.0
2023-06-15,62.18,62.82,61.55,62.03,11443890.0
2023-06-16,62.81,63.0707,60.81,61.12,17328720.0
2023-06-20,60.71,62.0,60.34,60.83,10632960.0
2023-06-21,60.62,60.93,58.72,58.85,10386310.0
2023-06-22,58.18,59.75,58.0301,59.12,9138913.0
2023-06-23,57.805,58.26,56.59,57.82,24355930.0
2023-06-26,58.08,59.14,57.68,57.75,10316000.0
2023-06-27,57.91,60.7672,57.77,60.59,12291620.0
2023-06-28,58.57,61.46,58.57,60.07,10114600.0
2023-06-29,60.43,60.43,58.12,58.37,14868380.0
2023-06-30,59.3,60.105,59.16,59.78,9065947.0
2023-07-03,60.315,61.38,60.315,61.35,5693094.0
2023-07-05,60.76,61.2,59.78,59.81,7281446.0
2023-07-06,58.61,58.97,57.43,58.82,10177820.0
2023-07-07,59.91,60.26,58.98,59.15,9505876.0
2023-07-10,58.87,60.5,58.83,60.29,10124890.0
2023-07-11,61.73,62.21,60.445,62.15,12004520.0
2023-07-12,63.12,63.69,61.94,62.88,11423600.0
2023-07-13,63.85,65.49,63.059,65.37,12938380.0
2023-07-14,64.5,65.12,63.18,63.45,11408670.0
2023-07-17,63.56,64.94,63.0,64.56,8590896.0
2023-07-18,65.4,66.05,64.2,65.76,9881012.0
2023-07-19,66.0,66.81,64.86,65.63,10606770.0
2023-07-20,64.655,65.03,62.8,63.22,12700320.0
2023-07-21,64.125,64.665,63.19,63.41,19046310.0
2023-07-24,63.69,63.78,62.46,63.11,5606780.0
2023-07-25,63.34,64.698,63.23,63.9,6994863.0
2023-07-26,63.12,64.14,62.2831,63.71,9093986.0
2023-07-27,65.35,66.24,63.295,63.89,10780160.0
2023-07-28,65.4,65.41,64.25,64.91,7103394.0
2023-07-31,65.24,66.26,64.69,65.13,7396387.0
2023-08-01,64.87,66.29,64.23,65.93,6965045.0
2023-08-02,64.9,65.0,60.98,62.11,13749220.0
2023-08-03,61.44,62.995,61.19,62.35,9054346.0
2023-08-04,62.24,63.8,61.64,62.69,7627007.0
2023-08-07,63.22,63.5999,62.4383,63.55,4768951.0
2023-08-08,62.41,62.43,60.785,61.96,9182591.0
2023-08-09,61.82,62.0996,59.6708,59.94,9272628.0
2023-08-10,60.12,61.0499,58.19,58.93,9706533.0
2023-08-11,58.1,58.19,56.7,57.09,9950836.0
2023-08-14,56.61,59.73,56.3925,59.57,14178960.0
2023-08-15,59.36,59.98,58.75,59.12,8371658.0
2023-08-16,59.01,59.01,57.25,57.37,11453270.0
2023-08-17,57.87,58.105,56.9299,57.56,10816730.0
2023-08-18,57.6,57.87,56.62,57.59,12328560.0
2023-08-21,57.85,60.15,57.78,60.03,12100050.0
2023-08-22,60.85,61.6993,59.36,59.59,13608870.0
2023-08-23,59.4,61.77,59.15,61.5,13460560.0
2023-08-24,63.97,64.23,56.9436,57.29,27361410.0
2023-08-25,54.47,55.09,52.2475,53.5,32505540.0
2023-08-28,53.79,55.2641,53.56,55.17,13560420.0
2023-08-29,54.87,56.45,54.625,56.12,10356540.0
2023-08-30,56.12,57.94,55.85,57.34,11605560.0
2023-08-31,57.34,58.6494,57.34,58.25,10331860.0
2023-09-01,58.94,59.2933,57.425,57.95,7638680.0
2023-09-05,57.75,58.415,57.28,57.89,5623578.0
2023-09-06,57.7,58.232,56.555,56.71,10960370.0
2023-09-07,55.24,57.035,54.5829,56.58,10635000.0
2023-09-08,56.3,56.75,55.4,55.74,9416209.0
2023-09-11,56.82,56.82,54.765,56.32,8430025.0
2023-09-12,55.83,57.025,55.6,55.65,5571417.0
2023-09-13,55.71,56.47,55.34,55.6,6328155.0
2023-09-14,56.45,56.46,55.36,55.84,7864821.0
2023-09-15,55.52,55.71,54.16,54.49,14009900.0
2023-09-18,53.87,55.07,53.73,54.78,7076853.0
2023-09-19,54.57,54.5905,53.37,54.09,6518887.0
2023-09-20,54.27,54.735,52.92,52.94,5936293.0
2023-09-21,54.31,55.46,51.79,51.84,18077330.0
2023-09-22,52.3,53.38,52.035,52.3,8549016.0
2023-09-25,52.02,52.805,51.67,52.63,6441747.0
2023-09-26,51.94,52.455,51.435,51.71,7038307.0
2023-09-27,52.11,53.08,51.56,52.55,7639260.0
2023-09-28,52.26,54.726,52.19,54.0,10187830.0
2023-09-29,55.0,55.43,54.0088,54.13,7998795.0
2023-10-02,53.93,55.24,53.83,54.59,7042785.0
2023-10-03,53.72,54.52,52.06,52.56,7325750.0
2023-10-04,52.93,53.42,52.35,53.31,6516876.0
2023-10-05,53.03,53.54,52.3,53.1,6948411.0
2023-10-06,52.28,54.945,52.25,54.53,7855623.0
2023-10-09,53.85,54.635,53.32,54.27,5252699.0
2023-10-10,54.58,55.88,54.25,55.05,6941180.0
2023-10-11,55.29,55.96,54.21,55.14,6620576.0
2023-10-12,55.21,55.71,54.09,54.62,9195083.0
2023-10-13,54.59,54.715,52.35,52.62,9177406.0
2023-10-16,52.64,53.78,52.31,53.66,9492410.0
2023-10-17,52.43,53.88,51.86,53.17,8426969.0
2023-10-18,52.17,52.47,51.2,51.47,8792930.0
2023-10-19,52.07,52.47,50.465,50.69,10031540.0
2023-10-20,50.69,50.93,49.335,49.47,9822387.0
2023-10-23,49.12,49.895,48.16,49.02,8743451.0
2023-10-24,49.66,49.85,48.93,49.49,8380296.0
2023-10-25,48.84,49.2,47.13,47.55,9165814.0
2023-10-26,47.55,48.17,46.43,46.63,7733800.0
2023-10-27,47.21,47.83,46.755,47.26,8914256.0
2023-10-30,47.13,47.765,46.205,46.83,8004742.0
2023-10-31,46.88,47.3,46.07,47.22,6668543.0
2023-11-01,47.05,47.78,46.325,47.7,8445696.0
2023-11-02,49.1,49.4,48.435,48.9,9121517.0
2023-11-03,49.54,51.84,49.4,51.36,9774538.0
2023-11-06,51.64,52.03,50.81,51.24,6334474.0
2023-11-07,51.15,51.695,50.89,51.18,5323688.0
2023-11-08,51.35,51.78,51.09,51.58,8417943.0
2023-11-09,51.89,54.4999,51.87,52.49,14767210.0
2023-11-10,53.32,54.94,52.525,54.62,11254070.0
2023-11-13,54.0,54.13,52.45,53.45,6348919.0
2023-11-14,55.49,57.425,55.33,57.03,12492670.0
2023-11-15,57.39,58.12,56.74,57.17,8896024.0
2023-11-16,55.21,55.22,53.47,54.66,17783810.0
2023-11-17,54.7,55.79,54.69,55.58,6730945.0
2023-11-20,55.5,56.6,55.44,56.38,7260182.0
2023-11-21,55.67,55.775,54.2501,54.68,8927822.0
2023-11-22,55.08,56.34,55.08,55.5,7268147.0
2023-11-24,55.5,56.228,55.37,56.03,3121717.0
2023-11-27,55.61,56.41,55.35,55.9,5724415.0
2023-11-28,55.77,55.77,54.66,55.58,7650031.0
2023-11-29,56.49,57.24,55.9,56.1,7682515.0
2023-11-30,56.71,56.95,55.27,55.73,17162480.0
2023-12-01,52.215,53.84,50.519,52.8,25375900.0
2023-12-04,52.02,52.075,50.63,52.01,13407520.0
2023-12-05,51.22,51.47,50.49,50.7,9851142.0
2023-12-06,51.56,51.855,50.35,50.43,8285783.0
2023-12-07,50.77,52.49,50.56,52.19,9685829.0
2023-12-08,51.72,53.12,51.66,52.88,7086058.0
2023-12-11,53.74,54.61,52.89,54.48,13871180.0
2023-12-12,53.81,54.32,53.5,54.26,7184346.0
2023-12-13,54.34,57.34,54.2,57.21,12116200.0
2023-12-14,58.07,59.94,57.84,59.29,16705480.0
2023-12-15,59.65,60.276,59.1,59.59,15502720.0
2023-12-18,59.51,59.93,58.37,59.72,8117292.0
2023-12-19,59.62,59.92,59.07,59.66,5956585.0
2023-12-20,59.31,60.6,57.5,57.54,11758070.0
2023-12-21,59.25,60.37,59.01,60.25,8210466.0
2023-12-22,60.5,60.67,59.71,60.25,3677683.0
2023-12-26,60.66,61.49,60.565,61.15,4670330.0
2023-12-27,61.5,61.7,60.89,61.26,4737122.0
2023-12-28,61.39,61.785,60.89,61.3,4109218.0
2023-12-29,61.39,61.59,60.07,60.31,4778619.0
2024-01-02,59.46,59.759,57.55,58.17,8894068.0
2024-01-03,57.01,57.43,56.335,56.76,6446208.0
2024-01-04,56.03,59.06,55.63,58.07,17872580.0
2024-01-05,58.55,61.15,58.52,59.92,17199780.0
2024-01-08,60.0,64.46,59.95,64.11,18835050.0
2024-01-09,63.11,63.98,63.06,63.47,10379460.0
2024-01-10,64.01,64.295,62.24,63.43,9645259.0
2024-01-11,63.49,66.045,62.91,65.87,17050720.0
2024-01-12,65.87,67.145,65.44,65.68,13828890.0
2024-01-16,65.57,66.99,64.655,65.52,10386320.0
2024-01-17,64.69,65.44,63.28,65.36,10483670.0
2024-01-18,67.33,69.88,67.33,68.21,22439660.0
2024-01-19,69.0,71.21,68.62,71.08,18636680.0
2024-01-22,72.14,72.55,68.93,70.11,14311550.0
2024-01-23,70.05,70.73,68.86,70.6,10142400.0
2024-01-24,71.75,73.235,71.09,72.28,13684850.0
2024-01-25,73.46,73.53,69.91,70.0,15890480.0
2024-01-26,68.7,69.565,67.78,68.04,14228710.0
2024-01-29,68.45,70.2,68.19,70.14,8733619.0
2024-01-30,70.0,70.76,68.34,68.83,9223620.0
2024-01-31,67.412,69.45,66.69,67.7,10017650.0
2024-02-01,68.2,68.25,65.51,66.87,11575440.0
2024-02-02,67.1,68.67,66.7,67.53,11434060.0
2024-02-05,67.68,68.05,65.77,67.02,8514269.0
2024-02-06,67.22,67.49,65.85,67.08,8568957.0
2024-02-07,67.67,69.74,66.01,69.37,15515970.0
2024-02-08,70.2,72.86,69.96,71.02,17086390.0
2024-02-09,68.23,69.46,66.93,68.83,21879410.0
2024-02-12,69.06,72.725,68.85,70.42,14266560.0
2024-02-13,67.75,69.67,67.06,68.13,12862560.0
2024-02-14,69.41,69.54,68.06,68.96,10569220.0
2024-02-15,68.5,68.68,66.56,67.44,12986570.0
2024-02-16,67.31,68.17,65.96,66.29,11088190.0
2024-02-20,65.81,66.08,63.53,65.04,12304910.0
2024-02-21,64.5,65.55,63.86,65.52,8805169.0
2024-02-22,68.855,70.4,68.23,69.87,16683180.0
2024-02-23,69.85,70.38,67.53,67.58,8541907.0
2024-02-26,68.33,68.925,67.95,68.62,6307028.0
2024-02-27,69.53,71.16,69.11,69.13,10797490.0
2024-02-28,68.22,68.3799,67.23,67.54,7690328.0
2024-02-29,68.78,71.785,68.68,71.66,14234450.0
2024-03-01,73.99,78.09,73.46,77.61,20462800.0
2024-03-04,78.74,80.09,77.15,79.35,17817850.0
2024-03-05,78.3,79.59,77.54,78.73,11051870.0
2024-03-06,81.635,82.51,79.779,81.37,16829490.0
2024-03-07,81.18,85.7571,80.98,85.09,30723260.0
2024-03-08,80.95,81.4,75.38,75.42,40992420.0
2024-03-11,74.05,74.05,70.91,72.36,20587300.0
2024-03-12,73.085,73.26,71.27,71.77,16875630.0
2024-03-13,70.66,70.7107,67.31,67.63,27385930.0
2024-03-14,67.3,67.47,65.22,66.08,21934670.0
2024-03-15,65.72,68.23,65.15,66.87,18474770.0
2024-03-18,67.825,68.22,66.455,67.2,11330450.0
2024-03-19,65.0,66.045,63.46,65.06,19428330.0
2024-03-20,65.04,66.05,64.55,65.54,14717290.0
2024-03-21,68.0,68.56,66.45,66.59,17415920.0
2024-03-22,66.3,67.26,65.76,66.54,10233760.0
2024-03-25,65.56,67.07,64.44,66.12,9915499.0
2024-03-26,66.94,68.945,66.84,68.26,13401260.0
2024-03-27,71.55,72.77,70.35,72.31,22855060.0
2024-03-28,72.0,72.58,70.5301,70.88,12473990.0
2024-04-01,71.49,73.9,71.45,73.2,10137760.0
2024-04-02,72.0,73.705,71.51,73.59,12361450.0
2024-04-03,73.155,75.53,72.46,73.03,11338890.0
2024-04-04,75.02,76.29,70.42,70.88,13364160.0
2024-04-05,71.42,72.72,71.045,72.65,9567246.0
2024-04-08,73.14,73.61,71.36,71.92,8656707.0
2024-04-09,73.27,74.08,71.8,73.34,9757909.0
2024-04-10,72.2,74.06,70.34,71.43,13930480.0
2024-04-11,72.23,74.04,68.56,71.53,24859570.0
2024-04-12,69.98,72.32,69.9,70.16,14256670.0
2024-04-15,71.16,71.7842,67.702,67.88,12431820.0
2024-04-16,67.33,68.985,67.14,68.28,8642604.0
2024-04-17,68.45,69.39,66.35,66.48,9760971.0
2024-04-18,65.5,66.38,64.37,65.24,11870150.0
2024-04-19,64.75,65.72,61.94,62.13,14886800.0
2024-04-22,62.78,63.36,61.7217,62.88,9851153.0
2024-04-23,63.6,64.67,62.95,63.86,9155060.0
2024-04-24,64.77,65.66,63.58,64.85,9111567.0
2024-04-25,65.54,68.03,65.48,67.48,12342160.0
2024-04-26,68.53,69.74,67.8,69.62,11543840.0
2024-04-29,69.56,70.09,68.18,68.75,9051769.0
2024-04-30,67.57,68.52,65.76,65.91,12782870.0
2024-05-01,64.49,66.84,63.34,63.82,11171210.0
2024-05-02,65.12,67.09,64.85,66.67,12956930.0
2024-05-03,69.02,69.38,67.58,68.51,9011548.0
2024-05-06,69.325,69.97,68.49,69.82,7018830.0
2024-05-07,69.68,69.97,68.64,68.68,6454764.0
2024-05-08,67.865,68.72,67.54,68.11,6610966.0
2024-05-09,67.86,68.92,67.515,67.68,13647810.0
2024-05-10,68.17,69.4,67.855,68.47,8484140.0
2024-05-13,69.0,70.53,68.85,69.02,5261357.0
2024-05-14,68.45,69.0,66.97,68.02,9267389.0
2024-05-15,68.95,70.18,68.18,70.15,10009010.0
2024-05-16,70.79,74.55,70.77,73.08,18116260.0
2024-05-17,73.67,74.02,71.89,71.92,7874825.0
2024-05-20,72.345,74.78,71.68,74.47,10465970.0
2024-05-21,72.92,73.94,72.42,73.3,7616968.0
2024-05-22,73.87,74.16,72.76,73.68,7692731.0
2024-05-23,75.865,76.25,73.18,75.02,15618270.0
2024-05-24,75.9,77.97,75.26,76.68,9353678.0
2024-05-28,77.0,78.44,76.0901,78.33,12410840.0
2024-05-29,76.91,77.39,75.7,75.78,9204412.0
2024-05-30,75.391,77.435,75.08,76.85,14365350.0
2024-05-31,76.285,76.47,67.06,68.81,37095910.0
2024-06-03,70.2,71.16,67.1,68.21,12623320.0
2024-06-04,67.69,67.77,66.1,66.38,14604920.0
2024-06-05,67.45,69.9,67.02,69.8,12610920.0
2024-06-06,69.48,69.9025,67.86,68.1,8626294.0
2024-06-07,68.01,68.96,67.52,67.99,8799973.0
2024-06-10,67.07,69.86,67.031,69.47,9191500.0
2024-06-11,69.02,70.77,68.61,70.4,6407418.0
2024-06-12,71.7,73.395,71.41,73.36,10296530.0
2024-06-13,74.59,75.7,71.645,72.87,17515630.0
2024-06-14,72.19,73.48,71.65,73.27,6029807.0
2024-06-17,73.42,73.44,70.773,71.82,9859232.0
2024-06-18,72.55,74.13,72.01,73.14,8747404.0
2024-06-20,73.13,75.3,72.89,73.24,14489970.0
2024-06-21,72.95,73.005,70.93,71.89,14770950.0
2024-06-24,71.27,71.56,67.53,67.77,13810090.0
2024-06-25,68.13,68.64,66.8,68.26,13948400.0
2024-06-26,68.08,68.47,67.28,68.27,6637301.0
2024-06-27,67.7,69.14,67.645,68.73,6038995.0
2024-06-28,69.31,72.3,69.25,69.9,22414350.0
2024-07-01,70.05,71.05,68.83,71.0,7210426.0
2024-07-02,70.79,71.73,69.86,71.6,8308649.0
2024-07-03,70.98,73.14,70.98,72.2,6101797.0
2024-07-05,72.51,72.95,71.569,72.08,5403245.0
2024-07-08,72.05,75.55,71.99,74.91,12762270.0
2024-07-09,75.21,76.43,73.265,73.84,9082727.0
2024-07-10,74.16,75.84,73.2,74.88,8445211.0
2024-07-11,75.25,75.31,71.6,72.18,11493920.0
2024-07-12,72.91,74.79,71.55,73.59,10190800.0
2024-07-15,73.88,74.26,72.9265,73.6,7870776.0
2024-07-16,74.0,75.69,72.41,75.6,6787284.0
2024-07-17,72.5,72.72,67.91,67.93,18019220.0
2024-07-18,69.74,69.93,66.0,68.205,12542560.0
2024-07-19,68.09,68.52,66.03,66.51,9367768.0
2024-07-22,68.13,69.16,66.34,69.01,10653290.0
2024-07-23,68.03,69.91,68.03,68.39,5956592.0
2024-07-24,67.05,67.85,64.25,64.35,10741370.0
2024-07-25,63.845,66.61,62.12,63.99,13634750.0
2024-07-26,65.91,66.295,64.67,65.72,8626610.0
2024-07-29,65.9,66.75,64.09,64.48,8623391.0
2024-07-30,64.88,65.47,62.29,62.8,10623700.0
2024-07-31,66.52,67.39,64.92,66.98,14508140.0
2024-08-01,65.55,66.9,62.14,63.06,14189270.0
2024-08-02,60.56,60.82,57.975,59.25,20178770.0
2024-08-05,53.43,58.82,53.19,57.67,14025810.0
2024-08-06,58.96,59.93,56.88,58.22,11107130.0
2024-08-07,60.35,61.52,56.03,56.15,11349500.0
2024-08-08,58.3,61.23,57.3,61.16,13045470.0
2024-08-09,60.64,61.36,59.7329,60.56,7720144.0
2024-08-12,60.94,61.62,59.9601,60.51,8332663.0
2024-08-13,62.0,64.58,60.74,64.05,11852530.0
2024-08-14,64.35,65.05,62.885,63.79,7701306.0
2024-08-15,66.77,69.8,65.95,69.33,17091450.0
2024-08-16,68.12,70.3525,68.02,69.32,11575830.0
2024-08-19,68.92,71.16,67.57,71.04,9607228.0
2024-08-20,70.0,71.005,68.855,69.41,10304270.0
2024-08-21,70.3,71.5,69.485,71.34,9332708.0
2024-08-22,71.5,71.78,68.39,68.66,9705578.0
2024-08-23,70.46,72.58,70.01,71.84,12982760.0
2024-08-26,70.97,71.85,68.58,68.82,10382030.0
2024-08-27,68.33,70.19,67.04,69.71,6699344.0
2024-08-28,69.1,69.97,67.63,68.44,8660979.0
2024-08-29,69.135,71.76,68.83,69.84,16527030.0
2024-08-30,78.3,79.0,72.71,76.24,32029840.0
2024-09-03,74.58,75.0,69.54,70.02,22273170.0
2024-09-04,69.08,72.16,68.56,70.87,11815370.0
2024-09-05,69.72,71.99,69.36,69.89,8823842.0
2024-09-06,69.5,69.59,65.529,66.2,17130890.0
2024-09-09,67.84,69.03,67.51,68.93,11622620.0
2024-09-10,68.56,71.87,68.48,71.6,12203670.0
2024-09-11,72.87,75.15,70.95,74.89,14571600.0
2024-09-12,74.065,75.62,73.31,74.3,10597660.0
2024-09-13,75.01,75.91,73.28,74.48,8863578.0
2024-09-16,73.87,74.42,72.44,73.4,7666725.0
2024-09-17,74.0,74.23,71.97,72.77,6346697.0
2024-09-18,73.0,74.06,71.41,71.55,8449222.0
2024-09-19,74.83,76.015,73.51,74.88,12149580.0
2024-09-20,74.48,74.75,72.44,73.87,14307710.0
2024-09-23,73.87,74.11,70.065,71.81,14430640.0
2024-09-24,72.41,72.66,70.85,71.2,7702091.0
2024-09-25,70.7,71.99,70.31,71.18,9341090.0
2024-09-26,73.79,74.825,71.47,73.45,11715310.0
2024-09-27,73.2,73.35,70.06,70.99,12366860.0
2024-09-30,70.53,72.19,70.24,72.12,9083568.0
2024-10-01,72.025,72.78,69.99,70.31,12896380.0
2024-10-02,70.5,72.98,70.02,72.04,10872920.0
2024-10-03,71.03,73.84,70.86,72.24,8344446.0
2024-10-04,73.72,74.25,72.61,73.41,10253210.0
2024-10-07,72.16,74.46,71.9,73.72,8227247.0
2024-10-08,72.65,73.78,71.81,73.11,9750117.0
2024-10-09,72.83,73.7,71.56,72.84,8105185.0
2024-10-10,72.01,72.88,71.48,72.54,7658406.0
2024-10-11,71.95,74.51,71.77,74.01,7650713.0
2024-10-14,75.0,77.92,74.55,77.68,12347890.0
2024-10-15,80.44,82.65,77.97,79.41,25056330.0
2024-10-16,79.41,82.405,78.25,81.68,16355610.0
2024-10-17,84.13,84.19,79.89,79.91,12989710.0
2024-10-18,80.465,81.0699,79.52,79.85,5995981.0
2024-10-21,80.77,82.94,80.58,81.83,8408737.0
2024-10-22,81.2,83.65,81.2,83.35,8795086.0
2024-10-23,82.895,83.33,79.78,81.83,8366446.0
2024-10-24,82.87,82.88,81.225,81.93,6226284.0
2024-10-25,82.3,83.4235,81.59,81.61,6970366.0
2024-10-28,82.6,83.915,81.88,83.44,6652477.0
2024-10-29,83.44,85.38,83.07,84.87,9883660.0
2024-10-30,83.43,84.245,82.49,82.8,8417733.0
2024-10-31,82.3,82.4499,79.05,80.11,11272990.0
2024-11-01,84.195,87.28,83.44,84.77,20330470.0
2024-11-04,83.87,85.91,83.11,84.38,7935917.0
2024-11-05,86.28,87.99,85.07,87.19,10233730.0
2024-11-06,89.42,91.71,88.48,90.63,14695250.0
2024-11-07,91.72,94.07,91.7,93.94,11491070.0
2024-11-08,93.58,95.09,92.94,93.8,8339963.0
2024-11-11,93.5,94.23,90.35,92.25,10626630.0
2024-11-12,92.25,93.81,91.56,92.78,8482398.0
2024-11-13,91.45,92.85,89.75,90.07,9162994.0
2024-11-14,91.87,92.44,90.17,90.7,7631943.0
2024-11-15,89.14,89.79,87.48,87.83,10001280.0
2024-11-18,88.0,89.78,87.36,88.71,7073741.0
2024-11-19,87.71,89.67,87.58,89.34,6784741.0
2024-11-20,89.206,89.96,87.71,89.86,6532102.0
2024-11-21,91.765,93.49,90.07,92.94,9535140.0
2024-11-22,94.06,94.78,92.01,92.51,7455242.0
2024-11-25,93.85,94.355,91.83,92.24,9986338.0
2024-11-26,94.0,95.55,92.0301,93.14,9016219.0
2024-11-27,92.71,92.71,88.01,90.1,8787917.0
2024-11-29,91.18,93.78,90.42,92.69,7131611.0
2024-12-02,97.37,97.63,94.95,96.86,17482040.0
2024-12-03,97.79,98.72,94.6,95.91,25015360.0
2024-12-04,112.33,119.88,109.57,118.15,59995900.0
2024-12-05,116.6,116.6,112.1,113.37,23963480.0
2024-12-06,113.48,114.75,111.6301,113.51,13782520.0
2024-12-09,111.72,112.88,106.33,107.03,17640780.0
2024-12-10,107.86,108.71,105.0,106.68,13901550.0
2024-12-11,109.89,111.98,108.48,111.36,14798820.0
2024-12-12,110.53,110.94,107.92,109.005,10190370.0
2024-12-13,117.99,121.86,115.1,120.77,36722460.0
2024-12-16,122.5,126.15,119.13,124.78,23750750.0
2024-12-17,122.365,122.93,111.9,112.25,32166230.0
2024-12-18,112.5,113.51,104.38,105.28,24146030.0
2024-12-19,107.715,110.3792,106.67,109.11,21497800.0
2024-12-20,107.98,114.37,107.37,111.9,28801630.0
2024-12-23,112.65,114.42,111.3165,113.76,8629771.0
2024-12-24,115.44,116.0,113.4,115.95,5660903.0
2024-12-26,115.16,116.51,114.11,115.71,6487589.0
2024-12-27,114.63,114.99,111.39,113.62,6199874.0
2024-12-30,110.72,113.11,109.781,111.66,6271779.0
2024-12-31,111.52,112.25,109.8,110.45,4659559.0
2025-01-02,110.645,114.99,110.25,113.56,9071459.0
2025-01-03,115.11,118.33,114.7407,118.18,11785150.0
2025-01-06,122.29,123.41,117.82,119.01,15261590.0
2025-01-07,120.39,120.45,115.0,116.23,10686900.0
2025-01-08,115.5,118.41,114.82,118.23,8372847.0
2025-01-10,116.16,116.55,113.64,114.32,10782010.0
2025-01-13,112.0,115.334,111.55,115.15,9615373.0
2025-01-14,116.74,117.7,113.88,115.2,6889675.0
2025-01-15,118.325,119.09,115.75,116.0,10579570.0
2025-01-16,118.43,120.87,116.335,117.58,12181940.0
2025-01-17,119.915,125.37,119.4,124.76,14869600.0
2025-01-21,125.85,126.11,122.1,123.78,12770700.0
2025-01-22,124.8,126.4499,124.24,125.21,10126750.0
2025-01-23,123.36,127.48,121.73,126.06,9530833.0
2025-01-24,126.68,127.2,123.67,124.02,9605639.0
2025-01-27,108.03,108.15,99.52,100.33,38462490.0
2025-01-28,103.3,105.05,100.05,103.88,20322330.0
2025-01-29,104.61,107.26,103.11,106.79,16052870.0
2025-01-30,111.37,112.0,109.04,110.33,14568170.0
2025-01-31,112.45,115.79,111.2,112.86,15207380.0
2025-02-03,108.74,115.35,108.4,113.56,11389520.0
2025-02-04,107.88,111.575,105.6859,109.69,14220140.0
2025-02-05,112.0,116.85,110.76,116.46,13552760.0
2025-02-06,116.46,119.48,115.5,119.24,10687260.0
2025-02-07,121.41,121.8139,110.43,110.62,20991740.0
2025-02-10,111.79,113.5389,111.0,112.8,10214330.0
2025-02-11,110.62,112.46,108.82,109.12,9059640.0
2025-02-12,106.745,108.02,105.08,105.42,11998690.0
2025-02-13,105.35,106.77,103.17,103.5,12686380.0
2025-02-14,102.97,107.0228,100.22,106.51,13539810.0
2025-02-18,106.99,107.91,104.9411,107.29,9737456.0
2025-02-19,110.15,112.5,109.14,111.04,13244240.0
2025-02-20,110.63,110.9999,106.82,108.71,9391898.0
2025-02-21,109.11,109.75,102.36,103.81,11018990.0
2025-02-24,104.22,104.67,97.41,97.91,17235060.0
2025-02-25,97.0,97.04,91.73,93.0,24331420.0
2025-02-26,95.85,96.65,93.96,94.9,13955170.0
2025-02-27,98.0,98.06,87.28,87.65,22770280.0
2025-02-28,87.17,92.08,86.13,91.82,22345360.0
2025-03-03,91.99,92.88,84.87,85.83,20882240.0
2025-03-04,85.32,91.82,83.2404,88.33,21475400.0
2025-03-05,88.76,90.74,85.18,90.14,33773840.0
2025-03-06,74.08,75.77,71.65,72.28,60967030.0
2025-03-07,71.96,72.33,67.28,70.84,38853090.0
2025-03-10,68.35,68.55,63.65,65.67,32136390.0
2025-03-11,66.43,69.0,65.3399,67.16,23333000.0
2025-03-12,69.725,71.33,68.6271,69.85,20642640.0
2025-03-13,69.73,71.58,67.65,68.76,14947750.0
2025-03-14,70.17,70.76,67.98,68.74,15613080.0
2025-03-17,68.75,70.57,68.5082,70.4,13419360.0
2025-03-18,69.62,69.945,67.76,68.28,11613610.0
2025-03-19,68.53,71.3699,67.99,69.81,12228790.0
2025-03-20,69.165,71.13,68.85,70.49,9083011.0
2025-03-21,68.6,70.79,68.4351,70.39,11942270.0
2025-03-24,71.4,72.92,71.058,72.76,12185880.0
2025-03-25,72.5,73.23,71.09,71.67,9443098.0
2025-03-26,71.0,71.2,65.8371,66.76,19812650.0
2025-03-27,66.06,66.63,63.92,64.86,14956140.0
2025-03-28,64.625,64.89,61.25,62.04,18790370.0
2025-03-31,60.375,61.66,59.24,61.57,16032440.0
2025-04-01,61.45,62.715,60.78,62.67,12613340.0
2025-04-02,61.5,64.73,61.46,63.23,13138240.0
2025-04-03,58.635,59.2999,55.42,55.64,25213180.0
2025-04-04,52.69,52.86,47.31,49.43,37313400.0
2025-04-07,47.455,55.02,47.085,51.0,30875520.0
2025-04-08,54.24,56.25,48.54,50.03,32326220.0
2025-04-09,50.29,61.3,49.71,60.96,38033700.0
2025-04-10,58.195,58.42,50.31,52.87,34622060.0
2025-04-11,52.59,53.39,51.4415,53.39,17726830.0
2025-04-14,55.845,56.0312,51.3401,52.26,19412990.0
2025-04-15,52.505,54.14,52.43,53.32,11297370.0
2025-04-16,50.475,52.44,49.7,51.93,19820150.0
2025-04-17,52.01,52.49,50.79,51.7,12283650.0
2025-04-21,50.3,50.71,48.09,49.38,14037990.0
2025-04-22,50.105,51.465,49.78,50.62,15732390.0
2025-04-23,54.845,55.95,53.3637,53.77,18934590.0
2025-04-24,54.8,57.9657,54.46,57.33,21404790.0
2025-04-25,56.98,59.26,56.76,58.92,11929610.0
2025-04-28,58.29,58.87,56.7,58.7,13839980.0
2025-04-29,58.21,59.7471,58.01,58.68,14831860.0
2025-04-30,56.28,58.435,55.86,58.37,14316630.0
2025-05-01,60.145,61.78,59.27,60.95,17638210.0
2025-05-02,62.2,63.43,61.97,62.33,15638640.0
2025-05-05,61.69,62.95,61.08,61.98,9098876.0
2025-05-06,60.37,61.84,59.97,61.22,9818137.0
2025-05-07,55.16,56.44,53.775,56.31,40378120.0
2025-05-08,58.055,59.03,56.6901,57.63,18868850.0
2025-05-09,59.85,60.87,59.14,59.65,14698340.0
2025-05-12,64.72,65.115,63.18,64.5,20383050.0
2025-05-13,65.045,67.04,64.4,65.48,19733710.0
2025-05-14,66.65,66.9192,64.95,65.9,11472560.0
2025-05-15,65.1,65.96,63.94,65.2,9962475.0
2025-05-16,65.095,65.14,63.5,63.76,18712930.0
2025-05-19,61.1,62.97,60.64,62.56,20323530.0
2025-05-20,60.95,61.42,59.8,61.42,22326180.0
2025-05-21,60.945,62.4458,59.68,60.11,14022830.0
2025-05-22,59.41,62.86,59.32,61.85,16653150.0
2025-05-23,60.15,61.3,59.999,60.69,17443160.0
2025-05-27,62.94,65.5199,62.46,63.82,25511690.0
2025-05-28,64.8,65.8999,64.5,64.59,23421180.0
2025-05-29,67.36,67.59,63.33,63.73,39014690.0
2025-05-30,60.795,60.9822,58.61,60.19,48347480.0
2025-06-02,59.745,62.3,59.53,61.47,18270250.0
2025-06-03,62.025,63.51,61.15,62.36,19286570.0
2025-06-04,63.04,67.03,61.86,66.3,26990200.0
2025-06-05,67.27,67.59,64.81,65.16,23516960.0
2025-06-06,66.965,69.78,66.31,68.35,22926340.0
2025-06-09,69.47,71.235,68.96,69.14,19351770.0
2025-06-10,69.925,70.58,68.0607,68.84,14948720.0
2025-06-11,69.39,70.24,67.64,68.24,13885470.0
2025-06-12,67.94,70.06,67.77,69.64,11862640.0
2025-06-13,68.06,68.965,66.97,67.19,14159790.0
2025-06-16,68.515,71.28,68.04,70.42,19706140.0
2025-06-17,70.215,72.75,69.165,69.99,25313410.0
2025-06-18,74.53,77.65,73.73,74.95,55359770.0
2025-06-20,77.06,77.32,73.3,73.51,46009130.0
2025-06-23,72.99,73.18,69.18,70.78,26862070.0
2025-06-24,72.385,75.435,71.91,75.21,26999800.0
2025-06-25,76.37,76.4899,74.6,75.93,19426650.0
2025-06-26,79.03,81.12,77.45,79.97,37440580.0
2025-06-27,78.85,79.0,76.41,77.16,27254030.0
2025-06-30,78.4,78.44,76.71,77.4,17072920.0
2025-07-01,76.73,77.78,75.0394,76.24,16702110.0
2025-07-02,76.19,79.09,73.78,74.25,39388470.0
2025-07-03,74.83,75.34,74.125,75.18,10217990.0
2025-07-07,74.43,74.8099,71.45,71.55,22050920.0
2025-07-08,72.33,73.5,71.8,71.95,16356820.0
2025-07-09,72.51,73.49,71.3,72.26,18453460.0
2025-07-10,72.4,73.56,71.39,73.36,11542370.0
2025-07-11,72.565,73.18,72.12,72.71,10136040.0
2025-07-14,72.105,72.95,70.48,72.51,12029430.0
2025-07-15,73.75,74.01,72.1185,72.41,15683140.0
2025-07-16,70.13,71.015,68.0,70.85,26477230.0
2025-07-17,71.1,73.1299,70.1183,72.01,15029990.0
2025-07-18,72.35,75.255,71.15,74.65,16914840.0
2025-07-21,73.485,73.55,72.2,73.06,15595300.0
2025-07-22,72.975,73.15,70.3,71.99,12192280.0
2025-07-23,72.57,73.705,72.24,73.27,11238970.0
2025-07-24,73.665,74.12,72.39,74.04,10641420.0
2025-07-25,74.0,74.55,73.1,74.21,9830297.0
2025-07-28,75.145,76.585,74.66,75.91,13267390.0
2025-07-29,76.4,78.755,75.97,76.34,14717170.0
2025-07-30,83.11,85.27,80.57,81.74,45527620.0
2025-07-31,82.75,83.25,79.62,80.37,26433200.0
2025-08-01,77.065,77.16,73.42,74.45,28877010.0
2025-08-04,75.7,76.89,74.82,76.53,11882870.0
2025-08-05,76.91,78.0,74.96,76.63,11920840.0
2025-08-06,76.08,76.4476,73.98,75.32,14469740.0
2025-08-07,76.5,77.2499,74.19,75.85,14628010.0
2025-08-08,76.2,77.39,75.605,77.34,9971308.0
2025-08-11,77.95,80.01,77.19,77.28,11843620.0
2025-08-12,76.35,77.97,74.84,77.81,15559850.0
2025-08-13,78.4,80.06,78.03,79.32,11740190.0
2025-08-14,78.03,79.6275,77.34,79.04,10127850.0
2025-08-15,79.42,79.42,76.17,76.19,13212860.0
2025-08-18,76.08,77.08,75.29,76.74,10192510.0
2025-08-19,76.4,76.44,71.8,72.07,16963420.0
2025-08-20,71.73,71.825,68.54,71.22,19895160.0
2025-08-21,70.46,72.0,70.05,71.21,9854126.0
2025-08-22,71.34,74.73,70.68,73.0,14435870.0
2025-08-25,72.99,73.878,72.26,72.95,10057660.0
2025-08-26,72.985,75.14,72.985,74.26,12302280.0
2025-08-27,74.2,75.0264,73.82,74.79,11373530.0
2025-08-28,75.92,78.085,75.06,77.23,36895300.0
2025-08-29,64.53,65.49,62.6201,62.865,96830810.0
2025-09-02,61.955,64.66,61.814,64.6,36275640.0
2025-09-03,64.045,64.52,61.72,62.31,34297320.0
2025-09-04,62.14,64.53,61.44,64.1,27726380.0
2025-09-05,63.98,64.5863,62.47,63.33,25793050.0
2025-09-08,63.615,66.1288,63.07,66.0,24466600.0
2025-09-09,65.855,67.44,65.19,66.84,17225990.0
2025-09-10,67.92,68.52,66.68,67.1,23751450.0
2025-09-11,67.0,68.2,66.36,66.59,13912360.0
2025-09-12,67.55,67.745,66.14,67.35,14868570.0
2025-09-15,67.45,68.11,66.334,67.43,17340780.0
2025-09-16,67.84,69.18,67.36,68.86,15931050.0
2025-09-17,68.86,72.41,68.36,70.98,29593090.0
2025-09-18,72.75,75.0,72.49,74.23,28894830.0
2025-09-19,74.745,75.37,73.315,74.26,31788100.0
2025-09-22,73.35,75.93,73.35,75.53,20037680.0
2025-09-23,75.39,76.35,74.02,74.62,21403680.0
2025-09-24,76.96,81.72,75.07,80.09,50429460.0
2025-09-25,78.115,84.46,76.32,83.81,43286050.0
2025-09-26,82.47,83.87,81.54,83.17,26715060.0
2025-09-29,83.69,85.09,82.315,82.39,20468280.0
2025-09-30,81.7,84.4299,81.4,84.07,18751680.0
2025-10-01,82.4,84.11,81.35,83.89,20038430.0
2025-10-02,85.07,87.3104,84.43,86.2,21698660.0
2025-10-03,86.28,87.27,85.0804,86.22,15679210.0
2025-10-06,88.845,90.25,88.25,88.92,20580540.0
2025-10-07,88.97,90.89,86.03,86.97,17609480.0
2025-10-08,88.39,92.67,87.62,92.5,20450990.0
2025-10-09,91.94,92.65,90.52,90.68,14868450.0
2025-10-10,92.97,94.66,85.36,85.61,30545700.0
2025-10-13,89.47,89.87,86.64,89.39,20563470.0
2025-10-14,86.8,88.82,85.3301,86.22,15447590.0
2025-10-15,88.165,89.46,86.5945,88.89,15202200.0
2025-10-16,89.71,91.1997,87.03,88.23,12988900.0
2025-10-17,86.825,88.95,85.71,87.95,13244000.0
2025-10-20,86.64,88.72,85.45,85.84,16137490.0
2025-10-21,85.69,85.9299,83.1001,84.26,13242090.0
2025-10-22,81.23,83.5727,79.06,81.05,19218620.0
2025-10-23,81.0,83.45,80.5301,82.77,10335820.0
2025-10-24,83.875,85.79,82.7,84.13,11661440.0
2025-10-27,86.04,89.3807,85.2001,88.71,16331570.0
2025-10-28,88.955,89.98,87.79,88.46,13029270.0
2025-10-29,90.755,91.51,89.05,90.15,13399860.0
2025-10-30,89.28,90.4576,88.36,88.57,11903750.0
2025-10-31,93.4,97.57,90.96,93.74,29320840.0
2025-11-03,93.385,94.84,90.0101,90.37,14308700.0
2025-11-04,87.76,90.84,87.22,87.59,13629980.0
2025-11-05,88.33,95.39,88.145,92.9,17194500.0
2025-11-06,96.21,98.13,92.4201,93.33,28022550.0
2025-11-07,91.678,92.18,85.11,90.92,20898680.0
2025-11-10,93.165,94.47,92.195,93.23,14570680.0
2025-11-11,92.025,92.67,88.52,89.33,13538500.0
2025-11-12,90.56,92.87,88.87,89.33,11846710.0
2025-11-13,87.59,88.45,84.71,87.52,17226590.0
2025-11-14,84.47,89.0,83.3301,86.45,12414050.0
2025-11-17,85.43,86.72,81.86,83.45,16548610.0
2025-11-18,80.47,81.75,78.44,78.68,23426920.0
2025-11-19,79.09,81.89,78.78,81.32,13688200.0
2025-11-20,83.395,84.44,76.08,76.68,23315870.0
2025-11-21,76.76,78.9168,73.62,77.45,16211020.0
2025-11-24,78.49,84.58,78.0,83.79,23945130.0
2025-11-25,82.5,83.81,80.529,83.43,11667950.0
2025-11-26,84.59,89.31,84.03,87.72,15019120.0
2025-11-28,85.895,89.53,84.52,89.4,11235560.0
2025-12-01,89.135,92.74,88.3,91.1,18143370.0
2025-12-02,92.66,93.859,91.46,92.89,38231080.0
2025-12-03,100.035,102.11,95.79,100.2,52833700.0
2025-12-04,99.405,102.77,97.18,98.19,23981760.0
2025-12-05,100.4,102.64,97.31,98.91,22219900.0
2025-12-08,90.45,92.7899,88.92,92.0,40731040.0
2025-12-09,91.59,91.69,88.04,88.9,23037410.0
2025-12-10,91.33,92.85,90.15,92.47,22573550.0
2025-12-11,90.98,91.74,87.51,89.43,16593470.0
2025-12-12,87.63,89.0,83.8899,84.425,21576260.0
2025-12-15,84.87,85.85,83.67,84.26,11953280.0
2025-12-16,83.58,84.4499,82.23,84.07,9483825.0
2025-12-17,86.5,87.18,81.18,81.7,16662730.0
2025-12-18,84.48,85.03,82.65,84.47,12732070.0
2025-12-19,84.05,86.22,83.7,84.09,21722240.0
2025-12-22,86.58,87.35,84.45,84.8,9870960.0
2025-12-23,84.4,88.05,84.29,87.68,12334100.0
2025-12-24,87.245,87.7654,86.1,86.49,5335275.0
2025-12-26,87.1,87.1999,85.97,86.34,5000977.0
2025-12-29,85.33,86.1,84.2,85.76,9677705.0
2025-12-30,85.755,88.1,85.72,86.76,9583033.0
2025-12-31,86.8,86.915,84.94,84.98,7234081.0
2026-01-02,86.74,90.08,86.6,89.39,14987540.0
2026-01-05,93.018,93.97,88.12,90.23,21328380.0
2026-01-06,92.7,94.2,86.77,88.23,24322730.0
2026-01-07,86.52,86.54,83.59,84.64,17230820.0
2026-01-08,84.7,84.9176,82.88,83.45,10695910.0
2026-01-09,84.03,84.45,82.19,83.22,13486250.0
2026-01-12,82.42,83.75,82.08,82.89,10146630.0
2026-01-13,83.51,84.06,82.75,83.05,9133496.0
2026-01-14,82.96,83.0,79.27,81.21,15295740.0
2026-01-15,82.72,82.94,80.0,80.38,16593530.0
2026-01-16,81.45,82.4799,80.3,80.46,15011200.0
2026-01-20,79.31,83.48,79.0182,79.8,18688020.0
2026-01-21,80.395,84.29,80.395,82.55,17134340.0
2026-01-22,84.47,85.35,82.74,83.1,12997560.0
2026-01-23,81.22,82.02,79.72,80.23,13924590.0
2026-01-26,79.82,83.44,79.555,81.77,12464570.0
2026-01-27,82.87,83.7399,81.3,82.93,11307880.0
2026-01-28,84.58,85.47,82.7,83.62,10311000.0
2026-01-29,81.943,82.44,78.3,81.34,13944870.0
2026-01-30,80.05,81.7,78.18,78.92,12581450.0
2026-02-02,77.605,78.98,76.72,78.66,14512950.0
2026-02-03,78.54,78.97,72.79,75.54,22563950.0
2026-02-04,74.995,76.055,71.78,73.73,17506180.0
2026-02-05,72.88,74.79,70.685,74.21,19201990.0
2026-02-06,76.835,80.75,76.52,80.28,22581790.0
2026-02-09,79.605,83.06,78.67,82.35,13775400.0
2026-02-10,82.685,83.4,81.49,82.01,10561410.0
2026-02-11,83.595,83.78,79.205,81.34,11636730.0
2026-02-12,82.19,82.19,77.44,78.23,13643780.0
2026-02-13,77.95,79.97,77.745,78.61,7615413.0
2026-02-17,77.315,80.32,76.6333,79.01,10568520.0
2026-02-18,79.15,80.4,78.485,79.09,8408247.0
2026-02-19,78.38,79.67,77.72,79.61,6512171.0
2026-02-20,78.24,80.3448,77.6001,79.48,8795346.0
2026-02-23,78.385,79.105,76.07,77.79,11622600.0
2026-02-24,78.0,79.7,77.175,78.39,8396221.0
2026-02-25,79.01,81.188,78.97,80.92,10524690.0
2026-02-26,81.11,81.63,77.15,79.29,12326480.0
2026-02-27,80.03,82.29,78.66,81.69,20253820.0
2026-03-02,79.63,82.82,79.4,80.86,15228520.0
2026-03-03,77.845,79.08,76.65,77.51,15826410.0
2026-03-04,78.7,79.5,77.26,78.09,14677550.0
2026-03-05,78.9,80.26,75.24,75.68,42620180.0
2026-03-06,84.715,93.4,83.4,89.57,90071100.0
2026-03-09,87.925,92.925,84.2,92.65,38873540.0
2026-03-10,92.57,95.05,91.62,93.3,26499500.0
2026-03-11,93.6,95.01,90.18,90.44,18446160.0
2026-03-12,89.85,90.025,87.37,87.67,16854390.0
2026-03-13,87.76,90.5,86.8214,87.86,14108100.0
2026-03-16,89.145,92.52,89.115,91.58,15875480.0
2026-03-17,92.3,93.44,90.35,90.79,11622640.0
2026-03-18,90.8,92.02,87.17,87.62,16096680.0
2026-03-19,86.27,89.74,85.13,89.53,13388780.0
2026-03-20,88.9,90.48,86.66,87.91,25570430.0
2026-03-23,89.45,91.58,88.735,90.16,14126670.0
2026-03-24,88.835,93.16,88.8,92.36,13731250.0
2026-03-25,94.075,98.82,94.0,98.45,22562390.0
2026-03-26,97.96,100.6525,97.2239,97.68,26078520.0
2026-03-27,98.78,99.63,93.4,94.88,16507110.0
2026-03-30,95.12,96.5,86.61,87.81,21463240.0
2026-03-31,96.4,99.56,93.05,99.05,51286110.0
2026-04-01,100.82,107.84,100.49,106.71,44072470.0
2026-04-02,102.3,107.26,101.13,107.11,23667070.0
2026-04-06,109.45,111.8883,106.0,109.51,22700500.0
2026-04-07,108.38,110.115,106.02,109.38,18965190.0
2026-04-08,114.0,115.66,110.45,114.45,29455910.0
2026-04-09,118.955,121.97,117.83,119.93,32718480.0
2026-04-10,123.66,129.84,123.6,128.49,41187040.0
2026-04-13,129.97,133.2,128.97,131.3,31264670.0
2026-04-14,136.11,136.9,130.835,133.83,33600660.0
2026-04-15,132.39,138.19,131.88,134.6,23450120.0
2026-04-16,132.26,134.69,128.42,133.37,20830200.0
2026-04-17,134.875,139.91,133.16,139.69,26341330.0
2026-04-20,147.51,149.58,143.93,147.84,39548520.0
2026-04-21,148.7,154.95,147.85,151.31,31901130.0
2026-04-22,153.66,158.69,151.09,157.32,30765820.0
2026-04-23,157.935,167.86,157.77,165.56,36938710.0
2026-04-24,169.865,170.84,158.51,164.31,37599070.0
2026-04-27,162.13,163.45,151.09,158.21,30281830.0
2026-04-28,147.91,156.0,146.85,153.23,27128720.0
2026-04-29,153.765,157.21,151.3,156.57,20649050.0
2026-04-30,160.34,165.61,156.36,165.15,20327050.0
2026-05-01,162.35,166.39,159.26,164.95,13071670.0
2026-05-04,165.48,166.82,162.26,163.66,14546950.0
2026-05-05,168.275,172.981,164.58,168.75,22284440.0
2026-05-06,172.6,175.8,165.0,172.15,23205330.0
2026-05-07,171.2,171.5193,158.55,160.01,23683550.0
2026-05-08,164.685,170.5899,162.9,170.13,20588960.0
2026-05-11,163.665,174.1589,162.4894,170.84,22947640.0
2026-05-12,165.455,168.73,157.9604,164.5,21367850.0
2026-05-13,169.09,182.31,168.91,177.95,31862550.0
2026-05-14,180.875,192.15,177.33,182.58,32661060.0
2026-05-15,173.9,182.14,173.34,176.89,24757320.0
2026-05-18,181.772,182.71,165.1,168.93,24439010.0
2026-05-19,164.61,181.64,162.852,176.27,25003280.0
2026-05-20,183.45,193.32,182.28,186.8,29808100.0
2026-05-21,192.51,194.58,188.2,190.69,21506100.0
2026-05-22,194.72,198.395,192.22,196.33,19823210.0
2026-05-26,211.24,217.45,200.04,208.26,42558220.0
2026-05-27,217.98,218.2599,196.25,198.7,54198460.0
2026-05-28,198.75,207.4,194.7,204.83,52624870.0
2026-05-29,204.44,208.76,199.2001,205.0,34024750.0
2026-06-01,198.91,225.14,195.12,219.43,32926890.0
2026-06-02,253.46,291.3,252.43,290.79,112646200.0
2026-06-03,317.63,324.2,294.0101,301.65,115542800.0
2026-06-04,282.95,321.5,277.56,316.43,86903500.0
2026-06-05,299.5,300.7243,261.39,263.47,93976390.0
2026-06-08,288.69,304.96,281.36,288.85,84575490.0
2026-06-09,299.76,302.4,244.0,266.88,94754460.0
2026-06-10,263.5,272.47,252.26,252.59,54175090.0
2026-06-11,260.54,282.32,258.43,280.71,57254460.0
2026-06-12,270.07,287.98,267.31,279.7,42162220.0
2026-06-15,296.71,312.9799,288.09,308.88,54963580.0
2026-06-16,299.13,317.0,278.13,278.67,59201350.0
2026-06-17,292.89,307.37,283.3201,289.54,50607310.0
2026-06-18,305.465,329.88,302.36,310.58,250989400.0
2026-06-22,313.39,314.1717,298.18,307.86,49225060.0
2026-06-23,278.82,290.95,276.25,279.04,46361100.0
2026-06-24,281.95,281.95,263.66,276.7,35747370.0
2026-06-25,291.175,292.51,263.72,281.26,39264310.0
2026-06-26,268.37,274.2,262.0,266.77,41986200.0
2026-06-29,272.41,278.28,250.52,277.75,31749230.0
2026-06-30,278.75,300.0,275.5032,297.89,37520130.0
2026-07-01,282.47,292.5,271.345,272.05,33822650.0
2026-07-02,269.5,274.95,237.2,245.29,38579900.0
2026-07-06,254.82,260.46,249.04,249.27,25703080.0
2026-07-07,234.92,237.44,222.94,230.7,36163820.0
2026-07-08,225.16,236.79,224.98,231.71,25541830.0
2026-07-09,246.175,251.7,241.1,243.27,21245320.0
2026-07-10,237.79,240.94,232.02,235.81,15105970.0
2026-07-13,228.775,228.8,215.28,217.53,25615300.0
2026-07-14,231.565,232.0,218.6301,222.44,20705470.0
2026-07-15,222.155,223.3,201.22,206.26,26827560.0
2026-07-16,200.12,201.94,186.15,188.3,34892960.0
2026-07-17,182.225,194.05,177.95,188.68,29656340.0
2026-07-20,193.005,202.08,191.99,194.94,25070640.0
2026-07-21,205.555,210.6,202.84,207.96,22153560.0
2026-07-22,201.15,214.92,200.58,210.99,16890270.0
2026-07-23,207.86,214.56,205.02,209.32,16359860.0
2026-07-24,202.91,206.065,191.29,194.23,19837140.0
2026-07-27,198.72,199.79,181.76,189.17,21637720.0
2026-07-28,180.0,181.48,167.32,174.47,29188460.0
2026-07-29,174.03,177.8,162.9,163.4,25708860.0
2026-07-30,178.375,184.3499,175.15,183.3,29861730.0
2026-07-31,199.375,201.35,187.12,187.56,26835490.0
2026-08-03,180.52,194.44,177.57,193.775,21015780.0
2026-08-04,210.01,222.67,208.0,218.59,33923420.0
2026-08-05,215.98,222.38,210.29,211.02,16884640.0
2026-08-06,205.565,219.4625,201.74,210.54,16804170.0
2026-08-07,219.045,221.87,205.52,218.72,19663360.0
2026-08-10,227.77,230.1,208.51,208.56,20948500.0
2026-08-11,212.0,212.6599,206.43,212.31,15429180.0
2026-08-12,225.9,226.89,216.88,217.08,25134290.0
2026-08-13,217.68,231.38,217.18,222.18,19255520.0
2026-08-14,221.395,223.5179,217.1,222.02,14487840.0
2026-08-17,227.75,240.18,226.89,234.33,21113500.0
2026-08-18,220.52,225.01,211.1,216.0,25860730.0
2026-08-19,240.13,245.489,228.1001,237.27,44011790.0
2026-08-20,237.565,251.73,234.527,251.01,29226490.0
2026-08-21,252.39,252.52,233.28,237.04,25526600.0
2026-08-24,229.22,231.7,220.4201,229.29,18791430.0
2026-08-25,237.375,246.7,235.93,240.38,21347010.0
2026-08-26,240.0,245.17,236.79,245.11,17106950.0
2026-08-27,253.44,254.6,240.38,241.45,41014670.0
2026-08-28,225.255,228.88,215.55,216.62,48979930.0
2026-08-31,216.295,218.2205,209.525,211.66,23650760.0
2026-09-01,205.11,210.45,200.62,210.39,22284240.0
2026-09-02,205.25,208.49,203.5,206.48,15224840.0
2026-09-03,204.35,212.77,201.1021,208.83,18768940.0
2026-09-04,211.66,223.67,210.87,223.55,21218080.0
2026-09-08,226.83,231.89,222.53,225.41,20618225.0
2026-09-09,223.76,241.88,223.6,235.01,20477871.0
2026-09-10,228.0,234.49,226.15,226.96,16467555.0
2026-09-11,234.54,240.175,229.57,236.08,15533110.0
