date,open,high,low,close,volume
2004-01-02,13.72,13.89,13.64,13.74,6951300.0
2004-01-05,13.84,14.18,13.84,14.15,10725100.0
2004-01-06,14.19,14.59,14.14,14.54,13702000.0
2004-01-07,14.85,15.21,14.65,15.18,21337500.0
2004-01-08,15.25,15.58,15.18,15.47,16892700.0
2004-01-09,15.15,15.79,15.13,15.35,13080800.0
2004-01-12,15.35,15.49,15.06,15.28,12724900.0
2004-01-13,15.15,15.25,14.65,14.86,13418200.0
2004-01-14,14.88,15.0,14.55,14.87,9747700.0
2004-01-15,14.96,15.05,14.68,14.83,11584000.0
2004-01-16,14.85,14.99,14.74,14.96,7773800.0
2004-01-20,15.09,15.16,14.89,15.12,6780800.0
2004-01-21,15.0,15.15,14.75,15.01,6349000.0
2004-01-22,15.14,15.2,14.43,14.46,8100000.0
2004-01-23,14.3,14.9,14.3,14.71,8397900.0
2004-01-26,15.0,15.08,14.69,15.0,7336200.0
2004-01-27,15.58,16.05,15.4,15.71,22659200.0
2004-01-28,15.96,16.88,15.92,16.11,25583900.0
2004-01-29,16.39,17.08,15.63,15.97,18792900.0
2004-01-30,16.05,16.49,15.89,16.11,8848300.0
2004-02-02,16.36,16.49,15.93,15.99,10391200.0
2004-02-03,16.05,16.4,15.83,15.96,11672100.0
2004-02-04,15.8,15.93,15.5,15.73,9939800.0
2004-02-05,15.73,15.8,15.3,15.45,9785000.0
2004-02-06,15.38,16.19,15.37,16.15,9909600.0
2004-02-09,16.32,16.35,15.85,15.9,8283500.0
2004-02-10,15.9,16.32,15.7,16.21,7345000.0
2004-02-11,16.15,16.33,16.0,16.2,7506500.0
2004-02-12,16.07,16.4,15.8,15.84,9810000.0
2004-02-13,16.03,16.2,15.45,15.73,7262600.0
2004-02-17,16.0,16.18,15.75,16.04,6731200.0
2004-02-18,16.0,16.56,15.85,16.42,11196000.0
2004-02-19,16.65,16.87,16.1,16.14,10990400.0
2004-02-20,15.8,15.82,15.45,15.57,12600900.0
2004-02-23,15.59,15.65,14.91,15.08,10218300.0
2004-02-24,14.93,15.47,14.92,15.15,7282700.0
2004-02-25,15.1,15.35,15.1,15.25,5224700.0
2004-02-26,14.95,15.3,14.81,15.18,5911300.0
2004-02-27,15.34,15.43,15.01,15.04,7138600.0
2004-03-01,15.18,15.45,15.01,15.35,5852700.0
2004-03-02,15.93,16.24,15.65,15.83,13903900.0
2004-03-03,15.83,16.22,15.6,16.07,8809800.0
2004-03-04,16.15,16.35,16.05,16.29,6966100.0
2004-03-05,16.05,16.61,16.01,16.31,6783300.0
2004-03-08,16.31,16.36,15.45,15.47,7992000.0
2004-03-09,15.5,15.68,15.14,15.41,8513100.0
2004-03-10,15.34,15.63,14.56,14.62,12292900.0
2004-03-11,14.58,14.93,14.38,14.43,11173300.0
2004-03-12,14.75,14.99,14.45,14.71,9598100.0
2004-03-15,14.72,14.98,14.24,14.52,7651800.0
2004-03-16,14.8,14.91,14.6,14.85,9629900.0
2004-03-17,15.38,15.58,15.18,15.47,9872800.0
2004-03-18,15.49,15.94,15.4,15.81,10451300.0
2004-03-19,15.9,16.15,15.66,15.69,8932100.0
2004-03-22,15.7,15.83,15.21,15.42,10076800.0
2004-03-23,15.8,16.1,15.45,15.82,11861400.0
2004-03-24,15.82,16.2,15.69,15.81,15344000.0
2004-03-25,15.75,15.8,15.16,15.56,24402800.0
2004-03-26,15.6,16.27,15.44,15.91,12511000.0
2004-03-29,16.16,16.42,16.08,16.2,8492100.0
2004-03-30,16.05,16.35,15.95,16.31,7249600.0
2004-03-31,16.38,17.04,16.28,16.71,15037300.0
2004-04-01,16.71,17.09,16.65,16.9,14366000.0
2004-04-02,17.38,17.79,17.15,17.7,16371600.0
2004-04-05,17.82,18.25,17.76,17.96,20485300.0
2004-04-06,17.75,17.89,17.3,17.5,12219300.0
2004-04-07,17.5,17.52,17.08,17.29,19555800.0
2004-04-08,17.51,17.61,17.23,17.35,8305100.0
2004-04-12,17.6,17.73,17.05,17.19,7580300.0
2004-04-13,17.3,17.33,16.86,17.0,8815700.0
2004-04-14,16.6,16.75,16.07,16.49,17612100.0
2004-04-15,16.48,16.48,15.64,16.01,14255300.0
2004-04-16,16.0,16.04,15.65,15.91,8903200.0
2004-04-19,15.92,15.99,15.61,15.81,9257300.0
2004-04-20,15.9,16.28,15.37,15.37,13388400.0
2004-04-21,15.4,15.5,15.08,15.38,11161600.0
2004-04-22,15.4,15.6,15.14,15.4,7902800.0
2004-04-23,15.5,15.69,15.37,15.54,5263900.0
2004-04-26,15.83,15.83,15.43,15.47,7016700.0
2004-04-27,15.6,15.78,15.22,15.28,9059900.0
2004-04-28,14.41,14.83,14.24,14.28,21219300.0
2004-04-29,14.23,14.3,13.42,13.66,17675300.0
2004-04-30,13.85,13.97,13.46,13.62,7243900.0
2004-05-03,13.71,14.44,13.18,13.71,9818700.0
2004-05-04,13.76,13.85,13.46,13.71,9310200.0
2004-05-05,13.98,14.09,13.72,13.89,8548000.0
2004-05-06,14.17,14.21,13.91,14.14,11307100.0
2004-05-07,14.24,14.69,14.18,14.38,14087800.0
2004-05-10,14.38,14.43,14.08,14.3,9124300.0
2004-05-11,14.36,14.55,14.25,14.45,7217400.0
2004-05-12,14.27,14.39,13.62,14.06,9193300.0
2004-05-13,13.91,14.14,13.71,14.03,6345700.0
2004-05-14,14.1,14.18,13.76,13.86,7677300.0
2004-05-17,13.56,13.8,13.3,13.56,6547500.0
2004-05-18,13.76,13.85,13.61,13.66,4404200.0
2004-05-19,13.9,14.43,13.88,13.89,17722600.0
2004-05-20,13.94,14.08,13.44,13.5,10188400.0
2004-05-21,13.57,13.8,13.45,13.61,8123700.0
2004-05-24,13.75,13.93,13.66,13.74,5250900.0
2004-05-25,13.75,14.38,13.73,14.32,9196300.0
2004-05-26,14.39,14.77,14.28,14.62,7549000.0
2004-05-27,14.7,15.2,14.62,14.85,11375900.0
2004-05-28,14.97,15.04,14.78,15.03,4642500.0
2004-06-01,14.91,15.06,14.72,14.89,6213500.0
2004-06-02,14.89,14.95,14.53,14.75,5000800.0
2004-06-03,14.6,14.65,13.9,14.05,11825700.0
2004-06-04,14.3,14.74,14.3,14.52,9488200.0
2004-06-07,14.55,14.93,14.55,14.9,5066700.0
2004-06-08,14.91,14.94,14.65,14.89,6550000.0
2004-06-09,14.72,14.75,14.32,14.32,14249000.0
2004-06-10,14.52,14.56,14.1,14.2,10296200.0
2004-06-14,14.2,14.2,13.79,13.94,6767400.0
2004-06-15,14.17,14.23,13.93,14.06,6572600.0
2004-06-16,13.9,14.04,13.76,13.98,8262000.0
2004-06-17,13.93,13.93,13.51,13.64,8329400.0
2004-06-18,13.3,13.99,13.3,13.69,6326500.0
2004-06-21,13.75,13.98,13.67,13.73,6415200.0
2004-06-22,13.91,13.98,13.63,13.86,12712900.0
2004-06-23,13.96,14.59,13.92,14.46,17806800.0
2004-06-24,14.25,14.6,14.09,14.37,11314600.0
2004-06-25,14.6,14.88,14.5,14.77,9572700.0
2004-06-28,14.89,14.94,14.45,14.48,5908300.0
2004-06-29,14.49,15.39,14.48,15.24,10884800.0
2004-06-30,15.23,15.37,15.06,15.31,10146200.0
2004-07-01,15.3,15.3,14.82,14.97,7292900.0
2004-07-02,14.83,14.85,14.53,14.68,6616300.0
2004-07-06,14.2,14.45,13.96,14.12,10792400.0
2004-07-07,14.12,14.5,14.12,14.36,6275500.0
2004-07-08,14.25,14.44,14.08,14.12,7484900.0
2004-07-09,14.28,14.46,14.21,14.4,6758100.0
2004-07-12,14.12,14.12,13.72,13.95,7318700.0
2004-07-13,14.05,14.15,13.97,14.1,6175900.0
2004-07-14,13.5,13.86,13.21,13.41,18417700.0
2004-07-15,13.47,13.72,13.25,13.49,9775400.0
2004-07-16,13.6,13.67,13.21,13.23,8568100.0
2004-07-19,13.2,13.34,12.94,13.17,6215100.0
2004-07-20,13.25,13.67,13.2,13.6,10572600.0
2004-07-21,13.86,13.88,13.01,13.04,6563500.0
2004-07-22,13.01,13.63,13.01,13.51,7138400.0
2004-07-23,13.34,13.37,12.94,12.99,5418100.0
2004-07-26,13.09,13.2,12.71,12.84,4868800.0
2004-07-27,12.79,13.07,12.65,12.97,4975000.0
2004-07-28,12.81,13.03,12.56,12.88,6814200.0
2004-07-29,12.88,13.67,12.88,13.52,8987800.0
2004-07-30,13.4,13.64,13.19,13.53,4497100.0
2004-08-02,13.49,13.49,13.1,13.36,5469000.0
2004-08-03,13.3,13.31,12.9,12.96,6465000.0
2004-08-04,12.87,13.08,12.76,12.93,5592600.0
2004-08-05,12.93,13.05,12.72,12.73,4011200.0
2004-08-06,12.54,12.72,12.33,12.43,9359900.0
2004-08-09,12.3,12.31,12.06,12.2,7349900.0
2004-08-10,12.25,12.42,12.16,12.34,4932400.0
2004-08-11,12.13,12.13,11.5,11.75,10533300.0
2004-08-12,11.65,11.75,10.89,11.06,16216300.0
2004-08-13,10.97,11.19,10.89,11.11,7633900.0
2004-08-16,11.11,11.37,11.09,11.16,5769700.0
2004-08-17,11.29,11.4,11.03,11.13,8572500.0
2004-08-18,11.13,11.73,11.09,11.68,14023100.0
2004-08-19,11.67,11.8,11.43,11.47,9923500.0
2004-08-20,11.65,12.13,11.59,11.96,12749100.0
2004-08-23,12.03,12.35,11.97,12.16,6979400.0
2004-08-24,12.27,12.28,11.75,11.9,10240600.0
2004-08-25,11.91,12.17,11.69,12.03,7238500.0
2004-08-26,12.0,12.05,11.65,11.83,5049800.0
2004-08-27,11.9,12.05,11.78,11.88,2560000.0
2004-08-30,11.78,11.9,11.48,11.48,4874400.0
2004-08-31,11.59,11.64,11.12,11.51,6502700.0
2004-09-01,11.57,11.79,11.5,11.64,4778700.0
2004-09-02,11.61,11.68,11.26,11.65,6157600.0
2004-09-03,11.5,11.5,11.09,11.23,5066300.0
2004-09-07,11.33,11.41,11.0,11.12,6536300.0
2004-09-08,11.08,11.38,11.08,11.15,4329400.0
2004-09-09,11.38,11.72,11.15,11.52,14987700.0
2004-09-10,11.58,12.3,11.47,12.28,12973400.0
2004-09-13,12.28,12.54,12.07,12.3,10304500.0
2004-09-14,12.3,12.53,12.15,12.47,6979500.0
2004-09-15,12.4,12.4,12.05,12.1,8762600.0
2004-09-16,12.19,12.48,12.16,12.26,5782900.0
2004-09-17,12.49,12.81,12.39,12.76,10823200.0
2004-09-20,12.7,12.97,12.47,12.73,9648500.0
2004-09-21,12.8,12.9,12.64,12.76,7774200.0
2004-09-22,12.67,12.68,12.27,12.34,5565300.0
2004-09-23,12.3,12.62,12.26,12.48,4813900.0
2004-09-24,12.58,12.69,12.15,12.4,7704300.0
2004-09-27,12.3,12.48,12.23,12.32,5679900.0
2004-09-28,12.27,12.33,12.07,12.14,6322500.0
2004-09-29,12.1,12.39,12.04,12.1,9007100.0
2004-09-30,12.07,12.41,11.78,12.03,13259800.0
2004-10-01,12.18,12.43,12.15,12.36,14403400.0
2004-10-04,12.58,12.75,12.44,12.46,7523700.0
2004-10-05,12.48,12.6,12.37,12.44,9110400.0
2004-10-06,12.5,12.71,12.39,12.65,8874700.0
2004-10-07,12.6,12.82,12.37,12.43,8400000.0
2004-10-08,12.28,12.29,11.95,12.01,10064700.0
2004-10-11,11.75,11.95,11.6,11.9,9677000.0
2004-10-12,11.65,11.79,11.46,11.59,10803500.0
2004-10-13,11.78,11.85,11.59,11.64,6328900.0
2004-10-14,11.61,11.62,11.31,11.35,7779500.0
2004-10-15,11.45,11.46,11.28,11.38,4838000.0
2004-10-18,11.22,11.45,11.15,11.37,10261500.0
2004-10-19,11.54,11.73,11.46,11.51,8499700.0
2004-10-20,11.35,11.73,11.34,11.69,9469900.0
2004-10-21,11.69,11.98,11.54,11.85,7776100.0
2004-10-22,11.97,11.98,11.52,11.53,5454200.0
2004-10-25,11.53,11.74,11.43,11.71,6372500.0
2004-10-26,11.71,11.78,11.59,11.69,3615200.0
2004-10-27,11.55,12.18,11.55,12.14,6967900.0
2004-10-28,12.14,12.33,12.02,12.25,7147900.0
2004-10-29,12.2,12.35,12.07,12.18,3289300.0
2004-11-01,12.18,12.22,11.96,12.0,6692000.0
2004-11-02,11.92,12.05,11.7,11.81,12919100.0
2004-11-03,12.1,12.22,11.63,11.68,9390400.0
2004-11-04,11.68,11.81,11.55,11.74,12804500.0
2004-11-05,11.86,12.07,11.74,11.88,8029600.0
2004-11-08,11.95,12.12,11.9,11.95,3686200.0
2004-11-09,11.87,11.99,11.71,11.85,6026800.0
2004-11-10,11.86,11.86,11.38,11.5,8113900.0
2004-11-11,11.6,11.8,11.44,11.65,7126000.0
2004-11-12,11.83,12.03,11.69,12.01,8614900.0
2004-11-15,12.0,12.25,11.9,12.12,6555700.0
2004-11-16,12.1,12.1,11.9,11.95,4340700.0
2004-11-17,12.16,12.61,12.16,12.53,11480600.0
2004-11-18,12.27,12.32,12.08,12.17,9859800.0
2004-11-19,12.13,12.13,11.65,11.7,10161400.0
2004-11-22,11.7,11.7,11.35,11.42,10642500.0
2004-11-23,11.42,11.57,11.35,11.42,9479000.0
2004-11-24,11.52,11.61,11.41,11.48,5791100.0
2004-11-26,11.53,11.54,11.4,11.4,2167100.0
2004-11-29,11.49,11.54,11.16,11.19,7637500.0
2004-11-30,11.29,11.29,11.07,11.08,6998300.0
2004-12-01,11.12,11.53,11.1,11.44,11068700.0
2004-12-02,11.41,11.54,11.29,11.4,9889300.0
2004-12-03,11.58,11.74,11.46,11.54,10205300.0
2004-12-06,11.5,11.75,11.34,11.69,7137200.0
2004-12-07,11.69,11.77,11.33,11.4,7109300.0
2004-12-08,11.85,11.85,11.15,11.2,6560200.0
2004-12-09,11.05,11.24,10.95,11.15,11458000.0
2004-12-10,11.03,11.42,11.03,11.3,6284700.0
2004-12-13,11.48,11.63,11.34,11.54,7880100.0
2004-12-14,11.54,11.68,11.51,11.65,10189500.0
2004-12-15,11.71,11.91,11.65,11.84,10929300.0
2004-12-16,11.68,11.8,11.51,11.63,7049600.0
2004-12-17,11.42,11.63,11.24,11.31,7554000.0
2004-12-20,11.57,11.58,11.21,11.35,6051000.0
2004-12-21,11.41,11.55,11.33,11.54,6468600.0
2004-12-22,11.7,11.98,11.54,11.88,14946700.0
2004-12-23,11.7,11.86,11.52,11.8,7608200.0
2004-12-27,11.92,12.0,11.65,11.8,6424000.0
2004-12-28,11.84,11.99,11.8,11.97,5449300.0
2004-12-29,11.98,12.29,11.91,12.26,6807200.0
2004-12-30,12.27,12.43,12.24,12.29,5150700.0
2004-12-31,12.26,12.38,12.26,12.35,4384800.0
2005-01-03,12.38,12.44,11.9,12.0,6698700.0
2005-01-04,12.0,12.05,11.51,11.66,7710000.0
2005-01-05,11.55,11.73,11.46,11.53,5512800.0
2005-01-06,11.57,11.64,11.34,11.41,7517400.0
2005-01-07,11.57,11.62,11.3,11.46,9267700.0
2005-01-10,11.36,11.58,11.36,11.43,4103600.0
2005-01-11,11.33,11.36,11.05,11.09,8382900.0
2005-01-12,11.2,11.34,11.07,11.33,7553700.0
2005-01-13,11.28,11.35,11.12,11.17,5000000.0
2005-01-14,11.23,11.32,11.16,11.21,4325100.0
2005-01-18,11.15,11.28,11.1,11.2,7240200.0
2005-01-19,11.21,11.22,11.0,11.01,4431100.0
2005-01-20,10.97,11.14,10.9,11.02,7063800.0
2005-01-21,10.95,11.02,10.37,10.41,12832400.0
2005-01-24,10.42,10.5,10.05,10.06,10203600.0
2005-01-25,10.19,10.38,10.15,10.25,9478200.0
2005-01-26,10.35,10.38,10.12,10.31,6271300.0
2005-01-27,10.59,10.69,10.31,10.63,6525400.0
2005-01-28,10.74,10.75,10.25,10.36,6059400.0
2005-01-31,10.45,10.54,10.38,10.41,3692400.0
2005-02-01,10.59,10.73,10.51,10.7,5037600.0
2005-02-02,10.77,10.94,10.7,10.82,6190700.0
2005-02-03,10.81,10.86,10.63,10.85,6423800.0
2005-02-04,10.87,11.16,10.84,11.1,6326800.0
2005-02-07,11.08,11.41,11.06,11.32,8694900.0
2005-02-08,11.29,11.49,11.28,11.33,5440200.0
2005-02-09,11.32,11.35,11.07,11.23,6461800.0
2005-02-10,11.34,11.42,11.09,11.27,6079600.0
2005-02-11,11.27,11.92,11.16,11.73,9887500.0
2005-02-14,11.67,11.83,11.51,11.81,4733900.0
2005-02-15,11.87,12.15,11.7,11.92,8932700.0
2005-02-16,11.92,11.92,11.63,11.8,6853600.0
2005-02-17,11.79,11.79,11.46,11.5,7513600.0
2005-02-18,11.4,11.57,11.37,11.5,4759300.0
2005-02-22,11.33,11.82,11.33,11.46,7837500.0
2005-02-23,11.51,11.6,11.0,11.36,8259200.0
2005-02-24,11.41,11.57,11.28,11.57,4960800.0
2005-02-25,11.57,11.76,11.5,11.68,6061900.0
2005-02-28,11.58,11.79,11.44,11.5,5233300.0
2005-03-01,11.62,11.62,11.36,11.48,9364400.0
2005-03-02,11.48,11.48,11.2,11.42,10636500.0
2005-03-03,11.3,11.37,11.1,11.19,16870400.0
2005-03-04,11.18,11.18,10.73,10.76,21028300.0
2005-03-07,10.8,11.03,10.76,10.93,7060900.0
2005-03-08,10.83,11.0,10.55,10.58,9909500.0
2005-03-09,10.58,10.74,10.5,10.6,13328300.0
2005-03-10,10.65,10.71,10.56,10.69,7763100.0
2005-03-11,10.7,10.77,10.38,10.42,8010900.0
2005-03-14,10.4,10.44,10.28,10.39,7345800.0
2005-03-15,10.38,10.4,10.08,10.25,8649000.0
2005-03-16,10.2,10.51,10.15,10.38,9258800.0
2005-03-17,10.55,10.58,10.35,10.45,5687100.0
2005-03-18,10.46,10.54,10.25,10.29,4604700.0
2005-03-21,10.34,10.42,10.17,10.22,4308000.0
2005-03-22,10.26,10.35,10.08,10.1,5845600.0
2005-03-23,10.14,10.29,10.11,10.22,5322500.0
2005-03-24,10.31,10.4,10.2,10.23,3904900.0
2005-03-28,10.31,10.47,10.13,10.17,6756600.0
2005-03-29,10.16,10.23,10.04,10.12,11037200.0
2005-03-30,10.45,10.5,10.3,10.48,12999000.0
2005-03-31,10.49,10.49,10.3,10.34,5087900.0
2005-04-01,10.44,10.44,10.19,10.26,7425700.0
2005-04-04,10.22,10.24,10.05,10.09,5957000.0
2005-04-05,10.15,10.19,10.04,10.08,4867000.0
2005-04-06,10.14,10.22,10.06,10.07,4199500.0
2005-04-07,10.08,10.21,9.98,10.2,6605700.0
2005-04-08,10.2,10.29,10.15,10.2,4139500.0
2005-04-11,10.2,10.26,10.12,10.22,4309400.0
2005-04-12,10.2,10.23,10.0,10.19,4955400.0
2005-04-13,10.14,10.16,9.95,9.99,5261100.0
2005-04-14,10.03,10.03,9.71,9.77,7023700.0
2005-04-15,9.58,9.75,9.37,9.52,8773100.0
2005-04-18,9.57,9.66,9.5,9.62,5613900.0
2005-04-19,9.7,9.73,9.56,9.64,3656600.0
2005-04-20,9.78,9.8,9.37,9.44,7771900.0
2005-04-21,9.51,9.78,9.48,9.72,6724100.0
2005-04-22,9.73,9.73,9.32,9.41,5136300.0
2005-04-25,9.75,9.75,9.55,9.58,4944200.0
2005-04-26,9.67,9.79,9.55,9.55,7378400.0
2005-04-27,9.54,9.64,9.46,9.49,6552000.0
2005-04-28,9.48,9.71,9.46,9.57,5696300.0
2005-04-29,9.65,9.74,9.49,9.71,5272600.0
2005-05-02,9.72,9.8,9.65,9.66,3079100.0
2005-05-03,9.51,9.75,9.5,9.7,3935900.0
2005-05-04,9.5,10.08,9.5,10.08,8258800.0
2005-05-05,10.08,10.44,9.97,10.04,6316600.0
2005-05-06,10.2,10.2,10.03,10.13,4326600.0
2005-05-09,10.08,10.16,10.03,10.11,4920500.0
2005-05-10,10.11,10.14,9.96,10.0,3404800.0
2005-05-11,10.01,10.06,9.91,10.0,4491400.0
2005-05-12,10.03,10.23,10.0,10.16,4813000.0
2005-05-13,10.32,10.62,10.17,10.57,14830700.0
2005-05-16,10.61,10.63,10.4,10.41,4046700.0
2005-05-17,10.34,10.63,10.3,10.6,3723600.0
2005-05-18,10.6,10.74,10.42,10.54,11591100.0
2005-05-19,10.59,10.59,10.4,10.45,5629800.0
2005-05-20,10.48,10.56,10.31,10.54,5609700.0
2005-05-23,10.57,10.8,10.46,10.69,7346600.0
2005-05-24,10.6,10.86,10.6,10.84,6513800.0
2005-05-25,10.83,10.84,10.63,10.73,5803600.0
2005-05-26,10.73,11.11,10.73,11.03,8926700.0
2005-05-27,11.0,11.1,10.76,11.07,4155000.0
2005-05-31,11.1,11.15,10.93,10.98,5051000.0
2005-06-01,10.99,11.1,10.76,10.84,5523900.0
2005-06-02,10.84,11.06,10.81,11.05,5185400.0
2005-06-03,11.05,11.05,10.76,10.82,4153900.0
2005-06-06,10.6,10.64,10.48,10.6,5126500.0
2005-06-07,10.55,10.66,10.48,10.49,6935200.0
2005-06-08,10.53,10.81,10.52,10.68,8415200.0
2005-06-09,10.61,11.0,10.61,10.97,5309000.0
2005-06-10,10.99,11.0,10.84,10.9,4676500.0
2005-06-13,10.87,10.98,10.84,10.85,3821300.0
2005-06-14,10.86,11.05,10.73,10.76,7781500.0
2005-06-15,10.9,10.97,10.61,10.93,5418000.0
2005-06-16,10.96,11.17,10.91,10.95,6014700.0
2005-06-17,11.02,11.02,10.79,10.83,5058500.0
2005-06-20,10.83,10.85,10.65,10.66,3579100.0
2005-06-21,10.64,10.73,10.6,10.61,3881500.0
2005-06-22,10.62,10.69,10.55,10.6,3693200.0
2005-06-23,10.62,11.0,10.56,10.83,8693800.0
2005-06-24,10.83,10.84,10.45,10.58,9823100.0
2005-06-27,10.54,10.57,10.15,10.17,6451400.0
2005-06-28,10.18,10.4,10.18,10.25,4545500.0
2005-06-29,10.53,10.53,10.3,10.45,5646500.0
2005-06-30,10.38,10.45,10.19,10.21,4938800.0
2005-07-01,10.16,10.26,10.1,10.2,4487500.0
2005-07-05,10.21,10.55,10.12,10.5,7977100.0
2005-07-06,10.6,11.01,10.5,10.88,14316100.0
2005-07-07,10.84,10.94,10.7,10.85,9545800.0
2005-07-08,11.0,11.47,10.93,11.42,11473800.0
2005-07-11,11.52,11.78,11.5,11.73,13390200.0
2005-07-12,11.76,11.9,11.66,11.82,11640900.0
2005-07-13,11.84,11.87,11.67,11.81,8220700.0
2005-07-14,11.89,12.02,11.86,11.9,7543100.0
2005-07-15,11.99,11.99,11.76,11.92,6187800.0
2005-07-18,11.84,11.97,11.76,11.91,4432600.0
2005-07-19,11.96,12.2,11.93,12.17,7012900.0
2005-07-20,12.04,12.25,11.96,12.22,6234700.0
2005-07-21,12.2,12.41,12.07,12.12,5742700.0
2005-07-22,12.08,12.14,11.85,11.93,5660800.0
2005-07-25,11.95,11.98,11.68,11.72,5060900.0
2005-07-26,11.75,11.95,11.62,11.9,7397500.0
2005-07-27,11.94,11.96,11.72,11.91,5561200.0
2005-07-28,11.95,12.15,11.77,12.0,5084300.0
2005-07-29,11.94,11.95,11.76,11.88,4525200.0
2005-08-01,12.1,12.18,12.01,12.18,6555200.0
2005-08-02,12.22,12.39,12.14,12.21,5426500.0
2005-08-03,12.22,12.22,12.02,12.16,4048000.0
2005-08-04,12.02,12.1,11.85,11.9,4958800.0
2005-08-05,11.9,11.9,11.65,11.86,5837300.0
2005-08-08,11.89,11.95,11.55,11.56,5465600.0
2005-08-09,11.68,11.75,11.51,11.54,5924300.0
2005-08-10,11.61,11.61,11.21,11.25,11947700.0
2005-08-11,11.28,11.38,11.22,11.3,8850400.0
2005-08-12,11.29,11.29,11.1,11.11,4665900.0
2005-08-15,11.06,11.54,11.06,11.35,5836100.0
2005-08-16,11.33,11.33,11.05,11.09,6534000.0
2005-08-17,11.14,11.45,11.14,11.23,6101200.0
2005-08-18,11.15,11.2,10.97,11.1,7075600.0
2005-08-19,11.2,11.36,11.12,11.15,3965600.0
2005-08-22,11.2,11.4,11.18,11.25,4724300.0
2005-08-23,11.24,11.32,11.07,11.1,4271800.0
2005-08-24,11.1,11.25,10.98,11.16,6396900.0
2005-08-25,11.2,11.36,11.19,11.35,4559600.0
2005-08-26,11.3,11.36,11.12,11.18,3123500.0
2005-08-29,11.13,11.25,11.05,11.16,2554600.0
2005-08-30,11.15,11.31,11.08,11.31,4379300.0
2005-08-31,11.3,12.05,11.28,11.91,13902600.0
2005-09-01,11.9,11.93,11.56,11.62,9023100.0
2005-09-02,11.68,11.71,11.51,11.67,6590000.0
2005-09-06,11.74,12.26,11.74,12.2,10797200.0
2005-09-07,12.22,12.54,12.11,12.16,10898500.0
2005-09-08,12.19,12.46,12.12,12.4,9023000.0
2005-09-09,12.5,12.6,12.2,12.49,6301400.0
2005-09-12,12.41,12.66,12.3,12.59,7610300.0
2005-09-13,12.62,12.75,12.6,12.68,6654500.0
2005-09-14,12.66,13.29,12.66,13.23,21871500.0
2005-09-15,13.18,13.19,12.75,12.87,15650700.0
2005-09-16,12.89,13.06,12.67,12.81,8969500.0
2005-09-19,12.71,12.76,12.36,12.46,8954500.0
2005-09-20,12.48,12.63,12.26,12.32,6672200.0
2005-09-21,12.32,12.46,12.16,12.24,7824300.0
2005-09-22,12.34,12.35,11.83,12.06,12258800.0
2005-09-23,12.04,12.22,11.9,12.15,8038100.0
2005-09-26,12.44,12.45,11.99,12.1,6736700.0
2005-09-27,12.08,12.15,11.72,11.74,8161400.0
2005-09-28,11.9,12.03,11.7,11.74,5388000.0
2005-09-29,11.76,12.2,11.6,12.19,10066600.0
2005-09-30,13.0,13.47,12.77,13.3,46194000.0
2005-10-03,13.37,13.76,13.23,13.64,19456100.0
2005-10-04,13.55,13.6,13.26,13.33,9462300.0
2005-10-05,13.33,13.33,12.75,12.8,13812000.0
2005-10-06,12.88,13.15,12.75,12.95,13167000.0
2005-10-07,13.05,13.26,12.83,13.18,8019900.0
2005-10-10,13.26,13.26,12.75,12.77,8852800.0
2005-10-11,12.8,12.84,12.42,12.54,12400100.0
2005-10-12,12.55,12.84,12.37,12.74,11078200.0
2005-10-13,12.64,13.2,12.52,13.11,11549400.0
2005-10-14,13.02,13.25,12.8,12.87,10196700.0
2005-10-17,12.97,13.05,12.83,13.01,5540300.0
2005-10-18,12.95,13.16,12.84,13.07,6415500.0
2005-10-19,12.72,12.91,12.39,12.88,13824300.0
2005-10-20,12.92,13.05,12.72,12.81,6570500.0
2005-10-21,13.07,13.07,12.59,12.67,12984000.0
2005-10-24,12.67,12.68,12.42,12.51,10754400.0
2005-10-25,12.51,12.69,12.49,12.65,10852600.0
2005-10-26,12.94,12.97,12.67,12.75,23283500.0
2005-10-27,12.75,12.8,12.58,12.62,12579000.0
2005-10-28,12.7,12.78,12.48,12.67,11464200.0
2005-10-31,12.94,13.14,12.74,12.99,12176500.0
2005-11-01,12.99,13.05,12.79,13.0,11952500.0
2005-11-02,13.15,13.35,12.96,13.27,18384700.0
2005-11-03,13.4,13.93,13.4,13.87,25025600.0
2005-11-04,13.96,14.04,13.66,13.92,9202400.0
2005-11-07,14.09,14.09,13.58,13.88,6707600.0
2005-11-08,13.69,13.86,13.59,13.71,7232800.0
2005-11-09,13.71,13.86,13.59,13.8,5504700.0
2005-11-10,13.84,13.9,13.55,13.78,5000000.0
2005-11-11,13.78,13.79,13.42,13.65,7070800.0
2005-11-14,13.36,13.5,13.29,13.33,10294800.0
2005-11-15,13.34,13.62,13.33,13.36,6834700.0
2005-11-16,13.35,13.52,13.3,13.43,6078500.0
2005-11-17,13.5,13.77,13.45,13.76,7551600.0
2005-11-18,13.8,14.2,13.8,14.18,13272600.0
2005-11-21,14.54,14.67,13.95,14.2,18831500.0
2005-11-22,14.51,14.74,14.4,14.67,24328600.0
2005-11-23,14.77,14.82,14.39,14.49,9927200.0
2005-11-25,14.64,14.75,14.47,14.59,4332800.0
2005-11-28,14.6,14.74,14.3,14.38,8501700.0
2005-11-29,14.44,14.45,13.88,13.92,11640700.0
2005-11-30,14.0,14.36,14.0,14.26,8676800.0
2005-12-01,14.44,14.63,14.42,14.49,7935500.0
2005-12-02,14.5,14.52,14.29,14.37,7681000.0
2005-12-05,14.4,14.4,14.21,14.3,4787200.0
2005-12-06,14.14,14.28,13.96,13.99,10780500.0
2005-12-07,13.94,13.97,13.52,13.66,11282200.0
2005-12-08,13.65,13.66,12.96,13.13,20049200.0
2005-12-09,13.13,13.48,13.13,13.41,10914300.0
2005-12-12,13.53,13.8,13.49,13.8,9823200.0
2005-12-13,13.71,13.94,13.55,13.84,7947900.0
2005-12-14,13.78,13.88,13.48,13.53,10430000.0
2005-12-15,13.46,13.76,13.4,13.55,8931000.0
2005-12-16,13.62,13.71,13.47,13.67,6728700.0
2005-12-19,13.64,13.91,13.55,13.65,10211400.0
2005-12-20,13.59,13.74,13.36,13.71,10006100.0
2005-12-21,13.88,14.15,13.85,14.14,11015600.0
2005-12-22,13.57,13.93,13.56,13.64,15428500.0
2005-12-23,13.55,13.69,13.54,13.65,4163000.0
2005-12-27,13.65,13.76,13.42,13.47,4583700.0
2005-12-28,13.46,13.54,13.25,13.45,7650800.0
2005-12-29,13.32,13.44,13.23,13.27,4151200.0
2005-12-30,13.2,13.34,13.12,13.31,4105700.0
2006-01-03,13.48,13.6,13.34,13.51,9705600.0
2006-01-04,13.75,14.14,13.64,14.05,12894000.0
2006-01-05,14.02,14.2,13.9,14.18,11512100.0
2006-01-06,14.41,14.6,14.23,14.47,10694600.0
2006-01-09,14.45,14.81,14.43,14.7,6825300.0
2006-01-10,14.5,14.58,14.28,14.57,7631100.0
2006-01-11,14.69,14.81,14.54,14.75,8218600.0
2006-01-12,14.8,14.82,14.36,14.57,8595800.0
2006-01-13,14.66,14.66,14.3,14.51,7570800.0
2006-01-17,14.15,14.31,13.91,13.97,15542100.0
2006-01-18,13.73,14.1,13.68,13.86,10732100.0
2006-01-19,14.21,14.4,14.07,14.33,7601500.0
2006-01-20,14.34,14.34,13.77,14.01,13474500.0
2006-01-23,14.04,14.3,14.02,14.18,7491100.0
2006-01-24,14.18,14.51,14.09,14.1,10725300.0
2006-01-25,14.13,14.21,14.0,14.11,6822400.0
2006-01-26,14.23,14.49,14.14,14.35,7493800.0
2006-01-27,14.4,14.74,14.36,14.7,10435000.0
2006-01-30,14.67,14.96,14.66,14.93,6339200.0
2006-01-31,14.83,14.89,14.65,14.68,5470400.0
2006-02-01,14.58,15.03,14.5,15.02,9249400.0
2006-02-02,15.0,15.35,14.83,14.95,12824100.0
2006-02-03,14.76,15.03,14.61,14.89,10687100.0
2006-02-06,15.36,16.14,15.3,16.01,19692100.0
2006-02-07,16.01,16.46,15.95,16.36,20047100.0
2006-02-08,16.39,16.51,16.15,16.35,17788700.0
2006-02-09,16.25,16.5,16.19,16.26,12002400.0
2006-02-10,16.26,16.52,15.85,16.4,10742200.0
2006-02-13,16.35,16.36,16.04,16.19,7041000.0
2006-02-14,16.19,16.77,16.09,16.63,12805000.0
2006-02-15,16.55,16.79,16.35,16.78,12201600.0
2006-02-16,16.85,17.07,16.8,16.99,11543900.0
2006-02-17,17.15,17.15,16.59,16.65,8272500.0
2006-02-21,16.58,16.59,15.92,16.08,10682100.0
2006-02-22,16.08,16.37,15.79,16.31,10907700.0
2006-02-23,16.32,16.34,15.71,15.75,13781600.0
2006-02-24,15.75,16.05,15.62,15.88,9192500.0
2006-02-27,15.82,15.82,15.36,15.65,13744600.0
2006-02-28,15.65,15.81,15.42,15.51,10496900.0
2006-03-01,15.61,16.09,15.55,15.95,14006700.0
2006-03-02,15.77,16.08,15.52,15.85,9328900.0
2006-03-03,15.76,16.23,15.62,15.89,9090400.0
2006-03-06,16.08,16.2,15.48,15.6,6812400.0
2006-03-07,15.6,15.65,14.95,14.98,15312600.0
2006-03-08,14.56,14.98,14.42,14.87,28225400.0
2006-03-09,14.86,15.24,14.51,14.52,12412100.0
2006-03-10,14.8,14.84,14.4,14.47,12224900.0
2006-03-13,14.6,14.95,14.55,14.78,9402700.0
2006-03-14,14.65,15.15,14.61,15.08,9816500.0
2006-03-15,15.14,15.19,14.85,15.01,11700600.0
2006-03-16,15.02,15.04,14.57,14.59,13208900.0
2006-03-17,14.59,14.96,14.43,14.77,9344800.0
2006-03-20,14.8,14.98,14.75,14.82,12572500.0
2006-03-21,14.81,15.39,14.66,15.0,12342400.0
2006-03-22,14.55,14.75,14.35,14.55,15422100.0
2006-03-23,14.45,14.91,14.42,14.43,12093200.0
2006-03-24,14.5,14.53,14.32,14.47,8788500.0
2006-03-27,14.47,14.91,14.46,14.77,7493000.0
2006-03-28,14.75,14.75,14.41,14.43,10768900.0
2006-03-29,14.46,14.94,14.45,14.89,8156600.0
2006-03-30,14.99,15.09,14.7,14.82,8706100.0
2006-03-31,14.82,14.98,14.67,14.72,10922900.0
2006-04-03,14.94,15.55,14.85,15.45,13546100.0
2006-04-04,15.5,15.76,15.41,15.64,10133300.0
2006-04-05,15.58,15.95,15.36,15.56,12340000.0
2006-04-06,15.8,16.13,15.54,15.58,13618200.0
2006-04-07,15.68,15.85,15.2,15.25,13062400.0
2006-04-10,15.32,15.37,14.8,14.91,12589700.0
2006-04-11,15.14,15.4,15.02,15.1,17372400.0
2006-04-12,15.25,15.81,15.17,15.32,21650300.0
2006-04-13,15.26,15.46,14.99,15.04,11498100.0
2006-04-17,15.13,15.54,14.9,15.12,11819900.0
2006-04-18,15.64,16.07,15.49,16.03,19126500.0
2006-04-19,16.08,16.51,16.02,16.5,13865300.0
2006-04-20,16.55,16.92,16.38,16.8,12817600.0
2006-04-21,16.85,16.85,16.25,16.4,11491700.0
2006-04-24,16.39,16.44,16.09,16.4,9474800.0
2006-04-25,16.41,16.49,16.06,16.47,6228600.0
2006-04-26,16.47,16.84,16.42,16.8,12306800.0
2006-04-27,16.65,17.42,16.57,17.4,15275300.0
2006-04-28,17.02,17.34,16.9,16.97,13412500.0
2006-05-01,16.97,17.1,16.73,16.74,8107700.0
2006-05-02,16.83,16.89,16.65,16.75,6491800.0
2006-05-03,16.75,16.84,16.58,16.73,7646600.0
2006-05-04,16.85,17.02,16.8,16.96,5963200.0
2006-05-05,17.04,17.12,16.85,17.05,7735600.0
2006-05-08,17.15,17.47,17.09,17.24,5104000.0
2006-05-09,17.2,17.49,17.05,17.25,7976200.0
2006-05-10,17.18,17.19,16.24,16.61,14257700.0
2006-05-11,16.61,16.65,15.97,16.11,9261700.0
2006-05-12,15.97,16.21,15.73,15.81,9161500.0
2006-05-15,15.72,16.04,15.57,15.83,7576600.0
2006-05-16,15.91,16.07,15.6,15.97,7382100.0
2006-05-17,15.92,16.11,15.6,15.63,6652700.0
2006-05-18,15.64,15.85,15.35,15.36,5756500.0
2006-05-19,15.7,15.88,15.45,15.77,11490500.0
2006-05-22,15.58,15.6,15.24,15.56,8432700.0
2006-05-23,15.7,15.93,15.22,15.24,10209300.0
2006-05-24,15.25,15.55,15.1,15.46,11649100.0
2006-05-25,15.71,16.25,15.57,16.17,9550700.0
2006-05-26,16.17,16.53,16.02,16.37,8490800.0
2006-05-30,16.3,16.4,16.0,16.06,6353000.0
2006-05-31,16.18,16.67,16.1,16.56,14076900.0
2006-06-01,16.39,16.96,16.3,16.87,14126000.0
2006-06-02,16.87,16.88,16.3,16.46,14013000.0
2006-06-05,16.55,16.65,16.02,16.03,11985300.0
2006-06-06,16.03,16.38,15.91,16.26,11423200.0
2006-06-07,16.4,16.4,15.75,15.82,10129900.0
2006-06-08,15.93,15.95,15.01,15.53,21558000.0
2006-06-09,15.68,15.95,15.41,15.53,9534100.0
2006-06-12,15.53,15.71,15.07,15.14,8056700.0
2006-06-13,15.1,15.3,14.81,14.85,13568100.0
2006-06-14,15.0,15.4,14.95,15.26,12950300.0
2006-06-15,15.31,16.05,15.28,16.04,8983400.0
2006-06-16,16.07,16.38,15.88,16.35,18182500.0
2006-06-19,16.44,16.48,15.67,15.89,9350100.0
2006-06-20,15.88,16.11,15.65,15.97,7396600.0
2006-06-21,15.93,16.71,15.93,15.95,14329300.0
2006-06-22,16.13,16.39,15.95,16.18,11582800.0
2006-06-23,16.1,16.61,16.05,16.42,7998800.0
2006-06-26,16.46,16.69,16.21,16.68,6635100.0
2006-06-27,16.73,16.74,15.77,16.03,7629700.0
2006-06-28,16.04,16.25,15.6,15.96,10827500.0
2006-06-29,15.65,15.75,14.83,15.12,24240700.0
2006-06-30,15.01,15.3,14.84,15.06,13090900.0
2006-07-03,15.06,15.41,14.95,15.4,7429600.0
2006-07-05,15.4,15.47,14.95,15.0,11625800.0
2006-07-06,15.04,15.32,15.04,15.31,6958300.0
2006-07-07,15.16,15.25,14.8,14.86,9143400.0
2006-07-10,14.88,15.04,14.33,14.53,7734000.0
2006-07-11,14.47,15.14,14.35,15.07,9566700.0
2006-07-12,15.11,15.2,14.72,14.81,9732600.0
2006-07-13,14.69,14.7,14.27,14.32,10038300.0
2006-07-14,14.4,14.52,14.03,14.4,9647000.0
2006-07-17,14.36,14.62,14.14,14.21,4926600.0
2006-07-18,14.23,14.66,14.23,14.55,9868500.0
2006-07-19,14.65,15.14,14.55,14.97,8183100.0
2006-07-20,15.25,15.25,14.44,14.53,11371400.0
2006-07-21,14.0,14.52,13.98,14.15,7946600.0
2006-07-24,14.22,14.57,14.1,14.35,6436400.0
2006-07-25,14.44,15.06,14.37,15.04,8468500.0
2006-07-26,15.0,15.51,14.78,15.33,7024800.0
2006-07-27,15.59,15.9,15.32,15.49,10660300.0
2006-07-28,15.47,15.87,15.32,15.82,5318100.0
2006-07-31,15.61,15.89,15.57,15.59,4255300.0
2006-08-01,15.51,15.53,15.15,15.38,5454000.0
2006-08-02,15.45,15.73,15.36,15.67,4403500.0
2006-08-03,15.67,16.0,15.5,15.8,5746300.0
2006-08-04,16.0,16.12,15.41,15.74,6530000.0
2006-08-07,15.6,15.8,15.37,15.51,4573500.0
2006-08-08,15.49,15.87,15.36,15.45,5380600.0
2006-08-09,15.84,15.95,15.56,15.57,5991900.0
2006-08-10,15.59,16.07,15.52,16.0,5974000.0
2006-08-11,15.87,16.05,15.62,15.74,4901200.0
2006-08-14,15.86,16.05,15.73,15.79,3924300.0
2006-08-15,16.03,16.5,15.93,16.42,9024300.0
2006-08-16,16.45,16.76,16.19,16.7,6442700.0
2006-08-17,16.4,16.68,16.35,16.61,10222500.0
2006-08-18,16.57,16.61,16.24,16.55,4971100.0
2006-08-21,16.45,16.45,16.13,16.32,3141000.0
2006-08-22,16.32,16.39,16.07,16.18,6313300.0
2006-08-23,16.07,16.4,15.75,16.0,7465700.0
2006-08-24,16.18,16.18,15.78,16.02,6051600.0
2006-08-25,16.03,16.35,15.96,16.26,6074700.0
2006-08-28,16.34,16.62,16.3,16.55,5359700.0
2006-08-29,16.55,17.28,16.55,17.24,12409000.0
2006-08-30,17.24,17.59,17.12,17.52,9280600.0
2006-08-31,17.47,17.49,17.16,17.28,9593700.0
2006-09-01,17.38,17.49,17.0,17.32,8125400.0
2006-09-05,17.31,17.6,17.12,17.37,7505200.0
2006-09-06,17.35,17.36,16.88,16.9,5887800.0
2006-09-07,16.89,17.17,16.7,16.94,6314900.0
2006-09-08,17.45,17.97,17.25,17.88,12920500.0
2006-09-11,18.08,18.59,17.71,18.57,16716500.0
2006-09-12,18.6,18.65,18.33,18.47,19765400.0
2006-09-13,18.39,18.43,17.83,18.0,20483400.0
2006-09-14,18.03,18.03,17.66,17.77,12610000.0
2006-09-15,18.08,18.21,17.92,18.07,12233300.0
2006-09-18,18.14,18.5,18.03,18.13,12210800.0
2006-09-19,17.71,17.84,17.46,17.74,11535500.0
2006-09-20,17.9,18.0,17.56,17.56,11902600.0
2006-09-21,17.64,18.02,17.52,17.74,11919800.0
2006-09-22,17.63,17.65,17.21,17.46,9502900.0
2006-09-25,17.51,17.93,16.95,17.88,10859500.0
2006-09-26,17.7,17.81,17.47,17.73,12960200.0
2006-09-27,17.74,17.95,17.5,17.6,7005500.0
2006-09-28,17.6,17.65,17.09,17.44,12908700.0
2006-09-29,17.63,17.66,17.34,17.4,7863600.0
2006-10-02,17.51,17.86,17.36,17.5,9120900.0
2006-10-03,17.46,17.57,17.08,17.48,8593900.0
2006-10-04,17.52,18.17,17.46,18.08,16468600.0
2006-10-05,17.99,18.03,17.28,17.54,27766400.0
2006-10-06,16.01,16.13,15.03,15.14,61125300.0
2006-10-09,15.18,15.43,15.09,15.32,18423800.0
2006-10-10,15.51,15.51,15.13,15.15,15505500.0
2006-10-11,15.2,15.4,15.07,15.17,13570900.0
2006-10-12,15.38,15.38,14.94,15.13,15813400.0
2006-10-13,15.19,15.24,15.03,15.06,14576500.0
2006-10-16,15.13,15.36,14.94,15.28,14817200.0
2006-10-17,15.11,15.24,14.47,14.56,20975000.0
2006-10-18,14.73,14.75,14.24,14.48,15766300.0
2006-10-19,14.49,14.59,14.35,14.47,10751300.0
2006-10-20,14.49,14.5,14.2,14.27,9646900.0
2006-10-23,14.29,14.6,14.26,14.41,10647100.0
2006-10-24,14.41,14.47,14.22,14.29,11472500.0
2006-10-25,14.39,14.57,14.3,14.52,7153800.0
2006-10-26,14.51,14.82,14.41,14.74,8685400.0
2006-10-27,14.7,14.72,14.14,14.17,13707200.0
2006-10-30,14.24,14.49,14.2,14.4,8159000.0
2006-10-31,14.41,14.58,14.34,14.45,7114000.0
2006-11-01,14.41,14.55,14.15,14.18,10404500.0
2006-11-02,14.24,14.25,13.87,13.89,11181000.0
2006-11-03,13.98,14.04,13.76,13.98,7489000.0
2006-11-06,14.0,14.44,13.91,14.32,9509300.0
2006-11-07,14.46,14.51,14.26,14.3,9456900.0
2006-11-08,14.3,14.3,13.95,14.0,13577600.0
2006-11-09,14.05,14.15,13.51,13.57,17282100.0
2006-11-10,13.66,14.03,13.61,14.01,13991400.0
2006-11-13,13.95,14.38,13.92,14.21,18237100.0
2006-11-14,14.5,14.99,14.36,14.95,22178600.0
2006-11-15,15.07,15.26,14.75,14.83,17603700.0
2006-11-16,14.88,15.0,14.6,14.74,10655200.0
2006-11-17,14.67,14.7,14.39,14.57,10983200.0
2006-11-20,14.5,14.55,14.26,14.48,13620800.0
2006-11-21,14.48,14.85,14.42,14.6,15422800.0
2006-11-22,14.74,15.1,14.73,15.01,12097000.0
2006-11-24,14.8,14.95,14.78,14.79,4287900.0
2006-11-27,14.9,15.16,14.48,14.56,16177500.0
2006-11-28,14.58,14.62,14.34,14.5,11358600.0
2006-11-29,14.72,15.04,14.42,14.43,17645000.0
2006-11-30,14.43,14.84,14.4,14.6,9993100.0
2006-12-01,14.67,14.72,14.32,14.47,9317600.0
2006-12-04,14.56,14.68,14.33,14.56,10066200.0
2006-12-05,14.55,15.05,14.53,14.93,17131400.0
2006-12-06,14.88,14.95,14.76,14.84,7635400.0
2006-12-07,14.86,14.99,14.53,14.6,9162300.0
2006-12-08,14.71,14.75,14.42,14.64,8547800.0
2006-12-11,14.64,14.64,14.18,14.22,17001200.0
2006-12-12,14.2,14.22,13.87,13.91,13593200.0
2006-12-13,13.82,13.87,13.62,13.7,12934600.0
2006-12-14,13.88,14.1,13.78,13.8,11477700.0
2006-12-15,13.91,14.01,13.59,13.7,14853000.0
2006-12-18,13.7,13.71,13.44,13.53,13202300.0
2006-12-19,13.42,13.42,13.12,13.35,20860700.0
2006-12-20,13.55,13.65,13.45,13.47,13591900.0
2006-12-21,13.5,13.8,13.44,13.49,15322600.0
2006-12-22,14.19,14.3,13.87,13.94,22145900.0
2006-12-26,14.08,14.12,13.89,13.97,8097700.0
2006-12-27,13.97,14.14,13.93,14.09,8569500.0
2006-12-28,14.15,14.15,13.95,14.02,7835200.0
2006-12-29,13.96,14.12,13.93,13.96,5577500.0
2007-01-03,14.14,14.31,13.91,14.03,11198100.0
2007-01-04,13.85,14.03,13.65,13.79,18520700.0
2007-01-05,13.68,13.68,13.52,13.58,11595200.0
2007-01-08,13.67,13.85,13.59,13.74,9843900.0
2007-01-09,13.73,13.75,13.6,13.67,8926300.0
2007-01-10,13.58,14.15,13.58,14.07,15015300.0
2007-01-11,14.1,14.29,13.86,13.88,16424000.0
2007-01-12,13.95,14.3,13.85,14.23,14848800.0
2007-01-16,14.17,14.21,13.82,13.92,11515900.0
2007-01-17,13.91,13.94,13.6,13.68,9113400.0
2007-01-18,13.62,13.62,13.19,13.25,16203800.0
2007-01-19,13.29,13.35,13.07,13.27,10784800.0
2007-01-22,13.3,13.35,13.03,13.07,10473800.0
2007-01-23,13.11,13.21,12.85,12.93,13817700.0
2007-01-24,13.14,13.33,13.05,13.23,13344800.0
2007-01-25,13.28,13.36,13.06,13.09,9304800.0
2007-01-26,13.14,13.32,12.99,13.2,15089800.0
2007-01-29,13.26,13.28,13.02,13.03,10824200.0
2007-01-30,13.06,13.12,12.93,12.99,8849700.0
2007-01-31,12.95,12.97,12.79,12.95,9407300.0
2007-02-01,12.91,13.0,12.79,12.85,11875800.0
2007-02-02,12.88,13.25,12.83,13.16,18949700.0
2007-02-05,13.04,13.25,12.98,13.12,14168200.0
2007-02-06,13.06,13.1,12.96,13.02,12608600.0
2007-02-07,13.1,13.21,12.93,12.97,15751400.0
2007-02-08,12.84,12.97,12.8,12.9,7807000.0
2007-02-09,12.95,13.1,12.4,12.56,23583500.0
2007-02-12,12.31,12.48,12.23,12.27,10903907.0
2007-02-13,12.25,12.33,12.12,12.21,10980357.0
2007-02-14,12.21,12.71,12.21,12.56,25969819.0
2007-02-15,12.52,12.63,12.45,12.51,11551400.0
2007-02-16,12.49,12.51,12.29,12.32,10487400.0
2007-02-20,12.23,12.31,12.08,12.1,16820900.0
2007-02-21,12.05,12.08,11.9,11.97,20654500.0
2007-02-22,12.07,12.18,12.02,12.16,11612500.0
2007-02-23,12.09,12.48,12.03,12.38,17846600.0
2007-02-26,12.51,12.51,12.23,12.34,10187829.0
2007-02-27,12.14,12.23,11.84,11.9,18212300.0
2007-02-28,11.96,11.96,11.76,11.86,15795900.0
2007-03-01,11.75,12.12,11.52,11.86,20925279.0
2007-03-02,11.79,12.16,11.74,11.83,18246100.0
2007-03-05,11.7,11.96,11.59,11.67,13182500.0
2007-03-06,11.89,11.89,11.57,11.71,16685700.0
2007-03-07,11.62,11.67,11.41,11.44,12997700.0
2007-03-08,11.57,11.59,11.27,11.33,15147200.0
2007-03-09,11.48,11.53,11.34,11.42,13472400.0
2007-03-12,11.36,11.44,11.27,11.4,10733100.0
2007-03-13,11.31,11.51,11.23,11.26,13573400.0
2007-03-14,11.5,11.71,11.32,11.59,26870100.0
2007-03-15,11.58,11.72,11.48,11.56,7896118.0
2007-03-16,11.56,11.7,11.4,11.44,9127300.0
2007-03-19,11.46,11.55,11.22,11.27,16629100.0
2007-03-20,11.26,11.35,11.22,11.27,9288230.0
2007-03-21,11.4,11.73,11.27,11.6,21235000.0
2007-03-22,11.65,11.65,11.47,11.62,15443550.0
2007-03-23,11.62,11.64,11.56,11.59,13833640.0
2007-03-26,11.6,11.77,11.54,11.61,15852490.0
2007-03-27,11.6,12.05,11.59,12.01,24897725.0
2007-03-28,11.89,12.11,11.83,12.01,22885200.0
2007-03-29,12.1,12.2,11.73,11.84,22557736.0
2007-03-30,11.89,12.17,11.88,12.08,16561466.0
2007-04-02,12.13,12.24,12.11,12.13,20996141.0
2007-04-03,12.17,12.25,12.15,12.23,20225160.0
2007-04-04,12.24,12.24,11.89,12.07,39905850.0
2007-04-05,12.15,12.15,11.45,11.51,65275000.0
2007-04-09,11.5,11.5,11.13,11.18,34593654.0
2007-04-10,11.16,11.24,11.0,11.22,28108359.0
2007-04-11,11.3,11.48,11.08,11.3,35328319.0
2007-04-12,11.25,11.46,11.15,11.45,27158911.0
2007-04-13,11.47,11.47,11.23,11.26,18253403.0
2007-04-16,11.37,11.37,11.02,11.07,28469644.0
2007-04-17,11.07,11.09,10.88,10.95,28843242.0
2007-04-18,10.95,11.21,10.92,11.1,16598928.0
2007-04-19,10.98,11.19,10.96,11.13,14358082.0
2007-04-20,11.19,11.28,11.02,11.19,17060585.0
2007-04-23,11.22,11.29,11.19,11.21,17220786.0
2007-04-24,11.25,11.71,11.18,11.59,30833813.0
2007-04-25,11.66,11.81,11.46,11.77,21029754.0
2007-04-26,11.93,12.16,11.77,11.97,28337658.0
2007-04-27,11.9,11.92,11.66,11.69,15939748.0
2007-04-30,11.75,11.76,11.41,11.47,14904921.0
2007-05-01,11.4,11.42,11.13,11.35,18324978.0
2007-05-02,11.32,11.51,11.26,11.45,9989014.0
2007-05-03,11.41,11.47,11.31,11.39,9622990.0
2007-05-04,11.44,12.06,11.42,11.91,24537517.0
2007-05-07,11.94,12.09,11.74,11.96,15469709.0
2007-05-08,11.87,12.0,11.76,11.86,10666888.0
2007-05-09,11.87,12.46,11.81,12.36,22916882.0
2007-05-10,12.3,12.36,12.12,12.13,16388194.0
2007-05-11,12.12,12.4,11.97,12.32,20278958.0
2007-05-14,12.38,12.66,12.23,12.29,11460604.0
2007-05-15,12.25,12.29,11.84,12.07,22672634.0
2007-05-16,12.05,12.22,11.98,12.14,13141495.0
2007-05-17,11.86,11.94,11.5,11.5,46664083.0
2007-05-18,11.5,11.53,11.37,11.47,59008162.0
2007-05-21,11.5,11.63,11.38,11.45,31138685.0
2007-05-22,11.49,11.52,11.21,11.38,20263060.0
2007-05-23,11.48,11.62,11.47,11.53,27936921.0
2007-05-24,11.72,12.05,11.57,11.81,50456162.0
2007-05-25,11.98,12.03,11.86,11.97,21384567.0
2007-05-29,12.18,12.19,11.75,11.96,25118736.0
2007-05-30,11.83,11.97,11.68,11.9,20717194.0
2007-05-31,11.92,12.24,11.78,12.18,32862300.0
2007-06-01,12.3,12.85,12.3,12.6,59341836.0
2007-06-04,12.47,12.75,12.39,12.57,20842282.0
2007-06-05,12.57,12.59,12.15,12.45,25717740.0
2007-06-06,12.33,12.39,12.13,12.24,27556075.0
2007-06-07,12.15,12.3,11.89,11.95,21259220.0
2007-06-08,12.02,12.38,11.91,12.35,20682939.0
2007-06-11,12.3,12.36,11.95,11.99,17024210.0
2007-06-12,11.94,12.14,11.73,11.96,26716466.0
2007-06-13,12.06,12.12,11.8,11.94,24115312.0
2007-06-14,12.14,12.42,12.1,12.23,24904892.0
2007-06-15,12.37,12.63,12.27,12.58,25503400.0
2007-06-18,12.65,12.65,12.44,12.55,13981332.0
2007-06-19,12.48,12.64,12.37,12.44,15403650.0
2007-06-20,12.72,13.08,12.7,12.72,31863850.0
2007-06-21,12.92,13.26,12.8,13.24,31589198.0
2007-06-22,13.12,13.23,12.81,12.83,22684726.0
2007-06-25,12.82,12.92,12.52,12.65,21185744.0
2007-06-26,12.71,12.71,12.32,12.45,23220200.0
2007-06-27,12.45,12.7,12.39,12.66,26000270.0
2007-06-28,12.82,12.9,12.37,12.41,32667738.0
2007-06-29,12.49,12.75,12.45,12.53,31815394.0
2007-07-02,12.7,12.7,12.34,12.48,17361092.0
2007-07-03,12.49,12.78,12.48,12.69,9734116.0
2007-07-05,12.8,12.87,12.71,12.8,15039104.0
2007-07-06,12.91,13.47,12.88,13.45,41301028.0
2007-07-09,13.36,13.47,13.3,13.42,30154883.0
2007-07-10,13.64,13.72,13.46,13.54,39777338.0
2007-07-11,13.7,13.88,13.55,13.84,44462501.0
2007-07-12,14.01,14.02,13.33,13.74,44091716.0
2007-07-13,13.9,13.9,13.64,13.74,18831000.0
2007-07-16,13.77,14.1,13.74,13.98,22799050.0
2007-07-17,13.94,14.2,13.8,13.85,21652231.0
2007-07-18,13.8,13.84,13.35,13.66,25119831.0
2007-07-19,13.8,13.84,13.47,13.6,14175245.0
2007-07-20,13.67,13.79,13.31,13.41,19046379.0
2007-07-23,13.43,13.81,13.35,13.44,24781557.0
2007-07-24,13.41,13.45,13.01,13.05,25332590.0
2007-07-25,13.13,13.22,12.94,13.08,20417939.0
2007-07-26,12.89,13.0,12.04,12.14,46822528.0
2007-07-27,12.14,12.24,11.74,11.87,28171409.0
2007-07-30,12.1,12.22,11.98,12.02,21429379.0
2007-07-31,12.19,12.33,11.84,11.87,36972445.0
2007-08-01,11.79,12.1,11.28,12.1,30313345.0
2007-08-02,12.09,12.1,11.71,11.82,25964876.0
2007-08-03,12.07,12.19,11.55,11.64,26381089.0
2007-08-06,11.83,11.83,11.4,11.63,19421139.0
2007-08-07,11.68,11.69,11.31,11.59,17788161.0
2007-08-08,11.68,12.09,11.51,12.07,24672758.0
2007-08-09,11.75,12.65,11.75,12.5,31545627.0
2007-08-10,12.21,12.56,11.75,12.21,35966360.0
2007-08-13,12.33,12.35,11.85,11.97,17803800.0
2007-08-14,11.95,11.98,11.52,11.52,15255679.0
2007-08-15,11.49,11.75,11.04,11.06,20549385.0
2007-08-16,10.94,11.05,10.3,10.6,35814748.0
2007-08-17,11.05,11.2,10.62,10.99,27640800.0
2007-08-20,10.99,11.25,10.86,10.98,24882300.0
2007-08-21,11.11,11.52,11.02,11.36,24815100.0
2007-08-22,11.49,11.49,11.31,11.45,16169700.0
2007-08-23,11.4,11.45,11.09,11.12,15484200.0
2007-08-24,11.01,11.07,10.76,11.02,20863200.0
2007-08-27,10.93,11.3,10.89,11.23,14790630.0
2007-08-28,11.15,11.18,10.91,11.0,14866600.0
2007-08-29,11.06,11.24,11.0,11.24,9117900.0
2007-08-30,11.07,11.54,11.04,11.21,16247200.0
2007-08-31,11.4,11.52,11.26,11.45,10570400.0
2007-09-04,11.5,11.72,11.37,11.6,11001500.0
2007-09-05,11.47,11.51,11.22,11.36,14431901.0
2007-09-06,11.37,11.58,11.27,11.5,15638100.0
2007-09-07,11.28,12.6,11.26,11.4,21166000.0
2007-09-10,11.59,11.77,11.39,11.64,18680300.0
2007-09-11,11.7,11.75,11.58,11.63,9814560.0
2007-09-12,11.52,11.58,11.25,11.25,16782700.0
2007-09-13,11.31,11.4,11.22,11.28,11525496.0
2007-09-14,11.2,11.21,10.88,11.0,15054600.0
2007-09-17,10.97,11.0,10.7,10.94,18546300.0
2007-09-18,10.97,11.18,10.82,11.17,16150500.0
2007-09-19,11.2,11.25,10.86,10.94,20093309.0
2007-09-20,10.89,10.99,10.68,10.78,17644492.0
2007-09-21,10.89,10.91,10.62,10.73,15086872.0
2007-09-24,10.71,10.78,10.48,10.54,15237019.0
2007-09-25,10.5,10.52,10.33,10.41,21791600.0
2007-09-26,10.47,10.95,10.43,10.75,21085093.0
2007-09-27,11.01,11.49,11.0,11.36,27828559.0
2007-09-28,11.31,11.35,11.06,11.1,16634500.0
2007-10-01,11.26,11.48,11.1,11.35,18173445.0
2007-10-02,11.54,11.92,11.35,11.79,30962200.0
2007-10-03,11.12,11.12,10.56,10.74,61564667.0
2007-10-04,10.84,10.9,10.53,10.61,28411120.0
2007-10-05,10.75,10.85,10.58,10.8,21618700.0
2007-10-08,10.78,10.79,10.65,10.75,8277700.0
2007-10-09,10.75,10.82,10.57,10.64,12630968.0
2007-10-10,10.68,10.77,10.62,10.71,13678300.0
2007-10-11,10.72,10.85,10.5,10.56,21551044.0
2007-10-12,10.58,10.66,10.43,10.49,15033108.0
2007-10-15,10.54,10.57,10.38,10.46,12355500.0
2007-10-16,10.43,10.62,10.38,10.43,15036728.0
2007-10-17,10.7,10.75,10.32,10.37,20862220.0
2007-10-18,10.35,10.57,10.26,10.53,14327600.0
2007-10-19,10.44,10.49,10.0,10.08,27268190.0
2007-10-22,10.0,10.19,9.95,9.99,17491600.0
2007-10-23,10.04,10.11,9.88,9.99,15197405.0
2007-10-24,9.91,9.95,9.55,9.78,25431000.0
2007-10-25,9.74,9.78,9.37,9.43,16748900.0
2007-10-26,9.69,9.99,9.5,9.76,27513600.0
2007-10-29,9.8,10.0,9.79,9.99,14048606.0
2007-10-30,9.88,10.49,9.84,10.35,32209200.0
2007-10-31,10.38,10.59,10.31,10.51,15387700.0
2007-11-01,10.47,10.62,10.27,10.32,18361786.0
2007-11-02,10.4,10.47,10.01,10.47,15314700.0
2007-11-05,10.28,10.36,10.0,10.14,15010314.0
2007-11-06,10.17,10.17,9.71,9.92,16594200.0
2007-11-07,9.71,9.8,9.47,9.49,17743264.0
2007-11-08,9.49,9.5,9.06,9.33,21734282.0
2007-11-09,9.25,9.85,9.11,9.64,17532460.0
2007-11-12,9.6,9.62,9.29,9.32,11579991.0
2007-11-13,9.55,9.55,9.28,9.42,9205700.0
2007-11-14,9.46,9.55,9.32,9.35,12133930.0
2007-11-15,9.33,9.44,9.18,9.24,11324200.0
2007-11-16,9.28,9.34,8.95,9.15,18076007.0
2007-11-19,9.05,9.19,8.83,8.84,15813222.0
2007-11-20,8.8,8.92,8.31,8.53,30928763.0
2007-11-21,8.45,8.45,7.9,8.08,27608160.0
2007-11-23,8.15,8.42,8.1,8.37,6028550.0
2007-11-26,8.39,8.4,8.02,8.02,15013286.0
2007-11-27,8.05,8.09,7.82,7.94,17218447.0
2007-11-28,8.06,8.49,7.95,8.46,19405176.0
2007-11-29,8.4,8.71,8.18,8.23,17585308.0
2007-11-30,8.4,8.48,8.27,8.32,21701001.0
2007-12-03,8.41,8.43,8.25,8.3,11841125.0
2007-12-04,8.24,8.76,8.24,8.6,20821465.0
2007-12-05,8.84,9.25,8.8,8.95,23982970.0
2007-12-06,8.97,9.29,8.96,9.26,16203225.0
2007-12-07,9.24,9.31,8.85,9.03,14674397.0
2007-12-10,8.85,9.0,8.73,8.98,11961489.0
2007-12-11,8.98,8.98,8.57,8.6,10146846.0
2007-12-12,8.8,8.88,8.57,8.65,12662495.0
2007-12-13,8.62,8.71,8.35,8.47,13175788.0
2007-12-14,8.36,8.53,8.34,8.37,9474914.0
2007-12-17,8.35,8.35,7.82,7.89,17771570.0
2007-12-18,7.98,7.99,7.72,7.8,12400530.0
2007-12-19,7.81,7.96,7.72,7.84,8432159.0
2007-12-20,7.92,7.95,7.7,7.92,11185924.0
2007-12-21,7.67,7.85,7.37,7.53,25098440.0
2007-12-24,7.48,7.61,7.46,7.55,6218192.0
2007-12-26,7.52,7.57,7.41,7.5,9667447.0
2007-12-27,7.45,7.52,7.32,7.36,9681871.0
2007-12-28,7.4,7.4,7.23,7.27,12119035.0
2007-12-31,7.21,7.3,7.11,7.25,11674187.0
2008-01-02,7.23,7.28,6.96,7.04,13230878.0
2008-01-03,7.06,7.07,6.78,6.95,13825875.0
2008-01-04,6.91,6.91,6.33,6.4,23464067.0
2008-01-07,6.53,6.54,6.17,6.39,20100108.0
2008-01-08,6.45,6.47,6.13,6.18,13278320.0
2008-01-09,6.15,6.29,5.98,6.2,23786495.0
2008-01-10,6.14,6.34,5.99,6.2,18902886.0
2008-01-11,6.16,6.34,6.07,6.09,19571594.0
2008-01-14,6.28,6.35,6.2,6.25,27574473.0
2008-01-15,6.13,6.13,5.61,5.75,28844301.0
2008-01-16,5.55,6.05,5.47,5.93,27986107.0
2008-01-17,6.3,6.35,6.05,6.06,30851164.0
2008-01-18,6.23,6.58,6.15,6.44,28987159.0
2008-01-22,5.96,6.39,5.96,6.29,24942915.0
2008-01-23,6.15,6.82,6.03,6.7,28025848.0
2008-01-24,6.8,7.03,6.65,6.99,27506170.0
2008-01-25,7.1,7.15,6.44,6.53,19189300.0
2008-01-28,6.54,6.62,6.17,6.6,28075185.0
2008-01-29,6.66,6.91,6.63,6.87,21371136.0
2008-01-30,6.98,7.22,6.82,6.96,26357443.0
2008-01-31,6.77,7.1,6.69,6.99,15211688.0
2008-02-01,7.12,7.89,7.1,7.81,32796519.0
2008-02-04,7.9,7.9,7.39,7.81,24902205.0
2008-02-05,7.73,8.02,7.43,7.84,35902993.0
2008-02-06,7.79,7.8,6.96,6.99,28648173.0
2008-02-07,6.84,7.36,6.8,7.12,31694381.0
2008-02-08,7.19,7.19,6.65,6.69,26062004.0
2008-02-11,6.78,6.91,6.49,6.83,14910140.0
2008-02-12,6.96,7.38,6.95,7.02,23563992.0
2008-02-13,7.12,7.41,7.1,7.39,19322150.0
2008-02-14,7.2,7.35,7.14,7.17,19009846.0
2008-02-15,7.21,7.28,7.06,7.13,10909480.0
2008-02-19,7.48,7.68,7.34,7.52,20471003.0
2008-02-20,7.45,7.91,7.42,7.81,15624301.0
2008-02-21,7.92,7.92,7.33,7.38,23941737.0
2008-02-22,7.4,7.56,7.23,7.54,12433061.0
2008-02-25,7.5,7.82,7.5,7.77,12593822.0
2008-02-26,7.68,7.82,7.51,7.72,14996039.0
2008-02-27,7.62,8.13,7.6,7.86,22596817.0
2008-02-28,7.82,7.89,7.53,7.57,12760709.0
2008-02-29,7.5,7.85,7.44,7.52,15549954.0
2008-03-03,7.5,7.67,7.08,7.17,18580720.0
2008-03-04,6.99,7.03,6.72,6.98,17175555.0
2008-03-05,7.08,7.22,6.95,7.03,18795743.0
2008-03-06,7.0,7.07,6.74,6.74,12988208.0
2008-03-07,6.66,7.08,6.61,6.88,14431139.0
2008-03-10,6.87,6.87,6.4,6.41,16630327.0
2008-03-11,6.52,6.86,6.36,6.86,17297371.0
2008-03-12,6.86,6.86,6.48,6.5,20065410.0
2008-03-13,6.42,6.59,6.31,6.49,25134267.0
2008-03-14,6.57,6.6,5.94,6.15,26154271.0
2008-03-17,5.98,6.09,5.83,6.02,17669376.0
2008-03-18,6.14,6.14,5.76,5.99,25797042.0
2008-03-19,5.91,6.05,5.8,5.8,19937469.0
2008-03-20,5.83,5.99,5.72,5.98,15725379.0
2008-03-24,6.02,6.17,5.77,5.84,23797656.0
2008-03-25,5.87,5.91,5.7,5.79,31088782.0
2008-03-26,5.73,5.75,5.43,5.5,66977768.0
2008-03-27,5.62,5.8,5.5,5.52,26314120.0
2008-03-28,5.61,5.68,5.42,5.46,25695860.0
2008-03-31,5.49,6.0,5.49,5.97,66208589.0
2008-04-01,6.11,6.27,5.77,6.0,67237952.0
2008-04-02,6.09,6.53,6.06,6.39,51223987.0
2008-04-03,6.7,6.94,6.4,6.79,70411202.0
2008-04-04,6.79,6.87,6.68,6.76,22684295.0
2008-04-07,6.82,6.87,6.61,6.69,20805999.0
2008-04-08,6.48,6.62,6.36,6.54,22169332.0
2008-04-09,6.51,6.93,6.5,6.77,19458287.0
2008-04-10,6.88,7.05,6.79,6.99,20449349.0
2008-04-11,6.85,7.06,6.8,6.9,22026586.0
2008-04-14,6.91,6.99,6.68,6.73,15663848.0
2008-04-15,6.75,6.82,6.42,6.76,20029644.0
2008-04-16,6.83,7.25,6.76,7.19,29540191.0
2008-04-17,7.15,7.23,7.05,7.21,17889615.0
2008-04-18,7.28,7.43,7.24,7.4,27331646.0
2008-04-21,7.42,7.52,7.35,7.4,15714014.0
2008-04-22,7.41,7.55,7.33,7.43,24888962.0
2008-04-23,7.48,7.78,7.4,7.59,19386610.0
2008-04-24,7.58,7.75,7.32,7.71,22527942.0
2008-04-25,7.76,7.8,7.2,7.68,25172470.0
2008-04-28,7.6,7.94,7.6,7.87,21427187.0
2008-04-29,7.92,8.06,7.84,7.86,23843310.0
2008-04-30,7.88,7.88,7.64,7.72,21632891.0
2008-05-01,7.7,8.16,7.68,8.1,17062780.0
2008-05-02,8.15,8.28,7.97,8.24,17674676.0
2008-05-05,8.17,8.42,8.12,8.27,16765265.0
2008-05-06,8.38,8.45,8.04,8.29,22791075.0
2008-05-07,8.23,8.36,8.15,8.19,18811425.0
2008-05-08,8.27,8.32,8.04,8.22,17555708.0
2008-05-09,8.16,8.49,8.13,8.37,14000903.0
2008-05-12,8.41,8.41,8.17,8.32,10954934.0
2008-05-13,8.27,8.37,8.23,8.33,25054132.0
2008-05-14,8.39,8.79,8.31,8.54,27410274.0
2008-05-15,8.62,8.9,8.47,8.84,20063489.0
2008-05-16,8.94,8.96,8.61,8.84,16670055.0
2008-05-19,8.86,8.97,8.64,8.76,19634587.0
2008-05-20,8.67,8.76,8.09,8.21,37898819.0
2008-05-21,8.39,8.55,8.26,8.36,28766846.0
2008-05-22,8.35,8.35,7.99,8.16,22897641.0
2008-05-23,8.1,8.41,8.1,8.21,18846340.0
2008-05-27,8.24,8.37,7.99,8.14,13626495.0
2008-05-28,8.21,8.35,8.19,8.27,12527663.0
2008-05-29,8.25,8.27,8.04,8.09,14436360.0
2008-05-30,8.15,8.24,7.99,8.07,16494237.0
2008-06-02,8.1,8.3,8.07,8.2,17669929.0
2008-06-03,8.24,8.34,8.02,8.16,15551710.0
2008-06-04,8.18,8.47,8.16,8.41,17987531.0
2008-06-05,8.49,8.63,8.34,8.53,21619877.0
2008-06-06,8.49,8.58,8.28,8.29,16105742.0
2008-06-09,8.27,8.3,7.87,8.02,25219206.0
2008-06-10,7.95,7.95,7.77,7.8,14628613.0
2008-06-11,7.8,7.8,7.28,7.34,23444167.0
2008-06-12,7.37,7.58,7.28,7.34,15135979.0
2008-06-13,7.34,7.66,7.33,7.66,11389441.0
2008-06-16,7.65,7.92,7.58,7.73,13248039.0
2008-06-17,7.76,7.87,7.38,7.43,14729850.0
2008-06-18,7.37,7.4,6.85,7.15,34125620.0
2008-06-19,7.1,7.48,7.09,7.44,17994406.0
2008-06-20,7.37,7.41,7.18,7.23,13100153.0
2008-06-23,7.25,7.25,6.94,7.01,16210787.0
2008-06-24,7.14,7.45,7.0,7.4,17336641.0
2008-06-25,7.34,7.64,7.34,7.53,17752120.0
2008-06-26,7.47,7.47,6.88,6.99,29316472.0
2008-06-27,6.85,6.86,6.06,6.1,39937995.0
2008-06-30,6.12,6.15,5.91,6.0,23209898.0
2008-07-01,5.92,5.97,5.54,5.79,30265172.0
2008-07-02,5.9,6.04,5.83,5.91,36232187.0
2008-07-03,5.95,6.0,5.57,5.77,15157104.0
2008-07-07,5.79,5.88,5.41,5.48,26715945.0
2008-07-08,5.48,5.56,5.35,5.52,33765481.0
2008-07-09,5.65,5.66,5.43,5.46,26548121.0
2008-07-10,5.47,5.56,5.38,5.46,23527316.0
2008-07-11,5.39,5.62,5.21,5.44,24292269.0
2008-07-14,5.5,5.5,5.14,5.28,15155320.0
2008-07-15,5.23,5.38,5.11,5.28,17888504.0
2008-07-16,5.3,5.56,5.18,5.51,17253524.0
2008-07-17,5.58,5.66,5.3,5.45,23322482.0
2008-07-18,5.42,5.75,5.36,5.7,19274575.0
2008-07-21,5.73,5.76,5.61,5.66,13675582.0
2008-07-22,5.46,5.49,5.1,5.13,35226680.0
2008-07-23,5.27,5.36,5.09,5.13,34464207.0
2008-07-24,5.13,5.16,4.87,4.91,19817121.0
2008-07-25,4.92,5.0,4.83,4.97,16040544.0
2008-07-28,4.95,4.96,4.55,4.58,20756424.0
2008-07-29,4.45,4.7,4.42,4.68,25860665.0
2008-07-30,4.74,4.8,4.6,4.75,16873578.0
2008-07-31,4.71,5.01,4.7,4.83,23520482.0
2008-08-01,4.83,4.92,4.64,4.67,12474130.0
2008-08-04,4.67,4.87,4.66,4.75,10411377.0
2008-08-05,4.91,4.94,4.64,4.73,17176566.0
2008-08-06,4.75,5.01,4.64,4.98,21883133.0
2008-08-07,4.98,5.29,4.88,5.1,28080633.0
2008-08-08,5.12,5.31,5.04,5.27,15284135.0
2008-08-11,5.15,5.44,5.15,5.39,17692021.0
2008-08-12,5.43,5.43,5.25,5.27,12200588.0
2008-08-13,5.28,5.29,5.02,5.1,15560261.0
2008-08-14,5.1,5.41,5.03,5.37,18230788.0
2008-08-15,5.4,5.44,5.32,5.39,7852525.0
2008-08-18,5.4,5.42,5.03,5.09,12515527.0
2008-08-19,5.08,5.1,4.87,4.9,9356356.0
2008-08-20,4.96,4.97,4.64,4.7,20084012.0
2008-08-21,4.7,4.74,4.59,4.68,8901571.0
2008-08-22,4.72,4.78,4.56,4.69,9821272.0
2008-08-25,4.65,4.74,4.48,4.49,16576348.0
2008-08-26,4.49,4.49,4.21,4.24,23086995.0
2008-08-27,4.28,4.3,4.21,4.26,19572388.0
2008-08-28,4.29,4.33,4.24,4.29,11268966.0
2008-08-29,4.25,4.3,4.21,4.24,9593201.0
2008-09-02,4.31,4.37,4.2,4.22,10476136.0
2008-09-03,4.22,4.34,4.19,4.32,15584928.0
2008-09-04,4.29,4.42,4.16,4.17,20512499.0
2008-09-05,4.19,4.42,4.12,4.36,20506385.0
2008-09-08,4.5,4.59,4.24,4.41,20932717.0
2008-09-09,4.39,4.64,4.34,4.41,29359051.0
2008-09-10,4.4,5.01,4.4,4.91,37664262.0
2008-09-11,4.69,5.09,4.62,4.92,25089669.0
2008-09-12,4.88,5.2,4.81,5.13,24920103.0
2008-09-15,4.91,4.91,4.33,4.34,25171075.0
2008-09-16,4.0,4.05,3.61,4.0,37335383.0
2008-09-17,4.02,4.44,3.85,3.9,32015380.0
2008-09-18,4.01,4.43,3.97,4.26,30633465.0
2008-09-19,4.63,5.0,4.5,4.84,33703387.0
2008-09-22,4.8,4.8,4.29,4.33,24001946.0
2008-09-23,4.25,4.49,4.09,4.09,28246137.0
2008-09-24,4.18,4.52,4.12,4.36,32459161.0
2008-09-25,4.34,4.91,4.28,4.67,34318624.0
2008-09-26,4.38,4.81,4.35,4.65,21651714.0
2008-09-29,4.54,4.59,4.0,4.03,22757085.0
2008-09-30,4.19,4.21,3.91,4.05,28867139.0
2008-10-01,4.09,4.58,3.97,4.3,38454098.0
2008-10-02,4.2,4.65,4.1,4.48,33024718.0
2008-10-03,4.55,5.01,4.42,4.44,24053645.0
2008-10-06,4.3,4.32,3.77,4.06,27587120.0
2008-10-07,4.18,4.48,3.81,3.91,29316993.0
2008-10-08,3.89,4.02,3.67,3.87,35740457.0
2008-10-09,3.97,4.19,3.86,3.88,30689439.0
2008-10-10,3.66,4.02,3.46,3.55,39933746.0
2008-10-13,3.95,4.25,3.89,4.21,20126031.0
2008-10-14,4.44,4.7,4.16,4.51,34531176.0
2008-10-15,4.38,4.52,4.04,4.06,31865790.0
2008-10-16,4.14,4.23,3.8,4.05,36536167.0
2008-10-17,3.98,4.39,3.86,4.12,17368507.0
2008-10-20,4.16,4.51,4.16,4.45,23147555.0
2008-10-21,4.32,4.68,4.26,4.47,23221094.0
2008-10-22,4.42,4.55,4.15,4.34,19591271.0
2008-10-23,4.25,4.34,3.75,3.92,29844693.0
2008-10-24,3.43,3.9,3.3,3.55,24207762.0
2008-10-27,3.42,3.67,3.36,3.39,15677535.0
2008-10-28,3.58,3.74,3.25,3.74,19663143.0
2008-10-29,3.7,4.2,3.61,3.88,30965164.0
2008-10-30,4.05,4.45,4.01,4.43,15430990.0
2008-10-31,4.36,4.79,4.33,4.71,20938986.0
2008-11-03,4.71,5.0,4.64,4.68,18629865.0
2008-11-04,4.81,5.07,4.75,4.98,16024157.0
2008-11-05,4.88,5.17,4.77,4.8,23096274.0
2008-11-06,4.75,4.78,4.3,4.38,15590679.0
2008-11-07,4.43,4.74,4.32,4.48,14851077.0
2008-11-10,4.5,4.54,3.91,3.99,15090261.0
2008-11-11,3.94,3.94,3.61,3.73,25013994.0
2008-11-12,3.63,3.72,3.1,3.1,21918258.0
2008-11-13,3.09,3.17,2.63,3.1,36158530.0
2008-11-14,3.06,3.13,2.63,2.75,28328681.0
2008-11-17,2.78,2.78,2.51,2.57,15280385.0
2008-11-18,2.61,2.75,2.38,2.46,21684428.0
2008-11-19,2.45,2.51,2.0,2.07,28025756.0
2008-11-20,2.04,2.04,1.59,1.69,33455135.0
2008-11-21,1.75,1.9,1.66,1.87,25536760.0
2008-11-24,1.9,2.13,1.89,2.1,23709212.0
2008-11-25,2.16,2.29,2.05,2.26,16871447.0
2008-11-26,2.29,2.57,2.21,2.39,18408843.0
2008-11-28,2.39,2.84,2.31,2.74,8800374.0
2008-12-01,2.7,2.7,2.24,2.24,12163408.0
2008-12-02,2.3,2.41,1.94,2.09,22211286.0
2008-12-03,2.03,2.05,1.89,1.99,41904207.0
2008-12-04,1.99,2.08,1.75,1.81,31921039.0
2008-12-05,1.8,2.11,1.8,2.04,29109279.0
2008-12-08,2.13,2.23,2.01,2.08,21070791.0
2008-12-09,2.1,2.37,1.99,2.2,19460310.0
2008-12-10,2.27,2.33,2.04,2.07,14340229.0
2008-12-11,2.05,2.11,1.83,1.85,39102940.0
2008-12-12,1.77,2.07,1.76,2.07,15957001.0
2008-12-15,2.08,2.09,1.85,1.9,12513914.0
2008-12-16,1.92,2.05,1.9,2.03,11971676.0
2008-12-17,1.96,2.25,1.96,2.17,19039151.0
2008-12-18,2.25,2.75,2.2,2.61,45137109.0
2008-12-19,2.7,3.0,2.7,2.99,35754923.0
2008-12-22,2.75,2.96,2.35,2.61,31682415.0
2008-12-23,2.64,2.7,2.26,2.36,18162534.0
2008-12-24,2.2,2.7,2.12,2.59,19548054.0
2008-12-26,2.72,2.74,2.54,2.59,5992242.0
2008-12-29,2.55,2.6,2.25,2.36,13097529.0
2008-12-30,2.35,2.45,2.28,2.44,12019401.0
2008-12-31,2.44,2.7,2.44,2.64,11978184.0
2009-01-02,2.65,2.9,2.63,2.84,17537160.0
2009-01-05,2.94,3.44,2.84,3.32,36162241.0
2009-01-06,3.4,3.67,3.36,3.47,30664355.0
2009-01-07,3.48,3.48,3.13,3.28,25676048.0
2009-01-08,3.2,3.44,3.2,3.41,23386606.0
2009-01-09,3.37,3.51,3.23,3.29,30677302.0
2009-01-12,3.33,3.34,3.0,3.16,21303877.0
2009-01-13,3.09,3.28,2.87,3.15,21294885.0
2009-01-14,2.87,3.05,2.87,2.93,16981444.0
2009-01-15,2.91,3.19,2.82,2.99,16682199.0
2009-01-16,3.12,3.45,3.07,3.4,25289589.0
2009-01-20,3.27,3.5,3.05,3.08,22219601.0
2009-01-21,3.2,3.49,3.06,3.44,24217265.0
2009-01-22,3.34,3.35,3.13,3.25,15329857.0
2009-01-23,3.19,3.6,3.13,3.56,31795563.0
2009-01-26,3.55,3.7,3.32,3.4,15912295.0
2009-01-27,3.45,3.56,3.38,3.49,10350484.0
2009-01-28,3.6,3.86,3.6,3.76,19046504.0
2009-01-29,3.7,3.72,3.43,3.57,17313642.0
2009-01-30,3.59,3.77,3.45,3.72,24635194.0
2009-02-02,3.76,4.0,3.5,3.6,29866973.0
2009-02-03,3.6,3.8,3.46,3.76,25730906.0
2009-02-04,3.84,4.16,3.7,3.9,26394224.0
2009-02-05,3.82,4.14,3.67,4.07,21802176.0
2009-02-06,4.08,4.25,3.96,4.08,33463343.0
2009-02-09,4.1,4.4,4.05,4.32,32067452.0
2009-02-10,4.27,4.32,3.94,4.02,36212046.0
2009-02-11,4.05,4.05,3.56,3.88,27143553.0
2009-02-12,3.84,3.98,3.69,3.94,26146255.0
2009-02-13,3.95,3.96,3.7,3.73,23726499.0
2009-02-17,3.55,3.55,3.04,3.3,27806613.0
2009-02-18,3.34,3.39,3.14,3.2,17991118.0
2009-02-19,3.3,3.45,2.97,3.0,17100628.0
2009-02-20,2.92,2.92,2.69,2.81,32417324.0
2009-02-23,2.85,2.96,2.76,2.81,20266647.0
2009-02-24,2.91,3.28,2.8,3.22,19238750.0
2009-02-25,3.2,3.3,3.06,3.22,18639216.0
2009-02-26,3.28,3.45,3.21,3.29,19056541.0
2009-02-27,3.2,3.38,3.07,3.22,8332919.0
2009-03-02,3.13,3.25,2.97,3.01,10161759.0
2009-03-03,3.06,3.25,3.06,3.09,14260283.0
2009-03-04,3.19,3.31,3.1,3.2,13858032.0
2009-03-05,3.13,3.19,3.07,3.15,10517137.0
2009-03-06,3.19,3.23,2.71,2.91,26476085.0
2009-03-09,2.87,2.92,2.55,2.58,22148884.0
2009-03-10,2.65,2.9,2.65,2.88,22972255.0
2009-03-11,2.92,3.27,2.91,3.2,22712556.0
2009-03-12,3.29,3.58,3.13,3.5,33989612.0
2009-03-13,3.53,3.65,3.5,3.64,13163499.0
2009-03-16,3.83,3.84,3.6,3.65,20524703.0
2009-03-17,3.66,3.7,3.49,3.68,16626549.0
2009-03-18,3.65,3.89,3.57,3.77,25042900.0
2009-03-19,3.71,3.83,3.61,3.67,15410523.0
2009-03-20,3.68,3.74,3.43,3.43,17207070.0
2009-03-23,3.56,3.84,3.51,3.81,16158334.0
2009-03-24,3.76,3.81,3.53,3.7,17985920.0
2009-03-25,3.75,3.96,3.55,3.71,18584054.0
2009-03-26,3.91,4.28,3.86,4.22,40557077.0
2009-03-27,4.15,4.35,4.1,4.17,20241547.0
2009-03-30,4.02,4.09,3.84,3.88,11101757.0
2009-03-31,3.94,4.18,3.94,4.06,15048453.0
2009-04-01,3.9,4.18,3.78,4.18,22221797.0
2009-04-02,4.3,4.63,4.25,4.63,28590372.0
2009-04-03,4.32,4.66,4.3,4.5,24178211.0
2009-04-06,4.41,4.57,4.25,4.52,21403619.0
2009-04-07,4.31,4.5,4.17,4.31,28314964.0
2009-04-08,4.2,4.28,4.01,4.28,48840173.0
2009-04-09,4.43,4.65,4.35,4.45,101931428.0
2009-04-13,4.36,4.44,4.2,4.39,25297314.0
2009-04-14,4.4,4.55,4.14,4.3,29261087.0
2009-04-15,4.23,4.5,4.17,4.5,28901495.0
2009-04-16,4.65,5.08,4.65,4.98,49211306.0
2009-04-17,5.08,5.1,4.81,5.0,28575619.0
2009-04-20,4.92,4.97,4.55,4.59,19547827.0
2009-04-21,4.57,4.84,4.49,4.7,24449480.0
2009-04-22,4.79,5.28,4.79,5.03,36110917.0
2009-04-23,5.13,5.2,4.8,4.92,23203983.0
2009-04-24,4.94,4.99,4.63,4.86,26185356.0
2009-04-27,4.7,4.95,4.55,4.66,22363878.0
2009-04-28,4.56,4.69,4.47,4.56,19931662.0
2009-04-29,4.67,4.94,4.62,4.84,14742712.0
2009-04-30,4.91,5.09,4.86,4.88,36763376.0
2009-05-01,4.7,4.94,4.7,4.89,13297533.0
2009-05-04,5.08,5.28,4.9,5.27,19320817.0
2009-05-05,5.24,5.45,5.12,5.44,25772989.0
2009-05-06,5.4,5.64,5.29,5.39,22527695.0
2009-05-07,5.18,5.33,4.79,4.92,25783494.0
2009-05-08,5.07,5.08,4.6,4.85,18493380.0
2009-05-11,4.57,4.79,4.52,4.66,19879003.0
2009-05-12,4.69,4.76,4.27,4.42,25242251.0
2009-05-13,4.33,4.42,4.18,4.32,19914077.0
2009-05-14,4.3,4.63,4.25,4.55,17712832.0
2009-05-15,4.55,4.65,4.24,4.24,20962280.0
2009-05-18,4.35,4.73,4.35,4.68,25027183.0
2009-05-19,4.58,4.97,4.58,4.85,21936491.0
2009-05-20,4.9,5.23,4.8,4.8,26674658.0
2009-05-21,4.75,4.76,4.42,4.58,20402199.0
2009-05-22,4.64,4.67,4.46,4.51,8135836.0
2009-05-26,4.47,4.78,4.46,4.65,12759387.0
2009-05-27,4.66,4.93,4.64,4.77,16166327.0
2009-05-28,4.89,4.92,4.54,4.86,15240816.0
2009-05-29,4.9,5.09,4.79,5.06,17539975.0
2009-06-01,5.23,5.41,5.03,5.32,20830440.0
2009-06-02,5.21,5.31,5.02,5.07,19870603.0
2009-06-03,4.93,5.25,4.9,4.97,27710663.0
2009-06-04,5.06,5.5,5.05,5.5,34312213.0
2009-06-05,5.53,5.64,5.24,5.3,17077575.0
2009-06-08,5.3,5.37,5.12,5.3,12904426.0
2009-06-09,5.36,5.65,5.3,5.58,18457050.0
2009-06-10,5.71,5.93,5.54,5.86,26441998.0
2009-06-11,5.91,5.91,5.43,5.59,25317156.0
2009-06-12,5.62,5.62,5.19,5.47,18814634.0
2009-06-15,5.42,5.43,5.19,5.32,16713210.0
2009-06-16,5.37,5.39,5.15,5.2,12111140.0
2009-06-17,5.13,5.45,5.1,5.3,17596492.0
2009-06-18,5.31,5.44,5.15,5.26,14768619.0
2009-06-19,5.35,5.5,5.27,5.33,19668299.0
2009-06-22,5.32,5.52,5.01,5.02,25984660.0
2009-06-23,5.07,5.1,4.75,4.85,25294905.0
2009-06-24,5.0,5.23,4.95,5.14,19100111.0
2009-06-25,5.13,5.36,5.04,5.3,25062574.0
2009-06-26,5.05,5.38,5.05,5.1,25999603.0
2009-06-29,5.08,5.16,5.03,5.11,12436015.0
2009-06-30,5.11,5.23,4.95,5.06,16380103.0
2009-07-01,5.13,5.25,5.08,5.18,15905385.0
2009-07-02,5.11,5.19,4.96,4.96,15700017.0
2009-07-06,5.0,5.07,4.85,4.89,14734633.0
2009-07-07,4.92,5.05,4.67,4.7,13720562.0
2009-07-08,4.7,4.83,4.55,4.72,21737944.0
2009-07-09,4.76,5.14,4.76,5.04,25404923.0
2009-07-10,5.01,5.18,4.95,5.08,17748396.0
2009-07-13,5.08,5.21,4.93,5.21,17046226.0
2009-07-14,5.2,5.35,5.16,5.32,18785627.0
2009-07-15,5.47,5.68,5.46,5.58,19369930.0
2009-07-16,5.57,5.78,5.44,5.75,18748341.0
2009-07-17,5.75,5.75,5.6,5.75,14635164.0
2009-07-20,5.76,5.92,5.66,5.89,15618065.0
2009-07-21,5.91,6.09,5.76,5.85,32389641.0
2009-07-22,5.85,6.19,5.83,6.16,27386541.0
2009-07-23,6.04,6.29,5.97,6.2,21880026.0
2009-07-24,6.15,6.28,5.95,6.27,16647715.0
2009-07-27,6.27,6.39,6.17,6.33,12308399.0
2009-07-28,6.28,6.47,6.21,6.4,17323917.0
2009-07-29,6.43,6.43,6.15,6.18,18631677.0
2009-07-30,6.34,6.38,6.15,6.16,19607916.0
2009-07-31,6.16,6.44,6.16,6.39,24461487.0
2009-08-03,6.47,6.84,6.46,6.77,25369262.0
2009-08-04,6.67,6.76,6.61,6.76,15275904.0
2009-08-05,6.77,6.89,6.65,6.74,17499889.0
2009-08-06,6.88,6.98,6.64,6.79,26835861.0
2009-08-07,6.93,6.98,6.67,6.83,16418323.0
2009-08-10,6.82,6.84,6.56,6.63,17633175.0
2009-08-11,6.8,6.88,6.65,6.8,19848178.0
2009-08-12,6.8,6.93,6.74,6.76,18725923.0
2009-08-13,6.86,7.07,6.65,7.01,28546122.0
2009-08-14,6.92,7.03,6.66,6.72,21905580.0
2009-08-17,6.45,6.67,6.39,6.57,18910920.0
2009-08-18,6.63,6.83,6.58,6.79,14723303.0
2009-08-19,6.73,6.78,6.61,6.68,18508798.0
2009-08-20,6.66,6.82,6.61,6.79,16103001.0
2009-08-21,6.83,7.16,6.76,7.14,20194046.0
2009-08-24,7.11,7.25,7.06,7.09,10652035.0
2009-08-25,7.13,7.25,6.99,7.2,16126531.0
2009-08-26,7.18,7.26,7.15,7.25,16188017.0
2009-08-27,7.28,7.28,6.9,7.2,24094454.0
2009-08-28,7.37,7.58,7.3,7.56,26349128.0
2009-08-31,7.43,7.47,7.28,7.37,11538301.0
2009-09-01,7.33,7.49,7.0,7.02,18832907.0
2009-09-02,7.04,7.16,6.96,6.99,19698993.0
2009-09-03,7.12,7.21,6.93,7.17,24841375.0
2009-09-04,7.2,7.39,7.17,7.35,15770739.0
2009-09-08,7.67,7.76,7.43,7.75,21123731.0
2009-09-09,7.65,7.84,7.54,7.8,23055388.0
2009-09-10,7.81,8.21,7.77,8.13,31126773.0
2009-09-11,8.15,8.22,7.71,7.87,29072383.0
2009-09-14,7.85,7.98,7.63,7.92,19577344.0
2009-09-15,7.99,8.18,7.76,8.15,22081239.0
2009-09-16,8.19,8.5,8.07,8.5,32823915.0
2009-09-17,8.37,8.59,8.21,8.22,28145239.0
2009-09-18,8.27,8.43,8.15,8.2,26965582.0
2009-09-21,8.07,8.44,8.02,8.33,14154122.0
2009-09-22,8.35,8.66,8.25,8.63,22049770.0
2009-09-23,8.76,8.8,8.51,8.54,21234029.0
2009-09-24,8.61,8.67,8.01,8.11,29945283.0
2009-09-25,8.03,8.31,7.9,8.1,18744013.0
2009-09-28,8.22,8.6,8.19,8.44,28150887.0
2009-09-29,8.59,8.59,8.18,8.4,42728877.0
2009-09-30,8.41,8.45,8.08,8.2,46521503.0
2009-10-01,8.14,8.16,7.47,7.51,45491992.0
2009-10-02,7.39,7.57,7.17,7.46,29244507.0
2009-10-05,7.53,8.02,7.46,7.97,34334747.0
2009-10-06,8.08,8.14,7.84,7.89,28888857.0
2009-10-07,7.96,8.25,7.83,8.22,21986441.0
2009-10-08,8.26,8.35,8.16,8.22,23987741.0
2009-10-09,8.17,8.8,8.15,8.78,27851607.0
2009-10-12,8.88,9.13,8.76,8.88,20193638.0
2009-10-13,8.77,8.88,8.58,8.66,25280696.0
2009-10-14,9.07,9.07,8.74,8.91,21573334.0
2009-10-15,8.8,8.89,8.43,8.65,25645091.0
2009-10-16,8.46,8.48,7.87,7.95,55530576.0
2009-10-19,8.04,8.13,7.95,8.05,29843533.0
2009-10-20,8.13,8.33,7.97,8.03,24048676.0
2009-10-21,8.04,8.11,7.63,7.64,42087899.0
2009-10-22,7.76,7.78,7.31,7.6,41539093.0
2009-10-23,7.8,7.85,7.4,7.45,23727680.0
2009-10-26,7.47,7.74,7.37,7.38,23192372.0
2009-10-27,7.47,7.5,7.03,7.05,23848880.0
2009-10-28,7.01,7.03,6.69,6.83,37956155.0
2009-10-29,6.95,7.28,6.9,7.25,30577376.0
2009-10-30,7.24,7.28,6.76,6.79,26214673.0
2009-11-02,6.9,6.95,6.39,6.58,28297736.0
2009-11-03,6.29,6.67,6.12,6.65,39986982.0
2009-11-04,6.8,7.07,6.7,6.73,27512739.0
2009-11-05,6.86,7.25,6.82,7.24,27340800.0
2009-11-06,7.22,7.43,7.04,7.08,18512816.0
2009-11-09,7.25,7.62,7.2,7.51,25065889.0
2009-11-10,7.57,7.7,7.28,7.4,16334077.0
2009-11-11,7.54,7.74,7.4,7.52,17684503.0
2009-11-12,7.51,7.68,7.46,7.61,17636811.0
2009-11-13,7.57,7.6,7.37,7.51,19332529.0
2009-11-16,7.54,7.78,7.54,7.64,13330496.0
2009-11-17,7.61,7.72,7.52,7.72,12501984.0
2009-11-18,7.62,7.64,7.39,7.48,26652069.0
2009-11-19,7.28,7.28,6.85,7.12,28499390.0
2009-11-20,7.05,7.31,6.94,7.26,22981714.0
2009-11-23,7.36,7.57,7.29,7.52,25303496.0
2009-11-24,7.53,7.66,7.43,7.53,21347532.0
2009-11-25,7.52,7.57,7.39,7.46,11280485.0
2009-11-27,7.13,7.46,7.05,7.3,7287570.0
2009-11-30,7.39,7.53,7.3,7.52,15458112.0
2009-12-01,7.63,7.78,7.56,7.77,15331102.0
2009-12-02,7.8,8.23,7.74,8.16,41431666.0
2009-12-03,8.1,8.84,8.07,8.37,69297439.0
2009-12-04,8.6,8.62,8.21,8.45,27533791.0
2009-12-07,8.48,8.68,8.37,8.53,16340235.0
2009-12-08,8.63,8.72,8.52,8.6,23356371.0
2009-12-09,8.58,8.69,8.5,8.59,14078099.0
2009-12-10,8.59,8.78,8.37,8.72,17202391.0
2009-12-11,8.68,8.73,8.57,8.64,10835173.0
2009-12-14,8.71,8.99,8.58,8.99,14678488.0
2009-12-15,8.92,9.0,8.73,8.81,21625016.0
2009-12-16,8.98,9.05,8.79,8.8,25443833.0
2009-12-17,8.71,8.88,8.7,8.73,11749670.0
2009-12-18,8.79,8.85,8.67,8.78,22744825.0
2009-12-21,9.0,9.31,9.0,9.31,36721348.0
2009-12-22,9.32,9.48,9.28,9.41,39550923.0
2009-12-23,9.72,10.0,9.7,9.99,60069917.0
2009-12-24,10.04,10.29,10.01,10.16,17088144.0
2009-12-28,10.27,10.45,10.02,10.04,29432267.0
2009-12-29,10.07,10.49,9.8,10.38,33331482.0
2009-12-30,10.29,10.66,10.25,10.64,20369226.0
2009-12-31,10.75,10.87,10.56,10.56,20618841.0
2010-01-04,10.82,11.04,10.78,10.85,34422272.0
2010-01-05,10.85,11.29,10.63,11.17,60664738.0
2010-01-06,11.06,11.34,10.99,11.22,32060389.0
2010-01-07,11.23,11.25,10.56,10.84,46466178.0
2010-01-08,10.74,11.17,10.62,11.1,32433362.0
2010-01-11,11.24,11.32,10.82,10.9,29135134.0
2010-01-12,10.62,10.66,10.14,10.26,46115942.0
2010-01-13,10.31,10.56,9.97,10.46,33524162.0
2010-01-14,10.47,10.95,10.43,10.73,33867948.0
2010-01-15,10.66,10.7,10.04,10.13,31003812.0
2010-01-19,10.14,10.3,10.04,10.28,18545341.0
2010-01-20,9.99,10.07,9.73,9.98,42202985.0
2010-01-21,10.03,10.24,9.76,9.85,38274420.0
2010-01-22,9.7,9.71,9.09,9.13,44448911.0
2010-01-25,9.26,9.42,9.17,9.33,23998999.0
2010-01-26,9.34,9.74,9.27,9.44,25159509.0
2010-01-27,9.49,9.74,9.35,9.72,21637369.0
2010-01-28,9.73,9.75,9.1,9.4,32249821.0
2010-01-29,9.45,9.5,8.57,8.72,42658340.0
2010-02-01,8.88,9.2,8.84,9.17,19407513.0
2010-02-02,9.28,9.5,9.25,9.35,21667694.0
2010-02-03,9.19,9.32,8.93,9.02,25368985.0
2010-02-04,9.18,9.18,8.55,8.61,26695954.0
2010-02-05,8.66,8.71,8.27,8.7,36414408.0
2010-02-08,8.8,9.05,8.59,8.91,20272931.0
2010-02-09,9.17,9.28,8.84,9.08,20847739.0
2010-02-10,8.61,8.73,8.18,8.54,70629951.0
2010-02-11,8.565,8.78,8.42,8.53,50942054.0
2010-02-12,8.4,8.74,8.32,8.44,44235276.0
2010-02-16,8.65,8.71,8.49,8.63,25229230.0
2010-02-17,8.77,8.79,8.56,8.73,18429475.0
2010-02-18,8.64,8.77,8.59,8.76,22490609.0
2010-02-19,8.82,9.14,8.66,8.9,28673297.0
2010-02-22,9.07,9.11,8.91,8.94,16124498.0
2010-02-23,8.81,8.83,8.42,8.61,28626057.0
2010-02-24,8.64,9.23,8.64,9.09,34307563.0
2010-02-25,8.89,9.09,8.72,9.07,20925347.0
2010-02-26,9.1,9.15,8.87,9.06,20385959.0
2010-03-01,9.25,9.79,9.2,9.77,39163036.0
2010-03-02,9.54,9.74,9.51,9.57,40227618.0
2010-03-03,9.56,9.7,9.39,9.45,25133772.0
2010-03-04,9.41,9.43,9.17,9.41,19760002.0
2010-03-05,9.54,9.58,9.32,9.46,15692713.0
2010-03-08,9.47,9.65,9.36,9.59,26708459.0
2010-03-09,9.5,9.6,9.34,9.41,33740299.0
2010-03-10,9.62,9.96,9.57,9.87,39335089.0
2010-03-11,9.84,9.9,9.62,9.8,20022250.0
2010-03-12,10.1,10.25,9.7,9.97,33693555.0
2010-03-15,9.88,9.94,9.6,9.73,25973361.0
2010-03-16,9.83,10.24,9.8,10.21,24373532.0
2010-03-17,10.3,10.51,10.23,10.4,26406927.0
2010-03-18,10.4,10.4,10.05,10.16,20233622.0
2010-03-19,10.22,10.27,9.95,9.95,19780231.0
2010-03-22,9.84,10.36,9.75,10.33,19351101.0
2010-03-23,10.4,10.57,10.34,10.54,22125127.0
2010-03-24,10.61,10.63,10.37,10.43,18190305.0
2010-03-25,10.66,10.79,10.35,10.38,24980132.0
2010-03-26,10.54,10.73,10.26,10.49,25900306.0
2010-03-29,10.67,10.79,10.58,10.63,22225951.0
2010-03-30,10.74,10.9,10.67,10.79,37351384.0
2010-03-31,10.7,10.75,10.36,10.37,38781476.0
2010-04-01,11.03,11.05,10.11,10.17,127588413.0
2010-04-05,10.35,10.64,10.25,10.6,52480335.0
2010-04-06,10.62,10.64,10.21,10.23,42605304.0
2010-04-07,10.24,10.65,10.13,10.56,44200041.0
2010-04-08,10.55,10.68,10.37,10.58,33101054.0
2010-04-09,10.7,10.82,10.65,10.73,24270740.0
2010-04-12,10.72,10.95,10.58,10.82,37155642.0
2010-04-13,10.8,10.85,10.63,10.76,28036433.0
2010-04-14,11.05,11.4,10.99,11.3,49938668.0
2010-04-15,11.17,11.38,11.12,11.18,29170249.0
2010-04-16,11.07,11.18,10.69,10.92,36306785.0
2010-04-19,10.81,11.0,10.48,10.79,26295456.0
2010-04-20,10.89,10.97,10.67,10.75,24288335.0
2010-04-21,10.94,11.08,10.55,10.74,38628598.0
2010-04-22,10.61,11.01,10.41,10.93,31721125.0
2010-04-23,10.93,11.01,10.75,11.0,25336407.0
2010-04-26,10.97,11.03,10.88,10.97,17544115.0
2010-04-27,10.82,10.85,10.28,10.34,32060549.0
2010-04-28,10.45,10.48,9.72,10.24,66822309.0
2010-04-29,10.37,10.41,10.05,10.21,23935809.0
2010-04-30,10.14,10.15,9.33,9.35,52942270.0
2010-05-03,9.45,9.94,9.42,9.89,49168441.0
2010-05-04,9.65,9.67,9.31,9.52,50186143.0
2010-05-05,9.29,9.49,8.98,9.26,37391026.0
2010-05-06,9.3,9.44,8.04,8.75,66628774.0
2010-05-07,8.71,8.8,8.04,8.57,64580719.0
2010-05-10,9.2,9.25,8.83,9.09,38078544.0
2010-05-11,8.88,9.07,8.72,8.82,38776609.0
2010-05-12,8.89,9.39,8.87,9.33,40606600.0
2010-05-13,9.28,9.46,9.08,9.14,32338438.0
2010-05-14,8.94,9.07,8.75,8.94,41965825.0
2010-05-17,8.94,9.21,8.78,9.17,39765537.0
2010-05-18,9.34,9.42,8.95,9.07,48382840.0
2010-05-19,8.99,9.24,8.7,8.96,29982921.0
2010-05-20,8.68,9.02,8.48,8.74,38295642.0
2010-05-21,8.41,9.03,8.37,8.93,38502759.0
2010-05-24,8.97,9.24,8.77,8.79,28883367.0
2010-05-25,8.43,8.82,8.32,8.8,33075330.0
2010-05-26,8.97,9.14,8.63,8.69,36249922.0
2010-05-27,9.0,9.46,8.95,9.44,37416735.0
2010-05-28,9.4,9.4,8.81,9.09,42979171.0
2010-06-01,8.92,9.02,8.66,8.66,41912585.0
2010-06-02,8.79,9.21,8.75,9.18,42957020.0
2010-06-03,9.27,9.46,9.06,9.24,43998491.0
2010-06-04,8.95,9.38,8.81,8.86,33059970.0
2010-06-07,8.98,8.99,8.36,8.38,35446234.0
2010-06-08,8.44,8.6,8.27,8.54,33551819.0
2010-06-09,8.66,8.9,8.47,8.53,28670475.0
2010-06-10,8.71,8.83,8.58,8.77,24133992.0
2010-06-11,8.65,8.94,8.59,8.93,23507785.0
2010-06-14,9.1,9.17,8.9,8.91,26403250.0
2010-06-15,9.06,9.75,9.03,9.68,52153648.0
2010-06-16,9.55,9.98,9.46,9.91,39003073.0
2010-06-17,10.04,10.1,9.77,9.92,28556476.0
2010-06-18,9.89,10.14,9.82,10.0,24576493.0
2010-06-21,10.24,10.29,9.86,9.92,26690740.0
2010-06-22,9.93,10.12,9.6,9.64,26929973.0
2010-06-23,9.64,9.99,9.56,9.82,28385238.0
2010-06-24,9.8,9.9,9.52,9.62,33939283.0
2010-06-25,9.72,9.75,9.37,9.46,30363297.0
2010-06-28,9.7,10.09,9.64,10.02,57250995.0
2010-06-29,9.23,9.3,8.6,8.67,88456100.0
2010-06-30,8.72,8.92,8.45,8.49,38844648.0
2010-07-01,8.54,8.54,8.01,8.38,50081959.0
2010-07-02,8.42,8.44,8.06,8.22,21530549.0
2010-07-06,8.52,8.64,8.21,8.35,39807542.0
2010-07-07,8.52,8.9,8.44,8.89,30839823.0
2010-07-08,8.98,9.0,8.53,8.69,31365050.0
2010-07-09,8.68,8.71,8.44,8.57,30611806.0
2010-07-12,8.55,8.75,8.5,8.55,27465013.0
2010-07-13,8.79,8.8,8.51,8.73,39240784.0
2010-07-14,8.83,8.88,8.55,8.75,39357604.0
2010-07-15,8.73,8.74,8.48,8.66,27455914.0
2010-07-16,8.56,8.57,8.25,8.27,25501549.0
2010-07-19,8.34,8.46,8.23,8.43,21294313.0
2010-07-20,8.2,8.48,8.13,8.45,33099961.0
2010-07-21,8.54,8.56,8.15,8.17,37625145.0
2010-07-22,8.34,8.59,8.24,8.54,34888012.0
2010-07-23,8.49,8.61,8.34,8.48,25004439.0
2010-07-26,8.48,8.51,8.34,8.51,31012914.0
2010-07-27,8.55,8.6,8.34,8.43,29278921.0
2010-07-28,8.4,8.53,8.14,8.24,30436960.0
2010-07-29,8.28,8.31,7.68,7.78,54088191.0
2010-07-30,7.58,7.6,7.26,7.28,68687803.0
2010-08-02,7.38,7.75,7.3,7.65,40159954.0
2010-08-03,7.6,7.61,7.43,7.47,24109557.0
2010-08-04,7.54,7.68,7.41,7.64,25854575.0
2010-08-05,7.59,7.8,6.82,7.7,19310854.0
2010-08-06,7.6,7.7,7.41,7.58,26048760.0
2010-08-09,7.65,7.7,7.45,7.54,19873023.0
2010-08-10,7.35,7.35,7.13,7.27,31018682.0
2010-08-11,7.06,7.25,7.0,7.15,41288157.0
2010-08-12,6.97,7.4,6.89,7.37,39794296.0
2010-08-13,7.3,7.58,7.28,7.28,24142072.0
2010-08-16,7.25,7.35,7.15,7.18,21124196.0
2010-08-17,7.31,7.48,7.23,7.31,19181148.0
2010-08-18,7.31,7.47,7.25,7.45,16292034.0
2010-08-19,7.36,7.44,7.12,7.18,28781713.0
2010-08-20,7.15,7.26,7.04,7.12,22306400.0
2010-08-23,7.18,7.45,7.18,7.38,28042544.0
2010-08-24,7.21,7.3,7.05,7.06,25202557.0
2010-08-25,7.03,7.16,6.92,7.1,23354526.0
2010-08-26,7.18,7.23,6.77,6.78,30010979.0
2010-08-27,6.91,6.93,6.4,6.83,42461064.0
2010-08-30,6.89,6.9,6.52,6.54,32212014.0
2010-08-31,6.46,6.6,6.36,6.46,36318435.0
2010-09-01,6.63,6.78,6.55,6.73,31488091.0
2010-09-02,6.74,6.86,6.7,6.83,22911280.0
2010-09-03,7.0,7.09,6.82,7.05,22902025.0
2010-09-07,6.99,7.04,6.71,6.75,27020617.0
2010-09-08,6.76,6.8,6.52,6.6,27986323.0
2010-09-09,6.74,6.87,6.68,6.8,27505312.0
2010-09-10,6.8,6.8,6.5,6.51,32895216.0
2010-09-13,6.65,7.12,6.65,7.05,45834161.0
2010-09-14,7.05,7.38,6.95,7.27,48975494.0
2010-09-15,7.01,7.04,6.85,6.94,59837039.0
2010-09-16,6.97,7.11,6.92,7.1,24646590.0
2010-09-17,7.12,7.15,6.72,6.76,57861118.0
2010-09-20,6.8,6.98,6.76,6.94,32805464.0
2010-09-21,6.94,7.05,6.85,6.88,31333643.0
2010-09-22,6.87,6.88,6.67,6.72,30385884.0
2010-09-23,6.61,6.9,6.59,6.67,29980242.0
2010-09-24,6.87,7.22,6.86,7.2,44573592.0
2010-09-27,7.17,7.2,7.01,7.03,30161989.0
2010-09-28,7.11,7.2,7.01,7.15,26827419.0
2010-09-29,7.17,7.55,7.14,7.29,42029606.0
2010-09-30,7.4,7.49,7.12,7.21,32577820.0
2010-10-01,7.28,7.34,7.19,7.29,26812802.0
2010-10-04,7.27,7.27,6.97,6.99,35870523.0
2010-10-05,7.12,7.15,6.92,6.93,60484302.0
2010-10-06,6.95,6.96,6.76,6.95,33564783.0
2010-10-07,7.02,7.11,6.95,7.11,44164478.0
2010-10-08,7.2,7.64,7.2,7.59,86693589.0
2010-10-11,7.65,7.9,7.56,7.67,47504517.0
2010-10-12,7.63,7.87,7.58,7.75,37610209.0
2010-10-13,7.89,7.9,7.65,7.65,43288241.0
2010-10-14,7.66,7.74,7.5,7.59,25761672.0
2010-10-15,7.71,7.71,7.5,7.61,23827781.0
2010-10-18,7.63,7.64,7.5,7.54,16680144.0
2010-10-19,7.42,7.53,7.27,7.3,28617621.0
2010-10-20,7.35,7.76,7.34,7.69,39759663.0
2010-10-21,7.72,7.75,7.5,7.5,20138558.0
2010-10-22,7.57,7.71,7.51,7.69,15425678.0
2010-10-25,7.77,7.88,7.7,7.81,16774717.0
2010-10-26,7.79,7.8,7.62,7.72,16054124.0
2010-10-27,7.67,7.98,7.66,7.97,22076064.0
2010-10-28,7.99,8.01,7.78,7.94,20023659.0
2010-10-29,8.21,8.27,8.12,8.26,86548487.0
2010-11-01,8.29,8.3,8.05,8.14,32572914.0
2010-11-02,8.2,8.22,8.05,8.11,19620392.0
2010-11-03,8.13,8.14,7.93,8.09,25030741.0
2010-11-04,8.45,8.68,8.45,8.56,44746472.0
2010-11-05,8.54,8.78,8.47,8.65,24732698.0
2010-11-08,8.62,8.64,8.22,8.24,47036948.0
2010-11-09,8.31,8.32,7.83,7.9,48956041.0
2010-11-10,7.94,7.99,7.75,7.87,40784719.0
2010-11-11,7.77,7.89,7.7,7.85,33284944.0
2010-11-12,7.79,7.86,7.46,7.72,38613864.0
2010-11-15,7.65,7.66,7.42,7.42,35164867.0
2010-11-16,7.35,7.41,7.13,7.22,37492217.0
2010-11-17,7.26,7.32,7.09,7.1,29866872.0
2010-11-18,7.27,7.33,7.19,7.29,31839847.0
2010-11-19,7.27,7.54,7.26,7.39,31304739.0
2010-11-22,7.45,7.5,7.23,7.32,22884245.0
2010-11-23,7.2,7.52,7.18,7.42,36899780.0
2010-11-24,7.5,7.85,7.47,7.75,54446112.0
2010-11-26,7.65,7.68,7.55,7.63,10181458.0
2010-11-29,7.57,7.63,7.48,7.57,18393622.0
2010-11-30,7.47,7.5,7.23,7.27,29109941.0
2010-12-01,7.44,7.53,7.32,7.39,28868307.0
2010-12-02,7.43,7.91,7.42,7.91,47365276.0
2010-12-03,7.8,7.98,7.74,7.92,29774254.0
2010-12-06,7.9,8.04,7.8,7.96,26412667.0
2010-12-07,8.12,8.29,7.88,7.92,36451219.0
2010-12-08,7.89,7.95,7.72,7.94,26081821.0
2010-12-09,8.29,8.33,8.1,8.19,30062418.0
2010-12-10,8.2,8.32,8.07,8.25,31092749.0
2010-12-13,8.36,8.38,8.14,8.14,28082669.0
2010-12-14,8.17,8.19,8.0,8.06,25962662.0
2010-12-15,8.03,8.11,7.88,7.92,20301376.0
2010-12-16,7.95,8.1,7.88,8.05,19343305.0
2010-12-17,8.07,8.22,8.0,8.21,42521887.0
2010-12-20,8.28,8.37,8.1,8.12,24265734.0
2010-12-21,8.2,8.29,8.09,8.14,30135513.0
2010-12-22,8.17,8.3,8.09,8.28,43106101.0
2010-12-23,8.07,8.1,7.91,7.94,35764845.0
2010-12-27,7.86,7.9,7.75,7.81,15095542.0
2010-12-28,7.82,7.85,7.65,7.76,15171665.0
2010-12-29,7.77,7.82,7.65,7.75,13886936.0
2010-12-30,7.71,7.92,7.68,7.9,13044215.0
2010-12-31,7.91,8.04,7.84,8.02,15599759.0
2011-01-03,8.16,8.48,8.14,8.28,43346732.0
2011-01-04,8.37,8.58,8.36,8.44,44646546.0
2011-01-05,8.42,8.78,8.4,8.54,38757356.0
2011-01-06,8.66,8.7,8.55,8.58,25283483.0
2011-01-07,8.51,8.7,8.45,8.64,24520873.0
2011-01-10,8.68,8.68,8.39,8.55,30498989.0
2011-01-11,8.61,8.73,8.48,8.72,27511352.0
2011-01-12,8.86,9.49,8.84,9.34,92085748.0
2011-01-13,9.77,9.87,9.58,9.63,75461014.0
2011-01-14,9.74,9.86,9.65,9.71,40679436.0
2011-01-18,9.74,9.91,9.59,9.66,28232129.0
2011-01-19,9.64,9.68,9.22,9.37,43365335.0
2011-01-20,9.46,9.66,9.27,9.6,31235608.0
2011-01-21,9.98,10.0,9.73,9.84,56867597.0
2011-01-24,9.83,10.08,9.62,10.05,65245807.0
2011-01-25,10.08,10.22,9.89,9.97,51956994.0
2011-01-26,10.02,10.1,9.9,9.95,38736102.0
2011-01-27,10.36,10.65,10.33,10.59,82721935.0
2011-01-28,10.76,10.77,10.16,10.37,51669188.0
2011-01-31,10.49,10.63,10.25,10.54,34394908.0
2011-02-01,10.67,10.9,10.65,10.81,40680228.0
2011-02-02,10.72,11.0,10.68,10.89,28363394.0
2011-02-03,10.99,11.02,10.74,10.9,24584110.0
2011-02-04,10.9,11.1,10.81,11.05,28157412.0
2011-02-07,11.16,11.43,11.15,11.29,51404612.0
2011-02-08,11.34,11.46,11.02,11.44,39783917.0
2011-02-09,11.47,11.6,11.18,11.26,49451392.0
2011-02-10,11.06,11.38,11.02,11.31,36651039.0
2011-02-11,11.22,11.5,11.14,11.32,53461067.0
2011-02-14,11.53,11.95,11.51,11.65,66909283.0
2011-02-15,11.68,11.82,11.51,11.67,37154432.0
2011-02-16,11.81,11.82,11.55,11.63,32016037.0
2011-02-17,11.58,11.87,11.55,11.8,25476269.0
2011-02-18,11.87,11.89,11.65,11.7,23579933.0
2011-02-22,11.44,11.45,10.85,10.92,55901813.0
2011-02-23,10.83,10.88,10.27,10.55,59318122.0
2011-02-24,10.6,10.95,10.45,10.91,49024218.0
2011-02-25,11.13,11.45,11.11,11.44,39358296.0
2011-02-28,11.6,11.66,10.92,11.13,47717792.0
2011-03-01,11.22,11.3,10.94,10.96,28853380.0
2011-03-02,10.98,11.28,10.96,11.09,40712175.0
2011-03-03,11.27,11.63,11.26,11.57,35260422.0
2011-03-04,11.62,11.67,11.39,11.64,32879210.0
2011-03-07,11.67,11.67,10.85,11.03,52679765.0
2011-03-08,10.98,11.1,10.81,10.89,33531339.0
2011-03-09,10.83,10.84,10.3,10.32,57899738.0
2011-03-10,10.06,10.14,9.65,9.93,69384014.0
2011-03-11,9.91,10.29,9.9,10.24,46216649.0
2011-03-14,10.66,10.85,10.34,10.36,51206522.0
2011-03-15,10.0,10.54,9.85,10.43,56312514.0
2011-03-16,10.34,10.6,10.0,10.06,56638004.0
2011-03-17,10.25,10.37,10.14,10.21,27585638.0
2011-03-18,10.38,10.41,10.02,10.07,33230681.0
2011-03-21,10.28,10.43,10.18,10.36,27828688.0
2011-03-22,10.25,10.37,10.16,10.35,35925766.0
2011-03-23,10.35,10.7,10.19,10.61,52513934.0
2011-03-24,11.32,11.55,11.19,11.5,100897004.0
2011-03-25,11.51,11.7,11.41,11.55,34155538.0
2011-03-28,11.63,11.82,11.51,11.55,33898518.0
2011-03-29,11.53,11.8,11.46,11.76,31040704.0
2011-03-30,11.89,11.89,11.54,11.58,33730912.0
2011-03-31,11.57,11.68,11.39,11.47,31676269.0
2011-04-01,11.53,11.62,11.22,11.3,38966215.0
2011-04-04,11.3,11.33,11.07,11.19,22508265.0
2011-04-05,11.29,11.35,10.95,11.02,41141309.0
2011-04-06,11.07,11.26,11.01,11.24,24136816.0
2011-04-07,11.23,11.3,11.0,11.14,28556991.0
2011-04-08,11.18,11.28,10.98,11.07,25275806.0
2011-04-11,11.09,11.13,10.69,10.74,28721959.0
2011-04-12,10.56,10.59,10.3,10.53,45077965.0
2011-04-13,10.63,10.76,10.48,10.62,31191884.0
2011-04-14,10.46,10.67,10.36,10.65,25878088.0
2011-04-15,10.6,10.8,10.5,10.75,25571909.0
2011-04-18,10.55,10.61,10.26,10.42,23117603.0
2011-04-19,10.44,10.58,10.32,10.52,20529589.0
2011-04-20,10.89,11.4,10.89,11.39,52613647.0
2011-04-21,11.47,11.72,11.24,11.52,43506086.0
2011-04-25,11.47,11.49,11.25,11.33,20449182.0
2011-04-26,11.36,11.65,11.31,11.61,27370100.0
2011-04-27,11.6,11.83,11.57,11.8,29752704.0
2011-04-28,11.7,11.77,11.27,11.48,37394176.0
2011-04-29,11.45,11.45,11.15,11.32,36678769.0
2011-05-02,11.41,11.41,11.15,11.24,21588974.0
2011-05-03,11.19,11.23,10.8,10.9,36970851.0
2011-05-04,10.86,10.98,10.6,10.74,29578692.0
2011-05-05,10.66,11.07,10.6,10.91,35313013.0
2011-05-06,11.1,11.13,10.87,10.87,22667891.0
2011-05-09,10.82,10.86,10.25,10.46,49676992.0
2011-05-10,10.5,10.71,10.38,10.63,24397214.0
2011-05-11,10.69,10.93,10.38,10.41,40697283.0
2011-05-12,10.39,10.72,10.23,10.66,30720186.0
2011-05-13,10.66,10.67,10.36,10.4,30547429.0
2011-05-16,10.38,10.87,10.32,10.55,38663155.0
2011-05-17,10.42,10.49,9.79,9.94,74904709.0
2011-05-18,10.01,10.1,9.79,10.06,37498639.0
2011-05-19,10.13,10.21,9.95,10.17,34773347.0
2011-05-20,10.1,10.17,9.93,10.0,21765844.0
2011-05-23,9.81,9.83,9.57,9.71,27620971.0
2011-05-24,9.83,9.84,9.6,9.62,23195206.0
2011-05-25,9.57,9.64,9.43,9.61,36418146.0
2011-05-26,9.59,9.83,9.49,9.79,36012341.0
2011-05-27,9.83,10.05,9.8,10.02,25521181.0
2011-05-31,10.14,10.23,10.04,10.2,27196254.0
2011-06-01,10.03,10.03,9.52,9.55,53891743.0
2011-06-02,9.65,9.66,9.34,9.41,45822036.0
2011-06-03,9.25,9.38,9.15,9.16,32048618.0
2011-06-06,9.17,9.43,9.02,9.04,49134604.0
2011-06-07,9.13,9.14,8.91,8.98,42494362.0
2011-06-08,8.85,8.87,8.49,8.5,56115015.0
2011-06-09,8.54,8.65,8.32,8.49,41177113.0
2011-06-10,8.61,8.65,8.38,8.44,46217222.0
2011-06-13,8.45,8.59,8.28,8.29,34700662.0
2011-06-14,8.4,8.56,8.2,8.4,35940799.0
2011-06-15,8.33,8.36,8.05,8.07,44050437.0
2011-06-16,8.12,8.13,7.81,7.87,54514705.0
2011-06-17,8.01,8.01,7.64,7.83,43164863.0
2011-06-20,7.83,8.11,7.81,7.91,32937151.0
2011-06-21,8.0,8.18,7.85,8.14,35256747.0
2011-06-22,8.15,8.32,8.1,8.17,29105013.0
2011-06-23,8.05,8.45,7.94,8.43,56026321.0
2011-06-24,7.72,7.77,7.2,7.21,117825042.0
2011-06-27,7.25,7.41,7.2,7.34,34490421.0
2011-06-28,7.35,7.38,7.26,7.35,28891970.0
2011-06-29,7.37,7.59,7.31,7.47,38051511.0
2011-06-30,7.55,7.61,7.44,7.48,37979846.0
2011-07-01,7.46,7.85,7.37,7.83,30641354.0
2011-07-05,7.89,7.99,7.69,7.78,32214531.0
2011-07-06,7.73,7.74,7.48,7.56,24560606.0
2011-07-07,7.63,7.89,7.61,7.82,23410929.0
2011-07-08,7.69,7.79,7.61,7.68,20459637.0
2011-07-11,7.57,7.7,7.45,7.49,22313003.0
2011-07-12,7.39,7.45,7.21,7.31,28775494.0
2011-07-13,7.4,7.76,7.37,7.49,30417644.0
2011-07-14,7.52,7.59,7.23,7.29,31782315.0
2011-07-15,7.34,7.45,7.26,7.41,23627913.0
2011-07-18,7.36,7.55,7.13,7.23,25884198.0
2011-07-19,7.28,7.53,7.28,7.52,29174303.0
2011-07-20,7.53,7.6,7.4,7.6,29432898.0
2011-07-21,7.69,7.75,7.49,7.64,82190609.0
2011-07-22,7.71,8.2,7.69,8.09,47025708.0
2011-07-25,7.9,7.96,7.76,7.89,25088802.0
2011-07-26,7.85,7.99,7.8,7.86,21593528.0
2011-07-27,7.76,7.8,7.38,7.43,45404714.0
2011-07-28,7.48,7.56,7.31,7.42,31676796.0
2011-07-29,7.3,7.53,7.22,7.37,44893088.0
2011-08-01,7.57,7.59,7.2,7.41,38053842.0
2011-08-02,7.32,7.38,7.02,7.04,35879338.0
2011-08-03,7.07,7.12,6.69,6.99,53044639.0
2011-08-04,6.82,6.86,6.37,6.4,50724651.0
2011-08-05,6.52,6.75,6.09,6.31,55679183.0
2011-08-08,6.0,6.19,5.65,5.71,55282925.0
2011-08-09,5.96,6.2,5.76,6.19,44655622.0
2011-08-10,5.96,6.04,5.71,5.72,57549776.0
2011-08-11,5.78,6.5,5.78,6.37,57394422.0
2011-08-12,6.43,6.54,6.16,6.18,29283480.0
2011-08-15,6.27,6.48,6.18,6.48,23311096.0
2011-08-16,6.39,6.47,6.19,6.29,20074810.0
2011-08-17,6.29,6.41,6.07,6.11,29678833.0
2011-08-18,5.87,5.89,5.6,5.64,45547209.0
2011-08-19,5.5,5.66,5.2,5.25,49901270.0
2011-08-22,5.41,5.52,5.22,5.26,35009980.0
2011-08-23,5.32,5.66,5.27,5.66,33811761.0
2011-08-24,5.63,5.66,5.18,5.3,64872290.0
2011-08-25,5.32,5.54,5.31,5.38,31593744.0
2011-08-26,5.43,5.84,5.38,5.66,48604763.0
2011-08-29,5.96,6.16,5.91,6.14,30876317.0
2011-08-30,6.02,6.09,5.85,5.95,34539291.0
2011-08-31,6.07,6.12,5.83,5.91,33302636.0
2011-09-01,5.94,6.06,5.74,5.74,25651073.0
2011-09-02,5.6,5.62,5.45,5.5,22735396.0
2011-09-06,5.28,5.7,5.28,5.67,24119318.0
2011-09-07,5.82,6.07,5.82,6.06,32669177.0
2011-09-08,6.03,6.63,6.0,6.25,63007481.0
2011-09-09,6.19,6.71,6.19,6.35,54169578.0
2011-09-12,6.3,6.71,6.28,6.68,46726633.0
2011-09-13,6.88,6.95,6.76,6.86,51209084.0
2011-09-14,6.95,7.35,6.93,7.2,68478084.0
2011-09-15,7.35,7.42,6.9,7.04,60711445.0
2011-09-16,7.09,7.16,6.94,7.03,68703205.0
2011-09-19,6.95,7.24,6.8,6.88,57270290.0
2011-09-20,6.92,7.09,6.84,6.85,32775723.0
2011-09-21,6.88,6.94,6.6,6.61,48816548.0
2011-09-22,6.31,6.49,6.22,6.43,46338228.0
2011-09-23,6.4,6.77,6.3,6.65,34166886.0
2011-09-26,6.68,6.69,6.37,6.58,31676833.0
2011-09-27,6.68,6.74,6.41,6.46,32081014.0
2011-09-28,6.5,6.5,6.1,6.12,34899672.0
2011-09-29,6.13,6.2,5.61,5.87,50176731.0
2011-09-30,5.42,5.5,5.01,5.04,63531575.0
2011-10-03,4.96,5.03,4.32,4.33,56814361.0
2011-10-04,4.2,4.52,3.97,4.52,57671755.0
2011-10-05,4.5,4.98,4.36,4.95,53147368.0
2011-10-06,4.95,5.0,4.77,4.96,35914239.0
2011-10-07,4.98,5.03,4.84,4.95,29683116.0
2011-10-10,5.21,5.28,5.09,5.16,26963768.0
2011-10-11,5.16,5.29,5.12,5.2,23829034.0
2011-10-12,5.28,5.3,5.18,5.2,25596024.0
2011-10-13,5.11,5.58,5.1,5.52,37580678.0
2011-10-14,5.59,5.7,5.44,5.7,31321467.0
2011-10-17,5.64,5.68,5.41,5.43,29639431.0
2011-10-18,5.49,5.8,5.4,5.77,31427277.0
2011-10-19,5.74,5.84,5.51,5.53,27548699.0
2011-10-20,5.52,5.64,5.37,5.59,23439849.0
2011-10-21,5.67,5.85,5.4,5.46,39303493.0
2011-10-24,5.45,5.68,5.45,5.66,34548782.0
2011-10-25,5.61,5.64,5.48,5.49,26535394.0
2011-10-26,5.53,5.61,5.21,5.46,50102757.0
2011-10-27,5.7,5.76,5.49,5.7,53865349.0
2011-10-28,5.68,5.9,5.65,5.88,21812588.0
2011-10-31,5.76,5.79,5.57,5.59,23705790.0
2011-11-01,5.36,5.46,5.29,5.29,30226459.0
2011-11-02,5.4,5.53,5.34,5.43,22591311.0
2011-11-03,5.53,5.87,5.36,5.84,32498136.0
2011-11-04,5.67,5.95,5.58,5.89,20811140.0
2011-11-07,5.81,5.91,5.69,5.85,24824611.0
2011-11-08,5.89,5.96,5.75,5.91,23165126.0
2011-11-09,5.72,5.72,5.33,5.35,36735380.0
2011-11-10,5.5,5.55,5.06,5.18,53084737.0
2011-11-11,5.26,5.44,5.26,5.43,19288959.0
2011-11-14,5.4,5.43,5.22,5.35,22945243.0
2011-11-15,5.31,5.71,5.25,5.46,41898660.0
2011-11-16,5.45,6.84,5.45,6.74,72164598.0
2011-11-17,6.91,7.0,6.28,6.33,96098094.0
2011-11-18,6.36,6.53,6.15,6.29,43618282.0
2011-11-21,6.08,6.16,5.86,6.09,41399127.0
2011-11-22,6.06,6.36,6.01,6.1,38111805.0
2011-11-23,6.03,6.04,5.67,5.71,39723985.0
2011-11-25,5.66,5.86,5.46,5.5,18263673.0
2011-11-28,5.75,5.86,5.55,5.62,22273503.0
2011-11-29,5.63,5.75,5.56,5.64,20816159.0
2011-11-30,5.86,6.02,5.77,5.99,19713401.0
2011-12-01,5.96,5.98,5.75,5.89,22140000.0
2011-12-02,5.99,6.01,5.68,5.8,27340563.0
2011-12-05,5.87,5.89,5.68,5.73,26033619.0
2011-12-06,5.75,5.77,5.5,5.65,31715846.0
2011-12-07,5.62,6.08,5.56,6.06,31518348.0
2011-12-08,5.96,6.1,5.78,5.82,32615764.0
2011-12-09,5.84,5.99,5.79,5.89,23986501.0
2011-12-12,5.72,5.84,5.63,5.82,19997750.0
2011-12-13,5.8,5.95,5.57,5.61,20515000.0
2011-12-14,5.64,5.73,5.31,5.45,36992703.0
2011-12-15,5.53,5.58,5.48,5.55,17194604.0
2011-12-16,5.59,5.7,5.51,5.68,23098256.0
2011-12-19,5.7,5.74,5.44,5.45,31610754.0
2011-12-20,5.59,5.82,5.58,5.79,19291916.0
2011-12-21,5.89,5.9,5.52,5.54,26623080.0
2011-12-22,5.71,6.55,5.69,6.41,67720560.0
2011-12-23,6.49,6.54,6.25,6.395,23493423.0
2011-12-27,6.35,6.4,6.2,6.25,13532785.0
2011-12-28,6.26,6.33,6.06,6.17,19365586.0
2011-12-29,6.18,6.3,6.14,6.27,13904156.0
2011-12-30,6.26,6.37,6.25,6.29,15259557.0
2012-01-03,6.64,6.96,6.59,6.75,42035212.0
2012-01-04,6.7,7.05,6.6,6.99,43038409.0
2012-01-05,6.96,7.33,6.9,7.16,53472896.0
2012-01-06,7.17,7.32,7.05,7.2,33007885.0
2012-01-09,7.23,7.34,7.12,7.29,28692249.0
2012-01-10,7.4,7.44,7.21,7.25,26674521.0
2012-01-11,7.27,7.29,7.1424,7.22,20210453.0
2012-01-12,7.22,7.32,7.12,7.27,30028444.0
2012-01-13,7.22,7.29,7.09,7.23,29225297.0
2012-01-17,7.3,7.38,7.14,7.16,30684022.0
2012-01-18,7.25,7.75,7.21,7.65,48913912.0
2012-01-19,7.7299,7.94,7.68,7.88,43925377.0
2012-01-20,7.83,7.98,7.68,7.76,38682578.0
2012-01-23,7.79,8.06,7.77,7.87,33185407.0
2012-01-24,7.85,7.97,7.76,7.95,29255365.0
2012-01-25,8.0,8.04,7.79,7.86,30956470.0
2012-01-26,7.77,7.8,7.45,7.55,42244042.0
2012-01-27,7.47,7.62,7.34,7.43,29121826.0
2012-01-30,7.34,7.59,7.29,7.56,21766472.0
2012-01-31,7.6,7.68,7.52,7.59,21798871.0
2012-02-01,7.74,7.84,7.6,7.7,26899344.0
2012-02-02,7.73,7.81,7.68,7.72,20661784.0
2012-02-03,7.88,7.97,7.74,7.95,15179456.0
2012-02-06,7.7,7.88,7.68,7.72,32643951.0
2012-02-07,7.73,7.92,7.7,7.88,20246358.0
2012-02-08,7.94,8.23,7.89,8.16,42118899.0
2012-02-09,8.19,8.2,7.99,8.16,27442915.0
2012-02-10,8.09,8.11,7.8,7.91,26191934.0
2012-02-13,8.02,8.02,7.7,7.85,24807264.0
2012-02-14,7.92,8.36,7.92,8.34,41153950.0
2012-02-15,8.4,8.55,8.27,8.28,33451118.0
2012-02-16,8.38,8.5,8.3,8.46,18755117.0
2012-02-17,8.44,8.58,8.34,8.43,18920554.0
2012-02-21,8.43,8.46,8.16,8.21,18769017.0
2012-02-22,8.21,8.24,8.01,8.04,19382392.0
2012-02-23,8.03,8.03,7.74,7.82,31625489.0
2012-02-24,7.9,8.07,7.85,7.95,17296506.0
2012-02-27,8.35,8.79,8.31,8.56,59879290.0
2012-02-28,8.8,9.16,8.77,8.88,71863716.0
2012-02-29,9.07,9.1,8.51,8.55,48164627.0
2012-03-01,8.59,8.84,8.53,8.71,33729672.0
2012-03-02,8.74,8.91,8.61,8.64,24787169.0
2012-03-05,8.56,8.59,8.17,8.2,30170301.0
2012-03-06,7.965,8.04,7.78,8.0,37494886.0
2012-03-07,8.04,8.25,7.84,8.09,32057030.0
2012-03-08,8.13,8.24,8.01,8.16,18795338.0
2012-03-09,8.16,8.36,8.12,8.33,25551145.0
2012-03-12,8.26,8.3,8.01,8.08,19893455.0
2012-03-13,8.24,8.5,8.2,8.49,31189738.0
2012-03-14,8.68,8.85,8.52,8.58,34004754.0
2012-03-15,8.63,8.88,8.46,8.83,34668015.0
2012-03-16,8.87,8.89,8.67,8.82,33081013.0
2012-03-19,8.76,8.8,8.61,8.63,26237216.0
2012-03-20,8.58,8.63,8.45,8.57,18186282.0
2012-03-21,8.74,8.98,8.71,8.74,30788481.0
2012-03-22,8.73,8.77,8.48,8.71,33388587.0
2012-03-23,8.49,8.61,8.25,8.4,47816159.0
2012-03-26,8.41,8.44,8.11,8.25,35598814.0
2012-03-27,8.33,8.65,8.31,8.57,39448616.0
2012-03-28,8.51,8.75,8.45,8.64,35131565.0
2012-03-29,8.61,8.76,8.41,8.42,45882765.0
2012-03-30,8.53,8.54,8.08,8.1,50946878.0
2012-04-02,8.17,8.25,7.96,8.1,27368427.0
2012-04-03,8.03,8.09,7.92,7.99,26508296.0
2012-04-04,7.75,7.8,7.45,7.66,52001133.0
2012-04-05,7.65,7.78,7.58,7.59,19769903.0
2012-04-09,7.44,7.47,7.33,7.35,17385403.0
2012-04-10,7.32,7.42,7.03,7.15,23149472.0
2012-04-11,7.23,7.43,7.15,7.17,22615419.0
2012-04-12,7.28,7.55,7.11,7.14,57618686.0
2012-04-13,7.07,7.1,6.93,6.96,97315659.0
2012-04-16,7.05,7.2,6.95,7.12,56312836.0
2012-04-17,7.15,7.33,7.09,7.24,40078776.0
2012-04-18,7.16,7.23,7.04,7.07,28851425.0
2012-04-19,7.07,7.31,6.96,7.0,31230562.0
2012-04-20,6.8,6.84,6.64,6.64,50175771.0
2012-04-23,6.55,6.75,6.46,6.63,35940862.0
2012-04-24,6.66,6.74,6.5,6.51,28535116.0
2012-04-25,6.64,6.69,6.4,6.52,31169960.0
2012-04-26,6.5,6.67,6.5,6.6,24063413.0
2012-04-27,6.65,6.68,6.49,6.57,23210101.0
2012-04-30,6.57,6.68,6.51,6.59,19132548.0
2012-05-01,6.57,6.83,6.52,6.68,29566320.0
2012-05-02,6.65,6.87,6.65,6.82,28172078.0
2012-05-03,6.91,6.97,6.42,6.47,34534445.0
2012-05-04,6.65,6.89,6.55,6.55,34522968.0
2012-05-07,6.6,6.75,6.4,6.5,36598887.0
2012-05-08,6.43,6.43,6.09,6.24,35849466.0
2012-05-09,6.13,6.44,6.04,6.36,36707859.0
2012-05-10,6.45,6.47,6.21,6.29,25417309.0
2012-05-11,6.24,6.41,6.22,6.36,18443144.0
2012-05-14,6.2,6.27,6.1,6.21,30454277.0
2012-05-15,6.17,6.18,5.96,6.02,44150649.0
2012-05-16,6.11,6.53,6.02,6.15,54057248.0
2012-05-17,6.16,6.25,5.91,5.95,32696016.0
2012-05-18,5.99,6.01,5.59,5.63,33623224.0
2012-05-21,5.65,5.81,5.63,5.78,27206674.0
2012-05-22,5.81,5.84,5.63,5.71,25413139.0
2012-05-23,5.63,5.8,5.59,5.75,25617374.0
2012-05-24,5.75,5.83,5.67,5.74,22190301.0
2012-05-25,5.76,6.01,5.75,5.96,21178040.0
2012-05-29,6.03,6.15,6.02,6.12,20991669.0
2012-05-30,6.04,6.05,5.89,5.99,25221496.0
2012-05-31,5.99,5.99,5.74,5.84,30717858.0
2012-06-01,5.7,5.75,5.4,5.45,30332685.0
2012-06-04,5.47,5.56,5.3,5.39,18704754.0
2012-06-05,5.41,5.65,5.39,5.59,31262384.0
2012-06-06,5.67,5.81,5.64,5.75,35083977.0
2012-06-07,5.87,5.89,5.64,5.67,33187471.0
2012-06-08,5.65,5.9,5.64,5.88,19022263.0
2012-06-11,5.97,6.04,5.7,5.71,21462002.0
2012-06-12,5.72,5.94,5.72,5.92,21282795.0
2012-06-13,5.91,5.99,5.81,5.855,31204962.0
2012-06-14,5.85,5.89,5.65,5.75,32601869.0
2012-06-15,5.77,5.9,5.69,5.89,27554181.0
2012-06-18,5.81,6.0,5.81,5.94,19384839.0
2012-06-19,6.02,6.15,5.98,6.1,22652765.0
2012-06-20,6.12,6.2,6.0,6.12,30272075.0
2012-06-21,5.92,5.97,5.61,5.64,51272135.0
2012-06-22,5.68,5.75,5.53,5.74,33486432.0
2012-06-25,5.66,5.73,5.55,5.59,19796889.0
2012-06-26,5.61,5.69,5.52,5.63,17689170.0
2012-06-27,5.63,5.74,5.56,5.72,13836913.0
2012-06-28,5.63,5.98,5.6,5.97,34680250.0
2012-06-29,6.1,6.32,6.07,6.31,32254344.0
2012-07-02,6.73,6.82,6.45,6.55,51149511.0
2012-07-03,6.58,6.93,6.57,6.89,46400507.0
2012-07-05,6.83,6.91,6.66,6.81,21914472.0
2012-07-06,6.71,6.75,6.55,6.71,22705068.0
2012-07-09,6.71,6.82,6.42,6.49,19842072.0
2012-07-10,6.43,6.48,6.06,6.16,36373343.0
2012-07-11,6.2,6.25,6.01,6.21,33360556.0
2012-07-12,6.14,6.18,5.94,6.13,38542643.0
2012-07-13,6.13,6.24,6.04,6.13,25684354.0
2012-07-16,6.09,6.1,5.85,6.0,27492674.0
2012-07-17,6.03,6.08,5.74,5.77,35520632.0
2012-07-18,5.7,5.96,5.68,5.84,24954270.0
2012-07-19,5.9,6.01,5.76,5.78,23679155.0
2012-07-20,5.98,6.13,5.8,5.83,44484102.0
2012-07-23,5.71,5.8,5.57,5.62,42241354.0
2012-07-24,5.68,5.76,5.56,5.72,32285559.0
2012-07-25,5.71,5.93,5.71,5.84,27643289.0
2012-07-26,5.92,6.08,5.89,5.96,22586226.0
2012-07-27,6.04,6.3,5.99,6.28,23951479.0
2012-07-30,6.2,6.24,6.01,6.11,27543771.0
2012-07-31,6.22,6.5,6.18,6.21,51577202.0
2012-08-01,6.31,6.42,6.17,6.27,23402781.0
2012-08-02,6.19,6.3,6.08,6.16,17630912.0
2012-08-03,6.32,6.45,6.24,6.33,22473295.0
2012-08-06,6.39,6.64,6.32,6.57,26897178.0
2012-08-07,6.7,6.98,6.67,6.82,43063873.0
2012-08-08,6.74,6.94,6.64,6.89,31848623.0
2012-08-09,6.82,6.92,6.7,6.81,20530386.0
2012-08-10,6.75,6.85,6.65,6.76,22003161.0
2012-08-13,6.76,6.78,6.6,6.71,15999087.0
2012-08-14,6.77,6.78,6.46,6.55,27521986.0
2012-08-15,6.56,6.59,6.42,6.49,34554656.0
2012-08-16,6.55,6.67,6.51,6.61,15837896.0
2012-08-17,6.61,6.69,6.51,6.57,14958831.0
2012-08-20,6.54,6.6,6.4,6.49,16021898.0
2012-08-21,6.47,6.63,6.41,6.46,24482836.0
2012-08-22,6.45,6.48,6.26,6.32,26043032.0
2012-08-23,6.29,6.3,6.16,6.25,18181206.0
2012-08-24,6.23,6.31,6.07,6.3,19077168.0
2012-08-27,6.3,6.31,6.15,6.23,13223284.0
2012-08-28,6.2399,6.3,6.18,6.2,14263737.0
2012-08-29,6.22,6.29,6.17,6.2,16111251.0
2012-08-30,6.2,6.26,6.12,6.18,18493532.0
2012-08-31,6.22,6.3,6.17,6.21,20650066.0
2012-09-04,6.21,6.22,6.07,6.09,18706842.0
2012-09-05,6.11,6.21,6.02,6.19,29149646.0
2012-09-06,6.4,6.7,6.39,6.67,45889025.0
2012-09-07,6.55,6.57,6.25,6.42,63824817.0
2012-09-10,6.42,6.49,6.35,6.41,21170114.0
2012-09-11,6.44,6.47,6.29,6.36,29082141.0
2012-09-12,6.38,6.48,6.37,6.47,16729184.0
2012-09-13,6.47,6.66,6.42,6.6,30522317.0
2012-09-14,6.64,6.8,6.62,6.7,20525396.0
2012-09-17,6.69,6.74,6.51,6.57,20437032.0
2012-09-18,6.54,6.57,6.4,6.48,18301943.0
2012-09-19,6.55,6.72,6.55,6.65,24786671.0
2012-09-20,6.58,6.6,6.39,6.45,37503739.0
2012-09-21,6.5,6.52,6.3,6.36,26894424.0
2012-09-24,6.25,6.26,6.11,6.25,38115913.0
2012-09-25,6.35,6.36,6.09,6.11,36271190.0
2012-09-26,6.1,6.1,5.87,5.94,33660934.0
2012-09-27,6.01,6.07,5.9,6.01,38645948.0
2012-09-28,6.05,6.24,5.97,5.98,41027682.0
2012-10-01,6.07,6.1,5.72,5.77,40669337.0
2012-10-02,5.81,5.85,5.74,5.84,20221596.0
2012-10-03,5.88,5.9,5.77,5.84,14783574.0
2012-10-04,5.84,5.89,5.77,5.88,14779066.0
2012-10-05,5.91,6.03,5.85,5.89,17265568.0
2012-10-08,5.83,5.9,5.8,5.85,11144480.0
2012-10-09,5.83,5.86,5.7,5.75,16391080.0
2012-10-10,5.79,5.8,5.64,5.76,16794279.0
2012-10-11,5.77,5.79,5.67,5.75,23650816.0
2012-10-12,5.76,5.7975,5.625,5.67,20027005.0
2012-10-15,5.76,5.76,5.64,5.72,15012193.0
2012-10-16,5.72,5.8,5.67,5.78,16462398.0
2012-10-17,5.75,5.85,5.67,5.78,16544635.0
2012-10-18,5.78,5.82,5.65,5.65,16867390.0
2012-10-19,5.76,5.77,5.44,5.45,23348698.0
2012-10-22,5.46,5.47,5.35,5.44,26367250.0
2012-10-23,5.35,5.49,5.29,5.41,36240296.0
2012-10-24,5.47,5.5,5.16,5.17,35478764.0
2012-10-25,5.2,5.71,5.18,5.69,46181906.0
2012-10-26,5.6,5.69,5.41,5.47,28149014.0
2012-10-31,5.54,5.65,5.38,5.42,18551670.0
2012-11-01,5.52,5.8,5.51,5.79,20758110.0
2012-11-02,5.82,5.87,5.65,5.71,24445603.0
2012-11-05,5.7,5.88,5.63,5.84,20051930.0
2012-11-06,5.87,6.09,5.86,6.09,46490391.0
2012-11-07,5.94,6.02,5.76,5.91,39729878.0
2012-11-08,5.87,5.93,5.66,5.69,30619069.0
2012-11-09,5.69,5.8,5.59,5.62,22103771.0
2012-11-12,5.63,5.69,5.5,5.57,19265990.0
2012-11-13,5.47,5.81,5.46,5.74,29127285.0
2012-11-14,5.79,5.82,5.52,5.55,21268566.0
2012-11-15,5.64,5.64,5.41,5.47,19619942.0
2012-11-16,5.48,5.51,5.33,5.47,25895290.0
2012-11-19,5.56,5.67,5.51,5.54,28106990.0
2012-11-20,5.48,5.59,5.45,5.555,17353675.0
2012-11-21,5.53,5.56,5.46,5.52,17426093.0
2012-11-23,5.57,5.71,5.54,5.68,13674680.0
2012-11-26,5.68,5.79,5.62,5.7,29436211.0
2012-11-27,5.71,5.78,5.65,5.68,34241278.0
2012-11-28,5.62,5.79,5.58,5.77,24171092.0
2012-11-29,5.81,5.92,5.74,5.91,25012705.0
2012-11-30,5.88,5.98,5.85,5.965,20270367.0
2012-12-03,6.01,6.03,5.9,5.93,15082773.0
2012-12-04,6.0,6.05,5.92,6.04,20645465.0
2012-12-05,6.05,6.2,6.01,6.18,18644269.0
2012-12-06,6.15,6.42,6.1,6.41,30381807.0
2012-12-07,6.42,6.51,6.35,6.435,22047693.0
2012-12-10,6.45,6.73,6.43,6.67,32462512.0
2012-12-11,6.7,6.84,6.63,6.77,24444848.0
2012-12-12,6.86,6.86,6.64,6.7099,28353637.0
2012-12-13,6.74,6.8,6.62,6.66,24047592.0
2012-12-14,6.75,6.89,6.69,6.85,23370304.0
2012-12-17,6.85,6.9,6.54,6.605,34772801.0
2012-12-18,6.62,6.71,6.55,6.7,28810664.0
2012-12-19,6.71,6.87,6.7,6.82,25575986.0
2012-12-20,6.84,6.87,6.73,6.79,19996944.0
2012-12-21,6.49,6.49,6.18,6.32,58151017.0
2012-12-24,6.38,6.38,6.18,6.23,6849551.0
2012-12-26,6.23,6.34,6.17,6.17,10342791.0
2012-12-27,6.18,6.26,6.07,6.22,18455324.0
2012-12-28,6.16,6.28,6.11,6.13,15127611.0
2012-12-31,6.14,6.36,6.11,6.34,18787530.0
2013-01-02,6.6,6.67,6.45,6.63,29557232.0
2013-01-03,6.64,6.97,6.61,6.8998,39096948.0
2013-01-04,6.95,6.96,6.85,6.96,18802619.0
2013-01-07,7.06,7.28,7.03,7.18,31137926.0
2013-01-08,7.14,7.29,7.06,7.23,30797212.0
2013-01-09,7.25,7.38,7.24,7.31,20647422.0
2013-01-10,7.37,7.44,7.28,7.42,18692802.0
2013-01-11,7.38,7.56,7.3,7.54,25837148.0
2013-01-14,7.5,7.69,7.46,7.6,31487860.0
2013-01-15,7.54,7.62,7.43,7.6,20794758.0
2013-01-16,7.63,7.75,7.59,7.67,18978485.0
2013-01-17,7.7,7.87,7.7,7.81,28643843.0
2013-01-18,7.81,7.99,7.79,7.88,33157014.0
2013-01-22,7.84,7.93,7.7,7.84,23289317.0
2013-01-23,7.88,7.9,7.68,7.78,23846030.0
2013-01-24,7.72,7.89,7.7,7.83,18815942.0
2013-01-25,7.89,8.08,7.83,7.87,30083236.0
2013-01-28,7.89,7.99,7.78,7.82,20643240.0
2013-01-29,7.81,7.82,7.54,7.58,35142659.0
2013-01-30,7.6,7.73,7.55,7.65,21175227.0
2013-01-31,7.64,7.7,7.54,7.56,25680765.0
2013-02-01,7.66,7.84,7.65,7.83,18713045.0
2013-02-04,7.8,8.01,7.73,7.76,27029640.0
2013-02-05,7.82,7.93,7.67,7.87,21156819.0
2013-02-06,7.7,8.06,7.7,7.95,46545778.0
2013-02-07,7.99,8.04,7.63,7.73,58981954.0
2013-02-08,7.78,7.81,7.66,7.75,24733639.0
2013-02-11,7.76,7.95,7.72,7.91,20221735.0
2013-02-12,7.91,7.98,7.85,7.92,19868544.0
2013-02-13,7.95,7.98,7.85,7.95,15372121.0
2013-02-14,7.89,8.09,7.86,8.08,24541544.0
2013-02-15,8.11,8.22,7.89,7.91,40146985.0
2013-02-19,7.9,8.12,7.88,8.12,24708490.0
2013-02-20,8.2,8.25,7.86,7.88,32452895.0
2013-02-21,7.82,7.88,7.64,7.68,37874158.0
2013-02-22,7.76,8.03,7.72,8.02,28722039.0
2013-02-25,8.12,8.22,7.88,7.93,36300318.0
2013-02-26,7.98,8.08,7.85,7.96,25972747.0
2013-02-27,7.97,8.23,7.95,8.18,21598907.0
2013-02-28,8.24,8.49,8.22,8.38,44040213.0
2013-03-01,8.32,8.36,8.2,8.25,19215139.0
2013-03-04,8.21,8.54,8.2,8.4,40980709.0
2013-03-05,8.52,8.79,8.52,8.73,36705609.0
2013-03-06,8.8,8.88,8.64,8.65,19929556.0
2013-03-07,8.77,8.95,8.71,8.94,26156740.0
2013-03-08,9.03,9.24,8.92,9.2,34822762.0
2013-03-11,9.15,9.4,9.0,9.35,43535744.0
2013-03-12,9.36,9.45,9.2,9.32,35260559.0
2013-03-13,9.35,9.66,9.35,9.51,41497371.0
2013-03-14,9.6,9.74,9.58,9.69,25198245.0
2013-03-15,9.71,9.75,9.27,9.37,43397933.0
2013-03-18,9.04,9.32,8.98,9.18,29071337.0
2013-03-19,9.27,9.4,9.09,9.24,26663897.0
2013-03-20,9.32,9.48,9.19,9.31,31547593.0
2013-03-21,9.31,9.37,9.07,9.07,39419561.0
2013-03-22,9.75,10.27,9.73,10.04,99807502.0
2013-03-25,10.01,10.13,9.78,9.88,39373888.0
2013-03-26,9.89,10.1,9.8,9.92,29910734.0
2013-03-27,9.75,10.04,9.68,9.96,27592655.0
2013-03-28,10.0,10.03,9.87,9.97,21791558.0
2013-04-01,9.97,9.98,9.34,9.38,44911896.0
2013-04-02,9.51,9.71,9.24,9.3,36023604.0
2013-04-03,9.35,9.45,9.05,9.1,31012799.0
2013-04-04,9.09,9.33,9.04,9.31,30485979.0
2013-04-05,9.15,9.59,9.12,9.31,41684113.0
2013-04-08,9.29,9.41,9.06,9.39,27070263.0
2013-04-09,9.45,9.67,9.39,9.57,21306937.0
2013-04-10,9.63,10.22,9.63,10.09,49802468.0
2013-04-11,9.87,10.15,9.77,9.98,28746254.0
2013-04-12,9.92,10.09,9.83,10.01,19487751.0
2013-04-15,9.86,9.96,9.56,9.56,28377187.0
2013-04-16,9.78,9.89,9.7,9.87,28029507.0
2013-04-17,9.75,9.76,9.35,9.39,37553322.0
2013-04-18,9.53,9.58,9.11,9.23,34732735.0
2013-04-19,9.26,9.47,9.1,9.35,32771770.0
2013-04-22,9.36,9.43,9.14,9.31,25025561.0
2013-04-23,9.39,9.49,9.27,9.42,24320257.0
2013-04-24,9.4,9.5,9.31,9.41,21298823.0
2013-04-25,9.41,9.64,9.32,9.53,28186686.0
2013-04-26,9.5,9.73,9.41,9.43,20561950.0
2013-04-29,9.48,9.5,9.34,9.35,17186629.0
2013-04-30,9.4,9.46,9.19,9.42,27799838.0
2013-05-01,9.42,9.47,9.15,9.2,29159676.0
2013-05-02,9.1,9.36,9.07,9.32,26665800.0
2013-05-03,9.45,9.7,9.43,9.63,23335166.0
2013-05-06,9.73,9.94,9.7,9.76,21108185.0
2013-05-07,9.8,9.98,9.66,9.97,26890033.0
2013-05-08,9.92,10.26,9.82,10.23,37054659.0
2013-05-09,10.23,10.75,10.21,10.71,46667416.0
2013-05-10,10.62,10.9,10.6,10.82,35312775.0
2013-05-13,10.75,10.81,10.6,10.66,22571108.0
2013-05-14,10.7,10.71,10.52,10.65,20584525.0
2013-05-15,10.68,11.0,10.63,10.87,25069159.0
2013-05-16,10.93,11.26,10.93,11.06,35917238.0
2013-05-17,11.16,11.42,11.13,11.31,30546148.0
2013-05-20,11.31,11.4,11.08,11.21,24664674.0
2013-05-21,11.21,11.32,11.16,11.23,18963810.0
2013-05-22,11.23,11.68,10.8,10.92,51844381.0
2013-05-23,10.7,11.49,10.57,11.39,57176354.0
2013-05-24,11.3,11.66,11.29,11.59,28602206.0
2013-05-28,11.7,11.88,11.69,11.78,25635072.0
2013-05-29,11.69,11.92,11.6,11.83,25205297.0
2013-05-30,11.81,11.99,11.75,11.89,25792078.0
2013-05-31,11.83,11.91,11.68,11.68,23853744.0
2013-06-03,11.78,11.99,11.4,11.73,26382897.0
2013-06-04,11.71,12.0,11.65,11.71,26371426.0
2013-06-05,11.7,12.14,11.67,12.02,40892134.0
2013-06-06,12.17,12.54,12.14,12.35,47860153.0
2013-06-07,12.53,12.72,12.37,12.65,32418942.0
2013-06-10,12.64,13.08,12.64,12.95,40489360.0
2013-06-11,12.87,13.2,12.63,12.81,49711601.0
2013-06-12,12.98,13.12,12.46,12.49,34199229.0
2013-06-13,12.53,12.92,12.47,12.91,30211967.0
2013-06-14,13.08,13.16,12.64,12.76,29740269.0
2013-06-17,13.12,13.5,13.08,13.24,50588250.0
2013-06-18,13.33,13.76,13.31,13.75,57594481.0
2013-06-19,13.82,14.11,13.64,13.97,83958494.0
2013-06-20,13.46,13.81,13.19,13.54,75247845.0
2013-06-21,13.9,14.05,13.7,13.9,73389105.0
2013-06-24,13.81,13.87,13.16,13.46,68197846.0
2013-06-25,13.71,13.82,13.41,13.75,32881001.0
2013-06-26,13.9,14.31,13.87,14.18,44886010.0
2013-06-27,14.27,14.53,14.27,14.34,38747012.0
2013-06-28,14.3,14.47,14.02,14.33,36612231.0
2013-07-01,14.47,14.6,14.18,14.27,33909598.0
2013-07-02,14.05,14.33,13.85,14.31,61198791.0
2013-07-03,14.29,14.29,14.11,14.14,24489301.0
2013-07-05,14.24,14.37,14.12,14.31,29746870.0
2013-07-08,14.35,14.36,13.87,14.03,53091235.0
2013-07-09,14.09,14.14,13.08,13.14,91816822.0
2013-07-10,12.95,13.24,12.47,12.55,89592841.0
2013-07-11,12.8,12.88,12.47,12.7,52215540.0
2013-07-12,12.74,12.85,12.57,12.69,33422764.0
2013-07-15,12.75,13.19,12.65,13.07,30926212.0
2013-07-16,13.15,13.41,13.1,13.38,42885301.0
2013-07-17,13.46,13.72,13.36,13.59,32539210.0
2013-07-18,13.79,13.86,13.63,13.69,38727441.0
2013-07-19,13.67,13.73,13.44,13.73,27734368.0
2013-07-22,13.68,13.91,13.62,13.83,24337426.0
2013-07-23,13.83,14.06,13.62,13.64,38692751.0
2013-07-24,13.8,13.83,13.08,13.11,46711951.0
2013-07-25,12.95,13.43,12.8,13.29,42704823.0
2013-07-26,13.1,13.1,12.51,12.59,68782342.0
2013-07-29,12.66,12.87,12.39,12.47,40803107.0
2013-07-30,12.5,12.69,12.31,12.6,48765114.0
2013-07-31,12.67,13.29,12.65,13.24,45062579.0
2013-08-01,13.35,13.63,13.3,13.57,32858803.0
2013-08-02,13.5,13.6,13.33,13.5,26500585.0
2013-08-05,13.51,14.18,13.5,14.17,43749462.0
2013-08-06,14.16,14.24,13.94,14.14,29097701.0
2013-08-07,14.0,14.04,13.6,13.81,34741718.0
2013-08-08,13.78,14.05,13.61,13.95,39511734.0
2013-08-09,13.75,14.52,13.74,13.99,64629590.0
2013-08-12,13.95,14.16,13.77,13.83,35384221.0
2013-08-13,14.15,14.98,14.08,14.97,84457699.0
2013-08-14,14.82,15.07,14.57,14.82,47850503.0
2013-08-15,14.41,14.41,13.97,14.13,53528832.0
2013-08-16,14.16,14.35,13.95,14.01,30629203.0
2013-08-19,14.0,14.03,13.77,13.8,25506841.0
2013-08-20,13.8,13.91,13.65,13.8,24384345.0
2013-08-21,13.81,13.9,13.56,13.63,29717919.0
2013-08-22,13.76,14.08,13.74,13.86,15101681.0
2013-08-23,13.91,13.93,13.73,13.86,15662911.0
2013-08-26,13.9,13.92,13.72,13.78,16331488.0
2013-08-27,13.58,13.59,13.05,13.18,39898649.0
2013-08-28,13.17,13.35,13.06,13.24,36138575.0
2013-08-29,13.25,13.74,13.23,13.57,23789213.0
2013-08-30,13.59,13.68,13.3,13.57,22280029.0
2013-09-03,13.75,14.15,13.7,14.01,37063077.0
2013-09-04,14.98,15.27,14.44,14.75,117540513.0
2013-09-05,14.95,15.21,14.94,15.17,38713853.0
2013-09-06,15.24,15.36,14.96,15.26,38111921.0
2013-09-09,15.4,15.69,15.3,15.62,32745769.0
2013-09-10,15.9,16.65,15.87,16.26,80821300.0
2013-09-11,16.3,16.6,16.0,16.49,48497816.0
2013-09-12,16.52,16.85,16.14,16.2,55888192.0
2013-09-13,16.0,16.24,15.67,16.2,55797925.0
2013-09-16,16.54,16.69,16.41,16.44,35780162.0
2013-09-17,16.45,16.87,16.23,16.84,32439619.0
2013-09-18,16.88,17.3,16.82,17.27,43515566.0
2013-09-19,17.5,17.59,17.02,17.16,43702829.0
2013-09-20,17.24,17.49,17.13,17.23,30036794.0
2013-09-23,17.2,17.35,16.74,17.05,30442320.0
2013-09-24,17.09,17.16,16.83,17.04,34793073.0
2013-09-25,17.06,17.33,16.94,16.97,44413387.0
2013-09-26,17.32,17.53,17.18,17.47,49153362.0
2013-09-27,17.47,17.95,17.41,17.62,45023528.0
2013-09-30,17.25,17.64,17.14,17.47,30082384.0
2013-10-01,17.54,17.75,17.34,17.61,32979544.0
2013-10-02,17.68,18.13,17.55,17.67,49128053.0
2013-10-03,17.94,18.1,17.37,18.02,59041674.0
2013-10-04,18.11,18.55,18.01,18.47,48080596.0
2013-10-07,18.77,18.85,18.48,18.49,61970890.0
2013-10-08,18.6,18.65,17.73,17.93,57008586.0
2013-10-09,18.01,18.45,17.15,18.15,67714262.0
2013-10-10,18.34,18.59,18.06,18.43,78690487.0
2013-10-11,17.88,18.01,16.56,16.84,153906087.0
2013-10-14,16.57,17.15,16.17,17.07,62909462.0
2013-10-15,17.08,17.43,16.84,16.92,63043897.0
2013-10-16,17.05,17.3,16.91,16.96,49096355.0
2013-10-17,17.02,17.16,16.74,17.15,40714771.0
2013-10-18,17.17,17.25,16.96,17.03,34970601.0
2013-10-21,17.03,17.14,16.51,16.57,44886230.0
2013-10-22,16.7,16.94,16.4,16.76,48362787.0
2013-10-23,16.5,16.59,16.35,16.55,39252098.0
2013-10-24,16.43,16.92,16.4,16.83,30291279.0
2013-10-25,16.92,16.99,16.52,16.58,28678346.0
2013-10-28,16.52,16.75,16.3,16.72,19926898.0
2013-10-29,17.02,17.5,16.93,17.5,51381371.0
2013-10-30,17.58,17.64,17.27,17.39,32373205.0
2013-10-31,17.29,17.8,17.18,17.68,42547363.0
2013-11-01,17.69,17.91,17.43,17.58,41372306.0
2013-11-04,17.62,17.99,17.52,17.89,37802791.0
2013-11-05,17.74,17.79,17.49,17.67,23800232.0
2013-11-06,17.77,17.82,17.39,17.5,21799539.0
2013-11-07,17.81,18.16,17.58,17.72,54196790.0
2013-11-08,17.7,18.12,17.61,18.11,33201332.0
2013-11-11,17.97,18.28,17.9,18.27,36990366.0
2013-11-12,18.14,18.67,18.12,18.63,32232323.0
2013-11-13,18.47,18.99,18.42,18.92,38821218.0
2013-11-14,18.91,19.2,18.9,19.19,31417954.0
2013-11-15,19.38,19.83,19.22,19.46,51592829.0
2013-11-18,19.67,19.88,19.09,19.29,47549892.0
2013-11-19,19.37,19.87,19.05,19.06,51853726.0
2013-11-20,19.19,19.22,18.51,18.8,44815768.0
2013-11-21,18.96,20.12,18.96,19.99,93347344.0
2013-11-22,19.91,20.32,19.66,20.19,40144827.0
2013-11-25,20.44,20.5,19.71,19.86,33875466.0
2013-11-26,19.98,20.41,19.83,20.31,33585049.0
2013-11-27,20.41,21.19,20.29,21.17,40572662.0
2013-11-29,21.27,21.31,20.9,21.1,20081775.0
2013-12-02,21.13,21.64,20.96,21.27,34102762.0
2013-12-03,21.46,21.9,21.33,21.83,43553080.0
2013-12-04,21.68,21.93,21.41,21.76,34609036.0
2013-12-05,21.87,22.09,21.59,21.65,30302830.0
2013-12-06,21.99,22.31,21.8,22.31,32237775.0
2013-12-09,22.6,23.67,22.6,23.12,65756702.0
2013-12-10,23.1,23.44,22.8,23.14,41919491.0
2013-12-11,22.5,22.91,22.29,22.5,52447475.0
2013-12-12,22.69,23.09,22.36,22.54,52600226.0
2013-12-13,22.73,23.2,22.65,23.08,31018671.0
2013-12-16,23.17,23.42,22.66,22.77,35065801.0
2013-12-17,22.85,22.98,22.55,22.92,26694932.0
2013-12-18,22.49,22.49,20.81,21.81,106635188.0
2013-12-19,21.76,22.28,21.56,21.62,37749438.0
2013-12-20,21.8,22.58,21.76,22.17,49176429.0
2013-12-23,21.44,21.67,21.22,21.49,40831014.0
2013-12-24,21.61,21.9,21.6,21.82,12857548.0
2013-12-26,21.83,22.25,21.74,21.74,17104548.0
2013-12-27,21.93,21.99,21.46,21.52,19386283.0
2013-12-30,21.45,21.68,21.23,21.3,19273965.0
2013-12-31,21.38,21.93,21.38,21.75,25138208.0
2014-01-02,21.68,21.79,21.27,21.66,26441939.0
2014-01-03,21.19,21.43,20.9,20.97,34637031.0
2014-01-06,20.92,20.97,20.64,20.67,38119884.0
2014-01-07,20.92,21.94,20.89,21.73,68809878.0
2014-01-08,24.2,24.5,23.56,23.87,93524797.0
2014-01-09,23.56,23.71,22.91,23.24,42829964.0
2014-01-10,23.39,23.72,23.18,23.71,34652080.0
2014-01-13,23.7,23.8,23.25,23.33,27718457.0
2014-01-14,22.9,23.79,22.87,23.67,33113683.0
2014-01-15,23.73,23.76,23.3,23.33,26977126.0
2014-01-16,23.48,23.59,22.9,23.13,28917082.0
2014-01-17,22.9,23.28,22.33,22.38,46969162.0
2014-01-21,22.4,23.18,22.32,23.12,29526793.0
2014-01-22,22.8,23.79,22.75,23.65,31286822.0
2014-01-23,23.31,23.65,23.24,23.64,29434357.0
2014-01-24,23.5,23.65,22.91,22.92,30309956.0
2014-01-27,23.09,23.37,22.56,22.9,30040795.0
2014-01-28,22.78,23.2,22.55,23.05,27589769.0
2014-01-29,22.85,23.27,22.65,22.71,21732216.0
2014-01-30,23.11,23.76,22.95,23.45,32656206.0
2014-01-31,23.09,23.5,23.0,23.04,29557633.0
2014-02-03,22.97,23.63,22.7,22.81,36036726.0
2014-02-04,22.97,23.18,22.65,23.0,21395450.0
2014-02-05,22.97,23.48,22.7,23.31,26123655.0
2014-02-06,23.5,24.77,23.5,24.11,65353680.0
2014-02-07,24.4,24.64,23.92,24.51,47836448.0
2014-02-10,24.65,25.24,24.57,24.87,28384449.0
2014-02-11,24.85,25.07,24.58,24.71,21192431.0
2014-02-12,24.9,25.16,24.79,24.89,23918168.0
2014-02-13,24.84,25.01,24.68,24.91,23363836.0
2014-02-14,24.8,25.3,24.72,25.08,32468240.0
2014-02-18,25.19,25.66,25.1,25.42,34133799.0
2014-02-19,25.42,25.68,25.17,25.42,27292685.0
2014-02-20,25.35,25.66,25.32,25.49,23295076.0
2014-02-21,25.56,25.59,24.54,25.08,44811133.0
2014-02-24,25.15,25.22,24.56,24.75,33043853.0
2014-02-25,24.8,25.0,24.1,24.26,37184526.0
2014-02-26,24.34,24.73,24.16,24.22,20967329.0
2014-02-27,24.15,24.34,23.9,24.19,39251635.0
2014-02-28,24.23,24.36,23.9,24.19,33901883.0
2014-03-03,23.87,24.77,23.71,24.48,35984170.0
2014-03-04,24.88,25.15,24.72,25.11,32802854.0
2014-03-05,25.08,25.13,24.68,24.83,25955466.0
2014-03-06,24.81,24.87,24.3,24.77,32314899.0
2014-03-07,24.8,24.89,24.33,24.42,23848211.0
2014-03-10,24.32,24.94,24.08,24.85,23668090.0
2014-03-11,24.93,25.07,24.56,24.67,21107498.0
2014-03-12,24.42,24.94,24.22,24.84,19280292.0
2014-03-13,24.91,24.94,23.6,24.11,35572925.0
2014-03-14,24.06,24.32,23.73,23.96,24574961.0
2014-03-17,24.09,24.17,23.85,23.93,17778739.0
2014-03-18,23.99,24.6,23.72,24.49,27425643.0
2014-03-19,24.5,24.62,23.75,23.98,19799461.0
2014-03-20,23.91,24.36,23.89,24.01,19735496.0
2014-03-21,24.11,24.26,23.66,23.66,32246112.0
2014-03-24,23.81,24.1,23.39,23.48,23743630.0
2014-03-25,23.64,23.92,23.42,23.53,17062038.0
2014-03-26,23.71,23.89,22.82,22.83,24590660.0
2014-03-27,22.81,22.83,21.92,22.24,35985041.0
2014-03-28,21.99,22.54,21.7,21.91,37763669.0
2014-03-31,22.32,23.68,22.21,23.66,39630254.0
2014-04-01,23.87,24.46,23.7,24.44,36880785.0
2014-04-02,24.57,24.6,24.0,24.35,24486339.0
2014-04-03,24.56,24.73,23.78,24.0,40669984.0
2014-04-04,24.79,24.85,22.44,22.58,77295976.0
2014-04-07,22.52,22.98,21.21,21.71,63603924.0
2014-04-08,22.04,22.43,21.4,22.21,44299022.0
2014-04-09,22.58,22.84,22.24,22.6,31635959.0
2014-04-10,22.71,22.95,21.62,21.68,37066481.0
2014-04-11,21.49,21.93,21.02,21.13,35242176.0
2014-04-14,21.35,22.14,21.25,21.9,31744871.0
2014-04-15,21.92,22.24,21.52,22.17,25067640.0
2014-04-16,22.36,22.57,22.0,22.48,21619530.0
2014-04-17,23.11,24.14,23.03,23.91,46214837.0
2014-04-21,24.96,25.39,24.56,25.32,45434758.0
2014-04-22,25.5,26.28,25.48,26.18,45903368.0
2014-04-23,26.19,26.46,25.97,26.25,32508679.0
2014-04-24,26.45,26.62,25.34,26.16,39791385.0
2014-04-25,25.6,25.68,25.05,25.26,26022495.0
2014-04-28,25.43,25.73,24.19,24.58,32168032.0
2014-04-29,24.75,25.3,24.45,25.1,19748368.0
2014-04-30,25.17,26.12,25.14,26.12,28811839.0
2014-05-01,26.21,26.82,25.85,26.25,28236683.0
2014-05-02,26.31,26.64,26.07,26.31,18332266.0
2014-05-05,26.25,26.84,25.95,26.74,21126675.0
2014-05-06,26.83,27.18,26.51,26.68,23078289.0
2014-05-07,26.69,26.87,26.05,26.42,24487193.0
2014-05-08,26.3,27.4,26.23,26.93,27015384.0
2014-05-09,26.95,27.06,26.45,26.84,20679088.0
2014-05-12,27.03,27.54,26.94,27.51,22399353.0
2014-05-13,27.5,27.78,27.23,27.63,29540003.0
2014-05-14,27.53,27.66,26.78,26.86,28161231.0
2014-05-15,26.82,26.89,25.25,25.86,41523467.0
2014-05-16,25.84,26.35,25.54,26.03,19891957.0
2014-05-19,26.31,27.0,26.16,26.94,21930522.0
2014-05-20,26.97,27.16,26.16,26.55,21834083.0
2014-05-21,26.93,27.21,26.8,26.99,19022274.0
2014-05-22,27.0,27.39,26.87,27.17,14942634.0
2014-05-23,27.18,27.4,27.06,27.33,12406779.0
2014-05-27,27.5,28.11,27.48,28.06,23525358.0
2014-05-28,28.3,28.92,28.17,28.61,25382337.0
2014-05-29,28.79,29.03,28.43,28.58,23290112.0
2014-05-30,28.63,28.9,28.39,28.59,24072227.0
2014-06-02,28.51,28.72,28.05,28.66,14523677.0
2014-06-03,28.56,28.93,28.4,28.67,14008799.0
2014-06-04,28.58,29.01,28.47,28.97,14377358.0
2014-06-05,29.1,29.48,28.91,29.04,21878494.0
2014-06-06,29.15,29.55,29.05,29.54,18319805.0
2014-06-09,29.49,29.72,28.89,29.0,20638954.0
2014-06-10,29.0,29.54,28.59,29.51,24108946.0
2014-06-11,30.65,31.6,30.12,30.99,55472421.0
2014-06-12,31.07,31.22,30.56,30.86,28152930.0
2014-06-13,31.15,31.47,31.06,31.17,23275581.0
2014-06-16,31.45,32.19,31.28,31.91,35496518.0
2014-06-17,32.0,32.4,31.95,32.25,25195485.0
2014-06-18,32.4,32.43,31.7,32.06,30096168.0
2014-06-19,32.09,32.17,31.55,31.81,22402283.0
2014-06-20,31.88,31.93,31.4,31.85,28266473.0
2014-06-23,32.27,32.3,31.25,31.26,48594635.0
2014-06-24,31.53,32.97,31.16,32.5,59689474.0
2014-06-25,32.35,32.74,31.89,32.34,29796724.0
2014-06-26,32.31,32.4,31.8,32.0,20353255.0
2014-06-27,31.88,31.93,31.45,31.51,46777872.0
2014-06-30,32.06,33.05,31.9,32.95,31058237.0
2014-07-01,33.24,34.5,33.07,33.98,36348470.0
2014-07-02,34.0,34.27,33.54,33.76,26624980.0
2014-07-03,34.09,34.28,33.65,33.73,13883943.0
2014-07-07,33.6,33.65,32.77,32.86,21383197.0
2014-07-08,32.81,33.27,32.12,33.13,34637456.0
2014-07-09,32.6,32.94,31.86,32.89,39294549.0
2014-07-10,32.22,33.1,31.8,32.77,32916829.0
2014-07-11,32.84,33.17,32.64,32.8,18868324.0
2014-07-14,33.09,33.73,32.93,33.59,20349485.0
2014-07-15,33.72,34.16,33.38,34.02,27202396.0
2014-07-16,34.42,34.85,34.23,34.64,30799128.0
2014-07-17,33.82,34.0,32.99,33.05,36952481.0
2014-07-18,33.2,33.75,33.0,33.15,28529889.0
2014-07-21,33.0,33.35,32.6,33.07,15789119.0
2014-07-22,33.35,33.69,33.01,33.63,14375788.0
2014-07-23,33.55,33.78,33.25,33.68,20906002.0
2014-07-24,33.87,34.28,33.63,33.88,22688383.0
2014-07-25,33.69,33.82,33.23,33.42,19655113.0
2014-07-28,33.34,33.46,31.91,31.98,34203196.0
2014-07-29,32.05,32.51,31.96,32.13,19377499.0
2014-07-30,32.38,32.74,32.28,32.53,16001620.0
2014-07-31,31.17,31.25,29.85,30.55,64996154.0
2014-08-01,30.88,31.37,30.55,31.09,26181647.0
2014-08-04,31.21,31.86,31.05,31.69,21821583.0
2014-08-05,31.36,32.1,30.9,31.09,31699334.0
2014-08-06,31.06,31.18,30.11,30.68,34911858.0
2014-08-07,30.9,31.19,29.38,29.68,35983615.0
2014-08-08,29.85,30.25,29.62,30.04,22893327.0
2014-08-11,30.3,30.84,30.15,30.74,20600114.0
2014-08-12,30.56,30.94,30.21,30.7,21502930.0
2014-08-13,30.89,31.58,30.89,31.38,17832879.0
2014-08-14,30.99,31.24,30.8,31.04,16873665.0
2014-08-15,31.4,31.73,31.16,31.49,20560680.0
2014-08-18,31.65,32.09,31.41,32.04,17508563.0
2014-08-19,32.32,32.7,32.27,32.4,15022383.0
2014-08-20,32.38,33.39,32.38,33.3,21265391.0
2014-08-21,33.04,33.32,32.75,33.19,16590165.0
2014-08-22,33.2,33.45,32.93,33.29,11759276.0
2014-08-25,33.51,33.7,33.19,33.21,12700568.0
2014-08-26,33.3,33.43,32.51,32.88,16075509.0
2014-08-27,32.83,33.05,32.61,33.0,12212268.0
2014-08-28,32.81,32.9,32.6,32.81,10896421.0
2014-08-29,32.95,32.99,32.5,32.6,13522585.0
2014-09-02,32.43,32.6,31.45,31.51,26980218.0
2014-09-03,31.35,31.69,30.88,31.68,23928179.0
2014-09-04,31.95,32.83,31.83,32.12,24799988.0
2014-09-05,32.1,32.95,32.02,32.94,17772587.0
2014-09-08,32.85,33.41,32.84,33.14,17933338.0
2014-09-09,33.02,33.02,31.86,31.98,20209409.0
2014-09-10,32.15,32.2,31.41,32.09,24645836.0
2014-09-11,31.85,32.19,31.71,32.04,11374567.0
2014-09-12,32.03,32.15,31.5,31.53,12575481.0
2014-09-15,31.4,31.52,29.87,30.02,37018476.0
2014-09-16,30.09,31.58,29.73,31.45,28739836.0
2014-09-17,31.49,32.27,31.28,31.98,19493223.0
2014-09-18,32.22,32.48,31.98,32.48,12485146.0
2014-09-19,32.48,32.55,31.45,31.63,25223296.0
2014-09-22,31.44,31.44,30.41,30.6,21713774.0
2014-09-23,30.51,31.49,30.11,31.2,22707655.0
2014-09-24,31.77,32.35,31.34,32.22,25781300.0
2014-09-25,32.41,32.56,31.35,31.7,36427686.0
2014-09-26,33.97,34.1,33.41,33.83,53974968.0
2014-09-29,33.42,34.85,33.2,34.5,33981934.0
2014-09-30,34.63,34.73,33.89,34.26,25768922.0
2014-10-01,34.25,34.25,33.22,33.5,36237572.0
2014-10-02,33.66,34.08,32.95,33.81,27336977.0
2014-10-03,34.07,34.4,33.87,33.94,22565430.0
2014-10-06,33.11,33.29,31.84,32.57,43417108.0
2014-10-07,32.41,32.87,31.85,31.87,28831846.0
2014-10-08,31.9,32.4,30.86,32.32,28069304.0
2014-10-09,32.12,32.18,30.41,30.64,35910826.0
2014-10-10,29.75,29.87,27.59,27.79,85752738.0
2014-10-13,28.59,28.86,27.0,27.03,44360624.0
2014-10-14,27.79,28.41,27.22,27.39,41365591.0
2014-10-15,26.8,28.0,26.32,27.54,50523290.0
2014-10-16,27.35,28.86,27.19,28.3,42111567.0
2014-10-17,28.91,29.73,28.57,28.77,34717116.0
2014-10-20,28.99,29.73,28.81,29.69,22357837.0
2014-10-21,30.4,31.34,30.16,31.19,40875105.0
2014-10-22,31.51,31.55,30.32,30.57,25500608.0
2014-10-23,31.04,31.37,30.57,30.89,22071147.0
2014-10-24,30.98,31.12,30.61,31.06,17763804.0
2014-10-27,32.07,32.38,31.66,32.3,26775910.0
2014-10-28,32.51,32.67,32.15,32.61,20981031.0
2014-10-29,32.5,32.65,31.86,32.28,21418724.0
2014-10-30,31.74,32.08,30.94,31.82,26761018.0
2014-10-31,32.9,33.35,32.62,33.09,28541397.0
2014-11-03,32.98,33.91,32.98,33.51,19657739.0
2014-11-04,33.48,33.59,32.9,33.37,16503870.0
2014-11-05,33.51,33.76,33.11,33.71,23137170.0
2014-11-06,33.5,33.79,33.15,33.35,23576567.0
2014-11-07,33.36,33.38,32.32,33.01,19337543.0
2014-11-10,32.93,33.11,32.62,33.09,13827343.0
2014-11-11,32.98,33.38,32.89,33.2,11285655.0
2014-11-12,33.05,33.17,32.8,32.91,14322363.0
2014-11-13,32.98,33.21,32.75,32.94,10851337.0
2014-11-14,32.94,32.94,32.13,32.62,17434575.0
2014-11-17,31.9,32.41,31.69,32.29,18259266.0
2014-11-18,32.35,33.15,32.3,32.87,15539673.0
2014-11-19,32.93,33.22,32.34,32.96,14590180.0
2014-11-20,32.73,33.48,32.49,33.21,13613313.0
2014-11-21,33.71,34.39,33.52,34.3,25563115.0
2014-11-24,34.41,35.25,34.26,34.73,24974447.0
2014-11-25,34.77,34.98,34.4,34.8,13985174.0
2014-11-26,34.63,35.67,34.62,35.62,18291122.0
2014-11-28,35.84,36.22,35.72,35.95,11645732.0
2014-12-01,35.98,36.14,34.94,34.99,21342294.0
2014-12-02,35.05,35.77,34.64,35.61,14281539.0
2014-12-03,35.97,36.35,35.74,36.1,29011484.0
2014-12-04,36.03,36.5,35.67,36.07,16489038.0
2014-12-05,36.09,36.5,36.02,36.49,14114821.0
2014-12-08,36.46,36.59,35.7,36.02,15815273.0
2014-12-09,34.85,35.71,34.54,35.66,16503476.0
2014-12-10,35.44,35.65,34.78,34.86,17037862.0
2014-12-11,35.16,35.82,34.9,35.19,13280098.0
2014-12-12,34.92,34.93,33.97,34.0,19798884.0
2014-12-15,34.37,34.45,33.25,33.36,27305711.0
2014-12-16,32.9,33.92,32.37,32.92,28611553.0
2014-12-17,33.08,33.9,32.5,33.83,19434642.0
2014-12-18,34.62,34.79,34.05,34.45,18200620.0
2014-12-19,34.59,34.8,34.13,34.49,18469622.0
2014-12-22,34.71,35.0,34.5,34.64,12687924.0
2014-12-23,35.04,35.19,34.76,34.97,10948957.0
2014-12-24,34.99,35.1,34.62,34.91,4672964.0
2014-12-26,35.03,35.23,34.98,35.0,6883684.0
2014-12-29,35.27,35.69,35.08,35.53,12365816.0
2014-12-30,35.43,35.74,35.3,35.4,11480533.0
2014-12-31,35.45,35.53,35.0,35.01,10714301.0
2015-01-02,35.25,35.52,34.34,34.75,15138243.0
2015-01-05,34.71,34.74,33.75,33.78,23706638.0
2015-01-06,34.1,34.23,32.63,32.87,40092019.0
2015-01-07,31.52,32.98,31.45,32.1,52552340.0
2015-01-08,32.56,33.87,32.55,33.67,31947111.0
2015-01-09,33.76,33.87,32.96,33.53,19328525.0
2015-01-12,32.48,32.99,31.4,31.66,41982709.0
2015-01-13,31.92,32.2,30.65,30.84,40260451.0
2015-01-14,30.28,31.2,29.8,30.05,35766056.0
2015-01-15,30.22,30.42,29.27,29.3,28512434.0
2015-01-16,29.14,29.26,28.51,28.99,58433281.0
2015-01-20,29.51,30.02,29.35,29.67,29884176.0
2015-01-21,29.5,30.74,29.5,30.49,27258655.0
2015-01-22,30.44,30.95,30.23,30.89,22299238.0
2015-01-23,30.85,31.13,30.46,30.95,21161818.0
2015-01-26,30.57,31.02,30.21,31.02,19175542.0
2015-01-27,30.39,30.45,29.39,29.65,27587854.0
2015-01-28,30.02,30.19,29.03,29.1,21685204.0
2015-01-29,29.22,29.83,28.86,29.71,30282696.0
2015-01-30,29.4,29.8,29.07,29.27,23451622.0
2015-02-02,29.25,29.39,28.09,28.44,34019576.0
2015-02-03,28.58,29.09,28.48,28.95,24009174.0
2015-02-04,28.81,29.24,28.7,29.03,20932849.0
2015-02-05,29.3,29.52,29.12,29.49,19785893.0
2015-02-06,29.54,29.9,28.86,28.91,18744143.0
2015-02-09,28.77,28.77,28.24,28.35,22390262.0
2015-02-10,29.1,31.14,29.0,31.09,43830964.0
2015-02-11,31.05,31.58,30.45,31.02,29782243.0
2015-02-12,31.06,32.05,30.94,31.94,23793236.0
2015-02-13,32.21,32.4,31.34,31.85,18739176.0
2015-02-17,32.31,32.84,32.22,32.33,19877408.0
2015-02-18,32.26,32.5,32.03,32.17,12348425.0
2015-02-19,32.17,32.2,31.72,31.81,13430963.0
2015-02-20,31.74,32.05,31.27,32.03,16531468.0
2015-02-23,31.86,31.91,31.27,31.4,13867905.0
2015-02-24,30.14,30.95,28.79,30.77,54984960.0
2015-02-25,30.6,30.92,30.35,30.48,16774689.0
2015-02-26,30.54,30.97,30.36,30.62,14932004.0
2015-02-27,30.97,31.21,30.62,30.67,15651235.0
2015-03-02,31.0,31.5,30.99,31.24,18443179.0
2015-03-03,30.38,30.69,29.38,29.66,28945689.0
2015-03-04,29.71,29.76,28.82,29.27,26708955.0
2015-03-05,29.45,29.84,28.97,29.28,24007735.0
2015-03-06,29.22,29.27,28.39,28.5,28301995.0
2015-03-09,28.54,28.78,27.91,28.66,17562996.0
2015-03-10,28.1,28.32,27.46,27.61,29748958.0
2015-03-11,27.93,28.18,27.61,27.88,17471572.0
2015-03-12,27.1,28.38,27.1,28.02,19567667.0
2015-03-13,27.96,28.77,27.96,28.72,23678740.0
2015-03-16,28.97,29.26,28.22,28.51,18183933.0
2015-03-17,27.67,27.98,27.46,27.66,24932375.0
2015-03-18,28.01,28.35,27.6,28.16,24544827.0
2015-03-19,28.1,28.23,27.92,28.05,21656559.0
2015-03-20,28.31,28.76,28.11,28.68,23608218.0
2015-03-23,28.47,28.51,27.82,28.02,18699359.0
2015-03-24,28.11,28.35,27.88,27.96,15670770.0
2015-03-25,27.86,27.87,26.4,26.57,35874028.0
2015-03-26,25.76,27.17,25.61,26.66,44702370.0
2015-03-27,26.93,27.14,26.05,26.68,30908987.0
2015-03-30,26.76,26.96,26.46,26.68,26142921.0
2015-03-31,26.65,27.31,26.61,27.13,25292130.0
2015-04-01,27.13,27.35,26.77,27.13,39424694.0
2015-04-02,27.75,27.76,26.71,26.73,41390489.0
2015-04-06,26.5,27.45,26.4,27.43,22460891.0
2015-04-07,27.35,27.45,26.86,26.87,17820551.0
2015-04-08,26.58,27.35,26.49,27.13,22105764.0
2015-04-09,27.07,27.86,27.01,27.82,18660009.0
2015-04-10,27.9,28.17,27.8,28.02,19698695.0
2015-04-13,28.02,28.15,27.78,27.88,13636811.0
2015-04-14,27.75,27.9,27.41,27.72,16671924.0
2015-04-15,27.98,28.45,27.88,28.17,20138852.0
2015-04-16,27.9,28.18,27.77,28.01,16393469.0
2015-04-17,27.75,28.08,27.6,28.02,18157111.0
2015-04-20,28.12,28.39,28.01,28.26,19901015.0
2015-04-21,28.33,28.59,28.16,28.55,22172036.0
2015-04-22,28.68,29.75,28.56,29.5,29662827.0
2015-04-23,28.93,29.78,28.86,29.52,22039721.0
2015-04-24,29.74,29.74,28.89,29.2,18764299.0
2015-04-27,29.25,29.66,29.14,29.27,14871378.0
2015-04-28,29.22,29.45,28.76,28.99,12372032.0
2015-04-29,28.7,28.99,28.51,28.87,10964310.0
2015-04-30,28.79,28.85,27.85,28.13,18988895.0
2015-05-01,28.31,29.25,28.31,28.99,16701132.0
2015-05-04,29.07,29.15,28.49,28.67,13909551.0
2015-05-05,28.27,28.36,27.83,28.04,19347341.0
2015-05-06,28.24,28.3,27.44,27.99,19770733.0
2015-05-07,27.8,27.9,26.89,27.27,29689317.0
2015-05-08,27.37,27.43,26.76,27.18,34955419.0
2015-05-11,27.18,28.09,26.86,27.75,24591243.0
2015-05-12,27.55,27.58,26.86,26.87,19518832.0
2015-05-13,27.34,27.66,27.08,27.19,17530501.0
2015-05-14,27.33,27.52,26.47,26.69,32201120.0
2015-05-15,26.53,26.63,26.01,26.33,25864856.0
2015-05-18,26.2,26.83,26.04,26.76,20150040.0
2015-05-19,26.83,26.93,26.06,26.31,19527021.0
2015-05-20,26.47,26.99,26.26,26.59,22866335.0
2015-05-21,26.62,27.14,26.34,26.9,17258148.0
2015-05-22,27.25,27.65,27.21,27.33,20360307.0
2015-05-26,27.22,27.48,27.03,27.32,14966606.0
2015-05-27,27.43,28.42,27.39,28.13,23441799.0
2015-05-28,28.19,28.62,28.11,28.28,18667001.0
2015-05-29,28.42,28.42,27.93,27.93,18451268.0
2015-06-01,27.9,28.53,27.81,28.42,20206394.0
2015-06-02,28.36,28.41,27.77,27.79,18228003.0
2015-06-03,28.0,28.01,27.01,27.08,29623360.0
2015-06-04,26.9,27.24,26.71,26.99,22186159.0
2015-06-05,27.0,27.0,26.5,26.59,16585396.0
2015-06-08,26.51,26.63,25.8,25.92,23252583.0
2015-06-09,25.91,25.95,24.94,25.19,39816660.0
2015-06-10,25.55,25.59,25.03,25.19,23802909.0
2015-06-11,25.2,25.39,24.97,25.02,25793546.0
2015-06-12,24.89,25.38,24.71,25.13,21123900.0
2015-06-15,24.22,24.25,23.7,24.24,44190248.0
2015-06-16,24.05,24.32,23.88,24.24,19173054.0
2015-06-17,24.3,24.68,24.23,24.48,17951714.0
2015-06-18,24.62,24.82,24.43,24.47,21570828.0
2015-06-19,24.8,24.97,24.46,24.47,25589259.0
2015-06-22,24.14,24.71,24.0,24.63,26231155.0
2015-06-23,24.58,24.86,24.38,24.49,16168897.0
2015-06-24,24.46,24.49,24.0,24.06,21243663.0
2015-06-25,24.16,24.24,23.66,24.02,38347834.0
2015-06-26,20.27,20.6,19.43,19.66,149010345.0
2015-06-29,19.37,19.6,18.6,18.73,49126054.0
2015-06-30,18.89,19.1,18.55,18.84,34683928.0
2015-07-01,19.02,19.1,18.63,18.78,25027123.0
2015-07-02,18.83,19.38,18.81,19.07,26178060.0
2015-07-06,18.84,18.98,18.23,18.32,37875804.0
2015-07-07,18.13,18.36,17.37,18.2,46293247.0
2015-07-08,17.96,17.98,17.49,17.63,30898907.0
2015-07-09,17.87,18.01,17.14,17.15,47087077.0
2015-07-10,17.33,17.65,17.15,17.57,24282875.0
2015-07-13,17.79,17.85,17.39,17.61,35788069.0
2015-07-14,19.76,19.84,19.0,19.61,103878597.0
2015-07-15,19.49,19.65,18.77,18.89,41983208.0
2015-07-16,19.25,19.74,19.09,19.61,34717212.0
2015-07-17,19.53,20.24,19.37,20.12,34081329.0
2015-07-20,20.08,20.08,18.78,18.89,41989277.0
2015-07-21,18.84,19.11,18.51,18.88,29340299.0
2015-07-22,18.59,18.63,17.85,18.0,43635067.0
2015-07-23,18.33,18.93,18.3,18.7,32805214.0
2015-07-24,18.6,18.7,18.07,18.34,21567411.0
2015-07-27,18.1,18.67,17.57,18.12,27584063.0
2015-07-28,18.35,20.08,18.2,19.75,51809485.0
2015-07-29,20.0,20.57,19.67,19.87,41557949.0
2015-07-30,19.75,20.1,19.46,19.9,31248653.0
2015-07-31,20.02,20.03,18.47,18.51,55074887.0
2015-08-03,18.61,19.39,18.59,19.0,32958265.0
2015-08-04,19.16,19.19,18.6,19.01,19934519.0
2015-08-05,19.19,19.47,18.88,18.91,23370837.0
2015-08-06,18.92,18.96,18.45,18.72,29928553.0
2015-08-07,18.45,18.53,18.0,18.44,23718250.0
2015-08-10,18.58,18.96,18.32,18.82,25232391.0
2015-08-11,18.63,18.63,17.68,17.88,22959210.0
2015-08-12,17.72,18.33,17.52,18.19,20484514.0
2015-08-13,18.23,18.38,17.67,17.7,15468644.0
2015-08-14,17.76,17.99,16.82,16.95,37248183.0
2015-08-17,16.47,17.26,16.12,17.22,33000954.0
2015-08-18,16.92,17.0,16.27,16.38,32424349.0
2015-08-19,16.22,16.35,15.88,15.9,36873998.0
2015-08-20,15.35,15.37,14.66,14.74,54864211.0
2015-08-21,14.39,15.25,14.24,14.53,43715791.0
2015-08-24,13.81,15.37,13.5,14.44,54531966.0
2015-08-25,15.18,15.34,14.26,14.27,38655096.0
2015-08-26,14.61,14.75,14.11,14.42,43819738.0
2015-08-27,14.63,15.93,14.63,15.67,42971809.0
2015-08-28,16.15,16.54,15.61,15.96,34099384.0
2015-08-31,15.91,16.69,15.46,16.41,32916850.0
2015-09-01,15.8,16.21,15.68,15.82,27914151.0
2015-09-02,16.09,16.31,15.74,16.29,23478540.0
2015-09-03,16.37,17.21,16.26,16.59,26377229.0
2015-09-04,16.3,17.3,16.26,16.82,32420836.0
2015-09-08,17.55,17.75,17.05,17.53,26817016.0
2015-09-09,17.9,17.97,16.84,16.96,32951118.0
2015-09-10,16.81,17.42,16.71,17.2,20814271.0
2015-09-11,17.02,17.17,16.71,16.8,22107586.0
2015-09-14,16.9,16.92,16.36,16.7,15178741.0
2015-09-15,16.86,16.86,16.46,16.52,21319391.0
2015-09-16,16.5,16.7,16.31,16.68,22363222.0
2015-09-17,16.68,16.81,16.31,16.41,22827633.0
2015-09-18,16.12,16.19,15.36,15.5,36698238.0
2015-09-21,15.62,15.98,15.46,15.75,19024495.0
2015-09-22,15.38,15.82,15.17,15.41,22763938.0
2015-09-23,15.43,15.43,14.8,14.81,22567864.0
2015-09-24,14.8,15.52,14.6,15.34,32800793.0
2015-09-25,15.34,15.59,14.65,14.91,28917267.0
2015-09-28,14.67,14.73,13.92,14.06,30448563.0
2015-09-29,14.26,14.69,14.15,14.38,25529152.0
2015-09-30,14.73,15.33,14.7,14.98,28066304.0
2015-10-01,14.99,15.04,14.5,14.77,37460484.0
2015-10-02,15.22,15.95,15.15,15.91,49688212.0
2015-10-05,16.32,17.84,16.2,17.57,63718650.0
2015-10-06,17.6,18.3,17.34,18.22,52109956.0
2015-10-07,18.39,18.92,18.22,18.62,41913528.0
2015-10-08,18.59,19.1,18.45,18.72,33619570.0
2015-10-09,18.63,18.85,17.9,18.16,23392503.0
2015-10-12,18.54,18.63,17.72,18.03,22494695.0
2015-10-13,17.81,18.56,17.74,18.18,21778465.0
2015-10-14,18.75,19.3,18.52,18.82,34627894.0
2015-10-15,18.87,19.15,18.5,18.66,20397672.0
2015-10-16,18.74,18.83,18.23,18.5,15587130.0
2015-10-19,18.37,19.22,18.32,19.16,27543294.0
2015-10-20,18.89,19.05,16.61,17.09,67592468.0
2015-10-21,16.49,16.93,15.93,16.43,49193490.0
2015-10-22,16.4,17.01,16.07,16.72,33986076.0
2015-10-23,16.9,17.32,16.81,17.24,22439416.0
2015-10-26,17.17,17.25,16.5,16.58,14901422.0
2015-10-27,16.52,16.8,16.52,16.68,14697555.0
2015-10-28,16.77,17.11,16.58,16.92,15151668.0
2015-10-29,16.69,16.74,16.19,16.21,17073818.0
2015-10-30,16.37,16.62,16.2,16.56,19248404.0
2015-11-02,16.96,17.29,16.8,17.09,18767115.0
2015-11-03,17.1,17.99,17.09,17.84,22131514.0
2015-11-04,18.0,18.05,17.1,17.44,19246886.0
2015-11-05,17.52,17.72,16.36,16.51,26766959.0
2015-11-06,16.44,16.77,16.1,16.45,18047826.0
2015-11-09,16.36,16.45,15.8,15.84,23642983.0
2015-11-10,15.74,15.85,15.42,15.55,24591720.0
2015-11-11,15.64,15.79,15.47,15.5,16199810.0
2015-11-12,15.28,15.75,15.28,15.35,14296775.0
2015-11-13,15.3,15.38,14.86,15.0,21071244.0
2015-11-16,14.95,15.2,14.65,14.89,23731826.0
2015-11-17,14.94,15.73,14.94,15.28,25249605.0
2015-11-18,15.39,15.69,15.3,15.61,20071348.0
2015-11-19,15.71,16.28,15.71,15.87,18278894.0
2015-11-20,16.0,16.1,15.34,15.43,24068891.0
2015-11-23,15.53,15.67,15.07,15.32,14048988.0
2015-11-24,15.22,15.66,15.15,15.63,12222478.0
2015-11-25,15.4,15.78,15.35,15.58,10003319.0
2015-11-27,15.55,15.64,15.47,15.56,5018952.0
2015-11-30,15.59,16.01,15.5,15.93,13495276.0
2015-12-01,16.19,16.63,16.12,16.55,20138338.0
2015-12-02,16.49,16.59,15.72,15.82,16121138.0
2015-12-03,15.95,16.2,15.5,15.61,15210101.0
2015-12-04,15.54,15.93,15.4,15.5,19068501.0
2015-12-07,15.37,15.47,14.71,14.85,23579078.0
2015-12-08,14.61,14.7,14.42,14.6,18187971.0
2015-12-09,14.6,14.67,14.24,14.32,20917072.0
2015-12-10,14.29,14.8,14.26,14.66,14816962.0
2015-12-11,14.4,14.44,13.99,14.04,23718101.0
2015-12-14,14.43,14.48,13.51,13.66,35210609.0
2015-12-15,13.75,14.37,13.74,14.18,26455808.0
2015-12-16,14.36,14.45,13.78,14.07,21968209.0
2015-12-17,14.65,14.77,14.25,14.32,29024397.0
2015-12-18,14.38,14.73,14.26,14.36,38534155.0
2015-12-21,14.44,14.79,14.33,14.77,22217309.0
2015-12-22,14.8,14.95,14.52,14.61,27101144.0
2015-12-23,13.72,14.3,13.55,14.3,59121392.0
2015-12-24,14.2,14.59,14.19,14.48,14285507.0
2015-12-28,14.45,14.51,14.05,14.19,17658506.0
2015-12-29,14.35,14.51,14.23,14.34,16104232.0
2015-12-30,14.27,14.44,14.1,14.16,10943662.0
2015-12-31,14.1,14.29,14.03,14.16,13249373.0
2016-01-04,13.83,14.36,13.81,14.33,22622344.0
2016-01-05,14.42,15.08,14.36,14.82,29806688.0
2016-01-06,14.5,14.69,14.11,14.22,26835066.0
2016-01-07,13.86,14.27,13.63,13.66,26029226.0
2016-01-08,13.85,13.95,13.29,13.33,29064233.0
2016-01-11,13.37,13.46,12.21,12.53,43159136.0
2016-01-12,12.72,13.24,12.4,12.72,25671317.0
2016-01-13,12.78,12.97,11.91,12.06,35319840.0
2016-01-14,12.08,12.26,11.53,12.02,35810369.0
2016-01-15,11.35,11.66,10.91,11.08,37164602.0
2016-01-19,11.28,11.37,10.71,10.8,38131273.0
2016-01-20,10.38,10.39,9.31,10.05,65210408.0
2016-01-21,10.43,10.9,10.13,10.85,52299097.0
2016-01-22,11.18,11.57,10.88,11.07,35091286.0
2016-01-25,11.06,11.17,10.47,10.48,23874846.0
2016-01-26,10.55,10.72,10.36,10.55,26179459.0
2016-01-27,10.57,10.83,10.32,10.39,23013482.0
2016-01-28,10.48,10.55,9.71,9.89,37390362.0
2016-01-29,9.99,11.05,9.94,11.03,38448149.0
2016-02-01,11.0,11.1,10.51,10.96,25824811.0
2016-02-02,10.77,11.07,10.48,10.59,22090260.0
2016-02-03,10.67,10.86,10.18,10.76,18098114.0
2016-02-04,10.71,11.55,10.7,11.23,26164118.0
2016-02-05,11.15,11.38,10.76,11.0,22658142.0
2016-02-08,10.71,10.76,9.94,10.17,27424357.0
2016-02-09,10.01,10.34,9.75,9.98,30178641.0
2016-02-10,10.08,10.28,9.82,9.9,22090512.0
2016-02-11,9.72,9.95,9.45,9.69,27105704.0
2016-02-12,9.88,10.24,9.48,10.02,23857045.0
2016-02-16,10.36,10.87,10.31,10.81,27494145.0
2016-02-17,10.97,11.65,10.92,11.43,34404731.0
2016-02-18,11.57,11.75,11.32,11.49,21616107.0
2016-02-19,11.39,11.39,10.95,11.16,17907142.0
2016-02-22,11.37,11.44,10.9,11.05,20001687.0
2016-02-23,11.0,11.08,10.39,10.49,22686754.0
2016-02-24,10.25,10.67,10.06,10.64,18551792.0
2016-02-25,10.67,10.74,10.21,10.72,16153868.0
2016-02-26,10.8,11.0,10.57,10.7,16418780.0
2016-02-29,10.65,10.89,10.52,10.63,20720002.0
2016-03-01,10.77,11.1,10.59,11.07,15638679.0
2016-03-02,11.0,11.69,10.97,11.68,18197482.0
2016-03-03,11.73,11.85,11.6,11.79,16323307.0
2016-03-04,11.8,12.29,11.6,11.88,35279464.0
2016-03-07,11.46,11.78,11.05,11.58,27783251.0
2016-03-08,11.44,11.45,10.65,10.66,29648369.0
2016-03-09,10.74,10.91,10.53,10.81,15133844.0
2016-03-10,10.95,11.06,10.66,10.88,17770398.0
2016-03-11,10.99,11.4,10.85,11.39,17261187.0
2016-03-14,11.34,11.34,11.01,11.15,13531318.0
2016-03-15,11.15,11.15,10.72,10.85,15156512.0
2016-03-16,10.71,10.89,10.55,10.72,20471789.0
2016-03-17,10.72,11.0,10.6,10.87,19976779.0
2016-03-18,10.84,11.17,10.75,11.14,44827093.0
2016-03-21,11.14,11.6,11.08,11.53,18083037.0
2016-03-22,11.45,11.6,11.33,11.44,13463376.0
2016-03-23,11.43,11.46,10.63,10.65,29424325.0
2016-03-24,10.5,10.6,10.33,10.5,22822757.0
2016-03-28,10.5,10.59,10.25,10.38,22898770.0
2016-03-29,10.15,10.53,10.1,10.45,30891551.0
2016-03-30,10.51,10.95,10.4,10.48,35166672.0
2016-03-31,10.31,10.49,10.01,10.47,48134180.0
2016-04-01,10.33,11.07,10.24,11.03,28458283.0
2016-04-04,11.06,11.22,10.78,10.8,22475232.0
2016-04-05,10.63,10.72,10.38,10.4,20760252.0
2016-04-06,10.42,10.48,10.25,10.47,18412989.0
2016-04-07,10.43,10.65,10.39,10.51,19470184.0
2016-04-08,10.64,10.89,10.57,10.72,18949993.0
2016-04-11,10.75,10.92,10.44,10.45,18258001.0
2016-04-12,10.51,10.54,10.05,10.17,25679556.0
2016-04-13,10.3,10.9,10.2,10.88,26108935.0
2016-04-14,10.74,10.79,10.39,10.4,17778063.0
2016-04-15,10.73,10.78,10.46,10.69,25325159.0
2016-04-18,10.63,11.1,10.56,10.89,26372815.0
2016-04-19,11.02,11.08,10.6,10.72,21005663.0
2016-04-20,10.63,10.77,10.5,10.75,19268560.0
2016-04-21,10.8,10.89,10.6,10.65,15629486.0
2016-04-22,10.66,10.81,10.5,10.66,18715196.0
2016-04-25,10.67,10.88,10.48,10.55,22500034.0
2016-04-26,10.81,11.65,10.71,11.51,47098054.0
2016-04-27,11.33,11.61,11.2,11.56,24353409.0
2016-04-28,11.53,12.41,11.52,11.62,41186388.0
2016-04-29,11.63,11.69,10.65,10.75,40162144.0
2016-05-02,10.8,10.86,10.43,10.62,23794773.0
2016-05-03,10.49,10.62,10.25,10.36,27847586.0
2016-05-04,10.25,10.49,9.8,10.0,40867211.0
2016-05-05,10.07,10.4,10.01,10.06,26456328.0
2016-05-06,9.98,10.21,9.85,9.99,20963287.0
2016-05-09,10.0,10.07,9.76,9.87,20476720.0
2016-05-10,9.94,10.11,9.84,10.09,19608163.0
2016-05-11,10.02,10.33,10.01,10.1,17808370.0
2016-05-12,10.15,10.26,9.35,9.63,41066565.0
2016-05-13,9.66,9.79,9.41,9.56,21517340.0
2016-05-16,9.61,9.69,9.51,9.68,16247585.0
2016-05-17,9.65,9.92,9.5,9.67,22112070.0
2016-05-18,9.68,10.28,9.68,10.05,27017481.0
2016-05-19,10.0,10.26,9.92,10.07,18852915.0
2016-05-20,10.31,10.81,10.28,10.8,31189686.0
2016-05-23,10.84,11.17,10.82,11.14,28369196.0
2016-05-24,11.31,11.5,11.16,11.49,25437300.0
2016-05-25,11.59,11.78,11.42,11.6,29207673.0
2016-05-26,11.71,12.03,11.69,11.95,23644073.0
2016-05-27,11.97,12.43,11.83,12.31,29838426.0
2016-05-31,12.65,12.91,12.26,12.72,49604325.0
2016-06-01,12.61,13.09,12.31,13.09,35762055.0
2016-06-02,12.95,13.21,12.75,13.11,31941886.0
2016-06-03,13.02,13.04,12.63,12.86,28326022.0
2016-06-06,12.89,13.04,12.76,12.77,24861230.0
2016-06-07,12.83,13.15,12.81,13.0,21409543.0
2016-06-08,13.09,13.09,12.51,12.58,25869795.0
2016-06-09,12.45,12.7,12.24,12.51,21881739.0
2016-06-10,12.32,12.37,12.05,12.14,21439308.0
2016-06-13,12.0,12.36,11.94,12.05,15570211.0
2016-06-14,12.07,12.32,11.74,11.92,21913156.0
2016-06-15,12.16,12.25,11.95,12.02,17491711.0
2016-06-16,11.87,11.99,11.58,11.95,22453124.0
2016-06-17,11.97,12.35,11.95,12.2,20604243.0
2016-06-20,12.5,12.66,12.29,12.32,21481659.0
2016-06-21,12.54,12.83,12.42,12.75,25060548.0
2016-06-22,12.78,13.04,12.67,12.72,26968150.0
2016-06-23,13.41,14.16,13.41,14.05,71202971.0
2016-06-24,13.5,13.85,13.13,13.21,77486062.0
2016-06-27,13.13,13.24,12.1,12.23,45939547.0
2016-06-28,12.62,13.05,12.62,12.99,34838098.0
2016-06-29,13.3,13.42,12.94,13.19,36879795.0
2016-06-30,13.34,13.78,13.22,13.76,48486133.0
2016-07-01,12.56,12.9,12.31,12.5,68847094.0
2016-07-05,12.38,12.45,11.8,11.91,37298860.0
2016-07-06,11.76,11.85,11.5,11.73,35747849.0
2016-07-07,11.9,12.55,11.89,12.2,33457144.0
2016-07-08,12.39,12.72,12.38,12.62,27955735.0
2016-07-11,12.79,12.98,12.61,12.64,22797147.0
2016-07-12,13.0,13.46,12.98,13.23,35226755.0
2016-07-13,13.23,13.39,13.07,13.29,23067396.0
2016-07-14,13.5,13.55,13.27,13.29,18698912.0
2016-07-15,13.31,13.5,13.04,13.13,18046227.0
2016-07-18,13.25,13.36,13.09,13.34,17180502.0
2016-07-19,13.22,13.26,13.05,13.22,30569879.0
2016-07-20,13.33,13.62,13.24,13.59,35665960.0
2016-07-21,13.48,13.5,13.08,13.18,16734740.0
2016-07-22,13.21,13.23,13.02,13.13,18755858.0
2016-07-25,14.0,14.33,13.88,13.92,51356951.0
2016-07-26,14.0,14.69,13.93,14.67,38959762.0
2016-07-27,14.85,14.89,14.06,14.19,35035816.0
2016-07-28,14.13,14.19,13.7,13.81,25504204.0
2016-07-29,13.91,13.94,13.62,13.74,21792899.0
2016-08-01,13.81,13.92,13.55,13.56,16363941.0
2016-08-02,13.55,13.58,13.02,13.4,23707639.0
2016-08-03,13.27,13.58,13.27,13.51,17316605.0
2016-08-04,13.61,14.2,13.6,14.03,23400072.0
2016-08-05,14.2,14.78,14.2,14.52,29098372.0
2016-08-08,14.53,14.72,14.38,14.42,16163524.0
2016-08-09,14.56,14.7,14.4,14.48,12573716.0
2016-08-10,14.48,14.5,14.03,14.2,15003183.0
2016-08-11,14.25,14.49,14.21,14.43,14451251.0
2016-08-12,14.45,14.99,14.43,14.93,24909905.0
2016-08-15,15.09,15.7,15.08,15.53,29105196.0
2016-08-16,15.58,15.59,15.23,15.49,21872688.0
2016-08-17,15.54,15.76,15.46,15.52,22552119.0
2016-08-18,15.55,15.8,15.51,15.77,16590746.0
2016-08-19,16.16,16.45,16.03,16.25,35059370.0
2016-08-22,16.08,16.43,15.91,16.19,22145768.0
2016-08-23,16.27,16.54,16.14,16.18,23741423.0
2016-08-24,16.2,16.24,15.38,15.51,26686933.0
2016-08-25,15.9,16.55,15.88,16.2,34837771.0
2016-08-26,16.34,16.81,16.28,16.51,24243670.0
2016-08-29,16.94,17.25,16.61,16.91,34467790.0
2016-08-30,17.0,17.01,16.51,16.74,23620941.0
2016-08-31,16.7,16.74,16.14,16.49,21963655.0
2016-09-01,16.61,16.8,16.3,16.64,15719453.0
2016-09-02,16.96,16.97,16.57,16.7,16099536.0
2016-09-06,16.8,17.08,16.75,17.01,22998632.0
2016-09-07,17.21,17.35,17.02,17.16,23023491.0
2016-09-08,17.18,17.86,16.88,17.45,39212054.0
2016-09-09,17.33,17.74,16.69,16.81,31389592.0
2016-09-12,16.58,17.2,16.37,17.15,28239183.0
2016-09-13,16.92,17.15,16.46,16.75,24345814.0
2016-09-14,16.88,17.08,16.65,16.93,18635625.0
2016-09-15,16.9,17.46,16.85,17.45,24321661.0
2016-09-16,18.08,18.08,17.34,17.48,37447381.0
2016-09-19,17.63,17.77,16.85,16.95,23999927.0
2016-09-20,17.05,17.27,16.72,16.92,17775812.0
2016-09-21,17.25,17.7,17.23,17.66,31384949.0
2016-09-22,17.89,18.05,17.41,17.59,25278043.0
2016-09-23,17.45,17.74,17.43,17.48,17947621.0
2016-09-26,17.35,17.6,17.18,17.36,19567204.0
2016-09-27,17.55,18.08,17.35,18.0,28620966.0
2016-09-28,18.16,18.16,17.15,17.44,42715601.0
2016-09-29,17.45,17.78,17.35,17.54,31870194.0
2016-09-30,17.75,18.0,17.58,17.78,21363073.0
2016-10-03,17.99,18.02,17.6,17.73,26856131.0
2016-10-04,17.98,18.04,17.66,17.8,54502815.0
2016-10-05,17.58,18.33,17.28,17.7,67739499.0
2016-10-06,17.64,17.89,17.54,17.73,21606840.0
2016-10-07,17.72,17.8,17.3,17.61,23848990.0
2016-10-10,17.72,17.84,17.49,17.5,18857618.0
2016-10-11,17.4,17.47,16.53,16.86,38070237.0
2016-10-12,16.88,17.04,16.67,16.78,17901774.0
2016-10-13,16.56,17.0,16.17,16.85,28593655.0
2016-10-14,17.03,17.41,16.99,17.13,23539801.0
2016-10-17,17.02,17.17,16.94,16.99,12657797.0
2016-10-18,17.21,17.66,17.2,17.41,20185708.0
2016-10-19,17.0,17.25,16.85,17.22,18588176.0
2016-10-20,17.05,17.5,17.05,17.2,17066260.0
2016-10-21,17.0,17.07,16.8,16.94,18691403.0
2016-10-24,17.07,17.16,16.97,17.06,13838733.0
2016-10-25,17.1,17.61,17.1,17.54,27444029.0
2016-10-26,17.3,17.93,17.2,17.64,23610533.0
2016-10-27,17.82,17.9,17.4,17.53,21198258.0
2016-10-28,17.5,17.67,17.1,17.2,20832423.0
2016-10-31,17.54,17.76,17.16,17.16,23267609.0
2016-11-01,17.2,17.41,16.58,16.98,27146092.0
2016-11-02,16.95,17.01,16.5,16.68,24949749.0
2016-11-03,16.66,16.81,16.56,16.62,17255092.0
2016-11-04,16.46,17.02,16.45,16.68,18026593.0
2016-11-07,17.02,17.43,17.02,17.38,21673246.0
2016-11-08,17.36,17.55,17.06,17.41,18062694.0
2016-11-09,16.95,17.35,16.75,17.2,33873254.0
2016-11-10,17.35,17.76,16.75,16.99,30282198.0
2016-11-11,17.08,17.68,16.9,17.67,31043283.0
2016-11-14,17.77,17.98,17.53,17.71,26313257.0
2016-11-15,17.66,18.17,17.66,18.1,25153907.0
2016-11-16,17.94,18.33,17.93,18.24,21628990.0
2016-11-17,18.35,19.33,18.25,19.18,45958053.0
2016-11-18,18.9,19.33,18.85,19.21,29121570.0
2016-11-21,19.39,19.67,19.34,19.49,22743987.0
2016-11-22,19.64,19.8,19.45,19.74,22219087.0
2016-11-23,19.63,19.93,19.47,19.91,20041278.0
2016-11-25,19.95,20.44,19.79,20.13,16308002.0
2016-11-28,20.18,20.28,19.94,19.99,22205885.0
2016-11-29,19.92,20.2,19.38,19.42,37924427.0
2016-11-30,19.59,19.76,19.36,19.53,26031699.0
2016-12-01,19.7,19.83,18.18,18.48,40713063.0
2016-12-02,18.46,19.2,18.3,18.79,25887613.0
2016-12-05,19.0,19.0,18.4,18.61,26635463.0
2016-12-06,18.62,19.09,18.58,19.06,22267802.0
2016-12-07,19.47,20.54,19.3,20.44,44735727.0
2016-12-08,20.75,20.99,20.29,20.66,36257447.0
2016-12-09,20.79,20.85,20.13,20.5,23977968.0
2016-12-12,20.3,20.51,19.49,20.02,28676097.0
2016-12-13,20.14,20.47,19.8,20.13,26252421.0
2016-12-14,19.93,20.33,19.78,20.02,19489145.0
2016-12-15,20.1,20.5,19.98,20.29,19453058.0
2016-12-16,20.53,21.0,20.19,20.27,36643362.0
2016-12-19,20.43,20.7,20.19,20.35,23555890.0
2016-12-20,20.73,20.8,20.47,20.65,23018501.0
2016-12-21,20.75,20.83,20.34,20.58,32034495.0
2016-12-22,22.96,23.49,22.77,23.19,85869969.0
2016-12-23,23.07,23.49,23.06,23.26,27780138.0
2016-12-27,23.33,23.64,23.21,23.3,24214104.0
2016-12-28,23.4,23.41,22.76,22.78,24026860.0
2016-12-29,22.58,22.8,22.15,22.27,19890479.0
2016-12-30,22.34,22.4,21.75,21.92,20268891.0
2017-01-03,22.07,22.74,22.05,22.55,24962867.0
2017-01-04,22.67,22.84,22.25,22.36,20426819.0
2017-01-05,22.4,22.57,21.96,22.11,19759381.0
2017-01-06,22.27,22.28,21.98,22.04,17782160.0
2017-01-09,21.94,22.55,21.94,22.34,21537171.0
2017-01-10,22.36,22.69,22.3,22.48,20644345.0
2017-01-11,22.61,22.88,22.56,22.79,20907746.0
2017-01-12,22.46,22.48,21.7,22.31,27592288.0
2017-01-13,22.29,22.31,21.99,22.18,14025660.0
2017-01-17,21.92,22.07,21.58,21.74,20053761.0
2017-01-18,21.68,22.34,21.53,22.32,19493417.0
2017-01-19,21.5,22.3,21.49,21.71,31259017.0
2017-01-20,21.9,22.33,21.89,21.96,19978669.0
2017-01-23,21.96,22.31,21.74,21.89,16070257.0
2017-01-24,22.27,23.08,22.26,22.85,29461353.0
2017-01-25,23.4,23.98,23.19,23.56,33384707.0
2017-01-26,23.85,23.99,23.29,23.52,19379092.0
2017-01-27,23.53,24.1,23.45,23.97,18626054.0
2017-01-30,23.82,24.24,23.43,24.18,30508099.0
2017-01-31,23.95,24.15,23.68,24.11,22712508.0
2017-02-01,24.46,24.85,24.31,24.75,28728167.0
2017-02-02,24.53,25.31,24.46,24.79,45499729.0
2017-02-03,24.9,25.24,24.5,24.6,25054360.0
2017-02-06,24.53,24.73,24.21,24.34,18900002.0
2017-02-07,24.59,24.69,24.21,24.6,19879272.0
2017-02-08,24.25,24.38,23.91,24.21,21559205.0
2017-02-09,24.75,24.89,24.42,24.45,27887385.0
2017-02-10,24.73,24.76,23.9,24.05,28578398.0
2017-02-13,24.07,24.2,23.82,23.9,16876390.0
2017-02-14,23.34,23.37,22.68,23.12,60685229.0
2017-02-15,23.07,23.26,22.79,23.02,28215808.0
2017-02-16,23.04,23.34,22.85,22.98,23819848.0
2017-02-17,23.01,23.38,23.01,23.35,22108736.0
2017-02-21,23.68,23.98,23.58,23.77,20256331.0
2017-02-22,23.86,24.06,23.65,23.75,16013317.0
2017-02-23,23.92,23.97,23.23,23.48,20172926.0
2017-02-24,22.96,23.26,22.64,23.24,22019587.0
2017-02-27,23.36,23.77,23.15,23.76,17999814.0
2017-02-28,23.77,23.95,23.32,23.44,21447514.0
2017-03-01,24.16,24.58,24.07,24.55,27989312.0
2017-03-02,24.9,25.25,24.38,24.7,45941859.0
2017-03-03,25.2,25.68,24.98,25.57,37971610.0
2017-03-06,25.5,25.92,25.17,25.71,25527754.0
2017-03-07,25.56,25.75,25.28,25.64,20313002.0
2017-03-08,25.64,25.83,25.04,25.38,24921136.0
2017-03-09,25.23,25.49,24.85,25.15,21786556.0
2017-03-10,25.27,25.75,24.81,25.18,28919045.0
2017-03-13,25.39,25.82,25.29,25.7,23768209.0
2017-03-14,25.7,25.7,25.25,25.58,14587546.0
2017-03-15,25.18,26.15,24.93,26.12,29779850.0
2017-03-16,26.2,26.23,25.83,26.04,19147312.0
2017-03-17,25.86,25.91,25.4,25.8,19126498.0
2017-03-20,25.99,26.61,25.81,26.21,26918811.0
2017-03-21,26.37,26.44,25.43,25.52,28397518.0
2017-03-22,25.73,26.15,25.63,26.06,25092530.0
2017-03-23,26.36,26.49,26.04,26.47,47118274.0
2017-03-24,29.7,29.87,28.16,28.43,107481789.0
2017-03-27,28.1,29.18,28.07,28.76,48189996.0
2017-03-28,28.73,29.06,28.62,28.69,24776375.0
2017-03-29,28.6,28.68,28.35,28.5,23060612.0
2017-03-30,28.4,29.0,28.33,28.97,25092660.0
2017-03-31,29.18,29.36,28.9,28.9,32337822.0
2017-04-03,28.95,29.04,28.3,28.64,21629078.0
2017-04-04,28.47,28.68,28.16,28.59,13957931.0
2017-04-05,28.64,28.91,28.23,28.26,22389904.0
2017-04-06,28.25,28.78,28.02,28.62,19423730.0
2017-04-07,28.45,28.85,28.35,28.52,20325474.0
2017-04-10,28.39,28.49,27.58,27.64,27422050.0
2017-04-11,27.5,27.54,26.68,27.18,38619254.0
2017-04-12,27.42,27.43,26.66,26.69,24621861.0
2017-04-13,26.55,27.23,26.36,26.74,26077466.0
2017-04-17,26.9,27.22,26.83,27.13,14108578.0
2017-04-18,27.0,27.34,26.9,27.14,14407057.0
2017-04-19,27.4,27.55,27.05,27.26,21231909.0
2017-04-20,27.5,28.08,27.5,27.96,23632981.0
2017-04-21,28.0,28.03,27.16,27.32,28361662.0
2017-04-24,27.74,27.76,26.52,26.57,44041032.0
2017-04-25,26.71,27.02,26.36,26.99,22881446.0
2017-04-26,26.58,27.07,26.39,26.79,24670741.0
2017-04-27,27.17,27.65,27.09,27.63,24626933.0
2017-04-28,28.02,28.2,27.51,27.67,28105074.0
2017-05-01,27.8,28.38,27.72,28.29,23937955.0
2017-05-02,28.28,28.28,27.45,27.77,25335263.0
2017-05-03,27.55,28.1,27.55,28.0,15061274.0
2017-05-04,27.94,28.16,27.72,27.79,15544635.0
2017-05-05,27.8,28.22,27.62,28.2,15639616.0
2017-05-08,27.56,28.07,27.28,28.06,32326826.0
2017-05-09,28.07,28.9,28.06,28.81,31073381.0
2017-05-10,28.93,29.41,28.8,29.32,29267456.0
2017-05-11,29.16,29.31,28.69,29.03,22494565.0
2017-05-12,29.1,29.12,28.68,28.93,15902721.0
2017-05-15,29.08,29.19,28.73,28.83,21899866.0
2017-05-16,28.92,29.08,28.57,29.02,14940842.0
2017-05-17,28.36,28.51,26.96,27.0,38027938.0
2017-05-18,27.19,27.89,27.08,27.48,26862953.0
2017-05-19,27.78,28.16,27.73,27.82,19173238.0
2017-05-22,28.2,28.25,27.65,28.06,18032725.0
2017-05-23,28.08,28.31,27.56,28.29,21800825.0
2017-05-24,28.47,29.12,28.44,28.99,22353013.0
2017-05-25,29.2,29.66,29.19,29.43,20714035.0
2017-05-26,29.27,29.77,28.88,29.76,17784830.0
2017-05-30,29.95,30.87,29.88,30.7,34689995.0
2017-05-31,31.01,31.1,30.32,30.77,26402938.0
2017-06-01,30.75,30.83,30.28,30.76,20534768.0
2017-06-02,30.8,31.38,30.53,31.21,20206337.0
2017-06-05,31.3,31.75,31.07,31.21,24360840.0
2017-06-06,31.03,31.77,30.87,31.57,33125833.0
2017-06-07,31.7,32.55,31.7,32.5,32635843.0
2017-06-08,32.77,32.86,31.88,32.45,29156452.0
2017-06-09,32.67,32.93,29.55,30.6,53064220.0
2017-06-12,30.06,31.68,29.21,31.2,46550935.0
2017-06-13,31.75,32.24,30.77,31.54,33767863.0
2017-06-14,31.78,31.79,30.85,31.06,28934950.0
2017-06-15,30.48,30.97,30.08,30.56,33670601.0
2017-06-16,30.63,31.0,29.82,29.86,42881748.0
2017-06-19,30.5,31.25,30.33,31.2,24914991.0
2017-06-20,31.42,31.58,30.73,30.83,25793318.0
2017-06-21,31.18,32.15,31.06,32.01,30578970.0
2017-06-22,32.07,32.4,31.76,31.89,23050843.0
2017-06-23,31.89,32.08,31.64,31.73,45323751.0
2017-06-26,32.45,32.96,31.95,32.5,34750713.0
2017-06-27,32.51,32.67,31.61,31.66,33221485.0
2017-06-28,32.07,32.28,31.44,32.24,28415907.0
2017-06-29,32.24,32.39,30.64,31.47,53948379.0
2017-06-30,32.12,32.15,29.71,29.86,73308042.0
2017-07-03,30.1,30.28,28.56,29.14,36830403.0
2017-07-05,29.55,30.56,29.55,30.51,40444551.0
2017-07-06,30.0,30.48,29.92,30.1,27143769.0
2017-07-07,30.22,30.5,29.98,30.2,22023123.0
2017-07-10,30.14,30.59,29.75,30.5,24907897.0
2017-07-11,30.55,31.39,30.51,31.37,28530452.0
2017-07-12,31.77,31.78,31.16,31.45,22258626.0
2017-07-13,31.62,31.85,30.84,31.13,23772962.0
2017-07-14,31.35,31.95,31.26,31.79,28887561.0
2017-07-17,31.67,31.86,31.44,31.72,22320462.0
2017-07-18,31.64,31.91,31.4,31.9,14044969.0
2017-07-19,32.05,32.35,31.65,31.82,19984126.0
2017-07-20,31.96,32.02,31.42,32.0,23179334.0
2017-07-21,31.87,32.1,31.62,32.01,21146582.0
2017-07-24,32.0,32.01,31.5,31.67,17415458.0
2017-07-25,30.8,30.83,29.65,29.9,51216365.0
2017-07-26,29.82,30.05,29.68,29.81,26387364.0
2017-07-27,30.27,31.3,29.66,30.24,38966958.0
2017-07-28,29.92,29.98,28.96,29.28,31854933.0
2017-07-31,29.43,29.55,27.87,28.12,41112692.0
2017-08-01,28.22,28.93,27.83,28.34,28221633.0
2017-08-02,28.96,29.43,28.22,28.63,27225990.0
2017-08-03,28.37,28.4,27.61,27.83,30288415.0
2017-08-04,27.86,28.3,27.27,27.92,23947545.0
2017-08-07,27.93,28.6,27.8,28.59,16589271.0
2017-08-08,28.65,29.34,28.61,28.84,21903344.0
2017-08-09,28.53,28.89,28.36,28.58,14181838.0
2017-08-10,28.3,28.38,27.43,27.49,26147550.0
2017-08-11,27.45,28.04,26.85,28.01,23375939.0
2017-08-14,28.82,29.36,28.72,29.24,25254587.0
2017-08-15,29.5,29.81,29.14,29.68,23973633.0
2017-08-16,30.01,30.86,29.96,30.69,37879476.0
2017-08-17,30.32,30.53,29.61,29.62,26152486.0
2017-08-18,29.96,30.6,29.76,30.38,31178131.0
2017-08-21,30.53,30.6,29.28,29.56,26247654.0
2017-08-22,29.77,30.54,29.77,30.45,18821168.0
2017-08-23,29.97,30.74,29.87,30.45,21200433.0
2017-08-24,30.55,30.63,30.11,30.22,18056826.0
2017-08-25,30.3,30.39,30.05,30.29,13929789.0
2017-08-28,30.43,31.21,30.42,31.08,22530969.0
2017-08-29,30.75,31.53,30.7,31.48,23151883.0
2017-08-30,31.65,31.68,31.38,31.61,17467885.0
2017-08-31,31.61,32.02,31.48,31.97,25693965.0
2017-09-01,32.25,32.88,32.13,32.6,26034048.0
2017-09-05,32.48,32.74,31.65,32.07,28957631.0
2017-09-06,32.07,32.7,32.06,32.25,29290247.0
2017-09-07,32.47,32.9,32.45,32.79,25353310.0
2017-09-08,32.8,33.02,32.31,32.45,19649272.0
2017-09-11,32.9,33.44,32.81,33.44,31012081.0
2017-09-12,33.69,34.54,33.56,34.29,38685769.0
2017-09-13,34.59,34.8,34.02,34.59,41588059.0
2017-09-14,34.43,34.85,34.3,34.58,23007009.0
2017-09-15,34.63,35.0,34.38,34.65,37417250.0
2017-09-18,35.13,35.8,35.02,35.43,41330122.0
2017-09-19,35.5,36.1,35.5,35.95,26392185.0
2017-09-20,36.03,36.6,35.34,35.97,42243016.0
2017-09-21,35.9,36.25,35.4,35.91,22464924.0
2017-09-22,35.61,36.22,35.6,36.07,21559760.0
2017-09-25,36.08,36.15,34.54,34.87,35607218.0
2017-09-26,35.23,35.37,34.09,34.18,55112580.0
2017-09-27,36.26,37.15,35.92,37.09,84593877.0
2017-09-28,37.15,38.46,36.82,37.96,52569885.0
2017-09-29,37.98,39.36,37.81,39.33,48711411.0
2017-10-02,39.65,40.37,39.36,40.01,54244828.0
2017-10-03,39.93,40.54,39.85,40.37,27322344.0
2017-10-04,40.14,40.43,38.91,39.56,37908412.0
2017-10-05,39.8,39.86,39.25,39.37,22501037.0
2017-10-06,39.0,39.67,38.81,39.67,25150300.0
2017-10-09,39.72,40.99,39.62,40.96,27279284.0
2017-10-10,41.4,42.0,40.45,41.98,48214149.0
2017-10-11,40.84,42.07,40.8,41.61,53023633.0
2017-10-12,41.21,41.75,40.29,40.58,66789764.0
2017-10-13,40.78,41.17,40.32,40.4,35371160.0
2017-10-16,40.86,41.57,40.51,41.49,33696798.0
2017-10-17,41.09,41.4,40.25,40.39,41233739.0
2017-10-18,41.04,41.95,40.81,41.65,43528014.0
2017-10-19,41.18,41.5,39.8,41.31,47675961.0
2017-10-20,42.0,42.17,41.44,41.5,36293718.0
2017-10-23,41.86,42.19,41.4,41.56,26844184.0
2017-10-24,41.83,42.01,41.43,41.6,26299381.0
2017-10-25,41.41,41.59,40.31,41.06,31061074.0
2017-10-26,41.18,41.18,40.31,40.6,27453458.0
2017-10-27,40.55,40.94,40.04,40.85,31094692.0
2017-10-30,40.73,41.86,40.68,41.65,29119545.0
2017-10-31,42.25,44.57,42.2,44.31,61972197.0
2017-11-01,44.79,45.33,43.78,44.38,38842930.0
2017-11-02,44.1,44.75,43.72,44.34,25812983.0
2017-11-03,44.77,45.0,43.35,43.71,27694556.0
2017-11-06,43.85,44.01,42.45,43.25,28840986.0
2017-11-07,43.58,44.24,43.33,43.95,32422853.0
2017-11-08,43.94,44.14,43.45,44.09,19519585.0
2017-11-09,43.68,43.69,42.58,43.5,32501073.0
2017-11-10,43.76,44.85,43.71,44.78,33840763.0
2017-11-13,44.55,45.87,44.19,45.6,30522349.0
2017-11-14,45.58,46.0,44.8,45.8,29899203.0
2017-11-15,45.25,45.74,44.62,45.36,22434488.0
2017-11-16,45.73,46.29,45.29,46.18,24192640.0
2017-11-17,46.49,46.55,45.73,46.16,22613342.0
2017-11-20,46.51,47.86,46.4,47.64,26974971.0
2017-11-21,48.39,49.63,48.15,49.4,35756582.0
2017-11-22,49.85,49.89,48.62,49.14,28711802.0
2017-11-24,49.32,49.88,49.03,49.68,14203317.0
2017-11-27,48.0,48.39,47.09,48.05,44469667.0
2017-11-28,48.3,48.86,47.82,47.93,30633204.0
2017-11-29,47.5,47.6,43.27,43.74,81370110.0
2017-11-30,44.17,44.53,41.86,42.39,63895683.0
2017-12-01,41.77,42.55,40.01,41.99,73138563.0
2017-12-04,41.95,42.29,39.07,39.9,73640476.0
2017-12-05,39.77,42.05,39.42,41.21,56540670.0
2017-12-06,40.82,41.74,40.3,41.58,39735324.0
2017-12-07,42.18,43.23,41.91,43.2,43188962.0
2017-12-08,44.05,44.58,42.87,43.21,44717757.0
2017-12-11,43.42,43.75,42.33,43.01,32823972.0
2017-12-12,42.71,42.85,41.71,41.86,28492257.0
2017-12-13,42.22,43.1,41.97,42.05,28565581.0
2017-12-14,42.29,42.73,41.88,42.24,24582804.0
2017-12-15,42.3,42.56,41.88,42.4,58721655.0
2017-12-18,43.38,43.73,42.99,43.71,35075469.0
2017-12-19,44.06,44.34,43.3,43.98,51048284.0
2017-12-20,46.65,46.8,44.86,45.75,84338229.0
2017-12-21,45.55,45.58,44.35,44.42,50486083.0
2017-12-22,44.16,44.94,43.94,44.12,30372505.0
2017-12-26,43.19,43.2,41.52,42.25,41966203.0
2017-12-27,42.22,43.07,42.03,42.48,24175057.0
2017-12-28,42.83,43.05,41.75,41.81,28999677.0
2017-12-29,41.82,41.84,40.77,41.12,44642115.0
2018-01-02,41.52,43.72,41.19,43.67,37097032.0
2018-01-03,44.48,45.05,44.05,44.98,43376664.0
2018-01-04,45.99,46.98,45.01,46.88,52229537.0
2018-01-05,46.13,46.65,45.38,45.8,47381089.0
2018-01-08,45.31,46.09,44.91,45.55,32217370.0
2018-01-09,45.27,45.55,42.77,42.97,62982860.0
2018-01-10,41.95,43.37,41.39,43.31,53347952.0
2018-01-11,43.52,44.0,42.62,42.82,39402219.0
2018-01-12,42.95,43.35,42.67,42.81,28458481.0
2018-01-16,43.0,43.86,42.42,42.92,38174769.0
2018-01-17,43.23,44.38,42.98,44.26,38077096.0
2018-01-18,44.3,44.65,43.91,43.99,25152064.0
2018-01-19,43.95,44.2,42.65,42.75,41469156.0
2018-01-22,42.52,42.88,41.68,42.88,37879367.0
2018-01-23,43.25,44.66,42.73,43.95,41334108.0
2018-01-24,43.7,43.95,42.74,43.08,31305715.0
2018-01-25,44.23,44.72,42.86,43.01,40519234.0
2018-01-26,43.22,43.81,43.03,43.67,27177473.0
2018-01-29,43.25,43.42,42.38,43.29,29455004.0
2018-01-30,42.0,42.79,41.47,41.67,38861906.0
2018-01-31,42.98,43.96,42.77,43.72,45114641.0
2018-02-01,43.04,44.09,42.1,42.49,35713522.0
2018-02-02,42.0,42.21,40.61,40.82,40657381.0
2018-02-05,40.13,41.53,39.01,39.4,45796837.0
2018-02-06,40.55,43.93,40.55,43.88,66972802.0
2018-02-07,43.35,43.56,41.74,42.01,51354784.0
2018-02-08,42.52,43.03,40.0,40.0,53794067.0
2018-02-09,41.05,41.19,37.52,40.41,65189252.0
2018-02-12,41.01,42.68,40.88,42.19,47941060.0
2018-02-13,42.0,42.92,41.98,42.63,30296775.0
2018-02-14,41.93,43.63,41.93,43.45,36765941.0
2018-02-15,43.66,43.92,42.26,43.5,35072341.0
2018-02-16,43.29,45.11,43.13,44.21,49404593.0
2018-02-20,44.13,45.27,43.9,44.9,36215897.0
2018-02-21,45.37,45.55,44.52,44.54,31618738.0
2018-02-22,44.78,44.83,44.04,44.25,24359578.0
2018-02-23,45.19,46.8,45.02,46.53,48476673.0
2018-02-26,46.93,48.23,46.7,47.98,41966130.0
2018-02-27,47.58,48.99,47.42,48.58,44731112.0
2018-02-28,48.8,49.46,48.35,48.81,45031445.0
2018-03-01,48.74,48.81,46.77,47.62,61278848.0
2018-03-02,46.36,49.25,45.95,49.11,52492924.0
2018-03-05,48.8,52.36,48.72,52.03,70984057.0
2018-03-06,53.4,54.64,53.21,53.74,73096298.0
2018-03-07,53.31,55.0,53.13,53.97,61669983.0
2018-03-08,54.59,55.47,54.3,55.22,51685913.0
2018-03-09,55.76,55.83,53.62,54.59,65504592.0
2018-03-12,56.42,61.17,56.35,59.37,138651643.0
2018-03-13,62.19,63.42,58.52,59.43,142315817.0
2018-03-14,59.32,60.06,57.56,59.78,80306937.0
2018-03-15,59.76,60.15,58.23,58.84,50963689.0
2018-03-16,60.0,60.69,59.21,60.58,69323134.0
2018-03-19,60.33,60.99,58.75,60.14,71373332.0
2018-03-20,60.1,61.25,59.8,61.15,53890478.0
2018-03-21,61.35,61.72,60.6,61.07,51220155.0
2018-03-22,60.0,60.3,58.11,58.92,74274842.0
2018-03-23,57.69,58.8,53.68,54.21,118369484.0
2018-03-26,56.35,56.71,52.72,55.56,70260721.0
2018-03-27,55.06,55.47,51.68,52.4,67785075.0
2018-03-28,51.93,53.35,50.7,51.49,62987534.0
2018-03-29,52.17,52.68,51.14,52.14,61458758.0
2018-04-02,51.55,51.72,49.56,50.06,59875497.0
2018-04-03,50.85,51.77,50.32,51.55,52436387.0
2018-04-04,49.62,53.5,49.26,53.39,60272778.0
2018-04-05,52.05,52.2,49.19,49.84,89203496.0
2018-04-06,47.72,50.48,47.26,48.46,79392188.0
2018-04-09,49.13,49.83,47.92,47.96,50533661.0
2018-04-10,49.25,50.75,48.63,50.48,50491011.0
2018-04-11,50.28,51.8,50.11,50.48,38942202.0
2018-04-12,51.12,52.92,51.1,52.59,46656328.0
2018-04-13,53.36,53.49,51.58,52.23,43598892.0
2018-04-16,52.25,52.48,51.32,51.65,30879466.0
2018-04-17,51.82,52.7,51.74,52.26,33325289.0
2018-04-18,51.45,54.27,50.68,54.01,55393632.0
2018-04-19,52.9,54.1,50.98,51.42,52634973.0
2018-04-20,51.5,52.07,50.15,50.62,38510750.0
2018-04-23,50.81,50.88,48.81,49.02,43692970.0
2018-04-24,49.66,50.26,46.44,47.11,61915374.0
2018-04-25,47.55,48.34,46.08,47.6,43781171.0
2018-04-26,49.28,50.18,48.83,50.14,39041386.0
2018-04-27,51.16,51.39,47.19,47.52,50049798.0
2018-04-30,47.06,47.69,45.31,45.98,54743790.0
2018-05-01,45.59,46.87,45.41,46.79,34154908.0
2018-05-02,45.91,46.74,45.68,45.89,31640905.0
2018-05-03,45.77,46.87,45.33,46.62,30489613.0
2018-05-04,46.38,47.7,46.14,47.58,28632166.0
2018-05-07,48.25,49.11,48.11,48.48,33996912.0
2018-05-08,48.53,48.86,47.88,48.57,25205522.0
2018-05-09,49.06,51.03,48.99,51.01,36489113.0
2018-05-10,51.78,52.68,51.6,52.66,37146281.0
2018-05-11,52.45,52.8,51.68,51.82,27646392.0
2018-05-14,52.99,53.71,52.86,53.0,33376279.0
2018-05-15,53.72,54.17,52.69,54.01,43307320.0
2018-05-16,55.6,56.91,55.48,56.5,59011916.0
2018-05-17,56.05,56.44,53.93,54.7,54832177.0
2018-05-18,53.6,54.65,52.85,53.39,46088834.0
2018-05-21,56.16,56.47,54.53,55.48,70858134.0
2018-05-22,59.05,60.5,58.3,59.03,111262746.0
2018-05-23,59.05,60.0,58.15,59.97,64066804.0
2018-05-24,60.22,61.99,59.56,61.49,74724960.0
2018-05-25,60.87,62.1,60.61,61.35,54715927.0
2018-05-29,61.4,63.98,61.35,62.62,75591946.0
2018-05-30,63.75,64.66,60.92,62.57,84737640.0
2018-05-31,60.29,60.29,57.17,57.59,101882197.0
2018-06-01,58.8,59.34,56.88,58.74,74761515.0
2018-06-04,57.45,59.16,56.62,59.1,64350519.0
2018-06-05,59.8,60.14,58.83,59.41,41711285.0
2018-06-06,59.33,59.59,58.3,59.42,36748973.0
2018-06-07,59.85,60.27,58.56,59.63,42264729.0
2018-06-08,58.63,61.6,58.22,61.39,57144868.0
2018-06-11,61.7,62.55,61.07,61.39,42251465.0
2018-06-12,61.8,61.85,59.94,60.55,43633349.0
2018-06-13,60.39,61.27,60.02,60.05,33281355.0
2018-06-14,60.59,60.59,58.67,59.18,43421919.0
2018-06-15,58.45,59.1,57.3,58.23,45854083.0
2018-06-18,57.55,58.6,56.87,58.45,36975630.0
2018-06-19,57.7,59.46,57.11,59.25,43486620.0
2018-06-20,60.18,61.12,58.8,58.95,57497606.0
2018-06-21,61.59,61.83,59.09,59.44,70419904.0
2018-06-22,60.25,60.41,57.02,57.1,63497506.0
2018-06-25,55.53,55.64,52.41,53.16,72196268.0
2018-06-26,54.4,54.77,53.61,54.59,42277106.0
2018-06-27,55.08,55.35,52.16,52.26,53007505.0
2018-06-28,51.98,53.31,51.79,53.14,36878949.0
2018-06-29,53.69,53.85,52.4,52.44,32582221.0
2018-07-02,51.52,54.53,51.32,54.48,38934173.0
2018-07-03,54.61,54.79,50.1,51.48,52190187.0
2018-07-05,52.86,53.31,51.94,52.84,51136399.0
2018-07-06,52.58,53.41,51.98,53.23,31840970.0
2018-07-09,53.79,54.5,53.11,54.31,32579715.0
2018-07-10,54.65,55.9,54.35,55.74,34852848.0
2018-07-11,54.39,55.0,53.76,54.18,38699205.0
2018-07-12,54.7,55.66,54.35,55.45,29647703.0
2018-07-13,55.51,56.59,55.32,56.35,28815986.0
2018-07-16,56.55,57.18,56.06,56.15,25735182.0
2018-07-17,55.82,57.13,55.5,56.96,24729123.0
2018-07-18,57.24,58.15,56.92,57.45,33729693.0
2018-07-19,57.26,57.56,55.67,56.22,39392135.0
2018-07-20,56.14,56.14,54.83,55.02,32624511.0
2018-07-23,53.5,54.58,52.22,54.29,42781491.0
2018-07-24,55.0,55.4,52.94,53.17,39011464.0
2018-07-25,52.63,54.22,52.3,53.39,40098708.0
2018-07-26,53.45,54.74,53.45,53.76,28862468.0
2018-07-27,54.46,54.63,53.11,53.96,30109723.0
2018-07-30,54.23,54.25,52.42,53.01,25747836.0
2018-07-31,53.78,54.22,52.77,52.79,29301746.0
2018-08-01,52.79,53.58,52.17,52.29,28199956.0
2018-08-02,51.7,53.55,51.38,53.4,28707971.0
2018-08-03,53.3,53.4,52.26,52.81,22958948.0
2018-08-06,52.22,52.81,51.5,52.67,28776882.0
2018-08-07,53.0,53.44,52.7,53.04,21918614.0
2018-08-08,52.84,53.53,52.46,53.39,18074693.0
2018-08-09,52.65,52.85,51.93,52.26,34538404.0
2018-08-10,51.25,51.95,51.02,51.37,31340775.0
2018-08-13,51.56,52.06,51.28,51.34,24609540.0
2018-08-14,51.67,51.77,50.01,50.62,32050195.0
2018-08-15,49.79,49.86,47.14,47.49,57746241.0
2018-08-16,48.2,48.31,46.96,47.1,33663044.0
2018-08-17,46.2,47.36,45.62,47.11,34464220.0
2018-08-20,47.27,48.61,46.47,48.07,33022929.0
2018-08-21,48.95,50.37,48.87,49.94,38572923.0
2018-08-22,50.25,50.65,49.87,50.24,26740377.0
2018-08-23,50.08,50.24,49.4,49.7,26831962.0
2018-08-24,49.92,50.82,49.92,50.7,24785525.0
2018-08-27,51.41,52.45,51.17,52.07,29134051.0
2018-08-28,52.46,52.56,51.47,52.34,26198827.0
2018-08-29,52.09,52.16,51.3,51.83,31450783.0
2018-08-30,51.56,53.68,51.4,52.76,32416605.0
2018-08-31,52.7,53.23,52.22,52.52,29937271.0
2018-09-04,52.15,52.3,50.71,51.93,28975084.0
2018-09-05,51.39,51.6,49.07,49.54,39125064.0
2018-09-06,48.2,48.45,44.06,44.65,94413418.0
2018-09-07,45.12,46.46,44.65,44.86,47114308.0
2018-09-10,45.25,45.38,44.39,44.9,33078272.0
2018-09-11,43.65,43.75,42.35,43.6,48980763.0
2018-09-12,41.25,42.18,40.68,41.74,66915955.0
2018-09-13,42.35,44.49,42.3,43.62,59922055.0
2018-09-14,44.0,44.56,43.46,44.3,40610334.0
2018-09-17,43.59,44.32,43.25,43.58,28205256.0
2018-09-18,43.88,45.87,43.88,45.33,36507412.0
2018-09-19,45.78,46.06,44.84,45.06,29264655.0
2018-09-20,46.4,47.22,45.91,46.06,75144122.0
2018-09-21,44.4,45.6,43.8,44.74,97053409.0
2018-09-24,44.2,45.65,43.86,45.16,36918937.0
2018-09-25,45.1,45.46,44.02,44.64,32547450.0
2018-09-26,44.27,44.76,43.96,44.35,30299841.0
2018-09-27,44.23,45.52,44.05,44.99,26952377.0
2018-09-28,44.65,45.61,44.49,45.23,28080411.0
2018-10-01,45.44,46.08,45.01,45.15,26693432.0
2018-10-02,44.91,46.69,44.88,45.76,32397049.0
2018-10-03,46.28,46.42,44.71,45.15,29505110.0
2018-10-04,44.5,44.75,43.51,44.16,34579572.0
2018-10-05,44.08,44.63,42.81,43.58,35367076.0
2018-10-08,43.28,43.85,42.61,43.07,27426552.0
2018-10-09,42.92,43.04,41.98,42.27,31576389.0
2018-10-10,41.5,42.75,41.32,41.61,48451981.0
2018-10-11,41.9,42.92,41.42,41.97,48196988.0
2018-10-12,43.66,43.75,41.92,42.47,32851076.0
2018-10-15,42.19,42.55,41.63,42.34,27697328.0
2018-10-16,42.89,43.35,42.3,43.21,28827416.0
2018-10-17,43.33,43.39,42.11,42.35,27758963.0
2018-10-18,42.04,42.21,41.14,41.3,33560822.0
2018-10-19,41.67,41.99,40.27,40.45,28641375.0
2018-10-22,40.56,40.7,38.64,39.76,34441221.0
2018-10-23,38.15,39.11,37.41,38.68,46364274.0
2018-10-24,38.0,38.3,35.4,35.43,53096450.0
2018-10-25,35.55,37.16,35.06,36.78,39625699.0
2018-10-26,35.28,35.91,34.3,35.4,41257357.0
2018-10-29,36.14,36.2,33.82,34.66,34176423.0
2018-10-30,34.64,36.05,34.49,36.01,35319497.0
2018-10-31,36.71,38.04,35.8,37.72,44055370.0
2018-11-01,37.99,40.2,37.52,40.12,43981410.0
2018-11-02,40.2,40.94,39.64,40.32,33645741.0
2018-11-05,40.1,40.24,38.77,39.92,22903972.0
2018-11-06,39.74,40.56,39.56,39.8,19316554.0
2018-11-07,40.33,41.05,39.96,40.93,22957221.0
2018-11-08,40.67,41.43,40.34,40.44,15609308.0
2018-11-09,39.89,39.99,38.41,39.11,26102786.0
2018-11-12,38.24,38.53,36.83,37.44,24822391.0
2018-11-13,37.66,38.74,37.44,37.85,25870470.0
2018-11-14,38.62,38.97,37.61,38.03,23706441.0
2018-11-15,37.95,40.17,37.62,39.91,30046097.0
2018-11-16,38.45,39.71,38.33,39.44,25445714.0
2018-11-19,38.98,39.32,36.67,36.83,31039134.0
2018-11-20,34.06,36.99,34.05,36.12,38728639.0
2018-11-21,37.0,37.22,36.37,36.38,22728369.0
2018-11-23,35.93,37.5,35.92,36.4,11257770.0
2018-11-26,37.75,37.79,35.53,36.57,26569723.0
2018-11-27,36.11,37.45,36.02,37.0,21397318.0
2018-11-28,37.29,39.0,35.99,38.71,42293708.0
2018-11-29,38.3,38.71,37.73,37.91,23631284.0
2018-11-30,37.75,38.63,36.94,38.56,28176043.0
2018-12-03,40.2,40.24,39.15,40.03,35829990.0
2018-12-04,39.56,39.87,36.72,36.88,36616292.0
2018-12-06,35.66,37.68,35.13,37.67,37494418.0
2018-12-07,37.53,37.62,35.21,35.31,30619815.0
2018-12-10,34.8,35.72,34.53,34.8,33979652.0
2018-12-11,35.59,36.26,35.1,35.21,26238769.0
2018-12-12,35.94,36.61,35.4,36.03,26642500.0
2018-12-13,36.38,36.38,34.76,35.02,23825359.0
2018-12-14,34.44,35.45,34.06,34.2,28922077.0
2018-12-17,34.16,35.22,33.6,33.88,30890958.0
2018-12-18,34.38,34.94,33.97,34.11,46135371.0
2018-12-19,31.66,33.58,31.27,31.41,106669582.0
2018-12-20,31.63,32.9,30.86,31.28,60427566.0
2018-12-21,31.71,32.05,30.11,30.32,54630508.0
2018-12-24,29.86,30.35,29.0,29.02,23771773.0
2018-12-26,29.35,30.91,28.39,30.89,45711046.0
2018-12-27,30.41,32.01,30.23,31.93,39858341.0
2018-12-28,32.0,32.28,31.4,31.57,29852928.0
2018-12-31,31.94,32.4,31.46,31.73,21392110.0
2019-01-02,31.0,33.08,30.75,32.75,26004253.0
2019-01-03,31.79,32.15,30.86,31.0,29145099.0
2019-01-04,31.66,33.04,31.55,32.7,28557302.0
2019-01-07,33.73,34.45,33.31,34.0,44841499.0
2019-01-08,34.55,34.58,32.81,33.74,33434082.0
2019-01-09,34.9,36.29,34.9,35.44,54147856.0
2019-01-10,35.25,35.95,35.08,35.91,24437350.0
2019-01-11,35.41,36.73,35.01,36.01,30469843.0
2019-01-14,34.83,34.92,34.26,34.67,34611955.0
2019-01-15,35.02,35.23,33.65,33.99,30633574.0
2019-01-16,34.04,34.33,33.53,33.58,24890929.0
2019-01-17,33.23,34.2,32.66,33.88,29398501.0
2019-01-18,34.23,36.19,34.06,35.76,44872405.0
2019-01-22,35.18,35.25,33.55,33.87,37021938.0
2019-01-23,34.12,34.69,33.44,34.24,31011607.0
2019-01-24,35.3,37.44,35.1,36.59,65094840.0
2019-01-25,38.05,39.31,37.5,38.96,61042704.0
2019-01-28,36.94,38.96,36.65,38.08,44213030.0
2019-01-29,38.28,38.98,37.25,37.39,30330993.0
2019-01-30,38.3,38.76,37.59,38.24,32848056.0
2019-01-31,37.63,38.82,37.28,38.22,34130464.0
2019-02-01,38.25,39.86,38.23,39.6,36839947.0
2019-02-04,39.55,39.61,38.51,39.47,30851483.0
2019-02-05,39.24,40.33,39.17,39.37,25094026.0
2019-02-06,40.4,41.96,40.37,41.52,47472616.0
2019-02-07,40.79,41.05,38.91,39.38,40396449.0
2019-02-08,37.79,38.78,37.45,38.58,35573221.0
2019-02-11,38.55,38.87,37.36,38.58,30356472.0
2019-02-12,39.3,40.77,39.24,40.4,43587923.0
2019-02-13,40.85,42.28,40.8,41.68,50101676.0
2019-02-14,41.4,43.16,41.31,42.23,41759190.0
2019-02-15,42.29,42.4,41.42,41.99,28968391.0
2019-02-19,41.7,42.49,41.5,41.96,25575881.0
2019-02-20,42.57,43.26,42.13,42.21,28048715.0
2019-02-21,42.36,42.87,41.42,41.53,24048828.0
2019-02-22,42.07,42.57,41.83,42.57,22834253.0
2019-02-25,43.77,43.99,42.7,42.75,25233731.0
2019-02-26,42.35,43.15,42.29,42.96,18051547.0
2019-02-27,42.62,42.76,41.01,41.32,29522196.0
2019-02-28,40.19,41.15,39.8,40.88,25777924.0
2019-03-01,41.65,42.56,41.11,41.58,26755751.0
2019-03-04,41.88,42.15,40.64,41.06,27047818.0
2019-03-05,40.25,40.67,39.51,39.99,28798762.0
2019-03-06,39.42,39.45,37.52,37.93,44890442.0
2019-03-07,37.54,38.31,37.14,37.83,31567767.0
2019-03-08,36.8,38.81,36.57,38.65,34080890.0
2019-03-11,38.9,39.55,38.83,39.03,25164660.0
2019-03-12,39.2,39.4,38.83,39.25,18623513.0
2019-03-13,39.4,39.72,38.64,38.83,22786331.0
2019-03-14,38.74,39.63,38.34,38.41,19757250.0
2019-03-15,38.58,39.84,38.43,39.54,30694138.0
2019-03-18,39.57,40.41,39.15,39.61,22296587.0
2019-03-19,39.97,41.05,39.89,40.37,32407260.0
2019-03-20,40.51,40.75,39.62,40.13,41714399.0
2019-03-21,41.69,44.21,41.65,43.99,84985448.0
2019-03-22,43.46,43.48,41.55,41.62,46605599.0
2019-03-25,41.35,41.98,40.06,40.55,34516015.0
2019-03-26,41.18,41.65,40.1,40.32,24689552.0
2019-03-27,40.38,40.85,39.01,39.23,26856732.0
2019-03-28,39.4,39.94,39.02,39.34,24584543.0
2019-03-29,40.23,41.52,40.22,41.33,35716883.0
2019-04-01,42.31,42.76,41.72,42.25,28072993.0
2019-04-02,42.07,42.79,41.75,42.44,21438082.0
2019-04-03,43.63,44.85,43.55,43.9,39097203.0
2019-04-04,42.36,43.33,42.25,42.89,37038395.0
2019-04-05,43.3,43.53,42.72,43.32,21119444.0
2019-04-08,42.17,43.14,42.12,42.9,24546811.0
2019-04-09,42.53,42.6,41.27,41.72,29055901.0
2019-04-10,41.69,42.44,41.51,42.17,23252244.0
2019-04-11,42.2,42.72,42.13,42.28,18163864.0
2019-04-12,42.85,43.19,41.81,42.01,21740384.0
2019-04-15,42.17,42.23,41.2,41.82,16932294.0
2019-04-16,42.26,42.93,42.08,42.76,19337506.0
2019-04-17,43.2,44.05,42.76,43.15,22091989.0
2019-04-18,43.2,43.53,42.79,43.4,16193579.0
2019-04-22,43.14,43.57,42.53,43.4,19447891.0
2019-04-23,43.37,43.47,42.72,42.77,21489440.0
2019-04-24,42.82,43.4,42.38,43.03,19637006.0
2019-04-25,43.65,44.65,42.69,42.75,28346185.0
2019-04-26,41.49,42.28,40.76,42.1,26092422.0
2019-04-29,42.13,42.61,41.73,42.11,13452843.0
2019-04-30,41.84,42.36,41.58,42.06,16342656.0
2019-05-01,42.43,42.93,41.89,41.9,17673308.0
2019-05-02,42.0,43.2,41.63,42.56,17046832.0
2019-05-03,42.49,43.38,42.41,43.33,16577018.0
2019-05-06,41.4,42.29,41.0,42.13,25775999.0
2019-05-07,41.68,41.93,39.73,40.26,35094080.0
2019-05-08,39.8,40.49,39.58,39.75,26190143.0
2019-05-09,39.1,39.63,38.2,39.27,27844397.0
2019-05-10,39.01,39.29,37.65,38.94,30368144.0
2019-05-13,37.36,37.98,37.06,37.38,33092081.0
2019-05-14,38.02,38.61,37.4,38.51,24004007.0
2019-05-15,37.91,38.7,37.76,38.41,17532268.0
2019-05-16,37.68,37.99,37.1,37.31,29479209.0
2019-05-17,36.57,37.28,35.8,36.06,31096274.0
2019-05-20,34.75,35.2,34.33,34.62,34489512.0
2019-05-21,35.42,35.88,35.15,35.64,32501335.0
2019-05-22,35.2,35.45,34.63,34.73,20902368.0
2019-05-23,33.89,33.9,32.96,33.82,32186684.0
2019-05-24,34.1,34.36,33.59,34.0,19705956.0
2019-05-28,34.15,34.31,32.88,32.94,26758419.0
2019-05-29,32.32,33.42,32.17,33.29,28796104.0
2019-05-30,33.43,34.32,33.03,33.32,20957589.0
2019-05-31,32.6,33.33,32.52,32.61,18607307.0
2019-06-03,32.98,33.22,32.47,32.69,21174520.0
2019-06-04,33.36,34.56,33.1,34.49,25076035.0
2019-06-05,35.2,35.4,33.04,33.34,27070346.0
2019-06-06,33.26,33.82,32.94,33.47,21088076.0
2019-06-07,33.55,34.03,33.22,33.99,21430449.0
2019-06-10,34.6,35.54,34.52,34.94,21728002.0
2019-06-11,35.8,35.99,34.75,34.84,19208637.0
2019-06-12,34.01,34.1,32.73,32.96,28746485.0
2019-06-13,33.08,33.64,33.01,33.38,16586706.0
2019-06-14,32.45,32.84,32.24,32.66,19714950.0
2019-06-17,32.54,32.85,32.14,32.43,20049979.0
2019-06-18,32.9,34.89,32.9,34.29,33727291.0
2019-06-19,34.59,34.69,33.7,33.94,20436384.0
2019-06-20,34.84,35.26,34.02,34.15,21691501.0
2019-06-21,33.69,33.89,32.73,33.25,38858209.0
2019-06-24,33.19,34.08,33.02,33.19,27306006.0
2019-06-25,33.36,33.88,32.61,32.68,39590484.0
2019-06-26,35.82,37.61,35.7,37.04,100271596.0
2019-06-27,36.85,38.33,36.51,38.07,51612422.0
2019-06-28,39.36,39.4,38.05,38.59,61402696.0
2019-07-01,41.15,41.71,39.74,40.11,61091350.0
2019-07-02,39.62,40.03,39.03,39.6,29774478.0
2019-07-03,39.6,39.77,39.17,39.59,13479738.0
2019-07-05,39.18,39.56,38.8,39.42,18407991.0
2019-07-08,39.01,40.61,38.94,40.41,28148461.0
2019-07-09,40.14,41.41,40.08,41.35,28254672.0
2019-07-10,42.23,44.0,42.04,42.9,51625492.0
2019-07-11,43.25,43.54,42.44,43.48,30392443.0
2019-07-12,43.75,44.7,43.36,44.51,33257774.0
2019-07-15,44.69,45.27,43.71,44.4,26623252.0
2019-07-16,44.05,44.1,42.93,43.06,31238932.0
2019-07-17,43.0,43.75,42.6,43.37,19539283.0
2019-07-18,43.61,44.93,43.5,44.67,26483297.0
2019-07-19,45.1,46.0,44.63,45.52,39328352.0
2019-07-22,46.5,47.42,46.31,47.19,46042826.0
2019-07-23,46.8,47.14,46.23,46.95,29354432.0
2019-07-24,46.95,48.23,46.82,47.99,33169918.0
2019-07-25,48.4,48.7,47.59,47.77,28127781.0
2019-07-26,47.98,48.13,47.09,47.49,19676246.0
2019-07-29,46.87,46.97,45.85,46.82,21939478.0
2019-07-30,46.75,47.68,46.19,47.46,21301556.0
2019-07-31,46.71,46.79,44.44,44.89,34493922.0
2019-08-01,45.01,45.95,42.83,43.6,37906464.0
2019-08-02,42.64,44.4,42.22,44.08,31954131.0
2019-08-05,42.51,42.51,41.36,41.94,35172885.0
2019-08-06,42.67,43.19,41.69,42.62,26857009.0
2019-08-07,42.01,42.95,40.7,41.75,35604580.0
2019-08-08,42.09,42.76,41.67,42.63,18567510.0
2019-08-09,42.0,42.24,40.87,41.52,22900298.0
2019-08-12,41.07,42.4,40.97,42.13,23969178.0
2019-08-13,42.62,45.08,42.51,44.17,33273001.0
2019-08-14,42.88,43.15,41.66,42.04,24657245.0
2019-08-15,42.34,42.56,41.5,42.24,16228512.0
2019-08-16,42.64,43.88,42.55,43.55,18156572.0
2019-08-19,44.69,45.37,44.34,45.01,22625611.0
2019-08-20,44.87,44.97,44.04,44.23,13207442.0
2019-08-21,44.81,45.0,43.9,44.17,14994616.0
2019-08-22,44.5,45.45,44.05,44.78,20607789.0
2019-08-23,43.96,44.97,42.66,42.96,27547277.0
2019-08-26,43.72,43.77,43.16,43.43,12294059.0
2019-08-27,43.76,43.8,42.35,42.44,19148783.0
2019-08-28,42.17,43.26,41.66,43.15,11553526.0
2019-08-29,43.96,45.22,43.91,44.67,18689172.0
2019-08-30,45.12,45.92,45.05,45.27,16397407.0
2019-09-03,44.6,45.33,44.44,44.99,17113029.0
2019-09-04,46.45,47.5,46.4,46.81,26999066.0
2019-09-05,47.92,49.64,47.89,49.03,33094547.0
2019-09-06,48.86,49.5,48.7,48.97,19565738.0
2019-09-09,49.48,50.0,48.86,49.13,19474365.0
2019-09-10,49.38,49.94,48.5,49.39,23111317.0
2019-09-11,50.04,51.39,49.84,50.48,31012937.0
2019-09-12,50.77,51.12,50.1,50.44,19671259.0
2019-09-13,50.51,50.95,50.06,50.5,14732970.0
2019-09-16,49.53,50.24,49.02,50.15,17495280.0
2019-09-17,50.08,50.91,49.92,50.84,13875876.0
2019-09-18,51.0,51.17,49.69,50.48,15375857.0
2019-09-19,51.12,51.3,49.75,49.82,16856244.0
2019-09-20,50.45,50.45,48.77,49.16,23457185.0
2019-09-23,49.54,50.19,49.48,49.6,16941704.0
2019-09-24,49.74,49.9,48.05,48.51,25320435.0
2019-09-25,48.47,49.7,47.86,49.47,24057045.0
2019-09-26,49.38,49.74,48.13,48.6,37248173.0
2019-09-27,45.9,45.92,42.91,43.21,76016459.0
2019-09-30,43.07,43.47,42.58,42.85,32326103.0
2019-10-01,43.1,43.34,41.75,42.3,28431879.0
2019-10-02,41.82,42.67,41.76,41.98,26776005.0
2019-10-03,42.06,43.49,41.76,43.46,23884742.0
2019-10-04,43.71,44.62,43.29,44.55,22043116.0
2019-10-07,44.3,44.73,44.06,44.16,15152292.0
2019-10-08,43.54,43.84,42.62,42.63,22714375.0
2019-10-09,43.18,43.38,42.83,42.88,13781367.0
2019-10-10,42.87,43.79,42.61,43.28,16047857.0
2019-10-11,44.39,45.81,44.28,45.1,27604874.0
2019-10-14,44.96,45.33,44.8,44.86,12495857.0
2019-10-15,45.21,46.55,45.04,46.45,18047548.0
2019-10-16,45.95,46.55,45.08,45.16,16872605.0
2019-10-17,45.79,46.12,45.28,45.5,12090511.0
2019-10-18,44.85,44.98,43.22,43.47,26223185.0
2019-10-21,43.96,45.3,43.92,45.22,15752051.0
2019-10-22,45.3,45.7,44.62,44.66,14007587.0
2019-10-23,44.01,44.81,43.95,44.66,14132994.0
2019-10-24,45.9,47.16,45.58,47.1,25991088.0
2019-10-25,47.28,48.26,46.92,48.03,19855329.0
2019-10-28,48.5,48.75,48.23,48.69,15240031.0
2019-10-29,48.8,49.17,48.06,48.11,12183635.0
2019-10-30,48.22,48.34,47.26,47.88,12932759.0
2019-10-31,47.28,47.88,46.46,47.55,15445762.0
2019-11-01,47.47,48.54,47.25,48.38,18311723.0
2019-11-04,49.37,49.9,49.25,49.59,16021450.0
2019-11-05,49.64,49.72,48.6,48.68,13682559.0
2019-11-06,48.15,48.3,47.1,47.68,21803641.0
2019-11-07,48.52,49.08,48.0,48.4,19253568.0
2019-11-08,47.49,48.01,46.95,47.19,18528347.0
2019-11-11,46.72,46.74,45.85,46.26,14645832.0
2019-11-12,46.84,47.68,46.68,46.9,15170689.0
2019-11-13,46.41,46.55,45.81,46.3,15839046.0
2019-11-14,46.09,46.83,45.77,46.8,11825147.0
2019-11-15,47.6,48.52,47.34,47.71,17865206.0
2019-11-18,47.96,48.4,47.47,47.82,12642611.0
2019-11-19,48.11,48.18,46.28,46.58,18393956.0
2019-11-20,46.15,46.5,45.23,45.57,24695539.0
2019-11-21,45.3,46.18,45.04,45.55,14192911.0
2019-11-22,45.93,46.38,45.75,45.87,11253713.0
2019-11-25,46.1,47.55,45.94,47.52,18828567.0
2019-11-26,47.65,47.67,46.54,46.72,12919896.0
2019-11-27,47.22,48.26,47.11,48.16,15441179.0
2019-11-29,47.95,47.95,47.44,47.51,7343564.0
2019-12-02,47.6,47.95,46.35,46.39,16094841.0
2019-12-03,45.12,45.4,44.55,45.23,20857141.0
2019-12-04,46.18,46.6,45.73,46.3,16930406.0
2019-12-05,46.71,47.4,46.25,46.62,13016024.0
2019-12-06,47.44,48.33,47.32,47.93,20485169.0
2019-12-09,47.55,47.77,46.43,46.45,16566735.0
2019-12-10,47.0,47.92,46.72,47.46,19283615.0
2019-12-11,47.7,49.34,47.69,49.26,22112203.0
2019-12-12,49.36,51.33,49.32,50.97,36682623.0
2019-12-13,51.02,52.32,50.7,51.2,30050047.0
2019-12-16,52.77,54.3,52.69,52.94,38712776.0
2019-12-17,53.96,54.0,52.65,53.0,28375948.0
2019-12-18,53.03,53.72,52.37,53.04,39580515.0
2019-12-19,55.01,55.29,53.9,54.53,56296823.0
2019-12-20,54.8,55.93,54.63,55.06,44372256.0
2019-12-23,55.23,56.11,55.14,55.4,23715219.0
2019-12-24,55.45,55.64,55.03,55.42,8621852.0
2019-12-26,55.45,55.65,54.91,55.1,13550984.0
2019-12-27,55.25,55.53,53.88,54.03,17188667.0
2019-12-30,53.77,53.88,52.66,53.21,15279481.0
2019-12-31,52.95,53.9,52.78,53.78,13299917.0
2020-01-02,54.83,55.49,54.51,55.39,20184045.0
2020-01-03,54.33,55.31,54.0,54.53,16826595.0
2020-01-06,53.75,54.14,53.16,53.56,18791489.0
2020-01-07,55.38,58.4,55.36,58.27,50303181.0
2020-01-08,58.12,58.39,57.06,57.52,29755395.0
2020-01-09,58.32,58.48,56.48,57.31,22405701.0
2020-01-10,57.43,57.5,56.27,56.67,19148555.0
2020-01-13,57.01,57.78,56.86,57.45,16192026.0
2020-01-14,57.8,58.29,56.46,57.52,26550790.0
2020-01-15,57.03,57.12,55.84,56.17,21638614.0
2020-01-16,56.8,57.84,56.76,57.68,22732675.0
2020-01-17,58.02,58.12,57.01,57.66,20549195.0
2020-01-21,57.3,59.18,57.27,58.97,24821715.0
2020-01-22,59.5,60.25,58.85,59.17,22604370.0
2020-01-23,60.31,60.56,59.03,59.2,26146124.0
2020-01-24,60.03,60.03,57.24,57.76,28555345.0
2020-01-27,55.16,55.99,54.62,55.41,27310073.0
2020-01-28,56.25,56.78,55.24,56.47,18544882.0
2020-01-29,56.16,57.19,55.29,55.3,19306749.0
2020-01-30,54.18,55.07,53.22,55.03,30783775.0
2020-01-31,55.15,55.2,52.7,53.09,28550849.0
2020-02-03,53.33,54.11,53.0,53.78,20481023.0
2020-02-04,55.32,56.02,54.94,55.5,19998615.0
2020-02-05,57.02,57.26,55.82,56.77,19795257.0
2020-02-06,57.97,59.17,57.41,58.68,23358721.0
2020-02-07,57.97,58.0,56.77,56.88,20891081.0
2020-02-10,56.39,57.34,56.2,57.33,15929036.0
2020-02-11,57.93,58.84,56.33,57.25,26776853.0
2020-02-12,59.0,61.19,58.9,59.27,47180808.0
2020-02-13,59.0,60.63,58.86,59.33,23679687.0
2020-02-14,60.15,60.56,58.26,58.5,20920168.0
2020-02-18,57.06,58.04,56.62,57.75,21547966.0
2020-02-19,58.65,60.25,58.56,59.99,23335537.0
2020-02-20,59.88,59.99,57.69,59.0,20797112.0
2020-02-21,58.63,58.73,55.89,56.99,27051214.0
2020-02-24,53.06,55.46,52.61,55.01,33321075.0
2020-02-25,54.9,55.45,51.55,52.1,41894208.0
2020-02-26,52.77,54.27,51.88,52.37,28100934.0
2020-02-27,50.65,52.85,49.99,50.58,36349245.0
2020-02-28,48.65,52.92,48.39,52.56,40288568.0
2020-03-02,53.24,54.69,52.1,54.59,33272718.0
2020-03-03,54.61,55.4,51.1,51.8,36893228.0
2020-03-04,53.04,55.38,52.21,55.29,28222016.0
2020-03-05,53.45,55.61,53.34,53.72,26223045.0
2020-03-06,52.2,53.19,50.0,51.47,30313741.0
2020-03-09,45.3,48.6,44.92,45.97,31260751.0
2020-03-10,48.2,48.26,45.29,47.86,31652856.0
2020-03-11,46.2,46.32,42.85,43.72,38525899.0
2020-03-12,39.4,42.54,38.0,38.81,40117178.0
2020-03-13,41.65,43.02,38.35,42.99,35264761.0
2020-03-16,37.35,39.14,34.45,34.47,36879094.0
2020-03-17,35.49,39.13,34.02,37.38,34869000.0
2020-03-18,34.23,36.56,31.13,34.69,36518999.0
2020-03-19,34.65,37.3,33.65,36.29,31015192.0
2020-03-20,37.83,38.59,35.84,36.11,37667447.0
2020-03-23,36.99,39.47,35.69,38.25,45286038.0
2020-03-24,41.8,44.42,41.14,43.27,45587995.0
2020-03-25,43.9,44.88,40.03,42.5,54091017.0
2020-03-26,44.96,45.75,43.33,44.79,62564931.0
2020-03-27,43.21,45.28,42.31,43.48,39791531.0
2020-03-30,44.17,45.57,43.15,44.52,33763946.0
2020-03-31,44.4,45.17,41.91,42.06,36723661.0
2020-04-01,40.73,42.3,39.33,39.89,37452839.0
2020-04-02,39.77,41.59,39.52,41.09,31457661.0
2020-04-03,40.92,41.86,40.55,41.22,28522389.0
2020-04-06,43.35,46.65,43.35,46.37,17486155.0
2020-04-07,48.09,48.37,46.05,46.54,17831949.0
2020-04-08,47.08,48.69,46.8,48.29,13279086.0
2020-04-09,49.16,49.81,45.35,46.13,20411170.0
2020-04-13,44.9,46.39,44.39,46.17,14779648.0
2020-04-14,47.02,48.38,46.62,47.62,12457190.0
2020-04-15,46.41,46.65,45.63,46.43,10420342.0
2020-04-16,47.01,47.2,44.67,45.53,12949837.0
2020-04-17,46.82,46.89,44.85,45.7,11531480.0
2020-04-20,44.57,45.08,43.3,43.4,15326058.0
2020-04-21,42.95,43.07,41.19,41.41,16250446.0
2020-04-22,43.11,44.2,42.74,43.91,10361393.0
2020-04-23,43.81,44.72,43.42,43.77,10434568.0
2020-04-24,43.8,44.32,42.98,44.16,7803127.0
2020-04-27,44.95,45.39,44.58,45.28,7848219.0
2020-04-28,46.3,47.69,45.28,45.31,12692584.0
2020-04-29,46.72,50.14,46.33,49.83,18151949.0
2020-04-30,49.5,49.58,47.37,47.89,13474328.0
2020-05-01,46.36,46.92,44.52,45.06,14208903.0
2020-05-04,44.22,44.69,43.62,44.46,10100191.0
2020-05-05,45.45,46.95,45.11,45.41,9997655.0
2020-05-06,46.13,47.12,45.92,46.08,9249848.0
2020-05-07,47.12,47.5,46.34,46.59,6504945.0
2020-05-08,47.29,48.46,47.29,48.25,8479088.0
2020-05-11,47.66,48.72,47.45,48.2,7555845.0
2020-05-12,48.5,48.56,45.64,45.69,12779890.0
2020-05-13,45.81,45.88,42.95,43.53,16109311.0
2020-05-14,43.04,45.78,42.51,45.73,12431188.0
2020-05-15,43.4,44.78,43.26,44.41,13436382.0
2020-05-18,45.86,46.15,44.95,45.92,8976714.0
2020-05-19,45.78,46.23,45.02,45.12,8064941.0
2020-05-20,46.45,47.03,46.1,46.64,7625960.0
2020-05-21,46.51,46.57,44.76,45.22,8306227.0
2020-05-22,45.28,45.31,44.24,44.94,6128250.0
2020-05-26,46.22,46.69,45.45,45.8,10390564.0
2020-05-27,45.95,49.58,43.9,49.45,28755796.0
2020-05-28,48.67,48.72,46.07,46.47,19384117.0
2020-05-29,46.61,48.01,46.21,47.91,11185472.0
2020-06-01,47.44,47.67,46.32,46.34,11658559.0
2020-06-02,46.49,46.85,45.57,46.82,11260772.0
2020-06-03,48.1,49.42,47.45,48.92,17834411.0
2020-06-04,48.86,51.97,48.6,51.22,19623818.0
2020-06-05,52.69,54.82,52.59,53.72,18384327.0
2020-06-08,54.5,54.64,52.23,53.7,10215787.0
2020-06-09,52.67,53.5,52.45,53.15,9222139.0
2020-06-10,52.94,53.3,51.57,52.47,9659059.0
2020-06-11,50.42,51.08,48.19,48.52,15089003.0
2020-06-12,50.35,50.48,47.37,48.69,13442021.0
2020-06-15,47.36,49.73,47.1,49.24,9428924.0
2020-06-16,51.19,52.15,49.86,51.02,10969359.0
2020-06-17,51.24,51.51,50.53,50.96,6990018.0
2020-06-18,50.46,51.03,50.02,50.48,6602001.0
2020-06-19,51.29,52.75,50.78,50.83,12915066.0
2020-06-22,51.22,51.39,50.24,51.15,8071009.0
2020-06-23,50.6,50.89,49.57,49.84,11655587.0
2020-06-24,49.65,50.1,48.02,48.29,10186672.0
2020-06-25,48.26,49.31,47.28,49.19,7772567.0
2020-06-26,49.15,49.35,48.14,48.49,7736833.0
2020-06-29,48.5,49.15,47.58,49.15,9741004.0
2020-06-30,51.79,52.46,50.97,51.52,25417145.0
2020-07-01,51.52,51.55,49.61,49.7,13259156.0
2020-07-02,50.66,50.74,49.48,49.83,9879838.0
2020-07-06,50.75,51.43,50.48,50.92,8504624.0
2020-07-07,50.52,50.58,49.01,49.09,9786154.0
2020-07-08,49.56,49.75,48.96,49.71,7769194.0
2020-07-09,49.85,50.39,48.73,49.98,9809614.0
2020-07-10,50.04,50.71,49.4,50.7,9666030.0
2020-07-13,51.3,52.28,49.38,49.46,12101794.0
2020-07-14,49.08,49.79,47.95,49.71,8876417.0
2020-07-15,50.24,50.64,49.41,50.51,7861338.0
2020-07-16,49.87,50.28,49.23,50.1,6674556.0
2020-07-17,50.34,50.43,49.28,49.47,6750681.0
2020-07-20,49.66,51.31,49.53,51.21,8092398.0
2020-07-21,51.62,52.66,51.23,51.52,8174760.0
2020-07-22,51.58,51.77,51.03,51.65,5909393.0
2020-07-23,51.7,54.2,51.57,52.64,18348738.0
2020-07-24,51.1,51.26,49.65,50.02,13607449.0
2020-07-27,50.59,51.7,50.49,51.59,7733880.0
2020-07-28,51.25,51.27,50.04,50.09,7969881.0
2020-07-29,50.39,50.63,49.78,50.39,7954409.0
2020-07-30,49.81,50.75,49.11,50.74,9209359.0
2020-07-31,50.62,50.7,49.26,50.06,8755502.0
2020-08-03,50.39,50.62,50.02,50.39,7859840.0
2020-08-04,50.46,51.48,50.29,51.3,8217385.0
2020-08-05,51.02,51.28,50.63,51.05,6524813.0
2020-08-06,50.0,50.03,48.32,48.7,17373823.0
2020-08-07,48.71,49.18,48.05,48.75,6863437.0
2020-08-10,48.81,49.67,48.26,49.15,7893146.0
2020-08-11,49.02,49.74,47.63,47.76,11137896.0
2020-08-12,48.34,48.73,47.67,48.48,8985749.0
2020-08-13,47.09,47.19,45.93,46.14,23174228.0
2020-08-14,45.57,46.08,45.3,45.6,9312657.0
2020-08-17,45.92,45.94,44.74,45.22,8864526.0
2020-08-18,45.06,45.16,44.05,44.4,10841403.0
2020-08-19,44.3,44.69,43.85,44.05,7623956.0
2020-08-20,42.68,43.65,42.25,42.99,11797671.0
2020-08-21,42.92,43.06,42.4,42.66,7808871.0
2020-08-24,43.17,43.81,42.89,43.76,7505640.0
2020-08-25,44.84,45.54,44.6,45.1,12092524.0
2020-08-26,45.65,45.82,44.69,44.96,8320605.0
2020-08-27,44.55,44.83,43.67,44.62,7070326.0
2020-08-28,44.59,45.79,44.41,45.69,6387897.0
2020-08-31,45.33,45.81,45.14,45.51,6258006.0
2020-09-01,45.5,45.79,45.06,45.76,6324918.0
2020-09-02,46.37,48.19,46.28,47.83,12862872.0
2020-09-03,47.83,47.83,45.85,46.33,10337561.0
2020-09-04,46.1,46.95,44.89,46.48,10173890.0
2020-09-08,44.89,46.23,44.53,45.03,10415441.0
2020-09-09,45.77,45.87,44.45,45.15,8012461.0
2020-09-10,45.4,45.95,44.69,44.87,6739479.0
2020-09-11,45.14,46.48,44.96,46.09,8490763.0
2020-09-14,48.55,49.59,48.33,49.03,13448552.0
2020-09-15,49.38,49.66,48.7,49.05,7292434.0
2020-09-16,49.28,51.22,48.96,50.21,12568125.0
2020-09-17,49.14,51.28,48.82,50.98,10323666.0
2020-09-18,51.55,52.17,49.97,50.74,12948703.0
2020-09-21,49.61,49.75,47.89,49.15,9809798.0
2020-09-22,49.27,49.78,48.78,49.7,5248879.0
2020-09-23,51.0,51.61,49.64,49.85,8847043.0
2020-09-24,49.51,50.36,49.09,49.47,6772933.0
2020-09-25,49.48,49.56,47.78,49.14,8140753.0
2020-09-28,49.54,49.77,48.13,49.72,9417237.0
2020-09-29,49.59,51.38,49.59,50.71,15220358.0
2020-09-30,48.85,49.27,46.83,46.96,31146258.0
2020-10-01,47.2,48.18,47.05,47.92,12617716.0
2020-10-02,46.79,47.52,46.5,46.55,9495797.0
2020-10-05,47.0,47.73,46.98,47.6,8047586.0
2020-10-06,47.55,48.83,47.22,47.32,8924331.0
2020-10-07,48.34,48.99,48.32,48.41,6758261.0
2020-10-08,48.84,50.0,48.22,49.9,7095697.0
2020-10-09,50.24,50.59,49.31,49.89,6217603.0
2020-10-12,50.58,50.84,50.08,50.68,5888786.0
2020-10-13,51.89,52.75,51.64,51.85,10905051.0
2020-10-14,51.99,52.25,51.35,51.63,5492725.0
2020-10-15,50.81,51.97,50.32,51.94,6343425.0
2020-10-16,52.19,52.54,51.58,51.61,7760255.0
2020-10-19,51.97,54.0,51.3,52.63,12089970.0
2020-10-20,53.03,54.19,52.75,53.53,8156769.0
2020-10-21,53.3,53.95,53.18,53.31,6757567.0
2020-10-22,53.29,54.85,53.08,54.38,7338258.0
2020-10-23,54.04,54.12,52.38,52.85,7698449.0
2020-10-26,52.4,52.89,51.41,52.14,5408206.0
2020-10-27,52.03,52.31,51.54,51.96,4020220.0
2020-10-28,50.71,50.85,49.57,50.0,7447289.0
2020-10-29,49.75,50.91,49.38,50.48,5580870.0
2020-10-30,50.01,50.42,49.3,50.34,7098482.0
2020-11-02,50.62,50.79,49.44,49.71,6149001.0
2020-11-03,50.13,51.59,50.01,51.08,5110108.0
2020-11-04,51.72,52.5,50.93,51.96,6634891.0
2020-11-05,52.88,54.78,52.78,54.58,7317193.0
2020-11-06,54.46,55.4,54.33,55.16,6479644.0
2020-11-09,56.5,57.82,55.87,55.96,9628736.0
2020-11-10,55.0,55.94,54.36,55.41,6709213.0
2020-11-11,55.97,56.94,55.85,56.36,6785788.0
2020-11-12,56.51,56.97,55.89,56.25,6794171.0
2020-11-13,56.79,58.19,56.75,57.93,6791643.0
2020-11-16,59.61,61.91,59.61,61.86,15663396.0
2020-11-17,61.0,62.2,60.32,61.99,8835032.0
2020-11-18,61.54,62.03,60.63,60.74,10400131.0
2020-11-19,60.02,61.97,59.65,61.83,6247992.0
2020-11-20,61.58,62.63,61.35,61.4,6420224.0
2020-11-23,62.87,64.5,62.64,64.18,9843145.0
2020-11-24,64.23,64.29,62.89,63.95,8144196.0
2020-11-25,63.72,64.0,62.61,63.43,4996758.0
2020-11-27,63.73,64.8,63.51,64.23,3399562.0
2020-11-30,64.56,65.25,63.59,64.09,8044101.0
2020-12-01,65.39,68.62,65.23,67.08,16642608.0
2020-12-02,67.62,69.39,66.77,69.11,10883164.0
2020-12-03,70.72,71.12,69.55,69.9,10296450.0
2020-12-04,71.07,74.38,70.54,73.34,17042285.0
2020-12-07,73.4,73.4,71.49,72.61,9070464.0
2020-12-08,72.0,73.54,71.98,73.19,6428743.0
2020-12-09,73.15,74.61,70.78,71.41,8861916.0
2020-12-10,70.11,71.94,69.67,71.28,7449762.0
2020-12-11,70.43,71.32,69.4,70.53,6620255.0
2020-12-14,71.52,72.2,71.03,71.54,6500631.0
2020-12-15,72.81,73.37,72.33,73.15,5934414.0
2020-12-16,74.13,74.35,72.63,72.99,6035046.0
2020-12-17,73.71,73.74,71.76,72.26,5647249.0
2020-12-18,72.81,73.45,71.06,71.46,7920709.0
2020-12-21,70.0,71.7,69.65,71.47,5861730.0
2020-12-22,71.63,71.78,69.76,70.44,6142607.0
2020-12-23,70.56,71.06,69.89,69.95,4200621.0
2020-12-24,70.31,70.64,69.76,70.58,2310914.0
2020-12-28,71.97,72.11,70.47,70.66,4028633.0
2020-12-29,70.96,71.39,69.14,70.21,4773695.0
2020-12-30,70.4,72.64,70.39,71.92,5698812.0
2020-12-31,72.39,75.68,72.37,75.18,11881029.0
2021-01-04,76.48,78.61,73.75,74.05,31155890.0
2021-01-05,76.44,78.69,76.03,77.26,33418230.0
2021-01-06,76.36,78.45,76.1,77.11,22390860.0
2021-01-07,78.06,80.08,78.05,79.11,27945290.0
2021-01-08,82.54,84.16,77.07,77.42,51272080.0
2021-01-11,76.59,79.7913,76.4231,78.67,19941580.0
2021-01-12,79.19,79.62,77.82,79.46,18231000.0
2021-01-13,78.95,80.39,78.55,79.91,15067680.0
2021-01-14,80.01,82.21,79.55,81.3,17639330.0
2021-01-15,80.92,81.88,79.53,80.72,14322560.0
2021-01-19,81.28,85.6763,80.96,85.5,26602540.0
2021-01-20,85.93,87.25,83.23,83.5,21191670.0
2021-01-21,84.0,85.095,82.51,85.01,14703300.0
2021-01-22,84.08,84.95,82.225,82.28,14229540.0
2021-01-25,83.19,83.5,78.89,81.28,19283420.0
2021-01-26,81.79,81.98,79.01,79.51,13677970.0
2021-01-27,77.33,77.59,74.33,75.09,23513350.0
2021-01-28,77.2,80.18,76.7221,78.39,18351380.0
2021-01-29,78.36,79.37,76.95,78.27,17934350.0
2021-02-01,79.59,81.09,78.48,80.43,14900200.0
2021-02-02,81.26,81.74,79.9237,81.62,11386190.0
2021-02-03,81.85,82.53,78.97,79.11,17456050.0
2021-02-04,79.15,81.34,78.96,81.25,11519710.0
2021-02-05,81.77,82.02,80.72,81.1,10958010.0
2021-02-08,81.745,84.06,81.64,84.01,12394790.0
2021-02-09,83.35,84.0,82.4,83.32,10362510.0
2021-02-10,84.0,84.44,81.3,82.35,9869151.0
2021-02-11,84.4,86.64,84.0,86.48,18750430.0
2021-02-12,86.11,88.315,85.46,88.01,14273930.0
2021-02-16,89.22,89.22,87.05,87.74,10312770.0
2021-02-17,86.69,87.32,84.9038,86.05,10039200.0
2021-02-18,86.52,88.73,85.96,88.535,19168060.0
2021-02-19,90.245,91.49,88.81,90.96,21886530.0
2021-02-22,89.53,90.52,85.915,86.28,16077030.0
2021-02-23,85.24,89.2,82.44,88.23,23203200.0
2021-02-24,88.3,92.6,87.73,92.52,21281680.0
2021-02-25,91.52,93.1,87.58,88.12,22546160.0
2021-02-26,89.74,92.94,88.23,91.53,22787600.0
2021-03-01,94.54,95.75,92.57,94.76,19908860.0
2021-03-02,93.57,94.9,90.9,91.09,18679630.0
2021-03-03,90.57,93.33,88.39,89.11,26424120.0
2021-03-04,88.81,89.75,81.85,84.33,31971100.0
2021-03-05,87.53,89.32,83.295,88.93,30329130.0
2021-03-08,88.573,89.72,84.87,85.05,22708320.0
2021-03-09,88.0,90.18,86.3,89.3,22301360.0
2021-03-10,90.01,90.01,85.31,85.41,23407760.0
2021-03-11,87.59,90.22,86.85,89.31,20716470.0
2021-03-12,87.57,88.53,86.43,87.77,21916380.0
2021-03-15,87.77,88.91,86.14,88.85,16155420.0
2021-03-16,90.75,94.68,90.11,91.43,28539020.0
2021-03-17,91.33,95.485,90.1,94.76,24616720.0
2021-03-18,92.97,93.48,89.4099,89.82,27100870.0
2021-03-19,90.355,92.68,88.8893,90.51,24963390.0
2021-03-22,91.83,92.42,89.65,91.28,19365770.0
2021-03-23,91.02,91.27,84.9698,85.4,32043760.0
2021-03-24,87.06,87.15,82.92,83.0,24232790.0
2021-03-25,81.142,84.43,80.49,84.09,23630210.0
2021-03-26,84.16,88.14,84.03,87.99,23949130.0
2021-03-29,87.755,88.2499,85.77,86.59,21772810.0
2021-03-30,86.26,87.22,85.25,86.54,13896960.0
2021-03-31,87.44,89.08,86.71,88.21,25372290.0
2021-04-01,93.0,94.38,91.25,92.41,39700640.0
2021-04-05,93.927,94.67,92.47,93.75,19795130.0
2021-04-06,93.84,96.1018,92.66,93.49,22847010.0
2021-04-07,94.25,95.07,92.54,93.96,17621500.0
2021-04-08,95.0,96.39,93.78,95.29,17815590.0
2021-04-09,94.345,95.38,93.31,95.3,14080210.0
2021-04-12,95.19,96.96,94.75,95.59,18818300.0
2021-04-13,96.29,96.82,91.4,92.15,27102070.0
2021-04-14,91.66,92.53,89.51,90.67,19117370.0
2021-04-15,91.75,91.96,89.445,90.27,16017040.0
2021-04-16,90.4351,91.3301,90.08,90.66,12358660.0
2021-04-19,90.665,90.68,86.52,88.41,21361570.0
2021-04-20,88.38,88.95,86.53,87.48,17396910.0
2021-04-21,87.06,89.56,86.33,89.49,14781310.0
2021-04-22,88.2,88.36,83.9,84.71,34044140.0
2021-04-23,85.24,86.46,84.565,86.03,18168500.0
2021-04-26,86.47,88.3,86.11,87.84,14757740.0
2021-04-27,89.33,90.19,88.03,89.46,17680980.0
2021-04-28,87.664,87.76,85.35,86.03,19433540.0
2021-04-29,87.72,88.09,85.55,88.06,16463340.0
2021-04-30,86.9335,88.4799,85.56,86.07,14548110.0
2021-05-03,86.97,87.0102,83.87,85.02,16300450.0
2021-05-04,84.14,85.44,82.03,84.41,17850530.0
2021-05-05,85.49,85.95,84.03,85.15,13172100.0
2021-05-06,84.865,85.12,83.28,84.8,13716890.0
2021-05-07,85.91,86.32,84.99,85.98,12746070.0
2021-05-10,84.95,85.0,80.8001,80.85,24862900.0
2021-05-11,77.27,80.76,76.82,80.68,23227830.0
2021-05-12,79.14,79.97,76.41,76.8,23472580.0
2021-05-13,77.97,78.865,76.53,77.19,20153780.0
2021-05-14,78.79,80.145,77.08,79.7,18241100.0
2021-05-17,79.095,80.42,77.72,80.39,14980370.0
2021-05-18,80.55,80.92,78.8,78.88,20893770.0
2021-05-19,77.212,80.27,76.16,79.93,27299970.0
2021-05-20,80.5,81.49,79.52,81.13,17123030.0
2021-05-21,81.77,81.99,80.37,80.72,13076930.0
2021-05-24,81.4175,83.62,81.3605,82.9,15730440.0
2021-05-25,83.565,83.71,79.71,81.23,26272100.0
2021-05-26,81.585,82.44,81.02,82.24,12609780.0
2021-05-27,82.46,84.75,82.33,83.93,22286480.0
2021-05-28,84.22,84.725,83.22,84.14,11330310.0
2021-06-01,84.92,85.755,83.62,84.15,11067180.0
2021-06-02,84.39,84.82,83.45,84.34,10314160.0
2021-06-03,83.68,84.07,81.89,82.03,14742130.0
2021-06-04,82.97,84.37,82.85,83.76,12591140.0
2021-06-07,83.19,84.23,82.65,84.04,9006393.0
2021-06-08,84.97,84.975,80.01,80.53,29666510.0
2021-06-09,80.17,80.56,78.52,78.66,21434900.0
2021-06-10,79.4,80.84,78.525,79.28,22683300.0
2021-06-11,80.07,80.76,79.21,79.34,12675700.0
2021-06-14,79.5,80.94,79.3683,80.49,14302960.0
2021-06-15,80.64,82.91,79.92,82.18,22308630.0
2021-06-16,82.73,83.11,80.1201,80.49,18116430.0
2021-06-17,79.7,81.44,79.365,80.64,16003880.0
2021-06-18,78.9,79.2835,76.13,76.95,39881530.0
2021-06-21,76.85,77.29,75.71,77.07,19810070.0
2021-06-22,77.61,78.28,77.045,77.66,16771830.0
2021-06-23,78.1,79.87,78.07,79.02,16662230.0
2021-06-24,80.43,80.8986,79.92,80.58,15720990.0
2021-06-25,81.57,82.84,81.09,82.03,19603800.0
2021-06-28,82.63,83.6,82.16,83.38,18365550.0
2021-06-29,83.54,83.84,81.87,82.93,18530830.0
2021-06-30,84.85,85.4,83.43,84.98,40670770.0
2021-07-01,82.24,82.25,79.91,80.11,53298990.0
2021-07-02,80.61,80.8899,78.89,80.33,22711220.0
2021-07-06,80.79,81.5398,79.76,81.08,21126480.0
2021-07-07,81.69,81.81,77.95,78.22,23026890.0
2021-07-08,76.25,77.875,75.961,77.11,23114480.0
2021-07-09,77.41,78.9499,76.73,78.74,15441110.0
2021-07-12,78.75,79.73,77.71,79.56,12639300.0
2021-07-13,79.28,79.5,78.1,78.45,14263440.0
2021-07-14,79.35,80.76,78.32,78.49,15952280.0
2021-07-15,78.34,78.4625,76.34,76.92,16616850.0
2021-07-16,77.155,77.605,74.84,75.01,19132120.0
2021-07-19,73.84,74.68,73.2,74.58,23436870.0
2021-07-20,74.66,75.92,73.77,75.39,14855760.0
2021-07-21,75.345,77.24,75.34,77.19,15945840.0
2021-07-22,76.23,76.25,74.46,75.53,19042220.0
2021-07-23,75.925,76.04,74.895,75.94,12345200.0
2021-07-26,75.81,77.48,75.51,76.3,12023890.0
2021-07-27,74.79,74.79,72.51,74.22,23940460.0
2021-07-28,74.55,76.01,74.38,75.55,14348260.0
2021-07-29,76.08,77.12,75.95,77.08,14529400.0
2021-07-30,76.13,78.115,76.0602,77.58,12528850.0
2021-08-02,79.04,79.4915,77.47,77.64,14904230.0
2021-08-03,78.873,81.07,77.94,80.86,25807610.0
2021-08-04,80.45,83.09,79.54,81.98,29176930.0
2021-08-05,82.14,83.07,81.16,81.49,14820990.0
2021-08-06,81.2,82.88,81.05,82.0,14612560.0
2021-08-09,81.73,82.04,80.08,80.21,13363280.0
2021-08-10,79.82,79.82,75.77,75.91,40705020.0
2021-08-11,76.04,76.05,73.72,75.03,31624850.0
2021-08-12,72.18,72.2,68.81,70.25,72528550.0
2021-08-13,70.05,71.24,69.88,70.92,25301390.0
2021-08-16,70.2,71.76,69.92,70.93,18143950.0
2021-08-17,70.17,71.447,69.613,70.78,17545800.0
2021-08-18,71.25,71.88,70.58,70.62,14004290.0
2021-08-19,70.14,70.82,69.04,70.28,18022600.0
2021-08-20,70.14,71.03,69.58,70.23,14603090.0
2021-08-23,70.84,71.88,68.9,71.74,22264970.0
2021-08-24,72.14,72.69,71.69,71.98,18092690.0
2021-08-25,72.79,77.03,72.1799,74.04,36552130.0
2021-08-26,73.23,73.24,71.7,72.77,20315130.0
2021-08-27,72.46,74.15,72.1504,74.0,14994170.0
2021-08-30,74.12,74.75,72.835,73.16,12810660.0
2021-08-31,73.68,74.62,73.32,73.7,14807380.0
2021-09-01,74.32,74.32,73.02,73.72,14007060.0
2021-09-02,73.21,74.01,72.305,73.99,14817050.0
2021-09-03,74.0,74.72,73.6,73.81,9225452.0
2021-09-07,73.755,74.49,73.16,73.64,12031180.0
2021-09-08,73.2,73.24,71.11,72.27,17375480.0
2021-09-09,71.63,73.27,71.42,72.87,14638050.0
2021-09-10,73.77,75.625,73.46,73.5,18240600.0
2021-09-13,74.56,75.22,73.52,74.35,15796720.0
2021-09-14,73.79,74.12,72.91,73.49,13945140.0
2021-09-15,72.95,73.93,71.76,73.82,15258830.0
2021-09-16,73.3,74.96,72.78,74.63,12867650.0
2021-09-17,74.405,74.5,73.3201,74.3,20449630.0
2021-09-20,72.6,72.76,71.19,72.37,23228320.0
2021-09-21,72.92,73.13,71.66,72.14,16026790.0
2021-09-22,73.04,74.58,72.64,73.97,16996130.0
2021-09-23,73.61,74.79,73.25,74.04,17304510.0
2021-09-24,73.295,74.5,73.07,74.05,14804340.0
2021-09-27,73.65,75.88,73.51,75.18,18435180.0
2021-09-28,74.5,74.99,73.06,73.1,27311540.0
2021-09-29,71.16,73.32,70.22,71.64,38169160.0
2021-09-30,72.2,72.6,70.86,70.98,16923260.0
2021-10-01,71.34,71.57,70.1,70.99,17813800.0
2021-10-04,70.6,71.57,70.36,70.62,19525750.0
2021-10-05,71.21,71.21,69.61,70.5,14512090.0
2021-10-06,69.8,70.38,69.03,69.94,17899260.0
2021-10-07,70.4,71.67,70.12,70.54,15236110.0
2021-10-08,70.93,70.94,69.7,70.12,13666160.0
2021-10-11,69.9,70.355,69.18,69.22,12700220.0
2021-10-12,69.3891,69.4304,65.67,66.72,36911710.0
2021-10-13,66.74,67.4201,66.23,66.38,17532420.0
2021-10-14,67.28,68.08,66.81,67.8,15541630.0
2021-10-15,68.09,68.4584,67.48,67.68,11786150.0
2021-10-18,67.01,67.628,66.29,67.26,11849260.0
2021-10-19,67.37,67.889,66.64,67.57,16930280.0
2021-10-20,67.2,69.2,67.01,68.27,19457790.0
2021-10-21,67.95,68.7,67.67,68.64,11140700.0
2021-10-22,68.51,69.09,67.085,67.51,17892150.0
2021-10-25,69.62,71.12,68.54,68.76,23341330.0
2021-10-26,69.37,69.82,68.47,68.94,14267900.0
2021-10-27,68.52,68.695,67.45,68.24,13541850.0
2021-10-28,69.29,70.35,69.18,69.58,16966040.0
2021-10-29,68.385,69.55,68.04,69.1,11440850.0
2021-11-01,68.97,70.97,68.94,70.7,11988420.0
2021-11-02,70.49,70.85,70.04,70.76,9761144.0
2021-11-03,70.715,71.33,70.26,71.25,10266900.0
2021-11-04,72.37,72.478,71.04,72.24,15936560.0
2021-11-05,73.0,73.74,72.36,72.92,13019280.0
2021-11-08,73.32,75.03,73.12,74.56,18742300.0
2021-11-09,75.1,76.27,74.56,75.59,20127260.0
2021-11-10,74.155,75.147,73.2,73.41,15228340.0
2021-11-11,74.02,74.96,73.619,74.55,12192640.0
2021-11-12,75.02,78.02,74.95,77.3,26553200.0
2021-11-15,77.76,78.28,76.6,76.78,12650710.0
2021-11-16,76.56,77.15,75.78,76.81,11807640.0
2021-11-17,76.48,76.57,75.19,75.46,11600540.0
2021-11-18,76.9,77.5,75.75,77.02,16848230.0
2021-11-19,78.93,83.86,78.93,83.03,47216140.0
2021-11-22,83.66,87.67,83.66,83.86,34775210.0
2021-11-23,85.04,87.71,84.33,85.41,31823330.0
2021-11-24,84.75,87.155,84.61,86.21,21666070.0
2021-11-26,83.13,84.05,81.98,83.42,16487230.0
2021-11-29,84.38,86.27,84.155,86.14,18889820.0
2021-11-30,85.58,86.92,83.95,84.0,27301040.0
2021-12-01,86.55,89.05,85.0,85.15,31653640.0
2021-12-02,82.632,83.59,81.35,82.88,22994500.0
2021-12-03,83.71,84.43,80.64,81.62,19167220.0
2021-12-06,81.83,83.23,80.53,82.45,15094890.0
2021-12-07,84.42,87.039,84.33,85.83,21716940.0
2021-12-08,85.435,86.34,84.031,86.02,12908470.0
2021-12-09,85.3,86.54,84.63,84.93,11964260.0
2021-12-10,84.34,85.68,84.1301,85.54,11955860.0
2021-12-13,86.61,87.38,84.2,84.35,13054430.0
2021-12-14,83.22,84.77,82.91,83.29,12082480.0
2021-12-15,83.48,85.79,82.055,85.66,13971450.0
2021-12-16,85.88,86.32,82.133,82.69,16503230.0
2021-12-17,81.62,83.29,80.94,83.0,23251150.0
2021-12-20,82.14,83.25,80.91,82.03,22346810.0
2021-12-21,88.99,91.14,87.35,90.68,58363550.0
2021-12-22,90.0,90.48,88.92,90.34,18593900.0
2021-12-23,90.7,95.0,90.35,94.42,36400100.0
2021-12-27,93.72,94.93,92.73,94.43,17117700.0
2021-12-28,93.75,93.89,92.06,92.94,13683850.0
2021-12-29,94.0,96.745,93.91,96.17,32234610.0
2021-12-30,94.4,95.505,93.4332,93.89,19327840.0
2021-12-31,94.0,94.4174,93.03,93.15,13660560.0
2022-01-03,93.905,95.835,93.48,95.75,18719700.0
2022-01-04,95.6,96.59,93.54,96.34,19725020.0
2022-01-05,95.38,98.45,94.35,94.4,28613130.0
2022-01-06,95.105,96.71,94.12,95.65,22320260.0
2022-01-07,96.09,97.19,93.94,94.45,14857860.0
2022-01-10,94.26,95.67,91.04,93.89,20290000.0
2022-01-11,92.455,94.27,91.65,94.2,14924890.0
2022-01-12,95.16,96.23,93.78,95.11,13339180.0
2022-01-13,96.5,98.105,95.3031,95.62,23679830.0
2022-01-14,94.44,97.43,94.4,97.36,18384990.0
2022-01-18,95.53,95.95,92.54,92.87,19920160.0
2022-01-19,93.72,94.78,89.77,90.0,19043770.0
2022-01-20,90.28,90.33,84.93,85.07,24701340.0
2022-01-21,84.22,85.14,81.52,81.93,29716320.0
2022-01-24,80.27,83.04,77.64,82.95,29769630.0
2022-01-25,80.92,82.42,79.65,80.72,22128380.0
2022-01-26,83.245,84.785,80.61,81.97,21018660.0
2022-01-27,83.51,83.695,78.3901,78.72,22693970.0
2022-01-28,77.37,79.28,75.52,79.27,24434650.0
2022-01-31,78.96,82.31,78.02,82.27,21898200.0
2022-02-01,82.2,82.39,80.42,81.45,15237400.0
2022-02-02,82.92,84.7,82.54,84.51,19862830.0
2022-02-03,82.67,85.18,81.71,81.97,19598170.0
2022-02-04,81.222,82.19,79.84,81.17,15657510.0
2022-02-07,81.36,82.04,80.48,80.87,11799780.0
2022-02-08,81.15,84.4,81.0,84.12,18315740.0
2022-02-09,84.6,88.78,83.56,88.12,22386910.0
2022-02-10,89.19,94.64,88.48,91.02,33820700.0
2022-02-11,91.28,94.5799,88.95,89.76,30999980.0
2022-02-14,91.99,93.17,88.71,89.86,23499100.0
2022-02-15,91.01,96.5,91.01,96.0,27083530.0
2022-02-16,94.44,96.49,93.57,96.06,15573600.0
2022-02-17,95.04,96.0,93.49,93.73,17943290.0
2022-02-18,94.53,94.68,88.895,90.8,19530510.0
2022-02-22,89.84,93.97,88.67,90.57,24825720.0
2022-02-23,91.47,91.87,87.07,87.31,19135410.0
2022-02-24,84.13,88.94,83.79,88.83,24472320.0
2022-02-25,87.964,90.48,87.28,90.1,15008660.0
2022-02-28,88.45,89.75,87.1598,88.86,17269790.0
2022-03-01,88.56,89.84,84.66,86.26,20794840.0
2022-03-02,87.17,94.07,87.03,93.3,28398700.0
2022-03-03,91.62,92.19,88.385,89.18,22099750.0
2022-03-04,87.42,87.42,80.515,81.91,28221730.0
2022-03-07,81.76,82.97,75.625,75.7,26715510.0
2022-03-08,76.25,80.25,73.93,77.16,28343180.0
2022-03-09,79.97,80.49,77.54,79.44,19647850.0
2022-03-10,77.735,77.735,73.81,75.72,21691960.0
2022-03-11,76.655,76.7,72.635,72.82,22786510.0
2022-03-14,71.75,72.48,68.96,69.4,24893440.0
2022-03-15,70.048,73.53,68.34,73.11,22850960.0
2022-03-16,76.47,79.71,76.15,79.67,35742770.0
2022-03-17,78.2,80.58,77.2,80.52,21612240.0
2022-03-18,79.1,81.2,78.06,79.41,28601160.0
2022-03-21,78.99,79.89,75.53,78.35,30878160.0
2022-03-22,77.7,79.73,77.51,79.12,16768040.0
2022-03-23,77.86,78.22,75.075,75.65,28059800.0
2022-03-24,75.9,78.535,75.32,78.21,23348050.0
2022-03-25,78.265,78.3,75.13,78.1,22491040.0
2022-03-28,78.59,80.18,77.27,79.86,26605280.0
2022-03-29,82.1,82.55,79.26,82.05,41290740.0
2022-03-30,84.3,86.24,78.6,79.16,70087030.0
2022-03-31,77.67,79.96,76.83,77.89,34588630.0
2022-04-01,78.43,78.91,74.06,76.18,33536060.0
2022-04-04,76.9,78.18,76.5103,77.67,24320310.0
2022-04-05,76.71,78.02,74.3,74.61,21171420.0
2022-04-06,73.175,74.885,71.47,73.78,28080120.0
2022-04-07,73.67,74.68,72.13,73.28,22658640.0
2022-04-08,72.5,72.85,70.83,72.14,20562570.0
2022-04-11,70.55,72.91,70.09,72.03,21127920.0
2022-04-12,72.79,73.59,71.57,71.96,18658510.0
2022-04-13,72.365,73.75,71.86,72.38,18891990.0
2022-04-14,72.56,72.81,70.09,70.13,18543540.0
2022-04-18,70.25,72.1,70.05,71.15,17476740.0
2022-04-19,70.96,73.41,70.77,72.73,15138970.0
2022-04-20,73.806,76.2295,72.89,73.2,19042570.0
2022-04-21,73.97,74.49,70.65,70.92,17645350.0
2022-04-22,70.64,70.98,69.31,69.41,18682430.0
2022-04-25,68.42,70.17,67.93,70.12,20072120.0
2022-04-26,68.685,69.16,67.04,67.08,18628690.0
2022-04-27,66.13,68.48,65.862,66.47,17123640.0
2022-04-28,67.65,70.81,67.06,70.18,21058420.0
2022-04-29,69.1,71.335,68.02,68.19,16843480.0
2022-05-02,68.16,70.74,67.58,70.6,15342800.0
2022-05-03,70.47,71.96,70.2,71.26,13539080.0
2022-05-04,71.77,73.9,70.16,73.62,17201940.0
2022-05-05,72.31,72.56,70.36,71.29,16603570.0
2022-05-06,70.55,71.91,68.89,70.35,15159770.0
2022-05-09,69.2,71.4,67.48,67.93,21770880.0
2022-05-10,69.57,70.59,67.61,68.91,17662660.0
2022-05-11,68.66,70.88,66.82,66.96,17237250.0
2022-05-12,66.0,68.9011,65.87,67.71,27022920.0
2022-05-13,69.095,72.63,68.02,71.92,22871970.0
2022-05-16,71.51,72.04,70.32,70.47,13394750.0
2022-05-17,72.25,74.73,72.1499,74.48,17671490.0
2022-05-18,73.18,74.22,70.09,71.05,20635060.0
2022-05-19,70.76,71.7,69.05,69.4,17557950.0
2022-05-20,70.6,70.69,66.11,68.9,20313300.0
2022-05-23,68.77,70.1999,68.52,69.59,12356240.0
2022-05-24,68.36,68.41,66.01,66.62,18764530.0
2022-05-25,65.925,68.85,65.9,67.87,16241150.0
2022-05-26,66.39,71.0399,66.35,70.6,14902510.0
2022-05-27,71.76,73.435,71.64,73.32,13078720.0
2022-05-31,73.47,74.4797,71.93,73.84,15452990.0
2022-06-01,74.498,75.39,72.55,73.55,13595400.0
2022-06-02,73.13,75.41,73.13,75.37,11373150.0
2022-06-03,71.69,71.69,69.1101,69.94,30306550.0
2022-06-06,70.742,72.14,70.01,70.45,13198700.0
2022-06-07,68.65,70.87,68.12,70.76,14328000.0
2022-06-08,69.84,70.4,67.76,68.6,16362980.0
2022-06-09,67.94,68.69,66.0,66.02,15073740.0
2022-06-10,64.84,65.56,62.28,62.62,26647550.0
2022-06-13,60.02,60.96,58.58,58.84,24278600.0
2022-06-14,59.36,59.8721,57.72,58.7,17036010.0
2022-06-15,59.33,60.075,57.55,59.12,19726220.0
2022-06-16,57.0,57.0,54.25,55.01,22706180.0
2022-06-17,55.9,56.32,53.6,55.75,24139830.0
2022-06-21,56.815,57.92,56.34,56.8,15502830.0
2022-06-22,55.96,57.14,55.6,56.34,13524700.0
2022-06-23,56.61,56.83,54.955,56.22,13366630.0
2022-06-24,57.15,59.0,57.13,58.44,15647560.0
2022-06-27,59.575,60.045,58.37,58.78,16159870.0
2022-06-28,58.98,60.59,57.81,57.86,19404470.0
2022-06-29,57.23,57.52,55.32,56.02,17351370.0
2022-06-30,54.99,56.405,54.22,55.28,29572420.0
2022-07-01,53.29,53.96,51.4,53.65,43681740.0
2022-07-05,52.175,56.89,52.09,56.73,33766110.0
2022-07-06,56.85,58.12,56.4619,57.37,23565020.0
2022-07-07,59.1,59.31,57.84,58.85,22945540.0
2022-07-08,58.221,60.43,58.1019,59.14,19283050.0
2022-07-11,58.11,58.605,57.71,57.81,13963240.0
2022-07-12,58.415,60.08,58.1,59.18,21523090.0
2022-07-13,57.375,59.4193,57.36,58.86,13987600.0
2022-07-14,57.935,59.66,57.32,59.35,14803840.0
2022-07-15,61.48,61.7,59.4,61.53,20317790.0
2022-07-18,62.09,62.325,60.14,60.45,13233040.0
2022-07-19,61.465,62.755,61.38,62.4,19103720.0
2022-07-20,62.22,63.52,61.85,63.3,15176190.0
2022-07-21,62.6,63.68,61.93,63.64,12924680.0
2022-07-22,61.285,62.92,61.01,61.29,22201720.0
2022-07-25,61.35,61.83,59.7,60.15,14479420.0
2022-07-26,60.31,60.685,59.55,59.66,11044820.0
2022-07-27,60.49,62.39,59.61,61.89,14589820.0
2022-07-28,62.25,62.3,60.19,62.07,10120280.0
2022-07-29,61.35,62.09,60.7727,61.86,14199690.0
2022-08-01,62.5,63.99,62.0,62.54,13347170.0
2022-08-02,61.75,63.3,60.88,62.47,11535840.0
2022-08-03,62.5,64.53,62.4383,64.25,12290130.0
2022-08-04,64.12,64.99,63.65,64.85,11338440.0
2022-08-05,62.86,63.215,61.795,62.46,15047090.0
2022-08-08,61.99,62.62,60.98,61.45,11464770.0
2022-08-09,58.995,60.54,57.74,59.15,33107230.0
2022-08-10,60.0,61.5602,59.39,61.4,17418400.0
2022-08-11,62.0,64.1009,62.0,62.32,18298540.0
2022-08-12,62.66,65.415,62.23,65.04,16193980.0
2022-08-15,64.7,65.1199,63.89,64.7,9689080.0
2022-08-16,64.12,64.56,63.22,63.86,9275386.0
2022-08-17,62.81,62.81,60.76,61.62,14728360.0
2022-08-18,61.75,63.415,61.25,62.98,11303930.0
2022-08-19,61.835,62.25,60.28,60.51,14050340.0
2022-08-22,59.562,59.61,57.965,58.31,13096750.0
2022-08-23,58.35,59.29,57.76,57.86,12769110.0
2022-08-24,57.88,58.565,57.36,58.31,9961297.0
2022-08-25,58.6,61.27,58.58,61.2,12171630.0
2022-08-26,61.07,61.22,57.61,57.63,15754010.0
2022-08-29,57.31,58.0,56.52,57.01,11607550.0
2022-08-30,57.48,57.8,55.58,56.3,12743710.0
2022-08-31,55.99,57.155,55.81,56.53,14172200.0
2022-09-01,55.26,57.4,54.79,57.31,17594490.0
2022-09-02,58.3,58.8,56.0,56.33,12809670.0
2022-09-06,56.33,56.69,55.125,55.23,12133300.0
2022-09-07,55.31,55.72,54.01,55.0,17030570.0
2022-09-08,54.49,55.915,53.74,55.39,18415250.0
2022-09-09,56.17,57.68,56.17,57.44,13929810.0
2022-09-12,57.46,58.14,57.03,57.94,10711520.0
2022-09-13,55.7,56.24,53.14,53.62,22361780.0
2022-09-14,53.89,54.2302,52.455,53.11,19984870.0
2022-09-15,52.7,53.45,51.98,52.69,15620790.0
2022-09-16,51.89,53.01,51.49,52.85,24901690.0
2022-09-19,51.97,52.77,51.88,52.1,19251430.0
2022-09-20,51.53,51.59,50.59,50.8,19373810.0
2022-09-21,49.74,52.51,49.72,50.1,31117290.0
2022-09-22,49.8,50.37,49.345,49.66,21316980.0
2022-09-23,49.28,50.15,48.45,50.1,24591710.0
2022-09-26,49.925,50.46,48.81,48.88,19266760.0
2022-09-27,49.82,50.65,49.395,50.58,17297530.0
2022-09-28,50.11,51.19,50.1,51.0,17784300.0
2022-09-29,50.04,50.3,49.22,50.01,25582110.0
2022-09-30,50.54,52.06,49.81,50.1,38917680.0
2022-10-03,51.01,53.085,50.64,51.72,24632360.0
2022-10-04,53.56,54.81,52.6616,53.96,24275470.0
2022-10-05,52.882,55.2,52.17,54.73,20418270.0
2022-10-06,54.4,55.1075,53.3,54.62,17149380.0
2022-10-07,53.56,54.645,52.51,52.91,21977710.0
2022-10-10,53.07,53.13,50.765,51.38,17227360.0
2022-10-11,50.64,54.78,50.33,53.71,32813670.0
2022-10-12,53.6,53.77,52.39,52.75,18131920.0
2022-10-13,51.352,55.92,50.74,54.86,27605010.0
2022-10-14,55.235,55.44,52.6,52.72,20409200.0
2022-10-17,54.6,54.99,52.85,53.5,18261730.0
2022-10-18,55.01,55.14,51.66,52.55,19774780.0
2022-10-19,52.09,53.43,52.06,53.03,14786100.0
2022-10-20,53.5,55.1,53.17,53.7,15711840.0
2022-10-21,53.49,56.28,53.335,56.05,20199200.0
2022-10-24,56.23,56.81,55.0702,56.24,15293610.0
2022-10-25,56.68,57.03,55.34,55.87,17313000.0
2022-10-26,56.08,57.44,54.96,55.45,23527530.0
2022-10-27,55.37,56.23,52.12,52.21,27335830.0
2022-10-28,51.83,54.44,51.46,54.04,19171080.0
2022-10-31,53.91,54.93,53.169,54.1,15932480.0
2022-11-01,55.09,55.44,54.11,54.86,11729710.0
2022-11-02,54.735,56.27,53.42,53.45,17305840.0
2022-11-03,52.71,54.365,51.91,53.48,12769250.0
2022-11-04,55.26,56.91,54.815,56.16,18882660.0
2022-11-07,56.43,56.8199,55.46,56.56,11411270.0
2022-11-08,57.38,57.87,56.48,57.49,14190070.0
2022-11-09,56.22,56.65,55.51,55.97,19952450.0
2022-11-10,58.6,60.38,58.06,60.27,24982470.0
2022-11-11,60.65,63.18,59.88,62.52,17579440.0
2022-11-14,61.94,62.75,60.985,61.78,13988190.0
2022-11-15,63.495,64.44,62.42,63.1,16324960.0
2022-11-16,60.53,61.38,58.115,58.87,25901920.0
2022-11-17,57.3,58.99,56.51,58.74,14215120.0
2022-11-18,59.56,59.66,58.1,58.58,9703731.0
2022-11-21,58.02,58.02,56.82,57.16,9968440.0
2022-11-22,57.55,58.68,56.98,58.62,8955745.0
2022-11-23,58.24,59.06,57.75,58.93,8996842.0
2022-11-25,58.67,59.13,58.39,58.41,4360454.0
2022-11-28,57.32,57.76,55.47,55.75,15518930.0
2022-11-29,55.71,56.515,54.7743,55.12,12874240.0
2022-11-30,53.58,57.68,52.61,57.65,31461360.0
2022-12-01,57.83,57.92,55.1,55.49,21764200.0
2022-12-02,54.34,55.42,53.38,54.68,15946480.0
2022-12-05,54.37,55.2659,53.695,54.04,13806860.0
2022-12-06,53.862,54.625,53.24,53.68,17987970.0
2022-12-07,53.12,54.24,52.44,53.82,11367330.0
2022-12-08,54.555,55.695,54.0501,55.2,13609140.0
2022-12-09,54.68,55.855,54.52,54.87,9932167.0
2022-12-12,53.52,55.38,53.335,55.35,13250560.0
2022-12-13,57.185,57.89,54.645,55.24,14210470.0
2022-12-14,55.24,56.1,54.06,54.59,11235290.0
2022-12-15,53.56,53.72,51.85,52.04,17788830.0
2022-12-16,51.735,52.54,51.62,52.07,22951390.0
2022-12-19,52.17,52.29,51.1,51.72,16470020.0
2022-12-20,51.34,51.97,50.45,50.68,16942040.0
2022-12-21,50.925,51.745,50.745,51.19,20400780.0
2022-12-22,49.5,49.97,48.43,49.43,40959620.0
2022-12-23,49.0,50.55,48.985,50.2,17425710.0
2022-12-27,49.61,50.31,48.517,50.02,15159130.0
2022-12-28,49.84,51.085,48.825,49.12,12518740.0
2022-12-29,49.4,50.925,49.34,50.65,13204260.0
2022-12-30,49.445,50.02,49.125,49.98,11989830.0
2023-01-03,50.56,50.96,49.55,50.37,12422760.0
2023-01-04,53.05,54.52,52.73,54.2,25077300.0
2023-01-05,53.89,55.39,53.89,54.71,18030890.0
2023-01-06,55.43,57.29,54.03,56.77,21069760.0
2023-01-09,56.82,57.515,55.65,56.36,15715900.0
2023-01-10,56.16,57.28,55.86,57.21,10571340.0
2023-01-11,57.35,58.465,56.92,58.06,12142990.0
2023-01-12,58.11,58.24,56.43,57.27,14888080.0
2023-01-13,56.73,56.97,56.12,56.93,12520630.0
2023-01-17,57.16,58.6,56.55,56.85,10962710.0
2023-01-18,57.51,58.0473,56.3601,56.51,10035270.0
2023-01-19,55.71,57.085,55.28,56.36,12034240.0
2023-01-20,57.472,58.57,56.76,58.46,13826370.0
2023-01-23,58.92,61.91,58.86,61.82,20175380.0
2023-01-24,61.2,61.72,60.87,61.26,10183210.0
2023-01-25,60.672,61.67,60.42,61.54,10787200.0
2023-01-26,62.58,63.05,61.29,62.8,12219470.0
2023-01-27,62.14,64.34,61.96,63.87,15895820.0
2023-01-30,62.76,63.28,61.69,61.71,16168980.0
2023-01-31,59.1,60.34,58.65,60.3,23856290.0
2023-02-01,60.62,63.23,60.385,62.6,20902200.0
2023-02-02,63.56,63.92,61.86,63.17,15877620.0
2023-02-03,62.0,63.79,61.9,62.41,12187050.0
2023-02-06,60.94,61.18,59.7401,59.98,11484270.0
2023-02-07,60.09,62.385,59.7,62.13,12713110.0
2023-02-08,61.445,62.33,60.23,60.25,9510471.0
2023-02-09,61.2,61.8197,59.685,60.18,10094690.0
2023-02-10,60.5,60.76,59.25,59.82,11429710.0
2023-02-13,59.82,60.28,58.84,60.12,11466240.0
2023-02-14,59.52,62.305,59.03,62.07,12496240.0
2023-02-15,61.33,61.94,60.46,61.84,10461970.0
2023-02-16,60.78,61.35,59.85,60.05,12683410.0
2023-02-17,59.84,60.178,58.51,59.01,10874860.0
2023-02-21,58.34,59.71,57.49,57.6,12667500.0
2023-02-22,57.73,58.57,56.825,56.98,12260340.0
2023-02-23,59.14,59.748,57.44,58.75,16094550.0
2023-02-24,57.7,58.365,57.35,58.18,9867371.0
2023-02-27,59.17,59.56,57.83,57.9,8513994.0
2023-02-28,57.64,58.735,57.4,57.82,10493270.0
2023-03-01,57.86,58.55,57.22,57.34,9141394.0
2023-03-02,55.5,56.695,54.72,56.43,16628950.0
2023-03-03,56.46,56.87,55.44,56.78,13769230.0
2023-03-06,57.28,58.6481,56.54,56.83,14472220.0
2023-03-07,56.5,56.73,55.31,55.56,13278340.0
2023-03-08,55.84,56.92,55.35,56.89,11515670.0
2023-03-09,56.64,57.56,55.54,55.6,10199960.0
2023-03-10,55.66,56.51,54.53,54.93,14180700.0
2023-03-13,53.965,54.55,52.76,53.9,17365240.0
2023-03-14,54.97,55.42,53.7,54.27,14657040.0
2023-03-15,53.33,54.27,52.88,54.13,14643640.0
2023-03-16,53.69,56.71,53.61,56.57,14794230.0
2023-03-17,56.8,57.72,56.215,56.66,26655250.0
2023-03-20,56.7,57.865,56.08,57.64,10610210.0
2023-03-21,58.38,59.52,57.595,58.63,14613710.0
2023-03-22,58.4,60.41,58.09,58.17,16949320.0
2023-03-23,59.18,61.78,59.13,61.34,23903100.0
2023-03-24,60.505,61.4,60.5,61.16,18740560.0
2023-03-27,61.19,61.42,59.1701,59.79,15901000.0
2023-03-28,59.8,59.87,57.815,59.28,20496260.0
2023-03-29,60.91,64.42,60.87,63.54,51939840.0
2023-03-30,64.03,64.1,62.48,63.09,23038350.0
2023-03-31,60.35,61.6582,59.9,60.34,35416500.0
2023-04-03,59.805,59.805,57.87,59.61,23610820.0
2023-04-04,59.675,60.095,56.95,57.27,21303220.0
2023-04-05,56.82,57.11,56.01,57.02,19456220.0
2023-04-06,56.95,59.15,56.8,58.56,21496510.0
2023-04-10,61.18,63.77,61.0,63.27,43280140.0
2023-04-11,63.64,64.29,63.04,63.57,23090190.0
2023-04-12,64.36,64.36,61.84,61.96,16694110.0
2023-04-13,61.51,63.37,60.79,63.0,23286550.0
2023-04-14,63.18,63.22,61.765,62.63,14953020.0
2023-04-17,62.22,62.77,61.975,62.54,11546750.0
2023-04-18,63.33,63.45,61.48,61.93,12175170.0
2023-04-19,60.98,61.21,60.38,60.65,11652640.0
2023-04-20,59.88,61.95,59.87,61.46,14382210.0
2023-04-21,61.15,61.445,60.73,61.13,9606175.0
2023-04-24,60.095,60.875,59.35,59.51,13402650.0
2023-04-25,59.13,59.34,58.03,58.14,15987310.0
2023-04-26,59.575,61.18,59.34,61.02,25385020.0
2023-04-27,60.75,61.96,60.13,61.9,13524590.0
2023-04-28,62.43,64.435,62.3,64.36,18094720.0
2023-05-01,63.89,64.1,62.305,62.35,12823370.0
2023-05-02,62.23,62.58,61.245,61.9,12237630.0
2023-05-03,61.49,62.18,60.815,60.91,10818080.0
2023-05-04,60.55,60.96,59.9,60.51,13357930.0
2023-05-05,60.61,61.74,60.105,61.23,12312660.0
2023-05-08,61.25,61.345,60.305,60.87,11510440.0
2023-05-09,59.88,61.39,59.55,60.93,11895220.0
2023-05-10,61.92,62.31,59.79,59.99,14548700.0
2023-05-11,60.59,61.81,60.065,61.61,15536580.0
2023-05-12,61.99,62.19,60.15,60.92,12131370.0
2023-05-15,62.23,64.87,61.8,64.64,22227200.0
2023-05-16,64.55,65.22,63.3,63.73,15266400.0
2023-05-17,64.58,65.32,63.44,64.92,15947690.0
2023-05-18,65.98,68.59,65.08,67.57,30688020.0
2023-05-19,67.57,68.39,66.43,68.17,16812100.0
2023-05-22,65.75,66.75,64.76,66.23,37491050.0
2023-05-23,65.85,67.56,65.71,66.01,15896230.0
2023-05-24,64.95,66.73,64.88,66.53,15806650.0
2023-05-25,69.745,69.88,67.51,69.61,29021520.0
2023-05-26,69.88,74.59,69.8,73.93,33409980.0
2023-05-30,74.385,74.7699,71.5832,71.69,24454680.0
2023-05-31,68.895,69.85,67.92,68.2,30403610.0
2023-06-01,68.94,69.79,68.095,69.09,18153030.0
2023-06-02,69.985,70.545,68.29,69.17,13468240.0
2023-06-05,69.5,69.5,67.51,67.77,12441090.0
2023-06-06,67.025,68.84,66.815,67.54,12476560.0
2023-06-07,68.41,68.665,66.945,67.06,14610810.0
2023-06-08,66.502,66.52,64.01,65.32,25856750.0
2023-06-09,65.93,66.4,64.465,65.43,14652510.0
2023-06-12,65.84,67.54,65.79,67.45,14742480.0
2023-06-13,68.555,68.88,67.6,67.87,11911880.0
2023-06-14,67.54,69.21,67.52,69.12,11085820.0
2023-06-15,68.59,69.52,68.36,68.82,11842640.0
2023-06-16,70.15,70.5,66.06,67.66,32259690.0
2023-06-20,67.315,67.62,65.77,66.9,13265680.0
2023-06-21,66.75,67.2,65.34,65.8,10427170.0
2023-06-22,65.53,66.66,65.51,66.25,8646854.0
2023-06-23,65.45,65.96,64.84,65.28,12663590.0
2023-06-26,65.63,66.7,65.41,65.45,13815880.0
2023-06-27,65.27,66.84,63.7946,66.79,18305180.0
2023-06-28,65.65,67.73,65.39,67.07,27100090.0
2023-06-29,67.84,67.95,63.55,64.33,51141900.0
2023-06-30,64.495,65.1,62.9,63.11,31549620.0
2023-07-03,63.44,64.32,63.255,63.9,12894170.0
2023-07-05,63.5,63.75,62.02,62.06,16552990.0
2023-07-06,60.99,61.79,60.5,61.23,15622710.0
2023-07-07,61.43,61.49,60.625,60.65,15028090.0
2023-07-10,60.825,62.83,60.58,62.48,16953140.0
2023-07-11,62.6,63.67,62.31,63.6,13464460.0
2023-07-12,64.47,64.7,63.125,63.79,13953590.0
2023-07-13,64.18,64.645,63.55,64.53,11384660.0
2023-07-14,64.3,65.54,63.68,64.08,13860250.0
2023-07-17,63.8,65.67,63.34,65.16,11333640.0
2023-07-18,64.37,65.12,63.7508,64.94,10402310.0
2023-07-19,65.63,65.76,64.8,64.96,9463941.0
2023-07-20,64.4,65.545,64.25,64.69,12745070.0
2023-07-21,65.29,66.16,64.34,65.65,24540160.0
2023-07-24,65.36,66.64,65.225,65.48,10275070.0
2023-07-25,65.4,65.995,65.08,65.68,8610906.0
2023-07-26,65.0,67.88,65.0,67.38,14920570.0
2023-07-27,70.48,72.34,69.96,71.07,25068350.0
2023-07-28,71.58,72.1299,70.655,71.2,11935820.0
2023-07-31,71.12,71.77,70.87,71.39,11193790.0
2023-08-01,71.0,71.08,69.89,70.76,13153440.0
2023-08-02,69.75,69.85,67.34,68.17,14012010.0
2023-08-03,67.57,69.39,67.1614,69.18,11081190.0
2023-08-04,69.5,70.9345,69.13,69.91,11255550.0
2023-08-07,69.85,70.2294,68.83,69.38,10537540.0
2023-08-08,68.7,68.76,66.96,67.65,14767790.0
2023-08-09,67.78,67.97,66.62,66.7,10043170.0
2023-08-10,67.06,67.46,64.93,65.44,12775330.0
2023-08-11,64.9,65.31,64.07,64.37,11823080.0
2023-08-14,64.37,68.48,64.2,68.28,21953960.0
2023-08-15,67.59,67.63,65.32,65.33,13808530.0
2023-08-16,65.0,65.2299,64.09,64.22,9895360.0
2023-08-17,64.49,64.709,63.4,63.56,9933301.0
2023-08-18,62.31,63.855,61.75,63.59,9576535.0
2023-08-21,63.68,64.195,62.86,63.96,11311890.0
2023-08-22,64.3,65.08,63.285,63.41,8877758.0
2023-08-23,63.57,65.62,63.17,65.19,10747420.0
2023-08-24,66.14,66.24,63.37,63.69,12661620.0
2023-08-25,63.46,64.39,62.625,63.72,9409035.0
2023-08-28,65.72,66.11,64.66,65.31,9904856.0
2023-08-29,64.9,67.03,64.87,66.68,9954960.0
2023-08-30,67.19,68.7,66.52,68.09,16892170.0
2023-08-31,67.97,70.54,67.97,69.94,18420870.0
2023-09-01,70.21,70.62,69.55,70.39,10772020.0
2023-09-05,69.91,71.16,69.53,70.29,11144300.0
2023-09-06,70.13,70.6599,69.64,70.41,9192768.0
2023-09-07,69.45,70.288,69.1,69.87,12043220.0
2023-09-08,69.765,70.61,69.61,70.18,9806902.0
2023-09-11,70.83,70.86,69.31,70.03,9310367.0
2023-09-12,69.955,71.69,69.79,70.31,11062110.0
2023-09-13,71.05,71.86,70.365,70.85,14525470.0
2023-09-14,71.67,72.23,71.28,71.79,11170290.0
2023-09-15,71.29,71.628,69.64,69.88,16416130.0
2023-09-18,70.65,71.0501,69.9101,70.5,12735680.0
2023-09-19,70.62,71.06,69.97,70.71,10400200.0
2023-09-20,70.95,72.3052,69.65,69.68,15529660.0
2023-09-21,69.0,69.29,67.83,67.9,14978570.0
2023-09-22,68.59,69.75,67.79,68.88,15489770.0
2023-09-25,68.29,69.185,67.61,68.58,14899960.0
2023-09-26,67.97,69.045,67.59,67.94,12752500.0
2023-09-27,68.12,68.85,66.75,68.21,20852300.0
2023-09-28,65.97,67.0899,63.83,65.2,46749770.0
2023-09-29,66.36,68.73,66.36,68.03,24315500.0
2023-10-02,68.24,69.28,67.06,67.96,14880490.0
2023-10-03,67.17,69.65,67.11,67.83,12481500.0
2023-10-04,68.31,68.5,67.12,68.11,12912850.0
2023-10-05,68.61,69.54,68.34,69.05,14045020.0
2023-10-06,68.71,70.325,68.0001,69.96,15113360.0
2023-10-09,69.61,69.95,68.575,69.48,8588667.0
2023-10-10,69.49,70.11,68.89,69.07,9007592.0
2023-10-11,69.72,70.27,68.93,70.21,11165350.0
2023-10-12,70.39,70.72,69.295,69.75,11408730.0
2023-10-13,69.87,70.06,69.09,69.21,10288570.0
2023-10-16,69.01,70.03,68.14,69.08,11294110.0
2023-10-17,68.07,69.63,67.62,69.0,11843010.0
2023-10-18,68.01,69.55,67.98,69.14,11200980.0
2023-10-19,69.68,69.78,67.18,67.53,18111020.0
2023-10-20,67.56,68.52,67.135,67.22,11506070.0
2023-10-23,66.82,68.16,66.23,66.88,9489552.0
2023-10-24,67.29,68.35,67.13,68.07,8450723.0
2023-10-25,68.485,69.2,65.8998,66.5,11924260.0
2023-10-26,66.45,67.44,63.875,64.53,16697860.0
2023-10-27,64.92,66.27,64.88,65.65,9980252.0
2023-10-30,66.355,67.55,65.17,66.07,10667690.0
2023-10-31,66.08,67.07,65.26,66.87,8268405.0
2023-11-01,67.0,69.66,67.0,69.4,16777510.0
2023-11-02,70.32,71.025,69.75,70.44,11925950.0
2023-11-03,71.3,73.19,71.15,72.58,14457880.0
2023-11-06,72.58,72.99,72.0201,72.92,10069800.0
2023-11-07,72.48,73.13,71.71,72.8,8248379.0
2023-11-08,72.62,72.78,71.715,72.28,9917555.0
2023-11-09,73.55,76.1,73.495,73.57,22435870.0
2023-11-10,74.44,75.805,73.565,75.36,12309410.0
2023-11-13,74.15,75.2025,73.39,74.78,9116000.0
2023-11-14,76.0,77.45,75.91,77.17,12972720.0
2023-11-15,77.5,77.5,76.31,77.14,9954004.0
2023-11-16,76.89,77.48,76.48,76.67,12988970.0
2023-11-17,76.6,77.94,76.47,77.56,9378253.0
2023-11-20,77.34,78.905,77.13,78.62,11426590.0
2023-11-21,77.85,77.93,76.305,76.71,12016740.0
2023-11-22,77.2,78.45,76.85,77.1,8580370.0
2023-11-24,76.68,77.0055,76.37,76.87,4349574.0
2023-11-27,76.87,78.2899,76.66,77.51,11005570.0
2023-11-28,75.08,76.24,73.985,76.12,19225730.0
2023-11-29,77.45,79.02,76.375,76.69,14062880.0
2023-11-30,76.82,77.0,74.97,76.12,21701560.0
2023-12-01,76.01,76.54,75.09,75.93,14354670.0
2023-12-04,75.42,75.6,73.33,74.29,11659330.0
2023-12-05,73.47,73.97,73.04,73.69,8800502.0
2023-12-06,75.3,75.4,72.93,73.13,8883918.0
2023-12-07,74.02,74.205,72.99,73.65,10641260.0
2023-12-08,73.48,75.35,73.43,74.96,12007070.0
2023-12-11,77.19,78.51,76.965,77.79,18547630.0
2023-12-12,77.42,78.26,77.0985,78.16,10262090.0
2023-12-13,78.3,80.265,78.03,79.79,11629880.0
2023-12-14,80.81,82.4,80.79,82.19,17342790.0
2023-12-15,82.89,82.99,81.11,81.41,19547760.0
2023-12-18,81.59,81.86,80.81,81.56,12416650.0
2023-12-19,81.67,82.27,81.17,82.17,14316380.0
2023-12-20,81.46,81.62,78.63,78.69,29084990.0
2023-12-21,85.0,86.02,83.11,85.48,53969660.0
2023-12-22,86.15,87.49,85.62,86.49,22531840.0
2023-12-26,86.695,87.87,86.43,87.06,11203900.0
2023-12-27,87.48,87.49,86.22,86.66,9186288.0
2023-12-28,86.75,86.75,85.84,86.0,9606174.0
2023-12-29,85.84,86.1441,85.03,85.34,8549232.0
2024-01-02,84.0,84.08,81.75,82.34,13597090.0
2024-01-03,81.2,82.5883,80.585,82.26,12915620.0
2024-01-04,83.47,84.26,82.61,82.71,19134160.0
2024-01-05,81.48,83.53,81.01,83.45,15483750.0
2024-01-08,83.89,85.51,83.83,84.95,16219820.0
2024-01-09,83.13,84.19,82.9,83.33,12138740.0
2024-01-10,82.955,83.02,81.66,82.38,10748630.0
2024-01-11,82.8,83.45,81.82,83.39,10579320.0
2024-01-12,82.75,83.045,81.71,82.39,10187530.0
2024-01-16,82.54,85.215,82.33,84.61,13713530.0
2024-01-17,83.69,83.97,82.625,83.28,10245440.0
2024-01-18,85.22,85.82,84.04,84.82,15077690.0
2024-01-19,86.06,87.785,85.62,87.51,18156760.0
2024-01-22,88.27,89.95,88.01,89.24,14371230.0
2024-01-23,89.0,89.18,86.88,87.53,16850890.0
2024-01-24,88.41,88.57,86.61,88.08,19752770.0
2024-01-25,89.15,90.0446,88.495,89.2,15892370.0
2024-01-26,87.24,88.5,86.29,88.05,14934530.0
2024-01-29,88.5,89.57,88.015,89.07,12108100.0
2024-01-30,88.08,88.79,85.76,86.16,12980390.0
2024-01-31,84.957,86.92,84.7863,85.75,11396690.0
2024-02-01,86.07,86.19,84.615,85.61,10459040.0
2024-02-02,85.07,86.61,84.941,86.48,10450040.0
2024-02-05,86.74,87.22,85.61,86.98,8409312.0
2024-02-06,86.83,87.19,83.72,84.6,12990330.0
2024-02-07,84.14,85.28,82.47,85.17,16374840.0
2024-02-08,85.51,86.0346,84.53,84.88,12524470.0
2024-02-09,85.06,85.62,83.96,85.56,12161510.0
2024-02-12,85.53,86.905,85.39,85.7,10366000.0
2024-02-13,82.47,83.55,80.765,81.53,21207910.0
2024-02-14,82.18,83.175,81.49,81.83,12870940.0
2024-02-15,82.24,82.71,81.51,81.63,11527610.0
2024-02-16,80.96,81.3405,79.25,79.5,15553080.0
2024-02-20,79.335,80.77,79.15,80.71,12627190.0
2024-02-21,80.79,81.5,79.94,81.49,9943627.0
2024-02-22,85.0,86.31,83.88,85.91,17510920.0
2024-02-23,86.55,86.8199,85.05,86.0,10232770.0
2024-02-26,89.68,92.35,88.9,89.46,28920120.0
2024-02-27,91.89,92.745,90.49,91.85,21422680.0
2024-02-28,90.46,90.79,89.3,89.71,14190650.0
2024-02-29,90.645,90.83,88.8201,90.61,17027010.0
2024-03-01,91.92,96.059,91.92,95.15,23446170.0
2024-03-04,96.93,97.38,94.6177,95.77,20913230.0
2024-03-05,94.25,95.365,93.275,94.47,12887530.0
2024-03-06,95.05,96.43,94.5577,95.56,14232420.0
2024-03-07,98.93,99.69,97.47,98.98,24843320.0
2024-03-08,99.88,101.85,97.32,97.62,22379000.0
2024-03-11,95.9,96.46,93.525,94.51,15673310.0
2024-03-12,95.33,97.5,93.64,97.42,14993730.0
2024-03-13,95.32,95.34,93.1,94.16,16732630.0
2024-03-14,93.3,93.45,90.3,91.43,16718900.0
2024-03-15,92.48,94.7,92.02,93.25,29579530.0
2024-03-18,96.82,97.08,93.69,93.78,23140270.0
2024-03-19,92.58,94.16,91.0,94.0,21054660.0
2024-03-20,94.99,96.68,93.59,96.25,39807350.0
2024-03-21,113.365,113.5,108.7816,109.85,89554120.0
2024-03-22,109.31,111.34,107.0548,110.21,37281440.0
2024-03-25,110.24,121.41,110.16,117.13,55766120.0
2024-03-26,119.0,122.4599,118.17,118.8,44295150.0
2024-03-27,119.3,120.112,117.08,119.25,29320730.0
2024-03-28,119.44,119.63,117.35,117.89,21047780.0
2024-04-01,119.195,127.3799,119.0,124.3,44309400.0
2024-04-02,122.71,123.68,120.92,122.75,25026420.0
2024-04-03,122.2,128.28,121.33,128.01,40130140.0
2024-04-04,130.18,130.5431,123.65,124.09,36009860.0
2024-04-05,124.4,125.69,121.2001,123.58,23326520.0
2024-04-08,129.055,129.7,122.61,122.95,27955770.0
2024-04-09,124.89,126.14,121.27,122.63,19243790.0
2024-04-10,120.0,124.48,119.93,122.2,22242280.0
2024-04-11,122.9,127.56,122.08,127.51,21745300.0
2024-04-12,125.25,125.99,121.83,122.52,24808210.0
2024-04-15,123.63,124.78,120.61,121.37,17732610.0
2024-04-16,119.53,122.5499,118.36,121.77,17452450.0
2024-04-17,122.02,124.42,116.2,116.33,25546490.0
2024-04-18,116.0,117.615,111.48,111.93,32146900.0
2024-04-19,109.66,110.88,105.72,106.77,33787520.0
2024-04-22,107.6,110.23,106.63,109.12,19820870.0
2024-04-23,109.71,112.89,108.91,112.46,17887460.0
2024-04-24,112.72,113.95,109.23,111.78,20505930.0
2024-04-25,109.3728,113.0595,108.07,111.58,18342800.0
2024-04-26,112.0,115.06,111.6,114.84,20630670.0
2024-04-29,113.81,114.75,112.11,114.36,14419100.0
2024-04-30,114.18,116.28,112.93,112.96,14845580.0
2024-05-01,110.52,113.73,108.75,109.7,16686150.0
2024-05-02,111.74,112.41,109.43,112.33,15439200.0
2024-05-03,115.03,115.48,113.45,114.7,15564360.0
2024-05-06,119.78,121.3699,118.02,120.13,22538720.0
2024-05-07,120.15,121.41,119.18,119.21,12508330.0
2024-05-08,118.302,120.47,118.22,119.32,10867910.0
2024-05-09,119.315,119.63,117.44,117.81,11524820.0
2024-05-10,120.04,121.85,119.18,121.24,13922430.0
2024-05-13,122.93,124.11,121.65,123.0,16643250.0
2024-05-14,122.99,125.04,121.673,124.81,13887750.0
2024-05-15,126.23,127.95,125.442,127.81,14265110.0
2024-05-16,127.93,130.13,127.05,127.89,15874690.0
2024-05-17,128.36,129.03,124.86,125.29,13774740.0
2024-05-20,127.125,131.02,126.64,129.0,19123180.0
2024-05-21,124.2,128.82,123.28,127.5,15717820.0
2024-05-22,127.79,127.87,125.24,126.28,11190130.0
2024-05-23,131.77,131.95,124.66,126.27,20747380.0
2024-05-24,127.82,130.4,126.6,129.49,14048890.0
2024-05-28,131.755,133.3,129.27,132.67,14142960.0
2024-05-29,130.0,133.1,129.9,131.58,11242480.0
2024-05-30,130.3,131.67,125.7,126.29,12666210.0
2024-05-31,126.35,127.32,121.01,125.0,24153780.0
2024-06-03,128.13,128.84,125.145,128.17,16134340.0
2024-06-04,127.35,127.86,125.42,126.64,12995520.0
2024-06-05,128.8,133.87,127.65,133.71,22301830.0
2024-06-06,133.84,134.13,129.18,130.07,15505000.0
2024-06-07,130.21,132.54,129.62,130.94,12139480.0
2024-06-10,129.71,135.665,129.71,134.82,14668150.0
2024-06-11,135.325,135.85,131.78,135.07,14124960.0
2024-06-12,138.51,141.71,136.83,140.75,16973560.0
2024-06-13,142.79,144.22,140.2601,143.14,16312940.0
2024-06-14,141.8,142.4889,139.6501,141.36,14028470.0
2024-06-17,145.58,148.75,142.14,147.83,23908990.0
2024-06-18,151.74,157.535,151.51,153.45,42192570.0
2024-06-20,157.01,157.41,142.91,144.19,41284980.0
2024-06-21,137.65,142.6,135.7,139.54,51189670.0
2024-06-24,142.44,142.83,137.89,139.01,32410060.0
2024-06-25,140.07,141.13,137.75,141.12,32370050.0
2024-06-26,143.04,144.07,139.54,142.36,55490290.0
2024-06-27,135.79,137.39,131.08,132.23,68172710.0
2024-06-28,132.82,135.42,130.75,131.53,38140590.0
2024-07-01,130.5,132.0834,127.2689,131.52,24748990.0
2024-07-02,129.91,132.71,129.42,132.59,20776040.0
2024-07-03,132.66,136.82,132.43,136.82,14507150.0
2024-07-05,136.82,137.13,130.91,131.6,30104620.0
2024-07-08,131.295,133.27,130.09,130.69,20500750.0
2024-07-09,131.75,135.21,130.88,131.14,21903380.0
2024-07-10,133.105,136.5,132.7,136.39,22460200.0
2024-07-11,136.36,136.43,130.07,130.23,25401540.0
2024-07-12,131.75,134.43,130.72,133.55,20726900.0
2024-07-15,133.91,135.35,130.03,130.87,20416020.0
2024-07-16,130.42,130.97,127.24,127.49,21312640.0
2024-07-17,122.58,123.03,119.23,119.5,31414070.0
2024-07-18,120.5,121.64,114.09,117.45,30404910.0
2024-07-19,116.69,117.2124,113.85,114.26,18038920.0
2024-07-22,115.36,115.58,113.64,115.28,23837760.0
2024-07-23,115.13,116.335,113.83,114.25,14707710.0
2024-07-24,111.47,114.04,110.0,110.28,25261040.0
2024-07-25,106.8,110.7,105.04,107.45,29068380.0
2024-07-26,110.0,110.63,107.78,109.41,18547890.0
2024-07-29,110.54,111.0299,107.14,107.85,13517680.0
2024-07-30,109.0,109.25,102.17,102.56,23915140.0
2024-07-31,109.85,111.3399,107.75,109.82,26503550.0
2024-08-01,107.18,107.86,99.95,101.51,31643710.0
2024-08-02,97.16,97.69,91.07,92.7,36039440.0
2024-08-05,87.63,92.25,84.91,90.42,36977620.0
2024-08-06,89.2,90.86,87.15,89.0,26460040.0
2024-08-07,93.38,93.58,86.58,86.8,29483750.0
2024-08-08,88.48,92.85,88.03,92.07,24760740.0
2024-08-09,91.79,94.53,91.45,93.08,21627210.0
2024-08-12,93.1,96.53,92.6301,94.64,18886620.0
2024-08-13,96.615,97.78,94.91,97.44,23565500.0
2024-08-14,101.0,101.95,98.0652,100.41,22458960.0
2024-08-15,103.51,108.0483,102.75,106.95,29127950.0
2024-08-16,106.83,109.47,105.35,107.99,18383280.0
2024-08-19,107.245,108.72,104.76,108.63,15744650.0
2024-08-20,108.33,109.19,106.16,107.99,16075520.0
2024-08-21,108.16,108.4,106.21,108.33,13658900.0
2024-08-22,108.95,111.0,103.96,104.26,17967030.0
2024-08-23,103.04,104.41,100.31,102.85,25465080.0
2024-08-26,100.67,102.19,97.61,98.91,26752250.0
2024-08-27,97.09,98.49,96.668,97.86,17234620.0
2024-08-28,97.36,97.6847,92.7,94.86,25564300.0
2024-08-29,96.56,97.98,94.99,95.57,18984290.0
2024-08-30,96.92,98.4129,94.99,96.24,18819370.0
2024-09-03,93.63,93.8799,88.31,88.58,28897240.0
2024-09-04,88.36,90.73,87.81,89.29,16356540.0
2024-09-05,88.1,90.7,87.76,89.39,13890660.0
2024-09-06,89.37,89.65,85.26,86.38,23587100.0
2024-09-09,87.85,87.96,85.01,86.27,20526390.0
2024-09-10,86.97,87.19,84.87,86.85,17019020.0
2024-09-11,88.2,90.83,86.08,90.65,20879600.0
2024-09-12,87.1,88.03,84.12,87.21,30982530.0
2024-09-13,88.09,91.47,87.87,91.22,21267220.0
2024-09-16,87.24,88.24,85.92,87.18,26494330.0
2024-09-17,88.06,89.57,87.5401,88.73,17744760.0
2024-09-18,87.99,89.2,86.71,87.35,20130600.0
2024-09-19,89.35,90.39,87.58,89.25,25208920.0
2024-09-20,88.4,90.97,88.33,90.9,28711000.0
2024-09-23,92.675,94.8,92.58,93.57,23394100.0
2024-09-24,94.73,95.0,92.76,94.0,23043240.0
2024-09-25,94.16,96.175,93.93,95.77,54762880.0
2024-09-26,113.1,114.8,107.53,109.88,107965900.0
2024-09-27,110.5,110.97,107.03,107.5,42960180.0
2024-09-30,106.08,106.7483,102.26,103.71,39627710.0
2024-10-01,103.4,104.2,98.94,100.31,34309770.0
2024-10-02,100.59,102.12,99.33,99.85,26334890.0
2024-10-03,99.47,102.53,99.4,101.82,22176650.0
2024-10-04,103.65,104.2399,101.4,102.25,21945810.0
2024-10-07,102.16,104.5932,100.81,102.91,21749280.0
2024-10-08,102.18,102.94,101.26,102.54,18858270.0
2024-10-09,102.25,102.29,100.322,101.7,18442720.0
2024-10-10,101.37,106.58,100.845,105.69,27605590.0
2024-10-11,105.04,107.65,104.9915,106.92,19133930.0
2024-10-14,107.805,108.71,106.8,108.34,15021920.0
2024-10-15,107.86,109.49,102.71,104.32,23419130.0
2024-10-16,106.02,109.63,105.61,109.24,20450880.0
2024-10-17,111.34,114.14,111.01,112.05,26584810.0
2024-10-18,111.75,112.9,109.86,111.15,16700370.0
2024-10-21,111.1,111.14,107.69,109.08,14829420.0
2024-10-22,108.24,108.515,106.37,107.82,13758060.0
2024-10-23,106.564,107.1,103.54,105.05,15174710.0
2024-10-24,106.775,107.53,105.545,106.85,13206260.0
2024-10-25,108.34,109.88,107.72,107.91,12264950.0
2024-10-28,106.78,108.18,106.32,106.39,12381050.0
2024-10-29,106.585,108.75,105.6037,108.18,15164580.0
2024-10-30,106.26,106.8,103.64,104.08,14321780.0
2024-10-31,102.2,102.49,99.0707,99.65,19830320.0
2024-11-01,100.0,100.61,99.37,99.73,13623350.0
2024-11-04,101.5,103.7867,101.0011,101.73,15765850.0
2024-11-05,102.0,105.62,101.79,105.49,12071910.0
2024-11-06,108.38,112.32,107.0,111.83,20304530.0
2024-11-07,112.559,113.86,111.37,113.41,13569840.0
2024-11-08,112.14,114.3,110.565,111.9,13045720.0
2024-11-11,110.945,111.51,106.77,108.65,14479680.0
2024-11-12,105.0,105.09,102.07,104.1,21859730.0
2024-11-13,102.8,103.3402,99.82,99.92,18416180.0
2024-11-14,101.29,102.29,98.56,99.18,18459750.0
2024-11-15,97.55,98.2,95.6374,96.34,18518300.0
2024-11-18,96.545,98.07,95.53,97.51,14251180.0
2024-11-19,97.0,98.18,96.51,97.73,14160310.0
2024-11-20,97.975,98.53,96.53,98.37,10490590.0
2024-11-21,100.095,103.2864,98.062,102.76,18915150.0
2024-11-22,102.36,103.71,101.65,102.64,12063730.0
2024-11-25,103.85,106.4,103.81,104.48,22837900.0
2024-11-26,104.0,104.72,100.31,101.8,19275680.0
2024-11-27,100.94,101.04,96.635,98.2,17046440.0
2024-11-29,97.24,98.2,96.1,97.95,13729440.0
2024-12-02,97.6,100.09,97.53,98.55,16525550.0
2024-12-03,101.12,103.68,99.63,99.84,23479710.0
2024-12-04,100.77,103.41,99.8,103.2,16306240.0
2024-12-05,103.875,104.2498,100.61,100.87,13448930.0
2024-12-06,100.88,102.19,100.03,101.17,12381020.0
2024-12-09,100.65,104.5,100.37,102.82,14141940.0
2024-12-10,104.96,105.0,97.2701,98.1,23548510.0
2024-12-11,99.5,102.66,98.3,102.055,15248380.0
2024-12-12,101.4,101.98,97.76,98.24,19334850.0
2024-12-13,100.765,103.2,99.6651,102.5,23926020.0
2024-12-16,105.61,111.13,104.54,108.26,42741150.0
2024-12-17,109.75,110.49,107.68,108.6,35811480.0
2024-12-18,110.25,112.04,102.73,103.9,63024280.0
2024-12-19,90.075,91.0,84.61,87.09,91396780.0
2024-12-20,85.406,90.25,83.54,90.12,49578450.0
2024-12-23,90.0,91.1,88.4,89.72,26041470.0
2024-12-24,89.58,89.7,88.23,89.28,13021260.0
2024-12-26,88.5,90.63,88.1,89.82,14506090.0
2024-12-27,89.0,89.49,87.58,88.63,19422610.0
2024-12-30,86.985,87.05,84.58,85.31,22022910.0
2024-12-31,85.44,86.4,84.09,84.16,18691550.0
2025-01-02,84.98,87.65,84.74,87.33,18859960.0
2025-01-03,87.95,90.195,87.51,89.87,17484590.0
2025-01-06,95.565,101.52,95.48,99.26,42903280.0
2025-01-07,103.41,106.7399,101.16,101.91,53570010.0
2025-01-08,102.82,103.475,98.3,99.41,33516890.0
2025-01-10,98.115,100.78,96.87,99.34,20512560.0
2025-01-13,95.84,96.0,92.88,95.06,22699140.0
2025-01-14,97.05,97.41,95.38,97.36,18613450.0
2025-01-15,99.44,103.9299,99.35,103.19,27568130.0
2025-01-16,104.32,104.8,101.87,102.6,16243840.0
2025-01-17,104.64,105.88,102.5,105.75,18908890.0
2025-01-21,105.425,110.24,105.23,109.38,23533650.0
2025-01-22,109.165,110.67,107.76,109.23,20004320.0
2025-01-23,104.79,106.18,103.3501,104.84,22677610.0
2025-01-24,105.5,105.72,102.72,103.19,19743840.0
2025-01-27,94.86,96.1,88.36,91.11,50696160.0
2025-01-28,92.605,93.45,88.04,88.25,34793600.0
2025-01-29,89.88,90.45,87.76,89.01,25342800.0
2025-01-30,90.66,93.16,90.3,92.5,22497090.0
2025-01-31,91.65,94.27,91.14,91.24,20540230.0
2025-02-03,88.65,91.4,88.0193,89.92,18607870.0
2025-02-04,89.05,91.45,88.8001,90.66,12827500.0
2025-02-05,90.385,93.65,90.22,93.6,15684530.0
2025-02-06,94.88,96.6088,93.58,94.54,16141140.0
2025-02-07,95.59,95.93,91.59,92.3,15602830.0
2025-02-10,93.185,96.26,93.17,95.93,16217950.0
2025-02-11,94.245,95.84,93.56,94.08,12124050.0
2025-02-12,89.6,92.64,87.35,91.68,22874730.0
2025-02-13,92.06,96.065,92.02,95.66,16579880.0
2025-02-14,98.41,100.6983,98.0,99.52,21284540.0
2025-02-18,102.635,107.88,102.045,106.79,29641940.0
2025-02-19,105.755,107.19,103.62,104.36,17875860.0
2025-02-20,103.98,104.85,102.34,103.18,14487950.0
2025-02-21,103.64,103.66,97.75,98.84,18650790.0
2025-02-24,100.215,100.7,95.28,95.41,14883720.0
2025-02-25,95.5,95.93,92.755,93.22,18608210.0
2025-02-26,96.0,99.72,95.5,97.71,21335230.0
2025-02-27,97.84,99.885,91.49,91.82,22386280.0
2025-02-28,91.0,94.46,89.87,93.63,23359060.0
2025-03-03,95.805,96.2,89.39,90.54,20281780.0
2025-03-04,90.2,93.59,86.8,91.2,23611500.0
2025-03-05,92.15,95.05,90.4301,94.34,14010310.0
2025-03-06,90.926,93.2896,89.0301,89.27,18708090.0
2025-03-07,90.29,93.34,89.49,92.96,19133940.0
2025-03-10,89.59,91.37,85.76,87.08,21897870.0
2025-03-11,87.9,91.1,86.0703,89.05,21962140.0
2025-03-12,92.47,96.99,92.24,95.64,23584750.0
2025-03-13,94.25,98.12,94.0,94.88,18824700.0
2025-03-14,98.75,102.78,98.75,100.79,24623570.0
2025-03-17,101.06,104.45,100.96,103.11,17095050.0
2025-03-18,101.9,103.31,100.29,101.72,18434130.0
2025-03-19,100.82,103.6,100.49,102.06,16633080.0
2025-03-20,101.58,104.69,101.35,103.0,29204410.0
2025-03-21,98.2,98.5,93.7,94.72,63239560.0
2025-03-24,96.1,98.4188,95.33,96.94,35406650.0
2025-03-25,96.18,96.38,93.25,94.18,22191740.0
2025-03-26,96.0,96.64,90.97,92.13,27224340.0
2025-03-27,91.09,92.205,89.61,91.16,15658680.0
2025-03-28,90.47,90.89,87.6,88.44,17117990.0
2025-03-31,86.0,87.09,84.1001,86.89,21089540.0
2025-04-01,88.525,88.89,86.245,88.71,15337060.0
2025-04-02,87.13,89.925,86.7,88.6,14520370.0
2025-04-03,82.915,83.3496,74.21,74.34,44839500.0
2025-04-04,70.65,71.34,63.8603,64.72,50737720.0
2025-04-07,63.935,72.46,61.54,68.37,50181770.0
2025-04-08,71.6,72.97,63.52,65.54,40822110.0
2025-04-09,66.2,78.56,63.7,77.87,63132620.0
2025-04-10,72.5,73.05,67.5,70.05,44882310.0
2025-04-11,69.04,70.165,66.825,69.55,30807780.0
2025-04-14,74.67,74.78,69.97,71.02,32634730.0
2025-04-15,71.12,72.8,70.55,71.04,19132750.0
2025-04-16,67.925,70.4505,67.17,69.33,28475010.0
2025-04-17,70.435,70.48,67.0,68.8,20694060.0
2025-04-21,67.76,68.0,65.645,66.74,19826150.0
2025-04-22,67.54,70.4,67.44,70.21,20351240.0
2025-04-23,73.695,75.4,72.5,72.93,26385510.0
2025-04-24,74.57,77.59,73.6,77.42,23875590.0
2025-04-25,77.55,80.3,76.9,79.78,19746210.0
2025-04-28,78.765,79.61,76.92,78.56,16882410.0
2025-04-29,77.94,78.19,76.475,76.88,17098050.0
2025-04-30,73.62,77.145,73.5,76.95,19779300.0
2025-05-01,79.4,79.89,77.64,77.77,15349220.0
2025-05-02,79.585,81.67,79.1,80.72,18899720.0
2025-05-05,79.41,81.15,79.05,80.42,12513590.0
2025-05-06,79.04,81.215,78.54,80.51,13173790.0
2025-05-07,80.99,82.87,80.2,82.62,14919560.0
2025-05-08,84.25,86.21,83.36,85.15,17580500.0
2025-05-09,85.57,86.27,84.68,85.86,13017570.0
2025-05-12,92.81,94.2,91.95,92.29,27765330.0
2025-05-13,92.545,97.41,92.545,96.93,28009090.0
2025-05-14,96.3,97.65,94.32,95.32,28044450.0
2025-05-15,94.01,95.61,92.17,95.45,24196110.0
2025-05-16,95.9,98.19,95.7,98.0,22609280.0
2025-05-19,95.71,99.02,95.7,98.65,14380070.0
2025-05-20,97.92,98.63,96.97,98.1,12331250.0
2025-05-21,97.16,98.82,95.26,95.84,15764280.0
2025-05-22,95.41,97.22,94.37,94.83,13245250.0
2025-05-23,92.26,93.84,90.93,93.37,16544980.0
2025-05-27,95.18,96.7,94.19,96.38,17612620.0
2025-05-28,96.7,97.21,95.6,96.18,10500300.0
2025-05-29,98.59,99.63,96.11,96.8,14640050.0
2025-05-30,96.04,96.6099,92.22,94.46,23758200.0
2025-06-02,94.58,99.24,94.4,98.18,16850340.0
2025-06-03,98.355,102.93,96.96,102.25,22757620.0
2025-06-04,102.38,103.91,101.7,103.25,14595880.0
2025-06-05,106.3,109.03,105.53,106.29,28863450.0
2025-06-06,108.08,111.05,108.0401,108.56,20710120.0
2025-06-09,109.51,112.53,108.58,110.95,20159670.0
2025-06-10,111.53,114.9231,111.23,114.14,22949440.0
2025-06-11,115.6,117.26,114.73,116.03,21614060.0
2025-06-12,114.105,116.48,113.52,116.18,17076500.0
2025-06-13,113.8,117.1,113.66,115.6,17453020.0
2025-06-16,117.81,120.9607,117.32,119.84,21374060.0
2025-06-17,119.6,123.51,119.35,120.34,20837740.0
2025-06-18,120.46,122.98,120.18,121.82,20180010.0
2025-06-20,122.77,124.16,120.38,123.6,29290390.0
2025-06-23,123.67,124.5091,119.81,122.08,23399220.0
2025-06-24,125.11,128.1,124.96,127.91,26420610.0
2025-06-25,126.61,127.5,125.62,127.25,39406990.0
2025-06-26,129.53,129.85,123.79,126.0,62678060.0
2025-06-27,125.14,127.54,123.39,124.76,36888610.0
2025-06-30,124.895,125.08,121.85,123.25,22799680.0
2025-07-01,122.345,123.9899,119.08,120.89,24825830.0
2025-07-02,120.5,123.0,118.06,121.74,29303780.0
2025-07-03,122.325,123.63,121.83,122.29,13247930.0
2025-07-07,121.18,121.505,118.911,119.92,19148370.0
2025-07-08,122.445,125.45,121.95,124.42,26238160.0
2025-07-09,124.815,126.15,121.28,122.24,20463960.0
2025-07-10,124.28,124.35,122.02,123.11,15378420.0
2025-07-11,122.125,124.81,121.24,124.53,15820590.0
2025-07-14,120.38,120.44,117.02,118.61,32117720.0
2025-07-15,120.94,121.39,119.122,120.11,24958890.0
2025-07-16,119.025,119.09,114.8103,116.43,30614780.0
2025-07-17,113.93,114.2,110.95,113.26,34702430.0
2025-07-18,114.24,114.8,113.28,114.39,19349850.0
2025-07-21,113.585,115.92,112.67,113.23,22189830.0
2025-07-22,112.855,113.0,108.125,109.22,27917610.0
2025-07-23,109.44,110.289,108.876,109.83,17810000.0
2025-07-24,111.06,112.73,110.25,111.73,20293060.0
2025-07-25,110.99,111.5,108.83,111.26,16372320.0
2025-07-28,111.72,112.0,109.86,111.25,12932260.0
2025-07-29,112.045,113.54,110.67,111.96,16653250.0
2025-07-30,112.6,114.89,112.41,114.74,16378820.0
2025-07-31,112.19,112.27,106.94,109.14,29224340.0
2025-08-01,105.49,106.5,103.38,104.88,24003250.0
2025-08-04,106.015,107.88,105.46,107.77,14780560.0
2025-08-05,109.3,110.635,106.83,109.06,17835960.0
2025-08-06,107.9,108.955,106.75,108.78,13021880.0
2025-08-07,114.14,115.28,110.79,111.87,18986480.0
2025-08-08,112.17,119.3299,111.67,118.89,28962200.0
2025-08-11,124.97,127.28,121.65,123.72,35065760.0
2025-08-12,124.7,128.55,123.0424,127.75,25990640.0
2025-08-13,127.58,128.6,123.35,124.27,18438170.0
2025-08-14,123.2,125.74,121.4,125.29,12235950.0
2025-08-15,123.17,123.38,119.44,120.87,18986650.0
2025-08-18,121.35,123.68,120.66,123.55,12208770.0
2025-08-19,122.94,124.24,121.31,122.05,11491230.0
2025-08-20,118.7,118.91,113.46,117.21,25794990.0
2025-08-21,117.0,117.73,115.61,115.79,13174940.0
2025-08-22,117.65,120.7,116.51,117.68,17038260.0
2025-08-25,117.68,118.08,116.1,116.42,8674832.0
2025-08-26,116.09,118.36,115.81,116.5,12584320.0
2025-08-27,116.85,118.73,116.44,117.75,15349290.0
2025-08-28,118.88,122.571,118.73,122.0,17295540.0
2025-08-29,122.6,122.7699,118.06,119.01,16774030.0
2025-09-02,115.86,118.555,114.25,118.48,13771930.0
2025-09-03,119.36,119.44,117.295,118.72,14101290.0
2025-09-04,118.85,124.41,118.52,124.21,18589050.0
2025-09-05,127.77,131.41,125.66,131.37,28416040.0
2025-09-08,130.55,132.2586,128.4,131.46,19492590.0
2025-09-09,131.76,138.0,131.56,135.24,20704950.0
2025-09-10,140.02,142.235,138.34,140.0,25791270.0
2025-09-11,147.72,156.26,147.61,150.57,52446420.0
2025-09-12,153.55,158.28,153.21,157.23,32288340.0
2025-09-15,156.96,160.3399,156.55,157.77,20101400.0
2025-09-16,157.98,159.56,157.165,158.82,16911620.0
2025-09-17,157.405,160.59,155.26,159.99,18843560.0
2025-09-18,162.99,170.45,162.6,168.89,28212800.0
2025-09-19,162.75,163.7,159.38,162.73,37309870.0
2025-09-22,164.375,167.26,161.59,164.62,25851220.0
2025-09-23,165.68,168.99,165.23,166.41,43316500.0
2025-09-24,165.08,166.0,158.3,161.71,57096440.0
2025-09-25,157.39,158.95,154.65,156.83,32209200.0
2025-09-26,158.52,158.92,155.18,157.27,24044950.0
2025-09-29,160.0,165.8,159.9706,163.9,26506500.0
2025-09-30,164.105,168.95,163.96,167.32,20092460.0
2025-10-01,165.6,182.39,165.5,182.15,41674760.0
2025-10-02,184.955,186.18,181.21,183.75,25122190.0
2025-10-03,185.21,191.8499,184.92,187.83,29399260.0
2025-10-06,195.01,201.0,189.43,190.96,36392260.0
2025-10-07,194.85,195.2999,183.24,185.69,27828160.0
2025-10-08,188.99,196.95,188.8,196.54,26833890.0
2025-10-09,192.965,196.62,189.5,192.33,19721480.0
2025-10-10,192.96,193.44,179.61,181.6,26990250.0
2025-10-13,190.79,193.3995,187.99,192.77,20928380.0
2025-10-14,186.96,192.46,186.25,187.06,15912420.0
2025-10-15,192.475,192.88,187.4235,191.94,17793130.0
2025-10-16,199.96,206.34,195.2,202.53,42041350.0
2025-10-17,199.28,203.39,195.55,202.38,23283080.0
2025-10-20,209.655,214.75,205.5,206.77,23268430.0
2025-10-21,204.3,205.87,200.8401,202.29,13717260.0
2025-10-22,202.25,205.5764,192.4,198.47,21949780.0
2025-10-23,196.7,209.0,195.2,206.71,19397920.0
2025-10-24,212.39,219.82,209.98,219.02,25821760.0
2025-10-27,224.81,224.98,215.74,220.1,23873070.0
2025-10-28,218.93,222.9,217.56,221.91,14957510.0
2025-10-29,229.055,232.4,226.1,226.63,23217290.0
2025-10-30,226.1,227.4,220.74,224.01,14795070.0
2025-10-31,227.75,231.25,218.82,223.77,16319990.0
2025-11-03,233.875,237.62,231.8,234.7,21199300.0
2025-11-04,222.14,228.6726,217.4,218.03,23696210.0
2025-11-05,225.665,239.88,224.725,237.5,28617390.0
2025-11-06,237.84,246.41,234.88,238.33,32016800.0
2025-11-07,234.03,242.55,226.4001,237.92,30613840.0
2025-11-10,247.955,257.07,247.81,253.3,27870630.0
2025-11-11,248.34,249.99,238.79,241.11,22622470.0
2025-11-12,244.9,249.19,240.84,244.9,17263140.0
2025-11-13,243.6,249.5,230.16,236.95,32324590.0
2025-11-14,231.45,255.17,231.23,246.83,36171120.0
2025-11-17,246.92,260.58,239.46,241.95,30304350.0
2025-11-18,235.48,238.93,225.52,228.5,33843910.0
2025-11-19,226.91,234.35,216.36,225.92,35256560.0
2025-11-20,230.235,230.598,199.6,201.37,47420730.0
2025-11-21,204.53,212.0,192.59,207.37,36679690.0
2025-11-24,213.41,226.11,212.36,223.93,33052840.0
2025-11-25,219.22,226.19,216.0,224.53,17441640.0
2025-11-26,229.616,233.8299,226.0,230.26,17817620.0
2025-11-28,235.615,238.1,233.47,236.48,12914740.0
2025-12-01,232.285,242.36,231.5,240.46,18238210.0
2025-12-02,238.745,244.3699,234.33,239.49,18166230.0
2025-12-03,236.39,237.8,228.09,234.16,19188220.0
2025-12-04,230.28,234.16,223.33,226.65,23513860.0
2025-12-05,228.945,240.57,226.685,237.22,21160980.0
2025-12-08,243.49,249.23,241.61,246.92,20495360.0
2025-12-09,244.485,255.5075,242.83,252.42,17067050.0
2025-12-10,255.13,264.75,250.58,263.71,21960700.0
2025-12-11,261.53,262.85,251.55,258.46,18867030.0
2025-12-12,255.67,255.82,239.32,241.14,25936930.0
2025-12-15,247.11,250.11,236.0,237.5,27483620.0
2025-12-16,235.8,239.3999,230.58,232.51,22577260.0
2025-12-17,236.555,237.45,221.69,225.52,41957130.0
2025-12-18,256.53,263.65,245.0,248.55,65006100.0
2025-12-19,251.75,268.38,251.745,265.92,62312100.0
2025-12-22,277.15,279.99,268.29,276.59,30961880.0
2025-12-23,275.92,281.86,272.32,276.27,20767600.0
2025-12-24,278.0,289.3,277.25,286.68,18592570.0
2025-12-26,290.835,290.87,283.42,284.79,17878460.0
2025-12-29,280.325,294.5,278.5,294.37,26642890.0
2025-12-30,294.7,298.83,292.01,292.63,23056390.0
2025-12-31,293.165,293.165,284.18,285.41,17573790.0
2026-01-02,295.125,315.6,294.86,315.42,42604280.0
2026-01-05,325.13,325.53,309.55,312.15,34608590.0
2026-01-06,318.28,344.55,318.06,343.43,48732420.0
2026-01-07,340.71,346.3,337.1801,339.55,32781100.0
2026-01-08,342.9,343.66,321.36,327.02,33897720.0
2026-01-09,332.745,345.8,326.19,345.09,33387510.0
2026-01-12,340.55,348.47,339.32,345.87,23152590.0
2026-01-13,346.27,351.23,335.22,338.13,23881340.0
2026-01-14,334.84,339.1,328.2,333.35,20277200.0
2026-01-15,345.325,347.77,336.27,336.63,25370230.0
2026-01-16,353.1,365.81,352.04,362.75,47901930.0
2026-01-20,364.68,381.5599,361.35,365.0,49744910.0
2026-01-21,372.85,394.2,366.73,389.11,56712820.0
2026-01-22,396.64,397.78,376.92,397.58,39607600.0
2026-01-23,397.16,412.4299,390.74,399.65,35404200.0
2026-01-26,395.5,398.0,384.3,389.09,29193930.0
2026-01-27,404.61,416.4499,399.6,410.24,36212060.0
2026-01-28,422.435,438.94,417.0,435.28,42725680.0
2026-01-29,439.37,444.71,417.7,435.79,42675710.0
2026-01-30,446.465,455.5,407.13,414.88,51022880.0
2026-02-02,412.18,442.43,410.0,437.8,37771240.0
2026-02-03,442.16,442.3,407.53,419.44,42763290.0
2026-02-04,410.59,413.0,363.901,379.4,58074940.0
2026-02-05,369.62,390.93,366.0,382.89,38899490.0
2026-02-06,377.965,396.65,372.8726,394.69,37196010.0
2026-02-09,380.69,391.8099,370.68,383.5,31009560.0
2026-02-10,375.99,382.79,366.06,373.25,35433810.0
2026-02-11,395.385,414.16,386.57,410.34,48474990.0
2026-02-12,422.25,438.77,411.1648,413.97,45639120.0
2026-02-13,405.19,420.88,392.71,411.66,33807590.0
2026-02-17,400.95,413.66,395.3,399.78,28549510.0
2026-02-18,399.5,427.85,394.6,420.95,32306580.0
2026-02-19,415.81,420.315,407.74,417.35,21651260.0
2026-02-20,415.18,430.57,415.15,428.17,29894910.0
2026-02-23,422.31,431.695,415.3001,420.97,25426640.0
2026-02-24,429.22,436.27,411.28,418.01,33389160.0
2026-02-25,426.5,436.8899,423.0,429.0,27296340.0
2026-02-26,424.84,434.0,401.96,415.56,35433460.0
2026-02-27,401.81,417.96,401.1818,412.37,28653880.0
2026-03-02,401.47,417.61,397.0,412.67,30049200.0
2026-03-03,386.55,390.09,374.55,379.68,39010900.0
2026-03-04,393.635,407.88,387.6089,400.77,32644900.0
2026-03-05,398.6,404.53,380.3,397.05,29960060.0
2026-03-06,380.14,391.1799,367.45,370.3,34458780.0
2026-03-09,363.96,390.0,357.67,389.32,35547220.0
2026-03-10,394.01,415.31,393.64,403.11,33745430.0
2026-03-11,410.77,422.75,405.79,418.69,30191430.0
2026-03-12,409.995,413.73,396.665,405.35,31720870.0
2026-03-13,413.75,429.35,413.0,426.13,39260990.0
2026-03-16,446.16,454.86,437.745,441.8,43067570.0
2026-03-17,452.535,462.7299,445.1401,461.69,43017890.0
2026-03-18,464.76,471.34,458.3,461.73,58973660.0
2026-03-19,424.97,457.22,421.11,444.27,74591900.0
2026-03-20,443.915,449.1,415.3601,422.9,64224940.0
2026-03-23,426.145,444.27,401.52,404.35,54807330.0
2026-03-24,401.28,404.98,388.91,395.53,44975060.0
2026-03-25,383.0,388.92,371.381,382.09,55328680.0
2026-03-26,370.02,374.25,350.0,355.46,54515900.0
2026-03-27,359.86,368.7,354.0601,357.22,45806660.0
2026-03-30,362.66,362.81,318.4,321.8,73833240.0
2026-03-31,321.67,337.84,311.49,337.84,73551840.0
2026-04-01,348.905,377.8899,343.0,367.85,74429800.0
2026-04-02,341.34,366.9399,340.2,366.24,51498690.0
2026-04-06,373.8,385.0768,370.61,377.76,41414860.0
2026-04-07,374.125,379.2499,364.1,377.58,40224120.0
2026-04-08,415.13,416.0,398.88,406.73,49216630.0
2026-04-09,407.61,423.94,398.44,421.51,43100970.0
2026-04-10,420.29,423.86,410.05,420.59,36377570.0
2026-04-13,416.47,426.88,408.5,426.56,37015800.0
2026-04-14,434.35,465.78,424.86,465.66,52534900.0
2026-04-15,457.625,463.95,439.32,456.23,40370110.0
2026-04-16,452.96,462.34,444.38,457.23,33626380.0
2026-04-17,466.85,470.97,452.2,455.07,33405030.0
2026-04-20,458.25,464.56,435.9,448.42,32013560.0
2026-04-21,451.32,457.82,441.3,449.38,27733990.0
2026-04-22,462.93,491.98,458.56,487.48,45998150.0
2026-04-23,482.28,493.6199,471.8,481.72,38178000.0
2026-04-24,495.915,506.99,489.36,496.72,35379590.0
2026-04-27,510.56,531.36,510.0185,524.56,41298790.0
2026-04-28,503.54,518.8333,488.23,504.29,44816650.0
2026-04-29,526.0,531.02,508.8001,518.46,36248450.0
2026-04-30,529.74,535.5,502.575,517.16,36554400.0
2026-05-01,511.78,545.91,510.21,542.21,40215250.0
2026-05-04,560.6,592.799,557.76,576.45,46043710.0
2026-05-05,609.775,651.74,605.47,640.2,64268500.0
2026-05-06,660.37,667.67,627.58,666.59,55725840.0
2026-05-07,649.83,683.09,635.4201,646.63,47527510.0
2026-05-08,676.45,747.21,676.21,746.81,65130910.0
2026-05-11,792.98,818.67,768.0,795.33,70972940.0
2026-05-12,774.7,782.76,706.601,766.58,73742950.0
2026-05-13,813.155,814.95,779.47,803.63,54875150.0
2026-05-14,787.62,812.0,775.63,776.01,42142710.0
2026-05-15,732.57,749.59,719.0,724.66,48519040.0
2026-05-18,750.46,757.0,663.25,681.54,60042490.0
2026-05-19,665.58,725.95,652.21,698.74,61792070.0
2026-05-20,734.955,735.68,700.66,731.99,48827360.0
2026-05-21,736.36,764.9,732.2,762.1,42461460.0
2026-05-22,756.815,780.1999,747.2,751.0,36002920.0
2026-05-26,820.5,916.7999,820.295,895.88,76560760.0
2026-05-27,955.66,956.16,888.15,928.41,72295710.0
2026-05-28,929.83,949.4899,904.78,923.52,49694350.0
2026-05-29,957.0,981.0,940.51,971.0,60498560.0
2026-06-01,1009.72,1046.97,1009.5,1035.5,46552120.0
2026-06-02,1050.0,1076.56,1017.201,1064.1,47555370.0
2026-06-03,1079.01,1089.29,1038.5,1079.57,40324180.0
2026-06-04,1007.1,1036.3699,971.68,996.0,54917160.0
2026-06-05,944.4,961.89,864.01,864.01,77250540.0
2026-06-08,938.265,962.95,916.5,949.28,54097770.0
2026-06-09,988.175,989.15,854.35,935.89,73448650.0
2026-06-10,905.13,957.48,883.25,891.88,55712570.0
2026-06-11,904.37,996.77,895.5,995.87,59418900.0
2026-06-12,971.81,1012.6198,960.19,981.61,40995390.0
2026-06-15,1055.89,1097.47,1051.5001,1087.99,44994610.0
2026-06-16,1099.7,1110.3999,1020.0,1020.76,45499760.0
2026-06-17,1061.3,1093.67,1014.14,1043.19,46149180.0
2026-06-18,1108.065,1149.43,1092.7935,1133.99,64642540.0
2026-06-22,1196.215,1213.56,1168.57,1211.38,53140820.0
2026-06-23,1080.0,1125.0,1038.5,1051.77,60243260.0
2026-06-24,1082.22,1083.32,991.1001,1048.51,68935710.0
2026-06-25,1233.0,1255.0,1136.31,1213.56,83040960.0
2026-06-26,1139.075,1198.7121,1121.36,1132.33,86405310.0
2026-06-29,1128.7,1148.79,1023.65,1145.28,60694110.0
2026-06-30,1144.73,1168.68,1124.66,1154.29,42152630.0
2026-07-01,1082.01,1097.0,1032.2,1032.28,51328100.0
2026-07-02,1041.5,1064.64,950.28,975.56,61844370.0
2026-07-06,1007.0,1019.0,980.85,984.75,37115850.0
2026-07-07,923.01,942.02,891.66,938.38,52367530.0
2026-07-08,902.64,959.0,900.41,948.8,42978960.0
2026-07-09,1016.51,1035.5,987.13,991.64,41110750.0
2026-07-10,964.975,998.0,954.13,979.3,31768090.0
2026-07-13,929.0,943.5,902.6,937.0,35536240.0
2026-07-14,988.38,994.8,950.07,983.12,30835230.0
2026-07-15,975.805,978.4,873.6301,904.28,54779240.0
2026-07-16,866.765,887.71,840.51,853.2,46718030.0
2026-07-17,822.525,903.96,804.0,848.95,63346280.0
2026-07-20,885.57,900.9999,858.9,865.46,37705240.0
2026-07-21,925.35,982.88,916.5701,970.82,49369020.0
2026-07-22,938.25,982.62,936.06,959.48,31588640.0
2026-07-23,975.13,1011.77,964.4,990.21,40196320.0
2026-07-24,959.03,967.14,904.0,920.95,40803070.0
2026-07-27,932.445,935.0,854.79,900.2,47591160.0
2026-07-28,839.61,848.36,789.09,820.53,61039320.0
2026-07-29,833.0,841.8,737.88,739.0,69845970.0
2026-07-30,793.135,882.5,789.0,874.66,63075300.0
2026-07-31,919.65,930.88,818.0,823.03,54538600.0
2026-08-03,786.355,836.62,770.1,829.5,42607140.0
2026-08-04,866.82,902.4299,858.5,892.67,37478560.0
2026-08-05,885.3,928.98,881.2,893.19,34720300.0
2026-08-06,843.11,913.33,827.0,881.47,35784120.0
2026-08-07,903.6,904.8,847.02,877.57,34568480.0
2026-08-10,863.665,894.989,854.4,861.0,27818630.0
2026-08-11,871.8,879.0,844.62,868.52,29438280.0
2026-08-12,912.94,935.8,899.54,911.29,36804920.0
2026-08-13,912.89,978.0,906.5,949.83,36704680.0
2026-08-14,979.32,984.0,956.2,971.66,27881140.0
2026-08-17,999.55,1036.13,995.26,1011.75,33430510.0
2026-08-18,957.1,978.67,926.64,940.76,37305990.0
2026-08-19,959.355,960.0,915.18,937.105,26901880.0
2026-08-20,935.01,977.28,929.07,974.33,25212230.0
2026-08-21,989.675,989.96,958.26,966.78,21823440.0
2026-08-24,934.78,936.45,887.605,910.43,30012630.0
2026-08-25,928.975,946.67,916.3,932.97,19163180.0
2026-08-26,925.74,945.7499,924.6,938.4,18721680.0
2026-08-27,967.01,968.71,906.89,935.39,28838470.0
2026-08-28,919.29,946.7999,909.09,932.86,22890090.0
2026-08-31,931.39,959.9699,930.79,958.73,22569480.0
2026-09-01,941.125,969.44,922.39,933.44,27762240.0
2026-09-02,930.825,958.0,927.1569,956.08,21440500.0
2026-09-03,956.91,959.76,918.8801,958.16,24175870.0
2026-09-04,971.335,1017.77,969.0,1016.59,35249520.0
2026-09-08,1037.09,1041.0699,997.62,1000.26,26604914.0
2026-09-09,998.92,1042.4,992.29,1027.77,23811958.0
2026-09-10,996.9,999.0,973.5,977.41,26230398.0
2026-09-11,992.87,992.87,967.51,975.12,21548889.0
