date,open,high,low,close,volume
2012-06-29,4.75,4.95,4.57,4.92,54612870.0
2012-07-02,4.95,5.04,4.82,4.95,3283260.0
2012-07-03,4.97,5.06,4.92,5.06,2005240.0
2012-07-05,5.1,5.25,5.03,5.19,2704795.0
2012-07-06,5.15,5.22,5.02,5.17,1775085.0
2012-07-09,5.19,5.26,5.04,5.05,761680.0
2012-07-10,5.04,5.14,5.01,5.01,1519845.0
2012-07-11,5.0,5.07,4.7,4.75,1482395.0
2012-07-12,4.66,4.89,4.52,4.82,1627130.0
2012-07-13,4.94,4.98,4.8,4.84,445275.0
2012-07-16,4.82,4.91,4.76,4.88,590255.0
2012-07-17,4.9,4.9,4.79,4.85,1137270.0
2012-07-18,4.89,4.94,4.8,4.85,518625.0
2012-07-19,4.93,4.93,4.78,4.8,1272280.0
2012-07-20,4.81,5.05,4.78,5.05,1304195.0
2012-07-23,5.0,5.0,4.78,4.87,3016665.0
2012-07-24,4.97,5.19,4.92,4.97,1457290.0
2012-07-25,5.01,5.09,4.97,4.99,553520.0
2012-07-26,4.99,5.07,4.8,4.88,789575.0
2012-07-27,4.9,5.09,4.86,5.07,500255.0
2012-07-30,5.05,5.09,5.01,5.08,421015.0
2012-07-31,5.09,5.51,5.08,5.4,1419655.0
2012-08-01,5.46,5.6,5.35,5.54,559170.0
2012-08-02,5.5,5.86,5.4,5.82,2784395.0
2012-08-03,5.89,6.29,5.72,5.73,2154640.0
2012-08-06,5.8,5.83,5.45,5.6,2918680.0
2012-08-07,5.66,5.75,5.56,5.6,989755.0
2012-08-08,5.58,5.58,5.4,5.51,1483120.0
2012-08-09,5.5,6.0,5.46,5.9,677165.0
2012-08-10,5.87,6.4,5.87,6.33,1106315.0
2012-08-13,6.41,6.51,6.34,6.49,1074015.0
2012-08-14,6.53,6.79,6.44,6.46,2766000.0
2012-08-15,6.42,6.42,5.89,5.94,2338570.0
2012-08-16,6.01,6.11,5.92,5.95,1502505.0
2012-08-17,6.0,6.01,5.89,5.92,1946235.0
2012-08-20,5.91,5.99,5.91,5.98,1388310.0
2012-08-21,6.04,6.12,5.99,6.05,983225.0
2012-08-22,6.05,6.1,5.97,5.97,3088775.0
2012-08-23,5.99,6.13,5.76,5.81,1460970.0
2012-08-24,5.76,5.99,5.76,5.94,727720.0
2012-08-27,5.94,6.26,5.83,5.85,1299755.0
2012-08-28,5.85,5.94,5.81,5.86,762330.0
2012-08-29,5.88,5.96,5.85,5.9,582745.0
2012-08-30,5.85,6.2,5.81,5.96,932345.0
2012-08-31,6.05,6.3,5.98,6.22,1429670.0
2012-09-04,6.22,6.77,6.22,6.73,1663880.0
2012-09-05,6.73,6.87,6.6,6.84,1658150.0
2012-09-06,6.84,7.22,6.82,7.21,1980940.0
2012-09-07,7.3,7.46,7.12,7.31,2054870.0
2012-09-10,7.4,7.4,6.85,6.88,2286315.0
2012-09-11,6.96,7.03,6.57,6.6,1442290.0
2012-09-12,6.71,7.09,6.65,7.01,1752455.0
2012-09-13,7.03,7.66,6.94,7.5,2302430.0
2012-09-14,7.58,7.87,7.54,7.81,3620245.0
2012-09-17,7.8,7.95,7.61,7.64,4061260.0
2012-09-18,7.73,7.73,7.28,7.36,3389545.0
2012-09-19,7.38,7.75,7.37,7.73,2031155.0
2012-09-20,7.7,7.73,7.44,7.6,3697010.0
2012-09-21,7.7,7.97,7.62,7.93,1767950.0
2012-09-24,7.98,8.14,7.72,8.07,1893440.0
2012-09-25,8.18,8.35,7.92,8.0,3027005.0
2012-09-26,7.97,7.97,7.35,7.62,4269155.0
2012-09-27,7.68,8.07,7.68,8.01,2393750.0
2012-09-28,8.0,8.0,7.23,7.74,7912615.0
2012-10-01,7.6,7.63,6.92,7.3,4519075.0
2012-10-02,7.21,7.35,7.12,7.3,2933250.0
2012-10-03,7.31,7.54,7.3,7.41,1415105.0
2012-10-04,7.34,7.44,7.34,7.43,728290.0
2012-10-05,7.44,7.49,7.3,7.4,2247090.0
2012-10-08,7.32,7.33,7.19,7.31,1256685.0
2012-10-09,7.32,7.36,7.16,7.2,2526105.0
2012-10-10,7.19,7.21,6.92,6.96,2229685.0
2012-10-11,7.0,7.06,6.87,6.9,1336400.0
2012-10-12,6.97,6.97,6.58,6.66,2988140.0
2012-10-15,6.58,6.98,6.56,6.9,3773790.0
2012-10-16,6.93,6.93,6.74,6.86,2516105.0
2012-10-17,6.87,7.09,6.8,6.95,3422435.0
2012-10-18,6.95,6.98,6.9,6.96,1307230.0
2012-10-19,6.96,7.1,6.78,6.87,2672625.0
2012-10-22,6.89,6.9,6.51,6.69,3605650.0
2012-10-23,6.66,6.97,6.52,6.91,2200100.0
2012-10-24,6.91,7.15,6.81,7.13,3022800.0
2012-10-25,7.13,7.52,6.14,6.28,9769175.0
2012-10-26,6.34,6.6,6.28,6.38,3007705.0
2012-10-31,6.42,6.55,6.02,6.13,2844120.0
2012-11-01,6.27,6.33,5.91,6.21,3942995.0
2012-11-02,6.25,6.55,6.12,6.43,2250690.0
2012-11-05,6.43,6.52,6.23,6.46,1724870.0
2012-11-06,6.48,6.71,6.44,6.59,2311390.0
2012-11-07,6.51,6.55,6.2,6.25,2662655.0
2012-11-08,6.17,6.32,6.14,6.18,1439640.0
2012-11-09,6.18,6.31,5.94,6.01,2050995.0
2012-11-12,6.0,6.2,5.9,5.93,2686345.0
2012-11-13,6.1,6.1,5.68,5.9,2754690.0
2012-11-14,6.08,6.12,5.63,5.74,2513690.0
2012-11-15,5.67,6.4,5.66,6.36,35254010.0
2012-11-16,6.69,6.9,5.89,6.07,8991255.0
2012-11-19,6.1,6.29,5.76,6.21,6192660.0
2012-11-20,6.19,6.75,6.14,6.33,4905560.0
2012-11-21,6.21,6.43,5.98,6.24,8292225.0
2012-11-23,6.24,6.24,6.1,6.15,933040.0
2012-11-26,5.72,6.17,5.72,6.1,3953880.0
2012-11-27,6.11,6.16,5.84,6.06,5486945.0
2012-11-28,6.1,6.28,6.0,6.24,2233025.0
2012-11-29,6.31,6.56,6.22,6.46,3578550.0
2012-11-30,6.45,6.6,6.22,6.53,12301755.0
2012-12-03,6.51,6.53,6.23,6.41,5060950.0
2012-12-04,6.4,6.48,5.95,6.04,6394820.0
2012-12-05,6.1,6.1,5.7,5.88,6573860.0
2012-12-06,5.88,5.93,5.82,5.89,3257025.0
2012-12-07,5.9,5.92,5.77,5.86,1869045.0
2012-12-10,5.88,5.95,5.85,5.89,954610.0
2012-12-11,5.93,6.05,5.88,5.97,2359155.0
2012-12-12,6.01,6.26,5.88,6.13,4172735.0
2012-12-13,6.07,6.19,5.96,6.07,2051315.0
2012-12-14,6.06,6.19,6.0,6.11,1869605.0
2012-12-17,6.1,6.23,6.0,6.22,1913655.0
2012-12-18,6.2,6.6,6.2,6.53,4169565.0
2012-12-19,6.57,6.57,6.39,6.49,2196845.0
2012-12-20,6.46,6.57,6.45,6.57,1719340.0
2012-12-21,6.5,6.55,6.45,6.5,3112525.0
2012-12-24,6.45,6.51,6.18,6.33,3388280.0
2012-12-26,6.17,6.19,5.88,5.99,17151700.0
2012-12-27,5.9,6.0,5.85,5.9,6174350.0
2012-12-28,5.83,5.9,5.78,5.81,5534985.0
2012-12-31,5.79,6.05,5.78,6.01,6236905.0
2013-01-02,6.15,6.15,5.84,6.04,7627375.0
2013-01-03,6.02,6.08,5.88,5.94,4315090.0
2013-01-04,5.96,5.97,5.79,5.8,5171780.0
2013-01-07,5.71,5.82,5.4,5.47,12584850.0
2013-01-08,5.47,5.52,5.12,5.24,14135340.0
2013-01-09,5.27,5.33,5.11,5.27,7151695.0
2013-01-10,5.29,5.32,5.23,5.29,3455555.0
2013-01-11,5.32,5.5,5.29,5.49,5668680.0
2013-01-14,5.44,5.46,5.19,5.21,5235345.0
2013-01-15,5.21,5.5,5.12,5.44,6195035.0
2013-01-16,5.45,5.5,5.37,5.47,3989595.0
2013-01-17,5.48,5.56,5.45,5.52,4765065.0
2013-01-18,5.51,5.55,5.43,5.48,1959815.0
2013-01-22,5.43,5.54,5.37,5.52,4528475.0
2013-01-23,5.51,5.6,5.49,5.59,3007870.0
2013-01-24,5.53,5.92,5.4,5.9,8650400.0
2013-01-25,5.91,6.3,5.88,6.22,7648950.0
2013-01-28,6.18,6.29,6.14,6.25,4722755.0
2013-01-29,6.18,6.25,5.98,6.04,5554965.0
2013-01-30,6.01,6.1,5.71,5.79,12512810.0
2013-01-31,5.55,6.1,5.53,5.54,17703180.0
2013-02-01,5.27,5.77,5.14,5.61,41216435.0
2013-02-04,5.6,5.83,5.54,5.79,8251210.0
2013-02-05,5.78,5.98,5.72,5.96,9548440.0
2013-02-06,5.87,5.96,5.87,5.94,3786610.0
2013-02-07,5.88,5.89,5.72,5.88,5329970.0
2013-02-08,5.87,5.97,5.85,5.97,5106290.0
2013-02-11,5.95,5.95,5.83,5.91,3606830.0
2013-02-12,5.9,5.95,5.81,5.85,3396075.0
2013-02-13,5.81,5.98,5.74,5.96,13523535.0
2013-02-14,6.13,6.64,6.08,6.58,28438695.0
2013-02-15,6.6,6.82,6.47,6.77,17566950.0
2013-02-19,6.73,6.87,6.57,6.69,16139325.0
2013-02-20,6.68,6.78,6.57,6.59,7379630.0
2013-02-21,6.43,6.58,6.23,6.31,12862055.0
2013-02-22,6.29,6.77,6.22,6.7,10644495.0
2013-02-25,6.7,6.75,6.4,6.43,6780870.0
2013-02-26,6.38,6.42,6.18,6.25,10627165.0
2013-02-27,6.32,6.73,6.25,6.44,9753495.0
2013-02-28,6.43,6.51,6.36,6.49,4687340.0
2013-03-01,6.41,6.6,6.34,6.56,7810990.0
2013-03-04,6.5,6.76,6.5,6.74,6493270.0
2013-03-05,6.73,7.36,6.67,7.31,18569640.0
2013-03-06,7.28,7.49,7.14,7.39,12003395.0
2013-03-07,7.36,7.4,7.29,7.35,2860595.0
2013-03-08,7.39,7.39,7.27,7.33,3053890.0
2013-03-11,7.38,7.43,7.14,7.4,5925455.0
2013-03-12,7.4,7.64,7.4,7.57,9283260.0
2013-03-13,7.58,7.64,7.4,7.52,4983325.0
2013-03-14,7.57,7.57,7.31,7.49,5647780.0
2013-03-15,7.52,7.55,7.42,7.42,7760065.0
2013-03-18,7.33,7.33,7.08,7.13,7705185.0
2013-03-19,7.15,7.21,6.88,6.89,5936705.0
2013-03-20,7.07,7.09,6.89,6.95,4389530.0
2013-03-21,6.92,7.23,6.89,7.2,7489190.0
2013-03-22,7.26,7.3,7.17,7.25,3616585.0
2013-03-25,7.28,7.3,7.15,7.21,2356010.0
2013-03-26,7.27,7.28,7.14,7.23,2917745.0
2013-03-27,7.22,7.34,7.19,7.24,3042340.0
2013-03-28,7.35,7.45,7.18,7.24,3720310.0
2013-04-01,7.24,7.3,6.96,7.05,6955820.0
2013-04-02,7.21,7.21,7.06,7.14,4198275.0
2013-04-03,7.13,7.16,6.79,6.91,5501660.0
2013-04-04,6.89,7.03,6.83,7.01,3606725.0
2013-04-05,6.86,7.04,6.86,7.03,2718555.0
2013-04-08,7.05,7.12,7.01,7.11,3581905.0
2013-04-09,7.1,7.23,7.06,7.15,3005505.0
2013-04-10,7.14,7.19,7.05,7.17,3823980.0
2013-04-11,7.13,7.16,6.97,7.0,4334775.0
2013-04-12,7.01,7.11,6.95,7.04,5846375.0
2013-04-15,7.0,7.11,6.93,6.99,3701855.0
2013-04-16,7.01,7.39,6.99,7.27,7196220.0
2013-04-17,7.17,7.22,7.0,7.13,3450090.0
2013-04-18,7.16,7.3,7.09,7.21,6240160.0
2013-04-19,7.26,7.57,7.22,7.26,8142720.0
2013-04-22,7.25,7.37,7.2,7.33,4509735.0
2013-04-23,7.4,7.68,7.37,7.47,9676875.0
2013-04-24,7.5,7.64,7.48,7.52,5799495.0
2013-04-25,8.09,8.8,7.95,8.68,30150675.0
2013-04-26,8.62,8.66,8.37,8.5,14039165.0
2013-04-29,8.48,8.6,8.41,8.42,5150450.0
2013-04-30,8.39,8.39,8.05,8.19,8900725.0
2013-05-01,8.15,8.15,7.73,7.76,14722725.0
2013-05-02,7.94,8.03,7.74,7.83,6563170.0
2013-05-03,7.95,8.2,7.74,8.19,7635980.0
2013-05-06,8.2,8.2,7.99,8.08,3617965.0
2013-05-07,8.12,8.12,7.8,7.9,9232995.0
2013-05-08,7.92,8.05,7.86,7.92,7200000.0
2013-05-09,7.85,7.92,7.7,7.77,9475455.0
2013-05-10,7.71,8.04,7.66,7.8,12623035.0
2013-05-13,7.84,8.03,7.81,7.89,7797510.0
2013-05-14,7.89,8.07,7.89,8.05,12497840.0
2013-05-15,8.02,8.2,8.01,8.11,10431670.0
2013-05-16,8.12,8.22,7.93,7.98,9335945.0
2013-05-17,7.95,8.1,7.89,8.08,7098170.0
2013-05-20,8.1,8.2,7.99,8.06,9141950.0
2013-05-21,8.03,8.08,7.85,8.01,6024505.0
2013-05-22,8.01,8.2,7.62,7.68,6878150.0
2013-05-23,7.54,7.65,7.3,7.53,5588850.0
2013-05-24,7.53,7.57,7.41,7.56,3351090.0
2013-05-28,7.71,7.78,7.45,7.46,3119380.0
2013-05-29,7.36,7.41,7.04,7.34,12416435.0
2013-05-30,7.37,7.53,7.32,7.35,6801730.0
2013-05-31,7.28,7.43,7.23,7.35,5582025.0
2013-06-03,7.31,7.35,7.18,7.35,8722755.0
2013-06-04,7.38,7.46,7.18,7.22,4824680.0
2013-06-05,7.2,7.22,7.12,7.18,3900080.0
2013-06-06,7.16,7.35,7.12,7.35,3214290.0
2013-06-07,7.4,7.85,7.32,7.83,7990255.0
2013-06-10,7.87,7.95,7.79,7.93,7658610.0
2013-06-11,7.89,8.05,7.78,7.99,14053440.0
2013-06-12,8.07,8.1,7.65,7.67,13997855.0
2013-06-13,7.67,7.67,7.18,7.59,10216875.0
2013-06-14,7.58,7.66,7.45,7.45,3228765.0
2013-06-17,7.55,7.64,7.49,7.61,4064340.0
2013-06-18,7.67,7.69,7.45,7.53,6799500.0
2013-06-19,7.56,7.92,7.56,7.74,8069840.0
2013-06-20,7.66,7.7,7.56,7.67,5680215.0
2013-06-21,7.77,7.86,7.52,7.85,8384745.0
2013-06-24,7.78,8.0,7.62,7.89,8502610.0
2013-06-25,7.95,8.0,7.81,7.92,4528120.0
2013-06-26,8.0,8.2,7.96,8.18,8194110.0
2013-06-27,8.2,8.28,8.04,8.19,10525700.0
2013-06-28,8.17,8.27,8.04,8.08,23702395.0
2013-07-01,8.04,8.28,7.97,8.16,7524720.0
2013-07-02,8.16,8.26,8.11,8.24,5184730.0
2013-07-03,8.19,8.36,8.19,8.35,5075775.0
2013-07-05,8.35,8.67,8.34,8.66,6969210.0
2013-07-08,8.63,8.8,8.56,8.57,7701640.0
2013-07-09,8.61,8.69,8.44,8.66,5603215.0
2013-07-10,8.6,8.8,8.58,8.69,4708390.0
2013-07-11,8.8,8.96,8.78,8.89,9202025.0
2013-07-12,8.97,9.31,8.96,9.09,16712635.0
2013-07-15,9.09,9.18,8.99,9.05,4799345.0
2013-07-16,9.06,9.08,8.78,8.8,9455910.0
2013-07-17,8.87,8.92,8.74,8.75,5677370.0
2013-07-18,8.75,9.01,8.71,8.97,6797655.0
2013-07-19,8.91,8.91,8.77,8.78,3590640.0
2013-07-22,8.8,8.8,8.72,8.77,3935255.0
2013-07-23,8.8,8.8,8.68,8.7,3358035.0
2013-07-24,8.79,8.99,8.79,8.91,5338555.0
2013-07-25,8.89,9.11,8.89,9.08,4037180.0
2013-07-26,9.02,9.06,8.81,8.83,3564895.0
2013-07-29,8.82,8.92,8.72,8.75,4449010.0
2013-07-30,8.75,8.78,8.58,8.64,5305305.0
2013-07-31,8.66,8.78,8.63,8.72,8260620.0
2013-08-01,9.22,9.49,8.51,9.28,24636735.0
2013-08-02,9.12,9.2,9.04,9.12,19562870.0
2013-08-05,9.07,9.07,8.78,8.8,5731890.0
2013-08-06,8.7,8.74,8.39,8.46,10111775.0
2013-08-07,8.45,8.46,8.27,8.33,6859355.0
2013-08-08,8.34,8.58,8.27,8.54,4644580.0
2013-08-09,8.52,8.59,8.43,8.5,5617500.0
2013-08-12,8.38,8.6,8.35,8.41,4822375.0
2013-08-13,8.43,8.43,8.27,8.32,3453415.0
2013-08-14,8.32,8.71,8.31,8.7,8561750.0
2013-08-15,8.58,8.72,8.54,8.72,9454735.0
2013-08-16,8.74,8.92,8.66,8.89,11455605.0
2013-08-19,8.87,8.88,8.73,8.78,8753960.0
2013-08-20,8.73,8.92,8.7,8.9,4478835.0
2013-08-21,8.84,9.21,8.8,9.09,17630735.0
2013-08-22,9.01,9.32,9.01,9.11,9073865.0
2013-08-23,9.09,9.25,9.09,9.15,8942230.0
2013-08-26,9.16,9.57,9.12,9.47,11244845.0
2013-08-27,9.34,9.34,9.12,9.22,8657550.0
2013-08-28,9.29,9.37,9.17,9.29,5133835.0
2013-08-29,9.18,9.41,9.18,9.4,3834290.0
2013-08-30,9.38,9.41,9.2,9.38,10900105.0
2013-09-03,9.42,9.53,9.28,9.38,9656435.0
2013-09-04,9.52,9.52,9.22,9.44,6065555.0
2013-09-05,9.45,9.62,9.36,9.52,6255585.0
2013-09-06,9.56,9.6,9.3,9.39,9901415.0
2013-09-09,9.4,9.89,9.32,9.83,9008175.0
2013-09-10,9.86,9.99,9.83,9.98,4635940.0
2013-09-11,9.97,10.05,9.91,9.98,5925550.0
2013-09-12,10.0,10.07,9.88,9.89,6231755.0
2013-09-13,9.89,9.91,9.47,9.76,8335430.0
2013-09-16,9.79,9.97,9.64,9.75,6621950.0
2013-09-17,9.72,9.88,9.72,9.87,7273765.0
2013-09-18,10.1,10.33,10.09,10.24,10927480.0
2013-09-19,10.28,10.35,10.22,10.31,4951060.0
2013-09-20,10.33,10.45,10.25,10.45,19391475.0
2013-09-23,10.4,10.48,10.3,10.36,7071830.0
2013-09-24,10.34,10.62,10.31,10.52,5326670.0
2013-09-25,10.54,10.62,10.44,10.47,5049500.0
2013-09-26,10.52,10.56,10.43,10.48,5737120.0
2013-09-27,10.47,10.6,10.47,10.5,4199315.0
2013-09-30,10.42,10.47,10.23,10.39,6915725.0
2013-10-01,10.32,10.38,10.12,10.3,6443175.0
2013-10-02,10.27,10.48,10.24,10.45,5790980.0
2013-10-03,10.48,10.58,10.31,10.43,7563985.0
2013-10-04,10.62,11.09,10.56,10.89,8444120.0
2013-10-07,10.85,11.09,10.63,10.65,6178565.0
2013-10-08,10.61,10.61,9.53,9.78,21292220.0
2013-10-09,9.78,9.82,9.47,9.62,7915945.0
2013-10-10,9.81,10.36,9.74,10.32,7111940.0
2013-10-11,10.33,10.38,10.18,10.32,3633785.0
2013-10-14,10.24,10.58,10.15,10.38,3582270.0
2013-10-15,10.38,10.38,9.94,9.94,5403430.0
2013-10-16,10.02,10.46,10.01,10.37,6024740.0
2013-10-17,10.31,10.4,10.18,10.34,6627150.0
2013-10-18,10.43,10.48,10.25,10.37,3184490.0
2013-10-21,10.55,10.81,10.54,10.78,5543280.0
2013-10-22,10.84,10.91,10.52,10.82,6409050.0
2013-10-23,10.8,10.8,10.5,10.59,7091310.0
2013-10-24,10.95,11.68,10.95,11.67,15162720.0
2013-10-25,11.51,11.56,11.21,11.34,10254505.0
2013-10-28,11.31,11.39,10.94,10.97,5611585.0
2013-10-29,10.96,11.1,10.79,10.81,5896895.0
2013-10-30,10.81,11.03,10.74,10.82,5290425.0
2013-10-31,10.83,10.98,10.56,10.92,4861020.0
2013-11-01,10.84,10.9,10.6,10.76,6089350.0
2013-11-04,10.83,10.88,10.74,10.83,5292670.0
2013-11-05,10.83,11.27,10.78,11.07,6473260.0
2013-11-06,11.01,11.07,10.36,10.75,12778020.0
2013-11-07,10.83,10.88,10.3,10.36,18835030.0
2013-11-08,10.31,10.6,10.24,10.37,9815105.0
2013-11-11,10.36,10.5,10.34,10.39,5706135.0
2013-11-12,10.4,10.56,10.3,10.47,6946540.0
2013-11-13,10.4,10.71,10.31,10.71,5725135.0
2013-11-14,10.67,10.77,10.48,10.52,5631555.0
2013-11-15,10.61,10.7,10.53,10.62,3828895.0
2013-11-18,10.65,10.74,10.29,10.33,5650260.0
2013-11-19,10.4,10.55,10.22,10.37,11637005.0
2013-11-20,10.37,10.5,10.11,10.23,7285175.0
2013-11-21,10.32,10.58,10.23,10.57,6136255.0
2013-11-22,10.65,11.16,10.57,11.08,12856545.0
2013-11-25,11.1,11.1,10.43,10.52,9165050.0
2013-11-26,10.64,11.01,10.53,10.9,37991355.0
2013-11-27,10.89,10.89,10.68,10.75,3702920.0
2013-11-29,10.79,10.89,10.48,10.62,2949605.0
2013-12-02,10.64,10.65,10.38,10.47,5603100.0
2013-12-03,10.41,10.51,10.34,10.4,3191465.0
2013-12-04,10.3,10.66,10.3,10.64,6769905.0
2013-12-05,10.59,10.81,10.5,10.7,5468830.0
2013-12-06,10.83,10.86,10.51,10.54,4307015.0
2013-12-09,10.6,10.6,10.24,10.33,8024405.0
2013-12-10,10.18,10.27,10.15,10.17,6501430.0
2013-12-11,10.2,10.24,9.86,9.87,9069475.0
2013-12-12,9.87,9.92,9.64,9.8,11327655.0
2013-12-13,9.9,10.17,9.85,10.11,9642770.0
2013-12-16,10.2,10.4,10.12,10.27,9211685.0
2013-12-17,10.22,10.32,10.16,10.29,6194615.0
2013-12-18,10.31,10.38,10.03,10.2,5524225.0
2013-12-19,10.17,10.31,10.03,10.17,5787335.0
2013-12-20,10.25,10.85,10.22,10.84,16004485.0
2013-12-23,10.95,11.17,10.93,11.05,7690495.0
2013-12-24,10.97,11.04,10.89,11.01,2175835.0
2013-12-26,10.99,11.03,10.91,11.01,2249650.0
2013-12-27,11.04,11.13,11.0,11.1,3031420.0
2013-12-30,11.11,11.13,11.05,11.1,3741580.0
2013-12-31,11.08,11.21,11.08,11.2,2114700.0
2014-01-02,11.11,11.34,11.03,11.14,4587110.0
2014-01-03,10.93,11.14,10.87,11.04,3340265.0
2014-01-06,11.02,11.29,11.02,11.15,5718895.0
2014-01-07,11.21,11.77,11.21,11.56,11531270.0
2014-01-08,11.65,11.82,11.51,11.58,7724505.0
2014-01-09,11.8,11.82,11.49,11.53,9000475.0
2014-01-10,11.6,11.9,11.5,11.88,6514915.0
2014-01-13,11.94,12.0,11.35,11.42,9893925.0
2014-01-14,11.49,11.61,11.29,11.53,7164555.0
2014-01-15,11.6,12.1,11.6,12.06,7652515.0
2014-01-16,12.0,12.45,11.94,12.38,7665115.0
2014-01-17,12.33,12.61,12.32,12.41,5995195.0
2014-01-21,12.45,12.55,12.13,12.16,8443950.0
2014-01-22,12.16,12.34,12.1,12.3,4661730.0
2014-01-23,12.22,12.5,12.13,12.49,3978625.0
2014-01-24,12.47,12.56,11.61,11.71,9773635.0
2014-01-27,11.81,11.83,11.21,11.6,12385490.0
2014-01-28,11.65,11.9,11.6,11.79,7637745.0
2014-01-29,11.64,11.64,11.29,11.52,10018155.0
2014-01-30,13.74,14.1,13.05,13.12,34609770.0
2014-01-31,12.8,12.94,12.46,12.69,16263940.0
2014-02-03,12.61,13.04,12.29,12.59,14710955.0
2014-02-04,12.72,12.93,12.63,12.83,11309455.0
2014-02-05,12.87,12.94,12.37,12.71,9967265.0
2014-02-06,12.74,12.78,12.4,12.53,7700995.0
2014-02-07,12.4,13.54,12.4,13.26,14836660.0
2014-02-10,13.19,13.22,13.04,13.17,7619805.0
2014-02-11,13.1,13.31,13.01,13.23,4309775.0
2014-02-12,13.24,13.37,13.1,13.24,4086110.0
2014-02-13,13.08,13.7,13.03,13.53,6058205.0
2014-02-14,13.51,13.6,13.33,13.51,4861590.0
2014-02-18,13.42,13.58,13.4,13.5,6338710.0
2014-02-19,13.46,13.49,13.2,13.35,4088320.0
2014-02-20,13.4,13.48,13.21,13.42,3951480.0
2014-02-21,13.49,14.22,13.45,13.86,11621040.0
2014-02-24,13.78,13.97,13.7,13.78,4653630.0
2014-02-25,13.8,13.86,13.56,13.75,4432125.0
2014-02-26,13.73,14.08,13.64,13.74,6889295.0
2014-02-27,13.78,14.36,13.78,14.02,10615265.0
2014-02-28,13.94,14.04,13.16,13.61,9021870.0
2014-03-03,13.36,13.6,13.12,13.59,8190975.0
2014-03-04,13.76,14.27,13.75,14.16,8903885.0
2014-03-05,14.14,14.29,13.89,14.01,6612875.0
2014-03-06,14.05,14.08,13.67,13.71,7253130.0
2014-03-07,13.85,13.86,13.25,13.43,6868895.0
2014-03-10,13.39,13.44,13.08,13.38,7649160.0
2014-03-11,13.41,13.64,13.25,13.39,6073905.0
2014-03-12,13.29,13.8,13.16,13.76,6118565.0
2014-03-13,13.86,13.88,13.2,13.55,6165560.0
2014-03-14,13.53,13.61,13.21,13.24,5753635.0
2014-03-17,13.36,13.59,13.27,13.4,3755745.0
2014-03-18,13.42,13.89,13.3,13.69,6686270.0
2014-03-19,13.69,13.78,13.4,13.49,4128450.0
2014-03-20,13.37,13.72,13.29,13.32,5548100.0
2014-03-21,13.33,13.33,12.51,12.51,14982485.0
2014-03-24,12.53,12.61,11.92,12.31,13823590.0
2014-03-25,12.36,12.45,11.51,11.84,16994525.0
2014-03-26,12.0,12.14,11.48,11.51,9466360.0
2014-03-27,11.45,11.85,11.03,11.8,15661035.0
2014-03-28,11.86,11.94,11.56,11.58,7631885.0
2014-03-31,11.68,11.99,11.57,11.98,9385675.0
2014-04-01,12.01,12.51,11.94,12.51,11270875.0
2014-04-02,12.65,12.79,12.1,12.25,8186830.0
2014-04-03,12.22,12.27,10.75,10.94,26423550.0
2014-04-04,11.1,11.16,10.37,10.46,29451375.0
2014-04-07,10.35,10.54,9.84,10.19,20994825.0
2014-04-08,10.24,10.45,10.05,10.17,41846470.0
2014-04-09,10.41,11.0,10.23,10.98,22472590.0
2014-04-10,10.95,10.98,9.97,10.13,20351580.0
2014-04-11,9.99,10.17,9.82,9.93,12821705.0
2014-04-14,10.02,10.23,9.76,9.93,10660110.0
2014-04-15,9.99,10.4,9.73,10.34,12695395.0
2014-04-16,10.42,10.7,10.19,10.66,16050480.0
2014-04-17,10.63,10.79,10.38,10.65,8580295.0
2014-04-21,10.42,10.67,10.26,10.63,9034335.0
2014-04-22,10.69,11.07,10.63,11.05,11646850.0
2014-04-23,11.02,11.03,10.5,10.61,16606520.0
2014-04-24,10.89,10.94,9.01,9.98,52251480.0
2014-04-25,9.95,9.97,9.41,9.45,22158235.0
2014-04-28,9.52,9.82,8.83,9.28,28736830.0
2014-04-29,9.28,10.08,9.28,9.83,20450105.0
2014-04-30,9.83,10.02,9.57,9.94,15420130.0
2014-05-01,9.85,10.61,9.8,10.1,15012245.0
2014-05-02,10.15,10.39,9.86,10.24,13267090.0
2014-05-05,10.11,10.45,9.96,10.44,12614015.0
2014-05-06,10.45,10.55,9.89,9.9,10999065.0
2014-05-07,9.93,9.95,9.11,9.41,30488110.0
2014-05-08,9.3,9.63,9.13,9.35,15325975.0
2014-05-09,9.3,9.51,9.17,9.29,12073295.0
2014-05-12,9.37,9.79,9.22,9.7,11044930.0
2014-05-13,9.66,9.8,9.46,9.47,9601305.0
2014-05-14,9.43,9.75,9.36,9.51,5978280.0
2014-05-15,9.44,9.61,9.19,9.56,10897245.0
2014-05-16,9.6,9.62,9.27,9.48,10583860.0
2014-05-19,9.44,9.79,9.36,9.68,8027065.0
2014-05-20,9.68,9.85,9.4,9.7,8583080.0
2014-05-21,9.73,9.89,9.54,9.67,5962450.0
2014-05-22,9.69,10.16,9.6,10.09,8579985.0
2014-05-23,10.1,10.59,9.97,10.51,13121215.0
2014-05-27,10.55,10.89,10.52,10.86,15654430.0
2014-05-28,10.84,10.88,10.43,10.76,15139730.0
2014-05-29,10.77,10.96,10.7,10.88,8234835.0
2014-05-30,10.81,10.87,10.3,10.46,11925685.0
2014-06-02,10.47,10.47,9.89,10.05,15345380.0
2014-06-03,9.98,10.15,9.73,10.08,14270980.0
2014-06-04,10.02,10.28,9.86,10.28,6993555.0
2014-06-05,10.29,10.8,10.16,10.78,14417380.0
2014-06-06,10.81,11.4,10.78,11.32,17467120.0
2014-06-09,11.35,11.5,11.13,11.19,7773685.0
2014-06-10,11.18,11.37,10.99,11.19,6175770.0
2014-06-11,11.13,11.57,11.04,11.56,8816325.0
2014-06-12,11.46,11.78,11.25,11.5,11892145.0
2014-06-13,11.5,11.84,11.39,11.84,9345310.0
2014-06-16,11.79,12.02,11.67,11.99,8151175.0
2014-06-17,11.95,12.09,11.77,12.0,8936840.0
2014-06-18,12.05,12.14,11.85,12.1,6332795.0
2014-06-19,12.15,12.15,11.84,12.0,5183595.0
2014-06-20,12.04,12.1,11.82,12.09,6071965.0
2014-06-23,12.01,12.26,11.9,12.25,7713390.0
2014-06-24,12.19,12.56,12.19,12.22,6766970.0
2014-06-25,12.18,12.4,12.12,12.39,4426460.0
2014-06-26,12.36,12.44,12.17,12.33,6179345.0
2014-06-27,12.3,12.5,12.13,12.28,22328665.0
2014-06-30,12.28,12.47,12.28,12.39,7615495.0
2014-07-01,12.47,12.92,12.44,12.72,12059500.0
2014-07-02,12.63,12.7,12.34,12.42,5965580.0
2014-07-03,12.47,12.47,12.24,12.32,2990730.0
2014-07-07,12.27,12.34,11.93,11.99,6544805.0
2014-07-08,11.93,11.95,11.1,11.18,16206245.0
2014-07-09,11.23,11.38,11.06,11.33,6247075.0
2014-07-10,11.14,11.66,10.82,11.5,7558725.0
2014-07-11,11.52,11.6,11.26,11.4,5129180.0
2014-07-14,11.54,11.8,11.42,11.51,5339095.0
2014-07-15,11.53,11.63,11.15,11.2,7163825.0
2014-07-16,11.33,11.43,11.12,11.26,5873710.0
2014-07-17,11.19,11.44,11.19,11.32,11233670.0
2014-07-18,11.39,11.68,11.37,11.5,7289865.0
2014-07-21,11.41,11.81,11.34,11.78,7568250.0
2014-07-22,11.86,12.06,11.67,11.71,6791210.0
2014-07-23,11.82,11.83,11.57,11.65,4881580.0
2014-07-24,11.67,11.92,11.62,11.89,5843355.0
2014-07-25,11.8,12.0,11.7,11.95,3270155.0
2014-07-28,11.91,11.99,11.53,11.67,10018210.0
2014-07-29,11.64,11.97,11.58,11.94,6111490.0
2014-07-30,12.0,12.63,11.94,12.53,16880325.0
2014-07-31,11.47,12.29,11.41,11.76,15022675.0
2014-08-01,11.67,11.81,11.21,11.33,9798760.0
2014-08-04,11.37,11.59,11.29,11.54,5982335.0
2014-08-05,11.41,11.62,11.28,11.33,5832695.0
2014-08-06,11.21,11.34,11.04,11.07,8087735.0
2014-08-07,11.15,11.23,10.98,11.07,5179890.0
2014-08-08,11.15,11.15,10.9,11.0,5289380.0
2014-08-11,11.08,11.21,10.98,11.2,4008745.0
2014-08-12,11.2,11.25,10.87,10.92,4641825.0
2014-08-13,10.99,11.08,10.91,11.06,7196765.0
2014-08-14,11.08,11.09,10.91,10.98,3629555.0
2014-08-15,11.02,11.09,10.82,10.94,4687165.0
2014-08-18,11.07,11.22,11.04,11.2,7280980.0
2014-08-19,11.23,11.56,11.23,11.54,8704025.0
2014-08-20,11.57,11.7,11.43,11.51,6231160.0
2014-08-21,11.53,11.59,11.31,11.38,4167285.0
2014-08-22,11.41,12.08,11.32,11.92,10437280.0
2014-08-25,12.0,12.0,11.69,11.76,4971485.0
2014-08-26,11.78,12.0,11.64,11.95,5195000.0
2014-08-27,12.02,12.13,11.91,12.02,6731280.0
2014-08-28,12.0,12.0,11.87,11.91,4423520.0
2014-08-29,11.96,12.32,11.95,12.23,8379570.0
2014-09-02,12.25,12.58,12.1,12.57,7876530.0
2014-09-03,12.66,12.75,12.45,12.55,7608630.0
2014-09-04,12.56,12.6,12.18,12.25,5607070.0
2014-09-05,12.24,12.54,12.14,12.49,4416645.0
2014-09-08,12.55,13.0,12.54,12.86,9808245.0
2014-09-09,12.77,12.79,12.39,12.45,5999570.0
2014-09-10,12.44,12.53,12.29,12.5,7416410.0
2014-09-11,12.45,12.68,12.33,12.67,7530070.0
2014-09-12,12.63,12.63,12.23,12.32,7298840.0
2014-09-15,12.49,12.49,11.58,11.8,7211670.0
2014-09-16,11.69,12.05,11.64,11.98,7616460.0
2014-09-17,11.96,12.29,11.94,12.2,7089675.0
2014-09-18,12.2,12.29,12.05,12.26,4266950.0
2014-09-19,12.35,12.73,12.33,12.47,15006425.0
2014-09-22,12.39,12.39,12.02,12.12,4333855.0
2014-09-23,12.05,12.14,11.83,11.83,6154360.0
2014-09-24,11.83,12.07,11.78,12.01,4372635.0
2014-09-25,11.99,12.03,11.65,11.68,4666785.0
2014-09-26,11.69,11.96,11.66,11.91,3073660.0
2014-09-29,11.78,11.96,11.75,11.96,2653990.0
2014-09-30,11.97,12.04,11.63,11.76,5549065.0
2014-10-01,11.67,11.7,11.32,11.46,5395055.0
2014-10-02,11.49,11.62,11.16,11.58,4375555.0
2014-10-03,11.65,12.08,11.64,12.06,5009410.0
2014-10-06,12.05,12.38,11.99,12.11,5547805.0
2014-10-07,12.01,12.01,11.54,11.56,3568160.0
2014-10-08,11.6,11.9,11.26,11.87,4008300.0
2014-10-09,11.86,12.16,11.67,11.67,6378350.0
2014-10-10,11.58,11.73,11.29,11.29,5099470.0
2014-10-13,11.37,11.5,10.82,10.84,9705340.0
2014-10-14,10.99,11.3,10.83,11.21,9715330.0
2014-10-15,11.01,11.59,10.81,11.48,6347985.0
2014-10-16,11.17,11.64,11.11,11.45,6044360.0
2014-10-17,11.64,12.22,11.55,12.08,7786155.0
2014-10-20,12.03,12.23,11.79,11.86,5231610.0
2014-10-21,11.92,12.26,11.91,12.1,7595915.0
2014-10-22,12.1,12.13,11.57,11.61,8995950.0
2014-10-23,11.97,13.1,11.9,12.91,26762085.0
2014-10-24,12.78,13.3,12.74,13.09,11635830.0
2014-10-27,13.03,13.09,12.79,12.82,5727430.0
2014-10-28,12.9,13.43,12.84,13.39,8145660.0
2014-10-29,13.37,13.39,12.99,13.01,6202845.0
2014-10-30,12.94,13.39,12.77,13.28,5599955.0
2014-10-31,13.49,13.97,13.44,13.59,8561665.0
2014-11-03,13.49,13.6,13.2,13.24,6449065.0
2014-11-04,13.23,13.42,13.19,13.38,4194985.0
2014-11-05,13.43,13.45,13.05,13.11,4610005.0
2014-11-06,13.14,13.5,13.12,13.37,7044840.0
2014-11-07,13.33,13.66,13.22,13.56,3858640.0
2014-11-10,13.48,13.87,13.42,13.78,6678700.0
2014-11-11,13.72,13.8,13.59,13.63,4047325.0
2014-11-12,13.55,13.73,13.47,13.54,6238150.0
2014-11-13,13.52,13.65,13.3,13.39,3865545.0
2014-11-14,13.35,13.52,13.3,13.5,3071810.0
2014-11-17,13.4,13.48,12.87,13.06,5647675.0
2014-11-18,13.04,13.2,12.92,13.0,4595745.0
2014-11-19,12.94,13.01,12.54,12.74,4012895.0
2014-11-20,12.66,12.92,12.54,12.83,5974505.0
2014-11-21,13.01,13.15,12.75,12.8,4620395.0
2014-11-24,12.87,12.91,12.7,12.79,4624895.0
2014-11-25,12.78,12.8,12.55,12.6,4244660.0
2014-11-26,12.6,12.91,12.57,12.79,4151045.0
2014-11-28,12.53,12.93,12.4,12.79,2392385.0
2014-12-01,12.68,12.69,12.23,12.37,5571320.0
2014-12-02,12.36,12.4,12.1,12.35,7148500.0
2014-12-03,12.33,12.42,12.12,12.37,5620235.0
2014-12-04,12.34,12.54,12.23,12.5,4451565.0
2014-12-05,12.54,12.56,12.4,12.53,3838470.0
2014-12-08,12.4,12.65,12.26,12.34,5682245.0
2014-12-09,12.18,12.44,11.92,12.41,3624950.0
2014-12-10,12.51,12.7,12.19,12.25,7047490.0
2014-12-11,12.38,12.52,12.23,12.27,4619605.0
2014-12-12,12.15,12.37,12.1,12.25,6082905.0
2014-12-15,12.55,12.76,12.42,12.69,8032225.0
2014-12-16,12.78,13.09,12.53,12.72,8802085.0
2014-12-17,12.81,13.2,12.6,13.14,6609205.0
2014-12-18,13.35,13.62,13.34,13.62,7335500.0
2014-12-19,13.64,13.87,13.61,13.82,7803305.0
2014-12-22,13.8,14.11,13.8,13.94,5018715.0
2014-12-23,14.02,14.13,13.9,13.91,4884230.0
2014-12-24,13.92,14.09,13.87,13.94,1348755.0
2014-12-26,13.95,14.18,13.91,14.02,1934020.0
2014-12-29,13.99,13.99,13.65,13.77,2310040.0
2014-12-30,13.69,13.83,13.42,13.58,4048755.0
2014-12-31,13.59,13.79,13.52,13.57,2869415.0
2015-01-02,13.56,13.7,13.25,13.48,4079125.0
2015-01-05,13.39,13.67,13.29,13.43,4002635.0
2015-01-06,13.44,13.57,13.03,13.27,4287375.0
2015-01-07,13.38,13.49,13.2,13.42,3114920.0
2015-01-08,13.57,13.82,13.49,13.78,3201440.0
2015-01-09,13.86,13.86,13.25,13.42,5185625.0
2015-01-12,13.42,13.69,13.3,13.64,3997820.0
2015-01-13,13.56,13.89,13.29,13.45,3141765.0
2015-01-14,13.25,13.32,13.08,13.27,3777790.0
2015-01-15,13.34,13.34,12.69,12.73,5087930.0
2015-01-16,12.69,12.84,12.62,12.79,4185935.0
2015-01-20,12.77,13.01,12.51,12.97,4396025.0
2015-01-21,12.94,13.37,12.87,13.1,3778005.0
2015-01-22,13.04,13.31,12.91,13.23,2450950.0
2015-01-23,13.32,13.9,13.31,13.75,5148985.0
2015-01-26,13.74,13.74,13.3,13.6,4416945.0
2015-01-27,13.45,13.64,13.28,13.58,4398270.0
2015-01-28,13.7,14.04,13.39,13.78,13367280.0
2015-01-29,14.61,14.87,14.01,14.78,18759875.0
2015-01-30,14.52,14.69,14.1,14.58,11167310.0
2015-02-02,14.47,14.6,14.01,14.6,10423835.0
2015-02-03,14.6,14.69,14.35,14.53,6679460.0
2015-02-04,14.5,14.95,14.39,14.92,8043885.0
2015-02-05,14.98,15.05,14.76,14.84,7748515.0
2015-02-06,14.78,15.03,14.67,14.99,5269180.0
2015-02-09,14.81,14.93,14.55,14.58,4653150.0
2015-02-10,14.63,14.71,14.51,14.66,5739770.0
2015-02-11,14.56,14.8,14.49,14.78,5199035.0
2015-02-12,14.78,15.19,14.77,15.19,7444275.0
2015-02-13,15.25,15.53,15.0,15.51,7354350.0
2015-02-17,15.42,15.45,15.09,15.38,4748275.0
2015-02-18,15.4,15.54,15.22,15.5,4355930.0
2015-02-19,15.48,15.8,15.41,15.63,5288155.0
2015-02-20,15.58,15.86,15.5,15.81,5021255.0
2015-02-23,15.75,15.87,15.67,15.73,5621105.0
2015-02-24,15.76,15.8,15.59,15.75,5782520.0
2015-02-25,15.63,15.88,15.61,15.81,7114835.0
2015-02-26,16.0,16.25,15.77,15.91,9801045.0
2015-02-27,15.84,15.84,15.19,15.25,17709800.0
2015-03-02,15.19,15.36,15.03,15.29,6912540.0
2015-03-03,15.22,15.39,14.92,15.09,5740495.0
2015-03-04,14.99,15.01,14.67,14.72,5951500.0
2015-03-05,14.72,15.09,14.69,14.94,5260525.0
2015-03-06,14.86,15.06,14.7,14.81,4536895.0
2015-03-09,14.8,14.86,14.48,14.85,3608255.0
2015-03-10,14.72,14.81,14.52,14.72,4367635.0
2015-03-11,14.75,14.96,14.69,14.85,3551105.0
2015-03-12,14.87,15.33,14.85,15.33,8906900.0
2015-03-13,15.32,15.46,15.19,15.38,5583320.0
2015-03-16,15.45,15.84,15.39,15.73,6064310.0
2015-03-17,15.83,16.03,15.78,15.98,7845465.0
2015-03-18,16.0,16.2,15.81,16.01,5630430.0
2015-03-19,15.98,16.2,15.97,16.09,3511225.0
2015-03-20,16.11,16.2,15.8,15.88,6524660.0
2015-03-23,15.87,15.96,15.75,15.86,2851225.0
2015-03-24,15.86,16.08,15.81,15.85,3274700.0
2015-03-25,15.9,15.9,15.22,15.24,7154740.0
2015-03-26,15.1,15.54,15.0,15.41,8104945.0
2015-03-27,15.46,15.76,15.38,15.69,3912690.0
2015-03-30,15.79,16.0,15.77,15.89,3058190.0
2015-03-31,15.46,16.01,15.46,15.76,4875185.0
2015-04-01,15.71,15.75,15.03,15.13,9938060.0
2015-04-02,15.15,15.25,15.03,15.22,5646070.0
2015-04-06,15.39,15.82,15.2,15.65,8950110.0
2015-04-07,15.74,15.99,15.66,15.69,4210255.0
2015-04-08,15.75,16.2,15.75,16.17,5686900.0
2015-04-09,16.14,16.38,15.96,16.35,4364670.0
2015-04-10,16.35,16.47,16.22,16.47,3494340.0
2015-04-13,16.56,16.7,16.13,16.15,6092675.0
2015-04-14,16.15,16.22,15.9,16.04,5017580.0
2015-04-15,16.09,16.19,15.94,16.15,5797310.0
2015-04-16,16.07,16.69,16.06,16.57,21520590.0
2015-04-17,14.96,15.0,14.06,14.66,65228565.0
2015-04-20,14.72,15.13,14.56,14.93,18917735.0
2015-04-21,15.1,15.56,15.1,15.5,18156235.0
2015-04-22,15.59,15.65,15.34,15.54,11218500.0
2015-04-23,15.42,15.54,15.35,15.38,9018470.0
2015-04-24,15.46,15.47,15.2,15.22,6904305.0
2015-04-27,15.36,15.36,14.88,14.95,6712790.0
2015-04-28,15.0,15.19,14.8,15.0,5636050.0
2015-04-29,14.92,15.9,14.73,15.49,14093265.0
2015-04-30,15.33,15.51,14.91,14.97,8640500.0
2015-05-01,14.91,15.1,14.7,14.75,7279200.0
2015-05-04,14.75,14.91,14.69,14.72,4346010.0
2015-05-05,14.6,14.76,14.28,14.66,9431715.0
2015-05-06,14.7,14.8,14.47,14.66,4448145.0
2015-05-07,14.66,14.88,14.61,14.8,3414575.0
2015-05-08,14.97,15.25,14.78,14.78,9313470.0
2015-05-11,14.74,14.93,14.68,14.8,3793015.0
2015-05-12,14.6,15.0,14.42,14.85,4186030.0
2015-05-13,14.88,15.06,14.69,15.02,8004960.0
2015-05-14,15.07,15.43,14.89,15.21,7858635.0
2015-05-15,15.2,15.27,15.01,15.14,4335045.0
2015-05-18,15.06,15.51,15.06,15.45,4953165.0
2015-05-19,15.45,15.65,15.35,15.56,7608190.0
2015-05-20,15.54,15.58,15.25,15.49,9132985.0
2015-05-21,15.55,15.79,15.51,15.77,5769905.0
2015-05-22,15.72,15.8,15.52,15.75,6072085.0
2015-05-26,15.67,15.74,15.39,15.54,5099705.0
2015-05-27,15.45,15.73,15.13,15.68,7440620.0
2015-05-28,15.6,15.83,15.52,15.68,6824440.0
2015-05-29,15.59,15.61,15.2,15.32,14612755.0
2015-06-01,15.33,15.38,15.0,15.14,6801165.0
2015-06-02,15.12,15.18,15.01,15.08,5673290.0
2015-06-03,15.08,15.36,15.05,15.32,4491545.0
2015-06-04,15.24,15.42,14.99,15.09,4769460.0
2015-06-05,14.99,15.43,14.98,15.38,5698490.0
2015-06-08,15.36,15.42,14.93,14.93,5775040.0
2015-06-09,15.02,15.24,14.73,15.13,6444835.0
2015-06-10,15.18,15.56,15.05,15.54,6317710.0
2015-06-11,15.6,15.74,15.42,15.55,4110240.0
2015-06-12,15.47,15.66,15.47,15.59,2902755.0
2015-06-15,15.42,15.57,15.29,15.53,3369925.0
2015-06-16,15.51,15.89,15.47,15.88,4706550.0
2015-06-17,15.9,16.18,15.87,15.98,6568095.0
2015-06-18,16.02,16.23,15.84,16.19,7990710.0
2015-06-19,16.26,16.26,16.0,16.08,9660135.0
2015-06-22,16.2,16.33,15.93,16.06,4644585.0
2015-06-23,16.18,16.18,16.01,16.15,3371950.0
2015-06-24,16.16,16.16,15.43,15.49,8466580.0
2015-06-25,15.56,15.86,15.55,15.78,5358525.0
2015-06-26,15.85,15.85,15.06,15.4,10433070.0
2015-06-29,15.16,15.32,14.69,14.75,6546440.0
2015-06-30,14.86,14.94,14.72,14.86,5567940.0
2015-07-01,15.08,15.13,14.69,14.78,5364755.0
2015-07-02,14.77,14.92,14.63,14.91,4009800.0
2015-07-06,14.74,14.94,14.61,14.74,5397510.0
2015-07-07,14.77,15.17,14.42,15.14,6901925.0
2015-07-08,15.0,15.21,14.84,14.97,3516195.0
2015-07-09,15.12,15.41,15.12,15.24,4655530.0
2015-07-10,15.43,15.52,15.32,15.35,3282460.0
2015-07-13,15.47,15.51,15.16,15.32,4996860.0
2015-07-14,15.34,15.77,15.34,15.48,4991675.0
2015-07-15,15.52,15.68,15.39,15.52,4558520.0
2015-07-16,15.63,15.83,15.57,15.78,3329700.0
2015-07-17,15.82,16.05,15.71,15.78,4047650.0
2015-07-20,15.83,15.87,15.71,15.77,2265150.0
2015-07-21,15.76,15.94,15.59,15.71,2873560.0
2015-07-22,15.62,15.79,15.55,15.57,3114690.0
2015-07-23,15.66,15.85,15.49,15.6,4602695.0
2015-07-24,15.69,16.19,15.5,15.93,7184145.0
2015-07-27,15.77,15.78,15.22,15.27,7896905.0
2015-07-28,15.35,15.78,15.22,15.73,5276325.0
2015-07-29,15.38,15.7,14.99,15.6,19715465.0
2015-07-30,15.69,16.24,15.32,16.21,16323410.0
2015-07-31,16.05,16.23,15.88,16.1,9138220.0
2015-08-03,16.09,16.19,15.71,15.83,5962720.0
2015-08-04,15.86,15.9,15.44,15.58,9865845.0
2015-08-05,15.64,15.98,15.6,15.68,5859930.0
2015-08-06,15.66,15.66,15.08,15.2,8391975.0
2015-08-07,15.18,15.4,14.98,15.39,4662995.0
2015-08-10,15.51,15.57,15.26,15.32,4397720.0
2015-08-11,15.16,15.42,15.06,15.33,3554625.0
2015-08-12,15.18,15.38,14.89,15.37,5462830.0
2015-08-13,15.34,15.41,14.95,15.14,4564390.0
2015-08-14,15.1,15.35,14.92,15.33,4029365.0
2015-08-17,15.21,15.46,15.16,15.45,3171020.0
2015-08-18,15.46,15.58,15.16,15.18,2940510.0
2015-08-19,15.3,15.31,14.96,15.13,5778540.0
2015-08-20,14.97,14.99,14.03,14.06,8401900.0
2015-08-21,13.93,14.2,13.71,13.98,9162005.0
2015-08-24,13.19,14.39,12.86,13.6,16499255.0
2015-08-25,14.08,14.43,13.65,13.73,9636210.0
2015-08-26,14.07,14.34,13.78,14.28,8370405.0
2015-08-27,14.39,14.65,14.08,14.47,7903720.0
2015-08-28,14.47,14.67,14.31,14.51,4282680.0
2015-08-31,14.43,14.56,14.17,14.19,5022970.0
2015-09-01,13.92,14.17,13.73,13.78,7867725.0
2015-09-02,13.91,13.99,13.57,13.99,8908610.0
2015-09-03,14.07,14.39,14.01,14.24,7723200.0
2015-09-04,14.04,14.15,13.85,13.96,5345425.0
2015-09-08,14.2,14.69,14.14,14.67,6768340.0
2015-09-09,14.75,14.89,14.36,14.4,6250890.0
2015-09-10,14.33,14.65,14.33,14.53,4355965.0
2015-09-11,14.55,14.73,14.38,14.72,4196355.0
2015-09-14,14.71,14.77,14.47,14.71,5223060.0
2015-09-15,14.73,14.87,14.61,14.85,4136865.0
2015-09-16,14.88,14.92,14.67,14.79,4473795.0
2015-09-17,14.72,15.11,14.71,14.92,3604555.0
2015-09-18,14.74,15.0,14.73,14.87,7121725.0
2015-09-21,14.96,15.12,14.73,14.88,5052130.0
2015-09-22,14.65,14.75,14.43,14.61,5319015.0
2015-09-23,14.64,14.85,14.48,14.6,3990415.0
2015-09-24,14.54,14.55,14.19,14.42,5539760.0
2015-09-25,14.63,14.9,14.39,14.57,11847825.0
2015-09-28,14.53,14.56,13.75,13.81,8807095.0
2015-09-29,13.79,13.93,13.55,13.79,5416210.0
2015-09-30,13.94,14.06,13.41,13.89,8465185.0
2015-10-01,13.83,14.33,13.53,14.32,8891500.0
2015-10-02,14.07,14.45,13.98,14.45,4621565.0
2015-10-05,14.52,15.31,14.48,15.29,9133135.0
2015-10-06,15.18,15.38,14.85,14.92,6364480.0
2015-10-07,15.05,15.05,14.6,14.99,9229325.0
2015-10-08,14.99,14.99,14.35,14.6,8396870.0
2015-10-09,14.62,14.94,14.44,14.88,4711415.0
2015-10-12,14.87,15.05,14.71,14.86,2777950.0
2015-10-13,14.82,15.24,14.72,14.83,3839355.0
2015-10-14,14.8,15.0,14.69,14.78,5114820.0
2015-10-15,14.8,15.26,14.78,15.13,6445680.0
2015-10-16,15.08,15.3,15.01,15.29,5273460.0
2015-10-19,15.27,15.35,14.97,15.16,5198990.0
2015-10-20,15.18,15.32,14.86,14.95,5803365.0
2015-10-21,14.93,15.03,14.59,14.6,13006340.0
2015-10-22,14.46,15.72,14.46,15.59,20111195.0
2015-10-23,15.64,15.79,15.06,15.78,13104675.0
2015-10-26,15.77,15.86,15.55,15.76,4690980.0
2015-10-27,15.67,16.09,15.63,16.03,8997160.0
2015-10-28,16.02,16.44,15.94,16.43,8712780.0
2015-10-29,16.4,16.58,16.28,16.31,4078220.0
2015-10-30,16.39,16.47,16.18,16.33,7163490.0
2015-11-02,16.34,16.48,16.13,16.4,3993810.0
2015-11-03,16.4,16.74,16.24,16.51,6331570.0
2015-11-04,16.53,16.88,16.43,16.77,8674600.0
2015-11-05,16.65,16.9,16.56,16.78,6544360.0
2015-11-06,16.82,17.18,16.8,17.05,6724710.0
2015-11-09,17.0,17.11,16.81,16.92,6779705.0
2015-11-10,16.75,16.9,16.64,16.83,6511320.0
2015-11-11,16.8,16.93,16.62,16.78,4282220.0
2015-11-12,16.7,17.05,16.58,16.9,5264305.0
2015-11-13,16.81,16.93,16.46,16.58,5556220.0
2015-11-16,16.51,16.93,16.41,16.87,3817810.0
2015-11-17,16.88,17.11,16.8,16.98,4606815.0
2015-11-18,17.0,17.19,16.86,17.15,9840365.0
2015-11-19,17.2,17.4,17.11,17.15,8003750.0
2015-11-20,17.23,17.44,17.15,17.24,7177255.0
2015-11-23,17.21,17.54,17.16,17.29,4400645.0
2015-11-24,17.13,17.37,17.03,17.34,4160640.0
2015-11-25,17.33,17.55,17.33,17.38,3325315.0
2015-11-27,17.35,17.55,17.33,17.46,2102750.0
2015-11-30,17.52,17.52,17.23,17.4,6056480.0
2015-12-01,17.45,17.48,17.23,17.29,7103805.0
2015-12-02,17.4,17.78,17.36,17.51,9285930.0
2015-12-03,17.66,18.11,17.51,17.62,11389435.0
2015-12-04,17.62,18.26,17.62,18.0,9107500.0
2015-12-07,17.91,17.98,17.53,17.6,6186165.0
2015-12-08,17.41,17.69,17.13,17.54,6928165.0
2015-12-09,17.46,17.53,17.14,17.22,5836100.0
2015-12-10,17.21,17.58,17.19,17.39,5576855.0
2015-12-11,17.19,17.4,16.63,16.7,9505500.0
2015-12-14,16.69,16.85,16.42,16.71,8217305.0
2015-12-15,16.81,17.26,16.81,17.12,7113080.0
2015-12-16,17.2,17.52,16.99,17.48,7834290.0
2015-12-17,17.47,17.64,17.14,17.45,7852480.0
2015-12-18,17.44,17.56,17.14,17.15,15218195.0
2015-12-21,17.39,17.42,17.22,17.4,7286390.0
2015-12-22,17.5,17.51,17.21,17.3,5163630.0
2015-12-23,17.39,17.53,17.28,17.38,4600150.0
2015-12-24,17.36,17.47,17.32,17.39,1256450.0
2015-12-28,17.33,17.45,17.26,17.38,2357910.0
2015-12-29,17.49,17.71,17.47,17.62,5609355.0
2015-12-30,17.64,17.67,17.43,17.48,3459775.0
2015-12-31,17.48,17.52,17.2,17.31,3542300.0
2016-01-04,17.0,17.13,16.63,16.81,6368035.0
2016-01-05,16.9,17.11,16.69,16.8,6643300.0
2016-01-06,16.58,16.61,16.14,16.28,7090895.0
2016-01-07,15.97,16.33,15.79,15.93,7765340.0
2016-01-08,16.02,16.13,15.58,15.62,6099430.0
2016-01-11,15.74,15.81,15.44,15.71,5567935.0
2016-01-12,15.95,16.3,15.95,16.2,8326125.0
2016-01-13,16.22,16.36,15.1,15.36,9448310.0
2016-01-14,15.34,15.7,14.78,15.64,7556805.0
2016-01-15,15.22,15.45,14.94,15.27,8869085.0
2016-01-19,15.43,15.56,14.73,14.86,9965650.0
2016-01-20,14.65,15.06,14.03,14.86,10559875.0
2016-01-21,14.95,15.22,14.72,14.88,9608815.0
2016-01-22,15.11,15.35,15.11,15.33,6354805.0
2016-01-25,15.29,15.43,15.01,15.22,9203395.0
2016-01-26,15.22,15.64,15.05,15.59,12483910.0
2016-01-27,15.42,15.52,14.91,15.07,21360790.0
2016-01-28,11.65,12.88,11.53,12.71,98875750.0
2016-01-29,12.8,13.1,12.14,12.44,36454975.0
2016-02-01,12.32,12.57,12.29,12.39,13336275.0
2016-02-02,12.3,12.33,11.37,11.45,23968850.0
2016-02-03,11.51,11.89,11.33,11.86,18258625.0
2016-02-04,11.77,12.05,11.68,11.72,18237245.0
2016-02-05,10.9,11.09,9.89,10.46,36286500.0
2016-02-08,10.18,10.22,9.2,9.43,32734180.0
2016-02-09,9.32,9.87,9.22,9.7,28093360.0
2016-02-10,9.73,10.36,9.73,10.0,15468645.0
2016-02-11,9.86,9.93,9.46,9.81,14564955.0
2016-02-12,9.9,10.06,9.62,10.02,10497615.0
2016-02-16,10.12,10.45,9.99,10.41,13597435.0
2016-02-17,10.5,11.11,10.46,11.05,26546305.0
2016-02-18,11.17,11.17,10.84,10.85,16538720.0
2016-02-19,10.84,11.12,10.81,10.95,14200505.0
2016-02-22,11.02,11.27,10.85,10.94,12305275.0
2016-02-23,10.85,10.88,10.29,10.6,14363505.0
2016-02-24,10.4,10.55,10.0,10.51,13448710.0
2016-02-25,10.62,11.0,10.55,10.83,13517530.0
2016-02-26,10.92,11.24,10.85,11.1,12932205.0
2016-02-29,11.05,11.25,10.99,11.0,9836495.0
2016-03-01,11.17,11.57,11.07,11.57,18261585.0
2016-03-02,11.5,11.62,11.32,11.53,10318695.0
2016-03-03,11.47,11.68,11.35,11.67,11539805.0
2016-03-04,11.77,11.91,11.63,11.7,9530455.0
2016-03-07,11.6,11.76,11.32,11.64,6968445.0
2016-03-08,11.68,12.21,11.63,12.07,15700415.0
2016-03-09,12.11,12.12,11.85,12.1,11128135.0
2016-03-10,12.28,12.46,11.95,12.14,11478480.0
2016-03-11,12.22,12.74,12.19,12.67,10607175.0
2016-03-14,12.57,12.62,12.37,12.47,8977865.0
2016-03-15,12.38,12.41,12.15,12.33,7616325.0
2016-03-16,12.27,12.53,12.19,12.47,5965530.0
2016-03-17,12.47,12.55,12.03,12.16,12340525.0
2016-03-18,12.21,12.27,11.99,12.03,13679430.0
2016-03-21,12.05,12.26,11.98,12.21,6888755.0
2016-03-22,12.08,12.56,12.05,12.46,8115200.0
2016-03-23,12.44,12.62,12.4,12.45,10179430.0
2016-03-24,12.31,12.34,12.17,12.34,5261260.0
2016-03-28,12.33,12.33,11.95,12.07,8084200.0
2016-03-29,12.05,12.27,11.99,12.23,7787370.0
2016-03-30,12.3,12.49,12.2,12.21,8309545.0
2016-03-31,12.18,12.28,11.99,12.24,11941585.0
2016-04-01,12.23,12.45,12.01,12.41,7684755.0
2016-04-04,12.41,12.87,12.39,12.86,11360650.0
2016-04-05,12.69,12.88,12.62,12.73,8354500.0
2016-04-06,12.75,12.82,12.58,12.77,8878545.0
2016-04-07,12.74,12.96,12.66,12.8,6511455.0
2016-04-08,12.87,13.01,12.76,12.9,6180550.0
2016-04-11,12.97,13.07,12.64,12.66,6741135.0
2016-04-12,12.6,12.66,12.31,12.35,12309010.0
2016-04-13,12.49,12.79,12.29,12.75,8878210.0
2016-04-14,12.66,12.7,12.38,12.6,17217910.0
2016-04-15,12.64,12.68,12.49,12.66,5943125.0
2016-04-18,12.64,12.98,12.6,12.89,11296190.0
2016-04-19,12.89,12.95,12.51,12.73,10458415.0
2016-04-20,12.84,13.1,12.78,13.02,14012595.0
2016-04-21,14.98,15.37,14.64,14.85,41977710.0
2016-04-22,14.68,14.75,14.36,14.62,16268110.0
2016-04-25,14.67,14.91,14.6,14.68,12625385.0
2016-04-26,14.69,14.7,14.41,14.53,7046395.0
2016-04-27,14.45,14.76,14.45,14.63,7615380.0
2016-04-28,14.6,14.73,14.22,14.27,7070005.0
2016-04-29,14.33,14.43,14.03,14.3,8900255.0
2016-05-02,14.33,14.42,14.17,14.4,5783195.0
2016-05-03,14.17,14.22,13.83,13.97,7989965.0
2016-05-04,13.91,13.97,13.5,13.52,8517050.0
2016-05-05,13.62,13.73,13.45,13.56,7552150.0
2016-05-06,13.41,13.55,13.17,13.46,8064165.0
2016-05-09,13.4,13.66,13.36,13.49,4594170.0
2016-05-10,13.49,13.74,13.44,13.71,7004860.0
2016-05-11,13.7,14.02,13.68,13.73,7801215.0
2016-05-12,13.86,13.92,13.44,13.49,8442225.0
2016-05-13,13.45,13.68,13.37,13.49,7357965.0
2016-05-16,13.51,14.09,13.46,14.06,9719870.0
2016-05-17,14.03,14.1,13.79,13.9,5901135.0
2016-05-18,13.92,14.21,13.85,14.01,5032680.0
2016-05-19,14.21,14.4,13.92,13.95,9601470.0
2016-05-20,14.05,14.15,13.62,14.0,14415945.0
2016-05-23,13.91,14.23,13.88,14.05,5904460.0
2016-05-24,14.11,14.36,14.02,14.2,7512665.0
2016-05-25,14.27,14.3,14.13,14.15,5580200.0
2016-05-26,14.19,14.21,13.99,14.01,5859160.0
2016-05-27,13.98,14.18,13.78,14.15,6748300.0
2016-05-31,14.12,14.34,14.05,14.33,11477185.0
2016-06-01,14.29,14.7,14.21,14.63,9448270.0
2016-06-02,14.53,14.85,14.5,14.85,5923525.0
2016-06-03,14.77,14.8,14.57,14.71,5513380.0
2016-06-06,14.77,15.05,14.69,15.01,5396475.0
2016-06-07,14.9,15.21,14.81,15.2,9893185.0
2016-06-08,15.19,15.55,15.08,15.41,12655135.0
2016-06-09,15.29,15.45,15.08,15.11,4279860.0
2016-06-10,14.94,15.02,14.76,14.81,6955830.0
2016-06-13,14.66,14.88,14.51,14.54,8769700.0
2016-06-14,14.6,14.7,14.44,14.6,4673795.0
2016-06-15,14.62,15.02,14.6,14.89,5402355.0
2016-06-16,14.76,14.79,14.54,14.74,3884585.0
2016-06-17,14.65,14.91,14.32,14.41,8871795.0
2016-06-20,14.63,14.73,14.5,14.52,5546175.0
2016-06-21,14.57,14.63,14.37,14.55,4636875.0
2016-06-22,14.49,14.52,14.36,14.38,3761605.0
2016-06-23,14.43,15.04,14.35,15.04,6818190.0
2016-06-24,14.51,14.64,14.04,14.07,13232060.0
2016-06-27,13.93,13.97,12.7,12.73,15170285.0
2016-06-28,13.0,13.14,12.78,13.03,11278795.0
2016-06-29,13.17,13.4,13.11,13.29,7424140.0
2016-06-30,13.4,13.4,12.98,13.28,8578715.0
2016-07-01,13.32,13.49,13.2,13.24,4086130.0
2016-07-05,13.15,13.18,12.95,13.05,7696070.0
2016-07-06,13.01,13.11,12.86,13.07,5859560.0
2016-07-07,13.11,13.14,12.95,13.0,6520240.0
2016-07-08,13.11,13.93,13.08,13.82,10481700.0
2016-07-11,13.88,14.06,13.76,13.77,5677545.0
2016-07-12,13.87,14.47,13.62,14.09,9289260.0
2016-07-13,14.36,14.55,14.01,14.03,9105655.0
2016-07-14,14.17,14.25,14.03,14.03,4213880.0
2016-07-15,14.29,14.33,14.07,14.2,6142195.0
2016-07-18,14.16,14.18,13.94,13.97,7148695.0
2016-07-19,13.97,14.18,13.93,14.0,4697630.0
2016-07-20,14.09,14.68,14.02,14.53,8779650.0
2016-07-21,14.48,14.59,14.12,14.21,6790365.0
2016-07-22,14.31,14.63,14.15,14.53,5669685.0
2016-07-25,14.57,14.84,14.52,14.71,6916080.0
2016-07-26,14.68,14.8,14.59,14.67,5580705.0
2016-07-27,14.8,15.0,14.5,14.6,10696815.0
2016-07-28,15.05,15.75,14.83,15.28,19959600.0
2016-07-29,15.16,15.18,14.69,14.98,12479270.0
2016-08-01,14.96,15.09,14.81,15.01,6431115.0
2016-08-02,14.92,14.96,14.34,14.65,10742255.0
2016-08-03,14.56,14.88,14.5,14.85,10052230.0
2016-08-04,14.77,15.01,14.77,14.99,8581580.0
2016-08-05,15.02,15.2,14.98,15.17,4416850.0
2016-08-08,15.0,15.13,14.93,14.99,5605235.0
2016-08-09,14.96,15.06,14.93,15.0,3665690.0
2016-08-10,15.0,15.02,14.85,14.91,3339525.0
2016-08-11,14.93,15.26,14.9,15.22,6324160.0
2016-08-12,15.11,15.16,14.99,15.15,5397840.0
2016-08-15,15.17,15.36,15.03,15.35,4308095.0
2016-08-16,15.28,15.3,14.9,14.9,4474910.0
2016-08-17,14.84,14.94,14.54,14.61,5829035.0
2016-08-18,14.65,14.73,14.5,14.61,5222595.0
2016-08-19,14.57,14.79,14.52,14.74,3681625.0
2016-08-22,14.73,14.74,14.25,14.28,6753470.0
2016-08-23,14.4,14.6,14.36,14.52,5035075.0
2016-08-24,14.49,14.69,14.49,14.55,5087615.0
2016-08-25,14.63,14.98,14.56,14.72,5087705.0
2016-08-26,14.68,14.82,14.58,14.7,3732205.0
2016-08-29,14.72,14.77,14.58,14.68,4424805.0
2016-08-30,14.66,14.75,14.62,14.69,4380660.0
2016-08-31,14.54,14.56,14.35,14.53,4784760.0
2016-09-01,14.43,14.82,14.39,14.8,7740355.0
2016-09-02,14.82,15.37,14.82,15.25,9946485.0
2016-09-06,15.35,15.6,15.2,15.54,10698780.0
2016-09-07,15.48,15.68,15.3,15.31,8611115.0
2016-09-08,15.28,15.33,14.99,15.08,5774635.0
2016-09-09,14.96,15.07,14.67,14.72,4222730.0
2016-09-12,14.64,14.94,14.54,14.91,3519760.0
2016-09-13,14.72,14.85,14.27,14.48,9986795.0
2016-09-14,14.49,14.66,14.4,14.51,6480415.0
2016-09-15,14.65,15.55,14.6,15.54,15420400.0
2016-09-16,15.41,15.67,15.36,15.46,10568330.0
2016-09-19,15.58,15.64,15.18,15.2,4619260.0
2016-09-20,15.08,15.22,14.96,15.06,5618050.0
2016-09-21,15.18,15.38,14.99,15.38,5728915.0
2016-09-22,15.49,15.63,15.38,15.58,7032055.0
2016-09-23,15.5,15.56,15.36,15.49,6027795.0
2016-09-26,15.43,15.45,15.28,15.35,4545640.0
2016-09-27,15.3,15.84,15.27,15.81,7532535.0
2016-09-28,15.82,16.06,15.82,15.95,9464815.0
2016-09-29,15.88,16.02,15.55,15.7,5144880.0
2016-09-30,15.75,15.94,15.61,15.83,7841810.0
2016-10-03,15.81,15.94,15.68,15.91,5283700.0
2016-10-04,15.92,15.97,15.69,15.86,7211445.0
2016-10-05,15.8,16.0,15.76,15.89,5433200.0
2016-10-06,15.9,15.98,15.59,15.68,5839840.0
2016-10-07,15.63,15.79,15.49,15.7,6467500.0
2016-10-10,15.81,16.1,15.81,16.01,5285570.0
2016-10-11,16.05,16.16,15.67,15.76,8374485.0
2016-10-12,15.33,15.41,14.6,15.05,16010440.0
2016-10-13,14.95,15.12,14.77,15.08,7448010.0
2016-10-14,15.23,15.29,15.01,15.12,7914525.0
2016-10-17,15.15,15.15,14.85,14.93,5165755.0
2016-10-18,15.28,15.59,15.12,15.23,5004650.0
2016-10-19,15.91,16.03,15.63,15.78,17410170.0
2016-10-20,15.73,15.8,15.64,15.77,7807045.0
2016-10-21,15.69,16.05,15.64,16.01,7276625.0
2016-10-24,16.08,16.32,16.03,16.2,10638100.0
2016-10-25,16.23,16.39,15.88,15.96,10585195.0
2016-10-26,15.9,16.0,15.72,15.78,11460125.0
2016-10-27,17.36,17.96,16.91,16.99,55561540.0
2016-10-28,17.04,17.48,16.92,17.22,15511595.0
2016-10-31,17.22,17.61,17.18,17.58,13955080.0
2016-11-01,17.49,17.51,17.18,17.38,12812410.0
2016-11-02,17.2,17.38,16.91,16.92,8233325.0
2016-11-03,16.91,17.02,16.71,16.78,8146500.0
2016-11-04,16.69,16.95,16.62,16.64,8154170.0
2016-11-07,17.0,17.16,16.88,17.02,7046515.0
2016-11-08,16.89,17.2,16.75,17.1,5680845.0
2016-11-09,16.8,17.21,16.67,17.0,6790550.0
2016-11-10,17.15,17.54,16.41,16.43,13004720.0
2016-11-11,16.31,16.57,16.1,16.53,9260205.0
2016-11-14,16.58,16.78,16.46,16.65,6796220.0
2016-11-15,16.69,17.24,16.64,17.12,8268715.0
2016-11-16,17.05,17.21,16.98,17.13,5328525.0
2016-11-17,17.27,17.43,17.1,17.37,4585625.0
2016-11-18,17.4,17.56,17.1,17.15,6241730.0
2016-11-21,17.16,17.4,17.15,17.31,7527395.0
2016-11-22,17.25,17.34,17.08,17.25,6724365.0
2016-11-23,17.19,17.53,17.19,17.41,6765090.0
2016-11-25,17.38,17.68,17.3,17.55,3594125.0
2016-11-28,17.54,17.68,16.91,16.96,9084195.0
2016-11-29,16.97,17.1,16.65,16.68,7811035.0
2016-11-30,16.85,16.95,16.53,16.63,7819930.0
2016-12-01,16.64,16.7,15.27,15.42,15621005.0
2016-12-02,14.57,15.34,14.56,15.31,15514445.0
2016-12-05,15.47,15.99,15.45,15.97,10865730.0
2016-12-06,15.97,16.0,15.69,15.92,8286455.0
2016-12-07,16.03,16.03,15.65,16.0,7070660.0
2016-12-08,16.08,16.16,15.9,16.02,6494580.0
2016-12-09,16.15,16.32,15.84,15.88,4515225.0
2016-12-12,15.73,15.77,15.35,15.58,8457705.0
2016-12-13,15.74,16.14,15.74,15.88,4320730.0
2016-12-14,15.92,15.93,15.72,15.79,5040690.0
2016-12-15,15.79,16.05,15.77,15.89,3708125.0
2016-12-16,15.89,15.98,15.45,15.57,6690345.0
2016-12-19,15.54,15.62,15.44,15.5,4874135.0
2016-12-20,15.62,15.7,15.44,15.66,4539795.0
2016-12-21,15.61,15.61,15.21,15.45,5095455.0
2016-12-22,15.38,15.41,14.83,14.91,6827930.0
2016-12-23,14.92,15.21,14.87,15.2,3030930.0
2016-12-27,15.2,15.48,15.2,15.38,2743820.0
2016-12-28,15.35,15.41,15.03,15.04,4891980.0
2016-12-29,15.03,15.12,14.84,14.99,3796440.0
2016-12-30,15.02,15.09,14.73,14.87,5258655.0
2017-01-03,15.06,15.4,14.93,15.13,5509060.0
2017-01-04,15.22,15.8,15.18,15.77,10076740.0
2017-01-05,15.74,15.93,15.67,15.83,7820100.0
2017-01-06,15.85,16.48,15.78,16.42,8432900.0
2017-01-09,16.36,16.51,16.26,16.4,6696260.0
2017-01-10,16.45,16.49,16.23,16.33,6344020.0
2017-01-11,16.25,16.98,16.25,16.78,10423505.0
2017-01-12,16.6,16.75,16.18,16.69,6989900.0
2017-01-13,16.76,16.8,16.53,16.71,3729165.0
2017-01-17,16.62,16.65,16.26,16.28,4399660.0
2017-01-18,16.6,16.87,16.54,16.57,7330570.0
2017-01-19,16.59,16.72,16.48,16.54,6510410.0
2017-01-20,16.62,16.85,16.62,16.68,6259345.0
2017-01-23,16.77,16.78,16.45,16.65,4943900.0
2017-01-24,16.77,16.92,16.43,16.79,7439050.0
2017-01-25,16.98,17.39,16.9,17.27,13431895.0
2017-01-26,18.4,18.6,17.88,17.9,21847055.0
2017-01-27,17.8,18.1,17.74,18.02,9904830.0
2017-01-30,17.92,18.07,17.6,18.02,7928250.0
2017-01-31,18.02,18.13,17.79,18.12,6634350.0
2017-02-01,18.23,18.23,17.88,17.94,14420780.0
2017-02-02,17.85,17.97,17.65,17.77,10628575.0
2017-02-03,17.87,18.0,17.82,17.89,12274040.0
2017-02-06,17.84,18.14,17.73,18.1,7208745.0
2017-02-07,18.16,18.23,18.07,18.13,8234290.0
2017-02-08,17.97,18.09,17.88,18.02,9436480.0
2017-02-09,18.03,18.46,18.0,18.46,9099890.0
2017-02-10,18.46,18.56,18.34,18.49,8239545.0
2017-02-13,18.44,18.5,18.3,18.35,4802625.0
2017-02-14,18.34,18.66,18.27,18.58,7112270.0
2017-02-15,18.49,18.94,18.47,18.79,7922335.0
2017-02-16,18.79,18.84,18.31,18.37,7055895.0
2017-02-17,18.37,18.59,18.25,18.55,5588800.0
2017-02-21,18.59,18.7,18.43,18.64,3088255.0
2017-02-22,18.54,18.73,18.43,18.6,2738330.0
2017-02-23,18.67,18.68,18.28,18.53,4160810.0
2017-02-24,18.32,18.48,18.13,18.36,5190865.0
2017-02-27,18.12,18.12,17.39,17.55,27963365.0
2017-02-28,17.4,17.66,17.36,17.38,10841725.0
2017-03-01,17.6,17.8,17.35,17.78,15828765.0
2017-03-02,17.82,17.83,17.25,17.27,7057070.0
2017-03-03,17.21,17.44,17.2,17.29,5947425.0
2017-03-06,17.19,17.35,17.11,17.25,7096050.0
2017-03-07,17.27,17.54,17.22,17.41,7392955.0
2017-03-08,17.46,17.65,17.4,17.46,3970170.0
2017-03-09,17.46,17.63,17.28,17.57,4465805.0
2017-03-10,17.65,17.72,17.38,17.61,4285455.0
2017-03-13,17.62,17.77,17.53,17.73,6464055.0
2017-03-14,17.7,17.72,17.34,17.49,5712945.0
2017-03-15,17.58,17.75,17.46,17.68,5103290.0
2017-03-16,17.76,17.87,17.7,17.76,4768110.0
2017-03-17,17.81,17.89,17.7,17.74,5051385.0
2017-03-20,17.7,17.79,17.55,17.62,3106605.0
2017-03-21,17.76,17.8,16.76,16.79,12050255.0
2017-03-22,16.77,17.04,16.69,17.01,7116750.0
2017-03-23,17.02,17.16,16.83,16.88,4300680.0
2017-03-24,17.01,17.14,16.86,16.96,4093245.0
2017-03-27,16.82,17.12,16.68,16.97,4534470.0
2017-03-28,17.08,17.27,16.97,17.2,4704080.0
2017-03-29,17.26,17.58,17.22,17.52,7192100.0
2017-03-30,17.49,17.54,17.36,17.39,3858955.0
2017-03-31,17.36,17.6,17.28,17.49,4553120.0
2017-04-03,17.52,17.67,17.08,17.24,6250115.0
2017-04-04,17.21,17.48,17.04,17.06,5885990.0
2017-04-05,17.19,17.54,17.08,17.13,7081700.0
2017-04-06,17.15,17.28,17.02,17.24,3367785.0
2017-04-07,17.18,17.31,17.1,17.2,3835195.0
2017-04-10,17.19,17.28,17.08,17.11,3357180.0
2017-04-11,17.07,17.2,16.96,17.08,4695140.0
2017-04-12,17.0,17.14,16.81,16.9,4371250.0
2017-04-13,16.87,17.04,16.87,16.93,5660740.0
2017-04-17,17.01,17.28,16.98,17.28,5591075.0
2017-04-18,17.2,17.53,17.19,17.52,6908685.0
2017-04-19,17.59,17.68,17.53,17.63,5973440.0
2017-04-20,17.7,17.7,17.49,17.65,6760060.0
2017-04-21,17.76,17.89,17.62,17.66,5382375.0
2017-04-24,17.9,17.93,17.67,17.88,6560060.0
2017-04-25,17.99,18.16,17.91,18.05,7088010.0
2017-04-26,18.09,18.24,17.81,18.18,14074250.0
2017-04-27,19.24,19.38,18.66,18.87,23451995.0
2017-04-28,18.86,19.06,18.59,18.9,11710645.0
2017-05-01,18.9,19.09,18.74,18.99,13706625.0
2017-05-02,18.96,19.02,18.75,18.99,5852010.0
2017-05-03,18.94,19.03,18.75,18.82,4911925.0
2017-05-04,18.92,19.26,18.83,19.2,7579790.0
2017-05-05,19.22,19.64,19.22,19.61,9090415.0
2017-05-08,19.53,19.82,19.43,19.58,10865580.0
2017-05-09,19.63,19.69,19.39,19.47,7931030.0
2017-05-10,19.44,19.51,19.27,19.29,6050210.0
2017-05-11,19.3,19.38,19.1,19.35,5500955.0
2017-05-12,19.36,19.47,19.2,19.38,4830305.0
2017-05-15,19.41,19.72,19.38,19.59,4462250.0
2017-05-16,19.75,20.04,19.56,20.04,9229810.0
2017-05-17,19.74,19.88,19.61,19.71,18151425.0
2017-05-18,19.58,19.82,19.47,19.79,14210295.0
2017-05-19,19.9,20.14,19.85,19.86,10658790.0
2017-05-22,19.96,20.45,19.95,20.34,10436975.0
2017-05-23,20.27,20.35,20.01,20.34,11691255.0
2017-05-24,20.51,20.78,20.37,20.6,28874635.0
2017-05-25,20.76,21.06,20.71,20.9,8853735.0
2017-05-26,20.87,21.35,20.71,21.21,14941175.0
2017-05-30,21.08,21.36,20.96,21.07,8061525.0
2017-05-31,21.07,21.16,20.76,20.93,11152905.0
2017-06-01,21.04,21.31,20.86,21.3,13130625.0
2017-06-02,21.31,21.51,21.15,21.46,7320415.0
2017-06-05,21.48,21.69,21.43,21.49,7989960.0
2017-06-06,21.42,21.73,21.38,21.57,7586220.0
2017-06-07,21.6,21.7,21.41,21.64,9670180.0
2017-06-08,21.63,21.96,21.55,21.94,9215535.0
2017-06-09,21.95,22.13,20.36,20.75,19295800.0
2017-06-12,20.43,20.74,19.9,20.46,22390500.0
2017-06-13,20.71,20.78,20.26,20.44,10357700.0
2017-06-14,20.55,20.83,20.15,20.43,10695315.0
2017-06-15,19.99,20.36,19.8,20.25,11746280.0
2017-06-16,20.32,20.44,20.14,20.24,7788685.0
2017-06-19,20.45,20.84,20.39,20.72,7759950.0
2017-06-20,20.77,21.06,20.56,20.6,9609950.0
2017-06-21,20.76,21.16,20.67,21.12,8674395.0
2017-06-22,21.19,21.62,20.93,21.39,11638280.0
2017-06-23,21.4,21.71,21.29,21.56,11648175.0
2017-06-26,21.58,21.76,21.36,21.67,11144835.0
2017-06-27,21.58,21.8,21.28,21.35,16778945.0
2017-06-28,21.49,21.83,21.34,21.76,13056265.0
2017-06-29,21.69,21.76,20.9,21.16,11831215.0
2017-06-30,21.23,21.34,20.96,21.2,7697650.0
2017-07-03,21.31,21.31,20.64,20.72,6049375.0
2017-07-05,20.87,21.13,20.83,21.02,8791540.0
2017-07-06,20.81,21.14,20.76,20.91,8323690.0
2017-07-07,20.91,21.37,20.91,21.26,7931100.0
2017-07-10,21.36,21.69,21.26,21.64,6907325.0
2017-07-11,21.55,22.0,21.44,21.84,8169210.0
2017-07-12,22.0,22.6,21.92,22.45,8782425.0
2017-07-13,22.54,22.59,22.22,22.25,7727930.0
2017-07-14,21.78,22.14,21.61,22.08,15446380.0
2017-07-17,22.15,22.24,21.86,22.0,9646590.0
2017-07-18,21.97,22.21,21.85,22.16,8366585.0
2017-07-19,22.2,22.34,22.02,22.02,7508015.0
2017-07-20,22.03,22.13,21.81,21.97,8171425.0
2017-07-21,21.98,21.99,21.52,21.64,10758135.0
2017-07-24,21.68,21.7,21.46,21.59,11242335.0
2017-07-25,21.62,21.64,21.36,21.56,9521685.0
2017-07-26,21.59,22.02,21.57,21.94,14372520.0
2017-07-27,22.76,23.17,21.64,22.11,25256835.0
2017-07-28,21.96,22.33,21.78,22.33,10417085.0
2017-07-31,22.37,22.47,21.79,22.09,10278360.0
2017-08-01,22.18,22.35,22.02,22.15,7785105.0
2017-08-02,22.17,22.18,21.18,21.43,9724925.0
2017-08-03,21.45,21.56,21.19,21.42,7831030.0
2017-08-04,21.48,21.96,21.42,21.94,8902880.0
2017-08-07,21.93,21.95,21.69,21.75,5048070.0
2017-08-08,21.64,21.69,21.42,21.54,4011095.0
2017-08-09,21.37,21.57,21.33,21.47,4471260.0
2017-08-10,21.35,21.4,20.6,20.88,8534405.0
2017-08-11,20.99,21.37,20.85,21.21,4785235.0
2017-08-14,21.37,21.71,21.26,21.58,4865010.0
2017-08-15,21.55,21.67,21.34,21.46,4601685.0
2017-08-16,21.58,21.97,21.51,21.9,4497625.0
2017-08-17,21.81,21.94,21.35,21.37,6226135.0
2017-08-18,21.37,21.73,21.25,21.45,4898920.0
2017-08-21,21.4,21.79,21.4,21.76,5572045.0
2017-08-22,21.8,22.15,21.77,22.08,6249910.0
2017-08-23,21.86,22.2,21.77,21.97,4871165.0
2017-08-24,22.01,22.19,21.92,22.13,3641940.0
2017-08-25,22.19,22.54,22.09,22.12,5989655.0
2017-08-28,22.2,22.42,21.94,22.38,5966845.0
2017-08-29,22.12,22.44,22.03,22.35,5031930.0
2017-08-30,22.32,23.16,22.32,22.85,6521795.0
2017-08-31,22.91,23.31,22.9,23.24,7328170.0
2017-09-01,23.26,23.3,22.91,23.1,4792075.0
2017-09-05,23.12,23.28,22.88,23.23,5135980.0
2017-09-06,23.28,23.34,22.82,22.94,5558545.0
2017-09-07,23.07,23.73,23.07,23.56,7939960.0
2017-09-08,23.52,23.73,23.28,23.28,6234420.0
2017-09-11,23.54,23.73,23.48,23.53,8451690.0
2017-09-12,23.59,23.63,23.03,23.25,6618365.0
2017-09-13,23.23,23.38,23.14,23.21,5126685.0
2017-09-14,23.1,23.34,22.9,23.19,7967275.0
2017-09-15,23.3,23.37,22.95,23.22,5008095.0
2017-09-18,23.33,23.53,23.19,23.3,5638750.0
2017-09-19,23.37,23.39,23.19,23.34,6193330.0
2017-09-20,23.3,23.35,22.84,23.08,5431235.0
2017-09-21,23.06,23.13,22.79,23.0,4287320.0
2017-09-22,22.95,23.23,22.94,23.16,3152830.0
2017-09-25,23.16,23.17,22.28,22.37,6665595.0
2017-09-26,22.58,22.59,22.03,22.36,7648470.0
2017-09-27,22.5,23.32,22.49,23.1,8856905.0
2017-09-28,23.04,23.34,22.94,23.33,5225785.0
2017-09-29,23.36,23.56,23.24,23.51,5728265.0
2017-10-02,23.53,23.69,23.24,23.36,7558730.0
2017-10-03,23.36,23.66,23.29,23.57,3633980.0
2017-10-04,23.63,23.65,23.33,23.61,3300855.0
2017-10-05,23.66,23.89,23.42,23.88,4759630.0
2017-10-06,23.75,24.35,23.71,24.35,6429895.0
2017-10-09,24.37,24.49,24.17,24.27,5658855.0
2017-10-10,24.38,24.41,24.03,24.19,3940585.0
2017-10-11,24.17,24.21,23.85,24.14,4060900.0
2017-10-12,24.08,24.48,24.08,24.39,7205195.0
2017-10-13,24.58,24.63,24.34,24.46,4132475.0
2017-10-16,24.45,24.53,24.27,24.28,4173755.0
2017-10-17,24.31,24.56,24.2,24.55,5421150.0
2017-10-18,24.63,24.72,24.13,24.15,5669780.0
2017-10-19,24.1,24.17,23.79,24.16,5332025.0
2017-10-20,24.28,24.97,24.17,24.96,8964835.0
2017-10-23,25.8,25.91,24.68,24.8,9234105.0
2017-10-24,24.9,25.26,24.65,25.18,10271220.0
2017-10-25,25.29,25.55,24.86,24.92,15999315.0
2017-10-26,24.0,25.47,23.7,25.23,21458290.0
2017-10-27,25.2,25.36,24.58,25.15,13148520.0
2017-10-30,25.06,25.17,24.79,25.01,5659930.0
2017-10-31,25.0,25.36,24.95,25.27,7287325.0
2017-11-01,25.53,25.53,24.64,24.9,5687430.0
2017-11-02,24.78,25.0,24.53,24.87,4324435.0
2017-11-03,24.85,25.09,24.63,24.98,5754915.0
2017-11-06,25.1,25.2,24.89,24.95,3886920.0
2017-11-07,25.0,25.17,24.75,25.11,5155605.0
2017-11-08,25.07,25.59,24.86,25.52,8199245.0
2017-11-09,25.48,25.48,24.82,25.11,4548610.0
2017-11-10,25.03,25.26,25.01,25.2,4792385.0
2017-11-13,24.92,25.05,24.69,25.01,4468940.0
2017-11-14,24.97,25.04,24.75,24.9,4770970.0
2017-11-15,24.66,24.98,24.4,24.66,3112000.0
2017-11-16,24.71,25.27,24.7,25.14,5752530.0
2017-11-17,25.17,25.53,25.08,25.51,5621860.0
2017-11-20,25.51,25.9,25.5,25.53,4997095.0
2017-11-21,25.64,26.01,25.57,25.61,8782445.0
2017-11-22,25.58,25.77,25.46,25.49,2651475.0
2017-11-24,25.63,25.76,25.6,25.66,2530815.0
2017-11-27,25.7,25.75,25.31,25.4,4162040.0
2017-11-28,25.38,25.41,25.06,25.33,5527670.0
2017-11-29,25.17,25.35,24.07,24.12,13544035.0
2017-11-30,24.2,24.74,24.03,24.6,8037445.0
2017-12-01,24.51,24.76,24.21,24.53,6198885.0
2017-12-04,24.72,24.73,22.67,22.72,19875775.0
2017-12-05,22.63,23.88,22.57,23.24,11018670.0
2017-12-06,23.09,23.63,22.96,23.55,8290085.0
2017-12-07,23.57,24.28,23.47,24.2,9115905.0
2017-12-08,24.42,24.77,24.31,24.36,5124795.0
2017-12-11,24.51,24.73,24.45,24.62,12734780.0
2017-12-12,24.53,24.63,24.03,24.2,11083720.0
2017-12-13,24.33,24.7,24.33,24.67,7279765.0
2017-12-14,24.77,25.24,24.72,25.23,9473805.0
2017-12-15,25.3,25.9,25.17,25.9,9554715.0
2017-12-18,26.12,26.22,26.03,26.14,11465820.0
2017-12-19,26.01,26.13,25.74,25.99,11487425.0
2017-12-20,26.04,26.1,25.62,25.8,7565985.0
2017-12-21,25.84,25.95,25.7,25.79,8353040.0
2017-12-22,25.75,25.87,25.57,25.84,5650345.0
2017-12-26,25.79,25.98,25.65,25.86,3729230.0
2017-12-27,25.91,26.18,25.81,26.05,4205610.0
2017-12-28,26.16,26.18,25.93,26.14,4866920.0
2017-12-29,26.11,26.25,26.03,26.08,3380205.0
2018-01-02,26.2,26.47,26.03,26.35,6413560.0
2018-01-03,26.4,26.65,26.35,26.58,7904355.0
2018-01-04,26.78,27.02,26.76,26.77,6809395.0
2018-01-05,26.99,27.03,26.78,27.0,5915150.0
2018-01-08,27.05,27.22,26.97,27.06,6687500.0
2018-01-09,27.13,27.28,26.92,27.09,6529195.0
2018-01-10,26.99,27.28,26.87,27.25,9518390.0
2018-01-11,27.32,27.56,27.25,27.52,7578620.0
2018-01-12,27.53,27.81,27.42,27.64,5998295.0
2018-01-16,28.33,28.33,27.84,27.96,15751320.0
2018-01-17,28.17,28.19,27.8,28.16,8876845.0
2018-01-18,28.15,28.3,28.0,28.23,6463840.0
2018-01-19,28.25,28.5,28.2,28.45,8026100.0
2018-01-22,28.45,28.82,28.35,28.78,6897665.0
2018-01-23,28.92,29.0,28.71,28.89,6872040.0
2018-01-24,28.88,29.33,28.87,29.09,7166415.0
2018-01-25,29.38,29.38,29.08,29.11,6103720.0
2018-01-26,29.4,29.96,29.28,29.95,7372975.0
2018-01-29,29.92,30.17,29.37,29.42,12074195.0
2018-01-30,29.21,29.49,29.13,29.32,11851115.0
2018-01-31,29.74,30.02,29.55,29.77,14406745.0
2018-02-01,30.35,31.31,30.27,30.56,21153755.0
2018-02-02,30.1,30.39,29.47,29.95,14133790.0
2018-02-05,29.46,31.4,29.09,29.48,18943590.0
2018-02-06,28.98,29.88,28.7,29.8,14815515.0
2018-02-07,29.8,30.81,29.61,30.63,12314080.0
2018-02-08,30.6,30.7,28.02,28.02,18686590.0
2018-02-09,28.43,29.35,27.52,29.03,14181100.0
2018-02-12,29.38,29.72,29.05,29.45,8074680.0
2018-02-13,29.21,29.66,29.11,29.51,7157635.0
2018-02-14,29.45,29.8,29.26,29.55,9260560.0
2018-02-15,29.79,30.56,29.56,30.51,9406665.0
2018-02-16,30.39,31.24,30.24,30.81,9523490.0
2018-02-20,30.58,31.63,30.41,31.35,8776615.0
2018-02-21,31.27,32.15,31.26,31.52,9620605.0
2018-02-22,31.56,31.86,31.14,31.21,5851275.0
2018-02-23,31.37,32.13,31.37,32.08,5179185.0
2018-02-26,32.16,32.53,31.93,32.11,6025700.0
2018-02-27,32.25,32.85,32.15,32.67,9989465.0
2018-02-28,32.65,33.14,32.17,32.2,9673815.0
2018-03-01,32.52,32.85,31.58,31.91,10009285.0
2018-03-02,31.73,33.42,31.5,33.33,10948810.0
2018-03-05,32.95,33.84,32.76,33.66,10235320.0
2018-03-06,33.88,34.38,33.68,34.21,13674955.0
2018-03-07,33.89,34.84,33.88,34.61,8272420.0
2018-03-08,34.94,35.13,34.48,34.6,9256760.0
2018-03-09,34.87,35.0,34.49,34.55,11799380.0
2018-03-12,34.55,35.18,34.31,34.89,10601545.0
2018-03-13,35.2,35.2,34.43,34.79,9212955.0
2018-03-14,35.07,35.31,34.7,35.07,7013995.0
2018-03-15,35.14,35.2,34.18,34.77,8286375.0
2018-03-16,34.96,35.0,33.81,34.0,12212125.0
2018-03-19,33.96,34.56,33.48,33.96,9873990.0
2018-03-20,33.97,34.67,33.85,34.42,15006400.0
2018-03-21,34.4,35.24,34.3,34.64,9502005.0
2018-03-22,34.27,34.57,33.6,33.75,8221740.0
2018-03-23,33.8,34.13,32.9,32.95,10029550.0
2018-03-26,33.71,34.41,33.56,34.29,10211660.0
2018-03-27,34.64,34.68,32.27,32.56,10192480.0
2018-03-28,32.6,32.8,31.43,31.94,15395645.0
2018-03-29,32.2,33.49,32.05,33.09,11307485.0
2018-04-02,32.89,33.17,31.85,32.32,9501440.0
2018-04-03,33.32,33.59,32.01,32.35,9089550.0
2018-04-04,31.3,33.0,31.2,32.94,10302195.0
2018-04-05,33.36,33.63,32.92,33.15,8813435.0
2018-04-06,32.79,33.38,32.25,32.59,5887520.0
2018-04-09,32.91,33.27,32.53,32.58,6185840.0
2018-04-10,33.25,33.49,32.43,33.32,9170765.0
2018-04-11,33.02,33.65,32.89,33.3,11262800.0
2018-04-12,33.31,34.03,33.31,33.71,7774485.0
2018-04-13,34.0,34.26,32.96,33.38,6710135.0
2018-04-16,33.7,34.14,33.45,33.89,6228470.0
2018-04-17,34.2,35.01,34.2,34.91,8504455.0
2018-04-18,35.08,35.11,34.24,34.86,8294385.0
2018-04-19,34.72,34.87,34.18,34.6,7627685.0
2018-04-20,34.25,34.51,33.59,33.78,9305645.0
2018-04-23,33.93,34.05,33.32,33.5,9631965.0
2018-04-24,33.84,33.92,31.63,32.13,15881300.0
2018-04-25,32.49,32.56,31.45,31.6,20523025.0
2018-04-26,32.0,33.52,31.24,33.03,19007660.0
2018-04-27,33.36,33.42,32.07,32.64,11201340.0
2018-04-30,32.64,33.38,32.64,33.23,9452805.0
2018-05-01,33.07,33.35,32.65,33.08,7098660.0
2018-05-02,32.91,33.58,32.84,33.1,6267205.0
2018-05-03,33.16,33.91,32.98,33.75,9725620.0
2018-05-04,33.74,34.62,33.49,34.24,9214145.0
2018-05-07,34.42,35.38,34.37,35.2,10818090.0
2018-05-08,34.52,35.23,34.15,35.21,15787080.0
2018-05-09,35.45,36.2,35.17,36.01,11145695.0
2018-05-10,36.23,36.52,35.71,35.8,15408310.0
2018-05-11,35.84,36.01,35.46,35.77,7637000.0
2018-05-14,35.77,35.9,34.7,34.75,9031750.0
2018-05-15,34.32,34.91,33.76,34.68,8744870.0
2018-05-16,34.6,34.8,34.0,34.23,8031070.0
2018-05-17,34.23,34.39,33.85,34.34,7221410.0
2018-05-18,34.35,34.91,34.3,34.79,5957385.0
2018-05-21,35.03,35.47,34.12,34.29,5417995.0
2018-05-22,34.47,34.57,33.62,34.05,5963330.0
2018-05-23,33.91,34.81,33.74,34.79,6162320.0
2018-05-24,34.79,35.34,34.58,35.1,7757035.0
2018-05-25,35.04,35.5,34.94,35.34,6705485.0
2018-05-29,35.2,35.48,34.92,35.26,7035120.0
2018-05-30,35.55,35.97,35.2,35.69,11109490.0
2018-05-31,35.62,36.28,35.44,35.52,10012900.0
2018-06-01,35.81,36.31,35.46,36.3,6384375.0
2018-06-04,36.51,36.89,36.24,36.7,7708130.0
2018-06-05,36.84,37.39,36.8,37.22,7628655.0
2018-06-06,37.31,37.48,37.07,37.28,7050840.0
2018-06-07,37.4,37.4,34.86,35.49,14267205.0
2018-06-08,35.54,36.0,35.24,35.64,10090285.0
2018-06-11,35.69,36.1,35.41,36.02,5956585.0
2018-06-12,36.09,36.51,35.96,36.37,7102350.0
2018-06-13,36.6,36.79,35.89,36.25,6979225.0
2018-06-14,36.52,37.45,36.5,37.07,13087080.0
2018-06-15,36.99,37.32,36.25,37.27,8586860.0
2018-06-18,37.07,37.34,36.6,37.28,6996825.0
2018-06-19,36.72,36.85,35.86,36.72,7517975.0
2018-06-20,37.0,37.72,36.89,36.95,8593450.0
2018-06-21,37.0,37.31,35.99,36.05,6499395.0
2018-06-22,35.77,35.77,34.5,35.34,12079075.0
2018-06-25,34.89,35.0,33.89,34.28,9616815.0
2018-06-26,34.42,34.83,34.01,34.17,7531470.0
2018-06-27,34.44,35.15,33.47,33.59,9713355.0
2018-06-28,33.57,34.76,33.5,34.48,7447995.0
2018-06-29,34.8,35.05,34.31,34.49,5265540.0
2018-07-02,34.32,35.54,34.08,35.52,8400275.0
2018-07-03,35.58,35.87,35.31,35.44,3785560.0
2018-07-05,35.64,36.09,35.57,35.89,6202905.0
2018-07-06,35.88,36.66,35.73,36.43,3928775.0
2018-07-09,36.65,37.05,36.22,36.97,7467500.0
2018-07-10,37.05,37.3,36.68,37.12,6107240.0
2018-07-11,36.67,37.64,36.67,37.44,6855040.0
2018-07-12,37.77,38.96,37.75,38.93,11061535.0
2018-07-13,38.66,38.8,37.85,38.21,9482570.0
2018-07-16,38.39,38.4,37.66,37.82,6547715.0
2018-07-17,37.39,38.33,36.84,38.24,6686340.0
2018-07-18,38.4,38.8,38.02,38.4,7701790.0
2018-07-19,38.31,38.55,37.9,38.01,4765925.0
2018-07-20,38.2,38.71,38.1,38.22,7199125.0
2018-07-23,38.04,38.27,37.32,38.1,8187270.0
2018-07-24,38.39,38.44,36.69,36.98,13718885.0
2018-07-25,36.91,37.47,36.67,36.77,18478270.0
2018-07-26,36.3,38.93,36.3,38.46,18939420.0
2018-07-27,38.41,38.5,35.67,36.79,16435200.0
2018-07-30,36.8,36.99,35.71,35.76,12196805.0
2018-07-31,35.85,36.0,34.87,35.19,15314395.0
2018-08-01,35.32,36.12,35.2,35.59,9885730.0
2018-08-02,35.4,36.61,35.36,36.57,9165840.0
2018-08-03,36.72,36.73,35.75,36.18,6409380.0
2018-08-06,36.22,36.99,36.22,36.93,5734940.0
2018-08-07,37.0,37.41,36.84,37.15,5240610.0
2018-08-08,37.06,37.44,36.47,37.23,4212880.0
2018-08-09,37.36,38.13,37.24,37.67,6053325.0
2018-08-10,37.27,38.0,37.09,37.49,4149110.0
2018-08-13,37.4,37.83,36.97,37.0,4361980.0
2018-08-14,37.22,37.37,36.35,36.9,6433455.0
2018-08-15,37.0,37.49,36.12,36.55,6305380.0
2018-08-16,36.87,36.9,36.35,36.41,3749625.0
2018-08-17,36.4,36.63,35.76,36.17,8280140.0
2018-08-20,36.03,36.38,35.83,36.27,8308300.0
2018-08-21,36.48,36.97,36.36,36.42,7775565.0
2018-08-22,36.32,36.73,36.22,36.48,10250880.0
2018-08-23,36.43,37.25,36.36,36.97,7606235.0
2018-08-24,37.22,38.95,37.06,38.71,13825060.0
2018-08-27,38.8,39.33,38.44,38.65,8557950.0
2018-08-28,38.76,38.95,38.3,38.85,5935170.0
2018-08-29,38.85,40.2,38.85,40.05,14973900.0
2018-08-30,39.9,40.01,39.29,39.69,9026095.0
2018-08-31,39.6,39.89,39.07,39.27,6126440.0
2018-09-04,39.19,40.13,39.06,40.05,8463895.0
2018-09-05,40.0,40.0,37.66,38.15,13524195.0
2018-09-06,38.38,38.87,37.85,38.64,9206265.0
2018-09-07,38.59,39.7,38.27,39.4,8158500.0
2018-09-10,39.98,39.98,39.1,39.8,10738280.0
2018-09-11,39.6,40.54,39.45,39.9,8825035.0
2018-09-12,39.97,40.67,39.06,40.55,8026615.0
2018-09-13,40.8,41.26,40.61,40.92,7362845.0
2018-09-14,40.82,41.07,40.43,40.59,6127710.0
2018-09-17,40.38,40.39,38.53,38.56,11567080.0
2018-09-18,38.6,39.16,38.31,38.38,11477580.0
2018-09-19,38.32,38.52,36.55,37.2,19650105.0
2018-09-20,37.4,37.79,36.85,37.47,14418940.0
2018-09-21,37.67,38.11,37.56,37.94,14403685.0
2018-09-24,37.76,38.81,37.13,38.62,10323995.0
2018-09-25,38.86,39.69,38.79,39.52,10529945.0
2018-09-26,39.52,39.78,38.94,39.14,6661285.0
2018-09-27,39.21,39.5,38.76,39.02,5598720.0
2018-09-28,38.92,39.56,38.91,39.13,6025180.0
2018-10-01,39.45,39.85,38.73,38.92,6692740.0
2018-10-02,39.13,39.19,38.47,38.58,6585045.0
2018-10-03,38.86,39.66,38.45,39.24,7911990.0
2018-10-04,39.09,39.1,36.92,37.49,17445290.0
2018-10-05,37.42,38.02,36.33,37.32,11224930.0
2018-10-08,36.88,37.16,35.45,36.05,13128160.0
2018-10-09,35.98,37.46,35.82,36.28,11989690.0
2018-10-10,36.09,36.17,34.36,34.43,17718595.0
2018-10-11,34.57,35.64,34.43,34.99,17547415.0
2018-10-12,36.46,37.61,36.06,36.89,14700820.0
2018-10-15,36.83,36.85,35.92,36.18,7313640.0
2018-10-16,37.04,38.67,36.93,38.54,13974170.0
2018-10-17,38.62,38.64,37.69,38.05,9551390.0
2018-10-18,37.83,38.31,36.4,37.04,11188715.0
2018-10-19,37.29,37.53,35.33,35.43,11299525.0
2018-10-22,35.78,36.19,34.88,35.77,13661385.0
2018-10-23,34.84,36.93,34.57,36.36,15125395.0
2018-10-24,36.36,36.76,33.93,34.04,18969355.0
2018-10-25,34.68,35.0,32.44,34.53,25767955.0
2018-10-26,32.96,34.43,32.49,33.35,15626240.0
2018-10-29,34.46,34.7,32.13,32.85,12688830.0
2018-10-30,32.0,33.8,31.52,33.7,15656620.0
2018-10-31,34.86,37.02,34.86,36.21,20065260.0
2018-11-01,36.21,36.86,35.41,36.75,7692455.0
2018-11-02,37.0,37.27,35.67,35.76,7635275.0
2018-11-05,35.8,36.15,35.34,36.08,6937725.0
2018-11-06,35.9,36.5,35.25,35.47,5925595.0
2018-11-07,36.47,38.81,36.16,38.17,14972390.0
2018-11-08,38.0,38.32,37.04,37.23,8922260.0
2018-11-09,36.85,36.85,34.78,35.52,11029905.0
2018-11-12,35.04,35.4,33.3,34.47,13335475.0
2018-11-13,34.87,34.97,33.42,33.73,10721140.0
2018-11-14,34.25,34.53,33.37,33.48,7215640.0
2018-11-15,33.33,34.71,33.33,34.59,8012445.0
2018-11-16,34.15,34.78,33.85,34.22,5546380.0
2018-11-19,33.91,33.97,31.22,31.36,15973625.0
2018-11-20,29.64,32.26,29.53,31.45,20491210.0
2018-11-21,32.1,32.6,31.53,31.83,9108370.0
2018-11-23,31.31,32.35,31.3,32.13,2887855.0
2018-11-26,32.82,33.65,32.14,33.45,8732950.0
2018-11-27,32.92,33.35,32.42,33.15,7455295.0
2018-11-28,34.25,35.67,34.08,35.57,15560880.0
2018-11-29,35.25,36.36,35.07,35.82,8717670.0
2018-11-30,35.93,37.25,35.7,37.05,15722750.0
2018-12-03,38.41,38.43,36.92,37.62,12039990.0
2018-12-04,37.15,37.74,35.64,36.17,12722715.0
2018-12-06,35.18,37.56,34.8,37.52,13392700.0
2018-12-07,37.39,37.93,35.85,36.48,8745745.0
2018-12-10,36.2,37.55,36.2,36.98,7837425.0
2018-12-11,37.83,37.84,36.34,36.68,11123310.0
2018-12-12,37.4,38.27,37.19,37.53,11448345.0
2018-12-13,37.88,38.15,37.07,37.63,7218720.0
2018-12-14,36.91,37.52,36.29,36.4,8317410.0
2018-12-17,36.03,36.03,34.1,34.29,11578465.0
2018-12-18,34.68,35.12,34.14,34.71,8412520.0
2018-12-19,34.93,36.23,34.23,34.81,10699765.0
2018-12-20,34.34,34.96,32.0,33.98,15992165.0
2018-12-21,34.0,34.1,32.09,32.4,13998420.0
2018-12-24,31.76,32.76,31.6,31.78,4482100.0
2018-12-26,31.94,33.93,31.94,33.9,15254290.0
2018-12-27,33.37,35.65,33.3,35.64,14687735.0
2018-12-28,35.92,36.82,35.14,36.07,12210660.0
2018-12-31,36.58,36.65,35.36,35.61,8277370.0
2019-01-02,34.82,36.09,34.49,35.66,12807665.0
2019-01-03,35.02,35.6,33.69,33.82,12346210.0
2019-01-04,34.6,36.3,34.33,35.85,10979400.0
2019-01-07,36.15,37.6,35.88,37.33,9125325.0
2019-01-08,37.95,38.33,36.91,37.62,8046000.0
2019-01-09,37.05,38.26,37.05,38.09,10479960.0
2019-01-10,37.78,38.19,37.51,38.0,8188870.0
2019-01-11,37.62,38.39,37.21,38.34,8230075.0
2019-01-14,37.57,38.22,37.39,37.68,9055665.0
2019-01-15,37.89,38.06,37.52,37.67,12589260.0
2019-01-16,37.9,38.56,37.49,37.92,7255105.0
2019-01-17,37.37,37.89,37.04,37.31,10746780.0
2019-01-18,37.95,38.29,37.33,38.02,9653155.0
2019-01-22,37.62,37.94,36.96,37.14,7532185.0
2019-01-23,37.5,37.96,36.58,36.79,7926725.0
2019-01-24,36.85,37.49,36.49,37.14,6759115.0
2019-01-25,37.52,38.25,37.47,38.22,7129100.0
2019-01-28,37.61,38.03,37.3,37.59,9652170.0
2019-01-29,37.64,37.76,36.8,36.96,8167645.0
2019-01-30,37.44,38.84,37.4,38.8,21257445.0
2019-01-31,42.04,45.68,42.0,44.0,55998265.0
2019-02-01,43.72,44.37,43.36,44.3,17760360.0
2019-02-04,44.17,45.18,44.02,45.03,17998710.0
2019-02-05,45.4,45.88,45.07,45.67,9524330.0
2019-02-06,45.6,45.9,44.66,45.11,8314430.0
2019-02-07,44.81,45.61,44.42,45.39,7397510.0
2019-02-08,45.08,45.76,44.53,45.71,8018935.0
2019-02-11,45.98,46.45,45.41,45.8,9682115.0
2019-02-12,46.12,47.36,46.1,46.93,11831055.0
2019-02-13,47.0,47.5,46.33,46.39,8388045.0
2019-02-14,46.29,47.17,46.15,46.81,6523615.0
2019-02-15,47.0,47.34,46.48,46.98,7129255.0
2019-02-19,46.7,47.09,46.4,46.92,7172325.0
2019-02-20,47.0,47.1,45.57,45.9,11735200.0
2019-02-21,45.74,46.25,45.3,46.0,6588105.0
2019-02-22,46.06,47.23,46.06,47.0,9904395.0
2019-02-25,47.5,47.89,47.12,47.4,8060355.0
2019-02-26,47.17,47.39,46.69,47.24,5921235.0
2019-02-27,47.16,48.17,47.07,48.06,11071080.0
2019-02-28,48.03,48.29,47.55,47.89,9464600.0
2019-03-01,48.46,48.87,47.86,48.7,10279530.0
2019-03-04,48.92,49.07,45.73,47.39,22077310.0
2019-03-05,47.51,47.51,46.41,47.2,9700995.0
2019-03-06,47.09,47.49,46.36,46.62,6074080.0
2019-03-07,46.47,47.36,46.22,46.67,7886910.0
2019-03-08,45.86,46.81,45.34,46.79,7637980.0
2019-03-11,47.1,48.02,47.03,47.97,9959635.0
2019-03-12,48.03,48.2,47.36,47.74,8468670.0
2019-03-13,48.11,48.68,47.91,48.08,9427715.0
2019-03-14,48.81,48.93,48.26,48.32,9734080.0
2019-03-15,48.27,48.65,48.04,48.38,10268750.0
2019-03-18,48.51,49.19,48.03,48.2,12057780.0
2019-03-19,48.45,48.83,48.07,48.39,10956500.0
2019-03-20,48.6,49.46,47.96,48.92,6054150.0
2019-03-21,48.74,50.33,48.74,50.19,7660460.0
2019-03-22,49.8,50.1,48.21,48.24,10074695.0
2019-03-25,47.76,48.6,47.32,48.34,7765935.0
2019-03-26,49.01,49.45,48.64,49.0,6755645.0
2019-03-27,48.96,48.96,47.12,48.27,7893900.0
2019-03-28,48.75,49.17,48.15,48.67,5847620.0
2019-03-29,49.3,49.43,48.67,49.3,6949545.0
2019-04-01,50.0,50.07,48.76,49.15,9067015.0
2019-04-02,49.15,49.4,48.56,49.36,7401590.0
2019-04-03,49.78,49.78,48.86,49.43,5233940.0
2019-04-04,49.27,49.28,46.03,47.41,14712160.0
2019-04-05,47.73,48.02,47.05,47.4,5885680.0
2019-04-08,47.28,47.88,46.7,47.44,7239865.0
2019-04-09,47.03,48.06,47.03,47.75,6804000.0
2019-04-10,48.1,49.12,48.0,48.73,6207645.0
2019-04-11,49.0,49.24,48.42,49.15,5214235.0
2019-04-12,49.4,49.55,48.75,48.86,4987470.0
2019-04-15,48.81,49.28,48.49,48.76,6494960.0
2019-04-16,49.2,49.22,47.77,47.96,5654115.0
2019-04-17,48.3,48.4,46.86,47.25,12429025.0
2019-04-18,46.88,47.78,46.43,47.48,14684145.0
2019-04-22,47.2,48.71,47.2,48.53,6256810.0
2019-04-23,48.65,49.47,48.22,48.71,10289930.0
2019-04-24,49.0,49.08,48.21,48.54,13600080.0
2019-04-25,52.34,53.85,51.64,52.14,23886910.0
2019-04-26,52.0,53.57,51.42,53.42,11083445.0
2019-04-29,53.42,54.69,53.42,54.34,10130885.0
2019-04-30,54.2,54.76,53.75,54.3,7613585.0
2019-05-01,54.63,54.63,53.66,54.08,7643575.0
2019-05-02,52.97,54.0,52.07,52.53,16058775.0
2019-05-03,53.14,53.86,52.85,53.7,8265135.0
2019-05-06,52.1,54.19,51.5,53.95,6276850.0
2019-05-07,53.4,53.78,52.01,52.96,7827845.0
2019-05-08,52.8,53.68,52.17,53.2,6314755.0
2019-05-09,52.47,54.36,52.06,54.1,8549305.0
2019-05-10,53.7,55.04,53.3,54.98,8772190.0
2019-05-13,53.38,54.23,51.85,52.02,13880045.0
2019-05-14,52.67,54.59,52.64,54.41,10234280.0
2019-05-15,54.0,55.28,53.91,54.79,6419475.0
2019-05-16,54.8,56.35,54.8,55.59,21064950.0
2019-05-17,55.14,55.46,54.32,54.6,8609170.0
2019-05-20,53.39,54.1,52.71,53.02,12072895.0
2019-05-21,53.94,54.6,53.55,54.24,5394280.0
2019-05-22,54.01,55.3,53.97,54.68,3879435.0
2019-05-23,54.33,54.33,52.78,52.96,7292340.0
2019-05-24,53.35,53.89,53.01,53.79,5908965.0
2019-05-28,53.82,54.42,52.95,53.33,7224530.0
2019-05-29,52.78,53.66,52.3,52.84,5638180.0
2019-05-30,53.0,53.08,52.24,52.52,6524695.0
2019-05-31,51.86,53.09,51.5,52.39,6096890.0
2019-06-03,52.4,52.66,49.2,49.68,14111540.0
2019-06-04,50.23,51.61,49.5,51.51,7612805.0
2019-06-05,52.47,52.78,51.26,52.65,9135645.0
2019-06-06,52.65,53.94,52.36,53.7,4751980.0
2019-06-07,54.2,55.34,54.2,54.91,8462625.0
2019-06-10,55.87,56.11,55.12,55.17,6243905.0
2019-06-11,55.97,55.97,52.79,53.26,7334900.0
2019-06-12,53.2,54.07,52.87,53.58,4888950.0
2019-06-13,53.64,54.82,53.64,54.76,5906775.0
2019-06-14,54.75,55.12,54.01,54.45,5077445.0
2019-06-17,54.74,55.28,54.34,54.91,4941790.0
2019-06-18,55.66,57.01,55.66,56.53,10049750.0
2019-06-19,56.84,57.17,56.21,57.1,7409120.0
2019-06-20,58.03,58.6,57.29,57.76,8664490.0
2019-06-21,57.5,58.17,57.13,57.15,8226775.0
2019-06-24,57.57,57.68,56.19,56.5,7712235.0
2019-06-25,56.63,56.63,54.61,55.07,7936150.0
2019-06-26,55.54,57.04,54.77,55.07,6552025.0
2019-06-27,55.47,56.16,55.24,55.7,5719905.0
2019-06-28,55.56,56.04,54.91,54.91,20804005.0
2019-07-01,56.4,56.87,55.9,56.7,8711735.0
2019-07-02,56.66,57.86,56.63,57.66,9731835.0
2019-07-03,57.98,58.85,57.98,58.63,5580505.0
2019-07-05,58.2,58.92,57.71,58.91,5025600.0
2019-07-08,58.73,58.76,57.93,58.6,6344095.0
2019-07-09,58.28,59.82,58.13,59.6,8279965.0
2019-07-10,59.92,60.6,59.66,59.75,6046790.0
2019-07-11,60.08,60.53,59.89,60.46,4433555.0
2019-07-12,60.46,60.63,59.22,60.23,4819300.0
2019-07-15,60.4,60.48,59.58,60.22,3649965.0
2019-07-16,60.0,60.26,58.84,59.1,5808710.0
2019-07-17,59.1,60.03,58.9,59.31,4328725.0
2019-07-18,59.26,59.7,58.81,58.94,5501715.0
2019-07-19,59.19,59.84,57.69,57.95,6979835.0
2019-07-22,58.68,58.99,57.92,58.76,9818875.0
2019-07-23,59.0,59.0,57.53,58.2,8033315.0
2019-07-24,58.2,59.52,58.1,59.44,13830825.0
2019-07-25,57.67,58.15,55.94,57.15,22659925.0
2019-07-26,57.67,58.04,57.15,57.87,8558275.0
2019-07-29,57.87,58.0,55.12,57.17,16359225.0
2019-07-30,56.86,57.28,56.19,56.2,7784590.0
2019-07-31,56.41,56.5,54.52,55.48,10487945.0
2019-08-01,55.48,56.34,54.22,54.8,13795020.0
2019-08-02,54.59,54.62,52.38,53.17,12189190.0
2019-08-05,51.0,52.51,50.38,51.36,17952195.0
2019-08-06,52.33,53.0,51.47,52.34,8614000.0
2019-08-07,52.01,52.99,51.4,52.14,6457470.0
2019-08-08,52.4,53.55,52.28,53.42,8222830.0
2019-08-09,53.45,53.6,52.55,52.76,4497470.0
2019-08-12,52.26,52.62,51.55,51.71,3808980.0
2019-08-13,51.6,52.71,51.47,52.44,8062580.0
2019-08-14,51.67,51.97,50.34,50.46,8881560.0
2019-08-15,50.4,50.98,50.04,50.46,8893895.0
2019-08-16,51.18,51.98,50.97,51.38,7533275.0
2019-08-19,52.0,52.32,50.93,51.1,9062555.0
2019-08-20,51.1,51.52,50.52,51.06,6770640.0
2019-08-21,52.4,53.57,52.05,53.16,9516610.0
2019-08-22,53.3,53.59,52.46,52.93,6364420.0
2019-08-23,53.27,54.91,52.36,52.61,13074450.0
2019-08-26,53.0,53.37,52.46,53.31,4248225.0
2019-08-27,53.8,53.92,52.39,53.24,7449440.0
2019-08-28,52.35,52.66,51.64,52.06,8296725.0
2019-08-29,52.77,53.19,52.12,52.96,5452120.0
2019-08-30,53.18,53.32,51.33,52.37,7501865.0
2019-09-03,52.8,53.11,52.2,52.68,7130615.0
2019-09-04,53.14,54.03,53.05,53.7,6005640.0
2019-09-05,54.06,54.63,52.12,53.92,10729625.0
2019-09-06,53.98,54.11,52.49,52.7,7004040.0
2019-09-09,52.8,53.17,50.0,50.94,14611310.0
2019-09-10,50.09,51.13,49.3,50.64,12629570.0
2019-09-11,50.53,51.81,50.2,50.73,7435505.0
2019-09-12,51.12,51.93,51.1,51.36,9069770.0
2019-09-13,51.42,51.42,50.2,50.39,7602510.0
2019-09-16,50.2,52.25,50.0,52.23,5912755.0
2019-09-17,52.67,53.6,52.15,52.81,6365705.0
2019-09-18,53.34,53.38,51.95,53.17,7281125.0
2019-09-19,53.09,53.84,52.5,53.75,7467085.0
2019-09-20,53.89,54.28,53.32,54.23,10703225.0
2019-09-23,54.49,54.73,53.39,53.4,6177280.0
2019-09-24,53.4,53.67,51.22,51.5,7604295.0
2019-09-25,51.5,51.93,49.73,51.88,12832560.0
2019-09-26,51.88,51.93,51.05,51.6,4758100.0
2019-09-27,51.78,51.9,49.05,50.05,11434540.0
2019-09-30,50.44,50.96,49.9,50.77,6076290.0
2019-10-01,51.06,51.22,49.94,50.03,8558435.0
2019-10-02,49.81,50.15,48.71,49.37,8973165.0
2019-10-03,49.55,51.71,48.86,51.47,8401970.0
2019-10-04,52.05,53.44,51.92,53.3,9575485.0
2019-10-07,53.25,54.1,53.25,53.63,10029660.0
2019-10-08,53.2,53.67,51.6,51.63,5817285.0
2019-10-09,52.17,52.7,51.9,52.4,4214700.0
2019-10-10,52.0,52.94,51.82,52.64,3885150.0
2019-10-11,53.61,54.79,53.26,54.07,8757415.0
2019-10-14,54.01,54.24,53.57,53.89,6798010.0
2019-10-15,54.09,55.3,54.0,54.85,8872875.0
2019-10-16,51.79,52.15,49.82,50.92,23632300.0
2019-10-17,51.66,51.81,50.41,50.86,11060195.0
2019-10-18,50.79,51.5,48.12,48.6,22130030.0
2019-10-21,49.0,49.16,47.82,48.18,19207140.0
2019-10-22,48.38,48.49,45.0,45.67,41438185.0
2019-10-23,43.21,45.15,42.8,44.0,61441705.0
2019-10-24,47.5,48.76,46.45,47.56,46987380.0
2019-10-25,47.55,48.3,46.81,48.24,16690120.0
2019-10-28,48.68,49.26,48.0,48.94,17386090.0
2019-10-29,48.8,49.8,48.16,48.21,9355525.0
2019-10-30,48.53,50.05,47.8,49.99,9551760.0
2019-10-31,49.99,50.16,48.8,49.45,7273820.0
2019-11-01,49.79,51.23,49.48,50.61,12405980.0
2019-11-04,50.9,51.12,49.01,49.16,9042590.0
2019-11-05,49.16,49.28,47.83,48.37,11088645.0
2019-11-06,48.35,48.55,47.79,48.27,6862150.0
2019-11-07,48.4,48.93,47.96,48.18,9597625.0
2019-11-08,47.98,49.84,47.66,49.69,9713015.0
2019-11-11,49.46,50.0,49.16,49.71,8483160.0
2019-11-12,49.86,50.7,49.84,50.51,9443900.0
2019-11-13,50.19,51.02,49.8,50.79,9818715.0
2019-11-14,50.6,51.08,49.89,50.77,9030360.0
2019-11-15,51.1,52.01,50.86,51.99,11141530.0
2019-11-18,51.6,53.69,51.46,53.26,16025750.0
2019-11-19,55.43,55.98,54.51,55.55,49347195.0
2019-11-20,55.38,56.86,55.33,56.6,189720090.0
2019-11-21,56.46,56.69,55.55,55.82,20345055.0
2019-11-22,56.0,56.17,55.38,56.0,10760470.0
2019-11-25,56.0,56.8,55.68,55.95,16177860.0
2019-11-26,56.2,56.23,55.72,55.77,11804935.0
2019-11-27,55.9,56.3,55.57,56.26,6605560.0
2019-11-29,56.19,56.7,56.02,56.61,4399495.0
2019-12-02,56.6,56.6,53.9,55.47,11704400.0
2019-12-03,54.36,56.0,54.21,55.8,11756990.0
2019-12-04,55.99,55.99,54.56,54.76,9263405.0
2019-12-05,54.6,55.45,54.37,54.63,5878525.0
2019-12-06,54.98,55.06,53.92,54.41,9356320.0
2019-12-09,54.35,54.52,53.92,53.94,5345125.0
2019-12-10,54.0,54.49,53.24,53.36,7305640.0
2019-12-11,53.21,53.64,52.71,53.46,8920105.0
2019-12-12,53.27,53.72,52.82,53.13,11112435.0
2019-12-13,53.13,54.76,52.8,54.6,9334270.0
2019-12-16,54.87,56.36,54.82,56.36,10413800.0
2019-12-17,55.99,56.2,54.88,55.23,9631255.0
2019-12-18,55.49,56.04,55.22,55.49,6362455.0
2019-12-19,55.49,55.82,55.07,55.7,7168245.0
2019-12-20,56.1,56.57,55.75,56.53,11510360.0
2019-12-23,56.61,57.49,56.34,56.66,9708065.0
2019-12-24,56.78,56.98,56.51,56.84,1528640.0
2019-12-26,56.95,57.62,56.95,57.24,4729910.0
2019-12-27,57.61,57.61,56.82,57.38,4988240.0
2019-12-30,57.26,57.28,55.55,56.56,7031295.0
2019-12-31,56.08,56.77,55.96,56.46,4851760.0
2020-01-02,56.99,58.34,56.84,58.25,8858850.0
2020-01-03,57.38,58.61,57.3,58.22,5679100.0
2020-01-06,57.04,58.68,56.92,58.57,7370450.0
2020-01-07,58.64,58.92,57.61,58.58,7199510.0
2020-01-08,58.8,59.54,58.65,59.13,8703930.0
2020-01-09,59.46,59.95,58.85,59.86,7017820.0
2020-01-10,60.14,60.68,59.49,59.78,6292640.0
2020-01-13,60.47,61.17,60.2,60.77,8218905.0
2020-01-14,60.77,61.2,60.27,60.3,7495545.0
2020-01-15,60.4,61.55,60.38,60.97,7431600.0
2020-01-16,61.2,62.1,61.07,62.0,11347130.0
2020-01-17,62.09,62.56,61.91,62.5,10571415.0
2020-01-21,62.4,63.12,62.22,62.6,12792870.0
2020-01-22,63.41,63.45,62.55,62.57,8849490.0
2020-01-23,62.6,63.24,62.18,62.29,7959150.0
2020-01-24,62.92,63.77,61.56,61.88,8947880.0
2020-01-27,60.09,61.64,59.61,61.53,8624195.0
2020-01-28,61.86,63.04,61.68,62.81,7720360.0
2020-01-29,63.1,63.2,62.21,62.59,12736615.0
2020-01-30,66.75,68.78,65.93,68.32,24736865.0
2020-01-31,67.91,67.98,66.57,67.65,12164510.0
2020-02-03,67.68,68.95,67.45,68.64,10596260.0
2020-02-04,69.2,70.93,68.9,70.41,10196535.0
2020-02-05,70.63,71.2,66.96,67.7,14255740.0
2020-02-06,68.0,68.56,66.82,68.34,7372160.0
2020-02-07,68.34,69.15,67.94,68.21,8388705.0
2020-02-10,68.14,69.0,67.78,68.55,8909450.0
2020-02-11,69.19,69.24,68.21,68.71,5974025.0
2020-02-12,69.0,70.09,67.9,69.96,6534265.0
2020-02-13,69.5,71.4,69.5,70.36,12445480.0
2020-02-14,70.73,71.26,70.18,71.23,5532520.0
2020-02-18,71.2,71.75,70.81,71.5,6445215.0
2020-02-19,71.75,72.59,71.48,71.54,6535660.0
2020-02-20,71.3,72.4,69.08,70.59,9740395.0
2020-02-21,70.1,70.35,67.76,68.9,11743400.0
2020-02-24,65.47,67.3,64.84,66.71,10084695.0
2020-02-25,67.71,68.42,65.51,65.94,9197755.0
2020-02-26,66.2,68.5,66.05,66.85,8082705.0
2020-02-27,64.49,66.29,63.55,64.02,11379915.0
2020-02-28,62.0,65.4,61.42,65.22,16012370.0
2020-03-02,66.77,68.9,65.26,68.88,13499860.0
2020-03-03,68.88,70.14,65.03,65.93,14762500.0
2020-03-04,67.35,69.04,66.33,69.01,7877540.0
2020-03-05,67.5,68.61,65.25,65.87,9799495.0
2020-03-06,63.88,64.7,60.16,63.45,20544775.0
2020-03-09,58.6,61.37,57.6,58.42,17181480.0
2020-03-10,60.7,62.6,58.32,62.56,19596285.0
2020-03-11,61.0,62.05,56.76,58.13,14574800.0
2020-03-12,54.01,57.43,52.32,52.42,19389115.0
2020-03-13,55.48,57.7,52.97,57.53,15191445.0
2020-03-16,50.2,56.77,50.0,53.09,16945620.0
2020-03-17,54.28,60.6,54.0,57.48,19541670.0
2020-03-18,53.2,55.99,47.79,55.63,22142450.0
2020-03-19,55.29,58.0,51.6,55.53,13960750.0
2020-03-20,55.21,56.94,50.45,50.94,17511645.0
2020-03-23,50.98,52.08,48.03,51.06,14125375.0
2020-03-24,55.12,56.72,53.71,54.4,16856915.0
2020-03-25,54.47,55.79,51.46,52.93,15443595.0
2020-03-26,53.94,59.0,53.6,58.95,18658440.0
2020-03-27,56.83,56.83,53.89,54.8,15380865.0
2020-03-30,55.55,58.54,55.04,57.28,11843685.0
2020-03-31,57.0,59.23,56.26,57.32,16974230.0
2020-04-01,54.88,55.76,53.74,54.61,12120050.0
2020-04-02,53.0,54.52,49.85,51.8,22093325.0
2020-04-03,51.77,52.23,49.33,49.91,14249060.0
2020-04-06,51.9,54.45,51.1,53.99,16075585.0
2020-04-07,55.4,55.62,51.05,52.47,15226775.0
2020-04-08,53.16,55.28,52.78,54.81,8850260.0
2020-04-09,55.22,57.02,54.92,55.61,13771370.0
2020-04-13,55.35,56.9,54.75,56.71,11597680.0
2020-04-14,59.4,60.63,57.86,60.42,12780410.0
2020-04-15,59.44,59.88,58.71,59.18,8998550.0
2020-04-16,60.1,60.37,57.84,58.39,10382125.0
2020-04-17,60.42,60.62,59.3,59.92,10642895.0
2020-04-20,59.64,61.63,59.32,60.49,9386050.0
2020-04-21,60.0,60.74,56.31,57.75,14464240.0
2020-04-22,59.18,60.54,58.61,59.92,7109870.0
2020-04-23,60.0,60.94,59.2,59.46,7284730.0
2020-04-24,59.51,60.74,58.54,60.59,7376400.0
2020-04-27,61.51,62.2,61.25,61.72,5782760.0
2020-04-28,62.56,63.0,59.16,59.2,11273120.0
2020-04-29,60.32,65.09,60.31,64.4,17389490.0
2020-04-30,65.57,71.56,65.5,70.31,26947655.0
2020-05-01,68.42,70.2,67.2,67.9,12249155.0
2020-05-04,67.3,71.3,67.0,70.93,12688400.0
2020-05-05,72.0,75.24,71.21,74.13,14885950.0
2020-05-06,74.93,75.96,72.9,73.08,11952430.0
2020-05-07,73.79,77.31,73.71,76.37,13816685.0
2020-05-08,76.8,77.52,75.23,75.45,10530395.0
2020-05-11,75.0,77.7,74.01,76.73,7882665.0
2020-05-12,76.83,77.0,72.91,73.12,16954590.0
2020-05-13,73.2,74.09,70.26,72.26,14476240.0
2020-05-14,71.74,74.01,70.3,73.57,11536205.0
2020-05-15,73.09,74.49,72.61,74.09,12523405.0
2020-05-18,75.6,76.36,74.64,74.97,8774985.0
2020-05-19,75.0,77.93,74.65,76.58,8610415.0
2020-05-20,78.0,78.95,76.88,78.03,7318220.0
2020-05-21,78.46,78.72,76.48,76.73,4958930.0
2020-05-22,77.81,78.83,77.0,77.59,5030860.0
2020-05-26,79.4,79.4,75.93,76.13,8574650.0
2020-05-27,75.86,75.86,70.41,74.23,18805580.0
2020-05-28,74.0,77.33,73.69,75.6,7734150.0
2020-05-29,76.28,77.65,75.73,77.59,9846310.0
2020-06-01,77.45,77.59,76.37,76.67,6682795.0
2020-06-02,76.89,78.58,75.09,78.58,10121935.0
2020-06-03,78.0,78.62,76.22,77.62,7004350.0
2020-06-04,77.14,77.94,74.48,75.39,10437240.0
2020-06-05,74.0,78.14,73.41,78.09,12277215.0
2020-06-08,77.32,77.75,75.14,77.33,7563800.0
2020-06-09,77.97,79.6,77.1,77.77,8448395.0
2020-06-10,78.47,81.11,78.47,80.33,10026565.0
2020-06-11,78.77,79.49,74.57,75.01,14624930.0
2020-06-12,77.68,78.48,75.55,77.03,7783075.0
2020-06-15,75.64,78.8,75.07,78.5,7187930.0
2020-06-16,79.88,80.57,77.84,79.69,8719905.0
2020-06-17,80.0,81.52,79.61,80.13,7812740.0
2020-06-18,80.45,80.9,79.22,80.21,6603885.0
2020-06-19,81.25,81.6,79.69,79.97,11524780.0
2020-06-22,79.57,80.64,78.37,80.56,7852565.0
2020-06-23,81.6,81.96,79.48,80.19,8359020.0
2020-06-24,79.98,81.05,77.77,78.59,7252455.0
2020-06-25,78.17,80.34,77.13,80.33,6477065.0
2020-06-26,80.37,80.57,78.22,79.99,10065790.0
2020-06-29,80.33,80.6,77.1,78.91,6944685.0
2020-06-30,78.98,81.23,78.8,81.01,8804050.0
2020-07-01,81.08,83.52,80.7,83.36,8971420.0
2020-07-02,84.26,84.97,82.54,82.84,6928360.0
2020-07-06,83.86,85.0,82.43,83.29,8874125.0
2020-07-07,83.29,84.25,82.19,82.35,6567575.0
2020-07-08,83.14,85.36,83.1,85.04,7580965.0
2020-07-09,85.6,86.17,83.12,85.27,7035590.0
2020-07-10,85.3,85.56,83.89,84.58,7412660.0
2020-07-13,85.0,85.56,79.89,80.37,8114980.0
2020-07-14,80.0,82.76,78.17,82.65,8913440.0
2020-07-15,84.4,85.19,83.15,84.71,10591810.0
2020-07-16,83.21,83.65,80.9,82.78,7232280.0
2020-07-17,83.15,84.68,82.29,84.36,5497600.0
2020-07-20,85.0,90.94,84.91,89.85,15659160.0
2020-07-21,89.45,89.49,86.84,87.44,8002865.0
2020-07-22,88.0,88.79,86.86,88.32,4364150.0
2020-07-23,88.22,89.67,85.72,86.17,6621970.0
2020-07-24,84.06,86.06,82.92,85.04,5019105.0
2020-07-27,86.0,87.23,85.2,86.76,4926275.0
2020-07-28,87.0,88.52,86.2,87.01,5190355.0
2020-07-29,88.51,89.3,87.57,89.14,11279340.0
2020-07-30,86.54,87.72,84.27,86.28,15715385.0
2020-07-31,87.4,87.84,85.66,87.84,8729380.0
2020-08-03,88.56,88.96,86.23,87.99,9009705.0
2020-08-04,87.42,88.5,86.77,87.63,5705600.0
2020-08-05,88.0,88.21,87.07,87.15,5093145.0
2020-08-06,87.58,87.91,85.07,86.07,11154480.0
2020-08-07,86.41,87.86,84.74,86.24,12298310.0
2020-08-10,86.1,87.83,84.43,87.74,13622230.0
2020-08-11,86.87,87.0,83.71,84.27,8195640.0
2020-08-12,85.03,86.29,84.61,85.43,8099445.0
2020-08-13,85.57,87.96,85.34,87.68,8500625.0
2020-08-14,87.67,88.58,86.86,87.15,6261850.0
2020-08-17,87.4,89.03,87.4,88.47,9849685.0
2020-08-18,88.34,88.87,87.06,87.52,11360415.0
2020-08-19,87.6,88.73,86.42,87.43,9824605.0
2020-08-20,87.08,90.95,86.67,90.67,13591175.0
2020-08-21,90.56,90.8,89.24,89.88,11696050.0
2020-08-24,90.61,91.73,89.0,89.62,11785035.0
2020-08-25,90.0,91.78,89.15,91.59,5824560.0
2020-08-26,92.92,97.72,92.82,97.54,10998770.0
2020-08-27,97.0,97.02,94.9,96.11,7605805.0
2020-08-28,97.0,98.8,96.88,97.57,5306860.0
2020-08-31,97.65,98.0,96.2,96.4,6953400.0
2020-09-01,97.02,99.45,96.52,99.44,6854265.0
2020-09-02,100.0,100.36,96.53,99.94,6777725.0
2020-09-03,97.26,97.6,92.53,93.77,10123085.0
2020-09-04,93.43,94.0,87.02,90.07,13400835.0
2020-09-08,88.0,90.55,86.57,88.63,8826855.0
2020-09-09,90.4,92.57,88.37,91.64,9027795.0
2020-09-10,92.2,93.66,90.05,90.6,5574205.0
2020-09-11,91.53,91.7,87.95,89.18,4479545.0
2020-09-14,90.28,92.64,90.23,91.61,7172165.0
2020-09-15,92.65,94.86,92.52,94.79,5602510.0
2020-09-16,95.2,95.89,91.16,91.2,7536580.0
2020-09-17,89.17,91.0,88.4,90.76,7892515.0
2020-09-18,90.83,91.45,88.54,90.62,7306155.0
2020-09-21,89.36,92.48,89.24,92.38,5532065.0
2020-09-22,93.15,94.22,90.92,94.11,4650645.0
2020-09-23,94.0,94.66,91.81,92.09,4133680.0
2020-09-24,91.76,93.03,90.74,92.02,4212695.0
2020-09-25,93.78,96.33,92.91,95.99,6033785.0
2020-09-28,97.39,97.68,95.79,96.84,6289930.0
2020-09-29,97.27,97.91,96.62,97.6,4146685.0
2020-09-30,97.13,98.66,96.23,97.0,6011720.0
2020-10-01,98.31,99.03,97.49,98.5,4612185.0
2020-10-02,96.1,100.53,95.8,98.63,7965550.0
2020-10-05,99.12,100.45,98.25,100.36,6437185.0
2020-10-06,100.0,100.52,97.96,98.31,5378925.0
2020-10-07,99.73,100.84,98.8,100.0,4290240.0
2020-10-08,101.0,101.0,98.4,99.3,4116780.0
2020-10-09,100.71,102.18,100.4,101.72,5967125.0
2020-10-12,102.71,103.11,100.4,101.82,4481605.0
2020-10-13,103.13,104.55,102.25,103.66,5902900.0
2020-10-14,104.0,104.3,102.0,103.38,4951035.0
2020-10-15,101.9,104.6,101.2,104.14,4726955.0
2020-10-16,104.83,106.15,104.2,104.97,5159460.0
2020-10-19,105.29,106.67,103.88,104.39,4459035.0
2020-10-20,104.6,105.52,103.18,103.64,4132490.0
2020-10-21,103.74,103.91,101.37,102.06,4156470.0
2020-10-22,102.34,102.71,99.03,101.19,4291150.0
2020-10-23,101.82,102.85,101.05,102.8,4226145.0
2020-10-26,103.64,104.37,98.5,100.32,8106065.0
2020-10-27,101.76,102.0,99.7,99.96,6020660.0
2020-10-28,97.39,97.98,96.03,96.81,8882995.0
2020-10-29,99.4,103.58,98.6,102.12,14286855.0
2020-10-30,100.88,101.6,97.12,99.51,9369625.0
2020-11-02,99.84,101.52,94.86,95.2,9918520.0
2020-11-03,95.52,96.94,94.4,96.01,8916665.0
2020-11-04,101.27,103.65,100.2,102.72,11118875.0
2020-11-05,104.66,106.77,104.1,106.22,5932365.0
2020-11-06,105.58,107.51,103.8,107.04,4132125.0
2020-11-09,102.9,105.64,100.16,100.39,11992295.0
2020-11-10,99.11,99.94,94.4,96.26,12508465.0
2020-11-11,98.74,101.61,97.91,100.67,7894225.0
2020-11-12,104.09,105.0,101.27,101.96,8158015.0
2020-11-13,102.32,102.32,99.1,101.6,6175850.0
2020-11-16,99.5,101.15,99.04,100.46,7935410.0
2020-11-17,101.0,103.2,100.81,102.62,5757685.0
2020-11-18,102.25,102.71,100.48,101.42,5081070.0
2020-11-19,101.64,103.99,101.0,102.87,4892660.0
2020-11-20,103.12,105.29,102.8,103.61,5922915.0
2020-11-23,104.02,104.97,102.85,104.42,6470775.0
2020-11-24,104.75,105.2,102.03,102.94,5911095.0
2020-11-25,103.8,104.8,102.36,103.84,5418050.0
2020-11-27,104.42,105.96,103.17,105.5,3708460.0
2020-11-30,106.0,107.0,104.2,106.91,8612595.0
2020-12-01,107.51,108.35,105.19,107.92,5754875.0
2020-12-02,106.15,107.0,104.23,105.3,5442250.0
2020-12-03,105.56,107.9,104.66,105.05,5112035.0
2020-12-04,105.11,105.95,104.45,105.14,3723330.0
2020-12-07,105.75,106.95,105.58,106.65,6897825.0
2020-12-08,107.36,108.81,105.72,108.45,9349920.0
2020-12-09,108.89,109.0,105.13,105.6,8187460.0
2020-12-10,105.3,107.71,103.7,107.6,5164490.0
2020-12-11,107.64,108.14,106.17,107.47,4275380.0
2020-12-14,107.7,107.82,106.19,106.5,6403730.0
2020-12-15,106.55,107.02,105.02,105.48,5363705.0
2020-12-16,106.59,109.98,106.4,109.0,7577035.0
2020-12-17,109.89,111.67,109.89,110.81,6140880.0
2020-12-18,111.69,113.35,111.11,113.09,10763850.0
2020-12-21,111.8,112.49,108.54,110.16,8213370.0
2020-12-22,110.14,112.5,109.79,112.34,5998150.0
2020-12-23,112.68,113.0,109.94,110.01,4438500.0
2020-12-24,110.8,112.11,110.55,110.78,3118505.0
2020-12-28,112.6,112.6,108.18,108.75,5209715.0
2020-12-29,110.04,110.33,107.86,109.2,4631890.0
2020-12-30,110.16,110.4,108.93,109.48,2900370.0
2020-12-31,109.4,110.22,108.74,110.09,3324715.0
2021-01-04,111.39,111.47,104.3,105.37,9445930.0
2021-01-05,105.21,106.67,104.96,106.39,7721390.0
2021-01-06,104.11,104.19,101.41,101.45,9848860.0
2021-01-07,102.0,103.38,101.74,102.28,9347860.0
2021-01-08,104.33,106.32,103.63,105.93,7975280.0
2021-01-11,105.0,105.39,103.02,104.61,6432640.0
2021-01-12,104.0,104.5,101.46,102.64,5866145.0
2021-01-13,103.64,104.74,102.2,104.34,5383500.0
2021-01-14,105.44,105.6,102.56,102.87,7243490.0
2021-01-15,103.68,105.31,102.6,102.75,5419240.0
2021-01-19,103.12,104.59,101.94,103.88,4890570.0
2021-01-20,105.6,108.69,105.4,108.44,7695885.0
2021-01-21,108.96,109.28,107.57,108.87,5062090.0
2021-01-22,109.95,110.87,108.06,108.22,5149965.0
2021-01-25,109.55,110.56,105.01,107.58,8561320.0
2021-01-26,108.0,108.16,106.12,106.49,7088610.0
2021-01-27,104.98,106.61,101.64,103.3,11206505.0
2021-01-28,109.39,112.78,108.57,110.85,16413675.0
2021-01-29,109.82,110.4,105.87,108.63,11900960.0
2021-02-01,109.2,112.95,109.2,111.71,8584610.0
2021-02-02,112.58,117.76,112.02,116.7,11258045.0
2021-02-03,116.6,117.49,114.91,115.33,7457690.0
2021-02-04,115.98,117.8,114.43,117.8,6266450.0
2021-02-05,117.74,118.51,116.46,117.95,4860760.0
2021-02-08,118.06,119.67,116.8,117.58,5158370.0
2021-02-09,117.43,117.72,115.2,116.36,8175110.0
2021-02-10,117.15,118.76,115.8,117.87,4834140.0
2021-02-11,118.8,119.0,117.6,118.89,3656445.0
2021-02-12,118.26,118.74,117.11,118.26,4115235.0
2021-02-16,118.36,118.93,116.23,117.15,4458420.0
2021-02-17,116.2,116.63,114.15,116.19,4435235.0
2021-02-18,113.99,115.86,113.18,115.16,4867770.0
2021-02-19,115.43,116.42,111.82,114.15,9790860.0
2021-02-22,112.8,113.21,109.96,110.05,5194120.0
2021-02-23,107.87,110.76,104.88,110.35,7856000.0
2021-02-24,109.1,110.84,107.79,110.37,5567560.0
2021-02-25,110.0,111.3,105.38,105.76,8808265.0
2021-02-26,106.5,108.06,104.23,106.69,8995405.0
2021-03-01,108.96,111.33,108.01,111.29,6171535.0
2021-03-02,111.81,112.49,109.66,109.86,5607625.0
2021-03-03,108.86,109.16,102.73,103.2,9030030.0
2021-03-04,102.19,103.55,96.98,98.13,14156575.0
2021-03-05,99.87,99.87,93.43,97.39,16164290.0
2021-03-08,98.16,99.45,92.5,92.81,9848805.0
2021-03-09,96.14,98.71,95.76,97.79,12241040.0
2021-03-10,99.42,99.8,94.79,94.8,9635145.0
2021-03-11,98.9,102.34,98.04,100.57,9616500.0
2021-03-12,97.8,98.98,96.55,97.84,7525090.0
2021-03-15,98.0,99.44,97.29,99.35,4850365.0
2021-03-16,100.86,101.83,99.06,99.8,5692595.0
2021-03-17,98.29,98.55,95.27,97.0,12429795.0
2021-03-18,95.94,95.96,92.93,93.24,9350805.0
2021-03-19,93.8,95.11,92.77,94.17,9469425.0
2021-03-22,94.33,96.89,94.26,95.33,5941450.0
2021-03-23,96.02,97.29,95.4,95.63,5704680.0
2021-03-24,96.6,96.6,94.0,94.46,7382130.0
2021-03-25,93.58,94.8,92.76,94.44,9519410.0
2021-03-26,94.7,99.09,94.2,99.0,12200915.0
2021-03-29,97.89,98.59,96.41,97.08,8601385.0
2021-03-30,96.0,98.2,94.64,97.51,6269970.0
2021-03-31,98.0,101.38,98.0,100.02,7841945.0
2021-04-01,101.6,102.58,100.5,101.4,5319630.0
2021-04-05,102.39,103.21,101.84,102.8,7943955.0
2021-04-06,102.28,103.03,101.32,101.82,4864295.0
2021-04-07,102.07,102.58,101.37,102.15,3233800.0
2021-04-08,103.8,105.76,103.5,104.81,6300585.0
2021-04-09,103.62,106.12,102.0,106.0,7265260.0
2021-04-12,105.84,108.24,104.95,107.4,6645065.0
2021-04-13,107.8,110.26,107.8,109.79,6821960.0
2021-04-14,110.2,112.04,108.57,108.97,6705325.0
2021-04-15,110.69,112.03,110.58,111.87,4425915.0
2021-04-16,112.11,112.16,110.05,111.38,4398435.0
2021-04-19,110.68,111.38,109.2,109.87,4476860.0
2021-04-20,109.79,110.58,107.3,108.16,3974200.0
2021-04-21,109.03,109.81,107.43,109.29,5162595.0
2021-04-22,109.4,111.6,108.77,109.7,4502180.0
2021-04-23,110.66,111.18,109.87,110.54,3902385.0
2021-04-26,110.8,111.88,109.85,111.84,3359860.0
2021-04-27,111.59,113.06,110.72,112.53,4806170.0
2021-04-28,111.85,111.96,110.49,111.45,8577840.0
2021-04-29,104.2,106.16,100.7,101.0,43464690.0
2021-04-30,100.06,103.96,100.06,101.27,17204225.0
2021-05-03,101.44,101.64,97.76,98.06,12095475.0
2021-05-04,97.36,97.94,94.75,96.66,12347365.0
2021-05-05,97.84,97.84,95.5,95.99,4666080.0
2021-05-06,95.42,97.32,94.62,97.17,10941660.0
2021-05-07,98.68,98.91,94.89,96.7,9986390.0
2021-05-10,96.43,96.5,92.94,93.36,10269195.0
2021-05-11,90.27,97.2,90.27,96.3,12940360.0
2021-05-12,94.65,95.0,92.0,92.94,8894800.0
2021-05-13,94.0,94.26,90.21,91.0,8503995.0
2021-05-14,92.38,92.98,91.76,92.07,8948565.0
2021-05-17,91.89,91.89,89.65,90.88,9312560.0
2021-05-18,91.09,92.6,90.2,91.44,6820580.0
2021-05-19,90.05,92.14,89.65,91.95,5860725.0
2021-05-20,92.93,95.12,92.66,94.23,6432060.0
2021-05-21,94.78,95.72,93.79,93.89,6862910.0
2021-05-24,95.0,95.96,94.7,95.27,4644400.0
2021-05-25,95.75,96.74,95.27,95.98,6837575.0
2021-05-26,95.76,97.45,95.61,97.08,7712110.0
2021-05-27,96.19,96.52,94.53,95.84,8639170.0
2021-05-28,96.0,96.41,94.11,94.78,9478040.0
2021-06-01,95.52,95.53,93.41,93.83,8466230.0
2021-06-02,92.91,94.52,92.38,93.4,5162190.0
2021-06-03,92.86,93.04,91.2,91.84,4866290.0
2021-06-04,92.0,93.06,91.74,92.13,7877275.0
2021-06-07,92.0,92.55,91.4,91.89,6054565.0
2021-06-08,92.79,94.22,91.88,92.15,5371840.0
2021-06-09,92.8,93.52,92.14,92.94,5138795.0
2021-06-10,97.2,98.16,95.8,97.83,15208960.0
2021-06-11,98.18,99.9,97.6,99.6,10404075.0
2021-06-14,100.0,102.22,99.64,101.87,9138325.0
2021-06-15,102.29,102.51,100.82,101.09,7825470.0
2021-06-16,101.54,104.3,100.43,102.02,10288070.0
2021-06-17,101.16,106.2,101.16,106.08,9546820.0
2021-06-18,105.76,107.54,105.06,106.75,11230780.0
2021-06-21,106.26,107.6,105.0,106.95,5616425.0
2021-06-22,107.2,109.4,107.0,109.21,6417365.0
2021-06-23,109.0,110.2,108.55,110.04,4451025.0
2021-06-24,110.34,111.75,110.16,110.41,4986175.0
2021-06-25,111.05,111.05,108.4,109.0,7559920.0
2021-06-28,109.05,110.54,109.05,110.43,4077250.0
2021-06-29,111.05,112.38,110.51,111.72,5244150.0
2021-06-30,111.38,111.59,109.52,109.91,4211595.0
2021-07-01,109.0,110.03,107.95,109.03,5829040.0
2021-07-02,109.65,110.95,109.44,110.37,3406040.0
2021-07-06,110.56,112.76,110.44,111.7,3974940.0
2021-07-07,112.4,112.65,110.61,112.36,5468415.0
2021-07-08,110.66,112.46,109.39,112.09,4711170.0
2021-07-09,111.94,113.47,111.17,113.27,4883125.0
2021-07-12,113.76,114.73,112.25,112.39,6396025.0
2021-07-13,112.2,113.27,111.0,111.87,4341965.0
2021-07-14,112.4,113.46,111.76,112.59,5669055.0
2021-07-15,112.68,113.34,110.91,111.66,4117995.0
2021-07-16,111.8,112.93,110.99,111.27,4705000.0
2021-07-19,109.26,111.08,109.0,111.02,5541840.0
2021-07-20,112.0,113.83,110.92,113.05,4353225.0
2021-07-21,113.1,113.43,111.71,113.43,3771770.0
2021-07-22,114.42,115.88,114.09,115.34,4693420.0
2021-07-23,116.0,117.7,115.56,117.24,4454545.0
2021-07-26,117.2,117.2,115.0,116.84,5220750.0
2021-07-27,116.8,117.37,114.93,116.46,7311860.0
2021-07-28,116.4,117.4,115.2,116.67,6145850.0
2021-07-29,117.84,121.76,116.92,117.29,12698070.0
2021-07-30,115.94,119.18,115.19,117.58,7831115.0
2021-08-02,117.58,118.34,115.8,116.93,4506435.0
2021-08-03,116.98,118.16,115.47,116.93,4024415.0
2021-08-04,116.7,118.94,116.63,118.69,3848665.0
2021-08-05,119.0,119.4,117.88,119.1,2380955.0
2021-08-06,118.8,119.12,117.89,118.14,3546240.0
2021-08-09,117.99,118.46,117.06,117.59,4004660.0
2021-08-10,117.6,117.89,114.56,115.16,4148190.0
2021-08-11,115.69,116.23,113.32,114.04,4541100.0
2021-08-12,113.85,116.4,113.4,116.31,4333220.0
2021-08-13,115.81,117.6,115.51,117.57,3194420.0
2021-08-16,117.2,118.34,115.26,116.04,4078900.0
2021-08-17,115.02,116.82,114.88,116.45,3549215.0
2021-08-18,116.09,117.72,115.7,116.39,3709410.0
2021-08-19,115.9,118.26,115.55,117.38,3841720.0
2021-08-20,117.69,120.28,117.69,120.1,5017345.0
2021-08-23,120.4,124.2,120.4,123.89,7882915.0
2021-08-24,124.35,125.31,124.0,124.37,5081815.0
2021-08-25,124.46,125.55,123.33,124.21,4548735.0
2021-08-26,124.21,126.05,124.21,124.81,5481590.0
2021-08-27,125.0,127.12,124.81,126.48,4106055.0
2021-08-30,126.82,128.66,126.7,128.33,3987930.0
2021-08-31,129.0,129.54,127.91,128.73,6233410.0
2021-09-01,128.72,130.51,128.5,130.17,4684060.0
2021-09-02,130.8,132.36,130.48,132.06,6771445.0
2021-09-03,132.0,136.22,131.81,135.73,5729765.0
2021-09-07,136.02,136.02,132.04,132.22,7579710.0
2021-09-08,132.06,132.06,130.13,130.76,5564865.0
2021-09-09,131.16,131.27,129.8,130.04,4011815.0
2021-09-10,130.62,131.15,129.35,129.6,3771615.0
2021-09-13,129.8,129.82,126.13,127.82,6311275.0
2021-09-14,128.07,129.71,128.07,129.08,3747110.0
2021-09-15,128.97,130.82,127.53,130.43,4017385.0
2021-09-16,130.06,131.42,128.94,131.27,3111580.0
2021-09-17,130.68,131.49,129.65,130.21,6491210.0
2021-09-20,128.87,130.12,128.02,129.75,4788895.0
2021-09-21,130.0,131.44,129.13,130.84,3776210.0
2021-09-22,131.6,133.1,130.14,132.53,4081540.0
2021-09-23,133.6,134.1,132.6,132.84,4357500.0
2021-09-24,132.42,133.4,131.0,133.26,2498925.0
2021-09-27,131.98,132.0,129.24,129.91,4512450.0
2021-09-28,126.73,127.37,122.0,122.5,9943930.0
2021-09-29,124.0,124.77,121.44,123.6,6143055.0
2021-09-30,124.04,125.4,123.65,124.45,4742925.0
2021-10-01,124.76,127.08,122.87,126.56,5244690.0
2021-10-04,127.08,127.61,121.89,123.59,5868990.0
2021-10-05,124.49,127.91,124.4,126.68,5331450.0
2021-10-06,125.29,127.15,124.28,125.87,5191340.0
2021-10-07,127.29,129.67,127.09,127.58,5108710.0
2021-10-08,128.0,128.73,123.38,123.52,8578880.0
2021-10-11,123.6,125.46,122.43,123.17,4575390.0
2021-10-12,124.47,126.6,124.05,125.83,3981045.0
2021-10-13,126.23,128.22,126.0,127.88,5554565.0
2021-10-14,129.99,132.55,129.72,130.61,6631000.0
2021-10-15,131.37,133.12,130.98,132.64,4596465.0
2021-10-18,132.63,133.26,131.47,133.24,5673295.0
2021-10-19,134.48,137.54,134.46,136.05,7363540.0
2021-10-20,136.85,137.35,134.24,136.22,4362220.0
2021-10-21,136.0,137.46,135.37,137.27,3248240.0
2021-10-22,137.2,138.59,136.68,137.33,4642765.0
2021-10-25,137.33,138.69,136.9,137.77,2930775.0
2021-10-26,138.6,138.6,135.11,135.34,5542340.0
2021-10-27,135.14,136.97,132.72,132.95,7502740.0
2021-10-28,134.51,138.8,134.26,137.54,10568000.0
2021-10-29,137.27,139.69,136.43,139.55,5535440.0
2021-11-01,140.0,140.96,135.33,136.4,5818055.0
2021-11-02,137.2,137.5,136.1,137.32,3412910.0
2021-11-03,137.82,137.82,134.44,137.53,3312625.0
2021-11-04,138.0,141.52,137.83,140.35,4167310.0
2021-11-05,140.5,140.55,137.38,138.4,2980665.0
2021-11-08,138.74,139.32,137.83,138.46,3990895.0
2021-11-09,139.06,139.46,137.12,138.25,2499020.0
2021-11-10,137.36,137.59,132.76,134.18,6398765.0
2021-11-11,135.94,136.27,134.78,135.85,5076230.0
2021-11-12,137.0,138.35,136.29,138.28,4959690.0
2021-11-15,137.89,137.98,135.74,136.51,4060445.0
2021-11-16,136.92,138.51,136.42,138.51,4633255.0
2021-11-17,138.87,139.12,136.78,136.99,3458520.0
2021-11-18,136.49,136.91,134.83,135.17,3759515.0
2021-11-19,135.69,137.45,134.84,135.19,5256975.0
2021-11-22,135.14,136.79,130.27,131.28,5971375.0
2021-11-23,130.0,130.89,125.48,127.38,9223510.0
2021-11-24,125.99,129.88,124.83,129.86,4185425.0
2021-11-26,130.17,132.21,128.9,129.91,3647280.0
2021-11-29,131.93,135.3,130.22,134.56,5408255.0
2021-11-30,134.93,135.92,128.53,129.54,10732145.0
2021-12-01,130.07,131.59,119.87,119.91,11594390.0
2021-12-02,119.97,125.16,119.73,124.67,7300760.0
2021-12-03,125.54,125.75,118.63,122.62,9274205.0
2021-12-06,121.64,123.93,118.81,123.31,7202090.0
2021-12-07,126.2,133.63,126.0,132.68,9249785.0
2021-12-08,132.0,134.59,130.21,133.16,4651270.0
2021-12-09,133.2,133.82,128.25,128.43,5446020.0
2021-12-10,129.71,131.63,128.04,129.4,4251595.0
2021-12-13,128.93,132.23,128.53,131.19,4997300.0
2021-12-14,128.42,129.38,121.44,124.94,8298475.0
2021-12-15,125.33,129.61,124.91,129.41,7907320.0
2021-12-16,127.88,128.76,121.34,121.8,7941335.0
2021-12-17,119.34,124.13,117.4,123.13,17093425.0
2021-12-20,121.0,122.81,120.24,121.07,4983305.0
2021-12-21,122.5,127.07,121.0,126.26,5646135.0
2021-12-22,126.29,129.78,125.12,128.79,5053535.0
2021-12-23,129.19,130.34,128.21,129.71,3323610.0
2021-12-27,131.2,132.99,130.39,132.66,3405545.0
2021-12-28,133.53,133.53,130.6,130.8,2411745.0
2021-12-29,130.56,131.77,129.2,130.92,2208765.0
2021-12-30,131.24,132.63,130.77,130.91,2455510.0
2021-12-31,130.4,131.72,129.77,129.82,2323135.0
2022-01-03,129.63,130.28,125.08,126.03,5221385.0
2022-01-04,125.68,125.76,115.39,120.79,14902770.0
2022-01-05,117.8,121.5,114.3,114.55,10480255.0
2022-01-06,113.48,117.89,111.0,114.81,8372745.0
2022-01-07,114.7,117.12,111.67,113.28,5952460.0
2022-01-10,110.02,114.62,107.16,114.4,9837940.0
2022-01-11,113.98,116.05,112.35,115.69,6699855.0
2022-01-12,117.6,118.3,113.92,114.68,8586985.0
2022-01-13,115.0,115.17,104.0,104.25,19524330.0
2022-01-14,104.25,107.71,102.93,106.2,16188405.0
2022-01-18,104.94,108.89,103.52,104.47,11933570.0
2022-01-19,105.08,108.75,104.13,104.26,12852560.0
2022-01-20,106.44,108.56,102.74,103.0,9428135.0
2022-01-21,102.4,105.78,101.43,101.55,13027805.0
2022-01-24,99.95,105.52,96.89,105.17,17103910.0
2022-01-25,103.2,103.52,96.89,99.02,14393735.0
2022-01-26,102.9,104.2,95.87,96.88,17376435.0
2022-01-27,110.61,111.4,103.63,105.74,27539500.0
2022-01-28,105.35,112.7,101.56,112.22,19039220.0
2022-01-31,113.45,117.68,112.99,117.16,13270340.0
2022-02-01,116.98,118.14,115.39,117.31,9208600.0
2022-02-02,118.97,118.97,114.62,116.23,6565880.0
2022-02-03,113.64,116.41,111.86,112.17,6778825.0
2022-02-04,112.0,117.47,110.96,115.5,6252905.0
2022-02-07,115.6,117.69,114.09,114.64,4942450.0
2022-02-08,113.86,118.4,112.79,118.25,6983170.0
2022-02-09,119.77,122.87,119.6,122.79,8327865.0
2022-02-10,120.09,124.28,119.99,122.09,9906530.0
2022-02-11,120.69,122.0,115.52,116.74,10699975.0
2022-02-14,115.7,117.87,114.84,115.92,6200015.0
2022-02-15,117.56,118.78,116.24,118.33,4934865.0
2022-02-16,117.24,118.61,115.3,118.18,5501885.0
2022-02-17,116.78,117.43,112.92,113.15,5346465.0
2022-02-18,113.19,113.8,110.3,111.2,6383630.0
2022-02-22,108.81,112.39,107.88,110.03,5809935.0
2022-02-23,110.03,110.68,104.53,104.94,9319500.0
2022-02-24,101.65,115.19,100.49,114.79,11838205.0
2022-02-25,113.79,116.06,112.81,116.05,5269460.0
2022-02-28,115.64,117.11,114.18,115.98,7480690.0
2022-03-01,116.76,119.92,113.36,114.21,7942690.0
2022-03-02,115.66,118.15,112.0,117.41,5451025.0
2022-03-03,118.45,118.67,111.34,112.46,7342750.0
2022-03-04,110.56,113.82,108.48,109.41,6937135.0
2022-03-07,110.08,112.62,103.74,103.92,10728105.0
2022-03-08,102.0,107.18,100.89,103.64,7397485.0
2022-03-09,107.29,113.16,106.62,111.92,8238535.0
2022-03-10,109.72,110.38,106.18,106.72,8821320.0
2022-03-11,108.0,108.91,102.27,102.43,6144530.0
2022-03-14,102.6,105.26,98.41,99.02,8188195.0
2022-03-15,100.04,103.52,98.26,102.84,6658485.0
2022-03-16,105.7,109.75,103.48,109.48,9127025.0
2022-03-17,107.53,113.59,107.53,113.34,6424165.0
2022-03-18,115.14,116.77,113.35,115.98,11542475.0
2022-03-21,115.0,116.12,111.07,113.96,7081400.0
2022-03-22,114.14,119.55,114.02,117.73,6754880.0
2022-03-23,114.73,115.97,112.49,113.59,5564725.0
2022-03-24,114.2,116.55,112.46,116.22,4927310.0
2022-03-25,116.21,116.72,111.36,112.37,6785895.0
2022-03-28,113.47,116.78,112.4,116.55,6531425.0
2022-03-29,117.7,120.32,115.53,119.55,6589930.0
2022-03-30,118.02,118.21,114.14,114.8,7573935.0
2022-03-31,114.8,115.4,111.28,111.38,10197085.0
2022-04-01,111.22,112.3,108.81,109.74,9658985.0
2022-04-04,109.6,115.16,109.3,114.96,7664260.0
2022-04-05,114.85,114.85,110.16,110.64,5778400.0
2022-04-06,108.56,108.56,103.94,105.59,8125015.0
2022-04-07,105.94,108.38,103.99,105.96,5777430.0
2022-04-08,105.73,105.88,102.84,103.12,6204955.0
2022-04-11,101.57,103.95,99.91,102.28,7113975.0
2022-04-12,104.53,106.83,101.79,102.04,8622360.0
2022-04-13,102.39,105.92,102.16,105.21,6946630.0
2022-04-14,104.98,105.18,101.34,101.47,6045035.0
2022-04-18,101.33,101.33,98.68,99.51,6549545.0
2022-04-19,99.76,104.14,98.41,102.88,7547385.0
2022-04-20,103.5,104.42,100.6,101.04,5947540.0
2022-04-21,102.31,104.34,97.77,98.33,7071580.0
2022-04-22,98.81,99.55,93.82,94.28,8805245.0
2022-04-25,92.95,95.48,92.85,94.45,9075680.0
2022-04-26,93.4,94.43,90.78,91.2,9470995.0
2022-04-27,92.55,94.88,91.88,93.26,13400745.0
2022-04-28,101.6,102.8,96.95,100.8,18820340.0
2022-04-29,98.02,101.8,95.42,95.62,7277060.0
2022-05-02,94.94,97.06,93.8,96.9,7055825.0
2022-05-03,96.53,97.68,93.92,96.37,6524520.0
2022-05-04,97.05,100.22,92.02,99.89,9247420.0
2022-05-05,99.32,99.32,92.4,93.87,9589275.0
2022-05-06,93.36,93.69,87.62,91.35,9827265.0
2022-05-09,88.6,90.06,84.52,85.17,14239370.0
2022-05-10,87.54,88.88,83.31,86.46,9478720.0
2022-05-11,85.5,89.6,83.74,84.07,9473430.0
2022-05-12,83.72,88.62,81.29,86.59,13509695.0
2022-05-13,87.55,91.94,87.27,90.53,10467825.0
2022-05-16,89.25,90.36,86.16,86.59,8314570.0
2022-05-17,88.68,90.3,83.41,86.57,10688225.0
2022-05-18,85.6,86.92,81.64,82.45,8893595.0
2022-05-19,82.9,87.14,82.06,85.35,10223265.0
2022-05-20,87.53,89.34,83.97,86.61,8627680.0
2022-05-23,86.18,87.79,84.86,86.02,9763375.0
2022-05-24,85.64,86.02,82.21,83.93,8662505.0
2022-05-25,84.65,91.52,84.37,90.46,16291950.0
2022-05-26,90.02,92.15,88.8,90.97,8949305.0
2022-05-27,92.64,95.99,92.58,95.26,9751840.0
2022-05-31,94.41,95.28,92.53,93.49,12059710.0
2022-06-01,98.21,99.4,94.15,95.03,8349450.0
2022-06-02,93.93,102.15,93.93,100.96,10023990.0
2022-06-03,99.17,101.13,96.94,98.5,5644750.0
2022-06-06,99.4,100.2,97.48,98.51,4721590.0
2022-06-07,97.0,102.09,97.0,101.29,6484770.0
2022-06-08,100.38,101.87,100.1,101.08,5578025.0
2022-06-09,100.13,101.56,98.39,98.44,4768165.0
2022-06-10,95.67,97.58,93.76,94.63,6218580.0
2022-06-13,90.0,91.77,87.8,88.07,7467225.0
2022-06-14,88.38,90.3,87.57,88.95,5394170.0
2022-06-15,90.24,95.09,89.81,93.19,9754300.0
2022-06-16,89.54,91.12,84.83,85.62,15155120.0
2022-06-17,85.6,90.21,85.6,88.76,11811785.0
2022-06-21,90.57,92.31,89.97,91.05,5680985.0
2022-06-22,89.99,93.22,89.67,91.73,4918965.0
2022-06-23,93.26,97.35,93.26,97.11,7195440.0
2022-06-24,99.03,101.28,98.8,100.82,8501235.0
2022-06-27,101.1,101.94,97.85,99.34,5636215.0
2022-06-28,99.5,100.05,94.2,94.69,6272005.0
2022-06-29,94.72,96.69,93.5,95.56,4891435.0
2022-06-30,94.55,95.98,91.93,95.1,8870370.0
2022-07-01,94.8,97.09,93.82,96.87,7528900.0
2022-07-05,95.0,99.5,94.8,99.19,7319635.0
2022-07-06,100.07,101.29,97.58,98.66,5267290.0
2022-07-07,98.6,100.38,98.03,99.41,6258770.0
2022-07-08,97.86,99.88,97.17,98.83,7430800.0
2022-07-11,97.79,99.11,96.12,98.08,4806470.0
2022-07-12,92.25,93.35,84.96,85.59,34316535.0
2022-07-13,83.28,86.94,82.33,84.55,15927280.0
2022-07-14,83.3,86.09,81.5,84.19,10826810.0
2022-07-15,86.4,88.15,85.52,87.12,10787665.0
2022-07-18,87.52,88.5,85.2,85.35,9056400.0
2022-07-19,86.44,87.38,84.05,87.19,7112740.0
2022-07-20,88.2,91.66,88.2,91.37,7315175.0
2022-07-21,89.88,92.17,88.0,92.06,10236780.0
2022-07-22,92.3,93.18,88.77,89.35,6255500.0
2022-07-25,89.14,89.14,87.33,88.0,5154160.0
2022-07-26,88.72,88.72,83.56,84.56,9157820.0
2022-07-27,86.41,90.03,85.73,89.72,11180820.0
2022-07-28,86.25,89.26,84.74,87.3,19568330.0
2022-07-29,85.85,89.75,85.29,89.33,10093760.0
2022-08-01,87.8,91.11,87.14,90.75,8647675.0
2022-08-02,89.14,92.21,88.45,90.89,5564780.0
2022-08-03,92.15,94.58,91.43,94.29,7002700.0
2022-08-04,93.56,99.1,92.73,98.6,16629820.0
2022-08-05,95.62,100.65,95.05,98.97,14888285.0
2022-08-08,99.02,100.7,98.4,98.99,8184740.0
2022-08-09,98.6,99.55,96.7,97.49,4916495.0
2022-08-10,100.57,103.32,100.2,103.24,9155600.0
2022-08-11,104.0,104.32,99.48,99.89,7408405.0
2022-08-12,101.33,101.6,98.6,101.3,8309415.0
2022-08-15,100.17,102.2,99.71,100.81,4964775.0
2022-08-16,99.8,100.08,98.31,99.35,7162015.0
2022-08-17,97.8,98.73,97.1,97.75,4373265.0
2022-08-18,97.27,98.09,96.04,97.92,4908235.0
2022-08-19,96.83,96.94,94.66,95.25,4907395.0
2022-08-22,93.31,93.85,91.15,91.94,5096420.0
2022-08-23,92.0,92.81,91.28,92.0,3950950.0
2022-08-24,92.38,92.68,91.03,91.5,4175415.0
2022-08-25,91.76,93.27,90.66,93.21,5280850.0
2022-08-26,93.46,93.5,88.93,88.94,4488935.0
2022-08-29,87.71,89.52,87.1,87.16,4299650.0
2022-08-30,88.5,88.82,85.9,87.37,4802590.0
2022-08-31,88.0,89.2,86.77,86.92,6977350.0
2022-09-01,85.96,86.34,83.34,86.11,7897035.0
2022-09-02,87.67,89.5,86.26,86.9,7788620.0
2022-09-06,86.74,87.55,84.87,86.09,4797385.0
2022-09-07,86.2,89.28,86.04,88.83,4408970.0
2022-09-08,87.81,90.65,87.62,90.15,6056385.0
2022-09-09,91.62,94.38,91.5,94.01,6960080.0
2022-09-12,95.03,96.54,93.85,95.26,5874320.0
2022-09-13,90.0,91.68,89.88,90.48,7248755.0
2022-09-14,90.87,92.11,89.64,91.5,5157690.0
2022-09-15,89.21,91.56,86.84,87.11,9825195.0
2022-09-16,85.8,86.8,84.22,85.16,10690895.0
2022-09-19,84.56,85.3,83.77,85.01,4426385.0
2022-09-20,84.3,84.3,82.2,82.24,8290655.0
2022-09-21,83.04,83.79,80.28,80.29,12601975.0
2022-09-22,79.97,80.89,77.34,77.39,12089685.0
2022-09-23,76.4,77.47,74.87,75.41,11059275.0
2022-09-26,75.3,76.52,73.54,74.02,11885870.0
2022-09-27,75.35,75.86,74.24,75.79,10469730.0
2022-09-28,75.6,78.08,75.28,77.77,7693335.0
2022-09-29,76.58,77.26,75.55,77.1,7487520.0
2022-09-30,77.0,79.22,75.44,75.52,9127360.0
2022-10-03,76.02,78.8,74.95,78.34,11638080.0
2022-10-04,80.2,82.73,80.17,82.31,9894150.0
2022-10-05,80.55,85.15,80.4,84.12,8857760.0
2022-10-06,84.33,86.68,83.31,83.69,8716800.0
2022-10-07,82.26,82.49,79.79,80.24,6176915.0
2022-10-10,80.28,80.44,75.43,76.36,8949375.0
2022-10-11,76.33,76.34,73.38,74.26,10207875.0
2022-10-12,74.37,75.26,73.19,73.83,9183350.0
2022-10-13,69.55,73.31,67.4,72.38,13700685.0
2022-10-14,73.2,73.37,68.18,68.35,16007680.0
2022-10-17,70.29,71.78,69.5,69.72,12853595.0
2022-10-18,72.47,73.49,70.21,71.36,10494115.0
2022-10-19,70.14,71.97,70.1,71.09,6921310.0
2022-10-20,71.23,73.29,70.21,71.25,8277095.0
2022-10-21,70.66,72.33,69.46,72.13,7255000.0
2022-10-24,74.3,74.3,71.85,73.31,8327355.0
2022-10-25,73.72,75.5,73.0,75.33,10656870.0
2022-10-26,70.64,76.52,70.2,73.28,18033595.0
2022-10-27,85.4,85.53,81.72,83.13,28124660.0
2022-10-28,83.25,84.29,80.75,84.08,15609530.0
2022-10-31,83.6,85.65,82.98,84.15,9490700.0
2022-11-01,85.53,86.05,83.32,83.71,6793650.0
2022-11-02,83.87,83.87,78.47,78.54,8859705.0
2022-11-03,78.12,79.12,76.97,77.11,6892485.0
2022-11-04,77.7,77.99,70.84,72.35,14188505.0
2022-11-07,73.0,73.02,70.25,72.64,8590520.0
2022-11-08,73.0,75.06,71.82,74.23,7859350.0
2022-11-09,73.0,73.77,72.24,72.25,5762830.0
2022-11-10,78.65,82.11,78.13,80.81,14567815.0
2022-11-11,81.4,84.89,80.94,81.98,10719645.0
2022-11-14,80.3,81.32,78.24,80.08,7792400.0
2022-11-15,83.49,85.08,82.84,83.9,9238035.0
2022-11-16,82.74,83.5,81.08,82.44,5841825.0
2022-11-17,80.8,81.75,79.57,80.12,7625835.0
2022-11-18,81.58,82.0,78.86,79.88,6018955.0
2022-11-21,79.35,79.35,76.5,77.48,6670370.0
2022-11-22,77.9,80.39,76.81,80.06,6877620.0
2022-11-23,79.97,82.12,79.35,81.87,5204480.0
2022-11-25,81.34,81.92,80.8,81.44,2007050.0
2022-11-28,80.79,81.24,79.5,80.39,5232520.0
2022-11-29,80.17,80.43,78.94,79.37,5095820.0
2022-11-30,78.82,83.45,78.6,83.26,10439560.0
2022-12-01,83.23,86.28,82.94,85.12,8899075.0
2022-12-02,83.89,84.32,81.95,82.57,6223745.0
2022-12-05,81.2,81.97,77.03,78.45,8581610.0
2022-12-06,78.45,78.96,76.31,77.83,7366635.0
2022-12-07,77.85,79.16,77.01,77.7,5060680.0
2022-12-08,78.42,79.61,77.04,79.25,5161600.0
2022-12-09,78.81,80.65,78.61,78.72,4190935.0
2022-12-12,79.11,81.41,78.94,80.33,7376185.0
2022-12-13,84.89,86.43,82.02,83.23,9725175.0
2022-12-14,83.04,85.85,82.31,83.68,7478455.0
2022-12-15,81.65,82.77,79.94,80.13,5811375.0
2022-12-16,79.97,80.87,78.43,78.87,9362645.0
2022-12-19,78.86,79.6,76.2,76.46,6980875.0
2022-12-20,75.3,77.67,75.16,77.29,4773130.0
2022-12-21,77.67,79.07,76.23,78.38,4815870.0
2022-12-22,76.79,77.35,74.73,75.99,6414880.0
2022-12-23,75.0,76.38,74.29,76.37,4283205.0
2022-12-27,76.03,76.77,74.82,76.13,4144920.0
2022-12-28,76.09,77.12,74.55,75.21,3860715.0
2022-12-29,76.19,78.42,75.8,77.97,4601250.0
2022-12-30,76.98,77.93,76.46,77.65,3496020.0
2023-01-03,79.02,79.73,76.13,77.1,5440375.0
2023-01-04,78.19,79.41,76.95,78.77,7024710.0
2023-01-05,77.69,77.94,73.05,73.26,8947895.0
2023-01-06,74.0,74.32,70.72,73.31,13379530.0
2023-01-09,74.57,78.6,74.57,75.71,10435825.0
2023-01-10,75.1,76.75,74.87,76.17,5320880.0
2023-01-11,76.96,78.78,76.64,78.76,6289430.0
2023-01-12,82.28,84.17,79.17,82.65,11568100.0
2023-01-13,81.73,83.47,81.61,82.98,5590730.0
2023-01-17,83.0,83.88,81.59,83.65,6743370.0
2023-01-18,84.16,86.3,82.93,83.24,8627225.0
2023-01-19,83.42,86.85,83.06,85.69,13390165.0
2023-01-20,85.98,88.65,85.72,88.37,7611280.0
2023-01-23,88.2,90.16,87.35,88.49,9026395.0
2023-01-24,88.0,89.2,87.4,88.68,7059615.0
2023-01-25,85.75,89.86,85.46,89.75,17170450.0
2023-01-26,92.22,95.55,88.93,92.61,31744315.0
2023-01-27,91.5,93.43,90.33,91.77,11754005.0
2023-01-30,90.4,90.64,88.02,88.51,11593070.0
2023-01-31,88.9,91.08,88.46,91.03,10177500.0
2023-02-01,91.08,95.5,90.65,94.76,11242905.0
2023-02-02,96.68,98.92,95.89,98.25,11491850.0
2023-02-03,95.83,96.94,93.78,94.44,8573800.0
2023-02-06,91.1,93.03,90.55,91.04,12291770.0
2023-02-07,90.97,93.25,90.1,92.65,6712085.0
2023-02-08,92.92,94.44,92.19,92.8,7829000.0
2023-02-09,94.05,94.89,92.21,92.66,7613740.0
2023-02-10,91.9,92.2,90.87,91.67,8277905.0
2023-02-13,91.86,92.76,90.4,92.21,5890760.0
2023-02-14,91.33,93.9,91.12,92.27,4887770.0
2023-02-15,91.8,92.9,91.3,92.78,5279370.0
2023-02-16,90.0,92.2,89.85,90.74,5751640.0
2023-02-17,89.94,90.59,86.88,87.8,9817590.0
2023-02-21,86.2,87.42,85.71,86.37,5493015.0
2023-02-22,87.4,89.41,87.06,87.97,6185430.0
2023-02-23,88.08,88.56,86.76,88.34,4733615.0
2023-02-24,86.46,86.92,84.75,85.12,5427295.0
2023-02-27,86.25,87.53,85.53,85.71,7409455.0
2023-02-28,85.13,86.84,85.13,86.43,7343910.0
2023-03-01,86.39,87.08,85.21,85.79,4585925.0
2023-03-02,86.02,87.28,85.12,87.21,5782990.0
2023-03-03,88.11,89.08,87.83,88.8,4957410.0
2023-03-06,89.1,90.98,88.87,89.2,5470295.0
2023-03-07,89.12,90.91,88.75,88.96,6075955.0
2023-03-08,88.87,90.1,88.3,89.39,4088135.0
2023-03-09,88.67,90.16,85.62,85.7,7344235.0
2023-03-10,85.8,85.85,81.86,83.02,9417720.0
2023-03-13,82.59,85.19,81.07,82.99,8423400.0
2023-03-14,84.16,85.2,83.39,84.91,5682010.0
2023-03-15,83.74,84.53,82.96,84.45,5931450.0
2023-03-16,84.57,88.58,84.3,88.48,10373735.0
2023-03-17,88.73,88.73,86.92,88.2,14587115.0
2023-03-20,87.61,87.9,85.17,87.03,6895415.0
2023-03-21,87.6,89.57,87.22,89.09,6410050.0
2023-03-22,89.44,89.75,86.69,86.7,4657320.0
2023-03-23,88.09,90.39,87.53,88.09,5825655.0
2023-03-24,87.77,87.84,85.42,86.58,4613495.0
2023-03-27,87.24,87.55,86.03,86.26,4676130.0
2023-03-28,85.82,86.38,85.4,85.82,5445555.0
2023-03-29,86.71,87.8,86.26,87.69,6522300.0
2023-03-30,88.71,88.77,87.62,87.93,5393445.0
2023-03-31,88.62,93.08,88.32,92.94,12269480.0
2023-04-03,92.31,93.18,91.48,92.9,6789620.0
2023-04-04,95.09,96.47,94.48,95.21,11234880.0
2023-04-05,95.15,95.2,92.06,93.47,6727725.0
2023-04-06,92.79,94.73,91.49,94.63,8455685.0
2023-04-10,93.23,94.61,91.28,94.53,6212950.0
2023-04-11,93.2,94.78,92.87,93.96,4887430.0
2023-04-12,94.82,96.17,93.9,94.29,8111180.0
2023-04-13,95.06,97.12,94.59,96.7,7993240.0
2023-04-14,93.14,93.96,90.94,92.61,15374335.0
2023-04-17,93.0,94.34,92.71,94.11,5354290.0
2023-04-18,95.63,95.63,94.0,95.2,5905405.0
2023-04-19,95.38,95.67,94.63,95.12,5091740.0
2023-04-20,94.66,94.76,93.08,93.54,5193115.0
2023-04-21,94.04,94.83,93.02,94.66,5459380.0
2023-04-24,95.06,95.32,93.05,94.6,6116365.0
2023-04-25,93.35,93.65,88.4,88.46,10282405.0
2023-04-26,90.0,90.9,89.18,90.81,14426315.0
2023-04-27,88.05,91.73,85.54,90.87,24270545.0
2023-04-28,90.85,92.34,89.84,91.88,11801375.0
2023-05-01,91.26,91.26,89.86,90.08,7120465.0
2023-05-02,90.11,90.2,87.88,88.74,6420270.0
2023-05-03,88.71,89.38,87.29,87.42,5957600.0
2023-05-04,87.81,88.51,85.79,86.1,8291680.0
2023-05-05,86.6,87.93,86.31,86.96,6513290.0
2023-05-08,87.38,87.91,85.81,87.8,7231740.0
2023-05-09,87.4,89.17,87.01,88.28,5857680.0
2023-05-10,89.84,92.0,89.25,90.83,7688580.0
2023-05-11,90.8,91.09,89.49,90.51,10091805.0
2023-05-12,90.6,91.49,89.33,91.04,6104745.0
2023-05-15,90.66,92.93,90.45,92.63,7506085.0
2023-05-16,92.58,95.6,92.35,93.65,8092165.0
2023-05-17,95.9,98.99,95.43,98.58,16073680.0
2023-05-18,100.0,102.52,99.16,102.03,14294175.0
2023-05-19,102.0,102.35,100.55,102.06,8510775.0
2023-05-22,101.32,103.42,101.23,102.28,6802610.0
2023-05-23,101.6,102.36,99.97,100.03,5620225.0
2023-05-24,99.34,101.25,98.83,100.51,5487300.0
2023-05-25,104.38,107.96,103.56,106.36,15811995.0
2023-05-26,106.93,109.91,106.36,107.49,10671475.0
2023-05-30,109.35,111.32,108.87,109.82,9684765.0
2023-05-31,107.87,109.65,106.76,108.96,11927430.0
2023-06-01,107.2,110.12,106.4,108.59,7398655.0
2023-06-02,109.2,110.89,108.26,109.64,6390970.0
2023-06-05,109.62,111.97,108.47,111.34,6580015.0
2023-06-06,111.3,112.73,111.04,111.16,6939330.0
2023-06-07,111.11,111.56,105.45,105.66,12030740.0
2023-06-08,105.92,108.29,105.22,107.07,7292060.0
2023-06-09,107.65,109.0,106.31,106.81,6849295.0
2023-06-12,107.8,109.38,106.43,109.27,6478560.0
2023-06-13,111.2,111.92,109.85,110.94,6726590.0
2023-06-14,110.99,113.6,110.8,113.46,6416935.0
2023-06-15,112.33,115.34,112.33,114.87,6594710.0
2023-06-16,114.8,114.93,112.99,113.1,10442475.0
2023-06-20,111.66,113.93,111.09,111.9,5590470.0
2023-06-21,111.56,111.93,109.12,109.36,5645450.0
2023-06-22,108.65,110.05,107.8,109.97,6190270.0
2023-06-23,108.25,110.33,107.38,108.6,6841475.0
2023-06-26,108.27,110.23,107.33,107.59,4832640.0
2023-06-27,108.23,109.02,107.0,107.99,4269250.0
2023-06-28,107.79,109.84,107.46,109.73,4805070.0
2023-06-29,109.99,110.15,108.54,109.62,3550885.0
2023-06-30,111.16,113.33,110.81,112.39,6628075.0
2023-07-03,112.17,112.91,111.19,112.57,2366790.0
2023-07-05,111.28,113.44,111.23,113.15,5580935.0
2023-07-06,111.4,112.11,109.69,111.17,5096405.0
2023-07-07,111.06,112.66,110.56,110.6,4280175.0
2023-07-10,110.6,113.17,110.6,113.12,5885505.0
2023-07-11,113.72,114.25,111.51,112.29,5671625.0
2023-07-12,113.47,114.17,111.45,112.27,5840600.0
2023-07-13,113.32,115.89,113.0,115.49,6568200.0
2023-07-14,115.74,116.85,115.2,116.08,4582200.0
2023-07-17,116.53,119.0,116.4,118.48,5216515.0
2023-07-18,117.96,120.4,116.78,119.43,6319975.0
2023-07-19,122.0,122.87,119.91,120.65,8683320.0
2023-07-20,119.52,120.18,115.16,115.78,7753530.0
2023-07-21,118.13,118.6,116.2,116.4,4049995.0
2023-07-24,117.24,117.44,115.21,115.61,4877265.0
2023-07-25,115.8,117.53,115.8,116.48,5389830.0
2023-07-26,114.78,117.02,114.24,115.45,9063920.0
2023-07-27,118.97,120.13,111.34,111.98,15369930.0
2023-07-28,113.51,113.94,111.87,113.91,10210645.0
2023-07-31,114.6,116.73,114.6,116.6,8353860.0
2023-08-01,116.0,118.3,115.04,118.08,5519150.0
2023-08-02,115.98,116.57,112.21,112.63,8729550.0
2023-08-03,111.59,112.5,111.2,112.08,4320075.0
2023-08-04,112.73,113.0,110.0,110.33,8170755.0
2023-08-07,111.07,111.38,109.81,110.98,6135965.0
2023-08-08,109.36,110.75,108.35,110.57,5425770.0
2023-08-09,110.44,111.0,109.02,110.07,4696635.0
2023-08-10,111.4,113.21,110.03,111.0,5647710.0
2023-08-11,110.15,111.71,110.0,111.49,4009005.0
2023-08-14,110.51,113.35,110.15,113.24,3854945.0
2023-08-15,113.5,114.8,111.69,111.92,4152295.0
2023-08-16,111.4,112.2,109.65,109.9,4945985.0
2023-08-17,110.09,110.41,108.14,108.73,4949700.0
2023-08-18,106.6,108.68,106.51,108.3,4188905.0
2023-08-21,108.57,111.06,108.51,110.94,4237335.0
2023-08-22,111.92,112.85,111.26,112.36,4448430.0
2023-08-23,112.89,115.39,112.4,113.6,5688875.0
2023-08-24,115.4,115.4,109.89,109.91,4555555.0
2023-08-25,110.89,113.41,110.28,112.73,3401505.0
2023-08-28,113.32,114.4,112.47,113.66,2938515.0
2023-08-29,113.41,116.18,112.6,115.77,3919755.0
2023-08-30,115.68,117.74,115.31,117.65,4278600.0
2023-08-31,118.0,119.29,116.9,117.77,6656800.0
2023-09-01,118.7,119.32,117.5,118.18,3633635.0
2023-09-05,117.82,119.93,116.9,119.43,3591730.0
2023-09-06,118.63,119.88,118.32,119.7,3341005.0
2023-09-07,118.25,120.29,117.87,119.86,5200035.0
2023-09-08,119.59,120.92,119.42,120.01,3640670.0
2023-09-11,120.7,121.58,120.16,121.19,4802270.0
2023-09-12,119.6,120.7,117.74,117.77,4647215.0
2023-09-13,117.21,118.57,116.71,118.28,3193490.0
2023-09-14,118.69,119.0,117.08,118.02,3340685.0
2023-09-15,117.72,117.86,115.3,115.92,8551745.0
2023-09-18,115.76,116.88,115.33,115.7,3304970.0
2023-09-19,115.87,115.87,113.31,114.47,4148290.0
2023-09-20,115.59,116.69,113.95,114.11,3884430.0
2023-09-21,112.4,112.98,109.8,109.91,5355790.0
2023-09-22,110.36,111.78,110.12,110.82,5535830.0
2023-09-25,110.5,111.93,110.26,111.9,4007235.0
2023-09-26,110.71,110.95,107.73,108.93,7545800.0
2023-09-27,109.91,110.36,108.08,109.28,5081460.0
2023-09-28,106.87,111.23,105.6,110.7,5789935.0
2023-09-29,112.42,113.23,111.7,111.79,6685590.0
2023-10-02,110.95,112.03,109.96,111.05,4967815.0
2023-10-03,109.99,111.27,107.38,108.25,6860350.0
2023-10-04,108.92,110.11,108.33,109.73,3525080.0
2023-10-05,108.97,109.7,107.21,109.43,3312545.0
2023-10-06,108.58,113.12,107.8,112.14,5907595.0
2023-10-09,110.98,113.13,110.69,112.89,4040910.0
2023-10-10,111.21,112.94,109.4,111.66,7040735.0
2023-10-11,112.0,113.04,110.33,111.73,4394040.0
2023-10-12,112.15,113.98,110.9,112.03,4123020.0
2023-10-13,111.75,112.76,109.81,109.93,3885450.0
2023-10-16,109.58,111.54,109.3,110.33,4157700.0
2023-10-17,109.93,114.85,109.76,113.69,6984840.0
2023-10-18,112.56,113.6,109.97,110.14,4360770.0
2023-10-19,111.69,113.68,111.33,112.0,5365015.0
2023-10-20,111.32,111.48,107.23,108.5,7092300.0
2023-10-23,107.35,109.07,106.11,108.28,4715110.0
2023-10-24,109.14,111.39,108.85,110.88,6633345.0
2023-10-25,110.1,110.42,105.45,106.03,10008715.0
2023-10-26,111.53,115.8,109.77,110.19,17733985.0
2023-10-27,111.29,112.8,109.69,110.8,8778055.0
2023-10-30,111.9,114.43,111.62,113.71,7239525.0
2023-10-31,114.17,116.97,112.98,116.37,8074585.0
2023-11-01,116.2,119.02,116.09,118.7,8844350.0
2023-11-02,120.24,122.17,119.68,119.89,8790915.0
2023-11-03,120.26,122.36,118.5,121.35,7391280.0
2023-11-06,121.58,122.2,120.49,121.85,4419720.0
2023-11-07,122.28,125.17,122.08,122.78,8287030.0
2023-11-08,123.22,125.24,123.2,125.07,8510165.0
2023-11-09,125.02,126.5,123.86,123.95,6075615.0
2023-11-10,123.95,127.29,123.11,126.95,5117965.0
2023-11-13,126.76,127.95,126.45,127.68,4982705.0
2023-11-14,129.5,131.37,129.3,130.83,6755625.0
2023-11-15,130.89,131.99,129.79,130.18,6162895.0
2023-11-16,130.0,131.36,129.61,130.46,5235335.0
2023-11-17,130.39,130.94,129.66,130.87,3962875.0
2023-11-20,130.68,133.71,130.52,133.38,5398015.0
2023-11-21,132.95,134.13,132.3,133.68,4631415.0
2023-11-22,134.4,135.61,133.46,133.93,4440875.0
2023-11-24,134.11,134.89,133.76,134.78,2250065.0
2023-11-27,134.4,135.52,133.91,134.11,5049810.0
2023-11-28,133.53,134.52,132.28,133.05,7601840.0
2023-11-29,134.1,136.46,134.1,135.79,7323330.0
2023-11-30,136.4,137.78,135.76,137.15,9164715.0
2023-12-01,137.09,138.95,136.66,138.16,7266495.0
2023-12-04,137.21,138.8,136.14,137.52,5830000.0
2023-12-05,135.89,137.93,135.45,137.64,4574625.0
2023-12-06,138.01,139.08,137.15,137.25,4004555.0
2023-12-07,136.85,137.85,136.06,137.54,3256205.0
2023-12-08,137.89,140.22,137.71,139.82,5418660.0
2023-12-11,139.82,141.77,139.64,141.02,5291040.0
2023-12-12,141.04,143.57,140.9,143.3,4517945.0
2023-12-13,143.4,144.14,142.01,143.13,6057220.0
2023-12-14,142.18,142.42,135.6,136.08,15114275.0
2023-12-15,135.69,139.96,134.8,139.65,10913335.0
2023-12-18,140.17,141.86,139.19,140.74,5614925.0
2023-12-19,141.14,141.7,140.0,141.54,4525370.0
2023-12-20,140.81,141.57,138.72,138.76,4703945.0
2023-12-21,140.15,140.71,138.19,140.15,3935505.0
2023-12-22,140.6,140.77,138.88,139.51,2463110.0
2023-12-26,140.03,140.91,139.74,140.25,2319685.0
2023-12-27,140.26,140.9,139.82,140.75,1947140.0
2023-12-28,141.33,141.51,140.27,140.49,2510790.0
2023-12-29,141.4,142.32,140.11,141.3,4627345.0
2024-01-02,139.41,139.87,135.09,137.5,5652805.0
2024-01-03,135.0,137.49,134.81,135.06,4415125.0
2024-01-04,134.8,135.84,134.24,134.37,4571895.0
2024-01-05,134.43,136.16,134.43,135.23,3618025.0
2024-01-08,136.64,139.56,136.49,139.25,5989470.0
2024-01-09,138.77,140.24,138.2,139.73,4919635.0
2024-01-10,141.29,143.38,140.25,142.86,5058665.0
2024-01-11,144.25,146.86,143.68,145.29,6151070.0
2024-01-12,145.2,146.2,143.75,145.84,4163500.0
2024-01-16,145.85,146.8,145.0,145.51,4675895.0
2024-01-17,145.2,145.8,142.86,145.51,3369005.0
2024-01-18,148.34,149.49,147.09,149.19,6487820.0
2024-01-19,150.09,150.63,148.96,149.82,6776880.0
2024-01-22,151.82,153.36,150.41,150.49,8117765.0
2024-01-23,150.6,150.87,148.61,150.68,5709965.0
2024-01-24,154.3,155.19,152.25,152.68,14034325.0
2024-01-25,156.01,156.78,151.46,153.34,15631125.0
2024-01-26,153.42,156.77,152.9,153.89,8997390.0
2024-01-29,153.33,157.61,153.33,157.45,6650905.0
2024-01-30,157.47,157.98,155.79,157.15,5404105.0
2024-01-31,155.58,155.58,151.51,153.08,6812935.0
2024-02-01,153.75,154.59,152.81,154.2,4427410.0
2024-02-02,154.79,157.4,154.42,156.26,4870960.0
2024-02-05,156.22,157.29,154.22,156.97,5399675.0
2024-02-06,157.56,157.82,153.18,155.49,5487875.0
2024-02-07,156.56,158.69,156.52,158.08,4557010.0
2024-02-08,158.4,160.06,158.17,159.88,4464115.0
2024-02-09,160.47,163.06,160.47,162.59,4547645.0
2024-02-12,163.3,163.3,156.57,157.47,6168835.0
2024-02-13,153.28,156.1,150.05,154.75,8927245.0
2024-02-14,156.9,158.46,155.26,158.4,3869315.0
2024-02-15,159.0,159.69,155.97,156.0,5281890.0
2024-02-16,154.85,155.9,152.93,153.0,5705535.0
2024-02-20,150.62,151.86,147.55,150.57,7425220.0
2024-02-21,147.4,149.72,146.1,149.59,4381195.0
2024-02-22,155.0,158.37,153.53,153.84,10723540.0
2024-02-23,155.07,156.99,153.32,154.19,6486005.0
2024-02-26,154.91,158.12,154.9,155.93,5599720.0
2024-02-27,156.61,156.8,151.39,153.43,7067890.0
2024-02-28,152.7,152.75,150.8,151.96,6330360.0
2024-02-29,153.95,154.66,152.6,154.27,7429855.0
2024-03-01,154.65,155.66,153.67,154.73,4560435.0
2024-03-04,154.6,155.58,152.95,155.22,4932420.0
2024-03-05,153.25,153.44,146.03,148.03,9781380.0
2024-03-06,150.1,150.48,146.53,148.21,6732740.0
2024-03-07,149.69,153.79,147.05,153.62,7931980.0
2024-03-08,154.21,155.51,150.05,151.54,5132955.0
2024-03-11,150.4,151.84,148.9,151.35,4543655.0
2024-03-12,152.1,158.6,152.1,157.91,7649590.0
2024-03-13,159.0,161.55,155.0,155.38,6126745.0
2024-03-14,157.63,158.0,154.62,155.9,4429645.0
2024-03-15,151.86,152.4,147.2,148.78,12692290.0
2024-03-18,150.0,151.94,149.62,151.16,4721815.0
2024-03-19,150.0,151.66,148.56,151.39,6121540.0
2024-03-20,152.12,153.64,151.01,153.51,3514210.0
2024-03-21,156.0,157.18,154.32,154.64,6312560.0
2024-03-22,154.95,155.98,153.86,154.83,4425880.0
2024-03-25,154.11,155.18,151.85,154.93,3602100.0
2024-03-26,155.84,157.76,155.3,155.71,4549205.0
2024-03-27,156.77,157.27,150.7,151.8,7005630.0
2024-03-28,151.93,153.75,151.15,152.48,5418270.0
2024-04-01,152.8,154.62,151.81,153.67,3581645.0
2024-04-02,151.02,151.93,149.65,151.4,3845170.0
2024-04-03,150.5,152.94,150.3,151.83,2820930.0
2024-04-04,153.68,156.45,151.48,151.51,5110345.0
2024-04-05,151.84,158.38,151.69,156.7,6430770.0
2024-04-08,156.67,158.0,154.48,157.12,4994965.0
2024-04-09,158.41,159.09,154.31,156.44,3952015.0
2024-04-10,153.8,154.99,152.82,153.84,4302720.0
2024-04-11,154.0,155.2,152.28,154.27,3738755.0
2024-04-12,153.05,154.99,152.19,153.74,4799295.0
2024-04-15,153.8,154.33,147.09,147.16,5854300.0
2024-04-16,147.6,149.8,147.07,148.96,5427900.0
2024-04-17,149.36,149.8,146.99,147.29,3607880.0
2024-04-18,147.68,147.98,145.47,146.27,3944340.0
2024-04-19,145.0,145.21,141.71,142.78,7701855.0
2024-04-22,144.65,145.0,142.12,144.39,7320830.0
2024-04-23,145.44,148.73,145.44,148.19,5814390.0
2024-04-24,150.79,151.45,147.83,149.26,8513090.0
2024-04-25,142.98,143.41,137.8,143.25,16928555.0
2024-04-26,144.75,146.94,143.97,144.71,7229065.0
2024-04-29,144.65,145.66,142.7,144.23,4011670.0
2024-04-30,143.33,143.49,138.44,138.67,9974475.0
2024-05-01,138.74,140.14,136.78,137.12,6665120.0
2024-05-02,138.6,139.21,137.0,139.14,5788200.0
2024-05-03,142.0,144.93,141.0,143.33,7184230.0
2024-05-06,144.0,145.33,143.68,145.31,5949260.0
2024-05-07,146.0,146.0,139.91,142.67,7762530.0
2024-05-08,143.27,144.39,142.95,144.21,5731060.0
2024-05-09,144.4,145.8,143.6,144.59,5250920.0
2024-05-10,145.0,146.71,145.0,145.96,4103760.0
2024-05-13,146.57,146.57,144.59,146.02,4349495.0
2024-05-14,145.99,147.4,143.55,144.32,5495345.0
2024-05-15,146.0,152.26,145.51,152.11,7527460.0
2024-05-16,152.69,153.82,151.48,151.6,5470570.0
2024-05-17,153.0,153.19,151.51,153.01,4437050.0
2024-05-20,152.71,154.97,152.45,154.84,3671910.0
2024-05-21,155.0,155.59,152.78,155.41,3920990.0
2024-05-22,156.0,156.87,153.89,154.17,4226370.0
2024-05-23,156.34,156.34,151.21,151.63,4304355.0
2024-05-24,149.87,149.94,147.27,147.7,6783625.0
2024-05-28,147.78,147.79,143.66,145.77,7735160.0
2024-05-29,144.4,147.57,144.29,146.22,4371550.0
2024-05-30,137.81,138.51,128.03,128.66,25474900.0
2024-05-31,130.36,131.51,127.6,131.39,21503695.0
2024-06-03,132.44,132.87,129.09,132.02,9536815.0
2024-06-04,131.74,134.92,131.2,134.4,12452240.0
2024-06-05,136.43,141.14,135.24,140.82,13987060.0
2024-06-06,141.25,142.47,139.95,140.63,7052905.0
2024-06-07,140.58,140.8,137.7,139.76,5612415.0
2024-06-10,139.46,142.13,138.71,141.83,4652130.0
2024-06-11,142.35,143.8,141.37,142.41,5303530.0
2024-06-12,144.71,145.9,144.17,144.3,6479445.0
2024-06-13,144.4,145.56,141.83,141.95,5594310.0
2024-06-14,143.12,146.1,143.12,145.72,4787905.0
2024-06-17,144.68,145.87,143.81,145.1,5373685.0
2024-06-18,144.85,146.9,144.15,146.03,5931455.0
2024-06-20,148.03,148.45,145.88,146.86,5920035.0
2024-06-21,147.4,150.11,146.72,149.87,8821510.0
2024-06-24,148.96,149.64,147.54,147.92,6069275.0
2024-06-25,149.0,151.28,148.48,150.96,5180360.0
2024-06-26,150.8,152.27,150.16,150.78,4930230.0
2024-06-27,151.64,156.0,151.33,154.83,5905325.0
2024-06-28,155.3,157.99,154.18,157.33,8607705.0
2024-07-01,157.28,158.1,154.16,157.79,5606710.0
2024-07-02,157.0,158.83,156.32,158.82,4378070.0
2024-07-03,158.73,159.19,157.04,157.18,2887320.0
2024-07-05,157.68,161.3,157.18,161.29,5966360.0
2024-07-08,153.4,155.33,152.29,153.24,10602220.0
2024-07-09,150.28,152.0,147.4,148.8,12168100.0
2024-07-10,148.0,148.68,146.31,148.63,7492975.0
2024-07-11,149.2,151.3,148.27,149.83,6406770.0
2024-07-12,149.8,152.52,148.8,151.7,4545740.0
2024-07-15,153.6,155.3,151.85,153.57,4554885.0
2024-07-16,153.57,154.01,150.9,152.16,4983120.0
2024-07-17,148.86,149.27,146.04,147.21,7277245.0
2024-07-18,147.67,150.12,146.02,147.75,7589785.0
2024-07-19,148.94,151.18,147.6,150.24,5935055.0
2024-07-22,150.96,152.89,150.75,151.3,5256510.0
2024-07-23,152.69,155.19,152.13,153.1,5034875.0
2024-07-24,151.0,151.5,145.85,146.17,10420020.0
2024-07-25,157.87,170.07,156.61,165.76,32742545.0
2024-07-26,165.2,169.37,163.61,165.52,12048605.0
2024-07-29,165.8,166.1,159.71,159.81,9882900.0
2024-07-30,161.15,161.15,156.92,159.76,5953955.0
2024-07-31,163.23,164.29,161.0,162.88,6565845.0
2024-08-01,163.77,167.72,160.42,162.28,6682245.0
2024-08-02,158.17,158.63,153.09,158.13,7843545.0
2024-08-05,151.41,158.19,149.22,156.25,10096865.0
2024-08-06,157.08,162.86,156.26,158.59,7728000.0
2024-08-07,161.13,163.31,154.99,155.26,5308450.0
2024-08-08,158.4,160.54,157.35,159.23,7245065.0
2024-08-09,159.23,163.2,159.23,162.22,3996195.0
2024-08-12,162.66,162.97,160.01,161.32,2697085.0
2024-08-13,162.4,164.57,162.12,163.76,3825305.0
2024-08-14,164.4,165.41,163.1,163.8,4164645.0
2024-08-15,165.32,167.0,164.74,166.42,5828515.0
2024-08-16,165.85,166.21,164.77,165.51,4176020.0
2024-08-19,165.18,166.74,164.24,166.58,3206870.0
2024-08-20,167.0,168.65,166.42,167.64,3923365.0
2024-08-21,168.0,168.08,166.0,167.84,3048865.0
2024-08-22,168.0,168.51,163.9,164.19,3532525.0
2024-08-23,166.0,166.9,163.0,165.65,3510130.0
2024-08-26,165.94,167.35,165.1,165.57,2678530.0
2024-08-27,164.63,167.14,164.63,166.35,2406955.0
2024-08-28,166.34,166.54,161.79,162.82,4320665.0
2024-08-29,164.46,169.8,164.46,166.25,6225225.0
2024-08-30,167.35,171.45,167.17,171.0,9602545.0
2024-09-03,171.28,172.77,166.17,167.17,6306670.0
2024-09-04,165.94,167.28,164.25,166.97,3544930.0
2024-09-05,165.33,168.07,165.01,167.08,3944330.0
2024-09-06,167.8,169.68,163.8,165.01,5354070.0
2024-09-09,166.7,171.4,165.39,171.12,5644405.0
2024-09-10,172.14,173.29,169.5,172.03,4419480.0
2024-09-11,171.65,175.52,168.37,175.19,5009935.0
2024-09-12,176.01,177.9,174.26,177.23,4709140.0
2024-09-13,176.35,176.9,174.58,175.79,4564670.0
2024-09-16,177.0,179.6,175.95,178.49,5410850.0
2024-09-17,178.13,179.92,176.56,177.17,5168130.0
2024-09-18,177.55,179.94,176.46,178.08,4904230.0
2024-09-19,181.6,184.39,180.57,183.85,7420315.0
2024-09-20,184.08,188.02,183.46,187.47,18045915.0
2024-09-23,188.0,189.09,184.58,185.11,6063215.0
2024-09-24,185.11,185.38,181.5,184.72,4994305.0
2024-09-25,178.0,180.2,177.3,178.01,11442490.0
2024-09-26,178.73,178.84,174.29,176.97,7996865.0
2024-09-27,176.87,177.24,175.27,176.36,4533260.0
2024-09-30,175.75,178.96,175.24,178.88,4217995.0
2024-10-01,179.43,179.72,173.33,173.44,6562945.0
2024-10-02,173.4,176.92,172.65,176.08,4665345.0
2024-10-03,174.0,178.44,174.0,178.13,5967810.0
2024-10-04,180.2,183.66,179.28,183.54,5916775.0
2024-10-07,183.82,184.51,179.99,181.19,5615900.0
2024-10-08,184.01,188.6,183.85,184.4,5902645.0
2024-10-09,184.39,188.68,183.19,187.73,5661750.0
2024-10-10,187.01,189.8,186.59,188.93,5546210.0
2024-10-11,188.27,189.35,187.42,187.72,4269235.0
2024-10-14,189.96,189.96,187.18,188.94,2835855.0
2024-10-15,189.4,189.45,185.33,185.59,5406365.0
2024-10-16,185.2,185.4,182.41,183.77,5052320.0
2024-10-17,185.68,186.62,183.02,183.42,3575780.0
2024-10-18,183.6,185.63,183.42,184.35,7113015.0
2024-10-21,180.4,183.73,179.95,183.67,7084195.0
2024-10-22,183.8,184.88,182.87,183.59,5712540.0
2024-10-23,183.8,184.02,180.27,181.54,9234245.0
2024-10-24,189.29,195.96,188.08,191.32,17001205.0
2024-10-25,191.6,192.99,189.43,190.17,7471780.0
2024-10-28,192.13,192.13,189.0,189.0,6191265.0
2024-10-29,190.0,191.56,187.89,190.62,8203790.0
2024-10-30,190.68,192.7,189.9,190.0,4752350.0
2024-10-31,188.51,190.87,185.67,186.6,6662385.0
2024-11-01,187.47,190.23,186.11,188.68,4928265.0
2024-11-04,188.65,192.07,188.32,190.92,4738025.0
2024-11-05,192.2,194.77,191.67,194.21,4127060.0
2024-11-06,199.35,199.41,196.42,198.9,6227715.0
2024-11-07,199.3,204.89,199.0,203.06,6301435.0
2024-11-08,202.19,203.99,201.0,201.62,5474505.0
2024-11-11,202.6,207.6,202.6,207.2,6532690.0
2024-11-12,206.48,210.65,205.42,209.66,6454355.0
2024-11-13,210.94,212.33,208.7,209.11,6567450.0
2024-11-14,209.47,210.8,206.4,207.96,5785880.0
2024-11-15,205.8,205.94,200.6,202.28,7482300.0
2024-11-18,202.6,204.23,200.75,201.07,8757270.0
2024-11-19,199.53,205.17,198.68,204.42,9079945.0
2024-11-20,204.7,206.34,201.26,204.6,5707270.0
2024-11-21,206.6,210.65,206.2,209.41,5553845.0
2024-11-22,209.73,212.92,209.73,212.12,7184735.0
2024-11-25,212.92,213.78,209.83,210.54,9651370.0
2024-11-26,210.7,214.57,210.7,214.01,3720320.0
2024-11-27,212.93,213.04,207.68,208.28,4884950.0
2024-11-29,208.2,210.4,207.67,209.89,2915460.0
2024-12-02,209.9,211.06,209.1,209.69,5284005.0
2024-12-03,210.8,211.53,207.38,211.46,6416810.0
2024-12-04,216.73,225.33,216.0,224.63,10313250.0
2024-12-05,224.36,226.12,222.62,224.74,5376850.0
2024-12-06,227.12,227.4,224.0,224.87,4521530.0
2024-12-09,225.8,226.8,221.14,224.1,6113830.0
2024-12-10,225.0,229.47,222.8,225.57,7996245.0
2024-12-11,228.96,231.58,227.21,229.44,6223915.0
2024-12-12,228.19,230.94,227.4,229.68,3432670.0
2024-12-13,225.36,228.35,222.92,224.22,6735845.0
2024-12-16,223.56,226.91,222.0,225.99,5931365.0
2024-12-17,225.34,226.47,222.13,222.94,6114435.0
2024-12-18,224.6,224.6,211.4,212.2,7934830.0
2024-12-19,213.42,216.16,212.5,214.97,9853220.0
2024-12-20,212.0,220.57,211.0,218.25,10099560.0
2024-12-23,218.8,218.8,214.75,217.65,3934130.0
2024-12-24,219.42,221.31,218.0,221.11,2093445.0
2024-12-26,220.2,221.22,218.72,219.82,2181970.0
2024-12-27,218.4,218.91,212.4,216.29,5083395.0
2024-12-30,212.63,214.72,211.05,213.54,3600265.0
2024-12-31,214.7,214.7,210.59,212.02,4204695.0
2025-01-02,214.2,214.74,208.2,210.87,5137470.0
2025-01-03,211.07,214.83,211.07,214.75,4492430.0
2025-01-06,217.0,217.0,213.72,215.41,4254420.0
2025-01-07,215.84,217.0,208.89,210.83,5665525.0
2025-01-08,212.38,212.6,208.46,209.82,7109180.0
2025-01-10,209.97,209.97,203.35,204.91,7886470.0
2025-01-13,202.23,204.03,199.83,203.15,8557890.0
2025-01-14,205.0,207.41,204.12,206.26,6359780.0
2025-01-15,210.32,211.91,208.2,210.83,6435955.0
2025-01-16,210.8,212.95,210.52,211.43,3160945.0
2025-01-17,214.8,216.0,212.4,214.3,5397885.0
2025-01-21,218.0,220.97,217.24,219.37,7191635.0
2025-01-22,222.0,226.14,222.0,225.03,8179605.0
2025-01-23,225.0,226.84,222.95,226.84,5365480.0
2025-01-24,228.22,229.0,223.76,225.0,4586840.0
2025-01-27,223.23,233.2,222.2,228.12,11203010.0
2025-01-28,230.6,239.62,226.39,234.08,12180715.0
2025-01-29,233.9,234.08,227.04,228.73,12995375.0
2025-01-30,204.42,206.2,198.0,202.55,31020115.0
2025-01-31,206.7,207.15,202.28,203.68,14334260.0
2025-02-03,201.0,206.2,199.61,204.19,10072310.0
2025-02-04,207.18,208.69,199.67,202.03,9587685.0
2025-02-05,201.6,205.77,201.6,205.41,6687790.0
2025-02-06,206.0,207.06,203.66,204.66,6305985.0
2025-02-07,204.2,208.47,200.79,201.66,6931520.0
2025-02-10,203.51,206.62,202.25,204.36,5872700.0
2025-02-11,203.77,204.27,200.79,201.81,5079180.0
2025-02-12,199.6,199.68,196.0,196.48,8378370.0
2025-02-13,196.48,198.4,194.1,197.9,7813555.0
2025-02-14,196.0,197.8,193.32,197.33,7511945.0
2025-02-18,197.38,199.51,194.8,199.5,8358650.0
2025-02-19,199.64,200.57,195.13,197.43,8687050.0
2025-02-20,196.2,196.2,191.77,193.6,6753130.0
2025-02-21,194.08,194.08,186.6,187.68,10010000.0
2025-02-24,188.86,188.9,182.71,185.52,8457205.0
2025-02-25,184.48,185.33,179.64,184.46,10718420.0
2025-02-26,185.97,190.52,185.2,188.39,10008595.0
2025-02-27,189.69,190.67,183.93,184.19,7270715.0
2025-02-28,184.2,186.0,181.49,185.95,7838345.0
2025-03-03,187.2,187.8,180.54,182.06,7726065.0
2025-03-04,180.6,183.47,175.39,181.22,12292760.0
2025-03-05,181.0,184.8,179.68,183.16,7701885.0
2025-03-06,178.0,181.58,171.65,173.42,10810890.0
2025-03-07,172.0,174.0,166.54,170.13,12641650.0
2025-03-10,164.68,166.4,155.58,156.77,19481980.0
2025-03-11,160.0,165.6,158.8,161.68,14989560.0
2025-03-12,165.4,169.85,164.69,168.63,13706540.0
2025-03-13,165.6,167.0,161.19,162.32,9814390.0
2025-03-14,165.5,169.81,164.55,168.87,9263765.0
2025-03-17,168.0,171.14,167.0,168.59,8283005.0
2025-03-18,167.83,167.83,164.07,166.0,8839490.0
2025-03-19,166.11,170.8,166.0,168.82,7806545.0
2025-03-20,165.0,165.65,161.84,164.82,12960500.0
2025-03-21,163.48,165.78,161.76,165.55,14522580.0
2025-03-24,169.56,170.69,168.24,169.95,7997775.0
2025-03-25,170.92,174.2,170.92,172.28,8215005.0
2025-03-26,171.39,172.1,166.81,167.71,6746435.0
2025-03-27,167.01,167.99,164.43,165.55,7394905.0
2025-03-28,164.0,164.2,157.91,159.55,8793380.0
2025-03-31,156.43,159.8,151.57,159.23,14921790.0
2025-04-01,159.64,162.59,158.55,162.31,7711380.0
2025-04-02,158.75,165.43,158.75,164.81,8109950.0
2025-04-03,156.8,157.61,151.45,154.81,10436740.0
2025-04-04,151.27,151.75,143.69,144.33,14492925.0
2025-04-07,137.47,151.73,135.73,147.1,14383255.0
2025-04-08,154.8,155.18,142.64,145.52,10610860.0
2025-04-09,144.31,166.33,144.31,165.19,15456025.0
2025-04-10,160.99,162.0,152.22,156.7,10221560.0
2025-04-11,155.6,157.38,151.0,157.13,10512510.0
2025-04-14,162.06,162.43,157.36,159.96,8585150.0
2025-04-15,160.19,164.98,159.84,163.3,8672310.0
2025-04-16,160.92,164.23,158.15,159.33,9344170.0
2025-04-17,160.01,160.01,153.8,154.43,9014320.0
2025-04-21,151.78,153.11,148.48,151.2,8332220.0
2025-04-22,153.38,155.32,150.49,153.37,7902335.0
2025-04-23,165.47,166.79,161.4,162.54,15014225.0
2025-04-24,180.24,188.8,179.67,187.71,30385820.0
2025-04-25,188.8,192.0,185.83,189.05,14437145.0
2025-04-28,191.01,192.21,185.43,187.48,10247290.0
2025-04-29,187.47,189.45,186.11,188.57,6227340.0
2025-04-30,185.85,191.53,184.08,191.0,9720890.0
2025-05-01,194.72,195.72,191.5,191.59,9034190.0
2025-05-02,195.78,197.1,193.81,195.47,8340480.0
2025-05-05,194.1,198.4,194.1,195.61,6365135.0
2025-05-06,194.0,195.73,192.84,193.05,6391545.0
2025-05-07,194.51,197.46,193.46,196.66,8648825.0
2025-05-08,197.0,198.4,194.56,194.9,7338360.0
2025-05-09,195.65,197.36,194.32,196.01,4596810.0
2025-05-12,203.58,203.58,199.13,203.12,7155745.0
2025-05-13,203.84,208.0,203.4,207.34,7413310.0
2025-05-14,207.4,209.2,205.33,205.36,7067595.0
2025-05-15,206.99,208.13,204.39,207.04,4938045.0
2025-05-16,207.68,208.75,206.62,208.04,5792075.0
2025-05-19,206.05,206.94,203.21,205.15,10355860.0
2025-05-20,203.33,204.93,202.66,204.37,5376315.0
2025-05-21,201.78,206.15,201.12,202.95,6294945.0
2025-05-22,202.95,205.5,202.36,203.15,4280795.0
2025-05-23,200.0,202.86,198.92,200.87,6938940.0
2025-05-27,202.93,205.97,202.6,205.48,5511320.0
2025-05-28,205.48,207.53,203.63,204.26,4953995.0
2025-05-29,204.63,204.92,200.94,203.05,6329475.0
2025-05-30,204.0,204.0,200.52,202.22,13317160.0
2025-06-02,201.83,203.59,200.06,202.42,5011335.0
2025-06-03,202.36,203.25,201.1,202.18,5118650.0
2025-06-04,202.31,203.51,200.59,202.55,3588945.0
2025-06-05,203.9,206.29,202.83,203.52,4520400.0
2025-06-06,205.25,206.92,203.27,206.04,4796675.0
2025-06-09,206.2,206.9,203.61,205.37,4538300.0
2025-06-10,204.23,205.37,199.82,201.96,5946320.0
2025-06-11,202.32,203.54,200.28,200.87,3712125.0
2025-06-12,200.52,203.21,200.52,201.47,4235200.0
2025-06-13,199.8,200.2,195.64,197.73,6661355.0
2025-06-16,198.22,203.39,198.22,201.03,6152190.0
2025-06-17,200.44,202.4,199.87,200.98,4099460.0
2025-06-18,201.38,201.41,195.84,196.42,6043730.0
2025-06-20,197.26,197.26,193.09,194.28,10026060.0
2025-06-23,194.28,196.27,191.37,196.08,5493150.0
2025-06-24,198.41,199.9,197.0,199.26,7566845.0
2025-06-25,199.48,202.8,199.48,201.03,5967995.0
2025-06-26,201.44,202.71,198.9,202.29,6020910.0
2025-06-27,203.4,206.61,202.41,204.48,7571480.0
2025-06-30,204.81,207.27,203.69,205.62,5043105.0
2025-07-01,205.64,206.39,198.95,202.38,6220625.0
2025-07-02,200.5,202.21,198.4,201.95,4358265.0
2025-07-03,203.55,211.48,203.0,208.94,6029430.0
2025-07-07,208.65,209.8,205.52,207.0,5665875.0
2025-07-08,207.44,207.75,202.25,204.6,7299565.0
2025-07-09,204.2,205.6,201.8,202.74,5767745.0
2025-07-10,202.52,202.74,193.06,193.62,10018465.0
2025-07-11,192.12,193.2,186.83,187.76,10771140.0
2025-07-14,187.74,192.87,187.03,192.36,9062750.0
2025-07-15,193.05,194.87,191.2,191.38,6320390.0
2025-07-16,192.99,193.82,190.68,193.39,4922615.0
2025-07-17,194.9,195.0,191.0,191.83,6375875.0
2025-07-18,192.4,192.7,189.95,192.68,5778285.0
2025-07-21,191.91,193.82,191.6,191.98,5561860.0
2025-07-22,193.0,194.79,191.37,192.47,5874945.0
2025-07-23,191.42,193.37,189.57,191.29,9874210.0
2025-07-24,206.93,210.2,196.4,199.24,20340930.0
2025-07-25,200.07,200.2,192.82,193.76,9994350.0
2025-07-28,195.2,199.21,195.2,197.15,7373195.0
2025-07-29,198.41,201.15,196.46,198.64,6035845.0
2025-07-30,199.15,199.15,194.6,195.5,5463410.0
2025-07-31,195.2,196.4,188.01,188.62,10652450.0
2025-08-01,186.84,187.46,181.9,182.87,9053360.0
2025-08-04,183.47,185.92,183.05,184.6,6426655.0
2025-08-05,183.94,185.1,180.89,181.02,7238530.0
2025-08-06,182.29,182.61,180.57,182.46,5339765.0
2025-08-07,184.95,184.95,172.4,174.82,13977975.0
2025-08-08,175.26,176.4,172.43,174.5,9511800.0
2025-08-11,173.58,176.0,170.18,171.27,11846685.0
2025-08-12,171.95,171.95,168.01,170.69,14348905.0
2025-08-13,171.46,172.88,168.54,172.66,12266030.0
2025-08-14,171.23,172.6,169.27,170.17,8940225.0
2025-08-15,170.11,173.59,169.72,173.45,8791440.0
2025-08-18,173.45,178.45,173.07,178.41,12885220.0
2025-08-19,178.6,180.18,176.19,177.36,10919820.0
2025-08-20,176.85,179.78,176.0,178.05,9857210.0
2025-08-21,177.19,177.68,174.61,175.39,5632065.0
2025-08-22,175.67,179.28,174.6,177.35,5421600.0
2025-08-25,177.42,178.03,175.74,175.99,4306000.0
2025-08-26,175.8,176.0,171.02,172.93,13415415.0
2025-08-27,174.14,177.92,173.64,177.6,6009705.0
2025-08-28,178.1,187.16,177.95,185.72,15215845.0
2025-08-29,185.0,186.8,181.94,183.49,9409585.0
2025-09-02,180.23,182.85,178.93,182.28,6238965.0
2025-09-03,181.8,184.27,178.9,183.88,6689640.0
2025-09-04,181.9,182.04,175.64,179.71,8518750.0
2025-09-05,180.6,183.24,180.27,182.76,6417060.0
2025-09-08,183.03,188.96,182.51,187.87,8180800.0
2025-09-09,189.0,189.0,185.56,186.73,5982205.0
2025-09-10,187.2,188.98,183.87,184.71,8242330.0
2025-09-11,185.71,188.53,184.73,187.66,5865625.0
2025-09-12,188.3,188.37,185.39,185.79,3555680.0
2025-09-15,186.09,191.23,185.95,189.48,7730855.0
2025-09-16,189.0,189.29,185.69,186.4,6501790.0
2025-09-17,187.66,190.75,186.65,190.07,6420010.0
2025-09-18,191.31,192.41,188.1,189.55,7453745.0
2025-09-19,191.01,193.15,190.0,192.23,14034865.0
2025-09-22,191.5,191.5,186.18,189.56,6039730.0
2025-09-23,189.51,190.1,185.29,185.53,7033700.0
2025-09-24,191.2,194.73,186.22,186.67,10109650.0
2025-09-25,185.4,185.64,182.09,183.72,5941595.0
2025-09-26,183.94,187.63,183.34,187.2,4457225.0
2025-09-29,188.41,190.91,187.85,188.17,5115150.0
2025-09-30,187.82,188.33,180.9,184.06,7077210.0
2025-10-01,184.21,187.0,178.45,182.49,9147810.0
2025-10-02,182.0,183.01,179.11,182.02,7560055.0
2025-10-03,182.6,183.94,181.67,182.47,5831815.0
2025-10-06,180.8,185.95,179.11,182.57,6439085.0
2025-10-07,182.8,183.16,178.67,180.85,5972125.0
2025-10-08,181.95,184.07,181.47,182.86,5451780.0
2025-10-09,180.78,183.93,178.75,183.59,5194155.0
2025-10-10,184.0,185.6,177.46,177.74,7015940.0
2025-10-13,180.0,185.15,178.53,184.74,5926115.0
2025-10-14,182.66,184.85,179.47,182.25,4395380.0
2025-10-15,183.47,184.42,179.94,180.61,3815270.0
2025-10-16,182.79,185.8,177.61,178.9,5390135.0
2025-10-17,178.0,181.31,177.59,180.72,4199615.0
2025-10-20,181.33,184.4,181.27,183.51,5358335.0
2025-10-21,183.5,188.89,182.06,188.3,6299580.0
2025-10-22,187.83,189.6,185.58,187.13,6073345.0
2025-10-23,186.64,188.92,185.6,187.83,4222590.0
2025-10-24,189.5,190.0,185.78,186.03,5345630.0
2025-10-27,188.81,190.34,187.4,189.26,5733400.0
2025-10-28,189.86,190.2,187.58,187.58,4715025.0
2025-10-29,186.91,186.91,182.02,182.34,13391690.0
2025-10-30,184.2,192.97,179.38,186.94,15198505.0
2025-10-31,189.32,189.53,180.66,183.86,11872200.0
2025-11-03,184.5,184.5,177.2,182.77,8731480.0
2025-11-04,180.0,181.73,175.31,177.51,9716985.0
2025-11-05,178.33,178.52,174.46,175.93,7601400.0
2025-11-06,175.08,175.8,170.0,171.75,10225905.0
2025-11-07,170.27,172.62,168.11,172.37,8161175.0
2025-11-10,172.77,173.72,170.23,173.26,7044785.0
2025-11-11,172.69,174.13,171.87,172.13,5175670.0
2025-11-12,173.74,174.0,169.83,172.81,7602305.0
2025-11-13,171.54,172.6,168.8,169.94,8146180.0
2025-11-14,168.4,173.06,167.81,170.09,5915000.0
2025-11-17,169.5,170.7,165.64,167.16,5698590.0
2025-11-18,165.2,167.0,162.32,163.59,7637715.0
2025-11-19,163.33,164.23,161.51,163.29,9572290.0
2025-11-20,166.1,166.34,159.46,160.09,8082660.0
2025-11-21,160.43,163.92,159.0,162.69,7288045.0
2025-11-24,162.68,163.9,160.76,163.17,8945590.0
2025-11-25,162.5,166.18,162.2,165.06,7278460.0
2025-11-26,164.95,164.95,159.97,160.54,10030540.0
2025-11-28,161.6,162.8,161.0,162.48,4520350.0
2025-12-01,160.33,165.21,159.8,164.41,6933460.0
2025-12-02,165.72,166.68,164.8,164.88,6550970.0
2025-12-03,164.4,166.6,162.69,166.58,4616290.0
2025-12-04,168.2,169.3,166.14,167.77,5549650.0
2025-12-05,167.97,172.3,167.6,170.87,6469850.0
2025-12-08,170.85,174.39,170.09,170.7,7740005.0
2025-12-09,170.52,172.2,169.8,170.98,4895070.0
2025-12-10,170.46,172.33,169.11,170.71,8457060.0
2025-12-11,170.6,175.0,170.22,173.5,7037075.0
2025-12-12,173.38,174.93,171.58,173.01,7494215.0
2025-12-15,159.6,160.68,152.11,153.04,29603845.0
2025-12-16,154.89,157.21,153.91,156.22,16670255.0
2025-12-17,157.0,161.93,156.29,156.48,11770590.0
2025-12-18,156.51,157.78,151.15,153.38,9640074.0
2025-12-19,152.97,156.16,152.54,155.31,25256078.0
2025-12-22,156.86,157.15,153.15,156.68,11119923.0
2025-12-23,155.5,156.09,151.63,154.36,12563461.0
2025-12-24,153.5,153.94,152.01,152.59,3896794.0
2025-12-26,152.73,154.48,152.21,153.89,5448445.0
2025-12-29,153.07,155.69,152.79,154.58,7156788.0
2025-12-30,153.93,154.69,153.25,154.23,5109556.0
2025-12-31,154.29,154.54,152.68,153.19,5254459.0
2026-01-02,153.08,153.2,145.64,147.45,9894035.0
2026-01-05,146.62,149.81,145.79,147.6,9850232.0
2026-01-06,147.41,149.57,146.7,148.81,6426135.0
2026-01-07,148.0,152.11,147.75,150.9,6191436.0
2026-01-08,149.94,150.3,146.18,146.19,7423550.0
2026-01-09,147.35,147.35,141.43,141.8,11836950.0
2026-01-12,141.82,143.76,141.15,142.64,9896326.0
2026-01-13,142.28,144.7,137.18,138.19,12893036.0
2026-01-14,137.39,138.19,132.61,134.61,15641192.0
2026-01-15,135.04,136.24,129.93,131.17,14567230.0
2026-01-16,129.7,131.35,126.85,127.31,19932598.0
2026-01-20,126.11,128.78,125.03,125.4,19694176.0
2026-01-21,128.0,128.01,123.78,125.3,16104496.0
2026-01-22,126.51,128.73,125.1,128.56,12929515.0
2026-01-23,128.65,133.85,128.23,133.11,16589942.0
2026-01-26,134.55,136.63,133.27,136.34,17472338.0
2026-01-27,135.6,136.03,130.86,131.8,11788459.0
2026-01-28,132.34,133.67,129.14,129.62,20937126.0
2026-01-29,118.84,118.96,113.13,116.73,55087791.0
2026-01-30,117.27,118.83,115.89,117.01,28039842.0
2026-02-02,118.8,121.67,116.35,118.0,18877169.0
2026-02-03,115.0,115.89,108.1,109.77,34706442.0
2026-02-04,107.19,111.15,105.25,111.07,36695854.0
2026-02-05,109.2,112.09,101.72,102.63,36133173.0
2026-02-06,101.68,104.0,98.94,100.74,34687798.0
2026-02-09,100.0,104.25,98.0,103.87,23090920.0
2026-02-10,105.12,108.98,104.9,106.48,21843030.0
2026-02-11,105.71,105.94,99.42,100.58,26036162.0
2026-02-12,101.5,103.71,99.27,103.29,27193207.0
2026-02-13,104.3,107.69,104.3,107.08,22758928.0
2026-02-17,109.98,110.85,103.88,105.91,27320052.0
2026-02-18,105.93,108.26,103.4,107.81,18120289.0
2026-02-19,108.07,109.22,106.19,107.37,13198398.0
2026-02-20,106.0,107.8,103.82,104.27,15098250.0
2026-02-23,102.13,102.13,99.18,100.8,24188997.0
2026-02-24,101.19,105.7,100.51,102.49,18423930.0
2026-02-25,101.63,104.73,100.16,104.23,15411119.0
2026-02-26,107.45,110.15,106.57,109.3,26496300.0
2026-02-27,105.06,108.7,104.0,108.01,19074271.0
2026-03-02,106.05,111.07,105.1,109.42,14764276.0
2026-03-03,107.84,114.92,107.51,113.19,17589867.0
2026-03-04,112.11,115.21,111.5,113.86,17420502.0
2026-03-05,113.8,122.08,113.8,120.38,26554523.0
2026-03-06,120.28,124.66,120.18,124.34,25956731.0
2026-03-09,123.4,126.67,121.29,121.93,20315358.0
2026-03-10,120.99,121.43,114.66,116.61,21857675.0
2026-03-11,117.5,118.83,113.6,115.63,14565176.0
2026-03-12,115.28,117.21,112.42,112.97,18357255.0
2026-03-13,112.9,115.91,111.71,113.62,14838185.0
2026-03-16,116.89,117.2,113.8,114.88,12259665.0
2026-03-17,115.09,118.99,114.2,116.72,13357741.0
2026-03-18,115.6,117.44,113.53,113.71,10070472.0
2026-03-19,114.08,117.09,111.94,113.27,11354934.0
2026-03-20,111.3,112.15,109.12,110.38,18847055.0
2026-03-23,110.76,113.25,109.89,110.95,12212141.0
2026-03-24,109.19,109.25,104.32,104.65,17812584.0
2026-03-25,106.4,106.88,101.14,103.06,14718993.0
2026-03-26,102.75,105.84,100.88,103.64,11585921.0
2026-03-27,102.6,102.67,98.34,99.41,18087129.0
2026-03-30,100.02,105.99,99.5,104.97,18677405.0
2026-03-31,105.92,106.58,104.06,104.55,16799676.0
2026-04-01,105.24,105.9,102.01,104.04,12422830.0
2026-04-02,101.86,103.41,98.46,102.0,16620338.0
2026-04-06,103.2,103.33,100.4,102.42,9136491.0
2026-04-07,102.77,103.96,99.5,100.55,11761494.0
2026-04-08,104.8,105.58,96.96,97.47,19767561.0
2026-04-09,96.5,97.16,88.66,89.81,41936465.0
2026-04-10,88.25,88.91,81.24,83.0,58648121.0
2026-04-13,85.11,89.24,84.18,89.06,31605355.0
2026-04-14,90.65,92.4,87.11,87.79,25078055.0
2026-04-15,90.22,94.83,89.2,94.19,25754493.0
2026-04-16,97.61,99.39,95.37,96.44,21942936.0
2026-04-17,98.24,98.82,96.13,96.66,17722005.0
2026-04-20,97.19,100.67,96.81,99.72,20195776.0
2026-04-21,100.35,104.5,99.06,100.14,24068437.0
2026-04-22,101.48,104.31,101.03,103.07,35006878.0
2026-04-23,87.48,90.02,83.58,84.78,83958539.0
2026-04-24,85.69,90.39,84.93,90.17,38961812.0
2026-04-27,89.11,94.03,87.81,90.45,32734258.0
2026-04-28,91.1,93.0,90.13,90.49,20946653.0
2026-04-29,89.15,89.3,87.1,88.89,18567303.0
2026-04-30,87.99,88.71,85.88,88.31,22067531.0
2026-05-01,90.93,92.6,87.87,91.16,22877222.0
2026-05-04,91.27,95.62,91.1,91.97,21814912.0
2026-05-05,92.44,92.89,89.14,92.01,22662541.0
2026-05-06,92.01,92.01,88.21,89.05,23069466.0
2026-05-07,92.01,95.56,91.89,93.59,27898055.0
2026-05-08,91.31,91.85,88.99,91.18,24658863.0
2026-05-11,91.3,94.75,90.47,91.49,21349318.0
2026-05-12,92.51,92.77,88.68,89.0,22264400.0
2026-05-13,88.6,88.6,86.01,87.05,22040378.0
2026-05-14,87.45,92.0,85.44,90.5,25474995.0
2026-05-15,92.16,96.67,91.97,95.07,34385157.0
2026-05-18,98.8,104.68,97.85,103.42,50872667.0
2026-05-19,110.14,110.83,100.77,101.83,55494636.0
2026-05-20,100.78,103.35,97.5,103.3,29954859.0
2026-05-21,101.38,101.59,98.11,99.69,26386765.0
2026-05-22,102.18,104.59,99.43,102.13,23567566.0
2026-05-26,100.6,102.54,98.72,99.92,23520248.0
2026-05-27,99.21,105.4,98.55,102.12,28442313.0
2026-05-28,107.57,110.16,104.6,108.73,38713489.0
2026-05-29,118.33,124.74,116.29,124.37,67810067.0
2026-06-01,135.47,139.2,131.61,135.86,68539437.0
2026-06-02,130.07,132.74,124.12,127.65,40996526.0
2026-06-03,127.85,128.08,117.34,117.9,33952857.0
2026-06-04,122.1,124.8,119.36,119.36,28083897.0
2026-06-05,119.19,121.2,111.56,112.45,31331478.0
2026-06-08,111.6,115.36,111.2,114.19,19703494.0
2026-06-09,110.38,112.39,103.08,106.97,35758235.0
2026-06-10,105.28,109.79,104.73,106.06,19927074.0
2026-06-11,103.2,105.12,101.33,103.08,28202367.0
2026-06-12,103.15,103.45,98.42,102.15,26004453.0
2026-06-15,104.69,107.18,103.35,104.15,22972432.0
2026-06-16,103.06,105.66,101.2,101.33,17141429.0
2026-06-17,100.7,102.89,95.09,95.48,32034683.0
2026-06-18,95.31,96.24,92.45,95.04,36266933.0
2026-06-22,93.56,97.44,91.48,93.01,24900870.0
2026-06-23,95.06,97.5,94.61,95.94,32513968.0
2026-06-24,94.29,96.99,93.42,93.8,17185908.0
2026-06-25,91.7,92.06,89.39,89.52,23677567.0
2026-06-26,90.41,98.92,90.0,98.34,27257700.0
2026-06-29,100.37,103.21,99.47,99.97,24968683.0
2026-06-30,97.41,99.64,96.95,99.28,19353093.0
2026-07-01,103.67,106.69,101.76,105.8,26380736.0
2026-07-02,106.22,107.68,103.84,106.32,20245073.0
2026-07-06,103.83,110.64,103.34,107.93,16492912.0
2026-07-07,111.55,113.79,109.04,110.73,22299297.0
2026-07-08,106.67,108.44,105.4,107.78,15044852.0
2026-07-09,102.05,109.25,101.51,108.84,14215588.0
2026-07-10,110.85,111.5,105.71,107.71,11074071.0
2026-07-13,109.36,113.03,107.65,111.26,16580049.0
2026-07-14,103.5,107.96,102.61,104.85,23187420.0
2026-07-15,106.67,108.75,104.33,104.73,13748915.0
2026-07-16,104.94,105.86,99.31,104.01,20280592.0
2026-07-17,102.88,105.83,102.64,103.24,16194346.0
2026-07-20,100.5,105.33,98.43,104.7,20507276.0
2026-07-21,101.65,104.58,101.05,102.06,19079216.0
2026-07-22,101.11,101.16,94.74,95.46,43199542.0
2026-07-23,99.94,100.25,91.53,91.94,48927223.0
2026-07-24,95.05,98.93,94.87,98.78,29573623.0
2026-07-27,101.87,108.15,100.35,105.56,32483036.0
2026-07-28,106.57,112.28,106.5,110.62,33584877.0
2026-07-29,110.54,118.36,109.5,115.76,40362780.0
2026-07-30,110.7,113.11,106.38,110.07,29703842.0
2026-07-31,108.56,112.39,106.05,111.23,20478869.0
2026-08-03,114.5,119.64,113.7,114.19,24465287.0
2026-08-04,112.3,118.33,112.0,118.14,19373471.0
2026-08-05,119.9,120.0,115.71,117.22,15524755.0
2026-08-06,113.44,117.42,111.8,117.35,16230023.0
2026-08-07,121.67,126.15,120.96,124.88,26676619.0
2026-08-10,123.81,127.89,123.28,127.44,17198563.0
2026-08-11,126.26,128.97,125.16,127.54,13445786.0
2026-08-12,123.29,125.64,121.85,124.94,12631967.0
2026-08-13,125.49,129.75,121.65,127.25,23098777.0
2026-08-14,128.3,128.65,122.17,124.0,15014880.0
2026-08-17,122.4,123.36,117.58,117.7,20166401.0
2026-08-18,119.61,121.84,117.84,119.49,17304391.0
2026-08-19,118.71,129.6,118.51,127.2,22462531.0
2026-08-20,127.79,131.15,127.1,129.75,16937778.0
2026-08-21,130.17,131.18,127.47,128.48,12488407.0
2026-08-24,128.04,130.15,127.59,128.05,8939489.0
2026-08-25,125.74,129.8,125.25,127.0,12301503.0
2026-08-26,122.17,126.56,121.88,125.8,13317336.0
2026-08-27,130.55,139.32,130.25,138.43,27775541.0
2026-08-28,138.0,145.72,137.8,144.71,28994527.0
2026-08-31,142.42,149.6,141.69,147.99,25996947.0
2026-09-01,144.94,146.96,142.06,142.9,16904059.0
2026-09-02,140.07,142.6,136.38,136.72,14579504.0
2026-09-03,140.55,146.98,140.55,145.59,18158417.0
2026-09-04,143.44,145.26,138.8,141.26,12495352.0
2026-09-08,136.68,136.98,132.46,134.21,14589707.0
2026-09-09,133.78,134.6,130.85,131.11,10653066.0
2026-09-10,131.31,134.7,130.64,131.17,13829277.0
2026-09-11,130.495,134.41,130.495,132.55,10409872.0
