date,open,high,low,close,volume
2012-07-20,9.19,10.35,8.85,8.86,42096340.0
2012-07-23,8.77,9.0,8.52,8.59,4730302.0
2012-07-24,8.66,9.34,8.59,9.25,4300216.0
2012-07-25,9.41,9.84,9.21,9.82,3597646.0
2012-07-26,9.96,10.31,9.68,9.98,2566804.0
2012-07-27,10.14,10.14,9.5,9.5,920110.0
2012-07-30,9.47,9.47,8.98,9.16,1658356.0
2012-07-31,9.16,9.53,8.7,9.53,1712404.0
2012-08-01,9.79,9.79,9.19,9.37,664852.0
2012-08-02,9.28,10.0,8.88,9.19,995824.0
2012-08-03,9.44,9.48,9.04,9.13,1745056.0
2012-08-06,9.29,9.32,8.95,9.13,937342.0
2012-08-07,9.16,9.57,9.09,9.46,2194390.0
2012-08-08,9.37,10.16,9.31,10.15,3023626.0
2012-08-09,10.16,10.41,9.97,10.22,1758778.0
2012-08-10,10.16,10.66,10.08,10.22,1710160.0
2012-08-13,10.19,10.52,10.0,10.46,1331980.0
2012-08-14,10.69,10.72,9.89,9.96,2841898.0
2012-08-15,9.94,10.48,9.62,10.46,1522414.0
2012-08-16,10.59,11.15,10.31,11.09,2231176.0
2012-08-17,11.19,11.41,10.8,11.21,2307340.0
2012-08-20,11.13,11.19,10.83,10.91,1619920.0
2012-08-21,10.91,11.07,10.54,10.72,1485394.0
2012-08-22,10.85,10.86,10.52,10.54,747910.0
2012-08-23,10.54,10.81,10.41,10.69,1291216.0
2012-08-24,10.57,10.96,10.54,10.79,1217248.0
2012-08-27,10.84,10.97,10.44,10.62,1061650.0
2012-08-28,10.62,10.73,10.48,10.65,624910.0
2012-08-29,10.71,10.85,10.52,10.79,971932.0
2012-08-30,10.79,11.11,10.54,10.57,1379122.0
2012-08-31,10.74,10.77,10.52,10.73,553414.0
2012-09-04,10.88,11.71,10.65,11.7,4606804.0
2012-09-05,12.1,12.1,11.52,11.66,2837848.0
2012-09-06,11.79,12.0,11.73,11.9,1348396.0
2012-09-07,12.03,12.04,11.56,11.79,3541018.0
2012-09-10,11.92,12.1,11.86,11.96,8309326.0
2012-09-11,11.13,11.63,10.72,11.1,18155002.0
2012-09-12,11.28,11.38,10.79,10.81,4134262.0
2012-09-13,10.79,11.37,10.79,11.33,4606612.0
2012-09-14,11.43,11.49,11.14,11.16,2547976.0
2012-09-17,11.12,11.33,11.1,11.32,890224.0
2012-09-18,11.17,11.72,11.17,11.53,2594980.0
2012-09-19,11.49,11.49,11.25,11.34,2348434.0
2012-09-20,11.12,11.23,10.78,10.84,1551604.0
2012-09-21,10.91,10.91,10.38,10.67,3152248.0
2012-09-24,10.66,10.81,10.4,10.78,1827754.0
2012-09-25,10.9,11.09,10.69,10.7,2271526.0
2012-09-26,10.66,10.66,10.43,10.54,2356132.0
2012-09-27,10.66,10.87,10.56,10.85,2256568.0
2012-09-28,10.84,10.88,10.21,10.26,6389674.0
2012-10-01,10.27,10.53,10.04,10.1,2384560.0
2012-10-02,10.28,10.4,9.99,10.34,2213944.0
2012-10-03,10.47,11.04,10.36,10.97,4986148.0
2012-10-04,10.97,10.99,10.76,10.96,1057216.0
2012-10-05,10.88,10.94,10.14,10.34,4582990.0
2012-10-08,10.39,10.47,10.24,10.35,1181746.0
2012-10-09,10.2,10.48,10.16,10.32,1481980.0
2012-10-10,10.27,10.59,10.23,10.24,3275074.0
2012-10-11,10.35,10.41,10.13,10.16,1774336.0
2012-10-12,10.41,10.53,10.18,10.49,1922386.0
2012-10-15,10.52,10.96,10.48,10.93,1770358.0
2012-10-16,10.98,10.99,10.71,10.93,1565200.0
2012-10-17,10.87,11.16,10.75,10.91,4474678.0
2012-10-18,10.68,10.68,10.28,10.31,24424210.0
2012-10-19,10.3,10.46,9.84,10.01,5164462.0
2012-10-22,10.02,10.19,10.0,10.0,3093616.0
2012-10-23,10.0,10.03,9.59,9.96,5323000.0
2012-10-24,10.09,10.09,9.81,9.96,2004052.0
2012-10-25,10.02,10.02,9.62,9.68,2664694.0
2012-10-26,9.78,9.78,9.37,9.38,5200096.0
2012-10-31,9.4,9.53,9.0,9.16,6796828.0
2012-11-01,9.29,9.51,9.07,9.37,4828666.0
2012-11-02,9.41,9.46,9.04,9.1,2952850.0
2012-11-05,9.16,9.45,9.05,9.3,3884992.0
2012-11-06,9.3,9.44,9.09,9.23,2161666.0
2012-11-07,9.14,9.21,8.97,8.98,908668.0
2012-11-08,8.97,9.14,8.61,8.66,3613336.0
2012-11-09,8.62,8.89,8.59,8.66,1946164.0
2012-11-12,8.67,8.81,8.63,8.71,1360312.0
2012-11-13,8.79,8.95,8.76,8.87,2869216.0
2012-11-14,9.0,9.03,8.59,8.73,2220796.0
2012-11-15,8.99,8.99,8.43,8.56,1356976.0
2012-11-16,8.45,8.95,8.34,8.88,4039180.0
2012-11-19,8.96,9.34,8.96,9.34,3178504.0
2012-11-20,9.29,9.34,9.0,9.07,1826500.0
2012-11-21,9.03,9.26,8.99,9.24,2382568.0
2012-11-23,9.33,9.38,9.21,9.23,388948.0
2012-11-26,9.19,9.34,8.99,9.31,2030692.0
2012-11-27,9.2,9.55,9.19,9.34,1379728.0
2012-11-28,9.22,9.27,8.82,9.1,1913836.0
2012-11-29,9.12,9.38,9.02,9.31,2075476.0
2012-11-30,9.34,9.34,8.86,9.07,8837932.0
2012-12-03,9.07,9.07,8.56,8.61,3480844.0
2012-12-04,8.76,8.95,8.6,8.94,4148860.0
2012-12-05,8.9,9.01,8.61,8.69,1940656.0
2012-12-06,8.74,9.1,8.43,8.55,6734980.0
2012-12-07,8.34,8.69,7.94,8.55,13166896.0
2012-12-10,8.54,8.58,8.09,8.13,3752980.0
2012-12-11,8.3,8.3,7.99,8.15,5647018.0
2012-12-12,8.21,8.39,8.06,8.21,4076338.0
2012-12-13,8.14,8.2,8.01,8.16,3937840.0
2012-12-14,8.15,8.32,8.1,8.3,2623486.0
2012-12-17,8.3,8.49,8.26,8.34,4062256.0
2012-12-18,8.41,8.99,8.35,8.66,5878966.0
2012-12-19,8.66,8.76,8.55,8.68,2896618.0
2012-12-20,8.75,8.82,8.54,8.63,1523908.0
2012-12-21,8.54,9.12,8.36,9.11,7469434.0
2012-12-24,8.98,9.16,8.98,9.13,1478044.0
2012-12-26,9.11,9.15,8.86,8.88,2699644.0
2012-12-27,8.86,8.93,8.46,8.81,3122578.0
2012-12-28,8.71,8.99,8.66,8.77,1904584.0
2012-12-31,8.81,8.95,8.66,8.92,2082004.0
2013-01-02,9.09,9.31,8.41,8.54,8351452.0
2013-01-03,8.63,8.63,8.14,8.22,8008042.0
2013-01-04,8.3,8.36,8.0,8.04,7781410.0
2013-01-07,8.02,8.16,7.83,7.87,7133416.0
2013-01-08,7.93,8.14,7.83,7.94,5110228.0
2013-01-09,8.04,8.38,8.04,8.33,5405986.0
2013-01-10,8.37,8.61,8.22,8.44,4754662.0
2013-01-11,8.45,8.85,8.45,8.8,7625644.0
2013-01-14,8.76,8.91,8.66,8.72,7576810.0
2013-01-15,8.66,9.04,8.64,9.01,5595922.0
2013-01-16,9.07,9.3,8.86,9.13,7345000.0
2013-01-17,9.16,9.16,8.92,9.08,3930586.0
2013-01-18,9.36,9.45,9.16,9.22,8177026.0
2013-01-22,9.23,9.29,9.06,9.21,2750464.0
2013-01-23,9.06,9.37,9.05,9.31,4445722.0
2013-01-24,9.29,9.38,9.21,9.34,3321034.0
2013-01-25,9.34,9.48,9.25,9.46,5057458.0
2013-01-28,9.44,9.61,9.15,9.57,6626476.0
2013-01-29,9.54,9.54,9.29,9.47,3223816.0
2013-01-30,9.46,9.46,8.91,8.99,6612058.0
2013-01-31,9.21,9.29,8.93,9.22,5318176.0
2013-02-01,9.28,9.35,8.98,9.07,6988174.0
2013-02-04,9.21,9.21,8.84,8.89,2144350.0
2013-02-05,8.9,9.04,8.81,8.97,2632894.0
2013-02-06,8.96,9.07,8.84,9.03,2556352.0
2013-02-07,9.01,9.06,8.9,9.03,2629792.0
2013-02-08,9.01,9.18,8.98,9.18,3178216.0
2013-02-11,9.18,9.24,9.13,9.16,1613806.0
2013-02-12,9.16,9.49,9.12,9.45,4550908.0
2013-02-13,9.41,9.45,9.14,9.2,3909628.0
2013-02-14,9.16,9.34,9.13,9.29,2172010.0
2013-02-15,9.35,9.4,9.17,9.2,1666972.0
2013-02-19,9.27,9.41,9.22,9.25,1913458.0
2013-02-20,9.28,9.32,9.1,9.13,2659018.0
2013-02-21,9.15,9.19,8.96,9.11,3399106.0
2013-02-22,9.26,9.58,9.16,9.55,7002934.0
2013-02-25,9.64,9.69,9.34,9.54,3614668.0
2013-02-26,9.5,9.57,9.34,9.5,4712506.0
2013-02-27,9.55,9.96,9.31,9.65,9679846.0
2013-02-28,9.66,10.19,9.5,10.19,14557558.0
2013-03-01,9.76,10.37,9.57,9.76,19302628.0
2013-03-04,9.38,9.57,9.14,9.34,29025454.0
2013-03-05,9.35,9.51,9.27,9.47,10157236.0
2013-03-06,9.49,9.56,9.35,9.39,6559858.0
2013-03-07,9.52,9.54,9.31,9.4,7034260.0
2013-03-08,9.4,9.41,9.21,9.32,7066738.0
2013-03-11,9.29,9.37,9.16,9.29,6011734.0
2013-03-12,9.22,9.41,9.19,9.35,9701362.0
2013-03-13,9.39,9.44,9.28,9.4,7320604.0
2013-03-14,9.56,9.56,9.35,9.43,7142440.0
2013-03-15,9.38,9.41,9.26,9.38,5534236.0
2013-03-18,9.38,9.52,9.27,9.35,5101780.0
2013-03-19,9.34,9.43,9.03,9.33,7117228.0
2013-03-20,9.3,9.41,9.26,9.32,2825122.0
2013-03-21,9.3,9.54,9.21,9.28,8366230.0
2013-03-22,9.29,9.4,9.02,9.09,9190096.0
2013-03-25,9.12,9.18,8.93,9.09,6773794.0
2013-03-26,9.12,9.12,8.93,8.99,6870364.0
2013-03-27,8.95,9.52,8.88,9.42,11639926.0
2013-03-28,9.4,9.53,9.35,9.44,8141968.0
2013-04-01,9.41,9.41,9.04,9.22,5057194.0
2013-04-02,9.21,9.25,9.06,9.14,2594506.0
2013-04-03,9.13,9.13,8.84,8.94,4197922.0
2013-04-04,8.94,8.94,8.68,8.84,4947814.0
2013-04-05,8.63,8.94,8.63,8.84,5271862.0
2013-04-08,8.81,8.86,8.6,8.63,6354022.0
2013-04-09,8.7,8.93,8.63,8.82,3886480.0
2013-04-10,8.94,9.17,8.84,9.12,5103946.0
2013-04-11,8.87,9.09,8.74,9.03,6528808.0
2013-04-12,8.96,9.0,8.76,8.86,3093286.0
2013-04-15,8.81,8.81,8.54,8.62,4686172.0
2013-04-16,8.67,8.78,8.57,8.76,3882166.0
2013-04-17,8.65,8.72,8.59,8.65,4727272.0
2013-04-18,8.65,8.71,8.38,8.59,3951418.0
2013-04-19,8.61,8.61,8.44,8.45,5326324.0
2013-04-22,8.53,8.63,8.44,8.56,3157642.0
2013-04-23,8.58,8.95,8.58,8.85,3989686.0
2013-04-24,8.79,9.06,8.79,9.0,5434870.0
2013-04-25,9.0,9.13,8.95,9.03,4426588.0
2013-04-26,8.97,8.97,8.86,8.94,4734598.0
2013-04-29,8.96,9.09,8.96,9.01,1979494.0
2013-04-30,9.0,9.07,8.96,9.02,3034480.0
2013-05-01,8.98,9.01,8.62,8.62,8774266.0
2013-05-02,8.68,8.86,8.59,8.8,5428360.0
2013-05-03,8.87,9.06,8.87,9.06,3498802.0
2013-05-06,9.05,9.13,8.93,8.98,4927270.0
2013-05-07,8.97,9.02,8.72,8.79,5133352.0
2013-05-08,8.81,8.81,8.23,8.28,14779318.0
2013-05-09,8.56,8.65,8.26,8.29,7978246.0
2013-05-10,8.31,8.43,8.27,8.29,4867792.0
2013-05-13,8.24,8.45,8.24,8.38,2819758.0
2013-05-14,8.4,8.71,8.39,8.71,4612354.0
2013-05-15,8.64,8.82,8.64,8.77,4305256.0
2013-05-16,9.16,9.37,8.9,9.02,9068974.0
2013-05-17,9.12,9.43,9.08,9.4,5905606.0
2013-05-20,9.41,9.44,9.02,9.04,3870100.0
2013-05-21,9.01,9.04,8.76,8.77,4161550.0
2013-05-22,8.83,8.83,8.57,8.7,5684068.0
2013-05-23,8.59,8.79,8.59,8.69,2911900.0
2013-05-24,8.69,8.79,8.63,8.73,2076676.0
2013-05-28,8.86,8.98,8.84,8.96,2193610.0
2013-05-29,9.14,9.21,8.88,9.13,6896212.0
2013-05-30,9.16,9.21,9.04,9.06,14068204.0
2013-05-31,7.93,8.41,7.83,8.09,33316798.0
2013-06-03,8.12,8.12,7.56,7.64,13842892.0
2013-06-04,7.63,7.73,7.25,7.34,11494282.0
2013-06-05,7.29,7.47,7.25,7.4,9932278.0
2013-06-06,7.37,7.64,7.37,7.5,6775114.0
2013-06-07,7.54,7.71,7.43,7.7,8595994.0
2013-06-10,7.68,7.75,7.52,7.75,7041712.0
2013-06-11,7.6,7.88,7.59,7.79,6935824.0
2013-06-12,7.83,7.88,7.53,7.6,4933480.0
2013-06-13,7.55,7.63,7.5,7.54,2746240.0
2013-06-14,7.5,7.5,7.17,7.18,9639964.0
2013-06-17,7.26,7.38,7.17,7.19,8354812.0
2013-06-18,7.02,7.16,6.92,6.93,8752942.0
2013-06-19,6.92,7.13,6.83,7.01,7933348.0
2013-06-20,6.89,7.05,6.84,6.97,8155894.0
2013-06-21,7.03,7.08,6.75,6.84,7456066.0
2013-06-24,6.71,6.78,6.51,6.59,6796036.0
2013-06-25,6.6,6.99,6.59,6.93,7322272.0
2013-06-26,6.91,7.13,6.89,7.01,6511708.0
2013-06-27,7.08,7.42,7.07,7.39,8381044.0
2013-06-28,7.33,7.33,6.95,7.03,16204396.0
2013-07-01,7.04,7.28,6.99,7.04,4959364.0
2013-07-02,7.01,7.08,6.83,6.86,4942420.0
2013-07-03,6.84,7.2,6.82,7.15,3502696.0
2013-07-05,7.14,7.14,7.0,7.05,2780374.0
2013-07-08,7.02,7.24,7.0,7.14,4223956.0
2013-07-09,7.16,7.25,7.07,7.18,3507898.0
2013-07-10,7.21,7.39,7.21,7.37,5365696.0
2013-07-11,7.51,7.83,7.51,7.79,9666406.0
2013-07-12,7.78,7.82,7.71,7.74,2876416.0
2013-07-15,7.8,7.82,7.71,7.8,2017492.0
2013-07-16,7.79,7.82,7.67,7.75,3597634.0
2013-07-17,7.78,8.0,7.75,7.89,6127186.0
2013-07-18,7.97,8.13,7.88,8.12,4537660.0
2013-07-19,8.16,8.34,8.11,8.3,8529016.0
2013-07-22,8.29,8.32,8.19,8.26,5386546.0
2013-07-23,8.47,8.48,8.06,8.09,11367028.0
2013-07-24,8.15,8.21,7.96,8.09,4727272.0
2013-07-25,8.13,8.31,8.13,8.31,2769730.0
2013-07-26,8.25,8.27,8.06,8.21,2846734.0
2013-07-29,8.14,8.26,8.11,8.13,2289904.0
2013-07-30,8.23,8.23,8.05,8.13,3305488.0
2013-07-31,8.12,8.24,8.0,8.15,3715546.0
2013-08-01,8.21,8.22,8.01,8.2,3170758.0
2013-08-02,8.2,8.28,8.16,8.22,2581786.0
2013-08-05,8.28,8.36,8.12,8.34,2354392.0
2013-08-06,8.3,8.35,8.17,8.23,1708966.0
2013-08-07,8.23,8.24,7.97,8.01,2907664.0
2013-08-08,8.07,8.29,8.05,8.25,3994402.0
2013-08-09,8.21,8.32,8.13,8.19,3187636.0
2013-08-12,8.18,8.29,8.14,8.21,1636906.0
2013-08-13,8.2,8.27,8.1,8.19,1584964.0
2013-08-14,8.21,8.3,8.14,8.3,2396164.0
2013-08-15,8.16,8.28,8.06,8.13,2309236.0
2013-08-16,8.09,8.19,7.96,7.97,2357392.0
2013-08-19,7.97,8.1,7.94,7.99,3370540.0
2013-08-20,7.97,8.03,7.91,7.98,2203912.0
2013-08-21,7.96,8.03,7.89,7.95,2336320.0
2013-08-22,7.95,8.01,7.86,7.96,1676242.0
2013-08-23,7.96,8.02,7.91,7.95,1312774.0
2013-08-26,7.97,8.02,7.86,7.93,1235194.0
2013-08-27,8.02,8.03,7.88,7.89,3973114.0
2013-08-28,7.91,7.93,7.84,7.88,1567132.0
2013-08-29,7.92,8.1,7.92,7.96,2096380.0
2013-08-30,8.01,8.06,7.88,8.01,1810432.0
2013-09-03,7.96,7.96,7.63,7.75,6833716.0
2013-09-04,7.74,7.88,7.65,7.67,6666070.0
2013-09-05,7.63,7.72,7.58,7.58,6747646.0
2013-09-06,7.59,7.68,7.43,7.46,7814596.0
2013-09-09,7.47,7.91,7.45,7.8,17894824.0
2013-09-10,8.28,8.29,7.84,7.99,25388074.0
2013-09-11,7.96,7.98,7.73,7.75,9578068.0
2013-09-12,7.75,7.91,7.71,7.88,6410836.0
2013-09-13,7.88,7.96,7.74,7.95,7953184.0
2013-09-16,8.0,8.0,7.91,7.92,6028864.0
2013-09-17,7.84,8.02,7.84,8.01,5958022.0
2013-09-18,7.95,8.04,7.67,7.92,12252928.0
2013-09-19,7.96,8.12,7.92,8.0,9312070.0
2013-09-20,8.0,8.41,7.97,8.16,21331882.0
2013-09-23,8.13,8.13,7.87,7.91,7997398.0
2013-09-24,7.87,7.88,7.63,7.76,7981282.0
2013-09-25,7.75,7.82,7.71,7.71,2904196.0
2013-09-26,7.75,7.84,7.71,7.77,4161214.0
2013-09-27,7.76,7.8,7.69,7.76,4364056.0
2013-09-30,7.67,7.69,7.54,7.63,5792776.0
2013-10-01,7.61,7.65,7.46,7.51,8769766.0
2013-10-02,7.5,7.8,7.5,7.75,7317424.0
2013-10-03,7.75,7.8,7.69,7.78,6186940.0
2013-10-04,7.76,8.01,7.75,7.99,7239718.0
2013-10-07,7.92,8.01,7.87,7.97,4634956.0
2013-10-08,7.98,7.98,7.7,7.72,6039922.0
2013-10-09,7.72,7.74,7.58,7.61,4511998.0
2013-10-10,7.67,7.69,7.46,7.55,7627336.0
2013-10-11,7.51,7.6,7.47,7.59,5386354.0
2013-10-14,7.53,7.7,7.45,7.58,3868198.0
2013-10-15,7.57,7.64,7.29,7.32,4422286.0
2013-10-16,7.33,7.35,7.05,7.2,8959150.0
2013-10-17,7.19,7.23,7.06,7.21,5122414.0
2013-10-18,7.26,7.36,7.2,7.21,4964068.0
2013-10-21,7.25,7.33,7.21,7.33,5008912.0
2013-10-22,7.33,7.35,7.12,7.23,5687440.0
2013-10-23,7.17,7.42,7.16,7.32,4609420.0
2013-10-24,7.39,7.49,7.32,7.45,4613638.0
2013-10-25,7.48,7.49,7.25,7.31,3414274.0
2013-10-28,7.33,7.33,7.12,7.12,3151300.0
2013-10-29,7.2,7.25,7.13,7.25,3962776.0
2013-10-30,7.27,7.29,7.12,7.17,4624126.0
2013-10-31,7.15,7.2,7.0,7.03,4581574.0
2013-11-01,7.02,7.1,6.96,6.99,3204628.0
2013-11-04,7.0,7.08,6.92,7.08,2932768.0
2013-11-05,7.08,7.08,6.92,6.92,3123598.0
2013-11-06,6.97,7.07,6.89,6.97,3850816.0
2013-11-07,7.01,7.05,6.83,6.88,4914544.0
2013-11-08,6.92,6.93,6.75,6.83,6157678.0
2013-11-11,6.81,7.0,6.81,6.98,4779628.0
2013-11-12,6.98,7.0,6.88,6.88,2602378.0
2013-11-13,6.83,6.92,6.72,6.91,7160458.0
2013-11-14,6.88,7.04,6.8,7.04,7302460.0
2013-11-15,7.03,7.66,6.98,7.62,15586204.0
2013-11-18,7.62,7.62,7.38,7.41,12818818.0
2013-11-19,7.38,7.38,7.2,7.32,4246390.0
2013-11-20,7.39,7.44,7.25,7.33,2744446.0
2013-11-21,7.33,7.5,7.33,7.49,4130050.0
2013-11-22,7.5,7.56,7.47,7.55,3154174.0
2013-11-25,7.6,7.71,7.56,7.68,11846314.0
2013-11-26,8.39,8.4,8.01,8.25,23280088.0
2013-11-27,8.23,8.39,8.17,8.31,8748580.0
2013-11-29,8.38,8.38,8.2,8.32,2737480.0
2013-12-02,8.19,8.39,8.02,8.25,12414754.0
2013-12-03,8.15,8.28,8.09,8.14,4362826.0
2013-12-04,8.13,8.34,8.06,8.33,4584994.0
2013-12-05,8.29,8.41,8.26,8.31,6869674.0
2013-12-06,8.34,8.65,8.3,8.63,9312172.0
2013-12-09,8.63,8.75,8.58,8.7,10890718.0
2013-12-10,8.69,8.72,8.6,8.66,6214354.0
2013-12-11,8.64,8.73,8.54,8.61,6229216.0
2013-12-12,8.62,8.78,8.6,8.68,6066478.0
2013-12-13,8.68,9.02,8.66,8.99,11403064.0
2013-12-16,8.97,9.13,8.87,9.12,9295120.0
2013-12-17,9.1,9.33,9.02,9.3,8820658.0
2013-12-18,9.29,9.48,9.24,9.45,7302442.0
2013-12-19,9.38,9.6,9.34,9.59,7508188.0
2013-12-20,9.44,9.6,9.3,9.41,12666028.0
2013-12-23,9.4,9.56,9.3,9.43,5925868.0
2013-12-24,9.45,9.51,9.35,9.47,2201176.0
2013-12-26,9.52,9.52,9.31,9.37,4080736.0
2013-12-27,9.34,9.63,9.28,9.63,4637602.0
2013-12-30,9.6,9.65,9.56,9.58,3173122.0
2013-12-31,9.56,9.6,9.53,9.58,2560276.0
2014-01-02,9.45,9.49,9.12,9.28,7556998.0
2014-01-03,9.36,9.64,9.35,9.57,8829550.0
2014-01-06,9.54,9.74,9.54,9.64,8409244.0
2014-01-07,9.94,10.08,9.72,10.0,13817368.0
2014-01-08,9.94,10.04,9.78,10.01,6887068.0
2014-01-09,10.01,10.13,9.95,10.11,5495074.0
2014-01-10,10.11,10.21,9.96,10.11,5586946.0
2014-01-13,10.04,10.04,9.49,9.85,11399194.0
2014-01-14,9.87,10.11,9.87,10.11,5702428.0
2014-01-15,10.12,10.64,10.09,10.48,14351872.0
2014-01-16,10.48,10.72,10.43,10.61,5564158.0
2014-01-17,10.63,10.82,10.44,10.48,5820016.0
2014-01-21,10.47,10.5,10.21,10.24,5461822.0
2014-01-22,10.3,10.39,10.19,10.34,6749278.0
2014-01-23,10.52,10.52,10.19,10.29,5970238.0
2014-01-24,10.29,10.32,10.01,10.06,7537696.0
2014-01-27,10.04,10.13,9.62,9.95,6019948.0
2014-01-28,10.02,10.3,9.94,10.24,4061944.0
2014-01-29,10.2,10.21,9.94,9.95,3977218.0
2014-01-30,9.94,10.55,9.94,10.36,9761116.0
2014-01-31,10.27,10.27,9.8,9.91,9006958.0
2014-02-03,10.18,10.2,9.51,9.62,7343242.0
2014-02-04,9.75,10.14,9.74,10.03,13007998.0
2014-02-05,10.08,10.08,9.73,9.99,5989738.0
2014-02-06,10.02,11.27,9.88,11.15,30150844.0
2014-02-07,11.19,11.66,10.55,10.96,18132988.0
2014-02-10,10.96,11.32,10.93,11.29,7694740.0
2014-02-11,11.34,11.55,11.19,11.48,6725674.0
2014-02-12,11.3,11.62,11.21,11.46,4939306.0
2014-02-13,11.46,12.16,11.43,12.08,15967894.0
2014-02-14,12.12,12.32,11.95,12.13,5986660.0
2014-02-18,12.21,12.32,12.09,12.28,7082614.0
2014-02-19,12.22,12.35,11.9,11.98,10642984.0
2014-02-20,12.11,12.21,11.88,12.19,7365412.0
2014-02-21,12.23,12.38,12.07,12.27,10350490.0
2014-02-24,13.09,13.33,12.76,12.79,22883884.0
2014-02-25,12.78,12.85,12.47,12.49,9101014.0
2014-02-26,12.28,12.81,12.26,12.68,14949808.0
2014-02-27,12.54,12.58,12.05,12.08,14027686.0
2014-02-28,12.12,12.22,11.68,11.86,14066956.0
2014-03-03,11.63,11.64,11.06,11.3,16979032.0
2014-03-04,11.59,11.85,11.54,11.77,11836390.0
2014-03-05,11.46,11.91,11.45,11.56,10394776.0
2014-03-06,11.55,11.78,11.38,11.57,14947870.0
2014-03-07,11.69,13.1,11.35,12.86,45411922.0
2014-03-10,12.81,13.1,12.7,13.04,20507878.0
2014-03-11,13.02,13.26,12.78,12.86,10018732.0
2014-03-12,12.7,12.99,12.23,12.98,8008252.0
2014-03-13,13.0,13.16,12.63,12.74,8246626.0
2014-03-14,12.7,13.04,12.6,12.8,7595548.0
2014-03-17,12.94,13.4,12.77,13.09,13630792.0
2014-03-18,13.04,13.47,12.91,13.3,7156696.0
2014-03-19,13.3,13.46,13.0,13.11,5617144.0
2014-03-20,13.11,13.35,12.84,13.09,4545220.0
2014-03-21,13.22,13.22,12.63,12.76,11356750.0
2014-03-24,13.0,13.0,11.88,12.19,13009354.0
2014-03-25,12.5,12.63,12.02,12.12,10375768.0
2014-03-26,12.29,12.37,11.55,11.56,11777062.0
2014-03-27,11.6,12.06,11.31,11.88,7198456.0
2014-03-28,11.79,11.79,11.16,11.63,15671068.0
2014-03-31,11.78,11.88,11.4,11.44,8459164.0
2014-04-01,11.75,11.93,11.64,11.82,11903554.0
2014-04-02,11.88,12.07,11.68,11.84,8707906.0
2014-04-03,11.76,11.88,10.85,10.88,18835090.0
2014-04-04,10.97,11.0,10.13,10.51,20557780.0
2014-04-07,10.43,10.64,9.87,10.04,16025092.0
2014-04-08,10.18,10.78,10.12,10.58,14912092.0
2014-04-09,10.63,11.4,10.63,11.36,18313930.0
2014-04-10,11.38,11.66,10.47,10.63,19739692.0
2014-04-11,10.34,10.91,10.29,10.71,15148984.0
2014-04-14,11.0,11.46,10.74,10.99,15960742.0
2014-04-15,11.04,11.47,10.74,11.39,15621874.0
2014-04-16,11.5,11.69,11.21,11.64,11269192.0
2014-04-17,11.63,11.79,11.46,11.66,8237584.0
2014-04-21,11.76,11.77,11.29,11.39,7126732.0
2014-04-22,11.3,12.09,11.16,11.87,10933348.0
2014-04-23,11.82,11.82,11.31,11.51,6040246.0
2014-04-24,11.81,11.81,10.79,11.34,8841022.0
2014-04-25,11.31,11.51,10.98,11.03,7455202.0
2014-04-28,11.1,11.2,10.32,10.72,12037876.0
2014-04-29,10.67,10.91,10.5,10.72,9335860.0
2014-04-30,10.71,10.73,10.5,10.6,6294268.0
2014-05-01,10.65,11.46,10.64,10.88,9671134.0
2014-05-02,10.89,11.17,10.61,10.85,6563152.0
2014-05-05,10.71,11.19,10.68,11.17,5351908.0
2014-05-06,11.09,11.31,10.88,10.95,9566758.0
2014-05-07,10.68,10.73,9.71,10.0,21016054.0
2014-05-08,9.91,10.45,9.77,9.94,8772736.0
2014-05-09,9.89,10.04,9.65,9.75,15007882.0
2014-05-12,9.89,10.5,9.73,10.37,9031534.0
2014-05-13,10.38,10.77,10.27,10.31,7142500.0
2014-05-14,10.28,10.4,10.02,10.02,6457540.0
2014-05-15,10.07,10.1,9.58,9.94,9544528.0
2014-05-16,9.99,10.24,9.78,10.22,5922898.0
2014-05-19,10.13,10.47,10.09,10.45,5608786.0
2014-05-20,10.48,10.76,10.23,10.51,7470940.0
2014-05-21,10.5,10.7,10.39,10.59,5489428.0
2014-05-22,10.57,11.15,10.56,11.11,9512296.0
2014-05-23,11.11,11.21,10.66,11.16,6317896.0
2014-05-27,11.41,11.68,11.13,11.6,12617188.0
2014-05-28,11.64,11.76,11.34,11.59,15413506.0
2014-05-29,12.96,13.0,12.14,12.2,53330680.0
2014-05-30,12.23,12.81,12.16,12.48,20772208.0
2014-06-02,12.52,12.53,12.0,12.28,12225550.0
2014-06-03,12.22,12.49,12.1,12.38,9243724.0
2014-06-04,12.31,12.75,12.25,12.55,11084260.0
2014-06-05,12.69,13.11,12.36,12.84,17500108.0
2014-06-06,12.91,13.13,12.79,12.99,9755974.0
2014-06-09,12.99,13.11,12.79,12.9,7434886.0
2014-06-10,12.87,13.09,12.77,13.03,5316322.0
2014-06-11,12.88,13.11,12.84,13.04,5870374.0
2014-06-12,12.96,13.66,12.94,13.09,19479784.0
2014-06-13,13.04,13.25,12.71,13.13,6595072.0
2014-06-16,13.1,13.54,12.97,13.44,10700326.0
2014-06-17,13.47,13.71,13.35,13.45,9462244.0
2014-06-18,13.52,13.56,13.24,13.41,7603222.0
2014-06-19,13.48,13.63,13.26,13.37,6072490.0
2014-06-20,13.35,13.46,13.13,13.38,8007766.0
2014-06-23,13.34,13.63,13.27,13.36,7395976.0
2014-06-24,13.29,13.4,13.04,13.13,11857204.0
2014-06-25,13.12,13.34,12.99,13.29,14588596.0
2014-06-26,13.49,13.7,13.24,13.48,13110940.0
2014-06-27,13.47,13.64,13.37,13.54,11179180.0
2014-06-30,13.81,14.29,13.8,13.97,18457990.0
2014-07-01,14.04,14.27,13.61,13.71,21424888.0
2014-07-02,13.89,13.89,13.61,13.64,8685520.0
2014-07-03,13.68,13.73,13.41,13.71,4637134.0
2014-07-07,13.66,13.66,13.19,13.26,8119216.0
2014-07-08,13.25,13.26,12.29,12.56,21590932.0
2014-07-09,12.6,12.79,12.46,12.7,7712152.0
2014-07-10,12.36,12.81,12.19,12.79,9577258.0
2014-07-11,12.73,13.03,12.6,12.82,8189632.0
2014-07-14,12.91,12.93,12.56,12.71,6102166.0
2014-07-15,12.75,12.85,12.51,12.66,4776586.0
2014-07-16,13.01,13.27,12.81,12.93,9122746.0
2014-07-17,12.91,13.15,12.75,12.88,9344338.0
2014-07-18,12.9,13.27,12.88,13.2,8108008.0
2014-07-21,13.12,13.35,13.02,13.34,5579776.0
2014-07-22,13.37,13.75,13.32,13.63,8551456.0
2014-07-23,13.6,13.69,13.48,13.58,4920322.0
2014-07-24,13.6,14.05,13.57,14.02,12408268.0
2014-07-25,14.0,14.01,13.69,13.84,10502590.0
2014-07-28,13.86,13.91,13.44,13.69,5635432.0
2014-07-29,13.78,13.79,13.66,13.69,3946516.0
2014-07-30,13.78,14.04,13.73,14.04,5442952.0
2014-07-31,13.8,13.9,13.35,13.47,5468074.0
2014-08-01,13.39,13.4,12.81,13.11,8471674.0
2014-08-04,13.21,13.41,13.13,13.38,5461540.0
2014-08-05,13.29,13.49,13.11,13.29,4478122.0
2014-08-06,13.13,13.35,13.11,13.22,2958424.0
2014-08-07,13.34,13.6,13.25,13.32,3994300.0
2014-08-08,13.32,13.47,13.11,13.37,4032934.0
2014-08-11,13.46,13.88,13.46,13.65,4674748.0
2014-08-12,13.63,13.69,13.43,13.54,3727708.0
2014-08-13,13.78,14.42,13.69,14.13,16234852.0
2014-08-14,14.39,14.63,14.13,14.25,11653348.0
2014-08-15,14.54,14.59,13.85,14.11,9572038.0
2014-08-18,14.25,14.41,14.05,14.27,6826312.0
2014-08-19,14.62,14.62,14.11,14.23,6195442.0
2014-08-20,14.12,14.23,14.04,14.16,3292060.0
2014-08-21,14.15,14.24,14.03,14.15,3530320.0
2014-08-22,14.12,14.33,13.88,14.17,6501976.0
2014-08-25,14.29,14.33,14.02,14.1,3133828.0
2014-08-26,14.16,14.32,14.05,14.27,5258206.0
2014-08-27,14.25,14.26,13.72,13.73,9486658.0
2014-08-28,13.66,13.87,13.29,13.71,10502746.0
2014-08-29,13.85,14.27,13.79,14.16,7958068.0
2014-09-02,14.23,15.0,14.22,14.96,27080272.0
2014-09-03,15.32,15.45,14.7,14.89,13112560.0
2014-09-04,14.96,15.04,14.47,14.54,10318486.0
2014-09-05,14.54,14.86,14.52,14.84,6499150.0
2014-09-08,14.99,15.3,14.84,14.99,14697892.0
2014-09-09,15.1,15.21,14.78,14.88,14717098.0
2014-09-10,15.54,16.65,15.42,16.46,51556600.0
2014-09-11,16.37,17.07,16.21,16.75,31771822.0
2014-09-12,16.81,16.81,16.46,16.66,15527884.0
2014-09-15,16.64,16.64,16.12,16.25,15622180.0
2014-09-16,16.16,16.46,15.85,16.39,15478270.0
2014-09-17,16.36,16.79,16.36,16.43,10774972.0
2014-09-18,16.45,16.59,16.3,16.49,6766468.0
2014-09-19,16.57,16.57,16.3,16.55,12628942.0
2014-09-22,16.59,16.87,16.11,16.32,13915714.0
2014-09-23,16.18,16.41,16.02,16.24,8505148.0
2014-09-24,16.43,16.63,16.32,16.52,6568594.0
2014-09-25,16.45,16.56,15.97,16.05,7240306.0
2014-09-26,16.11,16.36,16.06,16.32,6319054.0
2014-09-29,16.1,16.61,16.05,16.55,8812984.0
2014-09-30,16.54,16.82,16.11,16.35,9891154.0
2014-10-01,16.27,16.3,15.5,15.9,15081388.0
2014-10-02,15.83,16.65,15.83,16.36,15256480.0
2014-10-03,17.02,17.8,16.87,17.45,29929930.0
2014-10-06,17.45,17.45,16.73,17.04,14555026.0
2014-10-07,16.86,17.29,16.59,16.63,11526652.0
2014-10-08,16.76,17.09,16.18,17.04,13533568.0
2014-10-09,17.03,17.32,16.8,17.12,13760506.0
2014-10-10,17.04,17.16,15.66,15.72,25661542.0
2014-10-13,15.78,15.85,14.64,14.9,23030680.0
2014-10-14,15.12,15.75,14.75,15.71,15643894.0
2014-10-15,15.34,16.44,15.16,16.24,17583592.0
2014-10-16,15.85,16.7,15.84,16.32,13997956.0
2014-10-17,16.61,17.08,16.43,16.55,11423494.0
2014-10-20,16.57,17.0,16.52,16.82,12572176.0
2014-10-21,17.09,17.48,16.89,17.45,13025026.0
2014-10-22,17.43,17.6,17.02,17.09,10843906.0
2014-10-23,17.48,18.04,17.32,17.91,14485090.0
2014-10-24,17.78,18.09,17.71,18.01,7601020.0
2014-10-27,16.84,17.32,16.68,17.28,18991444.0
2014-10-28,17.41,17.84,17.33,17.57,10811350.0
2014-10-29,17.52,17.55,16.73,17.26,12205834.0
2014-10-30,17.34,17.57,17.14,17.49,7020526.0
2014-10-31,17.72,17.9,17.53,17.61,7091050.0
2014-11-03,17.62,17.8,17.43,17.66,7937350.0
2014-11-04,17.66,17.83,17.39,17.79,6013414.0
2014-11-05,17.7,17.88,17.0,17.09,10202332.0
2014-11-06,17.34,17.68,17.29,17.68,6694510.0
2014-11-07,17.68,17.89,17.61,17.84,6115702.0
2014-11-10,17.83,18.36,17.65,18.17,10434646.0
2014-11-11,18.3,18.3,17.93,18.05,6098050.0
2014-11-12,17.98,18.23,17.96,18.15,4413076.0
2014-11-13,18.23,18.57,18.19,18.27,7948918.0
2014-11-14,18.3,18.48,18.0,18.46,6750004.0
2014-11-17,18.48,18.68,18.14,18.23,7301542.0
2014-11-18,18.24,18.45,18.11,18.16,5078104.0
2014-11-19,18.16,18.25,17.75,17.89,6369010.0
2014-11-20,17.89,18.21,17.8,18.18,9306604.0
2014-11-21,18.46,18.57,18.02,18.16,8960890.0
2014-11-24,18.63,18.89,18.42,18.88,19957036.0
2014-11-25,19.13,20.04,19.05,20.03,45311434.0
2014-11-26,19.89,20.11,19.67,20.1,12436162.0
2014-11-28,20.11,20.54,20.04,20.5,5802652.0
2014-12-01,20.5,20.51,19.8,19.95,14290822.0
2014-12-02,20.0,20.1,19.56,19.61,10604410.0
2014-12-03,19.69,19.91,19.56,19.77,7016890.0
2014-12-04,19.77,20.07,19.66,19.71,5461840.0
2014-12-05,19.77,19.88,19.61,19.82,6074254.0
2014-12-08,19.82,20.14,19.29,19.48,7296646.0
2014-12-09,19.16,19.91,18.7,19.8,8188942.0
2014-12-10,19.8,19.91,19.41,19.52,6931096.0
2014-12-11,19.72,20.07,19.57,19.82,6760474.0
2014-12-12,19.58,19.96,19.52,19.68,4787530.0
2014-12-15,19.82,20.23,19.59,19.68,8160856.0
2014-12-16,19.55,19.66,19.16,19.44,7148008.0
2014-12-17,19.55,20.05,19.45,20.0,5974060.0
2014-12-18,20.43,20.82,20.35,20.57,11147230.0
2014-12-19,20.61,20.94,20.5,20.73,16975786.0
2014-12-22,20.87,21.34,20.82,20.95,9552868.0
2014-12-23,20.87,21.15,20.68,20.87,5083270.0
2014-12-24,20.87,21.26,20.83,21.0,2152126.0
2014-12-26,21.0,21.36,21.0,21.24,4372156.0
2014-12-29,21.19,21.2,20.13,20.48,9935236.0
2014-12-30,20.35,20.5,20.2,20.3,3640090.0
2014-12-31,20.32,20.75,20.32,20.43,4306840.0
2015-01-02,20.43,20.5,19.6,20.23,9902656.0
2015-01-05,20.13,20.7,20.03,20.62,8106052.0
2015-01-06,20.66,20.86,19.68,20.31,8107780.0
2015-01-07,20.73,21.16,20.61,20.92,7582978.0
2015-01-08,21.09,21.27,20.96,21.2,4288852.0
2015-01-09,21.2,21.57,20.96,20.97,5565058.0
2015-01-12,21.0,21.34,20.66,21.21,5254336.0
2015-01-13,21.23,21.43,20.53,20.79,6830524.0
2015-01-14,20.63,21.08,20.54,21.05,4902796.0
2015-01-15,21.18,21.2,20.21,20.34,6975502.0
2015-01-16,20.28,20.86,20.27,20.84,5075728.0
2015-01-20,20.84,21.0,20.38,20.75,4660978.0
2015-01-21,20.78,21.03,20.51,20.89,4550206.0
2015-01-22,20.91,20.94,20.18,20.61,6248680.0
2015-01-23,20.39,21.36,20.3,21.14,7122646.0
2015-01-26,21.11,21.22,20.76,21.16,6810832.0
2015-01-27,20.83,21.26,20.63,21.0,3831670.0
2015-01-28,21.2,21.47,20.77,20.91,5196436.0
2015-01-29,21.07,21.66,20.84,21.55,7269340.0
2015-01-30,21.42,21.59,20.95,21.07,7054984.0
2015-02-02,21.02,21.12,20.44,20.85,8651200.0
2015-02-03,20.93,20.93,20.22,20.59,8342692.0
2015-02-04,20.36,21.04,20.36,20.95,5437918.0
2015-02-05,21.11,21.23,20.97,21.18,4798702.0
2015-02-06,21.27,21.36,20.79,20.93,4247734.0
2015-02-09,20.93,21.02,20.6,20.84,3883534.0
2015-02-10,21.06,21.49,20.96,21.41,3908470.0
2015-02-11,21.57,22.03,21.52,21.95,7325710.0
2015-02-12,22.42,22.5,22.04,22.17,6999574.0
2015-02-13,22.52,22.66,22.11,22.55,7432114.0
2015-02-17,22.75,23.05,22.48,22.82,7773202.0
2015-02-18,22.82,22.88,22.48,22.82,4373350.0
2015-02-19,22.92,23.2,22.8,22.98,4811680.0
2015-02-20,23.01,23.75,22.96,23.6,6699754.0
2015-02-23,23.75,23.91,22.77,23.04,10127302.0
2015-02-24,23.09,23.37,22.99,23.1,5618992.0
2015-02-25,23.16,23.73,23.16,23.68,7074604.0
2015-02-26,23.84,24.38,23.79,23.84,10239100.0
2015-02-27,24.09,24.09,23.6,23.7,9944968.0
2015-03-02,24.0,24.4,23.71,24.33,19134850.0
2015-03-03,23.7,24.89,23.33,24.82,31172998.0
2015-03-04,24.76,24.76,23.74,23.92,17479054.0
2015-03-05,24.0,24.12,23.73,23.86,10629610.0
2015-03-06,23.86,24.0,23.37,23.45,8271700.0
2015-03-09,23.51,23.51,22.34,23.12,15930208.0
2015-03-10,22.93,23.11,22.52,23.09,9443008.0
2015-03-11,23.09,23.54,22.97,23.43,8375374.0
2015-03-12,23.58,23.66,23.25,23.55,6296038.0
2015-03-13,23.48,23.83,23.28,23.55,5753116.0
2015-03-16,23.63,24.02,23.57,24.02,7023772.0
2015-03-17,23.82,24.27,23.71,24.16,6421762.0
2015-03-18,24.0,24.34,23.8,24.2,7337956.0
2015-03-19,24.18,24.46,24.14,24.36,5767474.0
2015-03-20,24.4,24.48,23.97,24.02,14763184.0
2015-03-23,24.02,24.04,23.52,23.55,7547638.0
2015-03-24,23.57,23.9,23.32,23.38,6115624.0
2015-03-25,23.38,23.52,22.82,23.11,9397600.0
2015-03-26,22.75,23.61,22.39,23.57,7819162.0
2015-03-27,23.63,24.52,23.62,24.41,11604520.0
2015-03-30,24.64,25.07,24.55,24.77,10510870.0
2015-03-31,23.63,24.73,23.63,24.34,10242184.0
2015-04-01,24.41,24.41,23.25,23.59,14808346.0
2015-04-02,23.73,23.82,23.38,23.64,6083416.0
2015-04-06,23.5,23.8,23.43,23.61,4421548.0
2015-04-07,23.66,24.46,23.66,24.14,9798916.0
2015-04-08,24.37,24.69,24.17,24.55,7900522.0
2015-04-09,24.53,24.59,24.05,24.34,4978438.0
2015-04-10,24.28,24.7,24.16,24.66,5425342.0
2015-04-13,24.55,24.65,24.14,24.19,5580748.0
2015-04-14,24.2,24.29,23.89,24.09,3322276.0
2015-04-15,24.28,24.28,23.97,24.12,4347250.0
2015-04-16,24.09,24.61,24.04,24.46,4459174.0
2015-04-17,24.2,24.28,23.66,23.75,7628356.0
2015-04-20,23.96,24.43,23.91,24.42,5418166.0
2015-04-21,24.68,25.74,24.59,25.73,19855120.0
2015-04-22,25.79,25.82,25.34,25.64,6403852.0
2015-04-23,25.48,26.07,25.26,25.8,6679354.0
2015-04-24,25.93,26.04,25.48,25.64,3675556.0
2015-04-27,25.91,26.38,25.55,25.64,7342330.0
2015-04-28,25.84,25.89,25.13,25.55,5427454.0
2015-04-29,25.5,25.64,25.14,25.34,4984534.0
2015-04-30,25.25,25.53,24.52,24.62,6691504.0
2015-05-01,25.01,25.25,24.7,25.14,7191634.0
2015-05-04,25.36,25.71,25.21,25.46,4657852.0
2015-05-05,25.34,25.34,24.35,24.5,9373594.0
2015-05-06,24.46,24.59,24.07,24.3,7295104.0
2015-05-07,24.23,25.07,24.23,24.9,6144364.0
2015-05-08,25.34,25.5,25.04,25.18,4903522.0
2015-05-11,25.2,25.5,25.18,25.3,3095056.0
2015-05-12,25.16,25.4,24.89,25.28,4992148.0
2015-05-13,25.43,25.46,25.14,25.25,5324506.0
2015-05-14,25.52,25.66,25.29,25.62,6150874.0
2015-05-15,25.7,25.79,25.35,25.79,4389436.0
2015-05-18,25.7,26.36,25.59,26.29,5136046.0
2015-05-19,26.41,26.66,26.35,26.39,6218248.0
2015-05-20,26.27,26.66,26.09,26.42,5652856.0
2015-05-21,26.41,26.77,26.29,26.69,6332278.0
2015-05-22,26.69,27.2,26.59,27.14,7900396.0
2015-05-26,27.48,27.52,27.0,27.3,11591452.0
2015-05-27,27.29,27.34,26.73,26.77,24570958.0
2015-05-28,27.48,28.3,27.05,27.73,24199144.0
2015-05-29,27.66,28.3,27.55,28.25,12607546.0
2015-06-01,28.32,28.66,28.2,28.41,11486290.0
2015-06-02,28.45,28.58,28.02,28.09,9311902.0
2015-06-03,28.27,28.43,27.9,28.2,8977000.0
2015-06-04,28.14,28.3,28.01,28.13,7485340.0
2015-06-05,28.45,29.0,28.09,28.93,14560912.0
2015-06-08,29.23,29.41,28.61,28.8,8897818.0
2015-06-09,28.86,28.89,27.95,28.66,7726246.0
2015-06-10,28.66,29.19,28.47,29.11,7576822.0
2015-06-11,29.2,29.47,28.8,29.11,6124570.0
2015-06-12,28.99,29.41,28.85,29.31,4775140.0
2015-06-15,28.89,29.57,28.89,29.48,5776576.0
2015-06-16,29.46,29.8,29.3,29.45,5987752.0
2015-06-17,29.58,30.29,29.5,30.11,8758804.0
2015-06-18,30.27,30.66,30.25,30.48,7167358.0
2015-06-19,30.48,30.8,30.23,30.68,10606744.0
2015-06-22,30.82,30.84,30.26,30.68,7904938.0
2015-06-23,30.65,30.76,30.07,30.32,8305708.0
2015-06-24,30.05,30.26,29.8,29.86,8351542.0
2015-06-25,29.98,30.12,29.69,29.8,9156040.0
2015-06-26,29.96,29.98,29.0,29.21,17435134.0
2015-06-29,28.41,29.11,28.05,28.64,10811968.0
2015-06-30,28.9,29.38,28.9,29.11,8027608.0
2015-07-01,29.43,29.71,29.3,29.36,6722230.0
2015-07-02,29.46,29.52,28.69,28.98,6741652.0
2015-07-06,28.94,29.52,28.73,29.22,8340670.0
2015-07-07,29.16,29.16,27.97,28.59,12890782.0
2015-07-08,28.3,29.09,28.25,28.75,9409732.0
2015-07-09,29.16,29.37,28.96,29.14,6860638.0
2015-07-10,29.43,30.19,29.02,30.14,10249282.0
2015-07-13,30.48,30.66,29.86,30.19,9169156.0
2015-07-14,30.32,31.06,30.29,30.71,8130436.0
2015-07-15,30.84,30.99,30.55,30.86,6966382.0
2015-07-16,31.11,31.96,30.91,31.68,8460076.0
2015-07-17,31.84,32.12,31.68,31.88,6681514.0
2015-07-20,31.75,31.93,31.39,31.67,6944284.0
2015-07-21,31.67,32.08,31.52,32.01,6674500.0
2015-07-22,31.77,32.3,31.64,32.06,6108994.0
2015-07-23,32.48,33.35,32.47,32.85,8592460.0
2015-07-24,33.15,33.42,32.56,32.81,6926338.0
2015-07-27,32.38,32.47,30.75,31.05,13781410.0
2015-07-28,31.47,31.47,30.63,31.14,7454380.0
2015-07-29,31.05,31.16,30.29,30.61,9904240.0
2015-07-30,30.61,31.09,30.16,30.86,7929826.0
2015-07-31,30.84,31.32,30.61,30.97,6646888.0
2015-08-03,31.32,31.32,30.52,30.82,4789906.0
2015-08-04,30.77,31.29,30.56,30.91,7698334.0
2015-08-05,31.07,31.8,31.07,31.71,6583474.0
2015-08-06,31.78,31.84,28.98,29.08,18426028.0
2015-08-07,29.34,29.39,28.02,29.25,14725336.0
2015-08-10,29.48,30.06,29.04,29.5,7407406.0
2015-08-11,29.18,29.57,28.59,28.99,8213344.0
2015-08-12,28.63,29.05,27.11,28.5,16371442.0
2015-08-13,28.56,29.21,28.56,28.8,5912356.0
2015-08-14,28.68,29.01,28.48,28.93,4238428.0
2015-08-17,28.81,29.4,28.53,29.3,3593212.0
2015-08-18,29.3,29.58,28.86,28.94,3013870.0
2015-08-19,28.81,29.32,28.57,29.02,5205262.0
2015-08-20,28.39,28.72,26.59,26.77,16112968.0
2015-08-21,25.66,27.39,25.18,26.5,20806522.0
2015-08-24,24.36,26.54,23.4,25.84,20563618.0
2015-08-25,26.77,27.45,26.36,26.4,11243548.0
2015-08-26,27.07,28.16,26.82,27.99,12152050.0
2015-08-27,28.34,28.51,27.44,27.96,11203864.0
2015-08-28,27.86,28.29,27.64,28.0,5831182.0
2015-08-31,27.91,28.25,27.18,27.37,8120158.0
2015-09-01,26.66,27.75,26.66,26.98,8457628.0
2015-09-02,27.51,27.51,26.43,27.27,6768580.0
2015-09-03,27.59,27.63,26.89,27.0,10942546.0
2015-09-04,26.68,27.47,26.43,27.07,9171130.0
2015-09-08,27.61,27.79,27.04,27.75,7302286.0
2015-09-09,28.14,28.25,27.51,27.53,17799508.0
2015-09-10,29.13,29.95,28.34,29.57,29197156.0
2015-09-11,29.61,29.91,29.07,29.57,11597872.0
2015-09-14,29.41,29.95,29.18,29.93,8845594.0
2015-09-15,30.0,30.66,29.95,30.53,9787840.0
2015-09-16,30.57,30.61,30.11,30.43,6388900.0
2015-09-17,30.53,31.11,30.22,30.71,6673828.0
2015-09-18,30.32,31.02,30.23,30.83,11091502.0
2015-09-21,30.86,31.62,30.3,30.9,9548320.0
2015-09-22,30.34,30.74,29.63,30.02,13048258.0
2015-09-23,30.0,30.11,29.52,29.89,8061718.0
2015-09-24,29.73,30.18,29.46,30.13,6530260.0
2015-09-25,30.54,30.82,29.96,30.14,7899862.0
2015-09-28,29.93,30.27,28.96,29.29,12147538.0
2015-09-29,29.25,29.34,27.68,27.97,12592216.0
2015-09-30,28.34,28.83,27.66,28.66,9987286.0
2015-10-01,28.42,28.95,27.93,28.61,7512478.0
2015-10-02,28.2,29.29,28.02,29.2,10616182.0
2015-10-05,29.54,29.8,29.0,29.54,7655092.0
2015-10-06,29.59,29.79,28.5,29.02,6164818.0
2015-10-07,29.27,29.63,28.54,29.16,7697164.0
2015-10-08,29.13,29.13,27.94,28.27,8364838.0
2015-10-09,28.16,28.77,27.88,28.64,6343600.0
2015-10-12,28.37,28.5,27.73,27.97,9341098.0
2015-10-13,27.79,28.5,27.59,27.86,7670776.0
2015-10-14,27.93,27.93,27.07,27.39,7243330.0
2015-10-15,27.5,28.55,27.5,28.45,8307472.0
2015-10-16,28.39,28.68,28.18,28.63,6124516.0
2015-10-19,28.54,29.0,27.7,28.0,8676700.0
2015-10-20,28.02,28.18,27.42,27.68,7132048.0
2015-10-21,27.88,27.92,26.23,26.64,13901842.0
2015-10-22,27.0,27.75,26.92,27.69,9441982.0
2015-10-23,26.85,27.27,25.85,26.54,22073296.0
2015-10-26,26.36,26.52,25.59,25.68,14190346.0
2015-10-27,25.39,26.5,25.04,26.43,16239682.0
2015-10-28,26.52,27.46,26.04,27.31,13068520.0
2015-10-29,27.07,27.18,26.18,26.32,7511356.0
2015-10-30,26.75,27.23,26.46,26.84,6634822.0
2015-11-02,27.18,27.59,26.62,27.36,8990494.0
2015-11-03,27.3,28.05,27.2,27.88,7610224.0
2015-11-04,27.86,28.16,27.52,27.73,5735698.0
2015-11-05,26.88,27.21,25.96,26.66,16310494.0
2015-11-06,26.8,27.02,26.52,26.97,7463806.0
2015-11-09,26.93,27.11,26.71,26.87,7742278.0
2015-11-10,26.74,26.86,26.14,26.21,9013540.0
2015-11-11,26.14,26.38,25.48,25.96,9003946.0
2015-11-12,25.8,26.14,25.5,26.11,8867080.0
2015-11-13,26.05,26.32,25.98,26.11,7584202.0
2015-11-16,26.02,26.55,26.0,26.46,6351760.0
2015-11-17,26.66,27.33,26.6,27.2,8778910.0
2015-11-18,27.32,27.45,26.8,27.28,7825396.0
2015-11-19,27.34,28.08,27.21,27.9,9616438.0
2015-11-20,27.91,28.57,27.7,28.5,9585562.0
2015-11-23,28.43,28.79,27.84,28.67,21346258.0
2015-11-24,29.94,30.85,29.75,30.48,38504404.0
2015-11-25,30.57,30.65,30.19,30.37,9809554.0
2015-11-27,30.5,31.02,30.38,30.98,5402986.0
2015-11-30,31.0,31.39,30.84,31.23,10966804.0
2015-12-01,31.25,31.66,30.77,31.49,8835934.0
2015-12-02,31.48,32.28,31.39,31.8,8925502.0
2015-12-03,32.19,32.45,31.18,31.27,11745088.0
2015-12-04,31.43,32.13,31.07,31.95,6650572.0
2015-12-07,31.86,32.08,31.39,32.01,5534608.0
2015-12-08,31.51,32.44,31.43,32.26,5601568.0
2015-12-09,32.23,32.23,31.36,31.68,6653890.0
2015-12-10,31.75,32.05,31.46,31.66,7788946.0
2015-12-11,31.4,31.4,30.66,30.84,7633894.0
2015-12-14,30.55,30.69,29.4,30.61,12797272.0
2015-12-15,31.0,31.43,30.68,30.96,7951702.0
2015-12-16,31.2,31.3,30.41,31.21,6735418.0
2015-12-17,31.5,31.64,30.79,31.09,6440260.0
2015-12-18,31.07,31.34,30.43,30.48,11494528.0
2015-12-21,30.63,30.73,29.71,30.35,9298126.0
2015-12-22,30.39,30.45,29.82,30.27,5441440.0
2015-12-23,30.25,30.5,29.84,30.21,5502658.0
2015-12-24,30.21,30.3,29.71,29.79,3136642.0
2015-12-28,29.68,29.93,28.95,29.44,8292040.0
2015-12-29,29.63,29.8,29.27,29.63,6632554.0
2015-12-30,29.63,30.02,29.34,29.46,5842360.0
2015-12-31,29.4,29.6,29.25,29.36,5863204.0
2016-01-04,28.82,28.96,28.2,28.59,11837662.0
2016-01-05,28.66,28.95,28.34,28.43,6394462.0
2016-01-06,28.05,28.4,27.66,27.89,9174706.0
2016-01-07,27.18,28.21,27.0,27.34,11422294.0
2016-01-08,27.58,27.89,27.1,27.13,8663122.0
2016-01-11,27.17,27.37,26.61,27.0,7752070.0
2016-01-12,27.24,27.64,26.29,26.9,8122354.0
2016-01-13,27.18,27.2,25.5,25.66,9964126.0
2016-01-14,25.88,27.13,25.01,26.52,15724708.0
2016-01-15,25.45,26.14,25.35,25.8,12247534.0
2016-01-19,26.04,26.22,24.29,24.88,11182210.0
2016-01-20,24.3,24.72,22.65,24.48,21905320.0
2016-01-21,24.8,25.2,23.84,24.1,11362294.0
2016-01-22,24.58,24.95,24.36,24.75,8411680.0
2016-01-25,24.74,24.98,24.35,24.43,8850136.0
2016-01-26,24.45,25.2,24.18,24.71,14548762.0
2016-01-27,24.57,24.83,24.25,24.39,11116450.0
2016-01-28,24.66,24.66,22.8,23.3,17990434.0
2016-01-29,23.77,25.64,23.77,24.91,17356702.0
2016-02-01,24.64,25.2,24.39,25.09,8786722.0
2016-02-02,24.93,24.95,23.96,24.34,8902762.0
2016-02-03,24.43,24.55,23.53,24.13,10410820.0
2016-02-04,23.68,24.44,23.0,24.21,14459800.0
2016-02-05,22.96,23.32,20.63,21.25,45411982.0
2016-02-08,20.66,20.66,18.52,19.28,30592054.0
2016-02-09,18.87,20.88,18.84,19.68,22366288.0
2016-02-10,20.27,21.02,19.85,20.07,17340178.0
2016-02-11,19.66,20.99,19.6,20.73,15145030.0
2016-02-12,20.48,20.75,19.55,20.63,20523526.0
2016-02-16,21.23,21.65,20.8,21.29,13677298.0
2016-02-17,21.57,22.29,21.25,22.11,19679362.0
2016-02-18,21.64,21.65,19.82,20.51,26812786.0
2016-02-19,20.5,21.29,20.29,21.2,13322524.0
2016-02-22,21.54,22.63,21.21,21.69,15274348.0
2016-02-23,21.68,21.91,21.08,21.25,12393292.0
2016-02-24,20.99,21.47,20.45,21.32,15125302.0
2016-02-25,21.96,23.89,20.52,23.38,35366410.0
2016-02-26,24.98,25.66,23.57,24.6,51581200.0
2016-02-29,24.63,24.66,23.89,24.13,19119742.0
2016-03-01,24.45,24.8,23.95,24.77,13836322.0
2016-03-02,24.63,24.98,24.25,24.68,11902462.0
2016-03-03,24.8,25.39,24.52,25.34,14425822.0
2016-03-04,25.39,25.72,25.07,25.16,11069704.0
2016-03-07,25.23,25.8,24.93,25.74,11633452.0
2016-03-08,25.45,25.64,25.22,25.44,6787432.0
2016-03-09,25.52,25.72,25.29,25.52,5862880.0
2016-03-10,25.69,25.82,24.7,25.13,9888604.0
2016-03-11,25.65,26.46,25.59,26.3,9883408.0
2016-03-14,26.09,26.16,25.59,25.83,8898406.0
2016-03-15,25.74,26.02,25.35,25.55,6041278.0
2016-03-16,25.41,25.94,25.18,25.79,7522786.0
2016-03-17,25.61,26.0,25.18,25.61,10100602.0
2016-03-18,25.84,26.34,25.77,25.95,8502052.0
2016-03-21,25.98,26.11,25.5,25.82,6806740.0
2016-03-22,25.66,26.6,25.66,26.41,7665868.0
2016-03-23,26.4,26.6,25.82,25.83,6097048.0
2016-03-24,25.82,26.05,25.5,25.95,6987532.0
2016-03-28,26.11,26.25,25.54,26.03,4843342.0
2016-03-29,26.09,26.71,25.93,26.55,7334470.0
2016-03-30,26.87,27.37,26.86,27.0,8406454.0
2016-03-31,26.84,27.55,26.75,27.19,8529244.0
2016-04-01,26.89,27.01,26.5,26.86,8845816.0
2016-04-04,26.89,27.29,26.71,26.93,8073586.0
2016-04-05,26.11,26.16,25.17,25.32,20185492.0
2016-04-06,25.55,26.39,25.5,26.37,9276688.0
2016-04-07,25.5,25.84,24.84,24.93,19894258.0
2016-04-08,25.29,25.29,24.15,24.64,17569486.0
2016-04-11,24.69,24.85,23.28,23.41,13928602.0
2016-04-12,23.35,23.46,22.46,23.18,15322882.0
2016-04-13,23.41,23.69,23.29,23.68,7491274.0
2016-04-14,23.66,23.75,23.11,23.45,7871800.0
2016-04-15,23.34,23.59,23.27,23.45,5182168.0
2016-04-18,23.41,23.93,23.41,23.59,5425732.0
2016-04-19,23.59,23.66,23.09,23.38,7637620.0
2016-04-20,22.96,23.55,22.64,23.39,9463006.0
2016-04-21,23.71,24.5,23.62,24.41,12781876.0
2016-04-22,24.27,24.97,24.25,24.75,10528498.0
2016-04-25,24.59,25.24,24.57,25.09,9492334.0
2016-04-26,25.27,25.55,24.93,25.14,9068848.0
2016-04-27,25.32,26.0,25.16,26.0,11170588.0
2016-04-28,25.84,26.21,25.18,25.24,9238522.0
2016-04-29,25.25,25.39,24.48,25.14,6861526.0
2016-05-02,25.27,25.33,24.86,25.32,4862512.0
2016-05-03,25.04,25.08,24.43,24.5,5992648.0
2016-05-04,24.36,24.37,23.49,23.68,10747060.0
2016-05-05,23.75,23.91,23.38,23.45,7640446.0
2016-05-06,23.0,23.24,21.91,22.69,18545692.0
2016-05-09,22.84,23.36,22.76,23.21,8273116.0
2016-05-10,23.29,23.66,22.96,23.41,7790470.0
2016-05-11,23.44,23.84,23.24,23.25,6616870.0
2016-05-12,23.09,23.09,21.52,21.59,29062174.0
2016-05-13,21.52,21.97,21.42,21.83,9487912.0
2016-05-16,21.91,22.64,21.88,22.45,8689108.0
2016-05-17,22.46,22.65,22.25,22.34,7381792.0
2016-05-18,22.3,22.89,22.18,22.79,7162690.0
2016-05-19,23.27,23.7,22.93,23.2,12758638.0
2016-05-20,23.43,23.75,23.09,23.63,7962382.0
2016-05-23,23.71,24.23,23.59,24.0,7512274.0
2016-05-24,24.09,24.41,23.94,24.35,6828106.0
2016-05-25,24.39,24.57,23.9,24.28,9175906.0
2016-05-26,24.12,24.71,24.07,24.7,16906660.0
2016-05-27,22.29,22.54,21.38,21.64,70364378.0
2016-05-31,21.68,21.83,21.38,21.75,23410948.0
2016-06-01,21.54,22.48,21.41,22.41,16083568.0
2016-06-02,22.36,23.47,22.26,23.45,19067038.0
2016-06-03,23.29,23.39,22.89,23.27,12764728.0
2016-06-06,23.27,23.46,23.11,23.27,8215156.0
2016-06-07,23.2,23.25,22.77,22.88,11075332.0
2016-06-08,22.94,22.95,22.74,22.83,7503154.0
2016-06-09,22.74,22.77,22.46,22.48,9199858.0
2016-06-10,22.27,22.29,21.79,21.88,7849726.0
2016-06-13,21.71,22.41,21.68,21.95,7029508.0
2016-06-14,22.02,22.2,21.63,21.7,7411936.0
2016-06-15,21.86,22.18,21.77,21.84,12003832.0
2016-06-16,21.62,21.74,21.27,21.66,12180760.0
2016-06-17,21.66,21.73,21.15,21.39,11754400.0
2016-06-20,21.68,21.76,21.33,21.36,7308820.0
2016-06-21,21.18,21.41,20.99,21.14,10418266.0
2016-06-22,21.18,21.25,20.7,20.76,7295296.0
2016-06-23,21.05,21.18,20.85,21.11,8536432.0
2016-06-24,20.36,20.77,20.17,20.3,17080198.0
2016-06-27,20.16,20.18,19.11,19.46,17663860.0
2016-06-28,19.84,20.07,19.47,19.73,7917532.0
2016-06-29,19.99,20.75,19.99,20.54,11553304.0
2016-06-30,20.58,20.96,20.23,20.44,8975218.0
2016-07-01,20.45,20.68,20.11,20.18,6617002.0
2016-07-05,20.01,20.1,19.64,19.82,7493782.0
2016-07-06,19.63,20.16,19.5,20.0,5796010.0
2016-07-07,20.04,20.43,19.95,20.27,5791228.0
2016-07-08,20.34,21.1,20.25,20.99,9159394.0
2016-07-11,21.04,21.45,21.02,21.34,10142512.0
2016-07-12,21.23,21.41,20.79,21.15,9449770.0
2016-07-13,21.16,21.41,21.14,21.23,5396020.0
2016-07-14,21.45,21.6,20.66,20.77,8156596.0
2016-07-15,20.82,20.92,20.52,20.61,5485012.0
2016-07-18,20.66,20.83,20.57,20.67,5168182.0
2016-07-19,20.73,21.18,20.68,20.91,6289666.0
2016-07-20,21.11,21.78,21.03,21.59,9357826.0
2016-07-21,21.54,21.7,20.96,21.1,7654990.0
2016-07-22,21.55,21.69,21.2,21.58,5891218.0
2016-07-25,21.59,22.16,21.5,21.92,7655518.0
2016-07-26,21.71,22.23,21.61,22.16,10532200.0
2016-07-27,22.29,22.45,21.78,21.84,5788630.0
2016-07-28,22.04,22.24,21.77,22.11,5541304.0
2016-07-29,21.7,22.02,21.48,21.82,9861388.0
2016-08-01,21.81,21.91,21.27,21.41,6331834.0
2016-08-02,21.4,21.55,20.91,21.4,7526350.0
2016-08-03,21.41,21.66,21.3,21.6,4040488.0
2016-08-04,21.66,22.02,21.64,21.91,7151428.0
2016-08-05,21.72,21.98,21.44,21.96,7079902.0
2016-08-08,22.0,22.0,21.39,21.4,4712044.0
2016-08-09,21.34,21.84,21.34,21.8,7181788.0
2016-08-10,21.38,21.39,20.79,20.84,12483436.0
2016-08-11,20.91,21.09,20.84,20.91,5720104.0
2016-08-12,20.91,21.35,20.85,21.2,6388984.0
2016-08-15,21.2,21.86,21.09,21.84,8356072.0
2016-08-16,21.93,22.89,21.88,22.6,13894648.0
2016-08-17,22.89,23.18,22.27,22.68,10671568.0
2016-08-18,22.59,22.95,22.3,22.85,5881366.0
2016-08-19,22.7,22.85,22.34,22.79,6078664.0
2016-08-22,22.93,23.07,22.64,22.93,5863918.0
2016-08-23,23.3,23.89,23.14,23.68,12260782.0
2016-08-24,23.67,23.88,23.34,23.39,9685186.0
2016-08-25,23.48,23.73,23.27,23.4,7887646.0
2016-08-26,23.36,23.56,23.1,23.45,7113304.0
2016-08-29,23.54,23.74,23.25,23.58,6836812.0
2016-08-30,23.61,24.04,23.5,23.91,20785282.0
2016-08-31,22.45,22.63,21.69,22.2,49602226.0
2016-09-01,22.23,23.55,22.21,23.45,29465590.0
2016-09-02,23.48,24.34,23.27,24.2,16949284.0
2016-09-06,24.3,24.62,24.07,24.16,9729970.0
2016-09-07,24.16,24.8,24.16,24.55,10987600.0
2016-09-08,24.5,24.73,24.42,24.5,9521338.0
2016-09-09,24.33,24.75,24.05,24.07,8560012.0
2016-09-12,23.98,24.58,23.75,24.52,9514096.0
2016-09-13,24.51,24.81,24.16,24.51,9221524.0
2016-09-14,24.45,25.08,24.4,24.72,12386548.0
2016-09-15,24.84,25.14,24.7,24.75,8548954.0
2016-09-16,24.52,24.98,24.5,24.85,11595352.0
2016-09-19,25.0,25.33,24.91,25.13,6480154.0
2016-09-20,25.16,25.33,25.0,25.01,5691280.0
2016-09-21,24.98,25.0,24.68,24.93,7881454.0
2016-09-22,25.14,25.54,25.07,25.43,7462174.0
2016-09-23,25.54,25.7,25.16,25.2,6544174.0
2016-09-26,24.95,25.12,24.81,24.98,6432250.0
2016-09-27,25.0,25.32,24.93,25.32,5340340.0
2016-09-28,25.38,25.8,25.33,25.76,7644130.0
2016-09-29,25.66,26.24,25.61,26.02,11133772.0
2016-09-30,26.03,26.66,26.03,26.55,10474924.0
2016-10-03,26.51,26.63,26.09,26.52,6561346.0
2016-10-04,26.5,26.82,26.36,26.67,6506800.0
2016-10-05,26.6,27.17,26.57,26.89,7490260.0
2016-10-06,26.82,26.82,26.39,26.6,8041756.0
2016-10-07,26.7,26.83,26.35,26.66,4562404.0
2016-10-10,26.68,26.82,26.59,26.63,6245110.0
2016-10-11,26.6,26.61,25.86,25.91,9815794.0
2016-10-12,24.7,25.88,24.54,25.7,17701102.0
2016-10-13,25.52,25.53,25.02,25.23,10469002.0
2016-10-14,25.45,25.66,25.07,25.08,5181760.0
2016-10-17,25.21,25.29,24.32,24.34,8870086.0
2016-10-18,24.73,24.94,24.61,24.75,5346880.0
2016-10-19,24.82,25.0,24.63,24.7,3820792.0
2016-10-20,24.7,24.86,24.39,24.75,5259862.0
2016-10-21,24.73,25.13,24.58,25.03,6322162.0
2016-10-24,25.13,25.57,25.13,25.25,5557204.0
2016-10-25,25.19,25.3,24.91,24.97,4427296.0
2016-10-26,24.93,25.41,24.84,25.24,4696750.0
2016-10-27,25.34,25.56,24.93,24.94,3972970.0
2016-10-28,24.96,25.48,24.86,25.27,3583528.0
2016-10-31,25.41,25.93,25.35,25.64,6390796.0
2016-11-01,25.63,25.64,25.04,25.3,6012694.0
2016-11-02,25.25,25.33,24.39,24.47,6840124.0
2016-11-03,24.51,24.81,24.2,24.27,5943394.0
2016-11-04,24.39,25.09,24.32,24.66,9436978.0
2016-11-07,25.14,25.57,25.09,25.41,8429632.0
2016-11-08,25.27,25.83,25.21,25.49,6589702.0
2016-11-09,25.23,26.52,25.23,26.5,10963096.0
2016-11-10,26.73,27.22,25.11,25.32,14128984.0
2016-11-11,25.16,26.23,24.93,26.0,8031574.0
2016-11-14,26.06,26.5,25.91,26.07,5894008.0
2016-11-15,26.27,26.93,26.26,26.57,7124542.0
2016-11-16,26.36,27.0,26.34,26.74,6622192.0
2016-11-17,26.62,27.61,26.57,27.36,10130248.0
2016-11-18,27.43,27.43,26.71,26.89,9695524.0
2016-11-21,27.14,27.14,26.39,26.84,27423082.0
2016-11-22,23.94,24.04,23.02,23.29,70686152.0
2016-11-23,23.38,23.48,23.02,23.28,13588648.0
2016-11-25,23.39,23.59,23.21,23.59,6163432.0
2016-11-28,23.56,23.66,22.57,22.71,19363816.0
2016-11-29,22.66,22.86,22.18,22.27,15851254.0
2016-11-30,22.36,22.56,22.02,22.39,9905980.0
2016-12-01,22.46,22.46,21.58,21.61,13218442.0
2016-12-02,21.41,21.55,21.01,21.11,15634810.0
2016-12-05,21.25,21.8,21.23,21.49,14617918.0
2016-12-06,21.71,21.71,21.32,21.56,8263030.0
2016-12-07,21.48,21.66,21.09,21.56,8976586.0
2016-12-08,21.62,22.0,21.52,21.77,7527196.0
2016-12-09,21.94,22.0,21.48,21.68,6088282.0
2016-12-12,21.66,21.75,21.16,21.3,9309490.0
2016-12-13,21.48,21.64,21.32,21.54,6902818.0
2016-12-14,21.54,21.59,21.21,21.37,6352018.0
2016-12-15,21.5,21.71,21.41,21.5,5468986.0
2016-12-16,21.5,21.57,21.33,21.55,9288280.0
2016-12-19,21.59,21.66,21.34,21.41,7787200.0
2016-12-20,21.5,21.63,20.96,21.05,8163988.0
2016-12-21,20.89,21.22,20.84,21.02,9869302.0
2016-12-22,21.13,21.2,20.59,20.84,8253922.0
2016-12-23,20.84,21.25,20.84,21.23,5721424.0
2016-12-27,21.17,21.36,21.09,21.18,4294330.0
2016-12-28,21.16,21.22,20.8,20.83,6484882.0
2016-12-29,20.84,21.15,20.75,20.86,5219746.0
2016-12-30,20.96,21.07,20.77,20.84,5717782.0
2017-01-03,20.98,21.32,20.97,21.16,6822592.0
2017-01-04,21.2,21.36,21.04,21.34,9619000.0
2017-01-05,21.34,22.5,21.32,22.0,19710568.0
2017-01-06,22.05,22.7,21.86,22.51,17364346.0
2017-01-09,22.59,22.63,22.18,22.29,9012592.0
2017-01-10,22.43,22.59,22.18,22.45,6822178.0
2017-01-11,22.64,23.0,22.52,22.91,13454668.0
2017-01-12,22.89,22.89,22.25,22.73,8821570.0
2017-01-13,22.8,23.24,22.8,23.08,9077728.0
2017-01-17,23.02,23.25,22.75,23.07,9563704.0
2017-01-18,22.93,23.15,22.6,23.13,9677530.0
2017-01-19,23.59,23.94,23.41,23.66,14198866.0
2017-01-20,23.64,23.83,23.58,23.68,6546430.0
2017-01-23,23.68,23.74,23.32,23.48,8125582.0
2017-01-24,23.59,24.1,23.35,24.0,9315214.0
2017-01-25,24.2,24.69,24.18,24.36,9782656.0
2017-01-26,24.5,24.66,24.09,24.26,6059980.0
2017-01-27,24.16,24.27,23.86,24.2,5183398.0
2017-01-30,24.16,24.19,23.71,24.14,5911444.0
2017-01-31,24.09,24.73,24.02,24.59,11955718.0
2017-02-01,24.66,24.71,24.1,24.35,6888124.0
2017-02-02,24.2,24.48,24.15,24.26,6619192.0
2017-02-03,24.92,25.27,24.63,25.17,12250642.0
2017-02-06,24.95,25.02,24.79,24.94,5146150.0
2017-02-07,25.0,25.28,24.98,25.02,6399496.0
2017-02-08,25.21,25.32,25.0,25.32,7447288.0
2017-02-09,25.43,25.96,25.42,25.91,10436680.0
2017-02-10,25.88,26.08,25.82,25.88,5796724.0
2017-02-13,25.9,26.16,25.84,26.04,5173318.0
2017-02-14,25.96,26.18,25.56,26.15,5253064.0
2017-02-15,26.15,26.27,25.84,25.89,10386004.0
2017-02-16,25.91,25.96,25.23,25.49,10598530.0
2017-02-17,25.43,25.8,25.0,25.8,9033718.0
2017-02-21,25.8,26.25,25.71,25.96,8539222.0
2017-02-22,25.98,26.1,25.77,25.89,4262578.0
2017-02-23,25.89,25.89,25.05,25.45,11828398.0
2017-02-24,25.25,25.5,24.69,25.5,8863894.0
2017-02-27,25.5,25.85,25.39,25.66,8468272.0
2017-02-28,25.56,25.71,25.18,25.32,28769476.0
2017-03-01,19.98,20.16,19.17,19.2,130718522.0
2017-03-02,19.37,19.63,19.16,19.41,40552072.0
2017-03-03,19.52,19.66,19.2,19.26,19546726.0
2017-03-06,19.32,19.44,18.95,19.11,16516576.0
2017-03-07,19.13,19.44,19.03,19.04,12099676.0
2017-03-08,19.13,19.34,19.04,19.09,14211406.0
2017-03-09,19.16,19.3,19.01,19.18,9406252.0
2017-03-10,19.21,19.9,19.15,19.82,28248292.0
2017-03-13,19.85,19.96,19.46,19.61,12711040.0
2017-03-14,19.52,19.66,19.34,19.44,6749752.0
2017-03-15,19.47,19.58,19.26,19.49,7648852.0
2017-03-16,19.57,19.63,19.34,19.5,8227402.0
2017-03-17,19.58,19.6,19.3,19.3,9684094.0
2017-03-20,19.25,19.34,18.98,19.14,17354134.0
2017-03-21,19.27,19.32,18.46,18.52,17113768.0
2017-03-22,18.54,18.77,18.38,18.62,10230160.0
2017-03-23,18.66,18.84,18.62,18.65,7873972.0
2017-03-24,18.73,18.84,18.54,18.63,7157392.0
2017-03-27,18.41,18.73,18.34,18.64,7836412.0
2017-03-28,18.65,18.91,18.62,18.81,8372674.0
2017-03-29,18.86,19.12,18.82,18.91,8297452.0
2017-03-30,19.05,19.2,18.89,18.91,8526244.0
2017-03-31,18.92,19.02,18.73,18.78,15658600.0
2017-04-03,18.8,18.95,18.37,18.5,15678952.0
2017-04-04,18.48,18.63,18.27,18.3,7297816.0
2017-04-05,18.34,18.41,17.89,18.0,14037772.0
2017-04-06,18.09,18.51,18.09,18.48,10633348.0
2017-04-07,18.59,18.87,18.52,18.7,15034324.0
2017-04-10,18.68,18.79,18.57,18.73,10855516.0
2017-04-11,18.6,18.93,18.5,18.91,9955306.0
2017-04-12,18.84,19.04,18.75,18.89,8964946.0
2017-04-13,18.95,19.02,18.7,18.7,10377652.0
2017-04-17,18.45,18.64,18.13,18.31,17945620.0
2017-04-18,18.28,18.36,18.09,18.18,7537744.0
2017-04-19,18.18,18.38,18.09,18.2,9751558.0
2017-04-20,18.27,18.34,18.07,18.14,7459336.0
2017-04-21,18.25,18.27,17.98,18.09,8891194.0
2017-04-24,18.23,18.36,18.09,18.3,9952870.0
2017-04-25,18.36,18.52,18.35,18.4,7919656.0
2017-04-26,18.39,18.5,18.18,18.21,6292432.0
2017-04-27,18.36,18.5,18.28,18.32,6588772.0
2017-04-28,18.3,18.3,17.89,18.07,14539402.0
2017-05-01,18.13,18.2,18.02,18.07,5770834.0
2017-05-02,18.07,18.34,18.07,18.32,11849122.0
2017-05-03,18.63,18.99,18.54,18.86,11460310.0
2017-05-04,18.89,19.61,18.89,19.27,14230744.0
2017-05-05,19.26,19.54,19.14,19.39,9355510.0
2017-05-08,19.37,19.54,19.27,19.47,6247492.0
2017-05-09,19.43,19.77,19.37,19.71,8903596.0
2017-05-10,19.43,19.46,19.13,19.3,15398392.0
2017-05-11,19.29,19.29,19.03,19.19,6919378.0
2017-05-12,19.16,19.41,19.02,19.41,5862700.0
2017-05-15,20.22,20.34,19.86,19.93,19520692.0
2017-05-16,20.0,20.11,19.7,19.78,7966906.0
2017-05-17,19.64,19.74,19.05,19.08,9026434.0
2017-05-18,18.93,19.09,18.71,18.95,9411178.0
2017-05-19,19.66,19.68,19.11,19.41,12878194.0
2017-05-22,19.57,19.63,19.32,19.52,8330104.0
2017-05-23,19.55,19.83,19.42,19.68,8091472.0
2017-05-24,19.75,19.75,19.45,19.66,12143932.0
2017-05-25,19.74,19.89,19.56,19.61,7425928.0
2017-05-26,19.54,19.77,19.38,19.68,6176962.0
2017-05-30,19.7,19.93,19.17,19.5,17439670.0
2017-05-31,19.59,19.91,19.3,19.77,29721172.0
2017-06-01,22.19,23.33,22.16,23.16,90764690.0
2017-06-02,22.88,23.29,22.72,23.02,26334004.0
2017-06-05,22.91,23.5,22.82,23.42,20781718.0
2017-06-06,23.25,23.55,23.09,23.19,9665440.0
2017-06-07,23.16,23.55,23.11,23.34,10173670.0
2017-06-08,23.34,23.34,22.91,23.2,10540882.0
2017-06-09,23.15,23.3,22.21,22.34,14595274.0
2017-06-12,22.05,22.26,21.41,22.16,14017720.0
2017-06-13,22.34,22.61,22.11,22.46,7270336.0
2017-06-14,22.48,22.57,22.05,22.32,6631330.0
2017-06-15,21.91,22.11,21.48,22.0,13980244.0
2017-06-16,22.02,22.13,21.78,21.93,7641424.0
2017-06-19,22.02,22.42,21.92,22.36,8474554.0
2017-06-20,22.29,22.35,22.04,22.05,5905336.0
2017-06-21,22.04,22.27,21.91,22.16,6296590.0
2017-06-22,22.16,22.76,22.12,22.68,10479412.0
2017-06-23,22.71,23.16,22.64,23.07,9867196.0
2017-06-26,23.07,23.12,22.61,22.85,5423320.0
2017-06-27,22.8,23.11,22.48,22.5,9626206.0
2017-06-28,22.55,22.79,22.38,22.7,10028554.0
2017-06-29,22.77,22.84,22.2,22.45,7924738.0
2017-06-30,22.57,22.7,22.3,22.3,6385822.0
2017-07-03,22.39,22.62,22.07,22.16,3558478.0
2017-07-05,22.16,22.44,22.02,22.3,6916168.0
2017-07-06,22.18,22.32,21.96,22.11,5761180.0
2017-07-07,22.52,23.06,22.45,22.69,9588838.0
2017-07-10,22.75,23.1,22.6,22.93,8239042.0
2017-07-11,22.95,23.27,22.84,23.14,5527828.0
2017-07-12,23.3,23.56,23.2,23.23,7546198.0
2017-07-13,23.37,23.98,23.34,23.5,12576874.0
2017-07-14,23.16,23.39,23.09,23.16,6553312.0
2017-07-17,23.09,23.21,22.95,23.11,6080506.0
2017-07-18,23.0,23.39,22.89,23.24,4080364.0
2017-07-19,23.34,23.73,23.27,23.46,4596340.0
2017-07-20,22.97,23.5,22.97,23.25,6835858.0
2017-07-21,23.25,23.25,22.96,23.12,4030150.0
2017-07-24,23.16,23.33,23.09,23.24,3529606.0
2017-07-25,23.24,23.32,23.12,23.25,3124816.0
2017-07-26,23.34,23.34,23.04,23.12,5021998.0
2017-07-27,23.16,23.23,22.18,22.5,9123142.0
2017-07-28,22.41,22.66,22.2,22.29,5613112.0
2017-07-31,22.31,22.41,21.73,21.96,10386598.0
2017-08-01,22.09,22.34,22.07,22.18,5331046.0
2017-08-02,22.38,22.48,21.52,21.89,7371604.0
2017-08-03,21.96,22.05,21.75,21.96,4144534.0
2017-08-04,22.03,22.05,21.68,21.75,4985494.0
2017-08-07,21.76,21.98,21.57,21.83,5531962.0
2017-08-08,21.72,21.77,21.48,21.61,5334772.0
2017-08-09,21.45,21.66,21.34,21.65,7331050.0
2017-08-10,21.48,21.64,21.2,21.29,4732354.0
2017-08-11,21.16,21.66,21.09,21.48,4128856.0
2017-08-14,21.59,21.95,21.59,21.82,5723410.0
2017-08-15,21.95,22.04,21.67,21.91,4123372.0
2017-08-16,21.95,22.23,21.92,22.16,4921990.0
2017-08-17,22.11,22.32,21.75,21.76,3449656.0
2017-08-18,21.73,21.96,21.54,21.71,4463776.0
2017-08-21,21.66,21.91,21.46,21.84,5083798.0
2017-08-22,21.88,22.23,21.85,22.07,4388086.0
2017-08-23,21.91,21.96,21.6,21.74,6556888.0
2017-08-24,21.89,22.09,21.77,21.95,3666616.0
2017-08-25,21.7,21.77,21.27,21.44,9886504.0
2017-08-28,21.46,21.73,21.31,21.55,9901606.0
2017-08-29,21.34,21.7,21.14,21.68,7074334.0
2017-08-30,21.77,22.14,21.68,22.14,7325386.0
2017-08-31,22.25,22.3,22.02,22.11,15141808.0
2017-09-01,24.14,24.79,23.7,24.45,49078438.0
2017-09-05,24.21,24.6,23.98,24.0,25337032.0
2017-09-06,24.13,24.32,23.93,24.12,12734518.0
2017-09-07,24.07,24.24,23.88,23.95,8887234.0
2017-09-08,24.2,24.64,23.96,24.0,13299718.0
2017-09-11,24.16,24.42,24.04,24.14,8452492.0
2017-09-12,24.14,24.14,23.77,23.93,12791980.0
2017-09-13,23.85,24.11,23.84,24.02,5699830.0
2017-09-14,23.86,23.95,23.7,23.75,6546532.0
2017-09-15,23.75,23.94,23.75,23.91,7521100.0
2017-09-18,23.8,24.22,23.79,23.91,9190414.0
2017-09-19,24.0,24.0,23.73,23.81,4932280.0
2017-09-20,23.8,23.91,23.43,23.63,5786134.0
2017-09-21,23.55,23.63,23.2,23.34,5915608.0
2017-09-22,23.34,23.54,23.23,23.38,5915914.0
2017-09-25,23.34,23.36,22.86,23.04,7716082.0
2017-09-26,23.16,23.39,22.79,23.33,9340840.0
2017-09-27,23.46,23.55,23.23,23.32,8918710.0
2017-09-28,23.21,23.62,23.16,23.45,5662474.0
2017-09-29,23.5,24.11,23.5,24.02,9235708.0
2017-10-02,24.1,24.32,23.9,24.1,7406494.0
2017-10-03,24.14,24.27,24.04,24.06,5280208.0
2017-10-04,24.06,24.14,23.93,24.01,4150804.0
2017-10-05,24.05,24.34,24.0,24.25,7570984.0
2017-10-06,24.19,24.63,24.18,24.56,6759370.0
2017-10-09,24.6,24.68,24.34,24.41,5257540.0
2017-10-10,25.02,25.56,24.82,25.09,17104054.0
2017-10-11,25.0,25.23,24.77,24.84,10896070.0
2017-10-12,24.66,24.95,24.59,24.7,7166476.0
2017-10-13,24.7,25.09,24.7,24.98,5195254.0
2017-10-16,25.02,25.05,24.65,24.84,4139542.0
2017-10-17,24.83,24.98,24.7,24.91,6414298.0
2017-10-18,24.91,25.16,24.79,24.95,5621620.0
2017-10-19,24.73,24.95,24.66,24.89,4183972.0
2017-10-20,25.01,25.1,24.83,24.93,5083684.0
2017-10-23,24.91,24.94,24.18,24.7,10269982.0
2017-10-24,24.7,24.93,24.55,24.88,6595966.0
2017-10-25,24.79,24.92,24.63,24.76,7485886.0
2017-10-26,24.8,24.91,24.59,24.8,4659664.0
2017-10-27,24.79,25.0,24.36,24.45,9103774.0
2017-10-30,24.38,24.63,24.1,24.59,5970550.0
2017-10-31,24.64,24.98,24.48,24.54,6302788.0
2017-11-01,24.59,24.66,23.79,24.0,10096882.0
2017-11-02,23.75,23.94,23.34,23.87,9937834.0
2017-11-03,23.94,24.46,23.77,24.39,8127382.0
2017-11-06,24.43,24.68,24.36,24.66,8236390.0
2017-11-07,24.66,24.76,24.34,24.45,7542814.0
2017-11-08,24.61,24.89,24.5,24.75,6050542.0
2017-11-09,24.25,24.25,23.09,23.16,16432006.0
2017-11-10,23.44,23.52,22.84,23.39,15760414.0
2017-11-13,23.34,23.45,22.96,23.11,6560368.0
2017-11-14,23.04,23.24,22.95,23.14,12268828.0
2017-11-15,22.96,23.04,22.64,23.04,5317090.0
2017-11-16,23.21,23.48,22.98,23.11,8574646.0
2017-11-17,23.25,23.83,23.23,23.79,12720496.0
2017-11-20,23.91,24.1,23.59,23.75,26659378.0
2017-11-21,25.36,26.14,24.84,24.9,54734500.0
2017-11-22,24.96,25.57,24.95,25.23,17149828.0
2017-11-24,25.36,25.36,25.01,25.11,5445034.0
2017-11-27,25.23,25.45,24.96,25.11,9432250.0
2017-11-28,25.1,25.16,24.77,24.85,10021378.0
2017-11-29,24.85,24.89,24.05,24.15,10690972.0
2017-11-30,24.23,24.41,23.89,24.29,7589596.0
2017-12-01,24.27,24.46,23.72,23.96,7354018.0
2017-12-04,24.5,24.54,23.68,23.82,9009640.0
2017-12-05,23.8,23.98,23.62,23.8,6445858.0
2017-12-06,23.61,23.9,23.36,23.56,10317076.0
2017-12-07,23.61,24.23,23.46,23.8,9056734.0
2017-12-08,23.88,24.21,23.88,23.98,6714598.0
2017-12-11,24.09,24.11,23.87,24.02,5309470.0
2017-12-12,24.0,24.23,23.78,23.91,6949186.0
2017-12-13,23.89,24.33,23.8,24.14,6637786.0
2017-12-14,24.2,24.44,24.13,24.24,4828192.0
2017-12-15,24.36,24.73,24.27,24.55,7585744.0
2017-12-18,24.66,24.86,24.56,24.71,5782690.0
2017-12-19,24.73,24.91,24.66,24.82,4614172.0
2017-12-20,24.88,24.89,24.32,24.57,4209004.0
2017-12-21,24.64,24.66,24.38,24.43,4759582.0
2017-12-22,24.38,24.53,24.2,24.36,3924394.0
2017-12-26,24.26,24.43,24.0,24.36,2404684.0
2017-12-27,24.27,24.46,24.22,24.46,3217822.0
2017-12-28,24.48,24.59,24.39,24.48,3176986.0
2017-12-29,24.45,24.47,24.16,24.16,2869882.0
2018-01-02,24.34,24.81,24.18,24.76,4578136.0
2018-01-03,24.8,24.99,24.75,24.95,4934590.0
2018-01-04,25.0,25.44,24.81,24.88,6803272.0
2018-01-05,25.14,25.52,25.0,25.5,8447722.0
2018-01-08,25.37,25.68,25.28,25.61,6874504.0
2018-01-09,25.75,25.84,25.32,25.38,7290232.0
2018-01-10,25.27,25.59,25.23,25.51,5750956.0
2018-01-11,25.5,25.82,25.49,25.7,5176648.0
2018-01-12,25.59,25.84,25.45,25.59,7742140.0
2018-01-16,25.69,25.88,24.93,25.27,6830164.0
2018-01-17,25.45,25.77,25.29,25.7,5734522.0
2018-01-18,26.07,26.46,25.96,26.3,11060908.0
2018-01-19,26.25,26.34,26.09,26.2,6262126.0
2018-01-22,25.69,25.69,25.15,25.64,11277628.0
2018-01-23,26.16,26.66,25.88,26.59,10240924.0
2018-01-24,26.57,26.75,26.21,26.38,6398320.0
2018-01-25,26.53,26.54,25.99,26.21,6646564.0
2018-01-26,26.3,26.7,26.23,26.62,4784182.0
2018-01-29,26.64,26.8,26.1,26.12,6433456.0
2018-01-30,25.98,26.11,25.67,25.74,7567432.0
2018-01-31,25.89,26.34,25.86,26.31,7394080.0
2018-02-01,26.1,26.75,26.07,26.6,5928958.0
2018-02-02,26.41,26.5,25.82,25.86,4954300.0
2018-02-05,25.55,26.52,25.54,25.59,8480218.0
2018-02-06,24.95,26.29,24.95,26.09,7833544.0
2018-02-07,25.93,26.2,25.74,26.0,4534630.0
2018-02-08,26.07,26.32,25.04,25.22,10377988.0
2018-02-09,25.77,25.98,24.73,25.64,6638278.0
2018-02-12,25.91,26.21,25.63,25.88,8026606.0
2018-02-13,25.41,26.25,25.41,26.15,8867302.0
2018-02-14,26.1,26.64,25.96,26.39,8103796.0
2018-02-15,26.65,26.91,26.46,26.77,7997344.0
2018-02-16,26.83,27.32,26.7,27.02,8329096.0
2018-02-20,26.8,27.36,26.8,27.16,7120324.0
2018-02-21,27.84,27.95,27.38,27.4,11918956.0
2018-02-22,27.79,27.84,26.91,27.0,12172786.0
2018-02-23,27.16,27.59,26.85,27.59,9845170.0
2018-02-26,27.74,28.29,27.46,28.22,26378608.0
2018-02-27,29.68,29.86,28.75,28.88,39367744.0
2018-02-28,29.05,29.23,28.45,28.89,15274072.0
2018-03-01,28.89,29.32,28.52,28.91,12812572.0
2018-03-02,28.35,29.52,28.18,29.46,10036744.0
2018-03-05,29.34,30.14,29.32,30.05,12559516.0
2018-03-06,30.16,30.59,29.84,30.54,14677654.0
2018-03-07,30.28,31.18,30.2,31.05,13410370.0
2018-03-08,31.13,31.36,31.04,31.27,8832724.0
2018-03-09,31.39,31.57,31.07,31.42,8489398.0
2018-03-12,31.46,31.92,31.18,31.62,12311416.0
2018-03-13,31.64,31.81,31.2,31.38,8758726.0
2018-03-14,31.38,31.91,31.32,31.41,7354774.0
2018-03-15,31.52,31.73,31.29,31.5,5707654.0
2018-03-16,31.46,31.57,31.23,31.25,7535494.0
2018-03-19,31.2,31.39,30.65,31.02,8474656.0
2018-03-20,31.09,31.41,31.01,31.31,7037002.0
2018-03-21,31.31,31.66,31.04,31.33,5017852.0
2018-03-22,31.02,31.45,30.78,30.8,5036596.0
2018-03-23,30.8,31.05,30.24,30.3,5683474.0
2018-03-26,30.82,31.34,30.36,31.24,6232912.0
2018-03-27,31.54,31.54,29.62,29.91,9269512.0
2018-03-28,29.8,30.25,29.25,29.48,8838586.0
2018-03-29,29.89,30.36,29.66,30.25,7071466.0
2018-04-02,29.94,30.29,29.6,30.02,7750684.0
2018-04-03,30.22,31.0,30.18,30.73,8245270.0
2018-04-04,30.21,31.64,30.18,31.54,12882628.0
2018-04-05,31.66,32.87,31.55,32.73,18293524.0
2018-04-06,32.31,32.72,32.03,32.3,12187042.0
2018-04-09,32.59,32.84,31.25,31.32,12150604.0
2018-04-10,31.61,31.8,30.44,31.14,15073330.0
2018-04-11,30.98,31.35,30.79,31.16,9961420.0
2018-04-12,31.4,31.95,31.27,31.75,13213354.0
2018-04-13,31.99,32.0,30.91,31.23,6234754.0
2018-04-16,31.5,31.74,31.06,31.5,5959264.0
2018-04-17,31.75,32.2,31.56,31.98,10683526.0
2018-04-18,32.12,32.23,31.63,32.08,6309166.0
2018-04-19,31.95,32.16,31.76,32.01,5268478.0
2018-04-20,31.88,32.35,31.88,32.01,5822896.0
2018-04-23,32.1,32.16,31.57,32.05,7219084.0
2018-04-24,32.2,32.74,31.59,31.88,8860228.0
2018-04-25,31.72,31.88,31.13,31.76,6587632.0
2018-04-26,32.0,32.43,31.58,32.28,4072606.0
2018-04-27,32.38,32.54,31.88,32.08,5048680.0
2018-04-30,32.02,32.36,31.84,32.09,4200130.0
2018-05-01,31.96,32.38,31.64,32.35,3353416.0
2018-05-02,32.53,33.13,32.23,32.78,8001418.0
2018-05-03,32.48,32.78,31.7,32.23,6523780.0
2018-05-04,32.16,32.83,31.94,32.56,4832266.0
2018-05-07,32.77,33.28,32.63,33.09,4331122.0
2018-05-08,33.02,33.74,33.02,33.63,8778238.0
2018-05-09,33.87,34.51,33.75,34.44,10797568.0
2018-05-10,34.5,34.66,34.26,34.31,5607694.0
2018-05-11,34.34,34.5,33.63,33.72,5384518.0
2018-05-14,33.83,34.5,33.19,33.35,6760462.0
2018-05-15,33.29,33.76,32.89,33.7,5845006.0
2018-05-16,33.75,33.82,33.09,33.3,4880344.0
2018-05-17,33.13,33.47,33.03,33.34,5070994.0
2018-05-18,33.34,33.89,33.34,33.63,4622950.0
2018-05-21,34.02,34.53,33.81,34.45,9798190.0
2018-05-22,34.52,34.63,33.85,34.05,6457492.0
2018-05-23,33.93,34.55,33.93,34.51,3958756.0
2018-05-24,34.7,35.06,34.48,34.86,6991348.0
2018-05-25,34.92,35.21,34.84,34.88,4671214.0
2018-05-29,34.77,35.06,34.47,34.64,5701534.0
2018-05-30,34.84,35.22,34.74,34.95,5642566.0
2018-05-31,35.16,35.28,34.67,34.68,9451300.0
2018-06-01,35.0,35.02,34.49,34.87,10985608.0
2018-06-04,35.77,35.78,33.31,34.68,30719080.0
2018-06-05,34.63,34.78,33.6,33.98,19757176.0
2018-06-06,33.95,34.25,33.6,33.83,11658634.0
2018-06-07,33.83,34.18,32.63,33.09,12706642.0
2018-06-08,32.94,33.37,32.7,33.22,9140482.0
2018-06-11,33.23,33.35,32.94,33.12,6379480.0
2018-06-12,33.48,34.59,33.37,34.57,13497214.0
2018-06-13,34.66,35.67,34.66,35.51,15075148.0
2018-06-14,35.51,36.23,35.51,35.92,14300368.0
2018-06-15,35.58,35.88,34.95,35.77,13132534.0
2018-06-18,35.6,35.8,35.28,35.3,8680630.0
2018-06-19,34.96,35.33,34.66,35.16,5949760.0
2018-06-20,35.45,36.09,35.45,35.91,6257422.0
2018-06-21,36.06,36.09,34.95,35.45,5423290.0
2018-06-22,35.45,35.47,34.31,34.6,9644722.0
2018-06-25,34.29,34.34,33.27,33.73,10529770.0
2018-06-26,33.91,34.35,33.84,33.98,5476984.0
2018-06-27,34.23,34.48,33.47,33.52,4220518.0
2018-06-28,33.33,34.3,33.2,34.16,6623254.0
2018-06-29,34.23,34.69,34.22,34.24,5453452.0
2018-07-02,34.15,34.95,33.65,34.91,5308120.0
2018-07-03,34.98,35.16,34.39,34.95,3911332.0
2018-07-05,35.09,35.16,34.38,34.74,5051848.0
2018-07-06,34.74,35.37,34.68,35.2,4270570.0
2018-07-09,35.34,35.47,34.45,34.81,7406830.0
2018-07-10,34.98,35.44,34.74,35.12,15904336.0
2018-07-11,34.88,35.63,34.77,35.47,7604116.0
2018-07-12,35.6,36.53,35.51,36.38,7908376.0
2018-07-13,36.41,36.56,35.8,35.99,5412040.0
2018-07-16,36.09,36.38,35.58,35.73,3723334.0
2018-07-17,35.66,36.19,35.54,36.09,4354480.0
2018-07-18,36.34,36.5,35.92,36.03,4774552.0
2018-07-19,36.1,36.16,35.68,35.77,3626500.0
2018-07-20,35.98,36.07,35.62,35.67,3973954.0
2018-07-23,35.59,35.62,34.77,35.27,6347428.0
2018-07-24,35.28,35.57,34.34,34.8,6990652.0
2018-07-25,34.8,35.86,34.8,35.79,5206492.0
2018-07-26,35.55,36.15,35.09,35.9,5089690.0
2018-07-27,35.94,35.94,34.39,34.66,6102010.0
2018-07-30,34.59,34.79,32.27,32.61,16714036.0
2018-07-31,32.82,33.49,32.36,33.05,10088458.0
2018-08-01,33.43,33.62,33.01,33.37,5843800.0
2018-08-02,33.96,34.96,33.54,34.81,9422638.0
2018-08-03,34.65,34.77,34.13,34.49,5582788.0
2018-08-06,34.41,35.38,34.41,35.23,5102074.0
2018-08-07,35.24,35.63,35.23,35.4,4069708.0
2018-08-08,35.56,35.63,35.18,35.35,4018942.0
2018-08-09,35.41,35.91,35.35,35.52,7838020.0
2018-08-10,35.31,35.81,35.12,35.44,8319898.0
2018-08-13,35.47,35.88,34.95,35.09,8645830.0
2018-08-14,35.06,35.2,34.52,35.13,9142498.0
2018-08-15,34.88,35.18,34.02,34.14,10787398.0
2018-08-16,34.5,35.33,34.42,35.09,9870244.0
2018-08-17,34.71,35.66,34.64,35.52,5717830.0
2018-08-20,35.65,35.68,34.95,35.44,5303338.0
2018-08-21,35.53,35.88,35.22,35.38,5330134.0
2018-08-22,35.51,36.16,35.43,35.93,6651838.0
2018-08-23,36.09,36.65,35.69,36.12,7659460.0
2018-08-24,36.6,37.78,36.53,37.57,13003870.0
2018-08-27,37.56,37.91,37.27,37.79,7410628.0
2018-08-28,38.0,38.27,37.77,38.2,5210002.0
2018-08-29,38.16,38.72,38.16,38.54,5567452.0
2018-08-30,38.5,38.72,38.2,38.38,5159518.0
2018-08-31,38.2,38.7,38.2,38.52,4958026.0
2018-09-04,38.4,38.81,38.06,38.17,8001490.0
2018-09-05,38.09,38.14,36.69,37.04,10140052.0
2018-09-06,37.16,37.4,36.48,36.73,12690196.0
2018-09-07,38.72,39.06,37.84,37.94,19420180.0
2018-09-10,38.05,39.63,38.05,39.35,13581718.0
2018-09-11,39.23,39.71,38.84,39.02,7184548.0
2018-09-12,39.02,39.49,38.34,39.37,7250506.0
2018-09-13,39.54,39.91,39.1,39.35,4755148.0
2018-09-14,39.38,39.58,38.62,39.1,5927212.0
2018-09-17,39.08,39.33,38.37,38.66,4928452.0
2018-09-18,38.75,39.44,38.67,39.01,4187344.0
2018-09-19,38.83,39.15,37.76,38.17,5906176.0
2018-09-20,38.58,38.61,38.05,38.34,4002352.0
2018-09-21,38.34,38.53,38.05,38.26,5772628.0
2018-09-24,37.86,38.7,37.52,38.45,7162162.0
2018-09-25,38.5,38.82,38.22,38.28,5544178.0
2018-09-26,38.4,38.56,37.65,37.69,7661926.0
2018-09-27,37.84,38.31,37.47,37.63,6202300.0
2018-09-28,37.58,38.02,37.45,37.55,6739222.0
2018-10-01,37.8,38.17,37.23,37.47,6047860.0
2018-10-02,37.09,37.45,36.95,37.13,5813086.0
2018-10-03,37.38,37.74,36.84,36.88,4475650.0
2018-10-04,36.97,37.09,36.37,36.55,8242126.0
2018-10-05,36.44,36.77,35.66,35.95,8205460.0
2018-10-08,35.84,36.13,34.88,35.4,7993072.0
2018-10-09,35.03,35.7,35.03,35.38,6662956.0
2018-10-10,35.62,35.81,33.72,33.73,11751142.0
2018-10-11,33.56,34.38,33.38,33.86,10190248.0
2018-10-12,34.99,35.63,34.57,35.33,10413652.0
2018-10-15,35.3,35.38,34.52,34.87,5323186.0
2018-10-16,34.2,34.32,33.27,34.16,18085462.0
2018-10-17,34.33,34.44,33.88,34.34,7635832.0
2018-10-18,34.26,34.62,33.55,33.76,6967876.0
2018-10-19,33.92,34.13,32.11,32.25,12190678.0
2018-10-22,32.41,32.78,31.73,32.4,12715126.0
2018-10-23,31.54,33.08,31.17,32.84,9068368.0
2018-10-24,32.91,33.19,30.93,30.96,12347770.0
2018-10-25,31.16,31.98,31.11,31.77,5855320.0
2018-10-26,30.97,31.47,30.34,30.9,7572934.0
2018-10-29,31.39,31.77,29.35,29.83,9927562.0
2018-10-30,29.75,29.93,29.24,29.61,8375974.0
2018-10-31,30.18,31.18,30.17,30.5,10077220.0
2018-11-01,30.75,31.57,30.47,31.46,10044958.0
2018-11-02,31.62,31.82,30.6,30.7,6487528.0
2018-11-05,30.88,31.06,30.18,30.46,5408824.0
2018-11-06,30.39,31.18,30.32,30.64,6303700.0
2018-11-07,30.95,31.66,30.82,31.56,6214630.0
2018-11-08,31.68,32.05,31.11,31.41,6866086.0
2018-11-09,31.11,31.4,29.92,30.52,8439610.0
2018-11-12,30.31,30.43,29.3,29.56,6671710.0
2018-11-13,29.72,29.99,29.2,29.46,6419542.0
2018-11-14,29.71,30.29,29.3,29.46,6334474.0
2018-11-15,29.0,29.21,28.26,28.73,13707670.0
2018-11-16,28.68,28.85,27.61,28.27,13888612.0
2018-11-19,28.29,28.55,26.94,27.24,12141010.0
2018-11-20,26.96,28.27,26.68,27.63,13291120.0
2018-11-21,28.07,28.63,27.7,27.82,6425782.0
2018-11-23,27.55,28.29,27.5,27.73,3069736.0
2018-11-26,28.09,28.51,28.04,28.39,8114212.0
2018-11-27,28.19,28.34,27.55,27.77,6529456.0
2018-11-28,28.27,29.46,28.27,29.43,13273930.0
2018-11-29,29.45,29.9,28.99,29.34,18453406.0
2018-11-30,30.73,32.0,28.55,28.82,32762896.0
2018-12-03,29.4,29.91,29.08,29.89,14819590.0
2018-12-04,29.59,29.91,29.09,29.54,10172734.0
2018-12-06,28.89,30.43,28.69,30.3,11833252.0
2018-12-07,30.23,30.53,29.04,29.18,8336152.0
2018-12-10,28.98,29.99,28.95,29.88,6899686.0
2018-12-11,30.52,31.62,30.4,30.73,14653102.0
2018-12-12,31.12,32.13,31.12,31.59,13869508.0
2018-12-13,31.66,31.86,30.96,31.36,8746510.0
2018-12-14,30.77,31.14,30.44,30.67,6816682.0
2018-12-17,30.52,30.52,29.29,29.43,9903232.0
2018-12-18,29.58,30.0,29.43,29.54,7600576.0
2018-12-19,29.68,30.64,29.38,29.83,7383196.0
2018-12-20,29.66,30.3,29.26,29.91,11075182.0
2018-12-21,29.96,30.34,28.46,28.89,16460950.0
2018-12-24,28.35,28.96,28.14,28.32,6288976.0
2018-12-26,28.52,30.31,28.5,30.27,11553946.0
2018-12-27,29.78,30.43,29.31,30.38,8559016.0
2018-12-28,30.54,31.05,30.32,30.69,6597778.0
2018-12-31,30.88,31.41,30.7,31.39,7498756.0
2019-01-02,30.84,31.2,30.32,30.54,8865832.0
2019-01-03,30.23,30.48,29.8,29.95,6227500.0
2019-01-04,30.37,31.02,30.27,30.73,6734308.0
2019-01-07,30.88,31.34,30.79,31.23,7001032.0
2019-01-08,31.52,31.9,31.18,31.74,6577312.0
2019-01-09,31.7,32.5,31.7,32.19,6163138.0
2019-01-10,32.0,32.77,31.7,32.66,6265858.0
2019-01-11,32.7,33.0,32.52,32.66,5193046.0
2019-01-14,32.34,32.71,32.16,32.49,5906920.0
2019-01-15,32.46,33.48,32.46,33.36,6336568.0
2019-01-16,33.54,33.85,33.34,33.55,6216748.0
2019-01-17,33.36,34.08,33.22,33.88,5874154.0
2019-01-18,33.98,34.24,33.62,33.88,8417656.0
2019-01-22,34.72,34.72,33.53,33.84,11735242.0
2019-01-23,34.09,34.6,33.91,34.28,9368458.0
2019-01-24,34.83,35.35,34.59,35.08,10431862.0
2019-01-25,35.23,35.47,34.73,34.95,7351648.0
2019-01-28,34.41,34.8,34.09,34.6,5131876.0
2019-01-29,34.62,34.8,34.18,34.46,6873436.0
2019-01-30,34.81,35.48,34.56,35.48,8040436.0
2019-01-31,35.45,36.22,35.45,35.8,6473560.0
2019-02-01,35.85,36.74,35.73,36.71,9311122.0
2019-02-04,36.67,36.88,36.47,36.7,6017350.0
2019-02-05,36.82,36.91,36.34,36.49,7473130.0
2019-02-06,36.56,36.8,36.14,36.76,4974520.0
2019-02-07,36.4,36.61,36.0,36.58,8669398.0
2019-02-08,36.27,37.45,36.1,37.44,6117286.0
2019-02-11,37.5,37.72,37.12,37.31,6660766.0
2019-02-12,37.49,37.61,36.94,37.41,9003742.0
2019-02-13,37.54,37.54,36.87,37.02,7343722.0
2019-02-14,37.02,37.63,36.92,37.52,6567532.0
2019-02-15,37.54,37.88,37.2,37.8,5897224.0
2019-02-19,37.56,38.49,37.03,38.31,8634304.0
2019-02-20,38.16,38.38,37.44,37.77,6529210.0
2019-02-21,37.63,37.74,37.23,37.7,5580316.0
2019-02-22,37.88,38.39,37.83,38.35,4786216.0
2019-02-25,39.34,39.36,38.7,38.98,11326978.0
2019-02-26,38.86,39.34,38.62,39.26,18682480.0
2019-02-27,43.06,43.44,41.77,42.48,39406942.0
2019-02-28,42.33,42.5,40.98,41.05,15918460.0
2019-03-01,41.01,41.5,40.53,40.91,10807750.0
2019-03-04,41.29,41.49,39.79,40.42,9416116.0
2019-03-05,39.98,40.1,38.84,39.05,16606972.0
2019-03-06,38.94,39.53,38.53,39.08,8521126.0
2019-03-07,39.09,39.8,38.85,39.09,8421538.0
2019-03-08,38.76,39.59,38.4,39.1,6121204.0
2019-03-11,39.33,40.3,39.3,40.15,7238722.0
2019-03-12,40.31,40.42,39.92,40.03,6652306.0
2019-03-13,40.27,40.84,40.2,40.46,6840388.0
2019-03-14,40.5,40.91,40.27,40.46,6621088.0
2019-03-15,40.54,40.62,39.94,39.95,11589286.0
2019-03-18,39.85,40.52,39.72,40.17,7319374.0
2019-03-19,40.47,40.66,40.16,40.41,4977310.0
2019-03-20,40.54,41.28,40.27,40.97,6160366.0
2019-03-21,40.84,41.71,40.7,41.63,7814530.0
2019-03-22,41.5,41.68,40.19,40.4,6170128.0
2019-03-25,40.13,40.52,39.7,40.3,10158730.0
2019-03-26,40.65,41.16,40.51,40.7,6285844.0
2019-03-27,40.75,40.91,39.28,39.91,6069508.0
2019-03-28,40.0,40.28,39.3,39.73,6981958.0
2019-03-29,39.87,40.49,39.55,40.48,4147786.0
2019-04-01,40.83,41.23,39.73,40.23,7139842.0
2019-04-02,40.16,40.23,39.46,40.03,5637904.0
2019-04-03,40.16,40.74,39.84,40.37,5389162.0
2019-04-04,40.31,40.38,38.86,39.51,7360582.0
2019-04-05,39.89,40.07,39.6,39.81,7581772.0
2019-04-08,39.58,39.98,39.02,39.81,4905832.0
2019-04-09,39.64,40.47,39.6,40.13,4880740.0
2019-04-10,40.11,40.98,39.95,40.42,6386824.0
2019-04-11,40.63,41.07,40.5,40.99,4409146.0
2019-04-12,41.16,41.23,40.55,40.77,4916860.0
2019-04-15,40.99,41.44,40.81,41.37,5772076.0
2019-04-16,41.46,41.52,40.46,40.74,5894146.0
2019-04-17,40.97,41.1,39.81,39.91,10027138.0
2019-04-18,39.67,39.74,38.55,39.24,6314842.0
2019-04-22,39.08,39.92,39.0,39.88,3970426.0
2019-04-23,39.95,40.37,39.73,40.18,9208522.0
2019-04-24,40.53,40.73,40.19,40.52,7054912.0
2019-04-25,40.68,41.09,39.98,40.91,5408158.0
2019-04-26,40.88,41.26,40.65,40.98,3557062.0
2019-04-29,40.83,41.63,40.8,41.53,5557666.0
2019-04-30,41.6,41.73,41.13,41.47,3461842.0
2019-05-01,41.58,41.66,40.8,41.06,3730984.0
2019-05-02,40.98,41.63,40.94,41.12,4099390.0
2019-05-03,41.16,41.83,40.77,41.8,6077602.0
2019-05-06,41.0,41.5,40.41,41.3,4225978.0
2019-05-07,41.08,41.12,39.28,39.7,6761422.0
2019-05-08,39.7,40.19,39.43,39.75,4520866.0
2019-05-09,39.45,39.66,38.68,39.64,4956592.0
2019-05-10,39.16,39.74,38.01,39.16,8538814.0
2019-05-13,38.1,38.44,37.18,37.41,6829222.0
2019-05-14,37.66,38.09,37.27,37.81,8929834.0
2019-05-15,37.5,37.58,36.57,36.63,13077658.0
2019-05-16,36.85,37.55,36.72,37.47,13117102.0
2019-05-17,37.04,37.91,36.94,37.6,6513136.0
2019-05-20,37.16,37.52,36.67,37.28,7172344.0
2019-05-21,37.59,38.11,37.32,37.95,7562542.0
2019-05-22,37.84,38.42,37.71,38.0,4670776.0
2019-05-23,37.2,37.24,35.91,35.97,10499626.0
2019-05-24,36.26,36.55,35.9,36.05,7567078.0
2019-05-28,36.16,36.49,35.63,35.74,8447524.0
2019-05-29,35.62,36.12,35.06,35.88,16642378.0
2019-05-30,33.78,34.62,33.34,34.05,30351256.0
2019-05-31,33.34,33.84,32.84,33.35,13201630.0
2019-06-03,33.31,33.45,32.55,32.78,11638336.0
2019-06-04,33.15,33.65,33.0,33.62,10625422.0
2019-06-05,33.96,34.1,32.54,33.2,8320978.0
2019-06-06,33.24,33.34,32.59,32.92,6644122.0
2019-06-07,33.13,33.36,32.45,32.59,7967884.0
2019-06-10,32.82,33.44,32.64,33.16,7270030.0
2019-06-11,33.43,33.75,33.17,33.47,6831736.0
2019-06-12,33.55,34.33,33.51,33.84,10019998.0
2019-06-13,33.91,34.7,33.91,34.24,10253272.0
2019-06-14,34.23,34.41,33.72,33.88,7570906.0
2019-06-17,33.98,34.59,33.98,34.16,4754440.0
2019-06-18,34.56,35.06,34.13,34.23,8224396.0
2019-06-19,34.46,34.91,34.27,34.85,7848832.0
2019-06-20,35.5,35.73,34.38,34.44,8426692.0
2019-06-21,34.53,34.71,34.06,34.08,7433506.0
2019-06-24,34.31,34.31,32.88,33.09,12774718.0
2019-06-25,33.09,33.55,32.83,33.09,7515412.0
2019-06-26,33.34,33.93,33.19,33.27,8147194.0
2019-06-27,33.47,34.53,33.39,34.15,7769224.0
2019-06-28,34.27,34.54,33.87,33.96,6300202.0
2019-07-01,34.73,35.08,33.89,34.27,6997852.0
2019-07-02,34.34,34.65,34.07,34.13,4265956.0
2019-07-03,34.52,35.23,34.39,34.83,5762842.0
2019-07-05,34.88,35.08,34.49,34.91,4193248.0
2019-07-08,34.77,35.26,34.71,34.97,5600122.0
2019-07-09,34.91,35.97,34.91,35.89,7248184.0
2019-07-10,36.33,36.44,35.52,35.78,6925174.0
2019-07-11,36.16,36.45,35.93,36.27,4818256.0
2019-07-12,36.34,36.48,35.82,36.16,4794340.0
2019-07-15,36.3,36.8,36.09,36.61,6850516.0
2019-07-16,36.66,37.08,36.41,36.65,5769706.0
2019-07-17,36.74,37.5,36.74,37.27,6125128.0
2019-07-18,37.08,37.14,36.59,37.05,6404200.0
2019-07-19,37.25,37.47,37.05,37.05,7565560.0
2019-07-22,37.16,37.33,36.31,36.93,8113972.0
2019-07-23,37.12,37.38,36.91,37.33,4026832.0
2019-07-24,37.34,37.62,37.22,37.51,5372044.0
2019-07-25,37.52,37.59,36.96,37.23,4008544.0
2019-07-26,37.5,38.02,37.28,37.84,5206000.0
2019-07-29,37.84,37.96,36.62,37.61,4729360.0
2019-07-30,37.44,38.05,37.34,37.97,4241284.0
2019-07-31,37.97,38.24,37.3,37.76,5998846.0
2019-08-01,37.77,38.33,37.27,37.56,6110986.0
2019-08-02,37.5,37.58,36.81,36.92,5430640.0
2019-08-05,35.84,36.1,35.19,35.76,6044752.0
2019-08-06,36.02,36.41,35.35,35.69,6178174.0
2019-08-07,35.23,35.53,34.72,35.33,6922276.0
2019-08-08,35.7,36.06,35.44,35.84,5475022.0
2019-08-09,35.84,36.16,35.55,35.87,3845662.0
2019-08-12,35.79,36.13,35.43,36.05,3340804.0
2019-08-13,36.0,37.27,36.0,37.08,5034286.0
2019-08-14,37.06,37.06,35.62,36.09,4415068.0
2019-08-15,36.13,36.3,35.52,35.77,4102276.0
2019-08-16,35.87,36.63,32.73,33.21,30006484.0
2019-08-19,33.62,33.62,32.03,33.01,28157776.0
2019-08-20,33.15,33.54,32.64,33.28,8829352.0
2019-08-21,33.45,34.31,33.41,33.96,7536916.0
2019-08-22,34.16,34.44,33.73,34.09,6769432.0
2019-08-23,34.05,34.61,33.53,33.59,6805858.0
2019-08-26,33.73,34.06,33.53,33.94,5142838.0
2019-08-27,34.17,34.3,33.51,33.68,3589180.0
2019-08-28,33.41,33.59,32.98,33.03,5320000.0
2019-08-29,33.5,33.74,33.16,33.36,6857740.0
2019-08-30,33.66,34.1,33.42,33.94,6668674.0
2019-09-03,33.66,33.97,33.05,33.19,9860374.0
2019-09-04,33.34,33.63,32.72,33.41,21754174.0
2019-09-05,36.37,36.37,34.19,35.34,41674594.0
2019-09-06,35.3,36.44,35.26,35.98,15633328.0
2019-09-09,36.09,36.09,34.76,35.2,9440812.0
2019-09-10,34.9,35.23,34.16,34.48,9091396.0
2019-09-11,34.5,35.91,34.48,35.73,8220076.0
2019-09-12,35.88,36.05,34.6,34.88,9660412.0
2019-09-13,34.85,35.09,34.41,34.73,7174210.0
2019-09-16,34.67,36.22,34.62,35.97,8777926.0
2019-09-17,35.75,35.91,34.9,35.45,7163524.0
2019-09-18,35.44,35.5,34.57,35.03,9207112.0
2019-09-19,34.86,35.13,34.53,34.81,8248444.0
2019-09-20,34.84,35.43,34.53,34.71,6060862.0
2019-09-23,34.9,35.2,34.76,34.95,4346818.0
2019-09-24,35.21,35.47,34.27,34.58,5472256.0
2019-09-25,34.4,35.41,34.1,35.23,9678718.0
2019-09-26,35.3,35.35,34.52,34.8,4506082.0
2019-09-27,34.87,34.97,33.69,33.73,9628390.0
2019-09-30,33.69,34.15,33.59,33.97,7074790.0
2019-10-01,34.33,34.83,34.1,34.16,6764008.0
2019-10-02,33.9,34.38,33.75,34.23,6220054.0
2019-10-03,34.23,34.93,34.1,34.74,7462660.0
2019-10-04,34.85,35.16,34.63,35.09,4821508.0
2019-10-07,35.05,35.76,34.85,35.47,8356600.0
2019-10-08,35.23,35.4,34.44,34.49,5705566.0
2019-10-09,34.84,34.98,34.59,34.9,4450078.0
2019-10-10,34.75,35.2,34.38,34.88,6180436.0
2019-10-11,35.02,35.77,35.0,35.07,6700816.0
2019-10-14,35.0,35.63,35.0,35.59,5722774.0
2019-10-15,35.65,35.95,35.19,35.43,5486350.0
2019-10-16,35.34,35.84,34.78,35.49,6984004.0
2019-10-17,35.65,35.9,35.35,35.71,3731140.0
2019-10-18,35.66,35.77,34.91,35.44,4715878.0
2019-10-21,35.34,35.59,34.95,35.38,8425720.0
2019-10-22,35.49,36.05,35.4,35.57,6305494.0
2019-10-23,35.69,36.45,35.56,36.2,5748886.0
2019-10-24,36.35,36.98,36.31,36.93,5532418.0
2019-10-25,36.84,37.51,36.51,37.44,5809096.0
2019-10-28,37.44,38.15,37.44,37.99,6280264.0
2019-10-29,37.98,37.98,37.3,37.43,5267374.0
2019-10-30,37.41,37.97,37.2,37.83,3794974.0
2019-10-31,37.87,37.95,37.43,37.9,3664450.0
2019-11-01,38.0,38.97,37.87,38.93,8007820.0
2019-11-04,39.16,39.49,38.98,39.01,4692484.0
2019-11-05,38.97,39.05,38.6,38.92,5090320.0
2019-11-06,39.02,39.33,38.67,38.78,6882466.0
2019-11-07,38.84,39.34,38.8,38.98,5389522.0
2019-11-08,38.98,39.66,38.74,39.49,4410730.0
2019-11-11,39.46,39.49,39.01,39.34,5845318.0
2019-11-12,39.5,40.38,39.34,40.19,6908104.0
2019-11-13,40.11,41.08,39.86,40.54,8027644.0
2019-11-14,40.1,40.98,39.92,40.92,5618704.0
2019-11-15,40.84,41.24,40.66,41.16,5964244.0
2019-11-18,41.16,41.52,40.92,41.43,8958082.0
2019-11-19,41.34,41.59,41.0,41.37,6495184.0
2019-11-20,41.26,41.68,41.02,41.31,7227886.0
2019-11-21,41.16,41.45,40.95,41.13,6665158.0
2019-11-22,41.33,41.44,40.8,41.15,6786106.0
2019-11-25,41.31,41.83,41.24,41.72,17238892.0
2019-11-26,38.0,38.07,36.53,36.73,46547398.0
2019-11-27,36.93,37.24,35.81,37.05,21981814.0
2019-11-29,37.25,37.91,37.18,37.87,10603906.0
2019-12-02,37.98,37.98,36.84,37.45,10044976.0
2019-12-03,37.22,38.06,37.1,37.84,8916388.0
2019-12-04,37.84,38.26,37.59,37.6,7241800.0
2019-12-05,37.84,38.44,37.83,38.15,6315286.0
2019-12-06,38.16,38.41,37.73,37.73,5564416.0
2019-12-09,37.67,37.91,37.34,37.65,5284906.0
2019-12-10,37.75,38.02,37.41,37.55,3830554.0
2019-12-11,37.47,37.98,37.43,37.83,5189758.0
2019-12-12,37.95,38.2,37.54,37.81,6005530.0
2019-12-13,37.76,38.09,37.59,37.83,5042692.0
2019-12-16,37.75,38.34,37.67,38.28,7402054.0
2019-12-17,38.41,38.45,37.95,38.45,5080624.0
2019-12-18,38.5,38.56,38.08,38.23,6860770.0
2019-12-19,38.22,38.36,37.95,38.19,5473690.0
2019-12-20,38.31,38.56,38.13,38.34,5748322.0
2019-12-23,38.34,38.67,38.26,38.55,4199764.0
2019-12-24,38.5,38.69,38.45,38.63,3232708.0
2019-12-26,38.69,39.2,38.63,38.92,4320850.0
2019-12-27,39.14,39.16,38.71,38.88,3056932.0
2019-12-30,38.92,38.92,38.22,38.57,3635554.0
2019-12-31,38.52,38.72,38.37,38.54,2921482.0
2020-01-02,38.88,39.33,38.83,39.23,5671990.0
2020-01-03,38.77,39.5,38.77,39.47,4462702.0
2020-01-06,39.39,40.09,39.28,40.05,6686716.0
2020-01-07,40.05,40.41,39.89,40.27,6792628.0
2020-01-08,39.66,39.96,39.47,39.76,6314728.0
2020-01-09,39.87,40.16,39.65,40.01,4507180.0
2020-01-10,40.05,40.44,39.55,39.65,5263582.0
2020-01-13,39.81,40.28,39.81,40.16,5469910.0
2020-01-14,40.13,40.41,39.81,40.0,5750200.0
2020-01-15,40.09,40.71,40.07,40.12,3836752.0
2020-01-16,40.27,40.6,40.13,40.55,6134080.0
2020-01-17,40.57,40.73,40.13,40.34,6161944.0
2020-01-21,40.26,40.63,40.03,40.54,6846862.0
2020-01-22,40.81,40.91,40.51,40.62,4260784.0
2020-01-23,40.48,40.83,40.37,40.81,3663712.0
2020-01-24,40.84,41.29,40.37,40.48,6035338.0
2020-01-27,39.77,39.77,39.27,39.64,4712944.0
2020-01-28,39.8,40.28,39.48,39.85,3624004.0
2020-01-29,40.03,40.3,39.59,39.59,3509872.0
2020-01-30,39.38,39.78,39.3,39.66,4624426.0
2020-01-31,39.67,39.76,39.02,39.13,4335592.0
2020-02-03,39.15,39.39,38.94,39.33,6013186.0
2020-02-04,39.46,40.14,39.19,40.03,4229656.0
2020-02-05,40.47,40.48,39.74,40.27,4304710.0
2020-02-06,40.43,41.05,40.27,41.01,5092780.0
2020-02-07,41.0,41.15,40.66,40.97,3958576.0
2020-02-10,40.9,41.41,40.63,41.26,3435520.0
2020-02-11,41.5,41.66,41.05,41.14,3371932.0
2020-02-12,41.23,41.23,40.05,40.78,7268206.0
2020-02-13,40.7,41.09,40.53,40.94,5210206.0
2020-02-14,41.16,41.49,40.9,41.21,3789544.0
2020-02-18,41.12,41.67,41.08,41.53,5785300.0
2020-02-19,41.53,41.85,41.22,41.45,4245382.0
2020-02-20,41.3,41.62,40.71,41.52,6421294.0
2020-02-21,41.41,41.41,40.06,40.5,9021460.0
2020-02-24,39.27,39.66,38.55,39.55,17634172.0
2020-02-25,33.8,33.98,32.03,32.83,59718676.0
2020-02-26,32.84,33.22,31.25,31.59,19692250.0
2020-02-27,30.75,32.58,30.43,31.26,20486626.0
2020-02-28,30.44,31.89,30.18,30.77,21576454.0
2020-03-02,30.82,31.58,29.85,31.55,12958612.0
2020-03-03,31.56,31.86,29.89,30.34,11193790.0
2020-03-04,31.0,31.07,30.51,30.98,8088028.0
2020-03-05,30.25,30.93,29.87,30.18,8656474.0
2020-03-06,29.48,29.86,28.82,29.36,11580292.0
2020-03-09,27.45,28.32,25.63,26.46,20055088.0
2020-03-10,27.27,28.02,26.55,27.91,12548554.0
2020-03-11,27.34,27.61,25.88,26.25,11927146.0
2020-03-12,24.0,24.89,23.34,23.43,18011476.0
2020-03-13,24.55,25.27,23.09,25.26,11984080.0
2020-03-16,22.52,23.58,22.3,22.86,13267714.0
2020-03-17,23.01,24.11,22.45,23.59,13229356.0
2020-03-18,22.25,23.49,20.91,22.09,15503434.0
2020-03-19,21.94,24.04,21.84,23.18,11408470.0
2020-03-20,23.71,25.5,23.5,23.92,10484794.0
2020-03-23,23.56,25.09,23.54,24.36,9373324.0
2020-03-24,25.73,27.14,25.67,26.79,15617020.0
2020-03-25,27.3,28.13,26.09,27.67,12357586.0
2020-03-26,28.09,28.71,27.63,28.0,9399394.0
2020-03-27,27.04,27.55,26.71,27.09,9257620.0
2020-03-30,27.13,28.36,26.96,27.75,12380062.0
2020-03-31,27.34,28.11,27.04,27.32,8755810.0
2020-04-01,26.34,28.3,26.34,27.31,12900196.0
2020-04-02,27.13,28.12,26.76,27.59,8777998.0
2020-04-03,27.21,27.93,26.75,27.11,5999512.0
2020-04-06,28.23,28.74,27.69,28.55,10118080.0
2020-04-07,29.5,29.82,28.76,28.8,9024736.0
2020-04-08,29.16,29.63,28.73,29.36,7908862.0
2020-04-09,29.81,30.74,29.55,29.64,11857714.0
2020-04-13,30.1,30.64,29.85,30.5,8779672.0
2020-04-14,31.25,31.43,30.73,31.32,7705474.0
2020-04-15,30.78,31.34,30.66,31.06,6197488.0
2020-04-16,31.31,31.93,31.1,31.71,7640524.0
2020-04-17,32.5,32.73,31.89,32.24,10764778.0
2020-04-20,32.08,32.91,31.97,32.38,7082896.0
2020-04-21,32.0,32.38,30.72,31.09,7291456.0
2020-04-22,31.66,32.26,31.61,31.98,4706548.0
2020-04-23,31.93,32.48,31.7,32.02,4052860.0
2020-04-24,32.14,32.48,32.07,32.24,5060602.0
2020-04-27,32.52,33.3,32.52,32.81,8987710.0
2020-04-28,33.34,33.44,32.2,32.26,6177940.0
2020-04-29,32.87,33.34,32.65,32.95,6318034.0
2020-04-30,32.7,33.23,32.55,32.75,3645004.0
2020-05-01,32.16,32.66,32.02,32.45,6433372.0
2020-05-04,32.28,32.28,31.76,31.98,5932276.0
2020-05-05,32.3,33.33,32.3,33.03,6581854.0
2020-05-06,33.81,34.02,33.42,33.54,8328178.0
2020-05-07,34.14,35.7,33.99,35.52,10390732.0
2020-05-08,35.73,35.85,35.19,35.66,6393148.0
2020-05-11,35.5,36.59,35.41,36.38,7197118.0
2020-05-12,36.5,36.57,35.59,35.7,5841796.0
2020-05-13,36.66,36.98,35.13,35.95,10498828.0
2020-05-14,35.31,36.59,35.31,36.59,9666628.0
2020-05-15,36.03,37.33,36.03,37.14,8156668.0
2020-05-18,37.63,38.56,37.34,37.69,7478242.0
2020-05-19,37.8,38.74,37.8,37.86,13197316.0
2020-05-20,38.41,39.13,38.34,39.08,9340558.0
2020-05-21,39.0,39.61,38.09,38.25,15858304.0
2020-05-22,40.0,40.52,38.67,39.66,24634258.0
2020-05-26,39.99,40.21,38.5,38.53,12652246.0
2020-05-27,38.52,38.69,37.19,38.63,9913306.0
2020-05-28,38.41,38.87,37.9,38.23,6410854.0
2020-05-29,38.34,39.28,38.17,39.21,8001430.0
2020-06-01,39.16,39.9,38.73,39.72,5872798.0
2020-06-02,39.72,39.99,39.23,39.98,5398648.0
2020-06-03,39.66,40.14,38.88,38.9,11907292.0
2020-06-04,38.34,38.66,37.48,37.78,18656692.0
2020-06-05,37.79,38.73,37.38,38.56,10532140.0
2020-06-08,38.35,39.66,38.14,39.63,10690240.0
2020-06-09,39.66,39.74,38.91,38.92,5252584.0
2020-06-10,39.16,39.41,38.77,38.78,7234390.0
2020-06-11,37.56,38.53,36.93,36.98,8663896.0
2020-06-12,37.77,38.06,36.29,36.98,8498446.0
2020-06-15,36.63,37.84,36.24,37.72,7233880.0
2020-06-16,38.34,38.36,37.66,38.12,5865862.0
2020-06-17,38.24,38.61,38.13,38.2,4824844.0
2020-06-18,38.16,38.53,38.03,38.39,6762040.0
2020-06-19,38.84,39.05,37.98,38.45,11375878.0
2020-06-22,38.48,39.09,38.37,38.81,8162854.0
2020-06-23,38.68,38.81,38.07,38.22,8329474.0
2020-06-24,38.16,38.52,36.89,37.23,7705618.0
2020-06-25,37.16,37.85,36.87,37.81,5842294.0
2020-06-26,37.74,37.81,37.17,37.56,13090372.0
2020-06-29,37.48,38.0,36.79,37.85,5737642.0
2020-06-30,37.85,38.34,37.69,38.28,9508606.0
2020-07-01,38.23,38.49,37.95,38.23,7942024.0
2020-07-02,38.5,38.81,38.22,38.42,8546308.0
2020-07-06,38.78,39.76,38.69,39.32,6132844.0
2020-07-07,39.27,39.82,38.8,38.84,7535800.0
2020-07-08,39.0,40.5,38.93,40.47,11723368.0
2020-07-09,40.66,41.6,40.39,41.43,11844130.0
2020-07-10,41.45,41.5,40.87,41.49,8173342.0
2020-07-13,41.71,42.64,40.09,40.17,14930326.0
2020-07-14,40.16,40.92,39.27,40.89,8929540.0
2020-07-15,41.09,41.13,39.91,40.09,4662112.0
2020-07-16,39.67,39.92,39.13,39.56,5271772.0
2020-07-17,39.73,40.11,39.27,39.97,3318730.0
2020-07-20,40.24,42.06,40.17,41.94,5886214.0
2020-07-21,42.05,42.16,41.31,41.55,6103054.0
2020-07-22,41.79,42.55,41.5,41.73,6045040.0
2020-07-23,41.7,42.5,41.19,41.41,6676618.0
2020-07-24,40.77,40.93,40.25,40.63,3100966.0
2020-07-27,40.86,41.38,40.55,41.27,3118360.0
2020-07-28,41.25,41.59,40.77,40.8,2145766.0
2020-07-29,41.22,41.91,41.2,41.42,3065344.0
2020-07-30,41.16,42.12,40.91,41.97,4405462.0
2020-07-31,42.16,42.66,41.24,42.66,3393724.0
2020-08-03,42.66,42.73,42.1,42.41,3179086.0
2020-08-04,42.17,42.48,41.78,42.48,2316424.0
2020-08-05,43.17,44.37,42.91,44.02,8175094.0
2020-08-06,44.11,44.32,43.19,44.31,4170772.0
2020-08-07,44.17,44.29,42.95,43.54,4956070.0
2020-08-10,43.54,43.62,42.31,43.04,4306516.0
2020-08-11,42.74,43.49,42.34,42.54,3993856.0
2020-08-12,42.7,43.62,42.66,43.3,2988766.0
2020-08-13,43.25,43.93,42.83,43.59,2725546.0
2020-08-14,43.66,43.77,43.06,43.19,2665114.0
2020-08-17,43.37,44.03,43.34,43.74,3654946.0
2020-08-18,44.4,44.91,44.02,44.3,4937890.0
2020-08-19,44.48,45.38,43.91,44.91,8371060.0
2020-08-20,44.72,45.59,44.53,45.42,7485268.0
2020-08-21,45.6,45.84,44.74,44.89,8677966.0
2020-08-24,45.67,45.73,44.13,44.51,19516270.0
2020-08-25,43.32,44.26,43.32,43.5,26867374.0
2020-08-26,43.5,44.1,43.44,43.91,14063506.0
2020-08-27,43.84,43.84,42.02,42.56,13890562.0
2020-08-28,42.82,43.09,42.11,42.45,7823740.0
2020-08-31,42.27,43.04,42.16,42.9,8864560.0
2020-09-01,43.15,43.52,42.88,43.09,8840356.0
2020-09-02,43.24,43.44,42.27,42.91,6688258.0
2020-09-03,42.37,42.37,39.76,40.37,14442994.0
2020-09-04,40.1,40.46,37.86,39.27,11728672.0
2020-09-08,38.38,39.6,38.09,38.99,11830450.0
2020-09-09,39.88,40.01,38.93,39.73,5579266.0
2020-09-10,39.79,40.54,39.42,39.49,6812968.0
2020-09-11,40.34,40.68,39.75,40.49,9513460.0
2020-09-14,41.0,41.31,40.68,40.95,7004248.0
2020-09-15,41.34,41.6,40.84,41.34,6357154.0
2020-09-16,41.47,41.79,41.13,41.15,4714522.0
2020-09-17,40.38,40.52,39.72,40.24,9361474.0
2020-09-18,40.69,40.73,39.65,40.27,7435636.0
2020-09-21,39.66,40.63,39.47,40.44,6230056.0
2020-09-22,40.67,41.3,39.94,41.09,5449744.0
2020-09-23,41.09,41.31,39.75,39.85,6265090.0
2020-09-24,39.67,40.13,39.2,39.66,4693126.0
2020-09-25,39.67,40.47,39.37,40.35,6893974.0
2020-09-28,40.73,41.26,40.67,40.99,5834962.0
2020-09-29,41.0,41.44,40.95,41.08,7391392.0
2020-09-30,40.8,41.3,40.63,40.79,4067662.0
2020-10-01,41.45,42.13,41.27,41.76,6755890.0
2020-10-02,41.05,41.9,40.62,40.86,4371862.0
2020-10-05,40.95,41.59,40.67,41.45,4977802.0
2020-10-06,41.28,42.07,41.09,41.2,3415810.0
2020-10-07,41.55,42.17,41.27,41.83,2829328.0
2020-10-08,42.04,42.22,41.41,41.59,4481476.0
2020-10-09,42.04,42.34,41.7,42.09,3804880.0
2020-10-12,42.5,42.66,42.09,42.19,3714460.0
2020-10-13,42.16,42.59,41.88,42.42,4377484.0
2020-10-14,42.75,43.36,42.34,42.69,4928590.0
2020-10-15,42.16,42.54,41.58,41.97,3948814.0
2020-10-16,42.23,42.31,40.92,41.06,6486058.0
2020-10-19,41.27,41.53,40.12,40.39,5385592.0
2020-10-20,40.48,40.92,39.87,39.88,4444618.0
2020-10-21,39.83,39.92,39.09,39.31,6799336.0
2020-10-22,39.49,39.95,38.89,39.6,4749382.0
2020-10-23,39.74,39.78,39.24,39.42,3181492.0
2020-10-26,39.0,39.35,38.02,38.6,4476562.0
2020-10-27,38.88,39.0,38.54,38.59,3011998.0
2020-10-28,38.2,38.2,37.38,37.66,4883338.0
2020-10-29,37.66,38.36,37.63,38.13,3998896.0
2020-10-30,37.99,38.07,36.55,36.87,7372822.0
2020-11-02,37.13,37.58,36.83,36.98,4840732.0
2020-11-03,37.38,38.27,37.16,37.98,4536898.0
2020-11-04,38.34,39.85,38.14,39.2,6100000.0
2020-11-05,40.16,40.9,39.95,40.7,6355888.0
2020-11-06,40.66,41.85,40.52,41.67,6233458.0
2020-11-09,42.2,43.02,41.72,42.02,6418108.0
2020-11-10,41.41,41.9,39.88,40.45,6127756.0
2020-11-11,41.34,42.4,41.01,42.13,7106560.0
2020-11-12,42.01,42.4,41.54,41.99,5463604.0
2020-11-13,42.2,43.49,42.16,43.12,9738364.0
2020-11-16,44.92,46.51,44.38,46.41,19898248.0
2020-11-17,46.26,49.2,45.94,48.95,20767906.0
2020-11-18,48.35,48.66,46.85,46.85,9827020.0
2020-11-19,46.95,48.3,46.84,47.92,6898696.0
2020-11-20,48.0,49.16,47.85,48.67,5634148.0
2020-11-23,48.91,49.45,48.08,49.34,6802798.0
2020-11-24,49.19,49.57,48.84,49.53,5259850.0
2020-11-25,49.55,49.75,49.0,49.55,4298164.0
2020-11-27,49.55,49.63,48.91,49.22,2627266.0
2020-11-30,49.17,49.35,48.3,48.98,4912252.0
2020-12-01,49.49,49.49,48.55,49.14,5251966.0
2020-12-02,48.93,48.97,48.34,48.87,3915592.0
2020-12-03,48.95,49.83,48.8,49.44,8082520.0
2020-12-04,49.84,51.0,49.48,50.72,7135954.0
2020-12-07,50.66,50.8,50.29,50.48,3454864.0
2020-12-08,50.58,52.52,50.5,51.7,8691040.0
2020-12-09,51.1,51.45,49.76,50.36,8246776.0
2020-12-10,50.23,51.33,50.0,51.31,5491174.0
2020-12-11,51.34,51.91,51.01,51.66,3863044.0
2020-12-14,51.78,52.56,51.78,52.38,6293188.0
2020-12-15,52.8,53.12,52.51,52.91,6305578.0
2020-12-16,54.13,54.63,53.52,53.89,6231028.0
2020-12-17,54.48,55.46,54.09,55.23,9747904.0
2020-12-18,56.91,59.58,56.34,59.26,21519796.0
2020-12-21,58.59,59.48,57.88,59.34,14193694.0
2020-12-22,59.59,62.09,59.49,62.01,12258796.0
2020-12-23,62.5,62.5,60.7,60.8,8142640.0
2020-12-24,60.99,61.66,60.59,61.19,3170776.0
2020-12-28,61.58,61.7,59.94,60.24,8635354.0
2020-12-29,60.24,60.46,58.91,59.37,6800824.0
2020-12-30,59.78,60.13,59.28,59.3,3671488.0
2020-12-31,59.5,59.81,58.84,59.23,6726520.0
2021-01-04,59.23,59.23,57.41,58.61,8480362.0
2021-01-05,58.46,58.8,57.83,58.36,6181042.0
2021-01-06,57.61,58.41,57.17,57.55,6739696.0
2021-01-07,58.3,60.62,58.19,60.52,8319034.0
2021-01-08,61.16,61.85,60.66,61.09,6849364.0
2021-01-11,60.0,61.34,59.76,60.8,4766440.0
2021-01-12,61.01,62.02,60.77,61.74,4238332.0
2021-01-13,61.97,62.08,60.39,60.97,7466800.0
2021-01-14,61.07,61.66,60.51,60.52,4861516.0
2021-01-15,61.06,62.0,60.63,60.81,4871314.0
2021-01-19,61.39,61.59,60.53,60.67,5663620.0
2021-01-20,61.66,61.9,60.92,61.76,3398956.0
2021-01-21,62.09,62.38,60.62,60.94,5933386.0
2021-01-22,60.27,61.12,60.27,60.77,2681572.0
2021-01-25,61.43,61.66,57.92,60.13,5752582.0
2021-01-26,61.21,61.21,58.95,59.05,7090198.0
2021-01-27,58.41,58.41,55.76,55.86,13287250.0
2021-01-28,56.66,59.11,56.34,58.85,9528526.0
2021-01-29,58.66,59.02,57.6,58.46,6860290.0
2021-02-01,59.15,60.81,59.13,60.23,6793672.0
2021-02-02,62.22,65.01,61.98,64.56,15039346.0
2021-02-03,64.58,64.87,62.41,62.93,7645666.0
2021-02-04,62.93,64.03,62.19,63.75,6341944.0
2021-02-05,63.85,64.38,63.09,63.31,4961782.0
2021-02-08,64.56,65.15,63.37,64.23,6596938.0
2021-02-09,64.17,65.33,63.51,65.16,5257516.0
2021-02-10,65.57,66.27,64.25,65.37,4984870.0
2021-02-11,66.06,66.27,64.45,65.19,4309150.0
2021-02-12,65.4,65.91,65.11,65.86,3193564.0
2021-02-16,66.33,66.63,64.58,65.54,4558720.0
2021-02-17,65.08,65.92,64.51,65.91,5247730.0
2021-02-18,64.9,65.75,64.49,65.09,5152786.0
2021-02-19,65.88,67.17,65.67,66.15,9182614.0
2021-02-22,65.4,65.47,63.48,64.06,15612610.0
2021-02-23,63.0,64.17,58.66,62.98,17139154.0
2021-02-24,62.5,63.03,60.91,61.6,11208886.0
2021-02-25,61.66,61.99,58.93,60.01,8322994.0
2021-02-26,60.47,60.63,58.87,59.72,10263970.0
2021-03-01,60.64,61.38,60.34,61.23,5645224.0
2021-03-02,61.25,61.45,59.09,59.11,8070406.0
2021-03-03,58.91,59.13,57.08,57.3,7876126.0
2021-03-04,56.67,57.5,55.14,55.94,7279180.0
2021-03-05,56.34,56.44,53.49,55.79,8324302.0
2021-03-08,56.34,57.44,55.13,55.24,7586584.0
2021-03-09,56.91,57.56,56.51,57.07,8260582.0
2021-03-10,58.27,58.88,55.68,55.78,9370168.0
2021-03-11,56.97,57.73,56.59,57.4,5014348.0
2021-03-12,56.61,57.16,56.35,57.09,4193446.0
2021-03-15,57.01,57.38,56.12,57.38,3552922.0
2021-03-16,58.06,58.45,56.23,56.66,3483874.0
2021-03-17,56.22,57.0,55.19,56.16,7272172.0
2021-03-18,54.5,55.0,52.7,52.92,13005004.0
2021-03-19,52.92,53.12,51.92,52.81,11835052.0
2021-03-22,52.84,54.44,52.8,53.91,9270604.0
2021-03-23,53.98,54.55,53.8,53.94,6999430.0
2021-03-24,54.16,54.49,53.43,53.5,6096130.0
2021-03-25,53.03,54.24,52.85,53.91,7372234.0
2021-03-26,53.84,54.06,51.95,53.28,7833664.0
2021-03-29,53.16,53.99,52.62,53.37,4660402.0
2021-03-30,52.98,53.45,52.21,53.0,4550140.0
2021-03-31,53.54,54.24,53.23,53.67,7327444.0
2021-04-01,54.66,55.46,54.31,54.67,5973790.0
2021-04-05,55.5,56.01,54.99,55.17,5005072.0
2021-04-06,54.98,56.88,54.77,56.23,7903396.0
2021-04-07,56.03,56.72,55.7,56.43,5571532.0
2021-04-08,57.08,57.96,56.87,57.21,5916868.0
2021-04-09,57.28,58.28,56.79,58.25,5487106.0
2021-04-12,57.98,60.19,57.98,59.23,7714000.0
2021-04-13,59.44,60.87,59.44,59.98,4504912.0
2021-04-14,60.41,61.13,59.9,60.16,5244904.0
2021-04-15,60.97,62.17,60.87,61.73,6396928.0
2021-04-16,61.68,61.9,60.87,61.11,4842760.0
2021-04-19,60.84,61.44,60.29,61.16,5043844.0
2021-04-20,61.16,61.48,59.63,60.0,3940528.0
2021-04-21,60.0,60.13,58.97,59.44,7360900.0
2021-04-22,59.16,59.66,58.53,58.8,6290014.0
2021-04-23,59.25,59.94,58.86,59.73,4691884.0
2021-04-26,60.15,60.55,59.58,60.24,3674002.0
2021-04-27,60.18,60.28,59.22,59.74,4932418.0
2021-04-28,59.94,60.5,59.17,60.02,3785902.0
2021-04-29,60.2,60.2,58.66,59.19,3246412.0
2021-04-30,58.73,59.92,58.73,58.9,3657970.0
2021-05-03,59.26,59.3,58.17,58.18,3998764.0
2021-05-04,57.74,57.92,56.51,57.6,5207626.0
2021-05-05,57.93,57.93,56.53,56.87,2211664.0
2021-05-06,57.0,57.0,55.45,56.24,4508488.0
2021-05-07,56.75,57.41,56.67,57.05,3763252.0
2021-05-10,57.19,57.66,56.49,56.89,3654166.0
2021-05-11,55.12,57.55,55.12,57.24,4353454.0
2021-05-12,56.09,56.7,55.5,55.85,5297014.0
2021-05-13,55.97,56.19,53.7,53.98,8330956.0
2021-05-14,54.69,56.46,54.69,56.13,6426718.0
2021-05-17,56.31,56.76,55.26,55.97,4874002.0
2021-05-18,57.1,57.73,56.57,56.68,6826390.0
2021-05-19,55.42,56.39,55.3,55.93,6582208.0
2021-05-20,56.24,57.45,56.19,57.1,12509110.0
2021-05-21,60.28,61.07,59.35,60.41,22633552.0
2021-05-24,60.16,61.66,59.84,60.76,7980190.0
2021-05-25,61.45,61.62,60.38,60.84,6524002.0
2021-05-26,61.31,62.38,61.08,61.3,6183364.0
2021-05-27,61.34,61.8,60.05,61.21,6506158.0
2021-05-28,61.28,61.81,60.27,60.54,8257960.0
2021-06-01,61.01,61.25,59.76,60.06,4423252.0
2021-06-02,59.99,60.55,59.31,59.61,4709422.0
2021-06-03,59.3,59.41,58.49,58.52,6225844.0
2021-06-04,58.85,59.59,58.7,59.56,3388066.0
2021-06-07,59.34,59.91,59.09,59.4,3096634.0
2021-06-08,59.83,60.4,58.6,58.89,4294966.0
2021-06-09,59.27,59.28,58.72,58.73,2443984.0
2021-06-10,58.78,60.44,58.5,60.41,4843798.0
2021-06-11,60.41,61.24,60.41,60.98,4804966.0
2021-06-14,60.88,61.63,60.77,61.26,4716496.0
2021-06-15,61.16,61.16,59.92,60.14,3421720.0
2021-06-16,60.35,61.05,59.99,60.59,4773964.0
2021-06-17,60.16,62.31,60.05,62.01,8026750.0
2021-06-18,62.3,63.22,61.59,61.95,8630680.0
2021-06-21,61.72,61.98,60.72,61.83,3745600.0
2021-06-22,61.66,62.13,60.47,60.9,5630494.0
2021-06-23,60.95,61.75,60.93,61.4,3542218.0
2021-06-24,61.84,62.62,61.67,62.1,3609280.0
2021-06-25,62.44,63.06,61.98,62.59,11879314.0
2021-06-28,63.26,64.45,62.93,63.08,6169306.0
2021-06-29,63.16,63.46,62.21,62.61,2887714.0
2021-06-30,62.25,62.41,61.7,61.84,6349744.0
2021-07-01,61.66,62.12,61.05,61.78,4442164.0
2021-07-02,62.23,62.62,61.89,62.13,3690982.0
2021-07-06,62.97,65.57,62.95,65.31,11936224.0
2021-07-07,65.31,65.59,63.87,64.5,7186348.0
2021-07-08,63.33,64.72,62.95,64.42,5632978.0
2021-07-09,64.47,65.69,63.99,65.04,4877386.0
2021-07-12,65.25,65.78,64.67,64.75,5293744.0
2021-07-13,64.83,65.56,64.51,64.67,5396254.0
2021-07-14,65.28,65.33,64.31,64.39,4090042.0
2021-07-15,64.44,65.03,63.84,64.64,6755848.0
2021-07-16,64.77,65.48,64.59,64.72,5623678.0
2021-07-19,63.84,65.08,63.66,64.91,5548630.0
2021-07-20,65.34,67.02,65.1,66.83,7316914.0
2021-07-21,66.69,66.83,64.86,65.31,6530956.0
2021-07-22,65.64,66.64,65.17,66.39,5304028.0
2021-07-23,66.33,67.34,66.02,66.94,4001422.0
2021-07-26,66.33,66.86,65.61,66.5,3081166.0
2021-07-27,66.67,66.83,65.05,66.25,3318382.0
2021-07-28,66.34,67.0,65.83,66.58,2911498.0
2021-07-29,66.48,67.53,66.36,66.5,3296878.0
2021-07-30,66.5,67.07,66.25,66.51,4379320.0
2021-08-02,66.67,67.33,65.72,66.72,2772196.0
2021-08-03,66.75,67.42,66.04,66.39,3392260.0
2021-08-04,66.56,67.5,66.41,67.22,3050002.0
2021-08-05,67.47,67.82,66.86,67.28,3381856.0
2021-08-06,66.15,66.28,64.0,64.39,8620738.0
2021-08-09,64.72,65.38,64.47,64.75,3585430.0
2021-08-10,64.99,65.14,62.83,62.84,7237762.0
2021-08-11,62.6,62.78,60.83,60.91,12458626.0
2021-08-12,60.93,62.28,60.93,61.5,6524746.0
2021-08-13,61.81,62.7,61.66,62.34,6535306.0
2021-08-16,62.09,62.77,61.52,61.72,4592194.0
2021-08-17,61.55,61.7,60.45,60.96,4420654.0
2021-08-18,61.0,61.33,60.13,60.4,5522854.0
2021-08-19,59.95,60.91,59.73,60.48,7371436.0
2021-08-20,60.63,61.51,60.49,61.24,7220632.0
2021-08-23,61.45,62.35,61.2,62.09,17323324.0
2021-08-24,70.42,74.48,69.9,73.64,66796054.0
2021-08-25,73.44,74.97,72.58,74.51,21706168.0
2021-08-26,74.67,76.62,74.51,76.24,17068930.0
2021-08-27,76.54,77.24,76.02,76.88,8188324.0
2021-08-30,77.17,77.48,76.09,76.47,7529488.0
2021-08-31,77.19,77.25,75.8,76.84,7593130.0
2021-09-01,76.16,77.05,75.97,76.72,8015524.0
2021-09-02,76.89,77.92,76.64,77.09,6735274.0
2021-09-03,76.5,78.08,76.42,78.03,5676214.0
2021-09-07,78.33,78.34,76.89,77.11,5643808.0
2021-09-08,76.92,77.97,76.42,77.62,6315622.0
2021-09-09,77.62,78.22,77.29,77.75,5544382.0
2021-09-10,79.39,79.83,77.53,78.31,8566258.0
2021-09-13,78.67,80.96,76.43,79.36,15030088.0
2021-09-14,81.05,82.66,80.26,80.81,14788660.0
2021-09-15,80.76,81.0,79.03,79.99,7688332.0
2021-09-16,80.06,80.83,79.48,80.81,5806654.0
2021-09-17,80.83,80.99,79.19,79.39,10080460.0
2021-09-20,77.97,79.56,77.97,79.06,6871294.0
2021-09-21,79.33,79.63,78.75,78.84,5623828.0
2021-09-22,79.25,79.77,78.34,79.33,6875158.0
2021-09-23,79.68,80.96,79.4,80.53,6594574.0
2021-09-24,80.03,81.83,80.02,81.75,12080278.0
2021-09-27,80.93,81.43,80.35,81.0,8248600.0
2021-09-28,79.94,80.2,78.53,79.39,7769944.0
2021-09-29,79.67,80.08,78.09,78.84,4609636.0
2021-09-30,78.39,80.06,78.39,79.83,4669822.0
2021-10-01,80.09,81.19,79.12,81.08,5683972.0
2021-10-04,80.81,80.81,77.19,78.25,7993324.0
2021-10-05,78.75,79.83,78.52,79.27,5410714.0
2021-10-06,78.88,81.33,78.82,81.02,5525536.0
2021-10-07,81.27,83.7,81.23,82.28,7691956.0
2021-10-08,82.33,83.42,81.78,82.13,4676020.0
2021-10-11,82.02,83.6,81.35,83.3,4372660.0
2021-10-12,83.83,85.0,83.55,84.2,7261060.0
2021-10-13,84.2,84.89,83.58,84.08,4851154.0
2021-10-14,84.41,85.69,83.68,83.83,5563714.0
2021-10-15,83.9,85.49,83.9,84.64,6983134.0
2021-10-18,85.0,85.97,84.64,85.86,5369224.0
2021-10-19,86.01,86.16,84.55,85.42,4963648.0
2021-10-20,85.89,86.58,84.42,85.32,4915138.0
2021-10-21,85.13,85.13,83.06,84.67,10770322.0
2021-10-22,84.5,85.64,83.2,84.02,6610636.0
2021-10-25,84.56,85.39,82.52,82.96,7002694.0
2021-10-26,83.29,83.6,79.86,81.09,14008882.0
2021-10-27,81.66,83.35,81.42,82.14,4932490.0
2021-10-28,82.17,83.33,82.08,83.06,4353136.0
2021-10-29,83.11,85.04,82.98,84.85,4255858.0
2021-11-01,85.08,85.51,83.88,84.72,4322488.0
2021-11-02,84.83,85.45,83.83,84.75,4109788.0
2021-11-03,84.75,84.93,82.17,83.16,6096898.0
2021-11-04,83.65,84.56,80.88,82.31,9615634.0
2021-11-05,82.17,83.28,81.75,82.3,6501556.0
2021-11-08,83.33,86.57,83.16,86.22,8646442.0
2021-11-09,86.4,87.28,84.73,85.39,6714940.0
2021-11-10,84.83,85.19,82.04,83.2,6415666.0
2021-11-11,83.95,84.99,83.86,84.64,4417042.0
2021-11-12,85.33,86.33,84.52,85.86,5287822.0
2021-11-15,86.83,86.94,85.34,86.34,5683072.0
2021-11-16,86.67,88.0,86.03,87.53,7368556.0
2021-11-17,87.74,88.58,84.67,85.63,7539754.0
2021-11-18,85.25,87.1,83.92,86.67,14548702.0
2021-11-19,89.53,90.98,85.0,88.39,22995682.0
2021-11-22,87.84,93.25,86.83,90.0,17521660.0
2021-11-23,88.28,90.92,86.6,88.83,10167358.0
2021-11-24,88.81,91.99,87.61,91.62,7491340.0
2021-11-26,90.25,91.89,88.44,88.88,4044196.0
2021-11-29,90.03,92.24,89.31,91.86,6526294.0
2021-11-30,92.0,93.0,90.52,91.16,8941654.0
2021-12-01,91.58,92.5,88.0,88.03,10773544.0
2021-12-02,87.52,91.17,87.52,89.22,9516226.0
2021-12-03,89.28,90.55,86.42,86.81,11460742.0
2021-12-06,86.39,86.53,83.04,83.53,12422854.0
2021-12-07,85.67,88.76,85.67,87.24,8538670.0
2021-12-08,87.0,88.91,86.46,88.44,4437736.0
2021-12-09,88.52,89.65,87.59,87.92,7081504.0
2021-12-10,87.75,89.86,87.27,88.64,7306138.0
2021-12-13,90.17,90.33,88.38,89.16,6895180.0
2021-12-14,87.08,88.41,84.28,85.42,9263020.0
2021-12-15,85.13,90.17,85.13,90.05,9417112.0
2021-12-16,90.17,90.49,87.17,87.28,7360864.0
2021-12-17,85.55,88.83,84.84,88.36,35245126.0
2021-12-20,86.67,88.75,86.42,88.27,5348152.0
2021-12-21,88.83,89.64,86.27,89.61,6857074.0
2021-12-22,88.72,92.53,88.43,92.46,8374558.0
2021-12-23,92.49,94.47,92.33,93.63,6185518.0
2021-12-27,93.79,95.44,93.47,94.72,4949140.0
2021-12-28,95.05,95.36,93.42,94.12,3755638.0
2021-12-29,94.2,94.2,92.24,93.94,3146596.0
2021-12-30,93.94,94.33,93.14,93.57,3285604.0
2021-12-31,93.57,94.16,92.7,92.8,2846128.0
2022-01-03,93.08,93.4,89.64,90.7,7803916.0
2022-01-04,89.67,90.72,85.56,87.33,9586054.0
2022-01-05,85.72,86.75,83.61,84.14,7493854.0
2022-01-06,83.5,90.17,82.83,88.82,16553434.0
2022-01-07,87.67,91.36,87.39,87.58,13586404.0
2022-01-10,85.7,87.43,82.0,87.1,14975686.0
2022-01-11,86.13,88.28,85.31,87.67,7239346.0
2022-01-12,88.1,89.64,86.38,88.67,6080164.0
2022-01-13,88.67,89.02,82.67,83.1,9814678.0
2022-01-14,81.83,83.53,81.06,83.19,8197042.0
2022-01-18,81.33,86.67,81.33,83.73,9924802.0
2022-01-19,84.06,87.9,83.77,86.6,12321124.0
2022-01-20,86.8,89.48,86.52,86.61,10086430.0
2022-01-21,85.94,86.3,80.42,80.61,15534880.0
2022-01-24,79.08,84.88,75.96,84.03,17555464.0
2022-01-25,83.17,83.28,79.19,79.25,11380576.0
2022-01-26,80.73,83.47,78.83,79.38,11527642.0
2022-01-27,80.67,84.07,80.67,80.87,10016818.0
2022-01-28,80.43,83.39,80.03,82.69,8245900.0
2022-01-31,82.69,86.53,82.69,86.23,10125034.0
2022-02-01,86.31,86.67,83.87,85.47,8433184.0
2022-02-02,86.14,86.38,84.23,84.9,6326812.0
2022-02-03,82.91,84.87,81.8,82.07,6310036.0
2022-02-04,81.86,86.53,81.33,85.92,8936182.0
2022-02-07,85.45,86.96,84.92,85.17,4217236.0
2022-02-08,85.06,86.33,84.17,85.54,7939882.0
2022-02-09,86.67,89.54,86.44,89.08,6468610.0
2022-02-10,86.93,89.61,86.83,87.96,5268394.0
2022-02-11,88.66,89.33,84.45,85.03,7041094.0
2022-02-14,84.31,87.88,84.31,86.83,6824938.0
2022-02-15,87.83,89.27,86.97,87.73,7201342.0
2022-02-16,86.47,88.33,85.76,87.73,5783590.0
2022-02-17,87.21,87.26,82.83,83.19,7322200.0
2022-02-18,83.17,83.49,80.23,80.36,10063522.0
2022-02-22,79.42,81.16,77.76,79.25,19244386.0
2022-02-23,84.28,85.22,78.67,79.6,26037760.0
2022-02-24,77.67,90.11,77.67,89.99,30082966.0
2022-02-25,88.52,95.17,88.41,94.96,22005172.0
2022-02-28,95.83,99.22,94.83,99.04,22711540.0
2022-03-01,98.56,99.83,95.28,96.13,16498822.0
2022-03-02,97.23,97.64,94.65,97.01,10404826.0
2022-03-03,97.13,98.5,94.84,95.57,8665798.0
2022-03-04,94.86,96.25,91.92,92.92,11183572.0
2022-03-07,93.25,93.85,88.47,88.92,13939918.0
2022-03-08,88.39,90.6,87.0,87.53,9467890.0
2022-03-09,89.78,93.59,89.5,92.48,10389736.0
2022-03-10,92.26,93.33,90.63,91.97,6448150.0
2022-03-11,93.17,93.2,90.84,91.0,7054858.0
2022-03-14,89.73,90.87,85.92,87.55,9623494.0
2022-03-15,88.22,90.33,84.86,90.01,7617262.0
2022-03-16,90.95,92.61,87.97,92.32,11625562.0
2022-03-17,92.03,94.56,90.83,94.03,10626658.0
2022-03-18,94.59,96.25,93.27,96.17,13005328.0
2022-03-21,95.83,96.38,93.44,96.2,9301390.0
2022-03-22,96.67,101.53,96.67,99.57,14499202.0
2022-03-23,98.0,103.29,97.67,100.67,11803336.0
2022-03-24,100.83,103.83,100.13,103.69,11228962.0
2022-03-25,104.17,104.17,100.53,103.73,13463962.0
2022-03-28,102.86,104.92,102.83,104.21,7957402.0
2022-03-29,103.75,103.96,99.42,102.75,15066790.0
2022-03-30,102.5,104.6,102.11,102.63,8874610.0
2022-03-31,103.17,105.98,102.42,103.75,9667192.0
2022-04-01,103.55,105.02,100.92,101.85,8058130.0
2022-04-04,102.69,104.96,102.25,104.69,6980758.0
2022-04-05,104.75,105.2,101.81,103.53,7378840.0
2022-04-06,101.67,102.28,100.19,101.14,8455540.0
2022-04-07,100.64,103.48,100.64,102.75,6510298.0
2022-04-08,102.09,102.37,100.58,101.37,5668348.0
2022-04-11,100.41,103.16,99.58,101.81,7319974.0
2022-04-12,102.58,104.44,101.67,101.98,5395900.0
2022-04-13,102.5,105.94,101.75,104.83,7379524.0
2022-04-14,104.86,105.78,104.05,104.47,5736478.0
2022-04-18,103.53,104.97,102.73,102.97,3900124.0
2022-04-19,102.67,105.27,101.89,104.76,4821772.0
2022-04-20,104.91,106.81,103.27,104.36,4971514.0
2022-04-21,105.15,106.56,98.1,98.67,10383898.0
2022-04-22,98.4,99.53,94.85,95.27,8793382.0
2022-04-25,95.5,100.13,95.41,99.95,10622152.0
2022-04-26,98.83,99.81,96.7,96.8,5485582.0
2022-04-27,96.35,98.93,94.86,96.47,6760066.0
2022-04-28,97.97,99.28,95.39,98.13,4786528.0
2022-04-29,97.65,98.81,92.91,93.55,7372558.0
2022-05-02,93.05,95.48,92.33,95.33,6012490.0
2022-05-03,95.25,95.37,90.69,92.99,9051058.0
2022-05-04,93.16,93.65,86.41,92.21,15763174.0
2022-05-05,92.67,92.67,86.23,88.28,10880524.0
2022-05-06,86.43,88.05,83.44,84.14,11784856.0
2022-05-09,82.02,82.02,75.77,76.58,18901312.0
2022-05-10,79.91,82.14,77.63,80.67,12334978.0
2022-05-11,78.82,83.3,76.38,77.78,12789238.0
2022-05-12,76.72,81.44,75.05,79.75,12362476.0
2022-05-13,81.56,83.27,80.89,81.83,9967450.0
2022-05-16,81.57,84.08,77.73,78.03,11160628.0
2022-05-17,80.42,81.08,76.57,78.88,9620770.0
2022-05-18,77.4,79.17,72.32,73.1,15742882.0
2022-05-19,71.33,74.07,70.26,72.73,24239500.0
2022-05-20,81.44,82.16,76.74,79.78,35400274.0
2022-05-23,80.61,84.16,80.36,83.38,17743198.0
2022-05-24,81.83,82.61,78.35,79.53,13402798.0
2022-05-25,78.71,85.77,78.71,84.25,13017334.0
2022-05-26,83.42,84.78,82.78,83.68,10666066.0
2022-05-27,85.28,86.17,83.83,84.47,7345714.0
2022-05-31,84.44,84.53,82.56,83.8,13962850.0
2022-06-01,84.6,87.13,83.26,83.62,8323300.0
2022-06-02,83.14,86.94,83.06,86.22,7590748.0
2022-06-03,85.02,86.43,83.71,85.43,5687806.0
2022-06-06,86.61,86.61,84.33,85.67,3545578.0
2022-06-07,84.69,88.15,84.5,87.83,5807938.0
2022-06-08,87.52,89.14,86.98,87.48,4851742.0
2022-06-09,86.79,88.08,85.67,86.03,5893288.0
2022-06-10,84.47,84.7,81.72,82.53,9126010.0
2022-06-13,79.78,80.96,77.53,79.62,9600736.0
2022-06-14,80.3,81.55,79.33,80.27,6388174.0
2022-06-15,81.15,82.64,79.78,81.17,6232162.0
2022-06-16,78.91,79.97,76.63,77.72,8202598.0
2022-06-17,78.05,80.44,77.95,79.22,8675614.0
2022-06-21,80.44,83.56,80.34,83.22,11858410.0
2022-06-22,82.0,84.94,82.0,82.39,7472116.0
2022-06-23,83.02,84.34,82.36,83.84,6506842.0
2022-06-24,84.92,85.77,83.6,85.12,21630586.0
2022-06-27,85.67,85.77,83.09,83.64,8906146.0
2022-06-28,83.75,84.92,80.78,81.98,6414940.0
2022-06-29,81.83,82.5,80.42,81.97,4294516.0
2022-06-30,81.37,83.26,80.34,82.33,8684206.0
2022-07-01,82.33,85.07,82.08,84.71,7050094.0
2022-07-05,83.69,87.07,83.42,86.86,8163904.0
2022-07-06,87.59,87.61,85.28,85.83,8503336.0
2022-07-07,85.83,87.25,85.26,86.21,7768300.0
2022-07-08,85.63,87.58,84.36,87.37,4792990.0
2022-07-11,86.45,86.83,85.17,85.98,3875218.0
2022-07-12,86.75,87.78,81.5,82.09,8231782.0
2022-07-13,80.66,83.28,79.97,82.23,6464740.0
2022-07-14,81.61,81.97,79.67,81.67,9510676.0
2022-07-15,81.77,85.3,81.77,84.83,6557074.0
2022-07-18,85.96,86.53,84.15,84.31,4776982.0
2022-07-19,84.78,85.94,84.05,85.6,4016836.0
2022-07-20,85.18,85.45,82.84,84.03,9208666.0
2022-07-21,83.69,85.82,83.22,85.72,10271824.0
2022-07-22,86.52,87.33,84.56,85.19,4877476.0
2022-07-25,85.17,85.67,83.3,84.21,4274776.0
2022-07-26,83.13,83.77,77.2,77.53,14396104.0
2022-07-27,79.25,80.57,77.84,79.68,7429198.0
2022-07-28,79.69,82.39,78.55,82.03,7414714.0
2022-07-29,82.56,83.22,81.25,83.19,7094524.0
2022-08-01,83.19,85.3,82.54,84.61,7478248.0
2022-08-02,83.64,86.41,83.64,85.11,5960782.0
2022-08-03,86.39,88.39,85.84,88.18,6563686.0
2022-08-04,85.1,85.67,80.68,83.61,16838374.0
2022-08-05,83.0,83.67,81.44,83.56,10114138.0
2022-08-08,83.83,85.97,83.33,83.51,6500950.0
2022-08-09,83.13,84.14,82.0,83.39,8474830.0
2022-08-10,85.5,87.31,85.33,86.97,6775990.0
2022-08-11,88.33,89.52,85.4,86.08,7137982.0
2022-08-12,88.08,88.27,86.85,87.81,5020594.0
2022-08-15,86.74,88.22,86.74,87.96,5633104.0
2022-08-16,87.61,87.72,85.86,87.42,7317598.0
2022-08-17,86.25,86.53,84.47,85.75,6556192.0
2022-08-18,86.2,86.86,85.41,86.31,6173152.0
2022-08-19,85.51,86.51,84.67,85.58,6749614.0
2022-08-22,84.5,85.73,83.44,84.67,19210756.0
2022-08-23,93.32,95.44,92.0,94.92,36726238.0
2022-08-24,94.94,95.33,93.83,94.14,9555040.0
2022-08-25,95.0,96.47,94.72,95.93,7826836.0
2022-08-26,95.66,96.25,93.44,93.45,7468414.0
2022-08-29,92.5,94.39,92.1,93.17,8106808.0
2022-08-30,94.03,94.81,92.41,93.28,6917170.0
2022-08-31,94.5,95.5,92.28,92.8,7062814.0
2022-09-01,91.41,92.17,89.05,90.86,8728402.0
2022-09-02,91.91,92.25,89.61,89.86,7095130.0
2022-09-06,88.88,89.31,86.39,88.42,8857312.0
2022-09-07,88.42,90.23,87.73,90.0,6759154.0
2022-09-08,89.91,91.53,89.17,91.21,5984452.0
2022-09-09,92.64,94.71,92.19,94.13,7714744.0
2022-09-12,94.34,95.0,93.64,94.68,7888612.0
2022-09-13,92.33,92.72,91.36,91.48,8772994.0
2022-09-14,91.97,91.98,89.42,91.03,11333918.0
2022-09-15,90.56,90.98,89.08,89.81,10412942.0
2022-09-16,88.36,88.62,85.77,87.05,14038904.0
2022-09-19,85.59,87.88,85.5,87.67,7492172.0
2022-09-20,87.45,88.35,86.84,87.51,7856358.0
2022-09-21,88.09,88.72,85.56,85.56,5977306.0
2022-09-22,84.78,85.87,82.66,83.09,7301350.0
2022-09-23,81.97,82.97,80.27,80.78,6931298.0
2022-09-26,81.0,83.41,80.94,81.58,7686976.0
2022-09-27,82.82,83.37,81.33,81.83,5905608.0
2022-09-28,81.86,83.86,81.55,83.4,6713588.0
2022-09-29,82.45,83.39,80.82,82.79,5833674.0
2022-09-30,82.34,83.94,81.86,81.89,6311688.0
2022-10-03,83.0,85.48,82.78,84.84,7546044.0
2022-10-04,86.78,87.72,86.25,86.92,6715768.0
2022-10-05,85.13,88.28,85.13,87.83,4425022.0
2022-10-06,87.79,89.5,87.22,87.38,4766376.0
2022-10-07,86.07,86.89,84.67,84.95,5667252.0
2022-10-10,84.75,85.24,80.81,81.57,6785072.0
2022-10-11,80.63,80.81,77.83,78.69,9507004.0
2022-10-12,78.0,78.9,76.58,77.66,6581538.0
2022-10-13,75.47,79.67,74.0,78.94,10201620.0
2022-10-14,79.54,80.0,77.2,77.42,6052046.0
2022-10-17,79.42,80.47,79.12,79.27,5601052.0
2022-10-18,81.69,83.39,80.84,81.69,6337024.0
2022-10-19,80.56,81.96,79.67,80.06,4498038.0
2022-10-20,79.75,81.11,78.68,79.28,6665838.0
2022-10-21,79.09,81.33,78.14,81.02,14792524.0
2022-10-24,80.7,81.28,78.71,80.67,8490930.0
2022-10-25,81.43,83.54,81.03,83.09,8484450.0
2022-10-26,82.2,84.79,81.5,83.36,4924332.0
2022-10-27,84.81,85.25,82.91,84.07,5020888.0
2022-10-28,83.95,85.74,83.12,85.54,3775924.0
2022-10-31,85.14,86.5,84.75,85.8,6034762.0
2022-11-01,86.88,88.05,84.79,85.39,4342004.0
2022-11-02,85.78,85.78,80.7,80.89,9373120.0
2022-11-03,77.16,77.34,73.11,74.85,22368182.0
2022-11-04,75.42,75.89,70.03,71.11,20263192.0
2022-11-07,71.89,72.67,70.26,72.22,10879548.0
2022-11-08,74.62,77.69,73.56,77.08,11929820.0
2022-11-09,76.66,77.14,75.58,75.78,7058000.0
2022-11-10,82.5,83.41,79.11,81.73,11988254.0
2022-11-11,82.01,84.06,81.45,82.66,8047556.0
2022-11-14,82.84,82.89,80.75,80.86,7206908.0
2022-11-15,83.25,83.53,80.91,81.19,9947918.0
2022-11-16,80.0,80.3,77.94,79.55,11889160.0
2022-11-17,78.0,78.75,75.75,78.28,16640568.0
2022-11-18,85.67,86.5,83.03,83.74,26789994.0
2022-11-21,83.39,86.78,82.53,85.31,13460686.0
2022-11-22,85.45,86.03,84.63,85.83,7098444.0
2022-11-23,86.06,87.81,85.05,86.55,5843378.0
2022-11-25,86.68,87.0,85.95,86.39,2135770.0
2022-11-28,86.1,86.94,84.92,85.69,4296792.0
2022-11-29,86.0,86.22,84.56,85.25,4865682.0
2022-11-30,82.75,85.14,81.88,84.95,16162860.0
2022-12-01,85.46,89.48,84.67,89.2,10660732.0
2022-12-02,87.53,88.32,85.94,86.34,6544074.0
2022-12-05,86.21,86.61,84.23,85.0,7042530.0
2022-12-06,85.31,85.79,82.95,83.34,5353082.0
2022-12-07,83.8,84.37,81.98,82.34,4770228.0
2022-12-08,82.43,82.53,79.33,80.39,8876096.0
2022-12-09,80.13,80.72,79.41,79.45,4984120.0
2022-12-12,79.67,80.92,78.94,80.89,6121940.0
2022-12-13,84.22,84.5,79.89,80.38,7140140.0
2022-12-14,80.32,81.34,79.25,80.11,3772368.0
2022-12-15,79.0,79.56,75.66,76.3,9538384.0
2022-12-16,75.8,76.45,75.18,75.5,9283586.0
2022-12-19,75.95,76.05,74.14,75.26,6275962.0
2022-12-20,74.33,75.35,73.87,74.64,7659344.0
2022-12-21,74.19,74.28,71.42,73.71,8390970.0
2022-12-22,73.0,73.0,70.77,71.58,8724524.0
2022-12-23,71.56,71.66,70.27,70.64,5933162.0
2022-12-27,70.27,70.67,69.5,69.61,5988358.0
2022-12-28,69.59,69.81,68.37,68.67,6551946.0
2022-12-29,69.2,70.8,69.05,70.1,7270450.0
2022-12-30,69.2,69.89,68.64,69.77,6723030.0
2023-01-03,70.75,71.72,68.75,69.22,7818252.0
2023-01-04,69.84,70.62,68.52,69.27,8549600.0
2023-01-05,68.81,68.84,66.35,67.56,11473372.0
2023-01-06,68.0,68.49,66.76,67.42,7414100.0
2023-01-09,68.27,69.84,67.34,67.54,8801632.0
2023-01-10,67.5,68.25,66.46,67.09,9716360.0
2023-01-11,67.69,68.63,67.0,68.36,6454698.0
2023-01-12,67.86,68.58,66.11,68.3,7644694.0
2023-01-13,67.47,69.59,67.27,69.43,8742568.0
2023-01-17,68.61,71.33,68.56,71.0,10438242.0
2023-01-18,71.88,72.64,70.59,70.84,8876902.0
2023-01-19,70.44,71.46,70.08,70.36,5264960.0
2023-01-20,71.44,73.25,71.31,73.05,14043006.0
2023-01-23,73.17,75.1,73.06,74.67,8998728.0
2023-01-24,75.39,76.08,74.69,75.57,10361042.0
2023-01-25,74.19,76.09,73.47,75.89,12982912.0
2023-01-26,77.39,79.99,76.84,79.56,13564904.0
2023-01-27,79.0,80.61,78.8,79.89,8343498.0
2023-01-30,79.04,79.58,78.59,78.81,6137542.0
2023-01-31,79.2,79.78,78.73,79.32,4096028.0
2023-02-01,78.67,80.64,77.11,79.86,10685092.0
2023-02-02,82.47,82.83,80.65,81.28,12139686.0
2023-02-03,79.28,81.19,79.12,79.86,4941970.0
2023-02-06,79.4,80.27,77.97,78.11,6030978.0
2023-02-07,78.34,80.11,77.06,79.85,7240558.0
2023-02-08,82.72,84.33,82.38,83.07,11411362.0
2023-02-09,84.02,84.5,82.75,83.06,6048648.0
2023-02-10,82.84,83.4,81.41,82.63,4380844.0
2023-02-13,83.16,83.7,82.2,83.16,4192152.0
2023-02-14,83.94,85.74,83.14,85.07,6274382.0
2023-02-15,86.02,88.8,85.6,88.63,11381114.0
2023-02-16,87.36,87.97,85.97,86.01,7781638.0
2023-02-17,85.2,85.4,83.9,84.64,7118930.0
2023-02-21,84.03,84.6,82.68,83.44,18251646.0
2023-02-22,91.2,94.39,91.15,93.88,42277156.0
2023-02-23,93.83,94.5,91.3,94.37,24640942.0
2023-02-24,92.38,93.86,92.21,93.31,12462642.0
2023-02-27,93.94,96.23,93.89,94.25,8944146.0
2023-02-28,94.14,95.92,94.03,94.19,8014830.0
2023-03-01,93.44,94.1,92.86,93.47,6405768.0
2023-03-02,93.45,95.52,92.75,94.92,7431790.0
2023-03-03,95.08,96.42,94.34,95.8,9048642.0
2023-03-06,93.9,95.2,93.42,93.95,8283702.0
2023-03-07,94.22,94.73,93.35,93.6,6111158.0
2023-03-08,94.02,94.58,93.08,94.19,10051196.0
2023-03-09,94.19,94.72,92.12,92.21,5269172.0
2023-03-10,92.5,93.5,91.25,92.86,10197636.0
2023-03-13,92.3,94.25,91.34,92.95,11268502.0
2023-03-14,93.36,94.11,91.43,92.24,9863208.0
2023-03-15,91.0,92.19,90.81,91.9,5896216.0
2023-03-16,92.4,95.0,91.33,94.89,8668270.0
2023-03-17,94.83,95.73,93.78,94.56,7549700.0
2023-03-20,94.03,95.1,93.44,94.72,6277842.0
2023-03-21,95.61,97.46,95.25,97.25,9501158.0
2023-03-22,97.1,97.91,95.38,95.44,7094982.0
2023-03-23,96.7,98.06,96.33,96.94,7382408.0
2023-03-24,96.5,96.78,95.44,95.78,4692544.0
2023-03-27,96.23,97.29,95.83,96.27,4977222.0
2023-03-28,95.78,96.66,94.92,95.38,4715290.0
2023-03-29,96.38,96.45,95.17,96.09,4977970.0
2023-03-30,96.9,97.56,96.02,96.78,4183844.0
2023-03-31,97.25,100.15,97.02,99.87,8381756.0
2023-04-03,99.0,99.45,97.8,98.17,5345074.0
2023-04-04,98.82,99.25,97.93,98.28,3636632.0
2023-04-05,98.38,98.4,95.95,97.09,5424362.0
2023-04-06,95.9,96.16,94.36,95.97,5870492.0
2023-04-10,95.05,96.86,94.42,96.31,4551836.0
2023-04-11,95.36,96.85,95.13,96.41,3455714.0
2023-04-12,97.11,98.41,96.72,97.64,5093168.0
2023-04-13,98.25,99.33,98.05,98.94,4230088.0
2023-04-14,96.8,99.94,96.3,99.72,7554462.0
2023-04-17,100.0,101.48,99.42,100.58,4846670.0
2023-04-18,101.58,101.72,99.92,100.0,3024286.0
2023-04-19,98.97,99.84,97.48,97.66,4973346.0
2023-04-20,96.56,96.95,95.6,96.14,6157594.0
2023-04-21,96.14,97.21,95.58,96.63,4014226.0
2023-04-24,96.75,97.37,95.2,95.97,3719024.0
2023-04-25,94.15,94.31,91.09,91.28,7738968.0
2023-04-26,92.3,92.75,91.36,91.89,5265976.0
2023-04-27,92.94,93.06,91.72,92.56,5148850.0
2023-04-28,91.89,92.0,90.5,91.23,7956496.0
2023-05-01,90.3,92.62,89.86,91.65,7939510.0
2023-05-02,90.89,91.56,88.15,88.44,13560138.0
2023-05-03,88.5,90.27,88.17,88.83,6834198.0
2023-05-04,89.31,90.35,88.55,89.5,5820678.0
2023-05-05,89.62,92.36,89.57,91.97,6384618.0
2023-05-08,94.0,96.1,93.97,95.76,7708594.0
2023-05-09,96.32,98.53,96.19,97.92,7728542.0
2023-05-10,98.64,100.76,98.5,99.7,5334062.0
2023-05-11,100.28,100.42,98.28,98.59,6025864.0
2023-05-12,99.25,99.69,98.41,99.65,6025874.0
2023-05-15,99.15,99.27,95.33,96.5,13136026.0
2023-05-16,95.14,96.4,94.43,95.72,9732392.0
2023-05-17,96.16,96.56,95.05,95.76,6851412.0
2023-05-18,95.5,95.75,93.38,94.86,10488406.0
2023-05-19,95.44,96.19,94.16,94.33,8459376.0
2023-05-22,94.75,96.48,94.15,96.06,11820966.0
2023-05-23,95.78,96.6,94.42,94.87,19297736.0
2023-05-24,98.2,103.69,97.04,102.16,34072954.0
2023-05-25,103.25,104.44,101.3,103.99,12287388.0
2023-05-26,104.06,108.53,104.06,105.85,12816046.0
2023-05-30,108.0,109.75,105.71,106.24,11169960.0
2023-05-31,105.95,108.13,105.81,106.69,11179174.0
2023-06-01,105.33,109.14,105.06,108.39,8843268.0
2023-06-02,108.53,109.97,107.53,108.62,9487198.0
2023-06-05,113.2,115.09,111.55,113.39,27545014.0
2023-06-06,112.67,113.43,111.92,112.36,10803522.0
2023-06-07,112.87,112.95,108.08,108.13,14351088.0
2023-06-08,108.31,111.52,108.13,111.41,10067970.0
2023-06-09,111.41,112.39,109.66,110.05,9942388.0
2023-06-12,110.19,114.64,110.19,114.57,10855142.0
2023-06-13,115.83,117.25,114.6,116.81,11915834.0
2023-06-14,116.33,119.81,116.33,119.28,11317020.0
2023-06-15,118.11,122.43,118.11,121.9,12965290.0
2023-06-16,123.63,123.85,121.03,123.27,109646918.0
2023-06-20,122.11,122.53,119.08,120.8,15825038.0
2023-06-21,120.61,121.22,118.6,119.46,10631956.0
2023-06-22,119.45,124.63,119.18,124.58,12988170.0
2023-06-23,123.55,124.33,121.88,121.97,11338636.0
2023-06-26,122.92,125.28,121.71,121.9,9313572.0
2023-06-27,122.13,126.75,122.08,125.8,14046970.0
2023-06-28,124.38,127.71,123.92,126.7,7843780.0
2023-06-29,126.0,127.44,125.53,126.67,5201658.0
2023-06-30,127.71,128.41,126.19,127.75,6788706.0
2023-07-03,127.51,127.72,126.27,127.32,3488450.0
2023-07-05,126.55,129.44,126.05,128.94,7896258.0
2023-07-06,127.04,127.77,125.38,126.7,6492494.0
2023-07-07,126.0,126.54,123.53,123.8,7382156.0
2023-07-10,124.48,125.63,123.44,123.73,8646028.0
2023-07-11,124.38,125.5,123.14,125.11,5545712.0
2023-07-12,125.57,125.94,115.91,116.32,35573990.0
2023-07-13,118.14,121.85,117.26,119.5,18788498.0
2023-07-14,119.25,121.42,119.04,120.63,11466630.0
2023-07-17,120.66,125.39,120.48,125.03,11608674.0
2023-07-18,124.48,125.11,122.78,124.17,6983782.0
2023-07-19,124.47,125.13,122.53,123.0,6449938.0
2023-07-20,122.0,123.77,120.6,121.03,5966556.0
2023-07-21,122.25,123.19,121.53,121.91,14697720.0
2023-07-24,121.91,123.0,119.87,121.67,5006762.0
2023-07-25,122.5,123.42,121.36,121.45,4599184.0
2023-07-26,119.86,124.33,119.44,122.5,7262234.0
2023-07-27,124.0,124.92,121.63,122.64,6172010.0
2023-07-28,123.75,124.64,122.41,124.22,4191048.0
2023-07-31,125.0,126.67,123.86,124.98,4561994.0
2023-08-01,124.94,127.02,124.0,126.58,4648340.0
2023-08-02,124.53,124.7,117.02,118.08,12615934.0
2023-08-03,117.41,119.38,116.91,118.72,7755908.0
2023-08-04,112.22,112.75,106.67,109.16,30601424.0
2023-08-07,109.35,109.72,106.65,107.62,17688212.0
2023-08-08,105.5,106.45,104.01,105.74,15211626.0
2023-08-09,105.69,106.89,105.05,106.73,7906188.0
2023-08-10,108.23,109.21,106.45,107.03,8968028.0
2023-08-11,106.42,110.22,106.42,108.98,8030478.0
2023-08-14,109.07,110.89,107.75,109.67,8226292.0
2023-08-15,109.25,109.77,107.48,107.83,5986000.0
2023-08-16,108.0,108.47,106.79,106.98,5927098.0
2023-08-17,106.5,106.5,103.44,103.78,10077040.0
2023-08-18,101.01,105.57,100.58,104.84,22874648.0
2023-08-21,118.25,123.15,118.15,120.41,40537612.0
2023-08-22,120.78,121.05,115.52,117.28,12132734.0
2023-08-23,117.88,118.62,115.88,117.83,6194074.0
2023-08-24,119.0,119.1,113.47,113.72,6471196.0
2023-08-25,114.75,116.01,113.16,115.38,5192900.0
2023-08-28,115.39,116.54,114.47,116.21,4056372.0
2023-08-29,116.39,117.09,115.71,116.96,9524634.0
2023-08-30,117.91,119.7,117.5,118.95,6242344.0
2023-08-31,120.0,121.92,119.79,121.65,7524634.0
2023-09-01,121.59,122.39,120.23,121.36,4253106.0
2023-09-05,121.36,122.63,120.13,122.53,4194298.0
2023-09-06,122.11,122.97,121.36,122.61,3951136.0
2023-09-07,122.09,123.52,121.17,122.72,3841776.0
2023-09-08,122.86,124.94,122.44,124.37,4450130.0
2023-09-11,124.86,127.11,124.5,126.57,4884116.0
2023-09-12,125.71,126.45,122.82,122.86,5104568.0
2023-09-13,121.75,123.89,121.22,123.14,3605434.0
2023-09-14,123.63,124.16,122.31,122.91,3802482.0
2023-09-15,122.67,122.84,119.28,120.1,7147898.0
2023-09-18,120.17,121.63,119.39,119.94,3947614.0
2023-09-19,119.16,119.39,115.67,118.08,7523530.0
2023-09-20,117.56,119.44,117.25,117.65,3810018.0
2023-09-21,115.81,116.59,113.59,113.72,6385588.0
2023-09-22,114.28,115.36,113.32,114.25,4438558.0
2023-09-25,113.77,113.97,112.32,113.27,4254842.0
2023-09-26,113.27,113.9,112.38,113.39,4231652.0
2023-09-27,114.44,116.76,114.16,115.95,5567398.0
2023-09-28,116.23,118.65,115.33,117.59,4455530.0
2023-09-29,119.0,119.17,117.02,117.22,4496418.0
2023-10-02,117.5,119.09,116.94,118.39,5064204.0
2023-10-03,116.91,118.81,115.05,115.86,4205204.0
2023-10-04,116.7,118.78,116.67,118.22,4737580.0
2023-10-05,118.22,118.65,117.17,118.39,3943696.0
2023-10-06,117.68,124.95,117.52,123.34,8337854.0
2023-10-09,123.03,128.25,122.92,126.39,7669082.0
2023-10-10,126.61,129.28,126.41,128.39,7114800.0
2023-10-11,128.5,130.94,127.89,129.6,6947524.0
2023-10-12,130.07,132.17,129.59,130.31,5928752.0
2023-10-13,131.18,132.95,129.16,129.7,6184648.0
2023-10-16,129.88,132.59,129.46,130.76,4826864.0
2023-10-17,130.43,132.91,130.0,130.87,5617568.0
2023-10-18,130.0,132.93,130.0,130.67,5628720.0
2023-10-19,131.75,132.34,126.09,126.56,7761992.0
2023-10-20,126.5,126.5,120.14,121.55,9270018.0
2023-10-23,120.61,124.16,119.41,123.08,4764724.0
2023-10-24,124.0,126.09,123.75,126.03,4519222.0
2023-10-25,126.03,127.16,121.86,122.39,5418334.0
2023-10-26,122.39,123.47,118.01,118.59,5956506.0
2023-10-27,119.33,121.19,118.64,119.39,4567586.0
2023-10-30,120.39,121.11,118.86,119.28,3973508.0
2023-10-31,121.25,122.02,119.06,121.51,4225934.0
2023-11-01,122.5,123.72,120.03,122.43,4923754.0
2023-11-02,123.78,126.04,123.54,125.18,6998798.0
2023-11-03,122.46,123.13,120.53,121.77,15224384.0
2023-11-06,123.32,123.64,116.91,118.5,10643550.0
2023-11-07,120.98,121.71,118.76,121.04,8401496.0
2023-11-08,121.61,122.0,120.25,120.54,5201340.0
2023-11-09,121.19,123.87,119.8,121.3,6290036.0
2023-11-10,123.0,126.99,122.3,126.75,8168014.0
2023-11-13,127.27,128.7,126.88,127.82,8944084.0
2023-11-14,129.76,130.84,128.84,130.59,8778186.0
2023-11-15,132.35,132.38,127.31,128.09,19158086.0
2023-11-16,120.0,122.4,117.08,121.15,31270628.0
2023-11-17,121.52,126.02,121.49,123.8,15126982.0
2023-11-20,125.0,130.72,124.78,130.28,13713710.0
2023-11-21,129.78,132.28,129.09,132.01,8110470.0
2023-11-22,132.53,134.05,131.03,131.57,5506208.0
2023-11-24,131.49,133.21,131.38,133.04,3230326.0
2023-11-27,133.0,134.97,132.94,134.54,6276182.0
2023-11-28,134.37,139.34,134.32,138.91,12630048.0
2023-11-29,139.73,146.16,139.25,144.46,15076426.0
2023-11-30,144.34,148.08,143.51,147.54,17859452.0
2023-12-01,146.16,148.43,145.53,148.08,12313632.0
2023-12-04,147.12,147.5,141.4,143.31,9284266.0
2023-12-05,141.27,146.41,140.33,146.39,6401140.0
2023-12-06,147.28,148.07,143.46,143.6,6135464.0
2023-12-07,144.09,147.19,143.34,146.81,8612690.0
2023-12-08,145.32,149.46,145.32,149.21,4813266.0
2023-12-11,148.95,150.06,147.66,149.94,8096350.0
2023-12-12,149.78,153.94,149.71,152.79,9126974.0
2023-12-13,152.52,158.09,152.52,156.93,10375564.0
2023-12-14,157.66,159.0,149.06,150.22,13591996.0
2023-12-15,151.17,154.53,149.63,153.65,18221050.0
2023-12-18,152.13,154.71,152.0,153.79,6663572.0
2023-12-19,153.88,155.44,153.09,154.31,7760050.0
2023-12-20,152.95,154.0,150.22,150.49,6694314.0
2023-12-21,151.39,152.06,147.96,149.7,5772790.0
2023-12-22,150.38,150.38,148.75,149.1,4783076.0
2023-12-26,149.69,151.0,149.25,150.41,3117388.0
2023-12-27,150.24,150.44,147.91,148.75,4186806.0
2023-12-28,148.65,148.83,146.9,147.79,3872528.0
2023-12-29,148.35,148.36,145.97,147.44,4137760.0
2024-01-02,145.97,146.06,142.41,144.46,5767724.0
2024-01-03,142.37,144.56,141.41,143.24,4936386.0
2024-01-04,143.19,143.74,141.45,141.65,5085354.0
2024-01-05,142.09,143.22,140.92,141.47,3714694.0
2024-01-08,142.28,145.37,141.75,144.75,5831076.0
2024-01-09,143.69,150.5,143.45,150.21,7302450.0
2024-01-10,152.6,158.25,152.55,158.04,10161516.0
2024-01-11,160.38,162.69,158.26,161.75,10001498.0
2024-01-12,162.25,165.2,160.7,162.62,6390942.0
2024-01-16,164.15,166.65,162.75,166.03,7516846.0
2024-01-17,165.27,166.24,161.31,165.03,7864434.0
2024-01-18,167.99,169.29,166.28,167.88,7197490.0
2024-01-19,169.76,170.2,167.16,168.87,6588062.0
2024-01-22,173.3,175.3,171.22,172.82,7021968.0
2024-01-23,172.78,173.0,169.16,172.09,6045014.0
2024-01-24,173.91,174.0,169.92,170.12,5854204.0
2024-01-25,172.22,172.23,168.28,170.09,6909930.0
2024-01-26,170.0,172.15,169.03,171.22,4331240.0
2024-01-29,171.0,172.75,170.38,172.63,5238208.0
2024-01-30,172.41,173.81,171.38,172.94,3488330.0
2024-01-31,171.12,172.0,166.34,169.25,4968502.0
2024-02-01,169.66,170.22,167.72,169.99,4350980.0
2024-02-02,169.78,173.22,169.5,172.53,5080646.0
2024-02-05,172.13,172.75,168.97,172.24,5340612.0
2024-02-06,172.75,173.88,168.0,170.75,5483170.0
2024-02-07,175.7,183.07,174.7,182.25,13163274.0
2024-02-08,181.61,185.86,181.5,183.51,5916374.0
2024-02-09,186.5,190.42,184.5,188.45,7001960.0
2024-02-12,187.72,188.15,183.76,185.99,5737020.0
2024-02-13,179.56,187.19,176.91,184.13,15684414.0
2024-02-14,184.41,187.59,183.06,184.16,6187462.0
2024-02-15,184.09,184.9,180.81,183.44,5435196.0
2024-02-16,184.75,185.5,181.03,183.21,6525770.0
2024-02-20,181.5,184.65,179.91,183.04,20917614.0
2024-02-21,137.63,137.99,130.04,130.99,87874678.0
2024-02-22,137.38,138.41,132.5,133.91,38594546.0
2024-02-23,138.38,142.16,135.81,141.04,30662916.0
2024-02-26,144.25,156.94,143.4,151.39,43874310.0
2024-02-27,158.7,163.78,153.78,157.38,42708640.0
2024-02-28,155.64,158.43,153.91,158.07,15990676.0
2024-02-29,157.89,160.34,154.37,155.28,16355942.0
2024-03-01,155.76,155.76,148.41,151.2,22750266.0
2024-03-04,150.85,151.19,146.03,149.72,14428358.0
2024-03-05,147.82,148.78,142.34,145.56,14534200.0
2024-03-06,149.94,150.0,138.41,139.43,23383444.0
2024-03-07,140.0,144.06,138.88,143.24,16056556.0
2024-03-08,143.09,144.22,139.85,140.1,11484830.0
2024-03-11,139.25,143.4,138.81,141.66,9898202.0
2024-03-12,142.88,143.72,140.7,142.37,8133516.0
2024-03-13,142.81,146.4,140.87,145.06,10545502.0
2024-03-14,146.16,146.37,141.68,143.79,9903130.0
2024-03-15,142.12,143.65,140.81,141.08,13190334.0
2024-03-18,142.69,143.31,140.59,142.62,7678338.0
2024-03-19,141.55,142.07,138.28,140.29,10930832.0
2024-03-20,140.84,141.86,139.13,141.03,6815264.0
2024-03-21,141.91,145.07,140.78,143.81,7662868.0
2024-03-22,145.2,145.44,142.78,143.39,7593466.0
2024-03-25,142.8,143.15,140.62,142.53,5298092.0
2024-03-26,142.93,144.12,141.4,143.34,5869414.0
2024-03-27,145.25,145.45,140.74,141.13,6528016.0
2024-03-28,140.68,142.53,140.03,142.06,6800996.0
2024-04-01,142.51,142.84,139.22,139.71,6280284.0
2024-04-02,137.75,137.78,135.72,136.7,7738842.0
2024-04-03,135.7,136.94,134.63,134.77,8076472.0
2024-04-04,135.84,136.69,132.5,132.6,9636436.0
2024-04-05,132.89,134.85,132.63,134.5,7363520.0
2024-04-08,134.0,134.56,132.83,134.29,7385868.0
2024-04-09,135.49,139.75,134.82,139.56,11193314.0
2024-04-10,137.5,141.25,137.5,140.5,7006506.0
2024-04-11,141.33,142.75,139.22,141.93,6986606.0
2024-04-12,141.0,141.88,138.63,139.53,5815920.0
2024-04-15,139.5,139.59,135.52,136.07,6104176.0
2024-04-16,135.21,138.25,135.18,137.51,7255058.0
2024-04-17,138.5,140.44,137.8,138.66,6338760.0
2024-04-18,138.88,142.19,138.16,140.57,7711856.0
2024-04-19,141.25,142.44,138.28,138.85,9503230.0
2024-04-22,140.57,141.49,137.6,140.84,5852214.0
2024-04-23,142.13,147.11,141.5,146.75,8132008.0
2024-04-24,147.0,147.5,145.46,146.91,5700734.0
2024-04-25,142.75,145.07,140.81,144.4,5422882.0
2024-04-26,145.07,147.06,143.72,145.71,4493024.0
2024-04-29,149.0,151.94,145.91,146.71,5980510.0
2024-04-30,146.47,147.97,145.21,145.44,6345768.0
2024-05-01,144.72,146.85,142.0,143.67,6070956.0
2024-05-02,145.38,147.89,142.76,147.66,6534598.0
2024-05-03,147.0,148.75,145.19,148.1,6877948.0
2024-05-06,149.5,150.49,148.58,150.28,5771108.0
2024-05-07,150.28,154.32,149.73,152.76,9227944.0
2024-05-08,151.45,152.13,149.75,151.5,6254046.0
2024-05-09,149.46,150.5,147.52,147.84,6029190.0
2024-05-10,149.24,150.49,148.46,148.74,4278102.0
2024-05-13,151.0,152.33,149.47,151.13,4173820.0
2024-05-14,149.47,151.65,149.22,150.77,5380932.0
2024-05-15,152.13,156.57,151.53,156.16,7398948.0
2024-05-16,157.2,158.69,155.54,158.39,7343426.0
2024-05-17,158.07,159.5,157.48,158.93,6848300.0
2024-05-20,159.25,162.34,157.29,161.88,15993944.0
2024-05-21,150.58,159.25,150.0,155.83,27524812.0
2024-05-22,156.04,156.72,151.6,154.29,9065172.0
2024-05-23,154.89,157.22,152.25,155.72,7791228.0
2024-05-24,155.75,161.56,155.5,160.8,9429950.0
2024-05-28,160.0,160.93,153.53,154.0,9216068.0
2024-05-29,152.72,155.16,152.2,153.45,5270046.0
2024-05-30,152.0,152.18,145.58,146.59,9244502.0
2024-05-31,148.53,149.63,143.29,147.46,14804500.0
2024-06-03,148.21,148.5,145.56,147.24,4701038.0
2024-06-04,147.25,147.9,144.46,145.04,5347242.0
2024-06-05,148.12,148.47,145.25,147.71,7476718.0
2024-06-06,147.81,150.33,147.38,147.97,5059786.0
2024-06-07,148.25,151.47,147.59,150.95,5215980.0
2024-06-10,149.73,154.73,149.35,154.53,5788352.0
2024-06-11,154.34,157.3,153.44,156.47,5524502.0
2024-06-12,157.5,160.05,155.82,159.9,4926184.0
2024-06-13,160.0,162.25,157.68,159.83,5944630.0
2024-06-14,159.56,161.31,157.5,158.66,4971786.0
2024-06-17,158.15,160.59,155.94,159.79,5080904.0
2024-06-18,160.0,160.57,157.93,158.51,4121360.0
2024-06-20,159.57,160.55,154.63,155.52,6281036.0
2024-06-21,157.99,160.69,156.13,160.16,14406704.0
2024-06-24,159.15,163.4,157.87,158.34,6381334.0
2024-06-25,158.68,163.19,158.0,161.34,5155936.0
2024-06-26,161.0,163.69,159.9,162.63,4249614.0
2024-06-27,164.5,172.71,164.5,170.41,11299140.0
2024-06-28,170.22,172.95,168.69,169.5,8344612.0
2024-07-01,169.0,171.26,165.74,170.45,4766896.0
2024-07-02,169.69,171.41,168.03,170.22,4240338.0
2024-07-03,169.72,171.22,169.24,170.6,2045296.0
2024-07-05,170.0,172.78,169.15,171.04,4140730.0
2024-07-08,170.25,170.97,164.66,168.82,5856278.0
2024-07-09,169.5,169.5,166.06,168.09,3594368.0
2024-07-10,168.4,169.0,165.08,168.53,4091366.0
2024-07-11,168.51,170.63,164.56,165.52,5553354.0
2024-07-12,166.0,169.1,165.64,168.25,3581116.0
2024-07-15,166.4,171.84,164.63,170.46,5101012.0
2024-07-16,170.41,170.84,167.75,169.25,3184060.0
2024-07-17,167.46,167.94,163.81,166.07,4625656.0
2024-07-18,164.63,165.5,160.13,161.94,5020130.0
2024-07-19,166.0,168.45,163.01,165.44,6454754.0
2024-07-22,167.22,169.44,164.44,166.85,5970354.0
2024-07-23,167.5,170.44,166.32,167.78,5494242.0
2024-07-24,167.0,168.13,161.5,162.12,4984268.0
2024-07-25,163.28,164.43,159.37,160.06,4743168.0
2024-07-26,161.62,164.57,160.63,163.41,3418850.0
2024-07-29,163.75,164.37,160.7,161.03,3124682.0
2024-07-30,162.62,163.41,157.5,158.75,5412340.0
2024-07-31,160.25,163.31,158.13,162.37,4082338.0
2024-08-01,161.71,162.82,156.19,157.81,6717674.0
2024-08-02,153.09,154.5,149.78,152.8,7049198.0
2024-08-05,143.6,150.7,142.01,147.09,8960350.0
2024-08-06,150.06,152.67,147.43,150.97,6441604.0
2024-08-07,155.34,157.39,152.09,152.1,7132492.0
2024-08-08,155.5,158.91,153.18,158.69,4438612.0
2024-08-09,159.08,166.57,158.75,165.74,5640230.0
2024-08-12,165.34,166.22,162.57,165.55,4079126.0
2024-08-13,165.68,168.04,165.26,166.62,6996168.0
2024-08-14,168.0,172.16,167.75,169.96,5346652.0
2024-08-15,170.63,172.89,170.04,171.63,6358698.0
2024-08-16,169.57,170.06,166.36,167.06,9066732.0
2024-08-19,168.0,172.24,167.56,171.68,16124696.0
2024-08-20,174.5,187.69,174.0,184.0,25706058.0
2024-08-21,182.16,184.29,179.26,179.88,10018578.0
2024-08-22,179.68,179.68,174.41,174.74,6149278.0
2024-08-23,175.75,177.57,173.12,175.38,7013312.0
2024-08-26,174.79,177.32,172.74,173.56,6962720.0
2024-08-27,172.13,175.67,171.68,175.09,3472968.0
2024-08-28,174.95,176.39,173.04,175.22,3306520.0
2024-08-29,176.1,183.03,176.1,179.1,5457076.0
2024-08-30,179.21,181.48,177.28,181.36,5977152.0
2024-09-03,179.53,182.75,176.47,177.53,5231606.0
2024-09-04,171.65,174.02,169.04,173.07,6138482.0
2024-09-05,171.68,172.93,169.53,171.87,3378908.0
2024-09-06,172.5,173.51,166.92,167.91,4735178.0
2024-09-09,169.46,172.47,168.82,172.03,4788556.0
2024-09-10,173.5,174.06,170.03,173.79,4959766.0
2024-09-11,172.9,173.24,166.35,170.88,6913970.0
2024-09-12,172.0,173.2,170.65,172.58,3517984.0
2024-09-13,172.58,176.3,172.24,173.45,3052618.0
2024-09-16,173.5,174.63,171.46,173.06,3393158.0
2024-09-17,173.6,173.97,168.13,168.97,4998714.0
2024-09-18,168.47,168.88,164.36,164.88,5707366.0
2024-09-19,168.95,169.59,166.2,166.8,4807658.0
2024-09-20,166.5,170.53,166.16,170.06,7552534.0
2024-09-23,169.82,172.68,168.59,172.09,4410480.0
2024-09-24,172.7,172.94,169.25,171.76,4520998.0
2024-09-25,171.72,172.5,169.18,170.25,3576524.0
2024-09-26,171.75,172.13,167.65,169.37,5054372.0
2024-09-27,169.41,169.98,167.25,167.88,3519162.0
2024-09-30,167.28,171.72,167.28,170.9,5140798.0
2024-10-01,171.05,171.05,164.13,164.65,5405958.0
2024-10-02,165.28,168.81,164.28,166.06,4105222.0
2024-10-03,164.98,168.34,164.46,167.97,4020694.0
2024-10-04,171.0,171.48,167.79,171.18,4074118.0
2024-10-07,170.31,172.78,168.41,168.97,4799128.0
2024-10-08,172.63,178.5,172.5,177.56,6637000.0
2024-10-09,177.56,181.78,177.5,181.44,4918456.0
2024-10-10,180.0,184.9,180.0,184.7,4452386.0
2024-10-11,184.59,189.16,184.47,186.6,4596038.0
2024-10-14,188.5,188.56,184.9,186.96,2989762.0
2024-10-15,186.81,188.16,185.0,187.22,7457928.0
2024-10-16,187.22,187.27,183.7,186.62,6166874.0
2024-10-17,185.73,189.87,185.16,188.07,3095228.0
2024-10-18,186.6,188.0,186.32,187.41,2899926.0
2024-10-21,187.49,192.0,186.51,189.21,4362502.0
2024-10-22,187.36,189.63,185.66,188.05,3167442.0
2024-10-23,186.78,187.07,178.79,179.09,5402252.0
2024-10-24,180.22,183.25,180.07,182.29,2969736.0
2024-10-25,184.43,186.2,182.87,183.22,2694346.0
2024-10-28,184.0,184.46,180.72,181.18,3127344.0
2024-10-29,180.88,183.74,178.9,182.69,4410280.0
2024-10-30,182.17,183.94,179.34,179.75,2940410.0
2024-10-31,182.34,184.69,179.1,180.16,4063962.0
2024-11-01,179.52,182.88,178.55,181.32,5852550.0
2024-11-04,180.32,181.94,178.0,180.56,3064824.0
2024-11-05,181.93,184.25,181.1,183.15,2707480.0
2024-11-06,189.0,193.1,188.0,192.59,5031460.0
2024-11-07,188.16,193.6,188.11,193.5,4210648.0
2024-11-08,194.5,196.6,192.13,195.7,4116550.0
2024-11-11,198.0,200.34,196.85,199.05,3760964.0
2024-11-12,197.88,199.66,196.99,199.01,3702848.0
2024-11-13,199.64,204.26,198.66,201.18,3929470.0
2024-11-14,201.0,201.58,197.01,197.19,4857792.0
2024-11-15,193.51,196.25,192.78,193.5,4408174.0
2024-11-18,195.5,196.69,192.87,193.41,4466816.0
2024-11-19,192.6,194.51,191.51,194.03,4742990.0
2024-11-20,194.96,197.46,191.97,196.44,11057172.0
2024-11-21,193.0,202.0,190.28,198.85,14867538.0
2024-11-22,197.04,197.04,187.6,191.68,12644820.0
2024-11-25,193.98,198.08,191.59,193.19,8691724.0
2024-11-26,194.72,198.61,194.31,198.2,5721148.0
2024-11-27,196.85,196.97,191.38,192.19,9251750.0
2024-11-29,193.13,194.61,191.73,193.91,2086668.0
2024-12-02,195.12,196.16,193.26,195.09,4649118.0
2024-12-03,194.03,197.88,193.43,196.29,5162492.0
2024-12-04,198.23,203.39,196.3,202.29,5430580.0
2024-12-05,201.8,203.75,200.78,201.51,3390050.0
2024-12-06,203.03,204.58,201.31,202.95,3959118.0
2024-12-09,203.21,205.12,194.06,194.47,5073360.0
2024-12-10,196.09,198.22,193.87,194.88,3492216.0
2024-12-11,195.31,199.43,195.31,199.21,3376330.0
2024-12-12,198.45,201.7,197.76,200.1,3286016.0
2024-12-13,200.25,201.25,196.18,196.56,3848816.0
2024-12-16,198.19,203.0,195.5,202.5,6086976.0
2024-12-17,202.33,207.24,199.0,201.24,5429873.0
2024-12-18,201.87,202.0,186.54,188.76,6397545.0
2024-12-19,194.13,195.3,188.5,189.36,5488804.0
2024-12-20,186.25,192.86,185.01,186.78,13346442.0
2024-12-23,187.3,189.51,186.5,188.22,3897545.0
2024-12-24,188.84,189.51,186.65,189.51,1470980.0
2024-12-26,188.51,189.48,187.63,188.5,2114145.0
2024-12-27,186.37,187.01,183.2,186.18,2911301.0
2024-12-30,184.0,185.61,181.9,184.2,2737916.0
2024-12-31,185.38,185.81,181.26,181.96,3270113.0
2025-01-02,184.1,184.63,178.82,180.74,4540191.0
2025-01-03,181.45,184.8,180.41,183.25,4277552.0
2025-01-06,182.35,182.79,176.65,179.5,7109536.0
2025-01-07,177.06,178.17,173.18,175.51,6492396.0
2025-01-08,169.85,173.11,167.26,172.83,11015177.0
2025-01-10,171.8,175.24,171.19,173.42,5727177.0
2025-01-13,170.57,170.57,166.21,167.82,7402337.0
2025-01-14,168.62,170.66,166.4,170.58,4914933.0
2025-01-15,173.45,175.95,172.79,174.19,7705752.0
2025-01-16,176.0,178.95,173.58,177.17,6635602.0
2025-01-17,181.2,181.35,177.0,177.11,5500372.0
2025-01-21,181.09,186.15,180.53,183.51,6421669.0
2025-01-22,185.28,188.97,182.57,187.7,5517923.0
2025-01-23,187.84,187.84,185.04,187.32,5490939.0
2025-01-24,187.83,190.93,186.87,187.7,3093869.0
2025-01-27,185.09,192.43,183.56,189.3,6113141.0
2025-01-28,188.66,197.74,186.57,192.94,8753534.0
2025-01-29,192.94,193.01,185.06,185.42,6847772.0
2025-01-30,186.0,189.14,185.65,187.42,4451150.0
2025-01-31,188.83,189.16,184.37,184.42,4833496.0
2025-02-03,181.48,184.24,180.12,182.79,6448305.0
2025-02-04,181.38,184.9,180.93,183.4,5554023.0
2025-02-05,183.94,187.11,183.05,186.85,3823501.0
2025-02-06,187.61,188.97,186.38,187.37,3634148.0
2025-02-07,191.0,197.66,191.0,193.94,6345780.0
2025-02-10,196.32,198.74,195.5,196.4,5113176.0
2025-02-11,198.0,199.18,194.4,195.49,5664775.0
2025-02-12,194.0,197.33,191.82,196.73,4172488.0
2025-02-13,199.16,202.41,195.35,201.88,13222950.0
2025-02-14,191.8,201.33,188.75,200.03,13989015.0
2025-02-18,198.0,208.35,197.7,208.28,9069304.0
2025-02-19,207.54,208.39,202.77,205.19,5626807.0
2025-02-20,203.52,203.97,194.83,198.81,5878685.0
2025-02-21,198.59,199.26,190.26,191.03,5457072.0
2025-02-24,191.65,193.0,188.0,190.39,4142275.0
2025-02-25,189.29,189.74,184.65,188.01,5474849.0
2025-02-26,189.37,192.31,188.45,189.55,2645955.0
2025-02-27,191.8,193.4,186.7,187.5,4714068.0
2025-02-28,187.11,191.01,187.11,190.43,5190538.0
2025-03-03,191.5,193.66,182.26,183.68,5120787.0
2025-03-04,182.29,186.59,178.9,184.38,5197425.0
2025-03-05,183.04,185.27,180.12,184.28,4539249.0
2025-03-06,180.31,184.13,178.54,179.33,4292597.0
2025-03-07,178.3,182.0,173.89,180.93,4808545.0
2025-03-10,177.28,177.74,172.62,173.83,6307400.0
2025-03-11,173.79,182.39,172.75,178.93,5523678.0
2025-03-12,183.64,184.16,178.0,179.48,4472826.0
2025-03-13,178.15,178.77,174.31,176.32,3823706.0
2025-03-14,178.64,183.05,178.49,182.34,3563630.0
2025-03-17,183.69,186.16,182.01,185.0,3231076.0
2025-03-18,182.84,184.35,180.94,183.1,2791036.0
2025-03-19,183.68,189.67,182.6,187.54,3476804.0
2025-03-20,185.5,188.85,183.82,184.01,4394960.0
2025-03-21,181.5,183.6,179.72,182.32,8565886.0
2025-03-24,185.8,186.49,183.86,184.79,3758128.0
2025-03-25,184.79,190.1,184.51,189.95,5343396.0
2025-03-26,189.67,191.0,184.73,184.96,3412915.0
2025-03-27,182.7,183.09,173.56,174.44,7156303.0
2025-03-28,173.91,174.88,170.77,172.76,6249862.0
2025-03-31,169.12,171.01,165.88,170.64,5888637.0
2025-04-01,168.52,171.89,166.83,171.31,4037250.0
2025-04-02,168.27,174.74,168.27,173.18,3371834.0
2025-04-03,165.43,168.69,163.19,165.17,7365360.0
2025-04-04,158.96,160.84,153.39,153.57,9000534.0
2025-04-07,147.1,159.59,144.15,152.44,9837943.0
2025-04-08,158.0,161.5,150.12,152.53,13716497.0
2025-04-09,151.63,174.11,151.63,173.02,10513474.0
2025-04-10,170.0,170.66,162.24,168.27,6465581.0
2025-04-11,165.74,168.84,161.45,168.34,6302298.0
2025-04-14,171.66,173.53,168.68,169.98,5103311.0
2025-04-15,169.61,174.94,169.61,173.55,4147466.0
2025-04-16,171.5,173.85,167.92,169.76,5405198.0
2025-04-17,171.14,171.37,167.13,167.69,4784631.0
2025-04-21,165.09,165.95,157.6,160.05,4555124.0
2025-04-22,162.46,165.36,160.27,163.63,4005327.0
2025-04-23,168.74,172.52,167.33,168.32,4924435.0
2025-04-24,169.35,176.45,169.07,176.04,4023389.0
2025-04-25,175.9,179.5,175.33,178.98,3536822.0
2025-04-28,178.83,182.2,178.09,181.54,3551869.0
2025-04-29,182.96,187.31,182.1,186.65,5112323.0
2025-04-30,184.98,187.63,182.37,186.93,6163155.0
2025-05-01,188.91,189.16,186.03,186.27,4627143.0
2025-05-02,190.0,191.7,187.27,187.7,3842206.0
2025-05-05,186.07,190.98,185.47,188.13,3804317.0
2025-05-06,186.8,190.27,186.02,188.69,3031903.0
2025-05-07,188.8,189.31,186.35,188.14,3713849.0
2025-05-08,187.69,188.98,184.35,188.53,3677239.0
2025-05-09,188.5,189.79,184.64,186.93,3211041.0
2025-05-12,191.22,193.66,189.51,193.5,4580843.0
2025-05-13,192.58,195.42,191.88,192.0,5556527.0
2025-05-14,192.0,192.2,189.43,190.9,5445821.0
2025-05-15,190.04,194.19,189.59,192.9,5460097.0
2025-05-16,191.79,193.79,190.91,192.98,4210924.0
2025-05-19,190.94,194.4,190.17,194.3,4419514.0
2025-05-20,194.16,194.93,192.66,194.48,9533438.0
2025-05-21,184.76,185.3,178.64,181.26,19049689.0
2025-05-22,183.13,187.65,182.46,186.14,7613395.0
2025-05-23,183.98,187.65,183.22,186.75,4902866.0
2025-05-27,188.99,189.1,186.53,187.46,5331677.0
2025-05-28,187.57,189.84,187.47,187.8,3869008.0
2025-05-29,188.88,189.15,182.89,185.82,4499556.0
2025-05-30,187.02,192.73,186.73,192.42,11419740.0
2025-06-02,191.7,195.29,191.48,194.86,4411538.0
2025-06-03,195.01,198.45,194.88,197.12,4820893.0
2025-06-04,195.0,197.25,193.47,194.07,3360595.0
2025-06-05,194.11,199.5,194.11,197.11,3549790.0
2025-06-06,199.0,200.88,198.2,199.6,3306209.0
2025-06-09,199.14,199.2,196.19,196.33,2566463.0
2025-06-10,195.61,197.04,193.6,195.95,2971944.0
2025-06-11,195.71,197.44,194.06,194.39,3462978.0
2025-06-12,194.58,199.4,194.31,197.67,4159496.0
2025-06-13,196.21,199.95,195.07,196.27,3818451.0
2025-06-16,196.88,199.74,196.85,198.11,4137994.0
2025-06-17,197.99,202.75,197.5,202.05,4132887.0
2025-06-18,202.69,202.88,198.88,199.78,3324502.0
2025-06-20,201.05,201.05,197.71,199.24,8289229.0
2025-06-23,199.52,203.87,196.0,203.32,4478798.0
2025-06-24,204.0,204.8,201.42,201.69,4951793.0
2025-06-25,202.81,204.81,202.48,204.3,3242332.0
2025-06-26,204.59,206.74,201.54,202.34,5264863.0
2025-06-27,202.66,203.26,198.75,200.57,5346395.0
2025-06-30,201.24,204.91,201.02,204.64,4350789.0
2025-07-01,204.18,204.35,195.08,197.58,6840597.0
2025-07-02,196.44,197.92,194.91,196.97,3367163.0
2025-07-03,197.73,202.98,197.73,201.82,2561725.0
2025-07-07,200.89,202.19,199.67,201.42,3483128.0
2025-07-08,202.32,204.51,200.69,203.99,3411426.0
2025-07-09,204.51,206.18,202.43,206.06,3089967.0
2025-07-10,205.0,205.0,191.17,192.07,9248970.0
2025-07-11,193.0,193.0,186.7,187.39,7412270.0
2025-07-14,186.63,191.44,186.0,190.72,5050218.0
2025-07-15,191.04,193.52,190.2,192.25,3963239.0
2025-07-16,192.95,193.88,190.7,192.59,3119577.0
2025-07-17,192.97,197.6,192.97,196.28,4300392.0
2025-07-18,197.73,197.73,194.78,195.78,2978902.0
2025-07-21,196.0,203.2,194.6,199.88,7642519.0
2025-07-22,199.41,201.43,196.31,196.73,3658253.0
2025-07-23,197.45,199.9,194.77,199.22,3050496.0
2025-07-24,199.0,201.45,198.43,201.16,2887811.0
2025-07-25,201.33,205.27,200.65,203.27,3459191.0
2025-07-28,203.77,204.95,202.51,204.5,2134717.0
2025-07-29,206.0,210.39,193.1,193.84,13615217.0
2025-07-30,180.38,186.12,176.56,183.03,42277248.0
2025-07-31,182.5,183.94,172.93,173.6,29824681.0
2025-08-01,173.2,176.03,168.36,172.88,16242929.0
2025-08-04,174.52,174.52,170.05,171.0,11191556.0
2025-08-05,171.68,171.68,168.18,169.09,8645701.0
2025-08-06,169.63,173.62,168.4,172.89,9890871.0
2025-08-07,173.23,173.5,165.21,168.1,14553490.0
2025-08-08,169.25,170.46,166.56,167.06,9842196.0
2025-08-11,167.11,170.9,166.21,168.17,10219730.0
2025-08-12,171.47,175.58,170.25,175.4,11539922.0
2025-08-13,180.16,180.39,175.78,176.86,11947487.0
2025-08-14,177.12,177.85,173.46,173.55,8784615.0
2025-08-15,174.31,177.36,173.5,177.09,9548581.0
2025-08-18,178.26,178.26,174.69,176.17,17895451.0
2025-08-19,187.81,189.0,180.71,181.56,27834466.0
2025-08-20,181.87,187.65,181.47,184.43,13637507.0
2025-08-21,184.13,184.35,180.02,183.32,8181331.0
2025-08-22,183.6,187.11,182.93,185.88,6861721.0
2025-08-25,185.0,186.07,181.91,184.55,5801233.0
2025-08-26,184.53,186.66,183.99,184.23,8319130.0
2025-08-27,185.05,188.21,184.69,187.61,5990604.0
2025-08-28,187.22,191.57,187.2,191.02,6031842.0
2025-08-29,191.37,192.79,190.03,190.52,5195150.0
2025-09-02,187.51,191.59,186.35,190.52,7066889.0
2025-09-03,189.25,192.35,188.05,191.53,5482571.0
2025-09-04,191.51,194.48,188.75,192.35,5996127.0
2025-09-05,193.6,196.34,191.85,194.46,5670399.0
2025-09-08,195.01,197.9,194.79,197.38,5503798.0
2025-09-09,197.68,198.13,195.77,197.55,4073968.0
2025-09-10,198.01,202.72,195.7,197.33,6342409.0
2025-09-11,197.86,200.8,197.72,198.33,4327456.0
2025-09-12,197.78,199.95,196.15,196.29,4431574.0
2025-09-15,197.93,202.11,197.37,201.28,6076902.0
2025-09-16,201.5,202.12,198.76,201.34,5365532.0
2025-09-17,203.24,204.51,200.32,203.12,4916139.0
2025-09-18,204.6,207.03,204.26,205.68,5446388.0
2025-09-19,206.34,209.02,205.52,208.19,8925326.0
2025-09-22,207.0,209.51,205.67,208.18,5468050.0
2025-09-23,206.75,208.49,202.25,203.25,7125741.0
2025-09-24,202.51,205.0,200.22,200.7,5159961.0
2025-09-25,200.03,203.84,197.69,202.21,7326395.0
2025-09-26,201.78,203.55,200.62,202.37,5244253.0
2025-09-29,203.0,204.74,202.6,203.96,5333718.0
2025-09-30,203.46,206.07,201.92,203.62,4396128.0
2025-10-01,202.16,207.19,200.88,206.8,5623781.0
2025-10-02,208.49,209.9,205.44,209.3,4951605.0
2025-10-03,210.12,212.1,206.9,207.19,4963007.0
2025-10-06,209.24,213.85,209.13,212.58,7286921.0
2025-10-07,213.23,214.02,208.32,211.04,4982825.0
2025-10-08,212.4,217.94,212.26,217.79,5122939.0
2025-10-09,217.37,217.75,214.19,215.17,4548755.0
2025-10-10,216.0,217.29,208.31,208.55,5425045.0
2025-10-13,213.17,214.72,211.69,213.28,4449204.0
2025-10-14,210.4,210.8,206.7,207.56,4381695.0
2025-10-15,207.58,210.6,203.38,206.7,4992297.0
2025-10-16,208.0,210.44,204.63,205.51,3675599.0
2025-10-17,203.76,208.98,203.62,207.89,4626840.0
2025-10-20,210.0,212.6,209.53,211.82,4086411.0
2025-10-21,212.04,215.09,211.19,214.4,3835806.0
2025-10-22,213.95,215.17,210.99,212.42,4591459.0
2025-10-23,212.05,216.51,211.62,215.02,4001693.0
2025-10-24,217.0,218.23,215.87,217.11,3437151.0
2025-10-27,220.01,221.09,218.0,220.29,5439642.0
2025-10-28,221.18,223.61,219.68,221.38,4608883.0
2025-10-29,219.9,219.9,216.0,217.16,4607680.0
2025-10-30,217.4,221.27,216.61,218.27,3759931.0
2025-10-31,219.94,221.17,217.75,220.24,3958720.0
2025-11-03,219.9,220.47,215.33,219.23,5011550.0
2025-11-04,215.72,218.0,212.35,214.52,6361809.0
2025-11-05,214.75,215.6,212.42,213.18,4309348.0
2025-11-06,209.87,213.41,207.35,211.37,5444794.0
2025-11-07,208.23,212.63,207.83,212.29,5046792.0
2025-11-10,213.93,216.82,212.72,216.54,4917095.0
2025-11-11,217.0,218.75,215.79,218.27,3581103.0
2025-11-12,218.14,220.03,209.72,210.04,4535075.0
2025-11-13,209.8,211.99,203.18,204.77,5361219.0
2025-11-14,201.99,206.93,198.4,205.25,5371730.0
2025-11-17,204.75,207.18,202.16,202.9,4860717.0
2025-11-18,201.95,203.99,199.81,201.0,5373225.0
2025-11-19,200.22,202.6,199.24,199.9,7529051.0
2025-11-20,198.18,199.69,183.2,185.07,16078962.0
2025-11-21,185.0,186.75,180.05,182.9,8201446.0
2025-11-24,185.3,186.58,181.92,183.89,16207034.0
2025-11-25,183.62,186.69,181.16,186.27,6035647.0
2025-11-26,187.57,187.57,183.83,185.35,5915205.0
2025-11-28,187.23,190.92,186.95,190.13,4808313.0
2025-12-01,189.54,189.87,185.62,187.73,6692006.0
2025-12-02,189.49,192.07,188.15,189.88,5874307.0
2025-12-03,190.08,194.0,186.77,193.63,5489767.0
2025-12-04,194.06,196.0,192.43,195.68,4164795.0
2025-12-05,195.1,199.74,195.0,198.84,4611842.0
2025-12-08,199.53,199.9,193.68,195.35,4425273.0
2025-12-09,194.66,196.66,194.2,195.0,3193486.0
2025-12-10,194.46,195.0,192.11,192.96,4715844.0
2025-12-11,191.29,192.84,188.5,190.36,5776098.0
2025-12-12,191.05,193.66,188.55,191.69,5352724.0
2025-12-15,190.41,191.34,185.71,185.88,6660313.0
2025-12-16,185.1,188.33,184.63,187.09,5757246.0
2025-12-17,187.31,188.33,183.28,183.44,5758294.0
2025-12-18,185.41,186.92,183.19,185.88,7224299.0
2025-12-19,187.83,188.27,186.14,186.88,19050253.0
2025-12-22,187.95,190.52,186.65,189.49,4982468.0
2025-12-23,189.21,189.72,187.29,188.12,3371298.0
2025-12-24,187.43,187.84,184.79,187.22,1829308.0
2025-12-26,187.36,188.58,186.51,188.45,2527618.0
2025-12-29,187.97,189.03,186.21,186.85,2659990.0
2025-12-30,186.35,187.75,185.9,186.85,2847620.0
2025-12-31,186.7,186.86,184.1,184.2,3253149.0
2026-01-02,184.81,184.81,177.23,179.37,6909587.0
2026-01-05,183.0,185.84,181.01,182.12,6582930.0
2026-01-06,181.83,186.05,181.45,185.86,5959267.0
2026-01-07,188.09,196.19,187.77,193.9,7613585.0
2026-01-08,193.62,193.89,189.05,190.8,6451293.0
2026-01-09,191.25,192.42,187.32,189.02,5306460.0
2026-01-12,188.34,189.75,187.29,188.88,4281434.0
2026-01-13,188.1,193.2,187.99,190.85,5419617.0
2026-01-14,190.46,192.59,187.95,190.93,5658085.0
2026-01-15,190.7,194.07,186.55,187.73,6530304.0
2026-01-16,187.26,189.5,184.68,187.66,7053068.0
2026-01-20,184.27,188.52,182.27,184.06,7287948.0
2026-01-21,184.25,185.08,178.78,181.47,6300966.0
2026-01-22,182.48,183.1,180.78,182.27,7018027.0
2026-01-23,182.47,184.72,179.7,180.18,5790965.0
2026-01-26,181.07,185.62,180.68,184.22,5356744.0
2026-01-27,187.38,189.39,182.53,183.5,5539985.0
2026-01-28,184.09,186.68,183.35,183.74,4159810.0
2026-01-29,181.03,182.21,171.25,176.2,12925323.0
2026-01-30,174.72,178.1,172.99,176.97,7628145.0
2026-02-02,176.88,177.73,173.8,175.42,4978106.0
2026-02-03,174.65,174.65,163.33,166.24,9945882.0
2026-02-04,165.48,167.56,159.44,166.72,10470840.0
2026-02-05,164.26,166.19,154.05,154.77,12780496.0
2026-02-06,157.14,159.54,151.71,159.32,9902493.0
2026-02-09,159.79,166.75,156.37,166.0,20917735.0
2026-02-10,166.48,168.28,164.3,165.51,30141622.0
2026-02-11,167.36,168.28,163.49,165.3,43667315.0
2026-02-12,166.32,167.95,157.81,162.81,19646464.0
2026-02-13,165.03,170.49,163.1,166.95,12576988.0
2026-02-17,165.68,166.01,160.08,163.5,16586505.0
2026-02-18,149.32,155.28,147.15,152.35,26756814.0
2026-02-19,152.55,152.68,148.15,150.99,13545796.0
2026-02-20,150.34,158.17,148.4,148.7,25857844.0
2026-02-23,147.72,148.63,143.3,144.14,20861538.0
2026-02-24,142.93,147.52,139.57,141.67,23692183.0
2026-02-25,142.73,145.36,140.3,144.84,11157854.0
2026-02-26,146.69,151.29,144.81,149.4,12124941.0
2026-02-27,147.4,148.99,143.67,148.92,9430627.0
2026-03-02,148.18,151.86,146.01,150.15,8281324.0
2026-03-03,148.91,156.83,147.86,156.09,10319535.0
2026-03-04,156.55,160.29,154.75,158.56,9541859.0
2026-03-05,158.5,164.7,158.48,163.16,9220461.0
2026-03-06,162.32,165.36,161.31,165.05,7202500.0
2026-03-09,164.08,167.76,163.49,165.1,9194273.0
2026-03-10,165.8,167.0,160.83,165.58,6846981.0
2026-03-11,166.22,169.08,163.38,164.93,5487235.0
2026-03-12,166.28,168.74,165.43,168.12,7961542.0
2026-03-13,168.9,171.17,165.8,167.01,6258637.0
2026-03-16,168.39,168.39,166.15,167.45,5985123.0
2026-03-17,167.9,172.02,167.55,169.19,5520394.0
2026-03-18,167.99,171.8,167.5,168.91,5789554.0
2026-03-19,168.92,171.7,168.0,169.74,6558167.0
2026-03-20,168.91,169.19,161.89,162.95,16455409.0
2026-03-23,163.95,166.35,162.46,164.05,7218791.0
2026-03-24,162.09,162.8,156.14,157.21,7143081.0
2026-03-25,159.7,160.31,152.79,153.22,6349987.0
2026-03-26,152.46,159.39,152.2,156.36,6081967.0
2026-03-27,147.55,149.37,143.5,147.02,11431350.0
2026-03-30,152.13,159.16,151.46,154.35,12198800.0
2026-03-31,155.03,161.12,155.03,160.32,7751550.0
2026-04-01,161.32,161.79,157.3,160.67,7643219.0
2026-04-02,158.98,163.31,157.51,163.21,4354267.0
2026-04-06,163.48,164.08,159.66,161.95,4814834.0
2026-04-07,161.58,170.98,160.25,169.87,8671274.0
2026-04-08,173.88,179.27,171.63,173.78,12257373.0
2026-04-09,174.14,174.98,164.3,166.99,10583735.0
2026-04-10,166.94,167.6,151.28,155.73,15592662.0
2026-04-13,155.75,162.8,154.84,162.51,8545573.0
2026-04-14,163.27,165.64,158.83,161.59,7415632.0
2026-04-15,164.49,165.23,161.69,164.11,7416216.0
2026-04-16,168.46,170.25,165.0,166.97,7222371.0
2026-04-17,170.48,170.62,166.7,167.85,7037338.0
2026-04-20,166.77,170.54,165.2,169.56,4859707.0
2026-04-21,170.49,177.63,169.59,174.96,5856290.0
2026-04-22,175.15,181.52,175.15,181.2,5903222.0
2026-04-23,173.37,175.49,169.6,173.21,6965193.0
2026-04-24,174.0,179.1,173.22,178.54,5887572.0
2026-04-27,176.83,184.02,176.5,182.9,7893753.0
2026-04-28,184.23,186.0,180.74,180.99,6451941.0
2026-04-29,180.05,182.25,177.8,181.54,4157408.0
2026-04-30,179.88,180.85,173.11,179.32,5771507.0
2026-05-01,182.0,183.04,177.41,181.08,4972074.0
2026-05-04,181.51,187.27,180.95,184.56,4891118.0
2026-05-05,186.0,186.24,180.52,183.98,5150740.0
2026-05-06,180.44,184.98,179.19,183.68,5595572.0
2026-05-07,190.89,199.09,190.77,196.53,10556602.0
2026-05-08,195.01,208.09,193.43,207.88,11641798.0
2026-05-11,207.79,214.3,205.65,213.66,9404301.0
2026-05-12,214.21,216.16,210.77,215.6,8295243.0
2026-05-13,212.75,228.85,210.77,227.79,9337732.0
2026-05-14,227.14,239.15,225.38,238.21,10346650.0
2026-05-15,236.75,245.8,230.26,242.83,11551015.0
2026-05-18,238.33,248.85,235.81,247.55,8734865.0
2026-05-19,246.96,248.6,239.69,240.13,11030247.0
2026-05-20,235.47,250.0,235.26,246.66,8698919.0
2026-05-21,241.34,253.1,241.0,252.92,6323606.0
2026-05-22,251.81,261.41,249.5,260.58,6629104.0
2026-05-26,258.34,259.84,250.77,256.75,7172823.0
2026-05-27,244.91,251.64,243.04,248.47,8320886.0
2026-05-28,249.13,259.0,248.41,257.77,5668909.0
2026-05-29,256.75,283.71,256.01,281.69,14998907.0
2026-06-01,286.0,302.95,283.8,300.48,13714483.0
2026-06-02,287.55,299.33,287.27,297.18,20783728.0
2026-06-03,285.0,288.0,275.85,280.43,14716915.0
2026-06-04,269.86,280.72,269.0,279.25,9832316.0
2026-06-05,279.47,280.64,269.4,272.05,7795476.0
2026-06-08,269.62,273.05,264.42,266.33,7009759.0
2026-06-09,265.15,266.44,251.15,260.52,7662884.0
2026-06-10,258.81,266.72,254.43,263.22,6495469.0
2026-06-11,260.72,279.95,258.1,279.53,9672353.0
2026-06-12,276.55,281.98,271.49,279.62,6774241.0
2026-06-15,280.8,285.12,274.33,284.54,7394061.0
2026-06-16,283.64,283.64,275.06,279.9,5017093.0
2026-06-17,279.46,284.32,276.7,282.13,5713782.0
2026-06-18,285.58,288.88,276.46,287.78,12194739.0
2026-06-22,287.94,295.75,284.26,286.4,5855397.0
2026-06-23,285.67,292.14,282.52,290.92,5430451.0
2026-06-24,289.42,291.0,284.28,285.26,4895677.0
2026-06-25,289.01,295.54,285.27,293.09,8963636.0
2026-06-26,295.0,306.24,290.0,304.2,8269777.0
2026-06-29,310.0,332.88,305.33,332.0,10334725.0
2026-06-30,327.55,342.48,327.35,341.02,9634233.0
2026-07-01,345.55,358.1,341.0,352.04,7265469.0
2026-07-02,351.5,357.38,346.9,348.06,7699628.0
2026-07-06,338.68,368.17,337.69,357.53,8752651.0
2026-07-07,359.87,363.01,336.0,337.04,8775683.0
2026-07-08,335.82,336.8,314.95,320.59,9443667.0
2026-07-09,319.64,338.37,318.34,338.31,8537359.0
2026-07-10,339.2,340.13,323.85,325.91,4679165.0
2026-07-13,324.5,331.08,316.25,330.3,5374836.0
2026-07-14,330.8,353.68,330.29,352.89,6013223.0
2026-07-15,358.42,362.71,353.11,354.02,6703793.0
2026-07-16,358.26,360.44,347.04,353.99,5883952.0
2026-07-17,347.0,368.8,345.04,358.68,7802725.0
2026-07-20,354.86,366.3,348.36,348.66,5567174.0
2026-07-21,349.82,352.0,334.03,342.15,6738061.0
2026-07-22,343.0,344.19,328.64,335.28,6338052.0
2026-07-23,335.71,336.57,321.87,325.63,5938234.0
2026-07-24,328.09,330.0,321.69,323.79,5134255.0
2026-07-27,331.51,331.81,316.7,317.32,5224825.0
2026-07-28,317.51,323.39,308.54,319.0,6511297.0
2026-07-29,319.38,322.11,310.46,314.15,6343662.0
2026-07-30,315.51,326.3,313.05,325.68,6861986.0
2026-07-31,332.85,333.98,319.48,331.83,5027744.0
2026-08-03,336.52,347.7,330.0,347.13,7306691.0
2026-08-04,351.6,367.5,349.07,366.34,8186943.0
2026-08-05,373.38,376.98,362.22,362.66,5607463.0
2026-08-06,351.21,361.47,349.0,359.49,5684184.0
2026-08-07,365.5,370.5,359.15,363.86,4811281.0
2026-08-10,364.56,385.17,362.95,385.04,5828043.0
2026-08-11,384.75,387.2,375.93,383.8,6039681.0
2026-08-12,380.9,389.25,376.22,387.01,5492061.0
2026-08-13,393.55,398.88,387.35,396.0,4593415.0
2026-08-14,396.76,397.31,380.85,384.27,4353468.0
2026-08-17,384.68,386.0,372.3,375.76,5088770.0
2026-08-18,370.01,378.04,368.0,374.14,4946045.0
2026-08-19,374.54,376.43,351.46,359.76,5286090.0
2026-08-20,354.12,360.7,347.68,349.56,4736223.0
2026-08-21,351.0,360.49,343.01,357.87,5137358.0
2026-08-24,356.06,357.87,347.05,350.9,5465846.0
2026-08-25,353.99,353.99,335.51,339.9,4732159.0
2026-08-26,330.41,342.25,328.0,339.31,4588323.0
2026-08-27,358.61,387.33,356.66,382.85,7308818.0
2026-08-28,376.2,378.52,355.5,371.59,5845766.0
2026-08-31,371.14,383.73,370.0,382.13,8803059.0
2026-09-01,374.63,375.92,357.26,362.09,9282651.0
2026-09-02,346.44,350.67,321.39,328.48,13214770.0
2026-09-03,333.3,333.31,321.42,331.94,6912607.0
2026-09-04,330.07,339.1,328.0,333.26,5639384.0
2026-09-08,327.92,339.4,325.32,336.98,6128732.0
2026-09-09,339.0,339.83,332.53,335.1,4411636.0
2026-09-10,330.99,344.79,330.3,338.49,4671529.0
2026-09-11,338.54,340.68,327.12,330.6,4137046.0
