date,open,high,low,close,volume
2004-01-02,111.74,112.19,110.73,111.23,38072300.0
2004-01-05,111.69,112.52,111.59,112.44,27959800.0
2004-01-06,112.16,112.73,112.0,112.55,20472800.0
2004-01-07,112.39,113.06,111.89,112.93,30170400.0
2004-01-08,113.25,113.41,112.77,113.38,36438400.0
2004-01-09,112.83,113.5,112.27,112.39,54084300.0
2004-01-12,112.55,113.25,112.36,113.22,31564100.0
2004-01-13,113.09,113.23,111.76,112.56,54239700.0
2004-01-14,112.76,113.66,112.67,113.5,30112800.0
2004-01-15,113.57,114.06,112.58,113.78,38408700.0
2004-01-16,114.04,114.31,113.63,114.23,31922700.0
2004-01-20,114.53,114.65,113.82,114.2,29863000.0
2004-01-21,114.13,115.3,113.72,115.1,30725000.0
2004-01-22,115.14,115.38,114.58,114.8,29888500.0
2004-01-23,115.0,115.37,113.95,114.43,44245300.0
2004-01-26,114.39,115.93,114.38,115.87,30460600.0
2004-01-27,115.75,116.5,114.65,114.68,35322800.0
2004-01-28,114.98,115.28,112.94,113.37,52621300.0
2004-01-29,113.56,113.85,112.56,113.48,60117100.0
2004-01-30,113.52,113.72,113.09,113.48,30984400.0
2004-02-02,113.7,114.68,113.12,113.97,38832400.0
2004-02-03,113.74,114.14,113.44,113.78,25093500.0
2004-02-04,113.19,113.73,112.79,112.85,39332600.0
2004-02-05,113.17,113.54,112.78,113.18,37226800.0
2004-02-06,113.42,114.7,113.2,114.45,37216000.0
2004-02-09,114.67,114.87,114.29,114.48,24851300.0
2004-02-10,114.28,115.14,114.26,114.85,27908100.0
2004-02-11,114.85,116.39,114.17,116.07,42965700.0
2004-02-12,115.97,116.27,115.58,115.65,27814700.0
2004-02-13,115.82,116.2,114.75,115.13,44739900.0
2004-02-17,115.85,116.43,115.77,116.17,23984300.0
2004-02-18,116.2,116.6,115.35,115.66,28618000.0
2004-02-19,116.33,116.39,115.06,115.23,51146200.0
2004-02-20,115.48,115.56,114.32,114.88,46728800.0
2004-02-23,115.22,115.26,114.17,114.59,36357000.0
2004-02-24,114.27,114.99,113.03,114.39,43953000.0
2004-02-25,114.46,115.06,114.32,114.87,31213600.0
2004-02-26,114.61,115.29,114.34,114.94,29683000.0
2004-02-27,115.19,115.74,114.63,115.02,39312000.0
2004-03-01,115.43,116.34,115.25,116.16,33130800.0
2004-03-02,115.94,116.97,115.23,115.48,38556400.0
2004-03-03,115.25,115.87,114.92,115.69,31346200.0
2004-03-04,115.72,116.1,115.52,115.99,21060000.0
2004-03-05,115.42,116.95,115.28,116.38,55905600.0
2004-03-08,116.34,116.62,114.91,114.96,39281600.0
2004-03-09,115.1,115.21,114.24,114.5,39746100.0
2004-03-10,114.72,114.77,112.56,112.58,67671800.0
2004-03-11,112.4,113.27,111.1,111.12,89134800.0
2004-03-12,111.73,112.71,111.58,112.58,54012200.0
2004-03-15,112.27,112.35,110.9,111.2,57677200.0
2004-03-16,111.78,112.06,110.84,111.79,59832600.0
2004-03-17,112.18,113.26,112.1,113.04,41607300.0
2004-03-18,112.7,113.27,111.93,113.07,60014300.0
2004-03-19,112.41,112.57,111.04,111.06,48636200.0
2004-03-22,110.54,110.57,109.1,109.65,62752100.0
2004-03-23,110.25,110.4,109.36,109.46,54080200.0
2004-03-24,109.58,110.14,108.85,109.55,51584300.0
2004-03-25,110.08,111.3,109.79,111.0,49873600.0
2004-03-26,110.96,111.79,110.8,111.03,37409500.0
2004-03-29,111.63,112.74,111.58,112.59,44113600.0
2004-03-30,112.3,113.07,112.22,112.97,39059900.0
2004-03-31,112.99,113.4,112.38,113.1,48517600.0
2004-04-01,113.07,113.87,113.05,113.78,45103800.0
2004-04-02,114.81,114.84,113.9,114.64,50987700.0
2004-04-05,114.46,115.38,114.44,115.27,30251800.0
2004-04-06,114.83,115.18,114.62,114.9,28420900.0
2004-04-07,114.95,114.98,114.11,114.63,45890500.0
2004-04-08,115.41,115.41,113.74,114.37,46929700.0
2004-04-12,114.58,115.08,114.57,114.82,23085200.0
2004-04-13,115.26,115.3,113.02,113.21,56210300.0
2004-04-14,112.61,113.64,112.55,113.39,62322300.0
2004-04-15,113.45,113.78,112.36,112.96,61602500.0
2004-04-16,113.38,114.05,112.98,113.83,47059200.0
2004-04-19,113.55,113.99,113.27,113.83,28277600.0
2004-04-20,114.08,114.32,111.78,111.92,53299400.0
2004-04-21,112.2,112.95,111.87,112.67,50177300.0
2004-04-22,112.48,114.67,112.44,114.25,62071500.0
2004-04-23,114.42,114.57,113.79,114.36,29395700.0
2004-04-26,114.5,114.94,113.6,114.2,35515200.0
2004-04-27,114.23,115.12,113.96,114.3,43485500.0
2004-04-28,113.89,114.01,112.5,112.82,50165800.0
2004-04-29,112.72,113.32,111.16,111.83,69687600.0
2004-04-30,112.17,112.38,110.9,110.96,48681400.0
2004-05-03,111.37,112.29,111.35,112.15,33758000.0
2004-05-04,112.25,113.26,111.66,112.06,51185100.0
2004-05-05,112.41,112.96,112.16,112.78,34405000.0
2004-05-06,112.02,112.59,111.0,111.81,54997000.0
2004-05-07,111.22,112.23,109.96,109.96,60950000.0
2004-05-10,109.44,109.75,108.36,108.83,75279400.0
2004-05-11,109.46,110.05,109.33,109.75,48300600.0
2004-05-12,109.57,110.54,108.06,110.45,90830500.0
2004-05-13,109.76,110.81,109.63,109.99,57393700.0
2004-05-14,109.95,110.74,109.27,110.04,54123100.0
2004-05-17,108.89,109.5,108.41,109.1,55020400.0
2004-05-18,109.49,109.94,109.33,109.65,30193100.0
2004-05-19,110.5,111.18,109.15,109.27,54804100.0
2004-05-20,109.45,109.87,109.04,109.62,38082900.0
2004-05-21,109.97,110.55,109.47,109.81,47480400.0
2004-05-24,110.53,110.76,109.68,110.27,40961500.0
2004-05-25,109.9,111.98,109.6,111.85,48668000.0
2004-05-26,111.66,112.29,111.51,112.24,35977000.0
2004-05-27,112.54,113.03,112.06,112.87,45306900.0
2004-05-28,112.73,112.88,112.36,112.86,23367200.0
2004-06-01,112.46,112.86,111.87,112.71,41044700.0
2004-06-02,113.03,113.48,112.46,113.13,39774200.0
2004-06-03,112.81,113.19,112.07,112.09,38688300.0
2004-06-04,112.98,113.58,112.71,112.98,32739500.0
2004-06-07,113.43,114.81,113.42,114.7,31643800.0
2004-06-08,114.37,114.92,114.17,114.86,32846500.0
2004-06-09,114.51,114.7,113.72,113.79,36737600.0
2004-06-10,114.04,114.35,113.93,114.35,21711000.0
2004-06-14,113.82,113.85,112.87,113.22,34633000.0
2004-06-15,113.9,114.45,113.51,114.02,37445000.0
2004-06-16,114.0,114.2,113.7,114.0,26633400.0
2004-06-17,113.85,114.07,113.33,113.83,28402400.0
2004-06-18,113.27,114.22,113.18,113.63,31799800.0
2004-06-21,113.75,114.14,113.13,113.2,25284000.0
2004-06-22,113.13,113.88,112.67,113.77,37334000.0
2004-06-23,113.61,114.84,113.42,114.75,35580000.0
2004-06-24,114.56,114.93,114.26,114.39,35272100.0
2004-06-25,114.41,114.94,113.68,113.84,32837900.0
2004-06-28,114.52,114.61,113.41,113.45,40824500.0
2004-06-29,113.53,114.17,113.42,113.92,28418100.0
2004-06-30,114.07,114.79,113.65,114.53,52230600.0
2004-07-01,114.25,114.4,112.58,112.94,57734700.0
2004-07-02,113.16,113.29,112.6,112.88,34615100.0
2004-07-06,112.37,112.45,111.63,111.89,38698200.0
2004-07-07,111.81,112.57,111.75,112.22,29839800.0
2004-07-08,111.81,112.32,111.2,111.44,45291100.0
2004-07-09,111.72,111.94,111.38,111.73,27412900.0
2004-07-12,111.52,112.04,111.0,111.78,35691300.0
2004-07-13,111.92,112.02,111.6,111.86,26752000.0
2004-07-14,111.26,112.39,111.12,111.52,54089400.0
2004-07-15,111.74,111.91,110.7,110.8,38403500.0
2004-07-16,111.57,111.67,110.44,110.71,40871200.0
2004-07-19,110.75,110.96,109.99,110.24,39592800.0
2004-07-20,110.53,111.9,110.25,111.64,46679800.0
2004-07-21,111.82,112.06,109.45,109.58,56241100.0
2004-07-22,109.36,110.39,108.77,109.88,72477100.0
2004-07-23,109.62,109.71,108.69,108.96,49610500.0
2004-07-26,109.19,109.43,108.21,108.75,49679100.0
2004-07-27,109.05,110.11,108.97,109.77,51295100.0
2004-07-28,109.55,110.37,108.59,110.1,65862300.0
2004-07-29,110.54,110.87,110.0,110.57,52200500.0
2004-07-30,110.32,110.9,110.1,110.84,41581700.0
2004-08-02,110.19,111.36,110.05,111.07,38263100.0
2004-08-03,110.93,111.06,110.16,110.21,40948800.0
2004-08-04,109.89,110.75,109.64,110.2,40763200.0
2004-08-05,110.29,110.38,108.27,108.4,50772000.0
2004-08-06,107.63,107.96,106.62,106.85,74729000.0
2004-08-09,107.02,107.48,106.87,107.0,37476300.0
2004-08-10,107.31,108.41,107.26,108.38,55870600.0
2004-08-11,107.68,108.33,107.1,108.16,52933200.0
2004-08-12,107.68,107.95,106.63,106.98,50015900.0
2004-08-13,107.1,107.35,106.59,107.19,41634700.0
2004-08-16,107.14,108.64,107.1,108.3,45731900.0
2004-08-17,108.75,109.28,108.53,108.91,40701600.0
2004-08-18,108.52,110.17,108.49,110.03,43165400.0
2004-08-19,109.81,110.02,109.18,109.71,39881600.0
2004-08-20,109.61,110.63,109.51,110.48,44870900.0
2004-08-23,110.55,110.77,110.05,110.2,33745100.0
2004-08-24,110.64,110.73,109.85,110.35,30453100.0
2004-08-25,110.33,111.27,109.9,111.1,38551400.0
2004-08-26,110.96,111.31,110.85,111.1,26629500.0
2004-08-27,111.2,111.63,111.05,111.45,24902900.0
2004-08-30,111.22,111.34,110.45,110.53,26726500.0
2004-08-31,110.66,111.16,110.1,111.11,44125300.0
2004-09-01,110.95,111.64,110.48,111.32,52778300.0
2004-09-02,111.24,112.7,111.24,112.58,42736600.0
2004-09-03,112.33,112.82,112.01,112.12,30480500.0
2004-09-07,112.54,113.13,112.32,112.86,37338800.0
2004-09-08,112.62,113.06,112.31,112.58,32963100.0
2004-09-09,112.57,112.88,112.03,112.48,34314800.0
2004-09-10,112.52,113.27,112.08,113.06,27900600.0
2004-09-13,113.31,113.74,113.01,113.43,44398100.0
2004-09-14,113.3,113.69,113.19,113.66,28048900.0
2004-09-15,113.3,113.36,112.68,112.8,38295000.0
2004-09-16,112.85,113.37,112.8,113.14,23911700.0
2004-09-17,112.95,113.36,112.69,113.15,33683000.0
2004-09-20,112.67,112.99,112.28,112.47,37149400.0
2004-09-21,112.75,113.47,112.54,112.96,40920800.0
2004-09-22,112.5,112.52,111.47,111.55,49042100.0
2004-09-23,111.6,111.7,110.95,110.95,44068700.0
2004-09-24,111.17,111.73,111.13,111.46,34981100.0
2004-09-27,111.1,111.2,110.58,110.75,39355100.0
2004-09-28,110.91,111.51,110.41,111.28,41662900.0
2004-09-29,111.21,111.85,111.0,111.84,33325700.0
2004-09-30,111.55,111.98,111.26,111.76,43536700.0
2004-10-01,112.26,113.65,112.21,113.65,62824300.0
2004-10-04,114.1,114.44,113.8,113.84,33082400.0
2004-10-05,113.85,114.16,113.54,113.9,36910600.0
2004-10-06,113.77,114.68,113.68,114.68,42297800.0
2004-10-07,114.38,114.4,113.36,113.45,39388800.0
2004-10-08,113.15,113.77,112.35,112.51,51872600.0
2004-10-11,112.78,113.02,112.64,112.97,20229100.0
2004-10-12,112.2,112.83,111.94,112.53,41754700.0
2004-10-13,113.0,113.07,111.32,111.54,54212600.0
2004-10-14,111.68,111.93,110.58,110.64,64082200.0
2004-10-15,111.02,111.74,110.57,111.26,63482200.0
2004-10-18,110.89,111.9,110.7,111.68,43535100.0
2004-10-19,112.02,112.23,110.59,110.74,55851900.0
2004-10-20,110.38,110.82,109.75,110.52,57118500.0
2004-10-21,110.79,111.32,110.21,111.24,53218300.0
2004-10-22,111.19,111.25,109.86,109.99,48752400.0
2004-10-25,109.75,110.12,109.35,109.86,43990900.0
2004-10-26,110.13,111.6,109.88,111.54,54337400.0
2004-10-27,111.38,113.1,111.12,112.88,73896000.0
2004-10-28,112.78,113.56,112.49,113.22,54413300.0
2004-10-29,113.12,113.64,112.9,113.2,48820200.0
2004-11-01,113.56,113.84,113.2,113.51,36720900.0
2004-11-02,113.67,114.57,113.22,113.55,56210000.0
2004-11-03,115.03,115.36,114.24,114.98,76960200.0
2004-11-04,114.78,116.67,114.68,116.55,55350300.0
2004-11-05,117.05,117.64,116.49,117.28,63287200.0
2004-11-08,116.98,117.23,116.72,117.11,33863800.0
2004-11-09,117.08,117.5,116.76,116.88,44658100.0
2004-11-10,117.06,117.55,116.76,116.97,45265400.0
2004-11-11,117.18,118.12,117.1,117.86,37863200.0
2004-11-12,117.97,119.0,117.68,118.79,55583700.0
2004-11-15,118.5,118.77,118.23,118.73,35297900.0
2004-11-16,118.36,118.41,117.73,117.88,40028700.0
2004-11-17,118.37,119.14,118.07,118.58,54494000.0
2004-11-18,118.53,118.8,118.23,118.74,31854300.0
2004-11-19,118.7,118.72,117.14,117.42,54276500.0
2004-11-22,117.17,118.12,117.03,117.98,37560200.0
2004-11-23,117.93,118.26,117.37,118.16,41968800.0
2004-11-24,118.27,118.59,118.05,118.44,29724800.0
2004-11-26,118.51,118.98,118.3,118.35,15487700.0
2004-11-29,118.79,119.01,117.48,117.81,61460800.0
2004-11-30,118.0,118.24,117.64,117.89,53685200.0
2004-12-01,118.16,119.5,118.1,119.23,49898300.0
2004-12-02,119.1,119.87,119.01,119.33,60163500.0
2004-12-03,119.31,120.14,119.09,119.25,49067900.0
2004-12-06,119.21,119.64,118.84,119.21,33030500.0
2004-12-07,119.49,119.62,118.04,118.1,52047200.0
2004-12-08,118.21,118.82,118.01,118.79,43895100.0
2004-12-09,118.14,119.46,117.73,119.21,60922800.0
2004-12-10,118.92,119.56,118.85,119.33,47828600.0
2004-12-13,119.76,120.4,119.35,120.37,38541000.0
2004-12-14,120.18,120.96,120.18,120.79,41500700.0
2004-12-15,120.7,121.11,120.31,120.88,46699200.0
2004-12-16,120.72,121.24,120.04,120.81,51641800.0
2004-12-17,119.46,119.97,119.16,119.44,70761900.0
2004-12-20,119.75,120.29,119.17,119.47,47187400.0
2004-12-21,119.6,120.48,119.46,120.39,33094200.0
2004-12-22,120.38,121.08,120.3,120.68,31500700.0
2004-12-23,120.87,121.28,120.66,120.77,25646100.0
2004-12-27,121.2,121.36,120.39,120.52,29944100.0
2004-12-28,120.64,121.33,120.6,121.18,23422900.0
2004-12-29,121.08,121.4,120.95,121.36,22650600.0
2004-12-30,121.4,121.57,121.04,121.13,21076900.0
2004-12-31,121.3,121.66,120.8,120.87,28648800.0
2005-01-03,121.56,121.76,119.9,120.3,55748000.0
2005-01-04,120.46,120.54,118.44,118.83,69167600.0
2005-01-05,118.74,119.25,118.0,118.01,65667300.0
2005-01-06,118.44,119.15,118.26,118.61,47814700.0
2005-01-07,118.97,119.23,118.13,118.44,55847700.0
2005-01-10,118.34,119.46,118.34,119.0,56563300.0
2005-01-11,118.64,118.74,117.99,118.18,63099700.0
2005-01-12,118.4,118.84,117.52,118.57,72720500.0
2005-01-13,118.64,118.73,117.5,117.62,55537500.0
2005-01-14,117.97,118.53,117.76,118.24,42032500.0
2005-01-18,118.05,119.62,117.95,119.47,57391700.0
2005-01-19,119.43,119.52,118.21,118.22,54378900.0
2005-01-20,117.89,118.2,117.29,117.5,72049300.0
2005-01-21,117.79,118.0,116.65,116.78,63160400.0
2005-01-24,117.09,117.34,116.37,116.55,58441900.0
2005-01-25,116.91,117.47,116.72,116.88,68245000.0
2005-01-26,117.32,117.6,117.04,117.23,57195100.0
2005-01-27,117.19,117.75,116.98,117.43,55878800.0
2005-01-28,117.49,117.55,116.61,117.43,60738900.0
2005-01-31,117.95,118.25,117.71,118.16,52532700.0
2005-02-01,118.25,119.08,118.1,118.91,49841200.0
2005-02-02,119.06,119.59,118.9,119.27,52468900.0
2005-02-03,119.06,119.16,118.57,118.96,48837100.0
2005-02-04,119.0,120.43,118.98,120.23,50024600.0
2005-02-07,120.25,120.52,119.96,120.07,45412000.0
2005-02-08,120.17,120.65,120.07,120.21,39263500.0
2005-02-09,120.42,120.49,119.25,119.31,55279400.0
2005-02-10,119.66,120.02,119.26,119.74,45858600.0
2005-02-11,119.7,121.04,119.46,120.77,53133000.0
2005-02-14,120.69,120.86,120.48,120.68,32432100.0
2005-02-15,120.8,121.43,120.68,121.13,43852700.0
2005-02-16,120.93,121.46,120.67,121.21,55523000.0
2005-02-17,121.23,121.33,120.22,120.23,58124000.0
2005-02-18,120.24,120.48,119.9,120.39,47723300.0
2005-02-22,119.9,120.47,118.58,118.6,80697600.0
2005-02-23,118.93,119.57,118.62,119.45,68292600.0
2005-02-24,119.24,120.32,118.98,120.24,68563600.0
2005-02-25,120.27,121.67,120.18,121.43,60899900.0
2005-02-28,121.15,121.3,120.04,120.63,69381300.0
2005-03-01,120.82,121.52,120.78,121.23,47294400.0
2005-03-02,120.76,121.93,120.65,121.17,64226500.0
2005-03-03,121.66,121.9,120.7,121.22,61230800.0
2005-03-04,122.05,122.83,121.79,122.73,56168500.0
2005-03-07,122.66,123.25,122.4,122.79,43442400.0
2005-03-08,122.67,123.0,122.11,122.33,44362000.0
2005-03-09,121.97,122.29,120.96,120.97,73263600.0
2005-03-10,121.2,121.5,120.4,121.24,65149000.0
2005-03-11,121.31,121.72,120.16,120.39,57976500.0
2005-03-14,120.61,121.16,120.28,121.14,36336400.0
2005-03-15,121.42,121.46,120.08,120.14,62438500.0
2005-03-16,119.7,120.16,118.9,119.12,74874200.0
2005-03-17,119.31,119.74,118.98,119.36,62584200.0
2005-03-18,119.11,119.53,118.15,118.54,60232000.0
2005-03-21,118.71,118.78,117.76,118.1,61244300.0
2005-03-22,118.37,118.93,116.9,116.9,92472400.0
2005-03-23,116.95,117.72,116.75,117.0,70817300.0
2005-03-24,117.46,117.99,117.06,117.14,51932500.0
2005-03-28,117.42,117.94,117.31,117.31,46765500.0
2005-03-29,117.14,117.9,116.25,116.53,71160300.0
2005-03-30,116.78,118.2,116.77,118.18,62002100.0
2005-03-31,118.19,118.46,117.87,117.96,64575400.0
2005-04-01,118.63,118.99,116.91,117.43,95255300.0
2005-04-04,117.36,117.86,116.74,117.63,71581200.0
2005-04-05,117.78,118.38,117.67,118.19,46853900.0
2005-04-06,118.45,118.95,118.18,118.6,53268200.0
2005-04-07,118.41,119.26,118.32,119.24,46734600.0
2005-04-08,119.17,119.21,118.0,118.0,63772900.0
2005-04-11,118.29,118.42,117.83,118.09,44945000.0
2005-04-12,117.89,119.06,117.07,118.7,86144800.0
2005-04-13,118.56,118.8,117.13,117.3,65949000.0
2005-04-14,117.4,117.5,115.77,115.77,96119800.0
2005-04-15,115.74,116.2,114.1,114.15,128677300.0
2005-04-18,114.12,114.96,113.96,114.5,100035200.0
2005-04-19,115.1,115.53,114.83,115.41,64930100.0
2005-04-20,115.38,115.63,113.55,113.8,107735900.0
2005-04-21,114.79,116.21,114.38,116.01,86952200.0
2005-04-22,115.74,116.5,114.27,115.57,88845800.0
2005-04-25,115.86,116.5,115.72,116.33,52284100.0
2005-04-26,115.96,116.77,115.15,115.2,72626000.0
2005-04-27,114.86,116.07,114.44,115.65,84131900.0
2005-04-28,115.27,115.68,114.2,114.2,72481500.0
2005-04-29,115.07,115.87,113.97,115.75,103993800.0
2005-05-02,116.07,116.41,115.52,116.4,56026400.0
2005-05-03,116.07,116.85,115.69,116.6,86000300.0
2005-05-04,116.65,117.75,116.28,117.5,81055700.0
2005-05-05,117.67,118.0,116.74,117.46,96906700.0
2005-05-06,117.93,117.99,117.06,117.09,67415400.0
2005-05-09,117.21,118.08,117.05,117.82,43750500.0
2005-05-10,117.36,117.5,116.39,116.6,74613500.0
2005-05-11,116.93,117.4,115.85,117.24,91647400.0
2005-05-12,117.32,117.59,115.95,115.95,95086800.0
2005-05-13,116.3,116.62,114.8,115.72,85267000.0
2005-05-16,115.7,116.84,115.66,116.8,49207000.0
2005-05-17,116.41,117.7,116.16,117.58,61071800.0
2005-05-18,118.09,119.08,118.01,118.79,77944900.0
2005-05-19,119.02,119.41,118.7,119.29,61768100.0
2005-05-20,119.34,119.39,118.74,119.12,46345500.0
2005-05-23,119.21,120.04,119.19,119.78,51047900.0
2005-05-24,119.44,119.83,119.2,119.5,50654100.0
2005-05-25,119.35,119.87,118.83,119.41,47608800.0
2005-05-26,119.79,120.21,119.62,120.05,43256200.0
2005-05-27,120.06,120.25,119.8,120.25,24596100.0
2005-05-31,120.08,120.17,119.4,119.48,43377200.0
2005-06-01,119.52,120.92,119.45,120.5,69611000.0
2005-06-02,120.23,120.84,120.1,120.76,39704500.0
2005-06-03,120.55,120.89,119.73,120.15,60999400.0
2005-06-06,119.95,120.2,119.55,120.04,36046400.0
2005-06-07,120.39,121.25,120.01,120.13,66501300.0
2005-06-08,120.43,120.59,119.67,119.91,46881200.0
2005-06-09,119.74,120.58,119.44,120.48,56653300.0
2005-06-10,120.56,120.65,119.6,120.2,36465300.0
2005-06-13,119.94,121.08,119.81,120.58,49383200.0
2005-06-14,120.45,121.2,120.38,120.86,33857100.0
2005-06-15,121.16,121.24,120.23,121.09,53195600.0
2005-06-16,121.06,121.64,120.92,121.4,46564500.0
2005-06-17,121.54,121.9,121.22,121.36,51529400.0
2005-06-20,121.08,121.84,120.94,121.4,41019400.0
2005-06-21,121.5,121.65,121.03,121.47,39879800.0
2005-06-22,121.68,121.94,121.07,121.57,46310100.0
2005-06-23,121.32,121.6,119.83,119.86,62185600.0
2005-06-24,119.88,120.01,118.84,118.98,58572500.0
2005-06-27,118.97,119.41,118.75,119.15,48183800.0
2005-06-28,119.4,120.24,119.37,120.15,41174200.0
2005-06-29,120.37,120.4,119.76,119.83,42316500.0
2005-06-30,120.22,120.32,118.95,119.18,62288800.0
2005-07-01,119.45,119.8,119.21,119.53,49737500.0
2005-07-05,119.25,120.65,119.19,120.49,51549000.0
2005-07-06,120.39,120.65,119.41,119.48,52363600.0
2005-07-07,118.29,119.95,118.26,119.95,103268800.0
2005-07-08,119.97,121.32,119.72,121.32,64491200.0
2005-07-11,121.33,122.1,121.31,121.94,49688300.0
2005-07-12,121.99,122.63,121.64,122.26,51871100.0
2005-07-13,122.27,122.52,121.99,122.43,41182300.0
2005-07-14,122.98,123.44,122.49,122.91,63638800.0
2005-07-15,122.79,123.04,122.36,122.84,56075900.0
2005-07-18,122.5,122.63,122.05,122.35,56598400.0
2005-07-19,122.71,123.11,122.41,123.02,59165700.0
2005-07-20,122.59,123.73,122.3,123.44,69477000.0
2005-07-21,123.55,123.61,122.47,122.72,101110900.0
2005-07-22,122.88,123.56,122.63,123.54,52607100.0
2005-07-25,123.41,123.95,122.85,123.19,57301600.0
2005-07-26,123.23,123.53,122.95,123.34,42758800.0
2005-07-27,123.5,123.89,123.05,123.79,43181600.0
2005-07-28,123.96,124.64,123.64,124.57,47880700.0
2005-07-29,124.41,124.63,123.5,123.74,62358100.0
2005-08-01,123.83,124.04,123.45,123.65,40418200.0
2005-08-02,123.87,124.6,123.74,124.39,45147400.0
2005-08-03,124.25,124.74,124.12,124.72,36837200.0
2005-08-04,124.23,124.31,123.57,123.72,50855600.0
2005-08-05,123.45,123.98,122.67,122.88,53595500.0
2005-08-08,123.15,123.41,122.38,122.65,47616000.0
2005-08-09,123.06,123.59,122.87,123.39,47170000.0
2005-08-10,123.82,124.5,122.82,123.33,72863700.0
2005-08-11,123.27,124.03,123.01,123.82,58570200.0
2005-08-12,123.57,123.69,122.75,123.06,54776900.0
2005-08-15,123.22,123.87,122.83,123.82,36208500.0
2005-08-16,123.44,123.52,122.09,122.21,71942100.0
2005-08-17,122.19,122.87,122.03,122.2,62275100.0
2005-08-18,122.05,122.56,121.84,122.19,53388600.0
2005-08-19,122.63,122.82,122.2,122.47,39842100.0
2005-08-22,122.58,123.23,121.88,122.47,69912000.0
2005-08-23,122.5,122.61,121.15,122.24,55168600.0
2005-08-24,121.94,122.73,121.09,121.15,79104600.0
2005-08-25,121.35,121.67,121.21,121.59,35631100.0
2005-08-26,121.48,121.49,120.68,120.76,61956800.0
2005-08-29,120.41,121.78,120.38,121.69,56179200.0
2005-08-30,121.25,121.3,120.39,121.05,74160200.0
2005-08-31,121.19,122.66,120.74,122.58,102945200.0
2005-09-01,122.52,123.15,121.14,122.49,74578700.0
2005-09-02,122.85,122.88,122.04,122.27,47653400.0
2005-09-06,122.66,123.8,122.65,123.7,57251300.0
2005-09-07,123.63,124.13,123.46,123.91,41749700.0
2005-09-08,123.66,124.0,123.31,123.5,39068700.0
2005-09-09,123.83,124.74,123.8,124.6,43093900.0
2005-09-12,124.45,124.67,124.27,124.35,33017600.0
2005-09-13,124.13,124.42,123.52,123.66,58427500.0
2005-09-14,123.74,123.92,123.02,123.21,57694600.0
2005-09-15,123.59,123.65,122.9,123.15,73156900.0
2005-09-16,123.3,123.74,122.87,123.5,75424100.0
2005-09-19,123.47,123.55,122.64,123.09,53355300.0
2005-09-20,123.2,123.61,121.87,122.05,84480300.0
2005-09-21,121.79,121.87,120.78,120.91,94469100.0
2005-09-22,120.95,121.66,120.44,121.34,84597200.0
2005-09-23,121.24,121.89,120.9,121.44,59368100.0
2005-09-26,122.02,122.24,121.08,121.58,70415400.0
2005-09-27,121.52,121.99,121.02,121.55,66150800.0
2005-09-28,121.93,122.12,121.2,121.67,58620500.0
2005-09-29,121.55,122.86,121.08,122.66,66607700.0
2005-09-30,122.62,123.04,121.74,123.04,47824200.0
2005-10-03,122.96,123.34,122.45,122.6,50994800.0
2005-10-04,122.79,123.03,121.16,121.22,60776300.0
2005-10-05,121.25,121.31,119.57,119.63,106052100.0
2005-10-06,119.78,120.26,118.17,119.2,140941800.0
2005-10-07,119.7,120.05,119.13,119.61,75661400.0
2005-10-10,119.68,119.71,118.3,118.6,52677000.0
2005-10-11,118.99,119.39,118.32,118.43,75629800.0
2005-10-12,118.39,119.13,117.41,117.5,100510400.0
2005-10-13,117.46,118.08,116.88,117.43,99052900.0
2005-10-14,118.12,118.81,117.56,118.67,88651000.0
2005-10-17,118.8,119.27,118.45,119.11,68109300.0
2005-10-18,118.94,118.96,117.8,117.82,74996900.0
2005-10-19,117.5,119.8,117.12,119.78,116563800.0
2005-10-20,119.49,119.81,117.3,117.67,131966700.0
2005-10-21,118.29,118.78,117.51,118.13,96579500.0
2005-10-24,118.44,120.09,118.41,119.96,71308400.0
2005-10-25,119.72,120.24,118.94,119.72,76594500.0
2005-10-26,119.51,120.54,119.19,119.37,80855800.0
2005-10-27,119.2,119.37,117.93,118.1,66623100.0
2005-10-28,118.43,119.95,118.1,119.8,72322000.0
2005-10-31,120.29,121.3,120.13,120.13,77698900.0
2005-11-01,120.58,120.9,120.22,120.49,66365100.0
2005-11-02,120.17,121.75,120.13,121.75,74012300.0
2005-11-03,122.15,122.66,121.75,122.27,84897600.0
2005-11-04,122.4,122.46,121.55,122.11,59156000.0
2005-11-07,122.37,122.62,121.85,122.23,46765400.0
2005-11-08,121.93,122.42,121.79,122.23,42152800.0
2005-11-09,122.08,122.95,121.86,122.39,57666800.0
2005-11-10,122.34,123.52,121.75,123.34,79048100.0
2005-11-11,123.35,123.84,122.43,123.76,34867000.0
2005-11-14,123.79,124.02,123.38,123.69,45092200.0
2005-11-15,123.55,124.09,122.86,123.24,69592500.0
2005-11-16,123.37,123.55,122.98,123.49,51133000.0
2005-11-17,123.68,124.65,123.14,124.64,55717500.0
2005-11-18,125.06,125.28,124.33,125.13,72437200.0
2005-11-21,125.15,125.91,124.98,125.76,50021200.0
2005-11-22,125.56,126.52,125.42,126.3,66438800.0
2005-11-23,126.25,127.41,126.21,127.03,50854700.0
2005-11-25,126.98,127.22,126.81,127.13,15270000.0
2005-11-28,127.25,127.27,126.04,126.23,54498500.0
2005-11-29,126.65,126.98,126.09,126.09,51738900.0
2005-11-30,126.16,126.52,125.29,125.41,56007200.0
2005-12-01,126.02,127.03,125.98,126.69,65468200.0
2005-12-02,126.77,127.08,126.5,126.85,46699400.0
2005-12-05,126.7,126.73,126.18,126.58,59273400.0
2005-12-06,127.05,127.74,126.63,126.82,57935200.0
2005-12-07,126.77,126.87,125.68,126.08,66816500.0
2005-12-08,126.22,126.82,125.48,126.0,62608600.0
2005-12-09,126.16,126.78,125.82,126.33,50744500.0
2005-12-12,126.71,126.86,125.96,126.45,48389900.0
2005-12-13,126.42,127.7,126.29,127.31,88630900.0
2005-12-14,127.19,128.09,127.14,127.81,64375000.0
2005-12-15,127.84,128.0,127.18,127.44,55900300.0
2005-12-16,127.28,127.36,126.36,126.36,46238300.0
2005-12-19,126.73,126.87,125.69,125.71,48733000.0
2005-12-20,125.86,126.59,125.48,125.83,46603200.0
2005-12-21,126.22,126.76,125.8,126.03,51806900.0
2005-12-22,126.31,126.69,126.08,126.69,32247900.0
2005-12-23,126.78,126.86,126.42,126.76,27977300.0
2005-12-27,126.96,127.05,125.38,125.47,44499500.0
2005-12-28,125.74,125.99,125.5,125.75,30764300.0
2005-12-29,125.72,125.96,125.06,125.19,32788900.0
2005-12-30,124.8,125.06,124.36,124.51,44645600.0
2006-01-03,125.1,127.0,124.39,126.7,73398800.0
2006-01-04,126.86,127.49,126.7,127.3,52244900.0
2006-01-05,127.17,127.59,126.88,127.38,47314500.0
2006-01-06,128.04,128.58,127.36,128.44,62894200.0
2006-01-09,128.42,129.06,128.38,128.77,43536800.0
2006-01-10,128.39,128.98,128.26,128.9,44965400.0
2006-01-11,129.02,129.44,128.73,129.31,49608100.0
2006-01-12,129.08,129.28,128.44,128.8,40525300.0
2006-01-13,128.57,128.9,128.2,128.68,44864900.0
2006-01-17,128.2,128.42,127.81,128.33,52188600.0
2006-01-18,127.58,128.9,127.16,127.79,75493200.0
2006-01-19,128.09,128.77,127.81,128.31,78077700.0
2006-01-20,128.28,128.31,125.97,125.97,115316800.0
2006-01-23,126.21,126.82,126.13,126.42,67103700.0
2006-01-24,126.63,127.15,126.42,126.55,53016400.0
2006-01-25,127.04,127.18,125.84,126.66,87798900.0
2006-01-26,127.28,127.67,126.76,127.36,71370600.0
2006-01-27,127.66,128.66,127.45,128.54,65794700.0
2006-01-30,128.44,128.81,128.35,128.44,33715200.0
2006-01-31,128.32,128.54,127.49,127.5,73151200.0
2006-02-01,127.82,128.43,127.72,128.39,63565400.0
2006-02-02,128.1,128.14,126.8,126.9,83628600.0
2006-02-03,126.58,128.39,126.14,126.27,86044200.0
2006-02-06,126.44,126.8,126.17,126.6,45515500.0
2006-02-07,126.38,126.66,125.4,125.48,71230800.0
2006-02-08,125.88,128.1,125.6,126.62,59427600.0
2006-02-09,126.92,127.6,126.37,126.41,62025800.0
2006-02-10,126.43,127.13,125.45,126.64,64509900.0
2006-02-13,126.57,126.79,125.95,126.41,52318300.0
2006-02-14,126.46,128.03,126.16,127.75,90995300.0
2006-02-15,127.66,128.32,127.24,128.2,85473500.0
2006-02-16,128.34,129.21,128.18,129.16,61035500.0
2006-02-17,129.09,129.16,128.58,128.81,40345900.0
2006-02-21,129.12,129.4,128.29,128.49,46462000.0
2006-02-22,128.77,129.65,128.65,129.27,42340200.0
2006-02-23,129.27,129.64,128.28,129.08,43455000.0
2006-02-24,129.11,129.48,128.76,129.41,36784600.0
2006-02-27,129.4,130.04,129.28,129.46,35926100.0
2006-02-28,129.2,129.91,128.13,128.23,74402500.0
2006-03-01,128.6,129.49,128.5,129.37,48667800.0
2006-03-02,128.9,129.42,128.61,129.36,60650900.0
2006-03-03,128.66,130.07,128.65,128.76,73430800.0
2006-03-06,129.14,129.18,127.85,128.17,57479400.0
2006-03-07,127.92,128.06,127.4,127.97,61788300.0
2006-03-08,127.7,128.44,127.18,128.24,66726800.0
2006-03-09,128.33,128.68,127.38,127.38,56584000.0
2006-03-10,127.72,128.84,127.44,128.59,60493800.0
2006-03-13,128.84,129.16,128.53,128.83,45736600.0
2006-03-14,128.71,130.23,128.61,130.18,69883500.0
2006-03-15,130.15,130.86,129.85,130.76,53416400.0
2006-03-16,130.98,131.47,130.84,131.03,67086500.0
2006-03-17,130.68,130.9,130.38,130.62,47288300.0
2006-03-20,130.64,130.9,130.21,130.41,45557500.0
2006-03-21,130.34,130.99,129.45,129.59,87415500.0
2006-03-22,129.51,130.51,129.45,130.38,51612200.0
2006-03-23,130.24,130.39,129.66,130.11,46844700.0
2006-03-24,129.99,130.57,129.74,130.21,43215700.0
2006-03-27,130.03,130.28,129.74,130.02,32529400.0
2006-03-28,129.93,130.53,128.29,129.22,82089000.0
2006-03-29,129.41,130.5,129.29,130.03,61537200.0
2006-03-30,130.11,130.98,129.55,129.8,70573800.0
2006-03-31,130.02,130.24,129.37,129.83,62925700.0
2006-04-03,130.07,130.87,129.49,129.73,61631500.0
2006-04-04,129.72,130.73,129.36,130.56,54811800.0
2006-04-05,130.61,131.28,130.38,131.01,50612000.0
2006-04-06,130.85,131.21,130.19,130.87,57911600.0
2006-04-07,131.06,131.4,129.35,129.54,80189200.0
2006-04-10,129.71,130.08,129.26,129.74,41542100.0
2006-04-11,129.85,130.06,128.25,128.64,72806700.0
2006-04-12,128.77,129.13,128.61,128.88,43052600.0
2006-04-13,128.59,129.25,128.31,128.71,51077200.0
2006-04-17,128.79,129.31,128.02,128.66,64172400.0
2006-04-18,128.95,130.94,128.84,130.7,92684300.0
2006-04-19,130.72,131.07,130.24,130.95,87275600.0
2006-04-20,131.0,131.86,130.6,131.13,86024100.0
2006-04-21,131.73,131.79,130.62,131.15,72359600.0
2006-04-24,130.93,131.07,130.38,130.91,52548400.0
2006-04-25,131.04,131.12,129.92,130.37,84361300.0
2006-04-26,130.5,131.14,130.3,130.4,67267600.0
2006-04-27,129.9,131.63,129.59,131.03,124607600.0
2006-04-28,130.79,131.75,130.71,131.47,55855100.0
2006-05-01,131.47,131.8,130.32,130.4,65021100.0
2006-05-02,131.01,131.46,130.74,131.38,49091700.0
2006-05-03,131.22,131.32,130.45,130.89,60825000.0
2006-05-04,131.08,131.62,130.34,131.36,42937300.0
2006-05-05,132.05,132.8,131.85,132.52,62593300.0
2006-05-08,132.51,132.77,132.36,132.36,30018100.0
2006-05-09,132.42,132.77,132.31,132.62,29866200.0
2006-05-10,132.41,132.75,131.89,132.55,64413900.0
2006-05-11,132.51,132.55,130.52,130.95,80659000.0
2006-05-12,130.48,130.72,129.19,129.24,91736300.0
2006-05-15,128.79,129.74,128.61,129.5,84049100.0
2006-05-16,129.76,130.0,129.01,129.31,62137600.0
2006-05-17,128.67,129.1,126.77,126.85,144789500.0
2006-05-18,127.38,127.75,126.11,126.21,87937900.0
2006-05-19,126.87,127.49,125.8,127.1,124345600.0
2006-05-22,126.28,127.17,125.5,126.13,110880900.0
2006-05-23,127.18,127.63,125.17,125.17,92006500.0
2006-05-24,125.68,126.89,124.76,126.17,168405000.0
2006-05-25,126.92,127.73,126.43,127.73,78992600.0
2006-05-26,128.0,128.38,127.51,128.38,62991900.0
2006-05-30,127.97,128.0,126.05,126.1,72448000.0
2006-05-31,126.58,127.51,126.2,127.51,86934700.0
2006-06-01,127.38,128.94,127.27,128.73,73737200.0
2006-06-02,129.25,129.43,128.32,129.0,91704600.0
2006-06-05,128.79,128.86,126.77,127.12,86144500.0
2006-06-06,127.21,127.38,125.76,126.81,130881900.0
2006-06-07,126.91,127.65,125.79,125.86,108718000.0
2006-06-08,125.58,126.5,123.87,125.75,204972100.0
2006-06-09,126.36,126.96,125.29,125.35,94977600.0
2006-06-12,125.88,125.93,123.82,123.99,95887100.0
2006-06-13,123.78,124.84,122.55,122.55,185702000.0
2006-06-14,122.84,123.63,122.34,123.5,163668600.0
2006-06-15,123.92,126.36,123.86,126.12,134463400.0
2006-06-16,125.19,125.56,124.46,124.65,94267500.0
2006-06-19,125.4,125.48,123.55,123.67,95823700.0
2006-06-20,124.01,124.81,123.72,124.09,65524400.0
2006-06-21,124.0,125.7,123.96,125.01,75044400.0
2006-06-22,124.95,125.06,124.04,124.46,74997100.0
2006-06-23,124.33,125.3,124.03,124.44,54112500.0
2006-06-26,124.54,125.06,124.25,124.99,37906000.0
2006-06-27,125.01,125.29,123.77,123.91,69834200.0
2006-06-28,124.19,124.77,123.65,124.75,62371200.0
2006-06-29,125.2,127.35,125.17,127.27,110698800.0
2006-06-30,127.47,127.66,126.96,127.23,54230200.0
2006-07-03,127.43,128.01,127.31,127.8,23936200.0
2006-07-05,127.29,127.45,126.52,127.07,69654000.0
2006-07-06,127.2,127.85,127.08,127.44,51290700.0
2006-07-07,127.19,127.56,126.29,126.61,81628500.0
2006-07-10,126.94,127.43,126.41,126.85,60964100.0
2006-07-11,126.61,127.41,125.94,127.41,73640800.0
2006-07-12,127.21,127.4,125.72,126.05,82562100.0
2006-07-13,125.5,125.68,124.0,124.0,102622000.0
2006-07-14,124.16,124.26,122.83,123.52,103243200.0
2006-07-17,123.5,124.1,123.15,123.34,81290500.0
2006-07-18,123.74,124.05,122.39,123.97,123706800.0
2006-07-19,124.18,126.26,123.72,125.69,134401100.0
2006-07-20,126.12,126.3,124.66,124.83,112344300.0
2006-07-21,125.15,125.19,123.82,123.95,101726800.0
2006-07-24,124.44,126.32,124.44,126.21,92892700.0
2006-07-25,125.98,127.3,125.72,126.66,95528100.0
2006-07-26,126.59,127.45,126.18,126.83,84532200.0
2006-07-27,127.33,127.69,126.2,126.71,87261200.0
2006-07-28,126.99,128.14,126.86,127.98,82138900.0
2006-07-31,127.66,127.96,126.55,127.85,49593100.0
2006-08-01,127.34,127.38,126.6,127.22,65225600.0
2006-08-02,127.58,128.46,127.55,128.08,64792900.0
2006-08-03,127.33,128.55,127.15,128.42,63737500.0
2006-08-04,129.06,129.43,127.48,128.2,96298400.0
2006-08-07,127.9,128.08,127.4,127.95,45434700.0
2006-08-08,128.09,128.46,126.95,127.41,90901300.0
2006-08-09,128.2,128.6,126.61,126.98,78918100.0
2006-08-10,126.53,127.5,126.28,127.37,69325900.0
2006-08-11,127.17,127.2,126.39,127.01,47490500.0
2006-08-14,127.63,128.16,126.92,127.11,58044500.0
2006-08-15,128.21,128.87,127.9,128.63,68165900.0
2006-08-16,129.32,129.89,129.04,129.79,71760000.0
2006-08-17,129.58,130.37,129.49,130.03,71065800.0
2006-08-18,130.19,130.69,129.59,130.69,58290000.0
2006-08-21,130.18,130.28,129.8,130.13,42134200.0
2006-08-22,129.94,130.52,129.68,130.12,60850500.0
2006-08-23,130.18,130.44,129.19,129.76,66625800.0
2006-08-24,129.99,130.1,129.4,129.65,57983500.0
2006-08-25,129.64,130.25,129.55,129.81,41757900.0
2006-08-28,129.65,130.82,129.64,130.43,52681500.0
2006-08-29,130.49,130.83,129.81,130.58,61817800.0
2006-08-30,130.87,131.04,130.55,130.66,50056400.0
2006-08-31,130.85,130.99,130.58,130.64,38585400.0
2006-09-01,131.14,131.58,130.84,131.42,48801600.0
2006-09-05,131.51,131.85,131.2,131.67,52350500.0
2006-09-06,131.11,131.16,130.33,130.51,53797100.0
2006-09-07,130.06,130.57,129.35,129.91,86302600.0
2006-09-08,130.08,130.46,129.83,130.28,45107700.0
2006-09-11,129.86,130.69,129.48,130.41,68500000.0
2006-09-12,130.56,131.84,130.37,131.69,69899500.0
2006-09-13,131.64,132.45,131.52,132.22,62931800.0
2006-09-14,131.96,132.24,131.75,132.23,57821300.0
2006-09-15,132.31,132.39,131.68,131.96,76716600.0
2006-09-18,131.79,132.39,131.65,132.14,64178000.0
2006-09-19,132.12,132.13,131.07,131.81,92108400.0
2006-09-20,132.25,132.77,132.06,132.51,75213400.0
2006-09-21,132.61,132.75,131.42,131.87,88947500.0
2006-09-22,131.67,131.68,131.0,131.47,65969200.0
2006-09-25,131.73,132.85,131.05,132.48,92299100.0
2006-09-26,132.5,133.6,132.4,133.58,74019600.0
2006-09-27,133.49,133.97,133.27,133.74,82434300.0
2006-09-28,133.74,133.99,133.28,133.69,58603600.0
2006-09-29,133.8,133.94,133.48,133.58,47994200.0
2006-10-02,133.54,133.83,132.34,133.08,52445500.0
2006-10-03,132.89,133.87,132.65,133.36,73112800.0
2006-10-04,133.23,135.0,133.08,134.92,80897100.0
2006-10-05,134.92,135.41,134.75,135.18,60642900.0
2006-10-06,134.95,135.1,134.4,135.01,65001800.0
2006-10-09,134.85,135.3,134.64,135.09,41177900.0
2006-10-10,135.11,135.45,134.84,135.27,56441400.0
2006-10-11,134.84,135.43,134.3,135.11,104079100.0
2006-10-12,135.45,136.39,135.4,136.28,59186600.0
2006-10-13,136.16,136.71,136.04,136.63,53945500.0
2006-10-16,136.52,137.05,136.42,136.84,42323200.0
2006-10-17,136.47,136.7,135.67,136.41,90787300.0
2006-10-18,137.04,137.37,136.1,136.59,87382100.0
2006-10-19,136.39,136.88,136.23,136.81,64084400.0
2006-10-20,136.81,136.95,136.33,136.84,48099700.0
2006-10-23,136.56,137.8,136.39,137.47,66237400.0
2006-10-24,137.28,137.93,137.22,137.88,53357300.0
2006-10-25,137.74,138.41,137.51,138.35,80754100.0
2006-10-26,138.66,139.0,137.98,138.78,66848900.0
2006-10-27,138.61,138.75,137.63,137.91,80240900.0
2006-10-30,137.66,138.2,137.4,137.81,49718100.0
2006-10-31,138.07,138.26,137.25,137.79,71298400.0
2006-11-01,138.22,138.31,136.72,136.86,83006800.0
2006-11-02,136.51,137.01,136.36,136.78,60703900.0
2006-11-03,137.27,137.39,135.62,136.54,71346400.0
2006-11-06,136.96,138.28,136.95,138.08,63314500.0
2006-11-07,138.2,138.98,138.0,138.61,63391700.0
2006-11-08,138.0,139.05,136.86,138.91,87521900.0
2006-11-09,139.01,139.14,137.9,138.18,95920200.0
2006-11-10,138.14,138.34,137.72,138.24,48992000.0
2006-11-13,138.18,139.04,138.07,138.58,59414600.0
2006-11-14,138.97,139.74,138.12,139.62,96722200.0
2006-11-15,139.57,140.45,139.53,140.02,76522200.0
2006-11-16,140.44,140.68,139.49,140.38,76749000.0
2006-11-17,139.93,140.43,139.73,140.42,56358200.0
2006-11-20,140.3,140.74,139.94,140.5,69190900.0
2006-11-21,140.49,140.67,140.29,140.64,51373900.0
2006-11-22,140.75,141.16,140.5,140.92,45508800.0
2006-11-24,140.24,140.84,140.2,140.35,30998500.0
2006-11-27,140.28,140.35,138.38,138.42,84551400.0
2006-11-28,138.24,139.16,138.11,139.02,106671500.0
2006-11-29,139.47,140.53,139.08,140.47,91542100.0
2006-11-30,140.44,141.05,139.76,140.53,83999100.0
2006-12-01,140.53,140.66,138.97,140.22,126159100.0
2006-12-04,140.25,141.55,140.23,141.29,87816400.0
2006-12-05,141.56,141.96,141.26,141.9,73383600.0
2006-12-06,141.87,142.07,141.5,141.78,53327400.0
2006-12-07,142.03,142.3,141.11,141.16,62857400.0
2006-12-08,141.13,141.9,140.78,141.42,79625500.0
2006-12-11,141.42,142.09,141.34,141.83,39784100.0
2006-12-12,141.69,141.87,140.89,141.72,77461200.0
2006-12-13,142.23,142.34,141.56,141.87,55570000.0
2006-12-14,141.86,143.24,141.84,143.12,64780600.0
2006-12-15,142.64,142.89,142.24,142.34,70860200.0
2006-12-18,142.54,142.88,141.75,141.95,48957900.0
2006-12-19,141.55,142.56,141.19,142.22,65077800.0
2006-12-20,142.28,142.66,142.01,142.14,41473800.0
2006-12-21,142.27,142.43,141.32,141.62,48698800.0
2006-12-22,141.64,141.65,140.67,140.75,62074300.0
2006-12-26,140.81,141.61,140.78,141.58,32700100.0
2006-12-27,141.87,142.6,141.83,142.51,39736200.0
2006-12-28,142.41,142.7,141.99,142.21,37292100.0
2006-12-29,142.1,142.54,141.43,141.62,45468600.0
2007-01-03,142.25,142.86,140.57,141.37,94846800.0
2007-01-04,141.23,142.05,140.61,141.67,69638900.0
2007-01-05,141.33,141.4,140.38,140.54,76696700.0
2007-01-08,140.82,141.41,140.25,141.19,71676000.0
2007-01-09,141.31,141.6,140.4,141.07,75730400.0
2007-01-10,140.58,141.57,140.3,141.54,72484100.0
2007-01-11,141.56,142.62,141.5,142.16,55533200.0
2007-01-12,142.12,143.24,142.11,143.24,57641900.0
2007-01-16,143.07,143.44,142.73,142.96,44990100.0
2007-01-17,142.85,143.46,142.73,143.02,51598500.0
2007-01-18,143.17,143.26,142.31,142.54,68263800.0
2007-01-19,142.54,143.1,142.46,142.82,56983900.0
2007-01-22,143.07,143.1,141.93,142.38,60263300.0
2007-01-23,142.26,143.08,142.06,142.8,54091000.0
2007-01-24,142.97,143.98,142.91,143.95,56469800.0
2007-01-25,143.84,143.92,142.01,142.26,74967600.0
2007-01-26,142.57,142.65,141.58,142.16,74583600.0
2007-01-29,142.19,142.8,141.74,142.05,66216700.0
2007-01-30,142.35,142.86,142.06,142.79,70424100.0
2007-01-31,142.63,144.13,142.4,143.75,91905000.0
2007-02-01,144.15,144.66,143.91,144.61,69317300.0
2007-02-02,144.73,144.95,144.38,144.81,49607700.0
2007-02-05,144.7,144.94,144.34,144.85,45751400.0
2007-02-06,144.97,145.03,144.33,144.89,57084900.0
2007-02-07,145.12,145.36,144.57,145.21,55695600.0
2007-02-08,144.78,145.12,144.27,145.02,70648000.0
2007-02-09,145.06,145.33,143.39,143.94,79086500.0
2007-02-12,143.94,144.04,143.19,143.45,65663228.0
2007-02-13,143.77,144.9,143.76,144.66,64113480.0
2007-02-14,144.8,145.9,144.78,145.61,66062345.0
2007-02-15,145.67,145.95,145.43,145.8,38727300.0
2007-02-16,145.44,145.76,145.23,145.73,39843500.0
2007-02-20,145.56,146.2,144.06,146.04,56924500.0
2007-02-21,145.61,146.07,145.35,145.98,63994800.0
2007-02-22,146.05,146.42,145.17,145.87,79081900.0
2007-02-23,145.74,145.79,144.75,145.3,71988900.0
2007-02-26,145.83,145.95,144.75,145.17,70096062.0
2007-02-27,143.88,144.2,139.0,139.5,274953900.0
2007-02-28,140.39,141.98,139.8,140.93,177574000.0
2007-03-01,140.93,141.25,138.05,140.51,212853496.0
2007-03-02,140.05,140.66,138.66,138.67,162612800.0
2007-03-05,137.93,139.58,137.33,137.35,144649801.0
2007-03-06,138.78,140.12,137.72,139.7,143447200.0
2007-03-07,139.59,140.46,139.4,139.56,115253500.0
2007-03-08,140.54,141.16,140.07,140.74,117903266.0
2007-03-09,141.31,141.42,140.08,140.78,107772800.0
2007-03-12,140.42,141.34,140.16,140.99,80384200.0
2007-03-13,140.18,140.77,138.04,138.25,190605200.0
2007-03-14,138.43,139.36,136.75,139.28,231853800.0
2007-03-15,138.97,139.99,138.8,139.47,132435812.0
2007-03-16,139.31,139.63,138.12,138.53,122073808.0
2007-03-19,139.26,140.33,138.55,140.2,96219354.0
2007-03-20,140.08,141.05,139.96,140.97,83364744.0
2007-03-21,141.1,143.65,140.82,143.29,153436549.0
2007-03-22,143.48,143.68,142.79,143.18,119002202.0
2007-03-23,143.28,143.81,143.15,143.39,74431674.0
2007-03-26,143.5,143.65,142.09,143.2,113814330.0
2007-03-27,143.12,143.16,142.39,142.86,100592590.0
2007-03-28,142.14,142.47,141.26,141.82,152974787.0
2007-03-29,142.54,142.61,141.19,141.97,139505747.0
2007-03-30,142.24,142.84,140.56,142.0,128208880.0
2007-04-02,142.16,142.46,140.89,142.16,79454680.0
2007-04-03,142.97,143.98,142.91,143.69,82515208.0
2007-04-04,143.69,143.95,143.16,143.85,64019623.0
2007-04-05,143.67,144.44,143.61,144.24,46871640.0
2007-04-09,144.65,144.8,144.15,144.44,51153140.0
2007-04-10,144.33,144.85,144.27,144.61,56641366.0
2007-04-11,144.82,144.86,143.54,144.02,106555131.0
2007-04-12,143.74,144.92,143.34,144.66,116464748.0
2007-04-13,144.9,145.32,144.36,145.32,85181640.0
2007-04-16,145.83,146.86,145.82,146.7,83212818.0
2007-04-17,146.97,147.4,146.65,147.09,108445673.0
2007-04-18,146.6,147.7,146.57,147.27,88354163.0
2007-04-19,146.55,147.4,146.36,147.23,103366536.0
2007-04-20,148.22,148.62,147.04,148.62,124129435.0
2007-04-23,148.37,148.73,147.97,148.06,77586137.0
2007-04-24,148.23,148.4,147.32,148.12,114476697.0
2007-04-25,148.73,149.66,148.02,149.48,109171934.0
2007-04-26,149.49,149.8,149.1,149.65,88758255.0
2007-04-27,149.09,149.74,148.84,149.53,108197354.0
2007-04-30,149.64,149.74,148.21,148.29,101022774.0
2007-05-01,148.42,149.47,147.67,148.67,134447334.0
2007-05-02,148.9,149.95,148.75,149.54,87183213.0
2007-05-03,149.97,150.4,149.05,150.35,87865741.0
2007-05-04,150.75,151.12,150.22,150.92,96424729.0
2007-05-07,150.88,151.2,150.81,150.95,63691549.0
2007-05-08,150.58,150.92,150.13,150.75,81538936.0
2007-05-09,150.64,152.82,150.37,151.16,102950775.0
2007-05-10,150.73,151.02,149.27,149.58,153702478.0
2007-05-11,149.75,150.93,149.72,150.86,113415741.0
2007-05-14,150.86,151.3,149.79,150.53,108065801.0
2007-05-15,150.7,151.66,150.19,150.57,180954808.0
2007-05-16,150.8,151.63,150.38,151.6,114674127.0
2007-05-17,151.38,151.96,151.11,151.3,101569226.0
2007-05-18,152.01,152.62,151.81,152.62,99187841.0
2007-05-21,152.58,153.23,152.5,152.54,174709147.0
2007-05-22,152.7,153.16,152.38,152.42,82284087.0
2007-05-23,152.95,153.5,152.36,152.44,133961926.0
2007-05-24,152.53,153.21,150.74,151.06,187777507.0
2007-05-25,151.49,152.02,151.18,151.69,83309621.0
2007-05-29,151.94,152.5,151.45,152.24,83961894.0
2007-05-30,151.46,153.54,151.34,153.48,131293868.0
2007-05-31,153.66,153.89,153.12,153.32,115780217.0
2007-06-01,153.88,154.4,153.51,154.08,107816219.0
2007-06-04,153.54,154.39,153.48,154.1,78077762.0
2007-06-05,153.74,153.9,152.86,153.49,127966653.0
2007-06-06,152.91,152.95,151.75,151.84,164156415.0
2007-06-07,151.56,152.5,149.06,149.1,232536760.0
2007-06-08,149.5,151.19,149.09,151.04,176989611.0
2007-06-11,150.93,151.95,150.7,151.3,102540269.0
2007-06-12,150.67,151.54,149.55,149.65,235777476.0
2007-06-13,150.5,152.07,149.72,151.89,193259036.0
2007-06-14,152.06,153.12,152.03,152.86,146777231.0
2007-06-15,153.14,153.66,152.93,153.07,154433068.0
2007-06-18,153.38,153.39,152.66,152.89,88637361.0
2007-06-19,152.55,153.38,152.36,153.27,111130055.0
2007-06-20,153.58,153.58,150.96,151.14,177247940.0
2007-06-21,151.08,152.11,150.25,151.98,205276467.0
2007-06-22,151.52,151.77,149.85,150.55,205158931.0
2007-06-25,150.24,151.25,149.02,149.83,232071665.0
2007-06-26,150.21,150.46,148.28,148.29,198445634.0
2007-06-27,148.13,150.57,148.06,150.4,213637766.0
2007-06-28,150.38,151.41,149.67,150.38,157704908.0
2007-06-29,150.9,151.65,149.15,150.43,199701731.0
2007-07-02,150.87,151.92,150.77,151.79,103357331.0
2007-07-03,152.18,152.5,151.99,152.34,54048392.0
2007-07-05,152.4,152.56,151.63,152.18,89278638.0
2007-07-06,152.38,153.17,151.93,152.98,81108856.0
2007-07-09,153.16,153.36,152.62,153.0,72348059.0
2007-07-10,152.29,152.61,150.77,150.92,180362556.0
2007-07-11,150.75,152.05,150.52,151.99,175608117.0
2007-07-12,152.37,154.75,152.34,154.39,133882744.0
2007-07-13,154.57,155.46,154.39,154.85,111794261.0
2007-07-16,154.99,155.53,154.58,154.83,98382696.0
2007-07-17,154.93,156.0,154.68,154.75,126201238.0
2007-07-18,154.23,154.8,153.3,154.47,237889754.0
2007-07-19,155.2,155.53,154.75,155.07,145249637.0
2007-07-20,154.89,155.25,152.29,153.5,245504494.0
2007-07-23,154.18,154.72,153.3,153.97,121183836.0
2007-07-24,153.12,154.28,150.76,151.3,256875406.0
2007-07-25,152.02,152.39,150.25,151.61,265214482.0
2007-07-26,150.19,150.8,146.39,148.02,467592493.0
2007-07-27,148.21,148.87,145.05,145.11,422987635.0
2007-07-30,145.93,147.81,145.29,147.38,283017522.0
2007-07-31,148.33,149.46,145.04,145.72,316976706.0
2007-08-01,145.18,147.01,143.95,146.43,467669944.0
2007-08-02,146.76,147.76,145.26,147.6,294758353.0
2007-08-03,147.28,147.58,143.2,143.8,359398213.0
2007-08-06,144.21,146.83,142.53,146.21,324979665.0
2007-08-07,145.94,149.0,145.23,147.77,280693465.0
2007-08-08,148.41,150.59,147.34,149.83,274930582.0
2007-08-09,147.43,149.95,145.29,145.39,358182347.0
2007-08-10,144.39,146.5,143.12,144.71,411018374.0
2007-08-13,146.5,146.89,145.02,145.23,181987405.0
2007-08-14,145.7,146.06,142.72,143.01,264134492.0
2007-08-15,142.72,144.46,140.62,141.04,323833925.0
2007-08-16,139.79,142.94,137.0,142.1,546743619.0
2007-08-17,145.5,148.35,141.39,144.71,388218015.0
2007-08-20,145.17,145.47,143.29,144.64,187320336.0
2007-08-21,144.6,145.97,144.14,144.93,157066342.0
2007-08-22,146.01,146.8,145.33,146.65,173156672.0
2007-08-23,147.34,147.65,145.61,146.52,203915272.0
2007-08-24,146.48,148.33,146.28,148.33,128901846.0
2007-08-27,147.85,148.33,146.73,146.95,113024247.0
2007-08-28,146.16,146.25,143.46,143.72,219790628.0
2007-08-29,144.37,146.74,143.96,146.54,207654197.0
2007-08-30,145.45,147.19,145.31,146.15,191817206.0
2007-08-31,147.65,148.5,146.83,147.59,185477406.0
2007-09-04,147.45,149.98,147.4,149.08,120061971.0
2007-09-05,148.2,148.36,147.0,147.79,166261708.0
2007-09-06,147.95,148.61,147.12,148.13,127878356.0
2007-09-07,146.48,146.89,145.26,146.07,235447578.0
2007-09-10,146.52,146.72,144.33,145.79,192374772.0
2007-09-11,146.24,147.7,146.13,147.49,162081875.0
2007-09-12,147.29,148.44,146.98,147.87,149591913.0
2007-09-13,148.55,149.45,148.2,148.91,154078942.0
2007-09-14,147.96,149.09,147.74,148.9,121910941.0
2007-09-17,148.31,148.89,147.63,148.1,109870775.0
2007-09-18,148.83,152.5,148.13,152.46,263759497.0
2007-09-19,153.41,154.39,148.1,153.36,193779848.0
2007-09-20,153.34,153.43,152.11,152.28,175186778.0
2007-09-21,152.71,153.12,151.74,151.97,141463409.0
2007-09-24,152.42,152.82,151.36,151.69,139450117.0
2007-09-25,150.81,151.66,150.47,151.39,142296566.0
2007-09-26,152.25,152.77,151.39,152.19,135588854.0
2007-09-27,152.91,153.1,152.19,153.09,102713274.0
2007-09-28,152.85,153.19,151.98,152.58,133372085.0
2007-10-01,152.6,154.75,152.5,154.3,148162230.0
2007-10-02,154.61,154.65,153.81,154.09,112978769.0
2007-10-03,153.81,154.41,153.01,153.78,119055844.0
2007-10-04,154.11,154.26,153.59,154.02,76864345.0
2007-10-05,155.03,156.1,154.63,155.85,134584501.0
2007-10-08,155.39,155.49,154.77,155.02,71280351.0
2007-10-09,155.6,156.5,155.03,156.48,94054252.0
2007-10-10,156.04,156.44,155.41,156.22,101711081.0
2007-10-11,156.93,157.52,154.54,155.47,233529065.0
2007-10-12,155.46,156.35,155.27,156.33,124546644.0
2007-10-15,156.27,156.36,153.94,155.01,161151820.0
2007-10-16,154.41,156.48,153.47,153.78,166525626.0
2007-10-17,154.98,155.09,152.47,154.25,216687238.0
2007-10-18,153.45,154.19,153.08,153.69,148457453.0
2007-10-19,153.09,156.48,149.66,149.67,297169866.0
2007-10-22,148.86,150.76,148.66,150.54,261989782.0
2007-10-23,151.46,151.95,150.25,151.76,180085062.0
2007-10-24,151.21,151.74,148.0,151.48,326694120.0
2007-10-25,151.65,152.29,149.88,151.84,237374487.0
2007-10-26,153.06,153.62,151.9,153.62,176491208.0
2007-10-29,153.93,154.44,153.55,154.13,106840923.0
2007-10-30,153.45,153.75,152.87,153.06,132981516.0
2007-10-31,153.98,155.27,152.84,154.65,220954386.0
2007-11-01,153.29,153.41,150.59,151.03,333040702.0
2007-11-02,151.53,152.0,149.21,151.2,331228171.0
2007-11-05,149.64,151.16,148.0,150.05,226845931.0
2007-11-06,150.86,152.11,149.9,152.07,177800407.0
2007-11-07,150.44,152.11,147.55,147.91,306639644.0
2007-11-08,147.99,149.3,145.07,147.16,374510087.0
2007-11-09,145.69,147.54,144.89,145.14,277745044.0
2007-11-12,145.21,146.61,143.7,143.7,243087901.0
2007-11-13,145.37,148.31,145.22,148.08,191117400.0
2007-11-14,149.22,149.4,146.78,147.67,230558773.0
2007-11-15,146.57,147.49,144.52,145.54,263111078.0
2007-11-16,146.31,146.47,144.57,145.79,308771041.0
2007-11-19,145.28,145.36,143.19,143.76,267745911.0
2007-11-20,144.02,145.53,142.11,144.64,414767456.0
2007-11-21,143.08,143.91,141.67,141.68,259196735.0
2007-11-23,143.07,144.34,142.7,144.13,77688317.0
2007-11-26,144.43,144.88,140.66,140.95,214232568.0
2007-11-27,141.74,143.23,140.95,142.57,293900195.0
2007-11-28,144.19,147.47,144.14,147.13,259096930.0
2007-11-29,146.62,147.72,146.1,147.18,199411087.0
2007-11-30,149.04,149.87,147.33,148.66,222907919.0
2007-12-03,148.19,148.45,147.29,147.68,146430461.0
2007-12-04,146.66,147.54,146.31,146.36,136533869.0
2007-12-05,147.93,149.2,147.83,148.81,171129967.0
2007-12-06,148.63,151.21,148.57,150.94,154542538.0
2007-12-07,151.42,151.5,150.55,150.91,148980042.0
2007-12-10,151.28,152.25,150.86,152.08,123914390.0
2007-12-11,152.14,152.89,147.83,147.91,250346381.0
2007-12-12,151.06,151.77,147.2,149.37,322435576.0
2007-12-13,148.32,149.39,147.3,149.06,237607051.0
2007-12-14,147.93,149.1,147.1,147.17,159152848.0
2007-12-17,146.61,146.87,144.86,145.07,177269311.0
2007-12-18,146.1,146.48,143.96,145.88,245569258.0
2007-12-19,145.94,146.89,144.94,145.88,198917144.0
2007-12-20,146.84,146.86,145.18,146.8,214813762.0
2007-12-21,147.37,148.42,147.09,148.13,146090319.0
2007-12-24,148.82,149.48,148.48,149.23,45601326.0
2007-12-26,148.65,149.68,148.5,149.55,67118073.0
2007-12-27,149.02,149.03,147.32,147.67,122981696.0
2007-12-28,148.54,148.61,146.9,147.3,116398074.0
2007-12-31,147.1,147.61,146.06,146.21,108126722.0
2008-01-02,146.53,146.99,143.88,144.93,204935531.0
2008-01-03,144.91,145.49,144.07,144.86,125133258.0
2008-01-04,143.34,143.44,140.91,141.31,232330819.0
2008-01-07,141.81,142.23,140.1,141.19,234990926.0
2008-01-08,142.08,142.9,138.44,138.91,326366804.0
2008-01-09,139.09,140.79,137.7,140.37,301910852.0
2008-01-10,139.68,142.8,139.37,141.29,335701114.0
2008-01-11,140.78,141.9,139.0,140.15,267076591.0
2008-01-14,141.16,141.86,140.4,141.28,170365600.0
2008-01-15,139.79,141.49,137.9,138.17,240456494.0
2008-01-16,137.36,139.12,136.28,136.98,378955910.0
2008-01-17,137.81,137.88,132.93,133.43,398404809.0
2008-01-18,134.74,135.02,131.1,132.06,348561439.0
2008-01-22,127.21,132.43,126.0,130.72,435925182.0
2008-01-23,127.09,134.19,126.84,133.86,511912974.0
2008-01-24,134.48,135.46,133.31,134.99,259949233.0
2008-01-25,136.51,136.76,132.6,133.04,269603877.0
2008-01-28,133.26,135.52,132.06,135.24,217934538.0
2008-01-29,136.1,136.45,134.88,135.91,168968791.0
2008-01-30,135.58,138.54,134.6,134.91,334939168.0
2008-01-31,133.4,138.54,133.2,137.37,343680718.0
2008-02-01,137.94,139.61,137.52,139.58,206843683.0
2008-02-04,139.21,139.3,137.64,137.82,124694258.0
2008-02-05,135.94,136.25,133.67,134.13,286882428.0
2008-02-06,134.58,135.25,132.41,133.05,250792900.0
2008-02-07,131.8,134.79,131.73,133.93,297541558.0
2008-02-08,133.09,134.22,132.1,133.07,221643475.0
2008-02-11,133.1,134.23,132.04,133.75,188576221.0
2008-02-12,134.91,136.31,133.98,134.99,256654378.0
2008-02-13,136.01,137.1,135.14,136.37,181967779.0
2008-02-14,136.95,137.0,134.79,135.17,215207108.0
2008-02-15,134.55,136.1,133.36,135.14,154110256.0
2008-02-19,136.69,136.89,134.61,135.52,145189997.0
2008-02-20,133.99,137.6,133.76,135.92,220709388.0
2008-02-21,136.66,137.01,134.07,134.79,201051185.0
2008-02-22,134.97,135.85,132.86,135.62,205490992.0
2008-02-25,135.54,137.65,134.78,137.33,190106974.0
2008-02-26,136.75,138.95,136.5,138.36,212420648.0
2008-02-27,137.56,139.14,137.41,138.22,168395790.0
2008-02-28,137.24,137.96,136.55,136.87,170831046.0
2008-02-29,135.6,137.03,132.78,133.82,252715127.0
2008-03-03,133.14,133.81,132.24,133.5,195613597.0
2008-03-04,132.23,133.4,130.99,132.99,282513064.0
2008-03-05,133.41,134.77,132.34,133.83,270681315.0
2008-03-06,132.98,133.22,130.55,131.06,247912112.0
2008-03-07,129.63,131.74,128.58,129.71,326434577.0
2008-03-10,129.81,129.93,127.59,128.0,235683379.0
2008-03-11,130.72,132.72,127.72,132.6,341875778.0
2008-03-12,132.73,133.77,131.16,131.36,229161103.0
2008-03-13,129.61,132.64,128.6,131.65,351881388.0
2008-03-14,132.71,132.81,127.78,129.08,459520485.0
2008-03-17,126.57,129.26,126.07,128.3,405311065.0
2008-03-18,130.62,133.69,129.98,133.63,334416531.0
2008-03-19,134.14,134.65,130.04,130.32,345971558.0
2008-03-20,130.05,132.91,129.26,132.08,245320642.0
2008-03-24,133.31,135.81,133.24,134.72,209110354.0
2008-03-25,134.86,135.55,133.77,134.85,192947165.0
2008-03-26,134.46,135.09,133.11,133.2,196934212.0
2008-03-27,134.2,134.44,132.36,132.78,225153152.0
2008-03-28,132.99,133.36,131.06,131.51,180918668.0
2008-03-31,131.29,132.73,131.09,131.97,166692100.0
2008-04-01,133.71,136.84,133.51,136.61,254547255.0
2008-04-02,137.06,137.67,135.98,136.7,210910787.0
2008-04-03,135.94,137.44,135.71,137.04,175884744.0
2008-04-04,137.12,137.96,136.12,136.89,204473086.0
2008-04-07,137.87,138.57,136.74,136.96,154381330.0
2008-04-08,136.19,137.16,135.95,136.82,148937266.0
2008-04-09,136.61,136.8,134.89,135.83,195610559.0
2008-04-10,135.39,136.67,134.9,136.02,192967836.0
2008-04-11,134.45,135.98,133.01,133.38,222973288.0
2008-04-14,133.19,133.54,132.55,132.93,160521950.0
2008-04-15,133.58,133.69,132.33,133.24,172389154.0
2008-04-16,134.54,136.93,134.4,136.85,189268809.0
2008-04-17,136.02,137.25,135.66,137.05,179707519.0
2008-04-18,138.94,139.56,138.26,138.48,218530591.0
2008-04-21,138.23,138.98,136.87,138.55,118587402.0
2008-04-22,138.19,138.37,136.64,137.94,162166076.0
2008-04-23,138.09,138.78,137.12,137.72,193309031.0
2008-04-24,138.08,139.74,137.04,138.32,229381367.0
2008-04-25,139.41,139.89,137.91,139.6,190788061.0
2008-04-28,139.88,140.25,139.38,139.63,105616522.0
2008-04-29,139.39,139.73,138.61,139.08,125514035.0
2008-04-30,139.29,140.59,138.26,138.26,208395818.0
2008-05-01,138.39,141.12,138.27,141.12,187279487.0
2008-05-02,142.33,142.37,140.56,141.51,181585519.0
2008-05-05,141.05,141.61,140.41,140.83,118510376.0
2008-05-06,140.01,142.2,139.69,142.05,179339817.0
2008-05-07,141.89,142.04,139.13,139.52,199267237.0
2008-05-08,139.74,140.32,138.98,139.16,178321159.0
2008-05-09,138.6,139.39,138.45,138.9,152589652.0
2008-05-12,139.25,140.56,138.73,140.46,150911417.0
2008-05-13,140.8,140.89,139.73,140.48,159141858.0
2008-05-14,141.07,142.2,140.46,140.77,181910731.0
2008-05-15,141.04,142.63,140.83,142.53,166926993.0
2008-05-16,142.86,142.87,141.61,142.66,204236796.0
2008-05-19,142.81,144.3,142.3,143.05,165704071.0
2008-05-20,142.27,142.34,141.0,141.89,178552026.0
2008-05-21,141.81,142.12,139.0,139.49,252724795.0
2008-05-22,139.43,140.17,139.0,139.51,170820315.0
2008-05-23,139.05,139.66,137.52,137.64,181436189.0
2008-05-27,137.8,139.0,137.53,138.66,168322809.0
2008-05-28,139.17,140.0,138.0,139.3,181288080.0
2008-05-29,139.13,140.93,139.08,140.0,173927173.0
2008-05-30,140.47,140.74,139.94,140.35,117361933.0
2008-06-02,139.83,139.86,138.0,138.9,181069856.0
2008-06-03,139.3,139.62,137.23,138.09,272049901.0
2008-06-04,137.7,139.16,137.46,138.02,246726346.0
2008-06-05,138.58,140.89,138.08,140.78,237867025.0
2008-06-06,139.55,139.8,136.22,136.29,384276297.0
2008-06-09,136.86,137.5,135.41,136.62,228263864.0
2008-06-10,135.67,137.1,135.35,135.94,260234811.0
2008-06-11,135.97,136.26,133.93,133.94,284064388.0
2008-06-12,134.6,135.87,133.52,134.45,252791740.0
2008-06-13,135.17,136.52,134.42,136.15,244727072.0
2008-06-16,135.55,136.93,135.46,136.23,185832466.0
2008-06-17,137.07,137.12,135.37,135.57,191743789.0
2008-06-18,134.69,135.52,133.71,134.25,266970557.0
2008-06-19,134.15,135.24,132.0,134.42,304310864.0
2008-06-20,132.84,133.09,131.22,131.58,289275675.0
2008-06-23,132.09,132.23,131.32,131.45,165115667.0
2008-06-24,131.05,132.44,130.19,131.19,267300600.0
2008-06-25,131.72,133.4,131.24,131.81,287853822.0
2008-06-26,130.57,131.42,128.08,128.23,297774971.0
2008-06-27,128.28,128.86,127.04,127.53,303423342.0
2008-06-30,127.89,128.91,127.3,127.98,258888157.0
2008-07-01,126.52,128.47,125.93,128.38,388621949.0
2008-07-02,128.79,129.16,125.95,126.18,291223193.0
2008-07-03,127.11,127.11,124.99,126.31,239359650.0
2008-07-07,126.79,127.34,123.92,125.02,372427205.0
2008-07-08,124.99,127.39,124.2,127.24,376225357.0
2008-07-09,127.5,127.74,124.39,124.79,336789772.0
2008-07-10,124.43,125.79,123.58,125.3,436475660.0
2008-07-11,123.97,125.9,122.49,123.84,481124589.0
2008-07-14,125.26,125.5,122.4,122.72,322720839.0
2008-07-15,121.8,123.49,120.02,120.99,502502423.0
2008-07-16,121.45,124.57,121.1,123.96,371642870.0
2008-07-17,125.14,126.26,124.09,125.2,375490518.0
2008-07-18,126.17,126.42,125.15,125.98,267030007.0
2008-07-21,126.51,126.8,125.19,126.05,222862990.0
2008-07-22,125.15,127.8,124.85,127.48,296904155.0
2008-07-23,127.89,129.15,127.55,128.17,311698327.0
2008-07-24,128.34,128.41,125.16,125.51,248634472.0
2008-07-25,125.89,126.49,125.17,125.48,219130985.0
2008-07-28,125.51,126.06,123.42,123.64,205202879.0
2008-07-29,123.98,126.38,123.64,126.28,261505542.0
2008-07-30,127.11,128.6,126.28,128.53,354709945.0
2008-07-31,127.4,128.57,126.63,126.83,277402187.0
2008-08-01,127.12,127.28,125.46,126.16,248703556.0
2008-08-04,126.04,126.14,124.76,124.99,188251720.0
2008-08-05,126.02,128.56,124.97,128.36,251624292.0
2008-08-06,128.02,129.3,127.48,128.93,209555389.0
2008-08-07,127.96,129.06,126.54,127.01,246312455.0
2008-08-08,126.58,129.93,126.38,129.37,260811653.0
2008-08-11,129.47,131.51,129.23,130.71,249425782.0
2008-08-12,130.28,130.7,128.73,129.35,213200792.0
2008-08-13,128.79,129.65,127.67,128.57,256467211.0
2008-08-14,127.84,130.28,127.75,129.54,239556086.0
2008-08-15,129.93,130.5,129.3,130.17,181005385.0
2008-08-18,130.43,130.48,127.66,128.39,172275090.0
2008-08-19,127.42,128.12,126.53,126.99,194673636.0
2008-08-20,127.39,127.95,126.34,127.58,225498123.0
2008-08-21,126.75,128.44,126.6,127.8,180609785.0
2008-08-22,128.67,129.65,127.8,129.65,167715248.0
2008-08-25,128.8,129.65,126.75,127.02,171936874.0
2008-08-26,127.02,127.87,126.58,127.39,159117183.0
2008-08-27,127.55,128.83,127.3,128.63,171032725.0
2008-08-28,129.28,130.34,128.63,130.19,167537065.0
2008-08-29,129.73,130.14,128.51,128.79,189209985.0
2008-09-02,130.03,130.71,127.52,127.99,252469587.0
2008-09-03,127.88,128.5,126.93,127.88,251949709.0
2008-09-04,126.97,127.23,123.96,124.03,340438555.0
2008-09-05,123.29,124.95,122.0,124.42,289514595.0
2008-09-08,128.04,128.24,124.42,126.99,364148821.0
2008-09-09,127.1,127.36,122.8,123.22,377326719.0
2008-09-10,123.89,124.9,122.55,123.72,298916535.0
2008-09-11,122.12,125.74,121.6,125.51,375369319.0
2008-09-12,124.29,126.21,123.83,126.09,297851196.0
2008-09-15,121.63,125.65,119.89,120.09,483606961.0
2008-09-16,117.2,122.32,117.0,122.1,581744246.0
2008-09-17,119.64,121.85,116.0,116.61,624095548.0
2008-09-18,118.05,121.79,113.8,120.07,776114658.0
2008-09-19,126.7,128.0,116.52,124.12,501146907.0
2008-09-22,124.45,124.75,120.36,121.31,249966466.0
2008-09-23,120.85,122.02,118.28,118.55,328230198.0
2008-09-24,119.35,120.0,117.79,118.93,311871169.0
2008-09-25,119.4,121.91,118.44,120.79,328252953.0
2008-09-26,118.83,121.5,118.51,120.85,285917303.0
2008-09-29,119.0,119.04,110.97,111.38,459562289.0
2008-09-30,113.51,116.8,112.71,115.99,328510275.0
2008-10-01,115.27,116.69,113.95,116.06,333084914.0
2008-10-02,114.95,115.11,111.06,111.85,365632407.0
2008-10-03,112.86,115.45,109.68,110.34,461832495.0
2008-10-06,107.15,109.86,100.64,104.72,610790992.0
2008-10-07,106.84,107.33,99.65,100.03,540213491.0
2008-10-08,97.52,102.18,96.81,97.51,725787952.0
2008-10-09,99.66,100.62,90.25,90.7,534758440.0
2008-10-10,86.76,93.94,83.58,88.5,871546886.0
2008-10-13,93.87,101.35,89.95,101.35,456904722.0
2008-10-14,104.7,105.53,97.11,99.85,546688419.0
2008-10-15,97.46,97.8,89.71,90.02,484627451.0
2008-10-16,91.29,94.77,86.54,93.77,708811161.0
2008-10-17,91.99,98.59,91.65,93.21,476770069.0
2008-10-20,95.35,99.1,94.09,98.81,321294111.0
2008-10-21,96.97,98.64,95.22,95.86,356501918.0
2008-10-22,93.2,95.86,87.53,90.64,516167991.0
2008-10-23,90.29,92.45,85.81,91.69,634666348.0
2008-10-24,84.06,89.92,84.0,87.04,545812560.0
2008-10-27,85.97,89.51,83.7,83.95,400238591.0
2008-10-28,87.34,94.24,84.53,93.76,639939456.0
2008-10-29,93.77,97.17,92.1,93.08,531381584.0
2008-10-30,95.78,96.54,92.9,96.3,414582025.0
2008-10-31,95.08,98.57,94.48,96.83,411499930.0
2008-11-03,96.78,97.69,95.95,97.11,205566755.0
2008-11-04,99.06,100.86,96.71,100.41,346977620.0
2008-11-05,99.2,100.71,95.0,96.19,390404104.0
2008-11-06,94.46,95.44,90.06,90.86,477982837.0
2008-11-07,91.65,94.0,90.5,93.86,380538559.0
2008-11-10,95.21,95.53,90.92,92.63,301903186.0
2008-11-11,90.76,92.14,88.65,89.77,418596705.0
2008-11-12,88.23,90.15,85.12,85.82,454330554.0
2008-11-13,86.13,91.73,82.09,91.17,753800996.0
2008-11-14,89.41,92.06,86.52,86.62,540352274.0
2008-11-17,86.38,88.56,85.16,85.47,415543773.0
2008-11-18,85.15,87.22,82.91,87.08,524140602.0
2008-11-19,85.91,86.87,80.92,81.5,558809438.0
2008-11-20,80.13,82.51,75.05,75.45,814180365.0
2008-11-21,77.46,80.9,74.34,79.52,718768573.0
2008-11-24,81.92,86.98,81.17,85.03,523462008.0
2008-11-25,87.3,87.51,83.82,85.66,454188290.0
2008-11-26,84.3,89.19,84.24,88.97,370320441.0
2008-11-28,88.63,90.13,88.48,90.09,119905331.0
2008-12-01,87.51,87.55,81.86,82.11,370826753.0
2008-12-02,83.47,85.49,82.04,85.27,469785220.0
2008-12-03,83.4,87.83,83.14,87.32,520103726.0
2008-12-04,86.06,88.05,83.74,85.3,444341542.0
2008-12-05,83.65,88.42,82.24,87.93,472064235.0
2008-12-08,90.34,92.38,88.08,91.0,413016783.0
2008-12-09,90.37,92.13,88.98,89.5,370862472.0
2008-12-10,90.32,91.36,89.0,90.11,396381231.0
2008-12-11,89.54,91.0,87.37,87.94,366329668.0
2008-12-12,85.55,89.07,85.2,88.99,415140912.0
2008-12-15,89.02,89.15,86.29,87.75,256846094.0
2008-12-16,88.3,92.02,87.37,91.88,377699953.0
2008-12-17,90.84,92.43,90.06,90.99,288101788.0
2008-12-18,91.4,91.67,88.21,89.29,374829388.0
2008-12-19,89.1,90.62,88.09,88.19,301523386.0
2008-12-22,88.58,88.67,85.49,87.06,244192166.0
2008-12-23,87.53,87.93,85.8,86.16,221772540.0
2008-12-24,86.45,86.87,86.0,86.66,62142421.0
2008-12-26,87.24,87.3,86.5,87.16,74775826.0
2008-12-29,87.24,87.33,85.6,86.91,128419175.0
2008-12-30,87.51,89.05,86.88,88.97,168555662.0
2008-12-31,89.08,90.97,88.87,90.24,194141827.0
2009-01-02,90.44,93.44,89.85,92.96,227638523.0
2009-01-05,92.63,94.55,91.89,92.85,240697608.0
2009-01-06,93.64,94.45,92.68,93.47,328481747.0
2009-01-07,92.0,92.26,90.2,90.67,281047574.0
2009-01-08,90.16,91.09,89.67,91.04,263834401.0
2009-01-09,91.16,91.32,85.36,89.09,331160908.0
2009-01-12,88.84,88.91,86.41,86.95,278008387.0
2009-01-13,86.73,87.88,86.2,87.11,356731781.0
2009-01-14,85.54,85.75,83.16,84.37,435967129.0
2009-01-15,84.12,85.25,81.72,84.4,533808811.0
2009-01-16,85.86,85.99,83.05,85.06,399307014.0
2009-01-20,84.23,85.06,80.05,80.57,420108448.0
2009-01-21,81.94,84.24,80.47,84.05,364767258.0
2009-01-22,82.42,84.04,81.17,82.75,427940436.0
2009-01-23,80.9,83.99,80.57,83.11,386800533.0
2009-01-26,83.59,85.36,82.81,83.68,318269470.0
2009-01-27,84.13,85.15,83.3,84.53,274111851.0
2009-01-28,86.4,87.95,86.07,87.39,330317423.0
2009-01-29,86.11,87.49,84.47,84.55,294591469.0
2009-01-30,84.98,85.4,82.21,82.83,383464165.0
2009-02-02,81.57,83.18,81.31,82.58,288488899.0
2009-02-03,83.1,84.36,82.22,83.74,278480540.0
2009-02-04,84.3,85.37,83.04,83.33,322993929.0
2009-02-05,82.7,85.29,77.73,84.57,417679916.0
2009-02-06,84.86,87.34,84.68,86.98,366101656.0
2009-02-09,86.96,87.74,86.32,87.1,240075116.0
2009-02-10,86.27,87.03,82.45,83.11,536212730.0
2009-02-11,83.45,84.05,82.4,83.6,324674586.0
2009-02-12,82.17,83.82,81.05,83.66,469302192.0
2009-02-13,83.55,84.24,82.74,82.76,293998386.0
2009-02-17,80.16,82.96,79.17,79.22,478910634.0
2009-02-18,79.79,79.94,78.28,79.03,362970111.0
2009-02-19,79.84,80.15,78.02,78.18,316869547.0
2009-02-20,76.73,78.34,75.77,77.42,477176566.0
2009-02-23,78.27,78.27,74.59,74.65,379644668.0
2009-02-24,75.29,77.95,74.7,77.48,426412267.0
2009-02-25,77.14,78.42,75.63,76.87,462039594.0
2009-02-26,77.82,79.67,75.53,75.62,363371321.0
2009-02-27,74.01,75.69,73.81,73.93,470568851.0
2009-03-02,72.52,73.92,70.37,70.6,426453248.0
2009-03-03,71.61,71.7,69.64,70.07,443761154.0
2009-03-04,71.23,72.87,70.07,71.73,462763396.0
2009-03-05,70.1,71.73,68.17,68.8,485551217.0
2009-03-06,69.4,70.45,67.1,68.92,490495181.0
2009-03-09,67.95,70.0,67.73,68.11,379907248.0
2009-03-10,69.51,72.37,69.37,72.17,406230757.0
2009-03-11,73.0,73.75,71.83,72.64,356809978.0
2009-03-12,72.62,75.75,71.97,75.5,409818582.0
2009-03-13,76.01,76.98,74.73,76.09,337474612.0
2009-03-16,76.96,77.97,75.81,75.86,360821360.0
2009-03-17,76.07,78.36,75.45,78.18,357075105.0
2009-03-18,77.77,80.9,77.07,79.93,473552378.0
2009-03-19,80.97,81.0,78.69,78.94,428597138.0
2009-03-20,78.75,78.91,76.53,76.71,371165651.0
2009-03-23,78.86,82.29,78.31,80.83,420247245.0
2009-03-24,81.26,82.36,80.51,80.6,330843985.0
2009-03-25,81.32,82.7,79.06,81.45,441995020.0
2009-03-26,82.3,83.3,81.32,83.11,422025298.0
2009-03-27,81.89,82.53,81.31,81.61,322343625.0
2009-03-30,79.73,79.87,77.96,78.79,324108478.0
2009-03-31,79.55,81.08,79.05,79.52,364238267.0
2009-04-01,78.51,81.42,78.33,81.06,377018284.0
2009-04-02,83.16,84.61,81.13,83.43,476230899.0
2009-04-03,83.49,84.28,82.67,84.26,284646280.0
2009-04-06,83.34,84.27,82.29,83.6,264866540.0
2009-04-07,82.25,83.63,81.51,81.65,259071910.0
2009-04-08,82.06,82.94,81.54,82.53,230402749.0
2009-04-09,84.67,85.82,84.33,85.81,269653423.0
2009-04-13,84.92,86.54,84.58,85.83,224847431.0
2009-04-14,85.05,85.76,84.08,84.35,276598725.0
2009-04-15,83.84,85.42,83.61,85.25,250726037.0
2009-04-16,85.93,87.15,84.77,86.5,335202868.0
2009-04-17,86.83,87.65,86.14,87.08,262648937.0
2009-04-20,85.54,87.05,83.34,83.43,293690096.0
2009-04-21,82.82,85.13,82.75,85.06,300478349.0
2009-04-22,84.29,86.34,84.07,84.54,340395130.0
2009-04-23,84.71,85.42,83.63,85.37,324903639.0
2009-04-24,86.03,87.31,85.69,86.66,287702994.0
2009-04-27,85.68,87.01,85.54,85.84,289581577.0
2009-04-28,84.97,86.59,84.76,85.57,247927845.0
2009-04-29,86.52,88.36,85.64,87.39,311505611.0
2009-04-30,88.55,89.02,86.92,87.42,301419716.0
2009-05-01,87.44,88.21,86.72,87.89,236110289.0
2009-05-04,88.55,90.94,88.38,90.88,287119943.0
2009-05-05,90.57,90.93,89.84,90.57,243036257.0
2009-05-06,91.68,92.2,90.61,92.14,291940993.0
2009-05-07,93.01,93.15,90.28,90.86,317800496.0
2009-05-08,92.03,93.22,90.91,92.98,299081637.0
2009-05-11,91.7,92.11,91.04,91.24,247923537.0
2009-05-12,91.63,91.83,89.85,90.97,282431248.0
2009-05-13,89.74,90.01,88.5,88.68,269619034.0
2009-05-14,88.72,90.12,88.5,89.44,260098610.0
2009-05-15,89.37,90.0,88.15,88.71,271502644.0
2009-05-18,89.55,91.34,88.57,91.23,242217264.0
2009-05-19,91.18,91.97,90.81,91.12,206102165.0
2009-05-20,91.95,92.8,90.41,90.51,285898129.0
2009-05-21,89.46,89.8,88.26,89.21,258988348.0
2009-05-22,89.46,90.0,88.68,89.02,166811890.0
2009-05-26,88.36,91.56,88.32,91.3,236318435.0
2009-05-27,91.44,91.75,89.53,89.67,246313516.0
2009-05-28,90.46,91.34,89.1,90.92,289094940.0
2009-05-29,91.42,93.7,90.68,92.53,258641403.0
2009-06-01,93.67,95.17,93.43,94.77,276246736.0
2009-06-02,94.4,95.37,94.23,94.85,230874413.0
2009-06-03,94.04,94.13,92.76,93.65,235403909.0
2009-06-04,94.0,94.67,93.3,94.53,210102279.0
2009-06-05,95.49,95.67,93.8,94.55,284257858.0
2009-06-08,93.84,95.1,93.04,94.16,238565101.0
2009-06-09,94.69,95.14,94.02,94.64,225125447.0
2009-06-10,95.48,95.49,93.19,94.4,296100341.0
2009-06-11,94.58,96.11,94.56,94.82,275414130.0
2009-06-12,94.4,95.14,94.0,95.08,184372990.0
2009-06-15,93.96,94.02,92.4,92.9,224190426.0
2009-06-16,93.23,93.29,91.58,91.64,227318999.0
2009-06-17,91.6,92.33,90.83,91.55,223445332.0
2009-06-18,91.69,92.67,91.25,92.22,211725057.0
2009-06-19,92.58,92.7,91.52,92.04,215655554.0
2009-06-22,91.14,91.19,89.25,89.28,251913590.0
2009-06-23,89.47,89.88,88.85,89.35,188309715.0
2009-06-24,90.16,91.08,89.6,90.12,211577613.0
2009-06-25,89.67,92.17,89.57,92.08,279410908.0
2009-06-26,91.77,92.24,91.27,91.84,167578971.0
2009-06-29,92.11,92.82,91.6,92.7,168481226.0
2009-06-30,92.72,93.06,91.27,91.95,228888184.0
2009-07-01,92.34,93.23,92.21,92.33,173041091.0
2009-07-02,91.13,91.16,89.76,89.81,212309828.0
2009-07-06,88.94,89.93,88.66,89.8,174499587.0
2009-07-07,89.71,89.82,88.0,88.06,197088848.0
2009-07-08,88.59,88.8,87.0,88.0,248050486.0
2009-07-09,88.61,88.9,87.91,88.17,163777534.0
2009-07-10,87.7,88.49,87.35,87.96,173520274.0
2009-07-13,88.31,90.17,87.59,90.1,217413403.0
2009-07-14,90.38,90.69,89.73,90.61,181555369.0
2009-07-15,91.81,93.51,90.68,93.26,220877822.0
2009-07-16,93.0,94.51,92.82,93.11,231174490.0
2009-07-17,94.06,94.32,93.54,94.13,138561667.0
2009-07-20,94.68,95.29,94.19,95.13,164179393.0
2009-07-21,95.87,95.9,94.42,95.57,217718237.0
2009-07-22,94.96,96.13,94.89,95.55,196067554.0
2009-07-23,95.61,98.08,95.53,97.66,258795486.0
2009-07-24,97.2,98.14,96.69,98.06,154003013.0
2009-07-27,97.88,98.4,97.34,98.35,159259390.0
2009-07-28,97.66,98.37,97.06,97.89,186685697.0
2009-07-29,97.44,98.09,96.98,97.65,194399284.0
2009-07-30,98.83,99.83,98.6,98.67,225575365.0
2009-07-31,98.65,99.47,98.38,98.81,207357955.0
2009-08-03,99.85,100.53,99.31,100.44,175776845.0
2009-08-04,99.99,100.84,99.78,100.7,176714531.0
2009-08-05,100.77,100.86,99.58,100.41,184726382.0
2009-08-06,100.87,101.02,99.42,99.89,193203766.0
2009-08-07,100.94,102.03,100.39,101.2,220684347.0
2009-08-10,100.74,101.22,100.27,100.99,130898603.0
2009-08-11,100.54,100.61,99.46,99.73,157300973.0
2009-08-12,99.56,101.56,99.51,100.8,219052366.0
2009-08-13,101.26,101.61,100.26,101.57,176449495.0
2009-08-14,101.52,101.6,99.7,100.79,199691264.0
2009-08-17,98.85,98.95,98.11,98.31,237892610.0
2009-08-18,98.53,99.44,98.35,99.09,173461411.0
2009-08-19,98.31,100.3,98.21,99.96,192812731.0
2009-08-20,100.09,101.22,99.87,100.99,174131266.0
2009-08-21,101.82,103.13,101.62,102.97,224604936.0
2009-08-24,103.39,103.95,102.59,102.96,191278905.0
2009-08-25,103.37,104.26,102.94,103.16,215310557.0
2009-08-26,102.84,103.64,102.49,103.17,194620649.0
2009-08-27,103.11,103.72,101.94,103.4,196230012.0
2009-08-28,104.23,104.35,102.67,103.38,147024385.0
2009-08-31,102.36,102.58,101.79,102.46,176051535.0
2009-09-01,101.97,103.24,99.99,100.2,321276728.0
2009-09-02,99.77,100.44,99.57,99.82,171804979.0
2009-09-03,100.36,100.77,99.59,100.65,143572281.0
2009-09-04,100.9,102.09,100.55,102.06,142687808.0
2009-09-08,103.02,103.05,102.39,102.94,132909024.0
2009-09-09,103.1,104.08,102.8,103.73,154612484.0
2009-09-10,103.79,104.86,103.22,104.79,162902370.0
2009-09-11,104.96,105.3,104.28,104.77,152383538.0
2009-09-14,103.91,105.46,103.15,105.28,149593734.0
2009-09-15,105.44,106.11,104.76,105.72,196795897.0
2009-09-16,106.12,107.34,105.73,107.32,206406229.0
2009-09-17,107.24,108.06,106.57,107.16,229170848.0
2009-09-18,107.14,107.16,106.36,106.72,153799032.0
2009-09-21,105.91,106.72,105.66,106.45,151891981.0
2009-09-22,107.07,107.37,106.6,107.07,143126642.0
2009-09-23,107.31,108.03,105.99,106.18,225947337.0
2009-09-24,106.43,106.64,104.55,105.01,228636708.0
2009-09-25,104.76,105.36,104.09,104.45,204058931.0
2009-09-28,104.85,106.55,104.83,106.32,118285275.0
2009-09-29,106.47,107.02,105.78,106.0,133733834.0
2009-09-30,106.36,106.46,104.62,105.59,254382968.0
2009-10-01,105.35,105.73,102.95,103.0,281840568.0
2009-10-02,102.0,103.1,101.99,102.49,224748757.0
2009-10-05,102.87,104.32,102.6,104.02,149874949.0
2009-10-06,104.78,106.11,104.71,105.51,202491015.0
2009-10-07,105.26,105.91,105.07,105.8,159200262.0
2009-10-08,106.59,107.17,105.84,106.61,183305731.0
2009-10-09,106.62,107.26,106.36,107.26,135008260.0
2009-10-12,107.73,108.09,107.28,107.68,118030971.0
2009-10-13,107.38,107.71,106.76,107.46,157692668.0
2009-10-14,108.74,109.42,107.42,109.31,191421516.0
2009-10-15,108.79,109.71,108.73,109.71,173873591.0
2009-10-16,108.78,109.27,108.23,108.89,192069345.0
2009-10-19,109.05,110.13,108.73,109.79,159530358.0
2009-10-20,109.96,109.99,108.68,109.21,180921009.0
2009-10-21,109.04,110.31,108.15,108.23,225787463.0
2009-10-22,108.19,109.68,107.5,109.33,238443948.0
2009-10-23,109.72,109.76,107.63,108.08,240033192.0
2009-10-26,108.23,109.31,106.61,106.91,242028169.0
2009-10-27,107.04,107.39,106.16,106.42,253265795.0
2009-10-28,106.18,106.48,104.35,104.41,248821371.0
2009-10-29,105.19,106.86,104.94,106.65,198110571.0
2009-10-30,106.3,106.62,103.44,103.56,325608088.0
2009-11-02,104.14,105.41,103.08,104.32,254489769.0
2009-11-03,103.69,104.8,103.54,104.65,228362523.0
2009-11-04,105.55,106.33,104.65,104.92,247996688.0
2009-11-05,105.63,106.88,105.44,106.85,180015203.0
2009-11-06,106.16,107.4,106.05,107.13,170954088.0
2009-11-09,107.99,109.63,107.87,109.57,159495654.0
2009-11-10,109.32,109.93,108.97,109.59,171899752.0
2009-11-11,110.29,110.82,109.62,110.15,169466161.0
2009-11-12,110.0,110.57,108.75,109.03,157144501.0
2009-11-13,109.31,110.09,108.75,109.62,150962935.0
2009-11-16,110.38,111.69,110.32,111.21,210922108.0
2009-11-17,110.92,111.39,110.5,111.34,147134089.0
2009-11-18,111.26,111.43,110.57,111.27,156486734.0
2009-11-19,110.51,111.31,109.13,109.82,208734520.0
2009-11-20,109.25,109.76,109.01,109.43,134195979.0
2009-11-23,110.72,111.74,110.6,110.82,148010135.0
2009-11-24,111.0,111.2,110.01,110.99,138420046.0
2009-11-25,111.17,111.5,110.82,111.38,109564770.0
2009-11-27,108.4,110.32,108.29,109.57,126001795.0
2009-11-30,109.48,110.2,108.12,109.94,160874797.0
2009-12-01,110.92,111.66,110.73,111.3,159613619.0
2009-12-02,111.28,112.01,110.92,111.25,132315059.0
2009-12-03,111.54,112.18,110.29,110.38,167324826.0
2009-12-04,111.84,112.38,110.04,111.01,274907788.0
2009-12-07,110.95,111.53,110.49,110.84,127973802.0
2009-12-08,110.06,110.77,109.27,109.61,169863654.0
2009-12-09,109.59,110.18,109.02,110.02,155063348.0
2009-12-10,110.73,111.12,110.45,110.64,138014637.0
2009-12-11,111.14,111.36,110.61,111.11,124853988.0
2009-12-14,111.81,112.0,105.48,111.87,107141486.0
2009-12-15,111.49,111.92,111.0,111.35,120408777.0
2009-12-16,111.8,112.13,111.27,111.52,155358104.0
2009-12-17,110.69,110.93,110.08,110.18,183390083.0
2009-12-18,110.2,110.3,109.28,110.21,174591136.0
2009-12-21,110.78,111.7,110.76,111.33,118104223.0
2009-12-22,111.59,111.97,111.43,111.73,91707436.0
2009-12-23,112.02,112.11,111.5,111.95,111783033.0
2009-12-24,112.2,112.6,111.99,112.48,39677470.0
2009-12-28,112.9,112.99,112.32,112.72,87508427.0
2009-12-29,113.03,113.03,112.55,112.56,80572472.0
2009-12-30,112.23,112.65,112.17,112.52,73138357.0
2009-12-31,112.74,112.8,111.39,111.44,90637861.0
2010-01-04,112.33,113.39,111.51,113.33,118944541.0
2010-01-05,113.26,113.68,112.85,113.63,111579866.0
2010-01-06,113.53,113.99,113.43,113.71,116074402.0
2010-01-07,113.53,114.33,113.18,114.19,131091048.0
2010-01-08,113.86,114.62,113.66,114.57,126402764.0
2010-01-11,115.08,115.13,114.24,114.73,106375678.0
2010-01-12,113.97,114.21,113.22,113.66,163333432.0
2010-01-13,113.94,114.94,113.37,114.62,161821927.0
2010-01-14,114.5,115.14,114.42,114.93,115783759.0
2010-01-15,114.73,114.84,113.2,113.64,212283097.0
2010-01-19,113.63,115.13,113.59,115.06,139172635.0
2010-01-20,114.28,114.45,112.98,113.89,216490121.0
2010-01-21,113.91,114.27,111.56,111.7,344859506.0
2010-01-22,111.25,111.74,109.09,109.21,345942402.0
2010-01-25,110.23,110.41,109.41,109.77,186937468.0
2010-01-26,109.29,110.47,109.04,109.31,211168719.0
2010-01-27,109.16,110.08,108.33,109.83,271863580.0
2010-01-28,110.21,110.25,107.91,108.57,316103993.0
2010-01-29,109.01,109.8,107.22,107.39,310677592.0
2010-02-01,108.15,109.07,107.5,109.06,187864905.0
2010-02-02,109.3,110.59,108.88,110.38,216327851.0
2010-02-03,109.9,110.48,109.51,109.83,172730603.0
2010-02-04,108.95,109.03,106.42,106.44,356715612.0
2010-02-05,106.53,106.88,104.58,106.66,493585758.0
2010-02-08,106.72,107.33,105.81,105.89,224166833.0
2010-02-09,107.13,108.15,106.27,107.22,337820408.0
2010-02-10,107.05,107.6,106.11,107.01,240511495.0
2010-02-11,106.88,108.25,106.25,108.13,223591548.0
2010-02-12,107.0,108.1,106.51,108.04,304622008.0
2010-02-16,108.83,109.85,107.82,109.74,159317418.0
2010-02-17,110.25,110.41,109.74,110.26,168845041.0
2010-02-18,110.1,111.14,110.04,110.91,193708529.0
2010-02-19,110.58,111.57,110.36,111.14,222684816.0
2010-02-22,111.56,111.58,110.83,111.16,132346808.0
2010-02-23,110.88,111.2,109.52,109.81,207496924.0
2010-02-24,110.12,111.0,109.86,110.82,176350611.0
2010-02-25,109.22,110.75,108.94,110.67,259634682.0
2010-02-26,110.8,111.12,110.11,110.74,173589231.0
2010-03-01,111.21,112.0,111.17,111.89,147709644.0
2010-03-02,112.41,112.74,112.0,112.2,160992382.0
2010-03-03,112.49,112.97,112.02,112.3,150784940.0
2010-03-04,112.46,112.8,112.03,112.64,135770353.0
2010-03-05,113.39,114.34,113.1,114.25,176118769.0
2010-03-08,114.28,114.52,114.07,114.27,114631139.0
2010-03-09,113.93,114.99,113.87,114.46,154556674.0
2010-03-10,114.55,115.28,114.41,114.97,186088798.0
2010-03-11,114.74,115.48,114.35,115.45,160875844.0
2010-03-12,115.97,115.97,115.14,115.46,162074761.0
2010-03-15,115.25,115.58,114.6,115.49,146816801.0
2010-03-16,115.8,116.52,115.49,116.41,168672990.0
2010-03-17,116.75,117.48,116.42,117.1,177468085.0
2010-03-18,117.12,117.27,116.57,117.04,196509041.0
2010-03-19,116.89,117.29,115.52,115.97,226641098.0
2010-03-22,115.32,116.8,115.24,116.59,184477713.0
2010-03-23,116.74,117.51,116.38,117.41,182941554.0
2010-03-24,116.97,117.43,115.58,116.84,196183319.0
2010-03-25,117.66,118.17,116.51,116.65,223396257.0
2010-03-26,116.9,117.42,116.12,116.58,205808499.0
2010-03-29,117.19,117.53,116.69,117.32,134513501.0
2010-03-30,117.45,117.83,116.91,117.4,145772406.0
2010-03-31,116.93,117.52,116.61,117.0,161078665.0
2010-04-01,117.88,118.25,117.1,117.8,161215165.0
2010-04-05,118.26,118.84,117.92,118.76,105847602.0
2010-04-06,118.44,119.25,118.29,119.04,110384143.0
2010-04-07,118.81,119.36,117.81,118.36,184576297.0
2010-04-08,117.92,118.97,117.6,118.77,158703990.0
2010-04-09,119.0,119.6,118.8,119.55,133006493.0
2010-04-12,119.72,120.05,119.56,119.74,110278931.0
2010-04-13,119.61,120.04,119.0,119.83,125125040.0
2010-04-14,120.28,121.19,120.08,121.19,161608989.0
2010-04-15,121.01,121.57,120.95,121.29,144615226.0
2010-04-16,120.87,121.29,118.75,119.36,366879697.0
2010-04-19,119.02,119.93,118.47,119.81,217947757.0
2010-04-20,120.58,120.98,119.87,120.88,157707939.0
2010-04-21,120.93,121.23,119.99,120.66,192910086.0
2010-04-22,119.81,121.17,119.12,121.02,239188584.0
2010-04-23,120.92,121.86,120.63,121.81,177335420.0
2010-04-26,121.86,122.12,121.23,121.35,143457213.0
2010-04-27,120.67,121.33,118.25,118.48,355853771.0
2010-04-28,119.07,119.68,118.27,119.38,300677608.0
2010-04-29,120.12,121.11,120.07,120.86,193774904.0
2010-04-30,120.87,121.01,118.78,118.81,270000858.0
2010-05-03,119.38,120.68,119.2,120.35,182747817.0
2010-05-04,119.02,119.03,116.92,117.52,360353366.0
2010-05-05,116.51,117.8,115.97,116.82,328973162.0
2010-05-06,116.25,117.0,112.94,112.94,647356524.0
2010-05-07,112.77,113.77,109.41,111.26,637558734.0
2010-05-10,115.87,116.65,114.91,116.16,396159543.0
2010-05-11,115.07,117.36,114.91,115.83,317849705.0
2010-05-12,116.33,117.62,116.09,117.45,235607027.0
2010-05-13,117.19,117.68,115.89,115.99,234456089.0
2010-05-14,115.13,115.33,112.87,113.89,345602060.0
2010-05-17,114.18,114.52,111.77,113.95,325943991.0
2010-05-18,114.9,115.22,112.03,112.4,360595878.0
2010-05-19,111.75,112.77,110.36,111.76,394759527.0
2010-05-20,109.38,109.89,107.47,107.54,530423626.0
2010-05-21,105.96,109.38,105.36,109.11,500909335.0
2010-05-24,108.5,109.39,107.61,107.71,269822997.0
2010-05-25,105.18,107.87,104.38,107.82,396505132.0
2010-05-26,108.53,109.47,106.85,107.17,349719279.0
2010-05-27,109.21,110.8,108.78,110.76,300870473.0
2010-05-28,110.66,110.72,108.85,109.37,297933434.0
2010-06-01,108.34,109.95,107.37,107.53,277909392.0
2010-06-02,108.09,110.34,107.51,110.33,240243641.0
2010-06-03,110.65,111.06,109.58,110.71,226618259.0
2010-06-04,108.64,109.33,106.47,106.82,398475566.0
2010-06-07,107.19,107.61,105.41,105.49,264609061.0
2010-06-08,105.61,106.83,104.65,106.62,357774294.0
2010-06-09,107.26,108.28,105.6,106.05,268023252.0
2010-06-10,107.86,109.28,106.04,109.15,317890583.0
2010-06-11,108.19,109.75,108.12,109.68,214128107.0
2010-06-14,110.59,111.12,109.4,109.51,207196003.0
2010-06-15,110.32,112.1,110.09,112.0,238268655.0
2010-06-16,111.46,112.42,111.2,111.96,216373918.0
2010-06-17,112.29,112.33,111.05,112.14,263185740.0
2010-06-18,111.84,112.13,111.37,111.73,174006543.0
2010-06-21,113.14,113.2,110.79,111.41,213140636.0
2010-06-22,111.43,111.9,109.41,109.57,239355313.0
2010-06-23,109.62,110.03,108.48,109.23,254698722.0
2010-06-24,108.68,108.83,107.14,107.42,268692053.0
2010-06-25,107.74,108.42,106.77,107.87,238726472.0
2010-06-28,108.04,108.32,107.14,107.53,169333229.0
2010-06-29,106.04,106.07,103.55,104.21,373760407.0
2010-06-30,103.9,104.88,102.88,103.22,284101670.0
2010-07-01,103.18,103.49,101.13,102.76,382924764.0
2010-07-02,103.13,103.42,101.62,102.2,233385146.0
2010-07-06,103.66,104.37,101.88,102.87,256936431.0
2010-07-07,103.11,106.24,103.02,106.11,253769702.0
2010-07-08,106.97,107.28,105.91,107.16,210842046.0
2010-07-09,107.13,107.97,106.93,107.96,144999850.0
2010-07-12,107.62,108.24,107.15,108.03,131283538.0
2010-07-13,109.17,110.09,108.93,109.66,213025882.0
2010-07-14,109.32,110.08,108.86,109.65,184426719.0
2010-07-15,109.58,110.06,108.17,109.68,232337892.0
2010-07-16,109.08,109.21,106.45,106.66,282693306.0
2010-07-19,107.06,107.63,106.22,107.29,186708979.0
2010-07-20,105.87,108.56,105.82,108.48,258162303.0
2010-07-21,109.05,109.07,106.63,107.07,264526950.0
2010-07-22,108.33,109.94,108.33,109.46,274781292.0
2010-07-23,109.27,110.57,108.93,110.41,222020785.0
2010-07-26,110.61,111.67,110.29,111.56,182126480.0
2010-07-27,112.15,112.29,111.11,111.55,204855535.0
2010-07-28,111.37,111.66,110.46,110.83,163056171.0
2010-07-29,111.51,111.82,109.41,110.29,220149031.0
2010-07-30,109.17,110.86,108.98,110.27,220070531.0
2010-08-02,112.01,112.94,111.54,112.76,188263197.0
2010-08-03,112.5,112.77,111.85,112.22,146657242.0
2010-08-04,112.5,113.11,112.16,112.97,158171627.0
2010-08-05,112.27,112.91,112.08,112.85,140473721.0
2010-08-06,111.72,112.57,110.92,112.39,239728279.0
2010-08-09,112.94,113.18,112.32,112.99,120800381.0
2010-08-10,112.08,112.98,111.37,112.38,242916211.0
2010-08-11,110.69,110.69,109.12,109.3,273408176.0
2010-08-12,107.61,109.02,107.6,108.63,239542543.0
2010-08-13,108.27,108.96,108.18,108.31,158698476.0
2010-08-16,107.56,108.61,107.18,108.26,147895278.0
2010-08-17,109.16,110.39,108.88,109.59,172270222.0
2010-08-18,109.53,110.38,108.91,109.79,182922040.0
2010-08-19,109.23,109.49,107.43,107.88,265847589.0
2010-08-20,107.52,107.94,106.75,107.53,209714149.0
2010-08-23,108.0,108.57,107.07,107.12,163490258.0
2010-08-24,105.88,106.39,104.97,105.53,280795568.0
2010-08-25,104.93,106.34,104.29,105.94,272330717.0
2010-08-26,106.4,106.58,104.88,105.23,224492677.0
2010-08-27,105.83,106.97,104.31,106.86,272704063.0
2010-08-30,106.54,106.91,105.3,105.31,167238558.0
2010-08-31,104.88,105.98,104.49,105.31,273933006.0
2010-09-01,106.74,108.61,106.66,108.46,267834949.0
2010-09-02,108.69,109.49,108.49,109.47,156112147.0
2010-09-03,110.58,110.99,109.95,110.89,212197260.0
2010-09-07,110.39,110.51,109.55,109.64,141973690.0
2010-09-08,109.85,110.85,109.81,110.41,150268927.0
2010-09-09,111.63,111.68,110.62,110.92,147017889.0
2010-09-10,111.13,111.61,110.87,111.48,127818961.0
2010-09-13,112.6,112.95,112.13,112.72,178503456.0
2010-09-14,112.54,113.29,112.08,112.65,209823581.0
2010-09-15,112.28,113.21,111.98,113.08,168608341.0
2010-09-16,112.74,113.12,112.35,113.05,199962858.0
2010-09-17,113.0,113.15,112.18,112.49,195836810.0
2010-09-20,112.87,114.46,112.52,114.21,214786712.0
2010-09-21,114.3,114.84,113.51,113.98,268632440.0
2010-09-22,113.81,114.44,113.1,113.42,191322353.0
2010-09-23,112.45,113.67,112.18,112.5,202354235.0
2010-09-24,113.73,114.9,113.65,114.82,209671704.0
2010-09-27,114.82,114.99,114.16,114.27,128799460.0
2010-09-28,114.42,115.04,113.18,114.67,209207409.0
2010-09-29,114.43,114.91,114.02,114.47,179665724.0
2010-09-30,115.08,115.79,113.59,114.13,287106609.0
2010-10-01,114.98,115.12,113.93,114.61,174638619.0
2010-10-04,114.36,114.85,113.18,113.75,166153198.0
2010-10-05,114.84,116.32,114.67,116.04,229634076.0
2010-10-06,116.05,116.33,115.56,116.03,148626519.0
2010-10-07,116.5,116.53,115.19,115.89,164859971.0
2010-10-08,116.06,116.86,115.61,116.54,177760079.0
2010-10-11,116.77,116.97,116.25,116.65,103098291.0
2010-10-12,116.28,117.35,115.65,117.01,182209984.0
2010-10-13,117.68,118.55,117.38,117.92,194347147.0
2010-10-14,117.81,118.01,116.72,117.46,217764255.0
2010-10-15,118.27,118.35,116.76,117.7,243704938.0
2010-10-18,117.77,118.67,117.31,118.28,141502179.0
2010-10-19,117.21,117.85,116.02,116.73,280604682.0
2010-10-20,116.97,118.44,116.87,117.87,200051747.0
2010-10-21,118.42,119.09,117.21,118.13,221546107.0
2010-10-22,118.29,118.53,118.0,118.41,108212321.0
2010-10-25,119.19,119.76,118.61,118.7,151145700.0
2010-10-26,118.08,118.84,117.87,118.72,158982885.0
2010-10-27,117.84,118.51,117.26,118.38,190023965.0
2010-10-28,119.04,119.11,117.83,118.4,168575989.0
2010-10-29,118.27,118.72,118.07,118.49,144305475.0
2010-11-01,119.12,119.75,117.85,118.53,174074708.0
2010-11-02,119.46,119.75,119.1,119.47,158345856.0
2010-11-03,119.63,120.02,118.45,119.95,226702775.0
2010-11-04,121.3,122.32,119.97,122.26,215039313.0
2010-11-05,122.35,122.92,122.18,122.72,180654096.0
2010-11-08,122.33,122.69,121.94,122.49,155901614.0
2010-11-09,122.8,122.95,121.12,121.61,186621575.0
2010-11-10,121.56,122.16,120.66,122.1,221387386.0
2010-11-11,121.06,121.82,120.68,121.64,158017547.0
2010-11-12,120.81,121.35,119.65,120.2,239068789.0
2010-11-15,120.63,121.05,119.98,120.03,163940710.0
2010-11-16,119.3,119.49,117.59,118.16,300331917.0
2010-11-17,118.21,118.71,117.86,118.22,172308826.0
2010-11-18,119.35,120.39,119.35,119.96,197723674.0
2010-11-19,119.92,120.34,119.25,120.29,156852807.0
2010-11-22,119.72,120.24,118.77,120.19,181592166.0
2010-11-23,118.79,119.02,117.99,118.45,222308913.0
2010-11-24,119.24,120.23,119.18,120.2,140159033.0
2010-11-26,119.14,119.81,118.8,118.8,76007704.0
2010-11-29,118.49,119.48,117.74,119.16,223642224.0
2010-11-30,117.99,119.17,117.81,118.49,233930639.0
2010-12-01,120.25,121.24,120.19,121.01,221037149.0
2010-12-02,121.17,122.65,121.13,122.56,191213570.0
2010-12-03,122.15,123.03,122.11,122.89,151288823.0
2010-12-06,122.64,123.04,122.5,122.76,103050459.0
2010-12-07,123.97,124.01,122.76,122.83,206580946.0
2010-12-08,122.97,123.38,122.41,123.28,138019177.0
2010-12-09,123.94,124.02,123.15,123.76,123705049.0
2010-12-10,124.09,124.6,123.73,124.48,117571625.0
2010-12-13,125.04,125.2,124.52,124.56,133812609.0
2010-12-14,124.79,125.23,124.29,124.67,147249532.0
2010-12-15,124.49,124.93,123.89,124.1,160823010.0
2010-12-16,124.22,124.91,123.75,124.82,185035177.0
2010-12-17,124.05,124.46,123.82,124.3,141075278.0
2010-12-20,124.63,124.9,123.98,124.6,119085459.0
2010-12-21,125.0,125.47,124.87,125.39,94965438.0
2010-12-22,125.51,125.82,125.41,125.78,78878090.0
2010-12-23,125.63,125.78,125.29,125.6,70079275.0
2010-12-27,125.11,125.77,125.04,125.65,58125974.0
2010-12-28,125.93,125.95,125.5,125.83,55309010.0
2010-12-29,125.96,126.2,125.9,125.92,58033036.0
2010-12-30,125.8,126.13,125.53,125.72,76616846.0
2010-12-31,125.53,125.87,125.33,125.75,91270271.0
2011-01-03,126.73,127.6,125.7,127.05,138725191.0
2011-01-04,127.3,127.37,126.19,126.98,137409675.0
2011-01-05,126.57,127.72,126.46,127.64,133975250.0
2011-01-06,127.7,127.83,127.01,127.39,122518970.0
2011-01-07,127.55,127.77,126.15,127.14,156034587.0
2011-01-10,126.59,127.16,126.2,126.98,122401644.0
2011-01-11,127.45,127.74,126.95,127.43,110286968.0
2011-01-12,128.25,128.72,127.46,128.58,107929135.0
2011-01-13,128.58,128.69,128.05,128.37,129229132.0
2011-01-14,128.17,129.33,128.1,129.3,117677857.0
2011-01-18,129.18,129.64,129.03,129.52,114401252.0
2011-01-19,129.43,129.5,127.91,128.25,151958324.0
2011-01-20,127.93,128.4,127.13,128.08,175745603.0
2011-01-21,128.85,129.17,128.23,128.37,151462880.0
2011-01-24,128.31,129.25,128.26,129.1,113715455.0
2011-01-25,128.76,129.28,128.11,129.17,167552153.0
2011-01-26,129.44,130.05,129.23,129.67,141281439.0
2011-01-27,129.65,130.21,129.47,129.99,123302633.0
2011-01-28,130.17,130.35,127.51,127.72,295637223.0
2011-01-31,128.05,128.78,127.75,128.68,149249105.0
2011-02-01,129.44,130.97,129.38,130.74,167194214.0
2011-02-02,130.46,130.84,130.33,130.49,118323602.0
2011-02-03,130.27,130.98,129.57,130.78,145886611.0
2011-02-04,130.85,131.2,130.23,131.15,134634710.0
2011-02-07,131.44,132.4,131.43,131.97,112439030.0
2011-02-08,132.13,132.64,131.73,132.57,99072704.0
2011-02-09,132.2,132.63,131.61,132.27,146436606.0
2011-02-10,131.59,132.47,131.3,132.32,162708478.0
2011-02-11,131.8,133.28,131.77,133.11,137716436.0
2011-02-14,133.07,133.54,132.88,133.43,101691100.0
2011-02-15,133.03,133.22,132.32,133.01,119575387.0
2011-02-16,133.47,134.01,133.19,133.85,130183448.0
2011-02-17,133.43,134.43,133.34,134.25,109810420.0
2011-02-18,134.32,134.69,134.06,134.53,130002330.0
2011-02-22,133.11,134.56,131.47,131.83,233116375.0
2011-02-23,131.72,132.07,130.21,131.02,227610100.0
2011-02-24,130.86,131.44,129.7,130.93,260467041.0
2011-02-25,131.47,132.41,131.4,132.33,141693837.0
2011-02-28,132.83,133.32,132.38,133.15,141600773.0
2011-03-01,133.68,133.69,130.89,130.93,258598970.0
2011-03-02,130.79,131.82,130.35,131.21,200277834.0
2011-03-03,132.39,133.62,132.39,133.47,176485166.0
2011-03-04,133.37,133.63,131.6,132.47,277371473.0
2011-03-07,132.8,133.16,130.74,131.43,216900431.0
2011-03-08,131.67,133.0,131.07,132.58,174706407.0
2011-03-09,132.34,132.8,131.6,132.39,153903463.0
2011-03-10,131.04,131.18,129.81,129.94,301665703.0
2011-03-11,129.52,131.31,129.49,130.84,225758504.0
2011-03-14,130.03,130.48,129.06,130.05,235607778.0
2011-03-15,126.7,129.33,126.5,128.56,359794831.0
2011-03-16,128.18,128.57,125.28,126.18,469160630.0
2011-03-17,128.01,128.39,127.1,127.85,254521638.0
2011-03-18,128.83,128.88,127.51,127.76,230654390.0
2011-03-21,129.36,130.01,129.2,129.74,154065282.0
2011-03-22,129.76,129.89,129.17,129.29,129743412.0
2011-03-23,128.96,130.0,128.32,129.66,148648724.0
2011-03-24,130.46,131.09,129.67,130.9,159238287.0
2011-03-25,131.22,131.87,130.89,131.3,155769595.0
2011-03-28,131.57,131.92,130.94,130.98,109839083.0
2011-03-29,130.89,131.9,130.44,131.86,129844555.0
2011-03-30,132.58,133.16,132.36,132.77,135895860.0
2011-03-31,132.62,132.96,132.45,132.59,132756530.0
2011-04-01,133.45,133.77,132.83,133.15,154038917.0
2011-04-04,133.48,133.67,132.88,133.26,100773342.0
2011-04-05,132.95,133.83,132.94,133.24,121083840.0
2011-04-06,133.85,134.0,133.12,133.66,120453617.0
2011-04-07,133.39,133.98,132.66,133.32,170973204.0
2011-04-08,133.88,133.99,132.31,132.86,148014798.0
2011-04-11,133.01,133.45,132.14,132.46,121518486.0
2011-04-12,131.7,131.98,130.99,131.47,161480682.0
2011-04-13,132.09,132.18,130.96,131.46,162172967.0
2011-04-14,130.7,131.76,130.27,131.56,161271236.0
2011-04-15,131.78,132.37,131.41,132.04,170146610.0
2011-04-18,130.53,132.03,129.51,130.56,210908208.0
2011-04-19,130.75,131.35,130.44,131.31,124321889.0
2011-04-20,132.89,133.39,132.79,133.1,156473001.0
2011-04-21,133.77,133.84,133.1,133.78,136214509.0
2011-04-25,133.66,133.86,133.2,133.64,65760002.0
2011-04-26,134.05,135.06,133.91,134.79,146771425.0
2011-04-27,135.05,135.87,134.5,135.67,143204801.0
2011-04-28,135.43,136.29,135.41,136.11,124865764.0
2011-04-29,136.14,136.57,135.98,136.43,115094350.0
2011-05-02,137.1,137.18,135.95,136.22,126310033.0
2011-05-03,135.94,136.19,135.04,135.73,138445808.0
2011-05-04,135.7,135.73,134.23,134.83,182821163.0
2011-05-05,134.09,134.95,133.02,133.61,227065699.0
2011-05-06,134.88,135.63,133.68,134.2,222951264.0
2011-05-09,134.2,135.11,133.98,134.72,114140535.0
2011-05-10,135.15,136.11,135.0,135.87,114907694.0
2011-05-11,135.68,135.69,133.82,134.44,193748402.0
2011-05-12,134.08,135.36,133.39,135.08,171648128.0
2011-05-13,135.17,135.34,133.56,134.04,157499081.0
2011-05-16,133.54,134.61,132.97,133.19,141770642.0
2011-05-17,132.69,133.35,132.12,133.17,192914669.0
2011-05-18,133.25,134.5,132.95,134.36,135228138.0
2011-05-19,134.79,135.03,133.94,134.68,119584847.0
2011-05-20,134.31,134.68,133.36,133.61,182638302.0
2011-05-23,131.99,133.65,131.59,132.06,168799987.0
2011-05-24,132.42,132.73,131.7,131.95,147262654.0
2011-05-25,131.38,132.94,131.38,132.39,151102185.0
2011-05-26,132.0,133.24,131.78,133.0,164984594.0
2011-05-27,133.39,133.87,132.96,133.51,120921858.0
2011-05-31,134.78,134.92,133.84,134.9,164731167.0
2011-06-01,134.52,134.92,131.76,131.87,233094277.0
2011-06-02,131.98,132.24,130.96,131.73,200466729.0
2011-06-03,130.16,131.42,130.08,130.42,234690124.0
2011-06-06,130.09,130.36,128.87,129.04,179983946.0
2011-06-07,129.67,130.07,128.85,128.96,161805954.0
2011-06-08,128.75,129.19,128.18,128.42,198696304.0
2011-06-09,128.77,129.93,128.46,129.4,160964350.0
2011-06-10,128.83,128.93,127.26,127.6,238629307.0
2011-06-13,127.86,128.24,127.05,127.7,207599751.0
2011-06-14,128.84,129.77,128.82,129.32,160570345.0
2011-06-15,128.26,129.3,126.68,127.02,300957945.0
2011-06-16,127.1,127.97,126.32,127.3,308038426.0
2011-06-17,127.91,127.94,126.62,127.5,234996065.0
2011-06-20,126.6,127.97,126.58,127.7,159478911.0
2011-06-21,128.34,129.7,127.75,129.45,193157234.0
2011-06-22,129.07,129.81,128.59,128.67,176885753.0
2011-06-23,127.09,128.37,126.19,128.3,334286827.0
2011-06-24,128.28,128.37,126.62,126.81,226129358.0
2011-06-27,126.9,128.43,126.64,127.94,168908174.0
2011-06-28,128.43,129.63,128.27,129.61,165556257.0
2011-06-29,130.16,130.93,129.63,130.72,244295405.0
2011-06-30,131.15,132.18,130.71,131.97,223496512.0
2011-07-01,131.99,134.1,131.78,133.92,202385636.0
2011-07-05,133.77,134.08,133.39,133.81,166039968.0
2011-07-06,133.48,134.14,133.11,133.97,143332679.0
2011-07-07,135.13,135.7,134.88,135.36,170464164.0
2011-07-08,133.84,135.36,133.39,134.4,194171492.0
2011-07-11,132.73,133.18,131.66,131.97,195918544.0
2011-07-12,131.69,132.78,131.36,131.4,214675640.0
2011-07-13,132.11,133.22,131.52,131.84,204062545.0
2011-07-14,132.17,132.78,130.68,130.93,226111747.0
2011-07-15,131.64,131.87,130.77,131.69,220124620.0
2011-07-18,131.06,131.28,129.63,130.61,196872076.0
2011-07-19,131.35,132.89,131.31,132.73,166554896.0
2011-07-20,133.08,133.15,132.42,132.65,137145310.0
2011-07-21,133.39,134.82,132.67,134.49,245270290.0
2011-07-22,134.52,134.72,133.76,134.58,126019327.0
2011-07-25,133.33,134.49,133.16,133.83,136653703.0
2011-07-26,133.75,133.96,133.03,133.33,131278113.0
2011-07-27,132.58,132.63,130.43,130.6,249020022.0
2011-07-28,130.62,131.77,130.01,130.22,207939900.0
2011-07-29,128.9,130.55,127.97,129.33,307042469.0
2011-08-01,130.95,130.96,127.53,128.78,325790824.0
2011-08-02,127.82,128.5,125.49,125.49,346653757.0
2011-08-03,125.66,126.31,123.53,126.17,371029415.0
2011-08-04,124.42,124.62,120.06,120.26,520721783.0
2011-08-05,121.71,122.07,116.86,120.08,655561584.0
2011-08-08,116.98,120.12,112.02,112.26,702263849.0
2011-08-09,114.25,117.64,110.27,117.48,717828611.0
2011-08-10,115.18,116.28,111.95,112.29,662607378.0
2011-08-11,113.45,118.92,112.32,117.33,487979673.0
2011-08-12,118.55,119.22,117.28,118.12,313731600.0
2011-08-15,119.24,120.74,119.0,120.62,258810580.0
2011-08-16,119.34,120.69,118.31,119.59,294095199.0
2011-08-17,120.31,121.2,118.72,119.67,238201070.0
2011-08-18,116.52,119.71,113.39,114.6,512956218.0
2011-08-19,112.91,115.88,112.5,112.64,428321241.0
2011-08-22,115.12,115.23,112.41,112.73,275090591.0
2011-08-23,113.17,116.57,112.58,116.44,331136599.0
2011-08-24,116.18,118.24,115.92,118.08,246869675.0
2011-08-25,118.78,119.4,115.87,116.28,312365337.0
2011-08-26,115.63,118.51,113.85,117.97,314495833.0
2011-08-29,119.52,121.43,118.06,121.36,190977185.0
2011-08-30,120.85,122.43,119.26,121.68,241315666.0
2011-08-31,122.48,123.51,121.3,122.22,301828304.0
2011-09-01,122.25,123.4,120.78,120.94,254585844.0
2011-09-02,118.47,120.87,117.43,117.85,255517200.0
2011-09-06,114.43,117.16,114.38,116.99,285142737.0
2011-09-07,118.85,120.34,118.36,120.29,209803113.0
2011-09-08,119.59,120.94,118.77,119.04,250568194.0
2011-09-09,117.68,119.06,115.28,115.92,380195064.0
2011-09-12,114.49,116.76,114.05,116.67,305793438.0
2011-09-13,117.08,118.18,116.22,117.64,272514654.0
2011-09-14,118.32,120.8,116.72,119.37,319389428.0
2011-09-15,120.55,121.47,119.4,121.43,326777105.0
2011-09-16,121.24,121.97,120.32,121.52,284528213.0
2011-09-19,119.56,120.93,118.72,119.65,241516921.0
2011-09-20,120.83,121.99,120.01,120.17,218932124.0
2011-09-21,120.26,120.6,116.44,116.63,316251215.0
2011-09-22,113.27,114.21,111.3,112.86,513920097.0
2011-09-23,112.18,114.16,112.02,113.54,307242488.0
2011-09-26,114.64,116.4,112.98,116.24,260673617.0
2011-09-27,118.53,119.56,116.84,117.54,311753819.0
2011-09-28,117.83,118.49,114.97,115.15,286696748.0
2011-09-29,117.09,117.63,113.93,116.05,298108816.0
2011-09-30,114.45,115.45,113.07,113.15,288685511.0
2011-10-03,112.5,113.95,109.81,109.93,365136777.0
2011-10-04,108.43,112.58,107.43,112.34,459177456.0
2011-10-05,112.59,114.72,111.58,114.42,284107995.0
2011-10-06,114.35,116.66,113.51,116.49,257800742.0
2011-10-07,117.16,117.25,115.06,115.71,312657900.0
2011-10-10,117.72,119.63,117.67,119.58,230666207.0
2011-10-11,118.85,120.04,118.75,119.7,209087953.0
2011-10-12,120.6,122.14,120.33,120.75,281544827.0
2011-10-13,120.03,120.87,119.12,120.51,212538802.0
2011-10-14,121.86,122.6,121.23,122.57,211397567.0
2011-10-17,121.99,122.55,119.93,120.23,202311559.0
2011-10-18,120.08,123.5,119.2,122.58,318857857.0
2011-10-19,122.39,123.08,120.71,121.13,226601263.0
2011-10-20,121.43,122.1,119.82,121.66,262075598.0
2011-10-21,123.07,124.12,122.76,123.97,278999360.0
2011-10-24,124.13,125.8,124.06,125.49,203215563.0
2011-10-25,124.93,124.95,122.78,123.05,268596749.0
2011-10-26,124.35,124.77,122.21,124.3,289053783.0
2011-10-27,127.61,129.42,124.32,128.63,393288897.0
2011-10-28,128.0,128.85,127.8,128.6,225906497.0
2011-10-31,127.23,128.62,125.32,125.5,228146632.0
2011-11-01,122.0,123.51,121.52,122.0,416565738.0
2011-11-02,123.85,124.4,122.79,123.99,245529375.0
2011-11-03,125.31,126.5,123.6,126.25,291174800.0
2011-11-04,125.23,125.7,124.01,125.48,249401512.0
2011-11-07,125.39,126.39,124.2,126.26,196617175.0
2011-11-08,126.92,128.02,125.71,127.88,224426217.0
2011-11-09,124.89,125.8,122.86,123.161,337981970.0
2011-11-10,124.79,124.94,123.02,124.32,231866470.0
2011-11-11,125.83,126.99,125.79,126.66,189924327.0
2011-11-14,126.19,127.45,124.92,125.46,159258229.0
2011-11-15,125.17,126.75,124.72,126.083,184709388.0
2011-11-16,124.81,126.34,123.9,124.08,235782466.0
2011-11-17,123.85,124.16,121.23,122.105,331219799.0
2011-11-18,122.5,122.75,121.47,121.979,215580353.0
2011-11-21,120.21,120.35,118.65,119.66,229611599.0
2011-11-22,119.4,120.1,118.52,119.19,216494841.0
2011-11-23,118.07,119.19,116.56,116.56,224531653.0
2011-11-25,116.38,117.7,116.2,116.34,99556980.0
2011-11-28,119.54,120.18,118.82,119.71,210686012.0
2011-11-29,120.05,121.0,119.61,120.05,199241491.0
2011-11-30,123.5,125.22,120.0,124.99,324439457.0
2011-12-01,124.85,125.64,124.43,124.97,176954756.0
2011-12-02,126.12,126.5,124.78,124.86,221109692.0
2011-12-05,126.84,127.18,125.44,126.22,225263845.0
2011-12-06,126.21,127.11,125.76,126.26,178842040.0
2011-12-07,125.84,127.26,124.97,126.73,237802476.0
2011-12-08,125.9,126.18,123.65,123.95,240862724.0
2011-12-09,124.51,126.37,124.4,126.05,209111336.0
2011-12-12,124.96,124.97,123.16,124.21,215826054.0
2011-12-13,124.86,125.57,122.45,123.05,245159708.0
2011-12-14,122.56,123.03,121.47,121.74,238618786.0
2011-12-15,123.03,123.2,121.99,122.185,199109123.0
2011-12-16,122.23,122.95,121.3,121.59,220481303.0
2011-12-19,122.06,122.32,120.03,120.29,183902965.0
2011-12-20,122.18,124.14,120.37,123.93,225418075.0
2011-12-21,123.94,124.36,122.75,124.17,194230879.0
2011-12-22,124.64,125.4,124.23,125.27,119465303.0
2011-12-23,125.67,126.43,125.41,126.39,92187159.0
2011-12-27,126.17,126.82,126.06,126.49,86075701.0
2011-12-28,126.51,126.53,124.73,124.83,119107005.0
2011-12-29,125.25,126.25,124.86,126.12,123507123.0
2011-12-30,126.02,126.33,125.5,125.5,95598996.0
2012-01-03,127.76,128.38,127.43,127.495,193697825.0
2012-01-04,127.2,127.81,126.71,127.7,127186456.0
2012-01-05,127.01,128.23,126.43,128.04,173894933.0
2012-01-06,128.2,128.22,127.29,127.71,148049929.0
2012-01-09,128.0,128.18,127.41,128.02,99530109.0
2012-01-10,129.39,129.65,128.95,129.13,115281921.0
2012-01-11,128.73,129.37,128.52,129.2,111540673.0
2012-01-12,129.57,129.7,128.54,129.51,118983646.0
2012-01-13,128.65,129.05,127.72,128.84,179836140.0
2012-01-17,130.08,130.32,128.896,129.34,132209191.0
2012-01-18,129.31,130.84,129.08,130.77,163395122.0
2012-01-19,131.22,131.57,130.8,131.46,126328814.0
2012-01-20,131.24,131.95,130.92,131.54,138230146.0
2012-01-23,131.5,132.25,130.98,131.61,129295759.0
2012-01-24,130.8,131.5,130.6,131.46,103083260.0
2012-01-25,131.26,132.87,130.75,132.56,198613161.0
2012-01-26,133.15,133.4,131.36,131.88,184880478.0
2012-01-27,131.24,132.05,131.15,131.82,135259033.0
2012-01-30,130.51,131.44,130.06,131.37,147311730.0
2012-01-31,132.02,132.18,130.68,131.32,157211918.0
2012-02-01,132.29,133.14,132.13,132.47,166234457.0
2012-02-02,132.73,133.02,132.21,132.68,113090345.0
2012-02-03,134.0,134.62,133.77,134.54,160598487.0
2012-02-06,133.99,134.51,133.83,134.45,107694459.0
2012-02-07,134.17,135.02,133.64,134.79,135528071.0
2012-02-08,134.86,135.22,134.31,135.19,139361385.0
2012-02-09,135.41,135.59,134.56,135.36,148602826.0
2012-02-10,134.16,134.47,133.84,134.361,167907482.0
2012-02-13,135.32,135.52,134.74,135.36,115841819.0
2012-02-14,134.99,135.27,134.25,135.19,165996154.0
2012-02-15,135.64,135.83,134.29,134.56,195195094.0
2012-02-16,134.56,136.17,134.33,136.05,186567742.0
2012-02-17,136.52,136.63,135.96,136.41,129869401.0
2012-02-21,136.73,137.05,136.05,136.47,134042271.0
2012-02-22,136.26,136.55,135.79,136.032,124455245.0
2012-02-23,135.96,136.73,135.5,136.631,137704236.0
2012-02-24,136.93,137.2,136.63,136.93,105539083.0
2012-02-27,136.02,137.53,135.8,137.16,145728833.0
2012-02-28,137.21,137.72,136.93,137.56,129355808.0
2012-02-29,137.76,138.19,136.54,137.02,185934689.0
2012-03-01,137.32,137.99,136.93,137.73,145026117.0
2012-03-02,137.64,137.82,137.0,137.312,120638224.0
2012-03-05,137.1,137.2,136.28,136.75,140764992.0
2012-03-06,135.35,135.43,134.36,134.75,202129838.0
2012-03-07,135.06,135.91,134.93,135.69,143692128.0
2012-03-08,136.52,137.32,136.24,137.04,116968812.0
2012-03-09,137.3,137.93,137.13,137.57,122836765.0
2012-03-12,137.56,137.76,137.09,137.58,104003471.0
2012-03-13,138.32,140.13,138.09,140.062,184090417.0
2012-03-14,140.1,140.445,139.48,139.91,145163502.0
2012-03-15,140.12,140.78,139.76,140.72,165118448.0
2012-03-16,140.36,140.48,140.0,140.3,152893405.0
2012-03-19,140.21,141.28,140.11,140.85,125291026.0
2012-03-20,140.05,140.61,139.64,140.44,121729639.0
2012-03-21,140.52,140.65,139.92,140.21,122388401.0
2012-03-22,139.18,139.55,138.74,139.2,135216691.0
2012-03-23,139.32,139.81,138.55,139.65,120520956.0
2012-03-26,140.65,141.61,140.6,141.61,120163949.0
2012-03-27,141.74,141.83,141.08,141.17,119868421.0
2012-03-28,141.09,141.32,139.64,140.47,148562025.0
2012-03-29,139.64,140.493,139.09,140.23,164963645.0
2012-03-30,140.92,141.05,140.05,140.81,135486715.0
2012-04-02,140.64,142.21,140.36,141.84,151741045.0
2012-04-03,141.64,141.883,140.43,141.26,155806609.0
2012-04-04,140.22,140.339,139.34,139.86,146895936.0
2012-04-05,139.38,140.2,139.26,139.79,137439344.0
2012-04-09,138.03,139.844,137.84,138.22,127555857.0
2012-04-10,137.95,138.34,135.76,135.9,235360256.0
2012-04-11,137.29,137.54,136.75,137.0,154132907.0
2012-04-12,137.13,138.9,137.03,138.79,154321489.0
2012-04-13,138.46,138.82,137.01,137.14,169246612.0
2012-04-16,137.84,138.04,136.58,137.05,147825217.0
2012-04-17,137.84,139.36,137.698,139.082,147877575.0
2012-04-18,138.46,139.08,138.38,138.61,123884187.0
2012-04-19,138.63,139.15,137.07,137.72,198666751.0
2012-04-20,138.33,138.83,137.87,137.95,143199560.0
2012-04-23,136.54,136.91,135.94,136.79,171844860.0
2012-04-24,136.91,137.66,136.8,137.31,137484192.0
2012-04-25,138.65,139.25,138.53,139.19,150254995.0
2012-04-26,138.89,140.32,138.81,140.16,136292712.0
2012-04-27,140.58,140.79,139.8,140.39,130724989.0
2012-04-30,140.11,140.21,139.49,139.87,115092198.0
2012-05-01,139.79,141.66,139.63,140.74,138837314.0
2012-05-02,139.93,140.46,139.46,140.32,121080935.0
2012-05-03,140.34,140.45,138.99,139.25,143762703.0
2012-05-04,138.52,139.3,136.92,137.0,193931300.0
2012-05-07,136.51,137.56,136.46,137.1,127765875.0
2012-05-08,136.28,136.77,134.92,136.55,213383873.0
2012-05-09,135.1,136.61,134.49,135.74,220778190.0
2012-05-10,136.68,136.85,135.71,136.02,150600916.0
2012-05-11,135.17,136.87,135.11,135.61,153032360.0
2012-05-14,134.32,135.61,133.91,134.11,163909908.0
2012-05-15,134.02,134.81,133.13,133.34,207629260.0
2012-05-16,133.94,134.55,132.8,132.83,207265560.0
2012-05-17,132.86,133.02,130.79,130.86,247992908.0
2012-05-18,131.37,131.6,129.55,129.74,319631058.0
2012-05-21,130.16,132.02,129.95,131.97,177861071.0
2012-05-22,132.31,133.23,131.34,132.2,197531138.0
2012-05-23,131.26,132.46,129.99,132.27,204958303.0
2012-05-24,132.63,132.84,131.42,132.53,167357599.0
2012-05-25,132.48,132.85,131.78,132.1,135465568.0
2012-05-29,133.16,133.93,131.17,133.7,152883408.0
2012-05-30,132.56,133.692,131.49,131.76,162370365.0
2012-05-31,131.71,132.45,130.34,131.47,196186175.0
2012-06-01,129.41,131.5,128.16,128.16,253244993.0
2012-06-04,128.39,128.74,127.135,128.1,202548253.0
2012-06-05,127.85,129.26,127.78,129.07,164140354.0
2012-06-06,129.97,132.03,129.93,131.97,184202757.0
2012-06-07,133.46,133.53,131.78,132.05,184772672.0
2012-06-08,131.72,133.13,131.29,133.1,143915630.0
2012-06-11,134.18,134.25,131.28,131.41,169756044.0
2012-06-12,131.79,133.01,131.16,132.92,181931736.0
2012-06-13,132.53,133.36,131.62,132.07,172223884.0
2012-06-14,132.35,134.0,131.98,133.47,230616235.0
2012-06-15,133.38,134.26,133.1,134.14,169444421.0
2012-06-18,133.59,134.73,133.28,134.4,131365459.0
2012-06-19,135.08,136.25,134.371,135.7,137382532.0
2012-06-20,135.71,136.1,134.27,135.48,206466600.0
2012-06-21,135.64,135.78,132.33,132.44,205272317.0
2012-06-22,133.13,133.71,132.62,133.46,130029174.0
2012-06-25,132.05,132.1,130.85,131.32,146375688.0
2012-06-26,131.7,132.38,130.93,131.98,141633945.0
2012-06-27,132.42,133.43,131.97,133.17,108087938.0
2012-06-28,132.29,132.99,131.28,132.79,169242658.0
2012-06-29,135.2,136.27,134.85,136.105,212251060.0
2012-07-02,136.47,136.65,135.52,136.51,129524407.0
2012-07-03,136.48,137.51,136.34,137.412,80450171.0
2012-07-05,136.9,137.8,136.29,136.79,126177419.0
2012-07-06,135.47,135.77,134.85,135.49,151192025.0
2012-07-09,135.38,135.57,134.7,135.32,103780468.0
2012-07-10,136.01,136.23,133.68,134.14,167884796.0
2012-07-11,134.22,134.6,133.38,134.16,141734024.0
2012-07-12,133.39,134.23,132.6,133.51,143583154.0
2012-07-13,133.86,135.89,133.84,135.75,129644147.0
2012-07-16,135.44,135.83,134.9,135.43,97525191.0
2012-07-17,135.97,136.64,134.55,136.36,138860218.0
2012-07-18,136.04,137.64,135.96,137.37,113349636.0
2012-07-19,137.65,138.18,137.21,137.73,129847218.0
2012-07-20,136.95,137.16,136.32,136.47,142904464.0
2012-07-23,134.47,136.39,133.84,135.09,145210831.0
2012-07-24,135.2,135.25,133.03,133.93,173301102.0
2012-07-25,134.21,134.56,133.25,133.96,129122265.0
2012-07-26,135.89,136.46,135.26,136.17,156526464.0
2012-07-27,136.89,139.07,136.136,138.675,236768882.0
2012-07-30,138.52,139.339,138.27,138.68,106781926.0
2012-07-31,138.49,138.87,137.71,137.71,120575835.0
2012-08-01,138.7,138.73,137.4,137.59,138293740.0
2012-08-02,136.55,137.57,135.58,136.64,199556580.0
2012-08-03,138.56,139.64,136.679,139.349,157824975.0
2012-08-06,139.73,140.17,139.56,139.62,86327738.0
2012-08-07,140.18,140.92,140.03,140.32,109545089.0
2012-08-08,139.85,140.65,139.81,140.49,89754633.0
2012-08-09,140.29,140.89,140.15,140.61,90291642.0
2012-08-10,140.04,140.89,139.81,140.84,99792622.0
2012-08-13,140.6,140.84,140.04,140.77,79426869.0
2012-08-14,141.28,141.38,140.37,140.79,102379363.0
2012-08-15,140.64,141.19,140.55,140.95,71085811.0
2012-08-16,141.15,142.16,140.8,141.99,112014164.0
2012-08-17,142.23,142.3,141.86,142.18,90813666.0
2012-08-20,141.98,142.22,141.59,142.19,78255657.0
2012-08-21,142.54,143.09,141.45,141.76,105581009.0
2012-08-22,141.4,142.05,141.07,141.82,133243431.0
2012-08-23,141.47,141.48,140.44,140.665,111466361.0
2012-08-24,140.32,141.83,140.22,141.51,99481192.0
2012-08-27,141.9,142.08,141.34,141.54,68785850.0
2012-08-28,141.18,141.84,140.97,141.4,75689536.0
2012-08-29,141.52,141.89,141.12,141.51,65421300.0
2012-08-30,140.9,140.94,140.19,140.49,96589830.0
2012-08-31,141.29,141.82,140.36,141.16,151970364.0
2012-09-04,141.04,141.46,140.13,141.03,120226199.0
2012-09-05,141.1,141.47,140.63,140.91,100660254.0
2012-09-06,141.76,143.78,141.75,143.77,158272434.0
2012-09-07,144.01,144.39,143.88,144.33,107272023.0
2012-09-10,144.19,144.44,143.46,143.51,86458407.0
2012-09-11,143.6,144.37,143.56,143.91,88759995.0
2012-09-12,144.39,144.55,143.9,144.39,87640880.0
2012-09-13,144.37,147.04,143.99,146.59,225470102.0
2012-09-14,146.88,148.11,146.76,147.24,169776992.0
2012-09-17,146.95,147.19,146.37,146.74,119427726.0
2012-09-18,146.49,146.81,146.25,146.62,98326520.0
2012-09-19,146.79,147.17,146.41,146.7,128318257.0
2012-09-20,146.03,146.79,145.63,146.71,154009764.0
2012-09-21,146.64,146.67,145.81,145.87,108737426.0
2012-09-24,145.16,145.98,145.04,145.65,95681978.0
2012-09-25,145.96,146.24,144.06,144.1,133165138.0
2012-09-26,144.065,144.11,142.95,143.295,146502136.0
2012-09-27,143.89,144.97,143.51,144.64,111830276.0
2012-09-28,144.09,144.56,143.46,143.97,150696066.0
2012-10-01,144.53,145.69,144.01,144.35,135911137.0
2012-10-02,144.92,145.15,143.83,144.5,113422151.0
2012-10-03,144.89,145.43,144.13,145.09,121283027.0
2012-10-04,145.64,146.34,145.44,146.125,124311599.0
2012-10-05,146.9,147.16,145.7,146.14,124842048.0
2012-10-08,145.6,146.123,145.31,145.642,78415562.0
2012-10-09,145.52,145.65,144.15,144.2,148872811.0
2012-10-10,144.18,144.32,143.09,143.28,124247412.0
2012-10-11,144.28,144.49,143.33,143.36,123601455.0
2012-10-12,143.46,143.95,142.58,142.89,124181900.0
2012-10-15,143.23,144.23,142.77,144.08,107689051.0
2012-10-16,144.76,145.64,144.66,145.54,108815410.0
2012-10-17,145.64,146.32,145.42,146.2,128834057.0
2012-10-18,145.82,146.52,145.33,145.82,148108412.0
2012-10-19,145.55,145.56,143.05,143.39,185645112.0
2012-10-22,143.15,143.67,142.28,143.41,125578601.0
2012-10-23,141.86,142.06,140.83,141.42,192056293.0
2012-10-24,141.94,142.1,140.8,141.02,120179305.0
2012-10-25,142.02,142.28,140.57,141.43,134457331.0
2012-10-26,141.3,141.84,140.39,141.35,146023428.0
2012-10-31,141.84,142.03,140.68,141.35,103438492.0
2012-11-01,141.66,143.01,141.52,142.83,100995566.0
2012-11-02,143.68,143.72,141.41,141.56,137702120.0
2012-11-05,141.35,142.17,140.93,141.849,98378432.0
2012-11-06,142.28,143.52,142.13,142.96,107068091.0
2012-11-07,141.66,141.68,139.06,139.72,264304430.0
2012-11-08,139.71,140.41,137.93,138.04,181517243.0
2012-11-09,137.61,139.44,137.55,138.16,201055214.0
2012-11-12,138.59,138.81,137.96,138.265,97677409.0
2012-11-13,137.54,139.25,137.36,137.79,123018209.0
2012-11-14,138.21,138.43,135.62,135.93,191504916.0
2012-11-15,135.98,136.49,135.18,135.7,178128354.0
2012-11-16,135.9,136.64,134.7,136.37,239483819.0
2012-11-19,137.9,139.15,136.406,139.13,151495731.0
2012-11-20,138.91,139.42,138.08,139.19,119807381.0
2012-11-21,139.31,139.57,139.03,139.45,81710736.0
2012-11-23,140.14,141.4,140.04,141.35,65409145.0
2012-11-26,140.65,141.356,140.19,141.05,100124325.0
2012-11-27,140.91,141.39,140.24,140.33,128646177.0
2012-11-28,139.76,141.54,139.0,141.46,177086443.0
2012-11-29,141.99,142.51,141.37,142.12,151085880.0
2012-11-30,142.14,142.42,141.66,142.155,136568288.0
2012-12-03,142.81,142.92,141.34,141.45,124656283.0
2012-12-04,141.44,141.87,140.87,141.25,127622507.0
2012-12-05,141.37,142.16,140.37,141.5,147300444.0
2012-12-06,141.37,142.04,141.16,141.98,103220533.0
2012-12-07,142.52,142.69,141.67,142.41,108726325.0
2012-12-10,142.22,142.81,142.15,142.47,98840667.0
2012-12-11,143.07,144.11,142.99,143.44,152570378.0
2012-12-12,144.01,144.55,143.31,143.51,145880026.0
2012-12-13,143.42,143.83,142.275,142.63,135714940.0
2012-12-14,142.32,142.58,141.88,142.11,137701692.0
2012-12-17,142.47,143.85,142.43,143.77,143735755.0
2012-12-18,144.0,145.5,143.79,145.37,177762727.0
2012-12-19,145.53,145.58,144.24,144.29,150895322.0
2012-12-20,144.38,145.14,143.98,145.12,168486930.0
2012-12-21,142.17,144.088,141.94,142.79,245883785.0
2012-12-24,142.48,142.56,142.19,142.35,53874548.0
2012-12-26,142.64,142.71,141.35,141.75,106947663.0
2012-12-27,141.79,142.08,139.92,141.562,167920546.0
2012-12-28,140.64,141.42,139.87,140.03,148806608.0
2012-12-31,139.66,142.56,139.54,142.41,243952162.0
2013-01-02,145.11,146.15,144.73,146.06,192058911.0
2013-01-03,145.99,146.37,145.34,145.734,144761781.0
2013-01-04,145.97,146.61,145.67,146.37,116817675.0
2013-01-07,145.85,146.444,145.43,145.969,110002444.0
2013-01-08,145.72,145.91,144.98,145.55,121265078.0
2013-01-09,145.87,146.32,145.64,145.92,90745581.0
2013-01-10,146.72,147.09,145.97,147.08,130735372.0
2013-01-11,147.06,147.15,146.61,147.07,113917286.0
2013-01-14,146.89,147.07,146.43,146.97,89567104.0
2013-01-15,146.29,147.21,146.2,147.07,93172559.0
2013-01-16,146.78,147.28,146.61,147.05,104849487.0
2013-01-17,147.66,148.42,147.14,148.0,133833420.0
2013-01-18,147.98,148.49,147.43,148.33,169905915.0
2013-01-22,148.35,149.13,147.98,149.13,111797291.0
2013-01-23,149.12,149.5,148.86,149.37,104596066.0
2013-01-24,149.12,150.14,149.01,149.41,146426315.0
2013-01-25,149.88,150.25,149.37,150.25,147216088.0
2013-01-28,150.33,150.33,149.51,150.07,113357611.0
2013-01-29,149.78,150.85,149.67,150.66,105694364.0
2013-01-30,150.64,150.94,149.93,150.07,137447625.0
2013-01-31,149.93,150.38,149.6,149.7,108975801.0
2013-02-01,150.64,151.42,150.39,151.24,131172997.0
2013-02-04,150.32,151.27,149.43,149.54,159073559.0
2013-02-05,150.36,151.48,150.29,151.05,113912334.0
2013-02-06,150.53,151.26,150.41,151.16,138762719.0
2013-02-07,151.21,151.35,149.86,150.96,162489974.0
2013-02-08,151.24,151.89,151.22,151.8,103133681.0
2013-02-11,151.76,151.9,151.39,151.77,73774925.0
2013-02-12,151.78,152.3,151.61,152.02,65392613.0
2013-02-13,152.32,152.61,151.72,152.15,82322561.0
2013-02-14,151.71,152.47,151.52,152.29,80834206.0
2013-02-15,152.43,152.59,151.55,152.11,215226408.0
2013-02-19,152.38,153.28,152.16,153.25,95105396.0
2013-02-20,153.1,153.19,151.26,151.34,160574782.0
2013-02-21,150.9,151.42,149.94,150.42,183256921.0
2013-02-22,151.14,151.89,150.49,151.89,106356525.0
2013-02-25,152.6,152.86,149.0,149.2,245824757.0
2013-02-26,149.73,150.2,148.73,150.02,186596178.0
2013-02-27,149.89,152.33,149.76,151.91,150781872.0
2013-02-28,151.87,152.87,151.41,151.61,126865910.0
2013-03-01,151.07,152.34,150.41,152.11,170634729.0
2013-03-04,151.75,152.92,151.52,152.92,99010157.0
2013-03-05,153.66,154.7,153.64,154.29,121663035.0
2013-03-06,154.83,154.92,154.16,154.5,94469849.0
2013-03-07,154.69,154.98,154.52,154.78,86101309.0
2013-03-08,155.47,155.65,154.66,155.44,123487628.0
2013-03-11,155.35,156.04,155.13,156.03,83746703.0
2013-03-12,155.93,156.1,155.21,155.68,105755706.0
2013-03-13,155.75,156.12,155.23,155.91,92550856.0
2013-03-14,156.31,156.8,155.91,156.73,126329853.0
2013-03-15,155.88,156.04,155.31,155.83,138601089.0
2013-03-18,154.29,155.64,154.2,154.97,126704266.0
2013-03-19,155.29,155.51,153.59,154.61,167567263.0
2013-03-20,155.51,155.95,155.26,155.69,113759222.0
2013-03-21,154.79,155.64,154.1,154.36,128604916.0
2013-03-22,154.85,155.6,154.73,155.6,111163530.0
2013-03-25,156.0,156.27,154.35,154.95,151322280.0
2013-03-26,155.6,156.23,155.42,156.19,86856545.0
2013-03-27,155.26,156.25,155.0,156.19,99950532.0
2013-03-28,156.13,156.85,155.75,156.67,102932783.0
2013-04-01,156.6,156.91,155.67,156.05,99194043.0
2013-04-02,156.59,157.21,156.37,156.82,101504286.0
2013-04-03,156.92,157.03,154.82,155.23,154167332.0
2013-04-04,155.43,156.17,155.09,155.86,131884920.0
2013-04-05,153.98,155.35,153.77,155.16,159665917.0
2013-04-08,155.25,156.22,154.75,156.21,86571104.0
2013-04-09,156.48,157.32,155.98,156.75,101922102.0
2013-04-10,157.17,158.87,157.13,158.67,135711015.0
2013-04-11,158.69,159.71,158.54,159.19,110142479.0
2013-04-12,158.71,159.04,157.92,158.8,116359817.0
2013-04-15,158.02,158.13,155.1,155.12,217258928.0
2013-04-16,156.32,157.49,155.91,157.41,147507796.0
2013-04-17,156.31,156.32,154.28,155.11,226834743.0
2013-04-18,155.33,155.41,153.55,154.14,167583106.0
2013-04-19,154.44,155.55,154.12,155.48,149687552.0
2013-04-22,155.78,156.54,154.75,156.17,106553422.0
2013-04-23,156.96,157.93,156.17,157.78,166141269.0
2013-04-24,157.82,158.3,157.54,157.88,96781189.0
2013-04-25,158.28,159.27,158.1,158.52,131060567.0
2013-04-26,158.34,158.6,157.73,158.24,95918776.0
2013-04-29,158.65,159.65,158.42,159.3,88572702.0
2013-04-30,159.29,159.72,158.61,159.68,116010614.0
2013-05-01,159.32,159.41,158.1,158.28,138874120.0
2013-05-02,158.7,159.89,158.53,159.75,96407564.0
2013-05-03,161.14,161.88,159.78,161.37,144202220.0
2013-05-06,161.46,162.01,161.42,161.78,66882091.0
2013-05-07,162.09,162.65,161.67,162.6,90359178.0
2013-05-08,162.42,163.39,162.33,163.34,97419172.0
2013-05-09,163.29,163.7,162.47,162.88,106738550.0
2013-05-10,163.03,163.55,162.51,163.41,103202902.0
2013-05-13,163.23,163.81,162.82,163.54,81843160.0
2013-05-14,163.72,165.35,163.67,165.23,119000837.0
2013-05-15,165.01,166.45,164.91,166.12,120718433.0
2013-05-16,165.79,166.36,165.09,165.34,109913544.0
2013-05-17,165.97,167.04,165.73,166.94,129801000.0
2013-05-20,166.81,167.58,166.61,166.93,85071182.0
2013-05-21,167.09,167.8,166.5,167.17,95804190.0
2013-05-22,167.34,169.07,165.17,165.93,244031724.0
2013-05-23,164.17,165.91,163.94,165.45,211064320.0
2013-05-24,164.48,165.38,163.98,165.31,151573867.0
2013-05-28,167.09,167.78,165.81,166.3,143679738.0
2013-05-29,165.42,165.8,164.34,165.22,160363334.0
2013-05-30,165.38,166.59,165.22,165.83,107793730.0
2013-05-31,165.33,166.31,163.13,163.44,176850020.0
2013-06-03,163.88,164.46,162.66,164.35,168390676.0
2013-06-04,164.43,165.1,162.73,163.56,157631425.0
2013-06-05,163.1,163.42,161.13,161.27,211737712.0
2013-06-06,161.19,162.74,160.25,162.73,200225418.0
2013-06-07,163.89,164.95,163.14,164.8,188337725.0
2013-06-10,165.3,165.4,164.37,164.8,105667060.0
2013-06-11,163.27,164.54,162.74,163.1,159505378.0
2013-06-12,164.23,164.39,161.6,161.75,177363530.0
2013-06-13,161.65,164.5,161.3,164.21,163587777.0
2013-06-14,164.03,164.67,162.91,163.18,141197468.0
2013-06-17,164.3,165.22,163.22,164.44,136295578.0
2013-06-18,164.56,165.99,164.52,165.74,114695519.0
2013-06-19,165.6,165.89,163.38,163.45,206149463.0
2013-06-20,161.87,163.47,158.98,159.4,321255850.0
2013-06-21,159.62,159.76,157.47,159.07,271956728.0
2013-06-24,157.41,158.43,155.73,157.06,222334758.0
2013-06-25,158.47,160.1,157.42,158.57,162262138.0
2013-06-26,159.93,160.5,159.25,160.14,134847909.0
2013-06-27,161.15,161.82,160.95,161.08,129483673.0
2013-06-28,160.65,161.4,159.86,160.42,160402823.0
2013-07-01,161.28,162.48,161.08,161.36,131954792.0
2013-07-02,161.09,162.3,160.5,161.21,154863617.0
2013-07-03,160.51,161.77,160.22,161.28,75216341.0
2013-07-05,162.49,163.08,161.3,163.02,122416847.0
2013-07-08,163.92,164.39,163.08,163.94,108092440.0
2013-07-09,165.0,165.33,164.27,165.13,119297903.0
2013-07-10,165.03,165.75,164.63,165.19,121410362.0
2013-07-11,167.11,167.61,165.18,167.44,135592163.0
2013-07-12,167.43,167.93,167.13,167.51,104212650.0
2013-07-15,167.96,168.39,167.68,168.16,69450551.0
2013-07-16,168.25,168.36,167.07,167.53,88702093.0
2013-07-17,168.16,168.48,167.73,167.95,92873880.0
2013-07-18,168.29,169.27,168.2,168.87,103620266.0
2013-07-19,168.48,169.23,168.31,169.17,103831633.0
2013-07-22,169.39,169.74,169.01,169.5,79428559.0
2013-07-23,169.79,169.83,169.05,169.14,80829656.0
2013-07-24,169.82,169.86,168.18,168.52,112913979.0
2013-07-25,168.17,169.08,167.94,168.93,111156540.0
2013-07-26,168.24,169.16,167.52,169.11,107814531.0
2013-07-29,168.7,169.06,168.11,168.59,79845115.0
2013-07-30,169.15,169.28,168.19,168.59,85216968.0
2013-07-31,168.94,169.85,168.49,168.71,142388621.0
2013-08-01,170.0,170.81,169.9,170.66,110438393.0
2013-08-02,170.3,170.97,170.05,170.95,91116603.0
2013-08-05,170.61,170.96,170.35,170.7,54072643.0
2013-08-06,170.34,170.74,169.35,169.73,87494967.0
2013-08-07,169.23,169.43,168.55,169.18,84854618.0
2013-08-08,170.01,170.18,168.93,169.8,102181229.0
2013-08-09,169.56,170.1,168.72,169.31,91856453.0
2013-08-12,168.47,169.31,168.38,169.11,68593204.0
2013-08-13,169.4,169.9,168.41,169.61,80806030.0
2013-08-14,169.56,169.8,168.7,168.74,79829169.0
2013-08-15,167.43,167.43,166.09,166.38,152931740.0
2013-08-16,166.06,166.63,165.5,165.83,130868145.0
2013-08-19,165.64,166.21,164.76,164.77,96437569.0
2013-08-20,165.03,166.2,164.86,165.58,89294374.0
2013-08-21,165.15,166.03,164.19,164.56,159530482.0
2013-08-22,164.95,166.3,164.89,166.06,101471352.0
2013-08-23,166.55,166.83,165.77,166.62,90893581.0
2013-08-26,166.79,167.3,165.89,166.0,89705051.0
2013-08-27,164.33,166.0,163.21,163.33,158621736.0
2013-08-28,163.3,164.49,163.05,163.91,108112952.0
2013-08-29,163.51,165.04,163.4,164.17,119200461.0
2013-08-30,164.52,164.53,163.17,163.65,134928918.0
2013-09-03,165.24,165.58,163.7,164.39,142375036.0
2013-09-04,164.44,166.03,164.14,165.75,97389357.0
2013-09-05,165.85,166.4,165.73,165.96,63090428.0
2013-09-06,166.49,166.98,164.48,166.04,159756439.0
2013-09-09,166.45,167.73,166.45,167.63,87559246.0
2013-09-10,168.63,168.9,168.26,168.87,105847733.0
2013-09-11,168.64,169.4,168.35,169.4,94545837.0
2013-09-12,169.35,169.56,168.72,168.95,83208998.0
2013-09-13,169.15,169.46,168.74,169.33,72727764.0
2013-09-16,171.18,171.24,170.04,170.31,126187482.0
2013-09-17,170.47,171.11,170.46,171.07,82523205.0
2013-09-18,171.01,173.52,170.58,173.05,203460601.0
2013-09-19,173.51,173.6,172.59,172.76,146616842.0
2013-09-20,172.3,172.33,170.58,170.72,132867912.0
2013-09-23,170.51,170.65,169.39,169.93,104616418.0
2013-09-24,169.89,170.53,169.21,169.53,106333010.0
2013-09-25,169.65,169.98,168.89,169.04,117306473.0
2013-09-26,169.34,170.17,169.05,169.69,77146878.0
2013-09-27,168.81,169.14,168.47,168.91,99141710.0
2013-09-30,167.45,168.54,167.15,168.01,143937398.0
2013-10-01,168.14,169.5,167.97,169.34,127160442.0
2013-10-02,168.32,169.34,167.83,169.18,113349748.0
2013-10-03,168.77,168.94,166.84,167.62,176698430.0
2013-10-04,167.76,169.06,167.53,168.89,96878377.0
2013-10-07,167.41,168.45,167.25,167.43,96295115.0
2013-10-08,167.42,167.62,165.36,165.48,178014932.0
2013-10-09,165.8,166.2,164.53,165.6,168972837.0
2013-10-10,167.31,169.26,167.23,169.17,195954729.0
2013-10-11,168.9,170.32,168.77,170.26,105039740.0
2013-10-14,169.21,171.08,169.08,170.94,112106394.0
2013-10-15,170.49,171.15,169.47,169.7,155484509.0
2013-10-16,170.75,172.16,170.64,172.07,161676079.0
2013-10-17,171.38,173.32,171.34,173.22,129389185.0
2013-10-18,173.87,174.51,173.51,174.39,138315691.0
2013-10-21,174.48,174.75,174.01,174.4,104103543.0
2013-10-22,174.94,175.93,174.43,175.41,126663233.0
2013-10-23,174.83,174.89,173.96,174.57,105484397.0
2013-10-24,174.9,175.37,174.51,175.15,70350456.0
2013-10-25,175.51,176.0,175.17,175.95,93625090.0
2013-10-28,175.9,176.47,175.7,176.23,84979018.0
2013-10-29,176.6,177.24,176.38,177.17,87401344.0
2013-10-30,177.4,177.51,175.66,176.29,140001834.0
2013-10-31,176.18,176.89,175.53,175.79,133795417.0
2013-11-01,176.05,176.61,175.22,176.21,142805050.0
2013-11-04,176.72,176.9,175.98,176.83,85676773.0
2013-11-05,176.16,176.75,175.57,176.27,85824778.0
2013-11-06,177.03,177.5,176.54,177.17,87347728.0
2013-11-07,177.56,177.64,174.76,174.93,157000422.0
2013-11-08,174.85,177.31,174.85,177.29,136712623.0
2013-11-11,177.14,177.53,176.91,177.32,62614326.0
2013-11-12,176.95,177.36,176.37,176.96,83989617.0
2013-11-13,176.1,178.43,176.09,178.38,103844266.0
2013-11-14,178.53,179.42,178.25,179.27,103435238.0
2013-11-15,179.57,180.12,179.33,180.05,102818190.0
2013-11-18,180.36,180.5,179.02,179.42,104796009.0
2013-11-19,179.31,179.87,178.72,179.03,93891416.0
2013-11-20,179.41,179.93,177.98,178.47,124908601.0
2013-11-21,179.0,180.05,178.86,179.91,92841271.0
2013-11-22,180.01,180.83,179.77,180.81,81295887.0
2013-11-25,181.11,181.17,180.37,180.63,79485709.0
2013-11-26,180.74,181.22,180.41,180.68,86993560.0
2013-11-27,180.89,181.24,180.65,181.12,58800056.0
2013-11-29,181.34,181.75,180.8,181.0,55870903.0
2013-12-02,181.12,181.43,180.25,180.53,99725781.0
2013-12-03,179.98,180.39,179.17,179.75,116563302.0
2013-12-04,179.18,180.48,178.35,179.73,123032637.0
2013-12-05,179.45,179.74,178.77,178.94,106934067.0
2013-12-06,180.72,181.11,180.15,180.94,127727518.0
2013-12-09,181.47,181.67,181.16,181.4,70123608.0
2013-12-10,180.96,181.36,180.64,180.75,80976207.0
2013-12-11,180.81,180.85,178.5,178.72,130590810.0
2013-12-12,178.61,178.86,177.76,178.13,115564840.0
2013-12-13,178.48,178.66,177.77,178.11,107807610.0
2013-12-16,178.95,179.81,178.9,179.22,96194790.0
2013-12-17,179.37,179.41,178.25,178.65,89886224.0
2013-12-18,178.91,181.73,177.32,181.7,234906482.0
2013-12-19,181.18,181.7,180.71,181.49,136298872.0
2013-12-20,180.67,181.99,180.57,181.56,197086908.0
2013-12-23,182.46,182.64,182.07,182.53,85597541.0
2013-12-24,182.56,183.01,182.53,182.93,45368841.0
2013-12-26,183.35,183.96,183.32,183.86,63365227.0
2013-12-27,184.14,184.18,183.66,183.85,61813841.0
2013-12-30,183.88,184.02,183.58,183.82,56857458.0
2013-12-31,184.11,184.69,183.93,184.69,86247638.0
2014-01-02,183.91,184.07,182.48,182.92,119636836.0
2014-01-03,183.24,183.6,182.63,182.89,81390502.0
2014-01-06,183.48,183.56,182.08,182.36,108028139.0
2014-01-07,183.14,183.79,182.95,183.48,86144169.0
2014-01-08,183.46,183.83,182.89,183.52,96582234.0
2014-01-09,184.1,184.13,182.8,183.64,90683302.0
2014-01-10,183.95,184.22,183.01,184.14,102026318.0
2014-01-13,183.64,184.18,181.34,181.69,149891938.0
2014-01-14,182.27,183.77,181.95,183.67,105016055.0
2014-01-15,184.07,184.94,183.71,184.66,98525721.0
2014-01-16,184.3,184.66,183.83,184.42,72290520.0
2014-01-17,184.1,184.45,183.32,183.64,107848616.0
2014-01-21,184.69,184.77,183.05,184.18,88621138.0
2014-01-22,184.52,184.57,183.91,184.3,61270816.0
2014-01-23,183.38,183.4,181.82,182.79,132496880.0
2014-01-24,181.59,181.66,178.83,178.89,208677093.0
2014-01-27,179.05,179.52,177.12,178.01,180843004.0
2014-01-28,178.23,179.3,178.12,179.07,110463152.0
2014-01-29,177.59,178.55,176.88,177.35,216597269.0
2014-01-30,178.88,179.81,178.26,179.23,118938051.0
2014-01-31,177.0,179.29,176.92,178.18,194677861.0
2014-02-03,177.95,178.37,173.83,174.17,254837004.0
2014-02-04,174.98,175.84,174.11,175.39,165012351.0
2014-02-05,174.77,175.56,173.71,175.17,164230470.0
2014-02-06,175.59,177.48,175.22,177.48,132877526.0
2014-02-07,178.29,179.87,177.73,179.68,170787197.0
2014-02-10,179.7,180.07,179.21,180.01,92218729.0
2014-02-11,180.2,182.44,180.04,181.98,117814009.0
2014-02-12,182.24,182.83,181.71,182.07,94717638.0
2014-02-13,180.85,183.2,180.83,183.01,100542155.0
2014-02-14,182.88,184.36,182.67,184.02,96498305.0
2014-02-18,184.2,184.49,183.65,184.24,80460878.0
2014-02-19,183.79,184.95,182.87,183.02,126524261.0
2014-02-20,183.27,184.52,182.6,184.1,104998099.0
2014-02-21,184.45,184.89,183.8,183.89,118116359.0
2014-02-24,184.29,186.15,184.2,184.91,114063868.0
2014-02-25,185.04,185.59,184.23,184.84,117084901.0
2014-02-26,185.13,185.6,184.33,184.85,98677144.0
2014-02-27,184.59,185.87,184.37,185.82,93880780.0
2014-02-28,185.8,187.15,185.05,186.29,150842000.0
2014-03-03,184.65,185.45,183.75,184.98,167748455.0
2014-03-04,186.8,187.98,186.75,187.58,167545852.0
2014-03-05,187.75,188.07,187.45,187.75,88376859.0
2014-03-06,188.24,188.61,187.78,188.18,82516500.0
2014-03-07,188.93,188.96,187.43,188.26,114513432.0
2014-03-10,187.94,188.23,187.08,188.16,74939176.0
2014-03-11,188.48,188.71,186.8,187.23,99009013.0
2014-03-12,186.32,187.35,185.9,187.28,104824323.0
2014-03-13,187.85,187.99,184.66,185.18,155014237.0
2014-03-14,184.8,185.8,184.44,184.66,153919598.0
2014-03-17,185.62,186.77,185.51,186.33,98359454.0
2014-03-18,186.74,187.91,186.51,187.66,101804519.0
2014-03-19,187.72,187.94,185.47,186.66,176267253.0
2014-03-20,186.25,187.89,185.92,187.75,117240972.0
2014-03-21,187.71,189.02,186.03,186.2,163127905.0
2014-03-24,186.84,187.07,184.62,185.43,121411145.0
2014-03-25,186.37,186.94,185.27,186.31,103851737.0
2014-03-26,187.0,187.34,184.92,184.97,119842897.0
2014-03-27,184.77,185.34,183.9,184.58,142382757.0
2014-03-28,185.14,186.42,185.0,185.49,101641547.0
2014-03-31,186.66,187.3,185.52,187.01,99744911.0
2014-04-01,187.65,188.36,187.0,188.25,89193125.0
2014-04-02,188.5,189.13,188.14,188.88,78773818.0
2014-04-03,189.13,189.22,188.05,188.63,77435320.0
2014-04-04,189.64,189.7,186.1,186.4,169380705.0
2014-04-07,185.9,186.26,183.96,184.34,140802699.0
2014-04-08,184.18,185.4,183.59,185.1,112659755.0
2014-04-09,185.61,187.15,185.06,187.09,100253612.0
2014-04-10,187.09,187.17,182.93,183.16,172959331.0
2014-04-11,182.16,183.42,181.31,181.51,167250792.0
2014-04-14,182.92,183.37,181.44,182.94,132381601.0
2014-04-15,183.35,184.33,181.51,184.2,157092533.0
2014-04-16,185.47,186.14,184.65,186.13,105196633.0
2014-04-17,185.87,186.91,185.56,186.39,105254649.0
2014-04-21,186.45,187.1,186.21,187.04,68329343.0
2014-04-22,187.24,188.4,187.13,187.89,85790307.0
2014-04-23,187.8,187.92,187.3,187.45,73869384.0
2014-04-24,188.39,188.39,186.93,187.83,88169916.0
2014-04-25,187.23,187.33,185.87,186.29,100380205.0
2014-04-28,187.05,187.69,184.96,186.88,135121094.0
2014-04-29,187.48,188.04,187.08,187.75,84097551.0
2014-04-30,187.46,188.5,187.18,188.31,101507717.0
2014-05-01,188.25,188.84,187.73,188.33,93019095.0
2014-05-02,188.33,189.14,187.78,188.06,98121662.0
2014-05-05,187.16,188.55,186.62,188.42,75882739.0
2014-05-06,188.03,188.13,186.74,186.78,85454226.0
2014-05-07,187.41,187.97,186.01,187.88,106500480.0
2014-05-08,187.71,189.05,187.08,187.68,93617513.0
2014-05-09,187.71,188.04,186.83,187.96,83678568.0
2014-05-12,188.77,189.88,188.0,189.79,86940045.0
2014-05-13,190.03,190.42,189.77,189.96,66453965.0
2014-05-14,189.82,189.88,188.79,189.06,72366848.0
2014-05-15,188.68,188.72,186.48,187.4,154956399.0
2014-05-16,187.5,188.13,186.72,188.05,97457678.0
2014-05-19,187.71,188.89,187.52,188.74,63839398.0
2014-05-20,188.67,188.67,187.07,187.55,111644478.0
2014-05-21,188.07,189.22,188.06,189.13,89093285.0
2014-05-22,189.17,189.98,188.86,189.59,61549345.0
2014-05-23,189.76,190.48,189.59,190.35,60156088.0
2014-05-27,191.06,191.58,190.95,191.52,72010355.0
2014-05-28,191.55,191.82,191.06,191.38,66722865.0
2014-05-29,191.85,192.4,191.33,192.37,64376573.0
2014-05-30,192.21,192.8,192.03,192.68,76315640.0
2014-06-02,192.98,192.99,191.97,192.9,64655648.0
2014-06-03,192.41,192.9,192.25,192.8,65047193.0
2014-06-04,192.46,193.3,192.27,193.19,55529372.0
2014-06-05,193.43,194.65,192.7,194.45,92102592.0
2014-06-06,194.88,195.43,194.78,195.38,78696219.0
2014-06-09,195.36,196.05,195.17,195.58,65118828.0
2014-06-10,195.36,195.64,194.92,195.6,57129440.0
2014-06-11,194.87,195.12,194.48,194.92,68772479.0
2014-06-12,194.68,194.8,193.11,193.54,106350200.0
2014-06-13,193.89,194.32,193.3,194.13,82017278.0
2014-06-16,193.88,194.7,193.66,194.29,87424332.0
2014-06-17,194.0,194.97,193.81,194.83,84833876.0
2014-06-18,194.83,196.37,194.4,196.26,105266767.0
2014-06-19,196.46,196.6,195.8,196.48,85928920.0
2014-06-20,196.01,196.1,195.7,195.94,100587108.0
2014-06-23,196.0,196.05,195.52,195.88,70611486.0
2014-06-24,195.54,196.5,194.48,194.7,96236917.0
2014-06-25,194.28,195.78,194.25,195.58,82781912.0
2014-06-26,195.6,195.63,194.13,195.44,84311822.0
2014-06-27,194.98,195.88,194.88,195.82,71453616.0
2014-06-30,195.71,196.17,195.53,195.72,70504228.0
2014-07-01,196.21,197.63,196.13,197.03,90470121.0
2014-07-02,197.03,197.48,196.96,197.23,52474832.0
2014-07-03,197.81,198.29,197.64,198.2,52938832.0
2014-07-07,197.84,197.98,197.22,197.51,61696447.0
2014-07-08,197.12,197.22,195.76,196.24,108142552.0
2014-07-09,196.75,197.3,196.31,197.12,72992322.0
2014-07-10,195.24,196.86,195.06,196.34,99040407.0
2014-07-11,196.24,196.75,195.78,196.61,64243410.0
2014-07-14,197.63,197.86,197.44,197.6,58657919.0
2014-07-15,197.71,198.1,196.36,197.23,111346230.0
2014-07-16,198.12,198.26,197.42,197.96,80073242.0
2014-07-17,197.33,198.1,195.43,195.71,145398459.0
2014-07-18,196.38,197.91,196.24,197.71,124330419.0
2014-07-21,197.08,197.5,196.43,197.34,67591618.0
2014-07-22,198.04,198.56,197.87,198.2,67677602.0
2014-07-23,198.51,198.85,198.1,198.64,65611830.0
2014-07-24,198.82,199.06,198.45,198.65,56888093.0
2014-07-25,198.11,198.26,197.33,197.72,76837257.0
2014-07-28,197.78,198.09,196.62,197.8,69258785.0
2014-07-29,198.21,198.45,196.92,196.95,80466351.0
2014-07-30,197.66,197.91,196.16,196.98,104222452.0
2014-07-31,195.63,195.78,192.97,193.09,183479441.0
2014-08-01,192.58,193.76,191.57,192.5,189260864.0
2014-08-04,192.87,194.3,192.05,193.89,91340487.0
2014-08-05,193.11,193.6,191.31,192.01,152690379.0
2014-08-06,191.08,192.89,191.08,192.07,94818317.0
2014-08-07,192.96,193.13,190.55,191.03,135733421.0
2014-08-08,191.43,193.37,190.95,193.24,117014384.0
2014-08-11,193.99,194.66,193.71,193.8,74543691.0
2014-08-12,193.63,194.15,192.94,193.53,73631640.0
2014-08-13,194.3,195.06,193.96,194.84,69046544.0
2014-08-14,195.19,195.76,194.98,195.76,57370793.0
2014-08-15,196.49,196.65,194.31,195.72,139950669.0
2014-08-18,196.81,197.45,196.69,197.36,75424360.0
2014-08-19,197.85,198.54,197.44,198.39,59134709.0
2014-08-20,198.15,199.16,198.08,198.92,72762541.0
2014-08-21,199.06,199.76,198.93,199.5,67790690.0
2014-08-22,199.32,199.69,198.74,199.19,76107359.0
2014-08-25,200.16,200.59,199.15,200.2,63855022.0
2014-08-26,200.35,200.82,200.28,200.33,47298324.0
2014-08-27,200.45,200.57,199.94,200.25,47873708.0
2014-08-28,199.59,200.27,199.39,200.14,58330373.0
2014-08-29,200.44,200.73,199.82,200.71,65906598.0
2014-09-02,200.97,201.0,199.86,200.61,72425793.0
2014-09-03,201.35,201.41,200.22,200.5,57461742.0
2014-09-04,200.86,201.58,199.66,200.21,85236442.0
2014-09-05,200.19,201.19,199.41,201.11,102176784.0
2014-09-08,200.94,201.21,200.0,200.59,64145745.0
2014-09-09,200.42,200.55,198.91,199.32,88590876.0
2014-09-10,199.46,200.2,198.77,200.07,67251103.0
2014-09-11,199.28,200.33,199.12,200.3,66823558.0
2014-09-12,200.12,200.12,198.56,199.13,117478516.0
2014-09-15,199.17,199.32,198.38,198.98,76401421.0
2014-09-16,198.64,200.84,198.5,200.48,116200722.0
2014-09-17,200.8,201.68,199.75,200.75,151265896.0
2014-09-18,201.36,201.85,201.1,201.82,94990300.0
2014-09-19,201.53,201.9,200.29,200.7,121649147.0
2014-09-22,200.33,200.38,198.73,199.15,125552758.0
2014-09-23,198.41,199.26,197.95,198.01,111393319.0
2014-09-24,198.06,199.69,197.52,199.56,107275635.0
2014-09-25,199.05,199.05,196.27,196.34,150300028.0
2014-09-26,196.7,198.39,196.42,197.9,103546740.0
2014-09-29,196.18,197.89,196.05,197.54,95111605.0
2014-09-30,197.7,198.3,196.61,197.02,131302082.0
2014-10-01,196.68,196.77,193.91,194.35,177797862.0
2014-10-02,194.18,195.06,192.35,194.38,157285182.0
2014-10-03,195.71,196.94,195.08,196.52,121568769.0
2014-10-06,197.36,197.6,195.58,196.29,104778335.0
2014-10-07,195.29,195.72,193.22,193.26,147913498.0
2014-10-08,193.36,196.92,192.36,196.64,186461453.0
2014-10-09,196.36,196.6,192.58,192.74,210704601.0
2014-10-10,192.7,193.65,190.49,190.54,221908954.0
2014-10-13,190.47,191.15,187.3,187.41,230938833.0
2014-10-14,188.43,189.82,187.04,187.7,215846527.0
2014-10-15,185.19,187.69,181.92,186.43,380714598.0
2014-10-16,183.05,187.58,182.89,186.27,270391488.0
2014-10-17,188.42,189.75,187.62,188.47,214624921.0
2014-10-20,188.12,190.45,188.07,190.3,130010813.0
2014-10-21,191.7,194.2,191.48,194.07,154948579.0
2014-10-22,194.44,194.91,192.61,192.69,151822409.0
2014-10-23,194.64,196.2,194.26,194.93,154944169.0
2014-10-24,195.23,196.49,194.49,196.43,117927286.0
2014-10-27,195.75,196.45,195.03,196.16,82953689.0
2014-10-28,196.84,198.42,196.73,198.41,106735936.0
2014-10-29,198.59,199.12,196.8,198.11,142557417.0
2014-10-30,197.59,199.95,197.4,199.38,113295796.0
2014-10-31,201.78,201.82,200.77,201.66,146902554.0
2014-11-03,201.92,202.45,201.31,201.77,93734143.0
2014-11-04,201.22,201.6,200.06,201.07,93342777.0
2014-11-05,202.56,202.59,201.45,202.34,91708574.0
2014-11-06,202.41,203.26,201.64,203.15,107089076.0
2014-11-07,203.17,203.6,202.61,203.34,89539712.0
2014-11-10,203.4,204.04,203.13,203.98,66318964.0
2014-11-11,204.07,204.31,203.65,204.18,54499375.0
2014-11-12,203.35,204.24,203.31,203.96,90120295.0
2014-11-13,204.14,204.83,203.21,204.19,85357918.0
2014-11-14,204.13,204.49,203.72,204.24,80417514.0
2014-11-17,203.85,204.58,203.65,204.37,80440954.0
2014-11-18,204.46,205.92,204.44,205.55,76068107.0
2014-11-19,205.3,205.55,204.3,205.22,82373009.0
2014-11-20,204.25,205.71,204.18,205.58,72840326.0
2014-11-21,207.6,207.84,205.98,206.68,142327285.0
2014-11-24,207.19,207.39,206.91,207.26,65880759.0
2014-11-25,207.54,207.79,206.8,207.11,79108301.0
2014-11-26,207.27,207.76,207.03,207.64,62167832.0
2014-11-28,207.52,207.87,206.91,207.2,57890088.0
2014-12-01,206.4,206.54,205.38,205.76,103968354.0
2014-12-02,205.8,207.34,205.78,207.09,74507192.0
2014-12-03,207.28,208.15,207.1,207.89,68951968.0
2014-12-04,207.55,208.27,206.7,207.66,91316591.0
2014-12-05,207.88,208.47,207.55,208.0,91025470.0
2014-12-08,207.55,208.12,205.93,206.61,108588152.0
2014-12-09,204.37,206.6,203.91,206.47,125180054.0
2014-12-10,205.94,205.98,202.93,203.16,159856394.0
2014-12-11,203.89,206.19,203.71,204.19,159012805.0
2014-12-12,202.65,203.82,200.85,200.89,202330191.0
2014-12-15,202.0,202.53,198.78,199.51,189965750.0
2014-12-16,198.55,202.4,197.86,197.91,259543848.0
2014-12-17,198.48,202.34,198.29,201.79,253910092.0
2014-12-18,204.78,212.97,203.92,206.78,257633887.0
2014-12-19,206.46,207.33,205.61,206.52,245084590.0
2014-12-22,206.71,207.47,206.46,207.47,148318934.0
2014-12-23,207.85,208.23,207.4,207.75,122167931.0
2014-12-24,208.03,208.34,207.72,207.77,42963399.0
2014-12-26,208.29,208.85,208.25,208.44,57326703.0
2014-12-29,208.25,208.97,208.14,208.72,79643948.0
2014-12-30,208.21,208.37,207.51,207.6,73540761.0
2014-12-31,207.96,208.19,205.39,205.54,130333829.0
2015-01-02,206.39,206.88,204.18,205.43,121465865.0
2015-01-05,204.2,204.37,201.35,201.72,169632646.0
2015-01-06,202.13,202.72,198.86,199.82,209151408.0
2015-01-07,201.46,202.72,200.88,202.31,125346709.0
2015-01-08,204.0,206.16,203.99,205.9,147217784.0
2015-01-09,206.39,206.42,203.51,204.25,158567288.0
2015-01-12,204.42,204.6,201.92,202.65,144396067.0
2015-01-13,204.15,205.48,200.51,202.08,214553306.0
2015-01-14,199.67,201.1,198.57,200.86,192991092.0
2015-01-15,201.64,202.01,198.88,199.02,176613906.0
2015-01-16,198.75,201.82,198.55,201.63,211879605.0
2015-01-20,202.42,202.72,200.17,202.06,130991069.0
2015-01-21,201.51,203.66,200.94,203.08,122942707.0
2015-01-22,204.02,206.26,202.33,206.1,174356029.0
2015-01-23,205.8,206.1,204.81,204.97,117516753.0
2015-01-26,204.73,205.56,203.85,205.45,92009711.0
2015-01-27,203.0,204.12,201.74,202.74,134044598.0
2015-01-28,204.16,204.29,199.91,200.14,168514312.0
2015-01-29,200.34,202.3,198.68,201.99,173585424.0
2015-01-30,200.56,202.17,199.13,199.45,197729724.0
2015-02-02,200.07,202.03,197.86,201.92,163106969.0
2015-02-03,203.02,204.85,202.55,204.84,124212881.0
2015-02-04,203.94,205.38,203.51,204.06,134306728.0
2015-02-05,204.83,206.3,204.77,206.12,97953181.0
2015-02-06,206.57,207.24,204.92,205.55,125672026.0
2015-02-09,204.77,205.64,204.14,204.63,87219016.0
2015-02-10,205.89,207.12,204.68,206.81,96164183.0
2015-02-11,206.6,207.45,205.83,206.93,91087785.0
2015-02-12,207.91,208.99,206.97,208.92,97545949.0
2015-02-13,209.08,209.84,208.76,209.78,93670430.0
2015-02-17,209.38,210.32,209.1,210.11,76968199.0
2015-02-18,209.66,210.22,209.34,210.13,80652941.0
2015-02-19,209.43,210.42,209.24,209.98,91462491.0
2015-02-20,209.43,211.33,208.73,211.24,140896392.0
2015-02-23,210.97,211.21,210.48,211.21,74411054.0
2015-02-24,211.11,212.05,210.76,211.81,72472263.0
2015-02-25,211.64,212.24,211.22,211.63,73061687.0
2015-02-26,211.55,211.71,210.65,211.38,72697868.0
2015-02-27,211.25,211.58,210.6,210.66,108075972.0
2015-03-02,210.76,212.06,210.72,211.99,87491428.0
2015-03-03,211.46,212.05,210.08,211.12,110325809.0
2015-03-04,210.42,210.49,209.06,210.23,114497192.0
2015-03-05,210.63,210.8,209.85,210.46,76872957.0
2015-03-06,209.38,209.94,207.1,207.5,188127982.0
2015-03-09,207.76,208.79,207.55,208.36,89818893.0
2015-03-10,206.71,206.81,204.93,204.98,157121263.0
2015-03-11,205.29,205.5,204.4,204.5,110145718.0
2015-03-12,205.24,207.18,205.2,207.1,93993523.0
2015-03-13,206.76,207.93,204.58,205.83,162410893.0
2015-03-16,206.68,208.69,205.86,208.58,136099192.0
2015-03-17,207.65,208.42,206.98,207.96,94510422.0
2015-03-18,207.43,211.27,206.62,210.46,228808524.0
2015-03-19,210.04,210.47,209.03,209.5,117917302.0
2015-03-20,209.66,211.02,209.49,210.41,177715081.0
2015-03-23,210.43,211.11,210.0,210.0,71784536.0
2015-03-24,209.87,210.4,208.74,208.82,77805321.0
2015-03-25,209.01,209.35,205.71,205.76,159521708.0
2015-03-26,204.96,206.37,204.12,205.27,153067241.0
2015-03-27,205.16,205.95,204.9,205.74,118938966.0
2015-03-30,206.96,208.61,206.96,208.25,96180365.0
2015-03-31,205.16,208.1,205.16,206.43,126768703.0
2015-04-01,206.36,206.42,204.51,205.7,137303584.0
2015-04-02,205.58,206.98,205.4,206.44,86900906.0
2015-04-06,205.39,208.45,205.21,207.83,114368155.0
2015-04-07,207.86,208.76,207.24,207.28,81236337.0
2015-04-08,207.53,208.51,207.08,207.98,89351939.0
2015-04-09,207.82,209.18,207.19,208.9,85548854.0
2015-04-10,209.21,210.09,208.96,210.04,72722915.0
2015-04-13,209.84,210.63,209.03,209.09,74436594.0
2015-04-14,208.86,209.71,208.1,209.49,75099866.0
2015-04-15,210.07,211.04,209.95,210.43,99529320.0
2015-04-16,210.06,210.98,209.79,210.37,68934864.0
2015-04-17,208.98,209.23,207.01,207.95,191113230.0
2015-04-20,209.09,210.25,208.96,209.85,92189481.0
2015-04-21,210.67,210.86,209.24,209.6,72559831.0
2015-04-22,210.04,210.85,208.9,210.63,78264616.0
2015-04-23,210.17,211.94,210.01,211.16,102585942.0
2015-04-24,211.7,211.97,211.11,211.65,61327387.0
2015-04-27,212.34,212.48,210.54,210.77,79358126.0
2015-04-28,210.71,211.5,209.33,211.44,86863531.0
2015-04-29,210.32,211.29,209.6,210.57,125684903.0
2015-04-30,209.9,210.35,207.62,208.46,161304890.0
2015-05-01,209.41,210.77,209.28,210.72,103399711.0
2015-05-04,211.22,212.02,211.1,211.32,70927235.0
2015-05-05,211.01,211.46,208.73,208.9,113326156.0
2015-05-06,209.54,209.93,206.76,208.04,135060151.0
2015-05-07,207.91,209.38,207.52,208.87,88244940.0
2015-05-08,210.84,211.86,210.78,211.62,155877260.0
2015-05-11,211.54,211.89,210.52,210.61,75708065.0
2015-05-12,209.59,210.63,208.62,209.98,119727592.0
2015-05-13,210.49,211.22,209.74,210.02,94667943.0
2015-05-14,211.24,212.32,210.91,212.21,95934006.0
2015-05-15,212.43,212.61,211.86,212.44,76510099.0
2015-05-18,212.24,213.4,212.16,213.1,74549685.0
2015-05-19,213.26,213.57,212.69,213.03,72114610.0
2015-05-20,213.16,213.78,212.5,212.88,76857530.0
2015-05-21,212.74,213.75,212.51,213.5,64764585.0
2015-05-22,213.02,213.54,212.91,212.99,57433495.0
2015-05-26,212.39,212.91,210.2,210.7,124308584.0
2015-05-27,211.23,212.98,210.76,212.7,93213981.0
2015-05-28,212.34,212.59,211.63,212.46,74974560.0
2015-05-29,212.4,212.43,210.82,211.14,124919611.0
2015-06-01,211.95,212.34,210.62,211.57,93338750.0
2015-06-02,211.02,212.19,210.27,211.36,91531012.0
2015-06-03,211.97,212.67,211.33,211.92,87820909.0
2015-06-04,211.07,211.86,209.75,210.13,151882820.0
2015-06-05,209.93,210.58,208.98,209.77,121704676.0
2015-06-08,209.63,209.82,208.39,208.48,89063330.0
2015-06-09,208.44,209.1,207.69,208.45,105034690.0
2015-06-10,209.38,211.41,209.3,210.95,134551285.0
2015-06-11,211.49,212.09,211.2,211.63,73876447.0
2015-06-12,210.62,211.48,209.68,210.01,135382369.0
2015-06-15,208.62,209.45,207.79,209.11,124384184.0
2015-06-16,208.9,210.35,208.72,210.25,85308227.0
2015-06-17,210.58,211.32,209.36,210.59,126708635.0
2015-06-18,211.23,213.34,210.63,212.78,165867949.0
2015-06-19,211.42,211.55,210.36,210.81,130478689.0
2015-06-22,211.95,212.59,211.64,211.89,70696027.0
2015-06-23,212.18,212.44,211.57,212.04,68476797.0
2015-06-24,211.71,212.17,210.47,210.5,92307318.0
2015-06-25,211.13,211.25,209.77,209.86,97107361.0
2015-06-26,210.28,210.58,209.16,209.82,104174840.0
2015-06-29,208.02,209.83,205.33,205.42,202621332.0
2015-06-30,207.32,207.32,205.28,205.85,182925106.0
2015-07-01,207.79,208.03,206.56,207.5,135979873.0
2015-07-02,208.07,208.27,206.81,207.31,104373652.0
2015-07-06,205.74,207.65,205.53,206.72,117975369.0
2015-07-07,206.93,208.17,204.11,208.02,173820249.0
2015-07-08,206.34,206.76,204.25,204.53,164020059.0
2015-07-09,207.03,207.35,204.77,204.9,144113107.0
2015-07-10,207.28,207.98,204.95,207.48,129456890.0
2015-07-13,209.0,209.9,208.94,209.77,106069400.0
2015-07-14,209.69,211.05,209.65,210.68,81709575.0
2015-07-15,210.71,211.28,210.04,210.61,97914141.0
2015-07-16,211.82,212.3,211.58,212.3,106683266.0
2015-07-17,212.34,212.55,211.8,212.48,89029973.0
2015-07-20,212.77,213.18,212.21,212.59,70446821.0
2015-07-21,212.45,212.74,211.39,211.75,77965048.0
2015-07-22,210.94,211.77,210.89,211.37,88667920.0
2015-07-23,211.54,211.65,209.75,210.18,90509128.0
2015-07-24,210.25,210.37,207.6,208.0,117754979.0
2015-07-27,206.98,207.55,206.26,206.79,132361082.0
2015-07-28,207.8,209.5,206.8,209.33,123544845.0
2015-07-29,209.44,211.04,209.31,210.77,105791255.0
2015-07-30,210.2,211.02,209.42,210.82,91304374.0
2015-07-31,211.44,211.45,210.16,210.5,103266857.0
2015-08-03,210.3,210.53,208.65,209.79,113965728.0
2015-08-04,209.7,210.25,208.8,209.38,81820823.0
2015-08-05,210.4,211.31,209.73,210.07,85786817.0
2015-08-06,210.27,210.42,207.65,208.35,116030803.0
2015-08-07,208.16,208.34,206.87,207.95,117857956.0
2015-08-10,209.29,210.67,209.28,210.57,80270676.0
2015-08-11,208.96,209.47,207.76,208.67,126081377.0
2015-08-12,207.14,209.14,205.36,208.92,172123672.0
2015-08-13,208.75,209.55,208.01,208.66,89383253.0
2015-08-14,208.43,209.51,208.26,209.42,72786528.0
2015-08-17,208.73,210.59,208.16,210.59,79072643.0
2015-08-18,210.29,210.68,209.7,209.98,71692678.0
2015-08-19,209.1,210.01,207.35,208.32,172945975.0
2015-08-20,206.54,208.29,203.9,203.97,194327884.0
2015-08-21,201.81,203.94,197.52,197.63,346588469.0
2015-08-24,187.49,197.48,182.4,189.55,507244333.0
2015-08-25,195.45,195.45,186.92,187.27,369833071.0
2015-08-26,192.21,194.79,188.37,194.46,339256986.0
2015-08-27,197.05,199.42,195.21,199.27,274143906.0
2015-08-28,198.5,199.84,197.92,199.28,160414352.0
2015-08-31,198.14,199.13,197.01,197.67,163298816.0
2015-09-01,193.07,194.77,190.73,191.77,256000392.0
2015-09-02,194.69,195.46,192.42,195.41,160269331.0
2015-09-03,196.25,198.05,194.96,195.55,152087836.0
2015-09-04,192.88,193.86,191.61,192.59,207080961.0
2015-09-08,195.97,197.61,195.17,197.43,116025739.0
2015-09-09,199.32,199.47,194.35,194.79,149347735.0
2015-09-10,194.5,197.22,194.25,195.85,158611063.0
2015-09-11,195.32,196.82,194.53,196.74,119691212.0
2015-09-14,196.95,197.01,195.43,196.01,79451983.0
2015-09-15,196.59,198.99,195.96,198.46,113806176.0
2015-09-16,198.82,200.41,198.41,200.18,99581557.0
2015-09-17,199.96,202.89,199.28,199.73,276046618.0
2015-09-18,195.74,198.68,194.96,195.45,223657456.0
2015-09-21,196.45,197.68,195.21,196.46,105726209.0
2015-09-22,193.9,194.46,192.56,193.91,153890876.0
2015-09-23,194.13,194.67,192.91,193.6,92790620.0
2015-09-24,192.13,193.45,190.56,192.9,159378840.0
2015-09-25,194.61,195.0,191.81,192.85,155054777.0
2015-09-28,191.75,191.91,187.64,188.01,178515871.0
2015-09-29,188.24,189.74,186.93,188.12,159045572.0
2015-09-30,190.4,191.83,189.44,191.63,163452044.0
2015-10-01,192.03,192.49,189.82,192.13,131078964.0
2015-10-02,189.75,195.03,189.12,195.0,211003342.0
2015-10-05,196.47,198.74,196.33,198.47,126320842.0
2015-10-06,198.27,198.98,197.0,197.79,110274530.0
2015-10-07,198.85,199.82,197.48,199.41,124307295.0
2015-10-08,198.96,201.55,198.59,201.21,153055231.0
2015-10-09,201.4,201.9,200.58,201.33,107069240.0
2015-10-12,201.43,201.76,200.91,201.52,56395585.0
2015-10-13,200.65,202.16,200.05,200.25,88038718.0
2015-10-14,200.16,200.87,198.94,199.29,99106161.0
2015-10-15,200.05,202.36,199.64,202.35,134142195.0
2015-10-16,202.82,203.29,201.92,203.27,114580052.0
2015-10-19,202.53,203.37,202.13,203.37,76523897.0
2015-10-20,202.86,203.84,202.55,203.09,78448484.0
2015-10-21,203.64,203.79,201.65,201.85,102038033.0
2015-10-22,203.0,205.51,201.85,205.26,174911723.0
2015-10-23,207.24,207.95,206.3,207.51,144442340.0
2015-10-26,207.27,207.37,206.56,207.0,69032965.0
2015-10-27,206.18,207.0,205.79,206.6,77905770.0
2015-10-28,207.0,208.98,206.21,208.95,135906725.0
2015-10-29,208.36,209.27,208.21,208.83,90525498.0
2015-10-30,209.07,209.44,207.74,207.93,131076942.0
2015-11-02,208.36,210.62,208.17,210.39,86270811.0
2015-11-03,209.98,211.66,209.7,211.0,95246052.0
2015-11-04,211.37,211.5,209.72,210.36,96224477.0
2015-11-05,210.44,210.98,209.09,210.15,78408744.0
2015-11-06,209.74,210.32,208.46,210.04,110471473.0
2015-11-09,209.33,209.49,206.95,208.08,131008660.0
2015-11-10,207.54,208.6,207.19,208.56,75874602.0
2015-11-11,208.9,208.94,207.66,207.74,67845971.0
2015-11-12,206.51,207.06,204.82,204.84,121315200.0
2015-11-13,204.36,204.67,202.44,202.54,153577050.0
2015-11-16,202.3,205.69,202.18,205.62,117645231.0
2015-11-17,205.97,207.04,204.88,205.47,121123744.0
2015-11-18,206.03,208.9,205.99,208.73,121342544.0
2015-11-19,208.55,209.05,208.2,208.55,88220465.0
2015-11-20,209.47,210.12,208.86,209.31,94011519.0
2015-11-23,209.4,209.98,208.52,209.07,64931172.0
2015-11-24,207.87,209.83,207.41,209.35,98874365.0
2015-11-25,209.48,209.74,209.01,209.32,51980062.0
2015-11-27,209.4,209.8,208.86,209.56,37317779.0
2015-11-30,209.79,209.89,208.56,208.69,112822700.0
2015-12-01,209.42,210.82,209.11,210.68,97858418.0
2015-12-02,210.6,211.0,208.23,208.53,108441259.0
2015-12-03,208.9,209.15,204.75,205.61,166224154.0
2015-12-04,206.1,209.97,205.93,209.62,192913879.0
2015-12-07,209.2,209.73,207.2,208.35,102027111.0
2015-12-08,206.48,208.29,205.78,206.95,103372367.0
2015-12-09,206.2,208.68,204.18,205.34,162401537.0
2015-12-10,205.44,207.43,205.14,205.87,116128884.0
2015-12-11,203.38,204.14,201.51,201.88,211173305.0
2015-12-14,202.1,203.05,199.95,202.9,182385177.0
2015-12-15,204.69,206.11,202.87,205.03,154069569.0
2015-12-16,206.37,208.39,204.8,208.03,197017008.0
2015-12-17,208.37,208.48,204.84,204.86,173092476.0
2015-12-18,202.77,202.93,199.83,200.02,251393535.0
2015-12-21,201.43,201.88,200.09,201.67,99094290.0
2015-12-22,202.7,203.85,201.55,203.5,111026246.0
2015-12-23,204.7,206.07,204.58,206.02,110987228.0
2015-12-24,205.72,206.33,205.42,205.68,48542150.0
2015-12-28,204.86,205.26,203.94,205.21,65899939.0
2015-12-29,206.53,207.79,206.47,207.4,92640672.0
2015-12-30,207.11,207.21,205.76,205.93,63317679.0
2015-12-31,205.17,205.89,203.87,203.87,114877859.0
2016-01-04,200.53,201.03,198.59,201.02,222353534.0
2016-01-05,201.39,201.9,200.05,201.36,110845849.0
2016-01-06,198.33,200.06,197.6,198.82,152112604.0
2016-01-07,195.32,197.44,193.59,194.05,213436073.0
2016-01-08,195.21,195.85,191.58,191.92,209817228.0
2016-01-11,193.05,193.41,189.82,192.11,187941323.0
2016-01-12,193.85,194.55,191.14,193.66,172330490.0
2016-01-13,194.53,194.86,188.38,188.83,221168886.0
2016-01-14,189.55,193.26,187.66,191.93,240795609.0
2016-01-15,186.79,188.76,185.52,187.81,324846447.0
2016-01-19,189.94,190.11,186.2,188.06,195244373.0
2016-01-20,185.0,187.5,181.02,185.65,286547839.0
2016-01-21,186.19,188.87,184.64,186.69,195772941.0
2016-01-22,189.78,190.76,188.88,190.52,168319598.0
2016-01-25,189.91,190.15,187.41,187.64,130371686.0
2016-01-26,188.42,190.53,188.02,190.2,141036757.0
2016-01-27,189.58,191.56,187.06,188.13,185681707.0
2016-01-28,190.0,190.2,187.16,189.11,143798780.0
2016-01-29,190.03,193.88,189.88,193.72,210529336.0
2016-02-01,192.5,194.58,191.84,193.65,136061564.0
2016-02-02,191.9,191.97,189.54,190.16,182564890.0
2016-02-03,191.37,191.78,187.1,191.3,205054934.0
2016-02-04,190.72,192.75,189.96,191.6,139531794.0
2016-02-05,190.97,191.67,187.2,187.95,180788308.0
2016-02-08,185.75,186.12,182.8,185.42,191526694.0
2016-02-09,183.38,186.94,183.2,185.43,184513136.0
2016-02-10,186.44,188.34,185.12,185.27,148214057.0
2016-02-11,182.38,184.1,181.09,182.86,219058885.0
2016-02-12,184.93,186.65,183.96,186.63,127632393.0
2016-02-16,188.78,189.81,187.63,189.78,120250668.0
2016-02-17,191.12,193.32,191.01,192.88,136009496.0
2016-02-18,193.22,193.27,191.72,192.09,102342997.0
2016-02-19,191.15,192.18,190.45,192.0,114792988.0
2016-02-22,193.9,194.95,193.79,194.78,103640292.0
2016-02-23,193.99,194.32,192.18,192.32,111455289.0
2016-02-24,190.62,193.53,189.32,193.2,150812152.0
2016-02-25,193.73,195.55,192.83,195.54,110728317.0
2016-02-26,196.52,196.68,194.9,195.09,129833663.0
2016-02-29,195.08,196.23,193.33,193.56,125918102.0
2016-03-01,195.05,198.21,194.45,198.11,141799687.0
2016-03-02,197.7,199.06,197.25,199.0,102414960.0
2016-03-03,198.7,199.8,198.11,199.78,95172197.0
2016-03-04,200.0,201.35,199.03,200.43,129293601.0
2016-03-07,199.34,201.07,199.25,200.59,100218998.0
2016-03-08,199.3,199.92,198.21,198.4,123974866.0
2016-03-09,199.36,199.79,198.43,199.38,94801213.0
2016-03-10,199.9,201.07,197.38,199.54,156838697.0
2016-03-11,201.25,202.81,199.52,202.76,137964528.0
2016-03-14,202.2,203.04,201.77,202.5,73611974.0
2016-03-15,201.32,202.53,201.05,202.17,93169090.0
2016-03-16,201.62,203.82,201.55,203.34,129303179.0
2016-03-17,203.26,205.23,202.77,204.63,134278505.0
2016-03-18,204.2,204.78,203.8,204.38,138372404.0
2016-03-21,204.11,204.94,203.8,204.67,72926659.0
2016-03-22,203.74,205.23,203.57,204.56,97471939.0
2016-03-23,204.11,204.33,203.01,203.21,81052455.0
2016-03-24,201.98,203.16,201.74,203.12,84360853.0
2016-03-28,203.64,203.86,202.71,203.24,62408185.0
2016-03-29,202.75,205.25,202.4,205.12,92922863.0
2016-03-30,206.31,206.87,205.59,206.02,86365310.0
2016-03-31,205.87,206.41,205.33,205.52,94584110.0
2016-04-01,204.35,207.14,203.98,206.92,114423478.0
2016-04-04,206.84,207.07,205.89,206.25,63496969.0
2016-04-05,204.64,206.26,203.89,204.19,99662158.0
2016-04-06,204.27,206.49,203.98,206.42,91839761.0
2016-04-07,205.18,205.56,203.09,203.95,113859037.0
2016-04-08,205.32,205.85,203.87,204.5,95040598.0
2016-04-11,205.25,206.07,203.91,204.02,83757486.0
2016-04-12,204.2,206.25,203.7,205.92,115350567.0
2016-04-13,207.02,208.1,206.84,208.0,96336433.0
2016-04-14,208.03,208.6,207.6,208.01,65212883.0
2016-04-15,208.0,208.17,207.4,207.78,75761615.0
2016-04-18,207.11,209.28,207.0,209.24,82530960.0
2016-04-19,209.7,210.2,208.94,209.9,88316060.0
2016-04-20,209.9,210.92,209.39,210.1,81100314.0
2016-04-21,210.13,210.25,208.65,208.97,85695041.0
2016-04-22,208.53,209.29,207.91,208.97,99251724.0
2016-04-25,208.28,208.66,207.54,208.61,66166494.0
2016-04-26,209.05,209.52,208.36,208.92,75864174.0
2016-04-27,208.46,209.81,208.05,209.35,77329437.0
2016-04-28,208.51,209.76,206.96,207.45,97216169.0
2016-04-29,206.71,207.13,205.03,206.33,142424137.0
2016-05-02,206.9,208.18,206.41,207.97,62188015.0
2016-05-03,206.5,206.8,205.28,206.16,106422142.0
2016-05-04,205.0,205.85,204.42,205.01,92243810.0
2016-05-05,205.57,205.98,204.47,204.97,67619222.0
2016-05-06,204.04,205.77,203.88,205.72,89315004.0
2016-05-09,205.58,206.4,205.36,205.89,74374922.0
2016-05-10,206.64,208.5,206.64,208.45,77472207.0
2016-05-11,207.89,208.54,206.5,206.5,81726989.0
2016-05-12,207.29,207.49,205.37,206.56,89586308.0
2016-05-13,206.23,206.86,204.38,204.76,96474630.0
2016-05-16,204.95,207.34,204.89,206.78,77486827.0
2016-05-17,206.44,206.8,204.23,204.85,114924940.0
2016-05-18,204.44,206.3,203.63,204.91,123493379.0
2016-05-19,204.0,204.54,202.78,204.2,115430507.0
2016-05-20,204.95,206.1,204.86,205.49,104990408.0
2016-05-23,205.48,205.84,204.99,205.21,58682576.0
2016-05-24,206.15,208.24,206.14,207.87,93537808.0
2016-05-25,208.64,209.77,207.87,209.28,79221525.0
2016-05-26,209.46,209.71,208.97,209.34,55280699.0
2016-05-27,209.55,210.25,209.47,210.24,64211214.0
2016-05-31,210.53,210.69,209.18,209.84,109879380.0
2016-06-01,209.15,210.48,208.89,210.27,69936215.0
2016-06-02,209.8,210.93,209.24,210.91,63044749.0
2016-06-03,210.32,210.69,208.86,210.28,101757126.0
2016-06-06,210.71,211.77,210.51,211.35,64887045.0
2016-06-07,211.56,212.34,211.5,211.68,60974761.0
2016-06-08,211.8,212.52,211.69,212.37,66170920.0
2016-06-09,211.49,212.22,211.19,212.08,73786869.0
2016-06-10,210.43,210.86,209.43,210.07,113829158.0
2016-06-13,209.38,210.37,208.35,208.45,117751153.0
2016-06-14,207.97,208.74,206.92,208.04,125059286.0
2016-06-15,208.57,209.36,207.53,207.75,109124496.0
2016-06-16,206.74,208.57,205.59,208.37,149533065.0
2016-06-17,207.14,207.2,205.75,206.52,117055748.0
2016-06-20,208.84,209.61,207.75,207.85,82789603.0
2016-06-21,208.26,208.92,207.78,208.44,72461663.0
2016-06-22,208.65,209.5,207.93,208.1,95560471.0
2016-06-23,209.83,210.87,209.27,210.81,102731356.0
2016-06-24,204.0,210.85,202.72,203.13,333444397.0
2016-06-27,201.59,201.6,198.65,199.6,248988660.0
2016-06-28,201.66,203.23,201.12,203.2,159382399.0
2016-06-29,204.83,206.93,204.72,206.66,137328614.0
2016-06-30,207.18,209.54,206.56,209.48,165021948.0
2016-07-01,209.29,210.49,209.29,209.92,106055333.0
2016-07-05,208.95,209.08,207.71,208.41,109803713.0
2016-07-06,207.87,209.8,207.06,209.66,96021491.0
2016-07-07,209.89,210.65,208.63,209.53,85593827.0
2016-07-08,211.0,212.94,210.78,212.65,133970972.0
2016-07-11,213.16,214.07,212.95,213.4,73633937.0
2016-07-12,214.51,215.3,213.43,214.95,101275629.0
2016-07-13,215.42,215.45,214.35,214.92,87324129.0
2016-07-14,216.34,216.67,215.66,216.12,91230870.0
2016-07-15,216.79,217.01,215.31,215.83,107155401.0
2016-07-18,215.95,216.6,215.67,216.41,58725918.0
2016-07-19,215.88,216.23,215.63,216.19,54345728.0
2016-07-20,216.75,217.37,216.24,217.09,58159457.0
2016-07-21,216.93,217.22,215.75,216.27,67777310.0
2016-07-22,216.39,217.3,216.1,217.24,62787477.0
2016-07-25,217.0,217.06,215.97,216.65,55873147.0
2016-07-26,216.53,217.17,215.76,216.75,70080493.0
2016-07-27,217.17,217.27,215.62,216.52,84083893.0
2016-07-28,216.26,217.11,215.75,216.77,65035718.0
2016-07-29,216.45,217.54,216.13,217.12,79519436.0
2016-08-01,217.2,217.65,216.41,216.94,73311422.0
2016-08-02,216.64,216.83,214.57,215.55,92295506.0
2016-08-03,215.45,216.24,215.13,216.18,53993626.0
2016-08-04,216.3,216.78,214.25,216.41,46585528.0
2016-08-05,217.19,218.23,217.07,218.18,71892161.0
2016-08-08,218.39,218.52,217.74,218.05,39906479.0
2016-08-09,218.12,218.76,217.8,218.18,51251728.0
2016-08-10,218.29,218.4,217.23,217.64,57941092.0
2016-08-11,218.25,218.94,217.95,218.65,72504270.0
2016-08-12,218.26,218.71,217.99,218.46,61313544.0
2016-08-15,218.89,219.5,218.88,219.09,49813482.0
2016-08-16,218.56,218.68,217.96,217.96,53213621.0
2016-08-17,218.01,218.53,217.02,218.37,75134339.0
2016-08-18,218.31,218.9,218.21,218.86,52989266.0
2016-08-19,218.34,218.75,217.74,218.54,75443004.0
2016-08-22,218.25,218.8,217.83,218.53,61368766.0
2016-08-23,219.23,219.6,218.9,218.97,53399159.0
2016-08-24,218.8,218.91,217.36,217.85,71728949.0
2016-08-25,217.4,218.19,217.22,217.7,69224776.0
2016-08-26,217.9,219.12,216.25,217.29,122506348.0
2016-08-29,217.43,218.67,217.4,218.36,70502167.0
2016-08-30,218.25,218.59,217.35,218.0,58114543.0
2016-08-31,217.64,217.75,216.46,217.38,85269453.0
2016-09-01,217.38,217.73,216.03,217.39,97844207.0
2016-09-02,218.36,218.87,217.7,218.37,79293856.0
2016-09-06,218.71,219.12,217.86,219.03,56702089.0
2016-09-07,218.84,219.22,218.3,219.01,76554855.0
2016-09-08,218.6,218.94,218.15,218.51,74102880.0
2016-09-09,217.0,217.03,213.25,213.28,221589073.0
2016-09-12,212.37,216.81,212.31,216.34,168110913.0
2016-09-13,214.85,215.15,212.5,213.23,182828839.0
2016-09-14,213.29,214.7,212.5,213.15,134185491.0
2016-09-15,213.0,215.73,212.75,215.28,145736123.0
2016-09-16,213.5,213.69,212.57,213.37,155236354.0
2016-09-19,214.14,214.88,213.03,213.41,80250490.0
2016-09-20,214.43,214.59,213.38,213.42,69665279.0
2016-09-21,214.22,216.03,213.44,215.82,110284425.0
2016-09-22,216.99,217.53,216.71,217.18,76678713.0
2016-09-23,216.71,216.88,215.88,215.99,73630921.0
2016-09-26,215.02,215.23,214.01,214.24,89827305.0
2016-09-27,214.03,215.68,213.62,215.57,78494829.0
2016-09-28,215.81,216.82,214.71,216.64,87411015.0
2016-09-29,216.39,216.87,214.04,214.68,128070615.0
2016-09-30,215.67,217.12,215.36,216.3,117202914.0
2016-10-03,215.81,216.04,215.04,215.78,83512057.0
2016-10-04,215.86,216.17,213.99,214.68,119948052.0
2016-10-05,215.37,216.13,215.33,215.63,72815963.0
2016-10-06,215.39,216.04,214.74,215.78,62927376.0
2016-10-07,216.06,216.3,214.19,215.04,89788255.0
2016-10-10,216.14,216.7,215.99,216.16,51855023.0
2016-10-11,215.64,215.74,212.58,213.43,130367373.0
2016-10-12,213.61,214.32,213.01,213.71,73866117.0
2016-10-13,212.17,213.59,211.21,213.01,101356960.0
2016-10-14,214.14,214.69,213.03,213.12,93346237.0
2016-10-17,213.07,213.39,212.17,212.38,58275674.0
2016-10-18,214.24,214.31,213.27,213.71,76869656.0
2016-10-19,214.01,214.64,213.6,214.28,66519224.0
2016-10-20,213.87,214.53,213.11,213.88,73639830.0
2016-10-21,212.95,214.08,212.76,213.98,89089092.0
2016-10-24,214.98,215.32,214.48,214.89,60146592.0
2016-10-25,214.7,214.98,213.98,214.17,66542329.0
2016-10-26,213.22,214.42,212.93,213.74,75705478.0
2016-10-27,214.6,214.62,213.08,213.17,77220213.0
2016-10-28,213.13,213.93,211.71,212.54,140623183.0
2016-10-31,212.95,213.19,212.36,212.55,61272507.0
2016-11-01,212.93,212.99,209.6,211.01,122781818.0
2016-11-02,210.67,211.1,209.23,209.74,103330806.0
2016-11-03,210.01,210.24,208.46,208.78,88939346.0
2016-11-04,208.91,209.89,208.38,208.55,109122059.0
2016-11-07,211.45,213.19,211.3,213.15,109794861.0
2016-11-08,212.72,214.77,212.38,214.11,106772138.0
2016-11-09,212.36,217.1,212.34,216.38,258428972.0
2016-11-10,217.35,218.31,215.22,216.92,172113313.0
2016-11-11,216.13,216.7,215.32,216.42,100552732.0
2016-11-14,217.08,217.27,215.72,216.59,94579982.0
2016-11-15,217.05,218.28,216.8,218.28,91652580.0
2016-11-16,217.52,218.14,217.42,217.87,65617697.0
2016-11-17,218.05,219.06,217.92,218.99,69797191.0
2016-11-18,219.04,219.27,218.29,218.5,86265751.0
2016-11-21,219.19,220.18,219.0,220.15,72402638.0
2016-11-22,220.49,220.79,219.73,220.58,67428957.0
2016-11-23,220.0,220.76,219.75,220.7,56620237.0
2016-11-25,221.12,221.56,221.01,221.52,37872255.0
2016-11-28,221.19,221.48,220.36,220.48,76572511.0
2016-11-29,220.58,221.44,220.17,220.91,69886690.0
2016-11-30,221.65,221.82,220.31,220.38,113291793.0
2016-12-01,220.73,220.73,219.15,219.57,79040487.0
2016-12-02,219.7,220.25,219.26,219.68,74840347.0
2016-12-05,220.67,221.4,220.42,221.0,67837821.0
2016-12-06,221.24,221.74,220.66,221.7,59877377.0
2016-12-07,221.5,224.67,221.38,224.6,110738050.0
2016-12-08,224.57,225.7,224.26,225.15,99714387.0
2016-12-09,225.44,226.53,225.37,226.51,88005766.0
2016-12-12,226.42,226.96,225.76,226.25,102016125.0
2016-12-13,227.03,228.34,227.0,227.76,110477485.0
2016-12-14,227.41,228.23,225.37,225.88,142501812.0
2016-12-15,226.13,227.81,225.89,226.81,124972554.0
2016-12-16,226.02,226.08,224.67,225.04,156420152.0
2016-12-19,225.24,226.02,225.08,225.53,90341147.0
2016-12-20,226.16,226.57,225.88,226.4,89838810.0
2016-12-21,226.27,226.45,225.77,225.77,67909039.0
2016-12-22,225.61,225.74,224.92,225.38,56219071.0
2016-12-23,225.42,225.72,225.21,225.71,36697822.0
2016-12-27,226.0,226.73,226.0,226.27,42672487.0
2016-12-28,226.59,226.59,224.27,224.4,64095014.0
2016-12-29,224.47,224.89,223.84,224.35,48696080.0
2016-12-30,224.73,224.83,222.73,223.53,108998328.0
2017-01-03,225.07,225.83,223.88,225.24,91366522.0
2017-01-04,225.64,226.75,225.61,226.58,78744433.0
2017-01-05,226.28,226.58,225.48,226.4,78379012.0
2017-01-06,226.53,227.75,225.9,227.21,71559922.0
2017-01-09,226.9,227.07,226.42,226.46,46939676.0
2017-01-10,226.47,227.45,226.01,226.46,63771939.0
2017-01-11,226.38,227.1,225.59,227.1,74650016.0
2017-01-12,226.5,226.75,224.96,226.53,72113181.0
2017-01-13,226.75,227.4,226.69,227.05,62717865.0
2017-01-17,226.3,226.78,225.8,226.25,61240814.0
2017-01-18,226.52,226.8,225.9,226.75,54793302.0
2017-01-19,226.83,227.0,225.41,225.91,66608787.0
2017-01-20,226.73,227.31,225.97,226.74,129168623.0
2017-01-23,226.37,226.81,225.27,226.15,75061645.0
2017-01-24,226.4,228.08,226.27,227.6,95555295.0
2017-01-25,228.7,229.57,228.51,229.57,84437712.0
2017-01-26,229.42,229.71,229.01,229.33,59970719.0
2017-01-27,229.44,229.59,228.76,228.97,59711118.0
2017-01-30,228.18,228.2,226.41,227.55,79737252.0
2017-01-31,227.01,227.6,226.32,227.53,75880805.0
2017-02-01,228.29,228.59,226.94,227.62,79117651.0
2017-02-02,227.24,228.1,226.82,227.77,69657560.0
2017-02-03,228.85,229.55,228.46,229.34,80563168.0
2017-02-06,228.87,229.33,228.54,228.93,57790108.0
2017-02-07,229.36,229.66,228.72,228.94,57931151.0
2017-02-08,228.59,229.39,228.31,229.24,51566218.0
2017-02-09,229.57,230.95,229.52,230.6,65955245.0
2017-02-10,231.0,231.77,230.62,231.51,66015892.0
2017-02-13,232.09,233.07,232.05,232.77,55182050.0
2017-02-14,232.55,233.71,232.16,233.7,71108983.0
2017-02-15,233.43,235.14,233.39,234.92,86785826.0
2017-02-16,234.93,235.16,233.85,234.72,84722437.0
2017-02-17,233.97,235.09,233.93,235.09,77204104.0
2017-02-21,235.51,236.69,235.51,236.49,88946051.0
2017-02-22,236.02,236.54,235.83,236.28,62115185.0
2017-02-23,236.9,236.9,235.56,236.44,74615902.0
2017-02-24,235.46,236.79,235.41,236.74,82381612.0
2017-02-27,236.61,237.31,236.35,237.11,56515440.0
2017-02-28,236.71,236.95,236.02,236.47,96961938.0
2017-03-01,238.4,240.32,238.37,239.78,149158170.0
2017-03-02,239.57,239.57,238.21,238.27,70245978.0
2017-03-03,238.19,238.61,237.73,238.42,81974300.0
2017-03-06,237.49,238.12,237.01,237.71,55391533.0
2017-03-07,237.39,237.77,236.76,237.0,65103737.0
2017-03-08,237.31,237.64,236.4,236.56,78168795.0
2017-03-09,236.71,237.24,235.74,236.86,90683918.0
2017-03-10,237.95,238.02,236.59,237.69,81991652.0
2017-03-13,237.59,237.86,237.24,237.81,57256824.0
2017-03-14,237.22,237.24,236.19,236.9,59880778.0
2017-03-15,237.56,239.44,237.29,238.95,96081750.0
2017-03-16,239.12,239.2,238.1,238.48,78343951.0
2017-03-17,237.75,237.97,237.03,237.03,89002111.0
2017-03-20,237.01,237.36,236.32,236.77,52536979.0
2017-03-21,237.47,237.61,233.58,233.73,131809275.0
2017-03-22,233.73,234.61,233.05,234.28,97569204.0
2017-03-23,233.98,235.34,233.6,234.03,100410277.0
2017-03-24,234.35,235.04,232.96,233.86,112504853.0
2017-03-27,231.97,233.92,231.61,233.62,87454452.0
2017-03-28,233.32,235.81,233.14,235.32,93483915.0
2017-03-29,235.0,235.81,234.72,235.54,61950354.0
2017-03-30,235.5,236.52,235.27,236.29,56737890.0
2017-03-31,235.91,236.51,235.68,235.74,73733094.0
2017-04-03,235.79,236.03,233.91,235.33,85546486.0
2017-04-04,235.0,235.58,234.56,235.48,56466195.0
2017-04-05,236.26,237.39,234.54,234.78,108800604.0
2017-04-06,234.96,236.04,234.43,235.44,69135757.0
2017-04-07,235.18,236.0,234.64,235.2,74412311.0
2017-04-10,235.36,236.26,234.73,235.34,67615302.0
2017-04-11,234.9,235.18,233.34,235.06,88045276.0
2017-04-12,234.8,234.96,233.77,234.03,81864436.0
2017-04-13,233.65,234.49,232.51,232.51,92880394.0
2017-04-17,233.12,234.57,232.88,234.57,68405367.0
2017-04-18,233.71,234.49,233.08,233.87,83225821.0
2017-04-19,234.52,234.95,233.18,233.44,68699868.0
2017-04-20,234.14,235.85,233.78,235.34,92572186.0
2017-04-21,235.22,235.31,234.13,234.59,110389847.0
2017-04-24,237.17,237.41,234.56,237.17,119209877.0
2017-04-25,237.93,238.95,237.81,238.55,76698265.0
2017-04-26,238.53,239.53,238.35,238.4,84702455.0
2017-04-27,238.74,238.95,237.98,238.6,57410326.0
2017-04-28,238.93,238.93,237.93,238.08,63532845.0
2017-05-01,238.66,239.17,238.2,238.68,66882521.0
2017-05-02,238.82,238.98,238.3,238.77,57375732.0
2017-05-03,238.29,238.88,237.7,238.48,73137731.0
2017-05-04,238.81,238.92,237.78,238.76,61462732.0
2017-05-05,239.16,239.72,238.68,239.7,62001269.0
2017-05-08,239.77,239.92,239.17,239.66,48385730.0
2017-05-09,239.94,240.19,239.04,239.44,51363200.0
2017-05-10,239.37,239.87,239.15,239.87,54293799.0
2017-05-11,239.31,239.57,238.13,239.38,62358346.0
2017-05-12,239.05,239.43,238.67,238.98,53912730.0
2017-05-15,239.49,240.44,239.45,240.3,61918937.0
2017-05-16,240.64,240.67,239.63,240.08,51241791.0
2017-05-17,238.09,238.64,235.75,235.82,172174107.0
2017-05-18,235.7,237.75,235.43,236.77,107047656.0
2017-05-19,237.36,239.08,237.27,238.31,115011373.0
2017-05-22,238.87,239.71,238.82,239.52,61010602.0
2017-05-23,239.98,240.24,239.51,240.05,48341683.0
2017-05-24,240.33,240.73,239.93,240.61,49181099.0
2017-05-25,241.22,242.08,240.96,241.76,64071661.0
2017-05-26,241.59,241.9,241.45,241.71,46629905.0
2017-05-30,241.32,241.79,241.16,241.5,35201897.0
2017-05-31,241.84,241.88,240.64,241.44,91796016.0
2017-06-01,241.97,243.38,241.64,243.36,68962024.0
2017-06-02,243.45,244.35,243.08,244.17,88666128.0
2017-06-05,244.02,244.3,243.76,243.99,44698825.0
2017-06-06,243.34,243.98,243.12,243.21,50375430.0
2017-06-07,243.61,243.92,242.83,243.66,54144311.0
2017-06-08,243.8,244.33,243.17,243.78,65950691.0
2017-06-09,244.07,245.01,241.95,243.41,132256362.0
2017-06-12,243.09,243.42,242.38,243.36,86108102.0
2017-06-13,243.98,244.61,243.58,244.55,60066953.0
2017-06-14,244.86,244.87,243.29,244.24,78602311.0
2017-06-15,242.69,243.91,242.36,243.77,66464888.0
2017-06-16,242.83,242.83,241.63,242.64,84553097.0
2017-06-19,243.61,244.73,243.48,244.66,65123802.0
2017-06-20,244.23,244.26,242.99,243.01,56906368.0
2017-06-21,243.46,243.59,242.41,242.95,55977569.0
2017-06-22,242.96,243.53,242.64,242.84,44148059.0
2017-06-23,242.88,243.51,242.47,243.13,66986801.0
2017-06-26,243.93,244.38,243.05,243.29,56700477.0
2017-06-27,243.01,243.38,241.31,241.33,82247666.0
2017-06-28,242.51,243.72,242.23,243.49,70042599.0
2017-06-29,243.62,243.72,239.95,241.35,106949719.0
2017-06-30,242.3,242.71,241.57,241.8,86820694.0
2017-07-03,242.9,243.38,242.21,242.21,39153806.0
2017-07-05,242.61,243.01,241.7,242.77,54427596.0
2017-07-06,241.86,242.03,240.34,240.55,66115317.0
2017-07-07,241.18,242.28,240.56,242.11,57972268.0
2017-07-10,241.98,242.8,241.76,242.37,36663274.0
2017-07-11,242.12,242.55,240.85,242.19,50354614.0
2017-07-12,243.31,244.2,243.3,244.01,59610405.0
2017-07-13,244.02,244.55,243.76,244.42,39471637.0
2017-07-14,244.4,245.97,244.31,245.56,60262692.0
2017-07-17,245.44,245.91,245.33,245.53,33531917.0
2017-07-18,245.06,245.72,244.67,245.66,42742498.0
2017-07-19,246.01,247.0,246.01,246.99,51034260.0
2017-07-20,247.25,247.42,246.47,247.1,47135183.0
2017-07-21,246.44,246.91,246.18,246.88,88711019.0
2017-07-24,246.81,246.98,246.28,246.82,46622256.0
2017-07-25,247.7,247.8,247.16,247.42,54915591.0
2017-07-26,247.78,247.79,247.13,247.43,47575422.0
2017-07-27,247.96,248.0,245.68,247.2,70766568.0
2017-07-28,246.7,247.06,246.13,246.91,50088359.0
2017-07-31,247.38,247.48,246.53,246.77,65838659.0
2017-08-01,247.45,247.5,246.72,247.32,55050401.0
2017-08-02,247.47,247.6,246.37,247.44,47211216.0
2017-08-03,247.31,247.34,246.64,246.96,40855997.0
2017-08-04,247.52,247.79,246.97,247.41,60191838.0
2017-08-07,247.5,247.87,247.37,247.87,31995021.0
2017-08-08,247.53,248.91,246.83,247.26,61719353.0
2017-08-09,246.46,247.31,246.06,247.25,62632619.0
2017-08-10,246.3,246.44,243.7,243.76,120479470.0
2017-08-11,244.0,244.8,243.75,244.12,74869947.0
2017-08-14,245.55,246.79,245.55,246.54,73291919.0
2017-08-15,247.0,247.0,246.16,246.51,55242746.0
2017-08-16,247.09,247.57,246.45,246.94,56715544.0
2017-08-17,246.26,246.6,243.09,243.09,128490396.0
2017-08-18,242.95,244.19,242.2,242.71,136747986.0
2017-08-21,242.64,243.2,241.83,242.9,65469736.0
2017-08-22,243.6,245.62,243.55,245.44,63140101.0
2017-08-23,244.34,245.05,244.16,244.56,50203837.0
2017-08-24,245.0,245.18,243.75,243.99,50741671.0
2017-08-25,244.89,245.61,244.39,244.56,64445912.0
2017-08-28,245.17,245.2,244.09,244.57,40565606.0
2017-08-29,243.13,245.15,242.93,244.85,51135715.0
2017-08-30,244.86,246.32,244.62,246.01,62030805.0
2017-08-31,246.75,247.77,246.05,247.49,103803880.0
2017-09-01,247.98,248.33,247.67,247.84,62006989.0
2017-09-05,247.27,247.52,244.95,246.06,91398777.0
2017-09-06,246.87,247.28,246.23,246.9,57916867.0
2017-09-07,247.27,247.27,246.4,246.87,58034730.0
2017-09-08,246.54,247.11,246.3,246.58,63832825.0
2017-09-11,248.04,249.3,248.02,249.21,71364848.0
2017-09-12,249.64,250.09,249.42,250.05,56896027.0
2017-09-13,249.73,250.21,249.59,250.17,59228002.0
2017-09-14,249.83,250.32,249.6,250.09,95446349.0
2017-09-15,248.7,249.29,248.57,249.19,95432382.0
2017-09-18,249.62,250.12,249.28,249.72,46235238.0
2017-09-19,250.0,250.07,249.6,249.97,47108148.0
2017-09-20,250.07,250.19,248.92,250.06,59574083.0
2017-09-21,249.87,249.98,249.19,249.39,48211398.0
2017-09-22,249.06,249.63,249.02,249.44,51214032.0
2017-09-25,249.16,249.55,248.08,248.93,57064357.0
2017-09-26,249.45,249.7,248.8,249.08,54081959.0
2017-09-27,249.89,250.49,248.87,250.05,81001426.0
2017-09-28,249.73,250.44,249.63,250.35,44778841.0
2017-09-29,250.37,251.32,250.13,251.23,85578002.0
2017-10-02,251.5,252.32,251.29,252.32,59022985.0
2017-10-03,252.46,252.89,252.23,252.86,66810169.0
2017-10-04,252.72,253.44,252.56,253.16,55953619.0
2017-10-05,253.54,254.68,253.2,254.66,63522757.0
2017-10-06,254.16,254.7,253.85,254.37,80645998.0
2017-10-09,254.65,254.7,253.65,253.95,35803138.0
2017-10-10,254.6,255.05,253.98,254.62,43057363.0
2017-10-11,254.53,255.02,254.32,255.02,47674325.0
2017-10-12,254.68,255.06,254.36,254.64,47065144.0
2017-10-13,255.15,255.27,254.64,254.95,54800435.0
2017-10-16,255.2,255.51,254.82,255.29,38221675.0
2017-10-17,255.24,255.52,254.98,255.47,31560964.0
2017-10-18,255.92,255.95,255.5,255.72,40888330.0
2017-10-19,254.83,255.83,254.35,255.79,61903788.0
2017-10-20,256.73,257.14,255.77,257.11,89176377.0
2017-10-23,257.51,257.51,256.02,256.11,63915306.0
2017-10-24,256.56,256.83,256.15,256.56,66935910.0
2017-10-25,256.23,256.31,254.0,255.29,103715291.0
2017-10-26,256.01,256.3,255.48,255.62,69797972.0
2017-10-27,256.47,257.89,255.63,257.71,85562544.0
2017-10-30,257.09,257.6,256.41,256.75,54285687.0
2017-10-31,257.21,257.44,256.8,257.15,60304781.0
2017-11-01,258.1,258.43,257.07,257.49,54202736.0
2017-11-02,257.43,257.75,256.19,257.59,56449535.0
2017-11-03,257.82,258.5,257.3,258.45,59589730.0
2017-11-06,258.31,259.0,258.22,258.85,49652598.0
2017-11-07,259.0,259.35,258.09,258.67,57502161.0
2017-11-08,258.46,259.22,258.15,259.11,50469579.0
2017-11-09,257.74,258.39,256.36,258.17,95085497.0
2017-11-10,257.71,258.29,257.37,258.09,59984662.0
2017-11-13,257.32,258.59,257.27,258.33,50228648.0
2017-11-14,257.44,257.85,256.52,257.73,61315152.0
2017-11-15,256.62,257.22,255.63,256.44,80811525.0
2017-11-16,257.5,259.04,257.47,258.62,67777027.0
2017-11-17,258.2,258.59,257.77,257.86,75756833.0
2017-11-20,258.15,258.52,257.86,258.3,48075514.0
2017-11-21,259.19,260.2,258.26,259.99,69176799.0
2017-11-22,260.07,260.15,259.57,259.76,45033392.0
2017-11-24,260.32,260.48,260.16,260.36,27856514.0
2017-11-27,260.38,260.75,260.0,260.23,52274922.0
2017-11-28,260.79,262.9,260.65,262.87,98971719.0
2017-11-29,263.05,263.63,262.2,262.71,77512102.0
2017-11-30,263.8,266.05,263.67,265.01,127894389.0
2017-12-01,264.8,265.31,260.76,264.46,164390902.0
2017-12-04,266.38,266.8,264.08,264.14,94040560.0
2017-12-05,264.4,265.15,263.04,263.19,77994544.0
2017-12-06,262.84,263.73,262.71,263.24,75898566.0
2017-12-07,263.08,264.43,262.94,264.07,77218569.0
2017-12-08,265.0,265.52,264.03,265.51,76563873.0
2017-12-11,265.6,266.38,265.48,266.31,83077533.0
2017-12-12,266.6,267.32,266.35,266.78,85195750.0
2017-12-13,267.05,267.56,266.65,266.75,102905409.0
2017-12-14,267.09,267.22,265.6,265.66,100666692.0
2017-12-15,265.54,267.04,265.39,266.51,144610290.0
2017-12-18,268.1,268.6,267.98,268.2,83653572.0
2017-12-19,268.51,268.53,267.09,267.17,82382876.0
2017-12-20,268.25,268.33,266.69,267.03,76751500.0
2017-12-21,267.73,268.38,267.3,267.58,67032339.0
2017-12-22,267.61,267.64,266.9,267.51,78720873.0
2017-12-26,267.02,267.44,266.88,267.19,45244433.0
2017-12-27,267.35,267.73,267.01,267.32,57750986.0
2017-12-28,267.87,267.92,267.45,267.87,45116139.0
2017-12-29,268.55,268.55,266.64,266.86,96007424.0
2018-01-02,267.86,268.81,267.4,268.77,86655749.0
2018-01-03,268.99,270.64,268.96,270.47,90070416.0
2018-01-04,271.22,272.16,270.54,271.61,80636408.0
2018-01-05,272.56,273.56,271.95,273.42,83523995.0
2018-01-08,273.32,274.1,272.98,273.92,57319192.0
2018-01-09,274.43,275.25,274.08,274.54,57253957.0
2018-01-10,273.71,274.42,272.92,274.12,69574318.0
2018-01-11,274.77,276.12,274.56,276.12,62361455.0
2018-01-12,276.43,278.11,276.08,277.92,90816076.0
2018-01-16,279.42,280.09,276.18,276.97,106555142.0
2018-01-17,278.07,280.05,276.97,279.61,113258799.0
2018-01-18,279.51,279.96,278.58,279.14,100728006.0
2018-01-19,279.7,280.41,279.14,280.41,140920098.0
2018-01-22,280.16,282.69,280.11,282.69,91322408.0
2018-01-23,282.76,283.62,282.37,283.29,97084700.0
2018-01-24,284.03,284.7,281.84,283.18,134816117.0
2018-01-25,284.16,284.27,282.4,283.3,84587313.0
2018-01-26,284.32,286.63,283.96,286.58,107743119.0
2018-01-29,285.99,286.43,284.5,284.68,90118337.0
2018-01-30,283.2,284.74,281.22,281.76,131796419.0
2018-01-31,282.75,283.3,280.68,281.9,118948131.0
2018-02-01,281.1,283.06,280.68,281.58,90102470.0
2018-02-02,280.0,280.23,275.41,275.45,173174790.0
2018-02-05,273.47,275.85,263.31,263.93,294681816.0
2018-02-06,259.88,269.7,258.7,269.13,355026782.0
2018-02-07,268.46,272.36,267.58,267.67,167376100.0
2018-02-08,268.0,268.17,257.59,257.63,246449505.0
2018-02-09,260.94,263.61,252.92,261.5,283565315.0
2018-02-12,263.89,267.01,261.66,265.34,143735976.0
2018-02-13,264.0,266.62,263.31,266.0,81223640.0
2018-02-14,264.4,270.0,264.3,269.59,120735685.0
2018-02-15,271.6,273.04,268.77,273.03,111200286.0
2018-02-16,272.27,275.32,272.27,273.11,160420135.0
2018-02-20,272.0,273.67,270.5,271.4,86369662.0
2018-02-21,271.85,274.72,269.94,270.05,98883740.0
2018-02-22,271.09,273.05,269.64,270.4,110511290.0
2018-02-23,271.84,274.71,271.25,274.71,92766428.0
2018-02-26,275.9,278.01,275.26,277.9,86491406.0
2018-02-27,278.11,278.92,274.36,274.43,99099165.0
2018-02-28,275.65,276.19,271.29,271.65,121907767.0
2018-03-01,271.5,273.17,266.0,267.7,176855077.0
2018-03-02,265.75,269.72,264.82,269.08,139083217.0
2018-03-05,267.75,272.89,267.61,272.19,97307387.0
2018-03-06,273.28,273.39,271.18,272.88,79213163.0
2018-03-07,270.39,273.18,270.2,272.78,87063502.0
2018-03-08,273.52,274.24,272.42,274.1,66901150.0
2018-03-09,275.69,278.87,275.34,278.87,113625335.0
2018-03-12,279.2,279.91,278.08,278.52,71924793.0
2018-03-13,279.84,280.41,276.03,276.72,91968937.0
2018-03-14,277.81,278.02,274.67,275.3,105895079.0
2018-03-15,275.85,276.61,274.43,275.0,83433038.0
2018-03-16,274.45,275.39,274.14,274.2,100343673.0
2018-03-19,273.34,274.4,268.62,270.49,109208442.0
2018-03-20,270.91,271.67,270.18,270.95,59757271.0
2018-03-21,270.88,273.27,270.19,270.43,78709578.0
2018-03-22,267.85,268.87,263.36,263.67,148785916.0
2018-03-23,264.17,265.02,257.83,258.05,183534751.0
2018-03-26,262.16,265.43,259.41,265.11,141956102.0
2018-03-27,266.17,266.77,258.84,260.6,129941445.0
2018-03-28,260.76,262.64,258.58,259.83,146452306.0
2018-03-29,261.12,265.26,259.84,263.15,124244790.0
2018-04-02,262.56,263.13,254.67,257.47,186286343.0
2018-04-03,258.92,261.31,256.84,260.77,119956861.0
2018-04-04,256.76,264.36,256.6,263.56,123715339.0
2018-04-05,265.55,266.64,264.32,265.64,82652618.0
2018-04-06,263.42,265.11,258.0,259.72,179521209.0
2018-04-09,261.37,264.84,259.94,261.0,105442932.0
2018-04-10,264.25,266.04,262.98,265.15,105573736.0
2018-04-11,263.42,265.64,263.39,263.76,91140243.0
2018-04-12,265.28,267.0,265.06,265.93,68890480.0
2018-04-13,267.45,267.54,264.01,265.15,85079176.0
2018-04-16,267.0,268.2,266.07,267.33,63405287.0
2018-04-17,269.33,270.87,268.75,270.19,64682036.0
2018-04-18,270.68,271.3,269.87,270.39,57303857.0
2018-04-19,269.59,269.88,267.72,268.89,77655909.0
2018-04-20,268.87,269.06,265.61,266.61,99953133.0
2018-04-23,267.28,267.89,265.35,266.57,65557954.0
2018-04-24,267.76,267.98,261.28,262.98,112885452.0
2018-04-25,262.94,264.13,260.85,263.63,103840948.0
2018-04-26,264.86,267.25,264.29,266.31,67731942.0
2018-04-27,267.0,267.34,265.5,266.56,57053647.0
2018-04-30,267.26,267.89,264.43,264.51,82182324.0
2018-05-01,263.87,265.1,262.11,264.98,74203365.0
2018-05-02,264.77,265.68,262.76,263.2,86368943.0
2018-05-03,262.28,263.36,259.05,262.62,136311479.0
2018-05-04,261.52,266.79,261.15,266.02,91222075.0
2018-05-07,266.91,268.02,266.11,266.92,55304907.0
2018-05-08,266.48,267.32,265.15,266.92,67499247.0
2018-05-09,267.67,269.86,267.09,269.5,59666143.0
2018-05-10,270.34,272.39,270.22,272.02,72063931.0
2018-05-11,272.14,273.15,271.58,272.85,59871511.0
2018-05-14,273.34,274.08,272.36,272.98,54790606.0
2018-05-15,271.52,271.61,270.03,271.1,87036136.0
2018-05-16,271.11,272.76,271.11,272.24,53942631.0
2018-05-17,271.93,273.23,271.13,272.01,56536400.0
2018-05-18,271.61,272.03,270.93,271.33,64367959.0
2018-05-21,273.01,273.98,271.35,273.37,58025875.0
2018-05-22,273.94,274.25,272.24,272.61,52966358.0
2018-05-23,271.19,273.39,270.99,273.36,64694184.0
2018-05-24,272.95,273.22,270.78,272.8,76043827.0
2018-05-25,272.15,272.86,271.58,272.15,56374755.0
2018-05-29,270.26,271.17,267.76,269.02,115908607.0
2018-05-30,270.5,273.11,270.42,272.61,69678449.0
2018-05-31,272.2,272.49,270.26,270.94,93519941.0
2018-06-01,272.49,273.94,272.33,273.6,71258411.0
2018-06-04,274.51,275.18,274.26,274.9,45385166.0
2018-06-05,275.02,275.53,274.18,275.1,51135038.0
2018-06-06,275.9,277.52,275.09,277.4,62732215.0
2018-06-07,277.98,278.28,276.34,277.37,72969402.0
2018-06-08,276.78,278.25,276.66,278.19,72139719.0
2018-06-11,278.44,279.37,278.31,278.56,58892515.0
2018-06-12,279.05,279.33,278.19,278.92,72329028.0
2018-06-13,279.21,279.48,277.8,278.03,79070610.0
2018-06-14,279.01,279.33,278.06,278.73,77097620.0
2018-06-15,276.65,277.51,275.35,277.13,120041562.0
2018-06-18,275.47,276.7,274.95,276.56,52917581.0
2018-06-19,273.98,275.75,273.53,275.5,97531510.0
2018-06-20,276.27,276.72,275.59,275.97,53785486.0
2018-06-21,275.98,275.98,273.68,274.24,71061404.0
2018-06-22,275.67,275.79,274.49,274.74,56612003.0
2018-06-25,273.45,273.62,269.1,271.0,137854162.0
2018-06-26,271.61,272.56,270.79,271.6,68683211.0
2018-06-27,272.27,273.86,269.18,269.35,105110674.0
2018-06-28,269.26,271.75,268.49,270.89,76650517.0
2018-06-29,272.08,273.66,271.15,271.28,97592499.0
2018-07-02,269.51,272.04,269.24,271.86,63554774.0
2018-07-03,272.88,272.98,270.42,270.9,42187071.0
2018-07-05,272.16,273.18,270.96,273.11,56925919.0
2018-07-06,273.14,275.84,272.71,275.42,66493696.0
2018-07-09,276.56,277.96,276.5,277.9,50550399.0
2018-07-10,278.4,279.01,278.08,278.9,51966829.0
2018-07-11,277.17,278.04,276.52,276.86,77054739.0
2018-07-12,278.29,279.43,277.6,279.37,60124687.0
2018-07-13,279.19,279.93,278.66,279.59,48234964.0
2018-07-16,279.66,279.8,278.84,279.34,48201038.0
2018-07-17,278.48,280.91,278.41,280.47,52315500.0
2018-07-18,280.57,281.18,280.06,281.06,44564421.0
2018-07-19,280.31,280.74,279.46,280.0,61412117.0
2018-07-20,279.8,280.48,279.5,279.68,82372729.0
2018-07-23,279.46,280.43,279.06,280.2,47047565.0
2018-07-24,281.79,282.56,280.63,281.61,68026935.0
2018-07-25,281.37,284.37,281.28,284.01,78882927.0
2018-07-26,283.15,284.11,283.09,283.34,57919495.0
2018-07-27,283.73,283.82,280.38,281.42,76783177.0
2018-07-30,281.51,281.69,279.36,279.95,63742508.0
2018-07-31,280.7,282.02,280.38,281.33,68570493.0
2018-08-01,281.48,282.13,280.13,280.86,53805385.0
2018-08-02,279.44,282.58,279.16,282.39,63426363.0
2018-08-03,282.55,283.66,282.33,283.6,53935386.0
2018-08-06,283.64,284.99,283.2,284.64,39400887.0
2018-08-07,285.4,286.01,285.24,285.58,43196646.0
2018-08-08,285.39,285.91,284.94,285.46,42114551.0
2018-08-09,285.54,285.97,284.92,285.07,35716976.0
2018-08-10,283.42,284.05,282.36,283.16,77076044.0
2018-08-13,283.49,284.16,281.77,282.1,65702466.0
2018-08-14,282.94,284.17,282.48,283.9,43842031.0
2018-08-15,282.35,282.54,280.16,281.78,102925355.0
2018-08-16,283.4,285.04,283.36,284.06,69967919.0
2018-08-17,283.76,285.56,283.37,285.06,65618481.0
2018-08-20,285.58,285.97,285.06,285.67,39781678.0
2018-08-21,286.26,287.31,285.71,286.34,67271983.0
2018-08-22,285.89,286.76,285.58,286.17,44993333.0
2018-08-23,285.94,286.94,285.43,285.79,49183915.0
2018-08-24,286.46,287.67,286.38,287.51,57487399.0
2018-08-27,288.86,289.9,288.68,289.78,57072377.0
2018-08-28,290.3,290.42,289.4,289.92,46908096.0
2018-08-29,290.16,291.74,289.89,291.48,61485514.0
2018-08-30,290.94,291.36,289.63,290.3,61229501.0
2018-08-31,289.84,290.81,289.29,290.31,66140838.0
2018-09-04,289.85,290.21,288.68,289.81,57594367.0
2018-09-05,289.41,289.64,287.89,289.03,72452437.0
2018-09-06,289.17,289.49,287.0,288.16,65909863.0
2018-09-07,286.96,288.7,286.71,287.6,73524824.0
2018-09-10,288.74,289.04,287.88,288.1,50210903.0
2018-09-11,287.37,289.55,286.98,289.05,50530492.0
2018-09-12,289.05,289.8,288.23,289.12,59315413.0
2018-09-13,290.3,291.04,289.99,290.83,51034222.0
2018-09-14,291.11,291.27,290.0,290.88,55079875.0
2018-09-17,290.82,290.86,289.03,289.34,68244043.0
2018-09-18,289.55,291.58,289.55,290.91,61930407.0
2018-09-19,290.98,291.69,290.82,291.22,48633783.0
2018-09-20,292.64,293.94,291.24,293.58,100360646.0
2018-09-21,293.17,293.22,291.81,291.99,105479656.0
2018-09-24,291.41,291.5,290.37,291.02,53409645.0
2018-09-25,291.53,291.65,290.48,290.75,44370037.0
2018-09-26,290.89,292.24,289.41,289.88,79739674.0
2018-09-27,290.41,291.91,290.1,290.69,59249455.0
2018-09-28,290.01,291.28,289.95,290.72,70091385.0
2018-10-01,292.12,292.93,290.98,291.73,62078937.0
2018-10-02,291.57,292.36,291.14,291.56,47258227.0
2018-10-03,292.74,293.21,291.32,291.72,64694594.0
2018-10-04,291.22,291.24,287.66,289.44,111545910.0
2018-10-05,289.65,290.27,286.22,287.82,105951698.0
2018-10-08,287.06,288.22,285.5,287.82,87742172.0
2018-10-09,287.39,288.86,286.77,287.4,74338982.0
2018-10-10,286.91,286.91,277.88,278.3,214731042.0
2018-10-11,277.15,278.9,270.36,272.17,274840491.0
2018-10-12,276.86,277.09,272.37,275.95,183186492.0
2018-10-15,275.54,277.04,274.3,274.4,102263717.0
2018-10-16,276.56,280.82,276.07,280.4,118255834.0
2018-10-17,280.44,281.15,277.56,280.45,110625987.0
2018-10-18,279.41,280.07,274.97,276.4,134557525.0
2018-10-19,277.16,279.3,275.47,276.25,139901634.0
2018-10-22,277.0,277.36,274.41,275.01,82351338.0
2018-10-23,270.87,274.87,268.61,273.61,146352719.0
2018-10-24,273.33,273.76,264.7,265.32,177806697.0
2018-10-25,267.31,271.81,266.23,270.08,138061545.0
2018-10-26,265.92,271.0,262.29,265.33,201574596.0
2018-10-29,268.81,270.25,259.85,263.86,160749101.0
2018-10-30,263.73,268.12,263.12,267.77,157115995.0
2018-10-31,270.69,273.23,270.12,270.63,128296325.0
2018-11-01,271.6,273.73,270.38,273.51,99495037.0
2018-11-02,274.75,275.23,269.59,271.89,122634107.0
2018-11-05,272.48,274.01,271.35,273.39,65622482.0
2018-11-06,273.36,275.3,273.25,275.12,60085894.0
2018-11-07,277.55,281.1,277.08,281.01,102752099.0
2018-11-08,280.11,281.22,279.22,280.5,65584886.0
2018-11-09,279.0,279.24,276.18,277.76,98812561.0
2018-11-12,277.24,277.46,271.99,272.57,99340359.0
2018-11-13,273.06,275.32,271.25,272.06,98176610.0
2018-11-14,274.18,274.61,268.45,270.2,125335931.0
2018-11-15,268.76,273.54,267.01,273.02,135101437.0
2018-11-16,271.74,274.75,271.21,273.73,126668040.0
2018-11-19,273.17,273.38,268.07,269.1,103061706.0
2018-11-20,265.41,267.0,263.15,264.12,136021311.0
2018-11-21,265.78,267.15,265.01,265.02,75563743.0
2018-11-23,263.16,264.82,263.07,263.25,42807878.0
2018-11-26,265.8,267.75,265.34,267.5,79981362.0
2018-11-27,266.34,268.4,265.66,268.4,75502441.0
2018-11-28,269.61,274.58,268.33,274.58,127629633.0
2018-11-29,273.71,275.55,272.43,273.98,82346420.0
2018-11-30,273.81,276.28,273.45,275.65,98204190.0
2018-12-03,280.38,280.4,277.51,279.3,103017719.0
2018-12-04,278.34,278.85,269.9,270.25,177986013.0
2018-12-06,265.94,269.97,262.44,269.84,204185411.0
2018-12-07,269.45,271.22,262.63,263.57,161018923.0
2018-12-10,263.37,265.16,258.62,264.07,151445885.0
2018-12-11,267.62,267.87,262.48,264.13,121504431.0
2018-12-12,267.45,269.0,265.37,265.46,97976706.0
2018-12-13,266.45,267.49,264.12,265.37,96662717.0
2018-12-14,262.92,264.03,259.85,260.47,116961071.0
2018-12-17,259.39,260.65,253.52,255.36,165492257.0
2018-12-18,257.19,257.95,253.28,255.08,134515094.0
2018-12-19,255.18,259.4,249.35,251.26,214992763.0
2018-12-20,249.78,251.62,244.65,247.17,252053377.0
2018-12-21,246.75,249.71,239.98,240.7,255345633.0
2018-12-24,239.0,240.84,234.27,234.34,147311588.0
2018-12-26,235.9,246.18,233.76,246.18,218485360.0
2018-12-27,242.6,248.29,238.96,248.07,186267342.0
2018-12-28,249.73,251.4,246.45,247.75,153100189.0
2018-12-31,249.5,250.19,247.47,249.92,144299370.0
2019-01-02,246.06,251.21,245.95,250.18,126925199.0
2019-01-03,248.3,248.57,244.03,244.72,90311972.0
2019-01-04,247.59,247.84,247.56,247.56,350554.0
2019-01-07,252.71,252.72,252.48,252.55,69304.0
2019-01-08,256.86,256.86,256.79,256.83,378889.0
2019-01-09,257.56,257.74,257.55,257.72,309290.0
2019-01-10,256.31,256.48,256.25,256.46,360875.0
2019-01-11,257.65,259.01,257.03,258.98,73858110.0
2019-01-14,256.87,256.91,256.73,256.73,393326.0
2019-01-15,257.89,258.02,257.89,257.9,79329.0
2019-01-16,260.82,261.97,260.6,260.96,61571828.0
2019-01-17,260.0,263.92,259.96,262.96,79977221.0
2019-01-18,265.0,266.98,264.1,266.46,103323661.0
2019-01-22,264.77,265.06,261.06,262.86,113388441.0
2019-01-23,264.0,264.79,260.66,263.41,83373180.0
2019-01-24,263.21,264.2,262.08,263.55,50159208.0
2019-01-25,265.62,266.7,263.66,265.78,95580432.0
2019-01-28,263.38,263.83,261.79,263.76,84360965.0
2019-01-29,263.93,264.55,262.48,263.41,55211207.0
2019-01-30,265.09,268.52,264.25,267.58,90793935.0
2019-01-31,267.5,270.47,267.27,269.93,100977961.0
2019-02-01,270.13,271.2,269.18,270.06,79352783.0
2019-02-04,270.14,272.03,269.36,271.96,59664292.0
2019-02-05,272.47,273.44,271.88,273.1,77906925.0
2019-02-06,272.8,273.34,271.92,272.74,57516264.0
2019-02-07,270.93,271.55,268.29,270.14,94136061.0
2019-02-08,268.72,270.58,267.83,270.47,73998089.0
2019-02-11,271.17,271.49,270.03,270.62,58686757.0
2019-02-12,272.43,274.52,272.34,274.1,71690516.0
2019-02-13,275.06,275.93,274.56,274.99,63715543.0
2019-02-14,273.77,275.64,272.87,274.38,81317201.0
2019-02-15,276.38,277.41,276.13,277.37,93482582.0
2019-02-19,276.52,278.58,276.47,277.85,58470721.0
2019-02-20,277.82,278.92,277.25,278.41,72659502.0
2019-02-21,277.75,278.1,276.35,277.42,62693160.0
2019-02-22,278.15,279.36,277.4,279.14,74387878.0
2019-02-25,280.69,281.31,279.43,279.52,68014176.0
2019-02-26,279.13,280.3,278.9,279.32,55455291.0
2019-02-27,278.53,279.59,277.48,279.2,55155914.0
2019-02-28,278.97,279.45,278.32,278.68,68699210.0
2019-03-01,280.44,280.88,278.82,280.42,76127625.0
2019-03-04,281.65,281.87,276.84,279.4,104921282.0
2019-03-05,279.55,279.76,278.41,279.02,59114559.0
2019-03-06,279.16,279.16,276.97,277.33,73919068.0
2019-03-07,276.84,276.99,274.07,275.01,93459121.0
2019-03-08,272.92,274.65,272.42,274.46,82766501.0
2019-03-11,275.24,278.62,275.23,278.44,62453825.0
2019-03-12,279.09,280.07,278.85,279.49,76563355.0
2019-03-13,280.49,282.38,280.3,281.34,77917520.0
2019-03-14,281.33,281.84,280.67,281.16,65477655.0
2019-03-15,280.56,282.21,280.33,281.31,77335290.0
2019-03-18,281.53,282.66,281.3,282.33,61103815.0
2019-03-19,283.49,284.36,281.41,282.4,88783582.0
2019-03-20,282.16,283.5,280.32,281.55,82978754.0
2019-03-21,280.63,285.18,280.59,284.73,78803972.0
2019-03-22,283.22,283.8,279.18,279.25,120617266.0
2019-03-25,278.89,280.19,277.64,279.04,83936141.0
2019-03-26,280.97,282.18,279.56,281.12,67179067.0
2019-03-27,281.13,281.76,277.93,279.65,71522194.0
2019-03-28,280.36,281.21,279.07,280.71,55478197.0
2019-03-29,282.41,282.84,281.14,282.48,76751321.0
2019-04-01,284.7,286.16,284.4,285.83,74834031.0
2019-04-02,286.04,286.23,285.09,285.97,39525212.0
2019-04-03,287.33,287.76,285.75,286.42,67428635.0
2019-04-04,286.8,287.46,286.01,287.18,47442837.0
2019-04-05,287.95,288.63,287.6,288.57,57534614.0
2019-04-08,288.1,288.91,287.37,288.79,52805434.0
2019-04-09,287.72,288.08,286.7,287.31,65510299.0
2019-04-10,287.77,288.39,287.31,288.29,52076065.0
2019-04-11,288.84,288.84,287.58,288.21,54497678.0
2019-04-12,290.01,290.47,288.26,290.16,65374344.0
2019-04-15,290.27,290.35,289.08,289.97,47985725.0
2019-04-16,290.96,291.01,289.5,290.16,51776182.0
2019-04-17,291.41,291.42,288.99,289.45,56876661.0
2019-04-18,290.12,290.32,288.66,290.02,67206900.0
2019-04-22,289.17,290.43,289.07,290.27,38745876.0
2019-04-23,290.68,293.14,290.42,292.88,51520448.0
2019-04-24,292.76,293.16,292.07,292.23,45963795.0
2019-04-25,292.12,292.78,290.73,292.05,52849626.0
2019-04-26,292.12,293.49,291.24,293.41,48158166.0
2019-04-29,293.53,294.45,293.41,293.87,54370226.0
2019-04-30,293.52,294.34,291.92,294.02,76885406.0
2019-05-01,294.76,294.95,291.8,291.81,68636613.0
2019-05-02,291.68,292.7,289.52,291.18,64392404.0
2019-05-03,292.8,294.34,291.3,294.03,54722892.0
2019-05-06,289.24,293.31,288.9,292.82,103014386.0
2019-05-07,290.15,290.81,285.81,287.93,139526171.0
2019-05-08,287.56,289.43,286.87,287.53,89761958.0
2019-05-09,285.2,287.33,283.3,286.66,100117960.0
2019-05-10,285.64,288.94,282.3,288.1,109668245.0
2019-05-13,282.39,283.49,279.93,280.86,125271439.0
2019-05-14,282.01,285.1,281.85,283.4,76197549.0
2019-05-15,281.6,285.77,281.36,285.06,72385283.0
2019-05-16,285.83,289.21,285.76,287.7,73224685.0
2019-05-17,285.13,288.6,285.12,285.84,95527074.0
2019-05-20,284.06,285.96,283.12,283.95,61533830.0
2019-05-21,285.83,286.93,285.55,286.51,45437312.0
2019-05-22,285.43,286.69,285.1,285.63,48386876.0
2019-05-23,283.16,283.21,280.57,282.14,96668263.0
2019-05-24,283.75,284.2,282.09,282.78,51742080.0
2019-05-28,283.01,284.15,280.13,280.15,68640022.0
2019-05-29,278.91,279.36,276.71,278.27,101665913.0
2019-05-30,279.08,280.04,277.8,279.03,60320632.0
2019-05-31,276.2,277.12,275.24,275.27,85053187.0
2019-06-03,275.3,276.55,273.09,274.57,94195007.0
2019-06-04,277.11,280.68,276.62,280.53,75322416.0
2019-06-05,282.34,282.99,280.32,282.96,69122029.0
2019-06-06,283.29,285.55,282.57,284.8,67852408.0
2019-06-07,285.95,288.85,285.74,287.65,73033910.0
2019-06-10,289.35,290.82,288.87,288.97,59598574.0
2019-06-11,290.95,291.4,288.18,288.9,57547206.0
2019-06-12,288.64,289.26,287.82,288.39,45750464.0
2019-06-13,289.37,289.98,288.62,289.58,47701023.0
2019-06-14,289.27,289.93,288.41,289.26,50989499.0
2019-06-17,289.53,290.22,289.18,289.37,38551626.0
2019-06-18,291.38,293.57,290.99,292.4,84642634.0
2019-06-19,292.53,293.65,291.47,293.06,77563030.0
2019-06-20,296.02,296.31,293.13,295.86,112239845.0
2019-06-21,294.14,295.52,293.76,294.0,79064880.0
2019-06-24,294.18,294.58,293.47,293.64,45727742.0
2019-06-25,293.67,293.73,290.64,290.76,80671444.0
2019-06-26,291.78,292.31,290.35,290.47,50810247.0
2019-06-27,291.29,292.06,290.89,291.5,38967260.0
2019-06-28,292.57,293.55,292.01,293.0,56178498.0
2019-07-01,296.68,296.92,294.33,295.66,72270976.0
2019-07-02,295.59,296.49,294.68,296.43,59187503.0
2019-07-03,297.19,298.82,297.02,298.8,40876316.0
2019-07-05,297.46,298.64,296.01,298.46,50624282.0
2019-07-08,297.01,298.26,296.22,296.82,45271976.0
2019-07-09,295.51,297.52,295.48,297.19,39806331.0
2019-07-10,298.4,299.66,297.78,298.61,57389144.0
2019-07-11,299.34,299.58,298.2,299.31,50310729.0
2019-07-12,299.86,300.73,299.51,300.65,39880006.0
2019-07-15,301.12,301.13,300.19,300.75,33295836.0
2019-07-16,300.64,300.88,299.44,299.71,39936003.0
2019-07-17,299.77,299.93,297.74,297.74,41257560.0
2019-07-18,297.18,299.25,296.7,298.83,50387160.0
2019-07-19,300.01,300.07,296.96,297.17,65351658.0
2019-07-22,297.61,298.5,297.04,297.9,42521592.0
2019-07-23,299.15,300.03,298.22,300.03,43176274.0
2019-07-24,299.16,301.44,299.09,301.44,45598113.0
2019-07-25,300.97,301.0,299.11,300.0,53143103.0
2019-07-26,300.77,302.23,300.62,302.01,40727567.0
2019-07-29,301.85,301.93,300.85,301.46,37479636.0
2019-07-30,299.9,301.17,299.49,300.72,44517104.0
2019-07-31,300.98,301.2,295.2,297.43,102488484.0
2019-08-01,297.58,300.87,293.96,294.84,139357700.0
2019-08-02,293.86,294.12,290.9,292.62,115700785.0
2019-08-05,288.07,288.21,281.72,283.82,173306721.0
2019-08-06,285.93,288.04,284.28,287.8,118241263.0
2019-08-07,284.4,288.82,282.04,287.97,135112439.0
2019-08-08,289.62,293.62,289.01,293.62,84226539.0
2019-08-09,292.59,293.24,289.65,291.62,89597195.0
2019-08-12,289.93,290.57,287.02,288.12,54077518.0
2019-08-13,287.78,294.15,287.36,292.55,93913288.0
2019-08-14,288.05,292.46,283.76,283.9,130607984.0
2019-08-15,284.89,285.64,282.39,284.65,99274744.0
2019-08-16,286.49,289.33,284.71,288.85,79673630.0
2019-08-19,292.23,293.08,291.44,292.33,52807866.0
2019-08-20,291.78,292.36,289.95,290.09,51184953.0
2019-08-21,292.47,292.86,291.72,292.45,48847700.0
2019-08-22,293.24,293.93,290.4,292.36,50726783.0
2019-08-23,290.95,292.76,283.47,284.85,145737238.0
2019-08-26,287.24,288.0,285.58,288.0,70620230.0
2019-08-27,289.55,289.95,286.03,286.87,65211061.0
2019-08-28,286.1,289.07,285.25,288.89,57459581.0
2019-08-29,291.77,293.16,290.61,292.58,56551356.0
2019-08-30,294.21,294.24,291.42,292.45,60786238.0
2019-09-03,290.56,291.58,289.27,290.74,67311117.0
2019-09-04,293.15,294.05,292.31,294.04,45915232.0
2019-09-05,296.78,298.83,294.0,297.82,82065325.0
2019-09-06,298.21,298.76,297.42,298.05,48724123.0
2019-09-09,299.15,299.24,297.16,298.2,50365002.0
2019-09-10,297.33,298.2,295.97,298.13,56556321.0
2019-09-11,298.49,300.34,297.75,300.25,63036219.0
2019-09-12,301.24,302.46,300.41,301.29,70591901.0
2019-09-13,301.78,302.17,300.68,301.09,60452236.0
2019-09-16,299.8,301.14,299.45,300.16,54810229.0
2019-09-17,299.91,301.02,299.75,300.92,40874024.0
2019-09-18,300.47,301.22,298.24,301.1,73081781.0
2019-09-19,301.5,302.63,300.71,301.08,76067935.0
2019-09-20,300.34,300.67,297.41,298.28,88970688.0
2019-09-23,297.57,299.0,297.27,298.21,43165406.0
2019-09-24,299.41,299.84,294.81,295.87,94530129.0
2019-09-25,295.94,298.11,294.33,297.62,70784321.0
2019-09-26,297.64,297.86,295.45,297.0,56115954.0
2019-09-27,297.87,297.95,293.69,295.4,78359061.0
2019-09-30,295.98,297.55,295.92,296.77,50561801.0
2019-10-01,297.67,298.46,293.0,293.24,88082155.0
2019-10-02,291.49,291.51,286.64,288.06,120661538.0
2019-10-03,287.81,290.45,284.82,290.42,84497926.0
2019-10-04,291.21,294.63,290.82,294.35,62065662.0
2019-10-07,293.5,295.26,292.77,293.08,58425102.0
2019-10-08,291.03,291.85,288.49,288.53,93207182.0
2019-10-09,290.78,292.3,288.66,291.27,62054028.0
2019-10-10,291.14,294.21,291.0,293.24,55078460.0
2019-10-11,296.28,298.74,296.14,296.28,91034886.0
2019-10-14,295.93,296.67,295.57,295.95,40270215.0
2019-10-15,297.05,299.7,296.97,298.88,45606993.0
2019-10-16,298.4,299.16,297.92,298.4,48792042.0
2019-10-17,299.7,300.24,298.52,299.28,45677225.0
2019-10-18,298.71,299.4,296.99,297.97,60569221.0
2019-10-21,299.48,300.21,298.93,299.99,38607387.0
2019-10-22,300.63,300.9,298.91,299.01,48455030.0
2019-10-23,298.74,299.94,298.49,299.88,32933985.0
2019-10-24,300.88,301.07,299.46,300.37,35137941.0
2019-10-25,299.74,302.2,299.68,301.6,42244134.0
2019-10-28,302.91,303.85,302.91,303.3,40819430.0
2019-10-29,303.03,304.23,302.86,303.21,43814965.0
2019-10-30,303.43,304.55,301.99,304.14,48517277.0
2019-10-31,304.11,304.13,301.73,303.33,66714351.0
2019-11-01,304.92,306.19,304.74,306.14,67925385.0
2019-11-04,307.87,308.0,306.96,307.37,57928873.0
2019-11-05,307.58,307.92,306.71,307.03,42045474.0
2019-11-06,307.06,307.4,306.06,307.1,45404751.0
2019-11-07,308.6,309.65,307.66,308.18,52834678.0
2019-11-08,307.82,309.0,307.03,308.94,46001897.0
2019-11-11,307.43,308.54,307.27,308.35,35258165.0
2019-11-12,308.75,309.99,308.15,309.0,44656111.0
2019-11-13,307.9,309.54,307.66,309.1,52817595.0
2019-11-14,308.77,309.64,308.09,309.55,48445897.0
2019-11-15,310.98,311.84,310.26,311.79,60645932.0
2019-11-18,311.52,312.28,311.03,312.02,48662869.0
2019-11-19,312.68,312.69,311.22,311.93,65688789.0
2019-11-20,311.3,311.85,309.06,310.77,77973614.0
2019-11-21,310.85,311.01,309.39,310.27,52990920.0
2019-11-22,311.06,311.24,309.85,310.96,41675058.0
2019-11-25,311.99,313.37,311.98,313.37,48007441.0
2019-11-26,313.42,314.28,313.06,314.08,36753087.0
2019-11-27,314.67,315.48,314.37,315.48,42858037.0
2019-11-29,314.89,315.13,314.06,314.31,36580903.0
2019-12-02,314.63,314.66,311.17,311.64,74991347.0
2019-12-03,308.64,309.64,307.13,309.55,73729081.0
2019-12-04,310.63,312.12,310.32,311.46,46629678.0
2019-12-05,312.22,312.25,310.58,312.02,40181893.0
2019-12-06,314.12,315.31,314.11,314.87,47327252.0
2019-12-09,314.41,315.18,313.8,313.88,34231852.0
2019-12-10,313.8,314.55,312.81,313.53,51327244.0
2019-12-11,314.05,314.7,313.53,314.42,51515976.0
2019-12-12,314.45,317.99,314.17,317.13,91214847.0
2019-12-13,316.88,318.67,316.02,317.32,77851964.0
2019-12-16,319.18,320.15,317.25,319.5,74395674.0
2019-12-17,319.98,320.25,319.48,319.57,54886592.0
2019-12-18,320.0,320.25,319.53,319.59,47156051.0
2019-12-19,319.78,320.98,319.52,320.9,80826266.0
2019-12-20,320.54,321.97,319.39,320.73,138005992.0
2019-12-23,321.63,321.65,321.06,321.22,48766664.0
2019-12-24,321.43,321.52,320.9,321.23,20264543.0
2019-12-26,321.69,322.95,321.64,322.94,30383373.0
2019-12-27,323.77,323.8,322.28,322.86,42840835.0
2019-12-30,322.94,323.1,320.55,321.08,49325836.0
2019-12-31,320.5,322.13,320.15,321.86,53727645.0
2020-01-02,323.58,324.89,322.53,324.87,58159858.0
2020-01-03,321.11,323.64,321.1,322.41,72593109.0
2020-01-06,320.44,323.73,320.36,323.64,48556667.0
2020-01-07,323.02,323.54,322.24,322.73,39255895.0
2020-01-08,322.95,325.78,322.67,324.45,64959707.0
2020-01-09,326.2,326.73,325.52,326.65,47376355.0
2020-01-10,327.36,327.46,325.2,325.71,52541007.0
2020-01-13,326.4,327.96,325.92,327.95,44745137.0
2020-01-14,327.49,328.62,326.84,327.45,60363539.0
2020-01-15,327.34,329.02,327.26,328.19,66438395.0
2020-01-16,329.67,330.92,329.45,330.92,50116329.0
2020-01-17,331.72,332.18,330.85,331.95,90882055.0
2020-01-21,330.92,332.18,330.82,331.3,75232950.0
2020-01-22,332.26,332.95,331.17,331.34,48209994.0
2020-01-23,330.6,331.92,329.41,331.72,51008382.0
2020-01-24,332.46,332.53,327.36,328.77,86499573.0
2020-01-27,323.05,325.12,322.66,323.5,81947120.0
2020-01-28,325.06,327.85,323.6,326.89,60290134.0
2020-01-29,328.4,328.63,326.4,326.62,52372792.0
2020-01-30,324.37,327.91,323.54,327.68,74227468.0
2020-01-31,326.97,327.17,320.73,321.73,109522571.0
2020-02-03,323.35,326.16,323.22,324.12,66682806.0
2020-02-04,328.07,330.01,327.72,329.06,59155664.0
2020-02-05,332.29,333.09,330.67,332.86,62183365.0
2020-02-06,333.98,334.19,332.8,333.98,48000411.0
2020-02-07,332.81,333.99,331.6,332.2,61325887.0
2020-02-10,331.19,334.75,331.19,334.68,41203238.0
2020-02-11,336.16,337.02,334.68,335.26,53208134.0
2020-02-12,336.86,337.65,336.43,337.42,39527978.0
2020-02-13,335.92,338.12,335.56,337.06,52013200.0
2020-02-14,337.48,337.73,336.2,337.6,63330226.0
2020-02-18,336.52,337.67,335.21,336.73,55729426.0
2020-02-19,337.81,339.08,337.48,338.34,44395663.0
2020-02-20,337.77,338.64,333.68,336.95,72311489.0
2020-02-21,335.41,335.81,332.58,333.48,111238193.0
2020-02-24,323.17,333.56,321.24,322.42,151506121.0
2020-02-25,323.96,324.61,311.69,312.65,211526676.0
2020-02-26,314.19,318.11,310.7,311.5,189072143.0
2020-02-27,305.45,311.56,297.51,297.51,277276300.0
2020-02-28,288.62,297.89,285.54,296.26,376580615.0
2020-03-02,298.0,309.16,294.46,309.09,223796907.0
2020-03-03,309.55,313.84,297.57,300.24,294892126.0
2020-03-04,306.11,313.1,303.33,312.86,171146362.0
2020-03-05,304.99,308.47,300.01,302.46,181990269.0
2020-03-06,293.08,298.78,290.23,297.46,225920067.0
2020-03-09,275.6,284.19,273.45,274.23,294947173.0
2020-03-10,284.76,288.52,273.5,288.42,271339719.0
2020-03-11,280.73,281.94,270.88,274.36,249172243.0
2020-03-12,256.0,266.66,247.68,248.11,366863758.0
2020-03-13,263.34,271.08,248.52,269.32,311581211.0
2020-03-16,240.78,256.9,237.36,239.85,282719246.0
2020-03-17,245.04,256.17,237.07,252.8,247247904.0
2020-03-18,236.25,248.37,228.02,240.0,316009853.0
2020-03-19,239.26,247.38,232.22,240.51,278126916.0
2020-03-20,242.59,244.47,228.5,228.8,332761430.0
2020-03-23,228.08,229.68,218.26,222.95,312534172.0
2020-03-24,234.5,244.1,233.8,243.15,228675357.0
2020-03-25,245.0,256.35,239.75,246.79,291424179.0
2020-03-26,249.26,262.8,249.05,261.2,252064200.0
2020-03-27,253.22,260.81,251.05,253.42,219040557.0
2020-03-30,255.68,262.43,253.53,261.65,162638329.0
2020-03-31,260.7,263.33,256.22,257.75,182559396.0
2020-04-01,247.95,257.66,243.9,246.15,186304420.0
2020-04-02,245.2,252.68,244.59,251.83,170293440.0
2020-04-03,250.81,253.32,245.22,248.19,132195469.0
2020-04-06,258.05,267.0,248.17,264.86,182154728.0
2020-04-07,274.3,275.03,264.89,265.13,195677410.0
2020-04-08,268.05,276.0,265.25,274.03,148833199.0
2020-04-09,277.81,281.2,275.47,278.2,186353234.0
2020-04-13,277.15,277.51,271.41,275.66,109716194.0
2020-04-14,280.98,284.9,275.51,283.79,129116657.0
2020-04-15,277.58,283.94,275.46,277.76,118644911.0
2020-04-16,279.05,280.03,275.76,279.1,116939992.0
2020-04-17,285.41,287.3,282.4,286.64,142490164.0
2020-04-20,282.6,286.79,281.35,281.59,97293688.0
2020-04-21,276.48,278.04,272.02,273.04,124638091.0
2020-04-22,278.38,281.0,276.91,279.1,91991379.0
2020-04-23,280.5,283.94,278.75,279.08,102787179.0
2020-04-24,280.69,283.7,278.5,282.97,77761448.0
2020-04-27,285.02,288.27,284.62,287.05,75568645.0
2020-04-28,291.0,291.4,285.4,285.73,102978439.0
2020-04-29,291.59,294.88,290.41,293.21,115330287.0
2020-04-30,291.71,293.32,288.59,290.48,115538499.0
2020-05-01,285.16,290.66,281.52,282.79,122400972.0
2020-05-04,280.46,283.9,279.13,283.57,79624944.0
2020-05-05,286.66,289.25,283.71,286.19,77832670.0
2020-05-06,288.01,288.46,283.78,284.25,72271025.0
2020-05-07,287.79,289.78,287.13,287.68,73810899.0
2020-05-08,291.05,292.95,289.86,292.44,72481435.0
2020-05-11,290.37,294.0,289.88,292.5,73714940.0
2020-05-12,293.75,294.24,286.52,286.67,88846693.0
2020-05-13,285.95,287.19,278.96,281.6,138305955.0
2020-05-14,278.84,285.11,272.99,284.97,118527008.0
2020-05-15,282.32,286.33,281.34,286.28,103190428.0
2020-05-18,293.09,296.75,292.7,295.0,113872167.0
2020-05-19,294.41,296.2,291.95,291.97,88697071.0
2020-05-20,295.83,297.87,295.57,296.93,78315504.0
2020-05-21,296.8,297.67,293.69,294.88,75057235.0
2020-05-22,294.56,295.63,293.22,295.44,61858371.0
2020-05-26,301.96,302.19,295.46,299.08,87163481.0
2020-05-27,302.14,303.57,296.87,303.53,102514897.0
2020-05-28,304.69,306.84,302.24,302.97,87708187.0
2020-05-29,302.46,304.96,299.47,304.32,116888965.0
2020-06-01,303.57,306.2,303.06,305.55,54591742.0
2020-06-02,306.52,308.13,305.1,308.08,72856250.0
2020-06-03,310.26,313.22,309.94,312.18,89957918.0
2020-06-04,311.12,313.0,309.08,311.36,74641867.0
2020-06-05,317.26,321.27,317.16,319.34,139035435.0
2020-06-08,320.3,323.41,319.63,323.2,71617178.0
2020-06-09,320.44,323.28,319.36,320.79,76169006.0
2020-06-10,321.4,322.39,318.22,319.0,92659388.0
2020-06-11,311.31,312.15,300.01,300.61,204040074.0
2020-06-12,308.32,309.08,298.6,304.21,190485186.0
2020-06-15,298.01,308.28,296.74,307.05,133108776.0
2020-06-16,315.56,315.64,307.67,312.96,135936442.0
2020-06-17,314.04,314.39,310.86,311.66,81516707.0
2020-06-18,309.98,312.3,309.51,311.78,75588102.0
2020-06-19,314.1,314.38,306.53,308.64,122139693.0
2020-06-22,307.95,311.05,306.75,310.62,72109197.0
2020-06-23,313.5,314.5,311.61,312.05,67330778.0
2020-06-24,309.84,310.51,302.1,304.09,128505291.0
2020-06-25,303.47,307.64,301.28,307.35,87881826.0
2020-06-26,306.17,306.39,299.42,300.05,126192109.0
2020-06-29,301.42,304.61,298.93,304.46,77293017.0
2020-06-30,304.01,310.2,303.82,308.36,109800584.0
2020-07-01,309.57,311.89,309.07,310.52,70783327.0
2020-07-02,314.24,315.7,311.51,312.23,67609275.0
2020-07-06,316.38,317.68,315.56,317.05,59395646.0
2020-07-07,315.38,317.52,313.37,313.78,81344659.0
2020-07-08,314.59,316.3,312.7,316.18,53374089.0
2020-07-09,316.85,317.1,310.68,314.38,80505013.0
2020-07-10,314.26,317.88,312.76,317.59,56349387.0
2020-07-13,320.06,322.71,314.13,314.84,94021077.0
2020-07-14,313.25,319.76,312.0,318.92,90912019.0
2020-07-15,322.48,323.04,319.26,321.85,83012369.0
2020-07-16,319.78,321.28,319.09,320.79,51599683.0
2020-07-17,321.82,322.57,319.74,321.72,60161303.0
2020-07-20,321.41,325.13,320.62,324.32,55593101.0
2020-07-21,326.48,326.93,323.94,325.01,56580249.0
2020-07-22,324.62,327.2,324.5,326.86,56812344.0
2020-07-23,326.45,327.23,321.48,322.96,75128116.0
2020-07-24,320.93,321.99,319.25,320.88,68429212.0
2020-07-27,321.63,323.41,320.77,323.22,46718799.0
2020-07-28,322.45,323.64,320.85,321.17,56602988.0
2020-07-29,322.14,325.73,322.08,325.12,47152084.0
2020-07-30,321.9,324.41,319.64,323.96,60043922.0
2020-07-31,326.0,326.63,321.33,326.52,80862150.0
2020-08-03,328.31,329.62,327.73,328.79,51378450.0
2020-08-04,327.88,330.06,327.86,330.06,40614642.0
2020-08-05,331.46,332.39,331.18,332.11,41392240.0
2020-08-06,331.52,334.46,331.13,334.33,42926940.0
2020-08-07,333.29,334.88,332.3,334.57,56727166.0
2020-08-10,335.0,335.77,332.96,335.57,42977031.0
2020-08-11,336.86,337.54,332.01,332.8,67704989.0
2020-08-12,335.47,338.28,332.84,337.44,52884492.0
2020-08-13,336.58,338.25,335.83,336.83,40778328.0
2020-08-14,336.43,337.42,335.62,336.84,46035471.0
2020-08-17,337.91,338.34,336.85,337.91,34496002.0
2020-08-18,338.32,339.1,336.61,338.64,38193346.0
2020-08-19,339.11,339.61,336.62,337.23,66291372.0
2020-08-20,335.33,338.8,335.22,338.28,40390752.0
2020-08-21,337.86,339.72,337.55,339.48,53605220.0
2020-08-24,342.13,343.0,339.45,342.92,47645499.0
2020-08-25,343.53,344.21,342.27,344.12,37631625.0
2020-08-26,344.72,347.86,344.17,347.57,49824710.0
2020-08-27,348.5,349.9,346.53,348.33,57205489.0
2020-08-28,349.43,350.72,348.15,350.58,46660821.0
2020-08-31,350.35,351.3,349.06,349.31,62786403.0
2020-09-01,350.24,352.71,349.24,352.6,53977571.0
2020-09-02,354.64,358.75,353.43,357.7,67788595.0
2020-09-03,355.85,356.38,342.59,345.39,144100270.0
2020-09-04,346.07,347.83,334.87,342.57,134347975.0
2020-09-08,336.74,342.64,332.88,333.21,110806934.0
2020-09-09,337.52,342.46,336.61,339.79,89410368.0
2020-09-10,341.75,342.53,332.85,333.89,89210400.0
2020-09-11,335.79,336.97,331.0,334.06,82233711.0
2020-09-14,337.52,340.38,334.22,338.46,64837761.0
2020-09-15,341.11,342.02,338.47,340.17,51829924.0
2020-09-16,341.54,343.06,338.52,338.82,80058487.0
2020-09-17,333.59,337.7,332.99,335.84,90036995.0
2020-09-18,335.35,335.49,327.97,330.65,100972634.0
2020-09-21,325.71,327.13,321.73,326.97,96818276.0
2020-09-22,328.55,330.9,325.86,330.3,62341940.0
2020-09-23,330.92,331.2,322.1,322.64,88919790.0
2020-09-24,321.22,326.8,319.8,323.5,75963130.0
2020-09-25,322.58,329.58,321.64,328.73,68610432.0
2020-09-28,333.22,334.96,332.15,334.19,63790262.0
2020-09-29,334.0,334.77,331.62,332.37,50371668.0
2020-09-30,333.1,338.29,332.88,334.89,101179664.0
2020-10-01,337.63,338.74,335.01,337.04,85498512.0
2020-10-02,331.71,337.01,331.19,333.84,87047174.0
2020-10-05,336.01,339.96,336.01,339.76,44982038.0
2020-10-06,339.87,342.17,334.38,334.93,87745816.0
2020-10-07,338.12,341.63,338.09,340.76,56201179.0
2020-10-08,342.88,343.85,341.86,343.78,41213621.0
2020-10-09,345.53,347.35,344.89,346.85,58516900.0
2020-10-12,349.58,354.02,349.06,352.43,73698258.0
2020-10-13,352.31,352.47,349.09,350.13,71043429.0
2020-10-14,350.73,351.93,347.14,347.93,56842853.0
2020-10-15,343.72,348.02,343.13,347.5,59680251.0
2020-10-16,348.99,350.75,347.1,347.29,85982951.0
2020-10-19,348.57,349.33,341.04,342.01,66252300.0
2020-10-20,343.42,346.88,342.64,343.38,57998852.0
2020-10-21,343.34,345.67,342.4,342.73,60870050.0
2020-10-22,342.92,345.24,340.65,344.61,53955275.0
2020-10-23,345.91,345.99,343.13,345.78,48486671.0
2020-10-26,342.14,342.98,335.62,339.39,88425175.0
2020-10-27,339.74,340.12,337.99,338.22,64173535.0
2020-10-28,332.11,338.25,326.13,326.66,125050858.0
2020-10-29,326.99,333.4,325.09,329.98,88553893.0
2020-10-30,328.28,329.69,322.6,326.54,118162537.0
2020-11-02,330.2,332.36,327.24,330.2,84782364.0
2020-11-03,333.72,338.25,330.29,336.03,89307131.0
2020-11-04,340.85,347.94,339.59,343.54,125252018.0
2020-11-05,349.28,352.19,348.86,350.24,79922858.0
2020-11-06,349.97,351.51,347.65,350.16,72914702.0
2020-11-09,364.36,364.38,354.06,354.56,164084229.0
2020-11-10,353.52,355.18,350.51,354.04,82823720.0
2020-11-11,356.43,357.56,355.06,356.67,57156577.0
2020-11-12,355.57,356.72,351.26,353.21,66332199.0
2020-11-13,355.3,358.9,354.71,358.1,61993841.0
2020-11-16,361.1,362.59,359.59,362.57,72203007.0
2020-11-17,359.97,361.92,358.34,360.62,64705238.0
2020-11-18,360.98,361.5,356.24,356.28,66698015.0
2020-11-19,355.68,358.18,354.15,357.78,56971204.0
2020-11-20,357.45,357.72,355.25,355.33,63565992.0
2020-11-23,357.25,358.82,354.86,357.46,60868034.0
2020-11-24,360.3,363.81,359.29,363.22,60985003.0
2020-11-25,363.16,363.16,361.48,362.66,40112725.0
2020-11-27,363.84,364.18,362.58,363.67,28455484.0
2020-11-30,362.84,363.12,359.17,362.06,80377800.0
2020-12-01,365.6,367.68,364.93,366.02,72509670.0
2020-12-02,364.8,366.96,364.2,366.79,43431026.0
2020-12-03,366.66,368.19,365.5,366.69,61768992.0
2020-12-04,367.3,369.85,367.22,369.85,49570180.0
2020-12-07,369.04,369.62,367.72,369.09,46337669.0
2020-12-08,367.67,370.78,367.67,370.17,41385009.0
2020-12-09,370.91,371.05,365.95,366.85,71339965.0
2020-12-10,365.39,367.86,364.43,366.73,55407193.0
2020-12-11,364.93,366.74,363.26,366.3,57155195.0
2020-12-14,368.61,369.8,364.47,364.66,65949522.0
2020-12-15,367.42,369.59,365.92,369.59,62219419.0
2020-12-16,369.81,371.16,368.87,370.17,56375900.0
2020-12-17,371.93,372.46,371.05,372.24,61901357.0
2020-12-18,370.98,371.15,367.02,369.18,114196419.0
2020-12-21,364.98,378.46,362.03,367.86,91268952.0
2020-12-22,368.23,368.33,366.03,367.24,46002575.0
2020-12-23,368.33,369.62,367.22,367.57,44158246.0
2020-12-24,368.06,369.03,367.45,369.0,26099928.0
2020-12-28,371.81,372.59,371.07,372.17,37932709.0
2020-12-29,373.85,374.0,370.83,371.46,49855766.0
2020-12-30,372.38,373.1,371.57,371.99,48948700.0
2020-12-31,371.85,374.66,371.23,373.88,75929952.0
2021-01-04,375.3,375.45,364.82,368.79,105357303.0
2021-01-05,368.22,372.5,368.05,371.33,64533333.0
2021-01-06,369.67,376.98,369.12,373.55,101559843.0
2021-01-07,376.18,379.9,375.91,379.1,66032988.0
2021-01-08,380.63,381.49,377.1,381.26,70768883.0
2021-01-11,377.84,380.58,377.72,378.69,50214139.0
2021-01-12,378.84,379.86,376.36,378.77,51440114.0
2021-01-13,378.65,380.86,377.85,379.79,44349921.0
2021-01-14,380.63,381.13,378.1,378.46,47950154.0
2021-01-15,376.71,377.58,373.7,375.7,100509682.0
2021-01-19,378.24,379.23,376.75,378.65,50141088.0
2021-01-20,381.1,384.79,380.69,383.89,59947022.0
2021-01-21,384.5,384.95,383.25,384.24,46763120.0
2021-01-22,382.25,384.13,381.84,382.88,51275909.0
2021-01-25,383.6,384.77,378.46,384.39,69724437.0
2021-01-26,385.41,385.85,383.54,383.79,41055189.0
2021-01-27,380.24,380.32,372.01,374.41,118697917.0
2021-01-28,376.27,381.93,375.89,377.63,90804903.0
2021-01-29,375.57,376.67,368.27,370.07,124820339.0
2021-02-01,373.84,377.34,370.38,376.23,74263070.0
2021-02-02,379.68,383.22,376.32,381.55,62923781.0
2021-02-03,382.43,383.7,380.48,381.85,50354710.0
2021-02-04,383.03,386.24,381.97,386.19,45785217.0
2021-02-05,388.27,388.47,386.14,387.71,47285651.0
2021-02-08,389.3,390.56,388.35,390.51,37196357.0
2021-02-09,389.55,390.89,389.17,390.25,34142633.0
2021-02-10,392.1,392.28,387.5,390.08,58362935.0
2021-02-11,391.34,391.69,388.1,390.71,41934849.0
2021-02-12,389.88,392.9,389.77,392.64,48979562.0
2021-02-16,394.06,394.17,391.53,392.3,50173503.0
2021-02-17,390.43,392.66,389.33,392.39,51746878.0
2021-02-18,389.56,391.52,387.74,390.72,59033161.0
2021-02-19,392.1,392.38,389.55,390.03,80598784.0
2021-02-22,387.06,389.62,386.74,387.03,66517089.0
2021-02-23,384.72,388.94,380.2,387.5,105895168.0
2021-02-24,386.23,392.23,385.27,391.77,71375274.0
2021-02-25,390.51,391.88,380.78,382.33,144712701.0
2021-02-26,384.44,385.58,378.23,380.36,149530614.0
2021-03-01,385.65,390.92,380.57,389.58,103257644.0
2021-03-02,389.87,390.07,386.0,386.54,77930773.0
2021-03-03,385.83,386.83,381.31,381.42,116153572.0
2021-03-04,381.22,384.0,371.88,376.7,179294940.0
2021-03-05,380.41,384.76,372.64,383.63,150882194.0
2021-03-08,384.69,387.68,381.42,381.72,120362715.0
2021-03-09,385.88,389.91,381.73,387.17,111671769.0
2021-03-10,389.59,391.4,388.17,389.58,107797826.0
2021-03-11,392.24,395.65,391.74,393.53,84880739.0
2021-03-12,392.09,394.21,391.2,394.06,63944885.0
2021-03-15,394.4,396.68,392.03,396.41,72553296.0
2021-03-16,397.06,397.83,395.08,395.91,71763775.0
2021-03-17,394.56,398.12,393.3,397.26,91614586.0
2021-03-18,394.49,396.72,390.75,391.48,112678835.0
2021-03-19,389.94,391.57,387.15,389.48,110114337.0
2021-03-22,390.01,394.07,389.97,392.59,70973666.0
2021-03-23,391.89,393.46,388.66,389.5,89558773.0
2021-03-24,390.92,392.75,387.47,387.52,96191073.0
2021-03-25,385.99,390.55,383.9,389.7,113295469.0
2021-03-26,390.98,396.41,390.29,395.98,108171731.0
2021-03-29,394.35,396.75,392.81,395.78,106073776.0
2021-03-30,394.35,395.45,393.02,394.73,74746663.0
2021-03-31,395.33,398.0,395.31,396.33,111380913.0
2021-04-01,398.41,400.67,398.18,400.61,96261745.0
2021-04-05,403.49,406.94,403.38,406.36,90706969.0
2021-04-06,405.83,407.24,405.4,406.12,59650355.0
2021-04-07,405.95,406.96,405.45,406.59,54726295.0
2021-04-08,407.92,408.58,406.93,408.52,56867049.0
2021-04-09,408.44,411.67,408.26,411.49,60142464.0
2021-04-12,410.86,411.93,410.2,411.64,56025505.0
2021-04-13,411.57,413.53,411.12,412.86,55105021.0
2021-04-14,412.84,413.96,410.87,411.45,61197587.0
2021-04-15,413.79,416.16,413.69,415.87,59447072.0
2021-04-16,417.29,417.91,415.73,417.26,80759895.0
2021-04-19,416.26,416.74,413.79,415.21,76675224.0
2021-04-20,413.93,415.09,410.59,412.17,80381131.0
2021-04-21,411.55,416.29,411.36,416.07,65538834.0
2021-04-22,415.91,416.78,411.13,412.27,95439289.0
2021-04-23,412.82,418.25,412.79,416.74,71763560.0
2021-04-26,417.42,418.22,416.81,417.61,50614376.0
2021-04-27,417.97,418.14,416.3,417.52,50250367.0
2021-04-28,417.84,419.01,416.9,417.4,49569146.0
2021-04-29,420.38,420.72,416.44,420.06,77387289.0
2021-04-30,417.67,418.54,416.34,417.3,82569012.0
2021-05-03,419.43,419.84,417.66,418.2,67702070.0
2021-05-04,415.99,416.6,411.67,415.62,100023728.0
2021-05-05,417.43,417.63,415.15,415.75,37997481.0
2021-05-06,415.8,419.21,413.68,419.07,72083762.0
2021-05-07,419.85,422.82,419.16,422.12,66618280.0
2021-05-10,422.55,422.74,417.81,417.94,79402830.0
2021-05-11,413.12,415.27,410.06,414.21,115246459.0
2021-05-12,411.23,412.59,404.0,405.41,133267945.0
2021-05-13,407.02,412.35,407.02,410.28,104508864.0
2021-05-14,413.21,417.49,413.18,416.58,80537098.0
2021-05-17,415.39,416.39,413.36,415.52,63127423.0
2021-05-18,415.79,416.06,411.77,411.94,57884621.0
2021-05-19,406.93,411.05,405.33,410.86,104274053.0
2021-05-20,411.77,416.63,411.67,415.28,76138506.0
2021-05-21,416.83,418.2,414.45,414.94,74077734.0
2021-05-24,417.39,420.32,417.08,419.17,50796826.0
2021-05-25,420.35,420.71,417.62,418.24,56914446.0
2021-05-26,418.89,419.61,417.76,419.07,42568210.0
2021-05-27,420.16,420.72,418.99,419.29,55976657.0
2021-05-28,420.97,421.25,419.79,420.04,57028751.0
2021-06-01,422.6,422.72,419.2,419.67,53147347.0
2021-06-02,420.35,421.23,419.29,420.33,47175237.0
2021-06-03,417.82,419.99,416.28,418.77,57528114.0
2021-06-04,420.73,422.92,418.84,422.6,53355134.0
2021-06-07,422.55,422.78,421.19,422.19,48003258.0
2021-06-08,423.16,423.21,420.32,422.28,45886487.0
2021-06-09,423.15,423.26,421.41,421.65,45930930.0
2021-06-10,422.96,424.63,421.55,423.61,49749885.0
2021-06-11,424.12,424.43,422.82,424.31,43542632.0
2021-06-14,424.43,425.37,423.1,425.26,39612335.0
2021-06-15,425.46,425.46,423.54,424.48,50890705.0
2021-06-16,424.61,424.87,419.92,422.11,79250069.0
2021-06-17,421.62,423.02,419.32,421.97,83963699.0
2021-06-18,417.16,417.83,414.7,414.92,110255685.0
2021-06-21,416.85,421.06,415.93,420.86,70626500.0
2021-06-22,420.86,424.0,420.08,423.11,57147738.0
2021-06-23,423.2,424.05,422.51,422.6,48635548.0
2021-06-24,424.93,425.55,424.62,425.1,43500487.0
2021-06-25,425.96,427.09,425.55,426.61,55742186.0
2021-06-28,427.13,427.65,425.89,427.47,49651109.0
2021-06-29,427.87,428.56,427.13,427.7,34946998.0
2021-06-30,427.22,428.78,427.18,428.06,60120981.0
2021-07-01,428.88,430.6,428.8,430.43,51273075.0
2021-07-02,431.67,434.1,430.52,433.72,56423757.0
2021-07-06,433.75,434.01,430.01,432.93,66140861.0
2021-07-07,433.72,434.76,431.51,434.46,62971955.0
2021-07-08,428.74,431.73,427.52,430.92,96999250.0
2021-07-09,432.56,435.84,430.71,435.52,72867990.0
2021-07-12,435.48,437.35,434.97,437.08,48453565.0
2021-07-13,436.21,437.84,435.31,435.59,51356726.0
2021-07-14,437.38,437.92,434.91,436.24,63242336.0
2021-07-15,434.79,435.53,432.72,434.75,54401485.0
2021-07-16,436.04,436.06,430.92,431.34,75020731.0
2021-07-19,426.19,431.41,421.97,424.97,145147371.0
2021-07-20,425.73,432.42,424.83,431.06,98137249.0
2021-07-21,432.39,434.7,431.01,434.55,63950589.0
2021-07-22,434.81,435.72,433.69,435.46,45355622.0
2021-07-23,437.57,440.3,436.79,439.94,61331881.0
2021-07-26,439.36,441.03,439.26,441.02,42741962.0
2021-07-27,439.94,439.94,435.99,439.01,66275147.0
2021-07-28,439.72,440.3,437.31,438.83,51918245.0
2021-07-29,439.84,441.8,439.81,440.65,45910298.0
2021-07-30,437.98,440.06,437.77,438.51,67986904.0
2021-08-02,440.38,440.93,437.21,437.59,58202991.0
2021-08-03,438.45,441.28,436.1,441.15,56949238.0
2021-08-04,439.82,441.12,438.73,438.98,45680911.0
2021-08-05,440.22,441.85,439.88,441.76,38126470.0
2021-08-06,442.15,442.94,441.8,442.49,45507935.0
2021-08-09,442.47,442.8,441.31,442.13,39756631.0
2021-08-10,442.62,443.44,441.88,442.68,42574900.0
2021-08-11,443.77,443.88,442.62,443.78,41637702.0
2021-08-12,443.59,445.26,442.66,445.11,38414338.0
2021-08-13,445.55,445.94,445.07,445.92,38673164.0
2021-08-16,444.6,447.11,442.87,446.97,60327596.0
2021-08-17,444.28,444.96,440.85,444.04,91656615.0
2021-08-18,442.93,444.63,438.92,439.18,83482150.0
2021-08-19,436.3,441.14,436.12,439.86,91570497.0
2021-08-20,440.14,443.71,439.71,443.36,71142965.0
2021-08-23,445.28,448.23,443.44,447.26,54459243.0
2021-08-24,447.91,448.54,447.42,447.97,36183456.0
2021-08-25,448.22,449.46,447.77,448.91,39289766.0
2021-08-26,448.6,448.86,446.16,446.26,56131702.0
2021-08-27,447.1,450.65,447.06,450.25,65445127.0
2021-08-30,450.98,453.07,450.71,452.23,46501778.0
2021-08-31,452.16,452.49,450.92,451.56,57992892.0
2021-09-01,452.6,453.11,451.54,451.8,48171509.0
2021-09-02,453.33,454.05,451.91,453.19,41554203.0
2021-09-03,452.02,453.63,451.55,453.08,45997223.0
2021-09-07,452.76,452.81,450.74,451.46,49801813.0
2021-09-08,450.88,451.67,448.86,450.91,54693813.0
2021-09-09,450.72,452.57,448.72,448.98,55830759.0
2021-09-10,451.07,451.49,445.31,445.44,88334216.0
2021-09-13,448.64,448.92,444.11,446.58,81999347.0
2021-09-14,448.12,448.34,443.22,444.17,76920007.0
2021-09-15,444.64,448.41,443.44,447.88,75381105.0
2021-09-16,447.32,448.36,444.02,447.17,74229850.0
2021-09-17,444.95,445.37,441.02,441.4,114151740.0
2021-09-20,434.91,436.56,428.86,434.04,163425105.0
2021-09-21,436.63,437.91,433.07,433.63,90762221.0
2021-09-22,436.06,440.03,433.75,437.86,99802450.0
2021-09-23,439.82,444.89,439.6,443.18,74249594.0
2021-09-24,441.49,444.67,441.21,443.91,59748481.0
2021-09-27,442.78,444.05,441.9,442.64,59674982.0
2021-09-28,439.73,440.04,432.94,433.72,126615637.0
2021-09-29,435.05,437.04,433.85,434.45,80467191.0
2021-09-30,435.98,436.77,428.78,429.14,134871932.0
2021-10-01,430.97,436.03,427.23,434.24,124785036.0
2021-10-04,433.0,433.96,426.36,428.64,123584358.0
2021-10-05,430.33,435.49,429.39,433.1,89245305.0
2021-10-06,429.29,435.12,427.54,434.9,110863193.0
2021-10-07,438.51,441.68,438.2,438.66,69856475.0
2021-10-08,439.57,439.89,437.19,437.86,69165240.0
2021-10-11,437.1,440.26,434.62,434.69,62358155.0
2021-10-12,435.67,436.1,432.78,433.62,69610152.0
2021-10-13,434.69,436.05,431.54,435.18,69695888.0
2021-10-14,439.06,442.66,438.58,442.5,68351292.0
2021-10-15,444.8,446.26,444.09,445.87,65149080.0
2021-10-18,444.0,447.55,443.27,447.19,61357585.0
2021-10-19,448.92,450.71,448.27,450.64,45465642.0
2021-10-20,451.12,452.73,451.01,452.41,47359024.0
2021-10-21,451.79,453.83,451.31,453.59,40013081.0
2021-10-22,453.15,454.67,451.05,453.12,57286027.0
2021-10-25,454.24,455.9,452.39,455.55,44383090.0
2021-10-26,457.17,458.49,455.56,455.96,55222053.0
2021-10-27,456.49,457.16,453.86,453.94,54624452.0
2021-10-28,455.5,458.4,455.45,458.32,49093906.0
2021-10-29,455.9,459.56,455.56,459.25,68326981.0
2021-11-01,460.34,460.7,458.2,460.04,47474495.0
2021-11-02,460.25,462.23,460.08,461.9,47840033.0
2021-11-03,461.33,465.15,460.83,464.72,50029204.0
2021-11-04,465.38,467.0,464.99,466.91,50114904.0
2021-11-05,469.45,470.65,466.92,468.53,64339098.0
2021-11-08,469.65,470.23,468.2,468.93,46572357.0
2021-11-09,469.35,469.57,465.88,467.38,50232447.0
2021-11-10,465.61,467.38,462.04,463.62,67823778.0
2021-11-11,465.15,465.29,463.75,463.77,34212914.0
2021-11-12,465.15,467.86,464.11,467.27,51018081.0
2021-11-15,468.66,468.81,466.23,467.43,45618716.0
2021-11-16,467.16,470.48,467.07,469.28,46399465.0
2021-11-17,468.97,469.19,467.48,468.14,46208333.0
2021-11-18,469.23,470.01,466.34,469.73,49359033.0
2021-11-19,469.6,470.94,468.5,468.89,55681277.0
2021-11-22,470.85,473.54,467.35,467.57,69538153.0
2021-11-23,467.17,469.1,464.45,468.19,68658177.0
2021-11-24,466.14,469.57,465.19,469.44,60722931.0
2021-11-26,462.44,463.9,457.77,458.97,112537722.0
2021-11-29,464.11,466.56,461.73,464.6,82666545.0
2021-11-30,462.0,464.03,455.3,455.56,142116364.0
2021-12-01,461.68,464.67,450.29,450.5,128454291.0
2021-12-02,450.8,459.07,450.31,457.4,125805218.0
2021-12-03,459.19,460.3,448.92,453.42,134827167.0
2021-12-06,456.08,460.79,453.56,458.79,96662630.0
2021-12-07,464.42,468.88,458.65,468.28,92791114.0
2021-12-08,468.69,470.0,466.83,469.52,71235912.0
2021-12-09,468.12,469.63,466.14,466.35,59238632.0
2021-12-10,469.28,470.9,466.51,470.74,75758443.0
2021-12-13,470.24,470.56,466.27,466.57,84360282.0
2021-12-14,463.03,465.74,460.25,463.36,94756508.0
2021-12-15,463.48,470.86,460.74,470.6,113833862.0
2021-12-16,472.6,472.87,464.8,466.45,110286005.0
2021-12-17,461.47,464.74,458.06,459.87,131323546.0
2021-12-20,454.41,455.4,451.14,454.98,105169993.0
2021-12-21,458.7,463.21,456.31,463.06,67837635.0
2021-12-22,462.81,467.81,462.58,467.69,56672113.0
2021-12-23,468.77,472.19,468.64,470.6,54872786.0
2021-12-27,472.09,477.31,472.01,477.26,54769804.0
2021-12-28,477.8,478.81,476.06,476.87,43902792.0
2021-12-29,477.04,478.56,475.92,477.48,52799812.0
2021-12-30,477.98,479.0,475.67,476.16,51267766.0
2021-12-31,475.62,476.86,474.67,474.96,63617437.0
2022-01-03,476.45,477.85,473.85,477.71,71310807.0
2022-01-04,479.26,479.98,475.58,477.55,67983847.0
2022-01-05,477.39,477.98,468.28,468.38,96492185.0
2022-01-06,467.89,470.82,465.43,467.94,85113397.0
2022-01-07,468.0,469.2,464.65,466.09,82253552.0
2022-01-10,462.74,465.74,456.6,465.51,116215746.0
2022-01-11,465.24,469.85,462.05,469.75,73332978.0
2022-01-12,471.65,473.2,468.94,471.02,64465937.0
2022-01-13,472.2,472.88,463.44,464.53,88800017.0
2022-01-14,461.1,465.09,459.9,464.72,94992985.0
2022-01-18,459.84,459.96,455.31,456.49,107848237.0
2022-01-19,458.19,459.61,451.46,451.75,104945382.0
2022-01-20,453.75,458.74,444.5,446.75,117564723.0
2022-01-21,445.65,448.06,437.95,437.98,193321494.0
2022-01-24,432.0,440.38,420.76,439.84,249247335.0
2022-01-25,433.19,439.72,427.15,434.47,163265998.0
2022-01-26,441.62,444.04,428.86,433.38,184350194.0
2022-01-27,438.13,441.59,429.45,431.24,146675928.0
2022-01-28,432.7,442.0,427.82,441.95,158696189.0
2022-01-31,441.44,450.28,439.81,449.91,149652940.0
2022-02-01,450.64,453.63,446.94,452.95,117935635.0
2022-02-02,455.5,458.12,453.05,457.35,114543884.0
2022-02-03,450.93,452.97,445.71,446.6,112566196.0
2022-02-04,446.24,452.78,443.83,448.7,116465273.0
2022-02-07,449.5,450.99,445.85,447.26,83253785.0
2022-02-08,446.66,451.92,445.22,450.94,79150643.0
2022-02-09,455.29,457.88,455.01,457.54,90049188.0
2022-02-10,451.4,457.71,447.2,449.32,135944478.0
2022-02-11,449.3,451.6,438.94,440.46,149901847.0
2022-02-14,439.88,441.6,435.34,439.02,121021551.0
2022-02-15,443.86,446.28,443.18,446.1,85649869.0
2022-02-16,443.94,448.06,441.94,446.6,84046512.0
2022-02-17,443.18,446.57,436.42,437.06,100762104.0
2022-02-18,437.51,438.66,431.82,434.23,129319844.0
2022-02-22,437.51,437.51,425.86,429.57,122145129.0
2022-02-23,432.65,433.26,421.35,421.95,127714368.0
2022-02-24,411.0,428.76,410.64,428.3,208203399.0
2022-02-25,429.64,437.84,427.86,437.75,120801110.0
2022-02-28,432.23,438.2,430.7,436.63,142528684.0
2022-03-01,435.12,437.17,427.11,429.98,132792662.0
2022-03-02,432.3,439.72,431.57,437.89,115931216.0
2022-03-03,440.59,441.11,433.8,435.71,103456002.0
2022-03-04,431.69,433.37,427.88,432.17,111713164.0
2022-03-07,431.58,432.3,419.36,419.43,133426735.0
2022-03-08,419.87,427.21,415.12,416.25,162532174.0
2022-03-09,425.16,429.51,422.82,427.41,114287874.0
2022-03-10,422.42,426.43,420.44,425.48,92773378.0
2022-03-11,428.2,428.77,419.53,420.07,94479059.0
2022-03-14,420.98,424.55,415.79,417.0,94687147.0
2022-03-15,419.66,426.84,418.42,426.17,103063828.0
2022-03-16,429.97,435.68,424.8,435.62,142211194.0
2022-03-17,433.53,441.07,433.19,441.07,97832305.0
2022-03-18,437.81,444.86,437.22,444.52,102665985.0
2022-03-21,444.34,446.46,440.68,444.39,87350111.0
2022-03-22,445.99,450.58,445.86,449.59,73464881.0
2022-03-23,446.9,448.49,443.71,443.8,78109491.0
2022-03-24,445.82,450.5,444.76,450.49,62937285.0
2022-03-25,451.09,452.98,448.43,452.69,76123606.0
2022-03-28,452.04,455.91,450.06,455.91,66853837.0
2022-03-29,461.75,462.07,457.18,461.55,85061165.0
2022-03-30,460.29,461.2,456.46,458.7,77348235.0
2022-03-31,457.92,458.76,451.16,451.64,116797089.0
2022-04-01,453.3,453.46,449.14,452.92,80741277.0
2022-04-04,453.2,456.91,452.26,456.8,54399173.0
2022-04-05,455.23,457.83,449.82,451.03,72741037.0
2022-04-06,446.87,448.93,443.47,446.52,105747329.0
2022-04-07,445.67,450.69,443.53,448.77,74441208.0
2022-04-08,448.04,450.63,445.94,447.57,76428747.0
2022-04-11,444.11,445.0,439.39,439.92,86103294.0
2022-04-12,443.02,445.75,436.65,438.29,81764387.0
2022-04-13,437.96,444.11,437.84,443.31,71403638.0
2022-04-14,443.44,444.73,437.68,437.79,94004820.0
2022-04-18,437.05,439.75,435.61,437.97,63519255.0
2022-04-19,437.87,445.8,437.68,445.04,75175414.0
2022-04-20,446.95,447.57,443.48,444.71,64140001.0
2022-04-21,448.58,450.01,437.1,438.06,84160335.0
2022-04-22,436.94,438.08,425.44,426.04,123738139.0
2022-04-25,423.7,428.69,418.84,428.51,117090500.0
2022-04-26,425.92,426.04,416.07,416.1,100647304.0
2022-04-27,417.38,422.92,415.01,417.27,115558463.0
2022-04-28,422.17,429.64,417.6,427.81,102626367.0
2022-04-29,423.56,425.87,411.21,412.0,140706758.0
2022-05-02,412.01,415.92,405.02,414.48,156303606.0
2022-05-03,414.91,418.93,413.36,416.38,97827686.0
2022-05-04,417.13,429.66,413.71,429.06,141106960.0
2022-05-05,424.58,425.0,409.44,413.81,169846673.0
2022-05-06,411.16,414.8,405.73,411.34,148596604.0
2022-05-09,405.09,406.41,396.5,398.17,150610106.0
2022-05-10,404.5,406.08,394.82,399.09,130971185.0
2022-05-11,397.99,404.04,391.96,392.75,136662109.0
2022-05-12,389.58,395.8,385.15,392.34,122690307.0
2022-05-13,396.73,403.18,395.61,401.72,101446017.0
2022-05-16,400.04,403.97,397.6,400.09,76644007.0
2022-05-17,406.51,408.57,402.58,408.32,80706621.0
2022-05-18,403.6,403.8,390.55,391.86,113141449.0
2022-05-19,388.62,394.14,387.11,389.46,96671349.0
2022-05-20,393.0,397.03,380.54,389.63,128122289.0
2022-05-23,392.83,397.73,390.38,396.92,74209969.0
2022-05-24,392.52,395.15,386.96,393.89,90178916.0
2022-05-25,392.36,399.45,391.89,397.37,87950729.0
2022-05-26,398.68,407.04,398.45,405.31,80673097.0
2022-05-27,407.97,415.38,407.7,415.26,82693965.0
2022-05-31,413.42,416.46,410.03,412.93,93306052.0
2022-06-01,415.2,416.24,406.93,409.59,85073865.0
2022-06-02,409.58,417.44,407.04,417.39,77313008.0
2022-06-03,412.47,414.04,409.51,410.54,71038675.0
2022-06-06,414.76,416.61,410.55,411.79,56920511.0
2022-06-07,408.13,416.22,407.61,415.74,57339127.0
2022-06-08,413.93,415.82,410.38,411.22,63622701.0
2022-06-09,409.36,411.74,401.44,401.44,83761474.0
2022-06-10,394.88,395.78,389.75,389.8,128797219.0
2022-06-13,380.0,381.81,373.3,375.0,154573990.0
2022-06-14,376.84,377.94,370.59,373.87,101740340.0
2022-06-15,377.33,383.9,372.12,379.2,122854728.0
2022-06-16,370.54,370.94,364.08,366.65,132242300.0
2022-06-17,365.43,369.38,362.17,365.86,105238629.0
2022-06-21,371.9,376.52,371.81,375.07,74335753.0
2022-06-22,370.68,378.72,370.18,374.39,86575924.0
2022-06-23,376.69,378.83,372.89,378.06,76498305.0
2022-06-24,381.43,390.09,381.36,390.08,94716809.0
2022-06-27,391.12,391.36,387.44,388.59,64188678.0
2022-06-28,390.3,393.16,380.53,380.65,80059645.0
2022-06-29,381.16,382.27,378.42,380.34,64976206.0
2022-06-30,376.27,380.66,372.56,377.25,103953596.0
2022-07-01,376.6,381.7,373.8,381.24,72777613.0
2022-07-05,376.0,381.98,372.9,381.96,79434468.0
2022-07-06,382.07,385.87,379.6,383.25,68465749.0
2022-07-07,385.12,389.83,383.27,388.99,63743794.0
2022-07-08,387.16,390.64,385.66,388.67,71207509.0
2022-07-11,385.91,386.87,383.5,384.23,57117892.0
2022-07-12,383.66,386.16,378.99,380.83,61250739.0
2022-07-13,375.09,381.92,374.66,378.83,81875674.0
2022-07-14,373.99,379.05,371.04,377.91,86184387.0
2022-07-15,382.62,385.25,380.54,385.13,76621320.0
2022-07-18,388.27,389.09,380.66,381.95,62515811.0
2022-07-19,386.17,392.87,385.39,392.27,77242177.0
2022-07-20,392.5,396.26,391.03,394.77,70202659.0
2022-07-21,394.14,398.84,391.63,398.79,63679448.0
2022-07-22,398.92,400.18,392.75,395.09,70305137.0
2022-07-25,395.72,396.47,393.21,395.57,49991516.0
2022-07-26,393.84,394.06,389.95,390.89,51463527.0
2022-07-27,394.52,402.88,394.05,401.04,80745371.0
2022-07-28,401.84,406.8,398.15,406.07,72338106.0
2022-07-29,407.7,413.03,406.77,411.99,75433526.0
2022-08-01,409.16,413.41,408.4,410.77,67989119.0
2022-08-02,409.03,413.0,406.82,408.06,60961606.0
2022-08-03,410.4,415.68,410.0,414.45,66808646.0
2022-08-04,414.25,415.09,412.44,414.17,45221505.0
2022-08-05,409.68,414.15,409.6,413.47,55724684.0
2022-08-08,415.25,417.62,411.83,412.99,52529126.0
2022-08-09,412.3,412.75,410.22,411.35,44237782.0
2022-08-10,418.71,420.14,416.72,419.99,67390703.0
2022-08-11,423.0,424.95,419.21,419.99,58496775.0
2022-08-12,422.1,427.21,421.03,427.1,60138749.0
2022-08-15,424.71,429.41,424.71,428.86,53559897.0
2022-08-16,427.62,431.73,426.88,429.7,57588449.0
2022-08-17,425.92,429.5,424.54,426.65,62340960.0
2022-08-18,426.78,428.61,425.5,427.89,48048407.0
2022-08-19,424.87,425.26,421.22,422.14,66174555.0
2022-08-22,417.04,417.23,412.4,413.35,73483888.0
2022-08-23,412.96,415.42,411.77,412.35,48513206.0
2022-08-24,412.1,415.11,411.39,413.67,47982901.0
2022-08-25,415.27,419.56,414.09,419.51,49838096.0
2022-08-26,419.46,419.96,405.25,405.31,99562118.0
2022-08-29,402.18,405.84,401.2,402.63,64289165.0
2022-08-30,403.85,404.1,396.0,398.21,84386244.0
2022-08-31,399.92,401.24,395.04,395.18,73892464.0
2022-09-01,392.88,396.78,390.04,396.42,77587997.0
2022-09-02,400.3,401.55,390.33,392.24,97919928.0
2022-09-06,393.13,394.12,388.42,390.76,74798116.0
2022-09-07,390.37,398.59,390.2,397.78,68849730.0
2022-09-08,395.45,400.86,394.12,400.38,78567338.0
2022-09-09,402.77,407.51,402.46,406.6,75423353.0
2022-09-12,408.8,411.73,408.46,410.97,68161564.0
2022-09-13,401.64,403.1,391.92,393.1,118455206.0
2022-09-14,394.52,396.2,391.12,394.6,81165606.0
2022-09-15,392.89,395.96,388.78,390.12,84220902.0
2022-09-16,384.18,386.25,382.11,385.56,92249660.0
2022-09-19,382.27,388.55,382.18,388.55,70772389.0
2022-09-20,385.1,386.12,381.2,384.09,76277821.0
2022-09-21,386.06,389.31,377.38,377.39,104013003.0
2022-09-22,376.5,377.66,373.44,374.22,87465927.0
2022-09-23,370.58,370.62,363.29,367.95,119523670.0
2022-09-26,366.41,370.21,363.03,364.31,89601743.0
2022-09-27,368.01,370.4,360.87,363.38,106995144.0
2022-09-28,364.44,372.3,362.6,370.53,101107853.0
2022-09-29,366.83,367.11,359.7,362.79,111095910.0
2022-09-30,361.87,365.91,357.04,357.18,141763390.0
2022-10-03,361.12,368.55,359.21,366.61,88011826.0
2022-10-04,372.45,378.0,366.57,377.97,100727435.0
2022-10-05,373.32,379.46,370.95,377.09,86446216.0
2022-10-06,375.65,378.72,372.68,373.2,81068791.0
2022-10-07,369.06,373.29,360.94,362.79,106443915.0
2022-10-10,364.0,364.21,357.67,360.02,74407394.0
2022-10-11,358.3,363.03,355.71,357.74,91333405.0
2022-10-12,358.11,359.82,356.3,356.56,74778612.0
2022-10-13,349.43,367.51,348.11,365.97,146175553.0
2022-10-14,368.54,370.26,356.96,357.63,120585482.0
2022-10-17,363.99,367.98,357.28,366.82,90371975.0
2022-10-18,375.07,375.45,367.52,371.13,95117588.0
2022-10-19,368.98,371.85,365.55,368.5,74722973.0
2022-10-20,368.07,372.67,364.61,365.41,86466201.0
2022-10-21,365.11,374.8,363.54,374.29,127449183.0
2022-10-24,375.94,380.06,373.11,378.87,81078219.0
2022-10-25,378.72,385.25,378.67,384.92,77027007.0
2022-10-26,381.69,387.58,381.35,382.02,98827324.0
2022-10-27,383.09,385.0,379.33,379.98,78187699.0
2022-10-28,379.89,389.52,379.68,389.02,97179376.0
2022-10-31,386.49,388.4,385.26,386.21,95362245.0
2022-11-01,390.13,390.39,383.29,384.52,82926509.0
2022-11-02,383.96,388.63,374.76,374.87,123186802.0
2022-11-03,371.4,374.2,368.79,371.01,82950970.0
2022-11-04,377.0,378.87,370.0,376.35,98488287.0
2022-11-07,377.7,380.57,375.53,379.95,65476918.0
2022-11-08,381.05,385.12,377.72,382.0,83059067.0
2022-11-09,379.96,381.14,373.61,374.13,77379588.0
2022-11-10,388.1,395.04,385.64,394.69,138257571.0
2022-11-11,395.6,399.35,393.61,398.51,92322559.0
2022-11-14,396.7,400.18,394.83,395.12,70450932.0
2022-11-15,401.09,402.31,394.49,398.49,91813162.0
2022-11-16,396.83,397.78,394.79,395.45,66396042.0
2022-11-17,390.49,394.95,390.14,394.24,73082169.0
2022-11-18,397.68,397.81,393.04,396.03,91960263.0
2022-11-21,394.72,395.82,392.66,394.59,50148007.0
2022-11-22,396.7,400.07,395.15,399.9,59399582.0
2022-11-23,399.56,402.93,399.31,402.42,66314187.0
2022-11-25,401.86,402.91,401.54,402.33,30446708.0
2022-11-28,399.01,400.81,395.11,395.91,65322342.0
2022-11-29,396.0,397.3,393.3,395.23,51674549.0
2022-11-30,395.35,407.68,393.48,407.68,130104887.0
2022-12-01,408.81,410.0,404.75,407.38,75474336.0
2022-12-02,402.14,407.86,402.14,406.91,83933965.0
2022-12-05,403.91,404.93,398.17,399.59,75085676.0
2022-12-06,399.5,399.99,391.64,393.83,76289286.0
2022-12-07,392.89,395.64,391.97,393.16,62191064.0
2022-12-08,395.02,397.36,393.27,396.24,59841635.0
2022-12-09,394.99,397.62,393.15,393.28,78811140.0
2022-12-12,394.09,398.95,393.41,398.95,74556276.0
2022-12-13,410.12,410.49,399.07,401.97,122050067.0
2022-12-14,401.59,405.5,396.31,399.4,106803638.0
2022-12-15,394.39,395.25,387.89,389.63,115068064.0
2022-12-16,384.97,386.58,381.04,383.27,116197981.0
2022-12-19,383.41,383.82,378.28,380.02,77502025.0
2022-12-20,379.28,382.23,377.85,380.54,72882378.0
2022-12-21,383.34,387.41,382.69,386.23,75040536.0
2022-12-22,383.13,386.21,374.77,380.72,98959962.0
2022-12-23,379.66,383.06,378.03,382.91,59002055.0
2022-12-27,382.82,383.15,379.65,381.4,50994541.0
2022-12-28,381.4,383.39,376.42,376.66,69038272.0
2022-12-29,379.62,384.35,379.08,383.44,65945801.0
2022-12-30,380.67,382.58,378.43,382.43,82442637.0
2023-01-03,384.46,386.43,377.83,380.82,73821874.0
2023-01-04,383.22,385.88,380.0,383.76,84703823.0
2023-01-05,381.76,381.84,378.76,379.38,75382254.0
2023-01-06,382.54,389.25,379.41,388.08,102254493.0
2023-01-09,390.23,393.7,387.67,387.86,72822844.0
2023-01-10,387.23,390.65,386.27,390.58,64114370.0
2023-01-11,392.15,395.6,391.38,395.52,67502793.0
2023-01-12,396.63,398.48,392.42,396.96,89407200.0
2023-01-13,393.65,399.1,393.34,398.5,63366638.0
2023-01-17,398.42,400.23,397.06,397.77,61693611.0
2023-01-18,398.94,400.12,391.28,391.49,98328947.0
2023-01-19,389.22,391.08,387.26,388.64,83642437.0
2023-01-20,390.0,396.04,388.38,395.88,89954747.0
2023-01-23,396.69,402.64,395.72,400.63,83478240.0
2023-01-24,398.88,401.15,397.64,400.2,57144356.0
2023-01-25,395.92,400.7,393.56,400.35,80859140.0
2023-01-26,403.06,404.92,400.03,404.75,70066616.0
2023-01-27,403.66,408.16,403.44,405.68,67496259.0
2023-01-30,402.75,405.13,400.28,400.59,72690028.0
2023-01-31,401.08,406.53,400.77,406.48,84933935.0
2023-02-01,405.21,413.67,402.35,410.8,99518055.0
2023-02-02,414.83,418.31,412.88,416.78,98844254.0
2023-02-03,411.6,416.97,411.09,412.35,90452202.0
2023-02-06,409.77,411.29,408.1,409.83,59333398.0
2023-02-07,408.96,416.49,407.57,415.19,89589455.0
2023-02-08,413.18,414.53,409.93,410.65,75069977.0
2023-02-09,414.49,414.57,405.81,407.09,77311017.0
2023-02-10,405.85,408.44,405.01,408.04,68785496.0
2023-02-13,408.67,412.97,408.24,412.83,64095894.0
2023-02-14,411.29,415.05,408.51,412.64,86954363.0
2023-02-15,410.38,414.06,409.47,413.98,60492787.0
2023-02-16,408.74,412.91,408.14,408.28,74217785.0
2023-02-17,406.12,407.51,404.05,407.26,86559666.0
2023-02-21,403.09,404.16,398.82,399.09,81838325.0
2023-02-22,399.55,401.13,397.02,398.54,81748237.0
2023-02-23,401.33,402.2,396.25,400.66,94957258.0
2023-02-24,395.47,397.25,393.64,396.38,106700475.0
2023-02-27,399.91,401.29,396.75,397.73,79158180.0
2023-02-28,397.25,399.28,396.15,396.26,95041885.0
2023-03-01,395.45,396.69,393.38,394.74,98211433.0
2023-03-02,392.7,398.69,392.33,397.81,84301573.0
2023-03-03,399.56,404.45,399.03,404.19,88750977.0
2023-03-06,405.08,407.45,404.01,404.47,71495024.0
2023-03-07,404.47,404.67,397.62,398.27,105993457.0
2023-03-08,398.35,399.71,396.59,398.92,72275642.0
2023-03-09,399.71,401.48,390.53,391.56,109785166.0
2023-03-10,391.0,393.16,384.32,385.91,174867109.0
2023-03-13,381.93,390.39,380.65,385.36,155419282.0
2023-03-14,390.44,393.45,387.05,391.73,139289480.0
2023-03-15,385.85,389.49,383.71,389.28,170169425.0
2023-03-16,386.87,396.47,386.29,396.11,140178546.0
2023-03-17,393.12,394.4,388.55,389.99,135830482.0
2023-03-20,390.78,394.17,390.07,393.74,90855738.0
2023-03-21,397.3,399.41,395.58,398.91,89798560.0
2023-03-22,398.7,402.49,392.07,392.11,109402149.0
2023-03-23,395.02,399.29,390.35,393.17,116807410.0
2023-03-24,391.82,395.84,389.4,395.75,105046619.0
2023-03-27,398.17,398.92,395.56,396.49,72029913.0
2023-03-28,395.82,396.49,393.69,395.6,61274149.0
2023-03-29,399.81,401.6,398.68,401.35,74491364.0
2023-03-30,404.01,404.35,401.76,403.7,68219255.0
2023-03-31,404.56,409.7,404.55,409.39,102475646.0
2023-04-03,408.92,411.37,408.44,410.95,66099360.0
2023-04-04,411.56,411.92,407.24,408.67,65073343.0
2023-04-05,407.85,408.7,405.88,407.6,64122749.0
2023-04-06,406.81,409.48,405.68,409.19,62019696.0
2023-04-10,406.58,409.69,405.97,409.61,62332792.0
2023-04-11,410.21,411.18,408.92,409.72,57696306.0
2023-04-12,411.8,412.17,407.44,408.05,84471835.0
2023-04-13,409.18,413.84,407.99,413.47,84820684.0
2023-04-14,412.77,415.09,410.06,412.46,76696380.0
2023-04-17,412.43,413.96,411.08,413.94,65496534.0
2023-04-18,415.59,415.72,412.78,414.21,62796059.0
2023-04-19,412.17,415.08,412.16,414.14,53911496.0
2023-04-20,411.31,413.7,410.27,411.88,74006395.0
2023-04-21,412.2,412.68,410.17,412.2,72414007.0
2023-04-24,411.99,413.07,410.6,412.63,62878750.0
2023-04-25,410.55,411.16,406.02,406.08,95602201.0
2023-04-26,406.83,407.84,403.78,404.36,78319853.0
2023-04-27,406.74,412.69,406.74,412.41,89626949.0
2023-04-28,411.45,415.94,411.43,415.93,86442150.0
2023-05-01,415.38,417.62,415.27,415.51,60716655.0
2023-05-02,414.78,414.82,407.82,410.84,103036029.0
2023-05-03,411.35,413.87,407.77,408.02,88190983.0
2023-05-04,406.91,407.27,403.74,405.13,93490485.0
2023-05-05,408.89,413.72,408.64,412.63,86600547.0
2023-05-08,412.9,413.24,411.28,412.74,48989824.0
2023-05-09,411.09,412.09,410.69,410.93,48007547.0
2023-05-10,413.91,414.54,408.87,412.85,95166874.0
2023-05-11,411.95,412.43,409.97,412.13,68842907.0
2023-05-12,413.37,413.64,409.07,411.59,68389038.0
2023-05-15,412.21,413.43,410.23,413.01,53700268.0
2023-05-16,411.88,412.82,410.24,410.25,56112337.0
2023-05-17,412.38,415.86,410.64,415.23,85556917.0
2023-05-18,414.97,419.67,414.67,419.23,95008463.0
2023-05-19,420.2,420.72,417.35,418.62,100783605.0
2023-05-22,418.62,420.39,417.35,418.79,59444488.0
2023-05-23,417.13,418.72,413.68,414.09,85145553.0
2023-05-24,412.43,412.82,409.88,411.09,86019068.0
2023-05-25,414.71,416.16,412.41,414.65,88956292.0
2023-05-26,415.38,420.77,415.25,420.02,90655678.0
2023-05-30,422.0,422.58,418.73,420.18,71190850.0
2023-05-31,418.26,419.22,416.22,417.85,106350372.0
2023-06-01,418.07,422.92,416.79,421.82,87402078.0
2023-06-02,424.44,428.74,423.95,427.92,89434128.0
2023-06-05,428.26,429.62,426.37,427.1,64809820.0
2023-06-06,426.66,428.58,425.99,428.03,63075991.0
2023-06-07,428.42,429.62,426.11,426.55,84241305.0
2023-06-08,426.65,429.6,425.82,429.13,60336348.0
2023-06-09,429.92,431.99,428.87,429.9,83691198.0
2023-06-12,430.92,433.88,430.17,433.8,74981844.0
2023-06-13,435.25,437.33,434.63,436.66,94470131.0
2023-06-14,437.01,439.06,433.59,437.18,96815944.0
2023-06-15,436.43,443.9,436.23,442.6,107619836.0
2023-06-16,442.95,443.61,438.97,439.46,112236610.0
2023-06-20,437.5,438.37,435.03,437.18,74479563.0
2023-06-21,436.28,436.99,434.33,434.94,76107497.0
2023-06-22,433.99,436.62,433.6,436.51,69599979.0
2023-06-23,432.98,435.06,432.47,433.21,90691344.0
2023-06-26,432.65,434.61,431.19,431.44,71999808.0
2023-06-27,432.38,436.81,431.88,436.17,70791782.0
2023-06-28,435.03,453.46,434.41,436.39,74728539.0
2023-06-29,435.92,438.28,435.54,438.11,66902512.0
2023-06-30,441.42,444.3,441.11,443.28,102391125.0
2023-07-03,442.96,444.08,442.63,443.79,32774781.0
2023-07-05,441.92,443.89,441.9,443.13,57605643.0
2023-07-06,439.4,440.1,437.06,439.66,79984047.0
2023-07-07,438.64,442.64,438.3,438.55,83884196.0
2023-07-10,438.18,439.84,437.58,439.66,60697826.0
2023-07-11,440.5,442.97,439.44,442.46,63303296.0
2023-07-12,446.42,447.48,444.91,446.02,89650515.0
2023-07-13,447.9,450.38,447.45,449.56,71125286.0
2023-07-14,450.56,451.36,448.49,449.28,68536729.0
2023-07-17,449.11,451.93,449.08,450.84,51699254.0
2023-07-18,450.5,454.86,450.05,454.19,79062308.0
2023-07-19,455.01,456.43,454.11,455.2,63771380.0
2023-07-20,454.12,455.1,451.44,452.18,69198371.0
2023-07-21,454.0,454.17,452.17,452.18,68154741.0
2023-07-24,453.41,455.04,452.3,454.2,52014141.0
2023-07-25,453.9,456.73,453.87,455.44,53628965.0
2023-07-26,454.49,456.99,453.38,455.51,69587810.0
2023-07-27,458.98,459.44,451.55,452.49,91535154.0
2023-07-28,455.72,457.78,452.49,456.92,78995416.0
2023-07-31,457.5,458.16,456.05,457.79,61051066.0
2023-08-01,456.25,457.25,455.49,456.48,53404506.0
2023-08-02,453.3,453.52,449.35,450.13,92408465.0
2023-08-03,448.04,450.79,447.37,448.84,62611165.0
2023-08-04,450.71,452.89,446.27,446.81,97574206.0
2023-08-07,448.57,450.86,447.99,450.71,56429946.0
2023-08-08,448.09,450.7,445.27,448.75,70646219.0
2023-08-09,449.0,449.2,444.96,445.75,76693204.0
2023-08-10,448.15,451.7,444.7,445.91,92492884.0
2023-08-11,443.94,446.7,443.35,445.65,67005143.0
2023-08-14,444.71,448.11,444.38,448.11,47085745.0
2023-08-15,446.28,446.64,442.3,442.89,74459432.0
2023-08-16,442.44,444.18,439.53,439.64,78162840.0
2023-08-17,441.19,441.43,435.75,436.29,93764141.0
2023-08-18,433.32,437.57,433.01,436.5,97013288.0
2023-08-21,437.53,440.11,435.32,439.34,68151681.0
2023-08-22,441.05,441.18,437.57,438.15,64360947.0
2023-08-23,439.15,443.67,439.1,443.03,66185127.0
2023-08-24,444.7,445.22,436.86,436.89,86629452.0
2023-08-25,438.65,441.3,435.0,439.97,100509345.0
2023-08-28,442.2,443.4,439.97,442.76,59507881.0
2023-08-29,442.62,449.45,442.46,449.16,81880534.0
2023-08-30,449.57,451.67,448.78,451.01,66704111.0
2023-08-31,451.7,452.83,450.16,450.35,64849799.0
2023-09-01,453.07,453.67,449.68,451.19,57486730.0
2023-09-05,450.75,451.06,449.17,449.24,53467620.0
2023-09-06,448.39,448.51,443.81,446.22,69696010.0
2023-09-07,443.11,445.55,442.75,444.85,67338549.0
2023-09-08,444.93,447.11,444.53,445.52,60573796.0
2023-09-11,448.12,448.77,446.47,448.45,59604826.0
2023-09-12,446.95,448.53,445.39,445.99,66392199.0
2023-09-13,446.2,447.71,445.08,446.51,58301099.0
2023-09-14,449.03,451.08,447.71,450.36,81346100.0
2023-09-15,447.17,447.48,442.92,443.37,109223898.0
2023-09-18,443.0,444.97,442.56,443.63,54184967.0
2023-09-19,442.67,443.29,439.94,442.71,64338724.0
2023-09-20,444.02,444.43,438.43,438.64,78274532.0
2023-09-21,435.71,435.97,431.23,431.39,100169249.0
2023-09-22,432.49,434.1,429.99,430.42,98052487.0
2023-09-25,429.15,432.27,428.72,432.23,69196851.0
2023-09-26,429.11,429.82,425.02,425.88,94993616.0
2023-09-27,426.95,427.67,422.29,426.05,103403477.0
2023-09-28,425.5,430.25,424.87,428.52,90064404.0
2023-09-29,431.69,431.85,425.91,427.48,112291963.0
2023-10-02,426.63,428.6,424.46,427.31,82823189.0
2023-10-03,425.04,427.37,420.18,421.59,101606904.0
2023-10-04,422.06,425.43,420.56,424.66,86131041.0
2023-10-05,424.34,425.37,421.17,424.5,69015376.0
2023-10-06,422.01,431.12,420.6,429.54,112141292.0
2023-10-09,427.54,432.88,427.01,432.29,79711219.0
2023-10-10,432.99,437.22,432.53,434.54,77067784.0
2023-10-11,435.75,436.58,433.18,436.32,61165131.0
2023-10-12,437.0,437.33,431.23,433.66,80434621.0
2023-10-13,435.2,436.45,429.88,431.5,93505056.0
2023-10-16,433.81,437.14,433.57,436.04,74430359.0
2023-10-17,432.86,438.14,432.45,436.02,74501740.0
2023-10-18,434.11,435.18,429.09,430.21,92575915.0
2023-10-19,430.89,432.82,425.73,426.43,118554773.0
2023-10-20,425.87,426.54,421.08,421.19,119729946.0
2023-10-23,419.58,424.45,417.8,420.46,91144644.0
2023-10-24,422.6,424.82,420.74,423.63,75849724.0
2023-10-25,421.92,421.92,417.02,417.55,91116749.0
2023-10-26,416.4,417.33,411.6,412.55,113082968.0
2023-10-27,414.17,414.6,409.21,410.68,106503979.0
2023-10-30,413.58,416.68,412.22,415.59,85079981.0
2023-10-31,416.25,418.53,414.21,418.2,76655403.0
2023-11-01,419.2,423.5,418.65,422.66,96591882.0
2023-11-02,426.56,430.92,426.56,430.76,91199370.0
2023-11-03,433.09,436.29,433.01,434.69,98400066.0
2023-11-06,435.46,436.15,433.68,435.69,66642345.0
2023-11-07,435.69,437.58,434.51,436.93,63441908.0
2023-11-08,437.49,438.09,434.87,437.25,60776938.0
2023-11-09,438.44,438.47,433.4,433.84,81064785.0
2023-11-10,435.87,440.93,433.83,440.61,87769261.0
2023-11-13,439.19,441.33,438.42,440.19,51305593.0
2023-11-14,446.23,450.06,446.09,448.73,94409045.0
2023-11-15,450.1,451.38,448.8,449.68,76261125.0
2023-11-16,449.23,450.56,448.12,450.23,65289032.0
2023-11-17,450.19,451.42,449.29,450.79,81787074.0
2023-11-20,450.58,455.12,450.52,454.26,67405292.0
2023-11-21,453.15,454.13,451.96,453.27,48186856.0
2023-11-22,454.89,456.38,453.89,455.02,58205780.0
2023-11-24,455.04,455.5,454.73,455.3,29717466.0
2023-11-27,454.68,455.49,454.08,454.48,49496902.0
2023-11-28,454.11,456.27,453.5,454.93,61136740.0
2023-11-29,457.14,458.32,454.2,454.61,62268608.0
2023-11-30,455.47,456.76,453.34,456.4,75760989.0
2023-12-01,455.74,459.65,455.16,459.1,84538237.0
2023-12-04,455.6,459.12,454.34,456.69,71187137.0
2023-12-05,455.28,457.59,454.87,456.6,68734255.0
2023-12-06,458.76,458.84,454.31,454.76,67701116.0
2023-12-07,456.77,458.9,456.29,458.23,65401155.0
2023-12-08,457.43,460.74,457.21,460.2,75862911.0
2023-12-11,459.71,462.17,459.47,461.99,62176862.0
2023-12-12,461.61,464.2,460.6,464.1,66811816.0
2023-12-13,464.47,470.76,464.12,470.5,88519093.0
2023-12-14,472.5,473.73,469.25,472.01,113817192.0
2023-12-15,469.6,470.7,467.43,469.33,136668034.0
2023-12-18,470.95,472.98,469.89,471.97,62146066.0
2023-12-19,472.45,474.92,472.45,474.84,52024922.0
2023-12-20,473.92,475.89,467.82,468.26,95757385.0
2023-12-21,470.98,472.98,468.84,472.7,84930566.0
2023-12-22,473.77,475.38,471.7,473.65,66245892.0
2023-12-26,474.12,476.58,473.99,475.65,54599497.0
2023-12-27,475.43,476.66,474.89,476.51,63874396.0
2023-12-28,476.81,477.55,476.26,476.69,74359398.0
2023-12-29,476.47,477.03,473.3,475.31,118621071.0
2024-01-02,472.21,473.67,470.49,472.65,120159645.0
2024-01-03,470.5,471.19,468.17,468.79,101734070.0
2024-01-04,468.35,470.96,467.05,467.28,83241934.0
2024-01-05,467.44,470.44,466.43,467.92,85553758.0
2024-01-08,468.38,474.75,468.3,474.6,74231893.0
2024-01-09,471.88,474.93,471.35,473.88,65497239.0
2024-01-10,474.16,477.45,473.87,476.56,66379526.0
2024-01-11,477.58,478.12,472.26,476.35,77366125.0
2024-01-12,477.84,478.6,475.23,476.68,57145862.0
2024-01-16,475.25,476.61,473.06,474.93,84371581.0
2024-01-17,471.84,472.79,469.87,472.29,67323533.0
2024-01-18,473.95,477.06,472.42,476.49,90480682.0
2024-01-19,477.7,482.72,476.54,482.43,108870789.0
2024-01-22,484.0,485.22,482.78,483.45,74526008.0
2024-01-23,484.07,485.11,482.89,484.86,49116044.0
2024-01-24,487.77,488.77,484.88,485.39,80222006.0
2024-01-25,487.57,488.3,485.39,488.03,71063588.0
2024-01-26,487.55,489.12,486.54,487.41,75375084.0
2024-01-29,487.68,491.42,487.17,491.27,58321024.0
2024-01-30,490.52,491.62,490.11,490.89,55825988.0
2024-01-31,488.65,489.08,482.86,482.88,123944098.0
2024-02-01,484.63,489.23,483.8,489.2,88265461.0
2024-02-02,489.62,496.05,489.3,494.35,95521723.0
2024-02-05,493.7,494.38,490.23,492.55,74480337.0
2024-02-06,493.5,494.32,492.05,493.98,54502578.0
2024-02-07,496.24,498.53,495.36,498.1,69281062.0
2024-02-08,498.1,498.71,497.26,498.32,50100645.0
2024-02-09,498.85,501.65,498.49,501.2,63221668.0
2024-02-12,501.2,503.5,500.24,500.98,55089616.0
2024-02-13,494.53,495.85,490.71,494.08,110198014.0
2024-02-14,496.7,499.07,494.4,498.57,65817552.0
2024-02-15,499.32,502.2,498.8,502.01,60113115.0
2024-02-16,501.64,502.87,498.75,499.51,73987667.0
2024-02-20,497.75,498.41,494.45,496.76,71114596.0
2024-02-21,495.5,497.37,493.56,497.21,55745988.0
2024-02-22,503.94,508.49,503.02,507.5,75175391.0
2024-02-23,509.23,510.13,507.1,507.85,60223301.0
2024-02-26,508.33,508.75,505.86,505.99,49403530.0
2024-02-27,506.7,507.16,504.75,506.93,45395604.0
2024-02-28,505.35,506.86,504.96,506.26,55355271.0
2024-02-29,507.99,509.74,505.35,508.08,82024740.0
2024-03-01,508.95,513.29,508.56,512.85,64172690.0
2024-03-04,512.06,514.2,512.0,512.3,48728053.0
2024-03-05,510.3,510.7,504.91,507.18,70988804.0
2024-03-06,510.54,512.07,508.42,509.75,66018302.0
2024-03-07,513.04,515.89,509.81,514.81,57315490.0
2024-03-08,515.5,518.22,511.13,511.72,85393100.0
2024-03-11,510.47,511.88,508.5,511.28,61404107.0
2024-03-12,513.41,517.38,510.86,516.78,70833119.0
2024-03-13,517.09,517.29,514.49,515.97,54438487.0
2024-03-14,516.96,517.12,511.82,514.95,103493184.0
2024-03-15,510.22,511.7,508.12,509.83,105549771.0
2024-03-18,514.04,515.48,512.44,512.86,81867937.0
2024-03-19,512.15,515.99,511.12,515.71,59681028.0
2024-03-20,515.8,520.62,515.08,520.48,68345375.0
2024-03-21,523.33,524.11,521.91,522.2,59459691.0
2024-03-22,522.12,522.6,520.97,521.21,65745703.0
2024-03-25,519.81,520.95,519.61,519.77,44851081.0
2024-03-26,521.25,521.58,518.4,518.81,60305140.0
2024-03-27,521.71,523.21,519.48,523.17,80287681.0
2024-03-28,523.22,524.61,522.78,523.07,89828364.0
2024-04-01,523.81,524.38,520.97,522.16,61182995.0
2024-04-02,518.24,518.98,516.48,518.84,72924463.0
2024-04-03,517.76,520.95,517.66,519.41,58385823.0
2024-04-04,523.5,523.87,512.76,513.07,95643401.0
2024-04-05,514.48,520.44,514.01,518.43,73736571.0
2024-04-08,519.14,520.18,517.89,518.72,47850048.0
2024-04-09,520.5,520.75,514.35,519.32,67283576.0
2024-04-10,513.51,516.16,512.09,514.12,81577487.0
2024-04-11,515.67,519.48,512.08,518.0,69305574.0
2024-04-12,514.45,515.82,509.08,510.85,91879566.0
2024-04-15,515.16,515.3,503.58,504.45,90606660.0
2024-04-16,504.95,506.5,502.21,503.53,72400219.0
2024-04-17,506.09,506.22,499.12,500.55,74741962.0
2024-04-18,501.99,504.13,498.56,499.52,72845403.0
2024-04-19,499.37,500.45,493.86,495.16,100912760.0
2024-04-22,497.88,502.38,495.43,499.72,66236019.0
2024-04-23,501.8,506.09,499.53,505.65,63697229.0
2024-04-24,506.55,507.37,503.13,505.41,54481776.0
2024-04-25,499.2,504.27,497.49,503.49,66538142.0
2024-04-26,506.43,509.88,505.7,508.26,62176044.0
2024-04-29,510.07,510.75,507.25,510.06,45783455.0
2024-04-30,508.54,509.56,501.98,501.98,75192546.0
2024-05-01,501.33,508.19,499.86,500.35,78542071.0
2024-05-02,504.1,505.89,499.55,505.03,60877409.0
2024-05-03,511.13,512.55,508.56,511.29,72045329.0
2024-05-06,513.79,516.61,513.3,516.57,46033357.0
2024-05-07,517.52,518.57,516.45,517.14,51742917.0
2024-05-08,515.3,517.74,515.14,517.19,40157211.0
2024-05-09,517.34,520.21,516.71,520.17,43059261.0
2024-05-10,521.82,522.64,519.59,520.84,50387382.0
2024-05-13,522.54,522.67,519.74,520.91,36085600.0
2024-05-14,521.01,523.83,520.56,523.3,56365422.0
2024-05-15,525.83,530.08,525.18,529.78,58900735.0
2024-05-16,529.86,531.52,528.54,528.69,49221102.0
2024-05-17,528.85,529.52,527.32,529.45,58651753.0
2024-05-20,529.61,531.56,529.17,530.06,37418465.0
2024-05-21,529.33,531.52,529.07,531.36,32802542.0
2024-05-22,530.69,531.38,527.6,529.83,45962162.0
2024-05-23,532.9,533.07,524.72,525.96,55990086.0
2024-05-24,527.87,530.27,526.88,529.44,40036586.0
2024-05-28,530.21,530.51,527.11,529.81,35573423.0
2024-05-29,525.74,527.31,525.37,526.1,43129960.0
2024-05-30,524.48,525.2,521.33,522.61,45034908.0
2024-05-31,523.65,527.5,518.36,527.37,84222698.0
2024-06-03,529.01,529.31,522.6,527.8,45408335.0
2024-06-04,526.47,529.15,524.96,528.39,33898396.0
2024-06-05,530.76,534.69,528.73,534.67,46160691.0
2024-06-06,535.0,535.42,532.68,534.66,30312993.0
2024-06-07,533.7,536.89,532.53,534.01,42097420.0
2024-06-10,533.24,535.99,532.57,535.66,34461008.0
2024-06-11,534.09,537.01,532.05,536.95,35421072.0
2024-06-12,541.59,544.12,540.3,541.36,60219776.0
2024-06-13,543.14,543.33,539.59,542.45,44343450.0
2024-06-14,540.84,542.81,539.85,542.78,38344720.0
2024-06-17,542.11,548.53,541.61,547.1,54961233.0
2024-06-18,547.15,548.62,546.73,548.49,40571828.0
2024-06-20,549.48,550.12,545.18,547.0,69434602.0
2024-06-21,544.33,545.65,543.02,544.51,60831675.0
2024-06-24,544.42,546.95,542.62,542.74,43935431.0
2024-06-25,544.0,545.2,542.44,544.83,36935186.0
2024-06-26,543.64,546.24,543.03,545.51,37571392.0
2024-06-27,545.39,546.96,544.61,546.37,34111036.0
2024-06-28,547.15,550.28,542.95,544.22,72887377.0
2024-07-01,545.61,545.88,542.52,545.34,38160909.0
2024-07-02,543.72,549.01,543.65,549.01,39614178.0
2024-07-03,548.66,551.83,548.65,551.46,32739853.0
2024-07-05,551.74,555.05,551.12,554.64,40781345.0
2024-07-08,555.44,556.25,554.19,555.28,35422764.0
2024-07-09,556.26,557.18,555.52,555.82,26990024.0
2024-07-10,557.13,561.67,556.77,561.32,38121194.0
2024-07-11,561.45,562.33,555.83,556.48,52392231.0
2024-07-12,557.69,563.67,557.15,559.99,52128531.0
2024-07-15,561.97,564.84,559.63,561.53,39483820.0
2024-07-16,562.9,565.16,562.1,564.86,35974769.0
2024-07-17,558.89,560.51,556.61,556.94,56244750.0
2024-07-18,558.54,559.52,550.43,552.66,55506932.0
2024-07-19,552.43,554.08,547.91,548.99,59667552.0
2024-07-22,553.02,555.27,551.02,554.65,41180099.0
2024-07-23,554.55,556.73,553.28,553.78,33456000.0
2024-07-24,548.83,549.17,540.29,541.23,72836410.0
2024-07-25,541.32,547.46,537.45,538.41,60347485.0
2024-07-26,542.35,547.19,541.49,544.44,53241170.0
2024-07-29,546.08,547.05,542.72,544.76,38315157.0
2024-07-30,546.2,547.34,538.52,542.0,45458263.0
2024-07-31,549.0,553.5,547.58,550.81,63840466.0
2024-08-01,552.56,554.87,539.43,543.01,74532015.0
2024-08-02,535.58,536.99,528.6,532.9,81478692.0
2024-08-05,511.77,523.58,510.27,517.38,141451109.0
2024-08-06,519.42,529.75,517.87,522.15,81568199.0
2024-08-07,528.58,531.59,518.05,518.66,67024229.0
2024-08-08,523.99,531.29,521.84,530.65,61815209.0
2024-08-09,529.81,534.51,528.56,532.99,44609212.0
2024-08-12,534.26,535.73,530.95,533.27,42008771.0
2024-08-13,536.67,542.28,536.28,542.04,50926936.0
2024-08-14,542.86,544.96,540.12,543.75,41792871.0
2024-08-15,549.5,553.36,548.88,553.07,59281252.0
2024-08-16,551.29,555.02,551.26,554.31,43590764.0
2024-08-19,554.71,559.61,553.86,559.61,37497121.0
2024-08-20,559.17,560.84,557.33,558.7,32539060.0
2024-08-21,559.74,562.11,554.73,560.62,40818549.0
2024-08-22,562.54,563.18,554.98,556.22,54650969.0
2024-08-23,559.55,563.09,557.29,562.13,49960836.0
2024-08-26,563.15,563.91,559.05,560.79,35044529.0
2024-08-27,559.47,562.06,558.32,561.56,32147851.0
2024-08-28,561.18,561.65,555.04,558.3,38788267.0
2024-08-29,560.28,563.68,557.18,558.35,38191762.0
2024-08-30,560.74,564.2,557.14,563.68,58049664.0
2024-09-03,560.42,560.81,549.51,552.08,59558097.0
2024-09-04,550.22,554.43,549.46,550.95,46232483.0
2024-09-05,550.85,553.8,547.1,549.61,43167887.0
2024-09-06,549.88,551.6,539.44,540.36,66093048.0
2024-09-09,544.7,547.71,542.68,546.41,39518448.0
2024-09-10,548.31,549.15,543.38,548.79,36080604.0
2024-09-11,548.72,555.36,539.96,554.42,73815702.0
2024-09-12,554.95,559.4,552.74,559.09,50604802.0
2024-09-13,559.69,563.03,559.45,562.01,38301896.0
2024-09-16,561.74,563.11,559.9,562.84,36132941.0
2024-09-17,565.06,566.58,560.79,563.07,45247231.0
2024-09-18,563.71,568.69,560.83,561.4,56409133.0
2024-09-19,571.04,572.88,568.08,570.98,74630711.0
2024-09-20,567.9,569.31,565.17,568.25,69666830.0
2024-09-23,569.39,570.33,568.1,569.67,40979968.0
2024-09-24,570.5,571.36,567.6,571.3,46001979.0
2024-09-25,571.19,571.89,568.91,570.04,37682308.0
2024-09-26,574.49,574.71,569.9,572.3,44788926.0
2024-09-27,573.42,574.22,570.42,571.47,41082707.0
2024-09-30,570.5,574.38,568.08,573.76,59333099.0
2024-10-01,573.41,574.06,566.0,568.62,70827736.0
2024-10-02,567.73,569.9,565.27,568.86,36967857.0
2024-10-03,567.39,569.8,565.49,567.82,40287653.0
2024-10-04,572.39,573.36,568.1,572.98,42230285.0
2024-10-07,571.3,571.96,566.63,567.8,49223895.0
2024-10-08,570.44,573.78,569.53,573.17,36429755.0
2024-10-09,573.18,577.71,572.55,577.14,37406872.0
2024-10-10,575.87,577.58,574.49,576.13,43611145.0
2024-10-11,576.03,580.33,575.91,579.58,41264272.0
2024-10-14,581.23,585.27,580.73,584.32,35217476.0
2024-10-15,584.67,584.9,578.54,579.78,47402061.0
2024-10-16,579.8,582.83,578.96,582.3,30296799.0
2024-10-17,585.97,586.12,582.16,582.35,33610806.0
2024-10-18,584.09,585.39,582.58,584.59,36127472.0
2024-10-21,583.91,584.85,580.6,583.63,34503903.0
2024-10-22,581.14,584.5,580.38,583.32,33174301.0
2024-10-23,581.34,581.71,574.41,577.99,47444991.0
2024-10-24,580.03,580.06,576.57,579.24,33160944.0
2024-10-25,581.58,584.46,578.08,579.04,45757419.0
2024-10-28,582.51,582.71,580.52,580.83,29337296.0
2024-10-29,579.91,582.91,578.43,581.77,40722937.0
2024-10-30,581.33,583.32,579.29,580.01,39237246.0
2024-10-31,575.63,575.63,568.44,568.64,57947362.0
2024-11-01,571.25,575.55,570.62,571.04,44228381.0
2024-11-04,571.19,572.5,567.89,569.81,36796739.0
2024-11-05,570.81,576.74,570.52,576.7,38000543.0
2024-11-06,589.31,591.93,585.39,591.04,65815484.0
2024-11-07,593.09,596.65,593.0,595.61,45649265.0
2024-11-08,596.2,599.64,596.16,598.19,40952991.0
2024-11-11,599.88,600.17,597.0,598.76,35784571.0
2024-11-12,598.72,599.29,594.37,596.9,41719731.0
2024-11-13,597.36,599.23,594.96,597.19,45605510.0
2024-11-14,597.31,597.81,592.65,593.35,37817924.0
2024-11-15,589.77,590.2,583.86,585.75,72652834.0
2024-11-18,586.24,589.49,585.34,588.15,36388395.0
2024-11-19,584.74,591.04,584.03,590.3,48259825.0
2024-11-20,590.32,590.79,584.63,590.5,48073642.0
2024-11-21,593.39,595.12,587.45,593.67,42967996.0
2024-11-22,593.64,596.15,593.15,595.51,33260619.0
2024-11-25,599.51,600.86,595.2,597.53,41092134.0
2024-11-26,598.82,601.33,598.07,600.65,42537923.0
2024-11-27,600.51,600.85,597.28,598.83,33499381.0
2024-11-29,599.58,603.35,599.38,602.55,30094836.0
2024-12-02,603.02,604.32,602.47,603.63,30605535.0
2024-12-03,603.4,604.16,602.34,603.91,26008554.0
2024-12-04,605.66,607.91,604.95,607.66,40249897.0
2024-12-05,607.65,608.48,606.3,606.66,27178946.0
2024-12-06,607.38,609.07,607.02,607.81,27993515.0
2024-12-09,607.74,607.86,604.08,604.68,32137818.0
2024-12-10,605.4,605.8,602.13,602.8,35643406.0
2024-12-11,605.77,608.43,605.5,607.46,27372564.0
2024-12-12,606.64,607.16,604.33,604.33,29421610.0
2024-12-13,606.38,607.13,602.81,604.21,33924858.0
2024-12-16,606.01,607.78,605.21,606.79,40451733.0
2024-12-17,604.19,605.17,602.89,604.29,52177469.0
2024-12-18,604.0,606.41,585.89,586.28,91570361.0
2024-12-19,591.43,593.0,585.85,586.1,82326585.0
2024-12-20,581.83,595.75,580.91,591.15,117168760.0
2024-12-23,590.92,595.3,587.66,594.69,54094232.0
2024-12-24,596.1,601.34,595.47,601.3,33114669.0
2024-12-26,599.48,602.48,598.08,601.34,36510872.0
2024-12-27,597.5,597.78,590.76,595.01,62831193.0
2024-12-30,587.9,591.74,584.41,588.22,54753712.0
2024-12-31,589.96,590.64,584.42,586.08,55927173.0
2025-01-02,589.38,591.13,580.5,584.64,48915543.0
2025-01-03,587.52,592.6,586.43,591.95,36288221.0
2025-01-06,596.23,599.7,593.6,595.36,46661649.0
2025-01-07,597.39,597.75,586.78,588.63,58722623.0
2025-01-08,588.77,590.58,585.2,589.49,45818084.0
2025-01-10,585.8,585.95,578.55,580.49,72156027.0
2025-01-13,575.74,581.75,575.35,581.39,46589692.0
2025-01-14,584.34,585.0,578.35,582.19,47214875.0
2025-01-15,590.27,593.94,589.2,592.78,55377798.0
2025-01-16,594.11,594.35,590.93,591.64,43194353.0
2025-01-17,596.92,599.36,595.61,597.58,54121798.0
2025-01-21,600.69,603.06,598.67,603.05,40778214.0
2025-01-22,605.93,607.82,605.36,606.44,46902794.0
2025-01-23,605.7,609.75,605.52,609.75,37594468.0
2025-01-24,609.77,610.78,606.8,607.97,33971559.0
2025-01-27,594.78,599.69,594.64,599.37,67514429.0
2025-01-28,600.53,605.37,597.25,604.52,43072683.0
2025-01-29,603.85,604.13,599.22,601.81,35631049.0
2025-01-30,604.01,606.6,600.72,605.04,36575953.0
2025-01-31,607.44,609.96,601.05,601.82,65444211.0
2025-02-03,592.55,600.29,590.49,597.77,62704283.0
2025-02-04,597.82,602.3,597.28,601.78,31381700.0
2025-02-05,600.64,604.37,598.58,604.22,29895604.0
2025-02-06,605.93,606.45,602.63,606.32,34247581.0
2025-02-07,606.83,608.13,600.05,600.77,49457905.0
2025-02-10,604.0,605.5,602.74,604.85,25152692.0
2025-02-11,602.5,605.86,602.43,605.31,29210772.0
2025-02-12,599.3,604.55,598.51,603.36,44556145.0
2025-02-13,604.48,609.94,603.2,609.73,40177423.0
2025-02-14,609.99,610.99,609.07,609.7,25990011.0
2025-02-18,610.86,611.49,608.38,611.49,25808324.0
2025-02-19,610.04,613.23,609.56,612.93,30368687.0
2025-02-20,611.51,611.68,607.02,610.38,35837622.0
2025-02-21,610.24,610.3,599.47,599.94,74542492.0
2025-02-24,601.98,603.03,596.49,597.21,49702802.0
2025-02-25,597.2,597.89,589.56,594.24,56449913.0
2025-02-26,596.02,599.58,591.86,594.54,41259533.0
2025-02-27,596.82,598.02,584.65,585.05,70622142.0
2025-02-28,585.57,594.72,582.44,594.18,83945661.0
2025-03-03,596.11,597.34,579.9,583.77,71937236.0
2025-03-04,579.62,585.39,572.25,576.86,103773431.0
2025-03-05,576.73,584.88,573.08,583.06,69604553.0
2025-03-06,575.47,580.17,570.12,572.71,77625033.0
2025-03-07,570.87,577.39,565.63,575.92,79951455.0
2025-03-10,567.6,569.54,555.59,560.58,95171509.0
2025-03-11,559.46,564.02,552.02,555.92,86447459.0
2025-03-12,562.22,563.11,553.69,558.87,66163912.0
2025-03-13,558.5,559.1,549.68,551.42,70988674.0
2025-03-14,556.17,563.83,551.49,562.81,60667538.0
2025-03-17,562.75,569.71,562.35,567.15,48143159.0
2025-03-18,564.78,565.02,559.06,561.02,62354714.0
2025-03-19,562.85,570.95,561.63,567.13,58979615.0
2025-03-20,563.31,570.57,562.6,565.49,61331803.0
2025-03-21,559.43,564.89,558.03,563.98,79955040.0
2025-03-24,570.78,575.15,570.2,574.08,55002477.0
2025-03-25,575.26,576.41,573.69,575.46,37032573.0
2025-03-26,575.19,576.33,567.19,568.59,50107180.0
2025-03-27,567.18,570.9,564.94,567.08,41169729.0
2025-03-28,565.48,566.27,555.07,555.66,70481900.0
2025-03-31,549.88,560.71,546.87,559.39,93664659.0
2025-04-01,557.48,562.94,553.68,560.97,52530086.0
2025-04-02,555.0,567.42,554.81,564.52,57080435.0
2025-04-03,545.07,547.97,536.7,536.7,123190685.0
2025-04-04,523.65,525.87,505.06,505.28,208222993.0
2025-04-07,489.23,523.17,481.8,504.38,251062204.0
2025-04-08,521.98,524.98,489.16,496.48,157333876.0
2025-04-09,493.5,548.62,493.05,548.62,235129591.0
2025-04-10,532.25,533.49,509.32,524.58,159395481.0
2025-04-11,523.12,536.43,520.07,533.94,93789826.0
2025-04-14,544.0,544.28,533.86,539.12,66488239.0
2025-04-15,539.61,543.23,536.81,537.61,54398379.0
2025-04-16,531.74,537.89,520.29,525.66,80669825.0
2025-04-17,527.5,531.16,523.91,526.41,74878410.0
2025-04-21,521.11,521.7,508.46,513.88,67896519.0
2025-04-22,520.1,529.3,519.19,527.25,69654836.0
2025-04-23,540.39,545.43,533.88,535.42,87290894.0
2025-04-24,536.76,547.43,535.45,546.69,61745029.0
2025-04-25,546.87,551.05,543.69,550.64,58062920.0
2025-04-28,551.34,553.55,545.02,550.85,46571581.0
2025-04-29,549.11,555.45,548.55,554.32,46104213.0
2025-04-30,547.58,556.52,541.52,554.54,86877923.0
2025-05-01,560.37,564.07,557.86,558.47,60477472.0
2025-05-02,564.65,568.38,562.38,566.76,57271947.0
2025-05-05,562.57,566.65,561.7,563.51,37729637.0
2025-05-06,557.89,563.35,556.96,558.8,44958209.0
2025-05-07,560.12,563.82,556.04,561.15,54822785.0
2025-05-08,565.3,570.31,561.7,565.06,62648431.0
2025-05-09,566.41,567.5,562.76,564.34,36664070.0
2025-05-12,581.53,583.0,577.04,582.99,75508428.0
2025-05-13,583.39,589.08,582.84,586.84,66315746.0
2025-05-14,587.83,588.98,585.53,587.59,64094139.0
2025-05-15,585.59,590.97,585.1,590.46,70555497.0
2025-05-16,591.2,594.5,589.28,594.2,71977042.0
2025-05-19,588.18,595.54,588.1,594.85,66647825.0
2025-05-20,593.12,594.05,589.6,592.85,59322975.0
2025-05-21,588.5,592.58,581.82,582.86,93611817.0
2025-05-22,582.65,586.62,581.41,583.09,69403632.0
2025-05-23,575.81,581.81,575.6,579.11,74614270.0
2025-05-27,586.14,591.31,578.43,591.15,71089726.0
2025-05-28,591.52,592.77,586.98,587.73,64669491.0
2025-05-29,593.13,593.2,586.07,590.05,68997652.0
2025-05-30,588.9,591.13,583.23,589.39,88845647.0
2025-06-02,587.75,592.79,585.06,592.71,60673884.0
2025-06-03,592.39,597.08,591.85,596.09,63028621.0
2025-06-04,597.0,597.95,595.49,595.93,56701557.0
2025-06-05,597.64,599.0,591.05,593.05,90853773.0
2025-06-06,598.6,600.83,596.86,599.14,65734641.0
2025-06-09,599.71,601.25,598.49,599.68,51676756.0
2025-06-10,600.24,603.47,599.09,603.08,62231260.0
2025-06-11,604.14,605.06,599.27,601.36,72345682.0
2025-06-12,600.05,603.75,599.52,603.75,61631070.0
2025-06-13,598.51,601.85,595.48,597.0,88077920.0
2025-06-16,600.43,604.45,600.22,602.68,73994697.0
2025-06-17,600.17,601.75,596.76,597.53,78737518.0
2025-06-18,598.45,601.22,596.47,597.44,74555797.0
2025-06-20,598.47,599.46,592.86,594.28,92135960.0
2025-06-23,594.96,600.54,591.89,600.15,85443239.0
2025-06-24,604.36,607.85,603.41,606.78,65876612.0
2025-06-25,607.97,608.61,605.54,607.12,59574666.0
2025-06-26,608.95,612.31,608.37,611.87,76678061.0
2025-06-27,612.94,616.39,610.83,614.91,84925550.0
2025-06-30,617.43,619.22,615.04,617.85,91383271.0
2025-07-01,616.33,618.83,615.52,617.65,69152619.0
2025-07-02,617.27,620.49,616.61,620.45,65446674.0
2025-07-03,622.54,626.28,622.43,625.34,50992385.0
2025-07-07,623.31,624.03,617.87,620.68,72338115.0
2025-07-08,621.39,622.11,619.52,620.34,58354838.0
2025-07-09,622.73,624.72,620.91,624.06,65054948.0
2025-07-10,624.21,626.87,623.01,625.82,56710373.0
2025-07-11,622.78,624.86,621.53,623.62,62772384.0
2025-07-14,623.2,625.16,621.8,624.81,50987600.0
2025-07-15,627.84,627.86,622.06,622.14,72082794.0
2025-07-16,623.76,624.73,618.05,624.22,88025247.0
2025-07-17,624.42,628.4,624.18,628.04,68120945.0
2025-07-18,629.32,629.47,626.46,627.58,61048183.0
2025-07-21,628.74,631.54,628.34,628.77,62246399.0
2025-07-22,629.05,629.73,626.19,628.86,58980405.0
2025-07-23,631.53,634.21,629.73,634.21,69270588.0
2025-07-24,634.65,636.15,633.99,634.42,70089283.0
2025-07-25,635.12,637.58,634.84,637.1,55876018.0
2025-07-28,637.8,638.04,635.54,636.94,54222011.0
2025-07-29,638.36,638.67,634.34,635.26,59588731.0
2025-07-30,636.0,637.68,631.54,634.46,77446461.0
2025-07-31,639.55,639.85,630.77,632.08,100137056.0
2025-08-01,626.26,626.34,619.29,621.72,138472786.0
2025-08-04,625.67,631.22,625.58,631.17,71183795.0
2025-08-05,631.77,632.61,627.04,627.97,66894852.0
2025-08-06,629.09,633.44,628.13,632.78,62632558.0
2025-08-07,636.22,636.98,629.11,632.25,72870868.0
2025-08-08,634.15,637.65,633.74,637.18,61602384.0
2025-08-11,637.49,638.95,634.66,635.92,57804853.0
2025-08-12,638.28,642.85,636.79,642.69,63360108.0
2025-08-13,644.91,646.19,642.68,644.89,59439319.0
2025-08-14,642.84,645.62,642.34,644.95,55146270.0
2025-08-15,646.0,646.09,642.52,643.44,67544721.0
2025-08-18,642.86,644.0,642.18,643.3,43202809.0
2025-08-19,643.1,644.1,638.48,639.81,68564032.0
2025-08-20,639.4,639.66,632.95,638.11,87762705.0
2025-08-21,636.28,637.97,633.81,635.55,54277838.0
2025-08-22,637.72,646.5,637.25,645.31,83172656.0
2025-08-25,644.04,645.29,642.35,642.47,50560992.0
2025-08-26,642.13,645.51,641.57,645.16,50872260.0
2025-08-27,644.55,647.37,644.42,646.63,45183065.0
2025-08-28,647.25,649.48,645.34,648.92,60719324.0
2025-08-29,647.49,647.84,643.14,645.05,71940522.0
2025-09-02,637.51,640.49,634.92,640.27,80019452.0
2025-09-03,642.67,644.21,640.46,643.74,69428091.0
2025-09-04,644.44,649.15,643.51,649.12,63433117.0
2025-09-05,651.39,652.21,643.33,647.24,83815279.0
2025-09-08,648.77,649.84,647.23,648.83,62130181.0
2025-09-09,649.0,650.86,647.22,650.33,57531997.0
2025-09-10,653.61,654.55,650.63,652.21,77057006.0
2025-09-11,654.14,658.33,653.59,657.63,68740921.0
2025-09-12,657.62,659.11,656.9,657.41,72039613.0
2025-09-15,659.58,661.04,659.34,660.91,63099291.0
2025-09-16,661.49,661.78,659.21,660.0,59692500.0
2025-09-17,660.04,661.72,654.3,659.18,88793916.0
2025-09-18,661.93,664.89,660.27,662.26,88815447.0
2025-09-19,662.37,664.55,660.37,663.7,94144369.0
2025-09-22,662.22,667.29,662.17,666.84,68040205.0
2025-09-23,666.72,667.34,661.98,663.21,80280406.0
2025-09-24,664.49,664.61,659.67,661.1,66965024.0
2025-09-25,657.98,659.41,654.41,658.05,88663269.0
2025-09-26,659.51,662.37,657.88,661.82,67824499.0
2025-09-29,664.34,665.28,661.86,663.68,72704995.0
2025-09-30,662.92,666.65,661.61,666.18,75902426.0
2025-10-01,663.2,669.37,663.06,668.45,71157225.0
2025-10-02,670.44,670.57,666.78,669.22,56033813.0
2025-10-03,670.02,672.67,668.16,669.21,69684448.0
2025-10-06,671.6,672.51,669.46,671.61,52936665.0
2025-10-07,672.55,672.99,667.67,669.12,70557249.0
2025-10-08,670.34,673.21,669.42,673.11,59917080.0
2025-10-09,673.52,673.94,669.21,671.16,65413053.0
2025-10-10,672.12,673.95,652.84,653.02,147950040.0
2025-10-13,660.67,665.13,659.77,663.04,78879927.0
2025-10-14,657.29,665.83,653.17,662.23,87241136.0
2025-10-15,666.78,670.23,658.93,665.17,80253893.0
2025-10-16,666.89,668.71,657.11,660.64,108416923.0
2025-10-17,659.38,665.76,658.14,664.39,93182307.0
2025-10-20,667.3,672.21,667.27,671.3,59488800.0
2025-10-21,671.49,672.99,669.98,671.29,54043909.0
2025-10-22,671.99,672.0,663.3,667.8,79365121.0
2025-10-23,668.1,672.71,667.8,671.76,64827945.0
2025-10-24,676.44,678.47,675.65,677.25,68329894.0
2025-10-27,682.73,685.54,682.11,685.24,61224473.0
2025-10-28,687.03,688.91,684.83,687.06,60815685.0
2025-10-29,688.75,689.7,682.87,687.39,82229916.0
2025-10-30,683.84,685.94,679.83,679.83,73048109.0
2025-10-31,685.07,685.08,679.24,682.06,80268705.0
2025-11-03,685.64,685.8,679.94,683.34,55509562.0
2025-11-04,676.13,679.96,674.58,675.24,75083805.0
2025-11-05,675.04,680.86,674.17,677.58,72763485.0
2025-11-06,676.53,677.38,668.72,670.31,82616000.0
2025-11-07,667.98,671.08,661.21,670.97,98451341.0
2025-11-10,677.23,682.18,675.03,681.44,73030603.0
2025-11-11,679.94,683.57,678.73,683.0,57597914.0
2025-11-12,684.85,684.96,680.95,683.38,59897751.0
2025-11-13,680.48,680.86,670.52,672.04,100583384.0
2025-11-14,665.45,675.66,663.27,671.93,95870313.0
2025-11-17,669.64,673.71,662.17,665.67,87644620.0
2025-11-18,662.13,665.12,655.86,660.08,112211875.0
2025-11-19,660.77,667.34,658.74,662.63,89557703.0
2025-11-20,672.9,675.56,651.89,652.53,158135220.0
2025-11-21,655.01,664.55,650.85,659.03,121486285.0
2025-11-24,662.72,670.06,661.59,668.73,71002447.0
2025-11-25,668.68,676.21,664.48,675.02,79945622.0
2025-11-26,677.63,681.7,676.72,679.68,70764516.0
2025-11-28,680.95,683.66,680.5,683.39,49063416.0
2025-12-01,678.8,682.99,678.74,680.27,59124176.0
2025-12-02,681.88,683.82,679.33,681.53,61864253.0
2025-12-03,680.57,684.91,679.69,683.89,56313318.0
2025-12-04,685.37,685.37,681.34,684.39,60823130.0
2025-12-05,685.45,688.39,684.58,685.69,77072369.0
2025-12-08,686.47,686.64,681.57,683.63,53033654.0
2025-12-09,683.12,685.39,682.59,683.04,56313923.0
2025-12-10,682.51,688.97,681.31,687.57,82888360.0
2025-12-11,685.11,689.25,682.16,689.17,82779494.0
2025-12-12,688.17,688.88,679.17,681.76,105824350.0
2025-12-15,685.7,685.76,679.25,680.73,88770233.0
2025-12-16,679.14,681.08,674.98,678.87,99964668.0
2025-12-17,679.81,680.43,671.2,671.4,104630622.0
2025-12-18,677.59,680.74,674.9,676.47,106819719.0
2025-12-19,676.57,681.09,676.47,680.59,97487288.0
2025-12-22,683.88,685.36,680.59,684.83,64201440.0
2025-12-23,683.94,688.2,683.87,687.96,62955033.0
2025-12-24,687.92,690.83,687.8,690.38,39411543.0
2025-12-26,690.68,691.66,689.27,690.31,41057025.0
2025-12-29,687.53,689.2,686.07,687.85,61706696.0
2025-12-30,687.43,688.55,686.58,687.01,46358197.0
2025-12-31,687.11,687.36,681.71,681.92,72008086.0
2026-01-02,685.67,686.87,679.82,683.17,88650762.0
2026-01-05,686.52,689.43,686.38,687.72,71058413.0
2026-01-06,687.86,692.32,687.78,691.81,67875696.0
2026-01-07,692.17,693.96,689.32,689.58,74969751.0
2026-01-08,688.76,690.61,687.49,689.51,62774728.0
2026-01-09,690.67,695.31,689.18,694.07,72826355.0
2026-01-12,690.71,696.09,690.63,695.16,62593979.0
2026-01-13,695.46,696.09,691.35,693.77,76656439.0
2026-01-14,691.04,691.72,686.04,690.36,92893624.0
2026-01-15,694.59,695.45,691.25,692.24,75819311.0
2026-01-16,693.63,694.25,690.1,691.66,76903466.0
2026-01-20,681.54,684.77,676.57,677.58,107178877.0
2026-01-21,679.73,688.73,678.13,685.4,126530565.0
2026-01-22,689.94,691.12,686.92,688.98,75697169.0
2026-01-23,688.17,690.96,687.16,689.23,61771413.0
2026-01-26,690.51,694.13,689.92,692.73,58165611.0
2026-01-27,694.18,696.53,693.57,695.49,54124395.0
2026-01-28,697.1,697.84,693.94,695.42,59071001.0
2026-01-29,696.22,697.06,684.83,694.04,95500334.0
2026-01-30,691.71,694.21,687.12,691.97,97702190.0
2026-02-02,689.62,696.93,689.42,695.41,77975410.0
2026-02-03,696.27,696.96,684.03,689.53,105889540.0
2026-02-04,690.35,691.45,681.76,686.19,103079525.0
2026-02-05,680.68,683.69,675.79,677.62,110161190.0
2026-02-06,681.36,692.31,680.85,690.62,87232447.0
2026-02-09,689.62,695.87,688.34,693.95,71637526.0
2026-02-10,694.89,696.54,691.66,692.12,63745073.0
2026-02-11,696.47,697.14,689.18,691.96,75712046.0
2026-02-12,694.23,695.35,680.37,681.27,116327938.0
2026-02-13,681.57,686.28,677.52,681.75,95173843.0
2026-02-17,680.14,684.94,675.78,682.85,79500151.0
2026-02-18,684.09,689.15,682.83,686.29,71963120.0
2026-02-19,683.85,686.18,681.55,684.48,56915367.0
2026-02-20,682.33,690.06,681.73,689.43,98209850.0
2026-02-23,687.81,690.0,680.37,682.39,89034828.0
2026-02-24,681.96,688.35,680.0,687.35,72844106.0
2026-02-25,690.21,693.68,690.1,693.15,53812410.0
2026-02-26,693.3,693.3,684.35,689.3,69129656.0
2026-02-27,682.94,686.86,681.64,685.99,81721644.0
2026-03-02,678.62,688.62,678.02,686.38,83702843.0
2026-03-03,674.95,682.61,669.66,680.33,102605669.0
2026-03-04,681.58,687.09,679.62,685.13,76313658.0
2026-03-05,682.13,685.53,675.61,681.31,104087784.0
2026-03-06,673.47,676.11,669.76,672.38,98736317.0
2026-03-09,666.3,679.92,662.39,678.27,99959117.0
2026-03-10,677.74,683.36,674.76,677.18,80279456.0
2026-03-11,677.67,680.08,673.34,676.33,63425218.0
2026-03-12,671.18,671.65,665.87,666.06,98690354.0
2026-03-13,669.25,672.34,661.36,662.29,94866656.0
2026-03-16,668.45,672.07,667.12,669.03,80506776.0
2026-03-17,672.38,674.44,669.7,670.79,81793720.0
2026-03-18,668.29,669.72,661.19,661.43,79360782.0
2026-03-19,656.81,662.98,655.17,659.8,109283540.0
2026-03-20,656.43,656.69,644.72,648.57,143967677.0
2026-03-23,658.09,662.61,653.94,655.38,125203661.0
2026-03-24,651.35,657.03,649.88,653.18,89460416.0
2026-03-25,658.69,660.89,654.24,656.82,89261960.0
2026-03-26,652.04,654.85,644.82,645.09,92893447.0
2026-03-27,642.58,642.66,633.1,634.09,100775544.0
2026-03-30,640.01,640.37,629.28,631.97,97652600.0
2026-03-31,639.05,651.54,637.98,650.34,145533744.0
2026-04-01,653.74,658.52,653.0,655.24,95382970.0
2026-04-02,646.46,658.2,645.11,655.83,65882549.0
2026-04-06,655.8,659.72,655.52,658.93,37353560.0
2026-04-07,656.67,659.61,651.06,659.22,62208955.0
2026-04-08,676.76,677.08,671.46,676.01,92257690.0
2026-04-09,674.78,681.16,673.77,679.91,55501182.0
2026-04-10,681.26,682.03,678.45,679.46,40895299.0
2026-04-13,677.37,686.3,676.58,686.1,52151045.0
2026-04-14,687.73,694.58,687.66,694.46,59884591.0
2026-04-15,695.3,700.28,694.2,699.94,56509351.0
2026-04-16,701.13,702.78,698.53,701.66,48775501.0
2026-04-17,706.16,712.39,705.76,710.14,69182897.0
2026-04-20,708.77,709.91,706.14,708.72,41604141.0
2026-04-21,710.17,711.28,702.64,704.08,54441544.0
2026-04-22,709.17,711.45,708.22,711.21,41070414.0
2026-04-23,709.33,712.36,702.28,708.45,54956301.0
2026-04-24,710.95,714.47,709.01,713.94,43823028.0
2026-04-27,713.13,715.63,712.29,715.17,32359176.0
2026-04-28,711.73,712.88,709.25,711.69,41842182.0
2026-04-29,710.91,712.2,708.37,711.58,37071035.0
2026-04-30,714.71,719.79,710.45,718.66,61519876.0
2026-05-01,721.23,724.87,720.47,720.65,41775214.0
2026-05-04,720.09,722.12,714.99,718.01,51302826.0
2026-05-05,721.8,725.04,721.49,723.77,34844514.0
2026-05-06,728.03,734.59,727.82,733.83,51135714.0
2026-05-07,735.1,736.13,729.75,731.58,47972196.0
2026-05-08,734.89,738.08,734.57,737.62,44821244.0
2026-05-11,736.5,740.79,736.45,739.3,42679782.0
2026-05-12,737.03,738.84,731.83,738.18,49452298.0
2026-05-13,738.46,743.91,735.47,742.31,41625444.0
2026-05-14,743.62,749.53,743.56,748.17,42098557.0
2026-05-15,741.81,743.46,737.96,739.17,57604856.0
2026-05-18,739.86,741.41,733.39,738.65,45667014.0
2026-05-19,734.91,737.65,731.53,733.73,52582844.0
2026-05-20,735.68,741.87,733.89,741.25,43381500.0
2026-05-21,738.69,744.87,737.03,742.72,41598232.0
2026-05-22,746.1,748.94,744.48,745.64,35854526.0
2026-05-26,750.14,752.13,748.37,750.59,40044562.0
2026-05-27,750.92,751.38,748.22,750.46,39724615.0
2026-05-28,750.28,755.15,749.23,754.6,39083714.0
2026-05-29,755.94,758.08,754.69,756.48,51026480.0
2026-06-01,755.28,760.28,754.69,758.54,42990170.0
2026-06-02,757.16,760.4,756.75,759.57,29927244.0
2026-06-03,758.27,758.8,753.57,754.24,47836687.0
2026-06-04,751.99,758.31,751.47,757.09,48577155.0
2026-06-05,752.38,752.82,735.53,737.55,83710986.0
2026-06-08,743.27,745.34,738.19,739.22,48169377.0
2026-06-09,743.62,746.9,722.59,737.05,86247159.0
2026-06-10,733.2,738.38,725.33,725.43,57766368.0
2026-06-11,728.5,740.0,724.41,737.76,78452039.0
2026-06-12,740.89,744.44,735.03,741.75,54780277.0
2026-06-15,751.8,756.68,751.76,754.83,58036932.0
2026-06-16,754.44,755.44,749.88,750.33,61314423.0
2026-06-17,751.24,752.15,739.22,740.96,81626648.0
2026-06-18,747.86,748.23,743.86,746.74,74799004.0
2026-06-22,747.58,750.18,743.13,744.39,44718352.0
2026-06-23,733.66,739.63,732.3,733.58,64480157.0
2026-06-24,735.2,739.95,730.84,733.24,52535602.0
2026-06-25,738.99,739.37,729.6,734.3,52231117.0
2026-06-26,728.77,736.53,716.58,728.99,66343400.0
2026-06-29,736.61,741.56,732.09,741.0,52910872.0
2026-06-30,741.22,748.02,740.89,746.77,49944582.0
2026-07-01,744.96,749.43,742.38,745.76,43616229.0
2026-07-02,747.33,751.31,740.03,744.78,55812536.0
2026-07-06,748.59,752.41,747.41,751.28,49734603.0
2026-07-07,750.16,750.96,745.21,747.71,41956586.0
2026-07-08,743.21,746.15,739.51,745.4,39589855.0
2026-07-09,747.26,751.97,745.59,751.71,39314666.0
2026-07-10,752.12,755.42,748.1,754.95,40461744.0
2026-07-13,752.5,753.91,748.0,749.17,43121578.0
2026-07-14,750.85,753.34,748.66,751.83,34377700.0
2026-07-15,754.26,755.58,750.2,754.81,40346712.0
2026-07-16,752.85,754.57,747.88,750.72,45144548.0
2026-07-17,742.2,747.29,740.8,743.29,61341677.0
2026-07-20,747.0,748.73,741.51,742.09,49027792.0
2026-07-21,746.27,749.04,744.18,748.28,32157072.0
2026-07-22,746.86,750.02,746.37,747.41,31575298.0
2026-07-23,739.31,742.56,735.21,738.18,53463205.0
2026-07-24,738.47,743.72,737.29,738.93,43993305.0
2026-07-27,744.88,745.53,735.87,739.09,40677140.0
2026-07-28,739.16,742.79,735.98,740.86,45268545.0
2026-07-29,739.97,742.68,729.1,729.46,66916701.0
2026-07-30,736.12,742.45,734.59,741.69,57582960.0
2026-07-31,744.73,748.9,737.68,747.03,59136861.0
2026-08-03,749.4,758.58,748.8,757.67,58370292.0
2026-08-04,760.53,773.41,760.52,771.33,66981476.0
2026-08-05,775.89,776.85,769.51,769.79,43789322.0
2026-08-06,770.16,771.82,767.46,768.56,37410522.0
2026-08-07,771.06,773.91,769.61,773.26,42309591.0
2026-08-10,772.61,775.05,771.62,773.03,38470995.0
2026-08-11,774.61,774.61,769.2,770.56,35516725.0
2026-08-12,774.79,774.9,771.28,772.49,31010951.0
2026-08-13,774.93,779.37,774.11,777.88,33366705.0
2026-08-14,778.5,778.8,775.43,776.34,29084054.0
2026-08-17,776.27,776.78,772.51,772.67,32205964.0
2026-08-18,768.84,769.5,766.92,767.45,42437600.0
2026-08-19,770.37,772.47,768.1,769.06,39407373.0
2026-08-20,765.99,768.15,762.04,762.6,41995799.0
2026-08-21,765.97,767.85,764.17,765.72,37475940.0
2026-08-24,764.8,765.22,762.08,763.47,31543801.0
2026-08-25,766.18,766.78,763.05,765.91,26597840.0
2026-08-26,764.76,767.35,763.93,766.08,26784379.0
2026-08-27,768.46,772.35,767.16,771.1,32137260.0
2026-08-28,771.84,775.3,768.31,769.35,35244592.0
2026-08-31,767.27,767.99,764.72,767.05,34345885.0
2026-09-01,762.03,764.67,759.48,761.78,37889249.0
2026-09-02,762.39,766.43,761.73,765.16,27826259.0
2026-09-03,768.0,774.03,767.45,773.17,40658097.0
2026-09-04,772.09,772.87,769.0,770.19,32677707.0
2026-09-08,769.08,769.7,765.14,765.96,38540776.0
2026-09-09,764.08,764.47,760.94,762.4,31586975.0
2026-09-10,758.01,760.11,756.64,757.83,41498240.0
2026-09-11,764.72,766.37,763.6,764.2,41055661.0
