date,open,high,low,close,volume
2004-01-02,10.35,10.75,10.23,10.5,544900.0
2004-01-05,10.55,10.68,10.1,10.12,910300.0
2004-01-06,10.09,10.36,10.04,10.08,618700.0
2004-01-07,10.13,10.43,9.9,10.4,739200.0
2004-01-08,10.4,10.56,10.29,10.48,388900.0
2004-01-09,10.11,10.7,10.01,10.1,970500.0
2004-01-12,10.02,10.29,9.45,9.46,1625600.0
2004-01-13,9.58,9.6,9.45,9.5,1144800.0
2004-01-14,9.6,9.71,9.48,9.68,419400.0
2004-01-15,9.49,10.08,9.38,9.89,877500.0
2004-01-16,9.83,10.15,9.75,10.06,1125500.0
2004-01-20,10.35,10.36,9.7,10.06,1077800.0
2004-01-21,9.86,10.76,9.83,10.27,957200.0
2004-01-22,10.28,10.55,10.14,10.3,859300.0
2004-01-23,10.44,10.49,10.28,10.45,529100.0
2004-01-26,10.21,10.52,10.07,10.48,604400.0
2004-01-27,10.44,10.51,9.8,9.87,852500.0
2004-01-28,9.95,10.23,9.88,10.13,1044700.0
2004-01-29,10.09,10.2,9.69,10.09,527600.0
2004-01-30,10.0,10.19,9.74,9.91,372700.0
2004-02-02,9.76,10.09,9.72,9.79,846700.0
2004-02-03,9.31,9.83,9.28,9.8,959600.0
2004-02-04,9.64,9.74,9.4,9.42,919600.0
2004-02-05,9.58,9.74,9.45,9.63,559500.0
2004-02-06,9.55,9.77,9.48,9.75,622400.0
2004-02-09,9.69,10.19,9.65,10.15,624500.0
2004-02-10,9.8,10.26,9.7,10.17,808000.0
2004-02-11,10.15,10.3,10.02,10.18,610400.0
2004-02-12,10.17,10.35,10.05,10.14,639200.0
2004-02-13,10.07,10.45,10.06,10.31,757700.0
2004-02-17,10.26,10.9,10.26,10.72,1468400.0
2004-02-18,10.9,11.15,10.87,10.91,1076100.0
2004-02-19,11.05,11.32,10.49,10.58,801600.0
2004-02-20,10.69,10.69,10.09,10.21,1320800.0
2004-02-23,12.2,12.2,10.9,10.97,10771000.0
2004-02-24,10.78,11.27,10.46,11.0,2006500.0
2004-02-25,11.0,11.31,10.8,11.15,1143900.0
2004-02-26,11.15,11.32,11.0,11.29,754700.0
2004-02-27,11.51,11.57,11.12,11.27,846500.0
2004-03-01,11.41,11.41,10.96,10.97,751600.0
2004-03-02,10.96,11.23,10.91,11.16,775100.0
2004-03-03,11.05,11.17,10.8,11.1,654800.0
2004-03-04,10.97,11.4,10.97,11.37,673200.0
2004-03-05,11.15,11.51,11.09,11.31,533200.0
2004-03-08,11.47,11.5,10.84,11.01,592200.0
2004-03-09,11.1,11.15,10.47,10.52,850100.0
2004-03-10,10.47,10.88,10.15,10.17,761300.0
2004-03-11,10.19,10.55,9.99,10.0,812900.0
2004-03-12,10.09,10.44,10.0,10.22,559700.0
2004-03-15,10.14,10.19,9.59,9.6,814400.0
2004-03-16,9.74,9.94,9.27,9.46,892800.0
2004-03-17,9.6,9.92,9.47,9.5,920700.0
2004-03-18,9.5,9.82,9.39,9.65,716000.0
2004-03-19,9.92,9.92,9.49,9.5,570200.0
2004-03-22,9.37,9.39,8.89,9.07,785500.0
2004-03-23,9.29,9.3,8.9,9.12,523900.0
2004-03-24,9.11,9.25,8.82,8.9,610600.0
2004-03-25,8.91,9.71,8.87,9.35,932200.0
2004-03-26,9.42,9.54,9.15,9.2,478900.0
2004-03-29,9.28,9.7,9.23,9.55,552300.0
2004-03-30,9.47,9.68,9.33,9.67,331200.0
2004-03-31,9.69,9.7,9.27,9.42,338800.0
2004-04-01,9.43,9.73,9.38,9.64,439700.0
2004-04-02,9.76,9.9,9.4,9.85,706100.0
2004-04-05,9.83,9.92,9.65,9.92,446600.0
2004-04-06,9.71,9.87,9.41,9.41,915700.0
2004-04-07,9.44,9.78,9.21,9.78,592000.0
2004-04-08,9.78,9.84,9.44,9.46,351400.0
2004-04-12,9.43,9.75,9.43,9.59,233700.0
2004-04-13,9.55,9.74,8.92,8.93,661500.0
2004-04-14,9.11,9.39,8.9,9.16,670800.0
2004-04-15,9.09,9.24,8.39,8.86,682700.0
2004-04-16,8.89,9.07,8.62,8.64,917600.0
2004-04-19,8.65,9.12,8.65,9.07,594000.0
2004-04-20,9.29,9.35,8.56,8.56,535000.0
2004-04-21,8.55,9.27,8.55,9.27,862000.0
2004-04-22,9.28,9.55,9.08,9.25,1129500.0
2004-04-23,9.26,9.37,8.82,9.03,792800.0
2004-04-26,9.15,9.33,8.92,9.1,702200.0
2004-04-27,9.28,9.64,9.14,9.42,2129500.0
2004-04-28,9.39,9.5,8.99,9.12,971300.0
2004-04-29,9.12,9.34,8.98,9.1,908000.0
2004-04-30,9.1,9.2,8.64,8.64,818600.0
2004-05-03,8.68,9.29,8.6,9.02,759800.0
2004-05-04,9.24,9.54,8.81,9.24,2461500.0
2004-05-05,9.13,9.5,9.11,9.3,552600.0
2004-05-06,9.27,9.32,8.73,8.91,518300.0
2004-05-07,8.91,9.1,8.53,8.53,729100.0
2004-05-10,8.53,9.2,8.29,8.68,1185100.0
2004-05-11,8.82,9.01,8.65,8.77,412700.0
2004-05-12,8.61,9.0,8.34,8.96,642800.0
2004-05-13,9.0,9.05,8.5,8.5,538400.0
2004-05-14,8.51,8.76,8.24,8.31,809700.0
2004-05-17,8.27,8.75,8.0,8.22,800100.0
2004-05-18,8.3,8.58,8.11,8.43,784600.0
2004-05-19,8.43,8.52,8.17,8.3,1099200.0
2004-05-20,8.35,8.72,8.17,8.17,814200.0
2004-05-21,8.72,9.0,8.06,8.69,2147000.0
2004-05-24,8.69,8.88,8.56,8.79,811500.0
2004-05-25,8.68,8.85,8.56,8.65,722100.0
2004-05-26,8.73,8.94,8.54,8.94,743000.0
2004-05-27,8.96,9.09,8.57,8.77,600400.0
2004-05-28,8.75,8.86,8.66,8.8,252600.0
2004-06-01,9.25,9.28,8.9,9.27,789900.0
2004-06-02,9.21,9.34,9.01,9.14,516100.0
2004-06-03,9.12,9.23,8.8,8.8,513400.0
2004-06-04,8.92,9.25,8.76,9.25,652800.0
2004-06-07,9.25,9.3,9.0,9.19,919900.0
2004-06-08,9.2,9.48,9.1,9.22,676800.0
2004-06-09,9.13,9.34,8.87,8.98,690600.0
2004-06-10,9.05,9.25,9.01,9.25,1670000.0
2004-06-14,9.4,9.62,9.2,9.48,984300.0
2004-06-15,9.59,9.66,9.4,9.65,786600.0
2004-06-16,9.55,9.75,9.47,9.65,481700.0
2004-06-17,9.71,9.71,9.46,9.55,448900.0
2004-06-18,9.7,10.33,9.56,9.93,1749400.0
2004-06-21,9.98,10.04,9.73,9.73,627900.0
2004-06-22,10.45,10.66,10.02,10.15,1881300.0
2004-06-23,10.57,10.57,10.15,10.49,1482600.0
2004-06-24,10.44,10.86,10.41,10.72,969700.0
2004-06-25,10.67,10.97,10.41,10.58,1294200.0
2004-06-28,10.94,10.94,10.32,10.5,439000.0
2004-06-29,10.43,10.98,10.34,10.74,768400.0
2004-06-30,10.79,10.99,10.72,10.84,629600.0
2004-07-01,10.77,11.19,10.65,10.74,786000.0
2004-07-02,10.79,10.85,10.54,10.59,518700.0
2004-07-06,10.58,10.76,10.31,10.34,506300.0
2004-07-07,10.39,10.74,10.34,10.74,675500.0
2004-07-08,10.65,10.7,10.0,10.04,701800.0
2004-07-09,10.14,10.27,9.91,10.02,333400.0
2004-07-12,10.09,10.24,9.77,10.16,449100.0
2004-07-13,10.2,10.33,10.04,10.09,282700.0
2004-07-14,10.0,10.2,9.8,10.06,622300.0
2004-07-15,10.0,10.17,9.86,9.9,279300.0
2004-07-16,10.53,10.65,9.81,9.82,1060400.0
2004-07-19,9.8,10.04,9.73,10.03,821500.0
2004-07-20,10.04,10.2,9.83,10.06,636400.0
2004-07-21,10.03,10.08,9.0,9.01,844400.0
2004-07-22,9.01,9.58,8.94,9.27,1205700.0
2004-07-23,9.19,9.32,9.0,9.0,456200.0
2004-07-26,9.05,9.14,8.88,9.0,546100.0
2004-07-27,9.3,9.95,9.17,9.4,762600.0
2004-07-28,9.3,9.49,9.05,9.25,574700.0
2004-07-29,9.26,9.48,9.08,9.24,515300.0
2004-07-30,9.22,9.49,9.13,9.23,439000.0
2004-08-02,9.14,9.19,8.84,8.91,637500.0
2004-08-03,8.83,9.02,8.75,8.8,574400.0
2004-08-04,8.7,9.1,8.63,9.01,422600.0
2004-08-05,8.95,9.01,8.55,8.6,338200.0
2004-08-06,8.5,8.54,8.3,8.37,529800.0
2004-08-09,8.35,8.47,8.09,8.17,439000.0
2004-08-10,8.2,8.51,8.06,8.51,416000.0
2004-08-11,8.52,8.91,8.22,8.84,613400.0
2004-08-12,8.76,8.84,8.35,8.8,473200.0
2004-08-13,8.75,8.85,8.46,8.59,307100.0
2004-08-16,8.56,9.48,8.56,9.26,527400.0
2004-08-17,9.25,9.4,8.93,9.0,936000.0
2004-08-18,8.97,9.58,8.95,9.45,618800.0
2004-08-19,9.4,9.55,9.24,9.4,405800.0
2004-08-20,9.46,9.94,9.26,9.94,513100.0
2004-08-23,9.94,10.17,9.8,9.82,746400.0
2004-08-24,9.91,10.04,9.64,9.71,304000.0
2004-08-25,9.77,10.0,9.6,10.0,379500.0
2004-08-26,10.02,10.04,9.76,9.76,225000.0
2004-08-27,9.75,10.05,9.69,9.96,296200.0
2004-08-30,9.89,9.92,9.51,9.67,271800.0
2004-08-31,9.66,9.85,9.3,9.73,493200.0
2004-09-01,9.78,10.27,9.51,10.19,598500.0
2004-09-02,9.91,10.38,9.91,10.34,386700.0
2004-09-03,10.27,10.48,10.12,10.25,341500.0
2004-09-07,10.24,10.49,10.1,10.34,293800.0
2004-09-08,10.37,10.49,10.05,10.25,560500.0
2004-09-09,10.22,10.45,10.16,10.41,297600.0
2004-09-10,10.43,10.75,10.25,10.75,246900.0
2004-09-13,10.69,10.8,10.56,10.8,407300.0
2004-09-14,10.72,10.75,9.9,10.1,2947400.0
2004-09-15,10.19,10.77,10.05,10.56,2574400.0
2004-09-16,10.56,10.7,10.47,10.56,568800.0
2004-09-17,10.81,10.88,10.59,10.88,1090300.0
2004-09-20,10.89,10.89,10.2,10.41,659300.0
2004-09-21,10.38,10.58,10.36,10.56,666300.0
2004-09-22,10.48,10.53,9.99,10.04,499100.0
2004-09-23,9.97,10.21,9.95,10.03,207200.0
2004-09-24,10.04,10.1,9.84,9.84,231600.0
2004-09-27,9.84,9.87,9.62,9.65,344500.0
2004-09-28,9.78,9.93,9.66,9.91,492100.0
2004-09-29,9.82,10.04,9.77,9.98,400900.0
2004-09-30,10.04,10.6,9.91,10.5,823300.0
2004-10-01,10.5,10.75,10.37,10.59,1052400.0
2004-10-04,10.5,10.91,10.35,10.9,767700.0
2004-10-05,10.86,11.12,10.8,11.12,1041600.0
2004-10-06,11.09,11.73,10.77,11.61,1151600.0
2004-10-07,11.57,11.57,10.97,11.05,800100.0
2004-10-08,11.04,11.15,10.7,10.75,460600.0
2004-10-11,10.72,11.05,10.72,11.04,256100.0
2004-10-12,10.81,10.94,10.53,10.57,484200.0
2004-10-13,10.58,10.62,10.06,10.09,725400.0
2004-10-14,10.05,10.28,9.99,10.18,559300.0
2004-10-15,10.37,10.51,10.1,10.32,864500.0
2004-10-18,10.48,10.56,10.19,10.45,500300.0
2004-10-19,10.49,10.57,10.22,10.24,534500.0
2004-10-20,10.21,10.5,10.08,10.47,410000.0
2004-10-21,10.44,10.54,10.15,10.4,550600.0
2004-10-22,10.56,10.62,10.01,10.01,415100.0
2004-10-25,9.85,10.36,9.79,10.23,442800.0
2004-10-26,10.17,10.33,9.91,10.09,810700.0
2004-10-27,10.26,10.6,10.14,10.45,753000.0
2004-10-28,10.49,10.87,10.47,10.75,485400.0
2004-10-29,10.7,10.95,10.56,10.88,441000.0
2004-11-01,10.84,11.5,10.64,11.47,1022700.0
2004-11-02,11.55,11.64,10.83,10.84,819600.0
2004-11-03,11.16,11.6,11.04,11.42,492900.0
2004-11-04,11.43,11.5,10.82,11.0,918800.0
2004-11-05,10.84,11.4,10.81,11.31,454700.0
2004-11-08,11.14,11.2,10.96,11.18,524900.0
2004-11-09,11.23,11.53,11.06,11.46,369200.0
2004-11-10,11.65,11.73,11.27,11.48,371700.0
2004-11-11,11.51,12.0,11.3,11.91,523100.0
2004-11-12,11.99,12.05,11.5,11.74,655300.0
2004-11-15,11.66,11.74,11.5,11.69,396300.0
2004-11-16,11.5,11.69,10.84,11.17,766200.0
2004-11-17,11.01,11.37,10.56,10.65,926700.0
2004-11-18,10.57,10.96,10.3,10.78,541700.0
2004-11-19,10.77,10.96,10.49,10.49,416800.0
2004-11-22,10.29,10.9,10.15,10.86,542400.0
2004-11-23,10.95,10.99,10.42,10.85,398100.0
2004-11-24,10.8,11.08,10.74,10.87,442800.0
2004-11-26,10.79,10.93,10.64,10.64,172100.0
2004-11-29,10.76,10.81,10.39,10.42,719900.0
2004-11-30,10.46,10.71,10.33,10.62,652500.0
2004-12-01,10.61,10.8,10.5,10.71,913800.0
2004-12-02,10.77,11.14,10.45,11.07,669900.0
2004-12-03,11.12,11.25,10.75,11.14,364600.0
2004-12-06,11.17,11.38,10.91,11.22,432700.0
2004-12-07,11.26,11.3,10.51,10.52,483200.0
2004-12-08,10.57,11.05,10.49,10.93,467100.0
2004-12-09,10.82,10.97,10.65,10.87,473100.0
2004-12-10,10.92,11.05,10.71,10.88,352700.0
2004-12-13,10.95,11.27,10.88,11.27,330600.0
2004-12-14,11.25,11.5,11.19,11.47,689300.0
2004-12-15,11.49,11.5,11.11,11.46,722400.0
2004-12-16,11.51,11.51,11.25,11.38,483300.0
2004-12-17,11.31,11.33,11.03,11.27,626500.0
2004-12-20,11.28,11.28,10.62,10.91,1068100.0
2004-12-21,10.87,11.04,10.75,10.96,587500.0
2004-12-22,10.99,11.04,10.8,10.88,440600.0
2004-12-23,10.9,11.1,10.75,10.93,379100.0
2004-12-27,10.81,11.0,10.57,10.75,532800.0
2004-12-28,10.69,10.92,10.68,10.87,487400.0
2004-12-29,10.84,10.91,10.53,10.85,589200.0
2004-12-30,10.86,10.86,10.67,10.75,341200.0
2004-12-31,10.73,10.8,10.5,10.57,736400.0
2005-01-03,10.7,10.71,10.08,10.24,776900.0
2005-01-04,10.16,10.28,9.9,10.09,908300.0
2005-01-05,10.12,10.2,9.88,9.9,1063200.0
2005-01-06,10.12,10.68,9.97,10.52,1108000.0
2005-01-07,10.68,10.74,10.25,10.49,609100.0
2005-01-10,10.95,11.19,10.71,10.78,871900.0
2005-01-11,11.0,11.1,10.73,10.92,1049600.0
2005-01-12,11.02,11.19,10.52,11.19,683200.0
2005-01-13,11.13,11.2,10.33,10.39,663300.0
2005-01-14,10.4,10.73,10.39,10.52,550500.0
2005-01-18,10.77,10.92,10.4,10.81,445200.0
2005-01-19,10.95,11.28,10.4,10.48,485000.0
2005-01-20,10.7,10.77,10.48,10.53,430200.0
2005-01-21,10.62,10.65,10.13,10.2,576200.0
2005-01-24,10.37,10.6,10.15,10.2,863200.0
2005-01-25,10.3,10.66,10.2,10.44,591000.0
2005-01-26,10.5,10.58,10.15,10.56,561000.0
2005-01-27,10.54,10.57,10.21,10.34,369300.0
2005-01-28,10.39,10.39,9.92,10.05,558400.0
2005-01-31,10.24,10.35,10.04,10.17,392500.0
2005-02-01,10.3,10.75,10.14,10.71,490300.0
2005-02-02,10.75,10.75,10.39,10.57,453200.0
2005-02-03,10.62,10.63,10.2,10.57,373300.0
2005-02-04,10.5,11.42,10.5,11.3,804500.0
2005-02-07,11.4,11.44,10.96,11.12,461200.0
2005-02-08,11.2,11.5,10.82,11.02,551200.0
2005-02-09,11.02,11.22,10.45,10.55,523700.0
2005-02-10,10.55,11.47,10.55,11.32,901100.0
2005-02-11,11.32,11.62,11.29,11.55,1102700.0
2005-02-14,11.6,11.8,11.1,11.2,558900.0
2005-02-15,11.56,11.57,11.24,11.43,660000.0
2005-02-16,11.43,11.51,11.19,11.42,565800.0
2005-02-17,11.5,11.74,11.31,11.5,664600.0
2005-02-18,11.7,11.7,11.11,11.43,773100.0
2005-02-22,11.44,11.58,10.95,11.01,600800.0
2005-02-23,10.98,11.5,10.92,11.49,531700.0
2005-02-24,11.41,11.7,11.23,11.69,570700.0
2005-02-25,11.7,11.99,11.55,11.99,440200.0
2005-02-28,11.88,11.99,11.34,11.54,718800.0
2005-03-01,11.54,11.94,11.42,11.74,788400.0
2005-03-02,11.66,11.89,11.3,11.41,565400.0
2005-03-03,11.44,11.96,11.08,11.45,478500.0
2005-03-04,11.54,11.55,10.66,10.68,756400.0
2005-03-07,10.66,11.0,10.36,10.43,573400.0
2005-03-08,10.47,10.54,10.28,10.35,792700.0
2005-03-09,10.27,10.46,10.2,10.35,489300.0
2005-03-10,10.33,10.71,10.33,10.43,569800.0
2005-03-11,10.41,10.55,10.07,10.14,502700.0
2005-03-14,10.11,10.75,10.11,10.68,550600.0
2005-03-15,10.74,10.88,10.26,10.34,451800.0
2005-03-16,10.27,10.5,10.24,10.29,348200.0
2005-03-17,10.28,10.41,10.09,10.36,390100.0
2005-03-18,10.39,10.57,10.27,10.4,1048600.0
2005-03-21,10.4,10.5,10.01,10.09,478700.0
2005-03-22,10.14,10.19,9.93,10.01,508100.0
2005-03-23,9.98,10.2,9.86,9.96,589000.0
2005-03-24,9.97,10.13,9.85,9.92,217800.0
2005-03-28,9.9,10.15,9.6,9.64,405300.0
2005-03-29,9.6,9.84,9.2,9.23,618700.0
2005-03-30,9.24,9.46,9.2,9.46,467200.0
2005-03-31,9.45,9.45,9.21,9.36,451300.0
2005-04-01,9.31,9.59,9.06,9.1,518700.0
2005-04-04,9.2,9.3,8.75,8.83,662000.0
2005-04-05,8.9,9.1,8.61,9.01,781500.0
2005-04-06,9.14,9.74,9.12,9.5,691400.0
2005-04-07,9.6,9.96,9.46,9.96,611100.0
2005-04-08,9.98,10.15,9.95,10.0,721700.0
2005-04-11,10.0,10.19,9.91,10.03,494300.0
2005-04-12,9.95,10.16,9.43,10.13,567500.0
2005-04-13,10.09,10.16,9.55,9.64,487300.0
2005-04-14,9.62,9.79,9.47,9.51,318100.0
2005-04-15,9.35,9.87,9.35,9.57,645700.0
2005-04-18,9.59,9.77,9.32,9.55,499400.0
2005-04-19,9.57,9.65,9.38,9.46,490200.0
2005-04-20,9.55,9.55,9.12,9.28,559700.0
2005-04-21,9.3,9.8,9.3,9.74,487400.0
2005-04-22,9.83,9.83,9.45,9.69,387200.0
2005-04-25,9.72,9.98,9.68,9.96,333400.0
2005-04-26,9.98,10.04,9.22,9.57,835800.0
2005-04-27,9.55,9.91,9.27,9.45,508100.0
2005-04-28,9.48,9.51,9.09,9.19,500100.0
2005-04-29,9.19,9.59,9.03,9.53,397200.0
2005-05-02,9.58,9.75,9.2,9.42,517500.0
2005-05-03,9.4,9.68,9.33,9.57,386800.0
2005-05-04,9.65,9.73,9.5,9.67,488400.0
2005-05-05,9.68,10.0,9.58,10.0,458100.0
2005-05-06,10.03,10.67,9.87,10.65,696500.0
2005-05-09,10.73,11.27,10.65,11.19,784100.0
2005-05-10,12.63,13.82,12.13,13.4,23060200.0
2005-05-11,13.52,13.6,12.77,13.4,5647700.0
2005-05-12,13.45,13.93,13.19,13.39,3053000.0
2005-05-13,13.36,13.62,12.71,12.79,1956700.0
2005-05-16,12.8,13.2,12.25,12.98,1435900.0
2005-05-17,12.9,13.37,12.5,13.2,2545900.0
2005-05-18,13.38,14.05,13.22,13.7,3738800.0
2005-05-19,13.75,14.42,13.51,14.0,3204700.0
2005-05-20,14.46,14.61,14.2,14.55,4151600.0
2005-05-23,14.47,14.56,13.91,14.0,2277300.0
2005-05-24,14.09,14.28,13.91,14.01,1488100.0
2005-05-25,14.01,14.19,13.78,13.9,958000.0
2005-05-26,13.79,14.49,13.71,14.08,895200.0
2005-05-27,14.03,14.18,13.91,14.07,517800.0
2005-05-31,14.04,14.2,13.92,13.92,946600.0
2005-06-01,13.1,13.59,13.06,13.32,1768400.0
2005-06-02,13.28,13.8,13.2,13.49,1106400.0
2005-06-03,13.42,13.5,12.91,13.07,755800.0
2005-06-06,13.01,13.08,12.76,12.99,1046600.0
2005-06-07,12.98,13.35,12.92,13.19,1482000.0
2005-06-08,13.62,13.7,13.03,13.3,7133100.0
2005-06-09,13.12,13.19,12.91,12.99,2505000.0
2005-06-10,12.95,13.29,12.9,13.11,1039900.0
2005-06-13,13.16,13.4,13.11,13.3,729100.0
2005-06-14,13.28,13.55,13.14,13.55,953200.0
2005-06-15,13.57,13.64,12.95,13.23,1245000.0
2005-06-16,13.25,14.18,13.02,13.95,1784800.0
2005-06-17,14.03,15.44,13.88,15.3,4199700.0
2005-06-20,15.0,16.18,14.89,15.99,3631800.0
2005-06-21,16.03,16.23,15.85,16.0,1768400.0
2005-06-22,16.1,16.15,15.27,15.76,1336800.0
2005-06-23,15.66,15.98,15.37,15.5,987500.0
2005-06-24,15.42,15.8,15.36,15.78,1364700.0
2005-06-27,15.8,16.03,15.37,15.69,871500.0
2005-06-28,15.82,16.73,15.71,16.24,1721300.0
2005-06-29,16.23,16.57,16.23,16.52,1212600.0
2005-06-30,16.58,17.06,16.47,16.85,2216300.0
2005-07-01,17.0,17.01,16.08,16.33,1998700.0
2005-07-05,16.21,16.27,15.91,16.12,1367000.0
2005-07-06,16.14,16.6,16.02,16.37,809100.0
2005-07-07,16.15,16.9,16.03,16.83,1218800.0
2005-07-08,16.83,17.11,16.6,16.99,1436200.0
2005-07-11,17.15,17.31,16.7,17.01,1290400.0
2005-07-12,16.95,17.09,16.65,16.82,1763900.0
2005-07-13,16.8,16.95,16.59,16.77,547000.0
2005-07-14,16.93,16.99,16.49,16.61,734200.0
2005-07-15,16.68,16.9,16.12,16.74,1785600.0
2005-07-18,16.57,16.91,16.51,16.82,788700.0
2005-07-19,16.99,17.0,16.35,16.77,879800.0
2005-07-20,16.65,17.73,16.6,17.67,1509700.0
2005-07-21,17.59,18.14,17.4,17.73,1373800.0
2005-07-22,17.8,17.94,16.76,17.14,1336400.0
2005-07-25,17.03,17.12,16.37,16.37,1251600.0
2005-07-26,16.27,16.94,16.19,16.94,864700.0
2005-07-27,17.0,17.0,16.64,16.96,735900.0
2005-07-28,16.77,16.94,15.75,16.24,2012200.0
2005-07-29,16.2,16.3,15.79,15.95,1005300.0
2005-08-01,15.93,16.29,15.86,16.11,890000.0
2005-08-02,16.18,16.53,15.91,16.51,961300.0
2005-08-03,16.56,16.64,16.01,16.05,1218800.0
2005-08-04,16.0,16.2,15.33,15.63,1147200.0
2005-08-05,15.65,16.59,15.65,16.29,3051400.0
2005-08-08,16.33,16.33,15.53,15.69,1251200.0
2005-08-09,15.7,15.94,15.44,15.53,747900.0
2005-08-10,16.22,16.24,15.6,15.68,1038300.0
2005-08-11,15.8,16.57,15.72,16.57,1294500.0
2005-08-12,16.6,17.0,16.43,16.93,1473000.0
2005-08-15,16.92,17.08,16.84,17.03,929700.0
2005-08-16,17.06,17.19,16.5,16.52,1181800.0
2005-08-17,16.55,16.76,16.4,16.51,592000.0
2005-08-18,16.49,16.51,16.17,16.37,686700.0
2005-08-19,17.14,19.2,17.13,18.8,7458700.0
2005-08-22,18.93,19.01,17.93,18.3,2269400.0
2005-08-23,18.4,18.4,17.71,17.89,1818400.0
2005-08-24,17.91,18.56,17.8,18.05,890700.0
2005-08-25,18.16,18.46,17.8,17.9,699300.0
2005-08-26,17.9,17.91,17.4,17.45,732000.0
2005-08-29,17.32,17.93,17.23,17.93,653800.0
2005-08-30,17.93,17.99,17.62,17.84,1232100.0
2005-08-31,17.76,18.58,17.71,18.4,1007800.0
2005-09-01,18.45,18.55,18.02,18.33,907100.0
2005-09-02,18.25,18.49,17.86,17.9,706900.0
2005-09-06,17.94,18.47,17.93,18.03,958200.0
2005-09-07,18.17,18.32,17.42,18.21,760300.0
2005-09-08,18.2,18.55,17.84,18.04,489100.0
2005-09-09,18.0,18.5,18.0,18.48,930700.0
2005-09-12,18.42,18.96,18.35,18.71,890400.0
2005-09-13,18.78,18.98,18.6,18.91,987400.0
2005-09-14,18.79,19.01,18.24,18.37,697100.0
2005-09-15,18.5,19.0,18.45,18.92,880100.0
2005-09-16,18.87,19.82,18.87,19.4,2471800.0
2005-09-19,19.22,19.62,19.22,19.28,721900.0
2005-09-20,19.23,19.63,18.98,19.11,1359500.0
2005-09-21,19.14,19.39,18.88,19.03,897600.0
2005-09-22,19.1,19.15,18.49,18.56,811200.0
2005-09-23,18.63,18.98,18.33,18.96,1082500.0
2005-09-26,19.0,19.49,18.92,19.43,1574600.0
2005-09-27,19.51,19.55,18.8,19.06,884200.0
2005-09-28,19.1,19.5,18.78,19.48,750500.0
2005-09-29,19.53,20.97,19.53,20.88,2347400.0
2005-09-30,21.66,22.68,21.57,22.35,3522500.0
2005-10-03,22.4,24.51,22.3,24.31,3675700.0
2005-10-04,24.68,25.67,24.21,24.38,6023900.0
2005-10-05,24.44,24.52,22.34,22.35,2719300.0
2005-10-06,22.36,22.46,20.85,21.28,2637700.0
2005-10-07,21.28,22.55,21.02,21.53,1540900.0
2005-10-10,21.67,22.0,21.08,21.29,629200.0
2005-10-11,21.36,21.7,20.6,20.87,1231500.0
2005-10-12,21.95,22.0,20.31,20.79,2598700.0
2005-10-13,20.86,22.15,20.8,22.13,2654800.0
2005-10-14,22.44,23.29,22.15,22.7,1868900.0
2005-10-17,22.82,23.06,22.0,22.63,1048500.0
2005-10-18,22.54,22.95,22.37,22.55,1027900.0
2005-10-19,22.47,22.8,21.4,22.76,1185200.0
2005-10-20,22.68,22.82,22.23,22.3,865900.0
2005-10-21,22.3,22.62,21.53,22.35,1519400.0
2005-10-24,22.37,23.6,22.37,23.49,1359800.0
2005-10-25,23.55,24.0,23.27,23.59,963600.0
2005-10-26,23.48,23.48,21.89,22.4,1960200.0
2005-10-27,22.27,23.1,22.2,22.26,1167900.0
2005-10-28,22.26,22.5,21.11,21.7,1035000.0
2005-10-31,21.7,22.98,21.7,22.75,884600.0
2005-11-01,22.77,24.23,22.25,23.35,1388900.0
2005-11-02,23.41,24.47,23.3,24.0,1514100.0
2005-11-03,24.37,24.5,23.5,23.79,911400.0
2005-11-04,23.88,24.23,23.14,23.88,1095400.0
2005-11-07,24.02,24.5,23.92,24.49,1372400.0
2005-11-08,24.49,24.72,24.08,24.57,1299000.0
2005-11-09,24.74,25.7,24.62,25.57,2274500.0
2005-11-10,25.57,25.86,24.9,25.6,1891300.0
2005-11-11,26.0,26.58,25.21,26.33,2113700.0
2005-11-14,26.9,27.0,25.9,26.19,1459400.0
2005-11-15,26.23,26.9,25.65,25.99,1647900.0
2005-11-16,25.33,25.93,24.68,25.06,2345200.0
2005-11-17,25.21,26.27,25.19,26.13,1829300.0
2005-11-18,27.17,27.17,25.94,26.82,1380000.0
2005-11-21,24.94,26.22,24.81,26.2,2711900.0
2005-11-22,26.29,26.5,25.88,26.37,1345700.0
2005-11-23,26.26,26.46,25.95,26.26,869900.0
2005-11-25,26.32,26.32,26.0,26.04,371800.0
2005-11-28,26.24,26.24,24.88,25.35,1781400.0
2005-11-29,25.54,25.59,24.8,25.16,1397500.0
2005-11-30,25.26,25.57,24.78,25.5,1874600.0
2005-12-01,25.55,25.8,25.16,25.7,1323600.0
2005-12-02,25.65,25.75,24.8,25.04,1390200.0
2005-12-05,25.04,25.26,24.71,25.18,720800.0
2005-12-06,25.07,25.14,24.55,24.74,1287900.0
2005-12-07,25.2,25.42,24.69,25.1,801300.0
2005-12-08,25.68,26.05,25.26,25.86,2106400.0
2005-12-09,25.74,26.55,25.74,26.48,950000.0
2005-12-12,26.58,26.71,26.0,26.25,1043200.0
2005-12-13,26.7,27.48,26.11,27.26,1268500.0
2005-12-14,27.49,27.83,27.25,27.35,1625000.0
2005-12-15,27.48,28.0,27.27,27.7,1490000.0
2005-12-16,27.97,28.0,27.34,27.69,1594200.0
2005-12-19,27.84,27.84,27.0,27.09,998100.0
2005-12-20,27.0,27.52,26.67,27.38,910200.0
2005-12-21,27.38,28.0,27.03,27.91,1342400.0
2005-12-22,27.98,29.0,27.84,28.92,1112900.0
2005-12-23,29.03,29.24,28.63,28.79,566900.0
2005-12-27,28.9,29.1,27.99,28.2,612800.0
2005-12-28,28.15,28.38,27.55,28.12,767200.0
2005-12-29,28.2,28.26,27.44,27.48,517100.0
2005-12-30,27.42,27.85,26.61,27.67,963500.0
2006-01-03,27.88,28.2,26.5,27.9,1218497.0
2006-01-04,27.8,28.77,27.8,28.31,994206.0
2006-01-05,28.36,29.51,28.03,29.48,1293462.0
2006-01-06,30.29,31.41,29.91,31.28,2001274.0
2006-01-09,31.93,34.25,31.32,33.1,4804339.0
2006-01-10,33.09,34.08,32.82,34.04,2006467.0
2006-01-11,34.25,34.98,33.87,33.92,1987827.0
2006-01-12,33.76,34.25,33.0,33.67,1421065.0
2006-01-13,33.65,33.97,33.23,33.85,916303.0
2006-01-17,33.6,34.2,33.31,33.59,730787.0
2006-01-18,32.96,34.6,32.06,34.36,1232879.0
2006-01-19,34.8,35.2,34.0,34.69,1129089.0
2006-01-20,35.1,35.69,34.01,34.44,1592580.0
2006-01-23,34.54,34.56,32.81,33.46,1693645.0
2006-01-24,33.54,33.75,33.0,33.54,1062406.0
2006-01-25,33.6,34.15,33.26,33.68,962189.0
2006-01-26,34.0,34.33,33.6,34.21,689174.0
2006-01-27,34.34,35.97,34.18,35.95,1545476.0
2006-01-30,35.98,36.25,34.61,34.82,982371.0
2006-01-31,34.78,35.78,34.23,35.72,813481.0
2006-02-01,35.53,36.63,35.53,36.05,1102335.0
2006-02-02,35.99,36.54,34.75,35.08,982949.0
2006-02-03,35.0,35.36,34.43,34.54,1319113.0
2006-02-06,34.52,34.75,34.0,34.3,939272.0
2006-02-07,36.11,37.85,35.8,36.11,4386326.0
2006-02-08,35.96,36.93,35.86,36.93,1971751.0
2006-02-09,37.1,37.65,36.21,36.41,1331228.0
2006-02-10,36.19,36.42,34.65,35.9,1540060.0
2006-02-13,35.61,35.87,34.33,34.49,959501.0
2006-02-14,34.63,36.49,34.55,36.17,1449496.0
2006-02-15,36.26,37.2,36.12,36.72,981799.0
2006-02-16,36.89,37.5,36.6,37.41,941484.0
2006-02-17,37.36,38.38,37.01,37.73,1256386.0
2006-02-21,37.7,37.98,36.21,37.39,1522916.0
2006-02-22,37.7,38.68,37.23,38.64,1204542.0
2006-02-23,38.5,42.34,38.5,41.61,4310443.0
2006-02-24,41.69,43.2,41.61,43.2,2133167.0
2006-02-27,43.45,44.71,43.01,44.2,2196829.0
2006-02-28,44.01,44.14,42.11,43.24,2712570.0
2006-03-01,43.33,44.3,41.75,44.1,1972837.0
2006-03-02,43.49,44.49,43.26,43.99,1429605.0
2006-03-03,44.0,44.35,43.63,43.81,1409308.0
2006-03-06,43.81,44.23,43.15,43.42,1224160.0
2006-03-07,43.38,43.38,39.59,39.65,2913017.0
2006-03-08,38.85,40.78,37.67,40.28,3651410.0
2006-03-09,36.95,38.13,36.69,37.98,4648258.0
2006-03-10,37.61,37.85,36.34,37.2,2278058.0
2006-03-13,37.08,37.72,36.87,36.98,1373212.0
2006-03-14,36.83,37.75,36.69,37.45,1174705.0
2006-03-15,37.63,39.47,37.51,39.26,1832041.0
2006-03-16,39.45,40.09,39.23,39.49,1154364.0
2006-03-17,39.69,40.59,39.21,40.56,2011546.0
2006-03-20,40.64,40.9,39.32,40.19,1243481.0
2006-03-21,40.15,40.23,37.85,37.95,1569472.0
2006-03-22,37.78,38.2,36.95,37.85,1623422.0
2006-03-23,37.68,37.83,35.64,36.05,1938765.0
2006-03-24,36.11,37.04,36.0,36.45,1313536.0
2006-03-27,36.45,36.65,35.45,35.56,1113861.0
2006-03-28,35.36,35.56,34.68,34.92,1126404.0
2006-03-29,34.86,36.5,34.72,35.89,1171250.0
2006-03-30,35.87,36.43,34.81,35.31,1243579.0
2006-03-31,35.2,36.6,35.13,36.59,1757559.0
2006-04-03,36.64,36.98,35.6,35.85,1350581.0
2006-04-04,35.81,36.58,35.5,36.38,1248370.0
2006-04-05,36.3,36.87,35.8,36.41,1052743.0
2006-04-06,36.43,36.43,33.39,33.78,2646920.0
2006-04-07,33.81,33.85,31.1,32.31,3579071.0
2006-04-10,32.65,34.74,32.52,33.72,3325260.0
2006-04-11,33.72,34.06,32.52,32.7,1791124.0
2006-04-12,34.1,35.6,34.0,35.13,2749960.0
2006-04-13,35.02,36.21,34.76,35.76,1196322.0
2006-04-17,35.8,36.59,35.2,35.47,1332675.0
2006-04-18,35.57,37.48,35.57,37.28,1528559.0
2006-04-19,37.5,39.57,37.3,39.5,3396774.0
2006-04-20,39.35,40.0,38.9,39.26,1900461.0
2006-04-21,39.7,39.96,38.5,39.17,1515484.0
2006-04-24,38.91,39.0,37.36,38.37,1447869.0
2006-04-25,38.5,38.5,36.68,37.5,1268464.0
2006-04-26,35.78,35.97,33.6,34.82,4025070.0
2006-04-27,34.71,36.49,34.52,35.96,2609652.0
2006-04-28,35.65,36.75,35.62,36.37,1115538.0
2006-05-01,37.25,37.45,35.32,35.65,1735929.0
2006-05-02,35.6,35.65,34.24,34.51,1590333.0
2006-05-03,34.27,35.36,34.23,35.02,1542556.0
2006-05-04,34.94,35.73,34.63,35.59,817767.0
2006-05-05,35.88,37.19,35.75,36.95,1074728.0
2006-05-08,37.0,37.15,36.07,36.31,549341.0
2006-05-09,36.15,36.33,35.46,35.65,681744.0
2006-05-10,35.45,36.14,34.92,35.28,828311.0
2006-05-11,35.5,36.13,34.85,35.3,1375458.0
2006-05-12,35.01,35.24,33.39,34.24,1588511.0
2006-05-15,33.73,34.07,32.52,33.21,1505829.0
2006-05-16,33.2,33.37,32.05,32.32,1451488.0
2006-05-17,31.98,32.67,30.56,31.03,1789924.0
2006-05-18,31.1,31.93,29.0,29.26,2479844.0
2006-05-19,29.49,30.8,29.13,30.25,2048002.0
2006-05-22,30.05,30.47,29.1,29.45,2036953.0
2006-05-23,29.91,31.65,29.91,30.75,2419103.0
2006-05-24,31.45,32.28,30.33,31.9,2625459.0
2006-05-25,32.19,33.79,32.1,33.23,1591868.0
2006-05-26,33.1,33.84,32.72,33.75,994936.0
2006-05-30,33.58,33.9,32.5,32.62,1082730.0
2006-05-31,32.87,35.0,32.85,34.5,4798763.0
2006-06-01,34.5,34.91,33.74,34.35,1666972.0
2006-06-02,34.6,34.97,34.07,34.67,1116305.0
2006-06-05,34.5,34.72,31.38,31.44,2146399.0
2006-06-06,31.44,32.9,30.7,31.89,1573242.0
2006-06-07,31.76,33.03,31.41,31.75,1000247.0
2006-06-08,31.51,32.21,30.47,31.91,1535724.0
2006-06-09,32.21,33.19,31.42,32.0,1329317.0
2006-06-12,31.88,32.36,30.2,30.41,1345336.0
2006-06-13,30.53,31.33,29.5,29.78,1240552.0
2006-06-14,29.69,31.48,29.68,31.35,1461467.0
2006-06-15,31.58,33.29,31.5,32.98,1688652.0
2006-06-16,33.0,33.27,32.28,33.06,2752402.0
2006-06-19,32.97,32.98,30.79,31.06,1451961.0
2006-06-20,31.14,31.65,30.73,31.18,952637.0
2006-06-21,31.15,32.97,30.56,32.67,1203379.0
2006-06-22,32.58,32.76,30.82,30.99,1836425.0
2006-06-23,30.81,31.95,30.14,31.66,754362.0
2006-06-26,31.85,32.53,31.65,32.15,815075.0
2006-06-27,32.03,32.19,29.94,30.22,1070785.0
2006-06-28,30.39,30.64,29.18,29.62,1399204.0
2006-06-29,30.12,32.03,29.69,32.03,1647063.0
2006-06-30,36.01,36.75,34.13,36.71,15111702.0
2006-07-03,36.45,36.83,35.52,36.57,1151678.0
2006-07-05,36.25,36.25,35.25,35.56,1625589.0
2006-07-06,35.6,36.86,35.3,36.39,988354.0
2006-07-07,36.2,36.38,35.4,35.91,1154018.0
2006-07-10,36.0,36.7,34.9,35.22,684768.0
2006-07-11,35.14,35.91,34.82,35.84,785704.0
2006-07-12,35.7,37.1,35.6,36.14,1250979.0
2006-07-13,36.0,36.12,34.26,34.61,1076421.0
2006-07-14,35.3,35.38,33.66,34.29,1296478.0
2006-07-17,34.24,34.7,33.32,33.51,861184.0
2006-07-18,33.58,33.96,32.26,32.94,996597.0
2006-07-19,33.04,35.35,32.78,35.24,1315214.0
2006-07-20,35.37,35.87,34.84,34.99,1087261.0
2006-07-21,35.13,35.13,33.69,34.36,824182.0
2006-07-24,34.37,35.38,34.25,35.05,713850.0
2006-07-25,34.95,35.77,34.62,35.6,776035.0
2006-07-26,35.32,35.94,34.76,35.55,544603.0
2006-07-27,35.07,35.1,32.6,33.37,1958336.0
2006-07-28,33.41,34.33,32.95,34.25,983429.0
2006-07-31,34.11,34.13,32.89,33.52,1231858.0
2006-08-01,33.23,33.44,32.05,32.51,1064799.0
2006-08-02,32.73,33.05,32.19,32.35,1124655.0
2006-08-03,32.06,32.87,31.59,32.7,1040757.0
2006-08-04,32.88,33.66,31.94,32.27,910073.0
2006-08-07,32.28,32.28,31.55,31.67,887693.0
2006-08-08,31.76,31.77,30.29,30.59,1462487.0
2006-08-09,30.88,31.36,29.88,30.12,1034847.0
2006-08-10,30.05,30.97,29.75,30.44,1227388.0
2006-08-11,30.49,30.71,30.05,30.39,769052.0
2006-08-14,30.82,31.5,30.54,30.63,609370.0
2006-08-15,31.35,31.74,30.6,31.57,694012.0
2006-08-16,31.85,32.34,31.74,32.27,711897.0
2006-08-17,32.32,32.94,32.0,32.71,659508.0
2006-08-18,32.79,32.94,32.0,32.71,558348.0
2006-08-21,32.43,33.1,32.04,32.34,718279.0
2006-08-22,32.45,32.99,32.25,32.71,540968.0
2006-08-23,32.87,32.87,32.44,32.74,694077.0
2006-08-24,32.83,33.02,32.04,32.26,442504.0
2006-08-25,33.34,35.74,32.91,35.43,2163585.0
2006-08-28,35.34,35.56,34.88,34.95,972640.0
2006-08-29,34.86,35.15,34.37,34.57,1266942.0
2006-08-30,34.6,35.01,34.31,34.98,1045955.0
2006-08-31,35.67,35.67,34.39,34.45,1090905.0
2006-09-01,34.63,36.31,34.62,36.21,1419113.0
2006-09-05,36.34,36.5,35.79,36.15,855933.0
2006-09-06,36.15,36.2,34.66,34.81,968022.0
2006-09-07,34.85,35.42,34.11,34.74,833230.0
2006-09-08,34.8,35.53,34.75,35.34,1025187.0
2006-09-11,35.19,35.38,34.13,34.82,804751.0
2006-09-12,34.05,34.62,32.77,34.59,2010914.0
2006-09-13,34.38,34.39,33.41,34.34,1661931.0
2006-09-14,34.1,34.42,33.5,33.52,1236098.0
2006-09-15,33.84,33.9,32.63,32.98,5791978.0
2006-09-18,33.11,33.11,32.3,32.6,1567044.0
2006-09-19,32.47,32.92,32.19,32.22,1313039.0
2006-09-20,33.15,33.6,32.76,33.25,2290462.0
2006-09-21,33.2,33.5,32.25,32.83,978828.0
2006-09-22,32.69,32.94,31.61,31.7,1480692.0
2006-09-25,31.6,32.21,31.4,31.65,1574255.0
2006-09-26,31.7,31.8,31.47,31.74,1465647.0
2006-09-27,31.9,32.96,31.71,32.74,1480408.0
2006-09-28,34.15,34.41,33.05,33.39,1916481.0
2006-09-29,33.52,33.78,32.76,33.65,1642153.0
2006-10-02,33.5,34.58,33.33,34.06,2078588.0
2006-10-03,34.0,34.81,33.28,33.99,1375877.0
2006-10-04,33.88,34.9,33.85,34.88,1049322.0
2006-10-05,34.72,36.99,34.53,36.79,2198627.0
2006-10-06,36.79,37.0,36.0,36.71,1582936.0
2006-10-09,36.47,37.35,36.25,37.15,996675.0
2006-10-10,36.8,37.93,34.95,36.11,2384900.0
2006-10-11,35.81,36.58,35.12,35.78,1165122.0
2006-10-12,35.78,36.4,35.53,36.29,821165.0
2006-10-13,36.32,36.36,35.3,36.09,1424682.0
2006-10-16,36.0,36.94,35.64,36.77,952396.0
2006-10-17,36.49,36.79,35.54,36.14,1474005.0
2006-10-18,36.19,37.16,35.91,36.17,1066448.0
2006-10-19,36.56,36.97,36.08,36.24,1354947.0
2006-10-20,36.38,36.46,34.0,34.15,5038622.0
2006-10-23,34.04,34.15,32.95,33.69,2285401.0
2006-10-24,33.49,33.87,32.5,33.32,1561125.0
2006-10-25,33.38,33.75,33.16,33.63,875483.0
2006-10-26,33.79,34.81,33.65,34.57,1501684.0
2006-10-27,40.0,41.56,39.36,40.66,14521674.0
2006-10-30,40.19,40.44,39.25,39.92,2729154.0
2006-10-31,39.81,40.67,39.78,40.6,1744377.0
2006-11-01,40.66,41.01,39.75,39.78,1416048.0
2006-11-02,39.58,39.82,38.83,39.66,1043027.0
2006-11-03,39.81,40.09,38.88,39.56,924296.0
2006-11-06,39.71,40.75,39.44,40.27,1163996.0
2006-11-07,40.37,43.0,40.37,41.95,3105715.0
2006-11-08,41.5,42.92,40.93,41.94,1426826.0
2006-11-09,42.14,42.42,40.82,41.14,1159746.0
2006-11-10,41.06,42.19,40.32,42.12,1634442.0
2006-11-13,42.0,43.45,41.88,42.48,1268769.0
2006-11-14,42.42,43.0,41.84,42.69,1258629.0
2006-11-15,42.89,44.26,42.83,43.96,1780187.0
2006-11-16,44.74,45.0,44.13,44.66,1568436.0
2006-11-17,44.76,44.8,44.04,44.5,1001698.0
2006-11-20,44.31,45.34,44.17,45.12,1375237.0
2006-11-21,44.5,45.2,43.72,44.12,1050529.0
2006-11-22,44.19,45.01,44.0,44.9,770515.0
2006-11-24,44.63,44.99,44.17,44.9,273707.0
2006-11-27,43.28,44.62,42.72,42.95,1687571.0
2006-11-28,42.83,44.03,42.61,43.82,2662164.0
2006-11-29,44.21,44.9,43.63,44.89,1757818.0
2006-11-30,44.82,45.38,43.95,44.3,1513130.0
2006-12-01,44.01,44.62,43.4,44.14,1131880.0
2006-12-04,44.24,44.79,43.39,44.19,1504940.0
2006-12-05,44.5,44.75,44.32,44.54,1765533.0
2006-12-06,44.73,44.98,44.2,44.48,919201.0
2006-12-07,44.41,44.67,43.27,43.59,2052211.0
2006-12-08,43.57,43.57,42.3,43.23,2465285.0
2006-12-11,43.59,43.6,39.49,41.14,5631454.0
2006-12-12,41.2,41.45,39.09,39.4,3010318.0
2006-12-13,36.34,39.65,36.29,38.7,7976813.0
2006-12-14,37.81,39.06,37.81,38.71,3174223.0
2006-12-15,38.89,39.48,38.42,38.93,6487104.0
2006-12-18,38.63,39.24,38.35,38.56,2105296.0
2006-12-19,38.36,38.43,37.38,37.99,1192015.0
2006-12-20,37.89,38.09,37.29,37.45,985899.0
2006-12-21,37.88,38.39,37.31,37.57,1551966.0
2006-12-22,37.51,38.27,37.29,37.51,1256519.0
2006-12-26,37.33,37.58,37.0,37.18,592643.0
2006-12-27,37.44,37.93,37.29,37.39,885417.0
2006-12-28,37.39,38.24,37.17,37.86,960641.0
2006-12-29,37.7,37.8,37.22,37.42,802626.0
2007-01-03,37.78,38.25,36.0,36.9,1804248.0
2007-01-04,36.91,37.38,36.17,36.99,1820594.0
2007-01-05,37.02,37.06,35.78,35.81,1552675.0
2007-01-08,36.0,36.0,33.41,33.55,4602637.0
2007-01-09,33.87,35.09,33.66,33.87,4322442.0
2007-01-10,33.63,35.58,33.55,35.37,2366403.0
2007-01-11,35.5,36.2,35.35,36.05,1542234.0
2007-01-12,36.0,38.34,36.0,37.8,2704951.0
2007-01-16,38.5,38.95,37.82,38.42,2883251.0
2007-01-17,38.12,38.7,37.6,37.89,2062168.0
2007-01-18,38.03,38.42,37.19,37.32,1343189.0
2007-01-19,37.38,37.8,36.84,36.9,1846186.0
2007-01-22,36.98,37.0,35.9,35.95,1996019.0
2007-01-23,35.89,36.27,35.66,36.23,2549307.0
2007-01-24,36.17,36.61,36.0,36.27,983447.0
2007-01-25,36.16,36.21,34.62,35.04,1944727.0
2007-01-26,35.09,35.17,34.24,35.03,1626162.0
2007-01-29,34.8,35.57,34.73,35.31,1391124.0
2007-01-30,35.4,35.92,35.18,35.78,1164709.0
2007-01-31,35.67,35.81,34.89,35.35,1544621.0
2007-02-01,35.23,35.55,34.21,34.8,1605231.0
2007-02-02,35.12,35.13,33.69,33.73,2422219.0
2007-02-05,33.6,33.6,32.44,32.52,2055929.0
2007-02-06,32.7,33.13,32.23,33.09,1590439.0
2007-02-07,33.01,33.65,32.69,33.08,1490456.0
2007-02-08,33.13,33.34,32.73,33.03,935305.0
2007-02-09,32.95,33.15,32.19,32.36,1073565.0
2007-02-12,32.2,32.23,31.65,32.01,893321.0
2007-02-13,31.99,32.54,31.13,31.47,1424641.0
2007-02-14,31.36,32.26,31.36,32.07,1322851.0
2007-02-15,31.96,32.11,31.44,31.55,1143816.0
2007-02-16,31.42,31.66,30.38,30.53,1826164.0
2007-02-20,30.25,31.81,30.05,31.42,1751265.0
2007-02-21,31.35,31.52,31.05,31.43,1179847.0
2007-02-22,31.47,32.36,31.29,32.33,1537978.0
2007-02-23,32.3,32.97,32.1,32.13,2129647.0
2007-02-26,32.1,32.23,31.27,31.62,1241005.0
2007-02-27,31.2,31.85,31.13,31.3,2489697.0
2007-02-28,31.2,31.34,30.61,30.69,2196078.0
2007-03-01,30.36,30.53,29.55,30.03,2172906.0
2007-03-02,29.98,30.15,29.26,29.46,2167160.0
2007-03-05,29.21,30.05,28.81,28.87,1953004.0
2007-03-06,29.2,29.67,28.7,29.51,2344555.0
2007-03-07,29.4,29.6,29.01,29.51,1530763.0
2007-03-08,29.88,29.94,28.95,29.28,1794214.0
2007-03-09,29.18,29.73,29.01,29.29,882444.0
2007-03-12,29.92,30.95,29.69,30.4,1845340.0
2007-03-13,30.12,30.18,29.05,29.11,1494380.0
2007-03-14,28.83,28.89,27.82,28.07,3015514.0
2007-03-15,28.17,28.42,27.8,28.17,1568769.0
2007-03-16,28.09,28.22,26.98,27.09,3011698.0
2007-03-19,27.2,27.78,27.09,27.65,2415464.0
2007-03-20,27.66,28.02,27.31,27.85,1263015.0
2007-03-21,27.86,28.83,27.54,28.36,2479495.0
2007-03-22,28.57,28.9,27.99,28.09,1763980.0
2007-03-23,28.22,28.48,27.81,28.05,955337.0
2007-03-26,28.0,28.19,27.58,27.91,848077.0
2007-03-27,28.29,28.92,27.58,27.59,1707206.0
2007-03-28,27.64,28.07,27.55,27.87,1747945.0
2007-03-29,27.96,28.34,27.68,28.12,1219730.0
2007-03-30,28.16,28.6,27.81,28.04,924620.0
2007-04-02,28.14,28.43,27.7,27.94,1134564.0
2007-04-03,28.13,28.96,28.01,28.89,1265288.0
2007-04-04,29.0,30.0,29.0,29.85,2382714.0
2007-04-05,29.9,31.0,29.84,30.92,2191689.0
2007-04-09,31.0,31.65,30.95,31.56,2225313.0
2007-04-10,31.59,32.48,31.5,32.12,3254385.0
2007-04-11,32.4,32.51,30.6,31.02,2777021.0
2007-04-12,31.24,32.05,31.02,31.55,3259269.0
2007-04-13,31.25,31.41,28.96,30.16,6050172.0
2007-04-16,28.65,29.93,28.27,29.93,8893749.0
2007-04-17,30.0,32.2,29.7,31.68,6076499.0
2007-04-18,31.68,31.99,31.15,31.65,2364102.0
2007-04-19,31.52,31.66,30.95,31.04,3381022.0
2007-04-20,31.47,31.99,31.09,31.88,2567073.0
2007-04-23,31.33,31.86,30.84,31.54,2078086.0
2007-04-24,31.55,31.55,30.75,31.21,1262761.0
2007-04-25,31.04,31.34,30.76,31.33,2060576.0
2007-04-26,31.07,31.5,30.89,31.44,1125321.0
2007-04-27,31.32,31.55,31.0,31.36,980914.0
2007-04-30,31.43,31.53,30.7,30.74,1211173.0
2007-05-01,30.75,30.89,29.67,30.19,2136610.0
2007-05-02,30.18,31.0,30.08,30.73,1557626.0
2007-05-03,30.6,30.85,30.15,30.77,825460.0
2007-05-04,30.84,30.97,30.1,30.47,805899.0
2007-05-07,30.68,30.76,30.33,30.42,1196268.0
2007-05-08,30.31,30.42,29.63,30.26,1901704.0
2007-05-09,30.1,30.76,29.94,30.63,2265238.0
2007-05-10,30.37,30.45,29.48,29.63,2017869.0
2007-05-11,29.58,30.12,29.4,30.07,1569669.0
2007-05-14,30.05,30.75,29.95,30.42,1522394.0
2007-05-15,30.47,32.06,30.23,31.68,3894209.0
2007-05-16,31.73,32.37,31.34,32.35,2156794.0
2007-05-17,32.19,32.26,31.19,31.4,1838086.0
2007-05-18,31.41,31.56,30.83,31.46,1950966.0
2007-05-21,31.46,31.92,31.3,31.61,1220531.0
2007-05-22,31.55,31.75,31.35,31.45,1091492.0
2007-05-23,31.55,31.74,31.0,31.46,1682118.0
2007-05-24,31.34,31.45,30.4,30.58,2141826.0
2007-05-25,30.6,30.84,30.31,30.65,719523.0
2007-05-29,30.47,30.75,30.14,30.51,934807.0
2007-05-30,30.44,30.49,29.89,30.13,1363923.0
2007-05-31,30.03,30.16,29.52,29.9,1821997.0
2007-06-01,29.93,30.25,29.44,29.66,1562541.0
2007-06-04,29.48,30.04,29.32,29.47,1367715.0
2007-06-05,29.43,29.69,29.02,29.53,1238836.0
2007-06-06,29.48,29.48,28.66,28.75,1466005.0
2007-06-07,28.55,28.74,27.72,28.08,1845414.0
2007-06-08,27.8,28.08,27.38,27.73,1923558.0
2007-06-11,27.82,27.82,27.05,27.17,1743770.0
2007-06-12,27.18,27.4,26.63,26.89,2291200.0
2007-06-13,26.9,27.47,26.71,27.35,3000885.0
2007-06-14,27.35,27.84,27.3,27.32,1975239.0
2007-06-15,27.74,28.02,27.51,27.69,2682077.0
2007-06-18,27.64,27.79,27.18,27.37,1341991.0
2007-06-19,27.2,27.36,27.07,27.27,1467100.0
2007-06-20,27.22,27.46,27.0,27.22,1760364.0
2007-06-21,27.18,27.22,26.76,26.87,1949379.0
2007-06-22,26.92,26.93,25.94,26.2,2315266.0
2007-06-25,26.01,26.44,25.61,26.05,1715472.0
2007-06-26,26.66,27.09,26.09,26.39,2703052.0
2007-06-27,26.36,28.14,26.2,28.1,3138513.0
2007-06-28,28.12,28.88,28.0,28.62,2767257.0
2007-06-29,28.8,28.98,28.21,28.56,2032562.0
2007-07-02,28.59,28.95,28.04,28.39,1408079.0
2007-07-03,28.36,28.59,28.06,28.16,659523.0
2007-07-05,28.3,28.83,27.55,28.71,2278606.0
2007-07-06,28.65,28.79,28.26,28.74,888135.0
2007-07-09,28.75,28.75,28.01,28.44,1642840.0
2007-07-10,28.31,28.86,28.05,28.51,1098053.0
2007-07-11,28.51,28.53,27.97,28.25,1598379.0
2007-07-12,28.44,29.5,28.19,29.4,1636548.0
2007-07-13,29.37,29.49,28.8,29.15,1219157.0
2007-07-16,29.17,29.17,28.67,28.86,775552.0
2007-07-17,28.81,29.09,28.62,28.9,939478.0
2007-07-18,28.83,29.23,28.56,29.15,1204468.0
2007-07-19,29.51,29.86,29.1,29.64,1461703.0
2007-07-20,29.84,29.84,29.0,29.32,2122689.0
2007-07-23,29.52,29.6,28.9,29.24,1341937.0
2007-07-24,29.09,29.99,28.88,29.72,2363789.0
2007-07-25,30.19,33.0,30.15,32.98,6130933.0
2007-07-26,32.91,33.85,32.39,32.83,3929542.0
2007-07-27,32.88,33.1,31.85,32.44,2949178.0
2007-07-30,32.4,32.85,32.09,32.6,2860235.0
2007-07-31,32.9,33.25,32.3,32.3,1986025.0
2007-08-01,32.2,32.76,31.98,32.6,1681426.0
2007-08-02,32.88,33.23,32.54,33.17,1311566.0
2007-08-03,33.24,33.76,32.83,33.22,2607339.0
2007-08-06,33.49,36.24,33.23,35.76,4501485.0
2007-08-07,35.62,38.25,35.45,37.69,5785940.0
2007-08-08,37.99,39.8,37.4,38.5,4504965.0
2007-08-09,37.6,39.18,37.48,38.19,4071733.0
2007-08-10,37.97,38.0,35.5,36.59,4120466.0
2007-08-13,37.0,37.04,35.5,35.95,1822654.0
2007-08-14,36.2,36.29,35.0,35.1,1225955.0
2007-08-15,34.9,36.76,34.7,34.9,1737668.0
2007-08-16,34.7,36.21,34.23,35.73,2280867.0
2007-08-17,35.75,36.91,35.0,36.87,2261047.0
2007-08-20,36.45,36.91,35.9,36.8,1516625.0
2007-08-21,36.56,38.0,36.56,37.41,1405155.0
2007-08-22,37.9,37.93,36.8,36.96,931705.0
2007-08-23,37.0,37.32,36.13,36.38,926103.0
2007-08-24,36.25,37.36,36.25,37.34,857620.0
2007-08-27,37.26,37.79,36.86,36.89,768606.0
2007-08-28,36.71,36.93,36.0,36.2,952238.0
2007-08-29,36.51,37.71,35.95,37.66,1149535.0
2007-08-30,37.39,38.81,37.2,38.12,1484918.0
2007-08-31,38.73,39.01,38.05,38.96,949422.0
2007-09-04,39.27,39.95,39.26,39.56,1997955.0
2007-09-05,39.54,40.1,39.5,39.98,1755294.0
2007-09-06,40.25,41.42,40.18,40.5,1196477.0
2007-09-07,40.29,40.6,39.5,39.75,1198417.0
2007-09-10,39.59,40.5,39.13,39.85,719692.0
2007-09-11,40.23,40.52,39.84,40.39,718173.0
2007-09-12,39.96,41.0,39.79,40.56,590961.0
2007-09-13,40.97,40.99,39.65,40.1,780513.0
2007-09-14,39.75,40.59,39.45,40.4,1122592.0
2007-09-17,40.04,40.3,38.29,38.39,1420412.0
2007-09-18,38.71,39.4,38.33,39.37,1446961.0
2007-09-19,39.36,40.1,37.33,38.68,3042562.0
2007-09-20,38.37,39.33,38.33,38.72,1236137.0
2007-09-21,38.77,39.34,38.24,38.24,1737459.0
2007-09-24,38.36,38.69,37.63,38.65,902551.0
2007-09-25,38.61,38.86,38.06,38.51,1100769.0
2007-09-26,38.8,39.2,37.88,37.99,1155362.0
2007-09-27,37.99,38.23,37.61,38.0,1219487.0
2007-09-28,37.06,38.41,36.82,38.41,2563439.0
2007-10-01,38.46,39.48,38.41,38.98,2244232.0
2007-10-02,39.03,39.03,37.22,37.46,1745673.0
2007-10-03,37.47,37.98,37.13,37.27,1143117.0
2007-10-04,37.23,37.91,37.05,37.41,1026476.0
2007-10-05,37.56,37.56,36.58,37.36,1497664.0
2007-10-08,37.36,37.36,35.97,36.59,1286623.0
2007-10-09,36.49,36.51,35.14,35.63,1698013.0
2007-10-10,35.48,36.6,35.4,36.35,1684700.0
2007-10-11,36.35,37.23,36.12,36.28,1237518.0
2007-10-12,36.24,36.97,35.36,35.77,1363637.0
2007-10-15,35.55,36.51,35.55,36.08,1190152.0
2007-10-16,36.0,36.41,35.61,35.81,1138393.0
2007-10-17,36.16,36.44,34.86,35.82,991244.0
2007-10-18,32.7,33.0,28.78,31.1,16416317.0
2007-10-19,30.78,31.53,29.5,30.73,3391048.0
2007-10-22,30.56,32.2,30.17,31.82,2934788.0
2007-10-23,31.52,32.26,31.15,32.26,2022531.0
2007-10-24,31.94,32.29,31.03,31.87,1779586.0
2007-10-25,32.3,32.6,31.65,32.3,1720253.0
2007-10-26,32.56,32.79,31.85,32.31,1459637.0
2007-10-29,32.09,32.94,32.0,32.94,1452418.0
2007-10-30,31.66,32.49,31.62,31.94,2496755.0
2007-10-31,31.94,32.39,31.29,32.34,1909729.0
2007-11-01,32.3,32.34,31.5,31.64,1711320.0
2007-11-02,28.8,29.87,26.65,28.9,9227730.0
2007-11-05,25.97,26.0,22.92,24.08,11767034.0
2007-11-06,24.01,26.25,24.01,25.05,6810476.0
2007-11-07,24.81,25.28,24.38,24.77,3103214.0
2007-11-08,25.88,26.12,24.77,25.56,3601782.0
2007-11-09,25.15,26.31,24.83,25.42,2379245.0
2007-11-12,25.4,26.99,25.1,26.06,2669203.0
2007-11-13,26.06,26.34,25.4,26.23,2269336.0
2007-11-14,26.08,26.66,25.61,25.96,1746141.0
2007-11-15,26.0,27.15,25.72,26.12,2142468.0
2007-11-16,26.33,26.51,25.68,25.71,1536551.0
2007-11-19,25.63,25.63,24.84,25.08,2475310.0
2007-11-20,25.35,25.86,23.87,24.57,2825497.0
2007-11-21,23.1,23.82,22.95,23.54,3420484.0
2007-11-23,23.51,24.1,23.35,24.0,730235.0
2007-11-26,24.08,24.53,23.67,23.76,1215741.0
2007-11-27,24.11,24.54,23.54,24.22,1796894.0
2007-11-28,24.55,25.24,24.35,25.12,1796074.0
2007-11-29,25.08,25.24,24.61,25.1,1183835.0
2007-11-30,25.3,25.58,25.05,25.39,1482646.0
2007-12-03,25.04,25.26,24.61,25.0,1491150.0
2007-12-04,24.95,25.22,24.7,24.82,1570953.0
2007-12-05,25.29,25.7,25.1,25.5,1607494.0
2007-12-06,25.45,26.06,25.1,25.91,1615275.0
2007-12-07,25.69,26.05,25.23,25.49,1048623.0
2007-12-10,25.49,25.72,25.09,25.47,1619421.0
2007-12-11,25.41,26.06,25.07,25.17,1756277.0
2007-12-12,25.79,25.94,24.75,25.13,2128651.0
2007-12-13,24.25,25.07,24.19,24.92,1166032.0
2007-12-14,24.75,25.01,24.48,24.85,1103659.0
2007-12-17,24.98,25.18,24.38,24.39,1477940.0
2007-12-18,24.44,25.06,24.28,24.93,1391919.0
2007-12-19,24.82,25.18,24.47,24.82,1017816.0
2007-12-20,25.0,25.1,24.58,24.99,1374983.0
2007-12-21,25.49,25.8,24.48,24.92,2463025.0
2007-12-24,24.91,25.0,24.57,24.91,446448.0
2007-12-26,24.7,25.0,24.64,24.78,963817.0
2007-12-27,24.85,24.95,23.77,23.84,1172354.0
2007-12-28,23.94,24.2,23.05,23.47,1446452.0
2007-12-31,23.2,23.64,22.8,23.23,1518121.0
2008-01-02,23.25,23.51,22.93,23.15,1421587.0
2008-01-03,21.86,22.64,20.71,21.44,5570612.0
2008-01-04,21.3,22.2,20.92,21.5,3378595.0
2008-01-07,21.26,21.57,20.74,20.94,2337184.0
2008-01-08,20.96,22.18,20.85,21.86,2756631.0
2008-01-09,21.6,21.96,21.29,21.71,2279775.0
2008-01-10,21.56,22.64,21.56,22.36,1925193.0
2008-01-11,22.08,22.89,22.0,22.6,1447861.0
2008-01-14,22.89,22.91,22.29,22.41,1592886.0
2008-01-15,21.16,23.05,21.15,22.73,2423888.0
2008-01-16,24.08,24.67,23.34,23.7,3553058.0
2008-01-17,23.89,24.27,23.14,23.52,2668663.0
2008-01-18,23.38,23.52,22.42,22.83,2820717.0
2008-01-22,22.26,23.01,22.11,22.37,1769644.0
2008-01-23,20.2,21.45,19.13,20.02,8026293.0
2008-01-24,19.75,19.85,18.8,19.26,4580311.0
2008-01-25,19.39,19.39,18.81,19.17,3596684.0
2008-01-28,19.22,20.6,19.12,20.26,2442778.0
2008-01-29,20.5,21.3,20.47,20.65,2116707.0
2008-01-30,20.51,20.66,20.06,20.06,1639895.0
2008-01-31,20.14,20.44,19.92,20.36,1570259.0
2008-02-01,20.51,20.86,19.86,20.57,1630917.0
2008-02-04,20.49,20.59,20.08,20.3,1888475.0
2008-02-05,20.07,20.09,19.47,19.64,1780476.0
2008-02-06,19.86,19.86,19.02,19.38,2490726.0
2008-02-07,19.25,19.38,18.48,19.01,2258578.0
2008-02-08,18.96,19.25,17.59,18.1,3577800.0
2008-02-11,18.25,18.26,17.86,18.21,2202295.0
2008-02-12,16.38,17.29,16.04,17.14,12941958.0
2008-02-13,18.35,19.54,18.12,19.14,10082568.0
2008-02-14,19.01,19.13,18.35,18.48,3569315.0
2008-02-15,18.35,18.5,17.79,18.39,3104228.0
2008-02-19,18.6,18.6,17.79,17.8,3475780.0
2008-02-20,17.69,18.08,17.37,18.06,3356762.0
2008-02-21,18.0,18.11,17.62,17.73,3531465.0
2008-02-22,17.65,18.14,17.57,18.09,3810995.0
2008-02-25,18.27,19.57,18.19,18.48,6400802.0
2008-02-26,18.5,19.52,18.22,19.14,3013129.0
2008-02-27,19.16,19.23,18.38,18.62,1732426.0
2008-02-28,18.52,18.77,18.2,18.42,1636765.0
2008-02-29,18.25,18.35,17.18,17.5,3363941.0
2008-03-03,17.48,17.89,17.36,17.58,1673093.0
2008-03-04,17.53,17.53,16.94,17.41,1894673.0
2008-03-05,17.42,17.69,16.81,16.95,2056759.0
2008-03-06,16.86,17.18,15.91,15.92,2660599.0
2008-03-07,15.86,16.2,15.47,16.06,3356747.0
2008-03-10,16.03,16.03,14.52,14.59,3226038.0
2008-03-11,15.1,15.16,13.84,14.82,5009600.0
2008-03-12,14.99,16.0,14.95,15.5,4424299.0
2008-03-13,15.49,15.62,14.99,15.3,4081101.0
2008-03-14,15.43,15.53,14.89,15.44,3261780.0
2008-03-17,15.07,15.36,14.54,14.72,2366069.0
2008-03-18,14.9,15.04,14.22,15.02,3066477.0
2008-03-19,14.97,15.86,14.97,15.55,3306590.0
2008-03-20,15.55,16.54,15.45,16.46,4214843.0
2008-03-24,16.47,18.11,16.47,17.89,3678439.0
2008-03-25,18.0,18.66,17.9,18.2,3018758.0
2008-03-26,18.08,18.42,17.67,17.83,1546434.0
2008-03-27,18.24,20.17,18.1,19.23,5029576.0
2008-03-28,19.27,19.47,18.55,18.66,2600762.0
2008-03-31,20.34,24.2,19.99,23.89,17812387.0
2008-04-01,23.4,25.6,23.4,25.41,9992071.0
2008-04-02,25.31,25.52,24.59,24.81,4340208.0
2008-04-03,24.92,25.92,24.59,25.4,2867826.0
2008-04-04,25.54,26.55,25.44,26.29,3337176.0
2008-04-07,26.24,26.43,25.77,25.9,1514196.0
2008-04-08,25.85,26.29,25.6,26.09,1607990.0
2008-04-09,26.34,26.51,25.36,26.49,2691680.0
2008-04-10,26.56,27.24,26.15,26.29,3381236.0
2008-04-11,26.2,26.29,25.38,25.65,1411209.0
2008-04-14,25.65,26.03,25.15,25.9,1810431.0
2008-04-15,25.89,26.13,24.88,25.9,2438476.0
2008-04-16,25.87,26.42,25.75,26.07,1828255.0
2008-04-17,26.0,26.69,25.47,25.47,1650649.0
2008-04-18,25.95,26.38,25.3,25.76,2237275.0
2008-04-21,25.7,26.73,25.49,26.33,1779300.0
2008-04-22,26.65,28.66,26.54,27.0,4155300.0
2008-04-23,27.3,27.44,25.09,25.95,3974088.0
2008-04-24,24.9,25.34,23.75,24.9,4737581.0
2008-04-25,24.85,25.73,24.49,25.72,2523351.0
2008-04-28,26.0,26.2,24.89,25.77,3078392.0
2008-04-29,25.91,26.64,25.8,26.39,2330037.0
2008-04-30,26.37,26.66,25.28,25.52,1886370.0
2008-05-01,25.71,26.62,25.47,26.5,1364326.0
2008-05-02,26.62,26.9,25.93,26.29,1051835.0
2008-05-05,26.35,26.46,25.72,26.28,987978.0
2008-05-06,26.2,26.64,25.91,26.39,1284542.0
2008-05-07,26.33,26.5,25.22,25.5,1353235.0
2008-05-08,25.7,26.91,25.7,26.53,1726663.0
2008-05-09,26.26,27.18,26.0,26.9,1910949.0
2008-05-12,27.01,27.8,26.99,27.7,1353607.0
2008-05-13,27.7,27.7,26.61,26.92,1821278.0
2008-05-14,27.08,27.5,26.6,27.01,1894044.0
2008-05-15,27.11,28.08,26.95,27.86,1671407.0
2008-05-16,27.99,28.03,27.1,27.66,1261802.0
2008-05-19,27.51,28.31,27.43,27.48,979224.0
2008-05-20,27.87,28.14,27.24,27.48,1240662.0
2008-05-21,26.57,26.75,25.01,26.07,4076429.0
2008-05-22,26.15,27.26,26.15,27.01,1609498.0
2008-05-23,26.99,27.14,26.08,26.38,1097255.0
2008-05-27,26.4,27.34,26.31,27.24,949254.0
2008-05-28,27.23,27.24,26.5,26.96,850558.0
2008-05-29,26.98,28.62,26.96,28.45,1623974.0
2008-05-30,28.31,28.81,28.0,28.63,1647401.0
2008-06-02,28.41,28.69,27.87,28.55,1976500.0
2008-06-03,28.78,29.78,28.57,29.53,3594284.0
2008-06-04,27.65,29.38,27.23,28.85,3545450.0
2008-06-05,31.29,33.17,31.05,32.63,8367553.0
2008-06-06,32.58,33.0,32.14,32.24,3527908.0
2008-06-09,34.45,34.97,32.25,33.06,5871966.0
2008-06-10,33.1,33.65,32.96,33.14,2748623.0
2008-06-11,33.08,33.29,31.93,31.97,2604981.0
2008-06-12,32.39,32.94,31.93,32.08,2147839.0
2008-06-13,32.47,33.56,32.1,33.56,2202716.0
2008-06-16,33.21,33.49,32.62,33.49,2081006.0
2008-06-17,33.5,33.52,32.87,33.49,1146746.0
2008-06-18,33.12,33.83,33.12,33.2,2076964.0
2008-06-19,33.2,34.15,33.13,33.9,1805002.0
2008-06-20,33.6,34.14,32.87,33.36,3194393.0
2008-06-23,33.65,33.91,31.66,31.66,3398919.0
2008-06-24,31.38,31.91,30.78,31.08,3365278.0
2008-06-25,31.18,33.3,31.05,32.9,2470405.0
2008-06-26,32.38,32.96,32.17,32.57,1733944.0
2008-06-27,32.39,32.76,31.9,32.5,2032152.0
2008-06-30,32.29,33.94,32.18,33.47,1950258.0
2008-07-01,33.35,34.47,32.86,34.31,3177002.0
2008-07-02,34.22,34.94,33.98,34.03,2748092.0
2008-07-03,34.31,34.41,33.09,33.97,1282560.0
2008-07-07,34.04,34.34,32.17,33.07,2262073.0
2008-07-08,32.9,34.68,32.73,34.68,1771767.0
2008-07-09,34.68,35.0,33.55,33.67,2143310.0
2008-07-10,33.67,33.67,32.68,33.5,1949986.0
2008-07-11,32.97,33.63,32.77,33.19,1579274.0
2008-07-14,33.52,33.61,32.12,32.37,2067767.0
2008-07-15,32.1,33.23,31.64,32.23,3868192.0
2008-07-16,32.05,33.54,31.87,32.96,2226641.0
2008-07-17,33.39,34.18,32.31,32.56,3232127.0
2008-07-18,32.4,32.59,31.64,31.92,2600215.0
2008-07-21,31.89,33.38,31.66,31.72,1634874.0
2008-07-22,31.64,31.99,30.88,31.52,1865188.0
2008-07-23,31.43,33.13,31.32,32.76,1891496.0
2008-07-24,32.57,32.89,31.43,31.51,3005027.0
2008-07-25,31.61,32.66,31.2,32.58,1461170.0
2008-07-28,32.35,33.61,31.81,32.07,2004395.0
2008-07-29,32.49,33.22,32.28,33.01,1576569.0
2008-07-30,32.97,33.35,31.31,33.18,2066071.0
2008-07-31,33.11,34.99,33.11,34.5,4242976.0
2008-08-01,33.09,34.58,32.6,32.7,4275723.0
2008-08-04,28.08,30.01,27.73,29.95,9966614.0
2008-08-05,30.5,31.25,30.49,31.25,2828830.0
2008-08-06,30.67,31.56,30.27,31.54,2332807.0
2008-08-07,31.3,31.47,28.27,28.97,4018083.0
2008-08-08,29.89,29.93,28.7,28.89,3345943.0
2008-08-11,28.76,29.27,28.26,29.27,2454402.0
2008-08-12,29.29,30.35,29.03,29.91,3063472.0
2008-08-13,29.62,30.22,28.51,28.87,2654487.0
2008-08-14,29.02,30.08,29.01,29.97,3518578.0
2008-08-15,30.0,30.06,28.32,28.46,2382187.0
2008-08-18,29.12,29.12,27.47,27.72,2535805.0
2008-08-19,27.79,28.47,27.38,28.1,3131005.0
2008-08-20,28.1,28.41,26.03,26.32,4130843.0
2008-08-21,26.52,26.99,25.97,26.82,3106305.0
2008-08-22,27.0,27.2,26.62,27.08,2066052.0
2008-08-25,26.85,27.17,26.37,26.65,1633849.0
2008-08-26,26.51,27.44,26.5,27.23,1838736.0
2008-08-27,27.47,27.48,26.65,27.03,1794947.0
2008-08-28,27.2,27.36,26.85,27.29,1072126.0
2008-08-29,27.16,27.16,26.62,26.86,1114786.0
2008-09-02,27.35,28.22,26.52,26.73,1789463.0
2008-09-03,26.26,26.5,25.44,26.32,5224101.0
2008-09-04,26.02,26.48,25.6,25.6,2969633.0
2008-09-05,25.89,26.51,25.35,26.24,2715033.0
2008-09-08,26.37,26.93,25.67,25.92,1910426.0
2008-09-09,25.83,26.34,25.75,25.86,2184961.0
2008-09-10,26.23,27.06,25.36,26.94,2863249.0
2008-09-11,26.57,28.36,26.32,28.01,2882662.0
2008-09-12,27.73,28.0,26.93,27.0,1972014.0
2008-09-15,26.1,27.74,25.87,26.53,2829012.0
2008-09-16,26.06,28.25,26.06,28.15,2614865.0
2008-09-17,27.65,28.83,26.41,26.57,2759142.0
2008-09-18,25.81,28.05,24.62,27.91,6450006.0
2008-09-19,28.64,29.89,26.87,29.25,4831566.0
2008-09-22,28.86,29.25,27.67,27.67,1482808.0
2008-09-23,27.87,28.14,26.84,27.3,1521219.0
2008-09-24,27.82,32.43,27.7,31.66,6715226.0
2008-09-25,32.01,33.58,31.62,33.06,3965539.0
2008-09-26,32.94,34.71,32.58,33.9,4327807.0
2008-09-29,33.22,34.14,32.5,33.0,3247473.0
2008-09-30,33.82,33.99,31.29,33.24,4558379.0
2008-10-01,33.08,33.19,32.2,32.65,1688049.0
2008-10-02,32.63,33.11,30.85,30.86,2373451.0
2008-10-03,30.86,32.55,29.02,29.1,3400939.0
2008-10-06,29.21,29.21,24.26,27.88,5428305.0
2008-10-07,27.4,28.48,26.36,26.66,2674848.0
2008-10-08,25.53,27.52,24.82,26.57,3218557.0
2008-10-09,26.91,27.98,25.49,26.06,2648953.0
2008-10-10,24.58,26.5,23.03,25.44,4488442.0
2008-10-13,26.01,29.11,25.69,28.89,2366001.0
2008-10-14,28.98,29.31,27.5,27.6,3051384.0
2008-10-15,27.16,28.2,24.52,24.78,3101622.0
2008-10-16,24.99,25.8,23.56,25.8,3258490.0
2008-10-17,25.29,27.82,24.3,25.68,2432843.0
2008-10-20,26.06,26.38,23.42,26.05,3117727.0
2008-10-21,25.75,26.29,24.28,24.46,1444488.0
2008-10-22,24.23,24.32,22.47,22.76,2509078.0
2008-10-23,22.93,23.5,20.41,21.66,2560418.0
2008-10-24,20.08,21.51,19.29,20.97,1766099.0
2008-10-27,21.06,22.37,20.5,21.21,2268281.0
2008-10-28,21.09,22.38,18.43,20.72,4075590.0
2008-10-29,20.4,23.77,19.93,22.3,3628876.0
2008-10-30,22.73,25.01,22.38,24.73,2678991.0
2008-10-31,24.61,26.36,24.11,26.21,2352768.0
2008-11-03,26.83,27.57,26.37,26.88,1991411.0
2008-11-04,27.35,28.58,26.22,28.54,2166559.0
2008-11-05,28.65,28.85,27.19,27.52,1785075.0
2008-11-06,26.75,27.53,26.47,26.89,1647389.0
2008-11-07,27.2,27.74,26.78,27.74,1332646.0
2008-11-10,28.15,29.0,27.14,27.3,1217337.0
2008-11-11,26.82,27.61,26.51,27.01,1591853.0
2008-11-12,26.55,27.37,26.48,26.7,2090692.0
2008-11-13,27.08,28.95,26.39,28.95,3129142.0
2008-11-14,28.3,28.83,27.31,27.5,2435092.0
2008-11-17,27.13,27.58,26.5,26.67,2770037.0
2008-11-18,26.53,26.93,25.6,26.32,2326125.0
2008-11-19,25.8,27.1,23.22,23.37,3630191.0
2008-11-20,23.4,23.55,21.7,22.17,3405234.0
2008-11-21,22.23,22.31,19.87,21.14,2943612.0
2008-11-24,21.54,22.71,21.21,22.59,2267963.0
2008-11-25,22.01,23.15,21.67,23.02,1919317.0
2008-11-26,22.74,24.74,22.13,24.67,1590470.0
2008-11-28,24.43,24.59,23.79,24.59,419605.0
2008-12-01,24.21,24.57,21.18,21.21,2535285.0
2008-12-02,21.67,22.42,20.94,22.08,2053969.0
2008-12-03,21.57,23.56,21.37,23.34,1573338.0
2008-12-04,22.8,23.18,21.87,22.32,1298619.0
2008-12-05,22.17,24.1,21.31,24.05,1644501.0
2008-12-08,24.37,25.3,23.8,25.05,1607924.0
2008-12-09,24.83,25.68,24.16,24.45,1537133.0
2008-12-10,24.71,26.0,24.71,24.98,1858648.0
2008-12-11,24.97,26.06,24.5,24.65,1393812.0
2008-12-12,24.29,25.92,24.0,25.81,883720.0
2008-12-15,26.04,26.2,24.73,25.17,1046120.0
2008-12-16,25.5,28.0,25.16,27.97,1833161.0
2008-12-17,27.23,28.58,27.05,27.64,2519240.0
2008-12-18,28.25,29.16,27.91,29.16,2246183.0
2008-12-19,29.61,30.45,29.16,29.82,2924714.0
2008-12-22,29.74,29.94,27.98,28.87,1308325.0
2008-12-23,28.98,29.6,28.78,29.17,1012022.0
2008-12-24,29.04,29.41,28.6,28.99,279485.0
2008-12-26,29.24,29.58,28.68,29.5,433114.0
2008-12-29,29.26,29.5,28.05,28.75,716939.0
2008-12-30,28.98,30.47,28.52,30.41,1302498.0
2008-12-31,30.5,30.97,29.85,30.38,1166406.0
2009-01-02,30.27,30.73,29.57,30.69,1216543.0
2009-01-05,30.63,32.27,30.24,32.15,2331516.0
2009-01-06,31.92,32.65,30.75,31.63,2055577.0
2009-01-07,31.21,31.85,30.78,31.52,1703203.0
2009-01-08,31.46,31.77,30.33,31.77,1867572.0
2009-01-09,31.85,31.85,29.5,29.91,1752791.0
2009-01-12,30.04,30.3,28.86,29.52,1549731.0
2009-01-13,29.62,31.72,29.33,31.23,2139604.0
2009-01-14,30.76,31.54,29.85,30.03,1726580.0
2009-01-15,30.11,31.1,29.17,30.86,1626149.0
2009-01-16,31.0,31.36,30.07,30.75,2045695.0
2009-01-20,30.84,31.99,29.38,29.48,2449586.0
2009-01-21,29.91,31.6,29.78,31.53,2656564.0
2009-01-22,30.76,31.75,30.5,30.98,1387664.0
2009-01-23,30.45,31.7,30.27,30.94,1106219.0
2009-01-26,31.01,32.13,31.01,31.43,1427863.0
2009-01-27,31.56,31.89,31.03,31.64,1800676.0
2009-01-28,31.59,32.99,31.44,32.54,1371601.0
2009-01-29,32.3,33.98,32.19,33.72,2793734.0
2009-01-30,33.67,33.84,32.98,33.05,1948491.0
2009-02-02,32.85,32.98,32.29,32.75,2389226.0
2009-02-03,32.79,33.24,31.99,33.2,1845459.0
2009-02-04,32.89,34.17,32.89,33.39,1432355.0
2009-02-05,33.1,34.2,32.91,33.96,1490344.0
2009-02-06,35.01,35.97,34.59,35.0,2794756.0
2009-02-09,34.67,34.8,32.94,33.53,2141866.0
2009-02-10,33.2,33.2,30.66,31.49,3578544.0
2009-02-11,31.62,32.26,31.27,31.88,1454598.0
2009-02-12,31.56,33.29,31.46,33.29,1720535.0
2009-02-13,33.3,33.7,32.73,33.29,1314459.0
2009-02-17,32.52,33.49,32.36,33.1,1746789.0
2009-02-18,33.27,33.35,32.1,32.56,1358007.0
2009-02-19,33.1,34.34,33.0,33.7,4705583.0
2009-02-20,33.34,33.8,32.88,33.06,2636404.0
2009-02-23,33.18,33.5,32.82,32.89,2271338.0
2009-02-24,33.15,33.68,32.81,33.58,2330808.0
2009-02-25,33.43,34.25,32.76,33.06,2433892.0
2009-02-26,33.13,33.46,32.18,33.0,3801957.0
2009-02-27,32.46,32.72,29.56,30.14,5051173.0
2009-03-02,28.86,29.16,26.67,27.23,3768199.0
2009-03-03,27.23,28.48,27.23,27.96,3206217.0
2009-03-04,29.14,29.39,27.44,28.03,3649607.0
2009-03-05,28.17,28.69,27.48,27.96,2737642.0
2009-03-06,28.04,28.59,27.56,27.77,2977870.0
2009-03-09,27.55,28.25,26.89,26.96,1942784.0
2009-03-10,27.45,28.75,27.12,28.44,2562657.0
2009-03-11,28.57,29.02,27.05,27.15,2262803.0
2009-03-12,27.07,29.53,27.0,29.26,2003912.0
2009-03-13,29.26,29.6,28.46,29.1,1730856.0
2009-03-16,28.5,29.65,27.34,27.46,3328908.0
2009-03-17,27.64,28.9,27.42,28.76,2790762.0
2009-03-18,28.9,29.8,28.35,29.5,4144782.0
2009-03-19,29.75,30.0,28.75,29.33,2208210.0
2009-03-20,29.68,30.14,28.69,28.79,3884315.0
2009-03-23,29.5,30.29,29.04,30.12,1765668.0
2009-03-24,29.64,30.22,29.23,29.32,1280891.0
2009-03-25,29.66,30.02,28.37,29.17,1509818.0
2009-03-26,29.54,30.19,29.11,30.18,2808373.0
2009-03-27,29.76,30.0,29.39,29.43,1558112.0
2009-03-30,29.32,29.41,28.22,28.67,2371670.0
2009-03-31,28.5,29.33,28.36,28.73,1918344.0
2009-04-01,28.06,28.52,27.81,28.48,1787511.0
2009-04-02,28.45,28.83,28.17,28.34,1905034.0
2009-04-03,27.95,28.75,26.91,27.33,1968447.0
2009-04-06,26.92,27.24,26.42,27.05,2014436.0
2009-04-07,26.77,26.81,26.03,26.23,1428198.0
2009-04-08,26.69,26.75,26.14,26.56,1758069.0
2009-04-09,26.9,27.17,26.43,26.87,1718024.0
2009-04-13,26.5,27.36,26.42,27.31,1579984.0
2009-04-14,27.31,28.92,27.02,27.45,3738748.0
2009-04-15,27.19,27.43,26.56,27.06,2081979.0
2009-04-16,27.37,28.37,27.11,27.83,2329068.0
2009-04-17,27.93,28.43,27.27,28.03,2336271.0
2009-04-20,27.43,28.22,27.43,27.61,2309001.0
2009-04-21,27.65,27.98,26.41,27.02,2047952.0
2009-04-22,26.61,27.65,26.51,26.83,1996793.0
2009-04-23,26.0,26.73,25.94,26.62,2331989.0
2009-04-24,26.92,27.3,26.38,27.04,2375380.0
2009-04-27,27.3,29.39,27.3,29.02,3719771.0
2009-04-28,28.85,32.2,28.58,31.88,6068462.0
2009-04-29,32.26,32.35,31.26,32.1,2575241.0
2009-04-30,32.46,32.8,30.45,30.82,3179317.0
2009-05-01,30.83,30.86,29.85,30.26,1689627.0
2009-05-04,30.5,31.0,29.78,30.51,1563599.0
2009-05-05,30.6,30.6,29.63,30.2,1431082.0
2009-05-06,30.22,30.32,28.67,28.79,2025297.0
2009-05-07,28.71,29.26,28.57,29.09,2064511.0
2009-05-08,28.89,30.65,28.89,30.45,2303980.0
2009-05-11,30.02,30.95,29.63,30.68,2069046.0
2009-05-12,31.0,31.05,29.71,29.93,1398120.0
2009-05-13,29.74,30.12,28.73,28.98,1600762.0
2009-05-14,29.09,29.8,28.55,28.96,1875820.0
2009-05-15,28.73,28.96,28.12,28.54,1203432.0
2009-05-18,28.6,29.14,28.07,29.1,1518685.0
2009-05-19,29.0,29.47,28.7,29.34,1227681.0
2009-05-20,29.44,29.55,29.03,29.47,2285132.0
2009-05-21,29.36,29.44,28.56,28.85,1912424.0
2009-05-22,28.87,29.14,28.61,29.05,1156060.0
2009-05-26,28.51,29.81,28.15,29.62,1514201.0
2009-05-27,29.59,29.93,29.05,29.16,2532524.0
2009-05-28,29.21,29.35,28.57,28.78,1150023.0
2009-05-29,28.81,29.82,28.18,29.77,2457838.0
2009-06-01,30.0,30.2,29.59,30.04,1713363.0
2009-06-02,29.14,31.0,29.03,30.83,1947853.0
2009-06-03,30.7,31.64,30.41,31.52,1801286.0
2009-06-04,31.68,31.78,30.29,30.4,1608064.0
2009-06-05,30.64,30.85,30.15,30.78,1098158.0
2009-06-08,30.45,31.06,30.18,30.8,1427296.0
2009-06-09,31.01,31.05,30.37,30.55,1033005.0
2009-06-10,30.63,30.85,29.84,30.13,1633729.0
2009-06-11,30.14,31.08,30.14,30.92,1592898.0
2009-06-12,30.74,31.65,30.66,31.53,1424347.0
2009-06-15,31.4,31.4,30.69,30.95,1337207.0
2009-06-16,31.38,31.54,30.5,30.71,865888.0
2009-06-17,30.68,32.3,30.68,31.87,1720735.0
2009-06-18,31.74,32.8,31.46,32.77,1589632.0
2009-06-19,33.14,33.64,32.96,33.36,2163023.0
2009-06-22,33.0,33.27,32.46,33.11,1729705.0
2009-06-23,33.09,34.02,32.78,33.78,2652618.0
2009-06-24,33.7,34.3,33.13,34.01,1616168.0
2009-06-25,33.66,35.0,33.31,34.96,1784989.0
2009-06-26,35.14,36.2,34.85,36.04,3810557.0
2009-06-29,35.89,36.3,35.11,36.0,2382852.0
2009-06-30,36.0,36.19,35.27,35.97,1809856.0
2009-07-01,35.61,35.93,34.42,34.56,1812899.0
2009-07-02,34.13,34.27,33.77,33.95,1461522.0
2009-07-06,33.71,34.49,33.61,33.92,1286939.0
2009-07-07,33.9,34.28,33.04,33.07,1379302.0
2009-07-08,33.4,34.03,33.29,33.67,1631904.0
2009-07-09,33.34,34.07,33.23,33.39,1044571.0
2009-07-10,33.14,33.56,32.39,32.89,1050861.0
2009-07-13,32.85,33.13,31.85,32.99,1127046.0
2009-07-14,32.84,33.08,32.34,32.4,1396194.0
2009-07-15,32.5,33.16,32.42,32.98,1594919.0
2009-07-16,32.89,33.73,32.83,33.23,1455247.0
2009-07-17,33.41,33.86,32.58,33.53,886127.0
2009-07-20,33.33,33.93,32.95,33.46,1145194.0
2009-07-21,33.71,34.06,33.05,34.03,1286908.0
2009-07-22,33.96,34.5,33.58,34.05,1117437.0
2009-07-23,33.77,35.94,33.43,35.49,1688806.0
2009-07-24,35.19,35.98,35.01,35.97,915658.0
2009-07-27,35.57,36.0,35.45,35.93,743717.0
2009-07-28,35.85,36.12,35.47,36.09,981624.0
2009-07-29,36.01,36.98,35.93,36.23,1184507.0
2009-07-30,36.59,36.74,35.89,36.09,1257987.0
2009-07-31,36.17,36.67,35.69,36.01,929572.0
2009-08-03,36.26,36.5,35.81,36.48,1032565.0
2009-08-04,36.39,38.31,36.18,37.75,2752229.0
2009-08-05,37.8,37.98,36.76,36.95,2252695.0
2009-08-06,36.58,36.79,34.56,34.91,2712474.0
2009-08-07,35.23,35.9,34.61,34.84,1556147.0
2009-08-10,34.58,34.89,34.33,34.52,1343371.0
2009-08-11,34.32,34.95,33.7,33.82,1326376.0
2009-08-12,33.78,34.59,33.61,33.99,1272970.0
2009-08-13,34.11,34.78,33.91,34.5,1329418.0
2009-08-14,34.33,34.87,33.83,34.32,983512.0
2009-08-17,33.82,34.0,33.5,33.76,1370418.0
2009-08-18,33.82,34.6,33.19,34.56,1527557.0
2009-08-19,34.31,36.09,34.26,36.09,1893735.0
2009-08-20,36.12,36.34,35.77,36.32,913480.0
2009-08-21,36.46,37.29,36.07,37.16,1630206.0
2009-08-24,37.15,37.15,36.4,36.81,917514.0
2009-08-25,36.73,37.02,36.47,36.74,1248279.0
2009-08-26,36.32,37.05,36.32,36.76,1057323.0
2009-08-27,36.87,37.4,36.15,37.37,1470338.0
2009-08-28,37.4,37.64,36.82,37.34,802173.0
2009-08-31,36.88,37.45,36.48,37.41,1717485.0
2009-09-01,37.16,38.25,36.57,36.87,1531837.0
2009-09-02,36.82,37.0,35.79,35.85,1412423.0
2009-09-03,36.01,36.07,35.33,35.95,1151846.0
2009-09-04,36.13,36.58,35.66,36.32,986312.0
2009-09-08,36.73,36.81,35.87,36.71,933922.0
2009-09-09,36.55,37.31,36.54,36.92,1414640.0
2009-09-10,36.81,37.07,35.81,36.04,2100204.0
2009-09-11,36.19,36.45,35.62,35.92,1518404.0
2009-09-14,35.75,36.91,35.75,36.9,900290.0
2009-09-15,36.52,37.08,36.28,36.98,1014784.0
2009-09-16,36.91,37.21,36.44,37.2,1694765.0
2009-09-17,37.31,38.5,37.14,37.95,1842260.0
2009-09-18,37.98,38.19,37.25,37.55,2454420.0
2009-09-21,37.64,38.21,37.27,38.11,1161424.0
2009-09-22,38.13,38.17,36.83,36.98,1401625.0
2009-09-23,36.97,37.24,36.32,36.5,1087462.0
2009-09-24,36.36,36.65,35.51,36.03,992135.0
2009-09-25,36.12,36.87,35.97,36.39,947962.0
2009-09-28,36.5,37.77,36.4,37.69,1109372.0
2009-09-29,37.43,38.0,37.2,37.79,1704835.0
2009-09-30,37.77,38.15,37.0,37.9,1217776.0
2009-10-01,37.04,37.06,34.21,34.21,4797440.0
2009-10-02,34.45,35.61,34.36,34.99,2947451.0
2009-10-05,35.02,35.37,33.78,33.78,3185819.0
2009-10-06,33.85,34.6,33.19,33.75,1939152.0
2009-10-07,33.75,34.14,33.47,33.75,1934499.0
2009-10-08,34.14,34.14,33.0,33.16,2517075.0
2009-10-09,33.07,33.84,32.87,33.75,2282273.0
2009-10-12,33.99,34.15,33.32,33.46,1282261.0
2009-10-13,33.61,33.87,33.4,33.62,1347248.0
2009-10-14,33.91,34.58,33.65,34.32,2161318.0
2009-10-15,34.34,35.49,34.08,35.26,2531910.0
2009-10-16,35.18,35.45,34.74,34.85,2254061.0
2009-10-19,34.87,35.02,34.1,34.83,1509886.0
2009-10-20,34.47,34.58,32.99,33.23,2524340.0
2009-10-21,33.1,33.49,32.88,32.9,2336849.0
2009-10-22,32.9,33.19,32.82,32.91,1981294.0
2009-10-23,32.78,32.91,32.33,32.5,2496565.0
2009-10-26,32.44,32.67,31.83,32.11,2589852.0
2009-10-27,32.06,33.7,31.93,33.37,3858474.0
2009-10-28,33.44,34.66,33.09,33.1,3756173.0
2009-10-29,33.33,34.08,33.24,33.85,2822304.0
2009-10-30,33.59,34.8,33.55,33.56,3917783.0
2009-11-02,37.14,38.68,36.01,36.15,9237469.0
2009-11-03,36.13,37.25,36.04,36.91,3043650.0
2009-11-04,37.86,38.17,36.82,36.89,2969156.0
2009-11-05,37.0,38.75,36.92,38.74,3798991.0
2009-11-06,38.6,39.5,38.09,39.22,3076912.0
2009-11-09,39.12,40.0,39.07,39.99,2685760.0
2009-11-10,39.56,41.13,39.5,40.69,3308104.0
2009-11-11,40.95,41.75,40.65,41.1,4134209.0
2009-11-12,41.19,41.3,40.07,40.84,2074805.0
2009-11-13,40.83,41.05,40.45,40.58,1982090.0
2009-11-16,40.52,41.0,40.41,40.5,2563483.0
2009-11-17,40.05,40.6,39.71,40.54,2227337.0
2009-11-18,40.5,40.54,39.26,39.51,1773416.0
2009-11-19,39.55,39.77,38.71,38.92,2345421.0
2009-11-20,38.7,39.15,38.54,38.54,1590772.0
2009-11-23,38.96,39.73,38.66,39.36,1437130.0
2009-11-24,39.17,39.42,38.49,39.06,1251423.0
2009-11-25,39.13,39.68,39.11,39.38,906461.0
2009-11-27,38.55,39.38,38.42,39.0,544910.0
2009-11-30,39.0,39.12,38.41,38.82,1597378.0
2009-12-01,39.06,40.2,38.82,39.86,1781890.0
2009-12-02,39.7,40.05,39.34,39.49,1404348.0
2009-12-03,39.98,40.39,38.97,40.22,7633150.0
2009-12-04,40.23,40.44,39.16,39.63,2292614.0
2009-12-07,39.95,39.95,38.89,39.19,1299797.0
2009-12-08,39.09,39.85,38.67,39.82,1725150.0
2009-12-09,39.51,40.28,39.13,40.18,1868038.0
2009-12-10,40.14,40.62,39.8,40.29,1453942.0
2009-12-11,40.3,40.59,39.4,39.9,1350011.0
2009-12-14,39.94,40.64,39.72,40.6,1432210.0
2009-12-15,40.53,41.57,40.22,41.56,3132929.0
2009-12-16,41.59,42.52,41.31,42.51,2827181.0
2009-12-17,42.25,42.61,41.13,41.13,2574243.0
2009-12-18,41.23,42.35,41.0,42.34,5747317.0
2009-12-21,42.31,42.72,41.74,42.15,2016599.0
2009-12-22,42.31,43.02,42.02,42.9,1471073.0
2009-12-23,42.95,43.16,42.55,42.65,1174222.0
2009-12-24,42.61,43.04,42.35,43.04,283056.0
2009-12-28,43.02,43.53,42.92,43.22,742011.0
2009-12-29,43.35,43.53,43.09,43.35,1081774.0
2009-12-30,43.55,44.04,43.38,43.55,921494.0
2009-12-31,43.51,43.58,42.81,42.85,864451.0
2010-01-04,42.85,44.24,42.8,44.24,1744856.0
2010-01-05,42.92,44.24,42.5,42.78,2456493.0
2010-01-06,42.5,42.87,41.86,42.03,2313617.0
2010-01-07,42.01,42.49,41.44,41.5,1873157.0
2010-01-08,41.34,41.5,40.41,40.67,3687878.0
2010-01-11,40.82,42.13,40.5,41.83,2193061.0
2010-01-12,41.76,42.61,41.11,41.79,2179378.0
2010-01-13,41.75,42.94,41.6,42.72,1601214.0
2010-01-14,42.41,42.69,41.11,41.3,1892547.0
2010-01-15,41.32,41.74,39.8,40.21,2367242.0
2010-01-19,40.39,41.78,40.33,41.68,2199652.0
2010-01-20,41.23,41.86,40.61,40.74,1614846.0
2010-01-21,40.68,40.96,39.54,39.85,1880065.0
2010-01-22,40.0,40.75,39.88,40.14,1345289.0
2010-01-25,40.02,40.34,39.41,39.52,1107786.0
2010-01-26,39.44,39.75,38.95,39.02,1429974.0
2010-01-27,38.74,39.34,38.63,39.0,1908110.0
2010-01-28,39.0,39.37,38.2,38.65,1486104.0
2010-01-29,38.52,39.17,38.36,38.4,1322528.0
2010-02-01,39.57,39.93,39.18,39.34,2361403.0
2010-02-02,39.07,40.5,38.93,40.49,2023990.0
2010-02-03,40.27,40.42,39.54,40.23,1427266.0
2010-02-04,39.77,39.84,38.27,38.42,2192498.0
2010-02-05,38.42,38.68,36.15,37.61,3571108.0
2010-02-08,37.0,37.6,37.0,37.42,1685852.0
2010-02-09,37.74,38.36,37.33,37.9,1208365.0
2010-02-10,37.77,37.9,37.11,37.5,693739.0
2010-02-11,37.58,39.0,37.48,38.1,1927240.0
2010-02-12,37.99,38.39,37.76,38.38,1311222.0
2010-02-16,38.39,38.73,37.8,38.68,1017272.0
2010-02-17,38.88,39.98,38.74,39.78,1522234.0
2010-02-18,39.99,40.43,39.93,40.25,1282466.0
2010-02-19,40.46,40.72,40.23,40.7,982786.0
2010-02-22,40.56,40.73,39.63,39.92,1187072.0
2010-02-23,39.99,40.16,39.04,39.42,1637455.0
2010-02-24,39.78,40.51,39.7,40.36,1393664.0
2010-02-25,40.02,40.19,39.18,40.14,1107716.0
2010-02-26,40.08,40.62,39.51,40.54,1355691.0
2010-03-01,40.67,41.78,40.61,41.43,1164545.0
2010-03-02,41.4,42.03,41.27,41.84,1105042.0
2010-03-03,41.71,42.11,41.71,41.98,1366936.0
2010-03-04,41.91,42.08,41.25,41.6,875545.0
2010-03-05,41.78,41.86,41.39,41.52,940184.0
2010-03-08,41.52,41.55,41.26,41.4,687750.0
2010-03-09,41.27,42.19,41.17,42.08,1635813.0
2010-03-10,42.29,43.14,42.11,43.02,3011985.0
2010-03-11,42.97,43.1,42.4,43.0,1037841.0
2010-03-12,43.05,43.46,42.52,43.46,1188436.0
2010-03-15,43.47,43.73,42.75,43.24,1428598.0
2010-03-16,43.23,43.94,43.23,43.71,1513495.0
2010-03-17,43.59,43.91,42.39,42.4,2101689.0
2010-03-18,42.51,42.68,41.58,41.7,2066425.0
2010-03-19,42.06,42.73,41.91,42.72,3983672.0
2010-03-22,42.48,42.95,42.33,42.48,1139894.0
2010-03-23,42.5,42.5,42.02,42.18,1087101.0
2010-03-24,42.04,42.38,41.58,41.71,1413146.0
2010-03-25,42.04,42.12,41.54,41.55,1207787.0
2010-03-26,41.76,42.12,41.29,41.61,1209914.0
2010-03-29,41.67,41.94,40.97,41.16,1369224.0
2010-03-30,41.23,41.39,40.71,40.86,1535351.0
2010-03-31,41.03,41.67,40.83,40.87,1904878.0
2010-04-01,40.94,41.62,40.6,40.85,1778518.0
2010-04-05,40.87,41.05,40.53,40.65,1439897.0
2010-04-06,40.53,40.66,40.06,40.47,2434517.0
2010-04-07,40.2,41.45,40.12,40.49,2799952.0
2010-04-08,40.34,40.5,39.42,39.81,2226682.0
2010-04-09,39.76,40.01,39.22,39.68,1524975.0
2010-04-12,38.76,39.75,38.22,39.26,2763577.0
2010-04-13,39.24,40.17,38.94,40.01,2185160.0
2010-04-14,40.1,40.21,39.51,39.99,1294907.0
2010-04-15,39.87,40.22,39.23,39.66,1627020.0
2010-04-16,39.64,40.12,38.92,39.99,2677056.0
2010-04-19,39.92,40.26,39.66,40.04,2245454.0
2010-04-20,40.27,40.55,39.7,40.5,1603163.0
2010-04-21,40.33,40.47,39.1,39.35,1920585.0
2010-04-22,39.01,39.06,37.98,38.09,2325522.0
2010-04-23,38.33,38.81,37.87,38.75,1435750.0
2010-04-26,38.94,38.99,38.38,38.5,933173.0
2010-04-27,38.69,39.3,38.5,38.67,2351816.0
2010-04-28,38.6,38.99,38.36,38.54,1139817.0
2010-04-29,38.79,39.64,38.42,39.55,1247537.0
2010-04-30,39.23,39.83,38.69,38.77,1353448.0
2010-05-03,38.51,39.29,38.38,38.97,1208304.0
2010-05-04,38.91,38.96,37.95,38.47,1964363.0
2010-05-05,38.21,38.68,37.0,37.55,2933299.0
2010-05-06,37.61,37.68,36.9,36.9,4164875.0
2010-05-07,36.72,37.09,34.93,35.9,3380583.0
2010-05-10,37.49,37.62,36.97,37.55,2379044.0
2010-05-11,37.24,38.46,37.02,38.11,1777097.0
2010-05-12,38.09,38.94,37.78,38.77,1604734.0
2010-05-13,38.39,38.92,38.1,38.48,1502870.0
2010-05-14,38.39,38.56,37.14,37.46,1636579.0
2010-05-17,37.85,38.73,36.69,37.56,1437031.0
2010-05-18,37.98,38.08,37.07,37.09,1002095.0
2010-05-19,37.22,37.72,36.78,37.42,1772194.0
2010-05-20,36.87,36.88,35.48,35.58,2157827.0
2010-05-21,35.06,35.64,34.06,34.12,5269002.0
2010-05-24,34.02,35.2,34.0,34.26,2596528.0
2010-05-25,33.7,34.09,33.12,33.95,2799408.0
2010-05-26,37.7,37.82,34.64,34.74,8918620.0
2010-05-27,35.23,35.35,33.11,34.44,4867058.0
2010-05-28,34.21,34.76,33.77,34.59,2048874.0
2010-06-01,34.32,34.87,33.62,34.19,1843734.0
2010-06-02,34.09,35.41,34.01,35.41,1988368.0
2010-06-03,35.52,35.71,35.16,35.54,1613644.0
2010-06-04,34.98,35.24,34.42,34.45,2207990.0
2010-06-07,34.54,34.86,34.06,34.12,1787798.0
2010-06-08,34.05,34.34,32.68,33.05,2167585.0
2010-06-09,33.07,33.32,32.41,32.58,3095453.0
2010-06-10,32.83,34.09,32.67,34.09,1706682.0
2010-06-11,33.59,35.06,33.39,35.01,2051044.0
2010-06-14,35.14,35.54,34.61,34.67,1064401.0
2010-06-15,34.77,35.15,34.72,35.09,1278617.0
2010-06-16,34.81,35.17,34.6,35.05,2053681.0
2010-06-17,35.24,35.84,35.0,35.75,1596840.0
2010-06-18,36.71,36.92,36.32,36.82,3401030.0
2010-06-21,37.08,37.25,36.65,36.78,2212623.0
2010-06-22,36.7,36.92,35.19,35.32,2338959.0
2010-06-23,35.59,35.63,35.0,35.27,1508199.0
2010-06-24,35.23,35.28,34.5,34.61,1342319.0
2010-06-25,34.8,35.31,34.58,35.06,1602422.0
2010-06-28,35.16,35.2,34.23,34.71,990326.0
2010-06-29,34.48,34.48,32.82,33.06,1797389.0
2010-06-30,33.11,34.1,32.85,32.9,1757633.0
2010-07-01,32.88,32.91,31.25,32.3,2338409.0
2010-07-02,32.2,32.79,31.92,32.22,1084148.0
2010-07-06,32.75,32.99,31.86,32.17,1376638.0
2010-07-07,32.04,33.12,31.95,33.04,1284857.0
2010-07-08,32.87,33.93,32.87,33.8,1408529.0
2010-07-09,33.83,34.27,33.52,34.18,801100.0
2010-07-12,33.9,34.51,33.27,33.47,1661377.0
2010-07-13,33.79,34.12,33.43,33.8,1339237.0
2010-07-14,33.51,34.16,33.48,34.1,1022038.0
2010-07-15,34.14,34.67,33.67,33.77,1087169.0
2010-07-16,33.56,33.8,32.14,32.47,1857695.0
2010-07-19,32.43,32.96,32.35,32.76,1166320.0
2010-07-20,32.26,32.63,32.12,32.63,889843.0
2010-07-21,32.71,33.13,32.13,32.15,913764.0
2010-07-22,32.48,33.39,32.38,33.05,858678.0
2010-07-23,32.67,33.16,32.0,33.05,1447062.0
2010-07-26,33.15,34.61,32.8,33.96,1232509.0
2010-07-27,34.09,34.35,33.66,33.88,746413.0
2010-07-28,33.88,34.39,33.02,33.19,719127.0
2010-07-29,33.55,33.56,32.0,32.61,1183531.0
2010-07-30,32.36,33.85,32.0,33.66,1276430.0
2010-08-02,33.93,34.61,33.82,34.51,1416007.0
2010-08-03,34.48,35.64,34.31,35.24,1152200.0
2010-08-04,36.15,37.95,35.93,36.26,2539410.0
2010-08-05,36.07,36.22,35.43,36.11,1262027.0
2010-08-06,35.85,36.6,35.57,36.54,804097.0
2010-08-09,36.74,37.09,36.71,37.0,754984.0
2010-08-10,37.01,37.55,36.06,36.75,1991246.0
2010-08-11,36.19,36.39,35.35,35.75,1290665.0
2010-08-12,35.37,36.57,35.37,36.29,1219726.0
2010-08-13,36.28,36.52,36.02,36.19,1111498.0
2010-08-16,36.25,36.69,35.97,36.3,1031014.0
2010-08-17,36.49,36.69,36.06,36.28,1069600.0
2010-08-18,36.05,36.75,35.8,36.37,874925.0
2010-08-19,36.45,36.45,35.14,35.36,1348095.0
2010-08-20,35.24,35.74,34.76,35.58,893014.0
2010-08-23,35.89,36.19,35.19,35.22,1014807.0
2010-08-24,34.78,34.96,34.11,34.11,972755.0
2010-08-25,33.91,34.63,33.78,34.48,851580.0
2010-08-26,34.34,34.49,33.3,33.38,877056.0
2010-08-27,33.41,34.74,32.88,34.45,1020700.0
2010-08-30,34.32,34.62,33.61,33.62,619713.0
2010-08-31,33.16,33.59,33.0,33.31,1342438.0
2010-09-01,33.69,35.06,33.58,34.91,1725445.0
2010-09-02,34.65,35.45,34.42,35.45,1184834.0
2010-09-03,35.85,36.08,35.5,36.06,808208.0
2010-09-07,35.99,36.26,34.84,35.01,851548.0
2010-09-08,35.12,36.08,34.75,36.05,4632600.0
2010-09-09,36.37,36.64,35.73,35.89,1695970.0
2010-09-10,35.89,36.51,35.83,36.47,2603334.0
2010-09-13,36.52,36.85,36.5,36.75,1736192.0
2010-09-14,36.7,37.55,36.62,37.44,1959416.0
2010-09-15,37.36,37.44,37.04,37.24,1262463.0
2010-09-16,37.0,37.45,36.56,36.79,1269691.0
2010-09-17,36.89,36.91,35.93,36.25,1745913.0
2010-09-20,36.43,36.71,36.09,36.5,1662310.0
2010-09-21,36.48,36.55,35.99,36.22,1032688.0
2010-09-22,36.25,37.1,36.04,36.17,1728995.0
2010-09-23,34.94,36.25,34.66,36.12,4830851.0
2010-09-24,36.55,36.95,36.17,36.88,1510485.0
2010-09-27,36.74,36.79,35.67,35.69,1724275.0
2010-09-28,36.0,36.19,35.37,35.53,1547535.0
2010-09-29,35.57,35.57,34.84,34.94,1963936.0
2010-09-30,35.23,35.52,34.51,34.57,1909310.0
2010-10-01,34.69,35.08,33.98,34.42,1711544.0
2010-10-04,34.17,34.76,33.78,33.95,1177549.0
2010-10-05,34.52,34.79,34.27,34.72,1724990.0
2010-10-06,34.63,34.83,34.16,34.26,1355591.0
2010-10-07,34.66,35.18,34.06,35.12,1809803.0
2010-10-08,35.03,35.41,34.5,35.31,1532937.0
2010-10-11,34.91,35.06,34.68,34.93,958774.0
2010-10-12,34.66,34.75,34.11,34.3,1835732.0
2010-10-13,34.87,35.0,34.3,34.3,2352331.0
2010-10-14,34.5,34.97,34.31,34.92,2402157.0
2010-10-15,34.98,36.21,34.87,36.03,2288868.0
2010-10-18,35.98,36.9,35.89,36.89,1948903.0
2010-10-19,36.71,37.16,36.32,37.06,3014634.0
2010-10-20,37.08,37.24,36.46,36.54,1460476.0
2010-10-21,36.63,36.64,35.5,35.85,1417925.0
2010-10-22,35.94,36.46,35.72,36.43,1389043.0
2010-10-25,36.76,37.45,36.73,37.32,2035393.0
2010-10-26,36.89,37.75,36.46,37.58,2556419.0
2010-10-27,37.04,38.37,36.85,38.35,2260842.0
2010-10-28,38.43,38.5,38.0,38.3,2220837.0
2010-10-29,38.13,38.48,37.94,38.3,1621224.0
2010-11-01,38.58,38.7,37.64,37.95,2298278.0
2010-11-02,38.13,38.25,37.12,37.28,2929527.0
2010-11-03,37.22,37.37,36.35,36.68,2039950.0
2010-11-04,37.0,37.19,34.69,34.77,4333793.0
2010-11-05,34.67,35.14,33.83,35.06,4505116.0
2010-11-08,34.87,35.0,34.15,34.51,2070092.0
2010-11-09,34.57,34.62,34.05,34.27,2372541.0
2010-11-10,34.3,34.77,34.24,34.44,1942282.0
2010-11-11,34.32,34.99,33.89,34.99,1978107.0
2010-11-12,34.64,34.66,33.77,33.77,1763390.0
2010-11-15,34.09,34.67,33.95,34.56,2100890.0
2010-11-16,34.19,34.4,33.7,34.1,1667613.0
2010-11-17,33.78,34.03,33.41,33.64,1711345.0
2010-11-18,34.01,35.1,33.87,34.92,3025001.0
2010-11-19,34.76,34.78,34.16,34.25,1652193.0
2010-11-22,34.27,34.61,33.85,34.29,1134130.0
2010-11-23,34.0,34.0,33.1,33.44,1928755.0
2010-11-24,33.69,34.13,33.69,33.84,1029819.0
2010-11-26,33.66,34.37,33.56,34.28,502401.0
2010-11-29,34.0,34.09,33.31,33.87,1162123.0
2010-11-30,33.42,33.62,33.03,33.13,2156052.0
2010-12-01,33.63,33.87,33.38,33.46,2130979.0
2010-12-02,33.39,33.54,33.15,33.37,1805424.0
2010-12-03,33.23,33.66,33.11,33.49,4680080.0
2010-12-06,33.52,33.58,33.02,33.1,1717657.0
2010-12-07,33.58,33.77,33.0,33.09,2138244.0
2010-12-08,33.15,33.44,32.28,32.43,1933192.0
2010-12-09,32.6,33.24,32.08,33.17,2639700.0
2010-12-10,33.31,34.54,33.28,34.13,2595586.0
2010-12-13,34.25,34.39,33.72,33.95,1315914.0
2010-12-14,34.11,34.35,33.98,34.2,984441.0
2010-12-15,34.19,34.7,34.09,34.38,1629923.0
2010-12-16,34.31,34.82,34.18,34.59,948697.0
2010-12-17,34.36,35.73,34.31,35.45,3247226.0
2010-12-20,35.75,35.83,35.2,35.56,1367872.0
2010-12-21,35.58,36.4,35.46,36.32,1561273.0
2010-12-22,35.81,35.98,34.89,35.11,2455400.0
2010-12-23,35.0,35.56,34.89,35.39,1438716.0
2010-12-27,35.23,35.47,34.69,35.26,1004553.0
2010-12-28,35.34,35.45,35.07,35.26,818706.0
2010-12-29,35.4,36.04,35.28,35.47,1055821.0
2010-12-30,35.39,35.49,35.22,35.34,630062.0
2010-12-31,35.37,35.44,34.97,35.03,938566.0
2011-01-03,35.21,36.23,35.19,35.99,1752921.0
2011-01-04,36.19,36.22,35.32,35.49,1229249.0
2011-01-05,35.6,37.07,35.56,36.84,2866771.0
2011-01-06,36.68,36.8,36.18,36.2,1548905.0
2011-01-07,36.28,36.36,35.72,36.16,1462799.0
2011-01-10,35.95,36.54,35.71,36.29,2163216.0
2011-01-11,37.68,37.85,36.52,36.79,2442111.0
2011-01-12,37.03,37.28,36.59,37.21,1253109.0
2011-01-13,37.24,38.55,37.19,38.55,2432094.0
2011-01-14,38.58,39.42,38.32,39.42,3006503.0
2011-01-18,39.58,40.11,39.46,40.0,3365706.0
2011-01-19,39.92,39.97,39.2,39.45,2623998.0
2011-01-20,39.28,40.12,39.23,39.9,1790516.0
2011-01-21,39.95,40.12,39.7,40.06,2075076.0
2011-01-24,39.91,40.62,39.78,40.43,1613337.0
2011-01-25,40.37,40.88,40.0,40.2,1479682.0
2011-01-26,40.35,40.63,39.57,39.75,1913454.0
2011-01-27,39.85,40.04,39.23,39.39,1924092.0
2011-01-28,40.02,40.44,38.66,39.01,2319757.0
2011-01-31,38.9,39.16,38.34,38.89,2495490.0
2011-02-01,39.24,39.5,38.83,38.85,1990918.0
2011-02-02,38.93,39.68,38.9,38.97,2114258.0
2011-02-03,38.83,39.1,38.5,38.8,2416634.0
2011-02-04,38.85,39.92,38.51,39.46,2939478.0
2011-02-07,38.88,39.2,38.2,38.33,2090880.0
2011-02-08,38.76,39.07,38.13,38.48,1737847.0
2011-02-09,38.4,38.59,38.07,38.13,849698.0
2011-02-10,38.07,38.84,38.07,38.16,1120922.0
2011-02-11,38.06,38.52,37.77,38.46,1670881.0
2011-02-14,38.59,39.03,38.4,38.97,942118.0
2011-02-15,38.76,39.51,38.76,39.49,1350492.0
2011-02-16,39.33,40.15,39.1,39.65,1746241.0
2011-02-17,39.7,39.99,39.4,39.85,945609.0
2011-02-18,39.68,39.77,38.95,39.16,2123957.0
2011-02-22,38.74,39.15,38.0,38.22,1776258.0
2011-02-23,43.61,44.68,42.71,43.97,16568792.0
2011-02-24,43.76,43.97,43.24,43.58,3033439.0
2011-02-25,43.77,44.98,43.31,44.84,2379542.0
2011-02-28,44.96,46.75,44.34,46.67,3281665.0
2011-03-01,46.73,46.75,45.72,46.05,2361005.0
2011-03-02,46.01,47.82,46.01,47.28,2873114.0
2011-03-03,47.53,50.83,47.03,49.95,5722625.0
2011-03-04,49.7,51.1,49.07,51.07,3641297.0
2011-03-07,51.0,52.13,48.91,49.62,3125909.0
2011-03-08,48.89,48.99,46.6,46.8,5682174.0
2011-03-09,46.53,47.81,45.88,47.43,2247347.0
2011-03-10,46.71,46.8,44.63,44.8,3092756.0
2011-03-11,44.7,46.62,44.24,46.45,2994997.0
2011-03-14,46.01,46.4,45.35,45.44,1425565.0
2011-03-15,44.41,45.94,43.87,45.71,1909104.0
2011-03-16,45.48,45.48,44.01,44.25,2609041.0
2011-03-17,44.92,45.39,44.24,44.55,1891166.0
2011-03-18,44.56,44.9,44.15,44.39,2680656.0
2011-03-21,44.91,45.61,44.88,45.29,1804637.0
2011-03-22,45.23,46.26,44.95,46.16,2011354.0
2011-03-23,45.92,46.31,45.41,46.08,1909939.0
2011-03-24,46.2,47.22,45.83,46.91,1675911.0
2011-03-25,47.0,47.25,46.35,46.58,1525410.0
2011-03-28,46.83,47.6,46.32,47.34,1862633.0
2011-03-29,48.4,49.22,47.82,48.9,3628983.0
2011-03-30,49.3,49.81,48.39,48.48,1881220.0
2011-03-31,48.44,48.83,47.25,47.93,2659143.0
2011-04-01,48.0,48.2,47.21,47.59,2610109.0
2011-04-04,47.91,48.11,47.22,47.49,2737683.0
2011-04-05,47.32,47.6,46.52,46.74,2760613.0
2011-04-06,47.28,47.37,46.16,46.42,2321062.0
2011-04-07,46.5,47.25,46.15,46.91,1523875.0
2011-04-08,47.0,48.2,46.88,48.16,1853768.0
2011-04-11,48.11,48.94,47.57,48.22,2147001.0
2011-04-12,47.85,48.2,47.44,47.97,1283306.0
2011-04-13,48.15,48.34,46.82,47.4,1932291.0
2011-04-14,47.0,47.9,46.69,47.59,1953756.0
2011-04-15,47.75,48.11,46.79,48.02,2062147.0
2011-04-18,47.56,47.66,46.15,46.99,1629038.0
2011-04-19,47.0,47.15,46.38,46.82,1668453.0
2011-04-20,47.36,48.45,47.36,47.98,1500991.0
2011-04-21,47.84,49.87,47.84,49.37,2890640.0
2011-04-25,50.0,50.48,47.52,48.04,2842628.0
2011-04-26,48.93,54.99,47.18,52.92,12327905.0
2011-04-27,52.83,55.79,52.75,55.54,4870773.0
2011-04-29,55.99,56.21,54.5,55.05,5887594.0
2011-05-02,55.0,56.7,54.87,55.05,2666309.0
2011-05-03,55.0,55.27,53.97,54.74,1865635.0
2011-05-04,53.51,56.1,53.3,55.31,2620016.0
2011-05-05,54.87,55.1,52.95,53.19,2310759.0
2011-05-06,53.82,55.38,53.55,54.54,2001947.0
2011-05-09,55.51,57.94,55.22,57.65,2790377.0
2011-05-10,57.82,57.89,56.12,57.05,2169620.0
2011-05-11,56.74,57.0,55.31,56.25,1750395.0
2011-05-12,56.15,58.87,55.68,58.01,2101131.0
2011-05-13,58.25,58.36,57.03,57.48,1017935.0
2011-05-16,55.87,57.86,55.41,57.27,2404132.0
2011-05-17,57.15,57.86,56.12,56.51,3300157.0
2011-05-18,56.68,56.68,55.24,55.42,2781873.0
2011-05-19,55.89,56.0,54.16,54.79,3084757.0
2011-05-20,54.51,55.61,54.15,55.0,2330877.0
2011-05-23,55.05,55.83,53.55,55.81,3672187.0
2011-05-24,55.81,56.47,55.55,56.26,2280468.0
2011-05-25,56.32,56.64,55.06,55.57,2623822.0
2011-05-26,55.17,55.47,52.85,54.28,2560892.0
2011-05-27,54.01,54.46,53.38,53.54,1328756.0
2011-05-31,54.33,54.68,52.98,53.99,1810129.0
2011-06-01,54.48,54.69,53.01,53.02,1379444.0
2011-06-02,52.9,54.68,52.88,54.5,2058832.0
2011-06-03,53.65,55.42,53.4,54.76,2152114.0
2011-06-06,54.36,54.89,53.8,54.37,1300048.0
2011-06-07,54.27,54.93,53.83,54.17,995881.0
2011-06-08,54.09,54.23,52.95,53.14,1201525.0
2011-06-09,50.25,50.5,46.15,48.07,12297337.0
2011-06-10,48.01,49.01,47.48,48.2,3303405.0
2011-06-13,48.24,48.67,47.2,47.23,2111591.0
2011-06-14,47.44,47.61,46.6,46.78,2286954.0
2011-06-15,46.65,47.44,45.97,46.42,2941720.0
2011-06-16,46.38,46.5,45.2,45.59,1899199.0
2011-06-17,46.2,46.38,44.57,45.01,3136440.0
2011-06-20,44.78,46.25,44.58,45.16,2142735.0
2011-06-21,45.22,45.97,44.68,45.85,1468945.0
2011-06-22,45.57,47.89,45.5,47.21,2765425.0
2011-06-23,46.37,48.15,45.89,48.02,2696482.0
2011-06-24,47.99,48.79,47.5,48.59,2964803.0
2011-06-27,48.42,48.74,48.06,48.72,1610002.0
2011-06-28,48.97,51.48,48.71,50.73,2765912.0
2011-06-29,50.81,52.27,50.23,52.27,2433819.0
2011-06-30,52.2,52.78,51.71,51.99,1845561.0
2011-07-01,51.49,51.92,51.08,51.7,1484415.0
2011-07-05,51.84,52.22,51.62,52.19,1180718.0
2011-07-06,51.89,52.0,49.82,50.17,2573489.0
2011-07-07,50.21,50.33,49.05,50.13,2627912.0
2011-07-08,49.88,50.74,49.22,50.67,969238.0
2011-07-11,50.22,50.86,49.77,50.27,1099646.0
2011-07-12,50.15,51.83,50.05,51.41,1695592.0
2011-07-13,51.57,52.33,51.18,51.49,1681373.0
2011-07-14,51.0,52.44,50.18,50.33,1640158.0
2011-07-15,50.28,51.28,50.24,50.68,1778544.0
2011-07-18,50.07,50.83,49.33,49.57,1693691.0
2011-07-19,49.99,51.07,49.9,50.92,1007763.0
2011-07-20,50.62,50.64,49.46,50.2,1019788.0
2011-07-21,50.47,51.84,50.33,51.17,1273054.0
2011-07-22,51.27,51.51,50.63,50.98,759749.0
2011-07-25,50.48,50.79,49.34,49.45,1108178.0
2011-07-26,49.47,49.87,48.12,49.55,1336359.0
2011-07-27,49.22,49.35,47.15,47.92,1454478.0
2011-07-28,47.92,49.8,47.51,47.98,1983668.0
2011-07-29,49.89,52.63,48.45,51.86,4957384.0
2011-08-01,52.39,53.0,50.15,50.94,2116330.0
2011-08-02,50.73,51.44,48.96,49.05,2176300.0
2011-08-03,49.0,49.0,46.5,47.9,1793969.0
2011-08-04,47.08,47.38,43.86,44.19,2980610.0
2011-08-05,44.18,46.7,41.48,43.0,3746200.0
2011-08-08,41.68,42.34,39.06,40.0,4893871.0
2011-08-09,40.64,44.47,40.05,44.45,4292215.0
2011-08-10,42.45,44.36,41.75,41.78,2605306.0
2011-08-11,41.89,44.0,41.31,43.37,1603845.0
2011-08-12,43.5,45.15,42.72,44.49,1819540.0
2011-08-15,44.72,46.33,44.49,46.31,1668249.0
2011-08-16,45.98,46.47,45.19,46.16,1703441.0
2011-08-17,46.76,47.81,45.8,46.65,1668003.0
2011-08-18,45.68,46.11,44.55,45.29,2068231.0
2011-08-19,44.68,47.9,44.53,46.49,2279762.0
2011-08-22,47.53,47.53,44.63,45.48,1676194.0
2011-08-23,45.64,47.0,44.45,46.98,1405653.0
2011-08-24,46.94,47.15,45.22,46.53,1271535.0
2011-08-25,46.74,47.2,45.3,45.41,995186.0
2011-08-26,45.04,45.9,43.34,45.26,2441446.0
2011-08-29,45.0,45.33,43.66,43.95,2965477.0
2011-08-30,44.39,45.63,43.82,45.27,1735765.0
2011-08-31,45.43,46.67,45.02,45.27,1420793.0
2011-09-01,45.59,46.34,44.8,45.11,1176640.0
2011-09-02,44.29,45.83,44.15,44.59,1274972.0
2011-09-06,43.67,45.87,43.25,45.57,2765284.0
2011-09-07,46.33,46.98,45.94,46.94,1277123.0
2011-09-08,46.43,48.26,46.0,47.57,2253868.0
2011-09-09,47.02,47.27,45.25,45.81,2202506.0
2011-09-12,45.01,47.79,44.95,47.78,2098371.0
2011-09-13,47.98,50.47,47.53,50.21,2916070.0
2011-09-14,50.23,51.17,49.5,50.55,2158300.0
2011-09-15,51.06,51.17,49.73,50.12,2744100.0
2011-09-16,50.3,51.11,50.03,50.52,2211515.0
2011-09-19,49.78,50.79,48.45,50.18,1882277.0
2011-09-20,50.36,52.85,50.01,52.05,3443872.0
2011-09-21,51.98,54.38,51.52,53.18,2627947.0
2011-09-22,51.48,51.98,47.96,49.31,4076768.0
2011-09-23,48.98,51.05,48.86,50.73,2522992.0
2011-09-26,50.8,51.15,46.69,48.88,2517970.0
2011-09-27,49.28,50.06,47.39,47.7,2230775.0
2011-09-28,47.79,47.91,45.51,45.69,1990197.0
2011-09-29,46.45,46.85,43.36,44.51,1927746.0
2011-09-30,43.91,45.44,43.7,44.46,2615274.0
2011-10-03,44.28,44.28,40.08,40.49,3472763.0
2011-10-04,40.63,43.45,40.34,43.29,3689982.0
2011-10-05,43.49,45.26,42.53,45.12,2696009.0
2011-10-06,45.01,45.19,43.72,44.63,1498988.0
2011-10-07,44.53,45.24,43.26,44.44,1914699.0
2011-10-10,44.03,44.05,39.94,40.41,5241854.0
2011-10-11,40.41,41.36,37.27,39.95,8658445.0
2011-10-12,40.7,41.1,38.55,40.24,4714390.0
2011-10-13,43.88,44.2,42.5,43.88,7828162.0
2011-10-14,43.81,43.81,41.55,43.28,3827405.0
2011-10-17,41.5,42.85,39.37,40.09,6482562.0
2011-10-18,40.12,41.44,40.09,40.94,2216363.0
2011-10-19,41.1,41.32,40.05,40.17,1559539.0
2011-10-20,40.27,42.65,39.87,42.28,2873142.0
2011-10-21,42.31,43.16,40.45,41.74,3850724.0
2011-10-24,41.62,44.04,40.45,44.01,3309718.0
2011-10-25,43.81,44.0,42.86,43.33,2403618.0
2011-10-26,43.67,43.72,40.56,42.89,3216697.0
2011-10-27,44.0,44.25,41.44,42.58,4005275.0
2011-10-28,42.75,42.75,39.76,41.58,6820074.0
2011-10-31,40.3,40.62,39.47,39.59,3586105.0
2011-11-01,37.36,38.5,36.86,37.78,4431468.0
2011-11-02,38.11,38.42,36.43,36.9,4221572.0
2011-11-03,37.42,37.76,35.45,36.63,3249225.0
2011-11-04,36.29,37.05,34.95,36.63,3375668.0
2011-11-07,34.9494,35.1,32.92,33.22,6292490.0
2011-11-08,32.68,32.68,30.18,30.45,11503801.0
2011-11-09,30.04,31.4,29.24,30.86,7734201.0
2011-11-10,31.52,32.66,31.21,31.98,6052852.0
2011-11-11,32.04,32.18,31.38,31.39,3259618.0
2011-11-14,31.01,31.1,29.57,30.03,4370403.0
2011-11-15,29.96,30.2,29.44,29.7,2922148.0
2011-11-16,29.61,30.0,29.18,29.26,3239316.0
2011-11-17,29.18,29.62,28.78,29.01,3345709.0
2011-11-18,28.94,29.01,27.84,28.29,4239969.0
2011-11-21,28.08,28.49,27.38,27.56,4610226.0
2011-11-22,27.57,28.31,27.34,27.92,2845068.0
2011-11-23,27.75,27.89,26.89,26.94,1769566.0
2011-11-25,26.8,27.23,26.5,26.6,836352.0
2011-11-28,27.12,27.55,26.8,27.24,3112439.0
2011-11-29,27.32,27.57,26.75,27.33,4601476.0
2011-11-30,27.72,29.0,27.52,28.99,4687561.0
2011-12-01,28.68,29.47,28.55,29.39,3539172.0
2011-12-02,29.57,29.85,29.08,29.25,4009356.0
2011-12-05,29.45,29.75,28.57,29.6,3996413.0
2011-12-06,29.71,30.0,29.29,29.66,2870176.0
2011-12-07,29.57,29.91,28.94,29.65,3391356.0
2011-12-08,29.59,29.73,28.46,28.56,2537241.0
2011-12-09,29.8,29.82,29.02,29.37,2250449.0
2011-12-12,29.3,29.43,28.71,29.35,1856263.0
2011-12-13,29.57,29.62,28.49,28.66,2224019.0
2011-12-14,29.41,30.85,29.12,30.54,5333259.0
2011-12-15,30.84,32.46,30.32,31.43,5973531.0
2011-12-16,32.69,34.08,32.23,33.91,9682459.0
2011-12-19,34.97,34.97,32.94,33.21,3770217.0
2011-12-20,33.71,34.45,33.23,33.41,3134228.0
2011-12-21,33.33,33.57,32.62,32.99,2691543.0
2011-12-22,32.91,33.28,32.55,33.02,1422075.0
2011-12-23,33.05,33.43,32.55,32.84,971587.0
2011-12-27,32.83,33.54,32.58,33.25,1017600.0
2011-12-28,33.29,33.32,32.1,32.44,873079.0
2011-12-29,32.38,32.83,32.0,32.76,864382.0
2011-12-30,32.71,33.4,32.45,33.21,1328674.0
2012-01-03,33.8199,33.9892,32.21,32.23,2415567.0
2012-01-04,32.22,32.59,32.04,32.2,2660225.0
2012-01-05,32.25,33.54,32.16,33.12,3208897.0
2012-01-06,33.21,34.54,33.14,34.05,3436890.0
2012-01-09,35.0,36.17,34.63,35.68,4657187.0
2012-01-10,35.97,36.54,35.5,36.32,3252269.0
2012-01-11,36.44,37.45,35.74,37.32,3943291.0
2012-01-12,37.3,37.47,36.0,37.07,2813894.0
2012-01-13,36.86,36.86,35.98,36.81,1984557.0
2012-01-17,36.72,37.3,36.25,36.51,2180391.0
2012-01-18,36.6,37.59,36.25,37.47,4279388.0
2012-01-19,37.5,37.89,36.82,36.97,2983852.0
2012-01-20,36.98,37.15,36.19,36.31,2305671.0
2012-01-23,36.4,36.88,35.23,35.86,2140502.0
2012-01-24,35.8,35.91,34.91,34.99,3308820.0
2012-01-25,35.19,35.73,34.72,35.46,3005581.0
2012-01-26,35.42,35.97,35.3,35.72,1862744.0
2012-01-27,35.46,36.12,35.38,35.98,2452553.0
2012-01-30,35.25,35.49,34.1,34.74,3110886.0
2012-01-31,34.9,38.62,34.75,36.95,11613145.0
2012-02-01,37.45,38.0,36.3,37.83,4632096.0
2012-02-02,37.95,38.5,37.22,38.38,4077145.0
2012-02-03,37.5401,38.1,35.43,36.78,8259495.0
2012-02-06,35.64,38.41,35.64,38.24,4799746.0
2012-02-07,38.28,38.28,36.98,37.59,4309891.0
2012-02-08,37.11,37.39,36.45,36.78,2982694.0
2012-02-09,37.13,37.23,35.98,37.04,3253195.0
2012-02-10,36.83,37.0,36.06,36.13,1777116.0
2012-02-13,36.47,36.55,36.02,36.15,1374804.0
2012-02-14,36.15,36.81,36.02,36.13,2145457.0
2012-02-15,36.3,36.7,36.04,36.48,1434340.0
2012-02-16,36.59,37.89,36.53,37.49,2445843.0
2012-02-17,40.7,40.7,39.0,39.24,8695151.0
2012-02-21,39.25,39.38,37.35,37.77,3251514.0
2012-02-22,37.68,37.96,37.22,37.6,1946650.0
2012-02-23,37.71,39.2,37.5,38.64,3468559.0
2012-02-24,38.9,39.0,38.0,38.39,1836723.0
2012-02-27,38.19,38.92,37.76,38.69,2295680.0
2012-02-28,38.7,38.74,38.15,38.25,1812845.0
2012-02-29,38.24,39.48,38.18,38.92,3038638.0
2012-03-01,38.93,40.79,38.31,40.37,4023888.0
2012-03-02,40.19,40.91,40.0,40.73,2142878.0
2012-03-05,40.5,40.81,40.15,40.4,2665744.0
2012-03-06,40.1,40.22,38.9,39.69,2210098.0
2012-03-07,39.75,40.89,39.7,40.73,2300546.0
2012-03-08,40.79,41.93,40.58,41.66,2086990.0
2012-03-09,41.65,42.2,41.38,41.79,1792965.0
2012-03-12,41.81,42.19,41.51,41.62,1197122.0
2012-03-13,41.86,41.99,41.13,41.72,2351956.0
2012-03-14,41.86,42.2,41.26,41.32,1740190.0
2012-03-15,41.4,43.13,41.27,42.81,2760655.0
2012-03-16,42.62,43.07,41.96,42.94,3735105.0
2012-03-19,41.72,43.04,41.5,41.64,3730004.0
2012-03-20,41.53,41.7,40.83,40.92,1712487.0
2012-03-21,40.97,41.72,40.65,41.09,2441176.0
2012-03-22,41.08,41.46,40.17,40.64,1616279.0
2012-03-23,40.75,41.5,40.38,41.34,1003407.0
2012-03-26,41.36,41.56,40.37,40.93,1834843.0
2012-03-27,40.69,41.425,40.69,40.95,1053828.0
2012-03-28,41.08,42.0,40.27,40.44,1475502.0
2012-03-29,40.21,40.82,39.79,40.54,1315338.0
2012-03-30,40.88,41.35,40.51,41.01,1591098.0
2012-04-02,40.74,40.9,39.83,40.48,1758639.0
2012-04-03,40.43,41.85,40.21,41.8,2413947.0
2012-04-04,41.6,41.92,40.43,40.57,2832233.0
2012-04-05,40.37,40.67,39.62,40.05,2105675.0
2012-04-09,39.58,39.58,37.86,38.11,2718583.0
2012-04-10,38.0,38.07,36.51,36.56,3296715.0
2012-04-11,36.86,37.49,36.56,37.03,2845097.0
2012-04-12,36.94,38.0,36.91,37.71,2008154.0
2012-04-13,37.64,37.64,36.15,36.17,2012115.0
2012-04-16,36.14,36.37,35.26,35.49,1977404.0
2012-04-17,35.8,37.13,35.76,36.42,2454816.0
2012-04-18,36.05,36.29,35.51,35.56,2511066.0
2012-04-19,35.49,37.05,35.4,36.66,1919675.0
2012-04-20,36.76,36.84,36.09,36.58,1946760.0
2012-04-23,36.16,36.8,35.6,36.67,2027683.0
2012-04-24,36.61,37.04,36.22,36.59,1886135.0
2012-04-25,36.91,38.07,36.75,37.67,2159181.0
2012-04-26,37.66,38.02,37.22,37.52,1942164.0
2012-04-27,36.88,39.24,36.76,38.62,2851308.0
2012-04-30,38.51,38.82,37.74,38.48,1851386.0
2012-05-01,38.4,39.08,38.0,38.45,2038258.0
2012-05-02,37.71,38.76,37.71,38.36,1942740.0
2012-05-03,38.47,38.7,37.92,38.11,1614183.0
2012-05-04,38.0,38.29,37.27,37.41,1888161.0
2012-05-07,52.13,58.75,51.85,58.12,40221036.0
2012-05-08,57.56,64.5,57.56,64.16,16134273.0
2012-05-09,61.04,63.0,59.25,60.35,10429666.0
2012-05-10,59.13,61.03,58.95,60.19,5306103.0
2012-05-11,59.76,62.22,59.4,62.02,3250594.0
2012-05-14,63.12,65.37,62.76,64.7,7665158.0
2012-05-15,64.37,66.1,62.88,63.38,4006471.0
2012-05-16,63.15,64.26,62.57,62.61,2839000.0
2012-05-17,62.99,62.99,61.21,61.27,3138802.0
2012-05-18,61.18,61.64,59.61,61.34,3442005.0
2012-05-21,61.9,62.84,61.01,62.1,2933998.0
2012-05-22,61.97,63.94,61.57,63.09,2513463.0
2012-05-23,62.52,64.03,62.02,63.94,2172568.0
2012-05-24,63.78,64.09,62.2,64.09,2541913.0
2012-05-25,64.53,64.94,63.67,64.85,1967212.0
2012-05-29,50.14,58.18,50.0,57.8,20861264.0
2012-05-30,57.72,61.45,56.48,60.18,10176623.0
2012-05-31,59.71,60.55,59.59,60.04,4084700.0
2012-06-01,59.23,60.54,58.56,59.56,3820450.0
2012-06-04,59.49,59.63,57.05,57.7,3252919.0
2012-06-05,57.6,59.52,57.5,58.56,2534881.0
2012-06-06,59.0,59.16,57.65,57.84,2551577.0
2012-06-07,58.42,58.52,56.15,56.77,3622074.0
2012-06-08,57.1,57.75,55.46,56.98,2740208.0
2012-06-11,56.91,57.04,54.62,54.9,3419477.0
2012-06-12,54.98,56.34,54.9,55.95,1676310.0
2012-06-13,55.98,57.12,55.1,55.46,2041234.0
2012-06-14,55.25,56.32,54.02,55.94,1965402.0
2012-06-15,56.14,56.96,55.78,56.54,2610140.0
2012-06-18,56.27,59.25,56.26,57.77,1750082.0
2012-06-19,58.04,58.77,56.87,57.23,1848933.0
2012-06-20,57.5,59.27,57.04,59.15,2582587.0
2012-06-21,59.19,59.37,57.39,57.6,1267756.0
2012-06-22,57.87,60.61,57.2,60.61,3009218.0
2012-06-25,60.08,60.32,57.89,58.43,1416092.0
2012-06-26,58.8,60.0,58.43,59.62,1364249.0
2012-06-27,60.78,61.18,59.19,61.11,1524810.0
2012-06-28,53.93,56.67,47.86,51.18,19490422.0
2012-06-29,53.24,56.5,52.29,55.92,6203598.0
2012-07-02,56.1,56.17,54.5,55.56,2490782.0
2012-07-03,55.63,56.0,54.43,55.46,1109984.0
2012-07-05,55.51,56.03,55.31,55.51,1647583.0
2012-07-06,55.5301,55.7699,54.13,54.66,1345183.0
2012-07-09,55.45,55.59,53.89,54.14,1874040.0
2012-07-10,54.58,55.23,53.99,54.16,2016926.0
2012-07-11,54.39,54.73,52.55,52.76,1884361.0
2012-07-12,52.4,53.88,51.86,52.94,1690176.0
2012-07-13,52.99,53.73,52.88,53.55,1152633.0
2012-07-16,52.65,53.71,51.56,52.4,2034259.0
2012-07-17,52.45,53.32,51.9,52.71,1348426.0
2012-07-18,52.66,53.87,52.49,53.61,1537985.0
2012-07-19,53.53,53.58,51.64,52.1,1684496.0
2012-07-20,52.23,52.4,51.21,51.27,2062959.0
2012-07-23,50.67,50.67,49.22,49.77,1665489.0
2012-07-24,49.73,50.0,48.1,48.37,1854208.0
2012-07-25,48.35,49.39,48.1,49.08,1793237.0
2012-07-26,49.61,49.94,48.62,49.08,1108716.0
2012-07-27,50.23,50.99,49.02,49.32,2350505.0
2012-07-30,49.5,50.49,49.5,49.96,2226439.0
2012-07-31,49.77,50.54,46.03,48.51,5347403.0
2012-08-01,48.63,50.22,48.3,49.16,2132845.0
2012-08-02,50.0,50.79,49.28,49.62,3082420.0
2012-08-03,50.2,50.66,49.23,49.34,3226418.0
2012-08-06,49.7,52.37,49.39,51.94,2539822.0
2012-08-07,52.3,52.31,51.19,51.51,1465770.0
2012-08-08,51.88,52.28,50.48,50.81,1221045.0
2012-08-09,50.71,52.18,50.71,51.51,1391690.0
2012-08-10,51.26,52.2,51.14,51.66,975907.0
2012-08-13,51.44,51.9,50.8,51.42,810168.0
2012-08-14,51.62,54.42,51.62,53.53,2171176.0
2012-08-15,53.4,54.74,53.26,54.42,1495323.0
2012-08-16,54.22,57.13,54.08,54.48,2681262.0
2012-08-17,54.7,55.09,54.26,54.78,1270739.0
2012-08-20,54.62,54.93,53.75,54.88,1113928.0
2012-08-21,54.83,55.38,54.07,54.63,1320646.0
2012-08-22,54.53,55.2,54.29,54.67,1427308.0
2012-08-23,54.51,54.66,53.57,53.87,1084446.0
2012-08-24,53.99,54.81,53.46,53.56,1031546.0
2012-08-27,53.86,54.5,53.18,53.51,1331967.0
2012-08-28,53.51,54.42,52.75,54.09,1864049.0
2012-08-29,54.0,54.67,52.79,53.32,2158004.0
2012-08-30,53.21,53.8,52.93,53.28,1216249.0
2012-08-31,53.73,54.27,52.73,53.33,890257.0
2012-09-04,53.3,54.86,52.63,54.53,1365704.0
2012-09-05,54.43,55.49,54.06,54.99,1654418.0
2012-09-06,55.05,57.92,54.81,57.44,1876162.0
2012-09-07,57.27,57.58,56.31,57.1,908890.0
2012-09-10,57.71,57.99,56.4,56.64,632260.0
2012-09-11,56.63,56.64,55.66,56.05,829425.0
2012-09-12,56.37,56.74,55.28,55.74,840630.0
2012-09-13,55.98,57.08,55.17,56.21,1416307.0
2012-09-14,56.32,58.22,56.32,58.08,1482109.0
2012-09-17,57.5,57.98,57.23,57.54,1204219.0
2012-09-18,57.33,58.15,56.99,57.45,1085605.0
2012-09-19,57.51,58.13,57.03,57.9,1219393.0
2012-09-20,57.58,58.77,57.01,58.13,1227514.0
2012-09-21,58.19,59.5,57.49,59.04,3616252.0
2012-09-24,59.0,59.98,58.26,58.72,2330321.0
2012-09-25,58.99,59.05,56.11,56.26,2383104.0
2012-09-26,56.13,56.46,54.62,54.77,1938147.0
2012-09-27,54.73,56.03,54.19,55.66,1485333.0
2012-09-28,55.58,56.88,55.06,55.89,1595120.0
2012-10-01,55.92,57.02,55.47,56.44,2556588.0
2012-10-02,57.05,57.89,56.6,57.28,2019927.0
2012-10-03,57.42,58.15,57.37,57.76,1483265.0
2012-10-04,58.03,59.65,58.0,59.39,2259321.0
2012-10-05,59.56,59.97,59.26,59.42,2352715.0
2012-10-08,60.0,60.0,57.7,58.49,3350724.0
2012-10-09,59.55,59.69,57.89,58.48,1499890.0
2012-10-10,58.5,58.69,56.38,57.0,1905984.0
2012-10-11,57.35,60.0,53.5,56.88,8523831.0
2012-10-12,57.11,57.75,53.25,53.53,3014599.0
2012-10-15,53.61,54.26,52.22,53.24,3558428.0
2012-10-16,53.1,54.39,52.77,53.29,3424796.0
2012-10-17,53.13,54.08,52.36,53.95,2074999.0
2012-10-18,53.79,53.79,51.84,52.63,2371413.0
2012-10-19,52.26,52.42,49.75,50.24,4344544.0
2012-10-22,50.2,50.59,48.79,49.87,2364097.0
2012-10-23,49.26,49.75,47.97,49.63,2335231.0
2012-10-24,49.76,50.2,48.82,49.5,1461630.0
2012-10-25,49.91,50.42,49.12,50.11,1152996.0
2012-10-26,49.83,50.3,49.14,49.56,1266465.0
2012-10-31,49.88,49.88,47.39,48.28,1449261.0
2012-11-01,49.01,52.3,48.6,50.48,3581409.0
2012-11-02,45.54,46.0,42.14,45.01,11582837.0
2012-11-05,45.0,46.94,44.91,46.41,3532868.0
2012-11-06,46.52,46.76,45.91,46.15,1799897.0
2012-11-07,45.92,46.17,45.1,45.53,1826290.0
2012-11-08,45.38,45.58,44.48,44.61,1552600.0
2012-11-09,44.61,45.91,44.33,45.01,2384884.0
2012-11-12,42.7,45.0,42.7,44.0,3538906.0
2012-11-13,43.89,44.94,43.63,44.1,1700348.0
2012-11-14,43.81,44.31,41.97,42.16,1870151.0
2012-11-15,41.71,42.25,39.81,40.66,3452688.0
2012-11-16,40.46,42.14,40.18,41.22,2646776.0
2012-11-19,41.63,41.72,40.71,41.43,1894213.0
2012-11-20,41.41,42.48,41.33,42.16,2397070.0
2012-11-21,42.11,42.15,40.69,41.11,1422270.0
2012-11-23,41.36,41.8,41.17,41.46,544209.0
2012-11-26,41.39,41.46,40.26,40.5,2009080.0
2012-11-27,40.66,40.74,39.85,39.98,1753990.0
2012-11-28,38.94,39.651,38.44,39.53,2181538.0
2012-11-29,39.72,40.25,39.5,39.74,1461608.0
2012-11-30,39.74,40.17,39.56,39.79,2331665.0
2012-12-03,39.82,40.07,38.72,39.08,1382456.0
2012-12-04,39.23,39.9,39.23,39.48,1739547.0
2012-12-05,39.63,39.65,39.12,39.18,1308616.0
2012-12-06,39.29,39.4,38.8,39.1,1264595.0
2012-12-07,39.27,39.3,38.7,38.88,2462887.0
2012-12-10,39.12,40.31,38.67,40.25,1792158.0
2012-12-11,40.25,41.96,40.2,41.84,2525361.0
2012-12-12,42.07,43.28,41.75,42.25,2579176.0
2012-12-13,42.06,42.61,42.02,42.15,2680143.0
2012-12-14,41.73,42.25,41.61,41.79,1895826.0
2012-12-17,41.8,42.14,41.44,41.81,1456384.0
2012-12-18,41.92,43.37,41.92,43.33,2017231.0
2012-12-19,42.8,44.39,42.75,43.02,3257248.0
2012-12-20,42.97,43.46,42.51,43.34,1628049.0
2012-12-21,43.0,43.48,42.39,43.04,4115377.0
2012-12-24,43.03,43.53,42.09,42.49,565512.0
2012-12-26,42.47,42.47,41.64,41.75,844862.0
2012-12-27,41.69,41.98,41.23,41.76,1404521.0
2012-12-28,41.38,41.85,40.94,40.94,1025976.0
2012-12-31,40.87,42.06,40.34,41.9,1231994.0
2013-01-02,42.87,43.69,42.72,43.65,1790542.0
2013-01-03,43.7,45.3,43.31,45.15,1841515.0
2013-01-04,45.35,46.51,45.2,45.85,2538081.0
2013-01-07,45.88,47.44,45.75,47.29,2515203.0
2013-01-08,47.44,48.57,47.07,48.5,2282201.0
2013-01-09,48.54,48.7,47.52,48.25,1920203.0
2013-01-10,48.59,48.63,46.25,46.8,2511328.0
2013-01-11,47.04,47.42,46.31,47.31,1695102.0
2013-01-14,47.12,47.75,46.79,47.34,2102302.0
2013-01-15,45.77,47.6,45.31,47.08,2952352.0
2013-01-16,47.08,47.36,46.34,46.45,1482203.0
2013-01-17,46.6,47.32,46.48,46.79,1369593.0
2013-01-18,46.48,46.66,45.54,46.31,1800218.0
2013-01-22,46.21,47.12,45.69,47.07,1575147.0
2013-01-23,46.91,47.29,46.47,46.5,896890.0
2013-01-24,46.62,47.75,46.5,47.32,1598348.0
2013-01-25,47.69,47.69,46.7,46.85,1302048.0
2013-01-28,46.21,46.69,45.65,45.92,1971032.0
2013-01-29,46.11,46.66,46.03,46.39,1915440.0
2013-01-30,46.51,46.55,43.57,44.65,3528553.0
2013-01-31,44.48,45.25,44.27,44.78,4665198.0
2013-02-01,45.05,46.0,44.78,45.44,1799367.0
2013-02-04,44.66,45.45,44.59,44.63,1428470.0
2013-02-05,44.63,45.67,44.55,45.6,1246091.0
2013-02-06,45.29,46.15,45.29,45.86,1227537.0
2013-02-07,46.11,46.24,44.96,45.65,1110165.0
2013-02-08,45.84,46.37,45.7,46.0,870860.0
2013-02-11,46.07,46.48,45.6,45.7,862253.0
2013-02-12,45.81,46.2,45.5,45.89,1393993.0
2013-02-13,46.02,46.72,45.79,46.48,1586853.0
2013-02-14,46.39,46.46,45.35,45.66,1347794.0
2013-02-15,45.64,45.98,45.35,45.61,1139696.0
2013-02-19,45.6,46.55,45.5,46.52,1340354.0
2013-02-20,46.48,47.08,45.41,45.44,1731316.0
2013-02-21,45.21,45.67,44.77,44.82,1693444.0
2013-02-22,45.08,45.92,44.82,45.91,1472082.0
2013-02-25,46.14,46.3,44.84,44.86,1364864.0
2013-02-26,44.98,45.11,43.69,44.18,1160521.0
2013-02-27,44.44,47.23,44.2,46.97,2742122.0
2013-02-28,46.89,48.15,46.59,46.82,1900680.0
2013-03-01,46.55,46.58,45.52,46.17,2050389.0
2013-03-04,46.02,46.54,45.59,46.31,1681865.0
2013-03-05,46.63,48.34,46.2,48.33,1694700.0
2013-03-06,48.41,49.83,48.1,49.51,2085438.0
2013-03-07,49.51,50.35,49.22,50.17,1583871.0
2013-03-08,50.28,52.91,50.09,52.81,3534773.0
2013-03-11,52.45,53.03,52.15,52.55,1747037.0
2013-03-12,52.48,52.96,51.9,52.41,1484806.0
2013-03-13,52.47,53.02,52.23,52.77,1279063.0
2013-03-14,52.91,52.98,52.05,52.79,1139374.0
2013-03-15,52.59,52.94,51.87,52.31,2098617.0
2013-03-18,51.82,51.98,51.14,51.37,1650259.0
2013-03-19,51.67,52.45,51.39,51.9,1973182.0
2013-03-20,52.33,52.66,51.93,52.48,1280662.0
2013-03-21,52.04,52.95,51.85,52.24,1226006.0
2013-03-22,52.55,54.15,52.55,53.74,1431697.0
2013-03-25,53.9,54.98,53.35,54.26,1974942.0
2013-03-26,54.36,54.75,53.36,54.34,1234154.0
2013-03-27,53.95,54.89,53.51,54.83,1164673.0
2013-03-28,54.56,55.93,54.55,54.97,2357444.0
2013-04-01,55.0,55.55,53.72,54.0,1628466.0
2013-04-02,54.52,55.48,53.73,53.93,1544201.0
2013-04-03,54.45,54.55,52.43,52.63,2141988.0
2013-04-04,53.17,53.63,52.03,52.95,1343221.0
2013-04-05,52.15,53.33,51.55,53.23,1723993.0
2013-04-08,52.65,53.13,51.28,52.74,1709950.0
2013-04-09,53.0,53.16,51.91,52.6,1531162.0
2013-04-10,53.45,55.04,52.95,54.84,1647132.0
2013-04-11,54.72,55.73,53.64,54.83,1040108.0
2013-04-12,54.85,55.9,54.31,55.74,1343263.0
2013-04-15,55.54,55.79,53.82,54.06,1571746.0
2013-04-16,54.59,54.74,53.25,54.39,1450539.0
2013-04-17,54.06,54.32,52.8,54.05,1340318.0
2013-04-18,54.14,54.15,51.96,52.87,6195671.0
2013-04-19,81.5,85.9,80.1,85.6,24895874.0
2013-04-22,84.4,87.47,80.9,82.33,8902645.0
2013-04-23,83.24,85.22,82.77,83.53,3551752.0
2013-04-24,81.27,81.56,78.78,81.05,4471109.0
2013-04-25,80.9,81.19,79.39,80.32,2875147.0
2013-04-26,80.24,80.9,78.37,79.02,2964706.0
2013-04-29,79.0,80.41,78.25,78.33,1892906.0
2013-04-30,77.88,78.05,75.96,76.82,3701842.0
2013-05-01,77.35,79.23,76.67,76.83,2466293.0
2013-05-02,76.3,78.04,76.16,77.72,2159307.0
2013-05-03,75.9,79.41,74.61,75.99,3752575.0
2013-05-06,75.61,77.8,75.51,77.25,2233380.0
2013-05-07,76.92,77.39,75.98,76.4,1738898.0
2013-05-08,76.42,76.43,74.82,75.43,1845562.0
2013-05-09,75.23,77.13,74.95,76.78,2088467.0
2013-05-10,76.61,81.04,76.53,80.43,2724511.0
2013-05-13,79.53,81.83,79.17,80.15,3457366.0
2013-05-14,80.27,81.76,80.16,81.01,2169805.0
2013-05-15,80.2,81.0,78.38,79.42,1644543.0
2013-05-16,78.67,79.31,75.85,77.89,2475112.0
2013-05-17,78.72,79.54,77.69,79.49,2621904.0
2013-05-20,79.03,79.58,77.08,77.38,2072775.0
2013-05-21,77.61,79.87,77.49,79.47,1719000.0
2013-05-22,79.4,81.45,77.67,78.43,1446078.0
2013-05-23,78.19,79.47,77.16,78.48,1663549.0
2013-05-24,77.61,78.46,76.73,78.4,858726.0
2013-05-28,79.28,79.61,76.94,78.02,1432821.0
2013-05-29,77.46,78.96,76.97,78.39,1094363.0
2013-05-30,78.43,83.94,78.26,83.14,2423359.0
2013-05-31,82.18,82.97,80.11,80.33,1747685.0
2013-06-03,80.83,81.0,77.46,79.33,1492556.0
2013-06-04,78.77,80.18,78.03,78.36,1039205.0
2013-06-05,78.38,79.44,76.16,76.95,1722773.0
2013-06-06,77.3,79.15,77.1,78.02,1564133.0
2013-06-07,77.99,84.72,77.97,82.81,3126453.0
2013-06-10,82.66,83.17,80.71,83.14,1511369.0
2013-06-11,81.92,84.84,81.09,81.4,1616668.0
2013-06-12,82.08,83.02,79.79,80.23,928250.0
2013-06-13,81.47,84.62,78.79,82.66,1945870.0
2013-06-14,82.32,82.85,79.91,80.31,1456865.0
2013-06-17,81.22,81.5,77.56,78.75,1821468.0
2013-06-18,79.08,79.59,77.45,78.8,1967748.0
2013-06-19,79.07,80.42,77.85,77.87,1685156.0
2013-06-20,76.8,77.73,75.3,76.16,1877110.0
2013-06-21,75.89,76.87,74.2,75.98,4288571.0
2013-06-24,75.03,77.18,73.4,76.67,1495103.0
2013-06-25,77.34,78.91,77.08,78.1,1074829.0
2013-06-26,78.77,81.32,78.02,80.32,1495057.0
2013-06-27,81.56,81.77,79.66,80.53,1074764.0
2013-06-28,80.2,81.38,79.54,80.06,2204324.0
2013-07-01,80.56,85.47,80.3,80.43,2014149.0
2013-07-02,80.6,81.88,78.81,79.52,1620707.0
2013-07-03,79.63,80.86,79.06,80.63,864492.0
2013-07-05,81.21,82.48,80.17,82.43,696718.0
2013-07-08,82.48,83.25,80.01,80.38,915217.0
2013-07-09,80.71,82.0,79.01,79.99,1069543.0
2013-07-10,80.1,81.73,79.76,81.64,1160059.0
2013-07-11,82.05,84.78,81.86,84.7,1475965.0
2013-07-12,84.55,88.0,83.29,87.79,2087080.0
2013-07-15,87.09,87.63,85.66,86.75,1078969.0
2013-07-16,86.32,87.0,84.98,85.49,1124304.0
2013-07-17,85.2,86.8,85.2,85.51,804317.0
2013-07-18,85.99,86.93,85.1,86.79,715590.0
2013-07-19,86.99,89.96,86.7,88.51,2228896.0
2013-07-22,89.01,89.36,87.0,88.24,1805064.0
2013-07-23,87.95,88.81,86.28,86.55,1219049.0
2013-07-24,86.95,87.48,84.5,85.26,1293598.0
2013-07-25,84.77,87.89,84.0,87.62,1282786.0
2013-07-26,79.61,82.2,79.6,80.71,4072564.0
2013-07-29,79.48,81.34,79.13,79.66,1589314.0
2013-07-30,81.49,85.72,81.0,81.91,3693138.0
2013-07-31,82.37,83.24,79.65,79.8,2059510.0
2013-08-01,80.59,81.98,80.26,80.72,2086281.0
2013-08-02,80.68,81.21,78.52,79.44,1323797.0
2013-08-05,79.49,79.81,78.03,78.99,1036236.0
2013-08-06,78.66,78.98,76.86,77.33,930661.0
2013-08-07,77.31,78.52,76.8,78.05,974401.0
2013-08-08,78.42,78.42,77.22,77.67,707503.0
2013-08-09,77.29,78.11,76.78,77.15,798599.0
2013-08-12,76.84,77.84,76.06,77.48,1062375.0
2013-08-13,77.69,78.07,76.04,77.53,1679030.0
2013-08-14,77.11,78.97,76.4,78.25,1285978.0
2013-08-15,77.39,78.26,76.6,76.96,1439961.0
2013-08-16,76.86,77.36,76.25,76.51,3036202.0
2013-08-19,76.45,76.83,75.22,75.28,977486.0
2013-08-20,75.34,77.19,75.01,76.55,959952.0
2013-08-21,76.51,78.14,75.8,76.35,1010682.0
2013-08-22,76.89,78.6,76.79,78.4,779828.0
2013-08-23,78.4,79.0,77.29,77.78,836994.0
2013-08-26,77.69,78.73,77.42,77.95,724655.0
2013-08-27,77.03,77.38,74.67,75.0,1055320.0
2013-08-28,75.14,77.01,74.9,75.94,1084709.0
2013-08-29,75.79,78.15,75.54,77.25,704609.0
2013-08-30,77.12,77.86,74.83,75.15,2104957.0
2013-09-03,76.2,77.57,74.02,75.38,2346390.0
2013-09-04,75.43,78.55,74.91,78.3,1279263.0
2013-09-05,78.13,79.91,78.12,78.38,945926.0
2013-09-06,79.06,79.2,75.73,78.99,1500389.0
2013-09-09,79.13,82.16,78.25,81.93,1317461.0
2013-09-10,82.45,82.74,79.5,81.32,1295700.0
2013-09-11,81.37,81.5,79.26,79.81,973919.0
2013-09-12,81.76,82.14,80.26,81.4,2285642.0
2013-09-13,81.29,81.3,77.07,78.25,2737381.0
2013-09-16,79.06,79.49,75.91,76.18,1851142.0
2013-09-17,76.14,78.21,76.09,78.03,1532947.0
2013-09-18,78.18,78.53,76.69,77.11,1685843.0
2013-09-19,77.23,77.37,76.0,76.29,2408700.0
2013-09-20,77.01,77.75,75.37,76.15,42258300.0
2013-09-23,76.55,76.74,74.94,75.59,3251198.0
2013-09-24,75.14,75.7,73.43,74.53,2845156.0
2013-09-25,74.55,75.71,74.44,74.67,3186898.0
2013-09-26,74.67,76.59,74.34,76.53,1564442.0
2013-09-27,75.68,77.51,75.16,76.1,1028639.0
2013-09-30,75.32,77.2,74.97,75.82,1278089.0
2013-10-01,76.02,77.12,74.99,77.02,1292976.0
2013-10-02,76.26,76.83,75.49,76.74,1049291.0
2013-10-03,76.75,77.65,75.92,77.16,2017210.0
2013-10-04,77.51,77.84,76.6,77.21,1316898.0
2013-10-07,76.05,76.32,75.07,75.48,936145.0
2013-10-08,75.41,75.85,71.5,72.22,2216861.0
2013-10-09,72.4,72.59,68.71,70.15,2638886.0
2013-10-10,70.26,71.61,69.45,70.99,1537738.0
2013-10-11,70.49,71.0,68.89,70.92,1684794.0
2013-10-14,69.74,74.02,69.64,73.71,1722696.0
2013-10-15,72.79,74.15,72.42,73.35,1994881.0
2013-10-16,74.13,75.92,73.43,75.46,1766491.0
2013-10-17,75.13,77.48,74.4,76.86,1420767.0
2013-10-18,77.08,78.0,74.96,77.06,2234508.0
2013-10-21,77.3,77.53,74.51,74.64,1873697.0
2013-10-22,75.13,77.98,74.94,77.62,1525267.0
2013-10-23,77.1,77.98,75.26,75.61,1737375.0
2013-10-24,75.75,77.74,75.61,76.91,1252516.0
2013-10-25,77.7,78.38,76.0,76.83,1619468.0
2013-10-28,76.67,78.01,76.21,77.83,1449958.0
2013-10-29,76.08,76.88,72.57,76.09,3696363.0
2013-10-30,74.97,75.37,70.76,71.75,2685181.0
2013-10-31,71.64,72.38,70.25,71.35,2463555.0
2013-11-01,70.16,70.32,66.81,67.36,3938941.0
2013-11-04,67.31,67.85,65.85,66.21,2780851.0
2013-11-05,66.11,66.83,64.95,65.38,1904269.0
2013-11-06,65.09,65.4,61.96,62.6,4712138.0
2013-11-07,63.7,63.84,60.97,61.03,1916171.0
2013-11-08,61.41,62.25,60.42,61.06,2187847.0
2013-11-11,61.3,61.65,60.1,60.55,2084284.0
2013-11-12,60.11,60.56,58.06,60.18,3606447.0
2013-11-13,59.83,62.13,59.14,61.2,2560149.0
2013-11-14,61.6,61.7,60.6,61.03,974385.0
2013-11-15,60.87,63.42,60.87,63.39,3083569.0
2013-11-18,63.21,63.98,61.24,61.69,2132414.0
2013-11-19,61.59,62.75,61.25,62.38,1827156.0
2013-11-20,62.53,67.69,62.39,65.14,3471648.0
2013-11-21,65.24,66.49,65.14,66.23,1592586.0
2013-11-22,66.63,67.73,65.98,66.28,1684749.0
2013-11-25,66.82,69.0,66.75,67.96,1566381.0
2013-11-26,68.12,68.57,67.1,68.37,2132717.0
2013-11-27,68.37,68.79,67.58,68.32,1130196.0
2013-11-29,68.8,70.69,68.8,69.42,957928.0
2013-12-02,69.6,70.18,68.93,69.25,1256716.0
2013-12-03,68.81,69.04,67.32,67.66,1646672.0
2013-12-04,67.51,68.1,66.8,67.33,1556775.0
2013-12-05,67.14,67.43,65.98,66.45,1561647.0
2013-12-06,67.13,67.28,65.77,66.45,1239989.0
2013-12-09,66.56,66.87,65.98,66.75,1451480.0
2013-12-10,66.73,67.12,65.41,66.23,1091327.0
2013-12-11,66.12,66.23,64.18,64.39,1200633.0
2013-12-12,64.38,66.5,64.12,65.36,1262402.0
2013-12-13,65.11,65.91,64.12,65.18,1146541.0
2013-12-16,65.68,66.64,63.91,64.76,1212926.0
2013-12-17,64.59,65.81,63.65,65.58,1345628.0
2013-12-18,66.1,69.61,66.0,68.63,3004686.0
2013-12-19,67.0,71.0,67.0,69.95,3968896.0
2013-12-20,70.53,71.93,69.93,71.83,3661909.0
2013-12-23,72.4,73.89,72.0,73.48,1498310.0
2013-12-24,73.5,73.87,72.84,73.49,449529.0
2013-12-26,73.63,74.05,72.76,73.81,698722.0
2013-12-27,74.01,74.08,72.99,73.45,633482.0
2013-12-30,73.6,74.35,72.84,73.89,624697.0
2013-12-31,74.07,74.7,73.71,74.3,782391.0
2014-01-02,74.07,74.15,72.88,73.83,966843.0
2014-01-03,74.01,74.63,73.17,73.45,799560.0
2014-01-06,74.92,75.94,74.11,75.5,1701749.0
2014-01-07,75.75,75.83,73.97,74.49,1025019.0
2014-01-08,74.55,75.38,74.1,75.23,882596.0
2014-01-09,75.44,77.0,74.96,76.32,1660257.0
2014-01-10,76.07,78.22,75.71,78.21,1204282.0
2014-01-13,77.84,78.72,76.16,77.04,2867367.0
2014-01-14,77.36,79.47,77.36,79.38,1841023.0
2014-01-15,79.1,79.22,78.2,78.77,1221610.0
2014-01-16,79.17,81.03,78.77,81.0,1503203.0
2014-01-17,80.98,82.81,80.64,82.09,1978362.0
2014-01-21,82.86,85.85,81.75,85.48,2638049.0
2014-01-22,85.38,87.77,83.45,84.12,2397862.0
2014-01-23,83.35,84.2,82.49,83.83,1251187.0
2014-01-24,83.12,83.12,79.75,79.77,1868018.0
2014-01-27,79.75,80.97,77.01,79.37,2657122.0
2014-01-28,79.69,81.23,78.99,79.3,1340726.0
2014-01-29,78.56,81.75,77.85,78.82,1973687.0
2014-01-30,80.82,84.38,80.05,82.15,2458832.0
2014-01-31,80.7,81.0,78.96,79.04,1572652.0
2014-02-03,78.01,79.84,77.16,77.63,2404491.0
2014-02-04,76.95,79.7,76.78,79.15,2141151.0
2014-02-05,78.12,78.73,75.89,77.41,1843576.0
2014-02-06,76.45,79.24,76.24,78.17,1685274.0
2014-02-07,78.69,81.46,78.23,81.41,1466920.0
2014-02-10,81.1,82.3,80.95,82.17,1590434.0
2014-02-11,82.28,85.0,81.56,84.98,1439008.0
2014-02-12,84.54,85.89,83.49,83.9,1265750.0
2014-02-13,83.39,85.65,82.03,85.0,1492749.0
2014-02-14,84.38,84.98,81.05,81.61,1774106.0
2014-02-18,82.03,83.3,81.92,82.0,2043449.0
2014-02-19,81.96,84.41,81.61,82.6,1242590.0
2014-02-20,83.07,84.46,81.86,84.01,1234439.0
2014-02-21,84.44,86.12,83.48,84.81,1911497.0
2014-02-24,85.29,85.29,83.76,83.95,1287642.0
2014-02-25,84.21,85.98,83.57,84.62,1296021.0
2014-02-26,84.63,85.22,83.45,83.95,1129374.0
2014-02-27,84.24,84.57,82.39,83.16,1374793.0
2014-02-28,83.48,84.25,79.33,80.86,1790443.0
2014-03-03,80.25,83.25,79.57,81.56,1134660.0
2014-03-04,82.54,83.82,81.65,83.12,1205952.0
2014-03-05,83.27,83.42,82.08,82.96,914210.0
2014-03-06,83.51,83.59,79.33,79.94,1522554.0
2014-03-07,80.51,81.6,76.31,79.94,1706703.0
2014-03-10,79.6,79.92,77.92,79.65,1316306.0
2014-03-11,79.99,80.56,78.48,79.19,1200974.0
2014-03-12,78.64,80.15,78.05,79.87,946268.0
2014-03-13,79.92,80.0,77.11,77.86,1130437.0
2014-03-14,77.57,79.76,76.9,78.32,1179284.0
2014-03-17,77.61,79.51,77.02,77.7,1302145.0
2014-03-18,78.0,79.95,77.69,79.0,959585.0
2014-03-19,78.73,79.2,77.16,77.8,1361777.0
2014-03-20,77.72,78.57,76.6,77.77,957287.0
2014-03-21,77.5,77.75,72.82,73.83,3526016.0
2014-03-24,74.3,74.6,70.58,72.44,1990000.0
2014-03-25,72.75,73.92,70.31,71.9,1409754.0
2014-03-26,72.56,72.77,69.86,70.44,1659180.0
2014-03-27,70.3,71.65,68.24,70.78,1786222.0
2014-03-28,71.07,72.67,67.49,67.8,1425572.0
2014-03-31,68.17,71.35,68.01,70.72,1860645.0
2014-04-01,71.32,73.12,70.76,71.87,2319515.0
2014-04-02,72.0,73.1,71.65,72.3,1316698.0
2014-04-03,71.96,72.74,67.93,69.12,1730196.0
2014-04-04,70.06,70.15,65.44,65.84,2207131.0
2014-04-07,65.67,67.24,64.05,66.4,1646356.0
2014-04-08,65.84,67.0,64.6,65.35,1677401.0
2014-04-09,65.59,70.06,65.32,69.95,2107145.0
2014-04-10,69.32,69.81,65.31,65.69,2545734.0
2014-04-11,64.97,67.64,63.0,63.06,2140072.0
2014-04-14,64.58,65.14,61.19,62.44,1695751.0
2014-04-15,62.83,63.97,59.79,63.25,1886008.0
2014-04-16,64.6,64.82,62.83,64.39,1459473.0
2014-04-17,64.18,65.68,63.42,64.17,1387435.0
2014-04-21,64.52,65.56,63.04,65.47,1103834.0
2014-04-22,65.69,69.05,65.67,68.3,1862312.0
2014-04-23,69.49,69.49,66.17,66.92,1451854.0
2014-04-24,66.96,67.49,64.05,66.18,1204660.0
2014-04-25,65.55,66.32,64.02,64.19,1120434.0
2014-04-28,64.64,66.1,62.42,64.51,1333472.0
2014-04-29,64.97,67.68,64.19,67.57,1282201.0
2014-04-30,67.27,67.99,65.94,67.7,1466185.0
2014-05-01,67.54,69.71,66.53,68.95,1837050.0
2014-05-02,69.37,71.68,66.3,66.37,2812998.0
2014-05-05,65.41,68.5,64.81,68.41,1467929.0
2014-05-06,68.4,68.75,66.47,66.56,1373586.0
2014-05-07,66.49,67.07,64.23,65.17,1380855.0
2014-05-08,64.32,66.14,63.46,63.8,1309632.0
2014-05-09,63.9,65.1,62.41,65.05,1245924.0
2014-05-12,65.19,67.76,65.13,67.74,1462857.0
2014-05-13,67.62,67.93,66.32,66.71,827209.0
2014-05-14,66.74,68.28,65.32,67.69,1036551.0
2014-05-15,66.69,67.48,65.02,65.46,1538525.0
2014-05-16,65.59,66.11,63.6,65.03,2018828.0
2014-05-19,65.0,67.48,64.28,67.22,1317208.0
2014-05-20,67.28,67.43,65.06,65.49,1071378.0
2014-05-21,65.51,67.19,65.47,67.15,1076080.0
2014-05-22,67.78,71.48,67.5,71.18,2010722.0
2014-05-23,71.51,71.85,70.01,71.04,1118826.0
2014-05-27,72.07,73.38,71.33,73.36,1593620.0
2014-05-28,73.43,73.48,71.65,71.72,1460400.0
2014-05-29,72.31,72.96,71.42,72.81,1320969.0
2014-05-30,72.96,72.96,71.33,72.26,1173480.0
2014-06-02,72.16,72.98,71.54,72.63,1172964.0
2014-06-03,71.7,72.98,71.0,72.96,975462.0
2014-06-04,72.6,73.6,72.24,72.64,1581854.0
2014-06-05,72.63,73.45,71.61,73.06,1405473.0
2014-06-06,73.65,73.65,72.47,73.49,1185247.0
2014-06-09,73.64,75.43,73.3,74.61,1114369.0
2014-06-10,74.3,75.23,72.79,74.04,1307512.0
2014-06-11,73.38,74.7,73.22,74.08,1033069.0
2014-06-12,73.78,74.93,73.03,73.5,1028955.0
2014-06-13,73.88,73.91,72.55,73.49,810456.0
2014-06-16,69.16,71.02,67.02,67.12,3436204.0
2014-06-17,66.97,67.75,65.66,65.89,1576603.0
2014-06-18,66.23,66.3,64.19,65.08,2213216.0
2014-06-19,65.4,65.49,63.68,64.63,2181922.0
2014-06-20,64.96,65.05,63.97,64.96,2686292.0
2014-06-23,64.76,67.6,64.72,66.61,2166127.0
2014-06-24,98.02,98.8,89.93,93.53,25236837.0
2014-06-25,92.26,93.35,89.27,89.86,7001292.0
2014-06-26,88.29,93.3,88.27,93.17,5511777.0
2014-06-27,93.09,94.0,91.92,93.77,2179748.0
2014-06-30,93.77,94.89,93.05,94.68,2487332.0
2014-07-01,93.87,96.29,93.74,95.85,2154485.0
2014-07-02,95.35,98.73,95.33,98.03,3182054.0
2014-07-03,97.64,99.0,97.34,98.8,1300894.0
2014-07-07,97.71,99.58,96.08,96.84,2146603.0
2014-07-08,96.88,97.31,94.75,95.04,2747848.0
2014-07-09,95.54,98.65,94.89,98.1,1906299.0
2014-07-10,96.15,98.49,95.05,97.82,1330241.0
2014-07-11,98.08,99.74,97.14,99.07,1755615.0
2014-07-14,99.07,99.29,97.03,98.38,1246847.0
2014-07-15,98.26,98.49,95.25,96.53,1558375.0
2014-07-16,96.7,97.22,94.42,96.83,1618852.0
2014-07-17,95.83,96.68,94.31,94.49,1634985.0
2014-07-18,95.06,97.78,94.4,97.2,1964400.0
2014-07-21,96.7,97.2,95.35,96.31,1152827.0
2014-07-22,96.6,98.08,95.75,97.74,1499340.0
2014-07-23,97.74,98.61,97.44,98.14,1458144.0
2014-07-24,97.87,98.45,95.68,95.77,1962264.0
2014-07-25,95.3,96.81,94.67,95.75,1259017.0
2014-07-28,95.48,96.29,95.24,95.56,1178298.0
2014-07-29,95.4,96.63,95.25,95.56,1450069.0
2014-07-30,93.49,95.24,91.31,92.01,2295525.0
2014-07-31,90.64,91.85,88.11,88.91,2470099.0
2014-08-01,89.6,90.37,86.56,87.53,2479512.0
2014-08-04,88.37,89.99,86.1,86.69,1964612.0
2014-08-05,86.18,88.06,85.7,87.0,1498044.0
2014-08-06,86.31,87.55,85.71,86.81,1195367.0
2014-08-07,86.94,87.45,84.6,84.74,1388780.0
2014-08-08,85.2,86.99,85.18,86.42,986401.0
2014-08-11,85.97,86.71,84.47,86.2,959534.0
2014-08-12,86.02,86.59,84.94,85.41,710180.0
2014-08-13,84.41,89.13,84.41,88.75,1386831.0
2014-08-14,88.46,90.43,88.11,90.37,1156441.0
2014-08-15,90.91,91.85,89.55,90.88,1053292.0
2014-08-18,91.11,92.4,90.61,91.3,1147810.0
2014-08-19,90.85,92.25,90.68,91.92,894155.0
2014-08-20,91.46,92.73,90.57,91.3,1071383.0
2014-08-21,91.32,91.88,88.38,88.99,1007361.0
2014-08-22,88.55,90.63,88.55,90.22,862435.0
2014-08-25,91.13,92.55,90.51,91.76,971946.0
2014-08-26,90.89,94.5,90.89,93.64,1899755.0
2014-08-27,94.03,94.3,92.71,93.03,837012.0
2014-08-28,92.55,94.08,92.34,92.8,558165.0
2014-08-29,93.08,94.0,92.4,93.57,723167.0
2014-09-02,94.29,94.3,91.69,92.96,1289795.0
2014-09-03,93.2,93.99,92.26,92.82,660130.0
2014-09-04,92.99,93.41,90.99,91.55,864859.0
2014-09-05,94.68,96.31,93.55,95.04,2065566.0
2014-09-08,95.07,96.4,94.02,94.49,1353144.0
2014-09-09,94.17,94.48,92.48,93.12,967455.0
2014-09-10,93.39,94.98,92.8,94.74,1705206.0
2014-09-11,94.3,96.2,92.27,94.25,1339441.0
2014-09-12,93.97,93.98,92.05,92.99,1215564.0
2014-09-15,93.83,93.83,91.27,92.13,1151152.0
2014-09-16,92.22,94.3,91.04,93.86,1550386.0
2014-09-17,94.3,94.92,92.04,94.5,1275171.0
2014-09-18,95.0,97.42,94.32,97.35,1413902.0
2014-09-19,97.85,105.53,97.54,103.75,6299332.0
2014-09-22,103.54,105.37,102.71,104.71,2697234.0
2014-09-23,104.28,105.72,102.78,104.84,2410212.0
2014-09-24,104.84,112.1,104.1,111.98,3784410.0
2014-09-25,111.43,112.71,109.97,110.28,2646600.0
2014-09-26,112.36,114.24,110.92,113.6,2235861.0
2014-09-29,112.99,116.88,110.91,113.9,2067143.0
2014-09-30,113.37,114.43,110.58,112.31,2444208.0
2014-10-01,112.88,112.89,105.27,107.25,2747701.0
2014-10-02,107.14,107.37,101.52,104.8,2361692.0
2014-10-03,105.37,109.08,103.79,108.59,1954194.0
2014-10-06,109.67,110.55,104.4,105.76,1462565.0
2014-10-07,104.7,106.04,102.72,102.83,1237065.0
2014-10-08,103.48,107.67,102.53,107.02,1470936.0
2014-10-09,105.79,109.15,103.78,105.27,1578339.0
2014-10-10,104.91,108.41,104.11,104.73,2015910.0
2014-10-13,106.74,109.94,105.63,105.91,2409571.0
2014-10-14,107.02,107.79,103.3,104.26,1802387.0
2014-10-15,102.0,103.75,96.43,101.1,2353867.0
2014-10-16,99.25,103.19,97.77,101.26,1822737.0
2014-10-17,101.13,102.95,99.26,102.35,1825852.0
2014-10-20,102.51,105.0,101.85,104.77,1178616.0
2014-10-21,105.86,110.91,104.51,108.16,1897317.0
2014-10-22,109.36,111.0,106.0,106.17,1539994.0
2014-10-23,107.03,109.55,106.33,108.09,1261219.0
2014-10-24,108.12,110.25,107.07,109.91,939320.0
2014-10-27,109.34,111.78,107.86,111.59,1204972.0
2014-10-28,112.37,115.24,111.78,114.07,2170562.0
2014-10-29,113.83,113.92,108.02,109.91,2449051.0
2014-10-30,109.21,111.82,108.61,110.85,1398361.0
2014-10-31,113.75,114.98,111.02,112.64,1664600.0
2014-11-03,112.64,113.35,111.61,112.98,1046824.0
2014-11-04,112.32,115.52,111.91,114.1,1196307.0
2014-11-05,114.67,114.99,110.91,111.59,1099251.0
2014-11-06,112.43,117.61,111.85,117.29,1533635.0
2014-11-07,116.83,117.19,113.79,115.93,1307194.0
2014-11-10,116.16,117.56,114.0,116.94,1131693.0
2014-11-11,116.94,117.97,116.07,117.49,861704.0
2014-11-12,117.21,117.48,114.45,116.68,833768.0
2014-11-13,117.08,117.08,111.85,112.72,1240701.0
2014-11-14,113.46,114.23,110.05,111.34,1127471.0
2014-11-17,110.8,112.28,110.26,111.62,930453.0
2014-11-18,111.17,112.6,109.87,111.04,1815113.0
2014-11-19,111.03,118.17,111.0,112.8,1988519.0
2014-11-20,112.02,113.0,109.34,112.89,2557395.0
2014-11-21,114.43,114.43,110.62,111.4,1300131.0
2014-11-24,111.55,113.96,111.32,113.8,1085941.0
2014-11-25,114.17,114.99,113.63,114.19,1786132.0
2014-11-26,114.68,116.27,113.89,115.39,1061103.0
2014-11-28,115.65,120.91,115.65,117.88,1121848.0
2014-12-01,117.89,119.76,115.37,116.85,1100988.0
2014-12-02,116.45,119.4,116.16,118.95,1168055.0
2014-12-03,120.2,121.88,119.0,120.18,1083698.0
2014-12-04,119.68,121.19,117.52,118.71,971710.0
2014-12-05,118.49,118.84,117.05,117.95,1123124.0
2014-12-08,118.23,121.1,117.95,119.38,1486666.0
2014-12-09,118.33,120.8,116.79,120.3,1056734.0
2014-12-10,120.18,121.65,116.73,117.2,1563140.0
2014-12-11,118.12,122.26,117.2,120.78,1299781.0
2014-12-12,118.87,121.09,118.38,118.55,1329784.0
2014-12-15,120.17,120.24,112.59,112.88,2137989.0
2014-12-16,112.64,113.44,110.07,110.86,2113070.0
2014-12-17,110.37,112.95,108.7,111.85,2554198.0
2014-12-18,114.08,118.67,111.66,117.74,2148261.0
2014-12-19,117.25,124.35,116.76,118.9,6131369.0
2014-12-22,118.92,122.17,116.0,116.68,2098087.0
2014-12-23,112.14,119.54,109.34,113.75,4062358.0
2014-12-24,113.75,117.29,113.31,115.15,519021.0
2014-12-26,115.56,118.83,115.51,118.41,573348.0
2014-12-29,117.91,120.0,116.84,119.79,935935.0
2014-12-30,119.36,120.42,119.01,119.15,861209.0
2014-12-31,119.61,121.96,118.5,118.8,946341.0
2015-01-02,119.97,123.68,118.3,123.07,1442665.0
2015-01-05,122.27,122.78,119.34,121.03,1684426.0
2015-01-06,121.31,122.58,116.8,117.36,2289743.0
2015-01-07,118.82,120.77,117.63,120.66,1219866.0
2015-01-08,122.0,124.0,121.14,123.97,1358285.0
2015-01-09,123.75,125.29,122.0,122.21,1069475.0
2015-01-12,123.22,124.4,117.73,118.31,2783167.0
2015-01-13,120.4,123.85,119.7,120.6,1631808.0
2015-01-14,118.42,121.22,118.42,120.38,1224932.0
2015-01-15,120.78,121.39,117.68,117.78,1052322.0
2015-01-16,117.67,123.08,117.15,122.86,1424710.0
2015-01-20,123.2,125.26,121.03,124.74,1102897.0
2015-01-21,123.71,126.21,123.71,125.09,1196838.0
2015-01-22,125.41,127.69,122.01,127.3,1579283.0
2015-01-23,126.72,127.02,125.02,125.57,977026.0
2015-01-26,125.86,126.83,124.44,125.12,1203838.0
2015-01-27,124.82,126.54,123.51,123.67,1103818.0
2015-01-28,124.76,124.99,120.88,121.26,1830552.0
2015-01-29,112.4,115.94,111.28,114.14,4027048.0
2015-01-30,112.45,116.19,110.0,110.14,3027762.0
2015-02-02,110.31,111.36,107.08,111.18,1797560.0
2015-02-03,111.18,111.66,106.62,108.72,2205090.0
2015-02-04,107.5,110.64,103.75,109.27,2302622.0
2015-02-05,109.42,111.86,108.27,111.59,1099180.0
2015-02-06,107.12,112.87,106.8,108.66,1718740.0
2015-02-09,108.29,109.6,107.16,107.88,1183820.0
2015-02-10,108.34,109.78,107.43,108.43,1282335.0
2015-02-11,108.43,110.22,107.23,108.62,990870.0
2015-02-12,109.43,109.97,108.07,109.63,1328765.0
2015-02-13,109.99,113.85,108.0,113.66,1689561.0
2015-02-17,113.61,115.68,112.54,113.4,999112.0
2015-02-18,112.34,113.78,111.84,113.57,960912.0
2015-02-19,113.47,113.99,111.68,111.97,1244059.0
2015-02-20,112.55,118.79,111.78,118.61,2467549.0
2015-02-23,118.28,119.91,116.07,117.12,1262645.0
2015-02-24,117.31,117.31,114.71,116.92,1011019.0
2015-02-25,117.16,121.5,115.43,118.84,1651106.0
2015-02-26,119.05,120.23,116.5,119.97,1303281.0
2015-02-27,119.92,120.52,118.21,119.43,1050126.0
2015-03-02,120.62,120.72,118.44,120.17,1511228.0
2015-03-03,120.06,123.82,119.11,123.52,1533144.0
2015-03-04,123.13,123.4,119.75,120.05,1363212.0
2015-03-05,120.79,127.36,120.28,126.96,2413717.0
2015-03-06,125.03,126.96,124.78,126.34,1581081.0
2015-03-09,126.34,127.42,125.0,126.98,1402960.0
2015-03-10,125.89,126.38,123.9,124.14,1672403.0
2015-03-11,124.52,124.64,121.78,122.64,1570934.0
2015-03-12,123.21,123.66,121.18,123.31,1371595.0
2015-03-13,123.36,125.69,121.07,124.0,1354443.0
2015-03-16,124.86,129.42,124.77,127.73,1974548.0
2015-03-17,127.16,129.46,126.46,129.15,1195647.0
2015-03-18,129.63,130.95,127.51,129.79,1926812.0
2015-03-19,131.23,134.41,130.07,134.25,2143332.0
2015-03-20,135.0,136.33,130.63,131.0,5731415.0
2015-03-23,123.62,128.54,122.0,125.79,5118515.0
2015-03-24,126.24,128.8,124.13,124.34,1780271.0
2015-03-25,124.5,126.29,118.16,118.64,2429906.0
2015-03-26,118.94,120.02,116.61,117.6,1902885.0
2015-03-27,117.73,120.78,117.45,120.34,1618094.0
2015-03-30,121.23,122.14,119.52,121.25,1263776.0
2015-03-31,119.98,121.02,117.81,117.97,1525084.0
2015-04-01,117.59,117.59,113.68,116.43,1910642.0
2015-04-02,115.85,117.74,114.32,117.23,1513946.0
2015-04-06,116.1,120.0,115.11,118.25,1252182.0
2015-04-07,118.12,122.06,118.12,120.47,1113197.0
2015-04-08,120.83,124.56,120.33,123.79,1356888.0
2015-04-09,123.67,125.75,123.09,125.64,1091722.0
2015-04-10,126.76,128.78,125.84,128.47,1119522.0
2015-04-13,128.47,129.69,127.7,127.81,1004832.0
2015-04-14,127.75,128.99,126.13,128.73,949006.0
2015-04-15,128.1,130.26,126.75,129.2,1203780.0
2015-04-16,129.03,131.63,127.61,128.94,1142328.0
2015-04-17,127.52,128.9,124.46,125.07,1579115.0
2015-04-20,126.14,127.01,124.47,125.55,1351412.0
2015-04-21,128.8,135.31,127.21,132.2,3073965.0
2015-04-22,132.28,133.72,130.36,132.85,1119812.0
2015-04-23,132.44,137.5,131.79,135.82,1672488.0
2015-04-24,135.85,135.94,132.94,133.2,1246849.0
2015-04-27,134.09,135.07,126.69,127.88,2258831.0
2015-04-28,128.27,130.0,123.89,125.47,1696251.0
2015-04-29,124.58,127.74,123.11,123.76,1705828.0
2015-04-30,124.17,128.69,121.3,123.28,1849674.0
2015-05-01,123.92,125.97,123.82,125.6,1171946.0
2015-05-04,126.07,129.22,125.46,126.3,1196653.0
2015-05-05,125.42,126.22,121.15,122.15,1434216.0
2015-05-06,122.61,125.16,121.38,122.93,1266632.0
2015-05-07,122.89,125.78,121.17,125.05,1306153.0
2015-05-08,124.9,131.42,124.5,127.41,2294548.0
2015-05-11,129.0,129.53,123.53,124.08,2293675.0
2015-05-12,124.08,124.08,124.08,124.08,569747.0
2015-05-13,131.25,131.36,125.0,125.52,3879416.0
2015-05-14,126.0,126.48,121.02,123.0,2637053.0
2015-05-15,124.18,127.11,123.54,126.21,2213209.0
2015-05-18,126.21,127.47,125.16,127.31,1641804.0
2015-05-19,127.29,129.15,126.41,128.31,1097069.0
2015-05-20,127.16,127.99,124.34,126.75,1704889.0
2015-05-21,126.75,127.1,124.32,125.05,1202635.0
2015-05-22,124.91,125.96,124.33,125.08,1174654.0
2015-05-26,124.8,125.7,122.34,122.63,1140179.0
2015-05-27,123.23,127.9,121.81,127.8,1387117.0
2015-05-28,126.75,128.24,126.36,127.4,799116.0
2015-05-29,126.92,128.87,125.67,128.29,1212778.0
2015-06-01,128.48,128.98,126.11,126.8,946918.0
2015-06-02,126.28,127.5,123.3,124.8,1341850.0
2015-06-03,124.38,126.98,124.13,126.92,935977.0
2015-06-04,125.84,127.92,125.46,126.94,1221432.0
2015-06-05,126.1,127.98,125.03,127.35,707534.0
2015-06-08,127.0,127.27,124.94,125.52,892633.0
2015-06-09,125.76,125.84,122.89,124.08,781233.0
2015-06-10,124.49,126.16,122.39,125.18,1291453.0
2015-06-11,125.86,126.88,125.15,126.35,1216063.0
2015-06-12,125.87,126.29,122.69,124.36,964272.0
2015-06-15,123.65,124.54,121.39,123.5,999150.0
2015-06-16,123.52,124.97,123.0,123.34,603865.0
2015-06-17,123.57,125.0,122.86,124.05,782457.0
2015-06-18,124.62,127.75,123.94,127.63,1410708.0
2015-06-19,127.46,129.26,126.54,128.04,1925610.0
2015-06-22,127.99,129.24,126.57,129.03,887721.0
2015-06-23,129.57,131.77,129.39,131.62,1333080.0
2015-06-24,131.68,132.98,129.05,129.59,1147559.0
2015-06-25,130.27,130.84,127.89,128.35,1201737.0
2015-06-26,130.47,131.0,126.86,126.87,4661797.0
2015-06-29,125.8,126.47,121.84,122.03,1288950.0
2015-06-30,124.33,125.16,122.39,123.48,1501378.0
2015-07-01,124.11,126.65,124.1,126.19,1451141.0
2015-07-02,126.92,132.0,126.0,131.26,3660501.0
2015-07-06,128.95,130.62,126.9,128.83,2264618.0
2015-07-07,129.0,129.46,125.59,127.48,1566992.0
2015-07-08,126.64,126.86,120.94,121.54,1994117.0
2015-07-09,123.01,123.9,120.88,120.89,1660328.0
2015-07-10,122.75,123.39,121.2,122.95,1520504.0
2015-07-13,123.81,124.56,123.0,124.24,1067043.0
2015-07-14,124.46,129.83,123.24,129.44,1784679.0
2015-07-15,130.5,136.36,130.25,133.53,3082443.0
2015-07-16,133.49,134.32,133.12,133.9,2004219.0
2015-07-17,134.29,134.48,132.28,134.17,1276717.0
2015-07-20,134.08,135.15,132.95,133.47,1045590.0
2015-07-21,133.66,133.89,129.91,130.97,1046828.0
2015-07-22,130.51,132.12,129.94,131.02,978521.0
2015-07-23,131.71,131.95,129.93,130.85,870010.0
2015-07-24,130.02,130.7,124.62,125.5,1362793.0
2015-07-27,124.24,125.35,121.31,123.23,2042296.0
2015-07-28,124.47,128.56,122.41,128.3,1944884.0
2015-07-29,128.28,128.98,125.27,125.62,1785295.0
2015-07-30,126.09,135.9,121.15,135.46,3099814.0
2015-07-31,134.89,136.0,133.02,135.0,1545982.0
2015-08-03,134.88,139.15,134.68,136.99,2161124.0
2015-08-04,137.81,141.84,137.13,140.3,2013809.0
2015-08-05,141.59,143.16,139.76,141.22,1374128.0
2015-08-06,141.25,142.36,137.22,139.44,1570305.0
2015-08-07,138.94,139.5,136.03,137.74,2440970.0
2015-08-10,139.17,143.45,139.16,139.63,1679199.0
2015-08-11,138.85,139.13,134.03,135.87,1475651.0
2015-08-12,134.48,138.29,132.13,137.64,1160550.0
2015-08-13,137.89,140.0,136.89,137.37,1268685.0
2015-08-14,137.25,137.62,133.96,136.88,956643.0
2015-08-17,136.39,140.06,135.01,139.61,816297.0
2015-08-18,140.03,141.49,138.38,139.76,949851.0
2015-08-19,140.45,142.49,137.85,141.48,1339352.0
2015-08-20,138.69,140.66,132.63,132.91,1861663.0
2015-08-21,131.33,133.43,125.36,125.47,2505007.0
2015-08-24,117.54,128.15,112.89,119.27,3324839.0
2015-08-25,126.7,126.84,120.89,121.17,2644370.0
2015-08-26,124.6,130.29,121.81,130.11,2515889.0
2015-08-27,131.49,133.99,129.85,133.75,2017524.0
2015-08-28,132.39,134.53,131.03,134.05,1240196.0
2015-08-31,132.71,134.24,127.41,127.52,1711093.0
2015-09-01,124.07,127.42,123.0,124.04,1998482.0
2015-09-02,125.56,129.1,124.0,129.0,1486912.0
2015-09-03,132.16,132.16,126.15,126.53,1010247.0
2015-09-04,124.3,128.04,123.81,126.99,1240743.0
2015-09-08,129.93,133.49,127.97,133.11,1346925.0
2015-09-09,134.49,134.61,129.31,129.95,1104588.0
2015-09-10,129.21,133.71,129.21,132.0,981704.0
2015-09-11,131.0,134.13,130.1,134.06,1056164.0
2015-09-14,135.43,136.67,132.71,134.85,1390154.0
2015-09-15,135.59,136.49,133.4,135.45,1116017.0
2015-09-16,135.99,136.97,131.42,133.66,1186612.0
2015-09-17,134.03,136.62,133.11,135.19,1175894.0
2015-09-18,132.26,132.26,123.98,124.16,4404873.0
2015-09-21,124.87,126.78,117.58,118.19,2583104.0
2015-09-22,116.42,116.99,110.41,114.41,4493650.0
2015-09-23,114.26,115.88,108.45,111.86,3310171.0
2015-09-24,110.3,112.94,109.02,111.11,2671675.0
2015-09-25,112.31,113.38,101.0,103.28,3395512.0
2015-09-28,103.72,104.5,97.79,98.5,3948355.0
2015-09-29,97.47,105.46,97.45,99.83,3784080.0
2015-09-30,102.07,105.84,101.58,104.14,2864003.0
2015-10-01,103.2,107.43,101.49,107.23,2487218.0
2015-10-02,107.24,115.23,106.01,115.18,3527653.0
2015-10-05,116.76,117.21,112.52,114.52,2344353.0
2015-10-06,113.55,114.5,104.17,109.46,3592988.0
2015-10-07,110.54,112.48,106.52,109.4,2661983.0
2015-10-08,109.25,110.5,102.96,109.03,2745656.0
2015-10-09,109.42,112.5,107.72,110.0,1861423.0
2015-10-12,110.64,114.25,109.08,113.25,1860803.0
2015-10-13,112.51,114.56,109.17,109.4,1676232.0
2015-10-14,109.81,114.95,109.63,113.3,2335986.0
2015-10-15,113.07,115.88,111.47,115.79,2010335.0
2015-10-16,116.04,118.83,112.5,114.32,1936477.0
2015-10-19,113.43,117.58,112.76,115.88,1894538.0
2015-10-20,115.71,115.87,110.07,110.25,1683657.0
2015-10-21,112.01,112.41,106.3,109.62,1625407.0
2015-10-22,109.87,111.29,107.46,109.49,1844749.0
2015-10-23,110.81,114.55,110.08,114.37,1656766.0
2015-10-26,114.29,117.28,112.11,114.77,1518686.0
2015-10-27,114.84,121.11,113.5,121.01,2430917.0
2015-10-28,120.4,121.87,116.52,120.1,3676511.0
2015-10-29,126.56,129.13,122.68,126.17,3562950.0
2015-10-30,126.93,126.93,122.69,124.74,2033471.0
2015-11-02,123.6,128.35,122.71,126.94,1854739.0
2015-11-03,127.21,128.98,125.62,128.36,1812731.0
2015-11-04,128.88,128.94,122.56,124.9,1614378.0
2015-11-05,125.0,126.34,121.82,121.91,1486215.0
2015-11-06,120.25,121.34,117.01,117.96,2526440.0
2015-11-09,117.7,120.11,116.94,118.85,1522276.0
2015-11-10,118.8,119.95,117.56,118.9,1034561.0
2015-11-11,119.59,119.9,117.52,118.2,1053059.0
2015-11-12,117.78,119.11,116.87,117.3,1022433.0
2015-11-13,117.13,123.09,116.78,123.05,2292584.0
2015-11-16,122.28,125.5,121.52,125.28,1615142.0
2015-11-17,125.08,128.36,124.27,128.26,1501740.0
2015-11-18,128.01,133.42,127.84,133.26,1760818.0
2015-11-19,133.01,134.0,129.77,130.08,1248262.0
2015-11-20,132.54,133.64,130.11,130.55,1672864.0
2015-11-23,130.78,134.71,130.12,132.29,970121.0
2015-11-24,130.95,133.2,130.08,133.13,1031265.0
2015-11-25,133.16,134.0,131.56,131.97,689929.0
2015-11-27,132.63,134.23,132.63,133.06,340914.0
2015-11-30,132.88,133.41,129.2,129.36,1344652.0
2015-12-01,131.0,132.81,128.04,130.36,1185824.0
2015-12-02,130.63,132.56,129.6,130.41,930544.0
2015-12-03,130.26,130.26,120.46,122.06,1770307.0
2015-12-04,122.82,125.87,122.58,125.17,1658058.0
2015-12-07,125.35,125.79,121.36,121.79,1510327.0
2015-12-08,121.02,123.78,120.01,123.29,1374874.0
2015-12-09,122.55,123.13,119.4,120.63,1555460.0
2015-12-10,119.51,123.12,119.51,121.87,1309317.0
2015-12-11,120.2,122.03,117.23,117.64,2205686.0
2015-12-14,117.61,118.4,113.73,115.7,2283410.0
2015-12-15,117.04,118.39,115.84,117.28,3948162.0
2015-12-16,118.27,119.38,113.77,118.53,2808216.0
2015-12-17,118.31,119.57,116.44,117.94,1220256.0
2015-12-18,117.17,119.31,116.48,116.51,2367492.0
2015-12-21,117.43,120.85,116.4,120.56,1237357.0
2015-12-22,121.09,122.97,120.08,122.74,1525939.0
2015-12-23,123.92,124.22,121.95,123.8,1162987.0
2015-12-24,124.38,125.4,124.2,124.84,367523.0
2015-12-28,123.99,124.74,122.72,123.95,677837.0
2015-12-29,124.97,129.18,124.32,127.87,1168555.0
2015-12-30,127.68,127.95,125.93,126.4,658753.0
2015-12-31,125.55,127.6,124.91,125.83,797339.0
2016-01-04,123.03,123.87,121.04,122.89,2217601.0
2016-01-05,123.89,124.96,121.9,123.45,1300116.0
2016-01-06,120.8,123.17,119.51,122.23,1692442.0
2016-01-07,119.01,119.82,113.85,114.96,2362559.0
2016-01-08,115.62,117.11,110.55,110.71,1823007.0
2016-01-11,109.88,109.94,101.49,103.95,3230724.0
2016-01-12,104.95,108.71,98.87,103.64,3253546.0
2016-01-13,104.3,105.5,95.68,96.37,5709229.0
2016-01-14,97.44,103.95,94.68,101.91,3688585.0
2016-01-15,98.51,100.13,95.09,97.91,3222211.0
2016-01-19,100.54,101.46,92.57,94.99,2779826.0
2016-01-20,93.33,98.58,89.97,96.99,4089325.0
2016-01-21,97.07,98.84,94.84,95.07,2881794.0
2016-01-22,97.0,97.81,93.65,94.71,2572854.0
2016-01-25,94.24,95.17,92.01,92.12,2665424.0
2016-01-26,92.7,93.43,90.47,92.2,2561816.0
2016-01-27,92.35,96.09,89.92,92.5,3626002.0
2016-01-28,91.0,94.09,81.98,92.76,8088468.0
2016-01-29,92.72,94.49,90.0,90.75,3485582.0
2016-02-01,91.92,93.99,89.75,92.39,2913248.0
2016-02-02,90.59,92.68,89.43,90.98,3142883.0
2016-02-03,91.54,93.98,86.12,93.88,3256678.0
2016-02-04,93.49,96.35,90.71,91.72,2452985.0
2016-02-05,90.01,92.23,84.54,86.61,4571268.0
2016-02-08,85.23,85.85,79.81,82.0,4215071.0
2016-02-09,80.25,83.53,79.44,80.14,4159543.0
2016-02-10,82.26,84.06,80.25,81.73,4115279.0
2016-02-11,79.21,81.17,78.51,79.71,3894627.0
2016-02-12,81.94,83.81,79.5,83.23,2771696.0
2016-02-16,85.42,85.85,83.01,85.37,2191108.0
2016-02-17,86.07,88.46,83.5,88.25,2276253.0
2016-02-18,87.87,88.47,85.76,86.64,2133869.0
2016-02-19,85.99,88.51,84.04,88.08,2029687.0
2016-02-22,89.41,91.6,87.85,89.0,1599928.0
2016-02-23,88.06,89.3,84.76,85.28,1757670.0
2016-02-24,84.12,87.09,82.44,86.77,1809507.0
2016-02-25,87.33,88.94,84.34,85.53,1387814.0
2016-02-26,86.44,87.93,85.39,87.0,1408749.0
2016-02-29,86.83,88.97,84.6,85.49,1762366.0
2016-03-01,86.13,89.61,84.26,89.57,1991285.0
2016-03-02,88.94,93.42,88.75,92.52,2779440.0
2016-03-03,92.25,93.0,89.1,89.45,1575719.0
2016-03-04,89.91,90.19,87.92,88.36,1703397.0
2016-03-07,87.36,91.0,85.94,90.95,1647733.0
2016-03-08,90.63,90.89,85.05,86.91,2776549.0
2016-03-09,87.45,87.45,84.35,84.63,2201846.0
2016-03-10,85.16,85.43,81.16,82.28,2456871.0
2016-03-11,83.82,86.34,83.03,86.26,1715925.0
2016-03-14,86.11,86.96,83.98,85.59,2014263.0
2016-03-15,84.55,85.41,82.25,82.83,1762560.0
2016-03-16,82.06,83.34,77.51,79.3,2957292.0
2016-03-17,79.33,80.09,75.9,79.18,2657969.0
2016-03-18,79.74,83.14,78.47,82.52,3768290.0
2016-03-21,82.01,84.75,81.52,84.02,1784542.0
2016-03-22,83.65,86.91,83.31,86.78,1785173.0
2016-03-23,86.0,86.0,80.0,80.15,2198077.0
2016-03-24,79.71,82.19,78.25,80.58,1888254.0
2016-03-28,80.85,81.26,77.67,78.7,1508407.0
2016-03-29,78.49,79.37,76.79,79.24,1742088.0
2016-03-30,80.11,81.99,77.69,78.4,1729513.0
2016-03-31,78.72,82.1,77.81,79.49,3259399.0
2016-04-01,79.02,79.25,75.92,79.15,3638695.0
2016-04-04,79.81,84.4,79.19,82.87,2743979.0
2016-04-05,82.54,86.48,81.52,84.16,2848975.0
2016-04-06,83.82,91.76,83.7,91.31,3460260.0
2016-04-07,90.31,91.78,85.93,86.3,2797591.0
2016-04-08,87.29,88.0,84.18,85.25,1539729.0
2016-04-11,85.96,86.79,84.06,84.47,1413002.0
2016-04-12,84.79,85.19,82.54,83.37,1832752.0
2016-04-13,84.04,85.64,83.2,85.18,2128069.0
2016-04-14,85.13,88.08,84.73,87.08,1319208.0
2016-04-15,87.42,87.6,81.02,81.75,4163741.0
2016-04-18,81.42,85.9,81.42,83.22,2495577.0
2016-04-19,84.0,84.78,82.61,83.21,1667901.0
2016-04-20,83.48,84.9,83.25,84.11,1492349.0
2016-04-21,84.39,87.49,84.1,86.81,1731603.0
2016-04-22,86.96,87.38,84.08,86.8,1278986.0
2016-04-25,86.26,87.45,85.02,85.66,1460054.0
2016-04-26,85.8,86.02,83.29,84.14,1689817.0
2016-04-27,83.99,85.76,81.78,84.5,2614905.0
2016-04-28,81.24,90.25,78.84,86.75,5463306.0
2016-04-29,85.9,86.23,83.4,84.34,2887997.0
2016-05-02,84.7,84.7,80.62,83.0,2165439.0
2016-05-03,82.18,83.27,80.81,82.16,2063372.0
2016-05-04,81.98,82.91,80.31,80.63,1907382.0
2016-05-05,81.41,84.07,80.63,84.0,1814625.0
2016-05-06,83.23,85.66,82.95,85.54,1999533.0
2016-05-09,85.54,88.94,85.51,88.06,1801055.0
2016-05-10,88.58,89.1,86.26,89.08,2095059.0
2016-05-11,88.96,89.07,83.53,83.63,1662746.0
2016-05-12,84.24,84.83,80.58,82.1,2047081.0
2016-05-13,81.79,83.03,81.06,81.38,1119962.0
2016-05-16,81.64,83.22,81.38,82.14,2075515.0
2016-05-17,81.46,82.49,80.41,80.71,2166702.0
2016-05-18,80.27,82.25,80.27,81.71,1934316.0
2016-05-19,80.89,82.29,80.25,81.01,1674371.0
2016-05-20,81.03,85.0,80.55,84.7,1659482.0
2016-05-23,84.28,85.6,83.3,84.42,1223830.0
2016-05-24,84.91,88.44,83.62,88.42,1503025.0
2016-05-25,89.0,89.73,88.14,89.56,1598630.0
2016-05-26,89.05,89.93,87.24,89.19,1325308.0
2016-05-27,89.28,90.49,88.37,90.38,1109487.0
2016-05-31,90.62,93.6,90.61,93.15,1740980.0
2016-06-01,92.9,94.35,92.68,93.9,1432976.0
2016-06-02,93.64,95.88,93.11,95.82,1295054.0
2016-06-03,95.62,95.69,92.62,93.96,1473310.0
2016-06-06,94.49,96.49,92.47,96.09,1259856.0
2016-06-07,95.22,95.85,93.56,94.77,1851959.0
2016-06-08,95.03,96.0,93.42,94.59,1690374.0
2016-06-09,94.0,94.55,92.18,92.49,1191766.0
2016-06-10,92.86,93.08,90.82,91.49,1432027.0
2016-06-13,91.24,92.47,90.06,90.54,1209507.0
2016-06-14,90.08,91.65,89.52,91.37,1253842.0
2016-06-15,91.35,91.98,90.4,90.84,1083223.0
2016-06-16,89.95,90.68,88.58,90.41,1284757.0
2016-06-17,90.46,91.24,85.88,86.73,2658851.0
2016-06-20,87.74,89.01,86.52,86.72,1273069.0
2016-06-21,86.8,87.64,83.5,85.28,1881940.0
2016-06-22,85.2,89.17,85.09,85.22,1917796.0
2016-06-23,86.21,88.28,85.04,88.2,1397980.0
2016-06-24,83.58,85.79,81.82,81.9,2298494.0
2016-06-27,81.17,82.09,79.59,79.84,1908556.0
2016-06-28,80.54,83.55,80.54,83.44,1536354.0
2016-06-29,83.85,85.94,82.69,85.0,1754296.0
2016-06-30,85.23,86.64,84.08,86.02,1418486.0
2016-07-01,85.67,88.46,85.17,87.74,1292792.0
2016-07-05,87.11,87.33,85.53,86.51,870137.0
2016-07-06,86.16,89.9,85.92,89.66,1705293.0
2016-07-07,89.69,90.83,89.0,90.05,1254035.0
2016-07-08,90.08,90.43,88.65,88.96,1794278.0
2016-07-11,90.09,90.82,89.27,90.1,1388206.0
2016-07-12,91.01,91.45,89.14,89.63,1548387.0
2016-07-13,90.32,90.41,87.7,87.78,945726.0
2016-07-14,88.98,89.08,87.5,88.15,990289.0
2016-07-15,89.34,90.86,88.05,90.21,1309647.0
2016-07-18,90.06,90.8,89.32,89.42,1127156.0
2016-07-19,89.08,89.72,86.64,87.43,1112312.0
2016-07-20,87.3,91.22,86.53,91.15,1309436.0
2016-07-21,91.34,93.61,91.0,93.21,1783324.0
2016-07-22,93.63,94.29,92.7,93.89,1235510.0
2016-07-25,93.51,96.52,93.46,95.77,1911970.0
2016-07-26,95.27,95.91,93.87,94.98,1657875.0
2016-07-27,94.65,97.06,94.65,96.01,2299202.0
2016-07-28,95.57,98.5,95.08,96.21,1455259.0
2016-07-29,96.28,97.07,95.41,97.0,1012773.0
2016-08-01,97.31,98.98,96.85,98.2,1988579.0
2016-08-02,97.43,99.45,96.01,99.14,2144656.0
2016-08-03,99.24,101.5,99.12,100.44,1492129.0
2016-08-04,100.82,101.02,98.82,100.28,1414118.0
2016-08-05,100.46,102.94,99.77,102.43,1113873.0
2016-08-08,102.69,103.09,100.73,102.47,1578231.0
2016-08-09,103.09,103.73,102.38,102.83,1155955.0
2016-08-10,102.78,102.78,99.49,99.7,1163894.0
2016-08-11,99.84,101.28,99.59,101.21,744396.0
2016-08-12,100.79,101.65,98.56,101.53,605328.0
2016-08-15,101.96,102.79,101.52,102.48,547753.0
2016-08-16,100.99,101.94,99.82,100.0,1183549.0
2016-08-17,100.36,100.36,98.8,99.89,852910.0
2016-08-18,99.74,100.14,98.79,99.1,744572.0
2016-08-19,98.75,98.78,97.29,98.01,891947.0
2016-08-22,98.78,101.8,98.0,100.96,1346614.0
2016-08-23,101.16,102.34,100.66,100.99,844279.0
2016-08-24,101.2,102.49,96.27,96.71,1494528.0
2016-08-25,97.09,98.87,95.16,96.38,1349446.0
2016-08-26,96.94,98.34,96.13,97.09,731131.0
2016-08-29,97.48,97.77,95.57,96.94,595225.0
2016-08-30,96.77,97.45,95.58,95.8,674391.0
2016-08-31,95.98,96.16,94.01,94.51,798207.0
2016-09-01,95.03,95.88,93.14,94.75,966637.0
2016-09-02,94.76,95.54,93.65,95.11,843132.0
2016-09-06,95.18,96.81,94.53,95.78,877620.0
2016-09-07,95.8,96.69,95.17,95.6,928256.0
2016-09-08,95.69,97.8,94.43,97.31,1021660.0
2016-09-09,96.31,97.31,93.44,93.68,1313641.0
2016-09-12,93.41,98.05,93.1,97.86,1123605.0
2016-09-13,96.61,96.83,93.75,95.27,927299.0
2016-09-14,95.02,97.77,88.16,90.12,4994568.0
2016-09-15,90.6,94.43,89.35,93.1,2575963.0
2016-09-16,92.9,93.13,90.67,92.71,2130264.0
2016-09-19,93.21,93.59,91.09,91.26,1183354.0
2016-09-20,92.07,92.52,90.98,91.69,934812.0
2016-09-21,91.99,92.71,89.08,91.82,1936763.0
2016-09-22,92.83,93.35,90.01,92.12,1191840.0
2016-09-23,92.27,92.96,90.27,90.63,1222221.0
2016-09-26,90.05,91.23,88.1,88.29,1608129.0
2016-09-27,88.23,89.19,87.25,89.12,1520320.0
2016-09-28,90.51,90.73,86.87,88.84,1715021.0
2016-09-29,88.45,90.77,84.99,85.0,2381055.0
2016-09-30,85.25,88.91,83.5,87.21,2545736.0
2016-10-03,86.46,87.47,84.62,86.79,1371337.0
2016-10-04,86.94,87.25,85.75,86.42,1081122.0
2016-10-05,86.85,88.24,86.09,87.65,964360.0
2016-10-06,86.74,86.88,84.88,84.96,1374988.0
2016-10-07,85.36,85.95,84.23,85.7,983269.0
2016-10-10,86.35,86.95,85.83,85.98,799805.0
2016-10-11,85.15,86.08,80.78,81.66,2329307.0
2016-10-12,81.81,82.82,80.04,80.15,2255974.0
2016-10-13,79.55,81.56,79.52,80.56,2114074.0
2016-10-14,81.13,82.23,79.2,79.23,1976996.0
2016-10-17,79.36,81.54,78.5,80.5,1934626.0
2016-10-18,81.73,83.14,81.73,82.96,1510249.0
2016-10-19,82.79,82.89,81.21,81.83,1318814.0
2016-10-20,81.4,83.26,81.4,82.92,1045939.0
2016-10-21,82.34,82.6,80.69,80.76,1142947.0
2016-10-24,80.0,80.4,77.9,78.73,2032698.0
2016-10-25,78.88,79.75,77.43,78.71,2557667.0
2016-10-26,81.9,82.81,76.67,78.71,4337924.0
2016-10-27,79.39,81.05,75.01,75.84,3549006.0
2016-10-28,75.35,79.3,74.95,77.58,3400659.0
2016-10-31,77.61,77.88,75.77,75.86,1928193.0
2016-11-01,75.09,77.99,73.31,77.88,2458210.0
2016-11-02,77.6,78.43,76.77,78.0,2580387.0
2016-11-03,78.43,78.51,77.55,77.69,2370996.0
2016-11-04,77.39,80.92,77.39,78.96,1902122.0
2016-11-07,80.38,83.94,79.31,83.22,2170116.0
2016-11-08,82.73,84.21,81.85,82.99,1767969.0
2016-11-09,88.92,93.8,87.79,92.88,3988038.0
2016-11-10,94.57,97.93,94.06,95.36,4130927.0
2016-11-11,94.06,95.25,89.97,92.0,2631080.0
2016-11-14,92.33,94.51,89.64,94.42,2485092.0
2016-11-15,94.14,94.68,91.96,93.06,2265741.0
2016-11-16,92.58,93.06,90.43,90.47,1486963.0
2016-11-17,90.67,92.4,90.01,91.2,1320095.0
2016-11-18,90.94,91.48,89.0,89.44,1265388.0
2016-11-21,89.95,90.51,88.76,89.05,1278191.0
2016-11-22,89.32,89.75,85.4,86.2,1765652.0
2016-11-23,85.37,87.47,84.26,87.34,1041100.0
2016-11-25,87.71,87.97,86.29,87.77,814399.0
2016-11-28,87.47,88.0,86.13,86.9,1855272.0
2016-11-29,86.21,87.5,84.4,85.65,1745516.0
2016-11-30,85.86,86.91,81.59,81.61,2292728.0
2016-12-01,81.85,82.53,77.75,77.82,2662560.0
2016-12-02,77.65,78.01,75.38,75.5,4580479.0
2016-12-05,76.13,77.33,75.25,75.55,2588618.0
2016-12-06,75.62,78.39,75.04,78.12,1816705.0
2016-12-07,76.7,76.94,74.09,75.32,2569111.0
2016-12-08,75.98,77.34,74.59,77.22,1773434.0
2016-12-09,77.7,79.67,76.28,76.67,1618599.0
2016-12-12,76.58,76.92,75.24,76.08,1731686.0
2016-12-13,76.62,77.77,76.08,76.6,1210078.0
2016-12-14,76.34,78.69,76.0,78.33,3200088.0
2016-12-15,78.0,78.62,76.27,77.05,1972168.0
2016-12-16,77.35,78.9,76.29,76.8,2280214.0
2016-12-19,76.46,78.45,76.05,76.3,1555115.0
2016-12-20,76.44,76.85,75.97,76.44,1327278.0
2016-12-21,76.3,76.8,72.41,72.6,2845545.0
2016-12-22,72.61,73.0,71.46,72.02,2486850.0
2016-12-23,72.11,74.81,71.96,74.31,1485211.0
2016-12-27,74.32,76.28,74.32,75.19,1032911.0
2016-12-28,75.2,75.5,74.52,74.59,1166035.0
2016-12-29,74.45,75.01,73.73,74.44,938589.0
2016-12-30,74.67,74.99,73.23,73.67,1357424.0
2017-01-03,74.43,74.99,73.34,74.89,1761887.0
2017-01-04,75.22,78.09,74.87,77.05,1667701.0
2017-01-05,77.15,79.61,76.15,79.06,2354722.0
2017-01-06,78.94,79.7,77.56,79.39,1669750.0
2017-01-09,79.8,83.62,77.09,82.86,4522498.0
2017-01-10,82.6,83.47,81.69,82.93,2110457.0
2017-01-11,83.17,85.37,80.38,81.93,2785209.0
2017-01-12,81.61,82.68,80.5,82.39,1351806.0
2017-01-13,82.4,84.41,81.71,83.17,1518581.0
2017-01-17,82.35,82.54,79.78,81.55,1501513.0
2017-01-18,81.88,82.87,81.58,82.52,1620727.0
2017-01-19,82.55,82.72,80.51,80.91,1653002.0
2017-01-20,81.47,82.46,80.89,81.37,1105561.0
2017-01-23,81.09,81.75,80.06,81.4,1124756.0
2017-01-24,81.42,82.6,80.55,82.24,1366588.0
2017-01-25,82.55,85.62,82.35,85.19,2854597.0
2017-01-26,85.75,87.91,84.05,85.33,2531671.0
2017-01-27,85.62,87.5,85.1,87.37,1861301.0
2017-01-30,87.07,87.07,83.78,84.38,1805728.0
2017-01-31,83.77,85.95,82.66,85.87,2418422.0
2017-02-01,85.98,86.43,84.33,86.24,1754741.0
2017-02-02,85.99,86.9,85.16,86.72,1290809.0
2017-02-03,87.1,87.27,85.77,86.73,1227304.0
2017-02-06,86.22,87.97,85.73,87.42,1423781.0
2017-02-07,87.29,88.12,86.07,86.84,1285437.0
2017-02-08,86.27,87.8,85.79,87.72,1310129.0
2017-02-09,87.83,89.42,87.69,89.27,1520037.0
2017-02-10,89.21,89.64,87.89,88.15,1633837.0
2017-02-13,88.39,88.64,87.25,87.72,1123459.0
2017-02-14,87.89,89.26,87.34,88.91,2321559.0
2017-02-15,88.69,89.46,88.34,89.37,1329771.0
2017-02-16,89.62,89.94,87.05,87.7,1322193.0
2017-02-17,87.69,88.98,86.9,88.33,1429046.0
2017-02-21,88.34,89.0,86.01,86.55,1665274.0
2017-02-22,86.55,87.32,85.72,85.79,1263166.0
2017-02-23,86.2,86.63,84.39,85.73,890750.0
2017-02-24,85.73,86.11,84.62,86.07,1406789.0
2017-02-27,86.19,88.95,85.84,88.9,2073654.0
2017-02-28,89.17,91.95,88.79,90.62,2401894.0
2017-03-01,91.8,92.26,89.83,90.31,2089382.0
2017-03-02,89.94,91.06,89.57,89.89,1060890.0
2017-03-03,89.54,90.39,88.95,90.19,1422569.0
2017-03-06,89.75,91.68,88.87,90.91,1587733.0
2017-03-07,90.14,91.7,89.77,91.32,1960731.0
2017-03-08,91.11,93.4,91.11,92.18,1763195.0
2017-03-09,92.45,93.6,91.96,93.57,1217095.0
2017-03-10,94.15,94.22,92.95,93.98,1534220.0
2017-03-13,94.24,94.24,92.93,92.95,897550.0
2017-03-14,92.6,93.09,92.16,92.74,695178.0
2017-03-15,93.21,95.0,93.13,94.57,1031369.0
2017-03-16,94.38,94.86,91.7,92.36,1449700.0
2017-03-17,93.02,93.5,91.76,91.92,2501509.0
2017-03-20,92.0,92.61,91.23,91.31,1382494.0
2017-03-21,91.81,91.82,89.44,89.5,1711789.0
2017-03-22,89.95,90.25,89.06,90.04,1337153.0
2017-03-23,90.0,90.75,88.94,89.05,1043598.0
2017-03-24,89.74,90.48,89.12,89.98,1064364.0
2017-03-27,89.28,91.49,88.9,90.8,1383188.0
2017-03-28,90.31,90.76,89.22,89.67,1561363.0
2017-03-29,106.03,111.88,106.03,108.01,13681500.0
2017-03-30,107.88,109.73,106.52,107.29,3024367.0
2017-03-31,107.89,109.49,106.54,109.35,2849236.0
2017-04-03,109.01,110.49,107.31,107.45,2040768.0
2017-04-04,107.24,112.69,107.24,112.29,2914105.0
2017-04-05,112.35,116.86,111.22,114.11,4032677.0
2017-04-06,114.11,114.88,113.17,114.26,1959774.0
2017-04-07,114.35,117.65,114.07,115.88,2108064.0
2017-04-10,115.66,116.66,112.94,114.06,2116554.0
2017-04-11,113.42,114.35,111.32,114.23,1794271.0
2017-04-12,114.23,115.8,113.69,114.86,1161945.0
2017-04-13,114.7,116.11,113.22,113.8,1599960.0
2017-04-17,114.39,115.22,113.95,114.81,1184295.0
2017-04-18,114.62,115.48,113.83,114.65,1136516.0
2017-04-19,115.55,116.63,114.29,114.63,1570444.0
2017-04-20,115.2,117.99,114.13,117.26,1495498.0
2017-04-21,117.17,117.69,115.92,116.7,2803925.0
2017-04-24,117.66,118.79,117.31,117.66,1502994.0
2017-04-25,117.79,118.41,116.92,117.27,1243008.0
2017-04-26,118.08,118.08,116.07,116.34,1759118.0
2017-04-27,116.0,118.26,116.0,117.42,1424441.0
2017-04-28,119.5,120.5,115.45,118.3,3387189.0
2017-05-01,118.98,120.73,117.99,120.62,2109563.0
2017-05-02,120.82,121.96,116.4,118.47,2465422.0
2017-05-03,118.52,119.36,117.88,119.05,1333324.0
2017-05-04,119.59,119.95,115.91,116.39,1672738.0
2017-05-05,116.54,116.7,113.66,114.84,2545057.0
2017-05-08,114.56,115.65,113.81,115.06,1544391.0
2017-05-09,115.5,117.0,114.38,116.63,1185243.0
2017-05-10,116.55,116.55,114.22,115.35,1414006.0
2017-05-11,115.41,115.54,113.84,115.36,1395069.0
2017-05-12,115.12,116.23,113.84,114.6,986032.0
2017-05-15,114.64,116.35,113.79,116.23,1101274.0
2017-05-16,117.36,118.13,115.13,118.09,1320397.0
2017-05-17,117.44,117.88,114.2,114.38,1717861.0
2017-05-18,115.55,118.61,115.42,117.93,2155016.0
2017-05-19,117.77,118.82,117.1,118.02,1564730.0
2017-05-22,118.57,119.27,117.51,118.94,1062021.0
2017-05-23,118.94,119.27,115.87,116.59,1859970.0
2017-05-24,116.86,118.44,115.1,117.8,1818349.0
2017-05-25,118.0,119.42,117.38,118.6,1393410.0
2017-05-26,118.1,120.82,118.05,119.92,1477802.0
2017-05-30,119.52,120.99,119.19,120.39,1634758.0
2017-05-31,120.95,123.78,120.61,123.6,2813594.0
2017-06-01,123.99,127.89,123.54,127.16,3356339.0
2017-06-02,128.44,130.0,126.99,129.9,2837882.0
2017-06-05,127.85,130.69,127.22,130.17,2030081.0
2017-06-06,129.38,129.86,127.51,127.72,1250626.0
2017-06-07,128.27,128.9,122.93,124.99,2635934.0
2017-06-08,125.0,126.16,124.07,125.91,1954776.0
2017-06-09,126.48,127.08,122.47,122.66,1791106.0
2017-06-12,122.19,123.54,121.26,122.35,2043770.0
2017-06-13,122.38,122.75,120.77,122.49,1344447.0
2017-06-14,122.78,125.8,122.37,124.71,1759259.0
2017-06-15,124.57,124.57,121.15,124.04,1017745.0
2017-06-16,124.06,124.97,122.54,123.14,3152299.0
2017-06-19,123.99,126.37,123.79,125.58,1509058.0
2017-06-20,125.54,127.97,123.82,126.33,1737625.0
2017-06-21,126.72,134.99,126.52,134.83,3239802.0
2017-06-22,134.65,137.26,132.76,135.53,2890075.0
2017-06-23,136.58,137.0,132.12,133.5,2172643.0
2017-06-26,133.83,135.03,131.62,133.41,1289028.0
2017-06-27,133.15,133.18,129.1,129.23,1723659.0
2017-06-28,129.69,131.62,128.94,131.11,1192028.0
2017-06-29,129.66,130.92,126.32,127.24,1368819.0
2017-06-30,131.61,132.39,126.58,128.87,1582260.0
2017-07-03,129.49,129.89,126.68,128.23,825185.0
2017-07-05,129.0,130.44,127.34,129.0,1320590.0
2017-07-06,127.71,128.93,125.5,128.46,1171802.0
2017-07-07,129.14,130.88,129.12,130.35,1019946.0
2017-07-10,129.93,130.36,128.64,128.66,1517263.0
2017-07-11,129.71,132.5,129.26,132.17,1336928.0
2017-07-12,133.38,133.62,130.6,131.44,1288462.0
2017-07-13,131.74,131.74,128.39,130.92,1600610.0
2017-07-14,131.77,131.81,130.43,130.99,1278651.0
2017-07-17,130.44,132.05,128.26,129.21,1136207.0
2017-07-18,129.21,132.3,127.67,132.16,3311555.0
2017-07-19,161.8,167.0,158.88,159.69,16800128.0
2017-07-20,159.94,161.76,157.25,159.33,4927397.0
2017-07-21,158.14,163.64,156.53,163.17,3176393.0
2017-07-24,162.33,166.58,160.91,166.11,2444532.0
2017-07-25,166.94,167.86,161.72,161.97,2424136.0
2017-07-26,163.27,164.53,161.7,163.42,2087173.0
2017-07-27,160.88,163.32,153.5,156.19,3918877.0
2017-07-28,155.3,157.2,153.58,154.15,1880425.0
2017-07-31,152.99,154.49,151.54,151.82,2975961.0
2017-08-01,153.03,154.07,150.64,153.2,1621140.0
2017-08-02,151.8,157.91,151.47,157.55,1781663.0
2017-08-03,155.72,157.27,152.26,154.03,1407101.0
2017-08-04,154.68,155.17,153.02,154.54,807795.0
2017-08-07,152.88,156.63,152.6,156.47,926423.0
2017-08-08,156.12,156.55,152.9,153.26,893487.0
2017-08-09,153.02,155.09,152.19,152.58,1037955.0
2017-08-10,152.01,152.04,148.5,148.54,1302830.0
2017-08-11,149.35,154.08,149.02,153.78,1551523.0
2017-08-14,154.52,155.87,153.54,154.49,1082040.0
2017-08-15,154.45,155.28,152.55,152.72,734864.0
2017-08-16,152.79,153.26,150.3,151.37,913411.0
2017-08-17,150.93,152.41,148.52,148.54,1019238.0
2017-08-18,147.65,150.11,147.18,148.13,887138.0
2017-08-21,148.0,150.26,147.42,149.01,1090074.0
2017-08-22,149.19,155.92,149.19,155.48,1659747.0
2017-08-23,154.46,154.9,152.05,153.25,989435.0
2017-08-24,153.6,156.63,151.1,156.08,1148699.0
2017-08-25,156.88,156.93,152.25,153.27,943835.0
2017-08-28,154.64,154.91,151.05,153.4,1187856.0
2017-08-29,151.86,154.16,151.77,152.89,888423.0
2017-08-30,152.52,158.09,152.52,156.29,1246885.0
2017-08-31,156.57,160.85,154.03,160.54,3329549.0
2017-09-01,160.76,163.64,158.85,162.24,1708717.0
2017-09-05,161.37,162.07,157.0,159.07,1327071.0
2017-09-06,159.5,160.8,156.91,157.08,1328406.0
2017-09-07,157.08,159.68,155.52,159.41,1235994.0
2017-09-08,159.61,161.44,157.38,158.83,1064745.0
2017-09-11,161.05,161.46,155.33,157.81,1519866.0
2017-09-12,156.65,157.79,155.4,156.82,800813.0
2017-09-13,156.79,157.95,155.7,156.8,995081.0
2017-09-14,156.05,156.56,152.88,153.38,1461691.0
2017-09-15,153.86,155.95,152.64,153.61,3112907.0
2017-09-18,153.59,155.11,151.79,153.2,1386918.0
2017-09-19,153.27,154.1,151.6,153.0,1428257.0
2017-09-20,153.29,155.14,151.51,152.72,1931404.0
2017-09-21,153.22,153.29,151.69,152.06,808169.0
2017-09-22,151.54,152.07,148.58,151.26,1269855.0
2017-09-25,151.19,152.79,148.77,149.1,1741161.0
2017-09-26,149.85,150.82,148.0,148.46,1762039.0
2017-09-27,148.86,150.98,147.3,149.07,2112346.0
2017-09-28,148.6,150.99,147.6,149.62,2111073.0
2017-09-29,151.21,152.34,149.18,152.04,1500162.0
2017-10-02,151.23,153.17,150.1,152.23,2057693.0
2017-10-03,152.21,152.99,150.18,152.51,995007.0
2017-10-04,152.26,153.82,151.36,152.51,970185.0
2017-10-05,153.09,153.57,150.96,152.3,1273734.0
2017-10-06,152.43,156.46,152.31,155.1,1551110.0
2017-10-09,155.85,157.29,154.46,155.55,1142475.0
2017-10-10,155.19,156.23,153.5,154.52,1055522.0
2017-10-11,153.85,154.64,151.65,154.02,1757612.0
2017-10-12,152.93,154.85,152.84,153.98,1535039.0
2017-10-13,155.0,155.49,152.68,152.91,930281.0
2017-10-16,153.11,157.78,153.1,154.7,2328423.0
2017-10-17,154.55,156.0,154.02,155.05,795374.0
2017-10-18,155.29,158.04,154.02,154.76,1050665.0
2017-10-19,154.57,155.79,152.42,154.6,1309420.0
2017-10-20,154.97,155.85,152.6,154.63,1320895.0
2017-10-23,155.32,155.35,150.68,151.06,1552169.0
2017-10-24,151.06,152.87,148.34,151.11,1829565.0
2017-10-25,150.08,151.09,146.08,146.8,2388956.0
2017-10-26,144.88,147.43,139.05,143.76,3735337.0
2017-10-27,141.41,150.15,141.02,150.11,2747621.0
2017-10-30,149.71,152.8,148.86,149.53,1750533.0
2017-10-31,149.34,149.34,141.82,146.23,2457065.0
2017-11-01,147.35,147.35,142.39,142.63,2412596.0
2017-11-02,142.01,146.51,142.01,144.9,2049975.0
2017-11-03,143.05,150.08,142.99,149.97,1884899.0
2017-11-06,148.17,150.59,146.83,148.98,1608296.0
2017-11-07,149.03,151.34,148.32,151.31,1384975.0
2017-11-08,151.51,152.0,146.69,147.4,1191898.0
2017-11-09,146.26,148.5,144.32,148.17,1132350.0
2017-11-10,148.26,149.27,146.1,148.74,861047.0
2017-11-13,147.44,148.73,146.25,148.03,743628.0
2017-11-14,147.4,149.05,145.42,147.82,1209146.0
2017-11-15,147.29,151.75,146.3,148.66,1086600.0
2017-11-16,148.77,150.33,147.75,147.94,1516387.0
2017-11-17,147.7,148.79,146.65,147.41,903595.0
2017-11-20,146.92,147.46,143.43,144.64,1451615.0
2017-11-21,145.71,146.36,143.5,145.11,1501124.0
2017-11-22,145.42,147.39,144.81,147.04,906988.0
2017-11-24,146.08,147.9,146.04,146.55,660987.0
2017-11-27,146.84,149.29,146.72,148.55,1197667.0
2017-11-28,148.86,149.0,146.05,147.32,1116960.0
2017-11-29,147.01,148.34,142.44,143.75,1313862.0
2017-11-30,144.19,146.1,143.94,144.29,1739281.0
2017-12-01,143.09,144.7,139.86,140.79,2448450.0
2017-12-04,141.99,142.7,138.67,138.79,2127679.0
2017-12-05,138.6,141.67,138.02,138.36,1374011.0
2017-12-06,138.3,139.41,136.83,137.28,1582655.0
2017-12-07,137.92,140.85,136.5,138.78,1687469.0
2017-12-08,139.8,144.8,139.11,143.61,1725542.0
2017-12-11,143.8,143.91,139.8,141.68,1475182.0
2017-12-12,140.04,142.08,140.04,140.91,1010253.0
2017-12-13,141.93,146.36,141.55,144.8,2024156.0
2017-12-14,145.57,146.32,142.28,142.53,1411325.0
2017-12-15,143.97,145.96,142.05,145.86,3246092.0
2017-12-18,146.99,147.94,145.17,145.44,1231896.0
2017-12-19,145.57,147.34,144.27,145.15,1051252.0
2017-12-20,145.05,146.26,144.36,145.12,813580.0
2017-12-21,145.23,149.98,144.68,148.82,2290056.0
2017-12-22,148.2,151.1,147.8,149.97,1459966.0
2017-12-26,149.5,151.49,149.5,150.6,777860.0
2017-12-27,151.13,152.7,150.3,151.55,939096.0
2017-12-28,152.19,152.49,148.75,151.17,957374.0
2017-12-29,150.45,151.66,149.75,149.86,881899.0
2018-01-02,149.95,153.3,147.72,152.91,1382034.0
2018-01-03,153.5,153.5,148.58,152.01,1603979.0
2018-01-04,153.39,153.97,151.63,153.07,1345114.0
2018-01-05,155.54,157.35,154.1,155.69,1939967.0
2018-01-08,155.15,157.21,153.35,156.89,1986951.0
2018-01-09,156.81,157.88,154.52,156.01,1487743.0
2018-01-10,156.0,157.87,154.21,157.38,1700963.0
2018-01-11,158.0,159.05,156.62,158.4,950608.0
2018-01-12,157.16,158.42,156.35,157.93,1561110.0
2018-01-16,158.28,159.87,155.14,155.71,1834799.0
2018-01-17,157.74,157.94,155.26,156.99,1270888.0
2018-01-18,156.36,157.51,154.22,157.19,1250870.0
2018-01-19,157.3,159.5,156.32,157.97,2085311.0
2018-01-22,158.76,161.95,157.98,161.91,1689049.0
2018-01-23,163.7,167.31,163.24,166.58,3058687.0
2018-01-24,167.08,169.29,165.38,167.45,2492679.0
2018-01-25,168.69,169.11,165.94,166.24,1270617.0
2018-01-26,167.14,169.3,166.1,169.21,1495100.0
2018-01-29,169.13,171.26,166.42,167.14,1828670.0
2018-01-30,166.37,168.08,164.0,166.54,2184621.0
2018-01-31,166.72,168.58,164.53,166.87,2323805.0
2018-02-01,174.11,174.96,163.17,172.99,5090031.0
2018-02-02,169.42,169.96,163.64,166.24,3455085.0
2018-02-05,163.08,165.87,155.03,155.14,2906900.0
2018-02-06,153.19,159.79,151.35,159.27,3114575.0
2018-02-07,157.1,160.11,155.62,155.67,1812917.0
2018-02-08,155.03,157.62,151.59,151.6,2854017.0
2018-02-09,152.92,154.63,146.21,152.96,2719763.0
2018-02-12,153.41,154.18,148.61,152.01,2242152.0
2018-02-13,151.4,155.49,150.99,154.14,1624480.0
2018-02-14,152.63,158.24,152.32,157.26,1992074.0
2018-02-15,158.36,161.08,157.16,160.94,1244660.0
2018-02-16,160.85,162.07,159.39,160.72,1001947.0
2018-02-20,158.49,164.01,158.01,160.98,1136414.0
2018-02-21,160.63,161.72,157.83,157.89,1160791.0
2018-02-22,161.5,162.32,157.0,157.59,1654835.0
2018-02-23,159.01,165.98,158.1,165.9,1591078.0
2018-02-26,166.92,170.36,166.03,169.54,1779326.0
2018-02-27,168.99,170.89,165.72,165.88,1635786.0
2018-02-28,166.7,169.54,164.63,166.03,2055525.0
2018-03-01,165.68,168.0,163.61,165.83,2028742.0
2018-03-02,163.08,170.22,161.89,170.06,2111944.0
2018-03-05,168.49,173.45,167.17,173.16,1882421.0
2018-03-06,173.33,173.85,166.05,168.72,2176828.0
2018-03-07,167.94,170.77,167.91,170.17,1215786.0
2018-03-08,170.39,171.98,169.18,171.88,1060709.0
2018-03-09,173.26,176.31,171.76,176.26,1415305.0
2018-03-12,176.5,178.15,174.8,177.13,1357560.0
2018-03-13,177.36,178.25,174.54,174.96,1989486.0
2018-03-14,176.15,176.48,172.82,174.38,1036592.0
2018-03-15,174.57,176.65,173.06,173.97,952466.0
2018-03-16,174.84,176.42,173.25,175.66,2462076.0
2018-03-19,174.94,175.28,168.12,170.77,1161542.0
2018-03-20,171.92,172.67,169.64,171.47,1674317.0
2018-03-21,171.94,172.42,168.6,170.34,1050015.0
2018-03-22,167.83,170.38,165.55,166.1,1095474.0
2018-03-23,165.83,166.7,160.74,160.93,1319393.0
2018-03-26,163.85,166.35,160.27,166.1,1327335.0
2018-03-27,167.63,168.28,159.29,160.34,1289311.0
2018-03-28,160.93,162.59,158.36,159.58,1443658.0
2018-03-29,159.83,165.51,158.76,162.98,1527247.0
2018-04-02,161.53,161.99,153.42,156.31,1804506.0
2018-04-03,155.86,159.55,153.91,158.36,1542275.0
2018-04-04,156.37,162.45,154.6,162.12,1832014.0
2018-04-05,162.82,163.49,157.12,157.66,1352812.0
2018-04-06,155.74,157.59,152.6,154.25,1446291.0
2018-04-09,156.26,160.39,155.67,156.76,1235369.0
2018-04-10,159.04,161.72,157.77,161.17,1301729.0
2018-04-11,159.52,162.94,158.1,158.89,1526952.0
2018-04-12,159.54,163.45,159.54,161.98,1079909.0
2018-04-13,163.08,163.08,160.41,161.39,1486113.0
2018-04-16,163.01,163.71,158.07,158.7,1482901.0
2018-04-17,160.54,165.6,159.45,164.99,2399358.0
2018-04-18,165.0,166.12,162.66,163.36,1122146.0
2018-04-19,162.33,162.82,159.04,159.55,1235637.0
2018-04-20,159.61,160.78,157.09,158.15,1534723.0
2018-04-23,158.71,160.13,157.74,158.69,1154618.0
2018-04-24,160.27,160.5,154.69,155.67,1504877.0
2018-04-25,155.49,157.42,154.13,155.15,1313098.0
2018-04-26,156.6,160.84,155.83,158.81,1991083.0
2018-04-27,157.5,159.05,153.33,156.05,1866708.0
2018-04-30,157.16,157.79,153.15,153.16,1717317.0
2018-05-01,153.14,154.7,150.4,152.48,1648558.0
2018-05-02,151.32,153.16,148.96,149.47,2565220.0
2018-05-03,148.32,150.3,145.78,149.64,1518943.0
2018-05-04,148.26,152.14,147.79,149.39,2263777.0
2018-05-07,150.54,151.81,148.64,149.5,1448762.0
2018-05-08,149.45,150.0,146.95,148.27,1146964.0
2018-05-09,148.65,150.14,146.66,149.07,1419622.0
2018-05-10,150.13,151.66,149.08,151.01,1267581.0
2018-05-11,150.75,157.53,150.62,155.97,2242866.0
2018-05-14,156.11,158.46,155.39,157.46,1442379.0
2018-05-15,155.78,155.79,153.94,155.54,1370152.0
2018-05-16,155.79,156.45,154.4,156.16,1240701.0
2018-05-17,156.19,157.16,155.29,156.34,1147519.0
2018-05-18,156.61,157.52,155.33,157.24,998525.0
2018-05-21,157.84,158.16,155.33,156.22,1199245.0
2018-05-22,157.1,158.22,155.8,156.28,956366.0
2018-05-23,155.5,157.32,155.31,156.98,791228.0
2018-05-24,156.99,157.71,155.53,156.97,634448.0
2018-05-25,157.0,157.9,156.22,157.5,653584.0
2018-05-29,156.6,157.76,153.27,155.24,1142294.0
2018-05-30,156.14,157.57,155.55,156.64,1164429.0
2018-05-31,155.49,157.07,153.52,154.0,1649430.0
2018-06-01,154.86,154.99,150.5,152.05,2176805.0
2018-06-04,152.05,153.0,148.2,149.65,2660991.0
2018-06-05,149.71,150.4,144.14,145.72,2957840.0
2018-06-06,145.72,146.95,144.07,145.97,3087528.0
2018-06-07,146.94,149.69,145.56,145.75,2183214.0
2018-06-08,145.98,151.26,145.98,150.55,1791147.0
2018-06-11,150.67,151.28,147.43,148.63,1460342.0
2018-06-12,148.88,151.73,148.17,150.99,1539661.0
2018-06-13,151.11,153.39,150.52,151.94,1307687.0
2018-06-14,151.94,155.59,151.94,154.99,1384574.0
2018-06-15,155.51,156.3,154.11,155.02,2890161.0
2018-06-18,153.9,153.97,151.41,151.69,1371721.0
2018-06-19,150.01,155.08,149.67,154.5,1551161.0
2018-06-20,154.46,158.19,153.75,157.63,1385374.0
2018-06-21,157.88,157.88,155.58,156.57,835370.0
2018-06-22,157.09,160.28,155.76,159.19,2203490.0
2018-06-25,158.72,160.17,152.91,154.76,1491803.0
2018-06-26,154.41,155.5,151.01,151.5,1813927.0
2018-06-27,151.76,151.9,147.22,147.5,2075364.0
2018-06-28,147.79,148.52,145.37,147.59,1368358.0
2018-06-29,161.5,172.0,161.5,169.96,6716387.0
2018-07-02,168.4,169.66,164.7,169.61,2283604.0
2018-07-03,170.0,170.0,167.28,167.73,1059865.0
2018-07-05,168.38,169.95,166.71,169.49,1178627.0
2018-07-06,170.0,173.64,169.42,173.45,1518916.0
2018-07-09,174.37,174.62,171.81,174.16,1334968.0
2018-07-10,174.91,175.71,172.95,175.11,1600268.0
2018-07-11,173.83,175.69,173.0,175.01,1618426.0
2018-07-12,175.02,178.33,175.02,178.27,1181060.0
2018-07-13,178.35,181.6,177.9,180.5,1458674.0
2018-07-16,179.85,182.41,179.55,181.22,1961482.0
2018-07-17,180.58,183.39,179.82,182.59,1133302.0
2018-07-18,182.0,182.34,180.58,181.13,1138482.0
2018-07-19,180.13,180.93,178.52,180.12,1080486.0
2018-07-20,180.12,180.14,176.71,177.4,1666374.0
2018-07-23,176.29,178.67,176.16,176.54,1388700.0
2018-07-24,178.44,178.67,174.39,174.88,1704975.0
2018-07-25,174.78,177.42,173.99,176.81,1567334.0
2018-07-26,178.61,178.85,169.33,175.87,2400676.0
2018-07-27,175.18,176.28,169.52,172.1,1392093.0
2018-07-30,170.65,175.34,169.97,174.42,1534172.0
2018-07-31,175.05,175.74,173.58,175.05,1529430.0
2018-08-01,175.26,177.93,174.04,177.87,1384463.0
2018-08-02,174.59,179.86,173.51,177.89,1684292.0
2018-08-03,174.2,178.09,173.76,174.54,1117993.0
2018-08-06,175.55,175.99,173.26,174.91,761485.0
2018-08-07,175.94,178.0,175.48,177.51,1097804.0
2018-08-08,177.25,178.4,175.25,175.3,903526.0
2018-08-09,175.74,177.45,174.95,175.05,837042.0
2018-08-10,174.41,175.96,173.86,174.82,568010.0
2018-08-13,175.13,176.15,174.18,175.05,810394.0
2018-08-14,175.31,177.3,175.31,175.93,566678.0
2018-08-15,174.38,175.65,171.81,173.0,907510.0
2018-08-16,174.18,176.28,173.09,174.96,732505.0
2018-08-17,174.66,177.0,173.59,176.08,981740.0
2018-08-20,176.62,176.83,173.62,175.71,946746.0
2018-08-21,175.74,178.43,175.04,176.86,919581.0
2018-08-22,176.81,178.22,176.02,177.72,616391.0
2018-08-23,177.72,177.72,174.6,176.02,681036.0
2018-08-24,176.45,177.28,175.1,176.84,905185.0
2018-08-27,177.98,179.64,177.6,179.32,825637.0
2018-08-28,180.36,182.22,178.83,180.87,1257611.0
2018-08-29,180.9,186.44,180.9,184.86,1277524.0
2018-08-30,185.0,186.19,184.37,186.03,968908.0
2018-08-31,185.16,185.88,183.72,184.4,1302095.0
2018-09-04,183.23,184.59,181.67,183.31,1371082.0
2018-09-05,183.0,184.74,181.5,183.21,1027888.0
2018-09-06,182.6,183.32,178.2,180.05,890712.0
2018-09-07,178.76,180.79,177.01,179.47,1204444.0
2018-09-10,180.0,180.57,177.98,179.28,797528.0
2018-09-11,178.93,180.25,177.34,178.61,1077737.0
2018-09-12,179.46,179.98,177.09,178.34,860811.0
2018-09-13,179.37,181.11,178.0,179.86,830409.0
2018-09-14,180.51,181.88,177.77,179.01,847297.0
2018-09-17,179.0,179.59,175.47,175.8,878076.0
2018-09-18,175.88,178.46,174.23,177.12,964893.0
2018-09-19,177.34,177.55,175.8,176.6,732151.0
2018-09-20,177.39,181.38,177.39,180.52,784813.0
2018-09-21,181.3,182.0,179.34,180.08,1642003.0
2018-09-24,179.43,182.5,179.43,182.17,706285.0
2018-09-25,183.48,184.16,182.28,182.65,835788.0
2018-09-26,182.67,189.29,182.67,186.65,1712114.0
2018-09-27,188.0,190.0,187.5,189.74,1381142.0
2018-09-28,189.74,193.78,189.44,192.74,2148204.0
2018-10-01,193.24,194.92,191.39,191.57,1841863.0
2018-10-02,191.84,192.62,190.79,191.93,941159.0
2018-10-03,192.13,193.06,191.35,192.21,1000926.0
2018-10-04,191.58,192.62,187.1,188.62,935470.0
2018-10-05,191.78,191.78,185.37,188.05,859808.0
2018-10-08,186.95,187.7,183.63,185.34,852196.0
2018-10-09,185.34,187.96,184.78,185.66,1087261.0
2018-10-10,184.92,185.61,176.22,176.43,1565380.0
2018-10-11,175.49,177.84,171.66,175.66,2395236.0
2018-10-12,177.2,182.19,175.9,181.32,1257515.0
2018-10-15,180.8,181.0,177.59,177.65,1064193.0
2018-10-16,178.87,185.78,178.45,185.45,1136652.0
2018-10-17,185.26,185.84,181.72,185.48,886873.0
2018-10-18,184.29,184.29,173.8,178.9,2643374.0
2018-10-19,179.35,181.13,175.05,175.69,1905500.0
2018-10-22,175.53,178.61,172.7,177.4,1513448.0
2018-10-23,175.86,177.03,170.8,174.17,1960486.0
2018-10-24,175.02,175.74,162.53,163.09,2053359.0
2018-10-25,157.0,167.0,153.0,165.61,2800090.0
2018-10-26,162.1,171.39,160.68,169.48,2659510.0
2018-10-29,173.49,174.98,167.35,170.34,2700823.0
2018-10-30,171.67,173.46,168.46,171.49,1441870.0
2018-10-31,172.32,174.28,169.42,169.46,1607491.0
2018-11-01,169.51,175.75,169.25,175.19,1368952.0
2018-11-02,176.33,177.25,171.11,173.29,1338116.0
2018-11-05,172.08,175.15,171.7,174.59,801406.0
2018-11-06,175.21,178.35,174.12,175.23,920333.0
2018-11-07,177.34,184.14,176.56,183.88,1535978.0
2018-11-08,183.91,185.57,179.63,180.26,1101756.0
2018-11-09,179.61,180.56,176.79,180.55,1845491.0
2018-11-12,180.55,181.45,171.7,172.85,1754054.0
2018-11-13,174.07,175.8,170.07,170.31,955741.0
2018-11-14,171.98,173.32,163.13,164.58,1502568.0
2018-11-15,163.75,167.69,162.67,166.67,1648087.0
2018-11-16,166.26,167.99,164.67,165.11,1924132.0
2018-11-19,164.76,165.57,159.77,161.07,1362928.0
2018-11-20,161.35,161.92,157.28,159.76,1658171.0
2018-11-21,160.57,162.48,159.06,160.25,874187.0
2018-11-23,158.76,161.99,157.4,160.39,346829.0
2018-11-26,164.3,167.7,162.89,167.4,1604009.0
2018-11-27,168.43,176.6,168.43,175.45,2327610.0
2018-11-28,175.23,178.42,172.34,178.38,1445111.0
2018-11-29,176.89,181.65,176.89,179.45,976406.0
2018-11-30,179.6,181.0,178.33,180.79,1095998.0
2018-12-03,182.6,186.78,181.92,184.65,1692900.0
2018-12-04,184.74,187.76,177.41,177.93,1316188.0
2018-12-06,175.37,179.76,174.0,179.61,1906316.0
2018-12-07,178.03,179.55,170.9,172.21,1627291.0
2018-12-10,172.98,174.36,167.63,173.78,907149.0
2018-12-11,176.29,176.56,170.86,173.23,1023565.0
2018-12-12,176.2,178.62,174.72,175.45,904998.0
2018-12-13,175.06,177.49,171.6,173.42,971193.0
2018-12-14,171.38,172.0,169.63,170.06,916918.0
2018-12-17,169.64,171.41,164.48,166.17,1765072.0
2018-12-18,168.06,169.62,161.35,163.43,1593169.0
2018-12-19,163.04,164.42,156.3,158.66,1877594.0
2018-12-20,158.52,163.48,157.7,161.3,2213260.0
2018-12-21,161.94,165.07,156.3,156.5,2677605.0
2018-12-24,155.4,158.47,151.8,151.91,1158155.0
2018-12-26,152.98,161.87,152.4,161.84,1638369.0
2018-12-27,158.95,162.58,156.27,162.37,1485000.0
2018-12-28,163.52,164.84,160.38,161.42,966721.0
2018-12-31,162.8,166.21,162.0,165.71,1375410.0
2019-01-02,161.21,165.14,160.95,164.08,1465350.0
2019-01-03,165.83,169.32,163.18,163.73,1690854.0
2019-01-04,165.9,173.31,164.9,172.7,1874533.0
2019-01-07,173.05,176.78,170.87,175.85,1294712.0
2019-01-08,177.0,178.41,174.72,178.19,1653229.0
2019-01-09,179.14,182.7,178.25,182.3,2298518.0
2019-01-10,181.85,186.09,180.26,186.03,1988432.0
2019-01-11,184.62,188.86,183.43,188.16,2222560.0
2019-01-14,186.71,186.99,183.78,183.91,1962008.0
2019-01-15,184.37,186.76,183.06,186.68,1330425.0
2019-01-16,186.21,188.34,184.13,186.15,2251237.0
2019-01-17,185.77,191.42,184.7,190.52,1605860.0
2019-01-18,192.63,194.78,189.41,194.7,2149793.0
2019-01-22,193.48,195.81,192.39,193.88,2003881.0
2019-01-23,194.67,195.2,187.78,189.89,2043144.0
2019-01-24,189.64,190.22,186.47,186.58,1825062.0
2019-01-25,188.16,190.39,186.27,189.5,1404751.0
2019-01-28,188.94,188.98,185.76,188.09,1513518.0
2019-01-29,188.16,188.26,184.7,186.38,1024572.0
2019-01-30,185.84,187.92,184.5,187.05,1385987.0
2019-01-31,187.17,190.98,186.86,190.91,900773.0
2019-02-01,190.92,193.03,189.92,191.52,893008.0
2019-02-04,189.19,189.28,184.49,187.98,1482263.0
2019-02-05,185.81,190.74,185.44,187.02,1643480.0
2019-02-06,193.0,193.0,182.06,182.39,1915715.0
2019-02-07,181.32,182.59,178.99,180.18,1462546.0
2019-02-08,178.76,181.45,178.76,181.34,980716.0
2019-02-11,182.05,182.17,178.4,181.53,2037038.0
2019-02-12,181.44,184.3,181.44,184.01,1316645.0
2019-02-13,185.0,186.25,184.35,185.25,1244460.0
2019-02-14,184.52,186.84,183.53,185.72,917789.0
2019-02-15,187.78,188.56,185.67,188.07,1408240.0
2019-02-19,187.9,189.09,185.83,186.86,1823670.0
2019-02-20,187.41,188.64,185.65,187.84,1066275.0
2019-02-21,187.7,188.12,182.16,183.06,1086953.0
2019-02-22,184.33,185.84,182.94,185.76,1027434.0
2019-02-25,186.74,188.1,185.63,186.33,1268772.0
2019-02-26,186.26,189.99,184.89,188.92,1477952.0
2019-02-27,187.97,189.87,186.44,189.81,633241.0
2019-02-28,189.74,190.04,188.23,188.75,1194699.0
2019-03-01,190.07,192.69,189.28,192.16,887724.0
2019-03-04,193.03,193.89,186.71,190.04,1208568.0
2019-03-05,190.16,190.51,187.52,187.8,1409099.0
2019-03-06,188.18,188.7,180.56,181.11,1381035.0
2019-03-07,181.36,181.83,177.45,178.61,1432915.0
2019-03-08,177.26,177.62,173.59,177.26,1451476.0
2019-03-11,177.94,180.56,177.78,180.52,1350697.0
2019-03-12,181.15,183.23,179.85,182.57,1545300.0
2019-03-13,183.37,186.78,182.21,185.66,1202373.0
2019-03-14,185.62,186.66,184.45,186.11,785740.0
2019-03-15,186.88,189.35,186.37,188.09,2768606.0
2019-03-18,188.01,189.21,185.53,187.48,1554078.0
2019-03-19,184.64,185.0,181.18,181.76,1556196.0
2019-03-20,181.53,182.46,179.54,179.98,1213668.0
2019-03-21,178.22,182.74,178.22,182.56,1156531.0
2019-03-22,182.07,183.85,181.04,181.53,1612327.0
2019-03-25,181.67,185.06,181.44,183.85,1754503.0
2019-03-26,185.24,190.07,184.83,189.91,1374128.0
2019-03-27,190.0,190.0,185.62,185.82,1181198.0
2019-03-28,186.01,186.94,181.49,182.42,1615217.0
2019-03-29,184.29,184.86,181.92,183.95,1274722.0
2019-04-01,185.2,187.38,184.68,186.05,1029960.0
2019-04-02,186.35,189.43,184.9,187.11,814385.0
2019-04-03,187.9,188.98,187.01,187.89,829756.0
2019-04-04,188.22,188.34,182.49,184.15,1193408.0
2019-04-05,184.49,189.35,184.24,188.89,2289193.0
2019-04-08,189.27,189.95,186.67,188.93,910148.0
2019-04-09,188.01,189.7,187.75,188.31,976044.0
2019-04-10,188.32,191.71,187.06,190.37,1155872.0
2019-04-11,191.08,191.42,184.22,185.12,1971928.0
2019-04-12,185.42,186.47,182.31,182.78,1077440.0
2019-04-15,182.27,184.32,180.24,182.49,826703.0
2019-04-16,183.63,184.8,179.59,179.74,900446.0
2019-04-17,180.45,180.75,166.65,166.97,2851420.0
2019-04-18,169.96,170.45,163.68,168.16,3195691.0
2019-04-22,167.79,169.86,166.2,168.52,1213527.0
2019-04-23,169.22,175.6,168.77,175.37,1514591.0
2019-04-24,175.58,175.86,171.76,172.58,1164516.0
2019-04-25,172.4,175.22,170.2,174.61,806666.0
2019-04-26,173.98,174.42,170.01,172.85,1117744.0
2019-04-29,172.58,173.67,171.22,172.52,750347.0
2019-04-30,173.93,174.92,168.49,168.98,1619777.0
2019-05-01,168.76,175.6,168.51,172.6,1824775.0
2019-05-02,172.1,172.49,167.8,169.54,1209837.0
2019-05-03,170.05,174.19,169.46,173.87,971769.0
2019-05-06,170.3,175.15,169.95,174.76,888288.0
2019-05-07,172.32,174.38,168.59,170.28,1345920.0
2019-05-08,170.06,171.54,168.4,169.01,1121620.0
2019-05-09,167.4,170.5,166.48,169.91,820212.0
2019-05-10,169.36,169.36,164.31,168.85,805666.0
2019-05-13,165.7,167.48,164.07,164.61,1118452.0
2019-05-14,165.4,167.58,164.96,166.72,938244.0
2019-05-15,165.41,168.22,164.96,166.88,663662.0
2019-05-16,167.63,173.41,167.63,170.23,1689001.0
2019-05-17,168.9,170.84,167.97,168.73,898185.0
2019-05-20,167.77,168.25,165.68,165.73,644265.0
2019-05-21,166.67,170.15,166.67,169.12,703346.0
2019-05-22,168.47,174.29,168.47,172.37,1230425.0
2019-05-23,171.61,173.32,169.5,173.01,1272756.0
2019-05-24,174.31,175.94,171.36,171.77,1115656.0
2019-05-28,172.24,173.79,171.06,172.76,1542109.0
2019-05-29,171.15,171.87,166.3,166.55,1788394.0
2019-05-30,167.26,170.5,167.26,170.26,902947.0
2019-05-31,168.49,169.99,166.1,166.18,982523.0
2019-06-03,166.87,168.85,165.8,166.64,1080560.0
2019-06-04,168.16,172.97,167.08,171.27,1456839.0
2019-06-05,171.9,174.0,170.39,173.27,1254518.0
2019-06-06,173.22,173.99,167.42,167.75,1261065.0
2019-06-07,169.43,173.98,169.26,173.51,1109578.0
2019-06-10,173.29,174.12,171.51,172.84,1025053.0
2019-06-11,174.08,174.88,171.75,172.0,1442252.0
2019-06-12,172.6,173.47,169.26,170.63,1444580.0
2019-06-13,171.17,171.95,167.84,168.89,951626.0
2019-06-14,168.9,170.99,167.94,170.22,806077.0
2019-06-17,171.17,174.14,171.17,173.78,955604.0
2019-06-18,175.97,178.9,174.8,177.94,1521367.0
2019-06-19,178.52,182.14,177.0,181.75,1535436.0
2019-06-20,183.52,186.33,181.21,182.17,1217655.0
2019-06-21,183.34,184.45,180.76,183.97,1844607.0
2019-06-24,184.56,184.98,180.55,181.02,764040.0
2019-06-25,181.64,183.1,179.49,180.15,960080.0
2019-06-26,180.11,181.03,177.13,177.66,768712.0
2019-06-27,178.0,179.24,176.68,178.58,731475.0
2019-06-28,179.74,184.99,178.75,183.38,1604907.0
2019-07-01,185.07,185.14,180.81,181.84,1112937.0
2019-07-02,181.43,181.54,178.88,179.53,819621.0
2019-07-03,180.25,183.45,178.54,183.26,571593.0
2019-07-05,181.91,183.24,177.41,178.34,878875.0
2019-07-08,177.76,177.76,174.18,176.75,818899.0
2019-07-09,175.62,178.63,174.78,178.46,714725.0
2019-07-10,179.0,179.75,175.53,178.76,766560.0
2019-07-11,178.81,178.86,172.74,176.01,1258069.0
2019-07-12,176.06,176.27,173.95,175.79,1004048.0
2019-07-15,176.16,178.08,174.7,176.37,1055341.0
2019-07-16,176.47,177.93,175.58,176.16,619960.0
2019-07-17,176.93,179.24,176.33,177.14,773112.0
2019-07-18,176.92,178.58,176.38,178.09,853492.0
2019-07-19,179.15,179.15,174.04,174.13,1121646.0
2019-07-22,173.34,174.57,172.41,174.08,1120958.0
2019-07-23,174.43,176.36,173.4,175.24,828427.0
2019-07-24,175.0,175.0,172.31,173.34,1135658.0
2019-07-25,172.22,172.51,169.02,169.56,1784010.0
2019-07-26,170.18,171.13,165.85,166.83,1640861.0
2019-07-29,167.21,167.51,165.27,166.23,1366589.0
2019-07-30,165.74,171.1,165.52,169.54,2339004.0
2019-07-31,168.79,170.21,165.66,166.62,1460350.0
2019-08-01,173.42,181.3,170.13,179.29,3130255.0
2019-08-02,177.78,180.97,177.06,178.39,1814936.0
2019-08-05,176.44,177.14,173.92,175.56,1709396.0
2019-08-06,176.65,177.05,173.64,176.94,1287618.0
2019-08-07,175.11,176.47,172.48,175.65,940964.0
2019-08-08,175.59,183.11,175.59,182.94,1641733.0
2019-08-09,182.94,184.07,179.39,182.98,1275807.0
2019-08-12,182.06,183.14,179.12,179.84,1160938.0
2019-08-13,178.36,185.54,178.04,183.91,1263661.0
2019-08-14,181.77,183.57,178.85,179.53,1405777.0
2019-08-15,180.01,182.04,178.37,181.12,829130.0
2019-08-16,183.08,185.75,180.84,184.94,1331099.0
2019-08-19,186.24,187.71,185.88,187.09,963229.0
2019-08-20,187.04,188.44,182.9,183.72,1001309.0
2019-08-21,185.86,187.3,184.6,186.4,575530.0
2019-08-22,186.76,187.62,181.48,184.24,1026856.0
2019-08-23,184.36,186.78,179.24,180.18,1198694.0
2019-08-26,180.82,182.38,179.56,180.64,829517.0
2019-08-27,181.99,182.92,177.27,178.25,940100.0
2019-08-28,177.47,180.71,170.54,178.34,1680241.0
2019-08-29,179.3,180.5,178.14,178.98,680331.0
2019-08-30,180.26,181.2,178.76,180.02,892907.0
2019-09-03,180.55,181.57,177.58,178.7,1030148.0
2019-09-04,179.73,179.75,173.56,176.83,1003373.0
2019-09-05,178.18,180.05,177.02,179.86,868710.0
2019-09-06,180.35,182.15,179.33,181.33,979384.0
2019-09-09,181.09,181.28,174.45,174.81,1176986.0
2019-09-10,174.03,174.14,166.64,171.01,1849418.0
2019-09-11,171.19,173.61,170.9,173.11,1190846.0
2019-09-12,174.39,175.45,172.0,172.45,874480.0
2019-09-13,173.16,175.79,172.45,174.94,1216300.0
2019-09-16,173.89,178.09,173.13,177.55,959003.0
2019-09-17,173.02,177.82,173.02,176.0,1165874.0
2019-09-18,176.01,176.5,171.96,174.52,1186280.0
2019-09-19,174.48,176.7,173.6,176.14,784800.0
2019-09-20,177.01,179.55,175.58,178.12,1773984.0
2019-09-23,178.23,179.0,175.77,175.88,825027.0
2019-09-24,176.32,177.78,171.03,172.52,778452.0
2019-09-25,172.31,173.49,170.56,171.5,956069.0
2019-09-26,172.05,172.05,167.43,169.55,1602849.0
2019-09-27,170.29,170.54,165.53,166.74,1206331.0
2019-09-30,169.55,171.29,167.61,169.42,1470435.0
2019-10-01,169.24,170.11,166.52,167.58,954636.0
2019-10-02,167.69,168.52,165.23,166.71,1499329.0
2019-10-03,166.06,170.64,166.06,170.5,1143281.0
2019-10-04,170.89,172.92,170.52,172.42,879764.0
2019-10-07,171.55,172.76,169.27,172.05,934991.0
2019-10-08,170.47,171.89,167.6,169.55,1016379.0
2019-10-09,171.2,171.99,168.55,168.73,797283.0
2019-10-10,168.42,170.37,167.62,170.22,800403.0
2019-10-11,171.44,174.72,171.13,172.41,869933.0
2019-10-14,172.32,175.25,172.32,173.59,579631.0
2019-10-15,174.36,176.98,174.02,176.14,762591.0
2019-10-16,175.32,177.2,173.62,176.09,814891.0
2019-10-17,177.8,180.05,177.5,177.72,1172127.0
2019-10-18,180.25,180.25,175.38,176.23,1122557.0
2019-10-21,177.23,184.81,174.82,183.53,1285163.0
2019-10-22,186.91,194.75,186.19,191.06,4442480.0
2019-10-23,190.37,192.54,186.41,190.51,1555191.0
2019-10-24,191.7,194.9,189.35,194.47,1893295.0
2019-10-25,193.13,195.94,192.55,194.49,1199278.0
2019-10-28,194.56,195.02,192.32,194.02,1337394.0
2019-10-29,194.39,198.46,193.26,197.89,1695040.0
2019-10-30,198.11,199.46,196.64,199.28,1195679.0
2019-10-31,197.06,200.0,194.2,195.48,2273379.0
2019-11-01,196.24,202.94,195.02,200.94,3010626.0
2019-11-04,201.62,202.25,197.8,199.42,1293317.0
2019-11-05,199.0,199.95,196.46,197.14,1324232.0
2019-11-06,198.23,198.49,195.7,195.97,1123979.0
2019-11-07,196.4,197.16,195.11,195.83,1018631.0
2019-11-08,197.08,202.11,196.71,201.31,1220080.0
2019-11-11,201.0,202.21,199.29,201.9,825165.0
2019-11-12,202.14,204.84,201.84,203.86,939805.0
2019-11-13,205.0,207.64,203.75,207.1,1101055.0
2019-11-14,206.84,207.5,203.24,205.0,995539.0
2019-11-15,205.95,210.05,205.01,209.8,1581467.0
2019-11-18,209.87,210.08,207.68,210.0,1533611.0
2019-11-19,212.97,215.46,209.41,215.0,1706178.0
2019-11-20,214.78,217.08,212.85,215.07,2487280.0
2019-11-21,214.34,215.64,212.8,215.5,1241326.0
2019-11-22,216.93,218.6,215.1,218.0,1318934.0
2019-11-25,219.37,223.61,219.0,223.27,1491538.0
2019-11-26,223.66,223.73,218.23,219.05,1875480.0
2019-11-27,219.1,220.99,218.07,220.06,833110.0
2019-11-29,220.39,222.42,220.03,221.75,537133.0
2019-12-02,222.96,223.41,218.41,220.79,1093457.0
2019-12-03,219.61,222.75,218.39,221.13,957058.0
2019-12-04,222.0,224.08,221.07,223.91,937011.0
2019-12-05,223.77,224.31,221.35,223.07,767150.0
2019-12-06,224.17,224.66,220.36,223.25,1021307.0
2019-12-09,222.99,225.66,219.19,219.37,1803503.0
2019-12-10,219.42,221.87,218.5,220.27,1256553.0
2019-12-11,221.91,224.27,219.58,220.0,958908.0
2019-12-12,219.71,222.55,219.17,220.55,1094791.0
2019-12-13,220.19,221.62,217.83,218.98,1484056.0
2019-12-16,220.5,221.86,219.33,219.5,1919376.0
2019-12-17,220.51,220.51,216.01,217.62,1452464.0
2019-12-18,217.83,219.92,217.49,219.35,1759361.0
2019-12-19,220.14,220.68,216.98,217.78,1910172.0
2019-12-20,219.62,221.02,217.0,220.69,2824107.0
2019-12-23,220.95,222.87,219.68,219.98,1132805.0
2019-12-24,220.46,220.64,218.5,220.56,300516.0
2019-12-26,220.6,220.9,218.38,220.25,697040.0
2019-12-27,220.59,221.48,218.12,220.97,904599.0
2019-12-30,220.38,221.95,217.33,218.97,774326.0
2019-12-31,220.84,220.84,216.7,218.95,1036437.0
2020-01-02,220.24,220.65,216.95,219.45,1303850.0
2020-01-03,216.16,219.89,214.55,217.98,943577.0
2020-01-06,217.73,224.35,216.91,224.03,1436623.0
2020-01-07,223.15,225.92,222.14,223.79,1028630.0
2020-01-08,225.89,232.7,224.91,231.09,1802743.0
2020-01-09,233.08,233.26,227.27,230.26,1435381.0
2020-01-10,231.69,231.69,228.07,228.95,1017426.0
2020-01-13,229.82,230.0,224.56,226.49,1031533.0
2020-01-14,226.44,229.8,225.53,229.75,1042036.0
2020-01-15,229.88,234.33,228.78,234.15,1741525.0
2020-01-16,234.27,235.78,233.27,235.5,2124025.0
2020-01-17,236.51,236.51,232.82,235.83,1599342.0
2020-01-21,235.84,237.2,233.13,233.99,1399779.0
2020-01-22,234.94,237.47,234.4,234.61,1133969.0
2020-01-23,235.0,235.63,231.38,233.91,977959.0
2020-01-24,234.07,235.18,228.42,229.06,904271.0
2020-01-27,226.51,228.79,226.07,227.37,802283.0
2020-01-28,228.53,232.3,227.57,231.97,861813.0
2020-01-29,231.72,233.59,230.57,232.41,893569.0
2020-01-30,230.84,231.75,228.68,230.31,1169453.0
2020-01-31,238.65,239.4,223.01,227.05,3373655.0
2020-02-03,230.94,233.78,225.01,230.51,1988059.0
2020-02-04,233.35,241.23,233.29,239.66,1485889.0
2020-02-05,241.61,244.41,240.0,240.76,1951742.0
2020-02-06,242.13,244.65,238.01,239.12,1320423.0
2020-02-07,237.66,240.34,234.1,240.06,1443319.0
2020-02-10,239.22,244.89,237.0,244.75,1273055.0
2020-02-11,245.0,249.0,242.78,247.81,2280049.0
2020-02-12,247.61,248.8,240.7,242.21,1805742.0
2020-02-13,241.41,245.38,239.73,240.09,1329205.0
2020-02-14,241.03,244.45,238.55,243.82,1354016.0
2020-02-18,244.92,246.0,241.09,245.93,1305401.0
2020-02-19,249.84,249.85,245.24,247.78,947716.0
2020-02-20,247.02,247.7,242.58,245.1,1524832.0
2020-02-21,247.22,247.5,243.27,246.29,1365436.0
2020-02-24,240.97,242.76,235.7,237.01,1659510.0
2020-02-25,238.18,239.99,228.5,230.0,1581236.0
2020-02-26,232.41,237.37,229.49,232.04,1578570.0
2020-02-27,228.48,231.63,218.01,223.3,1972989.0
2020-02-28,217.01,224.54,215.5,224.03,2491476.0
2020-03-02,224.43,232.98,223.14,232.29,2406547.0
2020-03-03,230.27,237.55,226.67,228.26,2093182.0
2020-03-04,232.29,246.06,230.9,245.32,1971889.0
2020-03-05,239.32,242.18,235.28,237.31,1518316.0
2020-03-06,228.0,234.48,226.61,233.5,1872612.0
2020-03-09,223.03,227.61,214.08,219.65,2034532.0
2020-03-10,226.21,231.41,216.47,230.51,2024555.0
2020-03-11,229.5,230.83,218.7,220.34,1733873.0
2020-03-12,206.59,215.36,201.5,204.06,3758168.0
2020-03-13,218.75,221.47,200.76,220.86,3813367.0
2020-03-16,201.6,219.0,199.16,199.77,2521430.0
2020-03-17,203.97,230.06,202.5,210.44,4447501.0
2020-03-18,201.42,224.99,197.47,212.98,3406379.0
2020-03-19,215.15,223.93,202.01,215.69,3118569.0
2020-03-20,217.7,227.42,204.16,206.0,2764731.0
2020-03-23,210.5,218.1,199.52,202.21,2801959.0
2020-03-24,207.84,224.98,207.84,223.13,2830846.0
2020-03-25,219.88,224.0,209.51,210.09,2066918.0
2020-03-26,209.8,225.62,209.43,224.49,1752736.0
2020-03-27,219.43,224.18,215.57,217.24,1712723.0
2020-03-30,221.34,233.77,220.0,231.92,2138951.0
2020-03-31,228.95,240.0,228.02,237.95,3300687.0
2020-04-01,232.12,234.98,223.45,225.48,1482254.0
2020-04-02,222.77,242.96,222.39,242.16,2503957.0
2020-04-03,241.38,247.45,234.35,238.31,1989809.0
2020-04-06,248.61,256.45,242.16,255.3,1694547.0
2020-04-07,263.15,267.45,245.46,247.67,1635142.0
2020-04-08,249.43,251.68,240.5,249.66,1346891.0
2020-04-09,247.31,250.66,243.0,246.61,986073.0
2020-04-13,244.66,253.83,243.8,252.28,719970.0
2020-04-14,257.44,265.66,253.51,262.41,1171174.0
2020-04-15,260.9,262.82,254.31,255.23,1106873.0
2020-04-16,259.67,265.28,258.61,264.76,1090361.0
2020-04-17,272.5,272.67,265.15,270.46,914781.0
2020-04-20,271.97,276.2,269.11,273.26,930530.0
2020-04-21,273.0,277.22,262.55,262.8,873527.0
2020-04-22,267.15,271.25,264.18,269.37,587762.0
2020-04-23,270.03,277.8,266.92,267.91,784428.0
2020-04-24,270.12,271.35,266.43,269.86,580309.0
2020-04-27,275.0,275.26,267.16,268.51,782792.0
2020-04-28,268.5,269.95,250.43,256.96,1373537.0
2020-04-29,260.97,262.0,250.52,251.05,1260446.0
2020-04-30,257.75,258.37,245.06,251.2,1637065.0
2020-05-01,249.29,256.0,248.0,254.9,822970.0
2020-05-04,257.4,265.0,256.01,264.69,1190498.0
2020-05-05,266.97,274.0,264.8,272.33,908523.0
2020-05-06,272.33,275.55,268.0,270.06,613137.0
2020-05-07,272.69,273.52,266.83,270.01,652051.0
2020-05-08,269.5,274.4,268.29,271.63,451120.0
2020-05-11,271.45,286.77,270.44,285.28,972401.0
2020-05-12,287.33,288.52,276.41,276.47,869114.0
2020-05-13,278.18,284.86,272.19,277.03,823043.0
2020-05-14,277.56,282.42,272.39,277.0,1169672.0
2020-05-15,275.63,288.73,273.51,288.69,927869.0
2020-05-18,293.78,295.55,283.1,284.13,855397.0
2020-05-19,285.3,288.41,281.14,282.28,664373.0
2020-05-20,284.81,285.98,282.13,284.62,674212.0
2020-05-21,285.26,285.4,281.26,284.63,676352.0
2020-05-22,284.18,286.0,281.52,284.96,513220.0
2020-05-26,288.26,288.5,264.41,266.5,1572914.0
2020-05-27,263.67,278.69,254.41,278.51,1540096.0
2020-05-28,276.27,283.62,276.07,277.38,896326.0
2020-05-29,281.35,289.31,276.08,287.96,1052480.0
2020-06-01,285.42,288.73,283.82,286.64,994647.0
2020-06-02,284.12,286.01,278.67,284.27,918605.0
2020-06-03,283.69,283.8,274.06,277.01,970257.0
2020-06-04,274.27,279.29,270.8,272.82,846193.0
2020-06-05,270.56,271.68,262.56,265.69,1448137.0
2020-06-08,263.25,265.82,261.28,265.01,1198413.0
2020-06-09,267.28,275.14,265.09,270.85,1423740.0
2020-06-10,275.58,277.45,271.81,274.34,821436.0
2020-06-11,274.98,276.36,263.68,263.89,908263.0
2020-06-12,268.12,271.23,262.3,268.56,823090.0
2020-06-15,264.05,268.52,262.24,267.77,859552.0
2020-06-16,270.43,275.69,268.45,273.77,879793.0
2020-06-17,273.88,282.7,273.77,280.09,872263.0
2020-06-18,279.4,282.22,275.93,279.19,739025.0
2020-06-19,282.42,295.46,280.53,293.27,1719684.0
2020-06-22,294.0,295.0,287.81,293.2,906129.0
2020-06-23,294.06,299.21,293.31,295.8,866270.0
2020-06-24,294.93,297.51,288.9,291.18,880170.0
2020-06-25,292.38,295.36,288.83,295.15,606318.0
2020-06-26,292.68,293.0,284.74,286.14,748135.0
2020-06-29,286.95,287.65,280.89,285.18,596991.0
2020-06-30,287.68,292.36,283.57,290.31,1079858.0
2020-07-01,290.5,291.66,283.79,286.28,982031.0
2020-07-02,288.52,293.95,287.45,291.1,629106.0
2020-07-06,294.36,295.0,289.63,291.31,721777.0
2020-07-07,292.3,306.08,291.59,299.06,940059.0
2020-07-08,300.05,301.65,292.18,295.92,798341.0
2020-07-09,295.52,297.79,290.05,295.4,663064.0
2020-07-10,293.95,295.0,290.95,294.45,519339.0
2020-07-13,293.05,296.76,283.86,284.82,832569.0
2020-07-14,283.14,294.7,279.12,293.83,887840.0
2020-07-15,292.76,295.2,290.2,295.11,555993.0
2020-07-16,292.01,293.33,284.69,290.56,509598.0
2020-07-17,292.77,294.67,289.3,294.53,531389.0
2020-07-20,292.69,304.0,292.69,303.1,729973.0
2020-07-21,300.65,300.99,290.96,291.4,605752.0
2020-07-22,293.56,293.56,286.46,291.23,483918.0
2020-07-23,291.33,291.99,283.32,284.46,795923.0
2020-07-24,281.78,282.63,276.5,278.49,1135859.0
2020-07-27,280.34,285.57,277.68,284.21,886538.0
2020-07-28,283.83,284.59,278.16,278.52,596345.0
2020-07-29,280.28,281.59,278.09,278.72,565717.0
2020-07-30,276.5,282.28,274.66,279.4,845234.0
2020-07-31,281.0,282.24,268.25,272.0,1650868.0
2020-08-03,274.35,280.46,274.08,279.52,965634.0
2020-08-04,279.23,280.57,274.03,275.71,632466.0
2020-08-05,275.41,275.75,271.16,273.23,739187.0
2020-08-06,269.3,273.88,268.58,273.34,717775.0
2020-08-07,273.48,277.2,269.95,272.99,507913.0
2020-08-10,271.58,272.29,265.09,268.73,621388.0
2020-08-11,266.89,267.99,261.3,261.86,833979.0
2020-08-12,263.08,271.35,263.07,270.85,674548.0
2020-08-13,270.06,272.73,266.88,267.15,577499.0
2020-08-14,268.29,269.95,265.8,267.29,570322.0
2020-08-17,267.9,274.16,267.9,273.84,534432.0
2020-08-18,275.0,275.0,269.26,271.31,442040.0
2020-08-19,271.07,273.94,269.53,270.07,449792.0
2020-08-20,270.67,272.09,268.6,271.43,370102.0
2020-08-21,271.73,273.11,267.99,271.28,583288.0
2020-08-24,270.4,271.94,263.47,267.43,582175.0
2020-08-25,268.17,273.32,266.23,272.35,496586.0
2020-08-26,271.13,272.81,268.82,271.29,427094.0
2020-08-27,272.95,275.63,269.72,274.34,495324.0
2020-08-28,272.94,273.37,268.1,269.96,450599.0
2020-08-31,270.35,279.74,270.02,279.12,723194.0
2020-09-01,277.87,279.96,271.77,275.49,706339.0
2020-09-02,275.64,283.42,273.72,281.89,712677.0
2020-09-03,281.86,281.86,265.25,267.42,830106.0
2020-09-04,267.84,269.91,263.02,266.5,846048.0
2020-09-08,261.78,264.84,258.0,258.61,669888.0
2020-09-09,261.11,264.36,259.1,263.04,1100094.0
2020-09-10,262.95,263.58,253.97,255.65,735397.0
2020-09-11,257.84,262.08,255.76,257.96,712050.0
2020-09-14,261.24,268.33,261.24,264.8,664982.0
2020-09-15,266.77,267.88,264.24,266.85,837624.0
2020-09-16,271.0,273.55,267.31,267.55,829050.0
2020-09-17,258.98,273.24,258.82,271.46,930779.0
2020-09-18,273.3,273.59,257.42,265.39,1140603.0
2020-09-21,264.14,264.91,259.27,264.0,610794.0
2020-09-22,263.66,268.0,260.38,267.58,442498.0
2020-09-23,267.87,270.06,262.75,263.82,405089.0
2020-09-24,262.14,263.9,257.76,263.13,759819.0
2020-09-25,264.1,268.91,260.52,268.18,740952.0
2020-09-28,269.9,270.58,264.23,267.73,634566.0
2020-09-29,267.82,271.68,266.38,270.31,519397.0
2020-09-30,271.33,274.61,269.51,272.12,623059.0
2020-10-01,272.9,275.4,270.65,273.51,499626.0
2020-10-02,269.34,272.79,260.13,260.8,737758.0
2020-10-05,262.86,269.07,261.7,268.98,674395.0
2020-10-06,269.89,270.5,260.26,260.98,531032.0
2020-10-07,263.18,266.5,262.1,265.82,314000.0
2020-10-08,267.16,268.92,264.91,268.53,408405.0
2020-10-09,268.51,270.08,266.27,269.95,426159.0
2020-10-12,273.14,277.33,269.58,274.6,616938.0
2020-10-13,275.88,280.76,274.48,276.09,575496.0
2020-10-14,275.19,275.47,269.79,271.46,378615.0
2020-10-15,228.01,232.46,213.17,215.28,10794969.0
2020-10-16,218.11,225.0,217.19,218.08,3123957.0
2020-10-19,219.3,225.97,217.25,220.51,1886829.0
2020-10-20,222.0,222.62,214.5,214.54,1586378.0
2020-10-21,215.01,217.5,209.16,211.38,1469435.0
2020-10-22,210.35,214.74,208.23,210.08,1622722.0
2020-10-23,212.19,213.5,209.07,211.58,1019523.0
2020-10-26,209.32,210.54,204.84,207.15,1309268.0
2020-10-27,208.35,213.58,206.79,212.19,1568761.0
2020-10-28,212.0,214.24,208.25,208.34,1220075.0
2020-10-29,209.01,210.38,205.0,207.01,1088418.0
2020-10-30,205.93,211.46,203.51,208.36,1615369.0
2020-11-02,211.14,211.45,202.6,207.42,1144277.0
2020-11-03,208.92,214.88,208.31,211.14,1169031.0
2020-11-04,218.0,223.49,214.22,215.09,2098274.0
2020-11-05,220.08,220.92,216.26,219.48,1332477.0
2020-11-06,219.12,221.69,216.37,220.28,1128208.0
2020-11-09,224.06,229.08,221.5,222.85,1230606.0
2020-11-10,223.77,224.74,215.06,215.35,996410.0
2020-11-11,217.12,218.66,213.65,216.72,808875.0
2020-11-12,217.05,221.21,216.9,218.31,1375951.0
2020-11-13,222.28,227.26,219.9,225.52,1045871.0
2020-11-16,225.99,227.36,221.79,224.27,756465.0
2020-11-17,222.72,223.43,218.23,222.96,830812.0
2020-11-18,222.71,223.44,216.34,216.35,1227527.0
2020-11-19,216.42,218.14,211.4,211.97,1436295.0
2020-11-20,212.32,217.23,210.05,215.21,1163510.0
2020-11-23,216.78,218.29,214.19,217.87,1164818.0
2020-11-24,215.66,219.47,215.24,216.5,1148467.0
2020-11-25,217.87,220.54,216.08,218.1,1018114.0
2020-11-27,219.61,226.72,219.61,226.71,590277.0
2020-11-30,231.0,232.17,224.3,227.75,1149538.0
2020-12-01,227.47,230.56,226.03,230.3,1014907.0
2020-12-02,230.3,232.44,226.35,226.7,999855.0
2020-12-03,226.12,228.99,224.71,226.87,680218.0
2020-12-04,227.3,230.14,225.64,228.32,495366.0
2020-12-07,231.15,231.42,225.13,227.06,697029.0
2020-12-08,228.33,230.2,225.4,229.83,697579.0
2020-12-09,230.0,231.0,221.31,224.38,1008099.0
2020-12-10,224.81,224.81,221.7,224.04,870105.0
2020-12-11,224.1,224.56,220.93,224.17,694602.0
2020-12-14,226.79,233.47,226.42,228.13,884362.0
2020-12-15,229.7,230.6,226.0,228.81,663783.0
2020-12-16,229.66,232.75,228.55,232.11,664362.0
2020-12-17,233.0,237.35,232.32,236.92,918123.0
2020-12-18,238.54,239.71,234.47,236.72,843492.0
2020-12-21,233.02,235.58,228.8,234.55,721021.0
2020-12-22,235.39,235.8,232.35,234.9,555487.0
2020-12-23,236.2,238.57,234.43,235.84,557282.0
2020-12-24,237.17,237.34,233.48,234.46,222914.0
2020-12-28,235.59,236.48,232.2,232.47,492840.0
2020-12-29,233.94,236.56,232.96,233.49,377049.0
2020-12-30,235.0,237.01,232.07,232.68,417588.0
2020-12-31,232.35,237.5,230.32,236.34,589944.0
2021-01-04,237.91,238.05,226.29,229.43,1166186.0
2021-01-05,228.84,229.9,225.09,228.58,941163.0
2021-01-06,225.1,227.5,222.31,226.65,1438010.0
2021-01-07,227.9,233.96,227.2,232.9,764584.0
2021-01-08,233.86,237.76,233.01,237.0,617517.0
2021-01-11,235.58,236.47,227.38,234.64,1433844.0
2021-01-12,234.8,238.26,228.74,229.38,992307.0
2021-01-13,230.3,231.06,226.94,227.1,1005192.0
2021-01-14,228.22,228.35,224.7,226.12,1057895.0
2021-01-15,226.59,227.44,224.46,225.55,1241951.0
2021-01-19,227.0,233.86,223.31,231.91,1254915.0
2021-01-20,233.29,239.36,231.18,236.7,833879.0
2021-01-21,237.0,239.75,232.78,238.64,846538.0
2021-01-22,237.25,241.83,236.99,237.59,709932.0
2021-01-25,240.99,242.99,239.45,241.31,1095480.0
2021-01-26,241.24,241.98,236.24,237.64,938961.0
2021-01-27,233.98,234.0,224.7,225.25,1361195.0
2021-01-28,226.8,234.96,226.58,230.04,893221.0
2021-01-29,229.45,232.92,227.56,229.08,1136581.0
2021-02-01,231.05,232.38,226.19,231.77,976613.0
2021-02-02,225.93,227.9,216.14,217.33,3781851.0
2021-02-03,217.97,219.08,210.99,211.0,2450233.0
2021-02-04,213.44,214.79,211.65,213.71,1799874.0
2021-02-05,214.69,217.55,212.26,215.26,1708428.0
2021-02-08,217.13,218.22,213.6,214.37,1294181.0
2021-02-09,214.45,215.59,212.57,213.82,936492.0
2021-02-10,215.98,216.3,212.02,212.53,1067058.0
2021-02-11,212.48,212.87,209.76,210.5,1076272.0
2021-02-12,210.82,214.36,210.25,213.98,1103145.0
2021-02-16,213.72,214.41,208.64,210.27,1443550.0
2021-02-17,209.58,215.0,208.5,214.85,1289118.0
2021-02-18,213.56,213.76,209.58,209.83,1083500.0
2021-02-19,209.98,211.73,206.79,207.02,1244719.0
2021-02-22,206.72,216.21,204.76,214.96,2028086.0
2021-02-23,215.2,217.69,211.67,216.44,1540169.0
2021-02-24,215.82,220.42,214.72,217.04,1004001.0
2021-02-25,215.8,217.4,210.5,212.98,892174.0
2021-02-26,214.67,215.5,209.34,212.55,1440824.0
2021-03-01,213.54,213.69,209.4,210.38,972938.0
2021-03-02,211.81,214.13,211.45,212.06,1377514.0
2021-03-03,212.24,213.28,208.06,208.44,1336109.0
2021-03-04,207.3,213.0,205.99,207.79,1163697.0
2021-03-05,208.06,212.6,206.52,211.98,974490.0
2021-03-08,212.86,219.3,211.98,213.58,1484617.0
2021-03-09,217.29,219.1,213.86,214.04,1350088.0
2021-03-10,217.72,217.72,211.56,214.29,1107037.0
2021-03-11,214.71,217.68,214.31,215.15,828310.0
2021-03-12,214.34,214.9,211.26,214.33,602912.0
2021-03-15,213.71,219.85,213.48,219.65,876161.0
2021-03-16,220.5,220.63,216.72,218.99,821269.0
2021-03-17,217.16,217.88,214.15,217.08,676986.0
2021-03-18,214.13,216.25,212.65,213.36,623642.0
2021-03-19,214.47,216.93,213.28,216.11,877816.0
2021-03-22,215.84,220.33,215.34,218.82,797999.0
2021-03-23,219.83,219.85,212.11,213.59,945712.0
2021-03-24,213.56,214.51,209.41,211.54,800823.0
2021-03-25,213.23,213.6,209.71,212.36,763496.0
2021-03-26,212.5,214.96,209.22,214.64,1153126.0
2021-03-29,214.57,218.41,212.24,216.71,791468.0
2021-03-30,215.01,215.5,212.37,212.99,478702.0
2021-03-31,213.38,216.06,212.92,214.89,518977.0
2021-04-01,215.89,216.02,212.3,213.04,1057765.0
2021-04-05,214.38,215.6,213.2,215.32,973357.0
2021-04-06,215.5,216.46,213.15,215.3,938933.0
2021-04-07,215.71,218.47,211.7,212.72,901637.0
2021-04-08,214.18,216.04,209.95,210.28,777415.0
2021-04-09,210.26,213.82,209.56,213.35,869148.0
2021-04-12,212.68,214.44,211.21,213.6,842802.0
2021-04-13,214.61,218.7,214.46,215.94,913745.0
2021-04-14,216.16,220.23,216.16,217.13,767316.0
2021-04-15,218.52,222.35,218.0,221.1,856613.0
2021-04-16,222.34,222.78,219.24,219.39,908240.0
2021-04-19,220.86,222.59,218.15,219.18,791243.0
2021-04-20,218.84,222.0,218.15,220.16,717607.0
2021-04-21,220.79,221.31,217.82,219.76,638392.0
2021-04-22,217.11,218.9,214.0,215.98,1111681.0
2021-04-23,217.07,218.81,215.77,217.9,502539.0
2021-04-26,217.74,218.18,214.46,216.97,618796.0
2021-04-27,217.21,218.14,215.0,215.53,602992.0
2021-04-28,215.72,215.72,212.81,213.48,802165.0
2021-04-29,213.6,213.69,210.27,211.86,793425.0
2021-04-30,213.71,221.41,213.0,218.2,2592830.0
2021-05-03,217.27,219.69,216.7,217.95,1367110.0
2021-05-04,217.54,217.54,211.76,214.85,1772626.0
2021-05-05,214.85,215.84,213.24,213.87,1254817.0
2021-05-06,212.25,213.58,211.06,213.16,1184101.0
2021-05-07,213.81,216.77,213.81,215.01,1232048.0
2021-05-10,215.63,216.28,212.75,212.9,1269728.0
2021-05-11,211.88,214.02,211.39,213.0,1330192.0
2021-05-12,211.89,215.67,211.74,212.68,1198051.0
2021-05-13,212.69,215.02,212.33,214.35,1077583.0
2021-05-14,215.1,218.18,213.29,217.09,750948.0
2021-05-17,215.62,217.65,214.83,216.35,467940.0
2021-05-18,216.9,218.06,214.38,214.64,754931.0
2021-05-19,213.2,214.17,211.0,214.05,568919.0
2021-05-20,213.93,218.97,213.4,216.61,571879.0
2021-05-21,217.29,218.42,213.0,213.43,895383.0
2021-05-24,215.02,215.7,210.99,211.22,816462.0
2021-05-25,211.41,211.84,207.49,208.76,960761.0
2021-05-26,209.09,209.13,206.14,206.8,822190.0
2021-05-27,207.04,207.44,204.62,207.31,903886.0
2021-05-28,208.78,211.78,208.3,208.63,1005613.0
2021-06-01,209.49,210.18,207.2,209.67,909994.0
2021-06-02,210.0,212.21,208.45,210.38,885799.0
2021-06-03,209.04,211.48,208.5,211.15,733201.0
2021-06-04,211.68,212.98,209.39,209.93,718934.0
2021-06-07,210.58,211.51,208.71,209.16,977635.0
2021-06-08,210.7,213.17,209.13,211.13,1129424.0
2021-06-09,212.0,215.47,211.55,213.56,775732.0
2021-06-10,213.17,217.26,211.28,216.77,830017.0
2021-06-11,193.58,200.05,192.88,193.02,7730913.0
2021-06-14,195.72,196.31,192.63,194.8,1812288.0
2021-06-15,196.0,196.0,188.01,188.97,2431568.0
2021-06-16,189.67,192.5,187.2,187.49,1514008.0
2021-06-17,187.49,189.17,185.64,188.36,2107189.0
2021-06-18,188.52,188.76,185.91,187.85,1549004.0
2021-06-21,188.25,190.85,187.49,187.7,964556.0
2021-06-22,187.84,188.94,185.32,188.87,983870.0
2021-06-23,188.19,189.78,187.1,187.52,1102807.0
2021-06-24,188.88,193.28,188.29,191.94,1523876.0
2021-06-25,192.0,194.78,191.02,194.34,1999799.0
2021-06-28,197.0,198.73,194.42,197.82,1574755.0
2021-06-29,197.34,198.8,196.56,196.78,1474376.0
2021-06-30,196.82,202.17,196.21,201.63,1175565.0
2021-07-01,201.26,202.43,199.86,202.21,1579389.0
2021-07-02,203.19,203.23,200.33,200.54,765199.0
2021-07-06,200.1,201.9,199.97,200.05,926832.0
2021-07-07,199.79,200.44,197.21,198.99,1346176.0
2021-07-08,197.74,198.98,196.34,197.74,860014.0
2021-07-09,197.55,198.7,196.44,198.16,464284.0
2021-07-12,198.0,198.46,197.2,198.34,1147542.0
2021-07-13,198.16,200.42,197.4,198.33,974883.0
2021-07-14,197.68,199.01,195.8,197.89,892547.0
2021-07-15,196.79,200.16,195.91,200.09,1573088.0
2021-07-16,200.54,204.44,199.33,202.28,1966757.0
2021-07-19,202.16,204.26,198.33,199.24,987494.0
2021-07-20,195.0,196.99,193.88,196.55,2001469.0
2021-07-21,196.08,197.21,194.45,196.27,679200.0
2021-07-22,195.4,196.57,195.0,196.02,866889.0
2021-07-23,196.72,203.5,195.5,200.5,1817902.0
2021-07-26,199.43,202.4,198.26,198.93,2714282.0
2021-07-27,199.85,203.1,198.66,202.85,1006750.0
2021-07-28,202.85,204.88,201.05,202.24,602297.0
2021-07-29,202.55,202.94,198.83,200.38,701565.0
2021-07-30,201.54,203.44,197.31,201.58,1026345.0
2021-08-02,200.65,201.07,197.5,198.32,1809511.0
2021-08-03,198.59,200.71,198.03,200.05,1277634.0
2021-08-04,200.0,202.0,199.11,199.59,1639195.0
2021-08-05,200.96,203.13,199.73,202.99,1098965.0
2021-08-06,202.99,204.0,200.53,200.67,694411.0
2021-08-09,201.38,201.54,198.63,200.4,1147262.0
2021-08-10,200.5,200.66,195.34,196.46,1852027.0
2021-08-11,196.82,199.28,194.54,195.25,2497145.0
2021-08-12,195.72,196.35,193.88,194.81,2285962.0
2021-08-13,195.0,195.69,193.71,194.36,1820313.0
2021-08-16,194.67,194.95,189.61,190.97,1934105.0
2021-08-17,189.47,198.59,188.92,198.44,1144740.0
2021-08-18,198.72,198.72,194.68,194.77,580808.0
2021-08-19,194.3,197.92,194.3,195.04,628292.0
2021-08-20,195.6,198.53,194.3,195.85,556423.0
2021-08-23,197.27,200.5,196.14,198.4,602034.0
2021-08-24,198.83,200.16,196.69,199.73,454445.0
2021-08-25,199.59,202.17,198.09,201.33,638495.0
2021-08-26,200.94,202.71,197.91,198.25,639475.0
2021-08-27,198.15,202.77,195.85,199.92,698675.0
2021-08-30,199.3,201.56,198.7,199.49,657030.0
2021-08-31,200.21,200.35,198.15,200.29,918998.0
2021-09-01,200.62,202.55,196.37,197.14,757818.0
2021-09-02,198.06,199.8,196.6,199.22,624690.0
2021-09-03,198.5,199.18,196.66,198.05,531861.0
2021-09-07,196.2,197.05,192.02,192.2,930853.0
2021-09-08,191.81,193.4,191.07,191.37,493730.0
2021-09-09,189.42,190.2,188.06,188.09,875691.0
2021-09-10,188.17,190.09,186.15,188.57,834396.0
2021-09-13,190.07,193.25,189.61,190.72,478446.0
2021-09-14,190.86,191.75,188.21,188.41,480178.0
2021-09-15,188.47,190.6,188.42,188.86,852950.0
2021-09-16,188.85,189.54,185.44,187.1,847331.0
2021-09-17,186.24,188.54,184.78,188.3,966555.0
2021-09-20,186.89,188.87,185.07,185.67,822686.0
2021-09-21,186.17,187.49,185.11,185.8,541542.0
2021-09-22,186.12,186.44,182.7,184.27,788698.0
2021-09-23,184.9,186.5,184.5,185.09,595543.0
2021-09-24,184.02,185.3,182.0,183.61,630667.0
2021-09-27,183.2,184.0,181.45,183.41,876946.0
2021-09-28,182.4,183.32,180.18,181.6,800612.0
2021-09-29,182.17,184.25,181.97,182.22,619741.0
2021-09-30,182.48,184.21,181.37,181.39,667783.0
2021-10-01,180.55,181.14,178.35,180.35,759607.0
2021-10-04,179.0,181.0,177.04,177.4,989856.0
2021-10-05,177.5,179.38,176.92,177.01,906072.0
2021-10-06,177.01,182.58,176.36,180.91,861447.0
2021-10-07,180.91,182.0,179.72,180.02,646076.0
2021-10-08,180.27,181.02,178.59,178.94,744511.0
2021-10-11,179.23,181.02,178.21,179.58,1533064.0
2021-10-12,181.51,181.51,179.3,180.21,1425022.0
2021-10-13,180.22,182.49,180.22,181.34,585193.0
2021-10-14,182.14,184.19,181.37,181.9,763833.0
2021-10-15,182.48,183.13,181.0,181.77,826714.0
2021-10-18,182.5,182.7,177.71,180.8,1139898.0
2021-10-19,182.06,185.6,181.11,185.41,997602.0
2021-10-20,185.99,187.83,185.11,185.49,994727.0
2021-10-21,186.12,187.2,184.34,187.09,822703.0
2021-10-22,186.77,187.15,182.88,183.52,1109243.0
2021-10-25,183.52,186.14,182.52,184.99,519770.0
2021-10-26,185.02,186.58,183.95,184.07,510917.0
2021-10-27,184.39,184.71,180.4,180.94,646839.0
2021-10-28,181.19,183.83,181.01,182.0,838100.0
2021-10-29,181.93,185.91,180.66,184.93,704407.0
2021-11-01,184.18,186.74,183.41,185.4,634139.0
2021-11-02,185.66,185.66,180.72,181.4,1224101.0
2021-11-03,187.5,190.75,184.1,189.07,2318241.0
2021-11-04,189.07,194.41,188.3,194.21,1749635.0
2021-11-05,194.14,195.23,191.5,192.85,1353653.0
2021-11-08,192.99,194.46,190.64,192.23,633085.0
2021-11-09,192.23,193.33,190.31,191.09,890519.0
2021-11-10,191.01,192.61,187.52,187.91,670290.0
2021-11-11,188.0,188.15,185.1,185.87,605752.0
2021-11-12,187.01,187.79,186.03,187.29,460992.0
2021-11-15,187.29,187.92,186.12,186.86,451236.0
2021-11-16,186.45,188.84,185.58,188.33,729707.0
2021-11-17,188.63,198.53,187.12,188.25,1620552.0
2021-11-18,188.25,189.48,184.89,185.41,885567.0
2021-11-19,185.22,185.22,181.24,182.88,850879.0
2021-11-22,182.65,183.65,180.15,181.5,652583.0
2021-11-23,181.05,187.06,179.96,186.85,1430880.0
2021-11-24,187.26,188.3,184.71,186.24,1124237.0
2021-11-26,187.33,189.5,182.66,183.59,535944.0
2021-11-29,187.45,192.33,185.46,190.11,1747278.0
2021-11-30,189.5,192.61,186.42,186.94,1293593.0
2021-12-01,195.82,205.84,194.1,205.0,4241769.0
2021-12-02,201.82,208.16,201.51,204.45,1915846.0
2021-12-03,205.78,206.43,202.0,203.81,1464240.0
2021-12-06,203.73,206.88,203.05,205.06,1112126.0
2021-12-07,205.54,205.62,203.37,205.22,1100484.0
2021-12-08,205.71,206.88,203.75,206.61,696393.0
2021-12-09,207.96,209.0,205.84,208.41,946246.0
2021-12-10,206.68,208.4,204.36,208.06,698953.0
2021-12-13,208.06,208.76,205.14,208.15,788741.0
2021-12-14,208.28,209.98,206.9,209.24,643122.0
2021-12-15,209.05,211.53,207.15,211.13,743758.0
2021-12-16,212.0,214.23,211.1,212.61,1018475.0
2021-12-17,211.53,218.32,210.35,214.54,1284701.0
2021-12-20,215.92,216.39,213.25,215.41,850872.0
2021-12-21,216.61,218.81,215.66,218.6,993081.0
2021-12-22,218.6,223.09,218.27,222.77,700433.0
2021-12-23,222.77,224.4,221.45,223.45,663733.0
2021-12-27,223.73,224.2,220.52,222.34,1288567.0
2021-12-28,222.08,223.13,220.24,221.93,438699.0
2021-12-29,221.93,223.94,221.26,223.32,390308.0
2021-12-30,222.8,224.49,222.16,222.45,406247.0
2021-12-31,222.63,223.5,219.04,219.6,563772.0
2022-01-03,218.38,222.59,214.66,222.53,707230.0
2022-01-04,220.73,222.7,219.11,221.86,692485.0
2022-01-05,221.87,224.87,220.69,221.42,798601.0
2022-01-06,221.82,223.99,221.33,221.65,732440.0
2022-01-07,220.78,223.98,220.08,221.85,750577.0
2022-01-10,222.92,225.86,219.1,223.96,1198493.0
2022-01-11,224.26,226.86,222.14,226.15,755910.0
2022-01-12,225.5,227.19,223.68,226.14,531564.0
2022-01-13,225.23,228.12,225.18,226.58,1030038.0
2022-01-14,227.0,234.58,226.59,234.06,1316587.0
2022-01-18,231.0,232.49,228.74,231.07,1079455.0
2022-01-19,231.4,232.66,230.41,230.84,939199.0
2022-01-20,233.47,234.41,228.2,228.61,1096199.0
2022-01-21,228.42,231.1,227.26,228.08,1111168.0
2022-01-24,224.92,229.95,221.72,229.68,1357269.0
2022-01-25,226.09,229.63,223.71,227.11,917060.0
2022-01-26,226.62,229.81,225.01,226.58,1035782.0
2022-01-27,229.07,233.69,227.0,228.22,1213034.0
2022-01-28,227.36,243.29,227.18,243.02,1886101.0
2022-01-31,240.87,244.24,239.16,243.05,1607102.0
2022-02-01,243.28,245.77,241.52,245.66,1833765.0
2022-02-02,243.58,254.92,241.0,253.57,2277151.0
2022-02-03,249.97,250.0,243.54,243.75,1332083.0
2022-02-04,241.87,244.63,239.08,241.96,849753.0
2022-02-07,243.32,244.81,241.22,243.26,583629.0
2022-02-08,242.36,243.0,239.23,240.94,612386.0
2022-02-09,242.52,245.56,241.55,244.24,598475.0
2022-02-10,238.39,241.01,234.46,235.89,979263.0
2022-02-11,236.55,237.29,233.17,233.89,754885.0
2022-02-14,233.75,234.0,229.26,231.23,737540.0
2022-02-15,231.88,233.87,231.29,233.41,799586.0
2022-02-16,233.46,236.89,231.56,235.77,693721.0
2022-02-17,233.85,234.94,230.06,232.77,892040.0
2022-02-18,233.0,233.83,228.55,229.61,718825.0
2022-02-22,233.0,233.83,228.55,230.21,1389106.0
2022-02-23,231.7,233.46,229.2,230.69,993902.0
2022-02-24,227.67,230.43,225.4,230.25,802324.0
2022-02-25,229.46,233.16,228.04,230.3,853720.0
2022-02-28,227.99,230.13,226.18,230.02,774099.0
2022-03-01,229.19,232.52,228.63,230.69,620776.0
2022-03-02,230.18,235.5,229.4,234.11,529103.0
2022-03-03,234.93,238.53,234.75,235.69,605978.0
2022-03-04,233.4,243.18,233.13,238.66,1093769.0
2022-03-07,237.99,242.5,235.05,235.54,794262.0
2022-03-08,234.12,242.9,233.51,238.71,821291.0
2022-03-09,240.51,240.74,236.35,239.24,706415.0
2022-03-10,235.16,242.91,234.54,241.93,562656.0
2022-03-11,242.6,247.46,236.13,236.48,709296.0
2022-03-14,239.72,242.45,238.66,241.68,784635.0
2022-03-15,243.93,247.47,243.52,246.99,859495.0
2022-03-16,246.36,248.79,243.03,248.52,630992.0
2022-03-17,248.2,251.32,247.37,250.0,714175.0
2022-03-18,250.13,250.13,246.22,249.08,998064.0
2022-03-21,248.2,252.13,246.73,250.26,839379.0
2022-03-22,249.13,252.19,248.5,251.88,484434.0
2022-03-23,251.29,252.08,247.94,248.13,725499.0
2022-03-24,249.62,253.51,249.4,251.7,522578.0
2022-03-25,251.5,254.15,250.49,253.95,560845.0
2022-03-28,253.83,258.2,252.82,255.72,972888.0
2022-03-29,256.49,258.0,252.52,257.98,822183.0
2022-03-30,258.81,260.1,256.0,256.52,506421.0
2022-03-31,260.0,263.43,256.09,260.97,1246273.0
2022-04-01,261.08,267.13,259.04,266.15,1119611.0
2022-04-04,267.22,269.3,264.76,268.64,796694.0
2022-04-05,267.96,275.88,267.96,269.96,1063060.0
2022-04-06,266.75,273.04,266.62,272.39,1139762.0
2022-04-07,272.39,277.66,271.8,275.83,885885.0
2022-04-08,275.49,281.5,273.2,280.28,824752.0
2022-04-11,279.86,282.73,278.79,281.09,1136095.0
2022-04-12,280.95,284.77,278.99,281.15,894105.0
2022-04-13,281.59,291.44,281.59,290.93,921609.0
2022-04-14,289.32,292.75,286.08,287.97,1057801.0
2022-04-18,287.67,287.86,281.75,282.99,768647.0
2022-04-19,282.99,284.0,279.63,282.52,662334.0
2022-04-20,283.79,286.88,282.77,285.3,605767.0
2022-04-21,286.0,286.8,281.45,281.71,614601.0
2022-04-22,280.28,281.84,270.28,270.42,993113.0
2022-04-25,270.0,272.38,265.89,271.68,884702.0
2022-04-26,271.07,272.21,267.39,267.69,647260.0
2022-04-27,267.33,269.39,264.84,267.25,656236.0
2022-04-28,268.57,269.3,262.22,268.64,852731.0
2022-04-29,274.78,279.71,272.63,273.22,1413465.0
2022-05-02,263.98,266.19,254.1,261.96,2097755.0
2022-05-03,266.65,271.25,265.58,269.11,745106.0
2022-05-04,269.34,275.26,266.31,273.7,566043.0
2022-05-05,272.0,273.51,264.59,266.37,790542.0
2022-05-06,256.32,261.68,252.69,253.93,1306621.0
2022-05-09,251.0,251.0,234.4,235.02,1879049.0
2022-05-10,239.58,244.1,237.49,240.16,1047519.0
2022-05-11,237.44,241.74,233.12,234.96,934965.0
2022-05-12,234.7,241.0,233.62,240.85,828459.0
2022-05-13,241.22,247.54,240.25,246.72,755208.0
2022-05-16,245.85,254.71,244.61,254.17,780628.0
2022-05-17,255.82,262.95,254.67,261.84,818160.0
2022-05-18,260.59,262.08,251.44,252.35,712091.0
2022-05-19,252.55,257.15,250.38,255.45,762999.0
2022-05-20,256.61,259.1,252.51,258.59,765433.0
2022-05-23,260.05,270.28,259.19,268.35,960055.0
2022-05-24,265.51,270.98,263.78,268.48,897154.0
2022-05-25,269.7,273.19,267.96,270.84,979670.0
2022-05-26,270.84,274.16,268.9,269.65,554974.0
2022-05-27,271.15,273.84,269.07,273.73,617874.0
2022-05-31,274.55,276.0,266.52,268.65,912973.0
2022-06-01,275.56,275.56,266.18,269.41,730005.0
2022-06-02,268.58,270.96,260.66,270.05,730756.0
2022-06-03,268.62,272.41,266.29,269.44,544861.0
2022-06-06,271.44,272.0,266.61,268.0,450463.0
2022-06-07,267.22,272.91,265.62,271.86,491650.0
2022-06-08,272.2,279.13,271.6,274.54,978386.0
2022-06-09,273.17,273.17,259.65,259.7,968398.0
2022-06-10,256.51,257.67,252.87,254.88,708995.0
2022-06-13,250.26,250.82,244.12,245.39,845946.0
2022-06-14,246.33,249.44,243.25,249.08,649650.0
2022-06-15,250.8,256.21,248.4,253.51,511056.0
2022-06-16,248.49,251.44,245.48,250.96,591508.0
2022-06-17,251.07,264.88,251.0,263.09,1473559.0
2022-06-21,266.0,271.93,265.98,270.17,1333842.0
2022-06-22,266.96,276.0,266.44,272.31,1403548.0
2022-06-23,275.0,284.51,274.2,283.5,2746054.0
2022-06-24,285.19,293.17,280.28,292.55,4268979.0
2022-06-27,290.24,291.14,286.71,287.32,1976601.0
2022-06-28,288.45,289.41,275.97,276.17,1926506.0
2022-06-29,275.83,282.29,275.83,280.35,1430128.0
2022-06-30,277.05,284.62,276.76,281.79,1872827.0
2022-07-01,280.17,287.86,279.42,287.32,1459668.0
2022-07-05,285.92,289.95,284.5,288.98,1845728.0
2022-07-06,290.26,293.62,288.27,291.16,2082237.0
2022-07-07,289.77,294.96,287.79,294.17,1791012.0
2022-07-08,291.36,295.74,291.03,294.29,1307885.0
2022-07-11,294.0,296.84,288.0,294.07,1481333.0
2022-07-12,293.0,293.88,282.91,290.01,1363300.0
2022-07-13,288.98,294.6,287.88,288.73,1053904.0
2022-07-14,285.61,286.92,282.25,286.15,1034638.0
2022-07-15,286.08,293.53,284.93,292.84,2711722.0
2022-07-18,292.87,295.77,285.27,286.06,1589003.0
2022-07-19,290.0,290.13,286.02,289.6,1362293.0
2022-07-20,288.7,290.95,283.72,285.5,1046048.0
2022-07-21,285.79,286.96,281.06,283.11,1040048.0
2022-07-22,284.09,288.14,278.73,280.29,1197278.0
2022-07-25,282.0,283.84,278.89,283.68,1158485.0
2022-07-26,284.14,290.73,283.7,288.22,1534078.0
2022-07-27,286.27,288.21,280.77,286.99,1210924.0
2022-07-28,287.54,288.0,276.24,280.82,1299184.0
2022-07-29,281.8,282.41,275.65,280.41,1673379.0
2022-08-01,279.79,280.72,272.52,273.83,1455979.0
2022-08-02,275.16,278.25,273.0,273.86,1006810.0
2022-08-03,276.01,279.36,271.61,275.03,1474543.0
2022-08-04,277.08,278.14,272.93,274.85,2034270.0
2022-08-05,273.11,288.7,272.1,288.03,2398837.0
2022-08-08,288.65,296.95,288.65,293.95,1687084.0
2022-08-09,294.46,301.73,293.95,298.83,1599810.0
2022-08-10,301.2,301.8,295.11,295.77,1432597.0
2022-08-11,295.39,297.76,289.78,292.16,1160167.0
2022-08-12,292.87,295.66,292.12,294.52,990942.0
2022-08-15,293.71,305.95,293.71,305.53,1814381.0
2022-08-16,305.0,305.91,301.97,303.0,1103748.0
2022-08-17,300.04,302.82,298.79,299.23,908587.0
2022-08-18,299.5,299.89,291.45,294.29,955987.0
2022-08-19,293.24,300.26,292.11,299.04,1091606.0
2022-08-22,299.73,302.21,293.48,293.84,1126255.0
2022-08-23,292.19,295.0,282.67,286.25,1407246.0
2022-08-24,287.35,291.96,285.03,291.03,910166.0
2022-08-25,293.0,293.0,288.24,291.22,590575.0
2022-08-26,292.17,294.15,281.31,281.68,1263795.0
2022-08-29,278.75,284.62,277.2,281.6,1080656.0
2022-08-30,281.5,282.96,278.97,281.36,849806.0
2022-08-31,281.86,286.7,281.12,281.76,1442235.0
2022-09-01,281.65,290.5,281.54,290.2,1106646.0
2022-09-02,290.23,292.0,279.5,281.04,1121808.0
2022-09-06,281.7,284.11,278.52,279.18,989281.0
2022-09-07,279.89,286.08,277.5,284.44,1053695.0
2022-09-08,284.77,291.29,283.3,288.99,1189744.0
2022-09-09,288.53,292.93,286.52,292.11,1464149.0
2022-09-12,293.55,296.14,290.05,293.48,1706209.0
2022-09-13,291.2,292.95,280.02,280.67,1614690.0
2022-09-14,282.77,287.36,279.62,284.86,1354338.0
2022-09-15,285.91,288.15,282.04,287.67,1028720.0
2022-09-16,289.03,291.94,286.01,289.71,2484447.0
2022-09-19,285.11,287.0,279.69,285.14,1350549.0
2022-09-20,283.62,288.47,282.47,286.94,1130612.0
2022-09-21,286.94,288.31,280.24,280.4,1110017.0
2022-09-22,278.0,288.92,277.67,286.34,1408276.0
2022-09-23,283.29,285.12,279.7,283.45,1353241.0
2022-09-26,282.7,285.33,276.57,276.78,1582997.0
2022-09-27,279.93,289.52,278.19,284.74,1464700.0
2022-09-28,289.28,293.83,286.02,292.41,1656484.0
2022-09-29,292.41,293.33,286.57,292.8,1341249.0
2022-09-30,292.96,294.62,289.17,289.54,1914303.0
2022-10-03,291.68,299.59,289.64,297.43,1795476.0
2022-10-04,299.85,303.04,295.87,300.64,1539755.0
2022-10-05,299.84,304.26,296.8,302.02,1296681.0
2022-10-06,300.5,302.89,297.42,298.63,1132501.0
2022-10-07,297.3,300.05,292.73,295.23,1424774.0
2022-10-10,295.45,296.58,291.5,294.54,835047.0
2022-10-11,294.54,300.14,292.9,295.16,1261221.0
2022-10-12,295.0,295.64,289.91,290.13,928497.0
2022-10-13,285.35,297.9,283.58,296.54,1124561.0
2022-10-14,297.44,300.94,292.7,293.21,1028074.0
2022-10-17,297.08,298.35,294.2,297.02,1108434.0
2022-10-18,300.21,303.29,296.46,300.17,983569.0
2022-10-19,298.6,299.58,289.54,292.02,928676.0
2022-10-20,292.0,295.55,289.18,290.16,1000929.0
2022-10-21,289.69,300.14,287.96,300.0,1467340.0
2022-10-24,302.74,312.27,302.5,310.5,1994242.0
2022-10-25,312.4,315.37,308.15,309.21,1759684.0
2022-10-26,313.04,316.48,309.42,311.18,1267387.0
2022-10-27,310.71,311.5,287.2,287.89,4090151.0
2022-10-28,302.0,314.49,294.31,313.89,3260188.0
2022-10-31,310.1,314.09,308.41,312.0,1575252.0
2022-11-01,312.44,316.09,309.59,314.2,1192558.0
2022-11-02,314.47,318.38,309.44,310.01,1492953.0
2022-11-03,307.4,313.64,305.06,311.3,936031.0
2022-11-04,311.63,312.6,304.04,308.82,1180299.0
2022-11-07,305.36,308.8,298.53,303.23,1560124.0
2022-11-08,303.09,311.68,300.31,306.5,1356672.0
2022-11-09,306.5,312.15,305.6,309.34,1321469.0
2022-11-10,315.12,316.18,302.74,311.03,2112683.0
2022-11-11,308.89,309.8,288.83,303.26,2182173.0
2022-11-14,305.11,311.57,303.87,306.03,1393689.0
2022-11-15,308.61,309.98,300.0,305.28,1309084.0
2022-11-16,305.87,308.75,304.58,305.44,874268.0
2022-11-17,304.83,311.86,302.02,309.9,1049276.0
2022-11-18,311.63,315.54,311.13,314.63,1172734.0
2022-11-21,315.0,318.0,313.9,316.2,1149419.0
2022-11-22,317.83,322.26,313.06,321.48,1461166.0
2022-11-23,323.31,323.61,315.28,316.16,1042758.0
2022-11-25,315.17,317.03,312.01,312.98,713667.0
2022-11-28,313.78,320.93,313.51,315.3,1113488.0
2022-11-29,315.69,317.21,312.47,316.33,1380420.0
2022-11-30,319.52,322.74,314.03,316.4,6633412.0
2022-12-01,318.55,321.52,315.18,320.76,1549091.0
2022-12-02,317.05,322.45,316.88,321.37,1094882.0
2022-12-05,318.85,319.69,315.55,317.6,812855.0
2022-12-06,316.44,317.28,310.04,311.81,1064416.0
2022-12-07,311.81,317.71,310.65,317.58,871240.0
2022-12-08,317.55,324.75,316.95,321.32,1147886.0
2022-12-09,319.3,321.15,311.79,312.22,1007771.0
2022-12-12,313.64,315.41,311.14,314.19,1401823.0
2022-12-13,317.0,317.33,306.77,307.09,2006329.0
2022-12-14,305.86,314.8,304.52,312.09,1402466.0
2022-12-15,311.23,312.39,307.14,308.4,1008968.0
2022-12-16,305.46,307.66,302.85,304.8,3091454.0
2022-12-19,301.01,302.59,289.48,291.59,1658203.0
2022-12-20,291.8,296.0,291.3,293.23,1287677.0
2022-12-21,292.1,294.39,289.28,290.55,1539414.0
2022-12-22,290.19,294.34,288.19,293.92,1189228.0
2022-12-23,292.8,294.82,288.07,289.69,701171.0
2022-12-27,290.25,291.0,285.99,287.32,671155.0
2022-12-28,287.52,289.68,284.76,285.76,842465.0
2022-12-29,287.22,291.73,285.8,289.08,894812.0
2022-12-30,287.9,289.32,284.4,288.78,1030787.0
2023-01-03,288.0,289.06,283.5,286.02,1100425.0
2023-01-04,288.3,289.29,283.98,286.83,1137569.0
2023-01-05,284.33,290.17,283.9,287.89,1187032.0
2023-01-06,291.57,293.64,288.62,290.21,943550.0
2023-01-09,290.09,291.66,282.21,283.23,1299433.0
2023-01-10,283.0,288.85,282.58,288.75,1038905.0
2023-01-11,289.87,292.89,286.89,292.25,1630425.0
2023-01-12,290.22,296.28,288.72,296.25,1801180.0
2023-01-13,296.39,301.26,295.58,300.94,1448360.0
2023-01-17,303.39,312.35,302.62,311.98,2070743.0
2023-01-18,312.0,312.66,307.06,309.86,2265136.0
2023-01-19,310.03,311.54,302.52,307.94,1551522.0
2023-01-20,306.31,310.46,305.48,309.84,1466215.0
2023-01-23,309.59,312.43,308.53,311.81,1810774.0
2023-01-24,311.8,313.89,309.53,313.57,932319.0
2023-01-25,314.36,315.33,312.0,315.28,1315134.0
2023-01-26,316.1,321.11,314.6,321.02,1301967.0
2023-01-27,321.0,323.67,319.58,321.45,1288678.0
2023-01-30,321.21,322.69,319.23,319.98,2261752.0
2023-01-31,319.9,325.19,319.9,323.1,1352959.0
2023-02-01,321.5,323.1,312.58,317.27,1237652.0
2023-02-02,315.0,315.77,301.05,303.78,1943953.0
2023-02-03,304.56,306.4,300.75,301.02,1621432.0
2023-02-06,300.0,310.28,299.72,304.87,1295580.0
2023-02-07,303.59,309.44,302.24,308.54,1300784.0
2023-02-08,302.98,303.11,293.09,293.33,2168707.0
2023-02-09,293.1,295.52,289.58,291.6,1798662.0
2023-02-10,291.95,298.49,290.17,297.4,1342135.0
2023-02-13,295.86,300.99,295.53,299.18,1053320.0
2023-02-14,297.47,301.35,295.0,300.25,1190375.0
2023-02-15,299.06,299.57,294.08,298.75,899772.0
2023-02-16,296.17,298.39,291.49,292.04,1039388.0
2023-02-17,291.24,295.69,290.0,293.66,1278127.0
2023-02-21,290.76,295.84,290.76,292.48,1125525.0
2023-02-22,293.08,296.66,290.0,294.36,1010809.0
2023-02-23,293.91,296.26,290.72,292.57,750706.0
2023-02-24,291.13,291.75,286.48,287.37,1085072.0
2023-02-27,286.64,290.05,285.31,287.4,856107.0
2023-02-28,286.22,291.56,285.6,290.29,1510455.0
2023-03-01,289.06,292.6,287.16,291.23,1056449.0
2023-03-02,290.1,293.14,289.57,290.76,766642.0
2023-03-03,290.52,291.2,287.51,290.51,1060275.0
2023-03-06,290.0,294.0,288.88,291.62,1026454.0
2023-03-07,291.7,291.85,285.27,286.58,1057913.0
2023-03-08,285.52,287.11,283.6,285.18,676724.0
2023-03-09,288.3,289.2,284.57,286.88,1000284.0
2023-03-10,286.5,296.39,285.92,287.24,1459286.0
2023-03-13,288.31,296.75,288.31,293.46,1355045.0
2023-03-14,294.52,295.56,290.71,295.25,1095220.0
2023-03-15,295.22,296.22,291.85,294.27,839070.0
2023-03-16,291.36,301.55,290.66,300.64,1120729.0
2023-03-17,300.17,301.23,293.4,295.77,1675984.0
2023-03-20,296.72,300.74,296.09,298.95,767832.0
2023-03-21,301.0,303.44,299.64,302.66,1025553.0
2023-03-22,303.48,303.99,297.75,297.87,774662.0
2023-03-23,301.95,305.47,300.67,304.75,1312778.0
2023-03-24,305.38,315.0,302.87,314.39,2376855.0
2023-03-27,314.68,315.27,307.93,308.47,1114487.0
2023-03-28,310.75,313.33,309.43,313.25,1056846.0
2023-03-29,313.25,316.31,311.41,314.24,1185847.0
2023-03-30,314.75,315.56,310.9,312.16,781367.0
2023-03-31,313.0,315.38,312.1,315.07,1111143.0
2023-04-03,315.0,318.0,313.55,316.33,835086.0
2023-04-04,315.04,318.85,313.47,314.42,952183.0
2023-04-05,316.4,322.1,314.33,321.94,1126115.0
2023-04-06,321.94,324.65,321.13,321.66,912017.0
2023-04-10,321.4,323.45,318.02,323.24,665739.0
2023-04-11,323.76,324.97,321.4,324.83,649781.0
2023-04-12,324.85,327.98,323.98,326.37,988804.0
2023-04-13,326.97,334.09,326.01,333.35,1259455.0
2023-04-14,332.96,334.17,331.36,333.52,931003.0
2023-04-17,335.2,335.2,327.09,327.74,1044932.0
2023-04-18,327.31,328.0,323.38,325.15,957527.0
2023-04-19,326.52,330.14,325.19,328.45,796366.0
2023-04-20,327.32,330.47,326.68,329.15,812316.0
2023-04-21,330.89,335.28,330.25,331.09,925003.0
2023-04-24,331.06,333.86,329.84,332.84,597054.0
2023-04-25,334.56,336.25,331.18,331.93,842401.0
2023-04-26,326.5,327.23,316.43,323.3,1572707.0
2023-04-27,324.5,340.22,324.5,339.37,2518646.0
2023-04-28,338.5,346.29,338.35,340.73,1455487.0
2023-05-01,340.22,345.69,339.78,345.0,1489026.0
2023-05-02,345.0,354.46,344.39,346.03,2002041.0
2023-05-03,349.28,352.23,342.34,346.36,1226436.0
2023-05-04,347.97,349.13,345.01,346.59,927893.0
2023-05-05,346.89,350.54,345.01,348.09,1119456.0
2023-05-08,347.62,347.93,340.79,344.09,707937.0
2023-05-09,343.29,346.49,342.66,344.83,871025.0
2023-05-10,348.0,352.47,346.17,350.04,1199237.0
2023-05-11,350.57,351.6,347.35,350.4,787630.0
2023-05-12,350.42,351.98,345.8,347.41,509235.0
2023-05-15,348.0,351.74,347.03,348.65,690999.0
2023-05-16,347.5,347.93,342.06,345.15,827989.0
2023-05-17,343.9,345.46,334.27,341.2,1073887.0
2023-05-18,341.1,341.1,336.35,339.46,1139535.0
2023-05-19,341.37,345.64,338.09,341.7,942837.0
2023-05-22,344.06,346.0,337.95,339.97,961754.0
2023-05-23,340.5,340.5,332.08,333.51,1381520.0
2023-05-24,335.77,336.57,331.05,333.85,1154068.0
2023-05-25,330.1,333.99,327.59,332.63,1368467.0
2023-05-26,329.23,331.78,325.82,329.99,1850547.0
2023-05-30,329.82,330.07,321.61,325.3,1888327.0
2023-05-31,326.84,328.65,321.7,323.57,5592332.0
2023-06-01,324.47,324.58,320.01,323.62,1342900.0
2023-06-02,323.0,334.53,322.24,333.78,1572791.0
2023-06-05,334.0,335.24,332.0,334.42,1044544.0
2023-06-06,337.98,337.98,328.85,330.41,1089078.0
2023-06-07,329.13,332.0,324.04,324.65,1139749.0
2023-06-08,324.0,334.08,323.02,332.58,1447185.0
2023-06-09,333.53,335.0,328.61,334.11,1066208.0
2023-06-12,335.91,341.08,331.87,340.6,1417155.0
2023-06-13,341.0,344.4,339.2,342.1,986412.0
2023-06-14,342.63,342.63,338.2,340.96,835879.0
2023-06-15,344.2,349.79,341.19,349.08,1230875.0
2023-06-16,350.0,352.19,347.01,347.89,2614528.0
2023-06-20,350.39,350.39,342.3,342.69,1352296.0
2023-06-21,343.58,345.84,341.25,343.28,1239562.0
2023-06-22,344.08,348.59,342.03,348.16,1265589.0
2023-06-23,346.77,347.88,342.45,347.0,1370563.0
2023-06-26,351.25,351.93,341.9,347.45,1464384.0
2023-06-27,348.05,350.08,342.63,347.12,1258051.0
2023-06-28,348.0,351.94,345.03,350.78,1045285.0
2023-06-29,349.51,352.77,347.7,348.18,1050989.0
2023-06-30,349.86,354.94,349.57,351.91,1453335.0
2023-07-03,348.77,348.84,343.85,347.57,688820.0
2023-07-05,347.57,349.99,343.11,348.32,854294.0
2023-07-06,347.0,347.92,344.52,345.76,829747.0
2023-07-07,345.66,345.66,335.82,338.18,1268519.0
2023-07-10,339.02,346.69,339.02,344.46,1008993.0
2023-07-11,342.63,344.79,340.02,341.74,939960.0
2023-07-12,342.78,347.62,341.91,346.06,795780.0
2023-07-13,347.53,349.97,346.09,349.02,756417.0
2023-07-14,348.84,353.4,348.18,352.74,961397.0
2023-07-17,351.74,359.34,351.63,357.98,1244694.0
2023-07-18,356.32,359.33,353.49,358.98,935478.0
2023-07-19,360.44,365.53,358.45,358.57,1000159.0
2023-07-20,360.7,365.56,360.27,361.82,1128081.0
2023-07-21,364.93,367.0,361.42,362.46,4433243.0
2023-07-24,361.82,362.86,355.71,357.05,1170463.0
2023-07-25,355.0,358.47,352.52,358.06,1359981.0
2023-07-26,356.26,356.26,349.54,351.91,1233257.0
2023-07-27,352.38,352.9,348.67,349.64,895570.0
2023-07-28,350.32,355.13,348.89,354.05,728167.0
2023-07-31,353.42,353.6,350.36,352.34,904415.0
2023-08-01,351.42,352.47,345.69,347.74,1422320.0
2023-08-02,350.0,360.98,344.23,358.4,2182993.0
2023-08-03,355.0,356.84,347.08,347.74,1177177.0
2023-08-04,347.74,348.94,340.2,340.48,1248317.0
2023-08-07,342.52,346.43,340.68,345.32,985976.0
2023-08-08,347.52,349.84,343.29,344.47,788161.0
2023-08-09,345.51,347.69,342.7,345.11,740456.0
2023-08-10,345.79,350.71,345.36,347.38,632661.0
2023-08-11,347.38,350.52,346.82,349.86,726027.0
2023-08-14,348.77,351.93,348.0,349.37,557843.0
2023-08-15,349.37,351.83,348.02,349.78,516942.0
2023-08-16,348.76,350.42,342.64,343.41,649388.0
2023-08-17,344.21,345.63,342.27,343.87,889941.0
2023-08-18,343.4,347.44,342.42,344.82,803343.0
2023-08-21,344.77,351.23,344.44,350.74,1049773.0
2023-08-22,349.91,352.63,348.24,350.4,613868.0
2023-08-23,354.37,355.9,350.2,350.6,507031.0
2023-08-24,351.29,352.77,346.56,346.77,704388.0
2023-08-25,347.94,350.87,345.36,350.06,697923.0
2023-08-28,352.41,353.17,350.0,351.6,552498.0
2023-08-29,350.46,353.18,349.11,351.26,882662.0
2023-08-30,353.0,354.6,349.89,350.76,640479.0
2023-08-31,349.85,350.66,346.57,348.34,1025982.0
2023-09-01,352.31,352.74,350.18,351.1,764169.0
2023-09-05,352.66,353.42,347.5,348.26,771140.0
2023-09-06,347.82,347.98,340.83,344.32,1148876.0
2023-09-07,345.77,348.56,343.74,343.96,1452584.0
2023-09-08,344.3,347.35,342.06,343.05,1275315.0
2023-09-11,343.71,348.85,343.05,347.22,725693.0
2023-09-12,348.27,348.99,345.36,346.55,642409.0
2023-09-13,346.0,349.51,345.53,346.84,739521.0
2023-09-14,347.49,351.21,346.56,349.42,775218.0
2023-09-15,351.26,352.74,348.07,348.9,1741581.0
2023-09-18,350.37,352.83,347.2,352.0,628333.0
2023-09-19,351.0,358.51,350.5,358.26,800768.0
2023-09-20,358.59,358.59,352.18,352.31,903947.0
2023-09-21,351.11,355.95,350.25,354.28,1061158.0
2023-09-22,351.76,355.25,348.41,349.53,938793.0
2023-09-25,350.81,350.81,344.62,350.67,698146.0
2023-09-26,350.0,352.54,349.17,351.69,633698.0
2023-09-27,351.31,352.91,347.52,349.65,860561.0
2023-09-28,351.14,354.52,350.62,352.5,578927.0
2023-09-29,351.94,354.18,347.26,347.74,896813.0
2023-10-02,346.76,348.07,342.62,347.83,750290.0
2023-10-03,345.28,347.79,341.85,345.15,784764.0
2023-10-04,346.72,353.7,345.1,352.97,895597.0
2023-10-05,353.38,355.77,351.23,355.14,670966.0
2023-10-06,354.61,362.99,352.25,360.62,1147970.0
2023-10-09,361.22,363.48,353.62,355.2,1429404.0
2023-10-10,355.0,362.4,352.62,360.57,966601.0
2023-10-11,362.24,365.27,359.14,365.25,1184670.0
2023-10-12,365.5,370.64,365.5,368.0,1303939.0
2023-10-13,368.57,372.78,367.18,371.0,1360686.0
2023-10-16,372.12,374.45,371.05,374.0,1767641.0
2023-10-17,373.25,375.93,372.58,373.5,1674504.0
2023-10-18,372.43,375.65,366.68,367.55,1516832.0
2023-10-19,367.55,369.67,361.72,364.8,1514747.0
2023-10-20,365.85,367.48,361.59,361.86,1389443.0
2023-10-23,363.25,368.15,360.46,367.66,1566048.0
2023-10-24,365.63,371.02,364.58,369.38,997357.0
2023-10-25,369.21,370.0,360.91,363.04,958005.0
2023-10-26,362.03,365.66,360.02,361.28,942228.0
2023-10-27,360.61,362.31,353.76,355.28,910755.0
2023-10-30,357.15,358.97,355.58,357.45,872381.0
2023-10-31,356.52,363.1,353.13,362.11,987826.0
2023-11-01,364.95,370.71,363.22,369.33,1003561.0
2023-11-02,371.0,376.84,367.73,376.55,1138117.0
2023-11-03,379.64,381.0,375.85,376.2,1456926.0
2023-11-06,379.27,387.42,379.27,385.76,1998966.0
2023-11-07,377.13,385.48,370.18,378.25,1930351.0
2023-11-08,380.61,380.78,371.77,376.96,1276567.0
2023-11-09,377.33,377.74,367.02,368.57,1207057.0
2023-11-10,372.79,375.88,369.57,373.65,1316049.0
2023-11-13,372.23,379.09,371.75,378.92,957372.0
2023-11-14,380.82,381.59,369.33,369.95,1578151.0
2023-11-15,369.92,370.07,348.54,349.34,3234868.0
2023-11-16,350.72,352.06,341.9,343.0,3094457.0
2023-11-17,346.26,351.62,342.64,350.5,2035393.0
2023-11-20,351.14,357.41,349.32,356.84,1520572.0
2023-11-21,357.9,358.2,351.32,354.78,1227065.0
2023-11-22,357.06,358.5,350.03,353.23,913465.0
2023-11-24,355.45,355.45,350.44,353.04,658708.0
2023-11-27,354.9,354.9,349.16,350.19,1308575.0
2023-11-28,350.32,353.03,346.29,347.04,1154122.0
2023-11-29,347.5,353.6,346.68,351.0,1497318.0
2023-11-30,352.79,355.37,350.19,354.81,1636953.0
2023-12-01,355.11,356.71,350.23,351.16,1135104.0
2023-12-04,348.36,352.9,347.51,350.63,1469512.0
2023-12-05,350.06,355.16,349.63,354.15,1113275.0
2023-12-06,356.44,356.44,351.11,353.46,1137711.0
2023-12-07,353.46,355.19,349.29,353.95,865264.0
2023-12-08,354.0,354.35,348.46,350.15,1394568.0
2023-12-11,352.58,357.52,351.44,356.29,1255628.0
2023-12-12,360.0,361.8,355.66,357.73,972386.0
2023-12-13,373.5,406.0,372.8,405.07,6222527.0
2023-12-14,404.1,406.86,396.15,406.6,3124912.0
2023-12-15,408.61,411.6,400.51,410.68,4074866.0
2023-12-18,411.74,413.0,400.23,404.65,1867348.0
2023-12-19,399.77,403.75,395.01,403.14,1595878.0
2023-12-20,402.0,405.99,400.08,400.25,909556.0
2023-12-21,404.16,404.3,398.22,400.63,818269.0
2023-12-22,403.59,406.91,402.35,405.25,804290.0
2023-12-26,406.97,408.52,404.48,407.66,531660.0
2023-12-27,408.65,409.0,405.59,408.05,594117.0
2023-12-28,411.26,412.57,409.0,409.27,735650.0
2023-12-29,409.0,409.61,406.07,406.89,727543.0
2024-01-02,406.32,412.26,403.43,410.91,1269594.0
2024-01-03,412.43,414.43,408.05,410.71,1026557.0
2024-01-04,411.11,418.71,411.11,416.15,1547401.0
2024-01-05,415.01,418.52,414.42,416.5,1000283.0
2024-01-08,416.07,419.28,412.85,419.12,1142395.0
2024-01-09,418.69,422.0,415.64,421.01,1106248.0
2024-01-10,419.89,424.55,418.53,423.76,1192515.0
2024-01-11,422.72,431.1,422.58,430.08,1593086.0
2024-01-12,432.49,434.85,431.14,433.4,1183709.0
2024-01-16,431.78,438.03,430.46,437.49,1787149.0
2024-01-17,437.5,439.77,432.18,433.76,1407725.0
2024-01-18,431.59,434.88,425.41,432.98,1339239.0
2024-01-19,433.52,435.19,429.68,435.02,2586616.0
2024-01-22,437.57,443.82,437.57,440.11,1411437.0
2024-01-23,440.11,441.57,436.31,439.7,779886.0
2024-01-24,436.93,437.39,424.34,427.56,1670882.0
2024-01-25,428.06,431.35,427.06,429.96,1230712.0
2024-01-26,431.03,432.19,428.14,430.17,944509.0
2024-01-29,431.33,436.11,429.35,435.82,1004169.0
2024-01-30,430.0,448.4,429.69,446.08,3330077.0
2024-01-31,441.57,444.07,430.12,433.38,2755392.0
2024-02-01,434.0,435.91,431.0,433.87,1484716.0
2024-02-02,430.0,431.29,424.31,424.68,2181464.0
2024-02-05,424.99,430.93,421.9,428.89,1920031.0
2024-02-06,428.76,430.99,410.8,416.13,4503989.0
2024-02-07,416.74,426.72,416.74,419.08,1989886.0
2024-02-08,420.28,424.48,417.14,423.06,1407382.0
2024-02-09,425.96,425.96,419.51,422.91,1169486.0
2024-02-12,420.24,421.3,415.28,418.53,1368408.0
2024-02-13,417.36,419.42,412.77,416.04,1163878.0
2024-02-14,419.05,420.45,414.26,417.88,1133192.0
2024-02-15,419.16,427.41,418.61,426.29,1473968.0
2024-02-16,427.04,427.04,420.97,422.2,1190380.0
2024-02-20,420.8,425.0,416.16,420.64,1056496.0
2024-02-21,421.77,424.0,414.8,419.63,916847.0
2024-02-22,419.85,429.8,419.85,426.78,1091862.0
2024-02-23,430.0,434.5,429.07,430.11,749859.0
2024-02-26,425.7,434.26,425.7,433.48,787961.0
2024-02-27,434.13,437.0,430.52,430.92,917364.0
2024-02-28,429.6,433.49,425.71,426.97,786555.0
2024-02-29,429.18,429.18,420.24,420.74,1849193.0
2024-03-01,423.2,433.67,422.95,432.76,1102273.0
2024-03-04,432.02,433.99,422.16,424.03,1121467.0
2024-03-05,424.87,425.49,414.04,415.44,1124070.0
2024-03-06,414.23,418.22,410.46,411.85,1222513.0
2024-03-07,415.11,418.32,410.23,410.54,923326.0
2024-03-08,412.34,416.25,410.95,413.59,814943.0
2024-03-11,414.0,416.7,409.52,414.47,1263470.0
2024-03-12,413.0,416.11,409.02,412.45,888995.0
2024-03-13,414.46,415.92,410.39,413.2,764712.0
2024-03-14,414.01,414.98,407.08,408.77,1031358.0
2024-03-15,410.1,411.64,406.97,407.69,1905702.0
2024-03-18,410.49,415.5,409.24,411.38,926467.0
2024-03-19,412.51,415.7,411.1,415.2,859933.0
2024-03-20,414.37,414.51,409.02,412.11,796425.0
2024-03-21,415.61,419.26,414.0,415.71,895298.0
2024-03-22,417.75,417.75,412.19,415.66,821734.0
2024-03-25,415.66,418.28,414.97,416.03,732827.0
2024-03-26,417.38,419.55,414.86,418.46,952561.0
2024-03-27,420.3,420.42,412.65,417.32,905446.0
2024-03-28,419.48,420.67,415.06,418.01,1092126.0
2024-04-01,420.43,421.45,414.74,420.48,767752.0
2024-04-02,419.0,420.87,406.73,409.42,974829.0
2024-04-03,409.4,414.95,408.25,408.81,728985.0
2024-04-04,412.64,412.64,403.15,404.01,957469.0
2024-04-05,403.77,409.93,400.83,406.67,695728.0
2024-04-08,403.45,404.6,399.0,404.22,751935.0
2024-04-09,406.0,406.45,399.3,404.48,727107.0
2024-04-10,399.89,401.0,394.81,397.58,1026680.0
2024-04-11,404.3,404.69,398.85,400.23,1060331.0
2024-04-12,396.57,400.14,393.76,396.55,1200426.0
2024-04-15,400.0,402.49,396.69,397.36,1373702.0
2024-04-16,396.88,398.49,392.81,394.17,695469.0
2024-04-17,394.94,398.11,392.03,393.1,881020.0
2024-04-18,394.19,396.14,391.01,393.48,949091.0
2024-04-19,394.72,396.98,391.25,394.28,1342138.0
2024-04-22,397.3,406.34,396.0,399.92,1393886.0
2024-04-23,404.0,406.86,403.47,404.91,1070343.0
2024-04-24,404.5,406.83,399.29,400.76,806473.0
2024-04-25,402.44,403.88,393.0,397.7,787700.0
2024-04-26,393.52,399.68,393.49,397.48,682467.0
2024-04-29,397.48,399.31,394.35,396.2,604570.0
2024-04-30,396.2,396.69,391.7,392.81,1727934.0
2024-05-01,393.0,406.95,392.47,402.14,1256483.0
2024-05-02,402.95,404.07,398.46,400.16,1051248.0
2024-05-03,401.5,405.67,397.59,401.08,1064066.0
2024-05-06,402.3,407.59,401.02,402.5,1463611.0
2024-05-07,406.42,415.67,394.03,410.24,1614092.0
2024-05-08,413.33,425.65,412.12,418.82,1651673.0
2024-05-09,419.0,421.18,416.03,418.99,676185.0
2024-05-10,420.67,423.32,417.5,422.78,1064604.0
2024-05-13,425.99,430.52,424.56,429.93,939753.0
2024-05-14,429.07,429.93,422.44,428.59,935891.0
2024-05-15,430.93,439.26,428.62,437.49,1059443.0
2024-05-16,434.95,441.66,432.22,440.64,1215998.0
2024-05-17,442.0,446.1,440.35,445.21,1382490.0
2024-05-20,444.72,447.85,442.98,445.87,742237.0
2024-05-21,446.0,446.39,437.46,442.0,1106759.0
2024-05-22,442.54,449.91,441.4,447.53,1084642.0
2024-05-23,449.58,453.71,446.67,450.8,1554896.0
2024-05-24,451.9,457.66,449.42,456.95,1050952.0
2024-05-28,454.58,454.79,445.22,446.88,1379608.0
2024-05-29,445.56,448.21,440.56,441.13,967463.0
2024-05-30,439.11,443.25,435.57,443.05,975367.0
2024-05-31,444.74,456.91,443.47,455.34,2362709.0
2024-06-03,455.0,471.39,453.73,470.18,1971176.0
2024-06-04,472.57,477.31,467.37,474.95,1112438.0
2024-06-05,475.26,484.45,474.16,483.04,1196706.0
2024-06-06,484.41,485.85,479.02,485.53,1263810.0
2024-06-07,484.45,486.42,480.1,483.04,944440.0
2024-06-10,480.18,485.4,478.51,483.28,1253805.0
2024-06-11,481.82,483.23,478.38,481.53,882034.0
2024-06-12,478.0,481.71,473.51,475.79,1245007.0
2024-06-13,473.5,481.35,472.61,479.03,808498.0
2024-06-14,477.73,483.53,477.73,480.73,641768.0
2024-06-17,479.13,479.15,473.11,473.69,1190217.0
2024-06-18,473.4,476.37,466.51,467.28,1230804.0
2024-06-20,466.18,473.28,463.23,471.38,1409844.0
2024-06-21,464.39,472.56,464.39,468.71,2825832.0
2024-06-24,472.72,477.55,468.12,474.95,1188598.0
2024-06-25,478.3,483.92,471.31,473.82,1195842.0
2024-06-26,471.72,481.14,469.95,474.0,1272331.0
2024-06-27,476.77,477.84,472.11,472.51,959734.0
2024-06-28,473.15,477.31,467.67,468.72,3234634.0
2024-07-01,467.94,478.96,467.86,471.25,950626.0
2024-07-02,469.76,477.93,467.41,473.78,852595.0
2024-07-03,476.38,477.52,466.01,470.28,708683.0
2024-07-05,472.14,476.57,471.76,474.57,848818.0
2024-07-08,473.0,483.0,471.82,481.89,774585.0
2024-07-09,484.53,487.95,480.47,485.99,754018.0
2024-07-10,487.34,491.76,485.77,491.62,855061.0
2024-07-11,491.33,495.23,489.01,492.13,888494.0
2024-07-12,496.06,496.71,488.45,488.74,839838.0
2024-07-15,488.0,494.39,485.86,490.85,827658.0
2024-07-16,493.25,496.93,488.09,488.98,813150.0
2024-07-17,489.95,493.49,478.78,488.37,1697385.0
2024-07-18,488.37,493.28,486.2,488.12,1473013.0
2024-07-19,490.73,495.79,489.07,491.57,1691755.0
2024-07-22,495.35,498.77,491.52,495.91,966173.0
2024-07-23,494.69,495.35,487.98,490.32,821275.0
2024-07-24,488.46,491.99,486.25,490.8,967464.0
2024-07-25,494.0,503.99,490.7,492.26,990474.0
2024-07-26,493.7,502.97,492.17,495.26,774126.0
2024-07-29,495.12,501.57,493.85,498.15,694587.0
2024-07-30,499.7,506.15,498.6,502.6,1036515.0
2024-07-31,507.04,507.8,495.29,495.72,1351619.0
2024-08-01,495.85,510.64,495.85,505.78,1893044.0
2024-08-02,491.5,508.65,491.0,494.46,1554817.0
2024-08-05,470.0,483.81,463.38,476.91,2231420.0
2024-08-06,474.01,481.7,472.8,474.29,1626394.0
2024-08-07,476.75,477.9,465.45,465.89,1650242.0
2024-08-08,466.29,472.66,463.82,465.96,1545062.0
2024-08-09,465.05,469.43,462.13,468.45,791680.0
2024-08-12,466.96,467.55,462.28,464.51,828404.0
2024-08-13,463.49,469.27,458.04,467.59,1141527.0
2024-08-14,465.34,471.96,463.51,471.44,1068139.0
2024-08-15,471.44,475.29,468.66,472.0,1307215.0
2024-08-16,474.03,477.67,469.91,477.37,1181337.0
2024-08-19,477.01,488.39,476.0,488.05,895898.0
2024-08-20,488.72,491.12,483.53,487.37,921816.0
2024-08-21,489.27,491.88,485.97,486.11,810296.0
2024-08-22,486.47,488.44,479.71,479.89,1112379.0
2024-08-23,482.39,486.77,481.19,481.24,999698.0
2024-08-26,481.98,485.0,481.46,482.64,877660.0
2024-08-27,483.08,483.45,476.38,480.3,1062192.0
2024-08-28,481.89,493.94,480.05,489.73,942358.0
2024-08-29,487.93,497.5,487.93,493.35,706711.0
2024-08-30,495.67,500.25,492.29,495.89,1809680.0
2024-09-03,492.65,493.0,474.58,475.7,1783073.0
2024-09-04,476.82,480.14,472.83,478.57,872268.0
2024-09-05,477.73,477.73,463.41,468.57,832973.0
2024-09-06,467.92,471.89,463.04,468.0,1090355.0
2024-09-09,472.23,473.68,468.96,471.11,775633.0
2024-09-10,471.53,473.11,466.03,470.78,720096.0
2024-09-11,469.07,476.11,460.69,474.74,947550.0
2024-09-12,474.74,479.51,468.46,478.65,738368.0
2024-09-13,480.0,486.06,478.75,485.37,700870.0
2024-09-16,490.0,490.15,483.95,489.43,695534.0
2024-09-17,486.42,487.23,477.17,481.26,1266239.0
2024-09-18,483.34,483.78,473.75,474.16,868204.0
2024-09-19,475.5,483.98,475.5,477.9,939955.0
2024-09-20,474.36,474.93,463.81,464.92,2238743.0
2024-09-23,464.92,465.75,458.55,460.0,975049.0
2024-09-24,459.59,466.08,456.07,462.99,1416447.0
2024-09-25,463.09,464.88,458.54,461.76,778341.0
2024-09-26,462.08,465.32,458.1,463.15,948180.0
2024-09-27,466.01,467.57,461.49,462.88,710761.0
2024-09-30,463.16,467.57,461.41,465.08,807962.0
2024-10-01,472.0,472.31,461.36,469.76,1128879.0
2024-10-02,462.6,468.07,460.55,462.14,897239.0
2024-10-03,460.0,462.13,452.26,453.55,992854.0
2024-10-04,454.98,458.14,452.62,455.31,781799.0
2024-10-07,454.17,454.36,447.7,448.6,914059.0
2024-10-08,452.03,459.87,451.11,458.94,1315495.0
2024-10-09,460.0,468.16,456.16,467.97,1007042.0
2024-10-10,466.0,477.0,464.85,476.15,1083365.0
2024-10-11,478.53,482.89,475.87,481.71,940274.0
2024-10-14,481.64,487.09,478.9,484.82,743902.0
2024-10-15,487.01,488.0,480.79,484.3,1250974.0
2024-10-16,482.65,488.48,480.7,487.25,725082.0
2024-10-17,490.0,499.09,487.96,498.73,1018894.0
2024-10-18,498.3,498.63,480.79,483.0,2260056.0
2024-10-21,481.04,487.88,477.66,478.09,689638.0
2024-10-22,479.43,482.87,473.58,474.91,1132762.0
2024-10-23,474.47,477.47,464.78,470.05,991373.0
2024-10-24,473.35,477.84,471.87,471.91,674034.0
2024-10-25,477.2,480.41,475.05,477.7,1019702.0
2024-10-28,477.95,478.32,474.68,476.37,501452.0
2024-10-29,476.33,478.06,469.62,470.36,999658.0
2024-10-30,470.44,475.46,468.47,475.08,721967.0
2024-10-31,471.58,477.7,468.98,475.98,1376037.0
2024-11-01,471.06,475.73,463.14,471.12,1352751.0
2024-11-04,474.1,475.48,468.77,472.8,1247982.0
2024-11-05,483.0,503.2,474.0,499.88,1723251.0
2024-11-06,505.35,506.65,485.29,493.64,1648744.0
2024-11-07,493.7,504.31,486.64,502.45,992325.0
2024-11-08,507.17,519.88,504.94,516.74,1259505.0
2024-11-11,518.27,518.35,500.13,501.72,1335553.0
2024-11-12,503.93,508.04,489.02,490.0,1364593.0
2024-11-13,491.34,498.25,491.03,494.61,1079483.0
2024-11-14,495.62,496.33,483.55,483.96,1231557.0
2024-11-15,478.56,479.93,458.1,465.7,2581391.0
2024-11-18,465.19,468.88,458.05,467.01,1129334.0
2024-11-19,462.8,463.9,447.14,448.01,2191215.0
2024-11-20,448.46,451.76,445.38,451.23,1651184.0
2024-11-21,454.24,455.43,445.0,450.37,1507791.0
2024-11-22,454.3,457.54,449.04,450.97,1270384.0
2024-11-25,456.58,462.95,455.83,461.71,2168316.0
2024-11-26,464.0,467.96,459.07,467.07,1327768.0
2024-11-27,464.81,470.42,462.01,464.56,1006928.0
2024-11-29,464.0,470.93,462.33,468.13,770568.0
2024-12-02,469.0,469.0,463.05,465.73,960021.0
2024-12-03,462.86,468.51,455.01,456.97,1181804.0
2024-12-04,454.72,464.87,450.0,463.98,1220618.0
2024-12-05,461.35,467.06,457.96,459.92,1183850.0
2024-12-06,458.06,465.9,456.86,462.1,1115377.0
2024-12-09,467.33,476.02,467.0,473.98,1260636.0
2024-12-10,473.04,476.46,465.12,469.22,865214.0
2024-12-11,472.31,472.33,460.74,468.29,1043840.0
2024-12-12,466.52,470.25,460.05,464.12,958587.0
2024-12-13,462.33,466.71,459.79,463.73,1097110.0
2024-12-16,463.37,470.08,462.12,468.09,1511252.0
2024-12-17,468.07,474.18,465.62,469.24,1304829.0
2024-12-18,467.06,471.05,445.87,447.5,1761042.0
2024-12-19,391.0,404.04,377.85,396.64,8208717.0
2024-12-20,395.72,401.31,386.49,397.27,6203131.0
2024-12-23,391.87,405.93,390.92,405.27,2204467.0
2024-12-24,403.0,410.68,401.27,408.18,1468555.0
2024-12-26,407.2,411.29,406.02,410.65,1191539.0
2024-12-27,405.26,410.98,404.49,408.76,1373494.0
2024-12-30,404.54,407.35,399.06,399.35,1455983.0
2024-12-31,399.63,404.99,399.63,402.7,1048120.0
2025-01-02,403.14,409.6,402.72,405.76,1277867.0
2025-01-03,406.99,411.65,406.4,407.11,1087154.0
2025-01-06,401.31,404.74,399.0,402.49,2176538.0
2025-01-07,403.5,410.81,401.54,408.32,1679927.0
2025-01-08,410.71,412.36,407.24,412.11,1173858.0
2025-01-10,406.17,413.52,405.17,409.56,1687867.0
2025-01-13,408.0,416.55,397.24,413.37,1859728.0
2025-01-14,414.93,414.93,408.02,411.66,1376367.0
2025-01-15,414.53,425.49,414.53,424.26,1722228.0
2025-01-16,423.41,424.58,415.15,416.96,1226092.0
2025-01-17,422.73,428.25,419.27,422.0,1773554.0
2025-01-21,427.94,430.53,423.49,427.89,1561126.0
2025-01-22,427.89,432.6,424.65,428.0,1215748.0
2025-01-23,429.25,442.89,424.54,439.73,1658390.0
2025-01-24,438.73,442.66,436.61,439.62,1647884.0
2025-01-27,436.72,447.72,435.33,443.88,1613622.0
2025-01-28,443.88,446.98,438.01,440.68,1159684.0
2025-01-29,437.74,442.92,430.81,441.52,1026507.0
2025-01-30,443.56,444.27,435.0,438.4,1167337.0
2025-01-31,454.17,472.04,447.2,461.68,3648821.0
2025-02-03,463.36,473.07,458.73,470.37,2189246.0
2025-02-04,468.04,482.74,467.3,482.28,2029543.0
2025-02-05,484.26,491.8,481.7,488.44,1558001.0
2025-02-06,488.76,488.76,478.81,481.16,1010848.0
2025-02-07,483.08,483.08,468.7,469.32,1192355.0
2025-02-10,473.02,473.02,464.01,469.97,1759598.0
2025-02-11,459.51,468.19,452.49,455.22,1561257.0
2025-02-12,451.83,455.66,446.0,453.2,1137957.0
2025-02-13,454.83,465.68,450.6,462.58,1350284.0
2025-02-14,463.51,469.55,457.36,459.0,995204.0
2025-02-18,455.06,467.86,451.99,462.11,1405517.0
2025-02-19,463.12,472.12,461.91,471.76,1454686.0
2025-02-20,474.01,481.18,472.8,480.33,1576519.0
2025-02-21,481.99,487.38,479.69,484.24,1444082.0
2025-02-24,482.84,487.5,479.05,481.65,1245588.0
2025-02-25,480.95,486.14,476.26,480.35,1199568.0
2025-02-26,479.93,484.98,474.24,479.1,823601.0
2025-02-27,475.34,486.07,473.51,474.5,1054200.0
2025-02-28,478.38,484.98,474.01,479.79,2470731.0
2025-03-03,477.82,490.65,477.73,483.31,1282846.0
2025-03-04,485.49,490.7,480.11,486.22,1195957.0
2025-03-05,485.25,495.54,483.54,491.64,1147351.0
2025-03-06,490.15,491.62,479.78,485.72,1325410.0
2025-03-07,485.71,492.34,482.82,488.29,1198359.0
2025-03-10,483.39,503.89,480.38,500.01,1796715.0
2025-03-11,496.86,497.5,480.28,488.34,1389925.0
2025-03-12,484.62,496.64,483.09,495.42,1368972.0
2025-03-13,493.79,512.75,488.0,502.92,1699817.0
2025-03-14,506.18,519.68,502.26,504.77,1386928.0
2025-03-17,505.2,517.2,504.0,513.76,1108941.0
2025-03-18,510.3,516.5,508.52,512.23,1335442.0
2025-03-19,512.01,514.82,505.0,512.52,1124158.0
2025-03-20,509.99,515.67,505.49,510.18,1064713.0
2025-03-21,505.42,510.08,501.07,503.2,2280547.0
2025-03-24,505.0,513.97,501.0,511.74,1237637.0
2025-03-25,513.0,513.0,503.98,509.04,1006610.0
2025-03-26,506.16,508.64,497.78,500.28,1328812.0
2025-03-27,501.8,506.54,498.59,502.55,1233885.0
2025-03-28,504.79,504.79,491.37,492.69,1281012.0
2025-03-31,485.79,487.12,471.5,484.82,2231875.0
2025-04-01,486.27,491.93,480.95,484.74,1249536.0
2025-04-02,481.64,487.92,480.42,483.49,988397.0
2025-04-03,478.0,494.48,478.0,484.01,2064214.0
2025-04-04,484.75,499.07,473.64,474.62,2884452.0
2025-04-07,465.93,481.74,448.14,474.56,2712648.0
2025-04-08,477.17,483.94,466.98,472.37,2391649.0
2025-04-09,460.02,487.15,452.0,482.3,3171701.0
2025-04-10,478.99,480.0,455.68,475.49,2252515.0
2025-04-11,479.21,486.97,468.3,484.22,1574307.0
2025-04-14,487.01,498.64,484.2,495.83,1362389.0
2025-04-15,499.0,501.91,493.12,500.49,1031054.0
2025-04-16,500.97,502.22,483.43,485.89,1391451.0
2025-04-17,492.23,492.23,485.08,489.1,1205470.0
2025-04-21,488.0,490.83,472.9,477.52,1176467.0
2025-04-22,483.83,491.8,480.56,490.47,1131506.0
2025-04-23,488.27,498.41,484.96,492.42,1247306.0
2025-04-24,492.42,494.1,486.65,492.47,1369113.0
2025-04-25,492.54,494.92,484.5,493.84,1561559.0
2025-04-28,495.4,498.65,490.37,496.49,1503471.0
2025-04-29,494.26,506.96,490.85,503.5,1254969.0
2025-04-30,500.8,510.77,497.34,509.5,1445874.0
2025-05-01,505.7,507.75,498.2,498.86,1452279.0
2025-05-02,505.67,509.0,498.03,501.15,1653616.0
2025-05-05,501.45,505.61,498.02,500.19,1669638.0
2025-05-06,462.78,467.85,428.55,450.03,8000682.0
2025-05-07,447.52,449.0,432.29,434.82,3997462.0
2025-05-08,429.9,432.14,423.4,429.6,2940973.0
2025-05-09,429.6,434.93,424.8,424.99,1642317.0
2025-05-12,425.3,441.1,423.2,439.37,2095350.0
2025-05-13,438.08,442.12,429.54,432.0,2645767.0
2025-05-14,432.0,433.41,416.6,421.16,2058665.0
2025-05-15,424.69,434.42,421.76,434.38,1935671.0
2025-05-16,436.9,438.95,429.94,438.65,1505319.0
2025-05-19,435.69,441.62,435.15,440.66,1182816.0
2025-05-20,438.95,448.0,438.95,447.18,1510647.0
2025-05-21,444.27,445.16,433.77,435.32,1427347.0
2025-05-22,435.76,437.0,429.55,434.03,1618291.0
2025-05-23,427.0,436.59,427.0,436.0,1427494.0
2025-05-27,440.1,447.47,437.33,446.0,2048372.0
2025-05-28,446.4,451.64,443.4,445.1,1209533.0
2025-05-29,444.61,449.22,442.76,447.09,882693.0
2025-05-30,448.0,448.0,439.37,442.05,2581744.0
2025-06-02,441.27,447.98,439.54,445.43,1179283.0
2025-06-03,443.62,449.85,439.54,446.48,1683406.0
2025-06-04,448.04,453.87,445.84,445.85,840219.0
2025-06-05,445.01,447.48,437.45,443.82,1400553.0
2025-06-06,443.83,451.66,443.83,450.5,960500.0
2025-06-09,450.78,451.52,444.84,446.15,912586.0
2025-06-10,442.45,455.64,441.92,451.52,1286958.0
2025-06-11,451.0,460.33,450.13,452.44,1016621.0
2025-06-12,453.19,460.06,451.94,460.06,1074625.0
2025-06-13,455.39,460.1,454.0,455.45,1021563.0
2025-06-16,458.32,458.32,448.71,450.91,1030124.0
2025-06-17,449.43,452.71,440.75,441.99,1363520.0
2025-06-18,449.9,451.63,440.0,448.4,1380456.0
2025-06-20,451.26,451.81,436.8,440.87,2167405.0
2025-06-23,441.69,445.0,439.57,443.54,950068.0
2025-06-24,445.0,451.88,441.0,450.27,1068028.0
2025-06-25,452.0,452.0,442.76,445.82,1077249.0
2025-06-26,445.82,446.18,441.13,443.4,1169253.0
2025-06-27,444.58,446.62,440.5,441.3,3615487.0
2025-06-30,440.45,446.45,439.23,445.2,1114747.0
2025-07-01,445.5,456.97,443.49,452.16,1146672.0
2025-07-02,449.81,457.75,448.0,457.03,978365.0
2025-07-03,458.6,461.05,456.58,459.62,763957.0
2025-07-07,459.35,461.24,455.79,459.41,1589764.0
2025-07-08,457.73,470.34,456.77,466.36,1103845.0
2025-07-09,468.09,479.34,466.79,478.96,1044895.0
2025-07-10,477.62,484.56,475.91,479.53,932755.0
2025-07-11,476.49,478.27,467.97,468.85,892841.0
2025-07-14,467.69,475.27,467.0,472.35,730162.0
2025-07-15,473.0,475.29,463.4,464.2,988192.0
2025-07-16,465.1,470.94,465.1,469.55,785466.0
2025-07-17,466.32,472.22,461.86,463.27,1252010.0
2025-07-18,467.44,467.44,458.14,459.81,975145.0
2025-07-21,459.81,462.31,456.83,458.49,801137.0
2025-07-22,461.03,470.8,458.88,470.13,1005498.0
2025-07-23,472.54,478.74,471.3,476.95,909314.0
2025-07-24,477.14,480.0,472.03,472.27,907940.0
2025-07-25,473.31,473.31,465.84,469.65,1176917.0
2025-07-28,467.85,471.0,460.73,460.83,2107378.0
2025-07-29,463.11,468.98,460.55,468.41,1151428.0
2025-07-30,471.2,474.76,466.8,469.16,993276.0
2025-07-31,465.29,470.59,455.45,456.87,1480196.0
2025-08-01,457.39,464.23,453.51,462.13,1857348.0
2025-08-04,466.51,473.37,462.06,472.27,2326770.0
2025-08-05,408.22,414.88,373.19,374.98,10729396.0
2025-08-06,375.76,390.56,372.35,385.65,4726577.0
2025-08-07,385.0,388.32,374.45,375.63,3995538.0
2025-08-08,377.03,381.0,364.66,366.54,3680284.0
2025-08-11,362.97,380.2,362.5,374.46,2792708.0
2025-08-12,376.02,388.25,375.0,387.77,2044598.0
2025-08-13,391.46,396.72,386.79,395.92,1913811.0
2025-08-14,396.14,396.14,388.71,390.3,1703775.0
2025-08-15,391.49,395.76,388.71,392.79,1408940.0
2025-08-18,392.8,395.61,389.2,389.88,1382510.0
2025-08-19,389.66,395.84,388.92,390.76,1700021.0
2025-08-20,392.42,400.94,391.95,394.36,1669746.0
2025-08-21,394.78,399.0,393.86,397.46,1852098.0
2025-08-22,400.0,403.58,394.32,395.12,1404020.0
2025-08-25,395.52,396.13,387.6,388.94,1175449.0
2025-08-26,387.0,390.54,383.64,387.18,1907306.0
2025-08-27,386.69,390.37,385.99,389.08,1911387.0
2025-08-28,389.24,392.45,388.0,392.05,1526147.0
2025-08-29,392.13,394.53,389.39,391.02,1310033.0
2025-09-02,391.02,401.55,390.51,401.0,1859382.0
2025-09-03,400.09,402.39,393.05,396.62,1250915.0
2025-09-04,397.54,400.36,394.75,396.93,1053094.0
2025-09-05,397.87,402.74,393.43,396.12,1171303.0
2025-09-08,395.28,396.0,390.98,395.25,1365571.0
2025-09-09,395.0,397.31,391.71,396.48,946768.0
2025-09-10,396.17,396.86,387.19,388.55,1512767.0
2025-09-11,388.3,398.5,388.3,397.37,1330247.0
2025-09-12,394.68,396.83,393.17,394.53,978686.0
2025-09-15,393.0,398.29,391.93,393.21,1404793.0
2025-09-16,392.59,395.45,386.32,391.36,1698401.0
2025-09-17,392.94,396.31,386.44,387.15,2041392.0
2025-09-18,389.69,390.66,384.87,387.11,1979821.0
2025-09-19,388.99,389.46,382.6,383.12,3394221.0
2025-09-22,384.07,386.08,381.61,383.13,1484912.0
2025-09-23,381.59,383.5,376.0,379.72,1568917.0
2025-09-24,377.56,380.73,374.17,376.62,1530847.0
2025-09-25,382.47,387.48,377.02,381.87,2635422.0
2025-09-26,381.91,387.48,379.72,385.73,1838743.0
2025-09-29,386.88,399.1,384.39,395.31,2082433.0
2025-09-30,394.94,397.65,385.86,391.64,2260508.0
2025-10-01,393.62,407.5,392.49,404.21,1995641.0
2025-10-02,404.21,410.99,402.82,408.85,1642232.0
2025-10-03,412.0,412.0,403.04,403.3,1315986.0
2025-10-06,403.31,405.45,400.73,402.9,1191393.0
2025-10-07,400.86,413.29,400.86,410.28,1589483.0
2025-10-08,410.93,422.73,410.02,421.15,1930626.0
2025-10-09,419.31,421.01,414.28,414.86,880586.0
2025-10-10,413.33,414.22,406.1,407.79,1148580.0
2025-10-13,404.21,409.47,402.58,407.37,880933.0
2025-10-14,406.08,415.55,405.45,412.22,1048332.0
2025-10-15,412.17,413.57,407.05,407.9,1273273.0
2025-10-16,408.86,413.31,405.54,408.61,1314376.0
2025-10-17,407.36,419.37,406.76,416.81,1054386.0
2025-10-20,418.17,420.5,414.52,419.1,1083498.0
2025-10-21,417.57,426.97,417.57,426.27,1075953.0
2025-10-22,426.27,431.81,421.94,426.44,1697244.0
2025-10-23,427.85,432.76,421.26,422.63,1760904.0
2025-10-24,423.41,425.86,420.6,421.39,1004920.0
2025-10-27,422.0,423.61,418.76,420.17,1261917.0
2025-10-28,419.98,422.57,417.36,422.39,1219402.0
2025-10-29,418.02,422.98,415.77,417.21,1325187.0
2025-10-30,417.19,422.95,415.0,419.89,1234430.0
2025-10-31,416.28,426.96,415.76,425.57,1499268.0
2025-11-03,428.18,430.1,418.6,426.0,1939051.0
2025-11-04,419.0,430.71,403.16,421.67,2365549.0
2025-11-05,417.7,427.18,410.45,417.0,1421053.0
2025-11-06,414.1,424.25,410.29,416.25,1332003.0
2025-11-07,415.61,416.27,406.67,409.47,1357940.0
2025-11-10,412.38,422.23,410.5,421.2,1494401.0
2025-11-11,423.3,429.48,417.12,429.22,990097.0
2025-11-12,429.69,435.94,425.46,434.19,1365360.0
2025-11-13,434.02,441.23,430.66,434.52,1560129.0
2025-11-14,440.37,442.22,433.67,437.15,1264988.0
2025-11-17,434.58,439.99,432.24,434.02,1304724.0
2025-11-18,433.34,437.79,430.15,435.52,1084330.0
2025-11-19,432.43,434.93,418.53,421.03,1545529.0
2025-11-20,420.84,431.13,420.0,422.32,1189330.0
2025-11-21,423.13,435.85,421.87,426.76,1917729.0
2025-11-24,426.23,432.55,423.87,424.0,2222954.0
2025-11-25,425.92,431.5,424.12,429.82,1550242.0
2025-11-26,432.43,433.32,428.07,432.17,1152077.0
2025-11-28,432.47,434.67,429.07,433.61,727908.0
2025-12-01,431.92,434.0,423.45,425.6,1174298.0
2025-12-02,427.33,435.2,424.06,433.15,1399828.0
2025-12-03,440.31,463.85,439.35,463.13,2542611.0
2025-12-04,462.0,463.7,453.54,457.36,1518932.0
2025-12-05,457.52,462.0,454.45,455.48,911424.0
2025-12-08,456.25,457.17,439.8,442.04,1504581.0
2025-12-09,442.55,448.28,436.49,437.01,989612.0
2025-12-10,438.81,446.28,433.81,444.64,999755.0
2025-12-11,445.65,448.33,442.07,445.93,1178366.0
2025-12-12,444.81,456.0,444.81,452.04,1621663.0
2025-12-15,454.28,456.46,449.48,455.71,1337358.0
2025-12-16,455.71,459.05,452.83,454.96,1258691.0
2025-12-17,453.83,456.05,447.31,449.52,1349824.0
2025-12-18,449.74,452.63,445.41,447.38,1056928.0
2025-12-19,446.86,460.4,445.51,456.2,5558133.0
2025-12-22,453.1,460.94,453.03,460.31,919586.0
2025-12-23,460.48,461.49,457.04,459.21,768534.0
2025-12-24,459.39,464.44,459.08,462.99,310231.0
2025-12-26,462.67,463.65,460.86,462.9,388095.0
2025-12-29,463.0,463.55,457.45,459.78,628247.0
2025-12-30,456.83,458.36,453.4,453.74,686179.0
2025-12-31,451.75,455.92,451.75,453.36,692988.0
2026-01-02,454.34,455.99,448.52,452.13,825333.0
2026-01-05,448.83,450.72,443.12,448.8,931443.0
2026-01-06,454.85,471.28,453.69,468.38,2078373.0
2026-01-07,469.12,487.52,467.46,484.15,1723842.0
2026-01-08,480.77,485.69,465.28,469.68,2115157.0
2026-01-09,467.73,475.33,463.39,463.86,1700271.0
2026-01-12,461.07,464.59,454.54,460.59,1350714.0
2026-01-13,460.0,462.42,452.91,454.67,1346146.0
2026-01-14,454.58,455.03,446.01,449.53,1295520.0
2026-01-15,448.79,450.44,436.69,438.92,1215021.0
2026-01-16,440.46,445.77,437.46,441.36,2047432.0
2026-01-20,432.86,442.38,429.0,442.08,1811384.0
2026-01-21,440.54,465.14,439.91,461.14,2289638.0
2026-01-22,465.38,472.58,458.31,467.35,1535068.0
2026-01-23,465.23,470.34,462.73,468.41,1330042.0
2026-01-26,470.79,479.1,468.43,476.84,1668198.0
2026-01-27,476.8,485.0,470.49,474.17,1631944.0
2026-01-28,474.09,479.5,469.5,477.91,1089266.0
2026-01-29,479.03,484.35,473.86,475.68,1498282.0
2026-01-30,471.18,475.67,468.0,469.9,1190465.0
2026-02-02,465.65,473.74,464.01,472.01,759711.0
2026-02-03,471.95,476.83,461.52,465.61,1051140.0
2026-02-04,470.49,478.72,467.1,470.52,1362563.0
2026-02-05,473.9,478.0,457.74,458.81,1673029.0
2026-02-06,459.69,478.28,459.0,477.92,1621655.0
2026-02-09,477.21,478.54,467.98,470.87,1794837.0
2026-02-10,471.68,474.57,462.24,463.48,2127907.0
2026-02-11,460.43,464.73,454.4,461.24,1845927.0
2026-02-12,462.0,469.0,460.0,465.02,1818938.0
2026-02-13,472.5,503.88,471.64,491.47,2918342.0
2026-02-17,489.46,494.05,473.45,477.32,1721420.0
2026-02-18,473.68,477.72,466.45,470.31,1662976.0
2026-02-19,469.83,472.24,463.0,469.27,1165802.0
2026-02-20,466.94,479.12,465.0,476.9,1006630.0
2026-02-23,475.08,487.6,475.08,481.01,1241195.0
2026-02-24,479.2,491.22,479.0,487.43,1331564.0
2026-02-25,486.35,492.28,481.71,483.05,820976.0
2026-02-26,483.36,483.63,474.59,480.13,1305617.0
2026-02-27,478.99,497.8,478.99,496.83,1782950.0
2026-03-02,496.6,498.02,484.4,486.03,1034547.0
2026-03-03,478.95,484.1,471.58,474.27,1055962.0
2026-03-04,475.3,480.68,470.42,477.89,996319.0
2026-03-05,475.17,480.0,457.0,460.82,1111965.0
2026-03-06,457.3,460.0,450.67,456.69,1171660.0
2026-03-09,455.59,461.26,450.78,460.87,1179887.0
2026-03-10,482.25,507.92,477.77,499.17,3363817.0
2026-03-11,498.42,499.49,488.79,492.38,2062729.0
2026-03-12,489.97,489.97,476.57,478.13,1607828.0
2026-03-13,481.79,486.66,469.08,469.34,1097554.0
2026-03-16,475.14,476.17,461.13,466.1,1496839.0
2026-03-17,468.4,468.45,461.49,462.49,1512976.0
2026-03-18,462.8,463.96,451.1,451.59,1410794.0
2026-03-19,452.3,459.45,449.75,458.05,1300074.0
2026-03-20,454.62,461.05,452.89,454.0,2200399.0
2026-03-23,458.42,463.78,450.97,451.23,1152213.0
2026-03-24,447.02,452.08,441.2,448.62,1224223.0
2026-03-25,449.14,459.37,449.14,454.97,1200057.0
2026-03-26,450.72,457.54,449.29,453.74,1158222.0
2026-03-27,450.95,451.99,431.01,433.07,1915620.0
2026-03-30,435.72,443.65,432.14,443.16,1961081.0
2026-03-31,443.43,448.35,442.08,446.54,1624941.0
2026-04-01,449.17,453.98,446.71,447.26,1188465.0
2026-04-02,444.54,449.61,436.56,438.71,1244992.0
2026-04-06,437.6,440.9,433.45,434.3,948862.0
2026-04-07,435.5,435.5,425.26,431.86,1029161.0
2026-04-08,436.25,443.99,432.33,443.92,1279267.0
2026-04-09,439.77,447.0,436.35,446.78,1040964.0
2026-04-10,446.0,446.75,434.25,436.27,985779.0
2026-04-13,434.17,445.11,433.68,440.05,1004739.0
2026-04-14,435.28,444.79,435.28,444.28,1445501.0
2026-04-15,444.15,447.82,437.19,441.7,1459489.0
2026-04-16,442.35,445.93,431.15,435.65,1364285.0
2026-04-17,441.55,443.9,437.58,441.2,1025319.0
2026-04-20,441.2,444.01,437.67,439.18,789463.0
2026-04-21,437.12,440.32,429.65,436.59,986971.0
2026-04-22,437.38,441.0,435.45,437.67,734332.0
2026-04-23,440.71,442.04,433.81,435.1,777645.0
2026-04-24,431.89,433.67,427.38,430.29,1128100.0
2026-04-27,427.01,434.07,425.86,426.01,967041.0
2026-04-28,430.26,431.77,426.68,430.14,808540.0
2026-04-29,424.44,426.72,419.71,423.24,1059477.0
2026-04-30,423.65,430.95,423.65,427.38,1121184.0
2026-05-01,425.02,427.38,421.54,423.92,796985.0
2026-05-04,423.75,430.13,422.11,429.85,1418890.0
2026-05-05,434.07,434.07,412.27,424.36,1906343.0
2026-05-06,422.8,431.06,422.67,427.65,1203285.0
2026-05-07,423.59,429.61,423.59,425.0,1112655.0
2026-05-08,422.37,431.94,421.11,429.82,953348.0
2026-05-11,429.5,442.15,428.5,435.17,1264201.0
2026-05-12,439.23,454.23,436.48,448.29,1398283.0
2026-05-13,444.26,455.32,444.26,453.06,1194366.0
2026-05-14,453.64,456.68,447.36,450.41,1088448.0
2026-05-15,453.45,453.45,435.86,436.95,1288893.0
2026-05-18,435.29,440.04,430.25,436.58,1451054.0
2026-05-19,436.79,444.32,433.15,434.31,1219660.0
2026-05-20,434.31,439.98,427.64,430.44,1784847.0
2026-05-21,429.5,434.76,426.01,433.54,1395240.0
2026-05-22,437.07,438.84,432.96,434.52,1746340.0
2026-05-26,437.99,441.99,433.79,435.93,865853.0
2026-05-27,438.52,445.35,435.39,437.22,1164524.0
2026-05-28,435.99,449.29,434.08,447.97,1358231.0
2026-05-29,448.01,450.0,442.25,447.54,1893380.0
2026-06-01,439.91,443.54,433.26,438.4,1115281.0
2026-06-02,432.28,434.0,424.9,425.09,1147095.0
2026-06-03,420.63,429.01,420.01,428.34,1564384.0
2026-06-04,434.95,448.19,433.5,441.74,1362422.0
2026-06-05,446.2,453.16,443.86,446.83,1530180.0
2026-06-08,444.27,448.69,441.72,442.96,1149408.0
2026-06-09,447.82,449.5,440.9,445.77,871497.0
2026-06-10,444.9,447.5,433.8,435.71,1103240.0
2026-06-11,437.51,445.78,435.21,445.04,1233868.0
2026-06-12,445.1,447.7,440.02,444.92,924189.0
2026-06-15,446.68,453.68,439.5,450.46,1482949.0
2026-06-16,452.82,454.55,444.21,453.17,1486576.0
2026-06-17,449.67,464.31,447.54,458.99,1524291.0
2026-06-18,462.17,464.98,450.39,451.63,2993021.0
2026-06-22,456.17,468.18,453.21,466.79,2034573.0
2026-06-23,469.43,470.82,463.76,468.42,1204019.0
2026-06-24,471.38,480.86,469.92,475.2,1549953.0
2026-06-25,475.11,486.48,473.5,480.18,1522567.0
2026-06-26,482.5,503.89,482.2,491.34,8693047.0
2026-06-29,495.83,499.87,487.62,499.65,2055780.0
2026-06-30,500.7,500.99,489.62,496.73,1738335.0
2026-07-01,502.71,502.71,494.8,498.01,1444535.0
2026-07-02,503.76,529.14,501.53,528.04,1855943.0
2026-07-06,526.66,529.99,512.34,529.59,1515703.0
2026-07-07,531.0,533.67,512.77,522.25,2292906.0
2026-07-08,523.04,525.81,498.14,498.43,2287222.0
2026-07-09,495.58,500.77,482.11,496.5,2107282.0
2026-07-10,496.32,498.91,484.33,485.39,1430390.0
2026-07-13,486.17,486.17,474.71,480.25,1153856.0
2026-07-14,477.01,481.29,473.18,476.31,1093659.0
2026-07-15,472.15,480.96,469.6,477.08,1192070.0
2026-07-16,480.0,487.3,476.25,486.03,1370959.0
2026-07-17,483.51,496.69,481.98,485.65,1568122.0
2026-07-20,485.65,491.23,478.48,480.5,1101762.0
2026-07-21,478.51,484.99,473.56,482.0,1107414.0
2026-07-22,479.04,483.66,471.58,472.57,1289189.0
2026-07-23,467.09,477.68,465.0,473.09,1306125.0
2026-07-24,474.68,484.0,472.58,477.36,1254156.0
2026-07-27,479.27,487.21,477.99,479.0,1631004.0
2026-07-28,483.13,493.61,482.86,490.39,1700871.0
2026-07-29,492.67,492.99,481.91,483.33,1451920.0
2026-07-30,475.53,482.14,470.54,481.7,1249350.0
2026-07-31,480.67,480.67,469.87,477.1,957709.0
2026-08-03,480.0,483.36,468.14,470.72,1510456.0
2026-08-04,471.29,488.04,465.51,478.7,2026378.0
2026-08-05,487.52,491.95,479.02,484.83,1383067.0
2026-08-06,491.17,492.4,480.86,484.03,1015131.0
2026-08-07,487.11,497.39,482.1,496.07,992491.0
2026-08-10,540.17,546.17,519.82,523.91,2682319.0
2026-08-11,525.02,532.23,522.01,529.65,1065447.0
2026-08-12,527.0,531.22,520.08,525.73,1047017.0
2026-08-13,528.68,529.0,515.74,516.44,863530.0
2026-08-14,513.7,513.7,502.29,505.75,1130504.0
2026-08-17,503.87,517.84,502.53,515.55,1111401.0
2026-08-18,519.51,533.78,517.34,528.19,1497081.0
2026-08-19,534.72,553.69,532.55,552.06,1437713.0
2026-08-20,543.78,548.98,538.27,540.26,1062465.0
2026-08-21,545.1,555.32,540.7,548.05,1074991.0
2026-08-24,548.98,550.61,542.42,547.59,767491.0
2026-08-25,545.53,555.69,543.75,552.85,775039.0
2026-08-26,549.84,553.47,546.23,547.29,834375.0
2026-08-27,542.37,550.83,540.08,547.55,844619.0
2026-08-28,546.1,549.57,540.08,541.69,886917.0
2026-08-31,535.38,546.84,532.23,544.52,1198447.0
2026-09-01,548.6,551.4,545.08,547.65,735119.0
2026-09-02,552.42,558.36,549.07,556.75,1734757.0
2026-09-03,559.0,560.25,551.61,557.96,800963.0
2026-09-04,548.71,556.99,544.48,546.12,803524.0
2026-09-08,530.01,535.0,520.2,528.9,1121470.0
2026-09-09,524.0,528.16,520.08,521.12,958510.0
2026-09-10,518.84,522.6,514.32,514.56,815171.0
2026-09-11,518.42,520.34,512.0,515.65,793429.0
